site,month,hour,mu_a,sigma_a,mu_f,sigma_f,count
wind_24146,1,0,2.6644516129032256,3.04767137408076,3.15199816853469,3.8605235283493093,31
wind_24146,1,1,3.1102901935483867,3.7325735012086803,3.0413151316790423,3.7871674064141443,31
wind_24146,1,2,3.0068424516129033,3.8449407537332303,3.0487788153994155,3.727387390658116,31
wind_24146,1,3,2.934451161290322,3.769297296793157,3.0246764777191455,3.7626524414066123,31
wind_24146,1,4,3.1440612580645153,3.9753028581124394,2.860279915978613,3.7527433757301734,31
wind_24146,1,5,2.987501516129033,3.5428378062211263,2.748364044575334,3.7564937729439394,31
wind_24146,1,6,2.7115313548387103,2.953635751071568,2.602452700938505,3.470856979232148,31
wind_24146,1,7,2.754851516129033,2.8752426794269828,2.413429813195236,3.0147546741402835,31
wind_24146,1,8,2.336555709677419,2.605045064816758,2.5793863416560545,2.7817781889065656,31
wind_24146,1,9,2.0969909677419354,2.5848474922264497,2.252026087451952,2.51839779869034,31
wind_24146,1,10,1.7537736451612902,2.0130134059332465,2.03049589071251,2.512871754099077,31
wind_24146,1,11,1.514221548387097,1.6563127589686042,2.1344814372138576,2.4724379774770764,31
wind_24146,1,12,1.610722580645161,1.8645446830835455,1.8777965246822785,2.024129799616267,31
wind_24146,1,13,1.3618027741935483,1.5839868173688758,1.8816425450050482,2.2433361648210637,31
wind_24146,1,14,1.5681001935483874,1.802145116534578,2.1043941742132124,2.5239111180901603,31
wind_24146,1,15,1.8760532580645162,2.4761127216339185,2.3609900447315053,2.8684278486147745,31
wind_24146,1,16,1.9267743548387102,2.4313739126724014,2.5375120813864207,2.923811651498859,31
wind_24146,1,17,2.0823546451612907,2.885350005566356,2.7201004604915235,3.0639353835137055,31
wind_24146,1,18,2.2489831290322577,3.0011430556797714,2.680544387060669,2.908130641902559,31
wind_24146,1,19,2.209876451612903,2.9765440341460976,2.817193485067496,3.217917950072816,31
wind_24146,1,20,2.7578452903225807,3.4865618803746785,2.818468688339013,3.1569604581377404,31
wind_24146,1,21,2.817640483870968,3.2645777581157915,2.9957214318947805,3.2348879499142322,31
wind_24146,1,22,2.4283628064516125,2.9949897897228563,2.987765323849804,3.4600243142469926,31
wind_24146,1,23,2.811282838709677,3.215156029281732,3.2517935948902132,3.7574813145924986,31
wind_24146,2,0,3.160047275862069,3.9041789671086224,3.5933446410398915,4.065831430895717,29
wind_24146,2,1,3.6082232413793105,4.134699061770998,3.7435020165973514,4.269646497845523,29
wind_24146,2,2,4.009546379310344,4.369636415402875,3.8021207567845523,4.167504848552764,29
wind_24146,2,3,3.970918586206896,4.51352548752847,3.8195336993891726,4.3105221061019705,29
wind_24146,2,4,3.9859477931034486,4.630484961898131,3.751644997774235,4.296772669089063,29
wind_24146,2,5,3.8942561034482757,4.492923312692514,3.940148216308256,4.565289573605209,29
wind_24146,2,6,3.9268803448275866,4.456989373880994,3.8929938651900033,4.390876804578815,29
wind_24146,2,7,4.170857517241379,4.667946033851594,3.894528072081805,4.151768272087191,29
wind_24146,2,8,3.4491817586206897,4.0592758302503436,3.530640351763349,3.9996761820952687,29
wind_24146,2,9,3.4492652068965524,3.9411805379211335,3.5603303973252505,4.0543166855604955,29
wind_24146,2,10,3.5775741724137937,4.190701504683784,3.384437913293134,3.971173820858256,29
wind_24146,2,11,3.250857,4.1369847216776225,3.4607847233129663,4.21363963908573,29
wind_24146,2,12,3.2854358620689657,4.217239038799944,3.444212710106739,4.2478275789820374,29
wind_24146,2,13,3.4690881724137936,4.232533713611733,3.4228909759695716,4.244163276551271,29
wind_24146,2,14,2.9119076896551723,3.482113997128049,3.351980536598893,4.026236515547205,29
wind_24146,2,15,2.800619344827586,3.513027446423,3.398137239150586,4.053311364275859,29
wind_24146,2,16,2.6153909999999994,3.282668785675199,3.365818428296158,4.078785597236704,29
wind_24146,2,17,2.5217623448275863,3.017501205105716,3.259722252425102,3.8288428764761755,29
wind_24146,2,18,2.554494655172414,2.7718901844926696,3.3840386563053704,3.9759460540967653,29
wind_24146,2,19,3.061394517241379,3.1426683121489707,3.4390794658697272,3.8756378476543056,29
wind_24146,2,20,2.6557797586206897,2.9471292735679318,3.2927973358566676,3.6073618442050335,29
wind_24146,2,21,2.487479448275862,2.696093086094085,3.1588618829542705,3.2905265901669796,29
wind_24146,2,22,2.3939439310344826,2.8344884912095556,3.3913053952647694,3.4868631149409564,29
wind_24146,2,23,2.8391544482758624,3.2084424176492954,3.4785497578561784,3.6635594809181495,29
wind_24146,3,0,2.9999319999999994,3.265197580105906,3.6153080443092502,3.8313304192700457,31
wind_24146,3,1,3.4140504516129035,3.781754727062715,3.7861953074651034,3.6560712233045938,31
wind_24146,3,2,3.680613709677419,3.769879332014949,3.835407303943862,3.86038999231075,31
wind_24146,3,3,3.7268001290322577,3.8427995264113872,3.8905835941626976,3.7597608971960983,31
wind_24146,3,4,3.370241483870968,3.7355510543770545,4.347022950769512,3.978606775026339,31
wind_24146,3,5,3.534339677419355,3.936294121064544,3.834408333203988,3.905201031398245,31
wind_24146,3,6,3.3288038387096774,3.6908661124751654,3.6687799126206957,3.8633934064209314,31
wind_24146,3,7,3.171247451612903,3.471091984064053,3.520145593254106,3.478428148152373,31
wind_24146,3,8,2.992729322580645,3.5827338877302473,3.400866144495463,3.724430825137112,31
wind_24146,3,9,3.2529416129032254,3.691671285477647,3.4048625563613686,3.6446529128915857,31
wind_24146,3,10,3.0207928064516127,3.5818993721616503,3.6068530244137293,3.6177169704981176,31
wind_24146,3,11,3.097826548387096,3.508177299918576,3.476557651446169,3.4460377640083477,31
wind_24146,3,12,3.3145835806451616,3.533064583348001,3.5855674495078076,3.5599465988265155,31
wind_24146,3,13,2.850156870967741,3.2945538833965644,3.398135847160909,3.5636629628884293,31
wind_24146,3,14,3.1288296129032256,3.7029693145876923,3.527290774094911,3.621969098830833,31
wind_24146,3,15,2.8660119354838702,3.4044374627824774,3.3204743935905427,3.6178137812169577,31
wind_24146,3,16,2.778341741935484,3.451301803388281,3.407846670453195,3.600974709475264,31
wind_24146,3,17,2.874349225806452,3.4515051150088585,3.5930625312033455,3.715231230699972,31
wind_24146,3,18,2.5794430322580646,3.5458002620233184,3.6021685652155964,3.745330045861232,31
wind_24146,3,19,2.788228483870968,3.600448552465705,3.7788468753357285,3.696708888631177,31
wind_24146,3,20,2.725253161290322,3.5612647525352945,3.4727891580369383,3.3664959470707583,31
wind_24146,3,21,2.906141612903226,3.4203586450834815,3.4271742024738137,3.3126988439206735,31
wind_24146,3,22,2.604043483870967,3.1926773465640803,3.2954123400081974,3.4752192345744386,31
wind_24146,3,23,2.882138322580645,3.430802446830871,3.207059393633557,3.6100412445793335,31
wind_24146,4,0,2.3433216333333333,2.891918564142502,2.5745105717759995,3.3817587855131337,30
wind_24146,4,1,2.4751647333333335,3.19476081042043,2.651970889654639,3.3572122137705733,30
wind_24146,4,2,2.4575651333333335,3.078887905099387,2.87503289504629,3.382767030196303,30
wind_24146,4,3,2.6545598999999998,2.740856417324681,3.1029391169900196,3.4578851829917956,30
wind_24146,4,4,2.3293541000000006,2.3883406287134163,2.762312762061994,3.2297005321043213,30
wind_24146,4,5,2.3805518,2.889142784822998,2.865478393734372,3.358637859646965,30
wind_24146,4,6,2.223078866666667,2.6309781734455626,2.3825146187300517,2.916363852882564,30
wind_24146,4,7,2.4366301,2.794231483223068,2.577732838168875,3.018520457693153,30
wind_24146,4,8,2.4329453666666665,2.818521986517334,2.7259132152588483,3.1323382648648184,30
wind_24146,4,9,2.3230017,2.4846878037854747,2.858686663434801,3.2541640601905586,30
wind_24146,4,10,2.077925033333333,2.2442271168895953,2.833879981737876,3.208301047770276,30
wind_24146,4,11,2.1632906333333333,2.312625168677594,2.8549112263126317,3.1041547608138433,30
wind_24146,4,12,2.3282971,2.7920961321902245,2.835867467473402,3.2406340790819916,30
wind_24146,4,13,1.8338582,2.2625339812433287,2.851457799641453,3.2919987761000384,30
wind_24146,4,14,2.072800066666667,2.5290058624138156,3.0947652723082353,3.429264624047201,30
wind_24146,4,15,2.2530759,2.839916019722819,3.3248087944623985,3.583154547528991,30
wind_24146,4,16,2.5536340666666666,3.144879557504317,3.732891102496654,3.6981426086162617,30
wind_24146,4,17,2.6909193999999994,3.240127801572793,4.060806971516271,4.035825062763342,30
wind_24146,4,18,3.0652096,3.5350157731984395,3.8916975445416964,3.936841480777744,30
wind_24146,4,19,3.2297667333333333,3.5337289780787438,4.0013560996015265,3.974240656854833,30
wind_24146,4,20,3.2014068,3.4673992315200386,4.048524063459661,4.040042488489301,30
wind_24146,4,21,3.058481266666666,3.5717433319610756,3.628101264158319,3.776382054562903,30
wind_24146,4,22,2.165244133333333,2.767551003795466,3.4784686637511677,3.6887698446469677,30
wind_24146,4,23,2.494351266666667,3.2710507134618223,2.8674927433768214,3.463111021020076,30
wind_24146,5,0,1.2300889032258064,1.518936016015012,1.3246242655412432,1.7360221751672555,31
wind_24146,5,1,1.0713467741935483,1.3859491774248123,1.4680950281840528,1.8673984659662135,31
wind_24146,5,2,1.2438715161290321,1.6203871353958157,1.3425139973850373,1.7412376423865714,31
wind_24146,5,3,1.5735619032258066,2.0461300954296195,1.3186217768070558,1.9967862080999415,31
wind_24146,5,4,1.5187223548387097,2.252806885704196,1.6066021156077552,2.3227363347710717,31
wind_24146,5,5,1.78767870967742,2.598268865405043,1.8960638276707327,2.6200707132319527,31
wind_24146,5,6,2.1401497096774196,2.7793226495791523,2.138405382184122,2.7621808025841306,31
wind_24146,5,7,2.2179947419354837,2.959983513753514,2.1564473749686797,2.660255724210527,31
wind_24146,5,8,1.952633870967742,2.631169802571608,2.075677167588027,2.722965437370193,31
wind_24146,5,9,1.8829519032258066,2.4627835345287843,2.0556717393178565,2.6217853480385243,31
wind_24146,5,10,1.7126972258064517,2.349503855096599,2.050314877484645,2.6212499139493515,31
wind_24146,5,11,1.6067512903225807,2.4793733817125267,1.83397366282147,2.5871325025258294,31
wind_24146,5,12,1.2989028709677422,2.5571713770602305,1.6506459344698374,2.6472482460281634,31
wind_24146,5,13,1.2867210645161289,2.669768288255979,1.6608509921200458,2.568475647693639,31
wind_24146,5,14,1.4780861612903227,2.685793637755417,1.7274499342556302,2.712646052244288,31
wind_24146,5,15,1.5141000645161289,2.683162625161285,1.6996381275797778,2.7918140558553457,31
wind_24146,5,16,1.7004285161290322,3.023717504474405,1.9517870079390962,2.9829081857042152,31
wind_24146,5,17,1.8251550967741936,3.1275373368904953,2.063070276927861,3.1055230175402047,31
wind_24146,5,18,1.7896014193548386,3.0520037894427197,2.1843685918910944,3.127937410737444,31
wind_24146,5,19,1.8852005806451613,3.3142301191635117,1.9519893235744568,3.098437009331552,31
wind_24146,5,20,1.4622127741935487,2.0647749038585412,1.9545695443225388,2.8367198391762964,31
wind_24146,5,21,1.3562073225806452,2.0897246479937874,2.1050667552568734,3.0868835656926854,31
wind_24146,5,22,1.1126334838709677,1.4870003894902621,1.8807742828807228,2.718148793178454,31
wind_24146,5,23,0.9385240322580645,1.048857839311807,1.3078349151461375,1.95821428223809,31
wind_24146,6,0,1.0958895666666666,1.6042427184349088,1.0284976366963374,1.4388697712839746,30
wind_24146,6,1,1.2677678666666665,1.6524738543760369,1.151625628268974,1.6146452407113723,30
wind_24146,6,2,1.4377998,1.7142135974754582,1.394366699249493,1.6773512317404746,30
wind_24146,6,3,1.5890298333333335,1.614662646265095,1.4492654906290414,1.811230522285257,30
wind_24146,6,4,1.6671330666666668,1.8841373565988693,1.6031367711812146,1.8046698430306805,30
wind_24146,6,5,1.8958247333333331,2.2012735062039996,1.8023907307556257,2.175302800591153,30
wind_24146,6,6,2.0643445333333332,2.54665003420068,1.8793362297182061,2.5716006724628606,30
wind_24146,6,7,2.138931866666667,2.5928595422662246,1.8867131225643428,2.59031499254803,30
wind_24146,6,8,1.7648095666666663,2.27882140625997,1.5442947617935767,2.11985376971783,30
wind_24146,6,9,1.9009024999999997,2.4446816078493634,1.9047795030341697,2.540670365006281,30
wind_24146,6,10,1.4971613,1.9872088351615211,1.731202636177277,2.5507055956642026,30
wind_24146,6,11,1.5653000666666665,2.3184332574660744,1.5340928201028323,2.1947625311581898,30
wind_24146,6,12,1.1470116,1.6599331765234033,1.5497883299077284,2.2743869447513587,30
wind_24146,6,13,1.2311713,1.9739085189511898,1.2902614680081146,2.0627436431859816,30
wind_24146,6,14,1.0956420333333334,1.6806939220122121,1.3425489049058905,2.307608879812405,30
wind_24146,6,15,1.5811117333333333,2.894536716265661,1.421293449132271,2.5269617446231485,30
wind_24146,6,16,1.7253603333333336,2.863655673473576,1.7763145356823873,2.6972569639665425,30
wind_24146,6,17,1.6603243,2.6548530917324835,1.5724043984302905,2.2046085958053805,30
wind_24146,6,18,1.5417911999999998,2.5628435248120653,1.8226189372391264,2.3979339922166734,30
wind_24146,6,19,1.7269179333333333,2.650967677566646,1.7368887174871606,2.4398486492739555,30
wind_24146,6,20,2.125430666666667,3.026437308893188,1.9781983448671479,2.6665033432979,30
wind_24146,6,21,1.6031478333333335,2.3318026573928927,2.4645534487136866,3.2522134083514795,30
wind_24146,6,22,1.1791886666666664,1.8168506178627237,1.7544412440585853,2.1423211074429482,30
wind_24146,6,23,1.0272171666666667,1.5514902571301565,1.8234182944102164,2.7673335244090578,30
wind_24146,7,0,0.8504273870967743,1.3610614615483188,0.9322994512247601,1.841960788859819,31
wind_24146,7,1,0.9153384838709677,1.3650632363991757,0.9212253986136447,1.5522862138924496,31
wind_24146,7,2,1.009775677419355,1.7249882181425165,0.9581396152913719,1.7977749523749598,31
wind_24146,7,3,1.111999870967742,1.8136409522492547,0.8762943390403833,1.7274331075260003,31
wind_24146,7,4,0.9310782903225807,1.5553716418071533,0.9946284727871777,1.9257887347293134,31
wind_24146,7,5,0.9896522258064516,1.5958193744188118,0.8833947154872546,1.5496831726972575,31
wind_24146,7,6,1.1918489032258064,1.9938838467484903,0.8305968627105725,1.4607535128931008,31
wind_24146,7,7,0.8767109032258065,1.2516164547865918,0.8712032021985695,1.2894828365575088,31
wind_24146,7,8,0.9105880645161291,1.3026477050956622,0.8909863383535008,1.2713784140870328,31
wind_24146,7,9,0.8330774516129033,1.2220099656794903,0.9978589825873911,1.5125232134872635,31
wind_24146,7,10,0.8137559354838709,1.37152077020639,0.9906978931166486,1.422687825474587,31
wind_24146,7,11,0.7181096774193549,1.253879713734333,0.9120274958674892,1.4659872906796791,31
wind_24146,7,12,0.5185618064516129,1.144211883898561,0.735408373177262,1.2894841519707978,31
wind_24146,7,13,0.5640193870967742,0.9866520539330189,0.6925048273562411,1.2162136665345633,31
wind_24146,7,14,0.5659795483870967,1.2203510340463473,0.7134322323234765,1.4441411674132867,31
wind_24146,7,15,0.6135837096774195,1.3550759348674697,0.6876597879764267,1.3811542149680225,31
wind_24146,7,16,0.6452583225806452,1.306885299338989,0.7299977294436298,1.3915603444377214,31
wind_24146,7,17,0.7731963548387096,1.4972396082682857,0.916969853670865,1.5437168603522589,31
wind_24146,7,18,0.8949815161290322,1.4760571219208485,0.997878264942673,1.5210724610058861,31
wind_24146,7,19,1.1662054838709681,1.888911021262443,1.0635182739966065,1.5591506661963064,31
wind_24146,7,20,1.0961052258064519,1.8465614078253973,1.0279295349031174,1.5430765276370502,31
wind_24146,7,21,1.0826615806451614,1.9904973702235795,1.074196791366047,1.5271956088812026,31
wind_24146,7,22,0.9380412903225807,1.3280348898641983,0.9924884416051718,1.3952483530528128,31
wind_24146,7,23,0.7409294193548387,1.2769687126539624,0.8558320050077844,1.0806770662846228,31
wind_24146,8,0,0.9976597419354839,1.6411825610589044,1.088799795296133,1.3689314830269623,31
wind_24146,8,1,1.0863974838709678,1.6575481068538123,1.3044875090788506,1.7152215863688898,31
wind_24146,8,2,1.4252521612903226,2.0914545698046787,1.4754736768995038,1.9471570465459824,31
wind_24146,8,3,1.4083126774193548,2.041607390636071,1.4670982627212519,2.089250878615084,31
wind_24146,8,4,1.3103357096774193,1.9694279693006493,1.3321278205534035,1.9211833166420182,31
wind_24146,8,5,1.3977349032258062,2.0788872639046327,1.2765556020257527,1.9389506812060207,31
wind_24146,8,6,1.2714867741935483,2.0386143953361184,1.2592422487764676,1.8461074371664417,31
wind_24146,8,7,1.285658,1.842724457555262,1.2686966878264287,2.0288712869151917,31
wind_24146,8,8,1.16979564516129,1.664884120161972,1.3034123511173799,2.0029420567021603,31
wind_24146,8,9,1.2002314193548385,1.7996480243466826,1.1173769349485407,1.7743127487369215,31
wind_24146,8,10,0.8344106774193548,1.2894212207769136,0.8484556704161323,1.263537463456726,31
wind_24146,8,11,0.8327989354838709,1.261631238108847,0.9382175214790532,1.4402332635747048,31
wind_24146,8,12,0.8374904516129033,1.3758263565861752,0.9311967454656533,1.6724975686672474,31
wind_24146,8,13,0.7525104516129033,1.2408091112871964,0.9548127551919462,1.7907866942865014,31
wind_24146,8,14,0.7160670967741934,1.0656267325026887,1.077106954996521,1.8158855951877668,31
wind_24146,8,15,0.6419344838709677,1.0071008054687431,1.1031560880344826,1.785720799232242,31
wind_24146,8,16,0.9354499677419355,1.454490681964045,1.2139829721469226,1.7537825570269874,31
wind_24146,8,17,0.9574509677419355,1.3509116627987803,1.2871790892907256,1.856406507882942,31
wind_24146,8,18,1.0499763548387098,1.4092758632720221,1.3618998623307892,1.9473338961361844,31
wind_24146,8,19,1.1700404516129033,1.591689229240596,1.6366039971928308,2.522309369778396,31
wind_24146,8,20,1.6859300967741935,2.3659853575295062,1.5796755661572328,2.3985151132687217,31
wind_24146,8,21,1.2787101290322578,1.4987274673450748,1.6070556884469154,2.4368051737590735,31
wind_24146,8,22,0.9340337741935483,1.1400573092015949,1.550954722005167,2.0124703035537252,31
wind_24146,8,23,0.951789129032258,1.4158083412732045,1.3496248527564905,1.8259185345231639,31
wind_24146,9,0,0.9336264,1.723043286120522,1.2447890108166184,1.762398106679424,30
wind_24146,9,1,1.1117597,1.6161699601278317,1.3914422425600645,1.7329760965504282,30
wind_24146,9,2,1.2931212,1.6329487068059847,1.4359936245480887,1.6297122879124006,30
wind_24146,9,3,1.4858492999999997,1.7379181234819763,1.6159162662904656,1.9266647304491207,30
wind_24146,9,4,1.5626577999999998,1.8949005555344367,1.7310173949312564,1.9902367945820407,30
wind_24146,9,5,1.5820399,2.0627175147879364,1.743152561941031,2.148197230670033,30
wind_24146,9,6,1.4191130666666667,1.8347453450702151,1.8573523017493987,2.290562049976041,30
wind_24146,9,7,1.4961641333333335,1.9176500185686816,1.8193201231571976,2.2188585148315942,30
wind_24146,9,8,1.5543383333333334,1.8992907522576792,1.8439441578927633,2.4638157500509963,30
wind_24146,9,9,1.6008410333333336,1.9389336125721714,1.80446121730867,2.277387230541237,30
wind_24146,9,10,1.3271868666666669,1.6615755383527788,1.7620336130295509,2.323959599767447,30
wind_24146,9,11,1.2892968999999999,1.7066761257751228,1.7304268319049434,2.30774019698222,30
wind_24146,9,12,1.0749045333333334,1.2680485844903775,1.2922472147656014,1.5713350106450445,30
wind_24146,9,13,0.9106566666666666,1.1953916837228775,1.102902562439111,1.4951911758662628,30
wind_24146,9,14,0.7109132333333331,1.236388031433238,1.0829559110380516,1.8334273321133914,30
wind_24146,9,15,0.8183129666666668,1.7480733202384708,0.9035694122477821,1.7180233573429398,30
wind_24146,9,16,0.8378071666666664,1.647339976515517,0.8855908689503014,1.6400048043385826,30
wind_24146,9,17,0.8615691666666666,1.9419323147532999,0.7859430824022433,1.4909580711331907,30
wind_24146,9,18,0.8353522333333333,1.7512440672614007,0.8143921270870557,1.5969086528936112,30
wind_24146,9,19,0.7601590999999999,1.7005836897264854,0.849026681513768,1.639460476241622,30
wind_24146,9,20,0.7088366333333334,1.4673855965424496,0.9200277307790017,1.6416643420069523,30
wind_24146,9,21,0.7090057,1.214704138855394,0.9282430060941205,1.432706100244041,30
wind_24146,9,22,0.6917211666666667,1.2346484461458735,1.2548846965759344,2.4442025570723227,30
wind_24146,9,23,0.5910671999999999,0.9946402439509405,1.1446530248489144,1.7793555857248011,30
wind_24146,10,0,1.6582276451612903,2.4487569661558704,2.038185579344039,2.601538111527537,31
wind_24146,10,1,1.536428419354839,2.34059368036889,2.2503974739700623,2.6510310902852687,31
wind_24146,10,2,1.635834451612903,2.3851826423857054,2.1107518920404487,2.53750406552208,31
wind_24146,10,3,1.7724274516129033,2.685743502991289,2.0219091771909294,2.3972808049599137,31
wind_24146,10,4,1.6537968709677418,2.8207468374504145,2.1077470080077774,2.9245059582327246,31
wind_24146,10,5,1.7486853225806451,2.8429123757019714,2.271147403340548,3.225016503315804,31
wind_24146,10,6,1.8690473548387094,3.001012911179929,1.9831720081707636,2.7722319882208257,31
wind_24146,10,7,1.9454359354838708,3.085788095966949,1.8616171706809836,2.7022176460806064,31
wind_24146,10,8,1.853755193548387,2.8900825605255114,1.9900218840653432,2.7875480210969434,31
wind_24146,10,9,1.7596456451612903,2.778424060718852,1.8793226454755443,2.6790565115978002,31
wind_24146,10,10,1.5862775806451612,2.4274108510557606,1.9277108940880154,2.6930502113428223,31
wind_24146,10,11,1.7602170645161288,2.6958538012266784,1.9695821895786285,2.4873465804490786,31
wind_24146,10,12,1.8103226774193548,2.915301947324798,2.0916241004906335,2.498505253971392,31
wind_24146,10,13,1.510061,2.6009903308938824,1.9137624862512985,2.3268476739279293,31
wind_24146,10,14,1.472314741935484,2.1003788994060884,1.9059592176936109,2.49748804171287,31
wind_24146,10,15,1.292793806451613,1.9735587999662338,2.0538136467997083,2.2664659306090695,31
wind_24146,10,16,1.4260515483870964,2.048156403228146,2.0446889681832427,2.327119913421422,31
wind_24146,10,17,1.668485870967742,1.9533614221796358,2.125126408858105,2.494754724274813,31
wind_24146,10,18,1.7298963548387096,1.8734601524092,2.3327768678156895,2.6304412268169677,31
wind_24146,10,19,1.7675191612903225,1.914063496265003,2.2362960137767374,2.4580564392027964,31
wind_24146,10,20,1.6054735483870968,1.820521911223241,2.2977161296032524,2.371709613873063,31
wind_24146,10,21,1.620651870967742,1.8965533884049024,1.9878749240405313,2.114021865427332,31
wind_24146,10,22,1.4992129677419355,2.2449594131779533,1.873921472531325,2.0938961791093442,31
wind_24146,10,23,1.7491693548387095,2.6040240256200344,1.9978175443473623,2.418515761629066,31
wind_24146,11,0,3.4825316666666666,3.471423205085173,3.4368420297782754,3.5410040762260433,30
wind_24146,11,1,3.4471222999999998,3.634947458283688,3.6929658257447917,3.761261197129847,30
wind_24146,11,2,3.2561617333333333,3.4960305398930895,3.453852521426015,3.7048946702395984,30
wind_24146,11,3,3.1865924666666663,3.349942522539914,3.4080537978510383,3.579529363064723,30
wind_24146,11,4,3.4712173,3.3493244534526982,3.5566193688884327,3.6807954975348256,30
wind_24146,11,5,3.6523143666666673,3.417022898682444,3.7484731510324463,3.56949314813213,30
wind_24146,11,6,3.442310866666667,3.128292742849726,3.7206612066465734,3.569695113953955,30
wind_24146,11,7,3.1577524666666665,3.253311303076497,3.8183166934367825,3.5006888130934053,30
wind_24146,11,8,2.959126733333333,3.167506783043876,3.6543536860918553,3.454346478476193,30
wind_24146,11,9,2.8998706666666667,3.0138079038217134,3.4234080790523884,3.2063591172826365,30
wind_24146,11,10,2.6928757000000005,2.6846845012702523,3.401742549287258,3.3390138417496327,30
wind_24146,11,11,3.0052875,2.7874234308920705,3.47846205726768,3.364606936929414,30
wind_24146,11,12,3.0777392333333338,2.994546087291231,3.303544716665109,3.059895029021706,30
wind_24146,11,13,3.0468412333333337,3.202298774386835,3.6117363690100506,3.210320512351326,30
wind_24146,11,14,2.4687981333333338,2.40286316768944,3.3531086016939136,3.2339238000599795,30
wind_24146,11,15,2.6236848999999998,2.8358357876357143,2.9476182146201024,2.9674279984044247,30
wind_24146,11,16,2.6009574999999994,3.004174839932667,2.9621117922841074,2.773155811313157,30
wind_24146,11,17,2.562535766666666,2.813134196288333,3.2136303657264618,3.0005287017955857,30
wind_24146,11,18,2.7954921999999995,2.8674454185687397,2.8615944849148516,2.574727900937114,30
wind_24146,11,19,2.6383269333333326,2.831210212525317,3.030779500496524,2.856995539345643,30
wind_24146,11,20,2.6118221999999998,2.841336617282187,2.7520562583072614,2.712574007148184,30
wind_24146,11,21,2.5500288666666666,2.678441037280246,2.5462341443553433,2.4272299089533833,30
wind_24146,11,22,2.3305141,2.5502660848498406,2.991375667952481,2.9907281410002673,30
wind_24146,11,23,2.8227471,3.087761539675318,3.2157714969996816,3.037231864771794,30
wind_24146,12,0,3.765572870967742,3.823621705144219,3.9220790175491276,3.9626320252870872,31
wind_24146,12,1,4.077245096774193,3.912710092104349,4.328259511029052,4.134191813260104,31
wind_24146,12,2,4.373914354838711,4.24288012094924,4.371754138706923,4.233574205382709,31
wind_24146,12,3,4.276978741935484,4.281825029185055,4.231556338895733,4.138166105591733,31
wind_24146,12,4,4.086108838709678,4.270192603012719,4.30184669041513,4.297621870498479,31
wind_24146,12,5,4.135491419354838,4.24978374658726,4.508361689852487,4.395858877273404,31
wind_24146,12,6,3.7714195483870965,3.9953226068001473,4.23660899732029,4.149183494297877,31
wind_24146,12,7,3.955941709677419,3.9905775475034786,4.204107661127608,4.0337323647270535,31
wind_24146,12,8,3.480845516129033,3.518814136126117,4.142899673550342,3.9622068118432914,31
wind_24146,12,9,3.383765870967742,3.5008781782623033,3.855698187805329,3.7535609565275343,31
wind_24146,12,10,3.1854034193548384,3.176115761808909,3.230558922231172,3.4637741931826524,31
wind_24146,12,11,3.1220544838709676,3.0174732190031324,2.984065518658468,3.094909924919089,31
wind_24146,12,12,2.7212021290322586,2.5400058069076503,2.8664827164790316,2.7695263414322175,31
wind_24146,12,13,2.6999095483870965,2.2877188824822254,2.8611685573721024,2.5651233437932923,31
wind_24146,12,14,2.6302322580645163,2.6949687495115158,3.163861039574531,3.0300079303394263,31
wind_24146,12,15,2.760306483870967,2.7266015207126357,3.5934240382695433,3.196711511363945,31
wind_24146,12,16,2.8747734516129033,2.9392547273503853,3.481420715832278,2.9621483286049974,31
wind_24146,12,17,2.9697366451612903,2.6800438286225043,3.287956995201254,2.8326676391054035,31
wind_24146,12,18,3.2087390322580647,2.975138882339551,3.3634828617814465,2.9799708432587937,31
wind_24146,12,19,3.2913640967741933,3.370445217419971,3.2834268876256796,3.1250278228563375,31
wind_24146,12,20,3.1946318709677417,3.333886506713566,3.335251469733218,3.2451007647511223,31
wind_24146,12,21,3.3081396774193546,3.490499253595493,3.120919770135953,3.260465701609183,31
wind_24146,12,22,3.2698196774193544,3.447896482749991,3.3626263083974104,3.5102854021209517,31
wind_24146,12,23,3.720474032258064,3.691283529429183,3.563804412321052,3.7637779894295176,31
wind_24204,1,0,12.032715741935485,11.060160045527486,12.295985408463112,11.64764737219964,31
wind_24204,1,1,12.440478645161292,10.815871727896893,12.326348914605948,11.22757099747511,31
wind_24204,1,2,12.525163225806452,11.326079206274727,11.81584404450892,11.033126753366377,31
wind_24204,1,3,12.347295967741934,11.163210054534892,11.765563282578425,10.704554956133144,31
wind_24204,1,4,12.043569387096774,11.298142798012904,11.806792158161029,11.007304294226195,31
wind_24204,1,5,12.804924000000002,11.114001897616586,12.290995922577778,10.671781107319477,31
wind_24204,1,6,13.646416064516128,11.21067150505943,12.094245070350546,10.62768385988395,31
wind_24204,1,7,12.797557161290326,10.752224182665874,11.948596466818422,10.779027739334543,31
wind_24204,1,8,12.736205387096774,10.193914475554731,13.038417250842777,11.007108411345989,31
wind_24204,1,9,10.822237516129032,9.00228586689506,12.252951699507523,10.048814814071497,31
wind_24204,1,10,9.938331451612905,8.367674954470434,11.364365094164985,9.123357777878738,31
wind_24204,1,11,8.623737774193549,8.073748164185652,11.675907782536694,9.903777390961636,31
wind_24204,1,12,8.271498193548387,8.003397751127126,10.894736873263097,9.527947334241993,31
wind_24204,1,13,7.223658645161289,6.443480983081995,10.159162906747547,8.188520393465236,31
wind_24204,1,14,8.01187493548387,6.9395467597741805,9.67474806534539,8.836936428518698,31
wind_24204,1,15,7.624360193548388,7.476813442190014,10.108219074656466,9.08507170060839,31
wind_24204,1,16,8.609622290322582,9.524559390675076,10.180426160986265,9.834375885663704,31
wind_24204,1,17,8.413219870967742,9.578882016496445,10.889116568035318,10.720780880958477,31
wind_24204,1,18,8.89977216129032,9.700863556764903,10.540168371346015,10.325420199334886,31
wind_24204,1,19,9.530680193548388,9.404415862248424,10.570291232375444,9.842510119437446,31
wind_24204,1,20,10.78190158064516,10.30443328473443,11.56142818394434,9.94341009485276,31
wind_24204,1,21,11.509736225806451,10.351346562859371,11.932652296034966,10.129825505840648,31
wind_24204,1,22,10.51845187096774,10.767871719681901,12.156754056855748,10.522576318206665,31
wind_24204,1,23,11.84282670967742,10.908752445612457,13.163092863616994,11.396490558882313,31
wind_24204,2,0,11.443158379310344,12.177887779083987,12.800733969439984,12.285412754226227,29
wind_24204,2,1,13.147979448275864,12.67419175492942,12.908808250369065,12.356194108653723,29
wind_24204,2,2,13.71276772413793,12.75664520892817,13.224766535957052,11.97132987708769,29
wind_24204,2,3,13.388307827586207,12.501206606304576,13.479257559776258,12.348221014969209,29
wind_24204,2,4,12.99255948275862,12.748111648042055,13.651236852844844,12.799766993657538,29
wind_24204,2,5,13.028784689655174,12.932111801439126,13.777330354924628,12.586662412228337,29
wind_24204,2,6,13.08348972413793,12.698764637226926,14.393567223625077,13.183641972802185,29
wind_24204,2,7,13.345945448275863,12.787018261241691,13.398137366036895,12.560461225621308,29
wind_24204,2,8,12.774888,12.112865835732844,12.566660150161301,12.15200928651018,29
wind_24204,2,9,13.355141000000001,12.736554588683424,12.523258728473703,11.88992016205583,29
wind_24204,2,10,12.265410482758622,12.882598499770708,12.210834383814742,11.668831311116715,29
wind_24204,2,11,11.836897310344828,12.663201172741324,11.33475447253111,11.69357532198159,29
wind_24204,2,12,11.832698310344826,12.451225262852144,11.235051489192532,11.890338507656319,29
wind_24204,2,13,10.975507655172414,11.763599216934045,10.929653469511905,11.85647273913615,29
wind_24204,2,14,10.547166103448276,11.832660002053844,10.430652168391152,11.320309226771904,29
wind_24204,2,15,9.482861758620688,10.885084323432308,11.442304964287155,12.179317657400304,29
wind_24204,2,16,9.04742875862069,10.373092574923957,10.65519755882767,12.029530040233801,29
wind_24204,2,17,9.10071955172414,10.111707111908498,10.980641965962077,12.008509403121044,29
wind_24204,2,18,9.891130137931036,10.251481464248332,11.16832010849591,11.884178404403185,29
wind_24204,2,19,10.421291103448276,10.01233224487165,11.35926186345158,11.458579433874792,29
wind_24204,2,20,9.690750103448275,9.623540281534384,11.344950507739394,10.887900665694191,29
wind_24204,2,21,9.88827848275862,9.576624316628841,11.356067966450414,10.434286000411795,29
wind_24204,2,22,9.437556517241378,10.03080804515088,12.030473797591505,11.040461692770828,29
wind_24204,2,23,11.012252379310345,11.039100730323888,12.513596055807735,11.336655780769,29
wind_24204,3,0,13.491791870967742,11.603860365770135,14.132059326574625,12.100418026686746,31
wind_24204,3,1,13.960241000000002,11.774205600215033,14.712991202039193,11.980101600084794,31
wind_24204,3,2,14.316021677419357,12.044468293295804,14.425423015303023,11.92633576387727,31
wind_24204,3,3,14.259119677419356,11.4663966073261,14.413796203695359,11.917231561602488,31
wind_24204,3,4,13.830325741935486,11.838674140947642,14.666616131288286,12.278936805293263,31
wind_24204,3,5,13.293363645161289,11.838082471449962,14.551803360319388,11.928222720636352,31
wind_24204,3,6,13.51220006451613,11.530677605155189,14.179747349189668,10.9094974607025,31
wind_24204,3,7,12.51899251612903,10.644042287828977,14.37698923739915,10.70362406823643,31
wind_24204,3,8,12.442727645161291,10.799772810383232,13.883010601618762,10.55993408864032,31
wind_24204,3,9,13.05218793548387,11.085143186666429,13.917803791326042,10.0289496380832,31
wind_24204,3,10,12.988254967741934,11.004606331787647,14.394131781577475,10.220658215789864,31
wind_24204,3,11,13.423902032258065,10.48021168627401,14.715146981941292,10.794622765494553,31
wind_24204,3,12,13.808596387096776,11.628205030613296,14.452971389437685,10.215248205701341,31
wind_24204,3,13,12.867869451612906,11.419755995987384,13.861082225423571,10.993229541967308,31
wind_24204,3,14,11.572809870967742,11.255646768923683,13.485981517369101,10.6253442297557,31
wind_24204,3,15,10.947147290322581,10.5852501440575,12.630924126759245,10.777219792944733,31
wind_24204,3,16,10.423574064516131,9.599304496669568,12.3957835877648,10.501817066881511,31
wind_24204,3,17,9.740251516129034,9.725642722945292,12.696113854507674,10.76470544725804,31
wind_24204,3,18,8.51257064516129,9.411367704676607,12.869318917573116,10.452819028607024,31
wind_24204,3,19,9.56562929032258,10.211893808719635,13.92875674133608,10.65097422177385,31
wind_24204,3,20,9.601529612903224,10.150371190455648,13.023577739139276,10.840446226615386,31
wind_24204,3,21,10.68247764516129,10.519881793199456,11.998798919129719,10.77839886741255,31
wind_24204,3,22,9.861840548387098,10.347978023299717,12.01112425729094,10.683364635039414,31
wind_24204,3,23,12.010448225806455,11.42759976228382,12.383657314704584,11.117882441124328,31
wind_24204,4,0,9.6316658,10.135748403245561,10.060829421384426,10.186730754634159,30
wind_24204,4,1,9.426807433333332,9.879875764936948,10.304073936939714,10.234553965256497,30
wind_24204,4,2,10.606658466666666,10.91751347828514,11.015295136135615,10.836309207295223,30
wind_24204,4,3,10.916054633333333,10.57200029509606,11.443976338917077,11.074778029999342,30
wind_24204,4,4,10.412522833333332,9.731682165425122,12.168148213794783,11.797117384831738,30
wind_24204,4,5,11.635523333333333,10.788519589450107,12.225636946176817,11.404216763006186,30
wind_24204,4,6,11.859550533333334,10.30889810030414,12.365944985820931,11.096967675166763,30
wind_24204,4,7,11.273526600000004,10.81865578825457,11.478243695130917,10.469515031520071,30
wind_24204,4,8,10.888763366666664,10.01479445390446,11.731556526810351,10.886153026491115,30
wind_24204,4,9,9.965025300000002,9.59901315329274,11.876693206850081,10.992501461761204,30
wind_24204,4,10,10.0567424,9.740785903091226,11.305601827173279,10.47915579126908,30
wind_24204,4,11,10.8033329,10.17231567641826,11.757530408518308,10.22849591975773,30
wind_24204,4,12,10.431497533333333,10.244467496388106,10.89691337369511,10.345541916256215,30
wind_24204,4,13,8.134534833333333,9.050924344682949,10.987549404753443,10.518166527867505,30
wind_24204,4,14,9.036107333333335,10.111883888778111,11.351411136292699,10.055118237859272,30
wind_24204,4,15,9.318613666666668,10.445428729615072,12.375779133641148,10.734236075982228,30
wind_24204,4,16,8.777022466666667,9.919535997089804,12.814556452632722,11.40421238677819,30
wind_24204,4,17,9.516933333333334,10.184563394429473,13.23645180796737,11.451007197199804,30
wind_24204,4,18,9.925588300000003,10.517259755029366,12.76124201229006,11.24207181825666,30
wind_24204,4,19,10.386476466666666,10.561489743415667,13.567448622068131,11.751485788169092,30
wind_24204,4,20,11.138529433333332,11.119106696399731,13.742077656117715,11.059911376308683,30
wind_24204,4,21,10.216258833333335,10.409553656473916,12.529378011741404,10.146380208519183,30
wind_24204,4,22,8.393783233333334,9.246568837628134,11.602626448626914,10.11709223134176,30
wind_24204,4,23,8.566587066666665,9.649599980237673,11.638623402638139,10.564811737532414,30
wind_24204,5,0,4.860915838709678,6.179040591327515,5.2813141738220555,6.53735489385696,31
wind_24204,5,1,5.281769677419354,6.738330608457421,6.773972816151941,8.573260424801537,31
wind_24204,5,2,5.512002645161291,6.943560160385676,6.442403064547176,8.48836237625247,31
wind_24204,5,3,7.568213193548386,9.420852594362962,6.396274216718131,9.158058488139885,31
wind_24204,5,4,8.464805290322582,9.352250488229972,7.505639507351023,9.275355856540193,31
wind_24204,5,5,8.761639193548385,9.348543399501422,9.014003555557144,9.707047263840122,31
wind_24204,5,6,9.867392806451614,10.43947094398549,9.650018573792224,9.905525599100706,31
wind_24204,5,7,9.419330258064516,10.771207577056874,9.813136485449697,10.375008318993203,31
wind_24204,5,8,8.853996838709676,9.821637166457501,9.57853095049159,9.977443107639639,31
wind_24204,5,9,8.385334387096774,9.201356528056442,10.026012284841913,10.613309775944467,31
wind_24204,5,10,8.111830032258064,8.97854860326196,8.565676446941273,9.476442100606812,31
wind_24204,5,11,6.911534354838711,8.42496250750157,8.063254717226089,9.574252296576129,31
wind_24204,5,12,5.785552580645162,8.425268619998826,7.231726314772696,9.145537538566249,31
wind_24204,5,13,5.019171612903227,7.936045127177683,6.912638649258416,8.638666001410632,31
wind_24204,5,14,5.485009677419354,7.765994689697966,6.7354003650824,8.62587711171039,31
wind_24204,5,15,5.715105451612905,8.203335287710622,6.939282448355856,8.881982949730078,31
wind_24204,5,16,5.586360483870967,8.479289206877981,7.127531892774803,9.080719057871447,31
wind_24204,5,17,5.923409096774193,9.01431252357149,7.643225113474092,9.140136088121507,31
wind_24204,5,18,5.553809000000001,8.111082997572236,7.291750463819082,9.089414201681448,31
wind_24204,5,19,6.0042595806451615,8.857099999231373,7.068783064950297,8.87922773066512,31
wind_24204,5,20,5.340432967741936,7.086750777002591,6.521421581128234,8.015876324371987,31
wind_24204,5,21,5.038501645161291,7.39093866926349,6.7069531768981205,7.7473969425544915,31
wind_24204,5,22,4.204332129032258,5.366950405544299,6.31517399972168,7.523349558611475,31
wind_24204,5,23,3.8518589677419355,4.756270818588988,5.0673573075022285,7.658592332924985,31
wind_24204,6,0,5.296218833333333,7.0846430788645165,4.649986146106439,7.084468293831682,30
wind_24204,6,1,5.517783566666667,6.922583697066011,5.385657456828127,7.810837893869831,30
wind_24204,6,2,7.106759466666665,8.09048369737574,6.933015594082979,7.619924962828838,30
wind_24204,6,3,7.847690166666668,7.465027949340491,7.14119568888468,7.544128995911725,30
wind_24204,6,4,8.308207533333333,8.75564726512218,8.073360935130706,8.488736557968066,30
wind_24204,6,5,8.367856533333333,9.09637814656662,8.179882484597899,8.81480237635019,30
wind_24204,6,6,9.579592666666665,9.431060358441266,8.725832360687246,10.0434854860997,30
wind_24204,6,7,9.238318233333333,9.644633994497521,8.533976633243155,9.58846857869457,30
wind_24204,6,8,9.307279833333334,9.96640618892517,8.967727216133557,9.884384065185781,30
wind_24204,6,9,8.9710517,9.953701164070143,9.232969943184836,10.263153109970798,30
wind_24204,6,10,8.216846133333334,8.276397520559458,8.613074366571977,9.29788465648129,30
wind_24204,6,11,7.901257266666666,8.611145056664014,8.05697326524204,8.954494278147552,30
wind_24204,6,12,6.492578766666665,7.799055516140408,7.390551632904137,8.625347876155613,30
wind_24204,6,13,6.312491833333334,8.586677114402377,5.8081629943434185,7.639048715885189,30
wind_24204,6,14,5.358091466666666,8.007007575847439,5.641092584304192,7.677061230601932,30
wind_24204,6,15,5.527497366666666,8.329229429649013,6.106601211758114,8.545885009379527,30
wind_24204,6,16,5.975695133333334,8.472345533881844,5.6040289357344335,7.980050418024726,30
wind_24204,6,17,5.639282466666667,8.628035691011114,6.136625138057141,8.504012903351551,30
wind_24204,6,18,5.640000133333333,7.490754834309078,6.904213729500792,8.708281002246723,30
wind_24204,6,19,7.080221966666667,8.661607854226185,7.09594912291104,9.027349981938837,30
wind_24204,6,20,6.530703533333335,8.530988443889331,6.630123065937364,7.920376300329309,30
wind_24204,6,21,6.110800566666667,8.56632573280371,7.38039993764676,8.887670786675587,30
wind_24204,6,22,4.786984566666667,7.074819704780097,6.342087834690471,8.582026191985587,30
wind_24204,6,23,6.1342455,7.884664052943002,6.2843772557680655,8.53293570634105,30
wind_24204,7,0,3.819552,6.503905061346026,3.8458145643083954,6.961313608846144,31
wind_24204,7,1,3.396006967741936,5.326561164064137,2.759911138732297,5.339738665667529,31
wind_24204,7,2,4.364789838709678,6.955496469128455,3.7088320340785597,6.737373098879766,31
wind_24204,7,3,4.31633464516129,6.778050872965224,3.6900167298080793,6.940830668324341,31
wind_24204,7,4,4.630535483870968,6.435260838996235,3.9535738893562407,6.7821771379263005,31
wind_24204,7,5,4.341180935483871,5.8065082413842655,3.8444643738396556,5.857927797802466,31
wind_24204,7,6,4.892115903225805,6.723180285434373,3.572979413908257,5.168251706240413,31
wind_24204,7,7,4.349864548387097,5.907476227820303,3.9725788507335547,5.856200654349913,31
wind_24204,7,8,3.847127000000001,5.214501385038817,4.223865978212826,5.989739650421941,31
wind_24204,7,9,3.8505889032258067,5.114281391178337,4.871236718301127,7.142098668983356,31
wind_24204,7,10,3.969564580645161,6.206761149672158,4.705435211052946,6.626219047405288,31
wind_24204,7,11,3.747553677419355,5.918277089893484,4.321060225221395,6.385299229342555,31
wind_24204,7,12,2.973857193548387,5.130911083890101,3.614579299065853,5.685129073065897,31
wind_24204,7,13,2.5848651290322584,4.526156878674341,2.9640185808418154,5.48903213532144,31
wind_24204,7,14,2.4270521612903226,4.557480106696778,2.754205517434113,5.334614357730095,31
wind_24204,7,15,2.5983836451612907,5.193978245707751,3.2483613022137234,6.160758133416202,31
wind_24204,7,16,2.5808767741935488,5.066091859086441,2.868059254850728,5.092088527134324,31
wind_24204,7,17,3.211318838709678,5.872993875360636,3.1393720270587635,5.413737026896774,31
wind_24204,7,18,3.5457085483870965,5.772318462716559,3.1821551698786283,5.285546548713077,31
wind_24204,7,19,4.156920548387097,6.744840063286921,3.7236564214928682,6.0515381608257455,31
wind_24204,7,20,3.819369129032258,6.369695174100217,3.3745810607229427,5.26375880885488,31
wind_24204,7,21,3.2610981935483876,5.2497110849225495,4.103361606938136,6.509007009420804,31
wind_24204,7,22,2.76164264516129,4.561741428796511,4.84760804706818,6.87267571547295,31
wind_24204,7,23,3.0440595483870965,5.355313135262213,3.4131800340635894,4.6859044793722155,31
wind_24204,8,0,4.5530853870967745,6.914439135204323,5.1805977357540085,6.715959454319682,31
wind_24204,8,1,6.236175483870967,7.70570968279941,6.446430595036916,8.498793473374656,31
wind_24204,8,2,6.202500677419354,7.8882268879917765,6.2953129412275555,8.63896084919124,31
wind_24204,8,3,6.241472709677419,7.991133898400357,5.828032345451626,8.414516185074191,31
wind_24204,8,4,6.718835322580644,8.041008949222435,5.983188470930928,8.60832567018245,31
wind_24204,8,5,6.011477903225805,7.454154053828095,5.905108346907453,8.012962244551543,31
wind_24204,8,6,5.734972032258065,7.490865100092105,5.309610802752348,7.542023829810756,31
wind_24204,8,7,6.286999838709677,7.999655789353322,5.262181586940677,7.40887644572536,31
wind_24204,8,8,6.123130677419355,7.919084049773743,5.7298633225857865,7.754644304761911,31
wind_24204,8,9,6.454933193548386,7.808150704954409,4.307627388002915,5.364794860546112,31
wind_24204,8,10,5.486435741935485,7.61791985651555,4.673499448206921,6.465170337642291,31
wind_24204,8,11,5.453132451612903,7.764933856423071,5.45249391203925,8.063683077920354,31
wind_24204,8,12,4.324815838709677,6.812191350758159,5.187958212943763,7.881618566716551,31
wind_24204,8,13,3.5654413870967745,4.9052987518229285,4.740823076559057,7.923149421231322,31
wind_24204,8,14,3.446769903225806,4.784051478645028,4.7011472235816925,7.877416650339086,31
wind_24204,8,15,3.582276161290323,4.976669929475184,5.098510947365309,7.619036129045287,31
wind_24204,8,16,3.9694788387096773,5.941901699697082,5.142254036970929,7.260329996599718,31
wind_24204,8,17,4.12952064516129,5.837781581227282,4.897268132120206,6.70218049168943,31
wind_24204,8,18,4.9380466451612905,6.812875010584452,4.7077295350469495,5.89275746750204,31
wind_24204,8,19,5.648690193548387,7.068864551439329,5.706872116035712,7.822654521250784,31
wind_24204,8,20,5.996426419354839,7.333665893472217,6.055719657366151,7.994071998299105,31
wind_24204,8,21,5.211740870967741,6.916744544080636,6.880168027874507,8.264853005493993,31
wind_24204,8,22,4.006105451612903,5.559653865500494,7.002133883934113,9.07356253800255,31
wind_24204,8,23,4.535152451612903,6.052761260412236,5.466885723511667,7.366861262900802,31
wind_24204,9,0,4.906853633333332,8.0987873349792,5.2286905542952935,7.0762167358495,30
wind_24204,9,1,5.850776300000001,8.06332845475235,6.427481667051494,7.596287813137297,30
wind_24204,9,2,6.8051037333333335,8.472924820367648,7.650136118162914,8.690340379313545,30
wind_24204,9,3,7.689763999999999,9.115850710127383,7.694415049438494,8.853194340494346,30
wind_24204,9,4,7.679773433333334,8.740637966085233,8.434262321105228,9.241269743754266,30
wind_24204,9,5,7.057489033333332,8.65316947814264,8.473422655262972,9.305400012872065,30
wind_24204,9,6,8.0841041,9.881205124977594,9.497197505387001,9.6787518581172,30
wind_24204,9,7,8.053441466666667,8.962422150507264,9.076828931737047,9.354712600276196,30
wind_24204,9,8,8.273779666666668,8.966228950917019,9.096977488470849,9.672096260357515,30
wind_24204,9,9,8.4073011,9.453399029332,8.231831988558286,8.503886338953954,30
wind_24204,9,10,7.376103466666667,8.269353655336781,8.799250141958051,9.467816916669229,30
wind_24204,9,11,6.854069066666667,8.041933923523159,8.657453126100917,9.425429779908658,30
wind_24204,9,12,6.280649133333332,7.52701798435048,7.149074641578233,8.754456170915773,30
wind_24204,9,13,4.2476704000000005,5.547960190931137,6.508893185050765,8.620591160714014,30
wind_24204,9,14,3.9455592999999998,6.99045771843058,5.188039262877977,8.337306207385977,30
wind_24204,9,15,4.233887133333334,7.37788487665032,4.511890667658116,7.767192754654063,30
wind_24204,9,16,3.7193697,6.045886138107283,3.7592244452434995,6.339941536387607,30
wind_24204,9,17,3.568834833333333,6.416231836806565,3.3791425478493533,6.014296708772982,30
wind_24204,9,18,3.3482801333333336,6.24918406612088,3.438989932672153,5.827180920405224,30
wind_24204,9,19,3.022905933333334,5.8585012313907745,3.9502867114647198,6.365414756380307,30
wind_24204,9,20,3.244656133333334,5.797102865553114,4.259579958106987,6.884739158435656,30
wind_24204,9,21,3.4115751333333337,5.698282791550541,4.591114498105253,7.759842722841982,30
wind_24204,9,22,3.6676329,6.424442729799862,5.0111189842131605,8.16138778464365,30
wind_24204,9,23,3.7418760666666673,6.76019348648282,5.145043988832737,8.295831794552994,30
wind_24204,10,0,7.058767322580645,8.596104894460211,8.584679814779639,8.711055613222031,31
wind_24204,10,1,7.129394483870969,8.266444674168579,10.274423239005682,9.180188560853184,31
wind_24204,10,2,8.665530225806451,8.814738359365087,9.540939617092548,9.32845084680216,31
wind_24204,10,3,9.277135548387095,9.601135020747613,10.512765477392428,9.54903800751331,31
wind_24204,10,4,8.282721354838708,9.073694067124292,10.043023383853537,9.832452694405092,31
wind_24204,10,5,8.528277548387099,9.83059551884513,9.582195247254196,10.120063157345344,31
wind_24204,10,6,8.903525193548386,10.879805776674914,9.002849208810158,10.398678252294953,31
wind_24204,10,7,8.379042516129031,10.552617062036889,8.209336918024897,10.494295545591324,31
wind_24204,10,8,8.150250225806452,10.534567880903374,8.425687009908883,10.941853362862798,31
wind_24204,10,9,7.888345354838711,10.52573224635587,8.317951734651954,10.367272333058224,31
wind_24204,10,10,7.65070893548387,10.030271337801688,8.30990331243662,9.43147942399761,31
wind_24204,10,11,7.712384129032258,9.69981484733125,8.619864672987537,9.266259069485626,31
wind_24204,10,12,7.4003281612903224,9.317776774940032,8.45862945569509,9.170707047848488,31
wind_24204,10,13,6.156292548387095,8.598508044037,8.129159999518297,8.855035333641409,31
wind_24204,10,14,5.331336258064517,7.3606305874479885,8.090478333775156,8.963186830566315,31
wind_24204,10,15,5.378762451612904,6.784525507514237,8.483331201951327,8.584655522035751,31
wind_24204,10,16,6.25349264516129,6.810413722752153,7.986351322834591,8.149549509121453,31
wind_24204,10,17,6.882605387096776,7.238514541095642,8.461633619356268,8.748248927422976,31
wind_24204,10,18,6.792695516129031,7.108433469843277,8.576006897605001,8.693467080355793,31
wind_24204,10,19,7.073577096774194,7.445255643825815,8.214583731486606,8.222256308282647,31
wind_24204,10,20,6.640275516129032,7.370334396023715,8.981196474968256,8.42439797971799,31
wind_24204,10,21,6.782517516129031,7.02454645547511,7.971284651255415,8.182005643099277,31
wind_24204,10,22,5.4610413225806465,7.3564309375035,7.413630467436773,7.855798335691463,31
wind_24204,10,23,7.0565932903225805,8.220618729366901,8.762884472821288,9.545536471540776,31
wind_24204,11,0,13.436837800000001,10.220741961542672,12.656725320192834,10.645972916812807,30
wind_24204,11,1,14.1192524,10.375604025974885,13.687382104984817,10.705653288145134,30
wind_24204,11,2,13.803927133333334,10.022040819571671,14.188614877267499,10.741502735750847,30
wind_24204,11,3,13.794548266666663,9.98478658529612,14.60642795723979,11.157778730176672,30
wind_24204,11,4,14.251125833333335,10.571318794825466,15.088561104846793,11.13029385948534,30
wind_24204,11,5,14.477645133333333,10.39180175002131,15.051311772827368,10.8354828871543,30
wind_24204,11,6,14.17796273333333,9.960370007581373,15.686827310067537,10.77632487748654,30
wind_24204,11,7,14.259052899999999,10.669871262811299,15.321196407463,11.59363211132695,30
wind_24204,11,8,14.458358033333335,10.295374894611804,14.937679709131242,10.758067988194307,30
wind_24204,11,9,14.086284433333333,11.244519113318955,14.908342915790502,11.101150336904887,30
wind_24204,11,10,13.969748766666667,11.168913806901202,14.882660106812947,11.411094940155659,30
wind_24204,11,11,14.276056533333335,11.188772562389861,14.6041926586717,11.137327112187954,30
wind_24204,11,12,13.872297733333335,11.50191078398436,15.463915776725223,11.3645259493626,30
wind_24204,11,13,12.951238966666663,11.747730513811023,14.935063676097586,11.719597950037365,30
wind_24204,11,14,11.612691433333335,10.650618031586017,14.885135716462981,11.40330331896967,30
wind_24204,11,15,11.649647366666667,11.232692011757905,13.919980322714993,11.433214225702159,30
wind_24204,11,16,11.037543066666668,10.927408479809396,13.476422707275415,11.570869037343307,30
wind_24204,11,17,10.98262036666667,10.414525263950264,13.064480254412729,11.171036155087345,30
wind_24204,11,18,11.303641366666666,10.083678518642778,12.352725359639233,10.28497861068189,30
wind_24204,11,19,10.632445133333334,9.405266808866507,11.422450377503669,9.695148096774913,30
wind_24204,11,20,10.4016459,9.049176965789156,10.67005520637702,9.533208383026587,30
wind_24204,11,21,10.380084133333334,9.482051527279003,11.537224686273024,9.674728885081294,30
wind_24204,11,22,10.832140800000001,9.679607759970127,12.932007378096987,10.383617265741872,30
wind_24204,11,23,12.719093333333335,10.326275743498009,13.755249447488305,10.603401227406763,30
wind_24204,12,0,16.32442022580645,12.540303523204768,16.206324610091368,12.504564861291414,31
wind_24204,12,1,16.381399129032257,12.424045271389673,16.53063012557805,12.572517093112326,31
wind_24204,12,2,15.897575483870968,12.570595262409187,15.31916258698302,12.172676073883984,31
wind_24204,12,3,15.408356322580648,12.55471379655842,15.278139616985921,12.555430628610853,31
wind_24204,12,4,14.741903451612906,12.050126135178182,15.45580043692543,12.26027274311131,31
wind_24204,12,5,14.844961225806452,12.33605134875843,15.537321714915372,12.460593829893805,31
wind_24204,12,6,14.60913222580645,12.1220593770305,15.764481241769534,12.655153944299029,31
wind_24204,12,7,14.788774451612902,11.898504286354303,16.071186347730787,11.918436747590913,31
wind_24204,12,8,14.219866225806452,11.719611166567944,15.03805599032751,11.778189915105909,31
wind_24204,12,9,14.09968870967742,11.499005538288216,14.539270355548071,11.858829453133207,31
wind_24204,12,10,13.047533806451616,10.73102100898174,14.476354786313392,12.23731900330089,31
wind_24204,12,11,12.507007225806452,10.802673327273247,13.076236761156856,10.956730167813275,31
wind_24204,12,12,12.83796529032258,11.1606499117972,13.71705133711592,11.31033700252898,31
wind_24204,12,13,13.549984645161292,10.754287060679212,14.22025794590013,11.165161785571343,31
wind_24204,12,14,12.966085258064517,10.827366125162328,13.516361124339022,11.326336380484653,31
wind_24204,12,15,11.940249612903228,11.184197166157007,13.59712035509096,11.637530279881291,31
wind_24204,12,16,12.11449906451613,11.66262172884379,13.258907876162862,11.700046039041373,31
wind_24204,12,17,13.095828096774195,11.713127612155604,13.301655385297439,11.749681207369415,31
wind_24204,12,18,12.429941225806449,11.1094667239067,13.066794733614028,11.162420223950518,31
wind_24204,12,19,12.422173548387097,10.804047095960899,12.987315721161455,11.014832968677661,31
wind_24204,12,20,12.49176329032258,10.656424857208663,12.868208791807897,10.74580226116784,31
wind_24204,12,21,13.804385451612905,11.378536167952324,13.139870735484237,11.48436380957281,31
wind_24204,12,22,15.33257158064516,11.656802299028637,13.49809829317677,11.423271322573182,31
wind_24204,12,23,15.708446935483869,12.389160000652076,14.8652776734392,12.015626888548878,31
wind_323574,1,0,95.56883338709677,86.69466634339585,92.39228364392392,89.99152183258414,31
wind_323574,1,1,87.41085919354842,86.5461868322996,91.89285665278832,86.60151982861638,31
wind_323574,1,2,85.10350264516131,80.77804050533194,84.7319412381066,85.29428583495587,31
wind_323574,1,3,90.76242532258064,88.61783780417358,85.66215687923271,83.33481890555669,31
wind_323574,1,4,90.05287474193548,82.47609016894641,84.22401533651716,84.27990699515207,31
wind_323574,1,5,94.04057867741935,78.52727784193597,86.18353364748425,83.0472070696497,31
wind_323574,1,6,92.71410861290323,76.83612420768178,84.73811531619874,82.81989741663364,31
wind_323574,1,7,88.05524929032259,75.3030443316446,85.56327589340394,83.28615128992112,31
wind_323574,1,8,81.42677283870968,73.42716193031978,82.71348271324328,80.80039160291878,31
wind_323574,1,9,68.58740293548388,69.72802710669002,75.64834755169407,80.24439122164051,31
wind_323574,1,10,63.528889290322574,67.47247113932772,69.27107097618189,72.2030158526631,31
wind_323574,1,11,72.35519961290323,73.23946310699358,73.01717799640811,73.02845640313798,31
wind_323574,1,12,80.08594032258063,73.49097626036159,80.85885965943956,76.92326748391262,31
wind_323574,1,13,83.15645164516128,79.38467634992399,84.01218694324304,78.99743388600015,31
wind_323574,1,14,82.34706554838709,76.22226431788394,83.18439719340792,83.74808367048261,31
wind_323574,1,15,79.70009822580646,82.14688387757755,85.59816366977101,87.6824408427172,31
wind_323574,1,16,73.95929441935485,85.57558970594646,81.87593701801627,83.90186602546665,31
wind_323574,1,17,69.65045787096774,80.3139425265098,87.22201085044996,87.76944925511029,31
wind_323574,1,18,67.93625712903224,79.70220528635305,80.95848271664141,82.41625061643285,31
wind_323574,1,19,71.94071929032258,79.949036084918,77.26762167295465,79.41901652510485,31
wind_323574,1,20,79.02782306451616,79.82039821865521,81.99887408227924,81.25244970349743,31
wind_323574,1,21,85.63000016129031,80.60883589460583,84.03143849192132,79.38140451473436,31
wind_323574,1,22,83.04630474193547,84.62740385859462,85.96105496467166,80.8421995289862,31
wind_323574,1,23,90.34987309677419,84.3463128540914,87.83532003995651,81.54610137603395,31
wind_323574,2,0,102.47796572413792,91.67081536448293,93.27835781293352,87.2517889038546,29
wind_323574,2,1,100.83889986206894,90.71918762306248,95.20974098931607,89.2178789113251,29
wind_323574,2,2,101.9772321724138,88.9244813877052,93.38319946817582,90.36386349748241,29
wind_323574,2,3,101.56351796551722,88.56673769343809,99.69306675265895,93.91384647098637,29
wind_323574,2,4,106.12370168965515,92.26961400471471,105.2078557074597,96.54326790871548,29
wind_323574,2,5,109.43657906896551,95.0421479587898,107.6169887542774,98.59654951669546,29
wind_323574,2,6,106.43209024137933,91.6733605799896,108.22932860617782,94.81755046354563,29
wind_323574,2,7,111.2322721034483,90.08921505564959,110.28251872024768,93.99344466151759,29
wind_323574,2,8,109.59189955172415,90.19936471211652,112.41381609238292,95.4045169409642,29
wind_323574,2,9,112.17544855172414,91.93317241340114,106.73200133639263,91.91530831150664,29
wind_323574,2,10,101.00367079310344,92.17206947047082,102.7884133208508,92.45890183529765,29
wind_323574,2,11,98.69505648275862,88.55489680171026,103.40719098127157,90.69037429830256,29
wind_323574,2,12,107.02626765517242,88.05748061595405,102.85918227964056,87.56823719758144,29
wind_323574,2,13,102.70164431034483,88.32992908099992,97.78938778274288,84.0078112583736,29
wind_323574,2,14,95.40505213793102,88.08009197871439,94.1319354441388,87.66526482153553,29
wind_323574,2,15,91.19244637931035,87.06965283636231,90.96100630674634,91.13038917294818,29
wind_323574,2,16,88.97383755172415,88.29470107165889,94.40703004164563,94.33845978081823,29
wind_323574,2,17,90.32002213793102,86.48816681699657,96.17039820505775,94.97728386484131,29
wind_323574,2,18,91.816593,90.46312683193548,96.70769040742026,92.23759543044098,29
wind_323574,2,19,93.31826027586206,87.30501426336357,97.53704762100779,91.24629213279789,29
wind_323574,2,20,94.86110227586207,88.52489435561485,96.21275990505747,87.47785054713809,29
wind_323574,2,21,98.2225394137931,86.76162957195321,91.38998979496719,83.85561907564382,29
wind_323574,2,22,101.68442072413792,89.64428920091348,86.24813110719785,82.71709377814572,29
wind_323574,2,23,109.84201151724139,93.40304509478008,95.26934871019257,90.01916336073702,29
wind_323574,3,0,117.0113383548387,86.61254547689177,123.68728650362351,79.60683650324408,31
wind_323574,3,1,122.82185419354839,83.62297479656613,126.17389068335804,82.42564723279331,31
wind_323574,3,2,118.24171087096775,78.14445494399132,127.51093988386359,85.12358642284039,31
wind_323574,3,3,114.36462361290323,85.08913995629962,126.1943928766221,89.58607336116064,31
wind_323574,3,4,107.61870677419354,91.5734525766323,118.92874880125237,89.70885990534069,31
wind_323574,3,5,103.0655530967742,85.12132392667252,118.98028668223198,87.49048182515484,31
wind_323574,3,6,103.13679367741935,82.96854055618901,120.19451422783726,83.2316087270352,31
wind_323574,3,7,100.41303251612905,82.60052250488134,110.81367494983013,80.86754901216678,31
wind_323574,3,8,100.93700048387096,79.4385888200349,104.87406404580891,88.3526030610965,31
wind_323574,3,9,99.06210367741936,82.77830804995337,104.76623129947457,91.25405091409164,31
wind_323574,3,10,100.62190448387094,87.543029145118,106.0969707349315,91.57494552523603,31
wind_323574,3,11,103.70085974193549,90.20337911532401,113.60658521535274,94.63484273452407,31
wind_323574,3,12,110.21436829032258,92.90697226461094,113.87094740224939,93.69815269888159,31
wind_323574,3,13,104.0988364516129,90.37990148072892,108.59419322779796,92.02337305892172,31
wind_323574,3,14,98.00215361290323,86.26145159872333,102.88837740645931,86.8151149580069,31
wind_323574,3,15,91.24057641935482,80.63951338252387,110.50340530140112,86.42367047129125,31
wind_323574,3,16,90.9297059354839,82.5834386236864,107.4306872744993,87.40802888231036,31
wind_323574,3,17,91.48639999999997,84.11744591249966,106.95498440857237,85.0876964220045,31
wind_323574,3,18,96.24835351612903,82.50148672812097,107.73345640514194,80.91298389911515,31
wind_323574,3,19,94.37995345161289,80.1335027298838,104.92331809442304,79.38932519612281,31
wind_323574,3,20,92.80464370967742,83.41511129454278,105.11655701641881,80.84941937149505,31
wind_323574,3,21,92.90633658064517,80.19627902945894,103.30565582861276,82.23290216534747,31
wind_323574,3,22,91.30440103225807,77.29735358243829,100.34231835335282,78.01612316922707,31
wind_323574,3,23,102.37991016129033,88.32417497942808,112.78351121413165,79.91778457083889,31
wind_323574,4,0,78.98336903333332,73.80866125820064,75.4423123615854,74.29265605636701,30
wind_323574,4,1,81.80693876666668,72.75597637177185,87.76986824581134,71.2400747131674,30
wind_323574,4,2,90.08926336666667,81.04021470068272,92.78626158039862,76.66920421207563,30
wind_323574,4,3,88.67668476666668,82.96009361006938,96.24062043992215,78.7298483039682,30
wind_323574,4,4,87.40846333333334,84.38175194788899,99.64382338958093,82.69341885782005,30
wind_323574,4,5,87.71800903333333,83.76308846200918,103.73795773807669,84.56548038101732,30
wind_323574,4,6,89.19792720000001,85.5801748624077,95.31936460377275,86.00287944374391,30
wind_323574,4,7,87.77206613333333,86.8430555032576,96.30839204137973,91.96501070224534,30
wind_323574,4,8,86.37646893333333,87.78981277475391,87.64554407948074,88.07238135267578,30
wind_323574,4,9,85.85589703333333,85.31227673957964,85.16641475284423,87.48633135194522,30
wind_323574,4,10,85.00970409999998,84.53825956515927,91.76788357100423,88.50442601486131,30
wind_323574,4,11,91.62177003333333,87.15654315326319,97.58295372282365,88.39231838739755,30
wind_323574,4,12,85.27512146666666,86.05841298820913,96.25196446036249,86.47002728068156,30
wind_323574,4,13,73.23358123333333,83.2593119417737,95.61131475407682,86.86745671073808,30
wind_323574,4,14,79.23807909999998,85.75334313904274,94.2847292514372,87.2534377654614,30
wind_323574,4,15,81.97886403333334,85.79457843185078,101.85709449912932,89.16616923813896,30
wind_323574,4,16,86.15163903333332,86.40038786766813,107.08988286557192,93.02427795046701,30
wind_323574,4,17,94.41965506666665,90.63293893362427,107.92410225600626,93.00247622083029,30
wind_323574,4,18,90.10253183333334,85.95485062651694,106.76905797439161,91.17401435872311,30
wind_323574,4,19,91.19277783333334,87.42543291374741,100.95043641432021,86.42925281326994,30
wind_323574,4,20,92.22756743333335,84.79930106481059,100.89018330186225,85.46989682277402,30
wind_323574,4,21,87.27118420000001,84.09110959309312,98.44622177521708,84.76854860304627,30
wind_323574,4,22,78.05349166666669,80.16817350458288,88.34400187207024,82.6172121403389,30
wind_323574,4,23,81.69045396666667,78.07295177362121,80.38276617316465,74.18153902642932,30
wind_323574,5,0,47.415643903225806,53.439649130342815,35.04058609585824,48.608164380602766,31
wind_323574,5,1,46.70890306451613,48.79872484494923,50.667622893132055,52.551422013093394,31
wind_323574,5,2,58.58100270967743,63.13677556848002,65.61452201640898,64.17734532552673,31
wind_323574,5,3,61.60357154838708,66.57926939439135,71.44920618760337,73.23526634616864,31
wind_323574,5,4,73.25453783870968,73.22868840578644,68.70480787865527,75.92208749939783,31
wind_323574,5,5,86.52995548387098,81.85103596627378,70.0596151214607,73.14891804977746,31
wind_323574,5,6,78.40947190322579,80.06873242040714,73.537248834462,72.50322660609261,31
wind_323574,5,7,73.64401748387097,78.90047840454298,79.82400619608221,81.23855608914837,31
wind_323574,5,8,73.85682661290322,79.8135693499252,82.93161987433714,79.17244945685374,31
wind_323574,5,9,65.51026112903226,69.30169495241924,68.48790273928456,70.560682928514,31
wind_323574,5,10,64.41984016129032,69.73933952788812,64.16055022578414,72.06981296146823,31
wind_323574,5,11,60.622371225806454,70.60809471069823,63.00430682409304,71.18566423143666,31
wind_323574,5,12,49.15687425806451,63.80724408104123,56.41416308385068,66.874301365401,31
wind_323574,5,13,45.7907416451613,61.476238894910885,56.15084335988907,67.08025693405513,31
wind_323574,5,14,48.854974935483874,67.16856394384334,53.60304354271142,68.91507837673075,31
wind_323574,5,15,49.82500596774193,74.22652201236134,53.1991798103979,71.1573074683545,31
wind_323574,5,16,45.50616464516129,69.53979683605593,53.37486768141048,71.78285301425846,31
wind_323574,5,17,50.11706183870968,70.40477137780219,56.42264690190767,73.67780667109403,31
wind_323574,5,18,52.13894793548387,71.71914350163216,53.795063319779935,69.05947980313482,31
wind_323574,5,19,57.37882551612903,72.23705775404878,65.39829355265319,78.6097181323844,31
wind_323574,5,20,57.69544825806453,75.49837366027008,73.76253685520969,83.19106916972481,31
wind_323574,5,21,47.46006096774193,57.67727666418807,72.77487797087421,74.53625896958998,31
wind_323574,5,22,33.10751561290323,38.19708129588998,56.644118565442334,65.55388256455522,31
wind_323574,5,23,51.46213854838711,59.5181590648328,50.14011073440083,64.84851306352856,31
wind_323574,6,0,58.14975193333333,75.87860762927093,52.88023749630513,69.48640254762621,30
wind_323574,6,1,64.2408387,84.14407170677289,52.630563941639956,70.20808153174033,30
wind_323574,6,2,69.34222016666666,79.8201404280985,59.62299436694277,72.51260513062827,30
wind_323574,6,3,81.18515883333333,71.64347397340055,67.72218064542803,67.70723120625223,30
wind_323574,6,4,80.59106659999999,76.37751389574706,78.53525250142313,76.6193887046104,30
wind_323574,6,5,85.13896736666668,81.77116852968594,83.2409444034346,84.6636322891128,30
wind_323574,6,6,83.48054126666668,83.62337769471995,86.81744755289742,81.3524063816062,30
wind_323574,6,7,83.86764716666667,83.90722592233591,79.33812138354709,77.19483981280956,30
wind_323574,6,8,87.08408463333333,78.36910709112044,74.84908544369328,75.2023622984104,30
wind_323574,6,9,87.43670543333334,77.04941999254035,73.22248728857342,73.47269809069617,30
wind_323574,6,10,70.39496033333333,63.980682493333454,76.34649088014848,75.71198140307118,30
wind_323574,6,11,57.87679683333334,59.26236057309721,64.07603787233835,71.1618024275739,30
wind_323574,6,12,54.05988013333333,57.27181956600644,57.14627457149226,68.59029322087622,30
wind_323574,6,13,49.198766899999995,59.96782985022749,49.00046096763234,59.7044199102125,30
wind_323574,6,14,50.43773233333333,64.76577753956313,45.23086714647459,59.566131506688855,30
wind_323574,6,15,60.312107466666674,71.28326499257403,41.33760920734724,56.242794535090745,30
wind_323574,6,16,68.53409556666665,77.99885090366426,51.04401307331873,64.0537773158991,30
wind_323574,6,17,65.34972839999999,78.5417393969848,57.46136231958959,72.45442902972883,30
wind_323574,6,18,68.5472445,80.88204901425357,58.79658967683382,72.09863208393882,30
wind_323574,6,19,69.13300326666668,78.3194099267568,58.488902399550064,74.09285904342312,30
wind_323574,6,20,69.31015293333334,76.61781724565816,64.29541411530367,82.35584682817212,30
wind_323574,6,21,57.589166500000005,67.4732599581924,60.50142802409188,80.81061669186165,30
wind_323574,6,22,59.06856646666666,72.77002244475294,54.12241229782871,74.36400605930557,30
wind_323574,6,23,54.35925276666667,64.77361997465468,52.736502331700464,66.7811849630807,30
wind_323574,7,0,39.183144548387105,57.81814214866975,32.99292779882318,50.95491404730589,31
wind_323574,7,1,33.67182412903226,43.35600482426963,33.867412621094466,48.82583131769118,31
wind_323574,7,2,36.654192129032246,44.44974905723083,35.92701210084464,44.30611388569578,31
wind_323574,7,3,33.47887467741935,30.495476735842715,35.4661550179312,38.13292042596383,31
wind_323574,7,4,41.330885290322584,36.17523835948111,36.79228724186681,40.16094213421333,31
wind_323574,7,5,40.91174912903226,37.227057599699265,37.478056754503584,46.406040555003074,31
wind_323574,7,6,51.922156161290324,40.50924116867148,39.80445091096148,43.703588141533494,31
wind_323574,7,7,50.75926158064516,42.64555949626144,44.132484528642884,48.05085741602267,31
wind_323574,7,8,43.04293851612903,41.55007411946775,42.212305681730214,43.2693254991058,31
wind_323574,7,9,45.093951290322586,43.29038725987429,44.49705801725928,46.41749062337372,31
wind_323574,7,10,34.82280745161291,37.98699711326525,43.26189216941568,42.656619577358306,31
wind_323574,7,11,34.177406193548386,41.626606389892,39.12449240946802,45.844214188006454,31
wind_323574,7,12,27.464950387096778,36.202811338842,32.23760934426812,50.43851960550794,31
wind_323574,7,13,21.828525483870965,35.17170296408786,21.90993597558462,45.105703956140175,31
wind_323574,7,14,23.426376129032263,40.14431374724117,18.403194224205066,35.92160080173641,31
wind_323574,7,15,28.731891774193542,46.87668527981142,20.11849722853513,38.99812284305562,31
wind_323574,7,16,26.87839583870968,46.69729156526277,21.139712388088558,37.32304311965618,31
wind_323574,7,17,25.138356903225805,38.91470511729534,24.88221727032645,42.03176455997732,31
wind_323574,7,18,25.36825522580645,32.90802272107457,27.91337097964665,44.64178345286747,31
wind_323574,7,19,23.52619048387097,29.623633077082353,26.678325345496813,39.9952134665035,31
wind_323574,7,20,33.82136912903226,48.62179399043284,25.546807458691475,39.68969394047235,31
wind_323574,7,21,28.29474141935484,40.60184889071286,28.77959109925296,47.07411291262532,31
wind_323574,7,22,25.559971516129036,42.207708736011824,23.224675870319015,41.32289363051332,31
wind_323574,7,23,29.838158870967746,47.5786423297453,28.622805015504994,47.20313037089505,31
wind_323574,8,0,57.210781129032256,64.22266163566407,59.71267471727839,65.37237788404269,31
wind_323574,8,1,66.67114167741936,72.97368880325838,66.80347244515279,67.38170182634614,31
wind_323574,8,2,63.87985109677419,70.32185238358143,67.68654195298869,71.9451936758296,31
wind_323574,8,3,68.64428541935484,67.11498727871007,71.55242399141653,70.18191306423549,31
wind_323574,8,4,71.6897252580645,71.89017049940135,73.35966997586458,68.62099048593409,31
wind_323574,8,5,69.99156958064518,67.98822199266233,65.65203890229574,64.9695453607178,31
wind_323574,8,6,63.33452806451613,68.3692837505938,61.13280637745946,61.37944186206061,31
wind_323574,8,7,60.29265029032258,65.89886808973301,56.379941233470205,61.079396230107925,31
wind_323574,8,8,52.35531151612902,57.89877766600251,54.379764662132224,59.42700904337966,31
wind_323574,8,9,48.71730987096775,52.89909748921091,52.72419975759955,60.89008152519397,31
wind_323574,8,10,48.94416551612903,59.7796827714612,51.18808366200532,56.51864756596877,31
wind_323574,8,11,44.475067193548384,52.87329467221197,50.68901451369553,62.889816526523404,31
wind_323574,8,12,40.44123990322581,63.349191472706686,43.72110925857809,56.613876490416544,31
wind_323574,8,13,35.945768096774195,56.086276677052425,42.37081482138205,62.70216522149239,31
wind_323574,8,14,33.53271496774193,48.77935276499376,39.81802610419479,58.76054217671577,31
wind_323574,8,15,40.13837941935484,57.31029458142678,45.35679024125946,61.33975253673936,31
wind_323574,8,16,37.215751612903226,50.12383635002342,48.54015210131832,62.76945000841233,31
wind_323574,8,17,40.403109161290324,48.310588449936766,49.78359462645782,61.60516812364342,31
wind_323574,8,18,45.40878658064517,48.65526234726622,46.84242900820871,60.8600578103006,31
wind_323574,8,19,45.09218296774194,49.831976504168914,45.541882336235126,54.65881374319461,31
wind_323574,8,20,43.4742161935484,44.50120054896416,45.862488930819914,59.59973963471697,31
wind_323574,8,21,48.85950132258065,51.13319173032369,49.25568443291413,64.82607811835831,31
wind_323574,8,22,51.132588451612904,55.21308619509396,50.646061243316296,62.5314383618796,31
wind_323574,8,23,50.64626541935483,56.98420875187115,46.30105833389185,53.02803545351059,31
wind_323574,9,0,47.54208186666667,57.755077021468,45.49772114695815,53.223353375108275,30
wind_323574,9,1,49.28473163333333,59.2302709680925,55.74154979341766,61.6740106601973,30
wind_323574,9,2,57.373635799999995,63.12766759469086,64.44745462500863,68.10464209257592,30
wind_323574,9,3,64.30754023333334,74.0968821804468,73.11660337603028,74.8702548459556,30
wind_323574,9,4,67.25123436666667,76.85025332541336,72.57746931154264,71.06312694727332,30
wind_323574,9,5,65.30215419999999,70.24201645962005,71.59388545643883,72.6101790725547,30
wind_323574,9,6,67.30789583333335,66.94291177659036,71.84060599605569,74.52031769237857,30
wind_323574,9,7,66.00365143333335,64.98925921398704,74.14084127738418,76.93209591324012,30
wind_323574,9,8,65.79247646666667,63.99901151061999,79.76560487035445,78.03103578049297,30
wind_323574,9,9,74.00370943333333,68.5300096389053,75.41953632507577,76.21486901735314,30
wind_323574,9,10,68.27958016666668,70.52267579932163,70.20799878161039,75.93397203010068,30
wind_323574,9,11,64.8678053,70.91060734311995,67.88972925609826,67.41146865990275,30
wind_323574,9,12,60.79039246666668,69.36782427303994,62.91329532038751,64.12454046487996,30
wind_323574,9,13,42.392936633333335,55.24917860328341,52.782443786178256,65.04465574104465,30
wind_323574,9,14,35.538234200000005,55.02766380410739,45.04297957626567,67.0000805931499,30
wind_323574,9,15,37.0995239,61.952964043521426,42.553787237891946,67.7624069152424,30
wind_323574,9,16,38.2056635,60.80145664894053,43.21142162217076,69.10384900161196,30
wind_323574,9,17,41.2319637,65.33586682036602,44.3442157896129,70.6096040167442,30
wind_323574,9,18,39.1878625,60.0925665246127,44.26231901868196,67.82768177611908,30
wind_323574,9,19,39.00439746666667,60.73928479933397,47.34799900401655,73.53155283697909,30
wind_323574,9,20,40.43501560000001,64.51814025640316,45.98974529545184,69.69807997509456,30
wind_323574,9,21,38.71978516666666,64.7285225394026,41.41125578180996,66.8463625960317,30
wind_323574,9,22,33.57448396666667,60.43852166187851,40.58933000934946,66.17895545487445,30
wind_323574,9,23,35.560502,46.91250628954268,40.45235506309454,63.22617802834399,30
wind_323574,10,0,77.82314774193549,74.0088497041481,91.95105096268624,76.02911596775839,31
wind_323574,10,1,78.29709538709676,75.16493502099159,103.6793052814302,75.5562076739783,31
wind_323574,10,2,86.190213,76.38486029419406,101.22407849100942,75.56042118960136,31
wind_323574,10,3,84.74260919354839,80.74995950305475,97.42480027130138,73.7578847254879,31
wind_323574,10,4,85.98878616129032,78.67507435883769,95.2785705158963,78.02105654804346,31
wind_323574,10,5,83.59423287096773,80.53520077962254,94.01669263504418,79.23365526204228,31
wind_323574,10,6,81.58091377419356,84.19728980286463,86.61783092348968,79.33199831770368,31
wind_323574,10,7,82.69852699999998,85.54958460239179,85.08729762251207,78.9423548701532,31
wind_323574,10,8,78.2182886451613,82.99825408088661,88.36582093597741,77.12344468180666,31
wind_323574,10,9,77.3149969032258,82.12711533197232,92.44806468116487,82.79342675768805,31
wind_323574,10,10,75.41067632258064,76.57723972975559,89.28831986802625,78.51459591279556,31
wind_323574,10,11,77.0050753548387,75.52799979521502,90.43481496726405,77.2533500498181,31
wind_323574,10,12,78.20472848387098,74.63679763487822,88.18774674420403,74.52007968594482,31
wind_323574,10,13,70.59201312903227,70.54123125601342,82.90490783818937,72.27167154833309,31
wind_323574,10,14,61.88836496774194,65.42308873433689,75.51443461427431,74.53317697470652,31
wind_323574,10,15,56.21825458064516,56.30965947252812,65.22094779889551,69.00732892344224,31
wind_323574,10,16,57.24378958064516,53.63892289860386,70.07020165862235,65.4106383034376,31
wind_323574,10,17,62.18359306451613,57.43412906146579,76.98755114864157,68.19122994057376,31
wind_323574,10,18,66.35500541935482,61.11294567298476,85.06297182937627,71.89918655179957,31
wind_323574,10,19,68.8865593548387,66.49793791388501,88.85256281906605,73.44761012118718,31
wind_323574,10,20,70.30302216129033,72.05751406080618,85.70183842521101,75.11265184682286,31
wind_323574,10,21,66.25152967741936,69.99112592769825,75.22889718358975,75.55898424361155,31
wind_323574,10,22,69.20012345161291,74.28835466732835,75.19465087469193,73.9228762441661,31
wind_323574,10,23,76.05319570967741,73.0936045318047,88.71145995676868,80.04915764861775,31
wind_323574,11,0,106.94144890000001,82.69054787613396,105.44252824963873,82.91540767934629,30
wind_323574,11,1,99.19954329999999,87.85660988393408,110.50112181037935,86.81647437795871,30
wind_323574,11,2,92.81057566666668,85.39590028947771,94.87521793989696,80.68616297337837,30
wind_323574,11,3,91.5713092,86.83315165000558,98.54760623314618,82.98390710269871,30
wind_323574,11,4,95.98995246666668,83.78161511642367,108.86178505024058,82.82599325413078,30
wind_323574,11,5,106.36378223333334,83.39750675258183,115.72837945639588,84.24449683431573,30
wind_323574,11,6,110.50881770000001,84.08937928779467,115.14766058948021,86.1954678835378,30
wind_323574,11,7,110.74495893333332,87.41249167699644,115.76691324621179,86.70704324539379,30
wind_323574,11,8,112.41563773333333,90.32567182535756,111.67580105214373,85.61134240315229,30
wind_323574,11,9,118.39975483333336,92.85965912803974,114.56401779661239,91.64451851906033,30
wind_323574,11,10,115.30790973333333,92.39793505171222,109.88515625806478,94.06062884148349,30
wind_323574,11,11,112.3858062,91.44715882043909,106.41607034328858,92.07454215940014,30
wind_323574,11,12,107.47910810000002,89.38847764382142,104.99022502584202,93.51465278297228,30
wind_323574,11,13,105.63960716666665,91.85045916507819,109.57954934973962,91.72476087734418,30
wind_323574,11,14,100.5302338,91.50339667281185,113.0782378732869,91.22841480142836,30
wind_323574,11,15,100.0148909,88.98553046041611,107.2027153155302,91.41959695287119,30
wind_323574,11,16,95.92347773333331,88.86740807177296,101.55532178462924,91.34070869402355,30
wind_323574,11,17,89.51075373333333,86.27322341925513,97.74671038387784,91.76814872317075,30
wind_323574,11,18,89.43653590000001,85.23725915711803,101.02543618817018,92.10920002995621,30
wind_323574,11,19,94.09921643333331,87.06666143453158,100.27776080036496,85.72268845134471,30
wind_323574,11,20,91.40198436666668,85.75108514394299,98.90423808254853,82.45169409252755,30
wind_323574,11,21,92.86644376666666,82.35401884509866,96.53128121276633,74.76545404948737,30
wind_323574,11,22,90.71910076666667,78.67622262050534,98.52831485248076,78.60210162210569,30
wind_323574,11,23,99.14584629999999,78.10586808588151,102.20565244205311,79.87209984068947,30
wind_323574,12,0,118.56605729032259,95.96493593477318,114.08438820186991,94.87676918715664,31
wind_323574,12,1,110.86326199999999,94.84761737716897,107.18326763689423,93.15204768928956,31
wind_323574,12,2,111.07534816129034,96.74257672556762,108.52453282446069,94.07049746591194,31
wind_323574,12,3,121.12970683870971,96.40801770851597,105.68673546302455,92.81839739615995,31
wind_323574,12,4,120.68614377419358,93.34203226713468,112.90869513099746,97.27814735831356,31
wind_323574,12,5,126.40456793548387,92.68358176674414,120.5178849955886,95.23438743233534,31
wind_323574,12,6,124.00051183870968,92.30528843372764,112.8451386116416,95.70756912592647,31
wind_323574,12,7,118.89702193548386,93.67528524891121,116.3176583771221,92.80967342893689,31
wind_323574,12,8,116.1213158064516,95.69846402625811,110.9773395652982,91.19529171997766,31
wind_323574,12,9,114.98341841935482,90.29699313776605,115.15747651903709,94.3829504176202,31
wind_323574,12,10,110.52839987096773,90.47973762774612,111.1138284369638,91.42716486333417,31
wind_323574,12,11,101.60452354838712,88.63186532012776,101.65663377157321,86.47170758022905,31
wind_323574,12,12,100.36256241935483,89.36713087537599,100.88329677039754,86.70365945201702,31
wind_323574,12,13,96.71322809677419,89.91145376208476,97.17789806330755,84.60851540144924,31
wind_323574,12,14,88.41343364516128,85.96102846306013,98.83723762597693,86.63137162380937,31
wind_323574,12,15,81.92252825806452,87.44794592904105,97.33205945096988,91.63047488042672,31
wind_323574,12,16,85.37802593548388,93.63166916259352,92.40987493001782,90.141240692189,31
wind_323574,12,17,91.45823193548387,94.90691896004982,95.71858969639509,91.38402179106343,31
wind_323574,12,18,91.44105087096776,89.61715976677979,97.40465057429128,92.6612503486256,31
wind_323574,12,19,97.10312219354839,91.79342593731143,97.43980118884488,91.37969290318425,31
wind_323574,12,20,105.93534477419357,90.8344137601849,100.6077913325764,90.57254792424877,31
wind_323574,12,21,101.34661564516128,91.27116572612786,106.6528668758271,94.44458063535413,31
wind_323574,12,22,110.49917612903225,93.97224116412112,107.21561365456117,94.14395497900678,31
wind_323574,12,23,116.06122906451613,96.06909521323146,112.97325961864863,95.65305951139645,31
wind_323596,1,0,8.507328129032256,8.065465633254824,9.077189603878978,8.087010286411005,31
wind_323596,1,1,8.091185225806452,7.9488073944369795,8.06002539312609,8.211569625353519,31
wind_323596,1,2,7.521630193548386,7.65691020427621,8.944805713412084,8.16336379311007,31
wind_323596,1,3,7.89455070967742,7.953315427970104,8.757557269031999,8.398104694231506,31
wind_323596,1,4,8.198987193548387,7.895865680711842,8.904769666932543,8.211269272428353,31
wind_323596,1,5,8.351243161290322,8.03353639811741,8.875913424951325,7.984369779100294,31
wind_323596,1,6,7.7901287741935485,7.842068090006423,9.030717297470835,8.0430891942689,31
wind_323596,1,7,8.04770135483871,8.185139765218269,8.660630930491179,8.041754638825735,31
wind_323596,1,8,7.466857548387098,7.910933826573905,8.48193663529181,7.783044083962605,31
wind_323596,1,9,7.313577677419355,7.648718112595815,8.26163985634526,8.101276590480028,31
wind_323596,1,10,6.69917593548387,6.67447748632249,8.022665520979121,8.072905971625907,31
wind_323596,1,11,6.5579862258064505,6.374095361868866,7.865137149209904,7.890017959966815,31
wind_323596,1,12,6.936896677419355,6.882375969717921,8.319196266425148,7.508666312755932,31
wind_323596,1,13,6.585233258064515,6.813434361318525,9.203387696982134,7.662463336617783,31
wind_323596,1,14,6.78815964516129,7.430515992221188,8.444451216643929,7.407790460734985,31
wind_323596,1,15,6.80926435483871,7.2171022767382595,8.595642358835546,7.094055561228601,31
wind_323596,1,16,6.979731161290322,7.762524980313454,8.906097102866127,7.1080291459342435,31
wind_323596,1,17,6.792138709677419,7.75725173641006,9.19698396183993,7.196544757469969,31
wind_323596,1,18,7.653286677419354,7.862795890279902,9.279546015585463,7.891044780524317,31
wind_323596,1,19,7.853909096774194,7.644890681949024,9.202255198746487,7.982646984878015,31
wind_323596,1,20,8.755562387096775,7.989323252344637,9.026580087819626,8.026210008074115,31
wind_323596,1,21,8.986431258064515,8.341624973628548,10.059689157342573,7.831832444755217,31
wind_323596,1,22,8.603832580645163,8.117752351978549,9.528207910564348,7.787898669941757,31
wind_323596,1,23,9.120383838709678,8.361018242571387,9.034659145913325,7.999184958215305,31
wind_323596,2,0,7.675387758620689,8.098194580107247,8.221276404816674,8.46671514654168,29
wind_323596,2,1,7.870681241379309,7.99860447109923,7.797664840779056,8.110328630934092,29
wind_323596,2,2,8.680599586206895,8.60798891329614,8.153202817092623,8.117190117294701,29
wind_323596,2,3,9.016971931034483,8.540811035929446,8.584825955502609,8.142619030317759,29
wind_323596,2,4,9.321848724137931,8.765774726152584,9.226333526734537,8.714917131008944,29
wind_323596,2,5,8.803330620689655,8.636083420543011,8.894046532680438,8.492564372979821,29
wind_323596,2,6,8.825520413793102,8.43725285139875,8.885202495095083,8.655129112018582,29
wind_323596,2,7,9.20879075862069,8.808891449013368,8.995492919168157,8.420180786458314,29
wind_323596,2,8,8.260423655172414,8.558205080038693,8.760172105984848,8.119923237182121,29
wind_323596,2,9,8.490734103448276,8.69300934522759,8.456672358922193,8.106290221705727,29
wind_323596,2,10,8.899299586206896,8.990562611640254,8.425831752639372,8.221548344834119,29
wind_323596,2,11,8.028494862068966,8.694951953407656,8.382936528289116,8.137282714726496,29
wind_323596,2,12,8.299925172413792,8.796960600409996,8.517655934827747,8.121813759900782,29
wind_323596,2,13,8.674374862068966,8.525203135214428,8.514402754378398,8.31510865194597,29
wind_323596,2,14,7.849546862068966,8.697644455553677,8.24741223166407,8.355492796653662,29
wind_323596,2,15,6.883598137931035,8.169123731372236,8.112671333521735,8.423106352893225,29
wind_323596,2,16,5.952595103448276,7.482395908549706,8.075011042871688,8.247492614226195,29
wind_323596,2,17,6.111883724137932,7.0255850304023015,7.871820198559296,7.8386208588213595,29
wind_323596,2,18,7.03975324137931,8.166250274012695,7.522219498838667,7.875869613296116,29
wind_323596,2,19,7.173561689655172,8.149283758553102,6.928208142450775,7.401510351468468,29
wind_323596,2,20,8.00008775862069,8.685461330778706,7.640106731670786,7.939061893313746,29
wind_323596,2,21,6.509505689655173,7.915663796771136,8.376218130785713,8.576693286522474,29
wind_323596,2,22,6.896709689655173,8.410242873775427,8.400867788731256,8.471909243846547,29
wind_323596,2,23,7.515630000000001,8.18424271850388,8.667428969393374,8.50413900477347,29
wind_323596,3,0,10.187416225806452,6.586309260206684,10.353184208167875,6.664406724830427,31
wind_323596,3,1,9.271751903225809,6.575609813052294,9.257870436611283,6.034660428527637,31
wind_323596,3,2,8.108312064516129,6.609142605677289,9.123456494468867,7.187181577196902,31
wind_323596,3,3,9.388725645161289,7.184541236578725,9.282407606860867,7.77093779964348,31
wind_323596,3,4,9.695363225806451,7.299897217060675,9.310053458482994,7.7811939038364235,31
wind_323596,3,5,9.297796419354839,7.338005246844162,9.461032560438344,7.764877342549408,31
wind_323596,3,6,9.32401658064516,8.035569308156722,9.428487901939762,7.915148488634055,31
wind_323596,3,7,8.93092170967742,7.862166820600049,8.897722417946383,8.440689223396298,31
wind_323596,3,8,7.4623320322580655,7.3042154943995845,8.184219261205001,7.993201876524885,31
wind_323596,3,9,7.91788464516129,7.280586302857572,7.915167853711819,7.624072814094914,31
wind_323596,3,10,8.392742548387098,8.132561811967538,8.67878757955323,8.03633857798772,31
wind_323596,3,11,8.335273612903224,7.79094958636688,9.552066624562523,8.419646426200314,31
wind_323596,3,12,7.566092225806452,7.293401877592458,9.593154794569783,8.563246166467888,31
wind_323596,3,13,7.705323387096774,7.598991657343277,9.861236028113561,8.43400730073219,31
wind_323596,3,14,8.274938419354838,7.895204587224051,9.734408462560022,8.232672837355341,31
wind_323596,3,15,7.790834483870968,7.819848915364503,9.194296928615545,7.923491762049012,31
wind_323596,3,16,7.264508838709679,7.845477657013443,8.890194545082714,7.951064600574786,31
wind_323596,3,17,7.356462774193549,7.799445281565236,8.600125806348766,7.532162105972218,31
wind_323596,3,18,8.308078322580645,8.051044084361473,8.746060336136612,7.658384042516316,31
wind_323596,3,19,8.038965870967743,8.106693864226463,9.692741489502493,7.866115231937164,31
wind_323596,3,20,8.552133741935485,8.005190171380761,9.37510145090336,7.935224978745522,31
wind_323596,3,21,8.610042032258066,7.7938752677564604,9.660468639049078,7.669680429363638,31
wind_323596,3,22,8.750619161290324,7.681599096359851,9.475970920650278,7.379348354034588,31
wind_323596,3,23,8.578680612903227,6.569270337245492,9.257921668847922,7.0171545128074,31
wind_323596,4,0,7.832927033333334,7.963596105353101,7.313061183064809,6.954662733052607,30
wind_323596,4,1,7.189506100000001,7.377132807363471,6.851321890129772,6.971225738666803,30
wind_323596,4,2,6.0481595,6.716708070004792,7.381577948826356,7.078920017609562,30
wind_323596,4,3,7.203080699999999,7.261688504867267,7.715556334798598,7.094099271462051,30
wind_323596,4,4,6.619218666666668,6.5151054119509935,7.591133268193562,7.187604757447396,30
wind_323596,4,5,7.092529933333334,7.402038210891189,6.749300208550163,7.0572026457515875,30
wind_323596,4,6,6.896630366666667,6.887259933341012,6.894680677064644,7.448335711063013,30
wind_323596,4,7,7.716113433333334,7.701867820928482,6.823753864084775,6.473492880884632,30
wind_323596,4,8,6.799843033333333,7.623290463735087,7.062914736005579,7.005584497893785,30
wind_323596,4,9,6.951610033333333,7.330352985424045,8.568382876242636,7.659265354323425,30
wind_323596,4,10,6.9732655999999995,6.823974255186215,7.932335344637573,7.343132564050388,30
wind_323596,4,11,5.596223966666667,6.690390054130892,7.397111282034735,6.973753390617974,30
wind_323596,4,12,7.114711866666667,7.3575701225241374,6.486525317484439,7.269461250793249,30
wind_323596,4,13,6.149872733333334,7.787647601200285,7.3794984151548455,8.27286197696128,30
wind_323596,4,14,5.925629533333334,7.36326124368137,7.654845750620634,7.986860121436703,30
wind_323596,4,15,6.9750667,8.117538776769848,8.646506368606662,8.576011282273187,30
wind_323596,4,16,7.000811933333332,8.061737364623276,9.121360175497957,9.049681137294572,30
wind_323596,4,17,7.2113021,7.454923295999423,8.713079237761765,8.81735108364348,30
wind_323596,4,18,8.167978233333335,8.315774668829468,8.345984298768126,8.580224377406005,30
wind_323596,4,19,8.3576139,8.320589397178562,9.430400835413407,8.617938611383353,30
wind_323596,4,20,9.289274333333333,8.316992799177918,10.0326878658899,8.530518139847072,30
wind_323596,4,21,8.701852966666667,7.385953907957943,9.558789480004409,7.995214231086277,30
wind_323596,4,22,8.666605666666666,7.838379952123716,9.48481415757751,7.8300464709398225,30
wind_323596,4,23,8.153784466666668,7.5847266442491295,9.209822457806931,7.392441242422053,30
wind_323596,5,0,4.516932838709677,5.6802360562105285,4.047151282780306,4.552320375567334,31
wind_323596,5,1,4.348068032258064,5.5226252294502505,4.5602078624822395,4.6103102203158866,31
wind_323596,5,2,4.2536230645161295,4.8990523650209195,4.427567881198344,5.018585915564965,31
wind_323596,5,3,3.989037483870968,4.965159464639995,4.736788636500207,5.7689702025055,31
wind_323596,5,4,3.9796368709677417,5.384044265130701,4.476079956975348,5.598376091523702,31
wind_323596,5,5,4.166098064516129,5.70551203209661,4.886237551704157,6.237284141307199,31
wind_323596,5,6,3.75291470967742,5.41484905899413,4.215761066951205,5.35071008594868,31
wind_323596,5,7,3.0793340000000002,4.851547600647399,4.693368038198938,6.404908737058489,31
wind_323596,5,8,4.1818979999999994,6.702615993497281,4.296385490832961,6.032763047704298,31
wind_323596,5,9,3.887984903225807,6.476533790452675,3.756884282161563,5.616035524435234,31
wind_323596,5,10,3.734909,5.7507841788086775,4.349191067539495,6.177305646740987,31
wind_323596,5,11,3.0017680967741938,5.050108173957771,4.3413950213043435,6.797480776726388,31
wind_323596,5,12,3.265030290322581,5.6242094866390016,3.9937410180316157,6.818641635450074,31
wind_323596,5,13,3.7445884193548387,6.008734652310771,4.003834577343164,6.480947413934322,31
wind_323596,5,14,3.371045548387097,5.705576060581541,3.8344430788246053,6.417207748820331,31
wind_323596,5,15,3.523178322580645,5.924094704033523,4.2790525964919945,6.5059285737888155,31
wind_323596,5,16,3.5466761290322584,5.524062246797586,4.907264322056198,6.764145815940468,31
wind_323596,5,17,4.436834483870969,6.275164569831753,5.143378390865045,6.908896121371187,31
wind_323596,5,18,4.728663193548387,6.584299923519652,5.656495511875318,6.879059631863348,31
wind_323596,5,19,4.813821741935485,6.217669960731271,6.277235982857287,6.676867968456989,31
wind_323596,5,20,4.914523999999999,6.021801013681311,5.518021268229493,6.337036868918653,31
wind_323596,5,21,4.760994516129032,5.600598214425836,3.516249077922678,4.417016812053077,31
wind_323596,5,22,4.040407258064516,5.338806927724133,4.279709705829688,5.34655157534113,31
wind_323596,5,23,5.150608225806451,6.6104967329927815,4.988326577753099,6.492138605394664,31
wind_323596,6,0,3.8232183333333327,5.674122515885152,4.383637372194997,5.948742332851059,30
wind_323596,6,1,3.9560473666666662,6.031682608449803,4.252002893250738,5.7544264332599075,30
wind_323596,6,2,3.0969169000000005,3.840356284424217,4.541420439355118,5.852196045864129,30
wind_323596,6,3,5.028677566666667,6.218741048098199,5.062630515188696,6.164286644485419,30
wind_323596,6,4,5.319162033333332,6.055981871509066,5.36162028330207,6.6207434192271,30
wind_323596,6,5,5.952801666666667,6.205137255255627,4.617140060863816,5.395533287032506,30
wind_323596,6,6,5.771066399999999,7.300570213000657,5.5577533467406965,6.04477721842738,30
wind_323596,6,7,6.629383033333332,7.693451606295731,6.02894818817155,6.4936710617461,30
wind_323596,6,8,6.6123101,7.030881792534018,6.546408295889481,7.057379962444394,30
wind_323596,6,9,5.472130666666666,6.373355832190812,6.279546850030654,6.902203633319966,30
wind_323596,6,10,3.8157115,5.746170961980921,6.047474681664308,6.576780906884302,30
wind_323596,6,11,3.3820832999999997,4.601848567867776,5.489824044948849,6.39538652272193,30
wind_323596,6,12,3.6126687,5.154758723830291,4.921250444650304,6.540482489848766,30
wind_323596,6,13,4.1133682333333335,6.217575557106948,5.085066974025216,7.3369536931353085,30
wind_323596,6,14,3.6313191333333337,5.355777968790926,5.0061180590417615,7.171838251425393,30
wind_323596,6,15,4.5326882,6.398736884773429,5.985161732686462,8.006577197365967,30
wind_323596,6,16,5.0446984,6.71631679047068,6.631734095703865,8.388835633621442,30
wind_323596,6,17,6.418394166666667,7.85446194846778,6.7471645313506325,8.50665107792598,30
wind_323596,6,18,5.517439333333333,7.40596892282,6.6025418855639,8.467421937561213,30
wind_323596,6,19,5.000605066666667,6.716105317582654,6.3563633698095545,7.8354800656710735,30
wind_323596,6,20,4.9632628,6.965106583632262,6.5452535615374625,8.194790539491914,30
wind_323596,6,21,5.523676000000001,7.175348497272806,7.537513883940325,8.269669148471843,30
wind_323596,6,22,5.189246800000001,6.920021974194124,8.531476307433453,8.30251903242184,30
wind_323596,6,23,6.034042600000001,7.198609460914567,6.717695646736664,7.4697864913370005,30
wind_323596,7,0,2.7434376774193545,4.017555020239328,4.724121295783328,6.222997675671989,31
wind_323596,7,1,2.640686935483871,4.014978923629578,3.260181320331186,4.4962349863653275,31
wind_323596,7,2,2.3372061290322583,3.803552439967516,3.422645385393653,5.040800726156503,31
wind_323596,7,3,2.1875538709677422,3.5308899036279016,3.4476562288981474,4.871051171083558,31
wind_323596,7,4,2.0346219354838713,2.7891070858099005,3.141137148422158,3.829103254175951,31
wind_323596,7,5,2.154698225806452,3.690264473862551,2.4760526771991294,3.7861583699506975,31
wind_323596,7,6,2.244533806451613,2.7927261732094135,2.0804641900715435,2.955214682657153,31
wind_323596,7,7,2.3602853548387097,3.700860019538815,1.8526011936330555,3.7124369222430027,31
wind_323596,7,8,2.1937527741935487,3.8146891740987474,2.3494837235444934,3.9951998840912397,31
wind_323596,7,9,2.406492,3.8040035200453306,2.6089280149024203,4.035072343089544,31
wind_323596,7,10,2.119684806451613,4.073833045736831,2.3876402543246935,4.0555838373820405,31
wind_323596,7,11,1.5059150322580646,3.176297841999934,2.2331764663962894,4.124179114265979,31
wind_323596,7,12,1.5574327419354839,3.6827690998559675,1.967829747880812,4.226971176258224,31
wind_323596,7,13,1.5209685483870965,3.6724527177176727,2.795245265116778,5.529939180078198,31
wind_323596,7,14,1.645121258064516,3.741641164065727,2.485088953186024,5.111169179072877,31
wind_323596,7,15,1.998072064516129,4.23052763265359,2.169437489293768,4.076783696618606,31
wind_323596,7,16,2.795785548387097,5.425694517192515,2.1042083081479377,3.894824480982599,31
wind_323596,7,17,2.7276985806451615,4.6171740446676095,3.4419626699647394,5.103972406681412,31
wind_323596,7,18,2.390434677419355,3.533383678075275,3.5900504129181923,4.601937947759227,31
wind_323596,7,19,2.588082935483871,3.2685084569083176,3.495603835825296,4.385725310627213,31
wind_323596,7,20,3.0076005483870967,4.158333811922887,3.2912153001780484,4.673580861604912,31
wind_323596,7,21,3.76751464516129,5.683047889906809,3.9665196233851323,5.364299512838085,31
wind_323596,7,22,3.1137642258064515,5.019670539531166,3.5599398051833506,5.084224957273921,31
wind_323596,7,23,2.7174853548387095,5.070774861998474,3.075718569891189,4.929313783531254,31
wind_323596,8,0,5.508611516129033,5.9175349427878094,4.7495970337596605,5.663243403006137,31
wind_323596,8,1,4.512988129032259,5.166414330886776,4.512633170875365,5.079540359980058,31
wind_323596,8,2,4.5622810967741945,5.280729428026923,5.098631665353412,5.259771125071985,31
wind_323596,8,3,4.042946967741935,5.546010784212832,4.5609390988776735,4.737501733020778,31
wind_323596,8,4,4.226939161290322,5.838153288112182,4.336797907247132,4.959852529916358,31
wind_323596,8,5,4.384939225806451,5.6623605207616645,3.9890166397802296,5.091940780070509,31
wind_323596,8,6,4.9736195806451615,6.169668388044735,3.339932420358019,4.602415106235732,31
wind_323596,8,7,3.9441698387096777,4.793972591438282,3.0933142068828894,4.0315170929499455,31
wind_323596,8,8,2.832568322580645,2.837451170627627,2.691452113867031,3.0665471292477653,31
wind_323596,8,9,3.2437929032258066,3.5794709666567983,3.5377601513811445,3.699248244298558,31
wind_323596,8,10,2.2009347419354834,2.7338889733701204,3.303307053867172,3.506224211507136,31
wind_323596,8,11,2.2759511290322583,2.9752449037827207,3.39348214134078,3.686712402096159,31
wind_323596,8,12,2.413121806451613,3.9085548042679696,3.0936652353821987,4.316453659002369,31
wind_323596,8,13,2.4576984193548386,3.57123302672636,2.6593264967532133,4.84268211152517,31
wind_323596,8,14,2.8877141612903223,4.112529469373564,2.9094999666301766,4.808202594277709,31
wind_323596,8,15,3.0778410000000003,4.335747083570135,3.3674763779156107,5.215751742060196,31
wind_323596,8,16,3.710834129032259,5.011984698791693,3.724386571609931,5.455138277627464,31
wind_323596,8,17,3.7531817741935485,5.085816449777405,4.559239473187779,6.2022657833772765,31
wind_323596,8,18,4.428768064516129,5.259505672337037,4.797842363468581,5.79712678135519,31
wind_323596,8,19,5.209948677419355,5.337636873094182,5.458277340006018,6.469905765832251,31
wind_323596,8,20,5.674695483870967,6.290251478215074,5.661832728610545,6.136209904671839,31
wind_323596,8,21,5.147235548387097,6.49410391731977,5.7540476082123595,6.153367008477895,31
wind_323596,8,22,4.547464612903225,5.878403484749005,5.975448874442223,6.560691015846283,31
wind_323596,8,23,4.933551354838709,6.123373777230531,5.762708246173689,5.808271087896147,31
wind_323596,9,0,4.2827096000000004,5.751543648173884,4.719697482816154,4.79422941996418,30
wind_323596,9,1,4.741485100000001,5.880747084305503,4.75040410102673,5.303860091795531,30
wind_323596,9,2,4.545166166666667,5.039910601647326,4.851116170778341,4.285305149410906,30
wind_323596,9,3,3.7151039666666668,4.6577864917719,5.535748561516795,5.355305008379189,30
wind_323596,9,4,3.672114733333333,5.125004930073107,5.602553192025542,5.814849304793501,30
wind_323596,9,5,3.797681600000001,4.380469609590621,5.389874452432995,5.835613949082496,30
wind_323596,9,6,4.810543833333333,5.364443124575599,5.0520204861104165,5.869531591809202,30
wind_323596,9,7,4.760231433333333,5.694661822007663,4.451326974421506,5.055447428710434,30
wind_323596,9,8,4.870904899999998,5.551582055537952,4.107443283193718,5.195466972679145,30
wind_323596,9,9,4.1414427,5.681954829941305,3.980083899667681,5.522067358643352,30
wind_323596,9,10,2.8518878666666665,3.872382986393901,4.2056437503911,6.140435980298453,30
wind_323596,9,11,3.1521752666666667,5.068033291181957,3.3876741914454915,5.152016856063638,30
wind_323596,9,12,3.2703967,4.747668162409649,3.153809722379423,4.88672803291677,30
wind_323596,9,13,3.1660214,5.211647643707081,3.165039670929668,4.975211633613245,30
wind_323596,9,14,3.9175693,6.2807276356326796,3.5937755947493772,6.242473330939319,30
wind_323596,9,15,3.6993479333333337,6.164795991070018,3.7627595273683982,6.302320146530458,30
wind_323596,9,16,3.656929433333333,6.735558830662908,3.7899969344004156,6.5115740550748935,30
wind_323596,9,17,3.4658596000000004,6.344607578273541,3.9611416766272307,6.556499416810291,30
wind_323596,9,18,3.8414489,6.511046312494516,4.516044159062491,7.118405899493128,30
wind_323596,9,19,3.8909003333333336,6.3090380965784,3.6771820215278694,6.189438498360223,30
wind_323596,9,20,3.554409166666667,6.359119204592573,3.3352480217374065,5.561700853941725,30
wind_323596,9,21,3.374933466666666,5.371032895482869,2.6952314560904744,4.848507871981623,30
wind_323596,9,22,3.616383866666667,5.665295517660515,3.299056005716079,5.1957032779855155,30
wind_323596,9,23,3.8316704333333336,5.807074977410886,4.155223428271818,5.9205135384176675,30
wind_323596,10,0,6.300491903225805,6.526981699121381,7.428958587301037,6.586763758548005,31
wind_323596,10,1,6.328004999999999,6.503133634900413,7.340378915408315,6.598489000182372,31
wind_323596,10,2,6.192396193548387,6.261706179268382,7.182972786830622,6.608687314982101,31
wind_323596,10,3,4.939533161290322,5.526257392669286,6.54715542394076,6.531926158355553,31
wind_323596,10,4,5.1917642580645165,6.2122835785345085,6.627958971877835,6.833563450836568,31
wind_323596,10,5,4.819218774193549,6.05690495067659,6.110469439149082,6.89893711886052,31
wind_323596,10,6,4.725894774193548,6.451103221268823,6.578421987091634,7.067437410378728,31
wind_323596,10,7,4.773705903225807,6.053190681270301,5.995194737613505,6.604017088152024,31
wind_323596,10,8,4.395722387096774,5.788056979628741,6.454575389188888,6.3861215803807525,31
wind_323596,10,9,4.951164806451612,6.0499693385416125,6.253121816732139,6.477479569099311,31
wind_323596,10,10,4.970736838709677,6.199947762041178,6.791531528630334,6.987941795437919,31
wind_323596,10,11,5.09563493548387,6.224744436063047,6.671831107751792,6.989143399462801,31
wind_323596,10,12,5.163998645161292,5.584704672645317,6.321075119427986,6.480988062914414,31
wind_323596,10,13,4.933833000000001,5.6485601434109505,6.307252817623563,6.241458100559828,31
wind_323596,10,14,5.462351387096775,6.767552399617747,6.782425608765623,6.992784517915348,31
wind_323596,10,15,5.393273032258064,6.610507766608151,7.614295385106858,7.9083566605589,31
wind_323596,10,16,6.096354935483871,7.561226333241118,8.077513056953437,8.181189804856722,31
wind_323596,10,17,6.260671548387098,7.581110173653935,8.511738263350981,8.033072776864962,31
wind_323596,10,18,6.8221474838709675,8.019565944230012,8.835917877193085,8.313059533890984,31
wind_323596,10,19,7.927436193548389,8.542033454658418,9.52202940012246,8.276272907183337,31
wind_323596,10,20,6.694165516129032,7.969168731825701,9.109215766268811,8.47422035939026,31
wind_323596,10,21,7.290556387096776,7.351446414205139,8.101917736418805,8.380522270897973,31
wind_323596,10,22,6.297241838709677,7.298061185111231,8.097096978420607,7.911450377821882,31
wind_323596,10,23,6.611897709677418,7.145330683919918,8.861799501174843,8.223481333185648,31
wind_323596,11,0,9.191712033333335,7.894302175895933,9.935599278961917,8.034179553778978,30
wind_323596,11,1,9.745975933333334,8.611361522613079,9.904752736711947,8.150125327960794,30
wind_323596,11,2,9.4607618,8.605756190120017,9.578360471280432,8.161425805354154,30
wind_323596,11,3,8.830284066666668,8.380001915270466,9.456886332935731,8.271204112977669,30
wind_323596,11,4,8.827108266666666,8.885583573700968,9.60915632291205,8.51531796507936,30
wind_323596,11,5,8.662216033333333,9.083712556052378,9.527474056313013,8.83484808276852,30
wind_323596,11,6,8.632249300000002,8.919508252734603,9.553033802606034,9.026854791186798,30
wind_323596,11,7,8.543684966666667,8.696762780153039,9.292942000432301,8.652393816428196,30
wind_323596,11,8,8.953939033333334,8.580486550725377,9.283967805925474,8.39899059053466,30
wind_323596,11,9,8.658812633333334,8.254689830921736,9.452546172431258,8.368294463322204,30
wind_323596,11,10,7.6303322,7.853602466110465,9.109766311391686,8.381273807695163,30
wind_323596,11,11,7.117681533333333,7.911546197394592,9.11655226733094,8.231552447839201,30
wind_323596,11,12,6.964324666666667,7.795833063701944,8.589584858787093,8.08530481066261,30
wind_323596,11,13,7.011739533333334,7.669251608374844,8.714793855560027,8.122149297033104,30
wind_323596,11,14,7.182853166666666,7.528057560443959,8.748351528045312,8.45090169161625,30
wind_323596,11,15,7.869791700000001,7.795357454044069,9.81614330021228,8.207242970879227,30
wind_323596,11,16,8.373502966666667,7.987804586750067,9.467319067537696,8.381464460470648,30
wind_323596,11,17,8.205401,8.367358096660471,9.406728818507164,8.287718947200839,30
wind_323596,11,18,7.723728133333334,8.18066382159273,9.050713322140147,8.414736950025642,30
wind_323596,11,19,8.270131999999998,8.091241489309345,9.634764962230662,8.453127273113392,30
wind_323596,11,20,8.287183066666667,7.887016504388729,9.381549517879513,8.438320874070502,30
wind_323596,11,21,8.8830226,7.396501903818963,9.925630416805012,8.167659522436303,30
wind_323596,11,22,8.564585466666669,7.323020710979663,9.80723965476655,8.278160005985074,30
wind_323596,11,23,9.490780733333334,8.035414170906897,10.263325389670293,8.132595409147413,30
wind_323596,12,0,10.048403,8.516087031077314,10.418700479603578,8.198053495329688,31
wind_323596,12,1,8.920903774193548,7.78249716303916,9.840691052245012,8.487709767347186,31
wind_323596,12,2,9.005375838709675,7.549079339409498,9.484810230483788,8.751028131475502,31
wind_323596,12,3,8.107073,7.907832792517323,10.401916994447454,8.579631871269884,31
wind_323596,12,4,8.673283935483871,8.165026604376747,10.302315361941305,8.896179794454898,31
wind_323596,12,5,9.429789483870971,8.399878190125335,10.132741456603558,8.756516772614829,31
wind_323596,12,6,8.197005064516128,8.135179173465716,10.217582622849815,8.27357751168342,31
wind_323596,12,7,9.925019677419355,8.241823162625009,9.849525453909347,7.7644949935508585,31
wind_323596,12,8,8.20193306451613,7.908201313571196,9.624472561134073,8.10157743557438,31
wind_323596,12,9,8.094688580645162,7.863985192772572,9.365846251722708,8.138941654637593,31
wind_323596,12,10,8.199544129032258,8.075675657618813,8.552724522367141,8.416726898789321,31
wind_323596,12,11,8.16045029032258,7.760683163952184,8.628722021359588,8.403446595765459,31
wind_323596,12,12,7.815214516129032,7.7037472319698015,8.374255917591313,8.400339812845292,31
wind_323596,12,13,7.731357677419355,7.580429234959766,8.632674994925411,8.11085417281099,31
wind_323596,12,14,7.442759419354839,7.933426053578423,8.287291625205146,7.699285824907168,31
wind_323596,12,15,6.750398161290323,7.6258559110157,8.445825093316806,8.363026888999114,31
wind_323596,12,16,6.089137064516129,7.49233599302388,7.629071083365843,8.013400018650028,31
wind_323596,12,17,6.540893741935483,7.763059387394783,7.738070640287098,8.063671379189623,31
wind_323596,12,18,8.092843580645162,8.57714655598286,8.771074908518855,8.402584703782818,31
wind_323596,12,19,8.495085161290321,8.414794972166947,8.642815845301136,8.356982554561192,31
wind_323596,12,20,8.706600161290323,8.240689262911134,8.816278670829451,8.449317529681126,31
wind_323596,12,21,8.976311032258064,8.206382928381194,9.424835438978716,8.600405220168103,31
wind_323596,12,22,8.81542141935484,8.241561207427052,9.788841628225118,8.445983348821763,31
wind_323596,12,23,9.323228225806455,8.404519477308053,10.034293127528247,8.533412925349316,31
wind_323604,1,0,36.06600080645161,33.483849554653915,37.13030679463914,32.123124103162986,31
wind_323604,1,1,33.62325425806451,31.54565856226215,37.02212826496175,32.34285092736745,31
wind_323604,1,2,35.37903551612904,32.11805857476832,37.02021621845855,32.04293888483236,31
wind_323604,1,3,36.10328522580646,32.12083916609192,36.78508357883398,31.597065697784547,31
wind_323604,1,4,35.48212374193548,31.756523598626927,34.55569180938816,30.742079429634593,31
wind_323604,1,5,35.85630370967742,30.698246091149983,37.93299312452018,31.30530094456983,31
wind_323604,1,6,37.063522032258064,31.168882388272873,35.5134196218806,31.360997161387264,31
wind_323604,1,7,34.71074225806452,30.37444767696209,34.30225861931784,31.42999927740738,31
wind_323604,1,8,32.50835874193549,29.7156202389217,36.12861136383679,31.940942122418768,31
wind_323604,1,9,33.06714419354838,28.52723955658932,37.15337052505905,33.46574469413505,31
wind_323604,1,10,33.17874964516129,29.555787096625462,36.51834587641304,32.984189647202705,31
wind_323604,1,11,36.029845096774196,31.39333889109368,36.37880782731202,32.531206796261074,31
wind_323604,1,12,33.224625419354844,29.815720384344537,37.14478100045641,31.828481281741766,31
wind_323604,1,13,31.097554451612904,29.47036684348181,36.207066730469,30.521896353080276,31
wind_323604,1,14,28.09913790322581,28.35522704700669,37.72236564085641,31.285941253777015,31
wind_323604,1,15,26.315433709677425,29.12987512956848,33.98988617667669,29.045994408967182,31
wind_323604,1,16,25.921551,29.903194211840592,34.89026414265185,29.68431916003909,31
wind_323604,1,17,24.596163032258065,27.774520510012202,31.324905503789505,27.52838869532965,31
wind_323604,1,18,23.395688838709678,26.2760715333265,32.851138706715,29.82046947581243,31
wind_323604,1,19,24.197820258064517,28.184797190357877,32.74960580169027,30.622380552105945,31
wind_323604,1,20,27.000231580645163,28.064121398818443,34.20710499263244,30.033170600687857,31
wind_323604,1,21,30.59520267741936,29.579351590473127,34.36835078193334,30.217842745366173,31
wind_323604,1,22,30.936161483870972,31.31466855775377,32.0307366527234,28.926484415696663,31
wind_323604,1,23,34.756685612903226,31.08864190695469,34.37165461746267,30.147855914378884,31
wind_323604,2,0,31.15312806896552,29.881181868813705,33.4447048601759,29.73433438369305,29
wind_323604,2,1,30.175316586206897,30.65403947938668,32.712787885320175,29.723669732255697,29
wind_323604,2,2,30.463275068965512,29.112304711780972,34.59701170838258,29.141266002428917,29
wind_323604,2,3,32.19190820689656,30.981391898088727,34.898243587693436,29.827793431862734,29
wind_323604,2,4,31.53309537931035,29.177129310817147,34.70201305395131,30.56583473344373,29
wind_323604,2,5,28.697261931034486,28.222960963411662,35.47486179482527,32.04482675189692,29
wind_323604,2,6,33.42217593103449,31.951035160166793,35.70425068079369,31.327890834223666,29
wind_323604,2,7,33.39820382758621,33.00857987145049,34.42928364076368,32.33404191290634,29
wind_323604,2,8,32.66439972413793,30.57112651304832,33.234839076147935,32.27380409826206,29
wind_323604,2,9,34.39921079310346,31.529022978167227,35.797209642089804,32.09443053915925,29
wind_323604,2,10,34.894627655172414,30.86525270051105,37.39971461434554,31.74687164437054,29
wind_323604,2,11,35.93212613793103,32.44703963251915,38.7946001933512,33.25048419705193,29
wind_323604,2,12,34.58246655172414,31.73472741623677,38.46835801692965,32.97657616870342,29
wind_323604,2,13,34.56797210344828,31.74736832094159,38.7461206762205,33.39658862936855,29
wind_323604,2,14,32.21312244827586,31.26488347047396,37.07825759183791,33.689272343702484,29
wind_323604,2,15,33.260278931034485,31.961736249196832,37.28489480593506,33.89975149894082,29
wind_323604,2,16,31.10229365517241,31.422276043630035,36.23938135930798,33.20089881801104,29
wind_323604,2,17,26.95793824137931,29.948908439551644,36.05046929412795,32.76455430040478,29
wind_323604,2,18,26.987629758620688,29.608780724589078,34.88660594398228,32.41836215831487,29
wind_323604,2,19,25.72350020689655,28.424882095419324,34.65062424425799,31.40595436657642,29
wind_323604,2,20,27.50131203448276,29.39698885974741,32.8303199209953,30.352215879254228,29
wind_323604,2,21,27.92755303448276,29.709289522446632,32.64272340152755,30.367082236656163,29
wind_323604,2,22,27.840038379310343,29.04534937880244,33.17400113963127,31.141084082476457,29
wind_323604,2,23,30.596021931034485,29.659511875524707,32.77779146439289,31.22674044364999,29
wind_323604,3,0,32.19719574193549,28.669152831530766,36.20198736032851,33.9980488370686,31
wind_323604,3,1,35.078976612903226,31.353032419837213,38.98136398609724,33.97134056314347,31
wind_323604,3,2,34.867098935483874,31.49778732298694,41.35504991779876,33.164138269770376,31
wind_323604,3,3,35.12903664516129,31.331813657089878,40.272183963624904,33.54396029557146,31
wind_323604,3,4,39.60223677419354,32.43089609373786,37.35274963926193,32.50985838632254,31
wind_323604,3,5,39.99896583870968,31.896304779555486,37.95211807793788,33.14929087886152,31
wind_323604,3,6,39.64315703225807,33.66276087335179,36.515917258655556,32.481900186368314,31
wind_323604,3,7,41.166621322580646,31.913415322758794,38.79997196002021,31.747677757870086,31
wind_323604,3,8,41.739242838709686,30.938989323746387,41.29297668123956,30.174926470149483,31
wind_323604,3,9,37.40927835483872,29.502078174426316,38.418534757086434,30.51737487992297,31
wind_323604,3,10,33.42552232258064,28.961530890484745,37.07843235447241,29.838090596741722,31
wind_323604,3,11,30.90774006451613,29.09742552413259,38.33315577472292,29.359479363507546,31
wind_323604,3,12,34.63014316129033,30.456313924834387,39.601734927211375,29.355381299591592,31
wind_323604,3,13,31.335650129032256,29.915959141734188,36.2756005166028,29.64173736123666,31
wind_323604,3,14,29.103029838709677,29.57816088770732,38.2001821996375,31.100068854383146,31
wind_323604,3,15,27.195559612903228,26.702630024201614,37.485437207026216,31.24946051075201,31
wind_323604,3,16,27.637111451612906,27.650146322460962,39.85125971273643,31.640852069314928,31
wind_323604,3,17,27.337823322580647,28.259977778932242,38.87309819239243,31.244133917148,31
wind_323604,3,18,28.14429741935484,29.617504948717265,35.833895850261094,30.811952805660898,31
wind_323604,3,19,29.77312703225807,28.542418942415477,36.66908687925682,30.712078103055017,31
wind_323604,3,20,28.680804096774192,28.813099788662008,36.32856346078202,29.557583539322884,31
wind_323604,3,21,27.84110567741936,27.932143792103822,36.12788545575618,31.06037055572511,31
wind_323604,3,22,27.387154806451612,29.345631219816614,34.610483642963985,31.41204011805282,31
wind_323604,3,23,29.79340158064516,29.941168476615733,34.03656217489039,31.097371537160967,31
wind_323604,4,0,28.1540216,26.693901142384288,28.121991412466308,25.72710204874926,30
wind_323604,4,1,28.297899500000003,26.922630071103754,30.980117658814937,25.217226514792742,30
wind_323604,4,2,33.5884286,25.075322365093527,34.407995587355565,26.89512019691138,30
wind_323604,4,3,34.102107133333334,26.226359620397893,38.561160726628835,27.443889612936566,30
wind_323604,4,4,31.814432933333332,23.707512025315374,38.77107734596947,24.976504291004737,30
wind_323604,4,5,33.70232216666667,24.91608019344343,37.57161971607039,24.937138004278562,30
wind_323604,4,6,33.19813416666667,24.55981746560986,37.12240689234988,26.424583964831633,30
wind_323604,4,7,32.6589551,24.534354659355053,34.316488825445944,26.159389434549126,30
wind_323604,4,8,29.438931166666674,24.3305691268712,32.03402116045488,26.73608120093031,30
wind_323604,4,9,30.718211866666664,22.38744730606337,33.869899199726305,28.015930810024038,30
wind_323604,4,10,29.04018066666667,26.526864460922305,32.178169210328164,27.57659759741796,30
wind_323604,4,11,26.97542596666667,25.648251536235342,34.672402370643,29.96495700210665,30
wind_323604,4,12,25.502535633333334,26.280206917504415,32.589553360778126,29.645047657381234,30
wind_323604,4,13,24.997143466666667,26.851199457321158,31.38500241690887,30.484355948716008,30
wind_323604,4,14,26.699491566666666,26.844760915555625,30.972445987057245,28.860219573739194,30
wind_323604,4,15,24.90740056666667,25.626890035734842,33.81448873882417,28.26034371023282,30
wind_323604,4,16,25.82611433333333,25.07070745151738,32.89053214738768,26.945665529427004,30
wind_323604,4,17,24.575176333333328,25.70022771743901,34.114622332622744,27.578916485611128,30
wind_323604,4,18,23.466047700000004,25.802329503756205,37.47601428308358,28.373258614415352,30
wind_323604,4,19,24.11306933333334,25.483456481778678,37.99182381844642,30.124902300120844,30
wind_323604,4,20,24.112659566666665,25.725868276065935,39.54037371550452,28.7936349796602,30
wind_323604,4,21,28.628475766666668,26.35796813095811,37.36580497171345,29.061520267211158,30
wind_323604,4,22,25.849644966666666,26.898537687719138,30.834871134438696,27.036667212486524,30
wind_323604,4,23,27.170797633333336,28.922639635196123,30.929137823065545,27.360645677765344,30
wind_323604,5,0,14.208946290322583,19.959793365130473,16.781946711682842,22.379169148005463,31
wind_323604,5,1,18.56121383870968,23.62883098898411,16.752069862126884,19.375024713331342,31
wind_323604,5,2,18.717722903225805,22.095324179003853,18.79057792927736,21.750773747376822,31
wind_323604,5,3,18.003070064516134,18.46491642856092,19.817094184188825,22.521627276645912,31
wind_323604,5,4,21.921655419354845,24.233217974570692,21.88192501801781,22.20211730364805,31
wind_323604,5,5,19.142033032258066,22.14253767360499,21.241154003191003,22.460171573996966,31
wind_323604,5,6,19.828057258064515,24.02687010491221,21.76948956183619,24.00718806856549,31
wind_323604,5,7,20.790238709677418,26.21145521879192,19.297269329292895,20.28862668818631,31
wind_323604,5,8,18.157968,23.527554670635702,23.00363342142347,28.15813413185402,31
wind_323604,5,9,19.63274658064516,26.052918527939216,20.298697425658666,26.0515181089552,31
wind_323604,5,10,20.68160241935484,26.880486664600564,20.517406305728947,25.88845050538583,31
wind_323604,5,11,18.06072609677419,24.015127395560768,18.404393834810325,24.016861963109918,31
wind_323604,5,12,15.31645948387097,24.30414034826713,16.27304819611744,23.832639002786816,31
wind_323604,5,13,14.034659129032258,24.36816685627137,16.470002676444505,25.335883604408558,31
wind_323604,5,14,15.780895451612903,24.349814730841278,16.25421088922162,24.80969588629784,31
wind_323604,5,15,11.883071870967742,20.663391924510737,16.449232890903783,23.900160060325224,31
wind_323604,5,16,11.541144677419354,19.910868319729392,15.200488704872424,23.306941102355413,31
wind_323604,5,17,11.25977435483871,18.429006878387003,16.84304869107282,22.48242255410291,31
wind_323604,5,18,12.107189387096776,19.559777825003724,17.315005178910422,23.275950548074565,31
wind_323604,5,19,12.881835838709677,19.472564250738024,17.347508235263568,22.90356777628718,31
wind_323604,5,20,11.286355258064516,18.257685495134982,16.618364330342246,22.368619871686214,31
wind_323604,5,21,12.31415980645161,20.10612161181292,16.245842146343254,22.526535707078747,31
wind_323604,5,22,10.756579387096776,15.522095023203752,15.60294329318998,21.600657058187238,31
wind_323604,5,23,11.284893064516124,17.90617930796894,15.210315223640773,21.09883752496177,31
wind_323604,6,0,17.249277366666664,22.319143395994175,17.20863903793764,19.836068744344175,30
wind_323604,6,1,21.771656300000004,23.43244313356471,20.786054109148054,22.247091198923414,30
wind_323604,6,2,22.0610517,24.01411275656604,21.87220472300962,21.111882603972873,30
wind_323604,6,3,23.187510466666666,25.05590704546072,24.832742181368932,23.466251732609845,30
wind_323604,6,4,22.097953,19.81773488196028,27.01080351676842,21.510335350410013,30
wind_323604,6,5,22.8139905,19.032445086812288,28.631636355050286,22.66755868931217,30
wind_323604,6,6,24.3954625,22.750624623968456,25.175143069856617,21.575859326170605,30
wind_323604,6,7,25.796822033333328,24.849382465016387,25.352755210397284,22.40099537926958,30
wind_323604,6,8,26.301818033333333,25.94217092903786,28.11069561876022,26.641627003426166,30
wind_323604,6,9,25.26051926666667,26.58087245950496,25.44880682815532,25.49220701329892,30
wind_323604,6,10,20.457287033333333,21.936943774440145,22.460510129518582,22.956649118298746,30
wind_323604,6,11,14.907099066666667,19.290160856878867,19.14980539868481,20.833096396350708,30
wind_323604,6,12,11.173128266666668,16.86550095637218,16.447299581484316,22.116284292440298,30
wind_323604,6,13,10.723297666666667,13.553475019090895,15.156603514070186,21.64374799977937,30
wind_323604,6,14,13.002529666666666,17.499533028065578,16.320184664446653,21.795196857128914,30
wind_323604,6,15,13.574592599999999,14.946489275546057,18.103594505326747,23.271135700308054,30
wind_323604,6,16,19.654943866666667,23.73413032105301,21.38746143561634,24.314410598656096,30
wind_323604,6,17,18.517136533333336,20.785592193659213,25.026251494383448,26.906015883630587,30
wind_323604,6,18,18.050621666666665,20.610483358629473,25.790275796086657,26.573837084538376,30
wind_323604,6,19,21.760396800000002,25.010267901720468,27.070982868266242,27.516661217587696,30
wind_323604,6,20,20.261572,25.76306776787941,29.425022761956356,29.062016923048922,30
wind_323604,6,21,19.61467426666667,23.351036799951043,25.40635811100349,27.759837390755475,30
wind_323604,6,22,16.582518266666668,22.164115314279965,23.95145033662891,26.23057358739202,30
wind_323604,6,23,16.0709084,22.03460509342926,20.235421782164607,24.29643892085595,30
wind_323604,7,0,10.78420306451613,19.191648714913494,13.464919616651235,19.947155791794426,31
wind_323604,7,1,10.037189032258064,18.89613161590563,16.385590015959284,21.301643853929132,31
wind_323604,7,2,12.53461506451613,17.22749878406119,16.77836021875876,19.423119874682776,31
wind_323604,7,3,13.618720483870966,18.312315116715173,17.205399571940585,17.384268932152885,31
wind_323604,7,4,17.429449419354835,18.134662498919404,17.872304881325707,18.290525332180508,31
wind_323604,7,5,15.111139096774192,16.849120534979065,15.44970727280856,17.10680223141188,31
wind_323604,7,6,15.835483806451613,17.49904938286199,13.658110648830649,16.365511661534992,31
wind_323604,7,7,16.714155258064515,17.700022446729673,14.722949200884369,15.73556838856044,31
wind_323604,7,8,15.57848287096774,16.391481928710654,13.728475694837005,13.31463357497088,31
wind_323604,7,9,14.988455612903227,16.94248524849344,14.703206945272743,13.6807975339667,31
wind_323604,7,10,11.788394741935486,13.457370187336604,15.18000041744823,13.576396829630223,31
wind_323604,7,11,9.056932483870968,11.138074143939615,14.115529523281714,16.606110252476885,31
wind_323604,7,12,6.819662032258065,9.492924644537466,11.625656834752586,15.423444872508671,31
wind_323604,7,13,5.309581290322582,8.744718884497912,9.210427692489969,12.108140358097028,31
wind_323604,7,14,5.551873903225807,10.032446538472984,10.75797643136188,14.479853912860529,31
wind_323604,7,15,6.9081012903225805,12.385566219689965,11.492722323926362,15.717556870519244,31
wind_323604,7,16,7.452454064516129,12.890410244611388,12.64164525680899,16.72629283082577,31
wind_323604,7,17,9.149695999999999,16.219806022386713,13.208090646902908,16.857978686635903,31
wind_323604,7,18,9.192182548387095,14.116726674100626,13.139271843143069,17.306384619068638,31
wind_323604,7,19,11.095231806451615,16.17024353472463,14.728895662822902,19.688376828286536,31
wind_323604,7,20,9.099159677419355,14.11549359653672,15.980714043416404,22.048659215083415,31
wind_323604,7,21,9.644732870967742,16.69988301806964,14.938366081624297,21.867597532437824,31
wind_323604,7,22,7.079019838709678,12.171790023268787,13.193493825125548,19.890537162813025,31
wind_323604,7,23,7.315196483870968,14.526711783145993,11.649340381019476,18.870800791500198,31
wind_323604,8,0,12.472824483870967,14.837063285492482,15.327912432568489,18.763898807869417,31
wind_323604,8,1,16.774924677419357,19.927463331652884,19.52271812789534,23.06262368052954,31
wind_323604,8,2,17.96564819354839,19.637711642697784,20.5360609735031,24.661275429597858,31
wind_323604,8,3,17.59129693548387,20.1886890433636,21.27772409410768,23.123241817214186,31
wind_323604,8,4,19.87623512903226,23.43831542656884,23.680032280320507,23.938004728253844,31
wind_323604,8,5,20.356523870967745,23.15900852197906,24.528257696426937,25.31827754103089,31
wind_323604,8,6,23.226100096774193,25.905543105563094,23.741713856251344,23.30497347486039,31
wind_323604,8,7,21.703955838709685,23.818627687914038,21.534836192017067,20.49988973051602,31
wind_323604,8,8,21.339551451612905,22.845768167868908,22.58528967841997,21.728238913548648,31
wind_323604,8,9,19.931912580645157,22.520110290794186,22.61420456127005,23.0267112283678,31
wind_323604,8,10,19.25897667741935,19.535405666739738,22.801395437699153,25.022532770955358,31
wind_323604,8,11,18.629748322580646,21.296986421545245,21.937252661845914,25.28680923351438,31
wind_323604,8,12,12.019603032258066,15.57585027307319,18.426203494679648,23.21396334641092,31
wind_323604,8,13,8.914975935483872,12.588163934771396,17.03849102440115,21.662036679757197,31
wind_323604,8,14,7.145104645161291,10.539322036060693,16.545198996876202,20.957660500600678,31
wind_323604,8,15,7.639493483870968,10.821742492621162,15.406572885497114,20.32715169773059,31
wind_323604,8,16,7.850867838709677,10.875117215768967,14.242855599106045,19.039623884580646,31
wind_323604,8,17,8.866166000000002,12.500191363752178,14.55641557153523,18.384485137055993,31
wind_323604,8,18,8.612914483870966,12.230976668889031,13.21315602513649,17.747550144020448,31
wind_323604,8,19,8.478093161290323,9.932032045057458,12.278986338067993,16.206917865983936,31
wind_323604,8,20,9.872415548387098,14.897553446862403,12.141639390787267,12.14892961459935,31
wind_323604,8,21,9.672978193548385,13.541524864420097,10.863380224870411,10.504705112656314,31
wind_323604,8,22,10.336127483870966,16.725693523159705,13.726526775106539,18.29247124629233,31
wind_323604,8,23,8.51760270967742,9.709350047009643,11.282787664941015,13.32139750869988,31
wind_323604,9,0,10.717159333333331,16.425567852758533,15.206000100511107,20.33660496510077,30
wind_323604,9,1,11.967729999999998,19.397935787226714,15.458537491644465,20.436220367577686,30
wind_323604,9,2,15.277911999999999,22.192280001935586,17.04321417993647,21.931691063024967,30
wind_323604,9,3,17.078881799999998,22.73576638279088,19.328643848310083,24.704409570692764,30
wind_323604,9,4,17.2492894,24.442773560429103,21.543727151095034,27.199945959029336,30
wind_323604,9,5,18.336794766666667,24.646998804415798,23.50518235077043,28.10854799551993,30
wind_323604,9,6,20.28367966666667,24.489871391073372,22.825199259565885,27.841994591991423,30
wind_323604,9,7,19.884268700000003,23.904674116955857,22.72232337504473,29.000603150226905,30
wind_323604,9,8,18.48249306666667,23.90583239946382,22.824190887177835,28.549235267363667,30
wind_323604,9,9,18.53102043333333,21.827992670047554,21.746641730095565,27.72799801633253,30
wind_323604,9,10,16.862238266666665,20.487817501760464,21.06832465941371,26.658400919535204,30
wind_323604,9,11,13.781941066666667,18.30837526546801,18.17979633042588,22.61842143142619,30
wind_323604,9,12,12.073507333333334,17.030783811587195,16.7580391275141,20.887674233172408,30
wind_323604,9,13,9.238331166666665,14.700704008822548,14.295631925774606,18.940378015069864,30
wind_323604,9,14,10.047522533333334,17.828462472838062,12.584831823872308,16.32046381034996,30
wind_323604,9,15,9.715882333333333,14.15275591600176,14.062017677942551,19.825752263878297,30
wind_323604,9,16,10.642105966666666,17.894636250959078,15.042192184743458,21.396855444815284,30
wind_323604,9,17,10.854961933333332,16.725628105322137,15.652710083898972,23.20461018714323,30
wind_323604,9,18,12.6711625,19.994601071680353,16.39672756972408,25.298237056198214,30
wind_323604,9,19,12.5385499,20.764796381861252,13.92892209979401,22.029337138300193,30
wind_323604,9,20,10.81808633333333,17.48794725596108,14.646430943507902,22.649264710819164,30
wind_323604,9,21,9.837898733333333,16.084639521849823,14.91579980031613,23.619065708237553,30
wind_323604,9,22,9.454162733333332,17.730298990626874,11.652105468118533,19.814090511289688,30
wind_323604,9,23,10.036193433333331,18.41076892674952,11.573613050291987,17.876814486215785,30
wind_323604,10,0,28.635328612903226,26.132036900699827,34.91751391935455,28.45866689768705,31
wind_323604,10,1,28.66922593548387,25.499279447587917,39.112448811016876,27.05351852673197,31
wind_323604,10,2,27.372322032258065,25.54407224643438,39.72930964859577,28.16322518298694,31
wind_323604,10,3,32.473667516129034,26.813245567636827,35.40648281822324,27.65936232824152,31
wind_323604,10,4,30.432661193548384,26.172037391731706,34.14166551687346,28.856991170027932,31
wind_323604,10,5,29.627162967741935,25.367991297939707,33.72741316293698,28.285129199400416,31
wind_323604,10,6,28.91932877419355,25.67478790944257,33.97886109187108,29.871493746820303,31
wind_323604,10,7,27.331303806451608,26.100398133479374,32.777965923615106,28.913166993897065,31
wind_323604,10,8,27.336904645161294,25.874450294415443,32.97923446947005,29.001902639852847,31
wind_323604,10,9,31.064675129032256,29.137838883192796,33.67000170599092,28.715180321414845,31
wind_323604,10,10,28.297248645161286,27.46214943427585,35.153085024470755,29.40206491814873,31
wind_323604,10,11,28.92185567741936,27.634189462930475,34.19151757257474,29.48266946664647,31
wind_323604,10,12,30.198940193548385,27.42744179190751,35.49236680118875,29.07969152668061,31
wind_323604,10,13,26.170026387096772,26.865552861336536,33.81771437469489,28.356678786515733,31
wind_323604,10,14,23.401336516129035,26.528508688933243,31.56780358703786,28.292997877877966,31
wind_323604,10,15,22.272815806451614,25.199180752141157,27.576361715107982,26.59396252079219,31
wind_323604,10,16,22.3187074516129,25.024653761354745,28.204631220506858,26.685671570741036,31
wind_323604,10,17,22.914664129032257,23.053304951233343,29.62392065107127,28.16696941887457,31
wind_323604,10,18,23.37501122580645,23.480524431302772,31.65431337630113,28.942254222864097,31
wind_323604,10,19,24.649401709677413,22.514783307859066,32.429018127101415,29.794100694409874,31
wind_323604,10,20,24.23942406451613,23.979117802956935,32.730080831454536,27.5773866637874,31
wind_323604,10,21,24.03003648387097,23.10208287816953,32.630382592462595,26.505461643528104,31
wind_323604,10,22,24.80804087096774,24.255754066471447,33.76031384923358,26.454838929803575,31
wind_323604,10,23,27.844120967741937,27.082017942885077,38.315811022980405,29.44468115932139,31
wind_323604,11,0,35.95738656666666,28.137789547844495,38.37620967474093,27.875664050499235,30
wind_323604,11,1,34.12408346666667,27.100020039065694,37.90389723910404,27.338346097996652,30
wind_323604,11,2,34.16255936666666,29.52044907824082,38.20213031107057,29.768193084618503,30
wind_323604,11,3,31.83607926666667,29.39953117046437,36.0068178549532,30.09186998662492,30
wind_323604,11,4,30.766924366666668,31.0133958953285,37.69212194662519,30.606685003929982,30
wind_323604,11,5,33.8513551,31.3470152774349,38.619263275790324,31.30790297757558,30
wind_323604,11,6,35.136000333333335,31.892824218568606,39.18929739134576,31.989914929790327,30
wind_323604,11,7,37.07124356666666,32.02513539198325,39.32494616548949,32.18851853076591,30
wind_323604,11,8,34.591783299999996,30.991287713283576,40.42459676482543,33.68979384940798,30
wind_323604,11,9,35.462940966666665,32.09466632146152,40.66166796826331,33.41529362219693,30
wind_323604,11,10,35.09953353333333,32.29547820908799,40.52783544320461,32.63509254055902,30
wind_323604,11,11,36.848550533333324,31.457299093267377,40.74900946848721,31.831986096595543,30
wind_323604,11,12,37.899357300000005,31.110961335365396,38.336547912428976,31.818571321011902,30
wind_323604,11,13,35.49452843333333,31.129118886860887,39.621365688389105,31.55845288072778,30
wind_323604,11,14,33.771737200000004,31.803757221065023,38.756382574086985,31.420905887756295,30
wind_323604,11,15,31.480380800000002,31.513803454935356,37.98767965394922,31.787798568042593,30
wind_323604,11,16,31.728129633333335,32.002553910610764,37.02020044496066,32.09096701812717,30
wind_323604,11,17,33.24613039999999,31.180543745192264,37.72084888047813,31.641309648068937,30
wind_323604,11,18,34.26282606666666,30.83490672528018,39.541186855913715,31.7388945713328,30
wind_323604,11,19,33.82233086666666,30.795719255771274,39.73425429268238,30.513211576363364,30
wind_323604,11,20,31.71585483333333,26.423968575577593,38.97520998686624,29.93122544535832,30
wind_323604,11,21,32.091103833333335,26.99652422078757,40.12957902862374,28.975924869662418,30
wind_323604,11,22,35.38718806666667,27.928993710051945,42.02663478728147,29.497696003225215,30
wind_323604,11,23,34.920038,27.705196800648565,41.59017290729648,29.635353909489133,30
wind_323604,12,0,35.592073709677415,33.08551440073322,36.29064794804154,30.842789364629223,31
wind_323604,12,1,35.322650903225814,31.24730539020945,34.011381209610526,31.858246599373636,31
wind_323604,12,2,34.925333419354835,31.52750845556896,35.65153121557342,32.28624360616759,31
wind_323604,12,3,30.697160774193552,31.34089179384285,38.300535758029575,32.450328260048515,31
wind_323604,12,4,33.56853296774194,30.92481200325528,38.99882988401692,32.02210604160544,31
wind_323604,12,5,31.78980987096774,30.703438793009372,39.03401632381373,31.946517726626915,31
wind_323604,12,6,30.71213625806452,30.99354129231133,38.403292288821575,32.734445008682854,31
wind_323604,12,7,28.84866170967742,30.39937008082733,37.66778645382402,33.179748589663944,31
wind_323604,12,8,28.84461306451613,30.667560506859658,37.36958871534923,33.86300187875292,31
wind_323604,12,9,32.600958,31.20420021004711,37.388769186379626,33.50668800209762,31
wind_323604,12,10,33.09736203225807,30.13322140112619,37.09546764738638,32.51396826493294,31
wind_323604,12,11,35.02634145161291,29.642625125422146,34.71784721744064,30.158533865540676,31
wind_323604,12,12,32.4857095483871,28.850398938516246,33.817614131087545,28.480982506724747,31
wind_323604,12,13,29.71667009677419,28.1121293364791,34.03246178563071,28.18023152293805,31
wind_323604,12,14,27.542291548387098,26.531495103818166,32.95662405637739,27.904653543223215,31
wind_323604,12,15,24.57003425806452,26.44561214404267,31.00328715084494,27.031828100636307,31
wind_323604,12,16,22.184011967741938,26.82588999709382,31.201816701540473,28.959483603413638,31
wind_323604,12,17,22.878429032258065,27.672441963636867,30.897542682114814,29.00312049654503,31
wind_323604,12,18,23.558013903225802,28.422440805050446,29.57872576296077,29.494734891092488,31
wind_323604,12,19,24.054703741935484,28.20804205286139,30.3611022001515,30.96754224090978,31
wind_323604,12,20,26.061320741935482,29.669624210013385,29.923093564827727,31.450458670903746,31
wind_323604,12,21,32.15699183870967,32.63877981661873,31.51454219804322,31.536245196956383,31
wind_323604,12,22,33.15005109677419,32.66212537533746,33.67007208961655,32.91575409276594,31
wind_323604,12,23,34.83782312903226,30.981838312573913,34.440691977667896,32.00890874897359,31
wind_323605,1,0,43.90924680645162,41.726973317895315,44.51961076451552,39.62908599485618,31
wind_323605,1,1,43.29942248387098,41.01823564872009,44.51853486454471,40.444957269632845,31
wind_323605,1,2,43.162482193548385,40.97985824377024,44.37623002698258,40.29644574437253,31
wind_323605,1,3,43.76083525806453,40.532286542473656,43.57642526638302,40.1068690361871,31
wind_323605,1,4,40.1990896451613,37.2789777753185,41.58671963345051,39.10822258958791,31
wind_323605,1,5,39.80812829032258,36.02849152083549,43.89112899273091,37.4356578460829,31
wind_323605,1,6,45.26874216129032,37.727310430457464,43.86431660668832,37.72182680752943,31
wind_323605,1,7,38.713809354838716,35.40572061684995,43.08339783198816,38.9973124141336,31
wind_323605,1,8,37.71194761290323,33.050676954665,43.285550947745804,39.40332917593878,31
wind_323605,1,9,40.5136305483871,33.754207267893044,44.126519814422075,40.172346189172416,31
wind_323605,1,10,40.75493435483871,35.25466534458032,46.02206082954932,40.1680230605835,31
wind_323605,1,11,41.64861516129032,36.20966694248212,45.72423181542864,39.97323909376565,31
wind_323605,1,12,38.70055012903226,35.0400830578122,46.056012642483196,38.65239636492053,31
wind_323605,1,13,36.7668464516129,34.09303004256907,46.30271755733245,37.64119074040396,31
wind_323605,1,14,31.70426483870968,34.16791936946158,44.62662127214491,37.27898080794854,31
wind_323605,1,15,30.96074,34.21013215673183,39.92367066802812,34.92542771476264,31
wind_323605,1,16,29.798972870967745,34.19011753552194,39.16006630292656,34.74312883933153,31
wind_323605,1,17,28.19457909677419,32.10173263274559,36.503597325735896,33.41928929826768,31
wind_323605,1,18,26.626474161290318,30.140892122631037,39.038648785462684,36.53579507973169,31
wind_323605,1,19,28.178448903225807,33.95686588320537,37.50671045173562,35.935947563064275,31
wind_323605,1,20,30.618371387096772,33.75583310811895,39.66889212690647,36.966201015708165,31
wind_323605,1,21,36.28763509677419,36.25285095290582,39.9242711764691,36.645911229126,31
wind_323605,1,22,36.85578048387096,38.008247696867066,36.874428072658745,35.358293960907844,31
wind_323605,1,23,42.44140716129032,38.920794477483234,39.96704843223219,36.1732818357989,31
wind_323605,2,0,36.467467793103445,35.65993014711477,38.833814833611,34.56516235292048,29
wind_323605,2,1,35.17577924137931,37.2941846099405,40.57795072541528,37.26362249565089,29
wind_323605,2,2,36.28176175862069,36.08647753490993,42.90329519912669,37.42248956220167,29
wind_323605,2,3,39.50057810344828,37.919641596321746,42.78354006695277,37.87338925512872,29
wind_323605,2,4,36.94093606896552,35.72887768871368,42.6820038779827,38.631250410295685,29
wind_323605,2,5,33.082573172413795,34.45668063661575,42.96209079412109,39.42192011570955,29
wind_323605,2,6,37.00367813793103,36.25139738701986,43.13778930066757,38.909406610836584,29
wind_323605,2,7,35.41466724137931,35.07942886257056,40.17493460900773,38.733290483361316,29
wind_323605,2,8,35.04273010344827,33.372104784013565,39.83457252293208,39.004069612142274,29
wind_323605,2,9,39.79561203448276,38.34763524633279,43.09289858560827,39.16017666068327,29
wind_323605,2,10,39.46310734482759,36.61532409470457,43.43920784578368,37.70393098243872,29
wind_323605,2,11,39.8655721724138,37.99530821681298,44.4052359752264,38.76843699387877,29
wind_323605,2,12,37.91985513793104,36.834246985645365,44.947357720095276,38.91481905649135,29
wind_323605,2,13,37.736915137931035,35.72994393921516,43.64088635774879,38.95739759677201,29
wind_323605,2,14,36.236758896551734,36.608825180829164,43.91036398122666,41.49655980024065,29
wind_323605,2,15,34.74612844827587,35.537606698278026,42.80237170639525,40.69585336682164,29
wind_323605,2,16,32.55583486206896,36.360048753070714,42.90021968839594,40.05880681014346,29
wind_323605,2,17,28.50940031034483,35.710462502857666,42.27297954490843,39.673883607412264,29
wind_323605,2,18,29.273998137931038,36.23061008549139,40.86502587668294,38.413988339749565,29
wind_323605,2,19,28.13809651724138,36.022385887116386,38.2468850841904,36.511478371807854,29
wind_323605,2,20,31.177379034482758,37.394880198118074,35.87029721554968,35.85090688058545,29
wind_323605,2,21,31.339714344827584,37.15146119831565,36.41313227097516,35.617745601449,29
wind_323605,2,22,32.01013431034483,35.627273627654944,38.22553832700035,37.225781002068956,29
wind_323605,2,23,35.34212503448276,35.5266502404299,39.819871853379986,38.62089049617349,29
wind_323605,3,0,39.20576841935484,35.62756425965295,45.39932907788627,41.40884391489772,31
wind_323605,3,1,43.18985409677421,38.93084088716637,48.291556274114456,40.823405231437235,31
wind_323605,3,2,44.111221516129035,39.77095549120245,50.78785698939445,40.23359214895223,31
wind_323605,3,3,42.932852129032256,36.28767422669788,48.92547851013398,40.934344748194924,31
wind_323605,3,4,43.392433,38.014749236257096,45.53947052217602,40.64855004567033,31
wind_323605,3,5,46.08225209677419,38.841255176120086,45.556877750487075,40.206541998545646,31
wind_323605,3,6,45.67512177419355,38.791118164931845,42.02536038272336,37.945410738192585,31
wind_323605,3,7,47.6921305483871,36.946047425610885,45.49378527594497,39.11178647711584,31
wind_323605,3,8,45.88737070967742,36.14240450634937,46.22640287277521,38.37940965003448,31
wind_323605,3,9,39.6299763548387,34.400923062713254,42.99471138096961,38.71551859014014,31
wind_323605,3,10,37.51725480645161,34.176184894990236,43.732426311106764,36.742068436324175,31
wind_323605,3,11,34.07015787096774,34.638430220867974,44.092440778353236,34.15330622545446,31
wind_323605,3,12,36.88873641935485,34.06654337805839,46.9963743994614,35.95542871909166,31
wind_323605,3,13,34.71768041935483,33.814325147257264,43.87207158283024,35.286679529752206,31
wind_323605,3,14,31.290031645161292,33.75266816663358,43.2430313440043,36.755210171203345,31
wind_323605,3,15,30.286030935483872,32.01461382523221,41.31481451047736,36.8462642650839,31
wind_323605,3,16,31.231151451612906,33.38677404865916,44.902795007444794,36.9006923982081,31
wind_323605,3,17,30.293387322580646,34.041115047423574,43.842689116460676,36.57719330261551,31
wind_323605,3,18,31.507543225806455,35.391366826230076,41.40997482915447,36.66095771371946,31
wind_323605,3,19,32.379399193548394,33.39355841219846,42.24515197331992,36.70969980719316,31
wind_323605,3,20,32.420621064516126,34.60644061494488,42.35484972299817,35.93191310522769,31
wind_323605,3,21,32.77648041935484,34.491002935756036,43.02330011928217,37.30323258641023,31
wind_323605,3,22,32.02584635483871,34.98553746355284,41.13117313216539,38.20333770800737,31
wind_323605,3,23,36.25051932258065,36.01570489323705,41.232329266536546,38.705915415945555,31
wind_323605,4,0,32.022314200000004,31.233737220422398,32.39321546789669,29.277781252279645,30
wind_323605,4,1,34.6967275,31.952341989999958,38.769564278054226,30.737525641970187,30
wind_323605,4,2,40.12507086666667,31.408762696398792,42.57672531712883,33.1324214929997,30
wind_323605,4,3,41.6937758,32.471813496041825,47.181715445834065,32.898507607699024,30
wind_323605,4,4,38.887670166666666,29.644317266049097,46.11588761599145,30.75534667001508,30
wind_323605,4,5,38.6045503,29.32676024847613,42.6174710263593,31.047897493582685,30
wind_323605,4,6,40.338714466666666,31.845766818965714,42.779904079161604,31.750708737709918,30
wind_323605,4,7,39.56196303333333,32.49439316115635,41.92629307412982,34.74241289163148,30
wind_323605,4,8,36.629659933333336,34.049002901615935,39.480504604195026,34.830341775125106,30
wind_323605,4,9,37.80480966666668,32.00237009660681,40.558862368755335,36.4794368106828,30
wind_323605,4,10,35.01390013333333,32.9766495581334,39.26202630482298,36.15648808901293,30
wind_323605,4,11,32.900535866666665,34.0579401779843,41.711167061109194,38.28554250024061,30
wind_323605,4,12,29.568920366666664,31.854951311708795,39.47476500882263,38.63746428250245,30
wind_323605,4,13,29.925056366666663,33.163009095938925,37.116118177267026,38.683166441877525,30
wind_323605,4,14,30.88444133333333,33.612314427293704,36.65766189785748,35.73831029340681,30
wind_323605,4,15,29.109444066666665,31.922438962520847,38.516020219244304,34.65082165780171,30
wind_323605,4,16,30.34746406666667,31.556960363819453,37.15884917736003,33.06555450377896,30
wind_323605,4,17,27.42891706666666,31.184697185213064,37.48416081057921,33.844976830652925,30
wind_323605,4,18,27.089989433333336,32.910141243330116,41.92222755661267,33.9747085609497,30
wind_323605,4,19,29.12852186666667,33.1110353404453,41.90939631260632,35.44954857351481,30
wind_323605,4,20,27.12308906666667,32.20915310289263,42.60681376222043,34.581889171181324,30
wind_323605,4,21,31.251601066666662,31.687118131371154,43.20150786278129,38.253171098487606,30
wind_323605,4,22,29.814635,33.48344780863424,33.47584999590588,32.85302175617688,30
wind_323605,4,23,31.406770466666668,34.15707906815009,35.92580357460565,33.219329167702206,30
wind_323605,5,0,16.48616187096774,23.04637797505873,20.32271610520178,26.799502620056074,31
wind_323605,5,1,20.89925683870968,26.799899486239262,19.315426914521836,20.969535975960003,31
wind_323605,5,2,20.87761319354839,25.707914681227127,21.522659993540916,23.705826209948736,31
wind_323605,5,3,20.162514161290325,19.854587942977755,22.26717866851916,25.579903503437052,31
wind_323605,5,4,26.630303096774195,31.226830387240707,26.868157496351735,29.26324332385794,31
wind_323605,5,5,21.464716741935483,25.70381178879402,25.163939735217472,27.90003488834824,31
wind_323605,5,6,23.959475032258066,28.339261591671974,27.19657575477904,30.243476918134945,31
wind_323605,5,7,24.49903264516129,32.21155928754991,25.503465766025375,27.527631808780157,31
wind_323605,5,8,21.736588129032263,29.450526573488624,28.352842010069246,33.996033356254976,31
wind_323605,5,9,21.907829096774194,29.70726732425368,24.752428719372848,30.522232127364973,31
wind_323605,5,10,21.407035935483872,29.07764285635919,23.093774359002236,28.78123771952907,31
wind_323605,5,11,20.73347719354839,26.86332652929237,20.224612003346127,28.438479169903378,31
wind_323605,5,12,17.045798096774192,27.080266122394967,17.74235587265646,28.31139758676493,31
wind_323605,5,13,16.27392461290323,27.865563622571837,19.086135957806643,31.666204744231084,31
wind_323605,5,14,16.291139903225808,27.73639648556415,17.9187563895067,28.985481783203433,31
wind_323605,5,15,12.155587387096775,24.445244426127193,18.727841401254558,30.23168871195584,31
wind_323605,5,16,11.462092903225807,22.15736278221971,17.415466331086808,29.0769471580029,31
wind_323605,5,17,12.889680483870968,22.587369333581922,17.158134190518357,25.417677620675178,31
wind_323605,5,18,13.308758193548387,23.49794995688882,17.440959772044767,25.54408216642756,31
wind_323605,5,19,13.811531225806451,22.622342535233322,18.621668111875284,24.51882779109474,31
wind_323605,5,20,11.383587774193547,20.08983068280534,17.753371962736807,24.257135571635203,31
wind_323605,5,21,12.545733483870967,21.624080242470125,17.241488969898946,25.5850168962335,31
wind_323605,5,22,11.9538274516129,19.00543779130893,17.541852947929378,25.24638191007525,31
wind_323605,5,23,13.647550709677422,21.691188612542977,17.77171973800951,25.041983185626403,31
wind_323605,6,0,19.658142699999996,25.907462834313346,19.731174301101372,22.279360750007235,30
wind_323605,6,1,24.291997166666665,25.889104732216005,23.049946094904758,23.413523836373557,30
wind_323605,6,2,25.484752133333338,26.836224441450558,26.14770459985332,25.185284421622654,30
wind_323605,6,3,26.372972966666666,28.58426748716347,29.55583904316435,28.108106749798708,30
wind_323605,6,4,25.9989124,23.38838533379123,31.169976445383654,26.92477408500243,30
wind_323605,6,5,27.32087426666667,24.0248275876705,32.31196017634507,27.24266079801493,30
wind_323605,6,6,28.662669133333335,27.727977588726706,28.48147995460527,25.198045313788615,30
wind_323605,6,7,29.936266166666666,30.684043333893907,30.910113574127966,27.295705293625566,30
wind_323605,6,8,28.288710133333332,30.39751576669311,33.94555693126573,32.069451105641505,30
wind_323605,6,9,27.932414333333334,29.581488421235385,31.019357332301567,29.696446071883074,30
wind_323605,6,10,24.395290833333334,28.193384321019195,27.141317882705017,27.192006683422534,30
wind_323605,6,11,17.630725933333334,22.474216538420734,22.425687973398336,23.910304686319428,30
wind_323605,6,12,11.251921233333332,17.244062227538514,19.47516241213267,26.863635561787646,30
wind_323605,6,13,12.518749033333332,15.821344877266906,17.38013510331383,25.88341637986593,30
wind_323605,6,14,15.630255966666668,22.39678894434034,19.965012040931235,26.42077166309192,30
wind_323605,6,15,15.254821000000002,16.38394683876047,21.38114225072395,28.482561446164755,30
wind_323605,6,16,21.401615433333333,25.521089529094,24.893978963343177,28.479835117606395,30
wind_323605,6,17,19.244014666666665,20.273147891023665,28.836424430404488,31.39263097219295,30
wind_323605,6,18,18.841285799999998,21.4295190808562,29.359329154793038,31.33807350498826,30
wind_323605,6,19,24.72327,28.79688484213423,32.319992238787165,34.340444452398614,30
wind_323605,6,20,23.345598833333334,31.33730842762984,33.14461119275652,33.9540602591823,30
wind_323605,6,21,23.22963013333333,29.329112914025615,26.981786229722406,31.919072725632127,30
wind_323605,6,22,18.5093815,26.93327654478052,25.73325743701214,30.510790014065837,30
wind_323605,6,23,17.085614033333336,26.292864964044508,23.342259636332994,29.5141345710388,30
wind_323605,7,0,11.05146529032258,19.214281195187535,14.838036610628672,22.465399753368015,31
wind_323605,7,1,11.102016870967741,21.508844464204124,17.343467427087987,22.93361228579535,31
wind_323605,7,2,12.745277806451613,16.358083027752592,17.84431085081609,21.1510364445478,31
wind_323605,7,3,14.447620806451612,18.18698725646191,20.374076785213063,20.646872399103202,31
wind_323605,7,4,18.53047893548387,18.615998062960877,21.256750909535345,22.064017961778642,31
wind_323605,7,5,17.229599258064514,18.99281640515003,18.489645834162243,20.66445356351775,31
wind_323605,7,6,18.302623580645164,19.80863512743533,15.743254635300177,15.665375711594134,31
wind_323605,7,7,18.733564064516123,19.61473244002723,17.50431702990115,17.699321075497917,31
wind_323605,7,8,17.91925848387097,20.084549127432048,16.342600398017197,16.085315085242737,31
wind_323605,7,9,18.126777483870963,21.267109366444934,18.145568577237405,16.77390366203527,31
wind_323605,7,10,13.693041838709677,15.593944860827076,19.449547455242982,17.46323139159303,31
wind_323605,7,11,10.328436322580645,12.683722927048608,16.461204429633362,18.638461987453805,31
wind_323605,7,12,7.524510774193549,11.369179511876204,13.388565637982298,17.373352179151627,31
wind_323605,7,13,6.285738290322579,10.79206582403115,10.023978907486526,13.73392004435957,31
wind_323605,7,14,6.574534064516128,12.461310851786811,10.764864594946436,14.382219032446843,31
wind_323605,7,15,7.841225612903226,15.04916022194978,12.060468219404665,16.958973511217224,31
wind_323605,7,16,8.391193838709679,14.917666468237593,13.58617999104352,18.934521074071576,31
wind_323605,7,17,9.692866032258063,16.975448530388974,14.28426653256514,18.41196300743396,31
wind_323605,7,18,10.617805516129032,16.40091165931027,14.994446871402008,20.64102459695391,31
wind_323605,7,19,12.550801774193546,18.406429874852318,17.01120024987082,23.66354369571499,31
wind_323605,7,20,10.263320225806451,15.588395966213243,18.31186558566986,26.022946731037692,31
wind_323605,7,21,10.707436516129032,17.295017890839844,17.867820069069108,26.005560284616482,31
wind_323605,7,22,7.579881258064516,12.744961539942436,15.324567707665848,22.282622529126527,31
wind_323605,7,23,6.990068516129032,13.082064345291439,13.869159753758444,21.63093158318296,31
wind_323605,8,0,12.273755483870966,15.610066116778292,14.886554033760936,20.25286033771888,31
wind_323605,8,1,16.605091548387097,19.49318678076039,19.463195359693625,23.5121977659087,31
wind_323605,8,2,19.52137864516129,21.42788795327767,22.571843435850752,27.346158510022395,31
wind_323605,8,3,20.075274258064514,22.33037415682192,24.41564246757083,26.292112078343948,31
wind_323605,8,4,23.207016548387095,27.969578009955512,28.703206568526056,28.345000839686172,31
wind_323605,8,5,24.511012741935485,26.646161417807186,30.756219743012597,30.681126467177247,31
wind_323605,8,6,24.180202903225805,26.009261655423863,29.50713799035027,27.691140201418424,31
wind_323605,8,7,23.12738451612903,25.101959426165056,25.256408610737957,24.770350395093896,31
wind_323605,8,8,22.89346351612903,24.54785088980227,25.73444573466165,25.433531328177658,31
wind_323605,8,9,20.96573274193548,22.33176681608281,27.33279807392231,26.865465748466296,31
wind_323605,8,10,20.44052516129032,19.632722949224334,25.418207463449605,26.658982955785554,31
wind_323605,8,11,19.309820774193547,21.61982890072937,25.135719491167333,26.868192670904065,31
wind_323605,8,12,12.25749522580645,14.999782242428267,21.72869763935846,26.35434457123698,31
wind_323605,8,13,9.501699903225806,13.387273521202529,19.960772482658236,27.085498037466916,31
wind_323605,8,14,7.241287838709678,11.140981644535145,18.090058305685027,24.641922127279877,31
wind_323605,8,15,7.599973,11.898428229742523,16.285519855305804,22.59751148453958,31
wind_323605,8,16,7.559733645161291,12.07459109417226,15.320292417776972,20.985260388015305,31
wind_323605,8,17,8.575900193548387,13.229320995742977,14.766624931887758,19.42775867410727,31
wind_323605,8,18,8.779281322580644,13.167479499871886,14.420392388464322,20.097635323115423,31
wind_323605,8,19,9.429354096774194,11.798710010900042,14.465168964878526,20.18396308506957,31
wind_323605,8,20,10.736814838709677,17.823234322910075,13.479841694755843,14.088800167520423,31
wind_323605,8,21,10.667575580645162,18.800607899692142,12.926668447480091,14.850570855107836,31
wind_323605,8,22,10.434031387096772,19.515923977776378,14.351928459680703,19.972388219717264,31
wind_323605,8,23,10.151860193548385,13.548036906143638,12.466899365946018,15.055193158069867,31
wind_323605,9,0,13.443162733333336,19.905332406017518,16.838349883495955,21.606716981833706,30
wind_323605,9,1,14.1514159,23.173520061181502,17.8641863214002,24.08973985980638,30
wind_323605,9,2,16.57078813333333,22.703177939497554,21.04358611941234,25.92587869645343,30
wind_323605,9,3,19.4983967,23.996124718398384,23.132954777474765,28.86796244145619,30
wind_323605,9,4,20.241645533333333,27.42299926723384,24.862400365042827,31.110827900536684,30
wind_323605,9,5,21.194337966666673,28.460819301138915,28.92486352519175,34.95178274277734,30
wind_323605,9,6,21.828081133333335,26.87986676606736,28.247258348933503,34.70356853502423,30
wind_323605,9,7,21.848723500000002,28.141477014634326,27.52275227294704,35.18139642587814,30
wind_323605,9,8,21.503505333333333,29.07246907638479,27.592270773804913,34.08547784147488,30
wind_323605,9,9,20.126437133333333,23.733355039580243,25.990781159529412,32.6796275941419,30
wind_323605,9,10,17.43715423333333,22.72942395519758,24.07511091679362,31.258888114778333,30
wind_323605,9,11,16.17641803333333,21.710168619367238,21.108216201804574,25.39966488822623,30
wind_323605,9,12,13.0588228,17.775345801928317,19.64074317014904,24.146542313842282,30
wind_323605,9,13,9.645969833333332,15.57016395688008,14.987067456567297,20.60101297128067,30
wind_323605,9,14,9.061080033333333,16.81227602635404,13.868616211885065,18.59437362424027,30
wind_323605,9,15,9.3685791,13.706199024203245,15.14667680536947,20.56727650177545,30
wind_323605,9,16,11.6198971,20.92734822749257,15.925208119470145,22.99438292559242,30
wind_323605,9,17,12.366203133333334,20.18614928958576,16.379547570489517,24.112220717208317,30
wind_323605,9,18,14.184102266666667,23.79761992235802,17.473996302309402,27.20742487605028,30
wind_323605,9,19,13.694767033333335,24.149026786811433,14.631525450880973,25.61673322870135,30
wind_323605,9,20,11.803342366666667,21.083760939111574,15.54063742889981,25.34717097428128,30
wind_323605,9,21,10.203341533333333,18.678087895012396,15.247828285143186,24.023837160636806,30
wind_323605,9,22,8.7129648,14.175861339220038,13.16908838146637,21.851281864463694,30
wind_323605,9,23,10.789534366666665,16.55300839202787,13.902104993438623,20.7527452565435,30
wind_323605,10,0,29.307881064516128,29.45504876480745,42.27473932267722,34.55886261694939,31
wind_323605,10,1,32.93607670967742,29.425670267375942,45.63579525133836,31.92052747884109,31
wind_323605,10,2,32.457956870967735,30.431624566247514,45.175214177777846,33.742449271747915,31
wind_323605,10,3,35.49063996774194,30.458657365086413,41.681792080075915,34.06618024008864,31
wind_323605,10,4,36.4610395483871,32.06757313589687,40.57547822939491,35.360784889410596,31
wind_323605,10,5,34.80577880645161,30.952272672763193,39.00224420922252,33.51702603146473,31
wind_323605,10,6,32.27850029032258,28.390191301345933,37.48965035395938,35.631550430821264,31
wind_323605,10,7,31.193168161290323,30.342132481583775,37.193755510219546,34.685397274953026,31
wind_323605,10,8,31.863665258064515,30.562331541860754,36.01499451431402,34.32963396292781,31
wind_323605,10,9,35.84161319354839,34.31988852777784,39.00205182345607,35.454837577403964,31
wind_323605,10,10,33.22707580645162,33.41349596174845,40.919186673040365,36.14524422499011,31
wind_323605,10,11,34.97439835483871,33.18214727031975,41.03474191590917,36.10068034609223,31
wind_323605,10,12,35.505828903225805,32.4466469917348,41.747655605619244,35.380629937321736,31
wind_323605,10,13,30.848451709677423,32.7007050840583,38.617999387532635,35.00869477146582,31
wind_323605,10,14,26.81845,31.660760808798535,35.88846165119113,34.090505071755246,31
wind_323605,10,15,25.598712290322577,29.296457099598967,32.73097989195437,32.66693475062541,31
wind_323605,10,16,25.429873419354838,28.422637140222097,32.71073868971123,32.373112452106874,31
wind_323605,10,17,25.62063658064516,26.65992214057764,33.659684890977175,33.537236446214024,31
wind_323605,10,18,26.983795483870967,28.148929463867606,36.17064634870977,34.72752985842984,31
wind_323605,10,19,28.324565580645164,26.936640112756244,36.99469737664338,35.73771723133942,31
wind_323605,10,20,26.727433483870964,28.208833124886826,37.759712570458376,33.69847041799326,31
wind_323605,10,21,27.15261261290323,28.5613876811957,36.97547247582652,31.434956771749444,31
wind_323605,10,22,27.255663193548386,26.665332460851015,37.84672030384438,31.370890316020713,31
wind_323605,10,23,30.244151193548387,29.999439635272253,45.17546784825478,35.426947262465404,31
wind_323605,11,0,42.89395323333331,34.10173553551889,44.22471760576711,33.23780425410742,30
wind_323605,11,1,40.47843066666666,34.306980696692115,45.87013708540939,33.54984241785077,30
wind_323605,11,2,42.53479606666667,37.34724839518832,47.694754047039694,36.59294789088839,30
wind_323605,11,3,36.97711246666666,34.87948727018363,45.232198502166554,36.42702620015262,30
wind_323605,11,4,36.6719938,38.7122431792936,46.713054228109606,37.961951451374006,30
wind_323605,11,5,40.43465436666666,37.87837283369885,46.33205297653016,37.99918797129123,30
wind_323605,11,6,41.6785498,38.04587276589738,47.878581153702775,38.872440380571256,30
wind_323605,11,7,44.29918333333333,37.74688580095252,47.58485219963639,39.12526307411269,30
wind_323605,11,8,42.4585887,37.57094439741114,49.369164970292594,40.68589216680618,30
wind_323605,11,9,42.58598826666667,38.90967393344707,50.335051168185714,40.78240647393786,30
wind_323605,11,10,42.706228466666666,39.18085515790891,48.2226099480337,39.45079863132649,30
wind_323605,11,11,44.3963265,39.12455190357253,48.99189957063171,39.13544190154459,30
wind_323605,11,12,44.69650733333333,37.81829352652323,45.90828827013565,39.14485792945577,30
wind_323605,11,13,42.42535826666667,37.39387118469607,47.10718890582354,38.50447055715021,30
wind_323605,11,14,39.418745566666665,39.89330421530346,45.45818584791685,38.660413438841516,30
wind_323605,11,15,36.35129006666667,39.68302046450583,44.543059174863934,39.723173065045714,30
wind_323605,11,16,37.00976620000001,39.63611102543181,43.84157312374831,40.12853135495096,30
wind_323605,11,17,37.1368893,38.10503232579874,45.07401104802539,40.17830595901626,30
wind_323605,11,18,39.11103313333333,36.016584482341344,45.70198940609786,38.536097067641734,30
wind_323605,11,19,39.5319586,36.6637619997397,47.30298403322953,36.9471933796806,30
wind_323605,11,20,36.405031799999996,32.79240083814585,46.58978514569123,36.75108985135342,30
wind_323605,11,21,37.034611166666664,31.265396422058455,45.33449493789369,35.10568689126179,30
wind_323605,11,22,39.97981613333334,31.452829605030736,49.169087670201215,36.05302409468107,30
wind_323605,11,23,38.315029333333335,32.485017967669705,46.835355533604485,36.25181370619516,30
wind_323605,12,0,36.72680780645161,36.821589722842354,38.084891022639695,36.763028182569784,31
wind_323605,12,1,37.723506838709675,37.563213353177964,39.56798014791947,38.86200725680822,31
wind_323605,12,2,36.76399648387097,38.04102165323971,40.35391843095204,39.070261858408735,31
wind_323605,12,3,34.25938229032258,37.398163207869935,40.43126089915083,37.34949847239085,31
wind_323605,12,4,34.406960032258056,36.838339565694554,41.715982714893826,37.730102626397304,31
wind_323605,12,5,34.656759354838705,38.78008579317683,43.795242966970065,38.85442354808488,31
wind_323605,12,6,35.83443822580645,39.04712088231351,43.787512032030044,39.9633499486298,31
wind_323605,12,7,33.565344612903225,38.10301082069356,43.910019102119456,41.39209198590133,31
wind_323605,12,8,31.74537632258064,36.685770415047685,42.35164761966608,40.71343863870672,31
wind_323605,12,9,34.90708106451613,37.36213465856512,40.4735517578404,38.82698985833421,31
wind_323605,12,10,32.96839987096774,34.308528155345066,40.202726420108874,37.74526979761349,31
wind_323605,12,11,36.75165909677419,35.93634322710852,37.98636438171362,35.57489568978467,31
wind_323605,12,12,36.028126903225804,35.987605956447055,37.09280321672642,34.3476541837367,31
wind_323605,12,13,33.87936848387098,35.16908128828021,36.33192731732741,33.810917432373714,31
wind_323605,12,14,31.848753548387098,32.88859389888147,35.827811198398976,34.41589291484724,31
wind_323605,12,15,27.567673548387095,32.90519798922757,33.61226527820448,32.271251705822934,31
wind_323605,12,16,24.671958354838708,32.360194085161574,33.85743375706014,34.207217810278664,31
wind_323605,12,17,25.941976387096776,33.680064217181695,32.80527684361241,34.71019326956,31
wind_323605,12,18,26.537150677419355,34.09139777835838,34.05289679546961,37.049762441300075,31
wind_323605,12,19,26.234523193548387,33.08371068274831,34.65804531933196,39.08677060844462,31
wind_323605,12,20,27.732719354838714,32.97164980523156,33.898215422097536,38.43117632543173,31
wind_323605,12,21,32.725373999999995,37.09126266434398,35.8092124433228,37.12940947743779,31
wind_323605,12,22,35.57491670967741,36.95284100745404,38.65310666244044,37.77960452491563,31
wind_323605,12,23,37.39218332258064,36.63748616258239,38.742550953650785,36.995277983540554,31
wind_323606,1,0,28.304490387096774,32.129683985109054,28.46716904098632,32.45305560111168,31
wind_323606,1,1,28.262074387096774,30.464964773273394,31.335697738432096,34.64059562623292,31
wind_323606,1,2,32.1099396451613,31.996686432506998,31.365568838284638,32.53834335975408,31
wind_323606,1,3,36.42790238709678,34.29630028143435,29.824863425628447,31.81569446590987,31
wind_323606,1,4,33.46372035483871,34.617970031645726,30.491341557731985,33.188914952623605,31
wind_323606,1,5,32.68832858064516,31.893777707374984,31.85432949638046,33.64473313580517,31
wind_323606,1,6,33.28174432258064,34.94388722217948,31.488214222409947,31.47630005846403,31
wind_323606,1,7,34.63411016129033,32.294577220415036,34.661415783063084,33.74413116933824,31
wind_323606,1,8,30.446050580645167,30.700563862894608,33.64163305331105,32.9769627316632,31
wind_323606,1,9,27.73989167741935,28.42380661261741,32.93039197049032,30.27145497622318,31
wind_323606,1,10,28.938622096774203,28.359670909239277,32.13340680730083,30.555869815016948,31
wind_323606,1,11,30.338140129032258,31.22677989708388,30.163740612005306,32.190436146516326,31
wind_323606,1,12,29.62439512903225,29.68442852405225,29.24316221635003,29.463465157711397,31
wind_323606,1,13,25.370675032258067,29.16109379457894,32.925994930177346,31.963074194808982,31
wind_323606,1,14,23.437879322580645,27.497192378388934,32.076380607222944,34.1302277401027,31
wind_323606,1,15,23.892188419354838,29.143731788703615,28.94200452210928,31.55975391335133,31
wind_323606,1,16,21.11794,26.581279308150595,26.151239107902118,30.080785286184092,31
wind_323606,1,17,20.237015870967735,27.634058764678723,26.611922527662976,29.277419868361132,31
wind_323606,1,18,18.629674322580644,25.877182460000522,26.335296946710834,26.469483068594098,31
wind_323606,1,19,20.58845877419355,28.55733322604441,24.690266681503957,29.578831572971275,31
wind_323606,1,20,22.43295225806452,33.75547522884113,22.03905359765375,27.079094959408668,31
wind_323606,1,21,21.8241585483871,31.24615401087176,21.878824559027535,29.780808503587963,31
wind_323606,1,22,19.041132870967736,28.638743250523255,18.656917485967856,24.375329817512103,31
wind_323606,1,23,22.685936290322587,30.513070227253973,19.231665316345087,25.914072153422257,31
wind_323606,2,0,32.63904710344828,36.480906422835304,36.73884331054083,35.09182789861001,29
wind_323606,2,1,33.61521472413793,34.48979756256953,37.278032706016944,35.76831328962658,29
wind_323606,2,2,32.90553055172414,34.46106739078738,35.269103615279015,34.24241462046693,29
wind_323606,2,3,32.63129806896551,32.737317310978845,34.52742229338486,33.25436597137868,29
wind_323606,2,4,29.49197482758621,30.155038635875208,34.13130634451785,32.8174223987113,29
wind_323606,2,5,28.99444655172413,31.70839459759446,35.00826876802987,35.099910713486565,29
wind_323606,2,6,31.54371431034483,34.47825648263292,37.83624396834052,36.39166682890854,29
wind_323606,2,7,34.95014024137931,35.63282230166021,36.73978624476218,37.31334433792488,29
wind_323606,2,8,32.172756793103446,31.121148502769266,35.93234738002518,35.984085312038395,29
wind_323606,2,9,33.200165793103444,32.107779810358046,36.83795521455161,35.32526540913732,29
wind_323606,2,10,35.32686086206897,35.529447947948,39.93619726267985,37.60395289245836,29
wind_323606,2,11,36.78277813793104,36.90169181638795,38.97455490758397,37.12748242407322,29
wind_323606,2,12,34.62584403448276,34.499194206663645,39.56140300729895,36.82998238762421,29
wind_323606,2,13,31.441377896551725,32.29788044506177,42.035058279744796,38.77093147497749,29
wind_323606,2,14,31.305333034482754,33.56827627871524,38.756608232832484,37.91481321360698,29
wind_323606,2,15,30.739622724137938,34.172935794182465,38.29321390179461,37.351206526615776,29
wind_323606,2,16,26.18234610344828,33.02098665707581,37.559050712532176,37.209557204621646,29
wind_323606,2,17,25.970714551724136,32.91159455657847,33.799515682494764,33.400728711468446,29
wind_323606,2,18,26.12177317241379,33.242065339190226,33.91159538607879,33.448363436064845,29
wind_323606,2,19,25.11558217241379,32.14693356091505,31.586794401665696,31.39291599578611,29
wind_323606,2,20,28.154304758620693,34.0518693880733,31.495753627939145,31.530730558691772,29
wind_323606,2,21,29.43102506896552,34.01911195974322,31.400791280513804,30.798526298105333,29
wind_323606,2,22,30.180269586206897,33.235385684932915,33.02254859949874,34.287187395066134,29
wind_323606,2,23,31.60613606896552,32.876618753305685,37.475665236637276,37.62966534578402,29
wind_323606,3,0,34.44945687096773,36.01110796520806,42.3505374690689,40.55837868315354,31
wind_323606,3,1,37.35777941935484,35.54126326633663,46.82990551017784,41.79599084702303,31
wind_323606,3,2,42.59916938709678,38.000750049405895,46.57890374519166,41.40930591517222,31
wind_323606,3,3,41.33182738709678,37.85812690699964,45.38470971134705,40.56165924117894,31
wind_323606,3,4,45.3520611935484,40.0728354845635,47.7867489422378,41.19309426439,31
wind_323606,3,5,44.30645135483871,39.934325765730875,48.3216950582473,41.49529300432101,31
wind_323606,3,6,47.49372399999999,39.81969197550352,48.23256527253427,42.05202309481042,31
wind_323606,3,7,46.95140851612903,38.316462153085844,46.7543335734901,40.351379920079665,31
wind_323606,3,8,46.249015870967746,37.20976015648873,47.60838083125572,38.397862933884774,31
wind_323606,3,9,42.75886741935484,35.484766169772,47.39863584235141,37.5254677977021,31
wind_323606,3,10,40.571825580645175,36.236515247796575,45.9030140202561,36.265060195412026,31
wind_323606,3,11,38.46011245161291,38.45569153783829,42.24800757893763,37.36107582874001,31
wind_323606,3,12,36.435199741935484,36.960533052779674,41.43927632817182,36.620821243499684,31
wind_323606,3,13,33.07985838709676,34.14147623805774,40.59514046781182,36.01839889755396,31
wind_323606,3,14,29.364358516129037,31.844718658980206,40.89538248983168,36.09325130482351,31
wind_323606,3,15,30.789838903225807,32.72341268108428,39.35198131585919,36.0736802078717,31
wind_323606,3,16,30.15604480645161,31.31413307741853,43.50319284357008,37.13641618781978,31
wind_323606,3,17,29.679601806451615,30.8456763523266,42.25804197354202,36.396583241877615,31
wind_323606,3,18,26.85538229032258,30.745119649518443,42.05887624781648,35.80667212547847,31
wind_323606,3,19,31.0836040967742,32.75906936945727,41.61307891279034,35.597336064902585,31
wind_323606,3,20,32.28461625806451,33.42093838496051,44.75356311658263,36.46183126804172,31
wind_323606,3,21,32.878848,33.83020982961636,41.10244455896009,35.68763755693481,31
wind_323606,3,22,30.846270677419362,34.768132873830375,40.10294518125916,36.20604270788948,31
wind_323606,3,23,34.118899032258064,38.04176600072699,41.72217022335711,37.07615894325284,31
wind_323606,4,0,26.928839566666667,28.438872027825347,29.06176002148801,32.363624476132145,30
wind_323606,4,1,27.2564198,29.52782822824593,31.20976067749023,29.12761934881265,30
wind_323606,4,2,30.984061266666664,30.114643525204478,30.964764762036687,29.465038090601503,30
wind_323606,4,3,32.824117,27.917664770746892,34.63526254422577,29.17014358884211,30
wind_323606,4,4,34.99106893333333,28.52773713576219,35.745835691611575,27.99249767646718,30
wind_323606,4,5,34.97988383333333,29.71095128478694,37.500061476318265,28.980280843141625,30
wind_323606,4,6,35.7434014,30.09722733746022,37.51137309445094,30.50268462914417,30
wind_323606,4,7,34.1506701,31.160729868809202,35.58564322045099,31.087523010753596,30
wind_323606,4,8,35.04061226666668,31.330338106114016,33.487984356714854,30.55465292332291,30
wind_323606,4,9,31.6343122,30.13808252263077,34.57861158558157,32.578032845960735,30
wind_323606,4,10,31.213242366666673,32.89282723952323,34.39734383036539,31.207022454064813,30
wind_323606,4,11,31.162772533333335,33.19813902883172,33.030305493595215,30.15426901287831,30
wind_323606,4,12,26.386473299999995,31.78877483224653,33.083348022765826,31.737900115177336,30
wind_323606,4,13,25.918264466666663,30.866505074624953,33.28502276445463,32.81780161760617,30
wind_323606,4,14,27.2667419,30.720540300129688,33.11242726568317,33.49648053844695,30
wind_323606,4,15,28.171407199999997,33.795918662128436,33.755788767852025,32.006116332436726,30
wind_323606,4,16,27.522947133333332,33.71945271011248,33.84390012713181,33.403279795188254,30
wind_323606,4,17,26.351768566666667,30.067291707267582,38.06617867995755,35.54928516776467,30
wind_323606,4,18,29.71583453333334,30.33170281924153,41.08224547751452,35.70118749457575,30
wind_323606,4,19,31.564780133333336,32.29188964137704,42.98946938312627,36.310646702113836,30
wind_323606,4,20,31.67626286666667,32.608749983025234,40.05484549647155,35.35018432193011,30
wind_323606,4,21,32.310967166666664,32.074561773245954,41.34449965601673,36.737698047940626,30
wind_323606,4,22,31.054243533333338,32.74566070403057,36.247987622683304,35.10307492289512,30
wind_323606,4,23,27.861761033333334,29.883549556110385,31.906006178857083,33.77354644968819,30
wind_323606,5,0,16.83484477419355,22.602711996819327,16.06855816809383,20.793789114272222,31
wind_323606,5,1,20.301170741935486,23.19822019638234,21.765960294256146,26.687901831486847,31
wind_323606,5,2,24.93031187096774,28.75083355454187,25.464009167970453,26.921416169286758,31
wind_323606,5,3,22.41167922580645,28.56252205081291,25.743752878469326,24.627206674346095,31
wind_323606,5,4,24.86452858064516,25.49337330252646,27.915072957199865,26.72957534267379,31
wind_323606,5,5,27.632857290322583,28.36485252334798,29.082359467180947,27.281769157696065,31
wind_323606,5,6,23.49278951612903,26.01892812606504,24.865024244906753,25.044800351860466,31
wind_323606,5,7,24.04604135483871,28.087016854950562,23.946004320400476,24.311630101129502,31
wind_323606,5,8,21.50207912903226,27.764415534768524,24.302648826868964,29.085178554666417,31
wind_323606,5,9,18.49056990322581,25.632993461410127,21.33957021780231,26.616793802279325,31
wind_323606,5,10,18.610057451612906,27.425211794322525,21.128308106866204,28.226837297375383,31
wind_323606,5,11,13.863605645161291,22.100376546755786,17.76227934801793,24.97433166093149,31
wind_323606,5,12,11.864376516129031,23.843987528366654,13.58982720699019,23.377234628682338,31
wind_323606,5,13,10.716075483870968,23.438693025081694,14.066695738836739,23.241993284307757,31
wind_323606,5,14,12.987384645161288,26.1728485670581,18.10141749328707,25.742848968925692,31
wind_323606,5,15,14.036873806451613,25.739365544995245,22.08195382666895,29.915577871984322,31
wind_323606,5,16,14.605747645161292,25.509504675914766,22.629478018481077,31.20651230132844,31
wind_323606,5,17,13.085639064516128,24.97971726389025,20.336771786185036,27.41871688204301,31
wind_323606,5,18,13.194216677419357,22.924380212220548,21.364397274322034,27.976227967359797,31
wind_323606,5,19,12.65876951612903,20.811810447004596,19.70886459675931,25.831458343097903,31
wind_323606,5,20,12.579075612903228,19.722051997187815,19.70009549696208,26.681197756247503,31
wind_323606,5,21,11.759832258064517,20.311730192815503,20.22765739904121,25.165509865887667,31
wind_323606,5,22,12.89778064516129,20.829680049233758,18.762818921233116,24.893336377705495,31
wind_323606,5,23,12.353929967741934,19.757398444499575,17.830614688493338,23.048198985058377,31
wind_323606,6,0,14.0654731,18.97499164156605,21.542488642451794,25.24280879267737,30
wind_323606,6,1,21.85917633333333,24.818960757318976,22.174561955383624,26.500777820777273,30
wind_323606,6,2,26.055727633333333,28.20569015229534,25.33833339645091,27.158922820350377,30
wind_323606,6,3,30.497593400000007,31.017448917948478,26.641043796988026,26.581733992067594,30
wind_323606,6,4,28.116253033333336,27.760509120285167,26.386681825270806,26.851008846540505,30
wind_323606,6,5,27.1647965,25.13914652604049,28.902249785613527,25.129690719989796,30
wind_323606,6,6,26.32032706666667,25.580762717580512,27.829408580999296,25.669086481677255,30
wind_323606,6,7,26.800139366666667,28.471444411238103,27.40178711415459,27.896796937474623,30
wind_323606,6,8,26.56608306666667,28.928471958932754,27.010738054523003,25.842759219644662,30
wind_323606,6,9,25.2923149,27.86444933126414,28.453635152539604,27.41765071847964,30
wind_323606,6,10,20.214936266666665,26.5752973726782,23.934854531046756,24.956671097801017,30
wind_323606,6,11,14.3679468,22.619411955006758,23.025895676178582,27.200976162934417,30
wind_323606,6,12,8.048644866666667,17.432651474668898,14.960925398268737,20.911931200679412,30
wind_323606,6,13,8.459821866666667,16.899755221586194,13.659424701534949,22.155134873749653,30
wind_323606,6,14,10.5150887,18.717742224978387,12.51823586924538,23.198185263329876,30
wind_323606,6,15,10.406012166666667,14.862997396555011,13.933451310696471,23.200557973936448,30
wind_323606,6,16,14.810721366666664,21.679248126604037,18.691094310278054,26.06106077634446,30
wind_323606,6,17,16.772140099999998,23.70730829331839,24.61445279989262,29.558516749928604,30
wind_323606,6,18,15.974261533333332,24.590838140449133,24.208499898296495,27.05340101968642,30
wind_323606,6,19,17.691630099999998,23.35793912807786,23.122048548390087,26.693211569909863,30
wind_323606,6,20,19.90955696666667,26.6104935639097,29.823729851583618,31.29796101850373,30
wind_323606,6,21,17.804311733333332,23.02439722263301,30.34208192801835,31.633397375147297,30
wind_323606,6,22,15.984398933333331,22.937117473934713,23.02788640850398,27.753997737240812,30
wind_323606,6,23,18.246144533333336,25.596853690388226,23.217541872161757,28.49138249225362,30
wind_323606,7,0,11.398311774193548,20.906057625992243,14.354820256254841,24.35328531277867,31
wind_323606,7,1,11.502919290322579,19.90613126164579,18.064414605334804,23.389724754806505,31
wind_323606,7,2,12.853348064516132,19.42112546553475,17.04541973142992,20.973551896844427,31
wind_323606,7,3,13.573084838709677,18.246818120233677,17.810669138076033,22.216957927281513,31
wind_323606,7,4,17.067925129032258,18.567800600171402,18.4804328302149,23.62507424606616,31
wind_323606,7,5,16.845395032258065,16.870464724804027,17.00183222388075,22.55695967828916,31
wind_323606,7,6,16.12373977419355,15.064334886704373,15.707648433615402,19.64228823642948,31
wind_323606,7,7,18.11276577419355,17.64204350130391,15.786840429787736,19.59941619302954,31
wind_323606,7,8,15.528153129032257,14.88788436567518,15.122587271595298,16.38592822003257,31
wind_323606,7,9,14.560895387096776,14.26803647622657,13.447661008189314,14.721247798117346,31
wind_323606,7,10,10.254134516129035,11.61337892758156,13.728568314676409,14.837654496148575,31
wind_323606,7,11,6.382420645161291,8.636377947488047,12.238639102192458,13.07924897650968,31
wind_323606,7,12,4.199270709677419,6.629887905385315,10.563876820668028,14.482149993227745,31
wind_323606,7,13,4.550252483870968,8.278494147170385,8.928022011182206,14.076595028774147,31
wind_323606,7,14,4.757636516129032,10.986975745701566,8.174255008019465,13.822111697194876,31
wind_323606,7,15,5.896531258064517,12.22454698117163,8.333975009695203,13.017327826422658,31
wind_323606,7,16,6.133636258064516,12.30179845857964,8.047448856209707,11.283147661288176,31
wind_323606,7,17,7.996423774193548,15.549924503437909,8.465115000714395,12.455067232238953,31
wind_323606,7,18,7.252228677419355,14.096065919559074,9.865776704768328,16.859336263502815,31
wind_323606,7,19,7.321970677419355,13.600610296844087,12.19112809942696,19.912106859896692,31
wind_323606,7,20,9.120221161290322,19.76734295309162,15.969352504734378,26.971410285031784,31
wind_323606,7,21,10.238340096774193,20.72719417695111,16.91197634109215,28.229828986292585,31
wind_323606,7,22,10.095007612903226,19.40261599421243,14.546428850187363,24.640590843893946,31
wind_323606,7,23,9.450861612903227,18.255960853051274,13.478796261977436,24.619613130496557,31
wind_323606,8,0,17.13245922580645,25.35727564322748,19.728215747659533,26.131479412784195,31
wind_323606,8,1,21.682501516129033,28.231009351453924,26.843368770499783,30.59755129172209,31
wind_323606,8,2,22.806842193548388,26.961463590299218,28.653826814198663,33.40309584627485,31
wind_323606,8,3,21.329082903225807,22.738556022361895,28.29466590841737,31.259580525390888,31
wind_323606,8,4,19.780230096774197,21.13787602257469,26.37617793622247,29.74899331392949,31
wind_323606,8,5,20.817299516129033,21.42733796760475,27.200110012494267,28.123272587808614,31
wind_323606,8,6,26.15244609677419,26.328239012800186,27.34428862070889,26.377717673126092,31
wind_323606,8,7,22.901727225806454,24.912112013207892,25.968650772329188,26.3282967392657,31
wind_323606,8,8,20.311679419354835,23.704172371752012,23.873436396934693,22.213229100639758,31
wind_323606,8,9,21.77722006451613,24.20978962236843,25.740517312740057,26.959235332608554,31
wind_323606,8,10,19.15054725806452,22.110904677509097,26.884462449224,30.04773831217239,31
wind_323606,8,11,18.22399416129032,22.05789982580409,26.4689324782148,31.203463981712485,31
wind_323606,8,12,14.267385258064518,17.415184361744252,23.38078722519957,28.29272153196156,31
wind_323606,8,13,8.985787677419356,11.735990984342752,20.152705023460726,26.46302907851133,31
wind_323606,8,14,6.4790345161290315,9.393650775823174,17.644855725548165,22.55027446095161,31
wind_323606,8,15,8.967205967741936,11.210906745586271,19.03784812181694,23.040495812215475,31
wind_323606,8,16,9.617183612903226,13.103931642070545,20.945287301751996,26.50680075490633,31
wind_323606,8,17,10.10851158064516,10.701710366061583,19.087640136109062,23.72045723252178,31
wind_323606,8,18,13.069737419354839,15.987104444016495,16.690000740546505,19.38557729675388,31
wind_323606,8,19,11.805827322580644,13.668694813370584,14.114493842899947,15.548403981334943,31
wind_323606,8,20,11.700457548387094,12.382341549132414,14.254971267611062,14.237785457414812,31
wind_323606,8,21,10.564022387096774,11.602773084558427,16.207846981849865,21.27846271069669,31
wind_323606,8,22,11.996006903225807,17.48140190835462,16.234555418996766,19.976413554792245,31
wind_323606,8,23,13.11828441935484,20.059424651713773,15.441662493649865,19.70643163497973,31
wind_323606,9,0,11.802987800000002,19.426438617024985,19.169652230433144,24.76943805213914,30
wind_323606,9,1,15.446380799999996,23.795179978852826,20.246822141640273,25.296562856294095,30
wind_323606,9,2,18.284635433333335,28.142238268914536,23.29684964769999,31.520541054904605,30
wind_323606,9,3,20.227801033333332,28.10061550822848,24.742976798128904,34.46810873134205,30
wind_323606,9,4,19.487123699999998,29.010301714562633,26.10377618141181,35.04703136481358,30
wind_323606,9,5,21.11497566666667,30.846072233554853,26.56880596973935,34.62032026852982,30
wind_323606,9,6,20.60716113333333,27.069287765563278,24.98807276552862,31.636323334719677,30
wind_323606,9,7,19.5552516,26.22955268134298,23.506210926317944,31.209988262356593,30
wind_323606,9,8,20.392402366666666,26.60128572890888,24.81791516139807,31.743288040815855,30
wind_323606,9,9,18.8231286,24.255134543897817,24.20174128100565,29.529836955232398,30
wind_323606,9,10,16.6756199,23.36644588347293,23.040164779170293,28.602117783065832,30
wind_323606,9,11,15.243861866666668,21.16009898206114,23.430162012396178,28.825697490817504,30
wind_323606,9,12,12.017179933333331,20.313887248959972,23.100107218971907,29.15707036986411,30
wind_323606,9,13,10.464262499999998,20.514417107471083,19.990508120927863,27.53671293493082,30
wind_323606,9,14,12.802682533333334,22.02158122016166,16.387945405393296,23.077316012029954,30
wind_323606,9,15,12.318651233333334,21.004721251293162,17.628500693746037,23.69113521140605,30
wind_323606,9,16,13.846709066666667,21.096528611377913,17.354050276426836,23.260964267749305,30
wind_323606,9,17,13.634549533333335,21.30790344650612,17.57887000769646,23.762992869234775,30
wind_323606,9,18,12.5444559,19.97691052917574,17.64041778875204,24.756588891007137,30
wind_323606,9,19,14.726001133333334,23.652954566312008,19.01488982220468,27.8112271590515,30
wind_323606,9,20,14.130914899999999,21.78905557396911,19.968912162487523,27.90923543051597,30
wind_323606,9,21,14.1247684,22.440253159114647,17.018347086406244,25.80902140858529,30
wind_323606,9,22,10.496494,19.35830825703276,13.726549141624398,20.82253717300374,30
wind_323606,9,23,10.759056699999999,20.024367001299108,13.801222977820325,20.417082683012012,30
wind_323606,10,0,31.893617225806448,33.04132794507922,35.42205838784544,35.89301119706092,31
wind_323606,10,1,34.93856483870968,33.77680423754991,39.25126891793175,33.64493881502741,31
wind_323606,10,2,31.605052548387103,29.365128495666,39.86901959877272,32.46054694263087,31
wind_323606,10,3,34.743196,29.17882480199703,42.01600072334959,32.99821737854654,31
wind_323606,10,4,37.24953574193548,32.67690978885757,42.06184599143123,31.99861794671793,31
wind_323606,10,5,36.409114870967734,29.664089555434668,40.05734717249793,31.3097606113349,31
wind_323606,10,6,36.117689258064516,29.87068854164877,42.18745075325608,32.261954417068466,31
wind_323606,10,7,34.29525203225807,32.24574277464101,41.73934887966774,34.785412865596456,31
wind_323606,10,8,32.95906977419355,33.841577173969306,37.37068736967513,33.25294099971785,31
wind_323606,10,9,33.391704774193556,33.57610813209698,37.552038228980244,32.44651945590383,31
wind_323606,10,10,30.206264935483873,30.027690690507033,35.955874839609514,32.33214543866004,31
wind_323606,10,11,30.462599322580648,30.672274955374828,38.96499110513737,33.50301780540914,31
wind_323606,10,12,30.985950129032254,30.568895356779265,41.270063252465846,34.398916177357464,31
wind_323606,10,13,25.682568967741936,28.26659177947112,39.03221032408178,32.30468004548404,31
wind_323606,10,14,23.901813967741937,29.730576700572545,35.64448215889897,33.70636430377695,31
wind_323606,10,15,24.47152329032258,30.03854325637863,30.70378016158276,32.75690610645464,31
wind_323606,10,16,22.160700870967744,26.91728656636546,30.7577989399596,34.21253189123943,31
wind_323606,10,17,24.127327,29.08149711572584,30.104042879648635,33.052753823428596,31
wind_323606,10,18,22.88910270967742,27.124618605926766,32.04641606555334,33.778282759807496,31
wind_323606,10,19,22.399319838709673,24.242892422463676,31.902492284266827,32.9065313927455,31
wind_323606,10,20,22.16804641935484,23.84443937204979,33.72166647704931,31.08503629072084,31
wind_323606,10,21,21.121275322580644,24.741419820091785,32.29201712119042,30.50925898912785,31
wind_323606,10,22,22.884778903225808,26.250333524512833,33.13587698507878,31.373963066873554,31
wind_323606,10,23,26.686065645161293,30.16618927067157,36.87806745795612,34.83858547977401,31
wind_323606,11,0,36.3263142,34.90414769265534,39.53299917140454,37.01555608954946,30
wind_323606,11,1,36.0358888,33.806225509786024,37.3117862971731,35.230728459408446,30
wind_323606,11,2,32.972340700000004,33.221405162880565,34.8273747251121,34.961782943522294,30
wind_323606,11,3,34.1272799,32.96525345722577,34.42440755951125,35.67064607270045,30
wind_323606,11,4,31.40641306666667,32.57788886801463,34.51278342585072,34.87337747491449,30
wind_323606,11,5,30.628114433333337,31.462723862995798,35.55385664396584,33.266680429980575,30
wind_323606,11,6,33.351623366666665,34.32745488995839,36.83852980547561,33.666676787996614,30
wind_323606,11,7,33.2001437,32.49011328654186,35.475534613828856,32.15544349192562,30
wind_323606,11,8,32.41978436666666,31.386410726406126,38.16927883294968,34.91040233484895,30
wind_323606,11,9,33.756235666666676,30.26933735596461,33.50096148294013,31.640488343738618,30
wind_323606,11,10,31.586955466666666,28.916591374632674,33.59518841413835,31.658592206700778,30
wind_323606,11,11,31.735991400000003,29.98471918302908,36.66876810383027,32.130755516920395,30
wind_323606,11,12,33.68713483333334,31.51300150703464,39.7612944674883,34.207246883317495,30
wind_323606,11,13,32.88940973333334,30.287093200165653,40.65607802652451,32.73509613415181,30
wind_323606,11,14,32.92085836666667,30.58467888477708,41.43975407246072,35.20498983252317,30
wind_323606,11,15,30.602578533333332,31.91009811089193,40.482683554307734,33.34272174977561,30
wind_323606,11,16,29.08534663333334,31.460627905007637,38.220626390450434,32.36552785573226,30
wind_323606,11,17,30.730453166666667,32.52028571127512,37.80226546633545,33.74092199904723,30
wind_323606,11,18,29.42561696666667,33.132088598548776,38.320744503399006,35.3621763474977,30
wind_323606,11,19,27.358039033333334,30.458612905544708,35.796046376462634,33.988789482624234,30
wind_323606,11,20,29.566200533333326,33.577015212280166,37.194072356296246,34.696715029788066,30
wind_323606,11,21,31.41466093333333,34.856716944556275,39.428634646640425,37.523756552889196,30
wind_323606,11,22,29.8556991,33.752290364031495,41.39092815673648,37.02087276978587,30
wind_323606,11,23,31.881275766666665,33.97415143751683,40.76551291072249,38.12720575098444,30
wind_323606,12,0,33.69822048387097,35.75488415645609,36.85729300618838,36.203627703011804,31
wind_323606,12,1,33.6542528064516,34.3738192433048,34.88866831568086,36.75321097515026,31
wind_323606,12,2,34.511893096774195,35.00806866731419,36.276005489924884,37.09400256947708,31
wind_323606,12,3,33.67956312903225,34.815000653418444,36.100106114404156,36.781522918973934,31
wind_323606,12,4,31.27864993548387,35.27869180919218,39.37096353037945,34.85328787770361,31
wind_323606,12,5,34.84889090322581,36.535793652794915,40.99085222517115,36.625108868658536,31
wind_323606,12,6,34.87682558064515,36.435770501270596,40.500803238446466,37.099795710910456,31
wind_323606,12,7,37.44644074193548,37.72462395261044,43.391736162671265,37.19807304767461,31
wind_323606,12,8,35.666477451612906,34.778496085978134,44.05494457316657,37.269155434135456,31
wind_323606,12,9,36.407824354838716,34.489316111392604,43.1534087621915,36.6327400346914,31
wind_323606,12,10,38.20715151612903,35.15832733120184,42.304526624739246,35.47540425709571,31
wind_323606,12,11,33.11453229032258,29.752323132246115,36.00398960305724,32.222212938164304,31
wind_323606,12,12,29.13614677419355,29.64277212816589,32.345157519295675,31.69890271572299,31
wind_323606,12,13,27.102644548387094,28.578767392453763,31.360255323181416,30.500037255113835,31
wind_323606,12,14,30.050043774193547,35.080247137732336,31.77066067692317,30.668157403290994,31
wind_323606,12,15,24.592850870967744,28.758747598659525,28.229747230115887,29.263611107987504,31
wind_323606,12,16,21.755978290322577,28.478308398086995,30.48798734864372,33.97512996694251,31
wind_323606,12,17,21.922530806451608,28.536851817345116,30.228666469233083,35.909345681596626,31
wind_323606,12,18,23.324790645161297,30.336004042136743,27.11645085924763,32.133741491279594,31
wind_323606,12,19,25.827172903225804,29.907552259795406,26.59240443189065,32.092322055520235,31
wind_323606,12,20,23.133474548387095,29.560582636496264,31.2885082341526,34.969450915854196,31
wind_323606,12,21,28.01374829032258,35.00898361633225,31.83205653806142,35.87105171747922,31
wind_323606,12,22,31.141255677419352,36.784271919659055,33.01984850910993,37.296370240217,31
wind_323606,12,23,32.35539238709677,35.60896066034442,34.427653967972525,37.87532276429998,31
wind_323608,1,0,44.9309884516129,40.624095361152946,43.805234844958555,41.54938064188055,31
wind_323608,1,1,44.395424193548386,41.09071530153103,43.485573411019146,41.79999469300035,31
wind_323608,1,2,45.515459870967746,40.122498563077684,44.089640290921245,40.28743310708079,31
wind_323608,1,3,47.91948029032258,40.504048450823355,44.22294134822887,40.93728221389125,31
wind_323608,1,4,44.156708419354835,37.151436611723334,43.75011977229965,39.47387251134578,31
wind_323608,1,5,43.52473241935485,37.89864126277047,42.39072613863749,37.172982396040595,31
wind_323608,1,6,40.38369667741936,34.05157416451708,43.67107166094046,36.213354054158536,31
wind_323608,1,7,41.210235612903226,36.86984791344018,42.74879734816023,34.73081433492203,31
wind_323608,1,8,39.56159264516128,36.47226399095726,38.9990263843013,32.800169283444426,31
wind_323608,1,9,38.52462816129033,35.662929240921216,41.07123737752801,35.33886523476509,31
wind_323608,1,10,36.87550116129032,34.5294787956429,39.61627769793697,35.22202260057237,31
wind_323608,1,11,38.84226038709678,36.00286148429891,39.437775205874054,35.62872433138497,31
wind_323608,1,12,41.067808290322574,36.822688941981795,39.54758725950743,35.475532280549324,31
wind_323608,1,13,40.65432532258065,36.820553235833955,40.730092871617806,34.48147446848272,31
wind_323608,1,14,41.86808238709678,37.45085925886119,42.00138471634066,34.37582518289043,31
wind_323608,1,15,43.424164258064515,37.39936807969325,43.38462966744734,34.152565643772675,31
wind_323608,1,16,45.184560741935485,37.66195266060781,46.421626702653086,35.06108544105558,31
wind_323608,1,17,45.87679603225806,37.78083608865322,47.637016764698004,35.134595448388836,31
wind_323608,1,18,47.98911312903225,38.412990271471465,46.22415368502803,34.26642172615327,31
wind_323608,1,19,42.566335,36.927776605369196,45.747194439627464,34.75359778563616,31
wind_323608,1,20,43.00702416129032,35.42968549408809,43.52553979983487,34.827035856949514,31
wind_323608,1,21,40.62076729032258,37.17392990972234,42.90976333787687,35.30455314990096,31
wind_323608,1,22,39.77099009677419,37.81088313154804,42.98055991061337,37.00506695784109,31
wind_323608,1,23,43.30430141935484,40.659876261330155,45.4225365438121,38.635396006145946,31
wind_323608,2,0,38.19518196551724,39.747134264922636,39.977726137683014,39.62007821314019,29
wind_323608,2,1,40.500459068965526,41.086062784208224,37.390040840636004,40.5384591602809,29
wind_323608,2,2,38.87128927586206,41.731148614936544,38.21637612419694,40.37995976638127,29
wind_323608,2,3,42.50724220689655,41.56166474573017,43.23517143696812,40.35898253645767,29
wind_323608,2,4,47.98242606896552,43.63409267809234,44.73308067973839,41.380246562782716,29
wind_323608,2,5,46.83212348275862,44.705322789283265,47.488146412504136,42.27653254052118,29
wind_323608,2,6,48.718666758620685,44.6305257592929,45.827264836030686,41.376547655266585,29
wind_323608,2,7,48.33315703448277,43.62406024399963,44.626926386082616,40.60528837585094,29
wind_323608,2,8,43.93714279310345,41.43128334804293,45.29436442125394,40.50253510291275,29
wind_323608,2,9,42.64355113793104,40.507066529585146,41.47885761110159,39.7784773724812,29
wind_323608,2,10,40.29992341379311,38.5823099605344,40.10027868836466,37.05587069673791,29
wind_323608,2,11,37.13008062068965,37.423683150763914,38.95452501245074,35.97588768726964,29
wind_323608,2,12,40.19308427586208,39.133450210762284,40.54883735192801,36.99718225461543,29
wind_323608,2,13,37.21993389655172,36.090618165616064,40.83168406275529,37.82329017186726,29
wind_323608,2,14,34.294944517241376,36.10230013996785,38.814596212353415,37.03253566278738,29
wind_323608,2,15,32.65807734482759,34.90156178445134,38.04959474890796,37.06581562589289,29
wind_323608,2,16,31.316220655172412,33.31427295366345,40.63384835741858,40.607380305152574,29
wind_323608,2,17,33.37702227586207,34.697833832134364,41.64432983257368,40.38908185476081,29
wind_323608,2,18,38.577137310344824,38.92621943396327,42.57422085517005,41.11330653544795,29
wind_323608,2,19,38.44840727586207,37.40669018211231,42.2892354373709,42.62287549591938,29
wind_323608,2,20,38.059388034482765,39.628041054676174,43.44924260393764,43.005859536334306,29
wind_323608,2,21,38.38800386206896,40.88442244348796,39.55756262833002,40.95579571750427,29
wind_323608,2,22,38.446796896551724,41.21964420435097,37.76158794563848,39.573553758551625,29
wind_323608,2,23,37.56419586206897,39.32997540413964,37.85122871782747,37.49500527991646,29
wind_323608,3,0,44.03978919354838,32.7660868724559,51.33123286866639,34.23972823007961,31
wind_323608,3,1,52.67403203225807,35.89138198666816,54.145392209629264,33.83188204506972,31
wind_323608,3,2,48.55016483870967,35.94497094604165,56.20616851135047,33.48647153718525,31
wind_323608,3,3,56.66072274193548,39.175123711642314,55.234317328722554,36.64523885070508,31
wind_323608,3,4,54.460887516129034,34.69039932682324,51.31552504595143,37.866145464428506,31
wind_323608,3,5,52.49302822580645,35.02686247945409,51.186258537331426,36.69157937647875,31
wind_323608,3,6,49.340408451612895,34.58917497801392,50.11217164107914,36.63357435342368,31
wind_323608,3,7,53.78492216129032,35.438476388505336,50.321916325141544,37.019490548568925,31
wind_323608,3,8,52.087108,35.8552930648829,50.180175488983785,37.40212007990182,31
wind_323608,3,9,49.52231564516129,37.01991261677728,48.77480809277271,37.77196106955861,31
wind_323608,3,10,49.46887000000001,36.277462982757285,46.959655610848465,36.135984615181336,31
wind_323608,3,11,52.19781629032258,37.97417861353686,49.85476535468302,35.63990312959472,31
wind_323608,3,12,50.196033483870956,37.314150042915514,50.00067168021073,36.438916018180066,31
wind_323608,3,13,43.181910999999985,34.2401699223592,49.04782521230476,36.15797152879155,31
wind_323608,3,14,39.333337419354834,34.38710832951274,42.32632447358579,35.41682426792408,31
wind_323608,3,15,38.985294,35.81755348853157,40.95113957813572,36.25511831594194,31
wind_323608,3,16,35.62993393548387,34.41111113284363,41.69734895654476,35.77561384861078,31
wind_323608,3,17,39.133606290322575,36.39952836684099,42.49839690318812,35.6590594462533,31
wind_323608,3,18,40.51223312903225,36.031596031915555,46.185412667544185,37.47553980302285,31
wind_323608,3,19,39.22457612903225,36.318747066477435,47.35133743658639,37.000152188525384,31
wind_323608,3,20,42.48548570967743,36.65900607211259,47.80665478657416,36.689020739420464,31
wind_323608,3,21,43.03802854838709,38.295578671195976,48.16455052390364,35.683364502057685,31
wind_323608,3,22,38.2761595483871,32.77839820807919,46.79482207392357,33.81452180455333,31
wind_323608,3,23,41.47086316129032,32.6521821929822,47.16455015533715,33.87078925309819,31
wind_323608,4,0,34.26200196666666,34.29336179141835,35.543893558632774,35.437415820748086,30
wind_323608,4,1,38.17957523333334,36.883987463357684,36.22104153024216,33.92944000545987,30
wind_323608,4,2,34.38286353333333,33.43584034766495,35.18087970701728,32.52957967801225,30
wind_323608,4,3,32.70884503333333,32.12079390483463,31.44297281016287,30.307751863674785,30
wind_323608,4,4,35.89520919999999,33.7472236540177,34.20984518058116,32.11734328443902,30
wind_323608,4,5,34.57673986666667,32.644955995054104,36.315261783196654,33.32709609451309,30
wind_323608,4,6,34.47849633333333,31.77559747789684,37.34498175510716,33.43355290089897,30
wind_323608,4,7,33.68967886666667,29.98744468655835,37.595213146356215,33.74864470062654,30
wind_323608,4,8,35.087401299999996,29.796316809408207,35.76252389545513,33.43243582670164,30
wind_323608,4,9,35.33117816666666,29.43047949780628,38.47343732038578,34.590259132688544,30
wind_323608,4,10,35.853512900000005,33.033364857204134,37.86057769303478,33.970424728941275,30
wind_323608,4,11,32.93309836666666,32.980160736190676,37.36514986127826,34.302990404192094,30
wind_323608,4,12,33.20910156666667,34.20625827787366,36.52310930757407,34.674797807005724,30
wind_323608,4,13,29.566372,31.49996681472959,36.39616888345253,36.83594403802101,30
wind_323608,4,14,34.19874223333333,34.46786936715676,38.29478648240486,37.70683794352644,30
wind_323608,4,15,36.4333691,38.26170665182288,39.75189263788938,38.659414539398284,30
wind_323608,4,16,39.3143315,38.057465119837836,43.14667934017644,39.02905444739057,30
wind_323608,4,17,41.7277981,35.67175692435434,44.232293898136575,38.41763897526099,30
wind_323608,4,18,39.6504884,38.10706383203676,45.07138294717587,37.76152119858913,30
wind_323608,4,19,39.6651302,36.143814935243924,45.469750147056885,39.336756950991465,30
wind_323608,4,20,43.84445113333334,39.54114043876116,48.65957275999848,40.06342500646679,30
wind_323608,4,21,41.04126153333333,36.94410361417985,44.94040693168684,39.41197670099603,30
wind_323608,4,22,33.38267973333333,33.155466405767804,41.60175388166942,38.4713550327907,30
wind_323608,4,23,33.114563399999994,32.0625557336288,37.119660614647515,34.295531538260484,30
wind_323608,5,0,17.67416477419355,25.705868051993217,19.21470005976549,24.716844002497634,31
wind_323608,5,1,22.751847548387094,29.74441662701451,22.77727537741327,26.96705596104784,31
wind_323608,5,2,20.897112967741936,25.14481593364601,23.244398665165658,29.046446002844398,31
wind_323608,5,3,27.068773193548385,28.941724624256533,24.677732757088663,29.859412848775456,31
wind_323608,5,4,24.606972064516132,29.873600448974848,26.160034965654187,30.73363816576417,31
wind_323608,5,5,27.401800354838706,32.451761813795635,25.807676039937355,30.52906585505988,31
wind_323608,5,6,29.275100709677417,30.24553099389561,28.921517409730214,33.6715965238645,31
wind_323608,5,7,27.251378096774193,30.68393509199398,27.309193515392856,30.510910071529693,31
wind_323608,5,8,27.629926419354835,31.285519824671617,25.92023917604971,28.993353421545397,31
wind_323608,5,9,26.052790064516127,30.33419741001273,23.435110491477424,27.07485337662862,31
wind_323608,5,10,23.90638283870968,27.942390830412776,28.279907945760005,31.71267739619217,31
wind_323608,5,11,22.084589225806457,27.596484694304813,25.9225489488833,29.74608225343563,31
wind_323608,5,12,17.86111248387097,28.0245799976566,23.35105133165455,30.680600057754987,31
wind_323608,5,13,18.396522387096773,28.832557203060514,20.39599241194234,28.515975207682313,31
wind_323608,5,14,15.942516419354838,28.70029428906304,18.500339697546934,28.372641669133596,31
wind_323608,5,15,15.885858322580644,25.3749194120459,19.159880061399882,28.6714202024638,31
wind_323608,5,16,17.68061358064516,28.379416011554802,20.980452329123832,29.884959097696342,31
wind_323608,5,17,17.6069934516129,27.485347334449035,20.25932940460349,27.99676592557177,31
wind_323608,5,18,19.133271903225804,28.736605799273654,20.240197925578467,27.785654451969673,31
wind_323608,5,19,18.609035483870965,27.32861302520256,24.107944884808912,29.250289389832098,31
wind_323608,5,20,16.056107709677423,21.365678945538086,26.168521384475472,31.95545920304865,31
wind_323608,5,21,16.681785354838706,22.119952123026888,23.215308246409894,28.1660185884356,31
wind_323608,5,22,16.635854387096774,22.04471419346847,19.85714649045552,24.961570195962324,31
wind_323608,5,23,15.828971935483873,26.421734652464085,17.724224906657152,23.128349278374476,31
wind_323608,6,0,19.4744879,26.880259596807228,21.55503655335202,25.502472293616176,30
wind_323608,6,1,19.865589866666667,26.437479391778837,18.58380010588362,21.785691369169633,30
wind_323608,6,2,22.712830766666666,31.5907920173045,18.324424377511033,21.212617332159745,30
wind_323608,6,3,22.851313099999995,28.347231172395606,20.944543023441685,23.626077257332437,30
wind_323608,6,4,25.59216263333333,31.02590631141484,23.736690948898477,25.324077654935923,30
wind_323608,6,5,28.13863123333333,30.886270117725207,29.227713497017486,29.67245522809021,30
wind_323608,6,6,33.7829921,31.413892738865197,28.52739754372708,26.245533989343887,30
wind_323608,6,7,34.81343426666667,30.79445594013634,31.86740992219194,27.23444426854844,30
wind_323608,6,8,30.58920236666667,29.314673092767,31.908835989446537,28.57535942801661,30
wind_323608,6,9,30.318952833333338,26.368543686917818,29.813042939952442,26.90824389807012,30
wind_323608,6,10,25.1094383,24.257702621042707,24.541361364465306,22.24701318873196,30
wind_323608,6,11,23.899757500000003,23.181315009495385,25.51317612609506,26.167662399706607,30
wind_323608,6,12,19.496634866666668,26.070774221575682,21.92395534233818,24.73089325668219,30
wind_323608,6,13,18.826503933333335,28.7154959926676,22.48601835022692,29.74098804635736,30
wind_323608,6,14,22.2912333,32.22441320308591,24.106016243225632,32.57601946382622,30
wind_323608,6,15,22.11311073333333,30.094528640276454,25.207147396670507,33.42457655221638,30
wind_323608,6,16,22.520153033333333,30.342277657381615,30.788424710443586,38.492524188351986,30
wind_323608,6,17,25.715802899999996,32.8415473264579,32.24932781526247,39.81865888212303,30
wind_323608,6,18,24.835318333333337,31.021600906431843,34.59297604837054,40.13760464827168,30
wind_323608,6,19,29.31855993333333,35.330255962508176,29.51270458685939,37.36161133148217,30
wind_323608,6,20,25.591347233333334,31.584779919803747,33.01316864039842,38.944375376292115,30
wind_323608,6,21,27.42580453333333,34.94254890550111,27.516352828738,33.261638296560854,30
wind_323608,6,22,23.872398333333333,31.51559280090402,29.173439424750573,32.32584019276139,30
wind_323608,6,23,21.8799896,29.265890576218858,23.803146123325373,27.005213800596504,30
wind_323608,7,0,11.184835709677419,22.157644187919747,12.517288140784027,22.401416049159728,31
wind_323608,7,1,10.90194929032258,19.121117420700298,13.59626939834949,20.132392369956158,31
wind_323608,7,2,9.517090741935483,12.361264105992777,11.977758641662309,15.891319133628834,31
wind_323608,7,3,10.647517870967743,13.576174815319353,10.906344662841516,14.206469468636596,31
wind_323608,7,4,10.28628806451613,12.489561109882558,11.535242506115392,16.430622953137348,31
wind_323608,7,5,11.997751419354838,14.757605633881074,12.393193299999254,18.117238176578162,31
wind_323608,7,6,13.632247483870964,16.870160064922654,12.422208656432959,16.824361809903813,31
wind_323608,7,7,15.104027322580645,17.866329159937266,11.70183729177673,16.06099692236271,31
wind_323608,7,8,14.188649225806452,17.473472924666684,12.001063704912122,16.730405805170662,31
wind_323608,7,9,14.220934096774196,14.75887750046649,14.414150038103584,17.59986611596265,31
wind_323608,7,10,11.102945645161292,12.752063172689798,16.398460841330188,19.20733113367887,31
wind_323608,7,11,11.759478483870966,15.15832041844758,14.916601175803445,18.54939562803425,31
wind_323608,7,12,8.608804806451614,13.29036709882851,13.244742089086143,18.30144227330284,31
wind_323608,7,13,7.887335387096773,14.794594438643715,10.177789652705021,17.063775800726766,31
wind_323608,7,14,7.389856645161291,11.221280091606378,9.157379277403958,14.672243741528227,31
wind_323608,7,15,6.939402032258065,11.879030146205391,9.135799216012861,15.451332794171032,31
wind_323608,7,16,10.340144548387098,17.761672742319384,9.933228234822339,20.30065997123333,31
wind_323608,7,17,11.288266741935486,20.232503461986347,11.242219333683297,21.42538907217845,31
wind_323608,7,18,10.923915935483873,20.280739647985303,12.6916015266432,21.856840899975992,31
wind_323608,7,19,11.624131322580645,21.043082541510778,14.617639980148793,26.213152978594028,31
wind_323608,7,20,13.333533064516129,23.551620343281503,14.554320098320906,22.78427277123555,31
wind_323608,7,21,9.085033806451614,13.788295727728261,11.624390804743133,15.917452235435107,31
wind_323608,7,22,7.493310258064517,11.717256042543417,11.165185138013376,15.698107863881688,31
wind_323608,7,23,8.37357277419355,15.792031565169923,9.18885363174557,13.996360391641852,31
wind_323608,8,0,15.073686516129033,18.453961246970362,17.43840745208012,19.893893109764047,31
wind_323608,8,1,17.367761870967737,19.577983183997844,21.140730083924918,23.678252615782853,31
wind_323608,8,2,18.081393064516128,21.850164657439375,20.897214041151713,24.74324361194145,31
wind_323608,8,3,19.95929161290323,25.42877234872136,19.175866533762214,23.457870297328046,31
wind_323608,8,4,17.357061032258066,19.34261166793863,18.677132334716628,23.18652883770418,31
wind_323608,8,5,15.545740645161292,17.39713094396626,21.332693547577634,26.079253153323982,31
wind_323608,8,6,16.986859677419357,17.464080866957733,16.762873726000066,18.888056167427436,31
wind_323608,8,7,20.192075032258067,20.007073622619263,15.290962797475256,17.1538823431315,31
wind_323608,8,8,18.24249477419355,17.59309559716044,16.374764324897534,17.304473461884633,31
wind_323608,8,9,18.302872741935484,15.808966000268375,18.904949627761876,18.141749734855644,31
wind_323608,8,10,13.559005935483873,10.720186485703751,18.61060216047765,16.905577251832696,31
wind_323608,8,11,14.535805774193546,13.476135832911703,17.88526016488063,14.944001392509373,31
wind_323608,8,12,11.54275835483871,12.424262993733247,14.59722694972103,12.763031862016911,31
wind_323608,8,13,10.257662741935484,11.783017951025744,11.96790549314736,12.504233755524341,31
wind_323608,8,14,10.875079903225807,11.827865800822957,11.376310998864616,13.879688105361739,31
wind_323608,8,15,10.448590322580644,12.263706410319955,11.191397196727275,14.61405276944534,31
wind_323608,8,16,13.316684612903225,16.161227419595257,11.729201434325368,15.81204081923702,31
wind_323608,8,17,13.824339161290322,17.361329204673893,12.494233565942638,16.050583688644444,31
wind_323608,8,18,11.914347806451612,15.193029335730387,16.75764212687882,20.286603491660156,31
wind_323608,8,19,12.185874741935486,13.664077050027597,18.426026690868447,22.629216402779956,31
wind_323608,8,20,16.372139806451614,22.754890450431866,17.095869611556324,22.91856794217535,31
wind_323608,8,21,18.176295548387095,25.238483713902045,16.372185122476143,19.85203919353075,31
wind_323608,8,22,14.764542645161288,19.191872371578423,14.451937496525526,16.397141952694735,31
wind_323608,8,23,12.324026967741938,13.825255737895324,14.491430499884572,15.959206809453681,31
wind_323608,9,0,16.8094786,21.78727730165756,18.908993497048577,20.846709121451404,30
wind_323608,9,1,17.952339300000002,22.47287224965195,20.66625266284553,23.298207914753288,30
wind_323608,9,2,21.660112099999996,24.013714387682686,21.85591525031865,24.637373052173718,30
wind_323608,9,3,22.742296033333336,26.700778364748068,22.80990142666291,25.334304227723017,30
wind_323608,9,4,21.278527433333338,23.450808638612994,23.633753456112984,27.294749730890505,30
wind_323608,9,5,22.921653499999998,24.40680250633322,23.652791230459446,26.20268453044659,30
wind_323608,9,6,25.36398363333333,24.739594283071877,25.807090794830522,25.128468772171917,30
wind_323608,9,7,29.90899426666666,25.84981042144556,25.225753321177528,24.190304089694685,30
wind_323608,9,8,27.197410233333333,25.16717350895926,23.833356418970677,23.513770579105024,30
wind_323608,9,9,25.544028766666667,24.827838414460267,26.190604233849758,24.0266546016579,30
wind_323608,9,10,20.737527499999995,22.956256077210615,25.614919825445675,23.460439105763296,30
wind_323608,9,11,18.864154433333336,21.34034926213427,24.955102838173676,22.511763363092378,30
wind_323608,9,12,18.634755766666668,17.269632430078165,23.084861632059635,22.754112507867845,30
wind_323608,9,13,12.3117924,13.388470333112467,18.83865380322201,21.470458892655596,30
wind_323608,9,14,13.423103433333333,21.28795236530783,15.206992760879087,20.887381100312304,30
wind_323608,9,15,17.13700503333333,24.37338397075144,15.988984476065067,25.440068253369656,30
wind_323608,9,16,16.1161298,26.279074466214524,16.14194593777376,26.005692356364822,30
wind_323608,9,17,14.78753193333333,25.735315139126975,16.55173420554124,26.838534831761688,30
wind_323608,9,18,15.052266266666665,25.036982411312007,18.225020335860517,28.682618081197162,30
wind_323608,9,19,15.157787333333333,25.69998853165146,19.876657445383085,31.552421820523687,30
wind_323608,9,20,19.834663366666668,32.30693946836242,19.754865656984148,31.69955510009427,30
wind_323608,9,21,17.315196800000002,28.78325067479424,19.722114861280954,29.454214384360544,30
wind_323608,9,22,14.793994800000002,24.476106799250392,17.143987312085635,26.54804649785906,30
wind_323608,9,23,14.015321866666664,23.711904493130998,15.813166543559854,24.278231679498578,30
wind_323608,10,0,29.153464709677422,31.84495535154302,29.46270036360484,31.031520664686575,31
wind_323608,10,1,29.910801129032258,32.06754473718936,30.736156610158037,31.704943908600956,31
wind_323608,10,2,29.1267855483871,31.483405116149406,31.36578428425424,31.871403486881984,31
wind_323608,10,3,31.554771516129026,32.019857903592204,34.01329547282799,33.27269676554712,31
wind_323608,10,4,30.912484774193544,34.55422881014129,33.49623723222882,34.66169945527558,31
wind_323608,10,5,31.855429,34.214851986276344,31.67232491813895,34.06906099776189,31
wind_323608,10,6,30.639037161290318,34.50014981935254,32.88592964805902,32.84003769377189,31
wind_323608,10,7,30.618963645161294,34.57815891423843,30.713558038504164,32.197965266287994,31
wind_323608,10,8,26.7783600967742,31.79600158448227,32.40051041110826,31.99198896484752,31
wind_323608,10,9,29.21242493548387,30.911423383416587,32.451133909483545,31.775755764058403,31
wind_323608,10,10,27.94134977419355,31.294799011052934,31.134884135641496,32.05161921348831,31
wind_323608,10,11,27.607811967741934,29.27015104075006,32.283605036679354,30.717389416839342,31
wind_323608,10,12,29.413549258064513,31.98940859399104,33.597304548547044,30.032238985045254,31
wind_323608,10,13,27.59085564516129,31.5072108118842,30.101892035738583,28.77272384814486,31
wind_323608,10,14,22.995028612903223,25.814823920785006,27.006306395529347,28.308108761072564,31
wind_323608,10,15,23.092805612903224,26.73648808738725,25.33294109434654,28.007161999364627,31
wind_323608,10,16,22.869224129032258,27.093809634349874,30.064341975122364,31.180126537971276,31
wind_323608,10,17,24.265477258064518,28.177701297892007,32.0851700172145,33.095393127216916,31
wind_323608,10,18,24.400645548387097,27.465436815131756,35.226131718433706,35.304517013196815,31
wind_323608,10,19,28.075576387096778,30.262247000910204,35.72085997565541,35.716151257034596,31
wind_323608,10,20,25.367139999999996,25.693287587948124,33.43724039861279,33.624915224840784,31
wind_323608,10,21,27.339915419354835,29.559603714987386,30.806688991541417,31.70328342634863,31
wind_323608,10,22,27.416012741935482,31.296590618507167,31.75720405874126,31.954652507080183,31
wind_323608,10,23,28.552932161290325,33.13611026309696,31.95418160365646,32.11719493960722,31
wind_323608,11,0,47.8784125,33.61606429087178,54.265150460182994,34.09786614860592,30
wind_323608,11,1,55.46148143333333,36.583022414076105,51.902815852398675,32.7770135582768,30
wind_323608,11,2,54.516311133333325,35.50981993669564,53.35297704264537,33.93305720655964,30
wind_323608,11,3,54.187833499999996,33.96436588102464,54.84762345547005,34.68024058749634,30
wind_323608,11,4,52.621475333333336,36.05286310031471,54.92140044857879,35.66577371795373,30
wind_323608,11,5,56.013273966666674,38.84626962454816,54.27138384985488,36.396971357634435,30
wind_323608,11,6,50.732122366666665,38.741929117460764,53.2179759366027,37.48366915419986,30
wind_323608,11,7,49.67881476666668,39.214877943604684,50.90622194724956,38.45519872300367,30
wind_323608,11,8,49.6048701,39.78786604845607,50.28695449780416,39.90130883373867,30
wind_323608,11,9,52.13543063333332,41.28698088774528,50.48185910241741,41.08961632693041,30
wind_323608,11,10,49.28720509999999,40.29242842551136,50.269254265950984,41.568632992472395,30
wind_323608,11,11,47.6092924,38.657372429108634,50.14269731824024,41.4888008710847,30
wind_323608,11,12,45.05006133333333,38.343749856340274,49.802205046073446,40.51059149728141,30
wind_323608,11,13,44.869448566666655,38.59156361405689,50.261943663155066,40.5688060688539,30
wind_323608,11,14,42.187824333333346,38.322480636791234,51.82164527960611,41.63635665087114,30
wind_323608,11,15,43.725053499999994,38.745804713276144,47.75465096465894,39.909438834334,30
wind_323608,11,16,45.5654269,39.11057951735054,47.70447043948891,39.399340410560164,30
wind_323608,11,17,41.644912733333335,38.24148735602378,47.41255564103901,39.04642124781322,30
wind_323608,11,18,39.5554004,35.44960550773285,49.189274602031325,39.47897000785063,30
wind_323608,11,19,40.2426889,34.139562835618264,48.846397833070746,39.290946319116195,30
wind_323608,11,20,39.96627913333334,35.890608794776696,47.060352992710555,37.73926049395534,30
wind_323608,11,21,38.88324193333333,34.29965501762309,48.02566729220428,37.93034968757389,30
wind_323608,11,22,37.9259665,33.51438270708969,46.59665808157214,37.13451894410837,30
wind_323608,11,23,48.17841543333332,35.756576483079606,50.19378491028185,35.3506175647084,30
wind_323608,12,0,57.755103419354846,39.23679709541515,56.76678537124946,37.768883031168464,31
wind_323608,12,1,56.28023877419355,40.59738153618749,54.45500925734298,39.74231446445801,31
wind_323608,12,2,55.80767716129033,39.46287860078699,53.60776498312421,40.67852661880654,31
wind_323608,12,3,52.91903648387096,38.93647973096614,53.79889895348149,40.67149691639179,31
wind_323608,12,4,51.083868580645166,39.11458698525269,52.922871538554155,40.328188322871775,31
wind_323608,12,5,49.65406758064517,37.18156817540859,52.85394832168899,40.38409489491381,31
wind_323608,12,6,49.20537583870968,37.7591689608799,51.59011465560566,39.05894889275077,31
wind_323608,12,7,49.14482770967742,36.99967563352847,49.54749078523516,36.67184606544543,31
wind_323608,12,8,45.74365222580646,37.80355427290819,51.752546312321655,38.45873544694242,31
wind_323608,12,9,46.66141248387096,36.97038163360562,51.723242183244665,38.829285574979146,31
wind_323608,12,10,46.11968983870968,36.056781028739955,47.73995297897492,37.98027777990039,31
wind_323608,12,11,43.638930967741935,33.22193327608283,44.4534010841279,37.11561903232247,31
wind_323608,12,12,43.847930483870975,34.36668638873329,43.44829573908451,36.60852971035291,31
wind_323608,12,13,42.94223093548387,35.96285361989392,45.78265872229472,36.44459491641609,31
wind_323608,12,14,41.90638374193549,35.78889986747988,44.95959007496064,36.857198818677844,31
wind_323608,12,15,43.74756441935484,36.945174270012885,44.64710903451568,35.653128699744876,31
wind_323608,12,16,43.177323870967754,37.31995826781481,46.46356912055919,38.122625771917356,31
wind_323608,12,17,43.069284193548384,38.78760722711455,47.04285906447743,39.03086357216569,31
wind_323608,12,18,44.68839793548388,37.273935006139304,45.4475336842556,38.438157304143395,31
wind_323608,12,19,44.236461000000006,38.342459654571634,44.00520483776673,37.7631909668079,31
wind_323608,12,20,45.6217313548387,39.16234356946115,47.216484906508924,38.268466662684844,31
wind_323608,12,21,46.76131619354838,38.65103199002078,49.644094971697484,38.697783515074796,31
wind_323608,12,22,50.924465516129025,39.35087392719957,53.150882934900125,39.448741714076554,31
wind_323608,12,23,51.536501677419366,39.38310519080799,56.05576816761323,39.70199553539103,31
wind_323609,1,0,11.891770838709677,11.615813799034356,13.060525165255362,12.673060282812523,31
wind_323609,1,1,12.508182774193546,12.299390917486173,12.812519982844657,12.5489151118513,31
wind_323609,1,2,12.51266916129032,12.139484478597458,12.384014612126501,12.43735590001692,31
wind_323609,1,3,11.795693967741933,11.88656676311071,11.963610576766397,12.056876365832014,31
wind_323609,1,4,11.993156193548387,12.451533328327306,11.053470353995035,11.737559018720765,31
wind_323609,1,5,12.225174064516128,11.64484633035663,10.703849397390497,11.05052508055613,31
wind_323609,1,6,11.886479258064517,10.875696511399036,10.45612819673438,10.941058157351435,31
wind_323609,1,7,11.982739096774194,11.293518575034993,10.957304608211265,10.536535184612442,31
wind_323609,1,8,11.204085612903224,10.789558927129804,12.316524249115753,11.077791040108327,31
wind_323609,1,9,9.468368161290323,9.603175123739677,11.404654393114921,10.687202165644665,31
wind_323609,1,10,8.06560170967742,8.11848224830668,9.678351755421504,9.057719112084737,31
wind_323609,1,11,7.995567838709677,7.579976923492437,8.508672597122706,7.861712543722844,31
wind_323609,1,12,8.16437341935484,8.386039323014254,9.459587873443246,9.046124167049443,31
wind_323609,1,13,6.342362935483871,6.33776679116209,8.978997290121947,8.142595264930893,31
wind_323609,1,14,7.402735322580646,7.320359068058274,10.676496583307042,10.372952336966136,31
wind_323609,1,15,8.89240264516129,9.964797173774192,11.586187543167364,11.11700642055754,31
wind_323609,1,16,9.067865,10.20497818429536,12.248401654366035,11.98544343865543,31
wind_323609,1,17,9.60697122580645,11.548907420628922,12.670202718689033,12.30723432950215,31
wind_323609,1,18,10.267028258064515,12.084954774240575,12.077675427459544,11.796344766045115,31
wind_323609,1,19,10.042990225806452,10.517018840353296,12.098730508646407,11.601995910069764,31
wind_323609,1,20,12.51747229032258,12.203722846206363,12.256425461407686,10.848969537485042,31
wind_323609,1,21,13.225026387096772,12.734625353072351,13.880632286968066,12.439002057011773,31
wind_323609,1,22,11.479187483870966,11.443481974323344,13.249754796166382,11.82949201755326,31
wind_323609,1,23,12.780077838709676,12.419581547949337,12.935422858976489,12.521063067720021,31
wind_323609,2,0,11.981779,12.422883561028918,13.11966553030498,12.713616372459033,29
wind_323609,2,1,13.736228896551726,13.178781076286514,13.525712123645123,13.189919749041428,29
wind_323609,2,2,14.443979275862068,13.482639117805242,14.239825614956574,13.175234522803445,29
wind_323609,2,3,14.16076503448276,13.91119490823527,13.827392468543351,13.402271469284104,29
wind_323609,2,4,13.20906327586207,13.298348398608443,13.501939348567833,13.571610239575172,29
wind_323609,2,5,13.249825241379313,13.207474210658997,13.613668447106118,13.043112912781226,29
wind_323609,2,6,13.83768151724138,14.03598013250067,14.632385075512138,13.623514397899214,29
wind_323609,2,7,14.187908068965518,13.394542676570758,14.818839863721488,13.814677838541446,29
wind_323609,2,8,12.85396044827586,12.695085817471483,13.638676391916036,13.106977881300512,29
wind_323609,2,9,13.270487758620693,13.014939674421438,13.315253412144825,12.799741151672487,29
wind_323609,2,10,12.944232758620688,13.395979062841493,13.159663155186191,12.698979881543242,29
wind_323609,2,11,12.65138179310345,12.986515900909284,12.322255053035715,12.341278469124926,29
wind_323609,2,12,12.19491620689655,12.969389529790949,12.282451657145911,12.597698203711056,29
wind_323609,2,13,12.31461875862069,12.607475934121494,12.252353078378553,12.237965864829947,29
wind_323609,2,14,11.630352137931034,12.470172110307873,12.52108930085177,12.6632481037418,29
wind_323609,2,15,11.315571586206897,12.536535958006207,12.96338339691517,13.386300097993505,29
wind_323609,2,16,10.961522413793103,12.214537264599738,13.112699728910743,13.8763913655982,29
wind_323609,2,17,11.576695379310346,12.2278497897,12.93394334956808,13.414836368698152,29
wind_323609,2,18,11.626535206896552,11.755722564458242,13.289833109559734,13.537747288188696,29
wind_323609,2,19,12.917330931034481,12.191564374916092,13.802635752132016,13.054791995200489,29
wind_323609,2,20,11.725783793103446,11.296835096667014,13.87831422176368,12.565277037073242,29
wind_323609,2,21,11.123868344827587,10.982335741054403,13.691729069316576,12.220884308382812,29
wind_323609,2,22,10.00491303448276,10.192685487752733,14.466903151863027,12.427963719667087,29
wind_323609,2,23,12.423006793103447,12.071700332495213,14.184037931234013,12.55510940416234,29
wind_323609,3,0,14.597222419354841,13.026759411507282,16.599360491544555,13.567385254388128,31
wind_323609,3,1,14.915870451612902,13.22668673824908,17.56630240830459,13.064531164662112,31
wind_323609,3,2,15.976688645161289,12.873627031475689,15.978253941862103,13.234674366010111,31
wind_323609,3,3,15.812482258064515,13.109572018446102,16.1861464614272,12.890078548899524,31
wind_323609,3,4,15.008624612903224,13.807039761901853,17.365243598867618,14.032117313755323,31
wind_323609,3,5,14.666504064516129,13.898592652614136,15.236101745801093,13.48853364706706,31
wind_323609,3,6,13.64315,12.696230595469657,14.42585798932924,12.329088074239854,31
wind_323609,3,7,13.521517612903224,12.683640643775986,14.041866381132566,12.105211199121555,31
wind_323609,3,8,12.304525903225805,12.059336516583294,13.435265060186738,12.255381578016406,31
wind_323609,3,9,13.572265483870968,12.213101911704376,13.796855237186092,12.191919545822492,31
wind_323609,3,10,13.006082193548385,11.863530332303286,14.644150620231525,11.534005140823878,31
wind_323609,3,11,13.615699387096772,11.529681236032939,14.89918635328479,11.258789176232408,31
wind_323609,3,12,14.496241129032258,11.988972591655116,15.4377589140995,12.05390763558457,31
wind_323609,3,13,12.621243870967746,11.925439466025464,14.511791195184575,11.514371569751571,31
wind_323609,3,14,12.353725548387095,12.564702507581226,14.809192900907513,11.866685738836273,31
wind_323609,3,15,12.636785709677424,11.90013981047058,14.511789787729413,12.80169506721229,31
wind_323609,3,16,12.151953387096777,11.694576862850148,14.753608140657533,12.614487286572793,31
wind_323609,3,17,12.159720935483866,12.332899832310167,15.208383456471143,12.741529349115682,31
wind_323609,3,18,10.945832806451614,11.276869326587695,15.17562656883218,12.157342756668685,31
wind_323609,3,19,11.450944290322582,11.759061100641759,16.264139836699773,12.70822315156194,31
wind_323609,3,20,11.641392419354839,12.10917918352095,15.573703173077968,12.30277009497834,31
wind_323609,3,21,12.726319000000002,12.244692224368878,15.764498709596209,12.63861539342485,31
wind_323609,3,22,12.003691290322582,12.426711069144996,14.90495434040238,12.077304261677423,31
wind_323609,3,23,13.33632406451613,12.87252575543569,14.769711653380648,12.442303183729642,31
wind_323609,4,0,10.558481833333332,10.142943551882581,10.887168548237987,10.750317190546586,30
wind_323609,4,1,10.448238400000003,10.129046333652367,11.031502438429884,10.265489048889505,30
wind_323609,4,2,10.708167166666666,11.333286243789981,11.612283904691953,10.404426493646016,30
wind_323609,4,3,12.573008899999998,11.69048588902081,12.49394153941981,11.4531602562738,30
wind_323609,4,4,9.968075266666666,9.080433036876988,12.134244080733819,11.455798031449339,30
wind_323609,4,5,10.233772133333334,10.16237287112123,12.444408058467294,11.687648548366285,30
wind_323609,4,6,10.239634166666665,10.029817179190113,11.31742153892204,10.445423363235978,30
wind_323609,4,7,11.251579133333337,10.07117797560595,11.078246049382468,10.036861462331492,30
wind_323609,4,8,10.377061433333333,9.887038288418749,11.08392656262023,10.541773155702888,30
wind_323609,4,9,9.998754900000002,9.404496921199168,11.779222270989122,10.485658225352894,30
wind_323609,4,10,8.583151733333333,9.325383621079164,11.230463566263166,10.336068081006676,30
wind_323609,4,11,9.734851566666665,9.030299487408081,11.420651566743135,10.900556078516015,30
wind_323609,4,12,9.524470266666667,10.473100935897273,11.327451467048322,11.284345188051596,30
wind_323609,4,13,8.1785633,9.697511917662471,11.48701106339682,11.561911028815224,30
wind_323609,4,14,9.973167,11.161142294501456,12.442612557143475,11.713643537576806,30
wind_323609,4,15,10.34134673333333,11.57615147987226,13.625684937938171,12.298937959708606,30
wind_323609,4,16,10.951655099999998,11.889910319205997,15.581884908649052,13.527936913501577,30
wind_323609,4,17,11.629148066666666,11.609500714262037,16.274221594044825,13.733681543218655,30
wind_323609,4,18,12.413638166666667,12.09676622061552,15.994896434695027,13.363822371676372,30
wind_323609,4,19,13.552380366666664,12.56132052851279,15.682576122114645,13.75542300956841,30
wind_323609,4,20,14.145897933333334,13.092123571091241,16.74240167552005,13.308251381880075,30
wind_323609,4,21,12.636067099999998,12.747647362141766,15.549721067483405,12.480237808467592,30
wind_323609,4,22,9.4229149,10.085966038287497,14.877269010291936,12.306672257604859,30
wind_323609,4,23,9.694142066666666,10.501019244200515,12.351381828379049,11.211456795244509,30
wind_323609,5,0,6.334910580645161,7.541348477466148,6.293294530341508,7.38076127470823,31
wind_323609,5,1,5.428657129032258,6.95202590498849,6.96060499424719,8.373728970238584,31
wind_323609,5,2,5.466281161290323,6.767058845112753,6.048987060623383,7.919140602487373,31
wind_323609,5,3,7.448845064516128,9.063867520509577,6.095776340799299,8.391224849660732,31
wind_323609,5,4,6.943087806451613,8.997978298418143,6.810378037715995,8.731091579332869,31
wind_323609,5,5,7.469940806451613,9.262347509257703,7.4476305076618265,8.994666892914275,31
wind_323609,5,6,7.633544967741934,9.253101679714746,8.208061038150337,9.594121187764491,31
wind_323609,5,7,7.927903322580646,9.928323930041541,8.141889737041778,9.858301652003226,31
wind_323609,5,8,6.989233129032259,9.059682650651746,8.007486027363672,9.961155208745186,31
wind_323609,5,9,7.067168000000001,8.907744514237095,8.131019726757174,9.770785836009333,31
wind_323609,5,10,7.169890677419355,8.547986468046162,7.967190391430067,9.77878800456252,31
wind_323609,5,11,6.93079135483871,8.930047344473751,7.494966130482576,9.724973265806183,31
wind_323609,5,12,5.352366709677419,9.00785905134912,6.506065759348673,9.867026398757833,31
wind_323609,5,13,5.314457516129034,9.185720271201689,6.65439901410951,9.415537272486187,31
wind_323609,5,14,6.171545677419355,8.931576417738327,7.227713621710224,9.177758010926476,31
wind_323609,5,15,6.566361451612902,9.206437293666264,8.05857159296115,10.133711253446979,31
wind_323609,5,16,7.216619258064516,10.63827405209094,8.42198339664081,10.37531682042974,31
wind_323609,5,17,7.702952516129033,11.1654480716629,8.799763045690511,10.484473565628823,31
wind_323609,5,18,7.808631516129031,10.839244651560213,8.678122184079188,10.726570322360796,31
wind_323609,5,19,7.664431612903225,11.06235493696492,7.969050451580931,10.438540626102535,31
wind_323609,5,20,7.495478290322581,9.334106443904242,8.44001996926881,10.55758961305887,31
wind_323609,5,21,6.341220612903225,8.957646513679824,9.290707000402392,11.398177746158856,31
wind_323609,5,22,5.669696741935484,7.603983387428604,8.606277703263254,10.303458698399206,31
wind_323609,5,23,5.011073903225806,5.415613620924899,6.211103797388447,7.5439849185382375,31
wind_323609,6,0,5.2404966,6.188379651009243,4.793678073792545,5.796356234352238,30
wind_323609,6,1,5.323488066666667,5.768841192249827,5.292647283779375,6.294524908984079,30
wind_323609,6,2,5.927329633333333,5.768795802090574,5.804101014906023,6.096818079891448,30
wind_323609,6,3,7.049024866666667,6.649793795384469,6.05082972879433,5.850419193379154,30
wind_323609,6,4,7.236949933333333,8.058287712375929,6.758043774418876,6.457905732875497,30
wind_323609,6,5,7.808890466666666,9.273706872270623,7.127036437716458,7.712518082238905,30
wind_323609,6,6,7.712626666666666,8.749559974101116,7.138625901751472,8.82983313817045,30
wind_323609,6,7,8.037903733333332,9.010467480549964,7.775308626185497,9.140789768375967,30
wind_323609,6,8,7.5593278999999995,9.285479171174883,7.181896135601236,7.915935909990957,30
wind_323609,6,9,8.0061359,9.398420748770098,7.1919818964829805,8.330136306358785,30
wind_323609,6,10,6.088076366666667,7.601046935310817,6.374195875175036,7.398237745698259,30
wind_323609,6,11,6.112679966666667,7.93891304043958,6.201445838217124,7.952171725743728,30
wind_323609,6,12,4.870627966666668,6.737908087217956,5.809769556403315,7.985742455039538,30
wind_323609,6,13,6.2550786,9.411127456334883,5.840545745059535,7.898476064220009,30
wind_323609,6,14,5.961519433333334,9.134672020219725,6.002164842703111,9.337093555841037,30
wind_323609,6,15,6.8247649333333325,10.335087702795349,6.499072135225111,9.785509067292718,30
wind_323609,6,16,7.6994964999999995,10.602122260876612,7.643972202464329,10.073179336356139,30
wind_323609,6,17,7.150488133333334,10.583489445144476,7.780053224014146,9.616082762477625,30
wind_323609,6,18,7.0233947,9.124745446391817,8.815307469517155,10.252369843296243,30
wind_323609,6,19,8.164003200000002,10.678731627746807,8.595188350123726,9.782948693842872,30
wind_323609,6,20,9.109433500000002,11.074253593440856,9.545148786219569,11.174085264246228,30
wind_323609,6,21,7.651446999999999,10.295191536944131,10.749583179098298,12.10542864718017,30
wind_323609,6,22,5.7304161333333345,8.027625859087518,10.101474376217746,11.863024198548056,30
wind_323609,6,23,5.5310558,6.552194304703286,8.976191319678673,10.659446628778639,30
wind_323609,7,0,4.094254129032258,6.176422283039644,5.636104440916332,8.182631701629216,31
wind_323609,7,1,4.045423548387097,6.020264849728639,4.341096149703593,6.398449092643432,31
wind_323609,7,2,4.319352709677419,6.15301550348398,3.9732743826933334,6.779020799041644,31
wind_323609,7,3,4.6230493548387095,7.332323399584758,3.906111943556022,7.3082329390425995,31
wind_323609,7,4,3.6741472903225807,5.569426571639043,3.944931808583539,7.133121304949194,31
wind_323609,7,5,3.7002232903225805,5.844046771848907,3.44807103026503,5.647047517670716,31
wind_323609,7,6,4.967394419354838,7.583926101809805,3.625445035534713,6.282530043415837,31
wind_323609,7,7,3.804312451612903,5.488585599321243,3.53084382221051,5.0656796917761255,31
wind_323609,7,8,3.9954286451612897,5.708210427505604,3.7872891180402757,5.0876322474446924,31
wind_323609,7,9,3.626758258064516,4.513132068480284,4.102806976133143,5.418609622005149,31
wind_323609,7,10,3.4859015161290325,5.271449581050168,4.060461841898626,4.91854152900399,31
wind_323609,7,11,3.4006927741935478,5.162663620675389,3.905122056770298,5.906246187933998,31
wind_323609,7,12,2.0870325161290317,3.975133977660844,3.0338055810637004,5.23846861411873,31
wind_323609,7,13,2.7333621612903225,4.15195405794752,2.8276595127076067,5.183129221642877,31
wind_323609,7,14,2.866908677419355,5.645853072911276,3.2762164321127534,6.045395464597781,31
wind_323609,7,15,3.131525032258065,6.38739072121903,3.3570933425464546,6.111187707050571,31
wind_323609,7,16,3.7404020000000004,6.764470254815895,3.700834509084362,6.505661445189676,31
wind_323609,7,17,3.717530903225807,6.755676146430839,4.0891613152865975,6.393829002676509,31
wind_323609,7,18,4.332284419354838,7.222004062043511,5.022901696697675,7.443841222430647,31
wind_323609,7,19,5.78076670967742,8.911430078885916,5.3594013185633,8.000483799413713,31
wind_323609,7,20,5.830013387096775,9.816950211666162,4.429722806875038,5.962601671211764,31
wind_323609,7,21,5.552915,9.220222508891572,5.618332215968537,7.986683854233507,31
wind_323609,7,22,4.657403419354839,6.769385362116611,5.913866407002837,7.262199228446046,31
wind_323609,7,23,3.9868491612903227,6.6599838890487275,4.855467973364311,6.1632301864555785,31
wind_323609,8,0,5.42272677419355,7.461107058722361,5.590568990534345,7.202695845008844,31
wind_323609,8,1,5.758688161290324,8.279892788433814,6.564304504376204,8.790799094568623,31
wind_323609,8,2,5.9353983870967735,8.78141414068845,7.10219638508465,9.499610999582528,31
wind_323609,8,3,6.262233903225807,8.706476533574005,6.440369754850563,9.108756443478713,31
wind_323609,8,4,6.238124064516129,8.5096025690644,6.080952325532305,8.184703076136834,31
wind_323609,8,5,6.0308690645161285,7.911215841750078,5.9234088572095205,8.406866676363974,31
wind_323609,8,6,5.5586955806451614,7.724989999109375,5.666682225389262,7.743446995163253,31
wind_323609,8,7,5.7602495483870975,7.967933609602027,5.249802828672233,7.674724023730969,31
wind_323609,8,8,5.666007870967742,8.028476549362495,5.387876278497179,7.5299867132552905,31
wind_323609,8,9,5.61122970967742,7.612708625300936,4.904696193296446,6.7930483769200265,31
wind_323609,8,10,4.6136355161290314,6.8394970365737615,4.331600969419267,5.1014561091779775,31
wind_323609,8,11,4.356067129032259,6.146639356100854,4.966234079621043,7.058197142183825,31
wind_323609,8,12,4.067116129032258,6.653947596859441,4.8816574889257485,7.999903203366418,31
wind_323609,8,13,3.562745806451613,5.637250257047766,5.0161004741869455,8.647097855935062,31
wind_323609,8,14,3.641687580645161,5.288718529828322,5.045707422229613,8.094392239075013,31
wind_323609,8,15,3.5182806129032254,5.4679798936247,5.572075862077809,8.479551314743572,31
wind_323609,8,16,4.958276645161289,7.150008483077414,6.447426214335466,8.652089248184492,31
wind_323609,8,17,5.838528032258065,8.154508618792622,6.561202620570613,8.8033206902108,31
wind_323609,8,18,6.225705387096776,8.26797855170115,7.0838075525064745,9.215862765452153,31
wind_323609,8,19,7.30877535483871,9.249758219007967,7.38212737753595,9.541363645587408,31
wind_323609,8,20,7.8273347096774195,8.803517869279595,7.872273617291995,9.660591834254928,31
wind_323609,8,21,7.157314387096775,8.316696301280565,8.194948253239703,10.138191474525424,31
wind_323609,8,22,5.252399129032259,5.974765566354346,8.743312294478834,10.314968948421905,31
wind_323609,8,23,5.263402612903224,7.365963898426228,6.6052657598211155,8.664492205091522,31
wind_323609,9,0,5.472340233333333,8.64055725370188,6.157391730381968,7.633206221918942,30
wind_323609,9,1,5.717230666666667,8.396092546448642,7.109295267855943,7.998165275870504,30
wind_323609,9,2,6.014252666666667,8.0268742521221,7.0841249527997885,8.232400886965756,30
wind_323609,9,3,7.007629566666667,8.544789729036559,7.548998076445008,9.000108611565572,30
wind_323609,9,4,7.186016333333333,8.548482434018839,7.80643045997144,8.784403330619142,30
wind_323609,9,5,7.277523133333334,8.563023568610012,7.7288508961431726,8.759220708430627,30
wind_323609,9,6,6.975358233333333,8.441887768029627,8.272165193559243,9.61267077323391,30
wind_323609,9,7,7.5689053,8.547228780020841,8.429448519317653,9.903000773341631,30
wind_323609,9,8,7.865265666666668,8.856369765264299,8.308605394218358,9.88387557675406,30
wind_323609,9,9,8.025828433333334,9.383924196565593,8.20045908090237,9.698614496233597,30
wind_323609,9,10,6.076646366666666,7.279549731261935,7.99586956416625,9.426427783474313,30
wind_323609,9,11,5.9878804,7.361027302181525,7.023687250777455,8.603217234371657,30
wind_323609,9,12,5.088725233333333,6.227537586165303,6.040315882998754,7.8277687805548535,30
wind_323609,9,13,3.9621261666666663,5.228683640405188,5.381609565401475,7.852784840323228,30
wind_323609,9,14,4.221582233333334,7.40400792195969,5.301382116088848,8.714913672895664,30
wind_323609,9,15,4.1650963999999995,7.670998103953015,4.777133586268776,8.519891003795514,30
wind_323609,9,16,4.3366527,7.344440384307782,4.80182119409932,8.41413480049258,30
wind_323609,9,17,4.027603600000001,7.599617091681884,4.231205444236926,7.26669847024242,30
wind_323609,9,18,4.1341579,7.85165443816848,4.444136519016226,7.598489275769324,30
wind_323609,9,19,3.7763345999999993,7.650533155774884,4.398756684793039,7.525543536671178,30
wind_323609,9,20,3.6149449999999996,7.091147621074934,5.020521527808501,8.31896066099913,30
wind_323609,9,21,3.635681266666666,6.193250996492207,5.3666975822307394,8.6705317081325,30
wind_323609,9,22,3.9716783666666666,6.963312025254522,6.06136228351651,9.664715010694495,30
wind_323609,9,23,3.3048957333333338,5.623193592410884,5.858833631323514,8.101351182560425,30
wind_323609,10,0,6.91521377419355,9.010402518813795,7.952854378178662,8.500350457936088,31
wind_323609,10,1,6.93638541935484,7.840178789673689,9.349301450840981,9.268966435188815,31
wind_323609,10,2,6.273959258064515,6.926703093026315,9.433116128463197,8.753429380469916,31
wind_323609,10,3,7.073217806451614,8.322918280923236,9.071869056960384,8.806157494323108,31
wind_323609,10,4,6.868579322580644,8.71588016666477,8.743028290305226,8.965164543854195,31
wind_323609,10,5,7.373810741935482,9.4699394734016,8.734927220723321,9.626340564591573,31
wind_323609,10,6,7.819643225806452,10.504786696700899,8.77885070227797,10.308972564224565,31
wind_323609,10,7,7.703954548387095,10.890204168589607,7.88460626279119,10.00793954153714,31
wind_323609,10,8,7.539874645161291,10.696082709948659,8.327918716059843,10.945912471123668,31
wind_323609,10,9,7.0688509032258064,10.154176239235827,8.130717174856684,10.299876701821933,31
wind_323609,10,10,6.957180838709678,9.272237939473904,8.465688325586047,9.851775967566859,31
wind_323609,10,11,7.380378483870968,9.802783443547101,8.152786073459325,8.69756210461731,31
wind_323609,10,12,6.851024129032258,9.090119253288613,8.612130578755396,8.750297679024788,31
wind_323609,10,13,5.9153869354838715,8.419952459256981,8.00205546534617,9.024629869460425,31
wind_323609,10,14,5.991756774193549,8.291521415644556,8.326974641965293,9.98400334488955,31
wind_323609,10,15,5.821756161290322,7.841342748687426,9.989074784861684,10.497346336914703,31
wind_323609,10,16,7.122104741935484,8.382432054164317,9.907325655486023,10.498287260142883,31
wind_323609,10,17,9.095647161290323,9.311984143561153,10.288321915155985,10.90881351858817,31
wind_323609,10,18,8.74008570967742,9.25654390861414,11.623180955665408,11.416476531277265,31
wind_323609,10,19,9.605775193548387,9.146526768488428,10.97929324580465,10.577041770424593,31
wind_323609,10,20,8.39865906451613,9.176271237610852,11.253112203208948,10.556604784035855,31
wind_323609,10,21,8.29958487096774,8.862433601044458,9.77819943214089,8.522429386515082,31
wind_323609,10,22,6.656047870967742,8.457748548961554,9.13851229332657,8.826235727782827,31
wind_323609,10,23,7.561650806451613,9.103443911102008,9.324696996821078,8.998468928196797,31
wind_323609,11,0,14.702721899999997,12.19774873642857,13.608450266417975,11.748944699688607,30
wind_323609,11,1,14.277666366666669,11.37742139095294,15.156330868762096,12.12481676310245,30
wind_323609,11,2,13.884684299999998,11.938632976593274,14.309030374409495,12.020083403227678,30
wind_323609,11,3,13.997906833333335,11.795201513700496,14.368429032574877,12.29592365296267,30
wind_323609,11,4,15.621065866666667,11.61082477560295,14.731211360980012,12.301910803973776,30
wind_323609,11,5,14.583337966666667,11.338618986225708,15.410286146774848,11.96025249068179,30
wind_323609,11,6,14.503929333333337,11.241656875401727,15.65885460029782,12.014361860118457,30
wind_323609,11,7,13.787226833333335,11.03713636867657,15.700746840941939,11.267803255349756,30
wind_323609,11,8,13.563256333333335,10.583505823605146,14.342086691708298,10.700961745389057,30
wind_323609,11,9,12.81678756666667,11.011175020519593,15.050401870225132,11.548285592055985,30
wind_323609,11,10,12.282487533333335,10.145534335623445,15.129688529347236,11.37179420098503,30
wind_323609,11,11,12.148042633333334,10.494070491753947,13.910710589008485,10.897155147359447,30
wind_323609,11,12,13.048477733333334,10.945039700728849,14.242264343008056,10.843627729324297,30
wind_323609,11,13,12.060633333333332,11.305608362022555,15.294936137423134,11.203772837050856,30
wind_323609,11,14,11.154126033333336,10.855921038829054,14.660841572563504,11.126490933340065,30
wind_323609,11,15,12.08748226666667,12.205330293717157,13.707923104674856,11.279630684452929,30
wind_323609,11,16,11.707016500000003,12.16155889630805,13.844617430943579,11.704021367818877,30
wind_323609,11,17,11.808405233333334,12.173637279430123,13.721531253364834,11.601383942483404,30
wind_323609,11,18,12.780006933333336,11.795021083266258,13.988127819352167,11.656344467784495,30
wind_323609,11,19,11.515896133333335,10.659683882574637,14.640223548506025,12.155940104951457,30
wind_323609,11,20,11.702034833333334,10.27959297107134,13.088465150281378,11.331183827371062,30
wind_323609,11,21,12.0097431,11.336983973674416,12.674051124056522,10.713488136144536,30
wind_323609,11,22,11.815179633333335,10.952132220570567,13.762523403243842,11.258716845103867,30
wind_323609,11,23,12.907358399999998,11.447815377002016,14.765703287584131,12.193231058228776,30
wind_323609,12,0,15.925729225806451,13.512212109011173,16.78142007001212,13.587382560579982,31
wind_323609,12,1,17.098774096774193,13.937468453986007,17.4571216846128,14.33237443271712,31
wind_323609,12,2,17.079350096774192,14.422762310682302,17.222849812771507,14.477418881388301,31
wind_323609,12,3,16.505119903225804,14.466408238684211,16.344003464534296,14.560986510586552,31
wind_323609,12,4,15.878174806451614,14.186425667766168,16.064129053881512,14.592129496251733,31
wind_323609,12,5,15.673457967741937,13.917990269941441,16.437534917216826,14.435085224032871,31
wind_323609,12,6,15.526106129032259,13.557807491137728,16.920520054849494,14.256129330912644,31
wind_323609,12,7,15.323329709677418,13.669996075947466,16.71845484940274,13.983941831602971,31
wind_323609,12,8,14.217123096774191,12.490313664755517,15.910393507779792,13.257398757120392,31
wind_323609,12,9,13.998151709677419,12.518021622077045,15.337820944974526,13.271416702353918,31
wind_323609,12,10,12.953949677419354,10.70462702897156,13.563787101528181,11.85497780755103,31
wind_323609,12,11,11.387495548387097,9.832070266611275,12.887850594429736,10.91694267875108,31
wind_323609,12,12,11.612824548387097,10.859058884161426,11.725463576547734,9.79715859693917,31
wind_323609,12,13,11.272648612903224,10.186535957123189,12.193045720562841,9.727917592158345,31
wind_323609,12,14,10.065183903225808,9.821822754704375,14.066200326340176,11.662467740664987,31
wind_323609,12,15,11.948909709677421,11.041687853325623,14.511458486074194,11.629801948707131,31
wind_323609,12,16,12.608364870967742,12.126891656655708,14.24536743278439,11.760394062298717,31
wind_323609,12,17,13.461491225806451,11.04330595303414,13.70974933784583,11.50867582405184,31
wind_323609,12,18,14.418963451612903,12.35736347376566,14.42398281662053,11.648594457366615,31
wind_323609,12,19,13.960044870967742,11.956517035228167,14.516502175869368,11.767941464716028,31
wind_323609,12,20,13.631182387096775,11.742116315471458,14.94690457797941,12.017668680432141,31
wind_323609,12,21,14.119418838709677,12.587672705872448,14.77663499518663,12.306376822571567,31
wind_323609,12,22,14.438541677419355,12.312988506455044,14.547658872476363,12.409980283165007,31
wind_323609,12,23,16.0504684516129,13.334463531719576,15.38728089575088,13.039163056977783,31
wind_323611,1,0,37.5655846451613,34.07738402824687,36.31696690419174,35.37329083289456,31
wind_323611,1,1,34.358900451612904,34.019020665495354,36.120655342308126,34.04077056466825,31
wind_323611,1,2,33.4519395483871,31.75171464345429,33.30588859056312,33.52693140179217,31
wind_323611,1,3,35.676312612903224,34.83333191665293,33.671531794953815,32.75671669534436,31
wind_323611,1,4,35.39740696774193,32.41917310043939,33.10623633141021,33.12820586649268,31
wind_323611,1,5,36.964868161290326,30.86699924817819,33.87647123459554,32.64366407759391,31
wind_323611,1,6,36.44346783870968,30.20225139527627,33.30831545762271,32.554314655542576,31
wind_323611,1,7,34.612193193548386,29.599638174792066,33.63266429056743,32.73758674080016,31
wind_323611,1,8,32.00671419354839,28.862278383464783,32.51248584572506,31.76050024911266,31
wind_323611,1,9,26.959896935483872,27.408246121957127,29.73536778222434,31.541951181493328,31
wind_323611,1,10,24.97152870967742,26.521646692942937,27.228628764663696,28.381098871955885,31
wind_323611,1,11,28.440918258064517,28.78849893975786,28.701124511142236,28.705557754999692,31
wind_323611,1,12,31.479668387096773,28.88736204748884,31.783482498169313,30.236505140862626,31
wind_323611,1,13,32.68660529032258,31.20401996572079,33.02297218375095,31.051805181163697,31
wind_323611,1,14,32.368456967741935,29.96095942217007,32.69758989247376,32.919160161384504,31
wind_323611,1,15,31.32800412903226,32.28977083998117,33.646377754178395,34.465652071509616,31
wind_323611,1,16,29.071445612903226,33.637504445435816,32.183268749938854,32.9796079442094,31
wind_323611,1,17,27.37775580645161,31.56928998127686,34.284669200090285,34.4998527807966,31
wind_323611,1,18,26.70394867741936,31.328832243975437,31.822641691216628,32.395651757454985,31
wind_323611,1,19,28.277996967741938,31.425854901723334,30.371861679239313,31.217518183894022,31
wind_323611,1,20,31.063750290322577,31.375290750082623,32.231592063510625,31.93819235098514,31
wind_323611,1,21,33.65889183870967,31.685204783955182,33.030539459162156,31.202733895834974,31
wind_323611,1,22,32.6433094516129,33.26479765744435,33.78902073936011,31.776933840830942,31
wind_323611,1,23,35.51414922580645,33.15430823838301,34.52574484687468,32.05361906902114,31
wind_323611,2,0,40.28138224137931,36.033376815121684,36.66525926153405,34.296374166536786,29
wind_323611,2,1,39.637108724137924,35.65931701901258,37.42443498627661,35.0691922300793,29
wind_323611,2,2,40.08455706896551,34.95386539378776,36.70646974766391,35.51964850896711,29
wind_323611,2,3,39.92193689655172,34.81324580451906,39.186711952993214,36.91505307171239,29
wind_323611,2,4,41.71442475862069,36.26874861765937,41.354429862499295,37.948609203945296,29
wind_323611,2,5,43.01662937931034,37.35855861182025,42.30139644540428,38.75569998318592,29
wind_323611,2,6,41.83564413793103,36.03437722900106,42.542091071172926,37.270275247142614,29
wind_323611,2,7,43.722468862068965,35.411691472065215,43.349145886573545,36.94634101846665,29
wind_323611,2,8,43.07768168965517,35.45498839517405,44.18690260254704,37.500996269435284,29
wind_323611,2,9,44.09320662068966,36.1365024648621,41.95353126123139,36.129480496471,29
wind_323611,2,10,39.701875758620695,36.23040643005371,40.403410950360396,36.343152756039075,29
wind_323611,2,11,38.794420448275865,34.80859148191821,40.646636108655656,35.647991282622826,29
wind_323611,2,12,42.06919955172414,34.613070288913896,40.43122835926996,34.420761634373996,29
wind_323611,2,13,40.36930431034483,34.72016256552088,38.43842602022966,33.02125221757716,29
wind_323611,2,14,37.5012065862069,34.62195826345309,37.000778087999144,34.45890063114903,29
wind_323611,2,15,35.84534255172414,34.22478129824098,35.75436957858254,35.820949510405605,29
wind_323611,2,16,34.97326593103448,34.70631533621602,37.10891050987629,37.08195735107487,29
wind_323611,2,17,35.502415655172406,33.99621438819695,37.80204396978027,37.33306222912377,29
wind_323611,2,18,36.090678172413796,35.558666337241704,38.01323934629332,36.25616305231186,29
wind_323611,2,19,36.68094386206896,34.317295646673195,38.339237766179686,35.86650790328159,29
wind_323611,2,20,37.28739427586206,34.79679832113849,37.818695235407866,34.38523302891835,29
wind_323611,2,21,38.60868644827586,34.103705470399724,35.92299165966676,32.96142948947384,29
wind_323611,2,22,39.96946068965517,35.23680282875911,33.90186279018859,32.513905259981094,29
wind_323611,2,23,43.175994137931035,36.71427058616102,37.44786520729647,35.38415598768364,29
wind_323611,3,0,45.99406722580645,34.04510435741726,48.618206123502226,31.291345257552216,31
wind_323611,3,1,48.2780275483871,32.86998310553661,49.59562456298229,32.399345319210525,31
wind_323611,3,2,46.477694129032244,30.716521689797126,50.121183296341194,33.459833970536394,31
wind_323611,3,3,44.95371351612903,33.44629398696812,49.603683433754476,35.21391974542591,31
wind_323611,3,4,42.30207177419354,35.99510601937978,46.747750611055054,35.26218389352785,31
wind_323611,3,5,40.512347193548386,33.45894455195453,46.7680087911111,34.390198050753504,31
wind_323611,3,6,40.54035003225807,32.61274234752534,47.245289575271094,32.71614749963115,31
wind_323611,3,7,39.46971141935483,32.468084217468565,43.557929374218936,31.786898053267283,31
wind_323611,3,8,39.67566958064516,31.225211595835425,41.22322517471622,34.72907514263014,31
wind_323611,3,9,38.93869703225806,32.537967035762286,41.18083896966361,35.86955767532261,31
wind_323611,3,10,39.55181341935484,34.41085297182614,41.70391750100338,35.99569287312309,31
wind_323611,3,11,40.762069580645154,35.456566305123836,44.65574864742003,37.198457663613794,31
wind_323611,3,12,43.32235770967741,36.51927736419558,44.759662442096285,36.830269545707566,31
wind_323611,3,13,40.91850361290322,35.52595259297493,42.68550971897859,36.17195789502204,31
wind_323611,3,14,38.52205864516129,33.90709868631165,40.442704192668856,34.1247291696408,31
wind_323611,3,15,35.86426116129032,31.697263241464398,43.43597056868928,33.970862678758635,31
wind_323611,3,16,35.74206622580645,32.461368888660644,42.228166253352974,34.35778797625014,31
wind_323611,3,17,35.96088796774193,33.06434668157428,42.04118001860766,33.445726558952416,31
wind_323611,3,18,37.83268616129033,32.42915583451762,42.347176803406455,31.804757307530974,31
wind_323611,3,19,37.0982674516129,31.498363800436707,41.24258564057841,31.205847306527925,31
wind_323611,3,20,36.479054741935485,32.7882774537244,41.31854275796896,31.779771770267313,31
wind_323611,3,21,36.519027419354835,31.523039574144466,40.60672532137679,32.323582323002384,31
wind_323611,3,22,35.889348999999996,30.38354849982,39.441915612486746,30.66607785180007,31
wind_323611,3,23,40.24283922580645,34.717900808226226,44.33221999239461,31.413570731741,31
wind_323611,4,0,31.046276699999996,29.012235709365836,29.65438078974871,29.202481255056814,30
wind_323611,4,1,32.156147266666665,28.59845300126024,34.50001747497693,28.00259213833593,30
wind_323611,4,2,35.41171046666667,31.854768431634128,36.47182922727357,30.136639577733625,30
wind_323611,4,3,34.8564632,32.609422103827576,37.82964647595209,30.9466243549797,30
wind_323611,4,4,34.3579588,33.16823837686551,39.16735568733311,32.50459927398295,30
wind_323611,4,5,34.479633,32.92505815622577,40.776651786222345,33.24045722336092,30
wind_323611,4,6,35.061349766666666,33.63930685861054,37.46752513429682,33.80546083762748,30
wind_323611,4,7,34.500881299999996,34.13571197596741,37.85628570284538,36.14901719378301,30
wind_323611,4,8,33.952309,34.507857161047035,34.45114892821148,34.618927388843986,30
wind_323611,4,9,33.7476859,33.53400308462226,33.47666865609634,34.38856660933604,30
wind_323611,4,10,33.415069833333334,33.22975755324879,36.07153172401379,34.78875273657752,30
wind_323611,4,11,36.0140983,34.25893565994459,38.35728224256445,34.744686188639385,30
wind_323611,4,12,33.519398333333335,33.827289568373274,37.83410551082647,33.98908431638912,30
wind_323611,4,13,28.786186933333333,32.72703687267096,37.58228302887522,34.14530333045462,30
wind_323611,4,14,31.146396533333334,33.70737473283332,37.06083729883333,34.297022290493054,30
wind_323611,4,15,32.2237267,33.72358325614464,40.03733411480927,35.048866523043365,30
wind_323611,4,16,33.8639344,33.96171081918267,42.09420503980056,36.56538717706668,30
wind_323611,4,17,37.113873000000005,35.625415072853855,42.42211465301024,36.55681749286316,30
wind_323611,4,18,35.41692593333333,33.78658204451573,41.96809724707688,35.83809741892666,30
wind_323611,4,19,35.8454728,34.36462904927974,39.680950763724134,33.973056949977966,30
wind_323611,4,20,36.25222136666667,33.33236598418564,39.65726685631643,33.59595944375705,30
wind_323611,4,21,34.303998,33.05399455178398,38.69661011770437,33.32027797903291,30
wind_323611,4,22,30.680766366666663,31.511991913211528,34.72569424235488,32.47464442572629,30
wind_323611,4,23,32.11036026666667,30.688415758594076,31.59634272088031,29.158804084847542,30
wind_323611,5,0,18.637837451612906,21.00571489060567,13.77352908010358,19.10658582579537,31
wind_323611,5,1,18.36003638709677,19.181490107199245,19.916104583101255,20.656576271813332,31
wind_323611,5,2,23.026645129032264,24.817399187231462,25.79133592679626,25.226419721029547,31
wind_323611,5,3,24.21473719354839,26.170552616171666,28.084796198417248,28.7868492823901,31
wind_323611,5,4,28.794424483870966,28.784263785756245,27.006045694293928,29.842967727036033,31
wind_323611,5,5,34.01264051612903,32.17348080801832,27.538584645145587,28.752908047271827,31
wind_323611,5,6,30.82069283870967,31.472904361014255,28.905550624108876,28.499103791485748,31
wind_323611,5,7,28.94751851612903,31.013694513474654,31.37670892902279,31.932731138072167,31
wind_323611,5,8,29.031168225806454,31.37260648367972,32.598229803419095,31.12059918044294,31
wind_323611,5,9,25.750353709677412,27.2406662068319,26.920786011805355,27.73554116843754,31
wind_323611,5,10,25.32173809677419,27.412692768931354,25.219818010827705,28.328740332906122,31
wind_323611,5,11,23.829053354838706,27.754177474372202,24.765329262457357,27.981204814781165,31
wind_323611,5,12,19.32226929032258,25.080942761781433,22.17491778360883,26.286521921984463,31
wind_323611,5,13,17.99913135483871,24.16468612197494,22.07141375358411,26.367477617368852,31
wind_323611,5,14,19.203600548387097,26.402188709284296,21.069940925013835,27.088697474489834,31
wind_323611,5,15,19.584894193548386,29.176485721171684,20.911192756641253,27.970058520028523,31
wind_323611,5,16,17.887271709677417,27.334257776238,20.98025101935962,28.21594395538817,31
wind_323611,5,17,19.69969351612903,27.67425640310051,22.17825254845548,28.960800197988473,31
wind_323611,5,18,20.494443612903222,28.190901432838622,21.145418828727347,27.14545786201143,31
wind_323611,5,19,22.554101096774193,28.394479914230416,25.70634222762298,30.899404356798712,31
wind_323611,5,20,22.678557129032253,29.676417030691734,28.994105395900608,32.700212470177554,31
wind_323611,5,21,18.655296741935484,22.671414420398953,28.605882769503804,29.298235127440563,31
wind_323611,5,22,13.013690129032254,15.014263978552457,22.265307211005037,25.767500159574084,31
wind_323611,5,23,20.228407645161287,23.395016639511415,19.708753483478763,25.490238035361017,31
wind_323611,6,0,22.857132,29.825877016323727,20.7858249552576,27.31326991915351,30
wind_323611,6,1,25.251377333333334,33.074812562216366,20.687684874029898,27.596942870484945,30
wind_323611,6,2,27.256595633333337,31.37518931543335,23.436224625620792,28.50279024182271,30
wind_323611,6,3,31.911742,28.16115770525602,26.61980087707734,26.61392464730607,30
wind_323611,6,4,31.678220133333337,30.021983822641527,30.870133883676285,30.11705841722348,30
wind_323611,6,5,33.4658798,32.14208711364868,32.719817107497235,33.27903814654304,30
wind_323611,6,6,32.81399626666667,32.87014152905908,34.12564605109561,31.97748268160105,30
wind_323611,6,7,32.966157466666665,32.98171473588026,31.18572043993972,30.343253051961504,30
wind_323611,6,8,34.230453999999995,30.80482650294918,29.421198953624902,29.56006275625829,30
wind_323611,6,9,34.36906,30.286092467281943,28.78182617230505,28.880177431321272,30
wind_323611,6,10,27.670399999999997,25.149116759988214,30.00978948882027,29.760380568826243,30
wind_323611,6,11,22.74984046666667,23.294469001993725,25.186598436399652,27.97182536979961,30
wind_323611,6,12,21.24951126666667,22.51203993583031,22.462691476586567,26.96103300630113,30
wind_323611,6,13,19.33873606666667,23.571770340840487,19.260787254809596,23.468230856481792,30
wind_323611,6,14,19.825740733333337,25.45771693449346,17.779059467099103,23.413873336828342,30
wind_323611,6,15,23.7070968,28.019569027449055,16.248722580204028,22.10755733240796,30
wind_323611,6,16,26.938943133333332,30.659288481189797,20.06405362362485,25.177848399496263,30
wind_323611,6,17,25.687252533333332,30.872683744578683,22.586544149864654,28.47992275281116,30
wind_323611,6,18,26.944111766666666,31.79259756825612,23.111386764746797,28.340068368924868,30
wind_323611,6,19,27.174357999999998,30.78529185329129,22.99044302112184,29.123946325293584,30
wind_323611,6,20,27.243990833333335,30.11644064682767,25.272829444457024,32.371908623368086,30
wind_323611,6,21,22.636780533333333,26.52195674718455,23.781513699513162,31.764519461562937,30
wind_323611,6,22,23.2182936,28.603974214916395,21.27409106771795,29.230527057077683,30
wind_323611,6,23,21.367186800000006,25.46079951193063,20.72932645765542,26.249920323150334,30
wind_323611,7,0,15.401859451612902,22.726784952760433,12.968648675901063,20.029031149330628,31
wind_323611,7,1,13.235504838709677,17.042100574970863,13.312385567079561,19.192144950850043,31
wind_323611,7,2,14.407795,17.472022578206847,14.121959734877459,17.415563380178256,31
wind_323611,7,3,13.159661516129031,11.986966599257984,13.940808985403255,14.989044046223013,31
wind_323611,7,4,16.246079548387097,14.219530816559178,14.4620765435563,15.78620582591589,31
wind_323611,7,5,16.081328129032258,14.63297338301655,14.73163442990877,18.24098910127394,31
wind_323611,7,6,20.409228419354832,15.923112980135805,15.646078539893079,17.178726421001045,31
wind_323611,7,7,19.95212522580646,16.76284325798392,17.34731426493841,18.887523174782938,31
wind_323611,7,8,16.919042483870967,16.332236903800336,16.592542666238547,17.008029243804355,31
wind_323611,7,9,17.7252414516129,17.016308077636378,17.490618476048237,18.245489820789324,31
wind_323611,7,10,13.68792606451613,14.931685435116396,17.00510739819456,16.767190725645598,31
wind_323611,7,11,13.434235935483871,16.36231979378444,15.378804808570113,18.02014999251509,31
wind_323611,7,12,10.795746806451612,14.23036910084395,12.671752937054308,19.82605013064988,31
wind_323611,7,13,8.580216903225807,13.825067655659382,8.612217257935427,17.729861122153803,31
wind_323611,7,14,9.20828987096774,15.779669612402282,7.23380967773948,14.119832696093795,31
wind_323611,7,15,11.293747903225809,18.42598709442132,7.908049992861426,15.329132269045243,31
wind_323611,7,16,10.565187709677419,18.355472088832077,8.309462704928317,14.6707026634839,31
wind_323611,7,17,9.881224322580644,15.296342969725982,9.780542546085027,16.521576718813595,31
wind_323611,7,18,9.971591161290323,12.935274748824925,10.972009025765868,17.54750622303189,31
wind_323611,7,19,9.247524322580645,11.644267861664291,10.48654520074074,15.721062263023885,31
wind_323611,7,20,13.294287064516128,19.111943310158924,10.041775399347125,15.600970605172678,31
wind_323611,7,21,11.121915677419356,15.959514629963756,11.312497280572156,18.503590703317656,31
wind_323611,7,22,10.04694983870968,16.590735757986938,9.129006792315872,16.24293827554376,31
wind_323611,7,23,11.728592387096775,18.701907949123992,11.250868811289408,18.554304059208963,31
wind_323611,8,0,22.48804729032258,25.24423231288093,23.471475603155316,25.696155462645354,31
wind_323611,8,1,26.20666522580645,28.684030036779166,26.258680943808972,26.485967644295364,31
wind_323611,8,2,25.109482516129034,27.641663210885532,26.605792248187768,28.279755782533883,31
wind_323611,8,3,26.982255999999996,26.381129248897423,28.125368391431262,27.58665673693758,31
wind_323611,8,4,28.179337838709678,28.25812757845607,28.835749064106075,26.97309929057496,31
wind_323611,8,5,27.511837709677415,26.724374676031868,25.8060828239327,25.537812635295143,31
wind_323611,8,6,24.895130483870965,26.874160016014685,24.029691857460257,24.126637753571874,31
wind_323611,8,7,23.69944864516129,25.903104804061076,22.161466077918153,24.008697738934202,31
wind_323611,8,8,20.57949041935483,22.75848054593468,21.37524948624072,23.35918797029815,31
wind_323611,8,9,19.149488032258066,20.793238339789266,20.72449064064952,23.934283127651998,31
wind_323611,8,10,19.238659096774192,23.49781467691112,20.120683967576117,22.21598787441543,31
wind_323611,8,11,17.481974451612903,20.78309597532583,19.92451306425781,24.720326149819588,31
wind_323611,8,12,15.896383483870968,24.900894409572622,17.18561350943243,22.25341984991265,31
wind_323611,8,13,14.129332290322582,22.046034366340077,16.65484842329649,24.646565377106107,31
wind_323611,8,14,13.180824870967744,19.17387532590643,15.651414589873971,23.097217444354076,31
wind_323611,8,15,15.777337032258067,22.52716336960502,17.82855651041714,24.11103692786118,31
wind_323611,8,16,14.628529064516126,19.70235644659562,19.079851994803906,24.673013250059906,31
wind_323611,8,17,15.881395290322581,18.989616509580973,19.568616415940998,24.2153647862633,31
wind_323611,8,18,17.848994903225808,19.125098706186005,18.4125218785513,23.92248159816145,31
wind_323611,8,19,17.72454632258065,19.587634041619815,17.90131132523874,21.48493631117779,31
wind_323611,8,20,17.088566354838708,17.492246843862784,18.02733331133527,23.427083804468825,31
wind_323611,8,21,19.205379741935488,20.09910731857541,19.3611088593446,25.48141945085253,31
wind_323611,8,22,20.09887029032258,21.702806139812157,19.907629267935587,24.579457156963926,31
wind_323611,8,23,19.90770958064516,22.398987658546858,18.1997233624129,20.84392042934529,31
wind_323611,9,0,18.687536966666663,22.701995585542182,17.883952727895235,20.920694746579358,30
wind_323611,9,1,19.372526600000004,23.2818554500536,21.91053126078928,24.242424969462835,30
wind_323611,9,2,22.55206133333333,24.813819066560306,25.332592553899488,26.77013637231988,30
wind_323611,9,3,25.27759583333333,29.125527809208386,28.74020600235302,29.429520086635364,30
wind_323611,9,4,26.434684233333336,30.207805191035618,28.5282866384765,27.933038644209596,30
wind_323611,9,5,25.668552333333334,27.610281756771542,28.141665798461677,28.54114398176609,30
wind_323611,9,6,26.456956366666667,26.313490870408426,28.238645127453918,29.291969032328893,30
wind_323611,9,7,25.944292500000003,25.545561671544068,29.14280687440036,30.239975363299582,30
wind_323611,9,8,25.86128503333333,25.156321514534888,31.353752910078715,30.671939605492476,30
wind_323611,9,9,29.088903933333334,26.93733718909434,29.645428131241896,29.958052410284264,30
wind_323611,9,10,26.8388998,27.720601506860085,27.596910343594043,29.84763922222138,30
wind_323611,9,11,25.497821333333334,27.873087207869922,26.685659811487977,26.497668200515882,30
wind_323611,9,12,23.895098,27.266659962044958,24.729555043684787,25.20566352472338,30
wind_323611,9,13,16.663543933333333,21.716993152727827,20.747384830238033,25.567336542367332,30
wind_323611,9,14,13.969141400000002,21.6299216074083,17.705205824783217,26.335962414969742,30
wind_323611,9,15,14.582843200000003,24.35207427839608,16.726770048487396,26.63561276148922,30
wind_323611,9,16,15.017637466666667,23.899447069146735,16.98526875884461,27.162898222278635,30
wind_323611,9,17,16.207196066666665,25.68180394455502,17.430540232453904,27.75477075636525,30
wind_323611,9,18,15.403713866666669,23.620801042127326,17.398348774442944,26.6612705855914,30
wind_323611,9,19,15.3315987,23.875009018271175,18.611248093353698,28.90331167791212,30
wind_323611,9,20,15.8939368,25.36037716440645,18.07735442782263,27.39647472614107,30
wind_323611,9,21,15.21972506666667,25.443072844348485,16.277671103845645,26.275539929522413,30
wind_323611,9,22,13.197242966666664,23.756786934468252,15.954593787224809,26.013199806504762,30
wind_323611,9,23,13.977894299999999,18.44006748437693,15.900752552939325,24.852540973911832,30
wind_323611,10,0,30.59022429032258,29.090924527217712,36.143529988796146,29.88503779165568,31
wind_323611,10,1,30.776520612903226,29.545351085510024,40.753597054345725,29.699150029425233,31
wind_323611,10,2,33.87909658064516,30.024871456156117,39.788512238024474,29.700806251150667,31
wind_323611,10,3,33.31008190322581,31.740676729422695,38.2951162971176,28.992276766555417,31
wind_323611,10,4,33.79992106451613,30.925094181814178,37.451490055599066,30.66801703273743,31
wind_323611,10,5,32.858685483870964,31.65626072433076,36.95547918295243,31.14465756620536,31
wind_323611,10,6,32.0673029032258,33.09573125964243,34.04718202533706,31.183313624448026,31
wind_323611,10,7,32.50660706451613,33.62728262772915,33.44556980140301,31.030155074501764,31
wind_323611,10,8,30.74554387096774,32.62442204929498,34.73427074020237,30.315189511290235,31
wind_323611,10,9,30.39048367741935,32.282000328380214,36.33889295692542,32.54390973851981,31
wind_323611,10,10,29.641945516129027,30.100490736345073,35.09688071002936,30.862014324163795,31
wind_323611,10,11,30.26866164516129,29.68806225425293,35.54753765812803,30.366251881054044,31
wind_323611,10,12,30.740213612903222,29.337754210155,34.664274477808334,29.291875478284805,31
wind_323611,10,13,27.74785616129033,27.727895327634556,32.587730007392175,28.408085612937857,31
wind_323611,10,14,24.326681903225808,25.71608858505038,29.682730142753716,29.29702367663789,31
wind_323611,10,15,22.09791135483871,22.133840138954252,25.636632294977108,27.124958728348723,31
wind_323611,10,16,22.501022032258067,21.084044106783157,27.542745933345934,25.711194623169412,31
wind_323611,10,17,24.442728354838707,22.575839429545756,30.261773351933567,26.804171768848907,31
wind_323611,10,18,26.082400354838708,24.021885187930284,33.43600797449075,28.261671596984417,31
wind_323611,10,19,27.07748729032258,26.138583323335496,34.92559612108743,28.870316013003453,31
wind_323611,10,20,27.634261548387105,28.323905964194438,33.68712956281022,29.524799946716524,31
wind_323611,10,21,26.041726870967743,27.511663328483248,29.570492918917527,29.7002414256274,31
wind_323611,10,22,27.200741193548385,29.20079049202639,29.557031599229553,29.05713057562893,31
wind_323611,10,23,29.894502903225806,28.73116577194081,34.870132312011236,31.465210019456677,31
wind_323611,11,0,42.035859566666666,32.50347075379895,41.446673441849335,32.59185721768244,30
wind_323611,11,1,38.9927208,34.53411335321618,43.43507298866858,34.12526352172576,30
wind_323611,11,2,36.48138636666666,33.56687331580793,37.29294280927551,31.715599991267343,30
wind_323611,11,3,35.99426353333333,34.13181895661259,38.73646167086439,32.618782532143044,30
wind_323611,11,4,37.73111540000001,32.93234052424933,42.79069299810323,32.556710768290365,30
wind_323611,11,5,41.80879403333335,32.78135771029853,45.48976993350972,33.11428706734142,30
wind_323611,11,6,43.438098,33.053314444815065,45.26150468192555,33.8811622676417,30
wind_323611,11,7,43.530918966666675,34.35954219543585,45.504916548727394,34.08224903325435,30
wind_323611,11,8,44.18761863333334,35.504636411346496,43.89680837893787,33.65155796626073,30
wind_323611,11,9,46.539817099999986,36.50067986390784,45.03209011226148,36.02304017978648,30
wind_323611,11,10,45.32449436666666,36.31918829847366,43.192953195810745,36.972749345483564,30
wind_323611,11,11,44.17589266666667,35.94546321995463,41.829347130608674,36.19207111720144,30
wind_323611,11,12,42.247199200000004,35.13625010272793,41.26888498851279,36.758140574432396,30
wind_323611,11,13,41.52413993333333,36.1039900096355,43.07282719028726,36.05458133187382,30
wind_323611,11,14,39.515780166666666,35.96756897086107,44.44806925928332,35.859480796405606,30
wind_323611,11,15,39.31321256666667,34.97786217415249,42.13855649632095,35.93462945160477,30
wind_323611,11,16,37.704986133333335,34.93143144237042,39.91871522962915,35.90362056024822,30
wind_323611,11,17,35.184313733333326,33.91172588065651,38.421650661714764,36.071635948328584,30
wind_323611,11,18,35.15514043333334,33.504515662636386,39.71043119431104,36.20569421090919,30
wind_323611,11,19,36.987917233333334,34.22360546885611,39.41653974317376,33.69532515749827,30
wind_323611,11,20,35.927706333333326,33.706487121420906,38.876644233313435,32.409583651954556,30
wind_323611,11,21,36.50334673333334,32.37119013476222,37.943897550299496,29.388325661010615,30
wind_323611,11,22,35.659282866666665,30.925545508868893,38.72887873855088,30.896410507736782,30
wind_323611,11,23,38.97161403333334,30.70135432461259,40.174343037828656,31.395613270712573,30
wind_323611,12,0,46.60518609677419,37.72128214083457,44.84356038411164,37.29355256360962,31
wind_323611,12,1,43.57742070967742,37.28209373959176,42.13091212740258,36.61561008739175,31
wind_323611,12,2,43.66078622580646,38.02695220693291,42.658128053943855,36.97662844114633,31
wind_323611,12,3,47.61288903225806,37.895445891754065,41.54266484866938,36.48446096784122,31
wind_323611,12,4,47.43853612903226,36.69028809081667,44.38142648439206,38.237470909674755,31
wind_323611,12,5,49.686297612903225,36.43146863369396,47.372398084846076,37.43412285219068,31
wind_323611,12,6,48.74132664516128,36.28277131892423,44.3564440949656,37.62011808066719,31
wind_323611,12,7,46.73527967741935,36.821280900438694,45.7213999162021,36.48103180669901,31
wind_323611,12,8,45.644222870967745,37.616539083811645,43.62226161267999,35.846460987766115,31
wind_323611,12,9,45.19694538709677,35.49336358459316,45.265363064625824,37.09944544554075,31
wind_323611,12,10,43.44579525806452,35.56519559728343,43.67591178388013,35.93760419736252,31
wind_323611,12,11,39.938055096774185,34.83884567542669,39.95853829635865,33.98974479776969,31
wind_323611,12,12,39.449872967741925,35.127859310156595,39.65455994264976,34.080918953433525,31
wind_323611,12,13,38.01541606451613,35.34181822492589,38.19806555908366,33.257373153470084,31
wind_323611,12,14,34.7529860967742,33.789010305997735,38.85030812311126,34.05250451706446,31
wind_323611,12,15,32.2015824516129,34.37347833172335,38.2586623296453,36.01751999628894,31
wind_323611,12,16,33.55984751612903,36.80413660552597,36.32388157422344,35.4321413629903,31
wind_323611,12,17,35.949815838709675,37.305403674747275,37.62444997589902,35.92064579492883,31
wind_323611,12,18,35.94306235483871,35.22613900302955,38.2871959833145,36.422690613225996,31
wind_323611,12,19,38.16867316129033,36.08157179637737,38.30101276167582,35.91894422341615,31
wind_323611,12,20,41.64038658064516,35.70460945493648,39.546266030294106,35.60167684641467,31
wind_323611,12,21,39.836678322580646,35.876285103467566,41.922425594480956,37.123670656667336,31
wind_323611,12,22,43.43430819354838,36.93800641609055,42.14362649278854,37.00550264975678,31
wind_323611,12,23,45.62060432258065,37.76222448306264,44.40680507953807,37.59869179062683,31
wind_323614,1,0,46.06022870967742,43.764126579081505,46.512298349497094,41.71432656814918,31
wind_323614,1,1,45.43546590322581,43.334807500122096,47.05669851785837,42.595443911971884,31
wind_323614,1,2,45.3124353548387,42.28229587194033,46.672155032054754,41.9653286516326,31
wind_323614,1,3,44.799191451612906,41.05537500141565,42.94324214485308,40.43151577018467,31
wind_323614,1,4,42.40821780645161,40.16897691326066,43.49623140960274,40.87003966655365,31
wind_323614,1,5,40.63113554838711,37.854638686956015,44.5987515569018,40.019872806158965,31
wind_323614,1,6,44.705286451612906,37.85779965613253,44.27359421832902,39.929517095090965,31
wind_323614,1,7,39.05901964516129,37.15061085400247,43.05133665191424,40.07376189958628,31
wind_323614,1,8,38.40536693548386,34.2179204159034,44.00867869504242,41.06392929106054,31
wind_323614,1,9,40.83855119354839,34.63177419883742,45.836597037068685,42.14529842364747,31
wind_323614,1,10,41.364240806451605,36.361753115497365,45.957090246112635,40.7708656554375,31
wind_323614,1,11,43.459295806451614,37.93774331230651,46.68156582628376,41.27532904389542,31
wind_323614,1,12,40.053040419354836,35.72665807242406,47.2508802325853,39.84026358230897,31
wind_323614,1,13,36.42274319354838,34.12263323994803,48.06259445742022,39.40414381546138,31
wind_323614,1,14,31.579938967741935,33.68037509925926,45.44955315100996,38.295187976760815,31
wind_323614,1,15,29.931694806451613,33.75689348726946,39.940706289697374,35.2521188979743,31
wind_323614,1,16,30.44136377419355,35.69484732007053,40.5108565235188,36.197892663008446,31
wind_323614,1,17,29.008888354838707,33.19871616046448,37.6165133310397,34.070273657790445,31
wind_323614,1,18,27.13524735483871,30.843707608288625,38.38549699228393,36.36642098884066,31
wind_323614,1,19,28.65629922580645,35.34458143305553,38.17403153068973,35.9564250305211,31
wind_323614,1,20,31.30324812903226,34.94724789397198,41.9784722018637,38.61865357098356,31
wind_323614,1,21,37.840463064516136,38.05280019066316,42.46319386336187,38.37396318688106,31
wind_323614,1,22,38.06907635483871,39.27974650484898,38.925304792458675,37.28153934215618,31
wind_323614,1,23,43.39589722580644,39.49141214460272,41.43959108003574,38.29299448658553,31
wind_323614,2,0,37.97135751724138,37.74714601594519,40.49171725468692,37.0839044031539,29
wind_323614,2,1,36.357886551724135,39.280151111162695,41.599682130331715,39.060843981059556,29
wind_323614,2,2,37.974255482758615,38.21718226339243,45.352597116355916,39.41935356388166,29
wind_323614,2,3,40.63231034482759,38.83149301801312,45.08874776628702,40.07444528947246,29
wind_323614,2,4,37.495880620689654,36.888318631361315,45.16375142885208,40.497481992905755,29
wind_323614,2,5,35.27414562068965,35.31201189536863,45.16803931814175,41.70822506994865,29
wind_323614,2,6,40.99552334482759,38.578421621008765,46.96140919765574,40.395086964121624,29
wind_323614,2,7,39.421273379310335,38.734247719348275,42.25070904953281,40.46601401565673,29
wind_323614,2,8,35.81326934482758,34.22168785248151,40.35524327633008,39.56607153471284,29
wind_323614,2,9,43.17787844827586,41.014282665805524,45.05008486897783,41.11359481030085,29
wind_323614,2,10,40.823589999999996,37.929386466923816,44.44262219725838,39.373519067891685,29
wind_323614,2,11,41.87823634482759,40.161793115263194,44.61567399422811,40.02810511115792,29
wind_323614,2,12,40.02911989655173,37.87236811838683,46.101776287275605,40.46174379150962,29
wind_323614,2,13,40.32932720689655,38.12313490920572,45.48449939429128,40.397479798046675,29
wind_323614,2,14,37.69279144827586,38.339539294785574,46.13182190787539,43.70631721867289,29
wind_323614,2,15,37.472037689655174,38.15750923321352,44.82289270723918,42.52511114325114,29
wind_323614,2,16,33.95240293103448,37.68957558631363,44.3920296639827,41.42105848394849,29
wind_323614,2,17,30.27272720689655,37.413856007392425,43.65311250586961,41.19797695911776,29
wind_323614,2,18,31.461001862068965,38.5815215771521,43.07308967569291,40.578286760833215,29
wind_323614,2,19,30.41351779310345,37.688209507699646,40.420355087124776,38.210906460756405,29
wind_323614,2,20,32.69004993103449,39.07399878937305,38.68057131478931,37.703461571786214,29
wind_323614,2,21,32.576864310344824,38.81469259268894,39.22739571281619,37.64323217724507,29
wind_323614,2,22,32.96672927586207,37.24736823284812,40.42021382802702,39.61501754793173,29
wind_323614,2,23,36.13351120689655,37.08212531224356,40.6829654219638,40.14079490036255,29
wind_323614,3,0,41.68268745161289,38.33426497091774,47.12149877043816,44.128512968127,31
wind_323614,3,1,45.386828677419345,41.684326662196504,49.41856733625319,43.3976867292769,31
wind_323614,3,2,44.696445258064514,40.90829901626925,52.89126626292553,42.06439716792241,31
wind_323614,3,3,43.339356354838706,37.43763240760009,51.09429704279275,43.433793094206415,31
wind_323614,3,4,46.817651258064515,40.847911932220086,50.297252897833935,42.91326090496672,31
wind_323614,3,5,49.059550516129036,42.17202732022582,49.18367461230333,42.72599742552754,31
wind_323614,3,6,50.246769129032266,42.738919642847186,45.505806989540794,40.41287265891783,31
wind_323614,3,7,51.30101322580646,39.331403557844766,48.40037049596241,40.58771485977729,31
wind_323614,3,8,47.11061338709677,37.711592232847266,49.22267052334061,39.251356667201634,31
wind_323614,3,9,42.37106448387097,36.18770173020605,45.76796535924377,40.71317238260566,31
wind_323614,3,10,39.37804706451614,35.599770825305306,45.0082338209669,37.100626666724224,31
wind_323614,3,11,34.94513851612903,35.37759538295705,47.024086395681444,36.31068763815412,31
wind_323614,3,12,38.179737870967735,34.25478256940703,48.407557092025854,36.54495353408517,31
wind_323614,3,13,36.500869032258066,36.65491929620669,45.37790744121763,37.082304320490834,31
wind_323614,3,14,33.21016822580645,36.63102364113662,45.35956017979631,38.674457764728345,31
wind_323614,3,15,33.43394716129031,35.27058730677294,44.419225679425786,39.069378475016656,31
wind_323614,3,16,32.83948074193548,34.79816144759565,47.69061311141935,39.87123897355662,31
wind_323614,3,17,32.27816593548387,36.02568777178788,45.681428143506814,39.12342365316013,31
wind_323614,3,18,33.64492551612903,36.91720855611662,43.4927425050355,39.2440689985186,31
wind_323614,3,19,34.95389522580645,36.13443592763678,44.69394895088931,38.97128867795434,31
wind_323614,3,20,34.38307458064516,36.777682288832786,44.85732853565177,38.139836173731304,31
wind_323614,3,21,34.06293125806451,36.15784536705297,45.76797100385497,40.70978823346134,31
wind_323614,3,22,33.69201222580645,36.999628725550096,43.306953937861444,41.18072068801674,31
wind_323614,3,23,37.03417638709678,37.85411525017576,42.25930852329017,39.84814207305183,31
wind_323614,4,0,35.28165906666666,34.15482661951346,35.21790946437872,32.293142613739946,30
wind_323614,4,1,37.18546593333333,35.59367315949039,40.93815089996432,32.652405775871294,30
wind_323614,4,2,44.05760156666667,33.30281848085961,45.28532214780471,35.67227453599527,30
wind_323614,4,3,44.89035443333333,35.276292391536266,49.8224523760159,35.24830548229606,30
wind_323614,4,4,40.453585200000006,32.44625533243875,48.50629072806745,33.18562083349049,30
wind_323614,4,5,39.36429450000001,31.609281110955113,45.63093241154665,33.89928918187819,30
wind_323614,4,6,42.57072836666667,34.31197250138057,45.45107355445239,34.45791420941015,30
wind_323614,4,7,40.38447536666667,33.64459433868169,44.63212077034152,36.26179293108213,30
wind_323614,4,8,38.179636033333324,34.95415485971761,42.31179966725856,37.066357314803184,30
wind_323614,4,9,39.36576186666665,33.30095612402489,43.811723387241564,40.025334434702174,30
wind_323614,4,10,37.1588836,34.939324966450336,42.80181868956247,38.51169845737103,30
wind_323614,4,11,35.30389786666667,36.32633133892254,43.76819118270543,39.89397841429669,30
wind_323614,4,12,33.228170166666665,34.945885671260434,40.64261257656666,40.73382369540682,30
wind_323614,4,13,33.022170433333336,35.833138039856834,38.513826633707644,40.06898808813604,30
wind_323614,4,14,34.116561000000004,36.589004698488395,38.47069154766509,37.388778298992264,30
wind_323614,4,15,30.9020257,33.2624598731297,41.498822860803436,36.502775549657116,30
wind_323614,4,16,31.8461123,32.059266139751394,40.91752472298267,35.04107918699273,30
wind_323614,4,17,29.370353233333336,33.26460298454296,41.860351564358766,35.88562901683779,30
wind_323614,4,18,30.27148553333333,34.4709760431858,46.73461573721828,36.46077916304215,30
wind_323614,4,19,30.932982400000004,34.59382503748712,46.4569929680644,38.15034743591134,30
wind_323614,4,20,28.749962233333335,33.557602484860624,46.67082267707015,36.84576692387525,30
wind_323614,4,21,33.32325176666667,34.02279086153317,46.5465664443855,39.603448369558336,30
wind_323614,4,22,31.883519966666665,35.58874684577268,36.99463299284445,35.16227058654878,30
wind_323614,4,23,34.951245300000004,37.84163754824737,38.54960122552229,35.25789467168379,30
wind_323614,5,0,16.552799290322582,22.053938181038816,22.135216030657997,28.27764667098027,31
wind_323614,5,1,20.904321645161286,26.834505958482406,22.22348804325403,24.29707523992342,31
wind_323614,5,2,21.883642258064516,25.537463649832247,24.11568788355707,26.998894681451144,31
wind_323614,5,3,21.27110816129032,19.759159483755322,24.72860481282148,28.85384688561635,31
wind_323614,5,4,27.957718838709674,32.628522665256966,28.864659425789082,30.728202158783603,31
wind_323614,5,5,22.558360967741933,27.476258083425517,27.815280450123954,30.981968050493872,31
wind_323614,5,6,27.32453774193548,33.411062926961385,29.455553244516445,32.69429880559688,31
wind_323614,5,7,25.20635358064516,33.64226026328629,25.775910363702337,27.133104791728844,31
wind_323614,5,8,21.490889419354843,28.360780903104096,31.061078542965667,37.31610963713807,31
wind_323614,5,9,23.271992354838712,31.87168317972249,27.13401716705705,33.3383556546796,31
wind_323614,5,10,22.94969690322581,30.42346166402956,24.28208949850709,30.305853786906432,31
wind_323614,5,11,22.818910354838714,30.248476631356734,21.656259548817115,30.259167605860984,31
wind_323614,5,12,18.40194451612903,30.083119217550614,19.003233751259565,28.393073879348613,31
wind_323614,5,13,17.61201341935484,30.87608091533467,20.71468704388471,33.06392999338128,31
wind_323614,5,14,17.84464387096774,29.02819131584747,18.501544569603034,29.352745279386564,31
wind_323614,5,15,12.943458870967739,25.966065938262446,19.138637095140624,30.932167532329835,31
wind_323614,5,16,12.491752548387096,23.730967522676032,17.62792315829923,29.8924872669477,31
wind_323614,5,17,14.173944967741933,23.96505712122121,18.595631117095042,26.15744630540516,31
wind_323614,5,18,14.308172258064515,25.100648392672298,19.08681199366362,26.722594141436737,31
wind_323614,5,19,14.37229641935484,22.714813440462205,19.843508168762,26.6122280967801,31
wind_323614,5,20,12.020121967741936,20.88109577754784,19.061254008268016,27.40503857670931,31
wind_323614,5,21,13.044533516129032,23.119996437885785,18.6184693651346,27.483461275936403,31
wind_323614,5,22,13.408088612903226,21.59356847060463,18.79973839855186,27.181241749617843,31
wind_323614,5,23,14.152462161290321,23.304845974551938,18.80631642658838,26.80559597082262,31
wind_323614,6,0,20.744853700000004,27.16085022793909,20.81458775220942,23.829627929377835,30
wind_323614,6,1,25.29119896666667,28.86538045496552,24.7545590012938,25.69320955876461,30
wind_323614,6,2,25.6504163,26.904441444479797,26.638993146003873,26.825479562768,30
wind_323614,6,3,26.754194799999997,30.251782989648657,29.209338981256487,28.885532478648717,30
wind_323614,6,4,26.755593500000007,25.233328681984442,32.12132424205309,26.86362963956625,30
wind_323614,6,5,27.65456913333333,25.628611675712584,32.30842530419271,27.44244951845696,30
wind_323614,6,6,28.47917936666666,28.244904618677282,29.59854162788641,26.405650135874325,30
wind_323614,6,7,30.780106866666664,32.94403955277067,31.00262120638734,28.724381612811335,30
wind_323614,6,8,29.393825733333333,31.81088751714231,33.58597040545121,33.16656072189376,30
wind_323614,6,9,30.570038200000003,33.260489727210086,30.98149605383513,31.70226431415228,30
wind_323614,6,10,25.093047599999995,29.466176565274537,27.251815929259752,29.258951912464934,30
wind_323614,6,11,18.204249933333337,24.05528999703657,22.631447161104905,25.379209300075924,30
wind_323614,6,12,12.2392513,17.76123061051277,19.81671879325327,28.128447983266454,30
wind_323614,6,13,13.2126305,16.59462344847885,18.467381610036643,27.878627614969353,30
wind_323614,6,14,16.1483362,22.838815298611426,20.910506196619693,27.66054495647318,30
wind_323614,6,15,16.366659466666665,17.588129327595798,22.115837519375493,29.130264452684223,30
wind_323614,6,16,23.25347156666667,27.335884894393033,25.97287210724273,29.71195398618967,30
wind_323614,6,17,21.367617100000004,23.27095424916079,30.688893106157465,33.306051292686384,30
wind_323614,6,18,21.18351316666667,24.730799625895028,31.245591673760124,33.951089827226596,30
wind_323614,6,19,25.53052763333333,30.147716419189834,34.09284590654682,36.05884186128885,30
wind_323614,6,20,24.5781478,32.71090548458221,34.53669435410567,35.695564126429396,30
wind_323614,6,21,24.1780346,29.98433138580647,28.348074284283893,33.391558561624585,30
wind_323614,6,22,19.168804133333328,28.057062164979175,27.079932149316093,31.88088911224892,30
wind_323614,6,23,18.143757266666668,27.541260402122287,24.421956480746058,30.61576217332191,30
wind_323614,7,0,12.545546193548388,20.570556848837963,14.964426636420153,24.006519963079484,31
wind_323614,7,1,11.773127258064516,22.570660622906775,18.09463226482394,24.275804471381782,31
wind_323614,7,2,13.046930451612903,17.42860050412846,18.759432048687017,22.22024288227982,31
wind_323614,7,3,15.001688935483871,20.407048205991156,21.311072487363337,21.236445051470213,31
wind_323614,7,4,19.33899464516129,20.510103878871426,21.97743938732402,22.992013865378876,31
wind_323614,7,5,18.194236741935487,21.73518032012564,19.47597688180826,22.11622717420937,31
wind_323614,7,6,18.8159764516129,21.641378222291454,16.525236643898346,17.119308828989347,31
wind_323614,7,7,18.836260806451612,20.191201886544455,17.925430305787522,17.665435361426734,31
wind_323614,7,8,17.004135161290325,18.621773595205774,17.2818308405902,16.782665398007808,31
wind_323614,7,9,16.86818848387097,19.768015097338406,18.30439021713169,16.516131990845825,31
wind_323614,7,10,12.708073741935484,14.641441744555069,18.881733246826276,15.897676776902296,31
wind_323614,7,11,9.622709483870967,11.637577603191936,15.767979556251344,17.759611051261846,31
wind_323614,7,12,7.090554903225806,10.672804307266304,13.10612808028837,17.827258080132193,31
wind_323614,7,13,6.061233096774194,10.467975042565163,10.155832771611966,14.197996544905985,31
wind_323614,7,14,6.7058110322580635,12.801189526670225,11.919559482890683,16.980097851659156,31
wind_323614,7,15,8.159366193548388,14.98173507354318,12.816702629554364,18.07516209649218,31
wind_323614,7,16,9.072997322580646,16.102305797420332,14.467793748563734,19.168343607083553,31
wind_323614,7,17,10.711302193548388,18.541386413803142,16.038835936783748,21.902671177213126,31
wind_323614,7,18,11.20221041935484,17.553535955913365,15.37444787246642,21.622559785696925,31
wind_323614,7,19,13.608184322580646,20.408773791650734,18.5276817640325,26.00455388313273,31
wind_323614,7,20,11.037238322580645,16.63631080986901,19.718174262760456,28.435350881051058,31
wind_323614,7,21,11.726225645161287,18.750770026023044,18.949892328433727,28.36697019163434,31
wind_323614,7,22,8.036979677419355,13.343543312944865,16.43724279537769,24.368899402339085,31
wind_323614,7,23,7.293928064516131,13.36374384183629,13.808445166180242,22.374793088261786,31
wind_323614,8,0,12.809571483870968,15.48114438480805,15.9248893380281,21.71983138202038,31
wind_323614,8,1,18.012026548387094,21.908189182949037,21.503629448500604,26.134832875555343,31
wind_323614,8,2,21.870600387096776,23.71347573773811,25.007219448106955,28.47573333880083,31
wind_323614,8,3,21.714349032258063,24.4419855699867,26.379679524339057,28.80977457936312,31
wind_323614,8,4,24.907847709677423,30.388298354158913,30.31627264364044,29.829591048292073,31
wind_323614,8,5,25.370181774193547,29.614724347264104,30.249981532752145,30.34365729625655,31
wind_323614,8,6,26.210252064516123,30.117368803728635,29.332309362875964,27.407290557032944,31
wind_323614,8,7,24.747011354838715,27.171545303802255,24.792692531780656,25.150275500287787,31
wind_323614,8,8,24.09255051612903,26.408798739103126,27.306665058057497,28.140990310557605,31
wind_323614,8,9,21.41972151612903,23.205293894687124,28.276998131980346,29.893833006525174,31
wind_323614,8,10,20.289631032258065,20.66078336830762,26.063913572943452,28.642294834565874,31
wind_323614,8,11,18.987407129032256,20.646323575415177,25.573490224553165,27.8485995132561,31
wind_323614,8,12,12.616201548387096,16.3492422833696,22.050618004652232,27.131352786989755,31
wind_323614,8,13,9.942334548387098,15.30748671556752,20.040132173227455,26.599166666701564,31
wind_323614,8,14,7.77041735483871,12.115908585992011,19.29081714630459,25.9049189062344,31
wind_323614,8,15,8.256693483870967,12.379865762682652,17.356009186501698,22.985807994403025,31
wind_323614,8,16,7.95868335483871,12.152132810609082,16.805303134567804,23.40626600247985,31
wind_323614,8,17,9.03260829032258,13.682128273380332,15.772786380791427,20.996120648558936,31
wind_323614,8,18,9.675021322580646,13.902611691952048,15.754785710787257,21.610561795658416,31
wind_323614,8,19,10.091213935483873,12.699030308275841,15.63758338904269,20.97886682651845,31
wind_323614,8,20,11.007287677419356,16.946604340242374,14.464361456165868,15.643671017373915,31
wind_323614,8,21,11.618518580645164,20.12171929543509,14.167264138047143,16.485033862976213,31
wind_323614,8,22,11.815159903225807,21.71008264569365,16.825545295171267,24.201813860190402,31
wind_323614,8,23,10.501981774193547,12.8624839371437,13.16442575383741,16.888497348347816,31
wind_323614,9,0,14.734328366666666,22.289667839655387,19.353808667504918,25.884672794569806,30
wind_323614,9,1,15.512109133333334,25.685502141074636,20.2963195945411,25.940605300763796,30
wind_323614,9,2,18.534785866666667,26.425449907574528,23.450318881228434,27.979371215802715,30
wind_323614,9,3,21.128563866666664,26.24874647919251,26.68560114444892,32.91272818855206,30
wind_323614,9,4,21.959389766666664,30.920903479566554,28.2937113115732,34.90816545054344,30
wind_323614,9,5,21.731259466666664,29.371320331121556,30.80305462757756,37.39718438999049,30
wind_323614,9,6,22.6681583,28.06026000201622,29.013304889096343,35.70732007310938,30
wind_323614,9,7,22.113398500000002,28.222188022827638,29.212512690757713,37.43547861021288,30
wind_323614,9,8,20.508635533333337,27.542222339846706,29.33532146275661,35.83594692291021,30
wind_323614,9,9,18.76733906666667,20.253344281496968,28.07484798431945,34.771734054493535,30
wind_323614,9,10,17.7257627,20.23910356355398,25.786381127934252,32.92397708635798,30
wind_323614,9,11,16.85971753333333,20.70551331262202,22.614715826728613,27.59699624528122,30
wind_323614,9,12,14.085048133333334,17.992122819034826,20.055405887846078,22.17732834014205,30
wind_323614,9,13,10.724916966666665,18.001407720749018,16.989248468121804,23.20483769676863,30
wind_323614,9,14,10.551587066666668,18.985406667244124,14.726078654399487,19.971670476399538,30
wind_323614,9,15,10.804942133333332,15.476966325900277,16.84617962134784,24.99026014321556,30
wind_323614,9,16,12.798728433333334,22.67702734127702,17.687741482814943,26.125245276793716,30
wind_323614,9,17,12.629755466666666,21.30110631004624,18.774196604344436,28.402679230708685,30
wind_323614,9,18,15.2316894,25.514536868266244,19.4523808225014,30.728413445913603,30
wind_323614,9,19,14.823544366666663,25.764928721928396,15.579326216218648,27.441124282347506,30
wind_323614,9,20,12.788365033333331,22.439723929944137,17.36125498241772,28.634137006193885,30
wind_323614,9,21,11.397759333333333,19.86780146726568,16.04520431910702,26.842688341630776,30
wind_323614,9,22,10.497697133333332,18.612091464164802,14.08255369086287,24.56609426288641,30
wind_323614,9,23,12.315974666666667,19.257709565544893,15.041132497386364,22.60257384122877,30
wind_323614,10,0,31.660414064516125,31.495836000592153,43.510181094340524,36.124162684297694,31
wind_323614,10,1,33.92431341935484,32.42974600085352,47.84527378594655,33.98636173726356,31
wind_323614,10,2,33.10743180645161,32.452171196681675,46.74021957250734,34.604433553686775,31
wind_323614,10,3,36.38907977419355,32.47705361096681,42.43839260592096,34.96723602677146,31
wind_323614,10,4,35.295626806451615,32.73942425947947,41.13956092771304,36.49573061071863,31
wind_323614,10,5,33.76342980645161,30.63512875488123,38.78084786293703,33.507338561621815,31
wind_323614,10,6,31.743306967741937,28.899482178056736,38.284506483108665,35.575415999303125,31
wind_323614,10,7,31.72658367741936,32.66747698511469,39.7092063124071,36.109721050035354,31
wind_323614,10,8,33.18422974193548,33.86137624777218,38.90764668220941,35.479537375434376,31
wind_323614,10,9,36.88632638709677,36.8117417673696,41.095931385832564,36.82519775706319,31
wind_323614,10,10,33.1721439032258,34.400961797252215,41.606249661961236,36.53547625614129,31
wind_323614,10,11,34.05598535483871,32.38738226488528,41.12137622606127,36.425807744179735,31
wind_323614,10,12,34.352307064516125,31.533782141919648,42.60470415042052,36.88467154647533,31
wind_323614,10,13,30.350873903225807,33.15120345264191,39.55956835392098,35.883008466056445,31
wind_323614,10,14,26.911724870967742,33.25738114052492,37.71654901217945,36.09421423640167,31
wind_323614,10,15,26.906451548387093,31.617100103248166,34.249337406464754,33.88019733146853,31
wind_323614,10,16,27.12617529032257,30.19192676797701,34.55871313985027,33.14630054442469,31
wind_323614,10,17,27.201823290322576,28.06548913847594,35.932707470716025,35.258567950469576,31
wind_323614,10,18,28.236982612903226,28.84981826305955,38.61681946127689,36.92218021359344,31
wind_323614,10,19,30.140206096774197,28.40124593353991,39.545975658969965,37.78654952825425,31
wind_323614,10,20,28.908346516129036,30.528665217088918,39.81793481278665,35.312250909072816,31
wind_323614,10,21,29.629806709677418,29.940457400594447,38.3574122733424,32.708883796933755,31
wind_323614,10,22,30.442658451612907,30.183078649892515,40.14294830027653,33.55363085947621,31
wind_323614,10,23,32.32366877419354,33.23999558430332,47.398082117510654,38.75701591943269,31
wind_323614,11,0,46.36301379999999,37.491873265290096,47.45900154024218,35.54561982615746,30
wind_323614,11,1,43.332467166666675,37.02620342745741,48.52493633576173,35.91653209696846,30
wind_323614,11,2,45.637121066666666,40.245639756517036,51.05947250659718,38.637782556998836,30
wind_323614,11,3,38.937045033333334,36.611374714038114,47.605470281450955,38.874117482406,30
wind_323614,11,4,38.22516686666666,40.601718773795,49.5690625978581,40.63528766706698,30
wind_323614,11,5,42.94377676666667,41.02787857979921,49.76350944430123,41.591186064660356,30
wind_323614,11,6,43.2971936,40.31531944780255,51.074219209381944,41.64363791483993,30
wind_323614,11,7,46.4146388,40.037835427116235,51.172559232183,42.06170805755772,30
wind_323614,11,8,44.230104366666666,39.78144596588721,51.54613794202793,43.1415103948621,30
wind_323614,11,9,45.16216503333332,42.12025165101379,53.01564676305723,43.12326236950971,30
wind_323614,11,10,44.794453133333334,41.529557034769624,51.17455986250863,42.35215444968713,30
wind_323614,11,11,47.57487093333334,41.50545005054703,51.436880812096916,41.51801433216825,30
wind_323614,11,12,47.6592435,40.634659203413484,48.464436784970665,41.02799328889216,30
wind_323614,11,13,44.30081596666667,39.419289446223736,50.114824725381155,40.73647677337768,30
wind_323614,11,14,42.16387523333333,42.18531010503764,47.69530171191072,41.15102834187276,30
wind_323614,11,15,38.00278466666667,41.8805918466737,46.71555191428414,42.55554008935528,30
wind_323614,11,16,38.82905316666667,41.7575090700662,45.80780391213862,42.40275885835185,30
wind_323614,11,17,39.49823433333333,40.35766237563336,47.56349724339511,42.31496425180374,30
wind_323614,11,18,41.28915726666666,38.86795867415438,48.4525116717469,41.04721444286752,30
wind_323614,11,19,41.73723356666666,39.05331689553342,49.95081041674299,39.76679190134904,30
wind_323614,11,20,38.64660666666667,34.5146941536273,48.91002368446573,39.46541771992833,30
wind_323614,11,21,39.62742146666666,32.869735153074,48.933507154659,37.38230451708376,30
wind_323614,11,22,43.61792636666665,33.69909450450578,53.77402027564117,38.77742520834603,30
wind_323614,11,23,42.12510573333334,34.207463888063785,50.200696614990434,38.47439850943099,30
wind_323614,12,0,40.768666064516125,40.87264274697808,41.207339603577466,39.972685861945074,31
wind_323614,12,1,39.4366439032258,39.22632441500209,42.33570501248336,42.06803671974744,31
wind_323614,12,2,38.131086741935476,40.3949956895608,42.97652555566238,42.19577923305333,31
wind_323614,12,3,37.144080419354836,41.58721900082126,44.34586989117518,40.64651957375891,31
wind_323614,12,4,37.862278548387096,40.10739247618545,45.959199957560664,41.3171074719756,31
wind_323614,12,5,37.17062051612903,40.37535137049792,46.488981446928285,41.33669846654442,31
wind_323614,12,6,37.22916783870967,40.713112913498534,46.20390861472907,42.565974755780566,31
wind_323614,12,7,34.680177451612906,39.91532431768466,46.207844380426636,43.74389786587828,31
wind_323614,12,8,34.01302119354839,39.588377221531125,43.71454252263827,42.84461671424257,31
wind_323614,12,9,37.48739829032258,40.62377870564865,42.447638969620876,41.55686717887966,31
wind_323614,12,10,35.87967048387097,37.408161918289636,41.90294923425437,39.915302767374506,31
wind_323614,12,11,38.27798929032259,36.67204964027601,39.92912523471006,37.879279430568715,31
wind_323614,12,12,37.55379587096774,36.01558947410074,39.41433466601141,35.82032859942042,31
wind_323614,12,13,35.00385080645162,35.56865838908367,38.482059582802684,35.16343484162446,31
wind_323614,12,14,33.26269041935484,33.632002536570766,37.435033224407825,36.01183825331671,31
wind_323614,12,15,29.68779170967742,34.45399034726439,36.16021610565236,33.806874851574,31
wind_323614,12,16,26.409939290322583,34.57876194088721,36.50150319030217,36.441219373093595,31
wind_323614,12,17,27.500324806451612,35.62046369518338,34.037274791550836,36.413905730021796,31
wind_323614,12,18,28.61543119354839,36.84395288558926,36.56099009263986,38.69638085415468,31
wind_323614,12,19,28.43527938709677,35.13532912511868,36.99403450169942,41.35688850310471,31
wind_323614,12,20,30.499162870967744,35.78112075509075,36.412755287060996,40.16733609692404,31
wind_323614,12,21,38.30953677419354,41.73439163190909,39.31904880140672,39.74865600434756,31
wind_323614,12,22,39.37308125806452,40.9833688713815,43.2033953574849,42.596461226318404,31
wind_323614,12,23,41.176036935483864,40.478089259049085,42.16210631643003,40.405558761530706,31
wind_323617,1,0,54.297908354838704,44.969437223405635,51.43337601761754,44.835694674083015,31
wind_323617,1,1,53.710046806451615,47.19890815901629,57.253312194101234,47.184349415123954,31
wind_323617,1,2,52.72197338709678,45.69976395367536,55.41462521402339,46.71175080673568,31
wind_323617,1,3,57.09815425806451,46.356403973980214,53.55721220266089,46.540642049208024,31
wind_323617,1,4,59.207121838709675,45.86850643917742,53.543838145096785,44.87023291231332,31
wind_323617,1,5,51.837846419354825,41.54515171518961,52.58801225047517,41.822875352425754,31
wind_323617,1,6,46.67084680645161,40.24608881008728,48.37975811599033,36.710530036627055,31
wind_323617,1,7,46.487734903225814,38.51729439504729,45.48315942808356,37.30795853028885,31
wind_323617,1,8,47.34136538709677,41.255496036286225,47.29353062706755,40.27180508592547,31
wind_323617,1,9,43.44002625806452,39.80633744308536,48.02455125049768,40.195605009114196,31
wind_323617,1,10,43.74068219354838,39.25085726559523,47.27504506551116,42.042724802183315,31
wind_323617,1,11,43.708766129032256,39.560626369827055,48.533240356491966,42.04340259154692,31
wind_323617,1,12,49.140380161290324,41.38764593426545,49.3634429470998,43.76644680488167,31
wind_323617,1,13,47.33257545161291,43.29780177985519,49.58586353020051,44.12466026303203,31
wind_323617,1,14,46.83539741935484,45.95273309324173,52.08112139643883,45.913931147641875,31
wind_323617,1,15,46.63421348387098,44.749077932681814,53.4053780582083,46.196911633066605,31
wind_323617,1,16,50.658336322580645,44.69829664203304,54.99180647439544,46.231937582237194,31
wind_323617,1,17,54.84247103225806,43.81924335400942,57.796650721695926,45.9532684540984,31
wind_323617,1,18,55.98113716129032,45.38713618120889,59.646605234026545,43.577779652842274,31
wind_323617,1,19,58.165750677419354,45.203729644994084,61.9202372673747,43.96103519723011,31
wind_323617,1,20,55.47362616129033,43.44225114986792,58.96383906743376,43.512583667457925,31
wind_323617,1,21,52.807225354838714,42.99902693578493,54.46352643941065,42.93166323197202,31
wind_323617,1,22,48.21567887096775,44.82138658203924,53.924451757323084,43.91534340095373,31
wind_323617,1,23,49.7203698064516,44.932931902313214,52.96801880480007,44.67342163724967,31
wind_323617,2,0,51.110937758620686,48.78175770992086,56.88533399769637,48.53489639729473,29
wind_323617,2,1,52.50627513793103,48.60105205021629,55.743996591092944,48.28829931967946,29
wind_323617,2,2,53.16005179310344,49.095217880671036,52.50556648857839,49.763048175253005,29
wind_323617,2,3,53.1062361724138,48.6115194395823,53.44755057362923,48.13802615573686,29
wind_323617,2,4,55.9661401724138,49.50153950727592,54.52889431684057,49.307428279841865,29
wind_323617,2,5,54.76926096551725,49.55252291581688,50.69080272611918,47.97480605371668,29
wind_323617,2,6,53.11596475862069,48.23641413229654,54.00388113341833,48.18219697563827,29
wind_323617,2,7,53.698564172413796,50.86620204303504,54.19654220485412,48.050191477620295,29
wind_323617,2,8,53.10509310344827,49.766947077301054,51.34742555702049,45.767429688872234,29
wind_323617,2,9,51.23126965517241,46.37276877808903,48.95397085878178,45.2884150711833,29
wind_323617,2,10,49.986864551724146,45.07498677806024,49.537700414675456,44.96943313379936,29
wind_323617,2,11,50.34940400000001,44.82031395240295,52.01922474469619,45.655460997841175,29
wind_323617,2,12,50.142057724137935,44.12153365728856,50.50785416881742,46.25643113970611,29
wind_323617,2,13,49.96122751724138,46.999773508542326,50.89148557303305,45.49006135464378,29
wind_323617,2,14,47.53039199999999,42.788139292771696,50.44021723592786,46.186483745504596,29
wind_323617,2,15,45.253049,41.03046713377291,52.44435570564889,47.36980606895484,29
wind_323617,2,16,44.566771413793106,39.78974938484188,53.9154190211181,48.06484230352992,29
wind_323617,2,17,49.93293368965517,44.76890236573857,57.139207245658596,49.86928906825558,29
wind_323617,2,18,50.24809393103448,47.01347413755305,57.43840991485609,51.13853785158015,29
wind_323617,2,19,49.646998206896555,45.70465618433167,56.64716725146365,51.70107372493411,29
wind_323617,2,20,49.31603279310345,47.322292921328724,55.70736472218709,52.078893795495915,29
wind_323617,2,21,51.85517362068966,49.02257533644901,54.06972876021368,48.59970819359987,29
wind_323617,2,22,53.749051862068974,49.785517932975395,49.53225950932148,45.81945893838863,29
wind_323617,2,23,56.73181062068965,49.61804332735089,53.332244087718266,47.11796013247382,29
wind_323617,3,0,63.61044700000001,45.71049293567333,68.22042034981546,44.82661256097149,31
wind_323617,3,1,67.4343729032258,45.75718349436924,70.49330685271518,46.093482161116825,31
wind_323617,3,2,68.06236490322581,45.70070347782584,67.09855435214752,45.68275654732797,31
wind_323617,3,3,63.04588977419355,46.84407266562722,66.30667699516107,45.21055569999627,31
wind_323617,3,4,58.78779348387097,49.41340897241581,62.85964126686503,46.56819532031605,31
wind_323617,3,5,60.10990329032258,49.453111870392775,61.76669487759756,47.48699182859661,31
wind_323617,3,6,59.79915293548387,47.19478727139285,62.66489449449015,44.56600743178804,31
wind_323617,3,7,59.632074354838714,44.787061373351314,65.8945615607298,43.35923885613741,31
wind_323617,3,8,62.72969493548387,47.47270800591238,66.43588812984814,45.64794575909677,31
wind_323617,3,9,63.169658322580645,44.689631863103116,64.93825296298168,45.85348685135076,31
wind_323617,3,10,61.69757274193549,45.13459595897778,64.56546594864545,45.91129127103997,31
wind_323617,3,11,63.68717661290323,46.325698118182046,63.566487679964105,45.05940548338158,31
wind_323617,3,12,61.1846205483871,47.28609391481852,65.136223473942,44.17618903044092,31
wind_323617,3,13,57.77658606451613,45.697584625284605,65.56863430022344,43.15857622102551,31
wind_323617,3,14,54.4168175483871,46.420265682516536,62.426829576371844,42.98745991459769,31
wind_323617,3,15,56.315006774193556,45.338132192228,58.00133010089966,44.093761853831666,31
wind_323617,3,16,53.61094832258064,44.417803787897405,59.08061701883944,45.30095339241138,31
wind_323617,3,17,54.12427438709677,46.654978511732686,63.6960915655481,43.20710739777881,31
wind_323617,3,18,60.01732335483871,46.608099486012385,67.16674819313451,44.239691050524705,31
wind_323617,3,19,59.034073387096775,47.0702194809778,69.36496936281358,44.51585794104297,31
wind_323617,3,20,63.080960806451614,46.39516376672708,70.68183802627975,44.490756572050515,31
wind_323617,3,21,62.684876645161296,44.2345978945956,69.6754967885289,46.42400942097262,31
wind_323617,3,22,59.76253906451615,44.52020995139484,69.07834640249986,47.34766211695915,31
wind_323617,3,23,59.18590848387096,46.404111171215156,67.39624737885792,48.86227297876228,31
wind_323617,4,0,53.238671999999994,45.92942155399257,48.13377293780527,41.00634268992256,30
wind_323617,4,1,49.168984600000016,45.30761841974154,48.818057042051905,44.9608906378117,30
wind_323617,4,2,48.80043856666668,46.71653828320968,46.959759677209654,46.07158164285251,30
wind_323617,4,3,45.368364199999995,43.240397441082145,46.072018615339246,45.38531759324975,30
wind_323617,4,4,47.50825666666666,42.16611731067768,44.06704473211744,42.31786506169755,30
wind_323617,4,5,45.719089066666676,42.337914316861855,44.42197475803055,42.40636825081823,30
wind_323617,4,6,44.69166380000001,40.37775662442609,41.15312753441618,40.48769706153977,30
wind_323617,4,7,43.93283123333334,38.796168291174766,41.30571833921335,39.52604459378475,30
wind_323617,4,8,43.784112500000006,40.331485421858815,41.683113760832796,39.27955237147758,30
wind_323617,4,9,43.654037933333335,38.83210288043889,45.19648007962986,40.519383224221386,30
wind_323617,4,10,39.574872066666664,39.4381420459628,44.74684348177998,42.06650232585826,30
wind_323617,4,11,41.284586600000004,40.693962133427384,44.09252561669506,43.53970285295476,30
wind_323617,4,12,39.63316993333333,43.902891342481716,46.86772426970443,45.637304148576355,30
wind_323617,4,13,39.40879036666666,44.25233937050259,48.35688740443824,44.53663140088508,30
wind_323617,4,14,40.90683336666666,44.524800994901966,51.98477128685641,47.91291030146797,30
wind_323617,4,15,49.78605873333333,51.34779281585369,59.005912941153234,49.71193585859627,30
wind_323617,4,16,52.046496,49.80083716749235,60.63721748870071,50.96863834350301,30
wind_323617,4,17,58.06580926666666,50.51788219317339,63.315353551836395,49.87245482830585,30
wind_323617,4,18,60.74260066666667,50.70395141541628,66.08779621812602,50.05685999558327,30
wind_323617,4,19,57.65211510000001,47.15049401354894,64.29974365438918,50.972341061069734,30
wind_323617,4,20,56.94776426666667,47.4743140832216,64.4131557244044,50.41000912532628,30
wind_323617,4,21,59.00842733333333,49.67834169460299,62.80954674771617,49.17294509539008,30
wind_323617,4,22,53.060653699999996,44.35222914971054,61.683670972575534,47.913639449021765,30
wind_323617,4,23,50.489746700000005,42.709227691140825,58.26667396035707,44.75867166506588,30
wind_323617,5,0,23.872780161290322,32.08254013632172,28.295262521806503,31.755017224838273,31
wind_323617,5,1,25.505232354838707,33.25597819734599,33.08843865266644,34.05935930591487,31
wind_323617,5,2,27.22268625806452,31.482797494341746,33.52707208781325,34.01804327518352,31
wind_323617,5,3,26.606066096774185,32.5810503009324,34.725430285098284,35.357615903011,31
wind_323617,5,4,28.574414129032252,34.07062739751727,35.33414225090177,38.64861068929294,31
wind_323617,5,5,31.907865645161284,35.41099296976825,36.543586877352894,39.45047185762501,31
wind_323617,5,6,34.71747254838709,36.672953427163876,37.573267590677496,40.93516512082574,31
wind_323617,5,7,32.02053619354838,33.94558516167184,34.29739758095452,39.58155524099453,31
wind_323617,5,8,29.65221138709678,34.91578711656532,31.15503897528594,40.15827478954222,31
wind_323617,5,9,30.965328387096772,36.34444299390805,30.90773102579434,37.949536811067226,31
wind_323617,5,10,27.11258464516129,33.54096149868224,32.10359759782012,36.29708058715495,31
wind_323617,5,11,27.126214354838712,34.45461353565081,29.842906247354435,35.4963513262717,31
wind_323617,5,12,23.859662870967743,36.523600435963694,28.96463860280956,37.330174723101344,31
wind_323617,5,13,23.75660916129032,40.11151882799855,28.134080201852395,38.12771984030156,31
wind_323617,5,14,23.537909129032265,36.77162949473478,28.422091189837268,38.147513158573894,31
wind_323617,5,15,23.722875096774196,36.37551680417025,28.522148926209862,37.09800880874045,31
wind_323617,5,16,26.18492690322581,37.18687255781598,28.69277637463462,36.95728877604243,31
wind_323617,5,17,27.431186193548385,38.13593101552162,32.747960444583384,39.326926969398585,31
wind_323617,5,18,29.032748935483873,39.6473737360023,32.97948729016469,37.89990494683099,31
wind_323617,5,19,28.63847716129032,36.96661324814874,37.04313888753014,40.59033551889592,31
wind_323617,5,20,28.771919580645164,37.32996476103003,36.60839172999104,39.41635068024987,31
wind_323617,5,21,26.209611032258064,32.202145892783584,35.16611635954537,38.93695151424388,31
wind_323617,5,22,22.484603419354837,29.97230127349529,32.34302634473706,34.13481616961195,31
wind_323617,5,23,23.375144354838707,31.820263475139786,32.033393807192,33.774425034079066,31
wind_323617,6,0,29.8399619,32.28080235424548,28.353438154614867,31.8375329237024,30
wind_323617,6,1,32.12809013333333,35.27174529455357,29.55201018213162,29.063807101118737,30
wind_323617,6,2,30.09534193333333,34.73807940159582,29.118294242356946,30.649849366695747,30
wind_323617,6,3,31.09949436666667,38.410897109562576,31.113436900162117,32.9383284927384,30
wind_323617,6,4,29.57362133333334,35.52580437252347,30.859670002657978,32.43681848965631,30
wind_323617,6,5,34.25064983333333,40.61829340692771,35.50376082339586,36.78206463075763,30
wind_323617,6,6,37.24498583333333,40.377674678361025,38.115003161483706,38.01706859612651,30
wind_323617,6,7,38.44593963333333,38.20769182118389,32.7708122208174,33.259100397843476,30
wind_323617,6,8,38.00767656666667,37.61048105914259,35.54108473503571,33.57746432489846,30
wind_323617,6,9,35.38387433333333,36.91631400871656,37.75825611808436,36.25869046523745,30
wind_323617,6,10,29.615890166666667,31.01118482842834,31.48392848280895,29.715678648024895,30
wind_323617,6,11,27.367595900000005,31.455664429141002,29.605171901118297,28.2584094031002,30
wind_323617,6,12,23.8600856,35.1758281651965,25.68709865643801,30.36630547292633,30
wind_323617,6,13,24.030722333333337,37.337887181656406,26.22206207748884,34.74725244159509,30
wind_323617,6,14,26.658072266666668,40.591229187782396,28.431082824686257,36.89642392491868,30
wind_323617,6,15,29.3936231,40.22621204779868,33.109329532530296,41.189325211685144,30
wind_323617,6,16,32.6742558,37.98953465549858,32.760798525150456,40.80872372860651,30
wind_323617,6,17,31.646410066666668,41.09250931334564,36.872379759087686,45.60253783871352,30
wind_323617,6,18,30.37490203333333,34.71998133447877,40.81473656827064,48.10257064172904,30
wind_323617,6,19,37.2550432,40.89786220392087,45.42170557566806,49.122600341776625,30
wind_323617,6,20,37.31538153333334,39.79215018667498,41.97588431827998,47.059661947914115,30
wind_323617,6,21,33.367614633333325,39.89358896253083,42.357229119359054,42.6576168086889,30
wind_323617,6,22,33.56159469999999,35.329573034253514,34.53719025530266,36.528166820330895,30
wind_323617,6,23,33.8259537,35.661083183876514,38.51987057003321,38.0389509585631,30
wind_323617,7,0,13.76368287096774,21.448653354299513,20.40386242265288,29.63190669708429,31
wind_323617,7,1,15.414939709677418,20.615019800020594,17.41057903775205,27.99185140292825,31
wind_323617,7,2,17.307720838709674,25.566406253295273,17.873174232493657,28.02666363187057,31
wind_323617,7,3,17.204935161290326,24.779597580383264,16.730033755143623,23.39421632361193,31
wind_323617,7,4,17.170464193548387,24.392543050166633,15.277734218503387,21.85934200275425,31
wind_323617,7,5,15.904362451612904,22.798264359101243,15.748516621671108,24.247292453717346,31
wind_323617,7,6,15.829229838709677,22.263513982825312,13.862542265050717,22.011894375997443,31
wind_323617,7,7,14.704987000000001,21.719601375881247,13.638036390967669,23.071964616745667,31
wind_323617,7,8,16.890194290322583,21.89381548118079,14.175961838423014,21.13756978251274,31
wind_323617,7,9,16.732081419354838,22.57986396521715,14.717674388165241,20.960797631959487,31
wind_323617,7,10,13.187920193548388,20.892649908295372,16.904518848448312,22.219153765661538,31
wind_323617,7,11,13.20783764516129,20.60754611107698,17.670740777749863,22.323028448189927,31
wind_323617,7,12,9.707496806451614,20.5541711541281,16.40767129277052,24.210047526688292,31
wind_323617,7,13,8.659343935483871,18.744161433462047,14.574186933483977,23.296704834058946,31
wind_323617,7,14,10.100916677419356,18.79705994904261,12.839492839235335,23.261665355268864,31
wind_323617,7,15,10.92991129032258,20.964227594862205,14.91928136213683,23.89652173194671,31
wind_323617,7,16,15.385203967741933,27.617217141615722,16.378880713127035,25.245135647271702,31
wind_323617,7,17,16.26111251612903,29.582363680225654,18.883228892142306,30.397836944533935,31
wind_323617,7,18,19.905101161290325,32.977334038811854,19.361765340799995,28.728068390460212,31
wind_323617,7,19,18.50954651612903,30.565347550544196,23.353500296395417,33.15525528383215,31
wind_323617,7,20,18.836572258064518,29.22495124966097,27.468177645220678,39.75333119057857,31
wind_323617,7,21,20.744744032258062,29.650250772410956,18.285481515791044,29.199357490342837,31
wind_323617,7,22,15.375226451612901,20.556310570233425,18.751272236923697,23.0614959417109,31
wind_323617,7,23,9.87259383870968,13.067349334638616,19.32046589166609,25.262724240853633,31
wind_323617,8,0,22.949426096774197,27.123188491998523,23.419659720850365,32.140402104321495,31
wind_323617,8,1,24.290909225806452,31.030032093652064,27.448640930547864,35.211223539139475,31
wind_323617,8,2,26.787009322580648,35.39278380388993,25.889994594851338,32.75811966045772,31
wind_323617,8,3,28.444082548387097,37.51789384069973,26.386548124821378,33.14541609089488,31
wind_323617,8,4,24.7955565483871,30.790616229753407,24.999304046923683,31.749082325677122,31
wind_323617,8,5,23.021545870967742,29.990056216086167,25.434107058681235,33.97283575965801,31
wind_323617,8,6,23.381715580645164,30.971159435113904,23.881707887059964,32.10125983951514,31
wind_323617,8,7,23.507444870967745,29.95518766573277,24.58500601785296,34.383890844306144,31
wind_323617,8,8,25.219673774193552,31.733619585264943,19.945979086905513,31.049392684736382,31
wind_323617,8,9,28.549525290322578,32.76489028576558,23.69748402116013,30.6114951871097,31
wind_323617,8,10,22.848668451612898,24.776236696449544,27.2727058813731,29.7012339213672,31
wind_323617,8,11,26.71973912903226,31.1455069838785,26.79349376221728,29.148947967485007,31
wind_323617,8,12,21.852377645161287,25.8006660037323,23.399814660344802,22.693199559583594,31
wind_323617,8,13,18.024872806451615,22.28908155215394,19.007604141262984,22.215910742420608,31
wind_323617,8,14,17.368913580645163,20.146687356540927,19.12181200202938,21.044014720563723,31
wind_323617,8,15,21.269095645161286,25.128388525045157,21.244977799583843,25.282890624429765,31
wind_323617,8,16,22.19735851612904,25.01458831623793,19.72306322570367,23.216203626166177,31
wind_323617,8,17,25.053516129032257,27.2204299167886,22.221412005279635,28.31232327572169,31
wind_323617,8,18,25.551561096774194,27.923205184948998,23.887486459037664,32.17054516031277,31
wind_323617,8,19,26.07669735483871,30.165452615541366,21.38113586747602,22.452035786658136,31
wind_323617,8,20,24.65196141935484,29.818693733665555,25.732750454516157,25.81841986589874,31
wind_323617,8,21,21.700641870967743,24.4987580128206,26.218363062514417,26.833812832185618,31
wind_323617,8,22,21.17083612903226,22.12290701868029,27.080175442659527,30.60399740548175,31
wind_323617,8,23,23.72844412903226,23.343157225718485,23.61871897882732,28.13989029622419,31
wind_323617,9,0,24.040947333333335,32.03333321591554,30.249245332111414,33.79726675457424,30
wind_323617,9,1,27.87718963333333,34.679872008084615,29.954610055126796,34.23365237333151,30
wind_323617,9,2,31.845215400000004,35.06794614301381,31.003896689646567,36.94953114135953,30
wind_323617,9,3,30.06093633333334,33.061006215924884,29.5996226213337,35.156333991649035,30
wind_323617,9,4,31.40976033333334,34.6044680277471,28.966000707602884,34.553598260970155,30
wind_323617,9,5,32.2384703,34.742067180731546,32.06947409648789,34.878297806077015,30
wind_323617,9,6,33.7450636,36.191070103652,32.88840120303449,33.786387949965615,30
wind_323617,9,7,33.88055306666667,33.53379508581817,34.66671419328602,34.83383128280184,30
wind_323617,9,8,32.7880026,35.87701297812001,36.518096977281125,36.302325946357556,30
wind_323617,9,9,34.45581523333333,37.6649278650828,36.652787882803196,38.61402317200722,30
wind_323617,9,10,26.459900033333334,33.64719598386638,34.99448119644881,37.15208665920858,30
wind_323617,9,11,25.032696766666668,33.04606409582194,34.989838502625666,37.03994919432047,30
wind_323617,9,12,26.707668,31.706691745481045,31.9590003402554,36.90907710104329,30
wind_323617,9,13,22.479384966666668,29.81804146926171,26.488924364363353,33.80032834104207,30
wind_323617,9,14,21.786456933333334,34.16874565166076,24.441909406575277,35.392185357199274,30
wind_323617,9,15,24.212570166666662,37.28804889965863,25.528638472832622,37.46440755333898,30
wind_323617,9,16,24.592464999999997,38.09662535073585,26.058424375692166,38.91003230622856,30
wind_323617,9,17,24.336093466666668,38.88272568701674,27.481206754864218,40.92420273848107,30
wind_323617,9,18,21.967864233333334,36.431132258588796,27.035813419899792,39.669004876516844,30
wind_323617,9,19,23.525636666666664,38.117464281707946,27.93787512715954,40.565112716615516,30
wind_323617,9,20,25.2024938,38.785376388291134,29.975134036741373,43.17326890574185,30
wind_323617,9,21,25.902145566666665,40.144113793496075,30.103293671111494,43.06737465894835,30
wind_323617,9,22,24.260446666666667,37.045183239327535,27.8926132308542,39.25205119066628,30
wind_323617,9,23,23.5508728,32.999134827607605,27.922042596085227,35.67070924588162,30
wind_323617,10,0,37.34186016129032,36.79373084613819,42.92725452722273,38.9395168958484,31
wind_323617,10,1,39.09258380645161,37.498455971118744,42.45611266452547,38.25704746803291,31
wind_323617,10,2,38.32327574193549,35.49552322269557,46.60422161495674,39.498496667149176,31
wind_323617,10,3,38.94182780645161,38.607719812954606,44.65909947551735,39.97753933635461,31
wind_323617,10,4,38.32863603225807,41.21137122646019,43.727339366287055,41.05943907873745,31
wind_323617,10,5,37.3554765483871,40.322320105520035,42.13317881060247,39.92373542692704,31
wind_323617,10,6,37.9054424516129,39.77330278465724,38.70991828571875,39.902054163478745,31
wind_323617,10,7,36.43031164516129,38.62818387481763,37.946192303556906,38.702055481765804,31
wind_323617,10,8,35.551502064516136,36.99666302778741,39.19464268092898,37.70493977737331,31
wind_323617,10,9,34.24093535483871,34.7693778333204,37.053374570845236,32.049715383399565,31
wind_323617,10,10,29.79048038709677,31.012106069955838,37.80623615541778,34.08144513998319,31
wind_323617,10,11,28.9908574516129,31.483189893791135,38.71559261469002,32.82792448317373,31
wind_323617,10,12,30.384175064516125,28.43547738029115,38.27543267567491,34.478765754757326,31
wind_323617,10,13,33.05093306451614,32.47661878085056,36.860057620749565,33.53703572554878,31
wind_323617,10,14,29.776947548387096,32.57725628044964,41.075866561691285,37.561591129670745,31
wind_323617,10,15,35.59054951612902,38.64060029808632,37.569493274067874,37.57452186909,31
wind_323617,10,16,35.88921851612903,39.70123559627009,39.76561840491839,40.977051761721555,31
wind_323617,10,17,36.52029903225806,36.16589790809321,42.866987761090115,42.45777565424558,31
wind_323617,10,18,37.66286096774193,36.77654923444867,43.597300746141975,43.08879763643709,31
wind_323617,10,19,38.62570074193549,38.37298499536708,45.84440388527656,43.956070843574054,31
wind_323617,10,20,38.94091145161291,40.19516195554899,46.032894294641196,44.02722918726017,31
wind_323617,10,21,36.20723680645162,36.48087956941166,42.54663224861706,42.4172577625905,31
wind_323617,10,22,33.70910296774194,37.44855498137718,40.34298441870808,38.63612994972023,31
wind_323617,10,23,38.87192551612904,40.02792341260878,45.66447532099853,39.66060824203236,31
wind_323617,11,0,64.22962249999999,42.91779964605641,65.75802279694413,41.06579731806232,30
wind_323617,11,1,72.10782786666667,43.30536679052669,68.97001911368547,40.56950939474127,30
wind_323617,11,2,70.27718703333333,39.07537611274587,70.31606513626191,37.46873317279733,30
wind_323617,11,3,70.56514873333334,37.70256537491906,69.60790221434284,33.74853581231763,30
wind_323617,11,4,67.45563583333333,38.561539196277415,68.25435110712662,37.9435151933574,30
wind_323617,11,5,68.32296590000001,42.80095035998864,67.94805788757706,38.343209293281134,30
wind_323617,11,6,67.42567153333334,44.53222696169871,67.80728287606854,40.37403850868044,30
wind_323617,11,7,63.24087346666667,45.322374540820654,65.12151148171053,42.458949693045874,30
wind_323617,11,8,58.444448099999995,43.5409731432751,59.52147451313639,45.592142135741184,30
wind_323617,11,9,59.202442866666665,44.96419630043412,59.656674096946,46.99908108823483,30
wind_323617,11,10,58.7056225,48.887970135931305,61.62400234790066,46.51921520915517,30
wind_323617,11,11,53.798564533333334,45.56660431981076,60.63052548580167,47.16836292789959,30
wind_323617,11,12,55.12187626666667,47.89947450596443,60.434903917109,48.09371842391805,30
wind_323617,11,13,56.34161566666667,49.69945434208268,59.663028854240366,47.42403759721807,30
wind_323617,11,14,52.05532159999999,49.59441242042698,57.27413193827466,48.20691028700851,30
wind_323617,11,15,53.29250270000001,48.96260949865427,58.751556245451546,49.600354373214095,30
wind_323617,11,16,54.770911566666655,49.072982920164655,58.113845659183625,49.0442562377027,30
wind_323617,11,17,49.57193603333334,44.271678528373165,59.33211505901689,48.22869919877556,30
wind_323617,11,18,55.94671833333334,45.271689616397246,58.98493932786462,46.11447634691091,30
wind_323617,11,19,55.158542166666656,43.590305506199115,64.56633995936836,45.292955427030925,30
wind_323617,11,20,58.09780903333332,46.41527198511666,64.53630802797399,45.14151329889719,30
wind_323617,11,21,56.398076833333334,43.84798911287482,57.4104257124284,43.854357782013565,30
wind_323617,11,22,53.37852066666666,42.10984935275288,61.87995828557056,41.83783831351031,30
wind_323617,11,23,55.996147933333326,42.28892606446378,63.18742833580643,42.582434267455085,30
wind_323617,12,0,65.2156746451613,48.69064435074114,67.4106529500903,46.95302155468601,31
wind_323617,12,1,65.24723535483871,48.79121083717602,69.64537442266717,46.443406075818054,31
wind_323617,12,2,68.72296593548387,49.02128261180209,68.13224672249355,45.625225432985154,31
wind_323617,12,3,68.34053190322581,49.040541045585535,67.44595966487752,47.70778304146458,31
wind_323617,12,4,64.04994364516129,47.28710808668234,63.60234400085935,45.369984013124885,31
wind_323617,12,5,60.50974961290323,46.660273582396535,61.48068898079963,45.72437497872589,31
wind_323617,12,6,61.41833274193547,46.31565524539882,58.38334559944222,44.6025590843234,31
wind_323617,12,7,57.200378935483876,46.58120797606773,55.268390405686894,42.84393369460973,31
wind_323617,12,8,57.36455667741935,46.20792616327579,56.039196710380764,46.109460629448805,31
wind_323617,12,9,56.64289503225806,45.092935939671385,57.077345689798584,46.64578316474791,31
wind_323617,12,10,54.74440016129033,45.60385564494339,56.546063535871696,45.881434122032125,31
wind_323617,12,11,54.56386141935485,46.30277910682713,55.260732746071874,43.65292270654468,31
wind_323617,12,12,52.87560141935484,44.54168212052202,57.02142676606351,46.33263801034871,31
wind_323617,12,13,56.13498138709678,44.25424500296841,59.28373362023856,46.952814920677945,31
wind_323617,12,14,54.77984041935484,47.09465866632364,60.828520569172404,46.11212417091047,31
wind_323617,12,15,57.37932593548386,49.29603261239492,61.42867569731746,45.68227278497122,31
wind_323617,12,16,57.107577774193544,47.94957901921702,62.19207894506135,45.68139790992221,31
wind_323617,12,17,58.82033938709677,48.05497574795421,63.53927784698537,47.64213698088531,31
wind_323617,12,18,61.00862764516129,46.688350600919165,63.444927640483975,48.48472837013304,31
wind_323617,12,19,59.442381612903226,47.14284128029689,63.865133938857944,47.58563211274651,31
wind_323617,12,20,63.98457374193548,49.23693680240227,64.50568338141376,48.76703040394287,31
wind_323617,12,21,61.441396258064515,48.79397691950663,64.49942143012235,50.1000642240037,31
wind_323617,12,22,59.16266941935484,47.77656584219948,66.13065984643578,50.38852753781418,31
wind_323617,12,23,63.62471961290322,48.00903581032133,64.79458885128484,50.012742565930296,31
wind_323625,1,0,49.5796123548387,48.21525172400935,45.64261492876121,46.4841519452164,31
wind_323625,1,1,49.83676122580644,48.24164701379627,48.79607452789752,46.54054213956627,31
wind_323625,1,2,49.953138,48.12968781105668,48.60496911673039,45.13109031600101,31
wind_323625,1,3,47.308776548387094,45.56047993452814,47.60079633719422,45.734846068813745,31
wind_323625,1,4,46.84923722580645,44.909452996754695,46.54427686442338,42.9572122009237,31
wind_323625,1,5,44.10272880645161,40.557783622311526,45.0950938738449,40.597998435928666,31
wind_323625,1,6,44.89761493548387,41.68655945222199,42.21446954477935,36.28276175452578,31
wind_323625,1,7,46.84549058064516,41.21211117301883,41.46412280838376,37.285982406369186,31
wind_323625,1,8,45.02324448387097,40.8693353745369,40.976712707683475,36.155753978315865,31
wind_323625,1,9,39.4825699032258,38.94611603818803,42.634754119334,37.84455193168487,31
wind_323625,1,10,41.35929874193548,37.53621251417933,39.44541101580603,38.84441875039383,31
wind_323625,1,11,37.994375903225816,37.43915180370079,40.30395844046928,39.69222461813635,31
wind_323625,1,12,43.92708225806452,40.21481786394529,41.90323613540182,41.012020596331766,31
wind_323625,1,13,39.41416596774193,39.605065565019274,43.95112893123984,40.37329250798198,31
wind_323625,1,14,42.671112935483876,40.99138568145617,44.79252884554077,39.69982404832399,31
wind_323625,1,15,44.85961196774194,40.313603313329814,46.467580261496984,38.78062815931506,31
wind_323625,1,16,49.284044387096785,44.166342714698224,52.449556799587846,40.832191727525526,31
wind_323625,1,17,50.41548538709677,43.351802224975486,53.0874804584609,39.9301704053596,31
wind_323625,1,18,53.04812325806452,45.61442229332058,53.34835004259976,41.50004289080764,31
wind_323625,1,19,49.67316658064515,43.69043149548703,52.10892574540333,42.55748163720851,31
wind_323625,1,20,46.78139041935484,41.908581706819675,49.66161582057797,41.56281490070521,31
wind_323625,1,21,47.6726446451613,42.990515083895104,49.420739208708504,42.32930607329926,31
wind_323625,1,22,45.763814548387096,43.78955290672117,48.89643860232738,42.5119069597674,31
wind_323625,1,23,51.31019351612903,46.33399445678306,45.62385433121155,42.31394444623085,31
wind_323625,2,0,45.929083551724126,46.46220422220134,43.78280542696552,45.30977061553573,29
wind_323625,2,1,49.06916034482758,48.50205200051275,44.22004466428296,48.130147646769295,29
wind_323625,2,2,48.86670899999999,49.498891737270505,48.093499060400916,49.916216600550996,29
wind_323625,2,3,53.3755442413793,49.75182958757248,52.0251778377278,49.97028570279573,29
wind_323625,2,4,55.679215793103445,51.05743435077116,52.3369249338008,50.218593388652636,29
wind_323625,2,5,54.90016572413793,50.70860327149045,52.41325829048946,48.32214399246036,29
wind_323625,2,6,54.88491124137931,50.63221703879821,50.891945353580454,48.18262252069587,29
wind_323625,2,7,54.060439103448275,49.954361714320854,50.627394866350485,48.44092713769578,29
wind_323625,2,8,50.38946227586205,48.24998205167495,48.870165118318695,47.599689080505534,29
wind_323625,2,9,46.63590510344827,46.29563358951,44.78726728835752,46.42743831170402,29
wind_323625,2,10,47.622940275862064,47.447986162315274,46.175208766006584,46.160250583167176,29
wind_323625,2,11,45.610720931034486,48.31106300615842,47.597188564567006,46.58192273525667,29
wind_323625,2,12,45.60909479310345,48.62859193810886,46.90858750045549,47.05644668711246,29
wind_323625,2,13,44.3070507586207,47.68731682135639,46.509906861592135,47.060287769213836,29
wind_323625,2,14,43.74512375862068,45.84102697100393,44.393483097860916,45.51597388579737,29
wind_323625,2,15,40.322155379310345,43.80983832976649,43.77556753075737,44.837023606563186,29
wind_323625,2,16,37.79535837931035,42.13192027614713,46.372734844799716,47.037709416884056,29
wind_323625,2,17,38.09487968965517,41.11202850227471,49.43667521122346,48.977664534440656,29
wind_323625,2,18,45.024507413793096,45.32051053702475,48.62270671089535,49.9249737944117,29
wind_323625,2,19,45.936301,45.72026546832663,48.8129608134787,49.009785631891084,29
wind_323625,2,20,44.302511137931035,46.49697007789413,48.553055045983406,47.89582107137312,29
wind_323625,2,21,44.02171251724137,47.6422868386748,48.00286911141229,48.41274703787934,29
wind_323625,2,22,41.419739172413784,47.49859851949878,42.70311496208965,44.88393403724139,29
wind_323625,2,23,39.091577310344825,42.62071934979249,45.917326003245854,45.775189087288844,29
wind_323625,3,0,47.92333187096775,37.113495068092064,57.46204931093308,39.584896230414834,31
wind_323625,3,1,55.699908258064525,38.010208103419444,62.351338482824055,38.23788798748333,31
wind_323625,3,2,59.73380903225805,40.86303214831249,60.85958864476126,39.676312709226245,31
wind_323625,3,3,54.79223519354838,41.67281143186424,59.644078044780564,43.568569789427045,31
wind_323625,3,4,57.37826719354838,43.22359783721009,57.91384835130734,43.75239525595268,31
wind_323625,3,5,54.899495290322584,41.1683438457991,55.62516025225383,42.11098566196904,31
wind_323625,3,6,56.78934625806452,42.39418022394919,56.094058242644344,42.609019045339764,31
wind_323625,3,7,56.37712370967741,44.061477852610004,58.855688086657906,44.36777720983499,31
wind_323625,3,8,53.101224387096764,44.006962443612125,54.70391440521065,44.30662853993708,31
wind_323625,3,9,53.161648387096776,44.71584033346288,52.65419678543899,43.57490025964952,31
wind_323625,3,10,52.627121129032254,44.238889999488634,52.49113601990671,41.782597500873734,31
wind_323625,3,11,56.91260551612904,44.403014298738654,52.19472569250268,40.44100659152881,31
wind_323625,3,12,49.8048694516129,42.984535664402465,55.08260207326316,42.90524638990691,31
wind_323625,3,13,44.01330406451612,40.21727536774546,51.38673902883465,42.17746509665918,31
wind_323625,3,14,42.59064287096774,40.49175223723946,48.55255577740038,40.915275953135264,31
wind_323625,3,15,44.9970479032258,43.71984305126393,49.10238503053577,42.58220193931205,31
wind_323625,3,16,41.72321458064516,40.343419257009685,47.67421196955271,40.811324148325546,31
wind_323625,3,17,42.39939583870969,39.18904912405793,46.53420963617846,39.07584607068271,31
wind_323625,3,18,42.69778074193548,40.09693645784872,51.80487862285141,40.962824304777016,31
wind_323625,3,19,43.07388425806452,40.793002002559945,51.73160284213999,41.75730973252204,31
wind_323625,3,20,46.64873541935485,42.301774822940196,51.37697881286529,39.48076501558604,31
wind_323625,3,21,46.63649748387097,41.873475496834466,52.090845665189356,38.708266462530084,31
wind_323625,3,22,41.42922448387097,37.701886757059306,48.38894206978016,37.30148817085638,31
wind_323625,3,23,44.387114322580636,38.16906575716394,49.75725903701396,38.723275818892105,31
wind_323625,4,0,41.40787456666667,39.97778193504468,41.54827229039265,42.65011075744153,30
wind_323625,4,1,40.90845770000001,41.36791605845117,41.662400769931764,40.16226100122616,30
wind_323625,4,2,37.30774816666666,38.803127430972104,40.95843853898217,39.469029337953,30
wind_323625,4,3,38.6680957,38.671165995132334,38.50010187467938,38.52101696411403,30
wind_323625,4,4,45.52569386666666,40.81468257237814,41.495283848914376,39.821410976362046,30
wind_323625,4,5,43.2184243,42.28969519453786,41.94063261451491,41.62019263205922,30
wind_323625,4,6,42.14704383333333,38.082828686131776,42.71801150737058,39.700704417940415,30
wind_323625,4,7,42.98507123333333,39.68155174434036,43.70622834147666,41.84464814936862,30
wind_323625,4,8,40.17188179999999,40.10277806208785,44.27733674065824,41.50204440112495,30
wind_323625,4,9,40.5949418,40.294976092359875,46.995288269012924,41.71613370143164,30
wind_323625,4,10,42.64865970000001,41.50917779146669,46.48909914743582,42.89120041040926,30
wind_323625,4,11,42.712486600000005,43.11429733502273,46.934188457325426,44.593149748862615,30
wind_323625,4,12,42.60791056666667,43.3664656288019,44.48779918320168,43.721310878485944,30
wind_323625,4,13,38.12234936666667,42.26105394217375,41.005423338146315,42.614866088948325,30
wind_323625,4,14,38.973579799999996,43.43119564835666,42.84810915297143,44.277597003835545,30
wind_323625,4,15,40.914452,47.33265427467806,48.58343585434674,47.90639726347885,30
wind_323625,4,16,41.78343343333333,44.772266286357116,51.03788037333434,48.34566991560204,30
wind_323625,4,17,42.21404413333334,42.788428535358214,53.297708925978355,48.77815451993873,30
wind_323625,4,18,50.69280703333334,47.592740955190386,50.60947284402922,47.01954299243808,30
wind_323625,4,19,51.769525,46.94842855562344,52.025852560560956,46.05204579930818,30
wind_323625,4,20,51.1391719,45.52957832409718,52.60386243973895,43.64220480170238,30
wind_323625,4,21,46.8885333,43.59423385567058,48.883984187501134,41.721802333951636,30
wind_323625,4,22,41.787941000000004,41.46104619332879,47.44664830135441,43.301090399784286,30
wind_323625,4,23,40.509624366666664,37.61327986959461,45.186338646781685,42.440775379210116,30
wind_323625,5,0,19.516749354838712,29.483372410799262,19.262529157901312,25.414191426577773,31
wind_323625,5,1,20.912235161290322,29.64334896368041,21.996934955058485,27.897199367185863,31
wind_323625,5,2,24.052104258064524,29.471868301664166,25.379401476391813,33.04733846952232,31
wind_323625,5,3,27.480249806451617,30.871068337413604,28.757268303719233,33.905689513292366,31
wind_323625,5,4,27.068259354838705,30.38231533999018,29.182103678907193,35.63310394874596,31
wind_323625,5,5,30.564550129032263,33.9529366489438,30.560671893262487,36.98961122897028,31
wind_323625,5,6,31.82302348387097,38.149053551869386,29.839529509371815,36.11554487209362,31
wind_323625,5,7,29.406043870967743,37.25606214039838,31.14799083098844,36.668061910703024,31
wind_323625,5,8,28.675112612903224,36.2030483486478,28.586345880182286,34.79827699084327,31
wind_323625,5,9,27.64702190322581,35.88546444772929,29.89109050057309,36.49563329792283,31
wind_323625,5,10,25.266222612903228,33.177364720152596,30.06444315291601,36.5726191158884,31
wind_323625,5,11,24.61853290322581,34.14896069557109,30.398638045884443,37.73810670601105,31
wind_323625,5,12,19.91143009677419,30.416840842042156,25.21608948785044,35.88763438226253,31
wind_323625,5,13,18.181638290322574,28.784272245565955,22.39436696389259,33.31388745543203,31
wind_323625,5,14,19.744197161290323,33.20387035462334,21.772708699397565,33.63377342516244,31
wind_323625,5,15,21.908709129032257,36.503951199462,21.928077193986503,34.01132712269313,31
wind_323625,5,16,22.036854838709676,34.85806100811541,24.44614335520334,37.83021326005423,31
wind_323625,5,17,22.53999206451613,34.02997553799518,24.357586035633485,34.87263745989496,31
wind_323625,5,18,22.86028651612903,34.961679481759134,26.675850042520338,36.56100460873631,31
wind_323625,5,19,22.393130258064517,31.05163836644594,24.10524215867392,32.96010954819075,31
wind_323625,5,20,21.37539045161291,28.856198403893888,24.962165542315663,31.887480977637612,31
wind_323625,5,21,22.837331161290322,27.512079939505632,20.370544216342275,24.927660623189137,31
wind_323625,5,22,20.928199548387095,26.76589749842362,19.28834346955594,29.199254476293277,31
wind_323625,5,23,19.998241870967743,29.259056743512,19.70400812549114,28.148057597094184,31
wind_323625,6,0,22.747400833333337,28.524363916598478,17.006394535206685,23.260479402612567,30
wind_323625,6,1,23.078487900000002,33.27086001185105,19.285307351485038,24.011563535272952,30
wind_323625,6,2,24.29304966666667,33.356340772391775,20.74047070545331,25.725942843736227,30
wind_323625,6,3,27.49516153333333,33.52733962746195,24.8729057386572,30.115487210666576,30
wind_323625,6,4,25.93172966666667,31.399010040781512,24.511826118153014,31.879304731104767,30
wind_323625,6,5,32.657554133333335,34.52174307143006,29.007459631882387,32.538496064726736,30
wind_323625,6,6,33.883099,35.30517104674782,27.61414414627376,26.384105471306828,30
wind_323625,6,7,38.608045966666666,36.646352048781964,31.362879372606844,30.099756366453335,30
wind_323625,6,8,36.0259247,35.572866828717835,33.44181609249949,31.165823734209255,30
wind_323625,6,9,34.045281366666664,29.329348835446407,32.96569129077582,30.353072036195936,30
wind_323625,6,10,27.031082033333337,27.749531520718893,28.756742808315376,28.202288199231806,30
wind_323625,6,11,25.261175766666668,26.785227587015196,25.374005640767482,24.21469323528491,30
wind_323625,6,12,19.875948333333334,21.95400879835051,25.80700751590241,28.75646623230018,30
wind_323625,6,13,23.430322266666664,34.34480570829985,26.259050311907643,35.06510988995627,30
wind_323625,6,14,23.016410566666664,32.87293627558266,26.70042021160456,38.3264442179496,30
wind_323625,6,15,25.7343096,35.22681563219814,31.11383870847529,42.187410083226595,30
wind_323625,6,16,25.84279126666667,36.34969972097919,33.372796474735054,43.4950027793692,30
wind_323625,6,17,28.5445299,37.44677633291697,34.99676240261659,44.54626204230649,30
wind_323625,6,18,30.035763533333334,39.79488836413093,41.264936640196424,47.18634114570262,30
wind_323625,6,19,32.21326583333333,41.75214877730922,33.959164574121,43.960026876608175,30
wind_323625,6,20,28.314002766666665,36.4771246500723,28.31692028528669,37.47813997015008,30
wind_323625,6,21,31.450238033333328,39.87411464213362,29.326855202942156,35.7407100817688,30
wind_323625,6,22,28.75304643333334,38.95258138499011,32.57985943173599,38.1468783891691,30
wind_323625,6,23,22.196860833333332,29.160088444428254,31.53436549320482,32.08924499560329,30
wind_323625,7,0,14.136546322580646,26.49746370300655,14.631099170863415,25.209472575778708,31
wind_323625,7,1,10.579591580645161,17.192057293242037,12.199235600747809,17.35356918356176,31
wind_323625,7,2,10.983463709677421,14.262967888540043,10.247951129684365,13.830105785612469,31
wind_323625,7,3,11.594091032258065,16.673047814353513,13.227906193518901,18.647938722487236,31
wind_323625,7,4,11.162516612903225,12.926999192099812,12.287765770476195,18.953200328698255,31
wind_323625,7,5,12.126311612903224,15.691617139386002,10.755625593893521,19.777242029533312,31
wind_323625,7,6,12.996301838709675,18.801856415555523,12.182099304647567,20.456718143308883,31
wind_323625,7,7,13.748914580645161,20.499525499171675,11.650134012978034,20.224953316655487,31
wind_323625,7,8,14.323131387096774,20.875597105961653,14.8741341817167,20.361375447606008,31
wind_323625,7,9,14.699828677419355,20.021049925675662,15.895853952733871,21.48670573759941,31
wind_323625,7,10,10.608067967741933,15.94917431448825,16.810284516046334,23.056702640993816,31
wind_323625,7,11,13.771628935483871,23.59580270902479,14.976884506399555,22.0483261274305,31
wind_323625,7,12,9.911252258064517,17.61966198205357,15.779420850465053,23.587786068529073,31
wind_323625,7,13,8.98908306451613,17.83747136452903,11.579708839623096,20.665773954739628,31
wind_323625,7,14,8.539048741935483,16.0368717836296,11.890936728981405,20.992036393141916,31
wind_323625,7,15,8.852720806451613,17.405887461376622,11.112987704349035,20.640458320444587,31
wind_323625,7,16,10.525389387096773,19.39379932148584,11.262905918422497,21.97322449839638,31
wind_323625,7,17,10.639011387096772,16.62403654534069,12.101799711531488,20.202367129264257,31
wind_323625,7,18,11.997380935483871,23.34955161294073,15.017218897305346,24.670751842053807,31
wind_323625,7,19,14.254265387096773,24.021989322810157,16.12514368431412,24.031467797940735,31
wind_323625,7,20,15.823045548387094,27.711089304348977,15.390815974527937,23.153381205175826,31
wind_323625,7,21,11.386675774193547,17.140713388590303,15.301195711071989,19.444110188911438,31
wind_323625,7,22,8.914229806451612,13.692910434028036,10.730100073951116,14.805481909922564,31
wind_323625,7,23,8.699942451612904,14.627821336768825,14.072864273924775,22.32417718962314,31
wind_323625,8,0,18.386143387096777,21.449108439329713,18.62381176686161,21.035627908486735,31
wind_323625,8,1,18.78975187096774,23.686410238836,21.336173169602702,26.97514058609999,31
wind_323625,8,2,20.760093225806454,28.02625490592029,23.478961566315885,27.29272819317157,31
wind_323625,8,3,20.172859419354836,26.818599698309626,22.835949464819986,26.796853944073888,31
wind_323625,8,4,20.339961967741935,27.00794687330588,23.535066389775558,29.15672355289062,31
wind_323625,8,5,22.539026193548388,28.759864341007482,22.960370259615644,30.80413375402023,31
wind_323625,8,6,23.39683480645161,28.78537083752091,20.426419003986883,28.478017217215957,31
wind_323625,8,7,24.440817774193544,26.714848598086903,18.69040917546547,24.700745889911428,31
wind_323625,8,8,19.75470987096774,22.823488995833802,17.43243716499728,19.303922125842643,31
wind_323625,8,9,20.13278706451613,20.226143905327138,17.09991845720464,17.600784577957782,31
wind_323625,8,10,16.328746516129033,16.658530629572034,20.666501796242617,20.482383965924928,31
wind_323625,8,11,14.209982290322579,15.63965015586242,16.75251676623379,16.61235826511649,31
wind_323625,8,12,12.300078161290322,15.3763677173859,14.121817454594916,15.428004139185614,31
wind_323625,8,13,12.579905741935484,16.877894720911264,12.18477721344635,13.02825210933732,31
wind_323625,8,14,11.128842161290324,13.024253761024385,12.417439331534537,17.60354005774484,31
wind_323625,8,15,13.143058161290323,16.272509109537616,14.753692432600284,20.490009935509914,31
wind_323625,8,16,16.273286161290322,21.849525927687452,15.389034248892376,21.17515281630662,31
wind_323625,8,17,15.961019774193547,22.897300381207526,16.96931681847616,22.816435090645754,31
wind_323625,8,18,18.122657,25.303373662166166,20.50511217948309,26.497897054010036,31
wind_323625,8,19,16.310608387096774,21.934313454011157,22.84894538358832,30.774988735852205,31
wind_323625,8,20,19.690878,28.355614479361634,23.894144531887825,30.564897048825355,31
wind_323625,8,21,20.43037977419355,29.172649662848993,22.81007126065893,29.6014878038449,31
wind_323625,8,22,16.897128774193547,23.839757673561063,18.732826462805185,22.92468703872507,31
wind_323625,8,23,14.421980451612905,19.05976016969595,16.10915184054241,18.804093037268963,31
wind_323625,9,0,19.13053396666667,24.111843839938256,21.737084440486715,24.768235140080535,30
wind_323625,9,1,18.854784133333332,20.3270606959335,24.930906447207647,29.37768876248862,30
wind_323625,9,2,27.180157666666666,30.18305473615659,27.6166883164383,29.305271856647316,30
wind_323625,9,3,26.223287266666663,29.208708330261587,29.351130391272328,28.16998550877651,30
wind_323625,9,4,29.939599833333332,27.340600067913044,27.179340800002787,28.65597114367283,30
wind_323625,9,5,31.25764716666667,28.36766350162237,27.74752711130725,27.959689154907945,30
wind_323625,9,6,35.52834983333333,30.206873617086835,33.09531444540287,28.62977782216473,30
wind_323625,9,7,36.15827626666666,28.398810193332814,28.48864168821916,25.338214499160895,30
wind_323625,9,8,31.27352733333333,28.061802975640465,28.450129233298636,26.644162375776137,30
wind_323625,9,9,30.75829883333333,28.7581594249749,29.84661862183282,26.831397325727245,30
wind_323625,9,10,26.5371499,27.195279114083206,30.604735812729942,27.99466458151214,30
wind_323625,9,11,25.509733466666667,27.144270541424216,33.02951863774588,30.015610137181195,30
wind_323625,9,12,25.073034766666673,27.080423718855247,30.561787600460924,30.101304146404804,30
wind_323625,9,13,20.31081796666667,23.87786157676268,24.857055049232926,28.44480727298968,30
wind_323625,9,14,17.574592366666664,26.617520684757732,20.493666673413,28.161505138227135,30
wind_323625,9,15,18.894551299999996,27.47048446958085,20.269421964197996,31.014756611367858,30
wind_323625,9,16,19.237728699999998,30.794353419294325,19.517637493371023,31.758260871562417,30
wind_323625,9,17,18.99837256666666,30.903701587731945,21.368609488563713,35.29472206682329,30
wind_323625,9,18,21.63755093333333,36.032287445038776,23.202747482824844,36.999393288069705,30
wind_323625,9,19,21.388910266666667,37.14398429438568,23.845414852228128,37.684040174852356,30
wind_323625,9,20,17.49148466666667,31.85269642261835,21.7310546375479,34.47999684414737,30
wind_323625,9,21,16.19539836666667,28.88831636120757,20.265001226376622,32.53123687272886,30
wind_323625,9,22,14.685942933333335,25.25447701434076,18.193762964599483,30.366981973806272,30
wind_323625,9,23,15.173741699999995,25.841462228943488,19.010550638112964,26.19425586175662,30
wind_323625,10,0,30.707537806451615,34.97282676909126,31.635798213442666,31.983225468455252,31
wind_323625,10,1,31.80124709677419,34.69553758815682,32.972158811376104,31.799239436223136,31
wind_323625,10,2,29.078154580645155,32.0496293224323,32.58348561536352,31.64837653516367,31
wind_323625,10,3,31.314571774193542,32.02773519165728,37.725020167878384,39.073520067507125,31
wind_323625,10,4,31.0790374516129,35.93428365979978,34.656828685591464,36.918712103383726,31
wind_323625,10,5,31.373547419354836,37.83874813923325,34.78086869275291,37.84274454226803,31
wind_323625,10,6,31.634210548387106,39.53036538844873,33.38010773102346,37.4523746505283,31
wind_323625,10,7,28.703306548387097,36.5745331585727,31.280022515634272,34.49418148420333,31
wind_323625,10,8,27.176707838709678,34.83579977993325,32.2226711583563,32.64955420524828,31
wind_323625,10,9,25.368913741935483,28.54671479784209,30.288925672313898,29.798434344024006,31
wind_323625,10,10,25.664559,29.13990582060594,30.78399245789109,31.82194785074028,31
wind_323625,10,11,26.07249722580645,29.80929321192601,29.095984249177643,29.516490182018597,31
wind_323625,10,12,27.294099774193555,31.318580544744968,31.36729271965616,31.770623067071586,31
wind_323625,10,13,28.04324645161291,32.20345069015173,29.974588058511962,34.26361565214487,31
wind_323625,10,14,25.21159616129032,30.108324520714895,29.089738432758097,33.367907773151764,31
wind_323625,10,15,26.410450838709682,33.26969942853025,31.6997804961973,36.60098214019627,31
wind_323625,10,16,27.743507709677417,35.1731936776157,37.508270672738284,40.01606079315169,31
wind_323625,10,17,29.16244887096774,35.514042137119034,42.44660675025989,43.16619375775317,31
wind_323625,10,18,30.919455290322578,37.81308465071446,42.716018021317105,43.97058552026925,31
wind_323625,10,19,34.765336870967744,39.60874659112599,43.27358152601491,43.493565151566514,31
wind_323625,10,20,34.024274806451615,37.34007976491873,42.94599822314008,43.94904709626377,31
wind_323625,10,21,32.59318229032258,38.51794277779951,39.095864849576266,41.41667994913511,31
wind_323625,10,22,29.772722129032257,36.654767942612324,33.89520800043716,37.731535206117776,31
wind_323625,10,23,29.447280903225806,34.4515502820786,36.798414207385115,38.48668223347271,31
wind_323625,11,0,56.3751482,42.64557035688052,56.210512093270566,41.91172621865507,30
wind_323625,11,1,59.64758040000001,45.451825171735884,56.36290670773069,42.82716967321744,30
wind_323625,11,2,59.36446173333334,44.60319406977476,58.0250118628412,42.09178518872771,30
wind_323625,11,3,57.61237163333333,43.309190774483895,59.21510737282743,42.491207639500296,30
wind_323625,11,4,57.87666336666666,41.995951483623806,60.390755395692004,42.31446427530382,30
wind_323625,11,5,55.99143319999999,42.56705366518094,59.642970557925906,42.55527981443157,30
wind_323625,11,6,51.3034703,42.74170888305322,59.60286506671548,43.38369921918772,30
wind_323625,11,7,52.10674923333333,44.82418313232274,57.16662322063591,43.724644795987764,30
wind_323625,11,8,52.00471113333333,44.353203272863205,53.03734270960538,46.375056534955235,30
wind_323625,11,9,52.088513600000006,45.274128749492604,52.9300639847361,45.360624925095486,30
wind_323625,11,10,46.761669233333336,42.92036073967874,52.279179834649305,45.2876151880241,30
wind_323625,11,11,46.17326163333333,43.915760657250026,52.63731935990238,45.840950089264545,30
wind_323625,11,12,46.91217883333333,44.54361119320448,51.105079622370376,47.095629099378726,30
wind_323625,11,13,45.377508533333334,43.393370040174204,52.534132418627756,46.4137968722943,30
wind_323625,11,14,45.14946133333332,44.81979404989844,51.87155153750173,46.47699457535879,30
wind_323625,11,15,46.48891913333334,44.67989582770772,49.88858363729681,45.468768443159796,30
wind_323625,11,16,50.17816963333335,46.23588788627623,51.017590306143084,44.5266508370153,30
wind_323625,11,17,46.56927633333335,44.85097585035011,54.516786141048826,46.17115986426455,30
wind_323625,11,18,47.65602446666666,43.372052939412534,56.60205219860993,45.9059691821331,30
wind_323625,11,19,47.403636033333335,43.38462868590879,54.65925826249834,46.07756380439221,30
wind_323625,11,20,46.849631433333336,42.758602981516276,54.16372059963878,46.09948293132421,30
wind_323625,11,21,42.79284129999999,39.572409518408094,54.79756847436074,47.01641512176471,30
wind_323625,11,22,39.9555609,36.03253434247931,51.33660494320349,40.698420354307515,30
wind_323625,11,23,49.24671553333333,39.77183175654813,55.33693986367044,41.10936612484672,30
wind_323625,12,0,60.47330229032258,47.09683592831752,65.75452644872742,46.140561191942496,31
wind_323625,12,1,61.01974564516128,47.830387520890454,62.194707027730146,48.377110498128516,31
wind_323625,12,2,55.59933532258064,45.33868978522734,63.462928254070064,48.550499492407795,31
wind_323625,12,3,50.5372429032258,46.309617214922284,57.963647178968074,48.89227160237048,31
wind_323625,12,4,50.62140648387097,47.0705708272801,56.12933365634675,48.25852488714087,31
wind_323625,12,5,48.552082516129026,44.43615334230683,53.93311053490613,46.67534643735131,31
wind_323625,12,6,44.57062670967743,43.34417625944767,52.05335121810753,45.636911710610605,31
wind_323625,12,7,50.91484083870969,43.90787539307605,50.40855770819255,42.598799002192514,31
wind_323625,12,8,46.294075129032265,41.952621981727766,49.7901696299679,43.752685657655334,31
wind_323625,12,9,47.9368579032258,41.88697463775871,51.6394698969807,45.151499085640104,31
wind_323625,12,10,48.29968522580644,43.37845428229977,51.34932101854455,45.26728924182345,31
wind_323625,12,11,46.358058483870956,40.47733929744601,48.92521116735939,43.7016939310463,31
wind_323625,12,12,47.74130258064517,42.38079076680753,49.06797343541318,43.31238022311475,31
wind_323625,12,13,50.118711193548386,44.9520883851258,52.267346697082104,43.69317301395602,31
wind_323625,12,14,51.83327480645161,44.779106562207254,53.756528357093636,45.05030812072332,31
wind_323625,12,15,50.45343183870967,44.58911454183297,51.42214885401443,46.87235215281661,31
wind_323625,12,16,50.4811049032258,45.69537607972888,52.13572459446104,48.47289312200791,31
wind_323625,12,17,49.57341651612902,45.67733176488643,51.42183538725688,48.28900970107812,31
wind_323625,12,18,49.40615364516129,44.78154633611042,52.80464660886928,46.564033737544165,31
wind_323625,12,19,50.4385069032258,45.86267193926009,51.10107386522622,45.184713244745424,31
wind_323625,12,20,52.503723,46.40540158155144,50.071998216263644,45.87770819242336,31
wind_323625,12,21,51.65950574193547,46.01811770085722,54.716454516758844,47.09816322805353,31
wind_323625,12,22,54.629297258064504,46.50797928161533,58.50384509191814,48.21920767744526,31
wind_323625,12,23,58.21283377419354,48.29059106943287,61.30153776134096,47.63019595275564,31
wind_323626,1,0,57.39061767741936,50.91592152495969,56.06911120940111,51.78568928270502,31
wind_323626,1,1,57.67163422580645,51.92333494587243,52.46195271874663,49.04974909195522,31
wind_323626,1,2,59.110991387096774,51.13014597223147,56.53401776382571,51.8282345929116,31
wind_323626,1,3,59.7535335483871,51.23681703801025,54.89451040263551,51.267672593095675,31
wind_323626,1,4,57.78246558064515,48.61492503810501,55.00817080527418,50.25697920831378,31
wind_323626,1,5,56.27140570967742,48.31555930873337,53.228958178657486,47.810895394263945,31
wind_323626,1,6,55.41058754838709,45.80627766044092,55.04063035378779,46.431936613591844,31
wind_323626,1,7,55.113292870967754,47.2782033546551,56.43279822702145,44.80548028513397,31
wind_323626,1,8,53.00889438709678,46.71536128629722,52.26715660779664,42.45480750831563,31
wind_323626,1,9,50.6200615483871,45.05315728498366,54.4114293385446,44.73658505306786,31
wind_323626,1,10,49.86956983870968,44.4412889098309,53.14625491861195,45.851340370983415,31
wind_323626,1,11,52.955816064516135,47.013011172361196,50.16070353098164,44.65555047420463,31
wind_323626,1,12,55.18021958064516,48.20805190281178,50.73783218946663,45.97211809703392,31
wind_323626,1,13,52.013652161290324,46.157307144113425,52.81321469137637,45.56139384794082,31
wind_323626,1,14,54.149788483870964,47.76739331749563,53.26193765937522,42.31424619592943,31
wind_323626,1,15,54.840792387096776,45.50974322164568,58.633887868411335,44.957414523950746,31
wind_323626,1,16,58.710552032258065,47.79078318969217,61.99885978068895,44.90548279373696,31
wind_323626,1,17,59.25565722580646,47.92585120441346,62.99556815789613,44.43662513561579,31
wind_323626,1,18,60.473871612903224,48.14945595492248,61.90167765586496,43.144948462391646,31
wind_323626,1,19,56.123746,46.34650154787686,60.41258341648314,44.37708285430205,31
wind_323626,1,20,57.47727180645161,45.74686170771747,57.889460698009934,44.30101932525432,31
wind_323626,1,21,53.69817664516129,46.66262522440279,57.75555430669996,45.028707264695754,31
wind_323626,1,22,53.423238096774185,48.60493759139302,58.715629148782206,46.37320167784669,31
wind_323626,1,23,55.53706103225807,50.28278420736323,60.178971652679735,47.743976970089335,31
wind_323626,2,0,49.4762728275862,49.43530931471246,52.17355992821902,50.073292366207625,29
wind_323626,2,1,52.99957479310345,51.46920574436257,49.61040486980413,52.09690594128743,29
wind_323626,2,2,52.002098999999994,52.19194166265499,48.8945000565184,50.99280965642586,29
wind_323626,2,3,57.93406544827585,53.55725410847189,56.03991747134303,51.544852198268956,29
wind_323626,2,4,62.72453751724137,54.70879752236596,59.138814409582366,53.09372585800468,29
wind_323626,2,5,60.718217482758625,55.612313154371805,61.50972243494067,53.980979899792914,29
wind_323626,2,6,61.77002303448276,55.42852899578164,58.75668288082461,51.734327070698136,29
wind_323626,2,7,62.5074823448276,54.642378941351495,56.67377067490808,49.703328329042556,29
wind_323626,2,8,56.64486248275862,51.73412907410027,56.571471568093145,49.647583270980405,29
wind_323626,2,9,53.08913434482758,50.34953718576577,52.87958562990081,49.993186722196384,29
wind_323626,2,10,51.1603045862069,48.012695873669614,52.10087579388928,47.086529698145824,29
wind_323626,2,11,48.978249689655165,48.68438384331689,50.67338458567126,45.975329984562045,29
wind_323626,2,12,50.53681168965517,48.99274799029701,53.093670036723076,47.22626529911965,29
wind_323626,2,13,47.59037186206896,46.084190732410114,52.758960158344884,47.02260108192246,29
wind_323626,2,14,44.99220831034483,46.62163800823626,52.58682691801772,47.34600028459602,29
wind_323626,2,15,43.779623,46.34533029648625,51.10591040763123,47.73080479960103,29
wind_323626,2,16,42.55942596551724,44.21527759901126,53.24681962599308,51.38461135619516,29
wind_323626,2,17,44.44226034482759,45.71689240088395,55.86805482198553,53.011094190671415,29
wind_323626,2,18,50.7784443448276,49.40197898780896,56.11875196576593,53.59024841465565,29
wind_323626,2,19,49.775327068965524,46.81839193745038,55.08983343199129,53.37487694430051,29
wind_323626,2,20,50.90355979310344,51.5882351703595,55.766065919193636,53.80444836166434,29
wind_323626,2,21,50.067827,51.95715143336318,54.67975864477818,52.84710225020936,29
wind_323626,2,22,48.05496606896552,51.9760627771879,50.80471682852537,50.777614068733754,29
wind_323626,2,23,48.14268689655173,48.788806134605935,49.11032477485241,49.21963660672006,29
wind_323626,3,0,58.1471404516129,41.05803942034677,68.65221585602507,43.62120957372231,31
wind_323626,3,1,70.91020848387097,45.380139930587035,71.06142635118806,43.411225139950815,31
wind_323626,3,2,65.64984358064515,45.50905014461247,74.31165570600524,42.84812945150821,31
wind_323626,3,3,70.37915577419353,47.058861364833724,73.79317347309863,44.84610787685982,31
wind_323626,3,4,70.70177583870968,46.36538517765718,67.99761605097456,47.11085840115256,31
wind_323626,3,5,68.05524193548388,45.12898756368773,68.01241904621382,45.702419779289194,31
wind_323626,3,6,66.06758251612902,43.320927069807816,68.44553429364512,47.69746404556447,31
wind_323626,3,7,69.75380119354838,45.12483538866677,67.04806488476065,46.11478620216492,31
wind_323626,3,8,66.82336467741935,45.08938578695004,64.59255865495574,46.39897692866301,31
wind_323626,3,9,63.02625148387098,45.930608456121725,63.111228309156665,47.139646452436885,31
wind_323626,3,10,61.97088103225808,44.75878014890309,61.72915681041969,44.4015162214437,31
wind_323626,3,11,63.66605561290322,46.56357405994378,64.79673273885312,44.92393810637234,31
wind_323626,3,12,62.517214677419354,44.59677241827066,62.948648389065696,44.95711225822143,31
wind_323626,3,13,52.98132006451612,42.15864053614375,58.95449921431098,44.83600351170919,31
wind_323626,3,14,48.4726269032258,43.40679696229686,54.295707663281846,44.713407237453,31
wind_323626,3,15,48.17320503225807,45.01611719482935,53.99185426935105,46.01885301720777,31
wind_323626,3,16,44.6720870967742,43.76659551342617,55.24851786178756,44.58101043569206,31
wind_323626,3,17,50.446301000000005,46.18793652056076,54.65018907798149,44.031133913837394,31
wind_323626,3,18,51.396911903225806,45.94295911340562,60.09166701521726,47.55614823471102,31
wind_323626,3,19,50.9204384516129,46.363299568010696,60.68793093933993,46.48849382593555,31
wind_323626,3,20,53.966281419354836,47.166726898606015,62.353397791237974,46.44217980325581,31
wind_323626,3,21,55.35546587096774,48.47805172312797,61.915889341443915,43.66123166972286,31
wind_323626,3,22,49.66278161290322,42.01763633641228,59.012393703529234,42.73908205982704,31
wind_323626,3,23,54.572196870967744,41.60147225838418,58.66292464792352,43.62839443294893,31
wind_323626,4,0,45.269553433333336,42.96182195093078,45.30108204673752,42.54040047435172,30
wind_323626,4,1,48.86052883333333,44.73720803923104,47.71627080703522,42.5285642869369,30
wind_323626,4,2,43.840316266666676,42.23663504302581,46.86111597556516,42.41484152818695,30
wind_323626,4,3,42.43094336666666,39.88589382145447,43.86857514381536,39.461650037220494,30
wind_323626,4,4,47.33809023333332,42.794770916145644,46.639966917634744,41.89547516986577,30
wind_323626,4,5,49.26328976666666,43.26087860086059,47.29183813308445,42.41260277972697,30
wind_323626,4,6,49.286802933333334,41.42046323051455,50.31618384575527,42.74832027201091,30
wind_323626,4,7,44.1708325,37.94461380114573,49.674036609916456,42.771436556519305,30
wind_323626,4,8,44.34898993333333,39.15478908249471,48.30995205968555,42.52032985602185,30
wind_323626,4,9,44.423579,37.31908914696914,51.175236177569516,42.99299596783771,30
wind_323626,4,10,45.32148280000001,42.768426854251416,50.78783860577857,42.49115089869221,30
wind_323626,4,11,43.38690343333333,41.452813629773964,48.42467807273615,43.779149377347146,30
wind_323626,4,12,44.24049433333333,44.20879691893362,47.34295348971419,43.1660525247959,30
wind_323626,4,13,40.388917799999994,40.34545887101151,45.57758018714367,45.25576254900823,30
wind_323626,4,14,43.24232013333333,44.70726737437604,48.11217052941095,46.42661622013166,30
wind_323626,4,15,46.64836396666667,48.509520115212226,52.265603998230056,49.62217407233452,30
wind_323626,4,16,51.77017933333333,49.65540978230842,57.8423334772516,50.02023545655361,30
wind_323626,4,17,54.48148156666666,46.34710584196762,60.380108622497346,49.71816146314197,30
wind_323626,4,18,52.1903029,48.64019761558663,58.72355955641294,48.84955354974588,30
wind_323626,4,19,52.509506800000004,46.52714201644154,59.516396999422135,49.30653892070781,30
wind_323626,4,20,57.509703866666655,49.9336274835328,61.11148504269238,49.09377661196334,30
wind_323626,4,21,53.85720043333334,47.12918395538812,57.41975316124373,48.534469049352225,30
wind_323626,4,22,43.99229456666668,42.93289778204303,53.28404292958874,48.390205173310974,30
wind_323626,4,23,42.20872536666666,38.51009848789448,49.07071060649796,43.04606919067476,30
wind_323626,5,0,22.55662793548387,32.5185249042522,25.46103063501263,31.992814253277785,31
wind_323626,5,1,26.68931367741936,36.804008123827124,29.925052365040575,33.94191959459905,31
wind_323626,5,2,28.679582193548388,33.71219180649036,31.606092693920154,37.85542336288643,31
wind_323626,5,3,32.6186004516129,34.87704443187319,32.603239783327076,38.06501191221169,31
wind_323626,5,4,31.925416709677418,37.542613563765364,32.172613448364224,38.25640549435394,31
wind_323626,5,5,34.925995451612906,39.10135273891839,33.91402555417693,40.23704064044711,31
wind_323626,5,6,37.35226558064516,39.34855828733562,36.427692494623706,43.03013059735441,31
wind_323626,5,7,34.88822593548387,39.45818280872601,35.91381580803022,40.47726042533597,31
wind_323626,5,8,34.744121,40.03419140543468,34.59154825809667,38.88077548177029,31
wind_323626,5,9,33.7364114516129,40.33692264207641,33.063152990478066,36.78316226565976,31
wind_323626,5,10,31.93593406451613,38.21600659524443,35.690716756600885,40.63755848030732,31
wind_323626,5,11,29.05063203225807,35.99474915687668,35.237898228875565,40.007632401982114,31
wind_323626,5,12,22.624433548387096,34.454678149490924,29.328269923579168,37.963190320463234,31
wind_323626,5,13,21.910404838709677,34.348427646438054,25.84544749455281,36.26820748359638,31
wind_323626,5,14,21.33650522580645,36.31844384745192,24.155381550366897,35.71330464570417,31
wind_323626,5,15,23.12653764516129,36.48728106920314,24.17684201433393,35.81614913636303,31
wind_323626,5,16,23.69363022580645,37.603206432773526,26.9396728081822,39.037486548513776,31
wind_323626,5,17,24.494941580645158,36.37505577256838,27.38792225556036,35.60359478259328,31
wind_323626,5,18,25.306499903225802,36.61960804270965,28.0529497523355,37.013422744660595,31
wind_323626,5,19,24.753853741935487,33.49267502500703,29.389267144313475,34.85630538152797,31
wind_323626,5,20,24.392713225806453,29.39245432936656,30.994951636134846,38.939046446762944,31
wind_323626,5,21,24.592990709677416,30.37789802763825,28.335958639373636,32.40654748887431,31
wind_323626,5,22,23.32792764516129,29.671117116879945,24.744971208740644,31.497456898170242,31
wind_323626,5,23,21.99364112903226,34.13452123689858,22.8355422800944,30.579125936413174,31
wind_323626,6,0,26.91579860000001,37.05377523876369,24.606136845974728,30.31007169066103,30
wind_323626,6,1,24.9905257,33.802308303521194,23.39734761016023,27.70786234016281,30
wind_323626,6,2,27.0605826,37.54782632441692,24.804547444697718,28.759429101377446,30
wind_323626,6,3,30.62684133333333,39.075000705638956,27.93423956463066,32.6434766926278,30
wind_323626,6,4,32.68053353333333,38.34552736415777,30.193567632186085,33.58457050377069,30
wind_323626,6,5,34.70231999999999,36.92686749586653,34.72393266548725,35.060698415458184,30
wind_323626,6,6,41.506763666666664,38.909926097028446,35.512727070539654,30.95090692870378,30
wind_323626,6,7,47.08289136666667,40.27019216995742,40.72036096340206,34.215915401775376,30
wind_323626,6,8,40.91127176666666,37.963633877236774,41.398749452109186,36.448735089888444,30
wind_323626,6,9,40.40216573333334,33.34418659450112,39.065552474389435,33.739643701183724,30
wind_323626,6,10,33.683965799999996,31.393888082893557,33.210501933695454,29.173185507248682,30
wind_323626,6,11,31.5709027,29.06058027228528,32.5081083469489,31.596300456731775,30
wind_323626,6,12,25.852000966666665,33.40377485965279,27.66115506104827,29.574096965130742,30
wind_323626,6,13,25.590785033333336,37.01284793274011,28.932562361085044,37.57527030266676,30
wind_323626,6,14,30.298808066666663,41.5300942525395,32.24207532666557,41.608186736362946,30
wind_323626,6,15,29.0342498,37.17570915174796,33.32165679710279,42.61168638218373,30
wind_323626,6,16,30.64170086666667,40.45011028339973,40.12764786619767,49.6413068579801,30
wind_323626,6,17,34.432866466666674,42.54753359900189,41.62141710654857,51.033684953438886,30
wind_323626,6,18,34.490837166666665,41.968098854533444,45.74916791568641,50.937648442134176,30
wind_323626,6,19,38.27055393333333,46.83406797379209,37.16622874832387,47.14169949206022,30
wind_323626,6,20,34.64442713333334,42.24604991442347,40.114692753494644,47.89307433026071,30
wind_323626,6,21,37.55391699999999,47.028252011793576,33.0873682347611,36.946889764226086,30
wind_323626,6,22,31.799954466666673,41.60458167578071,38.827722839082405,41.3749433261758,30
wind_323626,6,23,29.412547566666667,38.148261461050616,30.821621896862325,35.008870964145466,30
wind_323626,7,0,15.287366838709676,27.94783561704446,17.83754338244853,29.219654338576095,31
wind_323626,7,1,15.158777774193547,27.498370500494005,17.61467249170191,27.115577380611928,31
wind_323626,7,2,12.982704193548386,16.52333019733562,16.0473188882258,20.68999110296577,31
wind_323626,7,3,13.728232774193549,18.356965597410763,14.765429896845214,18.888434388531895,31
wind_323626,7,4,15.026523774193551,16.353378031582746,15.750863470163438,22.45660162471985,31
wind_323626,7,5,15.510741,17.588988169765372,15.386445939776651,22.30265298612964,31
wind_323626,7,6,17.965414580645163,21.15371949608482,16.446581273756248,21.942403093077044,31
wind_323626,7,7,19.640907838709676,21.26985684022721,15.981533250273866,21.19023991314547,31
wind_323626,7,8,19.523167580645158,22.86512611495507,17.146927591637127,21.752545802977362,31
wind_323626,7,9,19.061867548387095,18.217569214440513,19.136605248081448,22.092746355238084,31
wind_323626,7,10,13.802903580645161,14.141428768935146,21.577334224455356,25.587918269504566,31
wind_323626,7,11,14.622259,17.049662347125757,20.282704031590903,24.72029901371976,31
wind_323626,7,12,11.29845722580645,15.492957708659743,17.47990890548556,23.560156270111577,31
wind_323626,7,13,10.161320322580647,18.522436184749225,13.346245136137918,20.668134450536275,31
wind_323626,7,14,10.340697935483872,15.144505326215217,11.908481212930566,18.0757436086154,31
wind_323626,7,15,9.413563483870968,16.382331777142333,12.46719898276486,19.408078662824103,31
wind_323626,7,16,12.708993903225807,21.76455187125854,12.368231738590888,24.00080275422883,31
wind_323626,7,17,14.319970225806452,22.15965172773034,15.114529080564491,27.597331535343372,31
wind_323626,7,18,15.984914032258061,28.155525880300875,16.958477121001284,29.132192563125848,31
wind_323626,7,19,15.553154354838709,27.71567330545074,18.300820052967328,30.451007029739742,31
wind_323626,7,20,18.075123806451614,31.11084509125527,18.02455608288372,27.558774869447806,31
wind_323626,7,21,12.570248645161291,21.010415102845524,16.40186744838599,21.88774673692472,31
wind_323626,7,22,10.878772032258063,17.60638424849489,14.34745897482237,21.689322071682472,31
wind_323626,7,23,10.278088032258065,18.974508659247103,13.643569400223969,22.746387539434867,31
wind_323626,8,0,20.928906516129032,25.899005996088786,22.082255456864477,24.561720782124578,31
wind_323626,8,1,22.916192548387098,25.50261354776237,25.142804181483896,24.85190251244852,31
wind_323626,8,2,25.289197516129033,29.408138918089058,27.21160420618777,28.400250634717853,31
wind_323626,8,3,25.275148419354835,32.12183318708667,26.445526843925517,31.235001258833236,31
wind_323626,8,4,22.512161580645166,24.61222758833243,25.667039661173696,30.931205830870862,31
wind_323626,8,5,23.5041814516129,25.48741106112595,26.933557734972307,31.19135370518014,31
wind_323626,8,6,24.011951870967742,23.22758649139722,24.758089946236613,31.31074381169459,31
wind_323626,8,7,25.484321419354846,23.651640690870916,22.32431097891796,27.097301393197174,31
wind_323626,8,8,23.106381354838707,20.550409371596412,21.85400519147973,23.54281571322916,31
wind_323626,8,9,23.413740322580647,19.758232534505485,23.089608670998572,21.734088601219664,31
wind_323626,8,10,18.588641903225803,15.196738022576698,23.584431610305245,19.29163495618427,31
wind_323626,8,11,18.3765444516129,16.554911427185143,23.107274047107175,19.74456415608163,31
wind_323626,8,12,15.704655677419352,19.016424094359866,18.20297098375615,16.17949987493179,31
wind_323626,8,13,13.174894387096773,15.246820068372529,14.693505436312606,15.880675418819758,31
wind_323626,8,14,13.845294064516128,16.054646835591466,14.702531223475251,18.268500140088804,31
wind_323626,8,15,14.991394064516127,18.642543592974835,16.39447698707452,21.090730678718668,31
wind_323626,8,16,18.262526677419356,21.302419048701644,15.69989315195896,20.83911567592001,31
wind_323626,8,17,18.319156709677422,22.393784195852543,16.818430319617136,21.179204564213183,31
wind_323626,8,18,16.665973548387097,23.390788010599564,23.27825942908371,28.734235974387687,31
wind_323626,8,19,15.98850306451613,19.885295352339263,25.217298373258593,31.359857298039497,31
wind_323626,8,20,21.352039741935492,30.201038431350764,23.661138865191532,30.90490216494473,31
wind_323626,8,21,23.372845935483866,33.287896508433015,24.796284748797326,29.75119849626102,31
wind_323626,8,22,19.521482322580646,26.054226749710068,20.58165477172391,22.355301001130425,31
wind_323626,8,23,16.78977548387096,20.88792792559741,19.435462182228623,23.853983322689064,31
wind_323626,9,0,20.77966293333333,26.680539503354268,26.75962729248184,31.462736701966605,30
wind_323626,9,1,22.0322947,25.781135020958754,28.168160404939623,32.37759360170683,30
wind_323626,9,2,28.25795643333333,30.98446990460613,27.61020366282246,31.70929185436096,30
wind_323626,9,3,28.3265219,33.650091423867295,28.86681883584218,31.569783377787754,30
wind_323626,9,4,29.7876308,30.888291642972085,30.78626107687133,34.661483365184,30
wind_323626,9,5,30.0461505,30.106545728991094,30.314704908959023,33.07757563644406,30
wind_323626,9,6,34.0506907,31.627342828033385,33.77243744580154,32.96599415138512,30
wind_323626,9,7,37.859378633333336,30.859055932514046,31.468393579488257,28.134511599419906,30
wind_323626,9,8,34.549485999999995,29.336181069488276,31.199514559663427,29.39395841490173,30
wind_323626,9,9,31.13701123333333,28.86867761145261,33.496814495616185,29.84628289031887,30
wind_323626,9,10,27.32943116666667,29.57921369116842,33.152641316838654,30.190716881340215,30
wind_323626,9,11,24.6697176,26.49038869456229,32.30776437305797,30.01929489219523,30
wind_323626,9,12,24.377571866666663,23.747735874996838,30.051447952571895,29.06274272220504,30
wind_323626,9,13,17.426216566666668,19.301890740464486,24.971795523934865,28.888666353013445,30
wind_323626,9,14,17.794313499999998,27.83934910724713,21.249478164800852,30.61923568442384,30
wind_323626,9,15,21.45663393333334,31.253891474298687,22.118987553852186,35.67746050289127,30
wind_323626,9,16,21.874335766666665,34.17168522015789,21.295447911535852,35.005940981861166,30
wind_323626,9,17,19.857727766666667,33.59026567894895,22.105779400255983,34.59597923422188,30
wind_323626,9,18,21.3139986,34.78047246600615,24.76130229937167,39.254353919072756,30
wind_323626,9,19,19.793924433333334,33.28945845412949,26.103052978289245,40.790482429271634,30
wind_323626,9,20,22.624044700000002,37.22449041701049,28.073875932498503,41.98166112855319,30
wind_323626,9,21,21.19279433333333,33.82907819044846,25.285337268426904,38.697288256307786,30
wind_323626,9,22,18.886597866666666,31.87358603056494,22.147875220328544,34.1535310331643,30
wind_323626,9,23,17.4027019,27.807535393041256,22.08053848097059,31.430704504130208,30
wind_323626,10,0,38.47044706451613,40.50459298209423,36.9689170060611,37.25110337123588,31
wind_323626,10,1,42.240705387096774,43.008981544756445,41.58162417091934,40.82988536655281,31
wind_323626,10,2,37.56371741935484,40.64126473201678,41.695864072407886,40.30231704364204,31
wind_323626,10,3,41.79039387096775,39.857258699813634,45.09629431475708,41.82550637338628,31
wind_323626,10,4,39.40295167741936,42.833430086787196,42.41026751629778,43.34800503127092,31
wind_323626,10,5,40.17829241935484,42.347588176162354,42.0767066239261,42.5384643093268,31
wind_323626,10,6,39.27110306451613,43.00805316535591,42.580836946095054,41.342201541954715,31
wind_323626,10,7,38.82534883870967,43.29244256645521,41.76597237693374,41.69600883685237,31
wind_323626,10,8,36.55939335483871,40.67649436210811,42.37509059857089,41.07283799528097,31
wind_323626,10,9,38.43416019354839,39.8567333341529,43.356297628929575,40.234464563656175,31
wind_323626,10,10,36.07010261290323,38.774517856453706,42.1618666614793,40.117388565986474,31
wind_323626,10,11,35.51646887096775,36.106818179007995,41.56477528059207,38.842140479378685,31
wind_323626,10,12,38.187107032258076,39.67571490751315,43.08268463930623,37.3634280023209,31
wind_323626,10,13,36.13376683870967,37.382760864352655,37.96554982335691,35.037400975612535,31
wind_323626,10,14,29.53279883870968,31.12899954214643,35.080725804458396,34.9515864455572,31
wind_323626,10,15,29.314550838709682,32.13768767182665,34.232566942865745,35.70515441214546,31
wind_323626,10,16,30.74636925806452,34.9263108457903,42.46727096712339,42.86456150476737,31
wind_323626,10,17,34.1473499032258,38.79727481826686,43.75695044903479,43.144541396981495,31
wind_323626,10,18,33.72113954838709,38.01392613084026,48.59660332504217,45.698864103424306,31
wind_323626,10,19,37.9333924516129,41.111679528075,48.71533803784435,47.16046915484651,31
wind_323626,10,20,35.39098425806451,34.93542941261845,46.392401414187276,44.54903478968036,31
wind_323626,10,21,38.94281358064516,40.58372302249128,43.27303999615555,43.2144695058436,31
wind_323626,10,22,37.57637629032258,40.66791615314071,40.67203463341885,40.72653676431657,31
wind_323626,10,23,39.55641867741935,42.747834218355884,43.913478130505226,42.21767623608183,31
wind_323626,11,0,65.16722409999998,43.01931419804686,67.16495509599662,42.7939583169993,30
wind_323626,11,1,68.48166506666666,44.7843863175884,66.83314684446962,43.15772994096127,30
wind_323626,11,2,70.38029826666667,44.89787165978429,68.56220572865958,43.865670306425336,30
wind_323626,11,3,70.07767886666666,44.344758952118504,69.98208844715072,43.34383453604886,30
wind_323626,11,4,68.20668973333333,45.53325049697313,70.4007335912552,45.35498025291376,30
wind_323626,11,5,69.83022603333333,48.68070159397335,69.5271666551851,44.33590168178081,30
wind_323626,11,6,64.76421573333333,47.1240791716963,67.96410994359492,46.78265804294767,30
wind_323626,11,7,64.63835609999998,48.450999669389894,66.51555325674843,48.62985995289122,30
wind_323626,11,8,63.08292300000001,48.15613844558783,63.257283109543586,50.70976652140084,30
wind_323626,11,9,66.1790746,50.776791399536904,64.73336649889202,51.36868178583456,30
wind_323626,11,10,61.9944492,49.53701569026952,63.97182772978271,51.65670256941158,30
wind_323626,11,11,60.58740926666667,49.1351546126406,64.03290198426468,51.587449986699085,30
wind_323626,11,12,59.76378450000001,49.820380899662354,64.0651835731759,50.65459153432567,30
wind_323626,11,13,57.25982073333333,47.98542706273731,66.05853588101455,51.507570284909235,30
wind_323626,11,14,54.844625066666666,49.238629516667736,65.17388732593442,51.7912916669831,30
wind_323626,11,15,55.91318486666667,48.90208412383052,62.84630947691494,50.97630389027601,30
wind_323626,11,16,59.43604026666666,50.33203210073091,62.38508912509831,50.068481251025275,30
wind_323626,11,17,54.068702166666675,49.1096984273049,63.25161910583816,49.91862431790844,30
wind_323626,11,18,53.2742724,45.697899027912946,64.99617397502972,50.03278839651994,30
wind_323626,11,19,54.34185513333334,44.007514619299414,64.4903458394015,50.105788351547844,30
wind_323626,11,20,54.755956266666665,47.810546125579755,63.095926914293635,48.995118512496205,30
wind_323626,11,21,51.11235016666667,42.91705835425613,64.49462941225627,50.054108703767966,30
wind_323626,11,22,50.89612459999999,42.930509050591695,62.41144936636543,48.268399204277145,30
wind_323626,11,23,62.18276933333333,43.33055339440553,64.9336729339091,45.124213638161926,30
wind_323626,12,0,74.34440361290322,49.85616321514617,74.35054768672855,48.094792612815866,31
wind_323626,12,1,71.35605722580645,49.84421090458285,71.1626649433666,51.15978562637267,31
wind_323626,12,2,69.97383651612901,49.922032042875756,67.79035193644742,50.19915638678821,31
wind_323626,12,3,64.84521825806452,49.00149691245806,69.14694754689855,50.95186440667551,31
wind_323626,12,4,62.481956000000004,50.59878811673641,66.4778296172533,50.44284581165368,31
wind_323626,12,5,60.89032741935484,48.34896126746085,67.67083915936604,50.30057669980536,31
wind_323626,12,6,61.05812219354839,48.533608781287555,66.22686273126095,49.67271166927825,31
wind_323626,12,7,60.861986548387094,46.753506758947545,64.04899684310642,47.60554586702467,31
wind_323626,12,8,59.68197654838709,46.98848127620824,65.25058756298101,47.953822115986426,31
wind_323626,12,9,58.755162999999996,44.42799738113532,64.21500830347568,48.065431170051056,31
wind_323626,12,10,59.255653774193554,45.337824706458555,59.37220831597731,48.11601184551213,31
wind_323626,12,11,55.77218174193548,40.0542668068572,55.16637092662761,44.61892541873812,31
wind_323626,12,12,54.427393580645166,41.74702595372791,57.52341157075464,44.74822735827037,31
wind_323626,12,13,53.59855351612903,42.92239067039116,59.68495883422202,44.79848954299027,31
wind_323626,12,14,53.603821677419354,43.79001748295021,57.93757406801527,45.58915844419232,31
wind_323626,12,15,54.99638529032258,44.82870425892524,56.79524150664292,45.51437082204054,31
wind_323626,12,16,52.81385912903226,45.23014804182773,58.362636235551335,47.463401816485735,31
wind_323626,12,17,54.6967045483871,48.26797647356892,59.583110230217,48.718546816689994,31
wind_323626,12,18,57.339709032258064,46.303729695286044,59.18210263297113,48.237159409594604,31
wind_323626,12,19,56.21552367741935,48.143336837721,56.43232376327643,47.93100313312099,31
wind_323626,12,20,58.256403741935486,49.24014175246709,58.157816181954885,47.67488482254196,31
wind_323626,12,21,60.95387067741937,49.31968973340259,63.23932179184952,49.152591019789895,31
wind_323626,12,22,65.89298570967742,49.84261631921516,67.81557253113577,48.90541387303339,31
wind_323626,12,23,66.98211880645161,50.21006029595944,69.52337506213107,49.912121099496716,31
wind_323673,1,0,34.532684870967735,29.559450977502536,34.2738803542607,30.09811513834023,31
wind_323673,1,1,32.31581174193549,28.281058689877703,35.02166502014166,30.09289475213824,31
wind_323673,1,2,30.331364483870964,26.85948516507443,34.33118871168497,30.407368914958948,31
wind_323673,1,3,32.684707225806456,27.76499210510937,33.60300671511903,29.576327880214187,31
wind_323673,1,4,32.7904183548387,27.895415761330426,34.42621785763782,29.792795817083345,31
wind_323673,1,5,32.852974838709684,28.1293141865374,34.46612706541999,30.065576167706173,31
wind_323673,1,6,31.55576848387097,27.72461601984043,34.337312581863664,29.773901268620087,31
wind_323673,1,7,30.067083387096773,26.37537438438558,32.570949277856904,28.242060360624503,31
wind_323673,1,8,31.37467258064516,25.02658954353209,32.98877734897583,27.699383354942217,31
wind_323673,1,9,29.612187580645166,24.82770765627872,34.91923336653787,28.081118152092778,31
wind_323673,1,10,28.495580129032255,25.371400802505487,34.01458047709484,26.798552705648593,31
wind_323673,1,11,29.048489000000004,24.379165486740963,31.45169498271381,25.263164279136063,31
wind_323673,1,12,27.475538096774198,24.011836825029214,30.39314867580097,25.227970669050567,31
wind_323673,1,13,26.892522483870966,23.793377404491924,29.609915894197606,25.842542100370505,31
wind_323673,1,14,22.247860741935483,22.156099122505623,26.684125022031044,24.414670520615886,31
wind_323673,1,15,18.545605516129037,23.843726929921736,26.786834681465102,25.52813999990315,31
wind_323673,1,16,18.86865777419355,23.261832966852026,26.595588324351123,25.524271597727704,31
wind_323673,1,17,22.372057870967744,24.9820921837957,26.733418957024643,25.287750757477856,31
wind_323673,1,18,22.74704374193548,26.724377705972447,26.1560303336552,26.316884638396807,31
wind_323673,1,19,23.277277096774196,26.35661550087748,27.06086160985056,27.31484333951824,31
wind_323673,1,20,26.823363677419355,29.18227179449456,27.95129680503717,27.907627014554585,31
wind_323673,1,21,29.223168,28.75956334850454,31.53070995070393,29.82832749120021,31
wind_323673,1,22,29.436723483870967,28.749253994736872,32.03894628918621,29.89597188894735,31
wind_323673,1,23,32.872200193548395,29.76986313496608,32.90551838603724,29.889806716767705,31
wind_323673,2,0,22.982063586206895,22.509539580310246,23.931350552176507,21.122596954337293,29
wind_323673,2,1,20.08053548275862,21.701776502147204,22.716643327995627,22.178944611530184,29
wind_323673,2,2,20.278435379310345,21.501976636500903,21.160966834371987,22.85020481041446,29
wind_323673,2,3,20.277704241379308,21.27991860083083,21.223328113445643,23.492133471659287,29
wind_323673,2,4,23.112599724137933,25.49836780342528,22.40936305992185,24.825740813425046,29
wind_323673,2,5,21.712586896551723,25.429961683541773,25.099931921948677,27.101474906720373,29
wind_323673,2,6,20.647955551724138,23.016783448934348,22.86838204435931,26.055708253057848,29
wind_323673,2,7,22.473599655172414,25.685652797551086,21.75997800636258,24.767452987639913,29
wind_323673,2,8,19.82708965517241,24.166399949228435,21.977519239423373,25.11685010825594,29
wind_323673,2,9,18.698980862068964,23.651120198220067,20.958488680225045,23.67652997170631,29
wind_323673,2,10,17.495681206896553,22.561872139465567,20.657550433108103,23.66788076531174,29
wind_323673,2,11,18.546420172413793,22.488992475684174,22.93195851113359,24.736255823289124,29
wind_323673,2,12,17.62082772413793,20.963648962297583,22.32890939698411,23.2302343117636,29
wind_323673,2,13,18.91065420689655,20.813920074155096,21.067408372954773,22.87028731563023,29
wind_323673,2,14,16.504092206896555,19.775579901319006,21.02921535813147,25.41400281981225,29
wind_323673,2,15,15.774758586206895,21.853716022044186,20.82906232372092,25.66464582361078,29
wind_323673,2,16,16.16005044827586,21.70919320260302,21.322352062801716,26.143547782051325,29
wind_323673,2,17,19.45891475862069,24.05118896580109,22.275592982909455,25.936265484214818,29
wind_323673,2,18,20.206072344827586,23.60913978154642,23.238801620790902,26.03291165804327,29
wind_323673,2,19,21.72993089655173,25.55102289696789,23.12861152581602,25.25313831209628,29
wind_323673,2,20,23.80727303448276,25.923360644159157,21.933233902122435,22.647994607300543,29
wind_323673,2,21,22.526340758620687,24.489894127189068,24.40157773322148,23.317408839100327,29
wind_323673,2,22,21.00545155172414,22.123233280939864,26.71766336142974,23.97568511334295,29
wind_323673,2,23,26.046963000000005,24.373986075301293,29.877610665088874,24.272528727918257,29
wind_323673,3,0,34.19084790322581,29.897399250269366,36.80434539174367,29.645591120110286,31
wind_323673,3,1,35.41000954838709,29.095189130558666,35.89207026320613,29.405734618415902,31
wind_323673,3,2,37.562138741935485,28.825853893326084,35.02007703371609,28.492443498835907,31
wind_323673,3,3,37.46201832258065,28.266250372307997,35.14153144646856,26.686065160626946,31
wind_323673,3,4,34.907797580645166,26.665682183972827,35.76260125712716,26.280881286884973,31
wind_323673,3,5,32.45047658064516,25.830142768196215,35.54548852522411,24.873902271131392,31
wind_323673,3,6,31.65302380645162,24.20357021156023,35.83015387019033,24.46565685000654,31
wind_323673,3,7,32.396965709677424,23.42377252018435,35.91731147507427,24.859669952672732,31
wind_323673,3,8,30.92076664516129,23.872085833266624,30.661968108075055,23.38270363978459,31
wind_323673,3,9,30.555277580645164,24.718266754080872,31.582054868930626,23.84897833422078,31
wind_323673,3,10,28.642460322580646,24.719550042012084,31.260310204171915,23.565068634623586,31
wind_323673,3,11,28.534379516129032,25.073880116324286,34.2299629170034,24.391634857973504,31
wind_323673,3,12,32.20069151612903,25.859562315489843,35.050241201191845,26.757864355233032,31
wind_323673,3,13,29.613895741935487,25.786551720826914,31.395687894175115,26.629291846280644,31
wind_323673,3,14,29.54904106451613,26.802219136740455,30.036770562002214,28.15668661326116,31
wind_323673,3,15,30.27703919354839,27.99191550625303,30.549088413996106,28.72647525412261,31
wind_323673,3,16,27.599175806451612,26.685582760808153,30.34900261144679,28.62691989243389,31
wind_323673,3,17,28.268210741935484,28.254788150706315,30.565856195992577,28.269532989184032,31
wind_323673,3,18,27.40394435483871,28.492346384050514,34.20079390343803,28.499866128141228,31
wind_323673,3,19,29.113871709677422,28.459497899771485,34.62475606748421,29.10599251266662,31
wind_323673,3,20,27.687172129032252,26.70548633192779,35.45380848138839,30.121599008874057,31
wind_323673,3,21,30.35373735483871,28.355318858500556,35.050110387266265,29.449275067727932,31
wind_323673,3,22,31.791745193548387,28.559816516995106,33.98509617441959,29.09336063972987,31
wind_323673,3,23,32.48576525806452,29.502475527463076,32.74744894721106,27.87600162191772,31
wind_323673,4,0,29.091913566666666,24.055642762855133,25.4707009820712,22.14188513252156,30
wind_323673,4,1,30.83395893333333,24.203963473819584,31.01131614364162,22.208016566699875,30
wind_323673,4,2,28.34105333333333,25.113590885037976,30.851857550947216,23.201806919318948,30
wind_323673,4,3,30.7777038,25.022143852698278,29.960502134629948,23.443197364773557,30
wind_323673,4,4,27.9266158,24.02438335496042,29.66950292738901,25.913205465167216,30
wind_323673,4,5,23.895478233333332,25.667985263267695,25.627677440347814,25.832846645726473,30
wind_323673,4,6,24.602004566666672,25.86770579844244,25.05901296807932,26.19035312669053,30
wind_323673,4,7,23.99992136666667,25.647263954185647,25.20217316728505,25.364444601964237,30
wind_323673,4,8,21.580216833333335,22.938245578883077,25.091043857479182,25.438181821757247,30
wind_323673,4,9,22.7005514,23.634564174448187,22.981709459730343,22.701625994611685,30
wind_323673,4,10,23.23611843333333,24.4036412344047,22.615987687038736,23.41236404151896,30
wind_323673,4,11,24.787369966666674,24.935198287760894,24.495834494053078,24.684242853709275,30
wind_323673,4,12,23.92756016666667,25.313780918992506,24.3188903321936,24.477315612157366,30
wind_323673,4,13,21.394847333333335,24.750101566258188,25.367722162081705,25.7884099596131,30
wind_323673,4,14,22.007090466666664,22.474368494558405,26.02590062806217,25.285842587775953,30
wind_323673,4,15,23.009824933333334,23.517709473732616,28.92154402158072,25.457746388828973,30
wind_323673,4,16,21.71853633333333,20.5562238325143,30.261088246854435,26.367123654389182,30
wind_323673,4,17,23.791195766666668,21.570660471778897,30.178189278039977,25.46668791605198,30
wind_323673,4,18,26.1820313,23.56588050720925,32.02387227133713,26.396399735267607,30
wind_323673,4,19,26.665101266666667,24.80161474652153,35.1662179788038,28.650862490568432,30
wind_323673,4,20,25.55375893333333,25.942619051095186,33.68211625131401,27.389711083051463,30
wind_323673,4,21,25.452763699999995,24.08292446628015,29.349986950723558,25.85591829000384,30
wind_323673,4,22,23.473878133333333,23.90604821481473,28.990218940033913,24.901194050954032,30
wind_323673,4,23,25.1653188,22.845049417402542,28.46034338425518,23.2749606644714,30
wind_323673,5,0,12.894185161290325,13.847210463544293,15.022209742425753,17.11245946586729,31
wind_323673,5,1,10.326862935483872,11.902270196558078,14.545016778741699,14.743869390891502,31
wind_323673,5,2,10.942177032258064,11.891361188317502,13.63458493843727,10.157314416659943,31
wind_323673,5,3,10.089516225806452,9.149390095289514,11.851671155827306,11.075461276673012,31
wind_323673,5,4,9.524923645161289,8.538499744169053,11.10054327250716,13.064812398251798,31
wind_323673,5,5,10.321521838709677,9.263413475282565,12.533537261622646,14.061997066062425,31
wind_323673,5,6,13.256955516129032,16.115624729596004,13.01973824452066,15.86692366860683,31
wind_323673,5,7,12.269842806451612,14.64559405927505,13.258354895600798,16.281206091296752,31
wind_323673,5,8,12.03899206451613,16.633158119784575,12.298246888592319,16.260530700082764,31
wind_323673,5,9,13.451339419354841,16.133032888840894,12.607955195802212,16.44088723618704,31
wind_323673,5,10,12.880550225806452,16.483684417663607,13.202483923618544,16.823159428299984,31
wind_323673,5,11,10.286237741935487,14.706708652617083,11.293705364479974,17.75393640182853,31
wind_323673,5,12,9.19414522580645,14.322294781849905,11.120454351595747,20.058178739294572,31
wind_323673,5,13,9.528254838709676,15.536292879217918,11.020357821690698,19.018068846645736,31
wind_323673,5,14,9.218067903225805,14.576805815406543,12.131384860482962,18.39095676677739,31
wind_323673,5,15,12.841455580645162,19.420588840848726,12.605972572047412,16.81430820203888,31
wind_323673,5,16,11.62045677419355,18.69436470949957,14.378362783650175,20.01578071025717,31
wind_323673,5,17,13.643298161290323,22.234139127911565,16.057759756086806,21.70833812533699,31
wind_323673,5,18,13.570302838709678,22.41848116157203,15.335952780819909,20.780215362999,31
wind_323673,5,19,14.215911967741935,22.190544013885997,15.392179601669058,20.735959037107083,31
wind_323673,5,20,13.882073290322582,20.988491137027445,15.217220247392966,21.16875646813789,31
wind_323673,5,21,13.63100929032258,21.003196559628783,16.133057529655584,20.930334122306665,31
wind_323673,5,22,13.407818129032258,20.228487349775353,13.91032088593995,16.068361763277274,31
wind_323673,5,23,12.449092,15.88177962276033,15.332606056659449,18.39521787810094,31
wind_323673,6,0,17.35904603333334,19.58220480178449,17.63694827124417,16.504085624410088,30
wind_323673,6,1,16.111071600000002,16.28183846142077,15.836890931133585,15.42970289513445,30
wind_323673,6,2,13.826829366666665,13.598667214219187,16.620147005563485,17.800933406365974,30
wind_323673,6,3,14.067192266666668,15.511629929113532,15.303051048873106,15.53189767374583,30
wind_323673,6,4,13.861392633333335,17.47499824967713,13.530687024834531,16.032158259941443,30
wind_323673,6,5,14.892473799999998,18.49111050318462,16.692308418271445,18.020735701092196,30
wind_323673,6,6,12.4702615,15.431815896348645,14.09030954340854,15.619383497253663,30
wind_323673,6,7,11.475087366666665,15.633155653765616,12.723465122653325,15.838918893347655,30
wind_323673,6,8,11.553792033333334,16.62738905756684,9.515416490867896,14.11911346781527,30
wind_323673,6,9,12.370464933333334,18.022262445160372,9.664766125693415,15.086814682321702,30
wind_323673,6,10,8.812902866666667,14.877338458070609,8.533998352488295,13.114260283006145,30
wind_323673,6,11,9.768168866666667,14.034987562668078,8.827247879261,14.955289244361953,30
wind_323673,6,12,7.378519600000001,11.981611159419092,8.719835174796374,16.05652415502442,30
wind_323673,6,13,7.986175899999998,12.128469092738236,8.684767086225833,15.93180576394452,30
wind_323673,6,14,11.812232400000001,20.12731910328752,9.724578890555797,16.430427859469937,30
wind_323673,6,15,13.665423566666666,20.149624378834265,12.606982104018304,19.20887209125948,30
wind_323673,6,16,15.212668666666668,21.198781363707912,13.95447311500613,20.19030454807561,30
wind_323673,6,17,18.601128166666665,25.52947468968523,17.220631442552342,23.97846325801293,30
wind_323673,6,18,19.357295866666668,26.16037550278301,15.86611395505826,22.204407576075923,30
wind_323673,6,19,21.496220399999995,26.331647486337946,17.802171106366966,22.314268184838408,30
wind_323673,6,20,19.17028463333333,24.11200264898217,20.35724799681331,23.93475405769781,30
wind_323673,6,21,19.9835585,24.237733098660694,19.93104121112974,25.05900495983014,30
wind_323673,6,22,16.291289133333336,22.866835727591706,20.853669338566473,26.846839051066244,30
wind_323673,6,23,16.722251633333332,20.09808183656345,18.819740628321277,24.711348524011953,30
wind_323673,7,0,10.35466929032258,18.258540962440673,12.27314053285387,18.003060077422678,31
wind_323673,7,1,9.462147548387096,15.00384300962134,12.446885315188963,18.980825787848886,31
wind_323673,7,2,8.217010548387098,12.009342997016882,9.925206175900358,14.107352672372953,31
wind_323673,7,3,7.452055129032257,11.372981827965488,7.3261480055578145,11.052471281784982,31
wind_323673,7,4,5.977154580645161,7.901737165896103,6.82257828572257,10.054575920112121,31
wind_323673,7,5,5.566707,8.770094526035003,5.697005981983471,7.488980136397154,31
wind_323673,7,6,6.324351258064517,10.676950842094659,5.75967127485343,8.522747628787062,31
wind_323673,7,7,6.06428506451613,9.63703340538315,6.055967988545806,10.34226756258951,31
wind_323673,7,8,4.798042064516128,6.375872748135509,6.1484437186068925,10.211458794401468,31
wind_323673,7,9,5.196730000000001,7.496386157041494,5.434274028435368,7.353336010266883,31
wind_323673,7,10,4.548210935483872,5.683053812775756,5.863464399392975,9.192110165562418,31
wind_323673,7,11,5.245311935483871,7.01275929318454,5.487157193272482,6.830340087277023,31
wind_323673,7,12,3.357744258064516,4.898695567327728,4.393274842443502,7.169604288372955,31
wind_323673,7,13,3.3083279677419357,5.958890678548301,4.639105612099123,8.761746349522893,31
wind_323673,7,14,4.019659548387097,9.280563371531255,4.927705490748345,10.539892551996855,31
wind_323673,7,15,5.020312225806451,9.735958174528776,4.751110641269045,10.94280601903666,31
wind_323673,7,16,5.566480903225806,11.581448530642223,5.806436653800629,12.612458134838715,31
wind_323673,7,17,6.2840835483870965,12.379963066145844,6.080413504118499,11.979454535378355,31
wind_323673,7,18,7.20267235483871,14.229127336660389,9.671704182243337,17.263183278898886,31
wind_323673,7,19,7.511047129032258,14.263579990221837,8.035839392815365,13.477440079824218,31
wind_323673,7,20,8.509915903225806,14.678210170836506,9.461583102482313,13.473399766949907,31
wind_323673,7,21,9.779096,17.16294463614415,9.275091531885366,13.357284678375748,31
wind_323673,7,22,8.495568161290324,11.469946912797434,8.998459622968548,14.12600587082618,31
wind_323673,7,23,8.532893967741936,14.096444486752887,9.738535143882116,13.635799663938723,31
wind_323673,8,0,11.238514612903224,10.175841947717284,15.317717961059712,15.047458864349604,31
wind_323673,8,1,12.434716935483873,9.934739421967066,13.682842515682951,11.318132022701034,31
wind_323673,8,2,13.349349838709676,10.706053257987296,15.440560512571233,15.847313237963665,31
wind_323673,8,3,12.285858612903226,10.328853839983958,13.230769986968093,11.403744212013844,31
wind_323673,8,4,11.136354032258064,9.593481493870726,11.45557934421243,9.519289281635649,31
wind_323673,8,5,10.33476835483871,8.320655791849914,12.2025842051458,11.670321033168605,31
wind_323673,8,6,10.318117612903226,8.213306485239972,12.327766808885633,12.813495271711501,31
wind_323673,8,7,9.640699451612901,7.966745435155336,10.01412540929237,10.491902986249626,31
wind_323673,8,8,8.96373441935484,7.428725618118228,9.799371043516762,10.7021639017654,31
wind_323673,8,9,9.112197483870968,8.918600144013483,9.846000911784234,9.513756328538246,31
wind_323673,8,10,10.162861548387095,10.86876215682275,9.705649138183949,8.110104157480515,31
wind_323673,8,11,10.20880435483871,11.489241479386761,10.059548724031139,9.64602154666774,31
wind_323673,8,12,6.97147435483871,7.957102094333244,8.116896886909753,8.02206000419892,31
wind_323673,8,13,7.304811096774193,9.757613690159648,7.134654375358731,9.384362515854882,31
wind_323673,8,14,8.799408580645162,13.07215801038692,8.785516879842103,13.27254750789503,31
wind_323673,8,15,8.523351387096774,10.668536661274008,10.169024648735691,14.210899048367917,31
wind_323673,8,16,8.333006677419355,11.107743524444384,9.811115579754038,12.749178970101203,31
wind_323673,8,17,9.00976993548387,11.376995114067649,10.270515708127114,10.479016208027167,31
wind_323673,8,18,11.130240161290322,14.658699673087002,10.440849674812695,11.149300559916432,31
wind_323673,8,19,10.51552993548387,15.336990748633937,12.893992886827611,15.706731086393113,31
wind_323673,8,20,14.71659341935484,17.39305543396862,14.44057184525992,18.19142850569494,31
wind_323673,8,21,13.239949935483873,16.90172402967527,17.268159029445773,19.959903994888553,31
wind_323673,8,22,11.338515806451612,13.95962077228711,15.43295432232312,17.170775567733926,31
wind_323673,8,23,11.958839064516132,11.366994560115005,14.386518782951137,13.856407023167117,31
wind_323673,9,0,12.703473333333335,15.95616217618828,15.312596447255999,19.54662360484642,30
wind_323673,9,1,13.279467466666665,16.804043130428806,15.153128707006596,17.652534766331442,30
wind_323673,9,2,14.170051466666665,17.89171716501534,16.36388970334555,18.573898702219708,30
wind_323673,9,3,15.342692533333333,19.598460323712352,15.890543169931034,18.12516185906721,30
wind_323673,9,4,14.907584499999997,17.563131703222922,15.075220627233353,18.74948321811003,30
wind_323673,9,5,14.745970533333333,18.237690197312617,14.151644540235768,18.466410011520168,30
wind_323673,9,6,13.527037166666668,16.015627773119704,13.188625195139764,16.863411797853676,30
wind_323673,9,7,11.109218866666668,13.150488388684566,12.10072650741933,15.120452979884861,30
wind_323673,9,8,9.531187300000001,12.080441131433002,11.928434574906563,14.739467078858157,30
wind_323673,9,9,10.290025633333334,14.075674744882301,11.760586985785094,14.647347352251517,30
wind_323673,9,10,10.082406,12.741870121041908,11.060737317048002,15.086757395394079,30
wind_323673,9,11,10.144869499999999,13.812607914093679,10.534618856160876,13.932065314040818,30
wind_323673,9,12,8.329053966666665,13.03352813517364,9.911399207119,13.923837973660186,30
wind_323673,9,13,6.375863933333333,10.643545888495579,9.915856943328958,16.30936540318358,30
wind_323673,9,14,6.0649657,10.27603468821256,9.293027152722006,15.291069590750986,30
wind_323673,9,15,6.7265733333333335,11.016828734787964,10.04769232172711,17.31823353204545,30
wind_323673,9,16,9.611407533333335,15.779660000674374,10.548580817103433,17.205998869687782,30
wind_323673,9,17,9.964943700000001,15.3440385719142,10.478408130847923,17.03648359601138,30
wind_323673,9,18,9.730455466666667,16.148422191353728,10.329502535945986,16.63902877156121,30
wind_323673,9,19,8.9927161,15.186084077729625,10.851813984289604,17.377755824255434,30
wind_323673,9,20,8.595686566666668,14.206213289602617,11.031705301487754,18.090270734767145,30
wind_323673,9,21,7.593875166666666,10.866091131879685,11.226204112710354,17.36787567746023,30
wind_323673,9,22,8.373674066666666,12.302620235874956,11.334243742787086,16.411549252585253,30
wind_323673,9,23,12.600050866666667,16.79321063896148,14.00361651007328,17.826819011265947,30
wind_323673,10,0,19.131520322580645,12.554428454063524,23.761530871027233,17.329854800663647,31
wind_323673,10,1,17.75087987096774,12.572277202815876,20.74467397982068,15.427390575902546,31
wind_323673,10,2,18.14828622580645,13.074305331099172,22.250803000994463,16.679664590989148,31
wind_323673,10,3,17.924807612903226,14.297413209401114,22.257433342423166,18.086205060140333,31
wind_323673,10,4,16.982169387096775,14.897825899708769,19.981724599311132,15.881148627938984,31
wind_323673,10,5,14.074583193548387,11.898794869709898,18.213817929176347,16.157419285528327,31
wind_323673,10,6,13.362235,12.590147410561734,17.780613891268906,17.173298768809996,31
wind_323673,10,7,14.428440612903225,16.023073909986113,16.145536837234104,15.970448133768064,31
wind_323673,10,8,13.74789212903226,16.24316126504998,16.051490036411707,17.119056663438606,31
wind_323673,10,9,13.35206474193548,17.327186129243096,17.42115407705604,18.93139573543216,31
wind_323673,10,10,12.801916677419355,17.504746489256345,18.429048039870022,21.005302732629357,31
wind_323673,10,11,14.961081032258065,18.71402339063778,19.017369027419036,19.797101325753257,31
wind_323673,10,12,15.590474193548388,18.28736704450132,18.062466799824207,17.84842914109032,31
wind_323673,10,13,12.555143806451612,17.12715936268823,15.79993818063889,17.066434963347195,31
wind_323673,10,14,13.608233096774194,17.748991773990316,15.241520013472574,16.54384644322358,31
wind_323673,10,15,12.573343903225807,17.065614674261177,15.190662259782684,16.547512353870015,31
wind_323673,10,16,13.119445322580646,17.217321554651104,17.16094744565991,17.625801925332514,31
wind_323673,10,17,15.403919096774194,17.617992373350717,20.77274340644613,21.358572648783447,31
wind_323673,10,18,15.880531161290323,16.71471790108421,21.892138540672995,21.244841296411145,31
wind_323673,10,19,16.228674677419356,16.937385595982995,22.83554423078822,23.406129749886468,31
wind_323673,10,20,15.724937774193549,15.565314095591773,21.08388276943511,20.13251010420453,31
wind_323673,10,21,16.27399651612903,15.601493123742362,20.67564430065688,19.309713624732115,31
wind_323673,10,22,16.870044516129035,13.04820576535067,21.2559355947169,17.055797326630813,31
wind_323673,10,23,17.890897161290322,13.284476913953403,20.55294351193373,14.033992292024713,31
wind_323673,11,0,30.631710333333334,24.293012027417284,34.35256571812736,26.502519197466093,30
wind_323673,11,1,30.74957553333333,25.002603257226117,32.30663395249747,26.28841751689736,30
wind_323673,11,2,32.604579466666664,25.192317189214627,31.837063516559514,26.210872372213835,30
wind_323673,11,3,31.375794900000002,24.16823070728246,32.256491169883894,25.276324997924984,30
wind_323673,11,4,31.645530899999997,26.039341210348248,33.06194293570831,26.17863554681374,30
wind_323673,11,5,31.752563000000002,23.983480708725104,31.52850640063179,25.52251113822489,30
wind_323673,11,6,31.504562766666663,23.352928586890656,31.02336879822409,24.58661789305872,30
wind_323673,11,7,28.75971173333334,21.321750710187985,30.0428439224142,23.886279645539904,30
wind_323673,11,8,28.7114521,21.005505057595258,30.629752929167832,21.886026933054314,30
wind_323673,11,9,28.8321408,23.40182018361867,30.618728743529466,22.075997755637985,30
wind_323673,11,10,27.057005800000002,22.266483823933303,31.250576002508172,23.345917432425722,30
wind_323673,11,11,28.813363900000002,22.598717213827225,33.34711210061434,22.287126498075125,30
wind_323673,11,12,27.364974733333334,21.224249653948128,34.09376527177592,23.618397313433512,30
wind_323673,11,13,28.345062399999996,22.218388662827415,35.113203918994714,23.738402023573464,30
wind_323673,11,14,28.083906200000005,23.596078542417,31.806134454859826,24.039558112593788,30
wind_323673,11,15,28.850555,25.40920896770332,32.96714224673319,27.306832208306133,30
wind_323673,11,16,29.56825343333333,25.778055862829717,35.565369489100654,28.1790751442089,30
wind_323673,11,17,29.1908475,25.34647307324766,35.62624612954762,28.606300981812772,30
wind_323673,11,18,30.43665793333333,27.743958233512227,34.230941463201944,28.42759768178919,30
wind_323673,11,19,29.849514166666665,27.57492951909423,33.73885258219335,28.861102670621715,30
wind_323673,11,20,27.958719266666666,25.757272243250974,33.22512528400166,28.22797124242624,30
wind_323673,11,21,29.649558833333334,24.965881903051915,35.59121463056254,27.116363551521932,30
wind_323673,11,22,29.4152393,25.22566268575469,35.195689065996376,25.573859135726575,30
wind_323673,11,23,30.834807766666664,23.197249065994185,35.8136201721032,24.408580433921205,30
wind_323673,12,0,30.453246,27.38816569399052,29.969985065607577,26.446497523806645,31
wind_323673,12,1,27.54177651612904,25.457197264821694,27.591703706773263,25.375122327453354,31
wind_323673,12,2,27.43631790322581,26.037845817338543,25.64079361553758,24.298172714331358,31
wind_323673,12,3,25.570445354838714,23.840654199565996,24.6998939943006,23.971605847053322,31
wind_323673,12,4,26.106753032258066,22.12010835082331,25.36109901551211,24.245851780444294,31
wind_323673,12,5,27.634208419354838,22.68214918053931,24.69258927741819,24.524422535789796,31
wind_323673,12,6,26.03949732258064,22.576869632221744,24.53002010302729,24.159129083742283,31
wind_323673,12,7,23.849551774193547,21.774305795774854,25.218022779088717,24.309715306943133,31
wind_323673,12,8,22.435195064516133,21.487136882160296,24.37125743902985,24.613824447332675,31
wind_323673,12,9,19.4586734516129,19.600506640676556,22.099566387730462,23.374978207960364,31
wind_323673,12,10,19.66835248387097,20.40321011013085,21.363385252291497,22.401670927584277,31
wind_323673,12,11,21.245820129032257,19.547120303681556,22.194191357914175,22.125497110649324,31
wind_323673,12,12,19.41037087096774,16.603681221305685,24.070100856124007,22.71943805932689,31
wind_323673,12,13,21.63413129032258,21.36661096507943,25.69444057590959,23.938364229877156,31
wind_323673,12,14,20.23645970967742,21.82511235445149,25.291851829526927,24.69719602261643,31
wind_323673,12,15,17.38897293548387,18.777899056574906,23.806300703526016,24.73101538849873,31
wind_323673,12,16,21.81837629032258,23.550851361588396,25.261750438972353,27.2611665962011,31
wind_323673,12,17,24.193898290322576,26.602281089801863,24.63244104964883,26.509714336382384,31
wind_323673,12,18,24.291432903225804,26.323879355840674,24.21929733158226,25.730400097599723,31
wind_323673,12,19,25.673299741935484,27.05608921506133,25.60178878979432,26.011142997722327,31
wind_323673,12,20,27.614457612903227,26.71796284047071,27.527046808196218,26.769027135902306,31
wind_323673,12,21,29.683489967741938,25.646507901226407,30.679175108885083,27.67967009901069,31
wind_323673,12,22,30.56169229032258,26.805660047612147,31.04134032834677,27.20656944285842,31
wind_323673,12,23,31.254340161290322,27.446084934094987,31.613676184326486,27.022643595687356,31
wind_323690,1,0,22.149249032258066,20.709137354763246,22.000137303716564,20.074478315011064,31
wind_323690,1,1,23.18056048387097,21.605504429777444,23.15548663630431,20.52510549144092,31
wind_323690,1,2,21.750816064516123,21.165873635211977,23.46416408168791,21.163944343785793,31
wind_323690,1,3,22.675915322580646,21.576654513933654,21.82600903357686,20.91762512623683,31
wind_323690,1,4,22.140955483870965,20.50196460184479,20.975088409918975,19.90122870579545,31
wind_323690,1,5,20.391972387096768,18.106914008905335,20.569828527350424,18.93093571023831,31
wind_323690,1,6,17.97071174193548,16.122677942561157,19.208142302614718,17.746216111989163,31
wind_323690,1,7,15.760067774193548,15.211841095370536,18.058704452807728,16.686961872667244,31
wind_323690,1,8,17.04903158064516,16.41095546768733,16.625482283053607,16.587257568106992,31
wind_323690,1,9,16.67215506451613,16.63534321927998,16.986013238388754,16.844496532887682,31
wind_323690,1,10,16.401369709677418,16.965952310418487,17.58731097505036,16.78773329485777,31
wind_323690,1,11,17.36822029032258,16.831999052135835,19.508833461331708,17.539792612713633,31
wind_323690,1,12,18.530043806451612,17.03888527049386,19.430364925285648,18.43927255006485,31
wind_323690,1,13,17.894858354838707,17.576952005170146,19.23349320524073,18.544264141769297,31
wind_323690,1,14,18.081908032258063,19.891567549008286,20.00822365733176,19.730236088718183,31
wind_323690,1,15,19.624238000000002,21.528224940895033,20.56347117354043,19.903116591363663,31
wind_323690,1,16,19.487325580645155,20.56828681212386,20.47581902303764,20.25449232181249,31
wind_323690,1,17,20.751970967741936,19.629609944754048,21.796829075690844,19.995794251720152,31
wind_323690,1,18,22.441525903225806,20.14663548128553,24.233955627852833,19.97760702375376,31
wind_323690,1,19,23.085892870967744,19.344522151922448,25.26741272332319,19.514526216599027,31
wind_323690,1,20,22.309692258064516,19.35857392411962,24.279470034012423,19.158089089859025,31
wind_323690,1,21,21.59110309677419,19.38485379662679,22.000752393893173,19.45301736356271,31
wind_323690,1,22,19.99767974193548,19.734570671592657,21.861001151221732,19.81912029768986,31
wind_323690,1,23,20.28964070967742,20.079779682800485,22.5290951470151,20.587134109168147,31
wind_323690,2,0,18.082878586206895,17.801586690461754,19.471543398211118,18.94062949519114,29
wind_323690,2,1,21.130766896551723,20.869030831135994,20.064285086813882,20.041171093877303,29
wind_323690,2,2,20.468414586206897,21.54593102996146,20.214996686077857,21.171241402690374,29
wind_323690,2,3,18.885163758620692,19.070441530622233,19.187850900843156,19.9096977501553,29
wind_323690,2,4,19.796065999999996,19.77572134029992,19.49145010646442,19.292710943988023,29
wind_323690,2,5,19.05144948275862,20.05949936494111,19.206308101889334,18.493954566283207,29
wind_323690,2,6,18.783732999999998,19.957289558955853,18.777250444634788,18.13386339639468,29
wind_323690,2,7,18.892760620689653,20.123238813218478,18.42154847476017,18.495605169632608,29
wind_323690,2,8,18.36498162068965,19.880592207129336,18.884409404619824,19.059541212756063,29
wind_323690,2,9,18.169548,18.649173007853857,17.633360421242173,18.53881891663217,29
wind_323690,2,10,17.40463644827586,17.5387677405098,18.301373505138418,18.722632744537286,29
wind_323690,2,11,18.531599413793103,18.896324797062746,19.2912263180749,19.30994002369833,29
wind_323690,2,12,17.229768103448272,18.15689487220587,16.81694520152323,17.1865816809867,29
wind_323690,2,13,17.537119896551722,18.757212679816437,17.94971454719721,18.339836127827315,29
wind_323690,2,14,16.59214696551724,17.24057847867338,18.080935439121458,18.593436456979894,29
wind_323690,2,15,15.369230034482758,16.933319180619335,17.554128781403367,18.84193018308885,29
wind_323690,2,16,16.344824586206894,16.74388091944154,18.434157568738545,19.576580326859087,29
wind_323690,2,17,18.042539344827585,18.397055217138238,20.548734495359295,20.225320441942053,29
wind_323690,2,18,18.60738324137931,19.616321657222592,21.487896464829326,20.817657940057074,29
wind_323690,2,19,18.02290796551724,18.69402462902014,21.192503069888225,21.694138151776787,29
wind_323690,2,20,18.710285103448275,19.64806489515577,22.278245601900956,22.12757812753741,29
wind_323690,2,21,19.001723862068964,19.643650792912826,20.101215374829078,20.29982689476671,29
wind_323690,2,22,18.218905172413795,19.50457949460611,18.96828425979782,19.07192008660599,29
wind_323690,2,23,18.810213551724136,17.834213585019974,19.22738664947966,18.57852016903609,29
wind_323690,3,0,23.342786,17.330144319841743,23.0558343680716,17.18704646773447,31
wind_323690,3,1,23.59165890322581,18.71763588102451,24.27435499538241,18.202338177764677,31
wind_323690,3,2,24.291752806451615,19.940439004869603,23.834400814847495,19.860134251753603,31
wind_323690,3,3,24.6267765483871,21.866354605900135,23.52837504270426,20.527561203319966,31
wind_323690,3,4,24.651590193548387,21.618731290518042,25.62707967080392,21.1551959449711,31
wind_323690,3,5,24.811149806451613,21.810780817350825,25.300224420961648,20.840934155296186,31
wind_323690,3,6,22.581924387096777,19.886409413463724,24.60966781579961,18.759133856681103,31
wind_323690,3,7,21.19250758064516,18.87731204411313,23.574070271895152,17.362205621874015,31
wind_323690,3,8,23.02403961290323,19.1428651101206,21.99945226724559,18.206856061038966,31
wind_323690,3,9,21.91373532258065,17.419755186207926,22.429807159347565,18.863671800306015,31
wind_323690,3,10,21.122706129032263,16.521971223586,21.866854631288792,18.427449225786493,31
wind_323690,3,11,20.908986677419357,17.105756885980366,20.938433287374746,16.901610108905764,31
wind_323690,3,12,20.650517870967743,17.26124425881705,22.763490352706945,18.045418734865084,31
wind_323690,3,13,19.510507806451614,16.763832216244595,22.483522125672145,17.962456113743063,31
wind_323690,3,14,17.96758948387097,17.522315551726773,22.92410605954236,19.08645272270527,31
wind_323690,3,15,18.430538161290322,17.914153259245893,21.921882094755233,18.647855945256623,31
wind_323690,3,16,18.30291580645161,17.731144563323106,21.629115733438386,18.460910322144368,31
wind_323690,3,17,18.65007341935484,17.943527604721826,23.8190954732786,18.354636921447895,31
wind_323690,3,18,21.24626883870968,18.74289965438701,25.279660589976363,19.04477912739154,31
wind_323690,3,19,21.39741035483871,18.445733438006503,26.252112177815558,19.91102464278544,31
wind_323690,3,20,22.99533416129032,19.09195501452592,26.948710408502578,19.926832404779407,31
wind_323690,3,21,22.496850548387094,18.71668324282792,26.294444970112046,19.785387141079784,31
wind_323690,3,22,22.23294461290323,18.48324273881063,25.409144547347037,20.167690606360377,31
wind_323690,3,23,20.901226774193546,17.290972553416577,23.897798070997204,20.45837107849115,31
wind_323690,4,0,20.904501333333332,17.64976695460362,18.287192858053384,17.18582822737681,30
wind_323690,4,1,19.271776633333335,18.879446478061862,17.822613479575907,18.35677377078198,30
wind_323690,4,2,17.857213633333334,18.655617014968975,16.074416886568095,17.659793457156994,30
wind_323690,4,3,16.235882766666666,18.29028479006579,16.15432512117198,17.49387518317838,30
wind_323690,4,4,15.63596673333333,17.763802910038073,16.046493900274793,17.729943466311266,30
wind_323690,4,5,16.623406,16.726730173741846,14.99583778515079,16.326213707697384,30
wind_323690,4,6,16.205844666666668,16.806283269857612,13.938407414892078,14.602865434581622,30
wind_323690,4,7,15.500095866666667,16.34627580810405,15.089563626421732,15.419247731166042,30
wind_323690,4,8,15.771203366666663,15.878926836511715,15.029675045974647,15.821419985286848,30
wind_323690,4,9,15.808302833333332,15.782653202496252,15.89846348905787,16.34359390915316,30
wind_323690,4,10,13.097150566666667,13.500725415543455,15.803393415745486,16.6853195382554,30
wind_323690,4,11,14.383800400000002,15.142453598892411,16.057382091552547,17.265968034589907,30
wind_323690,4,12,14.10155203333333,17.25173723176076,17.147728135253868,18.138899377690464,30
wind_323690,4,13,13.777920033333332,17.98026272855303,16.33753984044807,17.846593321904727,30
wind_323690,4,14,13.958756600000003,17.213152842088505,18.279918754710756,18.32681545838645,30
wind_323690,4,15,19.421917000000004,20.675754174560186,20.592963995705944,20.134470466921805,30
wind_323690,4,16,19.716826766666667,19.680878000077605,23.865760308370394,21.363362918660677,30
wind_323690,4,17,22.94412213333333,20.873816714782524,25.935504146207542,22.0780414563102,30
wind_323690,4,18,23.934525399999995,20.458939567813616,27.849433449168043,22.406155870113743,30
wind_323690,4,19,22.69647146666666,19.874234057297496,25.092510737015765,21.67168170440874,30
wind_323690,4,20,21.550296033333336,19.481031985888137,23.54500496404807,20.032890494033445,30
wind_323690,4,21,22.55409783333333,20.122597727410557,23.667833885194174,20.9166582816481,30
wind_323690,4,22,19.048414100000002,18.07011793698835,23.059658065335146,20.52749326783104,30
wind_323690,4,23,18.91082386666666,16.38932254974092,22.23937105099634,19.59874356691614,30
wind_323690,5,0,8.443126193548387,12.025256010262687,10.531228881121873,11.781615991025006,31
wind_323690,5,1,9.000958677419357,11.668299314814744,11.864894657717603,11.98643037060768,31
wind_323690,5,2,9.775548935483872,13.292705555476518,11.430144127704299,11.082373874966143,31
wind_323690,5,3,7.650725419354839,10.672324254296683,11.073875481023547,13.069944219969674,31
wind_323690,5,4,8.548235741935484,11.894381489344434,10.090388607872878,13.547541814381644,31
wind_323690,5,5,9.215637032258066,11.124164856786747,11.127542633264861,14.216693213494393,31
wind_323690,5,6,11.505391709677419,14.405707690726489,11.363419529351177,13.999232171184111,31
wind_323690,5,7,10.209546387096776,13.678595492601584,9.870876944425692,12.285905353814345,31
wind_323690,5,8,9.56103306451613,12.12183869651999,9.450877492328532,12.570206441790317,31
wind_323690,5,9,9.398693096774192,11.480660343597108,9.247316801871728,10.560228329553947,31
wind_323690,5,10,8.578597451612902,10.855215017346513,9.164012417496222,10.300201537435884,31
wind_323690,5,11,7.937504064516129,10.466852184465447,9.467756481968088,11.002882739861024,31
wind_323690,5,12,6.738774838709678,11.271007940426921,9.038195962647182,13.416362555245959,31
wind_323690,5,13,6.563527645161289,11.78274708116135,8.792529733449065,14.408357319308674,31
wind_323690,5,14,6.71332529032258,12.039127607788911,9.145134744539606,13.683177353805311,31
wind_323690,5,15,7.610383451612904,13.17354474674421,9.93756315225162,13.502445920886869,31
wind_323690,5,16,8.04283964516129,12.422639593195845,10.828539660562507,14.700290313452328,31
wind_323690,5,17,8.549017580645161,13.671927248451022,10.98157725624873,14.704384181306692,31
wind_323690,5,18,9.177550161290323,12.748813427407187,12.769283079831409,16.214886820634884,31
wind_323690,5,19,10.610024483870966,14.675883011264455,12.028993494473632,14.726256703487648,31
wind_323690,5,20,9.368485387096774,13.565541882985631,13.180906465073798,16.36597435115696,31
wind_323690,5,21,7.949189161290321,11.473262830822254,13.092846874703922,15.52209639772858,31
wind_323690,5,22,8.769489258064517,11.595763927162254,10.893358435960986,12.503085035834925,31
wind_323690,5,23,9.058986451612904,13.180766958016159,9.654176672923919,10.932854617737842,31
wind_323690,6,0,8.730895500000003,10.584526106950888,10.258896043596073,12.77983701610588,30
wind_323690,6,1,8.059677400000002,7.64167635293908,8.73450550177236,8.050486821169201,30
wind_323690,6,2,7.3540065666666665,7.595677438842213,8.992916472988673,9.216646338542244,30
wind_323690,6,3,8.431678533333335,11.44512318492734,8.695447108306771,10.075975736603406,30
wind_323690,6,4,10.152608400000002,14.002923123943564,9.032491531294038,9.632719853662389,30
wind_323690,6,5,10.941184533333333,12.415457557179062,10.297863301875081,11.606480044802826,30
wind_323690,6,6,12.626193033333333,15.382916771440431,11.936470317847242,14.485974631335454,30
wind_323690,6,7,11.4238504,12.375132301585039,12.09103465489566,12.40311947784708,30
wind_323690,6,8,11.975987133333332,11.813015538933692,12.820517761453296,12.5988555297063,30
wind_323690,6,9,12.058312133333333,13.359143890840949,12.801225397248048,13.203179938778547,30
wind_323690,6,10,10.464896433333331,11.594692005686198,10.24726319368125,10.461486390424096,30
wind_323690,6,11,10.056658466666667,11.562163078540053,10.007627198716403,10.873988428975329,30
wind_323690,6,12,8.168005733333334,13.772452099839818,9.22759177812271,12.159229212872793,30
wind_323690,6,13,8.377072033333333,14.828838078300969,9.351564679318376,14.253344321245095,30
wind_323690,6,14,9.874055833333333,16.105325777106312,10.11737836063975,15.552583720122849,30
wind_323690,6,15,11.620207133333333,16.09124957631119,10.96853084218643,15.28622810332909,30
wind_323690,6,16,12.236170200000002,15.910692155538536,12.857621677316818,16.29522463272366,30
wind_323690,6,17,12.377631466666667,16.71745847650028,15.45334007191977,19.430126337829087,30
wind_323690,6,18,11.423707566666668,14.567023332404986,16.419173424759656,20.410677572395283,30
wind_323690,6,19,13.969462599999998,15.384097727882656,17.211541703795593,20.012179520726356,30
wind_323690,6,20,15.697320766666666,17.02911694854203,15.803358683367586,19.294323617122597,30
wind_323690,6,21,13.203563366666666,15.470490626957712,16.009731307382125,18.621053658499537,30
wind_323690,6,22,13.709418833333332,15.240068026118381,11.490104085644415,13.49954611670498,30
wind_323690,6,23,12.139478666666667,15.015030374271118,14.425026810034039,15.780050052848301,30
wind_323690,7,0,5.115231354838708,7.204958712288815,6.234424259607651,8.83655270288877,31
wind_323690,7,1,4.289398129032258,5.135610952921348,6.348946691885462,10.415711163202412,31
wind_323690,7,2,5.067303419354839,7.742318035840049,5.647551850405095,8.276855177705905,31
wind_323690,7,3,4.62024729032258,7.037357460319666,5.037707175614056,6.359135149986251,31
wind_323690,7,4,4.414232838709677,6.029604469838632,4.7230880650609,7.426293333126247,31
wind_323690,7,5,4.9276689354838705,7.111248081660208,3.955170875863148,6.479061717195803,31
wind_323690,7,6,5.018140935483871,6.365437680015973,4.1122679804474815,6.568413843079389,31
wind_323690,7,7,5.079499516129031,7.307439838514393,4.5460089915832205,6.794629426254571,31
wind_323690,7,8,5.4930937741935475,6.904381354241511,4.739762858128098,5.681067889412168,31
wind_323690,7,9,5.054833322580644,6.363640883627383,4.501674650786795,5.3495639219524636,31
wind_323690,7,10,4.646788322580647,5.976127387857382,5.966740496990835,6.925909639687668,31
wind_323690,7,11,4.328249516129033,5.4774695595502845,5.56545080488217,6.282138928942028,31
wind_323690,7,12,2.9379009999999997,5.90004559668117,4.586701850471684,6.235060568648725,31
wind_323690,7,13,2.902254516129032,5.627209293861662,4.756789315370843,7.592562660986927,31
wind_323690,7,14,3.22520364516129,5.529114989008534,4.0906634859905395,7.162827786422983,31
wind_323690,7,15,3.9248558387096777,6.511870236521158,4.5342163297742415,6.993787325366218,31
wind_323690,7,16,5.447999161290322,8.892192630710284,5.823043141805034,8.420837137821193,31
wind_323690,7,17,6.251682709677419,11.382824520741124,6.707625085248102,11.684701252518087,31
wind_323690,7,18,6.168543161290324,10.744857974668378,7.346867640612602,11.951255731980883,31
wind_323690,7,19,6.324181451612905,11.245997735505131,9.03902863887523,13.308116071084735,31
wind_323690,7,20,8.670196322580644,13.973460216158973,9.817092675554434,15.225764999237454,31
wind_323690,7,21,7.840303935483871,11.439164910712737,8.408902798911823,11.86205051073275,31
wind_323690,7,22,6.176942645161289,8.43276180718996,8.551153744210486,11.796698864854838,31
wind_323690,7,23,4.30487558064516,5.204518604298254,4.818390037133502,5.951711103873109,31
wind_323690,8,0,8.727300161290325,10.934971288031122,6.889569517610899,7.593066463452066,31
wind_323690,8,1,7.3607882903225805,7.337208793495813,8.412472333872289,8.980275853694394,31
wind_323690,8,2,8.83812164516129,11.154708488028666,7.480085357641634,8.883759320335573,31
wind_323690,8,3,8.474329419354838,9.296908942956868,7.636449613842822,8.528650665512101,31
wind_323690,8,4,6.836315709677421,8.597244023323924,7.818288023677698,9.387699140040008,31
wind_323690,8,5,6.990913,7.648556618090632,6.051788051442562,7.523880545838681,31
wind_323690,8,6,5.691044419354838,7.04765167726435,5.368179928473415,7.159172483244772,31
wind_323690,8,7,6.0257922580645165,7.466373693413051,6.418040353925949,8.356946604879289,31
wind_323690,8,8,6.990130387096775,9.179657231335604,7.029632280277071,8.56031701328052,31
wind_323690,8,9,7.073897580645161,8.346762980911466,6.755393729915786,8.223593287967834,31
wind_323690,8,10,6.640468,7.752752275009431,6.948944226472994,7.670449989389793,31
wind_323690,8,11,8.72846635483871,11.705321134193364,7.075481105452078,8.008759562583464,31
wind_323690,8,12,5.368674451612902,6.657167467053485,6.3345250898796595,6.377259381918132,31
wind_323690,8,13,4.801309129032258,6.706833714906842,5.117678478261045,5.46066400479717,31
wind_323690,8,14,5.762349741935483,7.911109984162361,5.902900376476228,7.240470898895013,31
wind_323690,8,15,7.370034354838709,9.523664869692322,7.138793100065696,8.498906879945352,31
wind_323690,8,16,7.172920677419353,8.482298505674235,7.197902326262908,9.015601076009235,31
wind_323690,8,17,9.146077032258066,11.747835976064476,7.713290697606845,9.120665636604498,31
wind_323690,8,18,8.307032967741936,8.944210471988612,7.521088269931177,9.227022817599934,31
wind_323690,8,19,9.202342645161291,10.298579726592616,7.5783448176130515,8.507864094580151,31
wind_323690,8,20,8.741399258064517,9.752580290870997,7.716483134549855,7.573428670832898,31
wind_323690,8,21,6.398251806451613,6.868202737947812,7.793374388977901,8.268737189106224,31
wind_323690,8,22,8.100383193548387,8.849456045720874,9.057168910417326,11.23826794647011,31
wind_323690,8,23,7.924083290322581,8.245652707816202,7.844249586947715,7.694458607167371,31
wind_323690,9,0,6.416264233333334,8.543611991045799,8.193606357801034,7.593171789933806,30
wind_323690,9,1,6.966631133333333,7.605340421678284,7.915041805817508,7.754240060063387,30
wind_323690,9,2,7.619619299999999,8.424049318783174,7.8401384926089115,9.184627527210639,30
wind_323690,9,3,7.5895865333333346,8.920709826889555,7.545386889527503,9.223044276391967,30
wind_323690,9,4,8.127146266666667,10.47897875905768,7.869300378707208,9.967239135620115,30
wind_323690,9,5,7.873140899999999,10.478429738443177,7.739125535652417,9.690505033341337,30
wind_323690,9,6,8.726275066666666,11.136442028149487,8.043649882001704,9.674054829269698,30
wind_323690,9,7,8.2468819,10.880779468518,7.781193832016839,8.561256563348259,30
wind_323690,9,8,7.652373766666668,10.567270347718383,8.98428607970056,9.864931940133994,30
wind_323690,9,9,8.027096866666666,10.456975589729668,9.072470824360556,10.90801117796763,30
wind_323690,9,10,6.116788833333334,9.19599901651666,9.380993811941511,10.678164705164631,30
wind_323690,9,11,6.502613766666667,8.914116732378467,9.288307885487136,9.990870278385916,30
wind_323690,9,12,6.4895041,7.672731078418743,8.895381056908768,11.083094360261184,30
wind_323690,9,13,4.801546033333334,6.59350499094324,7.236740967560086,10.272915059934464,30
wind_323690,9,14,5.192573366666666,7.840913042781559,7.233504014300143,11.555185237449356,30
wind_323690,9,15,6.774378533333333,11.160972666722234,7.753999922457218,12.36467076402703,30
wind_323690,9,16,7.610963733333333,12.833190344005951,7.407958108939096,11.693347617669897,30
wind_323690,9,17,7.100176133333334,11.913154504124172,7.734567302377384,12.12640307175997,30
wind_323690,9,18,6.4354574666666675,11.056206119129753,8.719238290875369,13.028940299057812,30
wind_323690,9,19,6.860414366666666,10.869547232516988,8.514528162671247,13.126760320770087,30
wind_323690,9,20,7.256297066666666,12.018783786920222,9.40098920319705,13.853585429209934,30
wind_323690,9,21,7.924651366666667,12.353132678891155,9.40907938378366,13.583369926910827,30
wind_323690,9,22,8.760769166666668,12.872888734637906,9.40424446719141,13.011375968821042,30
wind_323690,9,23,8.228736966666666,12.354845757408084,8.704543430309565,10.36383033472277,30
wind_323690,10,0,14.763606225806452,15.49348524788706,14.652240860797612,13.1700520298244,31
wind_323690,10,1,14.703268612903223,13.54972055901301,13.567486538564951,12.318774200669587,31
wind_323690,10,2,13.777270225806449,12.975926043416587,14.266754572317602,13.263490686491124,31
wind_323690,10,3,14.197943774193549,14.624453297793178,13.63246144414512,13.692041504506337,31
wind_323690,10,4,14.285105193548386,14.974302303244874,14.455240339410288,14.31808629754825,31
wind_323690,10,5,13.664401161290321,15.078401170998486,14.231849559508362,14.361675262565766,31
wind_323690,10,6,12.286236548387095,14.355991705874953,13.605197428082384,14.74906644395902,31
wind_323690,10,7,12.488474580645164,14.327425015443865,13.481734675543384,14.561229623905614,31
wind_323690,10,8,12.05132429032258,13.014488171434897,13.712127544527378,14.829263399877957,31
wind_323690,10,9,10.19885764516129,9.987354074852341,12.525252662414784,11.823701565686498,31
wind_323690,10,10,9.732812548387097,10.12355880837793,12.220109870271697,10.675767899947532,31
wind_323690,10,11,9.279378580645162,9.838073835317399,11.372628584518532,8.45398485404469,31
wind_323690,10,12,10.385629516129034,9.022358064902612,12.406878060642645,10.376149263877931,31
wind_323690,10,13,11.036978129032258,11.081743781646708,12.793997512551707,11.909497180258295,31
wind_323690,10,14,11.21876293548387,13.72905662886143,14.143683897783891,14.254163810733962,31
wind_323690,10,15,12.282068645161289,14.907137893706595,13.469474474044096,14.53640398321433,31
wind_323690,10,16,12.533410580645162,14.568473078028738,14.011956668177575,15.349728765059972,31
wind_323690,10,17,13.709187483870968,14.86549589106801,15.031710263130961,15.970429707260918,31
wind_323690,10,18,13.70072441935484,14.950211098254899,16.528150370042898,17.671143440004148,31
wind_323690,10,19,14.617633225806456,15.146394708403077,17.751005830754952,17.990745837707653,31
wind_323690,10,20,13.021516096774192,12.897651225639411,16.306403033362486,16.417960079071854,31
wind_323690,10,21,13.427556870967743,14.072144623835067,16.70200840746419,16.701096772999342,31
wind_323690,10,22,11.785160322580646,11.480263705618961,14.21416824835559,14.203509432194124,31
wind_323690,10,23,13.452426580645161,14.318940545227097,16.756619037237684,15.85949718960699,31
wind_323690,11,0,24.494554800000003,17.83129844275793,25.518515849414364,17.88271019998585,30
wind_323690,11,1,25.1540758,17.756152785319944,24.496357308560697,17.450186897075323,30
wind_323690,11,2,26.668571766666663,17.646826575133446,25.33437248008692,17.917845737296382,30
wind_323690,11,3,25.69871376666667,17.380077848997097,25.202831499681793,17.699510578015577,30
wind_323690,11,4,25.124804799999996,17.437946032020584,23.974158095434,17.734375489793663,30
wind_323690,11,5,25.338591000000005,18.136911876120863,24.81846822265815,17.67828826312687,30
wind_323690,11,6,24.048734566666667,17.75727944854977,22.825533457525065,16.879862760540053,30
wind_323690,11,7,21.325447266666668,17.32744688251537,23.76328725366966,19.237873991623708,30
wind_323690,11,8,22.212892866666664,18.674954950459544,22.716245896082338,18.785824690878847,30
wind_323690,11,9,22.542430933333332,18.16754379907055,21.227635886941286,18.728120739143176,30
wind_323690,11,10,22.5576863,19.198936512807645,22.674920907359436,19.14623628535666,30
wind_323690,11,11,20.818071033333336,17.24006670031749,23.92320864419654,19.790260197117508,30
wind_323690,11,12,20.9319125,18.38475075960873,23.427835521611087,19.28863394535048,30
wind_323690,11,13,22.2828346,20.53951482702147,21.942956270571162,18.914026934109526,30
wind_323690,11,14,21.122077800000003,20.637021431160726,25.08898014099116,21.016703600315783,30
wind_323690,11,15,21.97141956666667,20.488312590258055,25.580467173645488,21.680989880723846,30
wind_323690,11,16,21.138817566666663,19.495058890581504,25.115479620837423,21.41633428935449,30
wind_323690,11,17,20.661728466666666,18.599743736197446,24.881466873834462,21.31878519102238,30
wind_323690,11,18,20.174925433333332,17.280539952442744,24.808311889754524,20.327083731358996,30
wind_323690,11,19,20.59105993333333,16.97806980533003,24.521919586506492,19.580815698541198,30
wind_323690,11,20,19.4529353,16.18325741617485,25.000406132549543,19.81859848498909,30
wind_323690,11,21,19.654001466666667,15.948813176335268,22.043098827284986,18.038747525958687,30
wind_323690,11,22,18.526002399999996,16.13477129479559,22.32867452181257,17.583023395092646,30
wind_323690,11,23,21.289978133333328,16.594815966098167,24.814281215966332,17.492014167682782,30
wind_323690,12,0,23.153618774193546,20.39017102922759,24.942843848440912,19.08973099276384,31
wind_323690,12,1,24.2092720967742,19.83999675904008,25.084518327334607,19.219095426346495,31
wind_323690,12,2,26.308956741935482,19.93747804296066,25.67047182934187,18.883149145413476,31
wind_323690,12,3,25.191651064516126,19.10001780909099,25.676667767741304,19.093048520396017,31
wind_323690,12,4,23.11484503225806,18.85103806820273,24.099657220598136,18.142803791602326,31
wind_323690,12,5,21.93845725806452,18.792157082150798,24.135991674740048,18.621075961631053,31
wind_323690,12,6,21.816437354838715,17.54387176538827,23.83166473831956,19.227111406943987,31
wind_323690,12,7,21.668686290322583,18.34591673043324,21.384424381035895,18.38843219499317,31
wind_323690,12,8,22.564870516129037,19.339408660089372,22.697752280551494,19.474670319540095,31
wind_323690,12,9,21.23381377419355,18.70970283872007,22.434733256081344,18.9188412882074,31
wind_323690,12,10,19.18504283870968,18.213709582728367,22.04781804173179,18.799775192017258,31
wind_323690,12,11,17.50023438709677,17.176547727103827,20.559887116762162,19.099567458236795,31
wind_323690,12,12,17.92851522580645,17.228002935633302,19.593194101424807,18.283222199601255,31
wind_323690,12,13,19.28640706451613,17.434475048941533,19.838512695869714,19.31993412479258,31
wind_323690,12,14,18.66408122580645,18.23034084113571,21.217489197618455,19.220075903223872,31
wind_323690,12,15,20.209795838709674,21.009163657506633,21.837881133776634,19.71259227068071,31
wind_323690,12,16,20.246951999999997,19.835810248230842,22.858109616162487,20.542001329211136,31
wind_323690,12,17,22.57735348387097,20.69382485163763,24.418920437576134,21.237247149436623,31
wind_323690,12,18,21.536611741935484,19.201466645122522,24.37328612697706,20.641421832756116,31
wind_323690,12,19,20.60523570967742,19.52968738291823,24.202215018540496,19.84044637160172,31
wind_323690,12,20,21.666058645161293,19.640985631937554,23.214465829441643,20.27663028494443,31
wind_323690,12,21,22.442647258064515,20.057026521617782,22.124098295339163,19.71555795711798,31
wind_323690,12,22,19.550408,17.82437057021522,22.524795193439743,19.789849813399915,31
wind_323690,12,23,21.066598548387095,18.704777144572258,25.044326749150855,21.6495689269437,31
wind_323693,1,0,6.430558838709677,6.11143209956571,6.618843163757342,6.117875380753145,31
wind_323693,1,1,6.09657293548387,5.929297399151296,6.037113047914315,6.1469653193805485,31
wind_323693,1,2,5.613801483870968,5.629255471632875,6.707122860412173,6.115542530222833,31
wind_323693,1,3,5.841032645161291,5.92585249151889,6.653565875652034,6.356752716081221,31
wind_323693,1,4,6.162589677419355,5.913832665306013,6.691258138431285,6.149604873308162,31
wind_323693,1,5,6.3893995806451604,6.020758180668615,6.656044336944085,5.982206338009088,31
wind_323693,1,6,5.840711645161291,5.883620026652342,6.78720518665249,6.03925061770553,31
wind_323693,1,7,6.06999135483871,6.153972643349127,6.539487557786329,6.002596561854699,31
wind_323693,1,8,5.578218354838709,5.942032791940559,6.4316484983776085,5.917823488442938,31
wind_323693,1,9,5.534170258064516,5.75104385043058,6.2318491713700634,6.076952766223459,31
wind_323693,1,10,5.032091806451613,5.016536468358944,6.03482195949817,6.094568856762384,31
wind_323693,1,11,4.98461635483871,4.8637105015152615,6.111229472056948,6.054030302062705,31
wind_323693,1,12,5.188494387096774,5.1580509528712595,6.414119017209061,5.780103157097494,31
wind_323693,1,13,5.001289516129033,5.154388207238883,7.006204731457752,5.803602134486509,31
wind_323693,1,14,5.190262548387095,5.66408211012185,6.423293531872267,5.589888358409154,31
wind_323693,1,15,5.213789967741935,5.406249550998661,6.646676348279125,5.429975602747107,31
wind_323693,1,16,5.180935322580644,5.764688463661601,6.756037547680699,5.355251608913913,31
wind_323693,1,17,5.100431612903225,5.842073069331501,6.957807650647887,5.435807738572172,31
wind_323693,1,18,5.827219322580644,5.979326556315989,6.932367637117618,5.974721113632206,31
wind_323693,1,19,5.737806806451613,5.788638256868245,6.870915998453227,6.003163196634843,31
wind_323693,1,20,6.344093774193548,6.027564657607348,6.7643479601019045,6.029937047755754,31
wind_323693,1,21,6.893248225806451,6.351914234138082,7.53840994396672,5.861952611800951,31
wind_323693,1,22,6.456193774193547,6.100743425758557,7.112387270194796,5.806249896526756,31
wind_323693,1,23,6.839885580645161,6.206396209426195,6.770600755528326,5.955320354468345,31
wind_323693,2,0,5.864438137931034,6.157438156236933,6.237104302630498,6.369768668341221,29
wind_323693,2,1,6.002564758620689,6.070940240021096,5.863403975552548,6.093926268169317,29
wind_323693,2,2,6.616083206896551,6.532662581052321,6.161809567247928,6.107017658580184,29
wind_323693,2,3,6.839961620689656,6.497521271418209,6.530439031381331,6.15300493652066,29
wind_323693,2,4,7.022272689655173,6.610477761542245,7.049012980745666,6.593112636656911,29
wind_323693,2,5,6.68070351724138,6.518577593995765,6.76104453564089,6.415474017484592,29
wind_323693,2,6,6.679888413793103,6.32181785112645,6.753520483953539,6.544127431521059,29
wind_323693,2,7,6.953400793103448,6.5948584702829365,6.77042159123342,6.3187510945107555,29
wind_323693,2,8,6.171965137931034,6.436284814956422,6.549058212892387,6.03947391473853,29
wind_323693,2,9,6.389375896551724,6.571781365405444,6.338451353338833,6.077743101313522,29
wind_323693,2,10,6.693624620689654,6.748400327331785,6.349590686452277,6.158416601743164,29
wind_323693,2,11,6.084121379310345,6.541657674800639,6.276965181862962,6.111021161164977,29
wind_323693,2,12,6.2312006551724135,6.6130500395416805,6.44366758184625,6.079100311985393,29
wind_323693,2,13,6.550028137931034,6.420166542132442,6.446268036525223,6.262267384778527,29
wind_323693,2,14,5.914204551724138,6.543180125326319,6.271679897306973,6.3377439291319,29
wind_323693,2,15,5.206718551724138,6.211749814897631,6.134322943163968,6.374407351609278,29
wind_323693,2,16,4.5362325172413795,5.670055759589303,6.105468210845848,6.23093905765651,29
wind_323693,2,17,4.613445793103448,5.300562453842019,5.942997519744516,5.915707576303043,29
wind_323693,2,18,5.3968029310344825,6.215406483642309,5.664720788237336,5.921858308359589,29
wind_323693,2,19,5.4335720689655185,6.136173547661109,5.211267222757095,5.557278916593111,29
wind_323693,2,20,6.069465724137931,6.552669723107549,5.781151290082656,6.022781639809552,29
wind_323693,2,21,4.913512689655172,6.016116052772332,6.365769746175146,6.47337013252354,29
wind_323693,2,22,5.223087655172414,6.367894149819643,6.325004652361384,6.34562431769758,29
wind_323693,2,23,5.6904277931034475,6.178277486832165,6.562746152826793,6.459189512458911,29
wind_323693,3,0,7.673734580645162,4.906230106038538,7.785768087983396,4.98582659939643,31
wind_323693,3,1,7.041813419354838,4.948316293864704,7.077194321379717,4.562614943845863,31
wind_323693,3,2,6.254331419354838,5.0801255758518,6.918944215609741,5.456504917872586,31
wind_323693,3,3,7.044755645161292,5.362151726006215,6.987134479333747,5.853541386706653,31
wind_323693,3,4,7.33495929032258,5.524091223228464,6.997937496012063,5.859730319255471,31
wind_323693,3,5,6.973922451612903,5.594640774536812,7.04366172790704,5.808276222636318,31
wind_323693,3,6,6.984513903225806,6.053021810699481,7.08035963104699,5.9597024712443645,31
wind_323693,3,7,6.746787903225806,5.942872624722713,6.683559751746404,6.34592436574974,31
wind_323693,3,8,5.735245419354839,5.576844766828173,6.230889363267631,6.057154912978446,31
wind_323693,3,9,6.060334096774193,5.550523914470047,6.023761259144095,5.756309258053915,31
wind_323693,3,10,6.333188645161291,6.19077045555075,6.601979238003538,6.13788402348827,31
wind_323693,3,11,6.327531354838709,5.9151507241125065,7.2346097184640845,6.341352330293812,31
wind_323693,3,12,5.661821838709678,5.438861654339065,7.253076509266999,6.444593121742618,31
wind_323693,3,13,5.80442035483871,5.718921558143695,7.518787581829369,6.423586835571227,31
wind_323693,3,14,6.276030451612904,5.945850615652095,7.3655508198437385,6.1983128407135935,31
wind_323693,3,15,5.956035645161289,5.966856013371344,6.985881962725869,5.969873558913771,31
wind_323693,3,16,5.582637354838711,6.038801311341644,6.717853957122214,5.986983217369504,31
wind_323693,3,17,5.590533193548387,5.877100578156837,6.50063703640075,5.6569943690506115,31
wind_323693,3,18,6.2402446129032265,6.0619448487118985,6.574847307798131,5.802541380957845,31
wind_323693,3,19,6.116956612903225,6.145708802860295,7.329030861070324,5.935130523636669,31
wind_323693,3,20,6.45507641935484,6.005115863522245,7.107256723499596,6.005217634580733,31
wind_323693,3,21,6.374511548387097,5.840318196456222,7.34147248831614,5.8363605941009356,31
wind_323693,3,22,6.549010774193548,5.742698612102779,7.250185221015069,5.5480856181942775,31
wind_323693,3,23,6.442247258064517,4.915020686030718,6.96169172131922,5.3027251222292815,31
wind_323693,4,0,5.851122299999998,5.988975985331999,5.453040680131827,5.2579001945651225,30
wind_323693,4,1,5.430109166666666,5.464085834340611,5.1104965378808345,5.218642967262658,30
wind_323693,4,2,4.476257533333333,5.048429090014593,5.550092673741015,5.303193389267993,30
wind_323693,4,3,5.430257800000001,5.518403764000746,5.829304187682425,5.359053903691962,30
wind_323693,4,4,5.002546566666666,4.935804777695533,5.71479467492463,5.35823315938663,30
wind_323693,4,5,5.284967499999999,5.6844421823420435,5.164697990921292,5.363593465620803,30
wind_323693,4,6,5.077698866666667,5.163394164318425,5.205486799341784,5.631472118109941,30
wind_323693,4,7,5.655226866666667,5.768945042806728,5.114159282725557,4.854552083735942,30
wind_323693,4,8,5.076715900000001,5.742141653509779,5.241066386482691,5.26076416211601,30
wind_323693,4,9,5.193561933333332,5.5570111152755555,6.396623227529706,5.784578229163733,30
wind_323693,4,10,5.198234866666668,5.081212049491951,6.016088971232424,5.587831382688088,30
wind_323693,4,11,4.238527466666667,4.985425920671695,5.461786765243937,5.136321347451595,30
wind_323693,4,12,5.423304066666666,5.563842155399939,5.001895456429398,5.608237790267456,30
wind_323693,4,13,4.6567775666666655,5.833537879044784,5.549290990551746,6.220095546306984,30
wind_323693,4,14,4.509677066666667,5.550643564227249,5.736587167041739,5.969621249969704,30
wind_323693,4,15,5.264421100000001,6.131034292345142,6.548678614808712,6.471178150278988,30
wind_323693,4,16,5.239887100000001,6.044441203396397,6.829869071973706,6.773143383824925,30
wind_323693,4,17,5.3772405,5.60836664578408,6.5278744767331025,6.617632499544578,30
wind_323693,4,18,6.112662099999999,6.242153614261327,6.224167258601824,6.434748157533698,30
wind_323693,4,19,6.282365266666665,6.288611200246138,7.055770882750628,6.478605506679442,30
wind_323693,4,20,6.960522933333336,6.254489390941082,7.516315939444826,6.3765466721334825,30
wind_323693,4,21,6.614098533333333,5.6035127109568394,7.1910087970053285,6.002011194638424,30
wind_323693,4,22,6.491836266666666,5.86727357731403,7.126371028503779,5.926461945979201,30
wind_323693,4,23,6.0323839999999995,5.65840376710168,6.9625534010192744,5.575974342911762,30
wind_323693,5,0,3.367449161290322,4.306248066745738,3.011201753286126,3.432991773366796,31
wind_323693,5,1,3.2593326451612907,4.2306579041175425,3.344072555934225,3.38866603509467,31
wind_323693,5,2,3.2139177096774194,3.6681962995108304,3.2875061733355433,3.7543134699706293,31
wind_323693,5,3,3.024127967741935,3.7468314872273925,3.5227924875474077,4.3404198358691,31
wind_323693,5,4,3.0602682580645157,4.182482354341426,3.3524741891204317,4.194819026841113,31
wind_323693,5,5,3.199077741935484,4.365197418961575,3.661996354744943,4.652557971393652,31
wind_323693,5,6,2.8698328064516128,4.067812463006536,3.2659028264617183,4.124560524816246,31
wind_323693,5,7,2.347367483870968,3.7548906054004103,3.601050425920133,4.874059197431083,31
wind_323693,5,8,3.1439493225806454,5.048079791050331,3.3021206139326,4.66090351840692,31
wind_323693,5,9,2.937943709677419,4.92738364091765,2.852482465404463,4.260925818438996,31
wind_323693,5,10,2.8677784193548383,4.421939681307263,3.3859620726454396,4.809948059068016,31
wind_323693,5,11,2.33942564516129,3.8391846855011504,3.300282206036367,5.17006878053482,31
wind_323693,5,12,2.6324185161290328,4.456775891309628,3.0192949769413717,5.120053714615648,31
wind_323693,5,13,2.919020870967742,4.626952279015888,3.007065369883539,4.843298528169592,31
wind_323693,5,14,2.6186902258064513,4.383625018393389,2.9020771486063586,4.818545885831017,31
wind_323693,5,15,2.696935516129032,4.557301598097503,3.2101990836439525,4.885969025876863,31
wind_323693,5,16,2.6573059677419364,4.119102188431637,3.640630256456635,5.04510109483479,31
wind_323693,5,17,3.286866580645161,4.650844767936428,3.884745114626253,5.262077842585575,31
wind_323693,5,18,3.5043348387096778,4.956706120682088,4.224514290734565,5.1305664326090445,31
wind_323693,5,19,3.6007379999999993,4.745122561650823,4.677693331411174,4.952109681982528,31
wind_323693,5,20,3.652879870967742,4.520212306660907,4.091832298638035,4.746794788494642,31
wind_323693,5,21,3.5288681290322583,4.1655075574225915,2.6134362193265583,3.331857965142994,31
wind_323693,5,22,2.9945541935483866,3.993981374326453,3.194348403758677,4.027609120111201,31
wind_323693,5,23,3.931920483870968,5.02868902023347,3.7186016893443665,4.88485046258919,31
wind_323693,6,0,2.746302933333333,4.075350073059669,3.2514571645836914,4.398301455983819,30
wind_323693,6,1,2.935469466666667,4.459689616199375,3.217292424860642,4.390459667543169,30
wind_323693,6,2,2.375165266666667,3.0763253482582544,3.42927366271151,4.4268873979843555,30
wind_323693,6,3,3.7659390000000004,4.645141114615928,3.8767803487613457,4.7300063793094305,30
wind_323693,6,4,4.085104866666667,4.608450474298924,4.079217361225245,5.031156626080526,30
wind_323693,6,5,4.608747933333333,4.81577150659439,3.507940799312938,4.122701439413992,30
wind_323693,6,6,4.4401785,5.5299818610505636,4.167940649609231,4.511916501862605,30
wind_323693,6,7,5.0150306,5.719987696978273,4.57502857300066,4.874078199628535,30
wind_323693,6,8,5.082754233333333,5.257702013549545,5.025411269670513,5.299541991937101,30
wind_323693,6,9,4.2148811,4.818293858892144,4.767713475239728,5.215408765852579,30
wind_323693,6,10,2.9810341333333334,4.36830966604463,4.625933826678884,5.004958660169239,30
wind_323693,6,11,2.664414333333333,3.558873893324688,4.236396417637919,4.82438109240747,30
wind_323693,6,12,2.7365297333333336,3.841747725113401,3.818581832969451,4.959388571943206,30
wind_323693,6,13,3.0955885666666663,4.682027782449356,3.868600536093477,5.536501237319825,30
wind_323693,6,14,2.7171775333333335,4.013604030715336,3.751928888582377,5.340243431580551,30
wind_323693,6,15,3.3331055666666662,4.716185334677671,4.486294854292567,5.973720724886866,30
wind_323693,6,16,3.7434249,4.948692561177655,4.987402805434537,6.300052452695729,30
wind_323693,6,17,4.788344933333334,5.877163041378735,5.0407697704046495,6.379410396629462,30
wind_323693,6,18,4.083017966666666,5.524461624582307,4.926441184982521,6.384377472945566,30
wind_323693,6,19,3.7079353666666663,5.052451880930625,4.728866326594744,5.892071164837718,30
wind_323693,6,20,3.7706793333333333,5.199523806252933,4.947732962674886,6.173376960667731,30
wind_323693,6,21,4.1294125333333325,5.38107552469268,5.717776502641031,6.271297866749434,30
wind_323693,6,22,3.837493466666667,5.145291312514263,6.2980907802637285,6.209764740304501,30
wind_323693,6,23,4.592063633333334,5.440418640187134,5.048346471410884,5.661910006642433,30
wind_323693,7,0,2.038420580645161,3.0755891686077295,3.5445241415079645,4.678097150549302,31
wind_323693,7,1,2.042324064516129,3.006429491128349,2.4874996520553156,3.4198328923458496,31
wind_323693,7,2,1.7884987741935483,2.882920587294902,2.5641265588553557,3.7614283212599324,31
wind_323693,7,3,1.578925935483871,2.545854792759659,2.5750416007187846,3.633085927943308,31
wind_323693,7,4,1.511165,2.0529685647755542,2.2874765912026214,2.78124575439538,31
wind_323693,7,5,1.5571788064516128,2.7304982410249288,1.8383295956749477,2.799638661325838,31
wind_323693,7,6,1.6870715483870968,2.0891207199289346,1.6314061311585981,2.527962704338848,31
wind_323693,7,7,1.736910806451613,2.7451085361989174,1.4069988602068688,2.7923488166227095,31
wind_323693,7,8,1.6503932580645162,2.829116742282038,1.780682846044384,3.006024835313646,31
wind_323693,7,9,1.8209397741935487,2.803658301894648,1.9952104427548423,3.05187147779022,31
wind_323693,7,10,1.6387837741935487,3.0955823679548433,1.8354017408059495,3.0778841070915344,31
wind_323693,7,11,1.2165505806451615,2.5679800471756358,1.73787252869717,3.1510139861961557,31
wind_323693,7,12,1.1635560322580645,2.755402469004743,1.5055958148719333,3.191966857515387,31
wind_323693,7,13,1.1585426451612904,2.7828248662548107,2.1101478897330517,4.134193518783031,31
wind_323693,7,14,1.2417471612903226,2.8191105396705898,1.8898494042771459,3.8701800058397215,31
wind_323693,7,15,1.482891612903226,3.174496373508379,1.6237820250929862,3.0754976393482027,31
wind_323693,7,16,2.1156867741935486,4.137623429510663,1.5710951833461684,2.933636835083284,31
wind_323693,7,17,2.009834580645161,3.3828757721685427,2.5815792438240424,3.83883660974861,31
wind_323693,7,18,1.803530806451613,2.710121462116073,2.6696212174669642,3.4970907928278683,31
wind_323693,7,19,1.9125299677419352,2.4008249994146387,2.5956186400768773,3.2568112987923237,31
wind_323693,7,20,2.187227451612903,2.9810670940117046,2.4209183320568495,3.5363418582030026,31
wind_323693,7,21,2.795195193548387,4.251150572564557,2.9355609203877044,4.013129903843208,31
wind_323693,7,22,2.282524387096774,3.725487382808256,2.6486287063129113,3.786278508040145,31
wind_323693,7,23,2.0761873548387095,3.980377796759755,2.350102735247916,3.7493574472299622,31
wind_323693,8,0,4.119755451612904,4.509682228840852,3.607442274898753,4.32021969558806,31
wind_323693,8,1,3.403113806451613,3.94366262135563,3.413835958157895,3.8630965976559617,31
wind_323693,8,2,3.473024935483871,4.1190946654907235,3.922655968336278,4.092490670269915,31
wind_323693,8,3,3.1076548709677416,4.250976791939156,3.484388246485421,3.623894978014839,31
wind_323693,8,4,3.168843322580645,4.426756431462291,3.3118206047680014,3.730877719898107,31
wind_323693,8,5,3.3089194516129035,4.314734837307594,3.0343605295220892,3.8469523157232044,31
wind_323693,8,6,3.8397609999999993,4.695926645621331,2.5404385652804082,3.637458976610987,31
wind_323693,8,7,3.048532064516129,3.7274268491196265,2.3302685829706644,3.078188418594553,31
wind_323693,8,8,2.1862673225806453,2.196760465301719,2.0652298229662907,2.391596056497639,31
wind_323693,8,9,2.55923335483871,2.8621450832751707,2.732773811737014,2.8500745700229224,31
wind_323693,8,10,1.7174892258064518,2.168644066752967,2.5237859558198843,2.7220755793635094,31
wind_323693,8,11,1.7399417419354837,2.2472947534672576,2.610393943225205,2.819576371872033,31
wind_323693,8,12,1.862908387096774,2.9547032100899373,2.4158923329917363,3.3249894861862037,31
wind_323693,8,13,1.904521,2.767563315609961,2.0208966244739517,3.638725783785376,31
wind_323693,8,14,2.179198935483871,3.086142190881089,2.2062010047695972,3.62486344374502,31
wind_323693,8,15,2.3007936774193545,3.2755270166481347,2.5221064173852397,3.9012726369387947,31
wind_323693,8,16,2.799549903225807,3.8030684840935605,2.7728956332715504,4.064606494633514,31
wind_323693,8,17,2.787497677419355,3.7875873945167737,3.406695391138705,4.638235460166543,31
wind_323693,8,18,3.266272032258064,3.9138132379252544,3.5766957270317192,4.386678292463649,31
wind_323693,8,19,3.8668522903225804,3.96557160913347,4.0501679731766425,4.848281856939875,31
wind_323693,8,20,4.230780419354838,4.71074548484944,4.28943130786301,4.707460244173453,31
wind_323693,8,21,3.855503935483871,4.889945938741838,4.310419214026291,4.666263669494907,31
wind_323693,8,22,3.385598903225807,4.362322080471021,4.5146301543976035,4.943250722423291,31
wind_323693,8,23,3.697573967741935,4.583360308186061,4.292694565978059,4.346117255500013,31
wind_323693,9,0,3.2041964000000003,4.344456862798177,3.5663579649236063,3.586541631480971,30
wind_323693,9,1,3.6040713666666666,4.579637480833349,3.610158012624113,4.158852707376543,30
wind_323693,9,2,3.4295813333333323,3.913318959869701,3.738980879556497,3.32713894360456,30
wind_323693,9,3,2.7559527333333333,3.4614131543777273,4.289928942958551,4.179244021296387,30
wind_323693,9,4,2.779404066666666,3.8471972767340183,4.350532191731104,4.491244302992127,30
wind_323693,9,5,2.928741033333333,3.486519834209461,4.151340080100232,4.4559657815699545,30
wind_323693,9,6,3.748340933333333,4.161632575977688,3.902604165302611,4.4970824947528145,30
wind_323693,9,7,3.8103131,4.520746489844329,3.490991893187698,3.9270659598528614,30
wind_323693,9,8,3.8763615666666666,4.290982942068826,3.1817323625965193,3.985341945779972,30
wind_323693,9,9,3.2583274,4.306830808895454,3.02846526778115,4.146050681004138,30
wind_323693,9,10,2.229164433333333,2.960738984106836,3.1648915045193045,4.587728315843821,30
wind_323693,9,11,2.4616586,3.8909706876337258,2.5665511168915365,3.949726139499208,30
wind_323693,9,12,2.5560098666666664,3.7096494493401906,2.356805393326238,3.6619914628716885,30
wind_323693,9,13,2.430091533333333,3.897552948991012,2.3963584454466,3.7855287570319827,30
wind_323693,9,14,2.9919094999999998,4.741213289277238,2.755726052160783,4.711551722284691,30
wind_323693,9,15,2.8134095,4.64288288976284,2.902833204449069,4.799186537918314,30
wind_323693,9,16,2.7386165333333334,5.057367798793031,2.896443630227144,5.018426369081239,30
wind_323693,9,17,2.658248300000001,4.820540498786468,2.9980071607268,5.005509089137416,30
wind_323693,9,18,2.882335133333333,4.959980787511564,3.368021388510734,5.30430462666536,30
wind_323693,9,19,2.9678828333333334,4.784252629408449,2.7433102157316775,4.6687263698065085,30
wind_323693,9,20,2.7485207333333337,4.897350181426602,2.4838822250486343,4.228060458715474,30
wind_323693,9,21,2.5502479,4.072213983367104,2.120950230739046,3.8031059629349335,30
wind_323693,9,22,2.790706933333333,4.380195325053163,2.526183016206616,4.009599995498518,30
wind_323693,9,23,2.9252678333333337,4.43444125120339,3.1348845586459433,4.593837321624203,30
wind_323693,10,0,4.822728741935483,4.9584523295430865,5.670273885436038,5.011743219237494,31
wind_323693,10,1,4.887333612903226,4.995745939882389,5.703780318106247,5.077305603533058,31
wind_323693,10,2,4.739788225806452,4.758845707096716,5.497888895211356,4.994462289637782,31
wind_323693,10,3,3.7349457096774192,4.157511761917772,5.005450864359809,4.9794199362129685,31
wind_323693,10,4,3.967049870967742,4.687330346165429,5.058729112118844,5.21133675164377,31
wind_323693,10,5,3.6684246774193547,4.612866560963023,4.654163006161676,5.177121203534826,31
wind_323693,10,6,3.6313105161290324,4.85584838303825,5.016625012863148,5.3157865084044795,31
wind_323693,10,7,3.680827677419355,4.628622552013348,4.560791964492939,4.932543322215882,31
wind_323693,10,8,3.3938495161290327,4.355095546784463,5.006173483305856,4.923352546679126,31
wind_323693,10,9,3.836295580645161,4.546632073855121,4.736366201392945,4.914684774577968,31
wind_323693,10,10,3.913409903225806,4.795915813670061,5.184845349022919,5.324466139660743,31
wind_323693,10,11,3.985147419354839,4.736109159592086,5.115461986095535,5.33711445431341,31
wind_323693,10,12,4.07605964516129,4.321161462630686,4.8653178275622535,4.9601272833596255,31
wind_323693,10,13,3.813692516129033,4.338422175420067,4.902779925344753,4.776246318248592,31
wind_323693,10,14,4.161570709677419,5.142740866346494,5.15489678605693,5.293904848912585,31
wind_323693,10,15,4.068563193548387,4.983355939789233,5.743531246320983,5.932733791614365,31
wind_323693,10,16,4.65719535483871,5.740285699870867,6.1047901238452305,6.164674819231427,31
wind_323693,10,17,4.740313516129032,5.707268542692747,6.399964550389171,6.034136206376829,31
wind_323693,10,18,5.1475550000000005,6.046489910749674,6.6467221413026785,6.24400377762309,31
wind_323693,10,19,5.95868793548387,6.443913747345671,7.169881788870778,6.231366157106983,31
wind_323693,10,20,5.0161831290322585,6.023832756395659,6.825305111822614,6.352226128246506,31
wind_323693,10,21,5.507813677419355,5.5755269703218575,6.081520810747184,6.2787828761612055,31
wind_323693,10,22,4.7600370000000005,5.520888557698848,6.159187687098782,6.037774104260789,31
wind_323693,10,23,5.087474580645162,5.52823106934098,6.779303056208965,6.25683730856806,31
wind_323693,11,0,6.883226866666665,5.9997044379735085,7.433588696848733,6.1175081091154775,30
wind_323693,11,1,7.3478788,6.505512085483495,7.337088973204946,6.16376304102692,30
wind_323693,11,2,7.085029933333333,6.5198064108310545,7.123316702165013,6.155281535569453,30
wind_323693,11,3,6.590023766666667,6.288812872328393,7.222439739980413,6.2232100450348495,30
wind_323693,11,4,6.5259508666666655,6.644429507934928,7.278762858736832,6.348653882962579,30
wind_323693,11,5,6.508932133333333,6.801789646478424,7.222103599409579,6.589390554403846,30
wind_323693,11,6,6.506998566666667,6.745933608599356,7.244257575527346,6.769431522186599,30
wind_323693,11,7,6.418684866666667,6.527640886320706,7.083070051193602,6.535390885364472,30
wind_323693,11,8,6.739520166666666,6.483615839811132,7.059692145634335,6.329750300915444,30
wind_323693,11,9,6.549792866666666,6.227868646380196,7.150646034333106,6.292946687354634,30
wind_323693,11,10,5.755218933333334,5.895274664290082,6.896687136686336,6.293391504237833,30
wind_323693,11,11,5.3975822666666655,5.9651548545429245,6.8804728039555165,6.17395658314794,30
wind_323693,11,12,5.2605933,5.8163589205710196,6.546520280631099,6.0640987710704355,30
wind_323693,11,13,5.364169366666668,5.792473899376616,6.612920366571843,6.181151826061026,30
wind_323693,11,14,5.441009266666667,5.663767966044055,6.615494636011615,6.3363007103137425,30
wind_323693,11,15,5.9979455333333345,5.850164744215275,7.49427656624744,6.247696134982519,30
wind_323693,11,16,6.492799000000001,6.122653726139429,7.213669531503001,6.339527759503936,30
wind_323693,11,17,6.2053101999999996,6.306485568128534,7.112612297717406,6.223717280635607,30
wind_323693,11,18,5.833139666666667,6.153820292382125,6.807048900771869,6.313727726873634,30
wind_323693,11,19,6.257487366666667,6.120313471753204,7.280578224471839,6.385101065771928,30
wind_323693,11,20,6.266770133333334,5.960165610327074,7.101198731504734,6.352093576554769,30
wind_323693,11,21,6.667960933333333,5.621800897922835,7.487434514212863,6.205701193714132,30
wind_323693,11,22,6.511463333333334,5.634093826405506,7.39742672587384,6.240907773754926,30
wind_323693,11,23,7.194433933333333,6.081833258632637,7.692450329914043,6.1585256260662975,30
wind_323693,12,0,7.562778741935485,6.397346204695193,7.806281357794991,6.117456714599647,31
wind_323693,12,1,6.800512935483872,5.923551643843075,7.468057201552721,6.393841543567293,31
wind_323693,12,2,6.879118225806453,5.709857205094939,7.178914766156509,6.572492467425177,31
wind_323693,12,3,6.159339387096774,5.954241008277722,7.879472093855623,6.508787119698905,31
wind_323693,12,4,6.625289645161291,6.180713728369653,7.764723064777898,6.694021268836894,31
wind_323693,12,5,7.157495903225806,6.337151572067751,7.728773052237721,6.601690874120577,31
wind_323693,12,6,6.173764677419355,6.0885794302430325,7.775477847630592,6.235647280359105,31
wind_323693,12,7,7.509401258064517,6.222470217474638,7.450412564118909,5.833357489611947,31
wind_323693,12,8,6.2520690000000005,5.97215750671077,7.265131953818421,6.091859674998571,31
wind_323693,12,9,6.255053354838711,5.96948239762773,7.129820918643316,6.171993918257822,31
wind_323693,12,10,6.24918535483871,6.088816128770165,6.4693028117454245,6.328935201933431,31
wind_323693,12,11,6.341140354838709,5.934487777521323,6.530246680341305,6.317995523531246,31
wind_323693,12,12,5.958499064516128,5.85131274691077,6.334008545722347,6.289641503394494,31
wind_323693,12,13,5.913097451612903,5.73036923391069,6.559772328858385,6.0904012236887715,31
wind_323693,12,14,5.659314451612903,5.96178380890927,6.294881911659418,5.81524401339227,31
wind_323693,12,15,5.126463806451614,5.733117378171189,6.351528813536812,6.284936626997826,31
wind_323693,12,16,4.6495507419354825,5.6682713432635285,5.772904983073175,6.040128707942402,31
wind_323693,12,17,5.028513322580645,5.951948841933009,5.94888483251005,6.115613603762616,31
wind_323693,12,18,6.17101670967742,6.514977437495032,6.685645900161231,6.40880674985727,31
wind_323693,12,19,6.379763838709677,6.3245640678307415,6.608320111275013,6.344329951121238,31
wind_323693,12,20,6.57344670967742,6.189571040643718,6.6142765951296205,6.3477172155597685,31
wind_323693,12,21,6.8081853548387095,6.183025610344559,7.070073290130981,6.45273163684266,31
wind_323693,12,22,6.666369225806453,6.288876808704703,7.371190522387051,6.327994702709437,31
wind_323693,12,23,6.9414043870967745,6.2857330886092395,7.509062035624855,6.392588534847184,31
wind_323696,1,0,98.09471245161289,89.16989705701022,103.00851970652184,86.68325256396012,31
wind_323696,1,1,97.27523238709678,85.93141230811919,102.82840940886443,88.87879630198735,31
wind_323696,1,2,97.68894290322578,87.01236807891341,101.95384581103835,87.32844546428055,31
wind_323696,1,3,99.5221661935484,86.69071022138104,100.53129841581936,86.52013498352822,31
wind_323696,1,4,95.39157329032258,82.78083898083825,98.28556276088374,83.38036454713456,31
wind_323696,1,5,97.37185316129035,80.29940058040032,105.32595468928301,84.43100686588924,31
wind_323696,1,6,104.62534170967743,81.5516536279676,105.30373783465922,82.23423700672035,31
wind_323696,1,7,94.84800512903223,79.33939284550215,102.71099846843798,85.08658097243622,31
wind_323696,1,8,92.0100432580645,78.22654972707402,104.09348849559291,88.03963910396436,31
wind_323696,1,9,97.27186670967741,76.61262692725748,103.9296052312836,88.28565959215578,31
wind_323696,1,10,96.9236588064516,80.86907112405324,106.51982643592883,88.9018182692735,31
wind_323696,1,11,98.73412206451613,84.31312618695196,105.53784277554138,87.8667018851854,31
wind_323696,1,12,94.50763461290322,84.10494328716098,107.42187504437216,86.86794251663437,31
wind_323696,1,13,91.06617974193547,83.51936365941957,106.68165860075578,85.18894324098656,31
wind_323696,1,14,78.49980883870968,80.24406517962197,106.92081975935152,86.83411800274486,31
wind_323696,1,15,76.6077728064516,80.78439038544303,96.0255315445272,81.29708907892484,31
wind_323696,1,16,71.2549523548387,79.12571241072905,92.71732221787931,79.2360298164636,31
wind_323696,1,17,67.46492164516128,74.15007977363945,87.86539479703954,76.88014221101577,31
wind_323696,1,18,65.51189145161291,71.96055128039168,92.64444703097337,82.74513990345437,31
wind_323696,1,19,67.01966770967742,76.55016347248899,88.09944767172159,82.9665502182449,31
wind_323696,1,20,73.67470245161292,77.80805257722879,89.84358055593414,80.74263700034957,31
wind_323696,1,21,83.61363225806454,80.4452296595657,90.95429737449345,81.63918501688981,31
wind_323696,1,22,84.25835503225805,84.28874613639778,86.3388843321242,77.42602161192316,31
wind_323696,1,23,94.79148193548386,84.90326062468114,91.48370286919015,78.71856242409055,31
wind_323696,2,0,83.38888855172414,75.94121780770386,93.95371918396262,77.09110481691886,29
wind_323696,2,1,82.55767048275861,79.6309555702048,94.09482215798232,80.01302467684415,29
wind_323696,2,2,83.80406262068965,76.83767330272974,97.18544256486152,80.23547498252664,29
wind_323696,2,3,90.47896620689654,82.31257317638095,95.77496226594246,81.66024344064051,29
wind_323696,2,4,89.87710562068963,79.42524827248025,97.08106277468757,81.8234679117846,29
wind_323696,2,5,77.897185,76.10776176362508,97.75316429846588,83.01137813517752,29
wind_323696,2,6,83.75808344827585,80.46992735156861,96.35294317246112,83.69197836304218,29
wind_323696,2,7,80.33927624137931,76.74831579553798,88.90451286933269,83.52161921211457,29
wind_323696,2,8,83.17447503448274,76.68363556762982,87.93692568902401,82.4677547534564,29
wind_323696,2,9,87.1249187586207,81.29358339233026,95.79201729064741,83.7387792430944,29
wind_323696,2,10,91.65066444827586,79.73522806760602,103.10988032004185,83.70315113887817,29
wind_323696,2,11,95.14445813793103,84.33477359518376,105.29841905752397,86.15669959102175,29
wind_323696,2,12,89.37336034482757,82.1388902490589,106.54710302792188,86.21424912649015,29
wind_323696,2,13,88.09741579310345,81.15518274005582,101.51948198444471,84.7233713210788,29
wind_323696,2,14,84.12174162068965,82.41023383527236,100.01453054540907,88.93597189943637,29
wind_323696,2,15,80.61263479310345,78.9701708605152,97.72421620256888,88.79793183482182,29
wind_323696,2,16,77.68694668965519,80.45250344049742,96.26712746124237,86.61165041408195,29
wind_323696,2,17,66.51785093103449,77.8533247242459,95.26316822875559,85.14578411829129,29
wind_323696,2,18,65.68253648275864,77.78435266051046,89.95433857040558,82.71841855478641,29
wind_323696,2,19,63.78735268965517,78.13335965904113,88.88635047425365,81.73421957343702,29
wind_323696,2,20,71.08500975862067,81.92465870375041,83.20194943837002,78.98958547796342,29
wind_323696,2,21,72.34387489655171,81.16029373644447,83.63105251909079,77.66292793844738,29
wind_323696,2,22,73.12998768965518,76.48442395316054,86.67269535960183,79.23999775319514,29
wind_323696,2,23,82.88551524137932,76.5715060408192,93.04546759573698,82.74366561714392,29
wind_323696,3,0,89.58550438709679,77.99965185461268,101.49249567895116,86.55108023743,31
wind_323696,3,1,96.07457361290324,84.46916594461395,108.54700830672313,86.9231169029546,31
wind_323696,3,2,100.39873312903224,86.72558688564087,110.74987671357073,87.19316632373467,31
wind_323696,3,3,99.81828758064515,79.74323268075909,108.81472301922446,88.15648603106055,31
wind_323696,3,4,101.45647358064515,81.61275302380312,100.43148301394513,86.38594652520337,31
wind_323696,3,5,104.71212606451611,81.31491894502945,102.296931824613,86.5499239363231,31
wind_323696,3,6,102.81548709677419,83.269263459756,97.76632747077046,85.86618623269187,31
wind_323696,3,7,106.33417399999999,80.6012286128234,101.78695275391867,84.72137717208052,31
wind_323696,3,8,109.42609483870966,77.04487178643619,106.43754990503518,82.30600457251141,31
wind_323696,3,9,96.15519096774194,75.11777443831838,100.56818728692122,84.5884290986925,31
wind_323696,3,10,88.39999374193549,76.41470169774938,100.49842915889491,81.56695650775083,31
wind_323696,3,11,83.93543293548385,77.45345743313686,103.86760015973616,76.31519456132308,31
wind_323696,3,12,89.74593067741935,74.20067785689999,108.55229979487767,78.56924775000452,31
wind_323696,3,13,83.33497990322581,74.757009621792,99.48955467019127,77.08450784112387,31
wind_323696,3,14,74.94258280645164,72.84727030950599,99.03587029158084,79.82519804689558,31
wind_323696,3,15,70.07223570967743,66.9400409390323,97.34253723681327,80.06121746383107,31
wind_323696,3,16,74.76806558064517,73.1236843107842,104.125869771374,81.43807679405514,31
wind_323696,3,17,71.3770922903226,74.71759627485058,104.01476268422773,80.60741464007718,31
wind_323696,3,18,74.54977074193548,78.80398130965449,96.99127387937585,79.95937986789338,31
wind_323696,3,19,77.37462383870967,74.12358851620463,99.05446848597985,81.02559511812608,31
wind_323696,3,20,75.57032019354838,75.89347216399712,97.7132668678399,78.18649739417282,31
wind_323696,3,21,79.10257609677419,77.84719179539897,98.02042709527116,80.11126895945861,31
wind_323696,3,22,75.03064461290323,79.041689891907,95.17810602340484,83.59927514082713,31
wind_323696,3,23,84.13006680645161,79.1808782580795,94.6408602581641,85.9879127463609,31
wind_323696,4,0,76.75210506666664,71.36814713328585,74.7538364204894,62.771011111413095,30
wind_323696,4,1,80.78888933333334,71.15472533828206,89.43202791697156,68.35755428471104,30
wind_323696,4,2,92.66894673333333,69.59472459109787,98.46272792690728,70.08087462582002,30
wind_323696,4,3,96.31315383333332,71.64706938665545,108.36958598966831,70.687295478526,30
wind_323696,4,4,94.30220893333333,65.19381739120752,107.36649505312221,67.0129573960064,30
wind_323696,4,5,94.09086983333333,63.31171369053572,100.12968299269045,64.6992755681504,30
wind_323696,4,6,94.01029246666668,67.88944707971844,99.84058440651053,66.98381650207244,30
wind_323696,4,7,93.31752200000001,71.53353431267469,94.14389569563386,71.54980338357927,30
wind_323696,4,8,85.93384333333333,74.63484832571585,88.54149525927959,72.00981730784474,30
wind_323696,4,9,88.12945926666667,69.28324601600991,92.34810343154659,75.06804570500822,30
wind_323696,4,10,80.53112293333334,71.20523409017633,85.70270348541244,75.56273061584753,30
wind_323696,4,11,72.76003103333333,71.17141614720674,91.73758757476119,79.57940513187067,30
wind_323696,4,12,64.97928096666666,70.09582064466142,89.56019912991168,80.30823128775936,30
wind_323696,4,13,64.76056283333334,71.39499297293449,82.58439761357197,80.64450486448794,30
wind_323696,4,14,67.11824786666666,70.30774145772874,81.33776956129853,74.96023049705074,30
wind_323696,4,15,65.13638789999999,69.86621347529034,87.49288042047596,72.98804509602567,30
wind_323696,4,16,68.08333853333335,70.14916315370522,84.82284208769694,70.43923383480218,30
wind_323696,4,17,65.92342409999999,70.82736623708175,85.44144209851524,71.26989894150653,30
wind_323696,4,18,62.374497700000006,72.00539101985211,93.921602897869,71.81397105024405,30
wind_323696,4,19,65.91669606666666,71.20775486796585,98.05510642898436,76.64785741942732,30
wind_323696,4,20,63.86142576666666,69.95776087977042,96.43547906197374,72.11232632994937,30
wind_323696,4,21,75.1507035333333,68.81471771275815,96.43674475224725,78.97818306945582,30
wind_323696,4,22,68.0092231,69.37646087275145,79.71476827458947,72.77331601372842,30
wind_323696,4,23,70.93904256666666,73.85918541099899,85.23696254329474,73.37799447152119,30
wind_323696,5,0,38.73679267741935,52.70299266025747,46.865957034329995,59.89790732427786,31
wind_323696,5,1,52.716541548387106,64.35146049041386,46.52537390751005,50.10569708911543,31
wind_323696,5,2,52.136701161290326,64.200081672366,49.88472607250967,52.796710637517094,31
wind_323696,5,3,50.31544061290324,53.76558693795435,54.914993842343904,58.24742636737544,31
wind_323696,5,4,62.73842048387097,71.77097789609634,63.551208105625115,65.12913102078379,31
wind_323696,5,5,51.96936725806452,60.009071012251646,59.84614901860145,63.539358981299536,31
wind_323696,5,6,54.262934064516124,59.6022449447905,58.87208348975497,62.47493479084091,31
wind_323696,5,7,57.843872129032256,69.68924993634849,56.80346003677211,59.02930211924179,31
wind_323696,5,8,51.10250235483871,68.30701145743254,60.99935187327926,72.40200598876378,31
wind_323696,5,9,50.891639,65.54977313284004,56.58147109519607,69.14723875505734,31
wind_323696,5,10,52.264080967741926,67.97840984741077,56.57890348822058,67.95958758515079,31
wind_323696,5,11,45.14798567741936,58.75694474343186,46.20274437856988,62.00141846972736,31
wind_323696,5,12,38.60524570967742,59.118809224826535,39.36587531436996,60.57675782721994,31
wind_323696,5,13,36.43408387096774,60.70260245552769,41.56736444310644,68.09131662743076,31
wind_323696,5,14,39.72466948387097,63.85439128010496,43.150655398782995,67.24025040911616,31
wind_323696,5,15,29.99700638709677,53.64834296919039,43.12552912475807,64.14374804858289,31
wind_323696,5,16,27.49344529032258,50.602671250281766,41.122218305774766,64.23542409869353,31
wind_323696,5,17,29.84063316129032,50.43662947296147,43.412384226835044,61.66076765903713,31
wind_323696,5,18,31.99191470967742,54.660688423767944,43.032798950890836,60.4697899990663,31
wind_323696,5,19,33.49499477419355,54.63277314378075,43.566043230817804,54.304424288491106,31
wind_323696,5,20,28.519090774193547,46.262332702258774,42.13602965880135,53.198092408428394,31
wind_323696,5,21,31.063212935483868,50.91879880538823,40.208766668277505,53.96710075893329,31
wind_323696,5,22,27.500665967741938,39.82336214802507,40.4571488881548,52.71184018665081,31
wind_323696,5,23,31.76053293548387,46.02123420590115,40.67258182989545,51.2329424836923,31
wind_323696,6,0,48.287789833333335,61.01684376890633,52.389546212725676,54.13289782540615,30
wind_323696,6,1,62.53625193333334,62.04058652748185,60.18485743026595,58.14632951489131,30
wind_323696,6,2,67.47473406666668,64.93923086130943,69.54984674275245,61.74903763425568,30
wind_323696,6,3,69.95582486666667,69.76836018956375,75.519648121214,67.24871677311276,30
wind_323696,6,4,66.8753257,58.5821893303175,81.07262253679528,67.5401991339999,30
wind_323696,6,5,70.07728346666666,56.3183305841504,84.36512533770559,66.64234738359112,30
wind_323696,6,6,71.79283176666667,66.84114934228977,73.92393441534752,64.71303412265564,30
wind_323696,6,7,71.28709563333334,67.26975304673478,74.46229406380847,60.78715701572968,30
wind_323696,6,8,71.1602077,68.1550637585538,84.54289690354706,72.89251413531579,30
wind_323696,6,9,65.88298923333333,67.29393751579546,78.27883938164486,69.51923741709527,30
wind_323696,6,10,61.059591,66.1682449581788,71.0278320343677,65.40959087820949,30
wind_323696,6,11,44.53539513333333,54.76953181329923,57.689968539719565,59.71532139763592,30
wind_323696,6,12,28.99531316666667,42.71373495719808,48.633521549608766,62.26103981608709,30
wind_323696,6,13,29.403769500000003,36.25141000957668,42.38330906971726,58.886788638058476,30
wind_323696,6,14,37.136768599999996,50.57096659198246,47.606123631601044,63.2266459833887,30
wind_323696,6,15,37.0724394,41.430204080581426,50.86083678302846,66.15683286803635,30
wind_323696,6,16,52.20477663333333,64.43729625099175,60.577118996551256,69.05174928586594,30
wind_323696,6,17,46.85565089999999,49.52376040860667,68.83098173243913,73.40250147998206,30
wind_323696,6,18,46.90932680000001,51.76900455684788,72.53876879007977,74.22786750196916,30
wind_323696,6,19,60.173298233333334,67.67581803788867,73.7552977501798,73.81648213402431,30
wind_323696,6,20,56.23573293333333,71.73985421495146,81.22498197118891,78.13687374545368,30
wind_323696,6,21,53.493522866666666,63.64354898638694,67.66433791368534,72.78821431826113,30
wind_323696,6,22,45.98603646666667,60.951180203488946,63.575130785916855,68.86804413653131,30
wind_323696,6,23,43.00538123333333,59.54660838647067,55.749051053386026,65.2970096269414,30
wind_323696,7,0,26.97054693548387,48.648380529614926,37.398971419726436,50.37291947854694,31
wind_323696,7,1,27.863369838709684,50.10313899546219,43.3774238763593,53.93597722342951,31
wind_323696,7,2,36.732753645161296,47.14911615029387,47.17125583455843,51.60764557852957,31
wind_323696,7,3,39.01445164516129,45.99650805361592,52.205020993204094,49.87094127908977,31
wind_323696,7,4,51.026789354838705,50.372943601040255,54.52104042330919,53.567975230022896,31
wind_323696,7,5,46.7350445483871,47.96481994897508,46.255646387232865,48.24055729388696,31
wind_323696,7,6,47.979560709677415,49.56087508966218,41.088015758776905,42.53784043135701,31
wind_323696,7,7,52.159162096774196,52.901977358048484,44.94357462336954,46.4264843511514,31
wind_323696,7,8,48.593369806451605,48.077675223397435,41.999393679659335,41.68744488590467,31
wind_323696,7,9,48.48752935483871,51.089012160110244,45.37964871381529,42.11904232338076,31
wind_323696,7,10,36.74788112903226,38.4007013523449,49.06032152839177,44.36959216025078,31
wind_323696,7,11,28.040206774193553,33.024459617211726,44.15113647396283,49.11684831248344,31
wind_323696,7,12,20.087020903225806,28.69313034547499,35.300550191111334,44.53854694812761,31
wind_323696,7,13,16.132298741935486,27.025025206022725,26.671350455903838,34.701130417892635,31
wind_323696,7,14,16.64203616129032,30.45918948782464,28.06470034793047,35.48786678855726,31
wind_323696,7,15,19.826277064516127,38.477283768858456,30.331922422765395,41.700581559138506,31
wind_323696,7,16,20.403968774193547,35.30398751788349,32.678482464313724,45.29331068931691,31
wind_323696,7,17,23.128466096774197,41.73655306309622,34.42232875932645,43.10895938185933,31
wind_323696,7,18,26.45277725806452,40.54861608379216,37.85594022487573,51.11017024289048,31
wind_323696,7,19,31.045657161290322,44.841473776967256,40.24797107344799,53.927463509344726,31
wind_323696,7,20,26.420211903225805,41.475240026629756,42.65927090452826,57.998013783885455,31
wind_323696,7,21,26.535103548387102,45.62439037035266,42.10196907516272,58.90136973210957,31
wind_323696,7,22,21.520826806451616,36.61021168623903,36.329833378708116,50.26025991840583,31
wind_323696,7,23,19.227980322580645,38.0685245385833,33.34031311491629,49.63193045238396,31
wind_323696,8,0,34.032836387096765,42.44167916552952,40.5634051989955,46.97797225222858,31
wind_323696,8,1,41.047697322580646,43.45910127050432,48.008351232308414,52.60005586379952,31
wind_323696,8,2,46.49682438709677,48.43269830718313,51.944470261411446,61.12130237280288,31
wind_323696,8,3,47.39209335483873,48.122060163730865,57.318847036718964,57.41326766229917,31
wind_323696,8,4,54.42949725806451,56.84472881222273,65.24063433255876,60.140563635094026,31
wind_323696,8,5,58.00101719354839,53.03767169385652,73.96056611999752,64.21549316392283,31
wind_323696,8,6,60.476269354838706,57.17995208335016,70.48169111204373,60.74574601226613,31
wind_323696,8,7,56.254242193548386,53.041148052955215,63.46926825939824,53.61625954286491,31
wind_323696,8,8,55.83419622580645,52.23566313266346,62.98644389495955,53.37215978966027,31
wind_323696,8,9,50.77318177419354,44.18819575707468,63.31421294976676,54.652977057318964,31
wind_323696,8,10,52.76774745161291,42.54376241200552,60.86684693402377,58.006413987358954,31
wind_323696,8,11,47.10878806451614,42.97312283539414,61.741475313753035,59.966680391724736,31
wind_323696,8,12,32.159602322580646,36.42615084155719,52.56275252122487,57.884099827041084,31
wind_323696,8,13,24.39862280645162,32.840636011484875,47.21186233078387,58.92965166447675,31
wind_323696,8,14,18.606661483870965,26.580541773121897,43.893708905836405,55.769228438191504,31
wind_323696,8,15,20.00950925806452,29.975289042518494,41.060195479499534,55.131658510603884,31
wind_323696,8,16,20.09531674193548,30.522241822044215,36.81533940948451,45.840612427796074,31
wind_323696,8,17,22.880719161290326,32.664458586566965,38.004883094675684,45.48766040590634,31
wind_323696,8,18,23.422814516129034,33.59061685028613,36.005058921875765,46.72049010822276,31
wind_323696,8,19,23.638366451612903,27.769064524042943,33.974624518709255,43.753982742993635,31
wind_323696,8,20,27.093247225806454,40.87620688288457,33.02727836227677,30.764663743674205,31
wind_323696,8,21,26.138187516129033,39.34670907095828,30.971363567404612,32.04308500927416,31
wind_323696,8,22,26.314931129032257,43.06425054870178,35.16468594473557,43.37906831380381,31
wind_323696,8,23,24.717692516129038,31.91918939202613,30.899883526512472,35.22637439034627,31
wind_323696,9,0,29.292019833333327,39.81223885525891,40.069960395248536,46.898032044667985,30
wind_323696,9,1,33.08128956666666,46.561733905820844,41.83374357152679,52.050597155273124,30
wind_323696,9,2,38.49424056666667,49.1498939245858,48.61141190282773,57.26675862718145,30
wind_323696,9,3,44.0651551,53.30726805429726,50.75058008783555,62.32799874716504,30
wind_323696,9,4,44.7322912,56.405041335852694,54.38779878725688,67.09771386566419,30
wind_323696,9,5,48.34972343333333,60.21795254023375,62.42174475648354,72.19584328039726,30
wind_323696,9,6,51.3299317,59.17210106753367,63.85607416947622,73.4841840605158,30
wind_323696,9,7,53.894053899999996,62.71886441780146,60.43495795707576,72.91954434553159,30
wind_323696,9,8,52.47350513333333,64.64885280657764,59.248642653712,71.196175428441,30
wind_323696,9,9,50.630950166666665,57.86851166306447,56.28689439587573,67.44870921166009,30
wind_323696,9,10,43.601713966666665,53.64267884416248,54.71874916092417,66.78286512700943,30
wind_323696,9,11,39.06973299999999,50.128302376009515,49.45262793561463,57.97437219870394,30
wind_323696,9,12,29.002224500000004,36.73389440060588,46.09898195685211,54.737309529068796,30
wind_323696,9,13,21.414881999999995,33.2951117374003,38.08620218269955,50.617944193264336,30
wind_323696,9,14,22.759446166666667,40.573996860340955,34.24822359578507,44.016684102576264,30
wind_323696,9,15,23.21722323333334,34.845436653165144,36.56848820146312,48.04402435690495,30
wind_323696,9,16,27.6232799,46.65540813998078,39.664513057308994,54.1807974180596,30
wind_323696,9,17,30.39038293333334,45.96656335827587,40.043057847482025,55.918279820765754,30
wind_323696,9,18,34.7537985,54.40428631382736,42.49829252086209,62.401361733584196,30
wind_323696,9,19,34.32667289999999,56.41289539329559,37.13533729886487,58.88315997365082,30
wind_323696,9,20,29.31330926666666,47.27710433179367,38.36825577712205,56.66516205976868,30
wind_323696,9,21,26.66211876666667,43.377492832974056,38.01312906985619,55.43456385292547,30
wind_323696,9,22,22.16920473333333,34.80831999052863,30.52902119559835,44.82803277132788,30
wind_323696,9,23,26.771217200000002,40.43015232179122,33.37082667893566,43.90117391052202,30
wind_323696,10,0,75.51582990322582,66.79998331048685,100.20196004973755,75.38378235534843,31
wind_323696,10,1,81.64961148387097,64.63425653087802,109.75357752747327,69.92061730366736,31
wind_323696,10,2,81.624876,65.09642736547477,109.83597944137392,71.59887987492134,31
wind_323696,10,3,89.72136774193548,64.19026985920154,102.87169751917787,72.59673806687448,31
wind_323696,10,4,90.80794474193549,66.60381452484273,97.37011519264551,75.10027890639671,31
wind_323696,10,5,87.1330512580645,67.20488640479367,94.98037475077193,74.38173368782321,31
wind_323696,10,6,83.82973270967742,65.3973321162404,92.05699064756026,78.18689330965482,31
wind_323696,10,7,80.65238712903228,68.21421514021895,88.34379022530337,76.24370436203996,31
wind_323696,10,8,77.40904929032259,66.03132574759354,85.96547516637864,74.37045519972833,31
wind_323696,10,9,87.6179270967742,74.22816494741264,90.18725869643626,76.66966985524753,31
wind_323696,10,10,80.36793467741934,71.64959769241324,96.37285322319691,78.52974440262153,31
wind_323696,10,11,84.98367777419355,75.44004521431552,96.58005505111531,79.42060667069087,31
wind_323696,10,12,89.96108141935483,76.81463737809308,99.08391216359945,78.8239038606054,31
wind_323696,10,13,77.53137519354837,75.54254263969062,92.59025750078577,78.40018972142614,31
wind_323696,10,14,68.07826238709677,73.00173509056002,85.82042356690683,77.3589010318869,31
wind_323696,10,15,63.20191187096775,69.67290865540083,77.70072127446346,74.68434007318642,31
wind_323696,10,16,62.13521296774193,68.91228264965467,77.8302818942988,76.0884459775118,31
wind_323696,10,17,64.67950458064517,65.86944891287831,81.81991038223815,78.82632892861436,31
wind_323696,10,18,66.95754922580646,68.52874967026884,86.42144406276259,78.74929487692728,31
wind_323696,10,19,70.72878467741936,67.007561016014,88.01244419484618,81.59512220171689,31
wind_323696,10,20,67.26984241935486,66.86687245978176,89.37370480657411,76.99518865889266,31
wind_323696,10,21,66.51433216129033,69.0926875402203,92.06006538826102,75.08040928526822,31
wind_323696,10,22,66.67045203225808,63.914779075442084,93.26819882221477,72.71749848786463,31
wind_323696,10,23,75.23563609677419,68.08657257676342,106.92397305586675,75.16056151154939,31
wind_323696,11,0,101.37863533333332,74.22544704635818,103.92055106148395,75.48378501502559,30
wind_323696,11,1,96.90160676666666,76.4013906240551,107.48236113872213,74.03972219498,30
wind_323696,11,2,96.78721476666665,79.2211595099599,105.9208508435815,79.37824615872388,30
wind_323696,11,3,89.66909373333333,78.48425112091047,102.58911706882627,79.54981202103824,30
wind_323696,11,4,85.05025126666666,85.64682645545517,103.70068667727537,79.97537001196311,30
wind_323696,11,5,92.52315229999999,83.87352338748605,103.11117088173798,80.88794868352461,30
wind_323696,11,6,97.6191602,83.64976699686454,107.17018874274342,84.54510438036708,30
wind_323696,11,7,104.97445576666665,83.86458498636429,108.76001255896904,85.75788959031519,30
wind_323696,11,8,100.82729613333335,82.99814099466123,114.1517976606238,88.13056392339557,30
wind_323696,11,9,100.56929456666667,85.95387881175611,111.918790713871,87.91737039550787,30
wind_323696,11,10,99.56859656666667,86.42156989266981,111.90205403663094,86.93360129643814,30
wind_323696,11,11,102.58896736666667,85.72161532736467,112.80785908113411,86.19719403880686,30
wind_323696,11,12,103.32195353333333,84.25077531560125,107.23359212643504,86.94191901547029,30
wind_323696,11,13,99.82699443333331,82.32036172448015,109.81826257423192,86.5675566229885,30
wind_323696,11,14,90.24957436666665,85.78874972536192,105.7686006987694,86.17170261659173,30
wind_323696,11,15,83.84504779999999,86.62386202309301,101.97355259313765,85.51257257898764,30
wind_323696,11,16,86.13266413333332,87.44335426529177,101.3385900091159,87.01485524127825,30
wind_323696,11,17,89.04280986666666,85.15632526229206,102.78027311533104,85.41840589356735,30
wind_323696,11,18,93.63108766666666,81.18567390097459,107.41015139188461,85.57616231770166,30
wind_323696,11,19,93.16178590000001,81.03875223132928,111.98242622168074,81.12577917251515,30
wind_323696,11,20,88.15891783333332,74.32516589820135,111.04995395664996,80.71119067044653,30
wind_323696,11,21,89.26127600000001,74.79668165281657,109.80845061963763,80.47286726346874,30
wind_323696,11,22,94.32852820000001,75.03285416407148,113.4361735951784,78.95246331485745,30
wind_323696,11,23,92.86343186666666,75.00710088540274,109.49540249650248,80.80829369667057,30
wind_323696,12,0,82.24069848387099,77.6384344724297,86.45594826037053,79.89335504744072,31
wind_323696,12,1,86.4851390967742,80.87688383834151,85.50077636717467,80.99524938075494,31
wind_323696,12,2,87.20360329032258,82.0214312791231,87.821062621486,82.02161526713745,31
wind_323696,12,3,78.00987341935485,79.407361935289,92.13945046622048,79.6856476977636,31
wind_323696,12,4,80.67439980645162,78.29812252637556,95.64516484428138,80.93778614501556,31
wind_323696,12,5,78.78243167741937,80.35232067967446,100.799886485077,83.82442243805322,31
wind_323696,12,6,81.22607722580645,83.29925635335749,100.21292959880252,84.45841940580206,31
wind_323696,12,7,77.28834809677421,81.43668308230045,98.71616804621596,85.47599836082253,31
wind_323696,12,8,73.93797625806452,79.75295574184693,98.3400712417633,86.50890853907579,31
wind_323696,12,9,80.79487951612903,81.00645713395934,95.22516849863497,83.20071533808363,31
wind_323696,12,10,79.73276874193549,75.39046144126296,96.49401632199437,83.65503751427154,31
wind_323696,12,11,85.72786806451613,76.87777683673413,89.25477183178309,78.42241550691362,31
wind_323696,12,12,82.14506112903227,79.69002295545639,85.05484176059042,75.14945616637685,31
wind_323696,12,13,78.64309435483872,78.20285991050196,85.65979099881172,74.93151757543488,31
wind_323696,12,14,74.72868587096772,76.38391709952081,82.71519990997723,75.43044735403004,31
wind_323696,12,15,64.66091070967742,74.06911313260397,77.04395876002593,71.77500914474012,31
wind_323696,12,16,59.08932832258065,75.04865935004122,76.58172910065194,74.3478928654834,31
wind_323696,12,17,58.74150441935484,73.65621936259127,76.72801639006256,76.66808751096586,31
wind_323696,12,18,60.61947012903226,75.71434528872551,74.2817682283932,79.25918086755476,31
wind_323696,12,19,63.09949448387098,78.0961576787434,76.80762461563599,83.47187923989942,31
wind_323696,12,20,67.45796564516131,78.53847527390685,76.11589380248589,84.5715494657334,31
wind_323696,12,21,74.71267774193548,82.64643139623516,80.38756534832135,84.1375422181422,31
wind_323696,12,22,80.04175041935484,81.08861656873889,83.52788015833633,82.17955023300387,31
wind_323696,12,23,83.77095719354838,76.91441261260007,86.85318527101333,80.36257187691182,31
wind_323706,1,0,51.20781541935484,36.595718171956314,48.399628576636594,37.37901703272358,31
wind_323706,1,1,50.621021967741925,36.640331870589215,47.87186877787134,35.411853066004156,31
wind_323706,1,2,50.24177454838711,36.76486339816018,50.67901302130057,36.24772419603852,31
wind_323706,1,3,51.212532225806456,36.87164425805623,50.75175524779852,36.776833289619844,31
wind_323706,1,4,49.829711161290334,35.770780620623825,50.4781269473262,36.08686617167161,31
wind_323706,1,5,51.77306241935484,36.06997152604539,51.600534469930565,35.15441871336462,31
wind_323706,1,6,52.70361225806452,34.86749860999374,53.631782239041335,33.5418792339453,31
wind_323706,1,7,53.859283612903226,36.80178192836982,52.53322649026518,34.19181591739531,31
wind_323706,1,8,52.50338870967743,36.008597374129735,51.817849054877115,34.854457643750756,31
wind_323706,1,9,49.6135917419355,35.34142762227545,52.49292342827244,35.06694802593403,31
wind_323706,1,10,50.28301003225806,35.392220038572724,48.927910612712246,35.122603198358426,31
wind_323706,1,11,48.73704651612903,36.6346994168094,48.138276132491335,36.29620317745703,31
wind_323706,1,12,51.14705541935486,36.400693972945405,47.267087235292564,37.3742200781986,31
wind_323706,1,13,47.416209419354836,35.36703357164508,50.64907628274761,36.24023392786518,31
wind_323706,1,14,48.28452725806451,34.25530435338439,52.236140085937315,34.78869271842454,31
wind_323706,1,15,53.198228903225804,34.99466151556367,56.206125218123205,33.2531610034712,31
wind_323706,1,16,53.60428806451614,35.76644309539429,58.255183418011306,33.57909173717518,31
wind_323706,1,17,54.83485929032259,35.15171076565197,60.14250297421106,33.602185395520706,31
wind_323706,1,18,54.34477712903226,35.93161163796857,58.37273588740217,33.35870958603913,31
wind_323706,1,19,52.485948935483876,34.34504367374758,56.46238959565825,33.89752965199618,31
wind_323706,1,20,54.15335380645161,35.391256346743525,55.562113188194026,32.48502041174471,31
wind_323706,1,21,51.642515193548384,36.19481468239296,55.447854579263705,33.75550460032052,31
wind_323706,1,22,50.66321341935485,37.10463816392829,55.428305461271705,33.49601742934142,31
wind_323706,1,23,51.00779077419356,35.55045158828897,54.37031890466784,33.212550307304,31
wind_323706,2,0,45.118309310344834,38.64138926750001,48.28460938031026,39.399119574623825,29
wind_323706,2,1,47.70390689655173,38.91145041140927,43.84097641880266,38.574040098141545,29
wind_323706,2,2,47.59869437931035,39.92643539665988,45.918955315816746,40.21073955550105,29
wind_323706,2,3,51.033500827586224,39.9187552375262,49.829020487656464,40.64482035232712,29
wind_323706,2,4,52.92658844827587,39.61271017781437,50.42378608727871,40.70753067548133,29
wind_323706,2,5,52.57963410344828,40.46096811490982,52.63521403195368,40.29160521300719,29
wind_323706,2,6,52.20133896551725,40.28611507512532,52.3973521008559,40.55877005193527,29
wind_323706,2,7,53.3084239310345,40.37132282784533,51.87738600746781,39.69540205317626,29
wind_323706,2,8,50.92366537931036,39.900147132271705,50.58808789082974,38.7458369212409,29
wind_323706,2,9,49.5062327586207,38.85841293892817,48.850238480775445,38.38007910661668,29
wind_323706,2,10,49.07847544827587,39.14974131498393,49.540015336074426,39.09622022148832,29
wind_323706,2,11,46.808820965517256,40.52434743548849,50.04253304188278,37.901856929993535,29
wind_323706,2,12,46.34415672413793,40.29686415659039,50.31022843675009,37.362182333999996,29
wind_323706,2,13,44.72458424137932,40.77727567929293,49.38519979476736,37.47919133079837,29
wind_323706,2,14,44.471811655172424,39.682195651123315,49.48771040490798,36.71589385487706,29
wind_323706,2,15,43.022173827586215,38.01209148295625,47.750616721253316,37.87178389862574,29
wind_323706,2,16,41.998712172413796,37.00777312264928,48.033017314186104,38.53183651222839,29
wind_323706,2,17,44.094725206896555,39.31834780627726,48.81696723657052,40.617024789045225,29
wind_323706,2,18,47.76091944827587,41.84988360650698,48.33021091296014,41.25405131632381,29
wind_323706,2,19,49.487247758620704,41.32889221818505,48.77543121147688,41.65639145422161,29
wind_323706,2,20,45.861901827586216,41.323039450938204,49.07206219893035,41.740847640635266,29
wind_323706,2,21,45.16792603448276,41.26687353424777,48.22093136797968,40.94687060504843,29
wind_323706,2,22,42.05412424137931,39.62790081977944,45.06311147565927,39.24216167996867,29
wind_323706,2,23,43.60017355172414,39.23728148427424,46.62485306292933,39.069048245070654,29
wind_323706,3,0,59.070229000000005,31.942661316541503,65.0566222715866,31.607033506194494,31
wind_323706,3,1,65.78274267741936,30.576352961204865,70.01867087231061,28.826210870398278,31
wind_323706,3,2,64.90895477419356,31.11375317700969,67.88292478957072,28.98575218435835,31
wind_323706,3,3,61.4108960967742,32.81558426202461,62.4622548174389,33.25320886776643,31
wind_323706,3,4,62.79944280645162,34.23252819398742,61.80405673742156,33.427199175226775,31
wind_323706,3,5,63.61422129032259,32.750753847519206,61.765123922587584,33.24904261875532,31
wind_323706,3,6,64.17691383870968,31.39458674344773,62.88030138606947,34.88642119803908,31
wind_323706,3,7,63.356797806451624,33.92531434193512,64.01067078367937,36.04621374160742,31
wind_323706,3,8,61.92060874193548,36.00251556766076,61.31048748558729,36.68971566285755,31
wind_323706,3,9,60.000569806451615,36.64853393576503,60.93504536958816,36.33108221035352,31
wind_323706,3,10,56.466122225806465,36.578588615502476,59.481490592002906,34.497682753619046,31
wind_323706,3,11,59.907917483870975,38.14823621896464,60.06094919699681,34.1053650194285,31
wind_323706,3,12,56.14266451612904,35.68823296487245,59.05811997536582,36.48807861782647,31
wind_323706,3,13,53.497026419354846,36.269631144528574,56.7272307496115,36.724413029394995,31
wind_323706,3,14,48.8436706451613,36.04937683986624,55.35651893565111,35.05434129762065,31
wind_323706,3,15,47.08451312903226,35.36280507561158,53.71521725525914,34.411677342189385,31
wind_323706,3,16,45.033255290322586,34.98981763973106,54.16738776180304,34.61967823648218,31
wind_323706,3,17,47.31681448387097,36.47215395742308,52.531068067391395,34.33967047398852,31
wind_323706,3,18,48.192844709677416,36.14740264043045,55.83234735916303,35.790775802000404,31
wind_323706,3,19,48.15952306451613,35.57135596801422,56.108954268602886,35.27007247906748,31
wind_323706,3,20,49.36931877419355,36.202920865637374,56.36608525261094,34.497229530200755,31
wind_323706,3,21,49.688477322580646,36.9631802750349,58.26348220667278,33.27359440887231,31
wind_323706,3,22,48.82843335483872,35.53190676357323,57.44051462098764,33.38675759681843,31
wind_323706,3,23,52.21526858064517,33.26338059216368,56.044160695536824,33.7145382241014,31
wind_323706,4,0,45.168841966666676,33.95764866348597,42.75735387572105,31.847862644662865,30
wind_323706,4,1,45.735132500000006,34.005700170870476,45.32406738441228,32.38466190848302,30
wind_323706,4,2,40.52789433333334,34.030198354051514,45.80605516976202,33.95059497792995,30
wind_323706,4,3,41.97591116666667,34.35108002796448,45.77896586346212,33.07637633698032,30
wind_323706,4,4,46.61274373333333,35.8064536746451,47.41265435124409,34.61062951014779,30
wind_323706,4,5,48.06367290000001,32.650870285146155,47.311240906297925,33.15375340933438,30
wind_323706,4,6,48.46557003333334,32.46206780597817,49.89536739392523,32.930959889095035,30
wind_323706,4,7,48.2637135,31.60911936733188,49.91388510260466,34.12849019294499,30
wind_323706,4,8,46.41526813333334,33.207870767089055,50.84928396126892,33.296494496921966,30
wind_323706,4,9,47.54349213333333,32.36087775706809,51.92792963747503,33.62468945720632,30
wind_323706,4,10,47.40028806666667,34.35640756105608,52.78254191744649,34.003490782096,30
wind_323706,4,11,46.08684956666668,34.3064408473449,48.99606119919248,33.780799339398484,30
wind_323706,4,12,46.324701499999996,36.00588468062921,48.14070739862546,34.21652029538608,30
wind_323706,4,13,44.314262866666674,34.94077736387331,44.40468735343903,36.374978456032515,30
wind_323706,4,14,43.35870636666666,36.84657010189503,47.19927083875742,35.74194485626301,30
wind_323706,4,15,42.2774366,37.926971004345894,49.170560616409894,37.78778511259753,30
wind_323706,4,16,45.30473423333333,35.982162406492364,50.99416480903574,38.828446732049485,30
wind_323706,4,17,48.22427213333332,39.359526123272246,54.60961092702215,38.45573297213015,30
wind_323706,4,18,49.94563186666667,39.66748167082297,51.42789266046181,36.86502365560821,30
wind_323706,4,19,50.767067266666665,38.95707223305787,52.64336236555064,35.53348826177051,30
wind_323706,4,20,52.32511376666668,39.64103780498785,55.68197795529048,36.556208664662364,30
wind_323706,4,21,51.7185718,37.033417679134644,53.224733907626906,36.0255420490986,30
wind_323706,4,22,45.82669733333333,35.12184481282161,51.20431968380152,34.48604182299706,30
wind_323706,4,23,46.29989796666667,33.939353565749,49.331053940695014,33.87477440089026,30
wind_323706,5,0,26.205608580645162,30.23645738555475,27.065355239012217,28.79699666582856,31
wind_323706,5,1,27.560338419354835,30.09956139299225,31.8901494382745,30.901751274058636,31
wind_323706,5,2,31.268129354838706,30.672090760632262,32.93271386207559,32.97067317149916,31
wind_323706,5,3,36.61083961290322,31.695208445484642,33.45370960469508,31.0869598524992,31
wind_323706,5,4,35.44642964516129,30.545039719576334,34.51251466221839,32.3673338845362,31
wind_323706,5,5,38.31123003225807,31.67724714137573,35.89636492565922,33.309487172339786,31
wind_323706,5,6,37.9625264516129,35.21431931373539,39.96040642095727,36.98470873508512,31
wind_323706,5,7,37.600570419354845,36.52348690068363,39.399320227644004,36.91858857520914,31
wind_323706,5,8,35.533278548387095,35.981177584816486,39.090230745871835,37.157644840688484,31
wind_323706,5,9,34.45622187096775,37.67441091785778,38.0545476231567,37.50880882677243,31
wind_323706,5,10,33.330773838709675,37.923905402032105,37.26447594077256,37.72155886985472,31
wind_323706,5,11,33.278559967741934,35.892033492326696,36.78232742491792,37.48737726444553,31
wind_323706,5,12,27.62070877419355,32.22115021279677,31.732804963605183,34.71486392657881,31
wind_323706,5,13,21.880661129032255,30.38614535802402,27.860635496316018,32.74180044894849,31
wind_323706,5,14,22.443366,32.52224044593342,24.857917766049223,29.95432900326577,31
wind_323706,5,15,24.215470967741936,32.87680362964166,25.210151214059458,30.392341311393402,31
wind_323706,5,16,23.647914225806453,32.739280439460956,25.279169296518212,31.003788490840293,31
wind_323706,5,17,24.487493161290324,32.904326038404214,28.447330602570677,32.37793321583393,31
wind_323706,5,18,25.52741312903226,31.485899448112928,30.2397739393901,33.21731629507899,31
wind_323706,5,19,28.161881612903233,34.777686613180386,29.3424102092929,31.94823517239386,31
wind_323706,5,20,26.75796222580645,27.935505069848126,29.992503297613773,31.10436271377128,31
wind_323706,5,21,28.556233516129033,30.128497595993156,26.154375693239214,25.364248858702098,31
wind_323706,5,22,25.672676709677418,27.89618913539451,23.194893889000365,25.06560498435645,31
wind_323706,5,23,23.009032000000005,29.11166750393481,23.05917488233957,26.4206933051971,31
wind_323706,6,0,29.689535799999994,34.43533373501641,25.182938246904445,29.464721602715745,30
wind_323706,6,1,29.474496100000007,32.979430456630105,27.358756491385186,31.36459841542214,30
wind_323706,6,2,30.910929633333335,34.46110107627697,32.444730958801536,34.0054825430064,30
wind_323706,6,3,34.4405681,36.10008161029938,33.124060717439065,34.166892605211984,30
wind_323706,6,4,36.633533366666676,36.436171545120345,31.882057483006022,31.602885556653668,30
wind_323706,6,5,42.66134060000001,36.54209690336867,37.324981970844114,32.95306285920509,30
wind_323706,6,6,43.8525541,35.77615777747682,39.53614369790979,31.8192340784405,30
wind_323706,6,7,49.7760238,37.3995477201698,44.71415893620132,33.511002018288664,30
wind_323706,6,8,48.18895636666666,36.76245841716316,46.16045547449912,35.515696925220624,30
wind_323706,6,9,48.13701763333333,33.6900536071735,44.78888496789999,34.909044551085636,30
wind_323706,6,10,40.924987333333334,33.57999237910775,41.79637383937564,33.897923299425834,30
wind_323706,6,11,38.491169766666665,32.73740482824498,39.6904244829116,33.870421826603966,30
wind_323706,6,12,33.197252299999995,30.689387877817715,36.7674775647675,33.311605231571974,30
wind_323706,6,13,27.197193066666667,30.90325961615031,34.29024175520623,33.84144226386289,30
wind_323706,6,14,27.89191086666666,32.65380716832257,29.92472823058456,33.952520230615086,30
wind_323706,6,15,31.166325466666667,33.3464180701999,32.73874339572631,36.60282235394852,30
wind_323706,6,16,30.951924199999997,35.06010243850338,35.04914203072044,38.52448338208723,30
wind_323706,6,17,34.75413483333334,37.46955176522424,35.771387992597944,38.84630426373013,30
wind_323706,6,18,35.36323796666667,38.2471053555452,38.29345949308093,40.32451424394071,30
wind_323706,6,19,35.09925239999999,37.66984554344457,34.48871599224949,37.77407565969909,30
wind_323706,6,20,32.90970146666667,37.21312640510271,33.797327996828834,36.61420348288848,30
wind_323706,6,21,34.154574200000006,37.96673214962695,32.739714868154046,35.37359898862204,30
wind_323706,6,22,30.983827766666664,37.110462511599735,34.85039740406754,31.31871486848014,30
wind_323706,6,23,30.7722112,36.49331288036566,38.08928157042988,35.90386561847779,30
wind_323706,7,0,20.21032341935484,30.646521401936617,20.243924420719388,27.38559002550331,31
wind_323706,7,1,19.242464741935482,27.10379191787632,20.205724151995984,27.05710125899213,31
wind_323706,7,2,20.693885903225805,24.128693790516138,18.882019262996174,22.68481662232533,31
wind_323706,7,3,19.611803548387098,22.101049554501625,19.383919137091006,23.36191757049172,31
wind_323706,7,4,21.017728935483873,22.125133099927677,18.016608255386007,24.023972305544202,31
wind_323706,7,5,21.221474451612906,22.396260392474527,17.839358595901146,24.36189670459763,31
wind_323706,7,6,21.826517258064513,25.141789733146073,18.473200699683574,21.186457203303725,31
wind_323706,7,7,21.287487064516128,21.309548909564445,18.72969965603297,19.238667203826648,31
wind_323706,7,8,22.666867258064514,21.975574775836552,21.317769576546493,20.931362765640632,31
wind_323706,7,9,23.956237903225812,21.831154647440314,22.656489246685094,21.05373169868998,31
wind_323706,7,10,17.530627129032258,18.73612326747507,23.442753807988733,22.914847448446437,31
wind_323706,7,11,19.602620516129033,22.60264770074384,24.199555494273945,25.25973844967103,31
wind_323706,7,12,14.491911645161291,18.502115043562213,20.186226397759473,23.04879304764005,31
wind_323706,7,13,12.94273270967742,20.201003520737288,17.584976273537315,24.93685257453816,31
wind_323706,7,14,12.307637129032257,18.719941601696686,15.989641270210713,23.82264375965107,31
wind_323706,7,15,12.755032903225807,21.035953033394218,16.01074746684042,24.406906527660045,31
wind_323706,7,16,13.615594,22.05695802420397,14.79910717070843,24.593536825315173,31
wind_323706,7,17,17.764369967741935,26.45932286256219,16.71902973764629,24.13946170127084,31
wind_323706,7,18,15.20591258064516,22.92984808637634,17.53726858702215,24.984727388339977,31
wind_323706,7,19,18.189953774193548,25.18465054542654,19.290173185711872,24.304369511736756,31
wind_323706,7,20,19.50289125806452,26.7908396273624,19.39903562293558,25.341786252036922,31
wind_323706,7,21,16.906865,23.748470974951896,21.36320260973604,26.284959730060862,31
wind_323706,7,22,14.345356903225808,20.303708719924202,18.927514345495652,23.060561191155603,31
wind_323706,7,23,14.393139612903227,21.089490431473223,18.455754302401274,26.077867690632004,31
wind_323706,8,0,25.35145948387097,26.93850117037523,26.483657874943848,27.73405146265677,31
wind_323706,8,1,28.318000129032253,30.475388084599143,27.355656484857516,27.65995006871555,31
wind_323706,8,2,28.232391580645164,31.333066411340837,32.11606896191165,31.051106526229457,31
wind_323706,8,3,26.693134870967743,29.929717981395722,29.771933584789913,29.631743617355728,31
wind_323706,8,4,27.304560709677414,29.255769941050858,29.66283291566147,31.01046246429706,31
wind_323706,8,5,30.750740419354837,30.3581669273502,29.37152138474546,29.56884688347918,31
wind_323706,8,6,31.721241258064516,27.2665004449672,28.24276711920835,30.705254248391725,31
wind_323706,8,7,32.75542551612904,29.09216143304955,26.851976049372084,25.911975343800812,31
wind_323706,8,8,31.251204645161287,28.46608386525444,26.51229927123704,26.394799630573,31
wind_323706,8,9,30.847917161290322,27.02777840372372,26.34416739203638,24.446943785672953,31
wind_323706,8,10,25.817497096774193,23.450889325902967,28.7690057106898,25.690401540761254,31
wind_323706,8,11,24.395102161290325,22.710589120435333,28.470413037161446,25.714191911945825,31
wind_323706,8,12,18.8504644516129,19.869211808390244,22.645119498842963,22.676618117066543,31
wind_323706,8,13,17.13991070967742,19.60304851040306,19.19069136159485,19.85132495478495,31
wind_323706,8,14,17.336711193548386,19.135135798792355,19.067643003397205,22.29490982025327,31
wind_323706,8,15,19.255160741935484,22.034688324573928,19.508845459851624,23.35028302682739,31
wind_323706,8,16,23.00096932258064,25.43943639867755,19.893233543335896,23.516556133503258,31
wind_323706,8,17,22.215698903225807,24.088460713578765,21.43360918813797,24.803504570732336,31
wind_323706,8,18,20.43717767741935,24.299796775537107,25.899748013045315,29.83217456268262,31
wind_323706,8,19,19.151474193548385,23.284374962437976,28.01631615186046,32.27297501684891,31
wind_323706,8,20,22.941048677419353,27.620425910236612,27.95642696802867,31.920692917143292,31
wind_323706,8,21,22.873394193548386,27.670504336153563,27.427082883459086,29.135470627391648,31
wind_323706,8,22,23.71396758064516,26.572143782654543,26.248958933162815,27.533414276110655,31
wind_323706,8,23,22.563610322580647,24.843314534179914,22.119564912063673,24.80763296721481,31
wind_323706,9,0,24.840929933333335,28.53165385399719,29.592152266377813,30.474177935966267,30
wind_323706,9,1,28.0473731,27.473301829679603,30.547108397782136,29.068279241127673,30
wind_323706,9,2,34.99336576666667,32.00658279520175,34.238614614712944,30.618949304595997,30
wind_323706,9,3,32.43943303333333,28.80414152030218,35.5285355678129,31.475204789071704,30
wind_323706,9,4,39.76027173333333,30.034485540677696,37.396047467743095,32.098179119846705,30
wind_323706,9,5,39.227036433333325,29.913504952301267,37.003416325711655,31.15211445617776,30
wind_323706,9,6,42.0491016,32.27343458948342,41.172252281717206,30.979755304299893,30
wind_323706,9,7,46.62618713333333,31.46734438016544,41.051602549567875,30.84023230806299,30
wind_323706,9,8,43.28851973333333,28.807185077661092,40.14967028849391,30.22661049264023,30
wind_323706,9,9,41.610821699999995,31.24331650605256,42.92638135293774,32.44071277893824,30
wind_323706,9,10,34.203945966666666,30.09926008871374,41.26579341236869,32.412110487875665,30
wind_323706,9,11,31.978040766666663,30.375293563278387,41.30907438590273,33.63655092882887,30
wind_323706,9,12,31.118096966666666,29.97113380877023,38.58158093609094,33.44365358351309,30
wind_323706,9,13,26.187274533333337,29.474669767581318,30.809179384466162,32.35654998624007,30
wind_323706,9,14,21.322850966666667,28.546569297616305,25.40262641745281,32.38901689891198,30
wind_323706,9,15,23.584074366666663,32.216230436267715,24.742692229106616,33.975688857617214,30
wind_323706,9,16,25.241373533333334,35.612407075542876,23.66993151729807,34.03916340684512,30
wind_323706,9,17,22.393391533333332,33.3105748021706,23.638143215541838,33.7856799529895,30
wind_323706,9,18,24.435925499999996,35.57758552687006,25.341651156268952,35.39531511563458,30
wind_323706,9,19,22.28188093333333,34.61076510463036,24.940326194778898,34.38430667252137,30
wind_323706,9,20,22.755142533333338,33.59578460986098,25.361651533418748,35.37419994880352,30
wind_323706,9,21,20.8844641,31.0714018241222,24.7869128443371,34.07963805532304,30
wind_323706,9,22,20.7986408,32.220498265604256,22.067872541563485,31.89154819890835,30
wind_323706,9,23,20.431034,29.036680694424575,25.63599681594961,31.46799545074003,30
wind_323706,10,0,40.206416354838716,35.66681253413097,40.29248864066836,31.991177326312688,31
wind_323706,10,1,41.62503225806452,35.05424625992134,45.740244868065375,33.30248322788637,31
wind_323706,10,2,39.14020903225806,31.292230701759795,44.5302546967641,32.81033211284972,31
wind_323706,10,3,41.09912183870968,31.726715562268804,44.80692925665179,34.506346234659695,31
wind_323706,10,4,39.649147451612905,32.6134544223021,43.205050327516176,33.490965720340775,31
wind_323706,10,5,39.76460890322581,32.589702753431,43.22096313110655,35.04146289538201,31
wind_323706,10,6,38.683533548387096,34.46264902631072,43.11900003218802,34.03546835926984,31
wind_323706,10,7,37.457765064516124,34.30228988412384,42.387108373962725,33.39357706096953,31
wind_323706,10,8,36.946736612903216,35.13684897019945,43.66868170459556,33.8477515812544,31
wind_323706,10,9,37.23356848387097,34.06335662367913,43.843469225720426,33.478307073051525,31
wind_323706,10,10,37.579447774193554,34.80011139516785,44.2948138015633,33.156826696756596,31
wind_323706,10,11,38.133640709677415,34.39233245090225,42.42255523777604,32.241347738272296,31
wind_323706,10,12,38.392748741935485,33.03074423486949,43.652894026806344,31.75811447738254,31
wind_323706,10,13,39.04740612903226,32.21300555453419,41.33614482434054,32.30875154504376,31
wind_323706,10,14,35.69325009677419,30.139605201471145,39.40041848101664,31.60880542340397,31
wind_323706,10,15,32.86250332258064,31.11274905216932,39.22002776414014,32.5525201503737,31
wind_323706,10,16,34.7197336451613,33.236204262768744,43.66018145380743,35.86694779491043,31
wind_323706,10,17,35.75819819354839,34.8384388446516,46.0188221960918,37.378263325275846,31
wind_323706,10,18,37.283136322580646,36.921209957044304,46.962696405361065,37.46872507009246,31
wind_323706,10,19,38.831684612903224,37.8128496281015,47.09883302274461,37.88184463009324,31
wind_323706,10,20,39.59706161290322,36.48637617722005,44.87691042703347,37.67541348166362,31
wind_323706,10,21,38.989599870967744,36.81517160892717,43.63492699569224,37.46366669040544,31
wind_323706,10,22,37.44368680645161,36.30992700855423,40.88167075387692,37.12965758444871,31
wind_323706,10,23,37.03799429032258,34.469328050349894,42.98550253854991,33.01116585126201,31
wind_323706,11,0,61.19412463333334,31.899459553573138,59.42459643369649,29.86458446212483,30
wind_323706,11,1,63.37925596666667,31.995557946438694,63.00013049246548,31.319783093097357,30
wind_323706,11,2,63.066424466666675,31.701584835139634,61.71024543016356,31.44028819911085,30
wind_323706,11,3,61.813966266666675,33.700489655409605,64.02400487731991,31.091997321398402,30
wind_323706,11,4,62.303617666666675,33.397361077690064,65.06137025807108,31.217969886904182,30
wind_323706,11,5,60.899106266666664,34.681361936821915,65.99920408019192,30.331808770205473,30
wind_323706,11,6,59.096883966666674,35.958596676047286,63.34588600065728,33.19368607550434,30
wind_323706,11,7,56.1143569,37.46724939312294,62.57669189349903,33.94628996593615,30
wind_323706,11,8,56.87162560000001,38.90305927567333,55.97510490906553,36.535502294643564,30
wind_323706,11,9,56.562618766666674,37.186357902644666,56.28792509578457,38.02131677909113,30
wind_323706,11,10,54.43095569999999,37.57513403689192,55.09065906655632,37.99673434651123,30
wind_323706,11,11,52.47502033333333,35.82952022249121,56.18912181299283,37.93823398275733,30
wind_323706,11,12,52.30020223333334,36.01923781272386,56.71273224857388,37.65034608106842,30
wind_323706,11,13,53.77517253333334,36.71966092987877,56.19408776186615,37.94529836124675,30
wind_323706,11,14,50.816001633333336,38.353891981632536,56.40158438679201,38.386605282324155,30
wind_323706,11,15,51.709192033333345,37.14884340926095,54.23154718175048,38.33930164238469,30
wind_323706,11,16,53.105717966666674,38.176305214969794,55.661624895266094,37.71698421624519,30
wind_323706,11,17,51.109250466666666,36.549191335198394,57.083765617640815,38.52382791293083,30
wind_323706,11,18,52.015325400000016,36.357477498694266,58.78169884382786,38.8908590926326,30
wind_323706,11,19,53.83328529999999,35.84306967901589,58.03436390692991,37.90020075759125,30
wind_323706,11,20,52.446607966666676,36.14113174146325,57.03724728784743,38.031751130741355,30
wind_323706,11,21,50.61882983333335,36.038184786529655,56.904862311690955,36.79842590552427,30
wind_323706,11,22,49.10029419999999,33.65317972914196,55.93339815647167,34.33435887229084,30
wind_323706,11,23,58.566564033333336,32.156599086796106,61.18427751208131,31.31017765769577,30
wind_323706,12,0,62.83199096774195,36.237338451763726,66.33014460483999,35.66306588898692,31
wind_323706,12,1,63.11205322580647,36.475689294981095,60.72946587206483,37.20532034428715,31
wind_323706,12,2,62.347913387096774,37.16367543195041,61.48465649866483,37.166525818594245,31
wind_323706,12,3,56.1650746451613,37.7514633291784,61.37338174425058,36.446764344889964,31
wind_323706,12,4,54.316705612903235,38.79556902508912,57.85275596544247,36.51072082564202,31
wind_323706,12,5,55.43950758064516,37.01668825541903,55.69304528892445,37.539632246773216,31
wind_323706,12,6,54.51480425806452,36.22191968441802,55.224752811414845,37.56897056742342,31
wind_323706,12,7,57.05474119354839,35.94680178293155,57.307829278671775,37.82039238033101,31
wind_323706,12,8,55.461547032258075,34.69468209479946,56.73557915559716,36.7737988736043,31
wind_323706,12,9,55.84454816129033,34.28936418238742,57.5193539626798,35.64011160464932,31
wind_323706,12,10,55.86274812903227,34.29543493568988,55.8568084446665,35.18188020750296,31
wind_323706,12,11,56.587467000000004,30.28873011780646,53.05832256106314,35.69542507689725,31
wind_323706,12,12,53.171526258064524,30.494861647081606,54.955874464372485,34.69247151919098,31
wind_323706,12,13,55.705731129032266,32.14009638256325,57.29359998393479,34.02619535403717,31
wind_323706,12,14,54.62170938709678,34.65339244036607,55.98193197801976,33.54125280849479,31
wind_323706,12,15,53.029809322580654,34.3423551373466,52.40722620051956,34.62027993492221,31
wind_323706,12,16,53.717673000000005,34.86795497234593,53.24507428490554,36.04059121744865,31
wind_323706,12,17,51.23805370967742,35.403192599408996,53.977832845357916,36.279556676762255,31
wind_323706,12,18,54.57759483870969,36.98833603430204,54.2760410238272,36.90339407550553,31
wind_323706,12,19,52.424834677419355,38.315450410938375,55.990462614562205,37.170376644022994,31
wind_323706,12,20,56.3959045483871,38.43413856012393,53.721649367091565,37.92048069173866,31
wind_323706,12,21,55.68379306451613,38.75659396547592,56.85254208764867,38.80599625275365,31
wind_323706,12,22,57.47059051612903,37.141948771118265,57.657559523094854,39.756542801756694,31
wind_323706,12,23,61.24424500000001,37.63500826681637,59.8758934783169,39.33055055117909,31
wind_323713,1,0,8.954754387096775,6.190322043193174,8.919416080328453,6.033363196599272,31
wind_323713,1,1,9.095817193548386,6.359220542240479,9.073988640210754,6.168164606008704,31
wind_323713,1,2,8.58558729032258,6.229579933492055,8.947586779713735,6.080846679898748,31
wind_323713,1,3,8.7378444516129,6.342324521817501,8.680569776180546,6.399353592239523,31
wind_323713,1,4,9.21160764516129,6.258411444365957,8.863608386427456,6.475060495610994,31
wind_323713,1,5,9.072464806451611,6.302559847922246,8.96552963020223,6.379121807855992,31
wind_323713,1,6,8.69643822580645,6.207021434434462,8.912932420129534,6.511945264239674,31
wind_323713,1,7,8.22542493548387,6.363228820173995,8.580737532504319,6.34058354650617,31
wind_323713,1,8,7.557233806451611,6.120575036113929,7.550027763197186,5.901505649825194,31
wind_323713,1,9,7.336332,6.353256658842802,7.564405102941634,5.815978757638282,31
wind_323713,1,10,7.502997290322581,6.321764895737805,8.104047329334431,6.216991241035908,31
wind_323713,1,11,7.5377518709677425,6.212612670837704,8.267945155629947,6.13480317497002,31
wind_323713,1,12,7.952461838709676,6.322274697001284,8.01216133252776,6.165653996451378,31
wind_323713,1,13,7.868494258064517,6.511013549072515,7.73701515004117,6.170165090470131,31
wind_323713,1,14,7.442377967741937,6.299329752034916,8.11410312543123,6.337889142919376,31
wind_323713,1,15,7.3144375483870965,6.250770326979028,8.080560898129097,5.977992539885764,31
wind_323713,1,16,7.562114645161291,6.1331394517314735,8.103465028306337,6.07984952554495,31
wind_323713,1,17,8.337928419354839,6.282107626584191,8.379147522308937,6.049964258959064,31
wind_323713,1,18,9.039403161290322,6.2675076384888335,9.105226314951526,6.105401053804399,31
wind_323713,1,19,9.001586612903223,6.439395584645936,9.610396197153339,5.827144943853126,31
wind_323713,1,20,8.862841548387099,6.258778283844624,9.52058807039433,6.090029703517734,31
wind_323713,1,21,9.104522612903226,6.277897682543945,8.68509232950368,5.964439387584371,31
wind_323713,1,22,8.220449741935484,5.707108619595653,8.437441065411583,5.9161392720006445,31
wind_323713,1,23,8.654199096774194,6.166675509795498,8.771948709363715,6.16429091294398,31
wind_323713,2,0,7.812749758620688,6.417282714100025,7.765405841743334,6.246299510876942,29
wind_323713,2,1,8.135405517241377,6.493987401982839,7.9094912591635556,6.3544559406705305,29
wind_323713,2,2,8.00952972413793,6.669220034046099,7.505278596408511,6.519519743713661,29
wind_323713,2,3,8.123594931034482,6.585650171438905,7.512007807689924,6.342503613482002,29
wind_323713,2,4,8.163813379310344,6.660111190546964,8.117011400176064,6.58701248217353,29
wind_323713,2,5,7.8008503448275865,6.799887861677359,8.291473930078805,6.554800855447512,29
wind_323713,2,6,8.15930548275862,6.735632134355609,8.2331532594093,6.465774187348874,29
wind_323713,2,7,7.931061862068966,6.872510491759349,8.01745437135378,6.413764566620729,29
wind_323713,2,8,7.635921586206896,6.749563264853219,8.0579677813992,6.340605400286012,29
wind_323713,2,9,7.879009586206896,6.66214830916467,8.021343333078523,6.197324980795141,29
wind_323713,2,10,7.913953551724139,6.3934585651377445,8.310945839524145,6.216404626787371,29
wind_323713,2,11,7.938016655172413,6.016058841071325,8.122919218310772,5.7398267185846965,29
wind_323713,2,12,8.089033172413794,5.939875693517074,7.683296303168051,5.518572147268605,29
wind_323713,2,13,7.7184603103448275,6.117225652344078,7.863000829499435,5.758987774225421,29
wind_323713,2,14,7.241592310344828,6.19831989664216,8.041247278267821,6.237720330530363,29
wind_323713,2,15,7.360098724137932,6.345395256259494,7.897005971168423,6.457174899455809,29
wind_323713,2,16,7.669582448275862,6.0533500154646696,7.6487417889985325,6.525562854802537,29
wind_323713,2,17,7.828834586206894,6.254492171229044,8.6163214941548,6.785904623839752,29
wind_323713,2,18,7.695016068965517,6.39415161730782,8.477190873395166,6.835105298938273,29
wind_323713,2,19,8.089046689655174,6.301130674656058,8.369916279177637,6.761752584621048,29
wind_323713,2,20,7.725965275862067,6.164885346352494,8.32707713349563,6.664315505912941,29
wind_323713,2,21,8.078960586206895,6.407175438929909,8.191105185389338,6.382867721170834,29
wind_323713,2,22,7.458873862068964,6.431886005661468,8.017903565690645,6.196573350176417,29
wind_323713,2,23,8.061202793103448,6.402642256243196,8.139089188181211,6.252898670051764,29
wind_323713,3,0,9.272465741935484,5.773075459837237,10.156822187984995,6.005253221325268,31
wind_323713,3,1,9.935411225806451,5.955605170190861,9.618064283803896,5.7856889020751465,31
wind_323713,3,2,9.712124000000001,6.198690638765388,9.559311834946362,6.018724719988012,31
wind_323713,3,3,9.349878483870967,6.25613846275351,9.54850582732622,6.36026530612198,31
wind_323713,3,4,9.42543522580645,6.505996292759819,9.500606151336736,6.094486405233856,31
wind_323713,3,5,9.165240322580644,6.633073684321517,9.306028301984394,6.264789231276474,31
wind_323713,3,6,8.996099645161287,6.440081600364479,10.49264805543737,6.08374874762832,31
wind_323713,3,7,9.766447774193548,6.158757514209755,10.343549227256986,5.628751723886508,31
wind_323713,3,8,10.234322580645161,6.035715627197214,10.202147552715273,5.874295619945772,31
wind_323713,3,9,10.244335322580646,6.1472201780196185,10.491567668782466,5.7796518677050965,31
wind_323713,3,10,10.092012129032257,5.799958553014241,9.567566131639119,6.231674518024105,31
wind_323713,3,11,9.999843612903225,5.775025545845361,9.875701265998671,5.907078337009203,31
wind_323713,3,12,9.623690903225807,5.797743508113471,10.338064098044239,5.876999129032997,31
wind_323713,3,13,9.530950677419357,5.826406941326002,10.577095952936153,5.75424990932561,31
wind_323713,3,14,8.394262870967742,5.8610703648683184,10.185324531857166,5.924591065581689,31
wind_323713,3,15,8.305407032258065,6.132033782998771,9.913561214655909,6.096166843086537,31
wind_323713,3,16,8.178477967741937,6.044892758976212,9.494833573507952,6.067162043058195,31
wind_323713,3,17,8.426606806451613,6.1970266470452815,9.998105230937462,6.211704523216105,31
wind_323713,3,18,8.983590741935485,6.362429727080784,10.424305785281971,6.208614548571534,31
wind_323713,3,19,8.630694419354837,5.915195215151031,10.590341089887263,5.892893903429401,31
wind_323713,3,20,9.081168741935482,5.962784365214475,10.565961314761463,5.849176776630786,31
wind_323713,3,21,9.426661870967742,6.085308951777111,10.407760408055335,5.980511281229363,31
wind_323713,3,22,8.614797838709675,6.172053634637271,9.958161262832723,6.05136418673418,31
wind_323713,3,23,8.577816129032257,6.203961524769733,9.478139716844808,6.355574522855165,31
wind_323713,4,0,8.862204099999998,5.7601350534831495,7.487023517355323,5.646317235133082,30
wind_323713,4,1,7.661384166666667,5.568065969579384,7.602176903255853,5.978191633021435,30
wind_323713,4,2,7.637927966666666,6.526140059174909,6.988877745983959,6.1124041345488855,30
wind_323713,4,3,6.9129431000000015,6.394693378190439,7.140607555583997,6.333875512441041,30
wind_323713,4,4,6.768475933333334,6.370938511567534,7.018978794589819,6.32689067074024,30
wind_323713,4,5,6.978720966666667,6.109231234194689,6.407227240485684,5.628882449801962,30
wind_323713,4,6,6.330129499999999,5.390740197700432,6.0291897455201315,4.896029650471422,30
wind_323713,4,7,6.618537299999999,5.579185509226415,6.568011265265427,5.257700796786374,30
wind_323713,4,8,7.052540166666665,5.49636082681987,6.498292171226467,5.0905377315515965,30
wind_323713,4,9,6.8443144333333334,5.549371533964071,6.560784262819925,5.419256586213123,30
wind_323713,4,10,6.836971233333333,5.590135865017055,6.855506726413026,5.780480018622528,30
wind_323713,4,11,6.671538433333334,5.535826685935364,7.21013910736011,5.851163375375907,30
wind_323713,4,12,6.171370266666668,6.099387973778104,7.078212549488118,5.921915260212364,30
wind_323713,4,13,5.3450255,5.8957118676919915,7.083747043399572,6.002181437424404,30
wind_323713,4,14,6.319078033333333,6.172561761863581,7.328960383148754,6.214087484771259,30
wind_323713,4,15,7.0153130333333324,6.588844829314361,8.137292663640887,6.508239218811933,30
wind_323713,4,16,7.818063199999999,6.5307395368082455,8.873417660462007,6.601485693533434,30
wind_323713,4,17,8.741591433333333,6.569826480869317,9.62314513538867,6.575564806216435,30
wind_323713,4,18,9.245623633333333,6.240939040017867,9.42539885776631,6.499146940242471,30
wind_323713,4,19,9.219622933333332,6.508184166043381,9.046727091952825,6.388183036062386,30
wind_323713,4,20,8.756880866666666,6.457627305302471,9.071652679447242,6.206901543279133,30
wind_323713,4,21,8.112542133333333,6.5131856304190405,8.852842011116525,6.275506028804463,30
wind_323713,4,22,7.730624333333334,6.41769164174049,8.36802048067511,6.248454830818115,30
wind_323713,4,23,7.904726666666667,6.337189908153251,8.033748540037926,6.328599345096623,30
wind_323713,5,0,3.9239805483870964,4.51189275663031,5.02531697089518,4.698383159282685,31
wind_323713,5,1,4.564279903225806,4.708362404809188,5.732026737222553,5.237084142706847,31
wind_323713,5,2,5.0219973548387085,5.219649024707526,6.037790320160645,4.73690986248139,31
wind_323713,5,3,4.279960161290322,4.8858606302817735,5.637736957957723,5.156255637516553,31
wind_323713,5,4,4.241152870967741,4.877550302944356,5.380623792150481,5.485798121717862,31
wind_323713,5,5,4.878275806451613,4.725159429085029,5.612167752737835,5.496329569084334,31
wind_323713,5,6,5.526570580645162,5.389251971154907,5.728810622789706,5.7405694998936365,31
wind_323713,5,7,5.321129193548386,5.396911641914657,5.770662416110275,5.716912391787129,31
wind_323713,5,8,5.18531129032258,5.165396918852826,5.251068057584041,5.457010309429428,31
wind_323713,5,9,5.416627193548387,5.540159522379769,5.236367939233987,5.355255431145182,31
wind_323713,5,10,4.794339741935484,4.937017340533485,5.123455507318792,5.026667251698415,31
wind_323713,5,11,4.587970806451613,4.697703739658895,5.206943876097513,5.229696236672413,31
wind_323713,5,12,3.374088129032258,4.735025492721869,4.424891167705266,5.129467444461075,31
wind_323713,5,13,3.4384286774193544,5.095946715853783,4.213220755621031,5.09365141727519,31
wind_323713,5,14,3.189995419354839,4.576707107009856,4.492446638269647,4.911636643981011,31
wind_323713,5,15,3.493507741935484,4.712522063236281,4.639776132488804,5.26252196847718,31
wind_323713,5,16,3.4747969032258066,4.541772038213545,5.005459602499256,5.203259559555718,31
wind_323713,5,17,3.8643633225806453,4.7125111155096375,4.962272499115528,5.216877217924185,31
wind_323713,5,18,4.299643290322581,5.010869360037717,5.322003366057874,5.7459785430636225,31
wind_323713,5,19,4.702342354838709,5.2422516031734085,5.394391715650563,5.619927875352783,31
wind_323713,5,20,4.455156903225807,5.2445987217257235,5.597692683639328,5.601057831746448,31
wind_323713,5,21,4.3703648064516125,4.67397171920553,6.372588186157047,6.1048503620052434,31
wind_323713,5,22,4.0548774838709685,4.375754554281467,4.959973523023602,4.907348987253221,31
wind_323713,5,23,4.283880516129033,5.167952279327322,4.782891167110489,4.607535815661726,31
wind_323713,6,0,5.076132166666667,5.372416699603064,4.704712917611618,4.587934823367979,30
wind_323713,6,1,5.0205483000000015,4.811052024331256,5.006485839502518,4.98689281764307,30
wind_323713,6,2,4.590637433333333,4.155280534347016,4.460212800366853,4.653535355534165,30
wind_323713,6,3,5.161348766666666,5.057793883443334,4.478019748607768,4.542435619404367,30
wind_323713,6,4,5.1784824999999985,5.3132759147912525,4.836768102756428,4.89919779626197,30
wind_323713,6,5,5.5989213666666675,5.548137629975917,5.067909347306236,4.795096549424966,30
wind_323713,6,6,5.891683066666667,5.986688670310163,5.931196055687947,5.482704361371094,30
wind_323713,6,7,6.153720533333333,6.061421956207839,6.366365377744144,5.581262541376755,30
wind_323713,6,8,6.929836233333334,5.980768337767571,7.008869340221855,5.688752864206667,30
wind_323713,6,9,6.405663333333333,5.5772315380228425,6.833636601168591,5.757934412325861,30
wind_323713,6,10,6.039600533333333,4.850400861173945,6.855580079168305,5.870068491714558,30
wind_323713,6,11,5.7868268999999986,4.902779579176,6.388500716294493,5.498754909803044,30
wind_323713,6,12,4.005265433333333,4.578481381069949,5.378709504382221,5.051490010056755,30
wind_323713,6,13,3.5664365333333334,5.140015467532011,4.493889555080225,4.933698276856123,30
wind_323713,6,14,4.004361266666667,5.415802494055806,4.344251223697736,5.2410328173367935,30
wind_323713,6,15,4.660806433333333,5.901755412828748,4.472160234826988,5.1555609371733695,30
wind_323713,6,16,4.860678666666667,5.75394522309486,5.390711873571697,5.808483963913442,30
wind_323713,6,17,5.0705616000000004,5.759894398134789,5.436479939332972,6.158407030233669,30
wind_323713,6,18,5.0972134,5.879660589649845,6.092616200293904,6.583643007639588,30
wind_323713,6,19,5.975713233333334,6.2614891715223875,6.397104310716023,6.923850676583446,30
wind_323713,6,20,6.2060838333333335,6.02267488973666,5.440476576661143,6.059642662240685,30
wind_323713,6,21,5.4454357,5.617308994706893,6.094696708559311,6.23817189272889,30
wind_323713,6,22,4.919327533333333,5.0740107706946205,5.0392269451010465,4.878231217670122,30
wind_323713,6,23,5.137822966666666,5.4285153137003945,5.240740049584664,5.214216647138862,30
wind_323713,7,0,2.7982168387096777,3.637389409377025,2.978461010319526,4.012697425097002,31
wind_323713,7,1,2.3169431612903226,2.741947209136542,3.0238318967244155,3.538649614548549,31
wind_323713,7,2,2.6059671612903226,3.759058744118002,3.099895357782115,3.760056276312743,31
wind_323713,7,3,2.368219290322581,3.1398424016782562,2.7841834102298995,3.4234951423249984,31
wind_323713,7,4,2.701744806451613,3.599721026838593,2.826233545843825,3.8691496265390004,31
wind_323713,7,5,2.7281535806451607,3.9478144012099388,2.6150003808852995,3.6763838392732127,31
wind_323713,7,6,2.97535664516129,4.044680566301304,2.4611514414533064,3.449400991219045,31
wind_323713,7,7,3.095526322580645,4.007323285048499,2.4970226348595186,3.3583393284480154,31
wind_323713,7,8,3.2750940967741933,3.930739144522256,2.834639985900463,3.557521441571667,31
wind_323713,7,9,2.8562529032258066,3.5563377503701226,3.248599890072008,3.519341069522437,31
wind_323713,7,10,2.9962332903225803,3.387108859603149,3.5234462935217197,3.685671872465912,31
wind_323713,7,11,3.0402366774193545,3.4376674772690996,3.41730463216102,3.660445353639541,31
wind_323713,7,12,2.0208804838709677,3.2279859463525327,2.946521773321529,3.674983134020174,31
wind_323713,7,13,1.8628695806451607,3.3727029960286528,2.654959740945587,4.295391495923474,31
wind_323713,7,14,1.8574368064516131,3.386985184306838,2.4157552389141603,4.114592469609048,31
wind_323713,7,15,2.3516834193548384,3.9914775490765138,2.5806899021900405,4.003887514784653,31
wind_323713,7,16,2.7630739677419354,4.619803307046968,2.941952798282254,4.486367064044745,31
wind_323713,7,17,2.963711419354839,4.700930972049663,3.164709634460491,5.03175646730861,31
wind_323713,7,18,2.9234565161290322,4.933879671168054,3.250136330290871,4.52209979386259,31
wind_323713,7,19,3.151860741935484,4.448604986077275,3.9094719433233833,4.918275464777542,31
wind_323713,7,20,3.7134072903225808,4.951381018707489,3.700736230493117,4.996959491259305,31
wind_323713,7,21,3.1361117741935485,4.273107160442674,3.7183683210980316,4.960388745177198,31
wind_323713,7,22,2.710969258064517,3.8247221345274216,3.884615451900441,4.8325569695977535,31
wind_323713,7,23,2.42865464516129,2.8926006407203486,2.642121018127332,3.1973038530065363,31
wind_323713,8,0,4.531837612903225,5.0126840784851625,3.601574124905351,4.230996865818055,31
wind_323713,8,1,4.275183935483871,4.683645449530041,3.5339456268338973,3.9651191745647765,31
wind_323713,8,2,4.48458664516129,5.321179157872339,3.799233760874439,4.363782761451996,31
wind_323713,8,3,4.119246290322581,4.518813275842041,4.078683965307127,4.881556185450226,31
wind_323713,8,4,4.184243129032258,4.557597513197531,4.286389712749399,4.959783223439133,31
wind_323713,8,5,3.971358935483871,4.3337638613672596,3.4594927259138677,4.149685826362943,31
wind_323713,8,6,4.108190677419354,4.464278410299685,3.4573606232953553,4.093441550637232,31
wind_323713,8,7,3.913844419354839,4.278770191621082,3.8830777261979383,4.298364888053565,31
wind_323713,8,8,3.692965838709677,4.205561273707027,4.083183170113175,4.78354053072815,31
wind_323713,8,9,4.90091158064516,5.167277271325037,3.815287174285862,4.358550677116248,31
wind_323713,8,10,4.391134806451613,4.760956953992207,4.070288338599109,3.950331960340497,31
wind_323713,8,11,4.590191806451613,4.716838420814437,3.5380988116206766,3.4245191147040193,31
wind_323713,8,12,3.6055215483870975,4.086685474116784,3.685678756462459,3.5406103816636576,31
wind_323713,8,13,3.2684619032258064,4.300379660015429,3.4994264847382346,4.192405419373829,31
wind_323713,8,14,3.736777322580645,5.053193018680528,3.405808388521948,4.100593432505619,31
wind_323713,8,15,3.9319396129032254,5.30020297647866,3.852027820828005,4.670929472907113,31
wind_323713,8,16,3.733135903225806,4.563785745820059,4.126206029853624,4.841961544916186,31
wind_323713,8,17,4.827923193548387,5.30654528942408,3.3960357283938163,3.794541805945124,31
wind_323713,8,18,4.565587354838709,5.055465474099437,3.981688017643905,4.255179498401873,31
wind_323713,8,19,4.426608903225806,4.881812437100135,3.380185507069468,4.137167412054533,31
wind_323713,8,20,4.185904903225807,4.867740617611045,4.235642171720363,4.234757216239319,31
wind_323713,8,21,3.5979915483870966,4.375812725634275,3.714122847662043,3.9131716257362803,31
wind_323713,8,22,3.8688593870967747,4.582084654333693,3.986202960046343,4.321025244559483,31
wind_323713,8,23,3.8805505806451612,4.270387578611631,4.559286943037608,4.471571616359241,31
wind_323713,9,0,3.7984308666666666,4.468697301035696,4.51035863575623,4.2658238738148535,30
wind_323713,9,1,4.052979966666666,4.561546455751485,4.695710370663175,4.311210539281419,30
wind_323713,9,2,4.459153933333334,4.749520786970022,4.4047292398314415,4.519375667013122,30
wind_323713,9,3,4.284546166666667,5.109286939290136,4.810407977009529,5.109470561146448,30
wind_323713,9,4,4.1227952666666665,4.839114553122659,4.616497155304147,4.968404928683454,30
wind_323713,9,5,4.238959966666666,4.717220333750766,4.84125522284263,5.1986366528117784,30
wind_323713,9,6,4.6294334,5.231446972131816,4.598789034144132,5.053173342192365,30
wind_323713,9,7,4.594813166666667,4.796539140259188,4.789033865274905,4.804942858873855,30
wind_323713,9,8,4.230601833333334,4.724555697079725,4.763943405422998,4.722414567437549,30
wind_323713,9,9,4.348679533333333,4.800496395087791,4.950389722061144,4.94625518857064,30
wind_323713,9,10,3.7099866333333336,4.447512278420481,4.796802543791767,4.8219745310491104,30
wind_323713,9,11,3.9497288999999998,4.539312008457071,4.853153361259684,4.975946199419762,30
wind_323713,9,12,3.8930617333333335,4.310090027016164,4.7168614004294644,4.746759533003489,30
wind_323713,9,13,2.8661687000000007,3.7407481218537684,4.128979546521399,4.790435756017983,30
wind_323713,9,14,3.1141568000000004,4.647615840970963,3.6356229930940365,4.76102311487045,30
wind_323713,9,15,3.3505056,4.927728669933515,3.7300837753063303,5.193019252374048,30
wind_323713,9,16,3.4766413,5.098455030946566,3.8140431660451184,5.116492513077288,30
wind_323713,9,17,3.477088666666667,5.157931993526418,3.8711560312398987,5.281502794571318,30
wind_323713,9,18,3.1446466333333336,4.506417797156861,4.1015412364079955,5.5439689650593715,30
wind_323713,9,19,3.3173456999999997,4.729724725149439,3.9760443561925105,5.541552013854971,30
wind_323713,9,20,3.586186366666667,5.229081783459063,4.039849025947944,5.51076436055892,30
wind_323713,9,21,3.9363065333333327,5.496022766934435,4.216722586106052,5.490188042682869,30
wind_323713,9,22,3.774323,5.577987836551122,4.332187547642286,5.381790471358291,30
wind_323713,9,23,4.019177933333333,5.337490971879351,4.633953811713194,5.012397177645761,30
wind_323713,10,0,6.487501129032258,5.750368312111616,6.893943676968031,5.856484850956153,31
wind_323713,10,1,7.069915387096773,5.855370318777368,7.042050957943559,5.787465355567533,31
wind_323713,10,2,7.650680838709677,6.013666232439688,7.283898687784787,5.670569236228304,31
wind_323713,10,3,7.581223,6.441756217078156,7.483949913703842,6.334834811143474,31
wind_323713,10,4,7.374595096774193,6.329642372309332,7.229566324443221,6.420687974511962,31
wind_323713,10,5,6.433068096774192,6.0089286354316735,7.411133049338442,6.334465687398812,31
wind_323713,10,6,6.079296548387098,5.599519722161886,7.251482074608819,6.088076714684033,31
wind_323713,10,7,6.390795870967741,5.890864288659013,7.093143758677022,5.976544328589157,31
wind_323713,10,8,6.772016709677418,5.7886615570677895,7.09660808959413,6.146941894251676,31
wind_323713,10,9,6.274773709677418,5.430971223808195,7.037467137461116,5.805454848762026,31
wind_323713,10,10,6.048398516129033,5.5114936104046235,7.44866952891038,5.769431674770132,31
wind_323713,10,11,5.989340516129033,5.643777692965058,7.203814490152878,5.651801118865764,31
wind_323713,10,12,6.82928312903226,5.667446117981354,7.615763517116611,5.761902083603519,31
wind_323713,10,13,6.671772161290323,5.865231312383426,7.529850657565504,5.726808387706045,31
wind_323713,10,14,6.060773419354838,5.92233235212078,7.160255796429992,5.965565850336682,31
wind_323713,10,15,6.17082170967742,6.0640724885632,6.804689996181637,5.955524627003326,31
wind_323713,10,16,5.850399774193549,5.770018836832313,6.79597634615081,6.018013807267074,31
wind_323713,10,17,6.431193032258066,5.915983980223451,7.1759791523700915,6.003697225455102,31
wind_323713,10,18,6.266791612903225,5.687966221763006,7.125121037661765,6.035680251865446,31
wind_323713,10,19,6.4379745161290325,5.570940052135372,7.237495803917233,6.096063332313549,31
wind_323713,10,20,6.514631322580645,5.8482159395008235,7.013870980963969,5.919057049135622,31
wind_323713,10,21,6.110912322580645,5.380476720875473,6.6334720443481086,5.773616640622323,31
wind_323713,10,22,5.576302677419356,4.851066134567406,6.291696885227771,5.238279490626436,31
wind_323713,10,23,6.090782483870968,5.50036061647328,7.133192964043726,5.453643866384687,31
wind_323713,11,0,10.26852296666667,5.487606409319135,10.152451311408345,5.3247902906964955,30
wind_323713,11,1,11.010290400000002,5.192422503980382,10.759260344813198,5.264098662551967,30
wind_323713,11,2,11.622869333333336,5.245258533163972,11.21653988353758,5.20419884100923,30
wind_323713,11,3,11.750696633333332,4.737193149763559,11.35273333262279,5.0374742803840675,30
wind_323713,11,4,10.701343900000003,5.139119329162565,11.478301027025326,4.90904526067559,30
wind_323713,11,5,11.0444641,5.650060587572023,11.074364047134878,5.208256421763274,30
wind_323713,11,6,11.089717466666666,5.724606637378526,11.175276319966404,5.61313840312852,30
wind_323713,11,7,10.0439205,6.0211968108862095,10.028622742616495,5.891718212652009,30
wind_323713,11,8,9.65284753333333,6.249802721980115,10.082233256439356,6.303460183356169,30
wind_323713,11,9,9.7744227,6.303675189863817,9.975342502022773,6.206716655886399,30
wind_323713,11,10,9.2808925,6.871106565075986,9.192635901242872,6.4896868569093815,30
wind_323713,11,11,9.02783136666667,6.853737542616238,9.552658269821874,6.624875420060419,30
wind_323713,11,12,8.762328433333332,6.93076145558725,9.315331818260423,6.803490826497706,30
wind_323713,11,13,8.694076366666668,7.2343945972800325,9.351319224975535,6.891461796790333,30
wind_323713,11,14,8.394250166666666,7.121753939197955,9.537639471398057,7.199341102633393,30
wind_323713,11,15,8.811562533333333,7.4252939130454205,9.506416900591967,7.424351242625898,30
wind_323713,11,16,8.610396733333335,6.973353128658268,9.348710565560951,7.313869306451714,30
wind_323713,11,17,8.7627871,6.491627868090993,9.677118033191485,6.995780849617643,30
wind_323713,11,18,8.988656933333335,6.446870021568306,10.126254704792796,6.922554303325612,30
wind_323713,11,19,9.106336966666667,6.2305510570644715,10.190018142915982,6.710170762013106,30
wind_323713,11,20,8.845747766666666,6.153809036002744,10.064672164604838,6.39786149157594,30
wind_323713,11,21,9.0966723,6.099910140978021,9.867846058446567,6.4392056567900395,30
wind_323713,11,22,8.307553500000001,5.790290636464126,9.653173730950325,6.022224993585718,30
wind_323713,11,23,9.4780959,5.773043214568864,10.753417006241039,5.510423154608162,30
wind_323713,12,0,9.171769032258064,6.769763235527657,9.63073898150083,6.44097888607872,31
wind_323713,12,1,9.732216870967742,6.595312258132453,10.261209982855183,6.394368743484608,31
wind_323713,12,2,10.182823354838709,6.198822403273714,10.422819908485893,6.61296394986486,31
wind_323713,12,3,10.367124612903224,6.312767699379063,10.407748699508323,6.3732707535671045,31
wind_323713,12,4,9.975763096774193,6.733524635227493,10.631802467626152,6.235575861723626,31
wind_323713,12,5,10.415049483870966,6.673798740349885,10.671694996102417,6.4180377408312035,31
wind_323713,12,6,10.086594903225805,6.6045320868834425,10.061275549873157,6.3716371337078765,31
wind_323713,12,7,9.884893516129033,6.282026332741503,10.16807703369411,6.404307002371411,31
wind_323713,12,8,9.335021806451612,6.485161997504254,9.889135160978507,6.547089965852111,31
wind_323713,12,9,9.307935258064512,6.471012105584653,9.80956254413156,6.324197346510973,31
wind_323713,12,10,8.86776916129032,6.320939661709721,9.765539093519982,6.57508722099763,31
wind_323713,12,11,8.248529322580646,6.188954958211385,9.545443997154482,6.498252764874469,31
wind_323713,12,12,8.218601612903225,6.3195112913197935,9.072926644616574,6.0793121274182536,31
wind_323713,12,13,8.579453903225806,6.24009802050914,9.038943149923579,6.007248629182588,31
wind_323713,12,14,8.44064064516129,6.134034806629209,9.024256546113397,6.168007261750235,31
wind_323713,12,15,8.018813483870966,6.376042881404551,8.726718697919484,6.0085914292173825,31
wind_323713,12,16,8.04589,6.089417117339535,8.631710327878322,6.017258268332676,31
wind_323713,12,17,8.470900451612904,6.1854192091296545,9.308642257766994,6.040541144540135,31
wind_323713,12,18,8.692115838709679,6.205947663455739,9.795626188751658,6.275298740298594,31
wind_323713,12,19,8.607639838709677,6.296046151256523,9.45810533461475,6.297971555223189,31
wind_323713,12,20,8.67900480645161,6.6225655276110444,9.138870124685775,6.381254332041156,31
wind_323713,12,21,8.634931548387096,6.7530400543134785,9.311990267459334,6.523520536706068,31
wind_323713,12,22,8.287538096774194,6.617722985514465,9.1495872971478,6.734971715445522,31
wind_323713,12,23,8.849795677419355,6.566256197311277,9.445756361671421,6.9166473854745645,31
wind_323719,1,0,38.85171216129032,31.763877523941538,40.89381403960295,31.150199985599468,31
wind_323719,1,1,38.85161658064517,30.943405253701005,41.171057690476104,32.069350521108056,31
wind_323719,1,2,38.81360038709678,31.046623210493102,39.629029038993046,30.67518633274457,31
wind_323719,1,3,36.74619270967742,31.509938371102358,37.538548836298816,30.92911863382127,31
wind_323719,1,4,38.17004087096775,30.71155519093218,38.097050450816916,30.50697697286717,31
wind_323719,1,5,37.73546148387097,30.53364598049017,39.00342794621655,31.236855722352843,31
wind_323719,1,6,39.557271193548395,31.505407669016012,38.780531435638785,31.41866411412229,31
wind_323719,1,7,35.9133369032258,30.59548661082267,38.453365631912654,32.24545962581335,31
wind_323719,1,8,35.97533716129033,28.46048378756655,39.31395083922764,32.62108012945565,31
wind_323719,1,9,39.68244490322581,28.004230760869266,39.233782727649306,32.598550178136364,31
wind_323719,1,10,37.026643,29.38506787207473,38.168257899866866,32.17904885451799,31
wind_323719,1,11,39.79394396774193,30.82120523102011,40.462935931567955,31.475892472451918,31
wind_323719,1,12,37.85979638709678,29.709604327905744,42.94813039391381,31.84637014364823,31
wind_323719,1,13,32.718518548387095,27.759833822813828,42.081923672191394,32.947554496520205,31
wind_323719,1,14,28.75164106451613,27.016607357191063,42.053486408791265,31.605976197262027,31
wind_323719,1,15,26.248375354838718,28.247082772484386,37.93819856880586,29.649621519276042,31
wind_323719,1,16,27.234679516129034,29.4640439693803,37.74952033382016,30.311496211350764,31
wind_323719,1,17,26.485900096774195,28.642719983845637,36.41862734694873,29.485760087405993,31
wind_323719,1,18,27.74956893548387,29.50912533148852,35.12731859839909,31.29803586459479,31
wind_323719,1,19,27.001215096774192,29.241744307539623,36.02020557269349,30.716319268300975,31
wind_323719,1,20,29.397688516129037,29.01701489933296,38.508611183179276,30.899684820027993,31
wind_323719,1,21,34.95715954838711,30.979266798498646,38.82040748374887,30.719395753824024,31
wind_323719,1,22,33.722793354838714,31.14327718571256,38.73473337931105,30.443444594356382,31
wind_323719,1,23,38.023968709677426,30.689114117618864,37.954228320364685,29.108207622592605,31
wind_323719,2,0,36.87380913793103,30.949767674855572,37.89222138179533,28.966424211079246,29
wind_323719,2,1,33.167231862068974,30.311374753915963,37.18550960385212,28.397075474821055,29
wind_323719,2,2,34.86841862068966,29.268739908378507,41.00771651922489,29.881213571224258,29
wind_323719,2,3,38.072453068965515,30.457182791529387,40.89114578636539,30.20737187270877,29
wind_323719,2,4,35.198163793103454,28.290982110867883,40.899926905432224,30.689692048426004,29
wind_323719,2,5,35.81222665517242,29.958558130179817,40.39112421055173,31.06838534524526,29
wind_323719,2,6,39.13396527586207,32.16737134915244,42.28808508231291,31.111254520984115,29
wind_323719,2,7,38.00942203448276,31.546615464270435,37.768767205386375,31.16969528649991,29
wind_323719,2,8,37.76245706896552,30.683221399580678,37.79981837631473,31.184188734769204,29
wind_323719,2,9,39.33789551724138,31.93785780087249,41.45726330097877,32.37594762536601,29
wind_323719,2,10,39.572332379310346,31.9889270908146,42.282232996939456,32.0732742139746,29
wind_323719,2,11,38.23439062068966,31.829610913432035,41.75989263683931,32.263566063712716,29
wind_323719,2,12,38.19242344827587,30.19931300571183,43.355257675307044,32.26519137755575,29
wind_323719,2,13,38.988608724137926,31.34444445438764,41.65129691613665,30.933550462096182,29
wind_323719,2,14,35.92685979310346,31.792148409094974,40.55604746216123,33.08249032456226,29
wind_323719,2,15,35.78518944827587,31.187078715469497,39.75895012892238,33.19375525983553,29
wind_323719,2,16,31.740900896551732,29.40734682372059,40.63414861333656,33.39451277440908,29
wind_323719,2,17,28.41914186206897,28.312207765497593,39.74796830688948,33.07633262841662,29
wind_323719,2,18,29.408846551724142,30.32955135339881,40.08262030247374,33.35992344268279,29
wind_323719,2,19,28.78427355172414,27.944619938720773,39.20590389567323,32.26535551493634,29
wind_323719,2,20,30.040121655172417,29.79886376697313,39.552679924502094,31.61128603046772,29
wind_323719,2,21,29.572191068965523,30.211438481874705,38.48833006466487,30.809914517287606,29
wind_323719,2,22,31.494835344827592,28.955045300742487,37.9455554947314,31.992306231814492,29
wind_323719,2,23,34.69339768965518,30.076181369723102,37.641967246271506,30.655011886212144,29
wind_323719,3,0,38.58228590322581,32.089425916738634,41.10933690030668,32.356325562507884,31
wind_323719,3,1,38.61501077419355,30.82873445448016,43.59120541216755,32.101735807976944,31
wind_323719,3,2,39.86951877419354,30.867682311021866,47.540589251320206,31.428755769152666,31
wind_323719,3,3,41.397973096774194,29.50903699502241,43.72193498013407,30.897010611093894,31
wind_323719,3,4,44.08753096774194,31.824033704271507,44.6905071496692,31.41289720616277,31
wind_323719,3,5,40.36877580645161,29.421818659322106,41.034246847878734,30.737166921964366,31
wind_323719,3,6,41.194253419354844,30.76229231620821,39.55847214853332,29.721475461511993,31
wind_323719,3,7,44.08838235483872,26.59970381003995,42.87938250953427,28.60294412637494,31
wind_323719,3,8,40.510807645161286,27.520228596748176,41.53386310156446,28.734810643685886,31
wind_323719,3,9,38.580404258064526,27.83821552349928,40.07511748838748,30.25851820883032,31
wind_323719,3,10,37.781237258064515,29.138176434909933,41.32279289524679,29.132682308174502,31
wind_323719,3,11,34.19052348387097,27.503197360567686,44.05382991904027,29.415743955807137,31
wind_323719,3,12,36.40009067741936,26.61774618601696,44.57096625336326,29.2287788061106,31
wind_323719,3,13,34.23288741935483,28.503975976479886,42.946339728082854,29.77544186685323,31
wind_323719,3,14,31.674276354838707,29.043975157359217,41.527033046450306,29.815787766229555,31
wind_323719,3,15,33.87052948387097,27.782342124167247,40.26848227411997,29.689044820231306,31
wind_323719,3,16,31.069914322580644,26.53724614845209,41.46915018772639,30.938214921661135,31
wind_323719,3,17,30.835330774193547,28.021064487806136,40.64003204470007,30.4412735802684,31
wind_323719,3,18,32.413448129032254,29.580860844705985,39.38919390880692,29.491083835863595,31
wind_323719,3,19,33.69751429032259,29.323592463055434,41.347184241013856,30.124480492141636,31
wind_323719,3,20,32.469643999999995,28.628046272885392,41.48048954147207,28.36582632595509,31
wind_323719,3,21,31.181505483870964,27.663990682911113,40.78850397447012,29.71908799436531,31
wind_323719,3,22,31.34920816129032,29.968910286001883,37.84227875507913,31.185057345043095,31
wind_323719,3,23,33.88029377419354,30.723070839920503,38.74988976782132,31.00490261486253,31
wind_323719,4,0,36.48975026666667,29.50816112996395,36.10178717415424,26.725134974900545,30
wind_323719,4,1,36.726297633333324,30.13594171720841,42.74251293257826,26.982419418647968,30
wind_323719,4,2,45.34079606666667,27.974681787750487,45.28257539064446,27.742508306125515,30
wind_323719,4,3,44.29612699999999,28.405946753473604,48.16916850253851,26.88698482798415,30
wind_323719,4,4,41.4710261,26.129888082617327,48.36572687695017,25.08203941733991,30
wind_323719,4,5,39.38874233333333,25.275845080680842,45.027908035087506,24.655933378182354,30
wind_323719,4,6,42.64502003333334,26.599746221056538,44.417565943932196,24.770037543042534,30
wind_323719,4,7,40.59282396666667,27.221556500911834,44.75919442356466,26.391976476672546,30
wind_323719,4,8,38.86303743333333,28.131368631773366,42.235452442538644,28.53622474532674,30
wind_323719,4,9,39.54584909999999,26.237764052314613,40.41818600616218,29.086516396530275,30
wind_323719,4,10,37.60621003333333,28.683302915785163,39.9978520101272,29.037602564725812,30
wind_323719,4,11,34.485113999999996,29.24242223839699,40.74913781724281,30.87010913310037,30
wind_323719,4,12,32.88291176666666,28.41410600320919,36.80914565770396,30.67355118093998,30
wind_323719,4,13,31.441479233333336,28.660805387493973,33.73110524494208,30.000044783895998,30
wind_323719,4,14,32.336271499999995,30.569955618449352,36.87028258767726,27.81560854608524,30
wind_323719,4,15,30.260426600000006,28.059138583850785,39.27698808838067,27.62572135563954,30
wind_323719,4,16,30.137671233333332,25.473908383681565,41.236056399523065,27.540184939326185,30
wind_323719,4,17,30.386854500000002,29.485667937644624,42.178406449105765,26.51456168533504,30
wind_323719,4,18,31.288989533333332,27.618150758404163,44.35771524788789,26.705581747818176,30
wind_323719,4,19,29.6128288,28.734767234301138,41.79771996069198,27.95861535803135,30
wind_323719,4,20,28.781452033333334,27.820556463396077,41.787528944277575,27.93057152408575,30
wind_323719,4,21,33.170632133333335,29.55248898138351,42.2136191673044,29.08274384650809,30
wind_323719,4,22,30.604825100000006,27.382843787915423,36.5197416314538,27.471375224650924,30
wind_323719,4,23,31.69081143333333,29.487771577916597,39.211541245533176,26.771638041021287,30
wind_323719,5,0,17.138036032258068,20.496544494270594,24.234088630147735,25.241408366556474,31
wind_323719,5,1,22.392898709677418,23.73517934754844,25.323420201278694,24.71745889453821,31
wind_323719,5,2,24.70575535483871,24.89168411224018,27.794181416831677,25.938569532015322,31
wind_323719,5,3,26.143990483870965,24.692867512071892,28.603254390428916,27.315312920306592,31
wind_323719,5,4,29.730659064516132,28.278133277305184,31.214899403494762,28.370396750594296,31
wind_323719,5,5,24.533369709677423,27.40285498576243,29.48718614957656,29.041582450762427,31
wind_323719,5,6,27.2669585483871,29.30049004469727,30.71762214320622,29.89761168357157,31
wind_323719,5,7,25.19437329032258,28.78448501717681,29.19251122121567,28.14095603411306,31
wind_323719,5,8,23.51732690322581,28.294590029407836,27.89543824853262,29.994708036457627,31
wind_323719,5,9,23.14745670967742,26.808488832503222,26.090864934335368,27.769652660923015,31
wind_323719,5,10,23.479562096774192,26.789875351424847,25.47883261812924,26.271356102611048,31
wind_323719,5,11,23.26222770967742,26.893857098059293,21.70052853766635,24.429616016980102,31
wind_323719,5,12,17.480336354838713,24.85617523381862,19.201715368285353,24.594521270647473,31
wind_323719,5,13,16.265719129032256,24.39002219812545,20.097385929363817,27.062689722185052,31
wind_323719,5,14,17.651656516129034,25.56112024620504,18.604760798611043,25.228030768465874,31
wind_323719,5,15,12.023730870967743,20.586963586185792,17.67129931679436,24.832651800586923,31
wind_323719,5,16,12.947938838709677,20.46964523426248,16.806945728681242,24.883850545725068,31
wind_323719,5,17,15.120028935483871,21.686741583047404,19.815197501275147,24.42019462467006,31
wind_323719,5,18,14.902197806451614,22.278815853627638,19.365134377596252,23.357041716258315,31
wind_323719,5,19,15.69042812903226,22.755071461621185,18.961699735814776,21.940390902971895,31
wind_323719,5,20,14.517602225806451,21.264046440168126,18.030037586004894,21.956680937754356,31
wind_323719,5,21,14.413068774193551,22.810650984087577,18.18755781808473,22.15428868453122,31
wind_323719,5,22,15.036740516129035,22.59945097597318,18.56446956157289,22.243868531669442,31
wind_323719,5,23,15.398567612903225,21.69775659755806,19.09160100450149,23.53799665576876,31
wind_323719,6,0,21.38077306666667,23.95596012335735,24.304308937311394,23.37349415166703,30
wind_323719,6,1,26.3756745,26.70556491339994,26.243692664035056,22.390281073785,30
wind_323719,6,2,29.16335686666667,25.764485162615316,29.26702943167537,25.07736657349755,30
wind_323719,6,3,27.786960133333327,26.935356138044263,31.109637615605713,25.3177738374196,30
wind_323719,6,4,31.328915266666666,26.224391407023873,36.62352716673455,25.622787783460538,30
wind_323719,6,5,31.917044933333337,26.320137829092662,37.2187240499198,28.499608072254752,30
wind_323719,6,6,33.28400716666667,28.04846985254202,35.90552440862848,29.275824689218414,30
wind_323719,6,7,34.168080499999995,29.00259140796256,34.339810458109504,27.787177228784213,30
wind_323719,6,8,32.092887366666666,27.67087670646259,35.91804414550246,29.112226642058754,30
wind_323719,6,9,31.978621100000005,28.487629313208274,32.94557203277274,27.73258760074835,30
wind_323719,6,10,27.5689272,27.08842113980564,29.54285120010297,24.5415950656699,30
wind_323719,6,11,21.536791433333335,25.360732324172428,25.754813370806506,24.378261848602186,30
wind_323719,6,12,16.9611299,21.78152163694005,21.76296638670539,25.07930241870692,30
wind_323719,6,13,17.789870533333335,21.163185583422454,20.453711490723908,25.32113881701228,30
wind_323719,6,14,18.954140400000004,24.814702232351166,22.81653089896254,26.618905331261924,30
wind_323719,6,15,21.586483366666666,22.19679343134195,23.58874811164439,25.64557670196779,30
wind_323719,6,16,26.125258799999997,29.411017821663968,29.144255256206257,30.006144650260428,30
wind_323719,6,17,24.361827933333334,25.73220899282494,31.115601257062757,29.91840846575116,30
wind_323719,6,18,23.79450406666667,25.39524258969826,30.424798866924576,28.938166097674717,30
wind_323719,6,19,25.9143728,28.58807907105956,33.4362336157105,29.815095878645334,30
wind_323719,6,20,24.1257275,27.153507053100746,32.278940412843625,30.28657751167435,30
wind_323719,6,21,25.456962666666673,27.205990992119723,27.183133498876593,27.179691645110996,30
wind_323719,6,22,18.867581200000004,23.84991068055684,25.89820423712267,27.18207115812998,30
wind_323719,6,23,19.705804566666668,24.78304646532767,25.201615391256016,26.160522652518353,30
wind_323719,7,0,15.296930451612905,21.78525517379438,16.232318373302405,21.296586957879097,31
wind_323719,7,1,12.224464451612905,18.970064804831182,19.547364716778464,21.739518758693833,31
wind_323719,7,2,16.01546903225806,18.771303106233702,22.159204584936134,21.912733700613394,31
wind_323719,7,3,17.047403645161285,18.439451652000226,26.42495403895916,21.98241963781807,31
wind_323719,7,4,22.508920225806456,23.439812347860595,25.149496167494213,22.225009093058375,31
wind_323719,7,5,21.057984129032256,21.725005206221514,23.2711967785735,22.04497418313075,31
wind_323719,7,6,22.37962038709677,22.299123861445253,20.564286066661882,18.564977689105195,31
wind_323719,7,7,23.101617387096777,23.044569150349076,22.921837616004403,20.53381176254226,31
wind_323719,7,8,19.96395009677419,21.071469663362514,22.53628898545976,20.17258933689618,31
wind_323719,7,9,19.31008177419355,21.229769519358026,22.45221750912068,19.495220456177993,31
wind_323719,7,10,15.157532516129033,16.963347113467353,22.72735245390712,19.07175963220451,31
wind_323719,7,11,11.927923483870964,14.449477332455094,18.57870102462069,19.969697127939444,31
wind_323719,7,12,8.692770935483871,12.323594500403086,15.71887884917293,19.789880853884668,31
wind_323719,7,13,7.390158354838708,12.426902514629694,12.606141049102662,17.992826132111514,31
wind_323719,7,14,8.521693096774193,15.463951537579852,14.186908165381382,20.896400685765183,31
wind_323719,7,15,9.716881096774193,16.412193515358165,14.862003448157193,20.758978067577445,31
wind_323719,7,16,11.138881677419354,18.37958816352783,16.246230300943026,21.289272315616277,31
wind_323719,7,17,12.360509645161294,19.719918653926385,17.54590853998738,22.45953302200936,31
wind_323719,7,18,13.382352677419354,19.815778729082016,16.61328659600829,21.641103877861745,31
wind_323719,7,19,16.275960387096774,22.427796616449445,20.078808893731612,25.56144266147508,31
wind_323719,7,20,13.673559870967742,19.85037043494416,20.460157289480176,26.21067795772834,31
wind_323719,7,21,13.65157893548387,19.74931517889963,18.967453177088423,25.95960625038877,31
wind_323719,7,22,10.200703290322581,15.277223626367881,18.264076315899523,23.474145631915444,31
wind_323719,7,23,9.06647393548387,16.778964152345875,13.777518540090579,19.71571850955382,31
wind_323719,8,0,15.312426064516126,16.880575846255933,17.74879416619452,19.992591685459566,31
wind_323719,8,1,20.930039322580644,23.78114909390698,23.249148295884694,23.397146607024833,31
wind_323719,8,2,26.04621229032258,25.32675357141487,28.186727882681403,27.673551049323876,31
wind_323719,8,3,25.497796193548385,25.753381255300546,28.387428967944324,27.430457432827932,31
wind_323719,8,4,26.419010967741936,25.382490573803114,32.34129191879843,26.262515987702557,31
wind_323719,8,5,27.211143838709678,23.860194280928855,31.886671223583576,26.254305472907554,31
wind_323719,8,6,27.524603677419357,24.159625821738498,31.646362685020588,25.25178461146159,31
wind_323719,8,7,26.82479261290323,23.310010683729583,29.041265233971668,23.389439670497378,31
wind_323719,8,8,25.48564458064516,23.624672302254133,29.85299457644557,25.945133562895144,31
wind_323719,8,9,24.77723019354839,23.741968859863977,29.41599602873542,26.033046401151815,31
wind_323719,8,10,24.403841387096776,22.614025697469287,26.8431919782574,23.920085824369746,31
wind_323719,8,11,20.60149212903226,20.027608314383414,27.04263237538799,24.357689727800725,31
wind_323719,8,12,15.310726999999998,19.635297903497776,24.978904340281666,24.888924263042288,31
wind_323719,8,13,11.958288838709677,16.53850174876157,21.010473687601287,23.595959479983264,31
wind_323719,8,14,10.485795903225805,16.44273350108278,20.299251301172497,23.65948992589095,31
wind_323719,8,15,10.64527822580645,15.923192887699253,19.103424862792572,21.864780149595724,31
wind_323719,8,16,9.822142548387099,13.329580674735402,17.855132320688522,21.442352061255306,31
wind_323719,8,17,10.138888548387097,14.094945989828064,17.238814487637498,19.825940858100918,31
wind_323719,8,18,12.684050258064518,16.645283948323513,18.107169952397626,20.261529087297173,31
wind_323719,8,19,12.205619612903224,15.129587409140408,17.668216262080225,18.81965476793582,31
wind_323719,8,20,13.128202193548384,16.511995031791436,16.815810965423285,17.998193755938527,31
wind_323719,8,21,13.892668774193549,17.730709565270608,16.76765497479889,19.59038171953807,31
wind_323719,8,22,13.268084419354834,20.94335714573868,16.870944694175293,21.1978203392828,31
wind_323719,8,23,12.375176903225803,15.11887744102767,15.684951525653544,17.853394582886438,31
wind_323719,9,0,16.285114000000004,20.14166782537492,20.48507455168146,22.269444733340702,30
wind_323719,9,1,17.2226663,22.521600452909844,23.937418557570645,23.576501824131174,30
wind_323719,9,2,19.785751100000002,24.10579802335564,27.208844604427224,26.33693966324482,30
wind_323719,9,3,24.08825396666667,27.408205840184614,27.94622607469682,29.05850836088945,30
wind_323719,9,4,23.03654256666667,27.95591236446046,28.289094769817723,28.56377164510541,30
wind_323719,9,5,22.944391833333338,25.052720755897443,29.425386516855532,29.0484727579933,30
wind_323719,9,6,24.505985000000003,26.07748958261203,28.28107088497383,29.723110019159062,30
wind_323719,9,7,24.96270446666667,27.43608566991537,27.51283922420554,30.515320799563124,30
wind_323719,9,8,22.904842566666666,27.853862004254992,28.149205276503004,29.381934382948113,30
wind_323719,9,9,23.406985866666666,24.11418517758703,26.94150405315323,28.271916621134196,30
wind_323719,9,10,23.019966033333336,24.227365773042678,25.788347935990416,27.79230258533524,30
wind_323719,9,11,22.0908149,24.608055199062818,25.423251234561967,27.81455504599377,30
wind_323719,9,12,19.625324900000003,22.838651169791394,24.51199015756669,27.04915249816322,30
wind_323719,9,13,13.732013466666668,21.23973956327864,20.45381296317186,26.661219664724502,30
wind_323719,9,14,11.858667966666667,18.564740811556064,17.754642189429156,24.221500508176085,30
wind_323719,9,15,13.291577066666667,18.88520978094178,17.29840524210588,24.28237437186978,30
wind_323719,9,16,13.375633233333334,21.517937938995697,18.616074078190884,25.83793904926767,30
wind_323719,9,17,13.297468266666664,19.475190382390487,18.890617132583916,26.5221298139606,30
wind_323719,9,18,15.619888233333336,22.466429757659213,18.601501635972735,26.29909519935639,30
wind_323719,9,19,14.745369866666664,22.3997652498568,14.88348213393451,22.708467986613545,30
wind_323719,9,20,13.592808766666666,21.003606124106682,16.039589952065235,23.11537962274586,30
wind_323719,9,21,12.891251433333334,17.378502094995703,13.81541281139935,19.62940806880431,30
wind_323719,9,22,11.612385399999999,17.056570810097895,13.433067354204342,19.53295305017431,30
wind_323719,9,23,14.3901277,19.65849261467694,16.671129546055656,19.791453245422574,30
wind_323719,10,0,31.30804858064516,26.822234187192908,41.37189751865075,27.47941568194014,31
wind_323719,10,1,33.28555741935483,26.27039997148036,46.00777486110525,24.662759105401516,31
wind_323719,10,2,32.56015203225807,25.246481975611907,44.60922998403327,27.431798795400663,31
wind_323719,10,3,35.81788729032259,24.548486343079528,41.64928483488448,27.251542841772793,31
wind_323719,10,4,35.26401351612903,25.186564603749044,39.57949641888791,29.489835994647027,31
wind_323719,10,5,34.92693777419355,25.412526909717435,38.86840958038988,29.29143383643269,31
wind_323719,10,6,33.73061274193548,27.47416491865564,37.12289610383487,29.249944719398435,31
wind_323719,10,7,32.774371096774196,27.20846909240158,38.63386341588967,30.773557254553175,31
wind_323719,10,8,32.527742967741936,28.11889899793598,38.69049271202269,29.77252224835004,31
wind_323719,10,9,34.583178258064514,28.336883788240524,39.22280136438677,29.38862631754097,31
wind_323719,10,10,32.01108022580645,27.84076084079185,39.06830028677291,29.38918516952025,31
wind_323719,10,11,34.957708225806456,27.736257334816976,38.539556163276494,28.7548157133143,31
wind_323719,10,12,35.67962687096774,28.85196411763326,40.419499189727055,29.40568382167785,31
wind_323719,10,13,31.006840645161287,29.24491858853769,37.801691416627826,29.701376738133437,31
wind_323719,10,14,27.537404967741935,29.180911912426186,35.49886750438737,29.507609674313706,31
wind_323719,10,15,28.04618477419355,28.709161862039192,34.83948740562969,29.41372378413631,31
wind_323719,10,16,29.929440677419354,29.1996113540879,35.89844655602128,29.31118678484005,31
wind_323719,10,17,30.696012677419354,27.596383261878106,35.961204075912605,29.534606038819803,31
wind_323719,10,18,31.032835838709683,28.506138711789195,37.776697562824175,30.645324210163807,31
wind_323719,10,19,33.85454641935484,29.465359252921726,38.9398282322739,30.51404830119895,31
wind_323719,10,20,31.203533967741937,29.96231745972712,40.05311160717583,30.06744287381567,31
wind_323719,10,21,32.22799361290323,30.27269894306769,40.117348344117694,29.377957015545597,31
wind_323719,10,22,32.25491838709678,29.72198192057607,40.57364607922013,28.558793993670683,31
wind_323719,10,23,32.15797567741936,28.76748528025641,43.90282452254056,28.584885318692564,31
wind_323719,11,0,43.812577499999996,30.472739151985248,44.91450823217103,28.44168603032046,30
wind_323719,11,1,40.85129316666666,30.18345245786391,46.469721881702746,28.78414136069925,30
wind_323719,11,2,40.94999963333333,30.641547248915224,46.280824987291524,29.556759902758778,30
wind_323719,11,3,37.6133314,30.337040479123747,44.08064530010132,28.791124123841122,30
wind_323719,11,4,34.3413559,31.54964677075177,44.25346758418907,29.81210170577899,30
wind_323719,11,5,37.62708596666667,30.99358103438267,42.81308252862861,30.368573974928275,30
wind_323719,11,6,38.465015733333324,30.419989171548107,44.92179140478072,30.424661270353248,30
wind_323719,11,7,41.09510376666667,29.787991886154117,44.974117507904104,30.440921689944563,30
wind_323719,11,8,40.020695466666666,29.882578097134246,44.004389140305285,30.493284444807365,30
wind_323719,11,9,39.42057296666667,32.434420215439886,44.931862500933946,31.076402956627643,30
wind_323719,11,10,39.63227350000001,31.75696592899272,44.56970298121686,30.089345287009905,30
wind_323719,11,11,42.00980690000001,30.725280036669297,44.80953889402134,30.409769413305078,30
wind_323719,11,12,43.261929800000004,30.929465412205577,45.07776849787955,31.237818872113387,30
wind_323719,11,13,40.29651690000001,29.816241857242666,44.39786810756997,30.192530937478153,30
wind_323719,11,14,36.14759946666666,31.296965324626733,41.3321404709487,30.557076897094948,30
wind_323719,11,15,32.81577733333334,31.220367114531765,39.53507848911063,31.022484447684235,30
wind_323719,11,16,33.983068933333335,32.64291959478082,39.21527354707864,31.015264729619037,30
wind_323719,11,17,36.22760106666667,32.26206168239067,41.048829048816984,31.481947082512047,30
wind_323719,11,18,37.96020786666666,32.43249464350355,42.55587205521898,30.897526000537745,30
wind_323719,11,19,38.41472743333334,31.910618748033418,43.78736008503479,30.93119855223629,30
wind_323719,11,20,37.302047933333334,29.41052077918827,44.124940776979464,30.92989020267621,30
wind_323719,11,21,40.32397206666667,29.732727226908434,45.29894581148993,30.78178777277097,30
wind_323719,11,22,43.531377533333334,29.619492865559195,47.88180643087035,29.428344173372064,30
wind_323719,11,23,42.06929170000001,28.94146869595355,45.81208018233585,29.98677044724462,30
wind_323719,12,0,34.16959835483871,30.705291770940477,37.27988512649774,30.856506886502974,31
wind_323719,12,1,32.52884851612903,29.71304875851494,36.496570921520096,31.169619520961042,31
wind_323719,12,2,33.89612861290323,30.88465223211414,38.696776100080676,32.23158088616992,31
wind_323719,12,3,33.66323751612904,30.785922588134984,40.039865953819934,32.19914342793654,31
wind_323719,12,4,34.1331274516129,31.794853593759502,40.44886850560456,33.01097717383077,31
wind_323719,12,5,33.576535580645164,32.462995476954845,41.95942651820192,32.38361695369298,31
wind_323719,12,6,33.14409958064516,32.047892118865946,41.44800017242818,32.2704316663564,31
wind_323719,12,7,31.68235735483871,31.115985337025556,39.89431204992855,32.57133953653677,31
wind_323719,12,8,31.282738193548393,31.474716316156083,38.23305533900495,32.975179391187304,31
wind_323719,12,9,34.52636193548388,31.576356501577237,39.33691048958808,32.95253079260962,31
wind_323719,12,10,34.34448270967742,29.864407469273786,39.08946866928414,32.205395800731395,31
wind_323719,12,11,38.239222387096774,30.424686219098444,39.2324895566717,31.45160703902421,31
wind_323719,12,12,37.19330164516129,30.621512105797702,38.42908786927725,29.65120032180707,31
wind_323719,12,13,36.12312377419355,30.930997754317897,38.292815682626774,29.404345267767106,31
wind_323719,12,14,35.024746935483876,29.996312858795214,36.806263472358495,29.3586907282813,31
wind_323719,12,15,30.536594870967743,30.572798787058883,36.072722135803645,28.81917361435521,31
wind_323719,12,16,26.13437683870968,29.79251980686325,35.01729021516076,30.17870348481311,31
wind_323719,12,17,24.858319096774196,29.165493459148372,32.85042617993362,29.91685715304437,31
wind_323719,12,18,26.861417322580643,30.79726761186151,34.205739221360275,30.97021629177457,31
wind_323719,12,19,28.704384709677424,31.25269079841987,33.821504071073,33.04729320706033,31
wind_323719,12,20,31.428112870967748,33.455740222081594,33.789443052474034,32.268736776869176,31
wind_323719,12,21,34.259077193548386,33.8698827215357,37.08407194948523,33.31292105095268,31
wind_323719,12,22,34.352065612903225,32.29177497980309,37.870256592640914,33.798727511518194,31
wind_323719,12,23,35.21738896774194,30.75009885993748,37.584729683087645,31.895545019810665,31
wind_323751,1,0,43.16079838709679,31.07253525922169,38.815423295953295,31.414560174004528,31
wind_323751,1,1,42.13459896774194,30.961902849600147,39.89443207987959,31.99517609233116,31
wind_323751,1,2,44.105966580645166,30.992677861511442,41.97375474016423,32.7321715167539,31
wind_323751,1,3,43.03609445161289,31.248826768021623,43.34989192850099,31.887027102780102,31
wind_323751,1,4,42.69511125806452,31.32471917577194,43.36514020246422,31.668755550562924,31
wind_323751,1,5,40.79021296774194,29.985547692159155,43.108066850124686,30.508721490835327,31
wind_323751,1,6,42.823167516129026,29.780495348760795,42.509248251219844,31.124259166269756,31
wind_323751,1,7,41.143103709677426,30.477980862725488,43.073843056521035,30.58309661649549,31
wind_323751,1,8,39.578405064516126,29.925036720664107,40.3323619279796,31.947723724670418,31
wind_323751,1,9,39.85334425806452,30.84891771932262,41.11024900681024,31.740764980224075,31
wind_323751,1,10,37.59663780645162,28.759488214184064,40.20463702007131,31.319753535192355,31
wind_323751,1,11,35.30595035483871,29.475665689022218,37.13051023869244,31.029857842894618,31
wind_323751,1,12,37.295409032258064,27.272305999748838,37.246707707279256,28.551485621116065,31
wind_323751,1,13,41.97503883870968,27.801133594735923,39.66526965528641,28.324536326806427,31
wind_323751,1,14,45.54110793548388,28.027837213679323,42.583547841885746,27.920941794565962,31
wind_323751,1,15,41.801497838709665,28.9013407480178,44.26937222929739,27.625228092791154,31
wind_323751,1,16,42.847483000000004,29.97078487389362,44.06075442639697,28.094252257416684,31
wind_323751,1,17,39.44936306451613,29.861035608521675,42.340881397706255,27.82590247556321,31
wind_323751,1,18,40.62723393548388,30.43589310134437,40.56573938901996,26.985493067708312,31
wind_323751,1,19,38.17068125806451,29.683289821390876,39.74418204293692,27.946402943703653,31
wind_323751,1,20,36.71734596774193,28.453866850960353,39.43998032901468,28.628111946759052,31
wind_323751,1,21,36.23995374193549,28.906927980114776,38.944711076380464,30.825537183803572,31
wind_323751,1,22,38.3528755483871,30.616030660926757,37.3950709451775,31.934501745257243,31
wind_323751,1,23,40.54014235483871,31.64726469694675,35.95434125941132,32.72861513418311,31
wind_323751,2,0,33.50262648275862,34.259572246374574,34.54029227900069,33.36378833252077,29
wind_323751,2,1,35.65490155172414,33.89468303041611,34.56548066260205,33.557585368363554,29
wind_323751,2,2,36.671726413793095,34.292746999566134,38.49603325417051,33.85339838346022,29
wind_323751,2,3,37.52537024137932,33.99730557348696,39.51821581847965,32.9317996324876,29
wind_323751,2,4,39.432819862068975,35.55809180634495,41.19955504927546,33.86750341206656,29
wind_323751,2,5,40.04778900000001,34.98589183441347,42.08185692164528,34.23381630609938,29
wind_323751,2,6,41.930196655172416,34.24136480234034,41.52190266777977,34.239827472749916,29
wind_323751,2,7,41.19730913793104,33.81413822512999,40.83852486249398,33.22608018429065,29
wind_323751,2,8,40.90422641379312,32.67038882207612,38.7858219787807,32.02717801255307,29
wind_323751,2,9,38.49719706896552,31.754520421085992,37.33215218061415,30.068087093147167,29
wind_323751,2,10,38.591703551724144,31.749081868548476,37.17188358454678,30.723596225544497,29
wind_323751,2,11,37.98756241379311,32.63083463863299,38.72309926610237,31.10162399239661,29
wind_323751,2,12,39.35253603448276,33.33346173382309,39.452708881229576,30.282651495450637,29
wind_323751,2,13,38.02723831034483,33.428695175386665,41.19225867287649,30.503483254255716,29
wind_323751,2,14,38.41911982758621,33.79427191212861,39.68892949644371,32.841029235857,29
wind_323751,2,15,35.53178475862069,32.49505036172524,38.8724010385269,34.34836518037492,29
wind_323751,2,16,34.63242303448276,32.09048678756137,38.42594916177631,34.50328818627506,29
wind_323751,2,17,35.445185172413794,32.805065088834986,38.118242953851805,34.71231124126872,29
wind_323751,2,18,37.381176,33.00042559244306,37.793696834311426,33.71159078987877,29
wind_323751,2,19,35.115507379310344,31.730051987008842,38.63359257450525,32.90310025215055,29
wind_323751,2,20,34.82810920689655,32.07161185271758,39.76503748107725,33.69657418942751,29
wind_323751,2,21,33.85955982758621,33.77801855497283,38.73011958673338,33.9934585495008,29
wind_323751,2,22,33.113885241379315,34.102739903724014,38.47272593166259,33.91312826535501,29
wind_323751,2,23,34.27320193103448,34.92014736672589,37.8459318775602,33.69070676887763,29
wind_323751,3,0,45.63598922580646,26.782760800670008,48.2983041879516,29.98081868994374,31
wind_323751,3,1,48.06031516129033,29.053626721771096,49.76474122153194,29.58789754643162,31
wind_323751,3,2,50.06821329032259,28.47170072212794,50.109091716287075,29.891595414602733,31
wind_323751,3,3,47.066209,29.507734079749547,47.120998916915816,30.513684653408077,31
wind_323751,3,4,43.817595322580644,29.753215612522332,42.74716236973056,31.37878645417593,31
wind_323751,3,5,42.84408461290323,31.045981566959444,44.09782809614903,32.1121812427558,31
wind_323751,3,6,42.40679516129034,32.62012852891178,46.45640651088222,31.604044565159803,31
wind_323751,3,7,42.36304474193549,31.264461601196803,45.485054162067264,32.20669182491477,31
wind_323751,3,8,42.63620525806453,32.270925591459125,44.169331089562384,31.790963357228065,31
wind_323751,3,9,42.919966645161296,32.61026720714729,43.23555942309368,32.48549116754725,31
wind_323751,3,10,43.29872141935484,31.234710121799978,45.04742753847411,32.004240655250584,31
wind_323751,3,11,48.10774932258066,29.738244784102488,44.77484702391114,31.68059414429939,31
wind_323751,3,12,45.314595967741944,29.43396134620764,44.67625571317846,31.26626725064996,31
wind_323751,3,13,41.39991519354839,29.24103717835934,42.483415661392286,30.743000727325757,31
wind_323751,3,14,37.709211225806456,29.8234743588104,41.703137470627745,30.537890765654893,31
wind_323751,3,15,38.403790677419366,30.56525566204095,41.627980030220776,29.83396931047575,31
wind_323751,3,16,37.39930448387097,29.487418168084606,42.71819545176953,30.249583351472374,31
wind_323751,3,17,37.63739919354838,29.472270569862914,43.48069178102098,30.30884611502554,31
wind_323751,3,18,38.141415290322584,28.552188406197747,43.31008138190279,28.253055519615508,31
wind_323751,3,19,39.751362,29.915049020579225,41.877192627181294,28.93358099136947,31
wind_323751,3,20,41.2367315483871,29.1106173024798,41.414647300059194,30.04242340144298,31
wind_323751,3,21,41.32010925806451,30.214444915283675,42.995041243047254,29.413157910176498,31
wind_323751,3,22,35.39709506451613,28.937033819154347,43.107012724004434,29.387200427577678,31
wind_323751,3,23,37.892101064516126,28.1287993191494,41.63286227644184,31.025246929797603,31
wind_323751,4,0,32.888110366666666,29.342440320835973,29.924288229458895,29.002079364728264,30
wind_323751,4,1,32.769867133333335,27.84026855184491,33.11655660401123,26.829070976727674,30
wind_323751,4,2,36.05563010000001,30.115335169066032,36.55221328051457,27.843390168424378,30
wind_323751,4,3,41.12524316666667,30.4934443076022,36.010024103666446,27.370721893261,30
wind_323751,4,4,37.965268800000004,29.961385368307507,34.523517922532854,26.318028686421925,30
wind_323751,4,5,38.14512620000001,29.220464562332868,36.41720613170189,29.675857289294413,30
wind_323751,4,6,36.470834833333335,29.06953525049825,37.67837781962405,30.92323939907587,30
wind_323751,4,7,37.29465106666666,28.740296973706975,36.801772519808054,28.72638914590616,30
wind_323751,4,8,38.1034144,30.15575638041147,39.85393595344303,27.2243940909498,30
wind_323751,4,9,42.797596133333336,29.850440091137724,40.40775575743347,30.642005954841384,30
wind_323751,4,10,42.7098764,31.457260480366692,41.79685145299357,29.02394000103965,30
wind_323751,4,11,40.20332410000001,30.79130931239885,42.46827297999846,31.859947023815707,30
wind_323751,4,12,37.45996123333334,31.757007330186106,39.39177985784659,32.73215780862496,30
wind_323751,4,13,36.208635933333326,32.0077867980563,36.38888390690787,31.43313973540694,30
wind_323751,4,14,35.3382899,31.115115378176192,35.59373914959958,29.819390265287176,30
wind_323751,4,15,31.975748233333334,30.786594283034592,38.671345651531425,30.512244872124672,30
wind_323751,4,16,34.86633066666666,30.387917347062455,39.7942721622355,31.30867057737199,30
wind_323751,4,17,36.32970286666668,30.404773528337188,41.67466804597159,31.981243689681776,30
wind_323751,4,18,38.706713433333334,31.882173795200735,40.71544324853198,29.814149118079484,30
wind_323751,4,19,36.761585266666664,31.25592659289936,41.964737176157996,29.782790057477783,30
wind_323751,4,20,37.4547603,30.08566709688385,43.32857930049097,30.40036445641884,30
wind_323751,4,21,33.837871666666665,29.171587370154384,40.966047531135864,29.822034881869282,30
wind_323751,4,22,34.805897933333334,29.71554245631528,39.979345557019705,29.035078907857613,30
wind_323751,4,23,35.8598393,30.024263336507293,35.7981654767235,27.536594016898867,30
wind_323751,5,0,15.955817806451611,21.1920547094804,17.167006967071547,23.118672685671026,31
wind_323751,5,1,22.063593032258066,26.40817797054167,19.935054019294398,26.618828038068408,31
wind_323751,5,2,22.50866277419355,25.872586160690556,23.800051640903813,27.481629399172864,31
wind_323751,5,3,25.939955387096774,25.228663147214093,22.385290044300522,27.078854128352372,31
wind_323751,5,4,23.76091464516129,23.364367609626267,24.170789717373665,27.958486848280828,31
wind_323751,5,5,26.883736903225802,27.354443765715505,25.860672680406502,30.854250198255553,31
wind_323751,5,6,28.448016677419357,31.205838512259994,26.0635292362715,30.760772550637938,31
wind_323751,5,7,28.99742858064516,31.624072946687633,25.480069391021708,31.48150790766935,31
wind_323751,5,8,30.290535774193554,32.99993381799394,28.4200601605735,33.49878492912001,31
wind_323751,5,9,31.045150161290323,31.758967434483957,29.740085661145233,33.464900035384076,31
wind_323751,5,10,28.747717290322576,32.69335676604707,29.84314549496343,32.5292120798904,31
wind_323751,5,11,27.90676106451613,32.445067997348474,28.14356941509727,30.826814695264094,31
wind_323751,5,12,24.873978516129032,30.041167357393363,25.495713510369157,30.32296579168794,31
wind_323751,5,13,22.21734290322581,29.61901347756705,22.151673516147902,27.86746737459755,31
wind_323751,5,14,20.733622032258065,28.797631734764956,21.736314109476044,27.280872201934365,31
wind_323751,5,15,19.89931038709678,28.378684085162064,19.828713646493966,26.119009379993376,31
wind_323751,5,16,19.39341606451613,26.656635062791498,19.9772701048809,26.866348583837205,31
wind_323751,5,17,16.477377258064518,24.18558848800431,20.152091203554964,27.41005421556643,31
wind_323751,5,18,19.176536774193547,26.83867983735702,20.88045001574963,27.341798789944324,31
wind_323751,5,19,18.594316806451612,22.211061528990452,18.51223750431437,26.03149366662449,31
wind_323751,5,20,20.838614548387103,23.12099548253585,22.308145050183498,25.602421000584712,31
wind_323751,5,21,21.528823161290322,24.51694226344589,18.965381882665934,22.680712942799026,31
wind_323751,5,22,18.768928548387095,23.848099457137682,18.038933452282393,22.306174065700798,31
wind_323751,5,23,14.019438838709679,20.908838549304086,20.614129075750483,28.027531863359133,31
wind_323751,6,0,17.261756133333332,24.631333772096642,12.693982909147907,16.10880408342568,30
wind_323751,6,1,22.270287633333332,28.1361869723457,12.526641217106679,13.056516419412029,30
wind_323751,6,2,29.031795133333336,28.92511520931288,17.76075518949262,20.059722824694692,30
wind_323751,6,3,23.264414733333336,22.56565421189305,22.55078595811468,23.58536997034462,30
wind_323751,6,4,28.8628939,23.096765974428685,26.232899724868027,25.507424329397367,30
wind_323751,6,5,33.84259793333334,27.584821718980532,26.985877519942175,24.19698973975716,30
wind_323751,6,6,35.80232660000001,29.272202883647854,30.482862610005288,24.857835808176567,30
wind_323751,6,7,34.50418633333334,30.08540774671015,33.906857336037966,28.830689853629877,30
wind_323751,6,8,34.52463196666667,29.914285482865967,33.9937796159671,28.026125028431316,30
wind_323751,6,9,31.301367833333337,29.270242285837693,30.71655486156533,26.47397537754599,30
wind_323751,6,10,28.531760366666667,29.1023449308087,28.393794593524262,26.677649505348846,30
wind_323751,6,11,26.206562466666664,26.137948773780295,28.77539941960035,24.606803704214617,30
wind_323751,6,12,24.02641453333333,23.076599038854074,28.21394802003834,27.08861611194821,30
wind_323751,6,13,20.88541873333333,23.26195107419045,27.63844508272225,26.513818056211637,30
wind_323751,6,14,23.1830538,26.431101494842736,25.315712835827167,27.771540146729848,30
wind_323751,6,15,23.337571533333332,27.749084200044067,25.221043043563444,29.134286865732697,30
wind_323751,6,16,24.046866599999998,29.249992057137177,24.98267601794312,28.740988067998007,30
wind_323751,6,17,24.96379626666666,30.127822690636723,23.681902435394683,28.3164437179435,30
wind_323751,6,18,25.421992066666668,31.45069015110286,23.23775884094215,28.61062634418203,30
wind_323751,6,19,25.640998099999997,29.5346722187503,24.499618057567854,29.131706557350213,30
wind_323751,6,20,26.702372633333333,31.650647909478256,26.29550559885569,27.88423127942088,30
wind_323751,6,21,27.07778303333333,31.193560849060805,25.933608820002668,28.99336478465479,30
wind_323751,6,22,23.9925605,28.32966900892891,25.841637576360405,30.15315860614509,30
wind_323751,6,23,26.899095266666667,29.807182696763565,26.24236935024508,28.485885269837006,30
wind_323751,7,0,11.290027064516131,19.725727998463388,8.689714963724848,15.792161492944276,31
wind_323751,7,1,10.540626290322578,14.665386430461188,9.262145008890757,14.749870696049678,31
wind_323751,7,2,10.740118161290322,16.46645907281814,9.323168659725708,12.85492470677061,31
wind_323751,7,3,12.092614645161293,16.94314825646353,11.467017878487564,17.400472381959098,31
wind_323751,7,4,13.597830967741936,18.641362578928085,12.078427223032513,17.83161378043448,31
wind_323751,7,5,15.39762870967742,19.992336508897235,12.893744399020521,15.65286441214127,31
wind_323751,7,6,15.078650580645162,18.366268120894254,12.603321926775136,15.265243595444014,31
wind_323751,7,7,14.740097612903224,18.42817446511681,13.205400219724215,15.415071192636086,31
wind_323751,7,8,18.612157322580643,21.594369983634035,14.416069914502131,15.868671544607741,31
wind_323751,7,9,21.8750199032258,24.654894251967864,16.898430616811904,17.42105272909778,31
wind_323751,7,10,18.427598612903225,24.120370733588377,17.934942880088936,18.77901965276283,31
wind_323751,7,11,17.873154999999997,21.370488909081836,18.038275049744342,22.055911299481394,31
wind_323751,7,12,17.13976919354839,23.78892616139592,16.126576472132943,22.61978663934584,31
wind_323751,7,13,14.750362129032258,22.53046218815306,12.442203538991727,19.537528403539234,31
wind_323751,7,14,12.536666870967741,21.547779033125266,12.904820426866985,23.349099949652096,31
wind_323751,7,15,11.364945516129032,19.222543947529374,11.113218791178088,19.82286580863485,31
wind_323751,7,16,13.974411580645162,20.921914794247293,10.664317833154449,16.903723807691332,31
wind_323751,7,17,11.56927393548387,19.646740456794678,14.411632565216522,19.523577928348793,31
wind_323751,7,18,14.219934193548387,21.90068937426991,17.202587260814905,20.92614995120834,31
wind_323751,7,19,14.970565258064516,21.438487449925173,13.821717351643521,18.943661600978796,31
wind_323751,7,20,15.36169441935484,20.795390698543823,12.158281991842438,15.64138564205061,31
wind_323751,7,21,13.824310741935482,21.774673488120797,12.44161330780464,19.55373082645691,31
wind_323751,7,22,11.489641322580646,17.623986859934252,10.874323655152027,18.274345990504802,31
wind_323751,7,23,11.30804093548387,21.53578761423298,9.670725790086983,16.8756459428251,31
wind_323751,8,0,21.603935161290323,26.066083377561082,15.852632396483228,17.415187815623646,31
wind_323751,8,1,22.767006354838706,27.346396283290918,21.719816622971944,25.524031475435315,31
wind_323751,8,2,21.91095141935484,27.552913591538363,20.88593524077873,24.88128022382841,31
wind_323751,8,3,20.62578112903226,26.571356746288536,20.956491951675925,24.61037937903811,31
wind_323751,8,4,21.348920548387095,27.539464222305934,21.73953670493195,23.402295327341598,31
wind_323751,8,5,21.8096070967742,25.424287833590306,23.434695104152897,26.84652216520339,31
wind_323751,8,6,22.37354574193548,24.898413251753713,20.462024266865946,24.921260537517867,31
wind_323751,8,7,20.547084709677417,23.067784569572275,16.912578125426613,22.313206772293103,31
wind_323751,8,8,19.043394838709677,22.192210924713315,17.45840242744016,22.62553517508534,31
wind_323751,8,9,21.25557129032258,24.270063929020466,19.992536998841082,24.607074561421957,31
wind_323751,8,10,16.394648967741936,20.192794566182243,21.385464414576752,24.552435025798985,31
wind_323751,8,11,16.40111529032258,20.57125428920958,20.95818439115496,23.880732416083177,31
wind_323751,8,12,13.13348148387097,17.448256994929785,19.816607068445343,23.00776073604523,31
wind_323751,8,13,13.906020193548386,15.47833820895016,16.582260239402732,18.666074461996512,31
wind_323751,8,14,14.507059225806453,17.393981793835945,13.810947792074137,16.989419030790636,31
wind_323751,8,15,14.579616612903227,16.10419862585926,16.84176371354776,21.84276156306871,31
wind_323751,8,16,18.447616903225807,22.247974730426126,17.25199761175455,21.495542044337874,31
wind_323751,8,17,17.837690548387094,21.76150397437838,20.00619125338241,23.711754958556067,31
wind_323751,8,18,18.03480116129033,21.312777693361248,20.46499902998897,22.661360126738003,31
wind_323751,8,19,18.642734548387093,22.024400395612748,20.778893357584856,22.900264180544376,31
wind_323751,8,20,17.908550161290325,21.072098541487936,20.456052115916155,22.3134136791338,31
wind_323751,8,21,19.139104000000003,22.807088275525853,20.083746015540324,23.356171948629104,31
wind_323751,8,22,17.834927838709675,23.822783476783243,21.292193749718802,24.057893301024095,31
wind_323751,8,23,18.140958612903226,20.639927642525116,18.260013245059753,25.43405743924016,31
wind_323751,9,0,17.921568533333335,26.847200708387177,18.789644063895704,23.273848368630283,30
wind_323751,9,1,19.338224500000003,27.501167759063748,22.760300383887753,22.545792630597752,30
wind_323751,9,2,23.408684633333337,24.25722052658599,25.14542575437846,22.247834936946553,30
wind_323751,9,3,23.76314793333334,22.959539234904778,26.698040286247917,23.18301941320013,30
wind_323751,9,4,27.304069000000005,24.022919960304428,28.21330220968165,22.77646185048108,30
wind_323751,9,5,33.298084933333335,22.132624752217374,33.5531553025395,25.460413096032553,30
wind_323751,9,6,35.707665199999994,22.71379971513153,36.595302979851766,25.275824722631615,30
wind_323751,9,7,36.3578822,24.735803401351983,37.803830480184516,25.01311303454096,30
wind_323751,9,8,34.1883232,24.888657539337096,36.73566427502057,24.204943183404836,30
wind_323751,9,9,34.99518926666667,23.780694817163806,36.42025860299392,24.689536331742833,30
wind_323751,9,10,28.762555899999995,23.510623607191228,35.01485935941948,25.334852142484184,30
wind_323751,9,11,31.88791493333333,25.255847539078694,33.65197512038341,25.977961090104213,30
wind_323751,9,12,29.9870158,25.852256164655177,33.51156570610473,25.347772212255098,30
wind_323751,9,13,26.0074467,26.73430444173808,27.981228677927838,25.751411254386113,30
wind_323751,9,14,21.756144600000006,26.25951180665967,22.44585362334423,26.451641212212905,30
wind_323751,9,15,20.116653700000008,25.694525324905083,19.639085911358666,25.422677430316867,30
wind_323751,9,16,16.39652116666667,24.084166407299747,18.79244421971492,26.846691549976356,30
wind_323751,9,17,15.8620822,25.643417503072683,18.73711902208889,28.251528441954033,30
wind_323751,9,18,18.20150503333333,29.466724538780994,17.442734007687204,28.034434709765282,30
wind_323751,9,19,15.754795066666667,27.066367735788727,15.34039178929002,24.462297408140724,30
wind_323751,9,20,17.289532899999998,28.915324740081175,15.942230309608844,24.47843597537848,30
wind_323751,9,21,17.2547055,27.36827315657507,16.206790342669596,24.413337063742166,30
wind_323751,9,22,15.672194766666667,26.85598932054801,14.750088150075827,24.075227866293716,30
wind_323751,9,23,15.696835100000003,27.554323608744998,15.72756521483338,24.252597480867312,30
wind_323751,10,0,26.179497193548386,28.995381436723097,31.344400079648416,29.15625096598993,31
wind_323751,10,1,27.18972909677419,29.189624318569376,31.564105394169626,28.366621484736886,31
wind_323751,10,2,29.153763741935485,27.81910389885897,32.022467669810375,28.791332808117183,31
wind_323751,10,3,29.721599838709682,26.984712499361777,31.57977506555276,28.069713931177038,31
wind_323751,10,4,28.128376645161293,27.752620077354827,30.668387751200115,29.74298505157846,31
wind_323751,10,5,27.49635658064516,27.82937098417006,29.795167372204624,29.555691737744304,31
wind_323751,10,6,26.819270322580643,28.426056914175163,30.13560746079807,30.422686239470984,31
wind_323751,10,7,27.235618096774193,27.45416139313266,33.37362215019045,30.897140432198267,31
wind_323751,10,8,28.97213661290323,26.927742409921525,32.04837795004749,28.044788879025962,31
wind_323751,10,9,28.666222612903226,27.473296377550714,32.9402766304873,27.581805125290742,31
wind_323751,10,10,25.651586548387094,28.61594364300408,33.047632484058106,27.765691225018138,31
wind_323751,10,11,28.21610212903226,29.967711419319308,31.7113255691542,27.763005879589993,31
wind_323751,10,12,25.99395729032258,27.57574550871944,32.907302672209276,29.0221542774606,31
wind_323751,10,13,26.197050580645165,27.800936157682276,30.690420473169198,27.209544578481378,31
wind_323751,10,14,25.306783451612905,27.17724101990652,32.102572219739585,28.65455259624118,31
wind_323751,10,15,23.377732774193547,27.64316330624633,30.027792313471032,29.474851839860893,31
wind_323751,10,16,26.77147077419355,30.538368803162424,32.498384583454474,29.689022916612004,31
wind_323751,10,17,27.88945122580645,30.646762053354166,32.766474920115954,30.643376420000315,31
wind_323751,10,18,26.96382570967742,30.109196627324568,32.16599484917155,30.856959844326184,31
wind_323751,10,19,28.09127609677419,30.574137279926443,32.086813805036726,31.411605284486434,31
wind_323751,10,20,27.930376161290322,31.724037711389194,30.65066265234479,32.124456389282685,31
wind_323751,10,21,27.678633483870968,32.57127600943377,29.45404488542848,31.06600338351267,31
wind_323751,10,22,26.64658038709677,30.927557699025016,30.663682613112968,31.009142259882616,31
wind_323751,10,23,27.964661129032258,30.111843793129495,32.21146788861518,29.5487527766457,31
wind_323751,11,0,49.824141100000006,31.229302482747887,51.03599227393118,31.621500832035714,30
wind_323751,11,1,53.33845576666667,29.599079481970374,52.65589585245581,30.590227765594808,30
wind_323751,11,2,52.19864006666667,28.728863270818593,52.298517170686374,29.794994537495214,30
wind_323751,11,3,49.354414133333336,29.407021085498158,52.81129614101092,29.164532425568932,30
wind_323751,11,4,49.837684899999985,27.173816481051613,50.21569890580814,29.813957445334513,30
wind_323751,11,5,44.52454003333333,28.062584798508542,51.10066642519292,29.50996466412188,30
wind_323751,11,6,44.27074106666668,32.22294567307976,50.43513721643459,28.139471503146627,30
wind_323751,11,7,43.087270233333335,31.91477279604352,47.06840490282884,30.940991429291607,30
wind_323751,11,8,40.21508756666667,30.471339430987456,48.14113153819507,29.873634470185802,30
wind_323751,11,9,41.251959799999995,32.556087775184125,47.01502400671837,30.14229396455053,30
wind_323751,11,10,39.46167286666667,30.97476149931362,44.157295826058345,31.149603660606875,30
wind_323751,11,11,39.99037046666667,30.975533501370098,44.37306114713442,29.682974699968238,30
wind_323751,11,12,41.9769565,31.023361569395526,45.45458741598264,30.037719186159357,30
wind_323751,11,13,42.92330460000001,31.03553761423758,44.41590293201242,30.566782852043694,30
wind_323751,11,14,40.559761,32.32695237618534,43.377303243383345,30.118543655960035,30
wind_323751,11,15,39.567811,31.515087194743536,44.29193377953409,31.065676639621373,30
wind_323751,11,16,39.997716133333334,33.160265318458535,43.955868216509394,31.738702093443464,30
wind_323751,11,17,38.40145323333334,31.516482649338656,44.40782975890793,31.94660010956987,30
wind_323751,11,18,40.26452576666667,32.482439260339326,43.4364165525436,32.07151235134317,30
wind_323751,11,19,39.41217903333334,33.66241081020924,44.14418179193207,32.694460879821854,30
wind_323751,11,20,41.14452839999999,33.18000209581612,41.025870919997196,33.91015492488602,30
wind_323751,11,21,40.66253626666667,32.20336118330278,43.90362199483846,33.515144899377866,30
wind_323751,11,22,40.549636333333346,30.920296431289252,45.952472150347695,32.57390168125917,30
wind_323751,11,23,43.3817442,31.61142447598636,48.631229733364165,30.87696880665386,30
wind_323751,12,0,50.0627219032258,31.399903676343406,48.40608866168901,32.02878170098116,31
wind_323751,12,1,50.52675754838711,31.880762214178276,48.19529849695391,32.67275434528304,31
wind_323751,12,2,50.921605032258064,31.06170715750791,47.31164775026542,32.3101051731795,31
wind_323751,12,3,49.05762280645162,31.24882614502604,49.57885887208955,33.58892025612897,31
wind_323751,12,4,50.91147587096774,31.186922316606573,49.088969109550774,32.140395549723195,31
wind_323751,12,5,46.67792909677421,32.689701605302076,47.95001702466394,30.78015235508993,31
wind_323751,12,6,46.820282419354854,31.564610084308022,49.69339479162403,30.52211840172006,31
wind_323751,12,7,48.98812945161291,28.65479219239071,50.856828675670926,30.145812854208085,31
wind_323751,12,8,47.42363396774194,29.686303308313335,49.20879760907452,29.17459062151026,31
wind_323751,12,9,45.958472193548396,29.563621485378643,47.49374810210914,29.899517484445944,31
wind_323751,12,10,48.47271587096773,27.726670659714603,46.08733549959638,29.240940059980737,31
wind_323751,12,11,47.27146100000001,28.74310284405875,46.30581128126692,28.63395303028257,31
wind_323751,12,12,46.14887567741935,29.971492163439112,46.427738071281915,30.013272655857428,31
wind_323751,12,13,43.19366032258065,31.27396513642492,48.2261597844148,29.97900431215261,31
wind_323751,12,14,43.905933483870974,31.0163224120797,50.39267426850488,28.57319272301344,31
wind_323751,12,15,43.26482593548388,32.77230034173459,47.00977657818154,30.031225699858506,31
wind_323751,12,16,42.30146964516129,32.49955676066375,47.63751951339992,30.334210145980297,31
wind_323751,12,17,46.46658158064516,32.50479861942623,47.62940282562596,31.124091595902733,31
wind_323751,12,18,44.15008693548388,31.957182804853627,48.73783031637479,31.29611358966631,31
wind_323751,12,19,44.61275303225807,33.26690967064773,46.9649462047502,32.67042333583412,31
wind_323751,12,20,41.55522167741937,33.0436036372145,45.446072655009864,33.48845982261175,31
wind_323751,12,21,44.477475741935486,33.150979839228114,45.63816195688896,33.57556178374486,31
wind_323751,12,22,44.85747051612905,32.438672768454474,47.90289962543913,33.34323236844852,31
wind_323751,12,23,48.349648645161295,30.355174190501632,49.10555570966089,32.81603651426267,31
wind_323753,1,0,32.886798258064516,28.89273748005346,32.19085723816925,29.63875258082543,31
wind_323753,1,1,29.162591000000003,28.81715363785948,29.628057605260228,27.975755511650966,31
wind_323753,1,2,28.644236774193544,29.313653924548774,30.836803788523518,29.340809179962807,31
wind_323753,1,3,31.495503806451616,28.56004281567852,28.512553170411188,28.369282766582835,31
wind_323753,1,4,33.176830645161296,30.617253900179225,29.055689080505307,29.16195771048905,31
wind_323753,1,5,32.98415990322581,29.49565673725682,32.50344677928736,29.816710972748833,31
wind_323753,1,6,33.41728396774194,29.250773581767305,29.68291661373919,29.690031291161088,31
wind_323753,1,7,31.905654322580645,27.795708261528187,29.981749703182263,29.475753799565577,31
wind_323753,1,8,29.04987470967742,25.76441245411454,29.198804895276098,28.654677926709375,31
wind_323753,1,9,25.18355790322581,25.67334075139577,27.44436870900806,27.51563281176895,31
wind_323753,1,10,25.547756516129038,25.861416226248377,27.32887310235395,26.463844308559555,31
wind_323753,1,11,27.4108314516129,26.88580712156166,27.677910976382808,27.42596896520627,31
wind_323753,1,12,30.402990580645156,27.75479031726229,29.773281654282187,27.711078308583115,31
wind_323753,1,13,32.07009477419356,29.653225113385894,31.61851538025289,30.98727361192776,31
wind_323753,1,14,32.77935593548387,30.121297383900497,29.860102833821365,31.102604993701483,31
wind_323753,1,15,28.038809548387093,28.44469179102642,30.955583806002405,29.73444150860526,31
wind_323753,1,16,27.749105258064525,30.975286900579363,30.777087390473792,29.611312464849945,31
wind_323753,1,17,25.72301390322581,28.35307928263838,31.151864223884676,29.370183721709544,31
wind_323753,1,18,26.155903548387098,28.012207844424513,30.487584820761548,28.70660333957217,31
wind_323753,1,19,26.657110354838707,28.212512443983478,31.579701520707406,28.913976435395696,31
wind_323753,1,20,29.618809645161292,27.43720739082305,30.613661915184228,28.087121438681027,31
wind_323753,1,21,33.065819193548386,27.966037453101453,34.135939559321635,28.615030978295632,31
wind_323753,1,22,30.661329419354843,27.979007026537133,32.884575652198585,28.25606992185796,31
wind_323753,1,23,32.6200155483871,26.12122242127657,31.54093339285455,26.97735992163926,31
wind_323753,2,0,35.99214768965517,30.84091297176603,35.27106448469089,29.761626884065738,29
wind_323753,2,1,37.33538655172414,30.3533165538774,36.00470001050779,29.737137657172294,29
wind_323753,2,2,39.55564441379311,31.878640419327795,37.11351002188859,29.588584589838877,29
wind_323753,2,3,40.89495682758622,31.724328486683746,39.64586836211495,33.131770698531376,29
wind_323753,2,4,37.295002482758626,30.92688560896233,40.26879022496378,33.56431050537126,29
wind_323753,2,5,38.66953475862069,32.02433484399631,40.406520503864975,33.535956644970256,29
wind_323753,2,6,37.90029510344828,31.459183752089746,40.918611784794635,31.901077761568086,29
wind_323753,2,7,39.4332865862069,30.680984958888423,41.69703230788547,32.91025684035863,29
wind_323753,2,8,40.97999544827586,32.10938229090074,41.2405738170293,32.63324428099481,29
wind_323753,2,9,40.96687324137931,32.81027028645295,38.972316647872454,32.02252198206889,29
wind_323753,2,10,37.41636055172413,32.80694510989362,37.762802265710825,31.424933839757784,29
wind_323753,2,11,38.10406244827586,32.21715301447387,39.626083062136495,31.75123753283104,29
wind_323753,2,12,40.96193441379311,32.16562031679173,39.25522216799404,30.81172205281558,29
wind_323753,2,13,38.186523034482754,31.940199838235536,38.04953112647544,31.089552012509184,29
wind_323753,2,14,35.356298310344826,33.79150140592471,35.05180841621756,31.17393349041458,29
wind_323753,2,15,33.47006551724138,33.157327189473676,33.86499708806396,32.961698601729005,29
wind_323753,2,16,32.657616310344835,31.872290148296234,35.3975959049669,33.809130703942834,29
wind_323753,2,17,33.79708013793103,30.920954545562047,34.91503635230203,32.62484169221066,29
wind_323753,2,18,34.190383724137924,30.69691289570708,37.233977978850575,32.73762560738078,29
wind_323753,2,19,35.41911231034482,29.619358292676335,38.19554377748173,32.6401355161855,29
wind_323753,2,20,34.83665389655173,29.491035611692944,38.37602244550976,31.21060821045567,29
wind_323753,2,21,37.77418986206897,29.268865015852306,35.429665516106795,28.12857221364761,29
wind_323753,2,22,38.237239,31.317115079165635,34.49579496960752,29.100571350968245,29
wind_323753,2,23,37.86752613793103,32.225529503971124,36.28862997933344,28.674456014823836,29
wind_323753,3,0,46.16237916129033,30.86525785295428,49.83399210428566,28.52159643796653,31
wind_323753,3,1,52.07620022580646,28.02920198806342,50.25146313508028,28.61380247460943,31
wind_323753,3,2,49.14505506451614,29.31155683298752,47.67779479213502,30.21542872318056,31
wind_323753,3,3,47.936262774193565,30.739110366714737,46.15351851598212,31.651505967349856,31
wind_323753,3,4,40.05376729032259,31.217832142312464,44.23068037881031,29.392577000208803,31
wind_323753,3,5,41.144765774193544,30.184723672897956,44.53585575042798,29.900249946223735,31
wind_323753,3,6,40.760291580645166,30.706380402343132,46.99285852896591,28.08947610538579,31
wind_323753,3,7,38.239804580645156,28.70806130103377,42.44154178684248,30.035554383378695,31
wind_323753,3,8,38.919858645161284,30.803232342865183,38.72733558567669,30.61471517265272,31
wind_323753,3,9,35.625718322580646,32.24219732244855,37.23245448069487,32.129785842560246,31
wind_323753,3,10,38.575106677419356,31.897195254753317,37.975136269636494,31.268539440491356,31
wind_323753,3,11,39.03700270967742,32.373389738547935,40.42790762862441,32.03970666402794,31
wind_323753,3,12,40.19032758064517,32.12248134502171,40.294755172849044,32.492767546953274,31
wind_323753,3,13,38.38284448387097,31.801966857040156,37.2077358768506,31.7491296969452,31
wind_323753,3,14,35.33012525806451,31.460158624673536,39.56497491689971,31.109710133185462,31
wind_323753,3,15,34.653075225806454,30.58473072988713,41.867621671174405,30.89840452004223,31
wind_323753,3,16,37.06269851612904,28.81234038399433,41.62573513172582,29.9996788712532,31
wind_323753,3,17,38.067192258064516,29.671680500131078,45.46174146940812,30.23990469417249,31
wind_323753,3,18,40.07118999999999,29.678966967144707,47.14017330518644,30.765575433263184,31
wind_323753,3,19,39.46342751612903,29.316820527492247,46.55896710335059,29.538691720680752,31
wind_323753,3,20,40.23689677419356,30.887083876774692,43.35649487047798,30.37677539391964,31
wind_323753,3,21,40.39001209677419,30.91577854504794,42.70810545311328,31.488252741421082,31
wind_323753,3,22,38.22773619354839,31.51565764211139,43.13074102541622,29.565462221478278,31
wind_323753,3,23,40.55366006451613,30.934696236544795,46.25463917327722,27.687993341237494,31
wind_323753,4,0,35.155532900000004,28.758721533779354,35.597570298263534,29.39759140275476,30
wind_323753,4,1,34.087121733333326,27.504830602071056,41.184899430669525,27.71978904564679,30
wind_323753,4,2,34.990113566666665,29.590649158377865,40.3586634972826,28.34510684585854,30
wind_323753,4,3,33.5784845,32.90546592022904,39.75402492608064,29.84402211750595,30
wind_323753,4,4,31.97237996666667,30.581683810508757,40.24854003509158,30.41855757741119,30
wind_323753,4,5,32.03813473333334,31.586754138338883,40.046847744767405,29.606848837643433,30
wind_323753,4,6,32.56872646666667,30.671800639161376,36.736189350004615,27.829331661000314,30
wind_323753,4,7,31.283011033333334,28.051904495965708,34.72075373316604,29.46663091881011,30
wind_323753,4,8,28.656218366666668,27.81190999886009,32.976417340391826,30.27322898912566,30
wind_323753,4,9,29.34774826666667,28.079843055750025,33.07102377123809,29.301363600464324,30
wind_323753,4,10,30.848864633333335,29.598756437051435,34.60082450787765,29.15548542446333,30
wind_323753,4,11,34.53479183333333,30.769345752539028,34.480478884935344,29.976696896339153,30
wind_323753,4,12,32.223534233333325,30.45068043135518,35.229134125564386,31.109850504385317,30
wind_323753,4,13,28.72494436666667,31.4133730372729,36.12417438860691,32.8148587822368,30
wind_323753,4,14,34.698229100000006,32.74990217671596,38.54066987097192,34.037141526469306,30
wind_323753,4,15,35.021656799999995,33.06779010222402,39.085950657636594,33.37227561117911,30
wind_323753,4,16,34.64509256666667,32.65474446074798,39.88428106578797,33.83173660484529,30
wind_323753,4,17,37.52196563333334,33.4359453093294,42.47899388762598,33.95748551373022,30
wind_323753,4,18,37.44819596666667,33.84895338965681,40.922243716721184,33.384529818311194,30
wind_323753,4,19,35.6248348,30.72443979310223,40.97720155138475,32.90030535537859,30
wind_323753,4,20,36.96714586666667,30.897398729496658,40.288979587960604,30.237395526470824,30
wind_323753,4,21,34.27943803333334,30.53627522844248,37.9373831163792,30.391339776505667,30
wind_323753,4,22,32.22848693333333,30.64062335795387,37.11487727040788,31.067948631623842,30
wind_323753,4,23,30.79859706666667,28.733179964513674,36.00457723309835,29.107840633047548,30
wind_323753,5,0,20.418254806451614,21.073693991489424,14.625436598390282,15.515162915011931,31
wind_323753,5,1,18.84508632258065,18.141552364858487,20.242428529416262,18.575246053977708,31
wind_323753,5,2,22.935257225806453,24.674748566776262,26.576290793654877,24.379616153134304,31
wind_323753,5,3,21.731633322580645,22.82144522966734,30.56345587512563,29.0469216612575,31
wind_323753,5,4,27.59140467741936,27.85729375099543,29.130926221345156,28.92351372563515,31
wind_323753,5,5,31.70150416129032,31.16680864403503,25.29893253910367,25.046838660170476,31
wind_323753,5,6,28.900654451612905,31.12736647794989,26.034827084956962,26.17725926117063,31
wind_323753,5,7,26.584997548387097,30.172527056458023,29.020287891422644,29.78073327261591,31
wind_323753,5,8,27.655184000000002,29.858315451176036,29.453410204457125,30.20423249731341,31
wind_323753,5,9,27.170869677419354,27.84051654935689,26.835130119444337,29.219405232861426,31
wind_323753,5,10,25.151738322580645,28.168930554654498,26.20893269655017,27.849810636246552,31
wind_323753,5,11,25.39475945161291,28.333592836906828,27.850099407749685,29.396906692199703,31
wind_323753,5,12,19.88717441935484,23.978225333447043,25.647419179113587,28.998413182164285,31
wind_323753,5,13,20.03931758064516,24.868052640695723,25.11005287404706,28.09786971110989,31
wind_323753,5,14,20.760624806451613,26.512175398545235,23.2790983281291,26.191296142525264,31
wind_323753,5,15,21.733446870967743,27.8032652745602,23.0585979888862,27.180492107896253,31
wind_323753,5,16,19.74870635483871,27.21894017057787,23.93132209829563,26.827347393170232,31
wind_323753,5,17,22.445613516129033,26.801004014368086,25.464576214913595,26.588461095551583,31
wind_323753,5,18,23.652155258064514,28.03331242487425,25.058067667737376,25.81485965680628,31
wind_323753,5,19,25.551298580645163,30.06393431066198,27.240128050325527,27.936488461286498,31
wind_323753,5,20,25.52514470967742,28.342062133898686,28.160908355766427,28.784452248443884,31
wind_323753,5,21,23.927905322580642,26.41801627957938,28.87306053517459,27.259550657981194,31
wind_323753,5,22,17.708324548387093,20.87090488465389,22.854128126095006,21.91557813130565,31
wind_323753,5,23,18.608707483870965,22.281093380868324,20.454951201786283,24.21030728499822,31
wind_323753,6,0,24.572954400000004,30.605098663145284,22.568746802208523,26.98647956805975,30
wind_323753,6,1,25.095971733333332,30.24513088794854,23.616414328142177,27.726901354328955,30
wind_323753,6,2,28.638325233333333,30.36219475438636,25.881024525331554,27.832224434498563,30
wind_323753,6,3,32.01955193333333,29.575654316653825,28.167895671119094,26.048559873487598,30
wind_323753,6,4,33.179116,29.239250164960307,34.42372199440722,30.783158073144133,30
wind_323753,6,5,34.47130056666666,33.39350621851923,31.62200929569148,30.374145573074227,30
wind_323753,6,6,34.19867396666667,32.36395258022861,33.08241533533685,28.922863536343737,30
wind_323753,6,7,34.87296363333334,31.933737316772238,34.623658968348586,30.664928500809555,30
wind_323753,6,8,31.8283331,30.604469569057215,31.12513099538848,29.036967665239747,30
wind_323753,6,9,33.86088113333333,30.69711709998471,33.16614865645057,29.630216646869233,30
wind_323753,6,10,26.52109266666667,24.72696981947134,29.86114554488934,27.344177614088807,30
wind_323753,6,11,25.37673633333333,24.89954292690989,27.455733381487114,28.182640648826197,30
wind_323753,6,12,24.41361493333333,24.55424865986054,24.346559738628994,27.93938557664309,30
wind_323753,6,13,21.636088533333336,25.073533917974867,21.889042657016656,25.646791605407643,30
wind_323753,6,14,21.729234099999996,26.045121527237427,20.043557855272308,25.287368148956013,30
wind_323753,6,15,25.8073541,29.395720039241464,18.66674066552881,23.867000305258642,30
wind_323753,6,16,30.487786866666667,31.510319174669633,25.890279381970267,28.979388322311348,30
wind_323753,6,17,28.831258933333334,29.92825048080151,27.409138469687655,30.37287782446824,30
wind_323753,6,18,30.63309496666666,31.398717882992333,28.367920459544813,30.008601351417713,30
wind_323753,6,19,29.53625196666667,30.88997124703074,27.42657925728131,30.044918588191543,30
wind_323753,6,20,28.944226533333328,28.391636668971717,28.01793550637923,30.613309653122514,30
wind_323753,6,21,27.967348466666667,28.730726459829093,25.980830452068925,30.650257558183636,30
wind_323753,6,22,26.538121,28.68765231436886,24.07025422918888,29.710004754055966,30
wind_323753,6,23,24.5265032,28.355790458336774,27.723896498490408,31.874741952912107,30
wind_323753,7,0,16.29734648387097,22.179921200566728,16.352593423353355,22.255623292300847,31
wind_323753,7,1,15.292444193548384,16.07559444456237,16.78676064595659,21.88286639749319,31
wind_323753,7,2,17.735051354838706,16.748153832503945,16.325489234239107,18.867198937931832,31
wind_323753,7,3,15.260890580645162,13.826697114457245,19.26323257474057,20.66291970728926,31
wind_323753,7,4,18.99051306451613,15.845328155006518,18.64925614318099,18.657902826724644,31
wind_323753,7,5,19.642420709677413,18.79406057088286,17.683061717781033,17.958809501810347,31
wind_323753,7,6,22.730826419354834,17.98782117266194,16.782741318860914,17.77051763131952,31
wind_323753,7,7,21.90909541935484,18.637600458221545,20.009796187206298,19.841645077973798,31
wind_323753,7,8,18.054243322580643,18.300477992617356,18.717847288917106,19.885109246912677,31
wind_323753,7,9,17.499692419354833,17.83061964394881,18.318749056130564,17.956333072547952,31
wind_323753,7,10,14.182712774193549,15.02536087434929,18.44446199047106,18.120885970276415,31
wind_323753,7,11,12.476631709677417,17.060101060134098,14.994645959742039,18.14904893977464,31
wind_323753,7,12,9.156662677419353,14.70308088697294,12.59662967854784,20.044550269431195,31
wind_323753,7,13,8.923420000000002,17.70237607318549,8.128810731634314,17.104375757962067,31
wind_323753,7,14,9.610255483870969,18.721844944037226,8.77707244513937,16.20040681591757,31
wind_323753,7,15,12.887989225806452,21.004789048251187,8.74518880386242,16.323066775484875,31
wind_323753,7,16,12.352283935483868,19.544856556122053,10.571506090771141,18.12922271521615,31
wind_323753,7,17,12.517060354838707,16.9721170425764,12.616882981301687,18.955039707441152,31
wind_323753,7,18,13.766404967741934,17.22587874588071,14.117549287330917,18.620693416931623,31
wind_323753,7,19,13.889608548387098,16.170860362790627,13.589486861825957,18.587633271853512,31
wind_323753,7,20,15.716780709677417,17.264145229995044,13.099936960535112,19.66528361379441,31
wind_323753,7,21,15.84700735483871,18.79071547398239,13.756202898324736,20.870141250194788,31
wind_323753,7,22,14.377763580645162,18.953271027272525,14.31290920922769,22.515339359238023,31
wind_323753,7,23,15.017532258064518,18.833211534651152,14.784027813148375,22.032738194638476,31
wind_323753,8,0,26.478777774193553,23.912586200923137,27.597456341837376,24.51324320944794,31
wind_323753,8,1,28.49439512903226,25.9651321248496,29.806372717498004,25.910709697996214,31
wind_323753,8,2,26.11528022580645,25.2147203248761,30.01268418247796,26.701957676149068,31
wind_323753,8,3,29.552584258064517,24.96842660218326,29.093023870818453,26.772095227403863,31
wind_323753,8,4,27.500501580645157,25.809632746530916,31.323823911712292,26.259127183581207,31
wind_323753,8,5,28.16907441935484,24.871035875511758,29.183054432272108,24.38287574358696,31
wind_323753,8,6,25.03032461290323,24.45630277369636,27.03517917589914,24.948358841613555,31
wind_323753,8,7,23.168108387096776,21.600071076800788,24.108265477521027,23.163383689524437,31
wind_323753,8,8,21.28617796774194,20.544970421918904,24.079065250909853,21.740878280689643,31
wind_323753,8,9,21.407366322580646,20.21354179103068,22.562510334908797,20.715319696871912,31
wind_323753,8,10,18.59690906451613,19.577999933387567,22.029164267936416,20.510844494141924,31
wind_323753,8,11,18.798205774193544,18.899265176044672,18.27615348570308,16.700421203042026,31
wind_323753,8,12,15.537475258064516,20.831269498046094,18.085339332236494,20.1582955093667,31
wind_323753,8,13,15.161726838709678,21.685675940398212,16.892442798357266,23.36938424456132,31
wind_323753,8,14,16.656699870967742,22.57757371259997,19.652104275201786,25.29075010782773,31
wind_323753,8,15,19.744766451612907,25.259783087921488,21.061302748776185,23.879897915841962,31
wind_323753,8,16,17.805274032258065,22.44077516700914,24.163384486656387,25.972412936116765,31
wind_323753,8,17,20.938541096774195,23.914450574118522,24.544394253352287,25.742756390564065,31
wind_323753,8,18,22.965155483870962,22.098968579643845,23.212865760085087,25.231413195130177,31
wind_323753,8,19,23.39100216129032,23.345657277008126,22.80600197930756,24.629688974363884,31
wind_323753,8,20,25.49125067741935,25.307539087333478,21.509250775259954,23.190975686346512,31
wind_323753,8,21,24.877462806451618,22.994483893160247,23.815940296015548,26.02120181817926,31
wind_323753,8,22,24.16042564516129,21.235084892531063,21.093279490760253,22.10164249489134,31
wind_323753,8,23,24.959967709677418,20.150603902618013,22.65291343798745,21.535836663754953,31
wind_323753,9,0,20.504989533333333,23.19582600828226,20.29123354201248,21.259514400264123,30
wind_323753,9,1,19.0450781,21.82207026200045,24.87511811256599,23.471888758120013,30
wind_323753,9,2,23.541301500000007,26.26668093085664,25.29099921927576,24.662511480770174,30
wind_323753,9,3,21.943389566666667,23.917931969336767,27.746335275956042,25.30874389416391,30
wind_323753,9,4,24.065768600000002,25.637581143535513,27.748756122224894,26.36188272632056,30
wind_323753,9,5,25.50108176666667,25.464531866385247,26.68656798917694,25.585227608465534,30
wind_323753,9,6,25.42670046666667,23.38220270082492,24.03317690409408,24.14243926250505,30
wind_323753,9,7,22.730535133333333,21.06882964666013,25.86480758427456,25.615482386803002,30
wind_323753,9,8,23.139031066666664,21.18631010968805,28.648620907875838,26.81516977799425,30
wind_323753,9,9,24.390291766666667,21.35391044032139,29.053185144759595,26.515724766933438,30
wind_323753,9,10,24.307494033333334,25.59172928284806,26.416486012660624,26.154157426576504,30
wind_323753,9,11,22.61673053333333,25.57237836216663,26.401692281896416,25.293465548795623,30
wind_323753,9,12,22.0065905,23.942385877530498,25.2097607538668,24.138113004412904,30
wind_323753,9,13,14.3764717,20.01901373306071,20.36219094446962,24.526737289591985,30
wind_323753,9,14,16.323098533333333,25.82580520565591,17.756315716892303,26.34617457724333,30
wind_323753,9,15,17.4162375,27.03123773943213,18.439111961152957,26.95200611338314,30
wind_323753,9,16,17.780944400000003,26.209776813177765,19.05016762369543,27.430081007031653,30
wind_323753,9,17,17.981150099999997,26.411266135680854,20.149530161948086,29.738886473463104,30
wind_323753,9,18,18.573862866666666,26.425799706493876,20.26529762299775,28.026980142894043,30
wind_323753,9,19,17.792046766666665,24.987558179145992,21.692075819490082,29.573567310744917,30
wind_323753,9,20,18.408035333333338,26.553132137219837,20.4181501272912,28.075906660936024,30
wind_323753,9,21,17.38393926666667,25.42374409330828,19.491391061033553,27.606333492775406,30
wind_323753,9,22,15.711461900000002,23.79659422987526,18.680777459001828,26.59017876955727,30
wind_323753,9,23,18.779902600000003,21.05387785656535,18.649792064382602,25.23123218718601,30
wind_323753,10,0,31.899883870967738,25.571101948379948,37.47544046140442,26.62170446925208,31
wind_323753,10,1,31.17546038709678,27.348171820751503,40.128284708799065,26.025562948489778,31
wind_323753,10,2,33.46841983870967,28.736661903375413,42.88578208541895,27.45901254513374,31
wind_323753,10,3,31.665643935483875,28.769586640242075,36.87639136487451,26.00681271446421,31
wind_323753,10,4,33.06360448387097,27.777047586150747,36.72317495094012,25.455768923521063,31
wind_323753,10,5,32.24079625806452,28.465618589684585,37.58268207312526,26.589974754280657,31
wind_323753,10,6,30.415309741935484,29.148995180623814,34.05635765453608,27.029862632143182,31
wind_323753,10,7,32.070909870967746,29.70534254281387,35.52532955290016,28.807840147166882,31
wind_323753,10,8,30.891684032258066,28.659003835500602,36.80066705706092,29.798381626887107,31
wind_323753,10,9,29.87723029032258,28.228853061028516,37.57852489647439,29.735106668838764,31
wind_323753,10,10,29.613786129032256,27.66250803581372,37.9149023775884,29.686229131593954,31
wind_323753,10,11,30.863584645161286,27.39907039485615,37.10251650129196,27.769692545469404,31
wind_323753,10,12,30.607002419354846,27.14899479867463,37.66961505046643,29.39686683311221,31
wind_323753,10,13,28.19908035483871,26.772891848305015,34.53818318613752,28.123317734045564,31
wind_323753,10,14,25.935072806451608,28.193834112890976,30.40524054319145,28.36082871620521,31
wind_323753,10,15,24.70669838709678,24.945327426899247,28.24703882217907,26.882252941437716,31
wind_323753,10,16,26.955950322580644,25.05265170229692,31.436181334867776,28.24288001665513,31
wind_323753,10,17,30.326391451612903,26.71140454261196,35.11893754949433,29.311127754458916,31
wind_323753,10,18,31.849878967741937,27.429946742640112,37.98407818878281,30.117105078200982,31
wind_323753,10,19,32.05855603225807,28.34705281370078,38.8635808185995,31.473847280922733,31
wind_323753,10,20,31.903823,28.497300135023814,36.86110942110079,28.214723235720058,31
wind_323753,10,21,29.93225083870968,25.921901108530864,32.52351608492407,27.997728084047694,31
wind_323753,10,22,28.582849322580643,25.361860132400793,32.824249446177966,25.933007336245396,31
wind_323753,10,23,30.934110935483872,24.786086571898952,38.61851965053493,28.30770943482067,31
wind_323753,11,0,37.8375549,29.92132896618513,40.38732417052128,27.9387490396957,30
wind_323753,11,1,34.8041565,29.6020288419334,37.97643217882852,29.545064035596248,30
wind_323753,11,2,33.883063433333334,30.38138930822885,35.87101268216782,30.624413109160894,30
wind_323753,11,3,33.411971666666666,30.418883635099903,35.37159166997039,30.081984679077244,30
wind_323753,11,4,33.494208900000004,29.50523219266461,38.25185992905253,29.68316859815735,30
wind_323753,11,5,39.91535763333333,28.64096367357219,39.88533258148672,30.066292306617846,30
wind_323753,11,6,39.960456333333326,29.482558441112655,40.294272806808664,31.696867319155267,30
wind_323753,11,7,38.09146966666666,30.986472276140546,39.31416485277544,30.812692920569464,30
wind_323753,11,8,38.72526116666666,30.36638581506766,39.08648037825705,30.93652532526592,30
wind_323753,11,9,38.17154323333333,32.5144778312392,39.120996855526116,31.007533759027737,30
wind_323753,11,10,39.03605093333333,31.743123449220036,39.478137669219386,31.0487130586359,30
wind_323753,11,11,39.420488899999995,31.76129060255252,37.63398048483379,31.227588783948253,30
wind_323753,11,12,39.57841526666667,30.29871212822297,37.34225305865518,30.681675987242627,30
wind_323753,11,13,37.519533933333335,31.019067079117757,39.22305035530475,29.775910617976237,30
wind_323753,11,14,36.64594713333334,32.93564683942547,43.14207492594972,32.0574065490335,30
wind_323753,11,15,38.96810370000001,33.71865031846372,41.07098961781653,33.60260457485285,30
wind_323753,11,16,36.605006233333334,33.10327053279013,37.92413199904431,34.062520828293486,30
wind_323753,11,17,38.04925133333334,34.63850986701442,38.55675121648816,33.74419071759203,30
wind_323753,11,18,38.73032416666667,32.83027540656611,40.0096705395359,34.20965111610645,30
wind_323753,11,19,39.01991856666666,32.97444709603686,41.94202269453195,33.925407151745404,30
wind_323753,11,20,37.21991986666667,30.950596873607175,42.55739757524555,32.19998845548951,30
wind_323753,11,21,40.242105466666665,30.555624040153592,39.424647746505954,28.803507655463726,30
wind_323753,11,22,39.04874296666669,30.688847313884988,36.972158424724576,27.015666700443674,30
wind_323753,11,23,38.24584293333333,29.272906570257742,40.27534855986536,28.309499632151514,30
wind_323753,12,0,43.29144306451614,33.32197740575774,39.57014302725933,33.76000922087339,31
wind_323753,12,1,40.92242419354839,32.97667418798278,39.41330113309106,32.78558057411831,31
wind_323753,12,2,42.18903138709678,32.184209203244556,38.26660698671088,32.08972165681108,31
wind_323753,12,3,43.82479922580646,31.393269695341367,40.959492433386814,32.143365696418,31
wind_323753,12,4,42.8302084516129,29.956638606659986,40.9396665745263,32.269496968325804,31
wind_323753,12,5,44.33854651612904,31.26297332618308,42.952899791805365,33.70087370711399,31
wind_323753,12,6,42.166175064516125,30.546279831131834,41.76967560086175,32.29433387115426,31
wind_323753,12,7,42.26103567741935,31.617589399409567,39.616862082451114,31.872178468540326,31
wind_323753,12,8,39.81783370967742,31.71737710023262,39.03777753138647,31.501622970875594,31
wind_323753,12,9,40.290655935483876,29.157784173197523,34.80953037102095,27.752047807574307,31
wind_323753,12,10,39.02625958064517,29.596615725021948,37.192677280413584,30.54704922115306,31
wind_323753,12,11,38.0395680967742,30.409298607464585,34.71694201796927,30.48383030548635,31
wind_323753,12,12,35.35236583870968,29.677156265727376,33.34780063291378,29.04108969393443,31
wind_323753,12,13,32.14094490322581,29.373301687304224,30.738446417551106,30.229970629358277,31
wind_323753,12,14,30.56149412903226,30.726342936660192,31.530747731756858,30.006188637965945,31
wind_323753,12,15,28.000877419354843,29.726645382791613,31.594811560809188,30.607082046229483,31
wind_323753,12,16,31.029651838709682,30.87972468801494,33.4267135549671,32.00015501140514,31
wind_323753,12,17,33.13316693548387,32.39852175902988,36.162097422519956,32.796722289532646,31
wind_323753,12,18,36.1223560967742,32.54613972109133,37.9520099892497,33.649136657785085,31
wind_323753,12,19,36.89845080645161,33.00926180392108,36.85140725831249,32.849353249732985,31
wind_323753,12,20,38.75645116129032,32.54191408850077,39.627921243119395,33.132978233458694,31
wind_323753,12,21,41.23942325806452,31.47989195770642,39.18745942466211,32.6224094919664,31
wind_323753,12,22,44.05756506451613,33.425506978874516,40.165802420981464,32.47001283180016,31
wind_323753,12,23,44.054102677419365,35.212616142497254,41.36865789755718,33.12167290525095,31
wind_323784,1,0,56.159874,48.93652961452823,53.36939673034962,48.98390096275458,31
wind_323784,1,1,52.942097741935484,47.66822503408005,53.023303181513285,49.43066823108133,31
wind_323784,1,2,53.55395516129032,46.57486756006105,51.76537075202368,46.93209624921093,31
wind_323784,1,3,53.55983512903227,45.65596425982229,55.07524465059556,47.385636157005436,31
wind_323784,1,4,48.51039196774193,42.301947524297496,53.526026362957886,44.66692107951133,31
wind_323784,1,5,49.532533290322576,44.106605613159225,48.789056810981215,41.10937351175438,31
wind_323784,1,6,46.8727730967742,39.92584277521975,47.895440247415074,40.61086185135211,31
wind_323784,1,7,46.581563225806455,42.63390663895684,48.478131897648616,41.02509495164623,31
wind_323784,1,8,46.0487599032258,42.16331320305069,48.617089056062795,44.128409367310574,31
wind_323784,1,9,46.115433903225814,42.901535929803,46.684665202064146,43.468814392977414,31
wind_323784,1,10,45.28370151612903,44.628939322439216,46.86344032299065,43.56819172977204,31
wind_323784,1,11,43.19136851612903,43.34636742734559,45.53286452762092,44.43480254377881,31
wind_323784,1,12,42.0291151935484,39.669156089590004,43.02593160501524,40.58331965609498,31
wind_323784,1,13,46.12653383870967,42.89879616188538,44.195828139577785,39.71693946201644,31
wind_323784,1,14,49.26888516129033,42.23943951644021,49.855361772835785,42.60709660161288,31
wind_323784,1,15,48.28376829032258,42.52883943399832,52.11299718457467,42.15465863245423,31
wind_323784,1,16,51.83332970967742,44.95476774934093,52.0636471242056,41.603794466322256,31
wind_323784,1,17,49.53209938709677,44.56070557886399,52.05472344672784,41.28588223388579,31
wind_323784,1,18,50.56462770967742,45.61520157937498,50.70644092976159,43.821615571493524,31
wind_323784,1,19,49.35771529032259,45.394469339255565,50.55339889819582,43.19392595826829,31
wind_323784,1,20,48.14861029032257,45.10540986956165,52.51111096417689,44.65226000069644,31
wind_323784,1,21,48.12608670967742,45.29560554771781,52.31186185050572,47.43131434459228,31
wind_323784,1,22,50.66499622580645,48.49790595266111,51.210301716031516,48.99461904972481,31
wind_323784,1,23,53.15664667741936,48.402847489304044,50.50692169473832,47.2083404906251,31
wind_323784,2,0,44.68790110344828,48.84204796613865,43.239306286958396,49.36679921089584,29
wind_323784,2,1,46.76886806896551,48.02213566046515,45.741653920051334,48.712266351690566,29
wind_323784,2,2,48.134752724137925,48.93917859658984,50.49628831094917,49.5420851632577,29
wind_323784,2,3,50.25987206896553,50.33533967104895,50.24889684500879,48.026356016927174,29
wind_323784,2,4,54.298589689655174,53.387914895003945,51.4469876044168,47.43672506351407,29
wind_323784,2,5,52.48854568965517,51.62929207207237,52.15960916818901,47.61928813401656,29
wind_323784,2,6,52.08493255172413,48.44452716623685,50.83396142254023,47.44324881951551,29
wind_323784,2,7,51.78257244827586,48.60152785192717,51.17357508476813,46.98767223663962,29
wind_323784,2,8,50.52317182758621,46.78706837097876,49.77298301818218,45.551885833061206,29
wind_323784,2,9,47.641854275862066,45.358832972696575,45.55370028194731,43.46378214139572,29
wind_323784,2,10,49.44859244827586,46.4492947301342,42.72910573449362,42.73612449899368,29
wind_323784,2,11,46.788593758620685,45.82991582525931,47.30083670913298,45.121773756288526,29
wind_323784,2,12,49.02256134482758,46.50179081614679,50.493198477968136,46.94529859756119,29
wind_323784,2,13,45.82546686206897,44.43877008534815,52.20737693305471,44.5174439128142,29
wind_323784,2,14,44.09305606896551,45.15601058004151,51.73626804600233,46.38519260458927,29
wind_323784,2,15,43.41346020689655,43.856373425672196,47.93989330450793,47.11329166229908,29
wind_323784,2,16,40.83255320689655,40.85490088991347,50.59777034079585,50.529646866933334,29
wind_323784,2,17,41.71658286206897,42.830816574172275,49.31467167441093,49.10896889148056,29
wind_323784,2,18,43.9486284137931,45.40612025849743,49.70545371968665,50.0404227006334,29
wind_323784,2,19,42.76828375862069,43.94225622119782,48.14763939658062,48.378378588958576,29
wind_323784,2,20,45.84291799999999,46.520759931391886,48.58948845990046,48.61007029645065,29
wind_323784,2,21,46.11959593103448,48.54846342114717,51.18152969386581,50.798785905900466,29
wind_323784,2,22,45.171755724137924,50.16512440800749,48.80555219832051,49.041922336251794,29
wind_323784,2,23,45.04015141379311,49.86546042661529,48.234933788637875,46.7498699421344,29
wind_323784,3,0,54.79642493548386,38.359597645923714,60.2599302656046,42.77859131607054,31
wind_323784,3,1,60.31208416129032,43.93421609447155,63.46041051267691,43.23085599111286,31
wind_323784,3,2,59.8242183548387,44.26987997486559,63.2376236218454,45.87183752243522,31
wind_323784,3,3,58.99229329032258,42.40257570307905,59.24484195553448,45.8796353222179,31
wind_323784,3,4,55.60937483870968,41.346047619732666,55.22387485016553,44.74576243318178,31
wind_323784,3,5,53.75863803225806,43.88684501066393,55.38644183490472,45.77367441408833,31
wind_323784,3,6,55.639215387096776,45.23235842232772,59.2656634925402,45.80885179390217,31
wind_323784,3,7,53.76385816129032,45.195208938491305,57.06170851518824,45.37677009733357,31
wind_323784,3,8,54.314245193548395,47.036292540199696,57.748789242144895,47.03521479227862,31
wind_323784,3,9,54.35062761290324,45.16656953375309,55.571862557641325,46.3665543522256,31
wind_323784,3,10,52.840706741935485,41.659236367118446,55.18120036794207,45.35702998714868,31
wind_323784,3,11,54.64326816129032,39.86859811655422,52.64725030356593,42.52636398432077,31
wind_323784,3,12,51.80738351612904,40.23132369369968,52.39088345352893,41.97119764659797,31
wind_323784,3,13,49.93607196774194,40.11251715178468,49.50064567210908,39.892715528778645,31
wind_323784,3,14,45.48328883870968,41.19036781892978,49.94772284480684,43.62874924155657,31
wind_323784,3,15,44.486123451612904,41.25547902873972,49.34718506684704,42.57818791902703,31
wind_323784,3,16,41.10551677419355,38.10976524061221,50.47008807200105,45.56984292546212,31
wind_323784,3,17,47.09823709677419,45.45250913244464,52.14753298151854,45.7247648730341,31
wind_323784,3,18,46.57882058064517,42.93702232948346,53.49076918729835,45.74867370171909,31
wind_323784,3,19,49.710951032258066,44.00593474552973,54.092487962008725,45.42399206680266,31
wind_323784,3,20,49.86739609677419,41.011877260766525,56.5642609143088,44.80471345294437,31
wind_323784,3,21,50.95851732258064,41.978836137861954,55.33127781897475,43.02440208774398,31
wind_323784,3,22,44.90510296774193,40.442211437535946,53.46325928315001,43.09559560516871,31
wind_323784,3,23,44.753607483870965,35.822023363227395,52.6219808213854,43.237742263655356,31
wind_323784,4,0,38.4121761,38.045688480426136,34.987749445924834,36.529455274879425,30
wind_323784,4,1,38.61985273333333,41.263132492977455,37.332948818653264,34.397001844983194,30
wind_323784,4,2,41.92519589999999,40.09853323775622,39.46834284956049,38.56206481345681,30
wind_323784,4,3,46.885279533333346,40.240043587706104,39.87485037940085,37.617150822719005,30
wind_323784,4,4,44.05134426666665,40.89608858053951,38.01255667175009,35.905784285280795,30
wind_323784,4,5,42.367207833333346,38.679186343833784,42.00360440875173,39.605161521696566,30
wind_323784,4,6,41.038397866666664,36.61813756555166,41.75374256425838,38.977247708623,30
wind_323784,4,7,39.461717066666665,36.38417288679985,39.234444322487484,36.88964439916043,30
wind_323784,4,8,40.08191193333333,32.91151883188998,40.01955230003409,37.33760854805795,30
wind_323784,4,9,45.107692233333324,35.48345935343803,45.04637134266428,38.844222586788824,30
wind_323784,4,10,46.17152743333333,39.81475181714736,47.073441354714376,40.94490650802063,30
wind_323784,4,11,44.11619993333332,40.29175890479167,49.80104929567055,43.08972733028127,30
wind_323784,4,12,43.27737943333332,40.53099873644243,47.61236321261996,44.85476221723859,30
wind_323784,4,13,36.34430336666666,40.79513094012837,43.092034285401674,44.4361795621054,30
wind_323784,4,14,42.80844599999999,46.15616618655607,44.78396539647594,46.32714894995051,30
wind_323784,4,15,40.33415586666667,45.4005489053971,51.10323372422941,48.61570214421566,30
wind_323784,4,16,44.22810649999999,45.02505444759707,51.233904273631396,45.29050872428059,30
wind_323784,4,17,43.62760703333333,41.62619157506365,52.847013729450964,45.41663105683999,30
wind_323784,4,18,46.185568266666664,46.75190232975391,54.59093182615936,46.00875083967876,30
wind_323784,4,19,46.85054490000001,46.0166972920296,52.12013786775458,46.25053616619307,30
wind_323784,4,20,48.2058366,44.59875984984279,54.508593733647366,45.8373239913177,30
wind_323784,4,21,43.78013746666667,41.77240038154796,53.685140391812624,43.53850598898506,30
wind_323784,4,22,41.63935683333333,37.82979762211433,49.60726807202691,39.118943309271636,30
wind_323784,4,23,39.358452500000006,37.93287515994098,42.639738555604005,39.975443675218166,30
wind_323784,5,0,18.588296741935483,28.39519908370071,22.35397266670364,29.839982146023964,31
wind_323784,5,1,21.502515483870962,31.316114308416743,23.082806008386594,32.967398113511024,31
wind_323784,5,2,23.748963870967742,31.372767763032574,26.71085010474834,35.83614689103029,31
wind_323784,5,3,26.032344258064523,31.770934038136364,26.561004059765512,34.87082675629192,31
wind_323784,5,4,24.887321387096776,29.243892243637998,25.92481980397772,33.13615337410695,31
wind_323784,5,5,28.60338074193548,33.94538971376442,28.694317563649935,34.04293563052291,31
wind_323784,5,6,26.87076106451613,32.423712152532765,28.695971798581304,33.234416102861175,31
wind_323784,5,7,31.414353935483874,37.792019763875174,26.385288834450506,32.78205058318078,31
wind_323784,5,8,33.95143077419355,40.00081212683406,29.4537216546559,36.57139610026334,31
wind_323784,5,9,31.819077483870966,36.49324032227969,30.63843595415279,36.70349967831442,31
wind_323784,5,10,32.01672819354839,39.85523420944218,30.42683638647764,35.907466872874565,31
wind_323784,5,11,27.5383520967742,35.630935374007144,30.301067803747774,37.10854754140681,31
wind_323784,5,12,22.87429958064516,32.23819163588654,24.744292287159084,32.37351961694864,31
wind_323784,5,13,20.962427741935485,32.50431996558196,20.34658235529217,28.82839684794437,31
wind_323784,5,14,23.272835903225804,36.74054501857471,22.57715384288504,33.134189679631874,31
wind_323784,5,15,23.017782967741933,36.05781837595152,23.181832007304884,35.42156151354266,31
wind_323784,5,16,21.08360587096774,34.81789282081072,23.74191307075809,34.64945677979463,31
wind_323784,5,17,18.916287516129035,33.1957628087927,24.96459520254529,35.92194839113023,31
wind_323784,5,18,22.978832161290324,37.45455618101416,24.96458484300931,35.23608861152277,31
wind_323784,5,19,20.86283867741936,29.225229055164085,25.27356624675443,35.95334897887685,31
wind_323784,5,20,19.984813193548387,27.41318632431932,26.474154839224543,36.437447156831716,31
wind_323784,5,21,23.321618935483873,30.902957572386242,24.65777143955638,33.057048931572695,31
wind_323784,5,22,22.357293225806444,31.54378180246617,23.92251224553185,32.87892139372749,31
wind_323784,5,23,19.43433387096774,29.886523722939515,24.72797203207457,35.56090567957707,31
wind_323784,6,0,16.536339833333333,24.744210990440433,14.592345181088758,18.867451709611935,30
wind_323784,6,1,21.35326616666667,28.624522750583058,14.3720105527709,17.592584910683804,30
wind_323784,6,2,25.646288733333336,31.518794848688856,16.404174575027305,19.423461695588752,30
wind_323784,6,3,20.80843076666667,24.712857076780494,24.64143309956056,27.485632275821114,30
wind_323784,6,4,26.37011766666667,22.058250965929343,24.753116692599843,26.22563917230627,30
wind_323784,6,5,32.21155483333334,29.59249876610026,27.281039604898492,29.08761740110635,30
wind_323784,6,6,31.0651443,25.527145344417548,27.3673180613274,25.10871239416664,30
wind_323784,6,7,33.782598266666675,33.65547878863524,31.540349337189248,29.49269291093321,30
wind_323784,6,8,33.96654563333333,32.70037841674706,31.048905444718134,29.73738296822046,30
wind_323784,6,9,29.961339133333333,27.88940517050633,26.112361665458216,22.59482516133365,30
wind_323784,6,10,25.419220333333335,26.78844658222886,28.405694319108896,29.28681310508258,30
wind_323784,6,11,24.52903273333333,24.877678646716973,25.259624955099426,22.97908122721679,30
wind_323784,6,12,20.400249666666664,24.86684745321053,22.803870031081626,26.154641520928873,30
wind_323784,6,13,18.4663938,23.436293551532966,24.46011759729667,28.221965083825836,30
wind_323784,6,14,26.784185700000002,35.41979355184297,28.368636931262824,34.18450865091561,30
wind_323784,6,15,27.462542999999997,37.08900752395918,31.696900288728422,40.199027252052325,30
wind_323784,6,16,26.372944166666667,35.339554991977906,30.465160901004808,38.97302700137838,30
wind_323784,6,17,28.8002384,38.53873035358493,30.315934744426876,39.81377315762984,30
wind_323784,6,18,31.104213566666665,41.09325754787947,30.06284198742867,38.51593480622457,30
wind_323784,6,19,28.9789344,36.85745527339223,33.0482135810844,41.24664571139158,30
wind_323784,6,20,32.36065906666666,40.885362113625746,36.64907449547624,42.13637419444597,30
wind_323784,6,21,32.3037329,41.69230730301874,29.029462830823014,37.86760112577118,30
wind_323784,6,22,28.179140899999997,39.16699374630847,29.079930758391466,34.25275474146393,30
wind_323784,6,23,26.852709100000002,34.762832597468496,28.425938123468935,32.91174036785649,30
wind_323784,7,0,12.608632483870966,22.53517198924089,10.801383000436,17.916014915135086,31
wind_323784,7,1,11.88088106451613,18.255527435746345,10.232161785705042,15.323398127969085,31
wind_323784,7,2,10.782467064516128,17.203085945935605,11.59919647949479,15.103028103541993,31
wind_323784,7,3,12.981504580645161,21.440721288226886,11.3908671062854,16.402452825807416,31
wind_323784,7,4,11.687277677419354,19.65193534642153,11.85555945914422,19.826914056179962,31
wind_323784,7,5,14.216004258064515,22.116705860038444,12.333440009632838,18.06862736404474,31
wind_323784,7,6,14.457488677419352,20.97611906567652,10.773407961926694,19.00717705934076,31
wind_323784,7,7,14.708739967741936,20.473673334473855,12.412453695734355,20.001296724681787,31
wind_323784,7,8,16.104291354838708,20.942657550731873,14.438265930285333,20.137708363290233,31
wind_323784,7,9,18.73326664516129,24.043104122894395,15.402244062652095,20.311957566028507,31
wind_323784,7,10,16.344568258064516,22.36432145431679,16.74572791863845,22.062739917004922,31
wind_323784,7,11,17.01286035483871,24.27514970764998,17.691699230082715,25.5480593662956,31
wind_323784,7,12,16.162267612903225,26.414062658908307,14.223767681497472,23.847323616405887,31
wind_323784,7,13,14.356058967741935,23.811821505217463,11.766577082646728,21.52980090123622,31
wind_323784,7,14,11.206588161290323,20.61873239256094,13.390877991485597,25.075029583604763,31
wind_323784,7,15,12.664578451612902,22.15058475681306,13.135779865069944,23.813222834252137,31
wind_323784,7,16,15.389840774193548,26.785694200213264,14.427954519890474,25.225429540403635,31
wind_323784,7,17,13.01821822580645,25.79735058929491,15.27816144405036,27.120927023351065,31
wind_323784,7,18,15.089150419354837,27.51528273364982,19.331793340461505,32.01096150219492,31
wind_323784,7,19,13.608217096774192,20.84530712629766,14.936873158851073,20.34063350208477,31
wind_323784,7,20,14.603948258064518,24.061506929302517,12.98843690787839,16.709617497880554,31
wind_323784,7,21,15.221546806451611,24.522870178325554,12.580887355649411,15.69292936513952,31
wind_323784,7,22,12.427040741935484,24.27483468519192,12.701647633779478,22.491659821700164,31
wind_323784,7,23,13.280309935483873,26.518385394547696,11.740830496097484,20.88648026916671,31
wind_323784,8,0,19.584322806451613,23.053630426989834,16.18819830257324,17.509916282235064,31
wind_323784,8,1,19.838893645161292,24.218988673003526,18.987709887658895,24.173044258162914,31
wind_323784,8,2,21.503197,29.102322017819137,20.121420539065838,27.746325306402905,31
wind_323784,8,3,18.837046032258066,25.70888634189272,19.569618054654374,23.189699715518028,31
wind_323784,8,4,18.459056419354837,26.960847371147068,20.210808422875076,26.080885271397676,31
wind_323784,8,5,20.312294935483873,26.065292824392674,20.147472082609237,26.676564690562437,31
wind_323784,8,6,20.327968000000002,25.818015893386818,18.052464557738617,23.78060938543825,31
wind_323784,8,7,19.236543419354838,22.410144583721774,15.380784282659329,18.653673386571374,31
wind_323784,8,8,17.70439312903226,18.149115518940818,18.067572021414612,24.358355864183512,31
wind_323784,8,9,17.118595322580646,16.214410760635378,16.17374544734918,18.485595669505425,31
wind_323784,8,10,13.488629903225805,15.268454802581761,16.620968148634525,18.05075968458518,31
wind_323784,8,11,14.80469106451613,21.45321274498708,17.89285280387335,19.700090511815016,31
wind_323784,8,12,9.39967335483871,11.961817772942034,16.000699166031332,18.501229141216022,31
wind_323784,8,13,10.584491903225807,12.471898880978339,13.482305805847098,14.92691138440548,31
wind_323784,8,14,12.282333709677415,14.321011750956751,13.657463034469503,17.724593063439748,31
wind_323784,8,15,13.653321548387098,15.390734047923882,14.966158495946809,19.663483859346567,31
wind_323784,8,16,18.00239722580645,22.022253723600777,17.228989518717327,21.76870720177086,31
wind_323784,8,17,17.180255677419353,21.12402460197677,21.178060165176916,25.364116400019416,31
wind_323784,8,18,16.36508351612903,19.398711369765017,18.568213062887647,23.848660254214494,31
wind_323784,8,19,19.99274416129032,24.81151178113812,20.454000449628005,23.589621263500902,31
wind_323784,8,20,19.915223709677417,25.1747928065399,22.465833727863924,26.049478595518767,31
wind_323784,8,21,18.07331074193548,21.085202273410545,22.490626478748183,28.280370604188015,31
wind_323784,8,22,19.938370096774193,27.162131701138893,20.20000786571664,22.26000561908177,31
wind_323784,8,23,17.228392548387095,21.848745566408876,21.267050229504964,27.35492738946722,31
wind_323784,9,0,16.7964101,26.15816844543368,19.05770669824097,21.529122695925032,30
wind_323784,9,1,18.864519000000005,28.173831251949757,21.765651868105003,23.24811681851848,30
wind_323784,9,2,24.314868,29.982985054680707,25.899987711232875,26.94584974441839,30
wind_323784,9,3,23.962953000000006,29.944354106218174,26.49721968966179,25.86409609306223,30
wind_323784,9,4,24.443068133333334,29.57428736515876,24.968201956393596,24.96361406437124,30
wind_323784,9,5,29.014759900000005,28.366623657285388,30.424189057102204,28.985501644240987,30
wind_323784,9,6,30.7439926,29.981388395286885,31.463617481415465,27.623799430818543,30
wind_323784,9,7,30.47942026666667,29.13643558102564,30.718546580795245,25.954140819286476,30
wind_323784,9,8,28.119193100000007,28.386027032212343,28.38063585693046,24.753782903298962,30
wind_323784,9,9,30.377239733333337,28.68710179878836,26.65211343286493,20.81534649037686,30
wind_323784,9,10,23.818822833333332,25.96867521761529,28.657869115159063,23.8770560273439,30
wind_323784,9,11,25.24892583333333,24.25553548053035,28.690106353657328,24.58298653530263,30
wind_323784,9,12,24.016825766666663,24.62549570240928,27.24525087434064,25.390249621723207,30
wind_323784,9,13,18.029852233333333,19.683678186430548,23.617478058360355,25.97973440820964,30
wind_323784,9,14,16.760820166666665,23.322855595342137,20.021807834728538,25.02884017984104,30
wind_323784,9,15,15.675981766666665,21.84505293332358,17.761598505985067,23.891784005597035,30
wind_323784,9,16,13.993979533333334,22.136047973450157,19.42754611129791,28.26844427740008,30
wind_323784,9,17,12.977913466666669,20.14537560650135,21.598415202644983,33.376963081251475,30
wind_323784,9,18,18.918955433333338,32.76129146286327,19.62183930408804,33.24301700093942,30
wind_323784,9,19,16.734322733333336,30.746377173233338,18.752337950482058,30.717477758957546,30
wind_323784,9,20,17.970663166666668,32.796162524858524,19.02562482287416,30.038769620268866,30
wind_323784,9,21,18.31661116666667,31.066339817559342,17.924251464570975,30.158105737171233,30
wind_323784,9,22,18.123257066666664,29.714075919587287,17.149343075967064,27.69087591476658,30
wind_323784,9,23,16.595451966666662,31.281980634129336,16.241376044182196,23.77589929802374,30
wind_323784,10,0,29.8542474516129,38.049710997151855,31.494884585488034,34.77155319337259,31
wind_323784,10,1,31.880240129032256,38.70611920208821,32.4641276514134,35.65807952259222,31
wind_323784,10,2,31.38085296774193,36.83150195106675,34.52384297070557,37.475964667485705,31
wind_323784,10,3,31.937652580645164,33.996580996204834,35.153650952266474,37.49572538536864,31
wind_323784,10,4,31.895331935483878,37.640048213275634,33.06136834301472,36.37585589961576,31
wind_323784,10,5,30.012458354838706,35.93361400862491,32.529719834807764,34.32720862362198,31
wind_323784,10,6,30.570655548387094,35.54375974529338,32.93969914523035,34.53914780874839,31
wind_323784,10,7,29.646812483870963,34.20237178543978,33.95384790602528,35.988363395441866,31
wind_323784,10,8,29.65462609677419,30.208779765123822,34.80515291786538,33.136300550474985,31
wind_323784,10,9,30.785443935483872,30.644907182749154,35.11295867049379,32.63575781794734,31
wind_323784,10,10,25.158249870967737,28.43470405886393,36.07238675191708,32.12324926914555,31
wind_323784,10,11,26.548941677419357,30.477019489900698,35.445404539066786,32.96350638205097,31
wind_323784,10,12,26.933448806451615,29.258063264450705,35.19719764041166,34.55000130243589,31
wind_323784,10,13,27.21122583870968,31.38084829738691,33.68595961777902,35.00474427539621,31
wind_323784,10,14,27.145077645161294,34.79352972271889,31.943472496808166,34.557292462685844,31
wind_323784,10,15,27.145394903225807,35.55964239167423,33.73759059012067,39.079467401895556,31
wind_323784,10,16,30.569339838709677,38.5909731573392,36.5597468925436,42.65569395501656,31
wind_323784,10,17,30.71500451612903,37.925658450109744,38.342795534177306,43.963995756112254,31
wind_323784,10,18,29.79342751612903,37.25979601082829,38.244974404444,43.31035282658442,31
wind_323784,10,19,32.32840387096774,37.280920338314175,38.20257092324102,43.32337275591436,31
wind_323784,10,20,33.031640870967735,39.79065739127095,37.64602501908328,41.82141891466595,31
wind_323784,10,21,32.01223635483871,40.58863093480388,35.5231754062863,39.436639060854766,31
wind_323784,10,22,31.21647245161291,38.124557141564296,36.50736443853875,39.9346202375487,31
wind_323784,10,23,33.73764187096774,40.14537839112757,38.186502617046564,40.74843974780601,31
wind_323784,11,0,59.64624113333332,44.34026143906418,62.51621346531653,45.15143460421843,30
wind_323784,11,1,65.37833266666667,42.19314836877599,63.004590667220675,44.87487930827621,30
wind_323784,11,2,62.020254600000015,42.717572787455595,60.3102284620079,43.4498205721557,30
wind_323784,11,3,61.22888896666666,43.6343314113402,59.191758205121566,42.17939960159859,30
wind_323784,11,4,59.16818466666667,41.23790492028673,55.74246065677609,42.779360378102616,30
wind_323784,11,5,53.70561953333332,41.87270767765069,55.99103904053468,44.20641721097908,30
wind_323784,11,6,49.63389556666666,43.13189649178385,58.0632446690247,42.112045636473745,30
wind_323784,11,7,51.800540133333335,43.73093323791683,52.433757294095564,43.79049999328398,30
wind_323784,11,8,48.19497306666667,40.87749124869672,55.21713680592003,45.01304037022048,30
wind_323784,11,9,49.2549562,43.9685256065446,55.455874075339665,45.835769110983534,30
wind_323784,11,10,48.77514059999999,44.55727269371804,52.89912098068092,45.04178805446408,30
wind_323784,11,11,46.04042646666666,42.64466672554662,54.40864920397014,43.79189145776593,30
wind_323784,11,12,48.81525296666668,43.8532207146417,54.39932190055512,45.337230731965306,30
wind_323784,11,13,52.686827466666664,44.93555815471649,56.07006512850499,46.81739897496881,30
wind_323784,11,14,49.68836863333333,43.8109368307232,56.85995936769452,45.3920123616281,30
wind_323784,11,15,51.840708366666654,46.84570319869562,57.204983283085205,48.14463981509303,30
wind_323784,11,16,53.56508796666666,48.919515860460166,56.633613886818885,49.166295158493135,30
wind_323784,11,17,49.939486099999996,47.930828896176074,56.61614374258348,50.223732230616775,30
wind_323784,11,18,53.470362866666655,49.43012610743607,58.75143176452289,50.0255599792598,30
wind_323784,11,19,54.34365453333332,50.81823887115354,60.54090518558077,51.25992414097279,30
wind_323784,11,20,53.33183236666666,48.32549590814215,58.22234739745963,50.69638327159486,30
wind_323784,11,21,51.95762666666668,46.592701061568235,58.008116386527554,49.002066203678936,30
wind_323784,11,22,49.73029343333334,42.63750385790355,58.47272279246913,48.62375850942199,30
wind_323784,11,23,56.36523213333333,45.92470445520762,60.01632578325256,46.98446846953146,30
wind_323784,12,0,68.93282764516128,47.936654998527764,62.959601486165006,48.83104535955401,31
wind_323784,12,1,67.3116044516129,49.4179694488274,64.2309049546798,46.4439287732415,31
wind_323784,12,2,69.96031893548388,48.73242048720655,64.24096611793546,48.583856411153135,31
wind_323784,12,3,62.61968951612902,45.59876849159724,64.09843405212514,48.247772931962245,31
wind_323784,12,4,62.20042132258065,46.26232097694068,61.01515706468911,46.57728557842455,31
wind_323784,12,5,57.73245658064515,48.260493746695495,58.298135420864405,45.81939468045943,31
wind_323784,12,6,55.958233935483875,45.71692661923279,54.452916114271865,44.74767972108646,31
wind_323784,12,7,60.41036787096774,44.57649759961086,57.322329353163425,44.65628180522806,31
wind_323784,12,8,60.84240209677417,44.21334198270721,57.69986821482823,45.3141491512157,31
wind_323784,12,9,55.222657580645155,44.32276905372795,57.19368414223638,44.91736387183882,31
wind_323784,12,10,54.85347606451614,42.858061669514555,54.275630685442145,45.67640544452171,31
wind_323784,12,11,53.14673351612903,44.27108178266241,55.20205075892973,43.030586367326414,31
wind_323784,12,12,52.71895496774192,44.46943969376262,53.74446459760959,44.71357493762191,31
wind_323784,12,13,50.19956638709677,44.89045010344389,56.54625525124492,44.61035048771887,31
wind_323784,12,14,50.444420096774195,44.53590936105202,57.61835564037907,45.16059286820683,31
wind_323784,12,15,50.132817419354836,46.40380708860628,57.52864642905505,45.62236258349225,31
wind_323784,12,16,49.28008590322581,46.717915961555136,59.18357416581457,46.880453544672555,31
wind_323784,12,17,51.79782358064516,43.25577149957351,56.92035873520082,46.5717558325848,31
wind_323784,12,18,52.65836293548387,45.59466242388681,57.12774246193735,44.81681713834383,31
wind_323784,12,19,56.29266864516129,47.002700846714085,56.34577280971444,44.86331077991455,31
wind_323784,12,20,53.73681535483871,47.42953949358233,59.25248516335442,47.115129708274125,31
wind_323784,12,21,56.35922570967742,46.768991244996855,61.120519637219935,48.42933034432574,31
wind_323784,12,22,58.72728080645161,48.52206529226687,62.99590480470955,49.590389669774346,31
wind_323784,12,23,65.48843470967742,47.364155587847144,65.34862903216383,50.644509791962385,31
wind_323790,1,0,40.25645087096775,30.716701248844434,38.30998047867153,30.40419019576642,31
wind_323790,1,1,36.925998354838704,30.32984715683763,38.513244159480976,30.1791496558802,31
wind_323790,1,2,39.14778022580644,29.810294318106045,38.49192077386952,30.76288582488323,31
wind_323790,1,3,37.73644606451612,30.03385108011858,38.59560607690692,30.282447734782057,31
wind_323790,1,4,40.05981438709677,29.41922924970766,36.96182510213153,29.62746513199904,31
wind_323790,1,5,41.34988941935484,29.305957326783457,37.78601131721913,29.23429660904473,31
wind_323790,1,6,42.68840377419355,29.582599400752777,37.83636274547351,30.508424610828218,31
wind_323790,1,7,40.307840258064516,29.78082553836858,37.68026753326993,31.51189357697835,31
wind_323790,1,8,35.96509261290322,28.37178528106164,37.39266063138034,31.463998038787285,31
wind_323790,1,9,33.508782290322586,28.76371924145003,35.2343666999025,28.397785554746406,31
wind_323790,1,10,32.033035677419356,25.727152666388857,32.27036144575227,26.88165708056438,31
wind_323790,1,11,34.12247835483871,25.962807267366205,33.37903238417897,27.75338856635987,31
wind_323790,1,12,35.432716548387106,27.048053566516494,37.594252217048584,29.213360315254427,31
wind_323790,1,13,36.83522622580645,29.647446647847993,38.766432448488686,29.462433105452238,31
wind_323790,1,14,33.425296129032255,27.38960683860866,36.30267354634995,30.036283243202394,31
wind_323790,1,15,31.786175064516126,27.606067841189727,34.53680913814239,30.044926726209443,31
wind_323790,1,16,30.242563806451617,30.096284005324335,34.17455653471107,29.500435722656462,31
wind_323790,1,17,30.097477645161295,28.65959417690162,34.669366816974396,30.353185148660135,31
wind_323790,1,18,29.131662451612904,28.975164321184465,33.08687260098348,28.737928729040398,31
wind_323790,1,19,28.77513319354839,28.471250266625475,33.338687486116605,28.403559577241197,31
wind_323790,1,20,32.96038451612903,28.766789831357627,34.23570559115927,27.884544753185963,31
wind_323790,1,21,36.61443570967743,29.35386808046317,35.706176315429296,28.091747692043988,31
wind_323790,1,22,35.41401332258065,28.51816161981343,37.06388385150958,28.950464145259303,31
wind_323790,1,23,38.24391461290321,29.867982540074525,37.424247177858945,28.803418747383123,31
wind_323790,2,0,39.37868879310344,32.70108199085024,39.2256047581428,33.11546156865206,29
wind_323790,2,1,39.197831965517246,31.141443462118048,39.01408910891578,31.09748310225155,29
wind_323790,2,2,41.758001931034485,29.082575358252054,38.29680622943547,31.05770553479157,29
wind_323790,2,3,42.21102193103449,29.377203821183304,39.981903949351135,31.74163918859058,29
wind_323790,2,4,42.90536289655173,32.366748556731864,41.9370229051782,33.304812740005616,29
wind_323790,2,5,43.284750344827586,32.551624638795374,41.96538597955207,33.43346151734569,29
wind_323790,2,6,43.38669513793103,32.42068709098724,42.52320569859045,33.091701371902886,29
wind_323790,2,7,45.84978710344828,31.78652692183704,44.70861104724366,32.53378613405138,29
wind_323790,2,8,42.52714555172414,30.61763002800316,45.878214608362036,32.9545844722554,29
wind_323790,2,9,44.208684000000005,31.06921311644182,43.409639696924714,31.402570816865147,29
wind_323790,2,10,41.23040710344828,31.655761014508737,41.72572388877224,30.89066494129588,29
wind_323790,2,11,40.91496255172413,31.224480748459953,41.51030258785205,30.39259949091926,29
wind_323790,2,12,43.87325455172414,28.31173486561355,42.883100832173476,29.891863418697422,29
wind_323790,2,13,42.86941068965517,28.709905009951168,41.192771563782586,29.29129833907897,29
wind_323790,2,14,39.40863313793103,29.88801357729758,38.85758897613255,30.525804683316967,29
wind_323790,2,15,36.92375355172415,30.98035948517859,35.91286919663187,31.209230423935164,29
wind_323790,2,16,34.881123068965515,31.62096309756984,35.658032700228155,31.381743493358684,29
wind_323790,2,17,34.74930068965517,29.950253228384405,35.258098808262346,32.16588521706552,29
wind_323790,2,18,34.21319886206897,30.236463772585672,35.44595235458399,31.791939884974862,29
wind_323790,2,19,36.080938103448275,30.742750550414915,36.02795327923716,31.357451275260747,29
wind_323790,2,20,35.499657965517244,30.426007681881135,37.50525896944868,31.528208372687395,29
wind_323790,2,21,37.22563879310345,30.940386312967807,37.76208796083458,31.27869125827682,29
wind_323790,2,22,38.805951758620694,32.16206427705644,38.05413791996997,33.12381158838983,29
wind_323790,2,23,42.3548454137931,34.081950461222526,38.96637220678487,32.65865431209754,29
wind_323790,3,0,48.21154383870969,30.893497652300397,51.013991351302245,30.249738283726973,31
wind_323790,3,1,48.21732177419356,29.354498949337675,50.36271057173558,30.565544970036594,31
wind_323790,3,2,51.223793161290324,26.4032649919788,51.07496496016919,27.66602116736862,31
wind_323790,3,3,49.78598945161291,27.703970165475226,51.12722227185945,27.437801687367628,31
wind_323790,3,4,46.673108129032265,28.784082745514823,48.13176752402331,27.643248464908552,31
wind_323790,3,5,44.01328183870968,28.204667245886707,49.549280137986074,26.662474107444208,31
wind_323790,3,6,44.692586,28.14320085122816,49.937575847952786,26.604393219796304,31
wind_323790,3,7,43.352650999999994,29.117822237226175,48.056358843041615,28.867950416576775,31
wind_323790,3,8,44.263286451612906,27.85969686455123,43.72451527043694,29.938658314957607,31
wind_323790,3,9,43.34009074193549,30.3648966463252,43.33738612230908,30.890669948106122,31
wind_323790,3,10,42.71531699999999,30.619232588959168,43.63129471769331,31.40713283779121,31
wind_323790,3,11,42.42595954838709,31.45130766227991,45.46974909399086,32.046157604028224,31
wind_323790,3,12,44.17639638709677,32.084178343879294,46.296560862689404,31.90182321362588,31
wind_323790,3,13,40.610545903225805,31.589077505595565,42.95876546595982,30.960227276199937,31
wind_323790,3,14,38.617073999999995,30.274774560917578,41.14357469934339,30.74080352067487,31
wind_323790,3,15,36.75244793548387,30.267135037773617,40.95743463473492,30.593522919935314,31
wind_323790,3,16,36.974831548387094,31.492424201589003,40.43319733307971,30.849712498284966,31
wind_323790,3,17,36.13883677419355,31.3814636016688,41.650381724185365,30.587868859274693,31
wind_323790,3,18,36.9449091935484,30.701196196853576,41.79232540355429,29.333941087626144,31
wind_323790,3,19,38.57551541935484,31.613251886949865,42.486940733956345,29.625367974560756,31
wind_323790,3,20,38.21530809677419,31.814187864728677,44.61709322548125,29.344756007964897,31
wind_323790,3,21,38.691365677419356,30.108009750188522,42.53357783766336,30.132843323299745,31
wind_323790,3,22,39.52026187096773,29.168624746154965,42.60661987115593,30.327640960159393,31
wind_323790,3,23,43.18772019354838,31.9147961275326,46.29438321337726,30.98266892565913,31
wind_323790,4,0,33.5491955,28.354435838847234,32.406552773034456,26.2897295341404,30
wind_323790,4,1,36.15491423333333,26.437860915048883,37.83942986549141,27.058283115361068,30
wind_323790,4,2,38.403725066666674,28.979956115421214,39.03955161465073,27.585954770463918,30
wind_323790,4,3,37.65002260000001,29.449420132312916,40.751916280460755,28.361022916263522,30
wind_323790,4,4,39.022938333333336,29.040390884001162,41.43527189714313,28.995738622916207,30
wind_323790,4,5,37.18161216666667,27.224514450184405,41.84814869793434,28.546303922930157,30
wind_323790,4,6,38.69087463333334,28.51965921967774,39.51171736252005,29.53841068158022,30
wind_323790,4,7,37.64631526666667,28.998243418055683,38.846178773240084,29.414154298465306,30
wind_323790,4,8,36.69415266666667,27.807835932143284,34.21849599615919,30.18085658798339,30
wind_323790,4,9,36.948276400000005,28.302842672045365,34.871595170818274,30.478948113355084,30
wind_323790,4,10,36.0986356,29.070227932423805,35.97068074771503,30.48626377942204,30
wind_323790,4,11,38.701589533333326,30.401259718777943,38.352949132789135,30.414735271199994,30
wind_323790,4,12,34.644541,29.903711494352724,37.387090355919774,30.146009499823016,30
wind_323790,4,13,28.1506246,29.559536616503827,36.28056794873943,31.280345087050556,30
wind_323790,4,14,31.472515133333335,30.127607134114438,36.60506630772264,32.07873082084682,30
wind_323790,4,15,32.63189916666667,30.97952400819994,39.51303016684862,32.88128272379927,30
wind_323790,4,16,33.61788766666667,30.38709212008561,41.29313380860765,32.490940888481944,30
wind_323790,4,17,35.3212313,31.103455084632134,41.05171106499458,32.46389184907987,30
wind_323790,4,18,33.8578976,30.239673897991572,41.02271563620615,31.607178374995097,30
wind_323790,4,19,35.47176866666667,32.19786771978462,39.15676689302856,31.435397662377348,30
wind_323790,4,20,35.815439966666666,30.893425634849578,38.76958553004338,31.213876398543565,30
wind_323790,4,21,34.05095620000001,30.85963993810983,37.57619337117137,30.77744055857966,30
wind_323790,4,22,31.941779600000007,29.25991387588079,36.50862130135173,29.50956052509118,30
wind_323790,4,23,33.39513243333334,30.008943698050988,35.4259877549804,27.78959761675057,30
wind_323790,5,0,18.122227451612904,19.460315817469887,14.445948764105376,14.199858775766588,31
wind_323790,5,1,17.520981258064516,17.162856439995544,22.103828352861857,19.480595729316747,31
wind_323790,5,2,23.07849722580645,21.24240813274485,26.68304192410531,22.979232410293577,31
wind_323790,5,3,25.833278645161293,23.86425820089416,26.336549795483215,24.574112033805335,31
wind_323790,5,4,30.936403709677414,26.21837652088107,27.953394765813933,26.4993217948642,31
wind_323790,5,5,32.85640516129032,27.519466623043204,31.693853658216863,26.99818297650564,31
wind_323790,5,6,30.72530367741935,26.165656258003274,30.270436464276436,26.37972902332013,31
wind_323790,5,7,29.802452161290322,27.61414607398533,31.679523751503346,26.560050236335396,31
wind_323790,5,8,30.495072838709678,27.433131732546517,32.51162642652256,27.32828526686289,31
wind_323790,5,9,26.67927161290323,23.718198041259985,30.625881413562826,26.543395082912298,31
wind_323790,5,10,25.67702503225806,24.143366969034876,26.371979951013945,24.749320581371485,31
wind_323790,5,11,23.42202251612903,23.96582526983664,23.893835087470812,24.172841662831495,31
wind_323790,5,12,18.39523729032258,21.86186512926712,20.09969344985101,23.46574075843893,31
wind_323790,5,13,16.572181,21.07815954224249,20.543535131390236,23.16265246700417,31
wind_323790,5,14,19.142976096774195,24.63531716871048,20.4243908148459,24.669802422876415,31
wind_323790,5,15,19.84149077419355,26.627134432190378,20.102178512453243,25.371881999873885,31
wind_323790,5,16,17.692046612903223,24.405086664319107,19.933997757897803,25.754547260982125,31
wind_323790,5,17,18.97957622580645,24.12030374498928,21.008069415096532,26.49535006944424,31
wind_323790,5,18,20.568359064516123,25.75063081789984,21.523556932260718,25.845433003117847,31
wind_323790,5,19,22.801489258064517,27.102184017849016,23.526829118645296,27.46102191836913,31
wind_323790,5,20,21.941483451612907,27.440786173533596,26.880967828885026,28.30817330191413,31
wind_323790,5,21,18.809442741935484,22.461873551833353,26.808445275708696,28.959054519654767,31
wind_323790,5,22,14.429260645161287,15.86793454131012,21.274061690447226,24.340430547357673,31
wind_323790,5,23,19.291916483870967,21.623119412668714,20.26071538530551,24.02970618069018,31
wind_323790,6,0,22.282659700000007,26.551488022114587,20.290066226231847,25.932474380735783,30
wind_323790,6,1,24.884285933333338,28.18935443888191,21.412988600137023,26.003423282674916,30
wind_323790,6,2,25.521081466666665,27.80207416277745,26.2398416160844,27.19605585104947,30
wind_323790,6,3,31.920292966666672,27.372072118239124,28.42508949071629,26.658550435890625,30
wind_323790,6,4,32.079072466666666,27.742707757086066,32.30278623168088,29.52759809867972,30
wind_323790,6,5,31.484659033333337,27.072043392278264,30.824311346772095,28.825416568506064,30
wind_323790,6,6,29.82002923333333,27.386530179607824,29.706904971337412,27.81937822415285,30
wind_323790,6,7,28.65597753333333,27.555163908656606,30.253660236623816,27.014990655855836,30
wind_323790,6,8,30.876174866666663,26.67186607665247,27.57329884163753,26.080484798003347,30
wind_323790,6,9,28.148392299999994,23.24029488392496,25.743304427952744,24.65528710279425,30
wind_323790,6,10,25.224905400000008,20.29912249281014,25.802927239037285,24.694313443978984,30
wind_323790,6,11,24.2316064,24.05378485244298,20.397207055757136,21.976147686739882,30
wind_323790,6,12,19.391474266666666,22.22611526018827,17.974237351996514,20.72717811716939,30
wind_323790,6,13,18.633567600000003,24.16573334674012,16.79549637589906,22.399471532390276,30
wind_323790,6,14,19.237846299999998,24.770976990227833,16.191791714974215,22.84605166012695,30
wind_323790,6,15,23.140844366666666,27.214816082944534,17.099777095762924,22.79919387523726,30
wind_323790,6,16,24.9559172,27.309018184326156,18.819288074754198,24.238517399195334,30
wind_323790,6,17,23.45055493333333,27.805164658769435,22.648847792012745,27.631124907372783,30
wind_323790,6,18,24.795464900000002,28.4420674113183,23.49137695926505,26.78277730177305,30
wind_323790,6,19,26.339402166666662,28.678971378476508,21.51931143609691,26.090362758343158,30
wind_323790,6,20,26.822668433333334,28.637354727780632,24.4121255928172,30.231985030078736,30
wind_323790,6,21,23.0875004,26.64624542112072,22.78072894270399,28.81837808098014,30
wind_323790,6,22,21.943120066666665,26.761454341595694,21.745575785120277,27.81823947029792,30
wind_323790,6,23,21.70514896666667,24.77092638890308,20.796641867336174,25.813267318180756,30
wind_323790,7,0,14.40032051612903,19.996911602158473,15.918527773207229,24.924335719008884,31
wind_323790,7,1,14.767188935483873,17.871448528381585,13.67185050369449,18.685683673191164,31
wind_323790,7,2,17.360655612903223,20.524908363330766,14.051340843547798,15.43862285155446,31
wind_323790,7,3,15.882615193548386,17.006171545593315,15.739849458225384,17.952673753234997,31
wind_323790,7,4,17.604877870967744,17.56695214720666,15.273516700238014,16.82864479227159,31
wind_323790,7,5,17.01420841935484,15.403214462537548,17.506251282172375,18.999932285216254,31
wind_323790,7,6,20.407542032258064,17.366906310887977,17.792238200625796,19.515179648196348,31
wind_323790,7,7,20.108463096774194,17.339152846206332,18.016065077034707,18.514265206780006,31
wind_323790,7,8,18.417447709677422,18.495760027890174,17.181558446759507,18.17077244537137,31
wind_323790,7,9,18.660872580645165,17.665136900490058,17.09707553888255,18.86295209902835,31
wind_323790,7,10,13.393125709677415,14.685854026248037,16.81414042091651,16.38356685745264,31
wind_323790,7,11,15.479113483870966,18.061723936139042,16.01243550513461,18.043216345540724,31
wind_323790,7,12,10.51324812903226,13.368821722909919,11.520066305604253,17.252347402903467,31
wind_323790,7,13,9.222598322580646,14.427395947612352,8.389022715531368,16.196050128028954,31
wind_323790,7,14,11.043739161290322,17.68184516705866,7.777167945733391,15.003552852726424,31
wind_323790,7,15,12.53879235483871,21.38068020046422,8.541302878727606,15.189785447183569,31
wind_323790,7,16,10.980264032258065,18.05264828372764,8.979855071364579,15.526574704449276,31
wind_323790,7,17,11.150025903225806,16.940415392608283,10.216046657525082,15.9182967637103,31
wind_323790,7,18,10.690186419354838,14.996422654556488,10.337155679789749,16.270098082740596,31
wind_323790,7,19,9.673397806451613,11.489023718259775,10.293279852103407,15.880243091484866,31
wind_323790,7,20,12.595436193548387,19.122021083753754,10.385527933053341,15.936851682365747,31
wind_323790,7,21,10.675488032258064,15.808628339705974,10.705274791028963,18.062422970222666,31
wind_323790,7,22,9.73681751612903,16.630764334001313,8.56051396349012,15.411214659395217,31
wind_323790,7,23,12.031066322580646,17.790030577765542,10.843272810711074,17.830681346112364,31
wind_323790,8,0,24.77868196774193,26.606692114431254,23.779483630479522,25.149674316808582,31
wind_323790,8,1,27.922790741935483,25.984488771221898,27.63920143831951,25.580757948948236,31
wind_323790,8,2,24.982930064516136,24.440637523014445,28.864840644378972,26.017277716588204,31
wind_323790,8,3,29.43530790322581,25.459357590659785,31.251884086285585,25.349837129906906,31
wind_323790,8,4,29.693341451612902,25.76295690064046,30.17072095144343,24.508392720871658,31
wind_323790,8,5,29.737323322580647,26.318131149960404,25.781847782958387,22.868545411250356,31
wind_323790,8,6,27.31390922580645,26.002493361936427,25.185498163368166,22.88540996759323,31
wind_323790,8,7,25.40046635483871,25.462396588737153,22.55182846350447,21.672223853669472,31
wind_323790,8,8,24.93388022580645,25.175108543267996,21.36413092840704,20.566463700433253,31
wind_323790,8,9,21.17248180645161,20.664182626259997,20.846850567066372,21.13565795653131,31
wind_323790,8,10,19.031804225806454,21.717104941864523,21.989960667210678,23.406798520340423,31
wind_323790,8,11,20.95889596774193,20.36682590545499,21.677273760767466,23.404740805160216,31
wind_323790,8,12,16.56212722580645,22.380535089680876,17.733858070418236,19.999054809958203,31
wind_323790,8,13,14.569413516129032,21.304985249558904,16.038087244751512,21.901784563338552,31
wind_323790,8,14,14.71817670967742,19.96252987454263,16.086234774045362,22.89700254456673,31
wind_323790,8,15,16.974660322580643,24.16573088606238,18.298477583771156,24.26469166885403,31
wind_323790,8,16,17.775481548387102,23.530697305137547,19.430367907408584,24.085760486924094,31
wind_323790,8,17,17.477003677419354,21.58480229507549,19.88264775886977,23.836371141397617,31
wind_323790,8,18,20.11140229032258,23.266378211846156,18.66905576352021,23.037462472227283,31
wind_323790,8,19,19.854990645161294,22.154183726978186,18.441911626903458,22.140384746713117,31
wind_323790,8,20,19.45488670967742,21.616829880567476,19.162975514645247,24.745234889053886,31
wind_323790,8,21,21.9173690967742,25.050711500364873,19.36606844560049,25.722668832418265,31
wind_323790,8,22,21.69475512903226,24.462140235419557,22.944192762132108,27.068464081972344,31
wind_323790,8,23,21.927787193548387,24.897093697119434,20.902740049512285,25.028640709246215,31
wind_323790,9,0,21.449670633333326,24.472802931735508,23.000889901068668,24.290075633196523,30
wind_323790,9,1,24.11271316666667,25.39345118100641,28.97662882128021,28.610371715269018,30
wind_323790,9,2,28.009869400000003,28.000065548277917,31.077965360106653,29.35646591117611,30
wind_323790,9,3,28.44389363333333,29.274827345298817,33.13280896916671,30.624544260351442,30
wind_323790,9,4,28.618409833333335,29.213270280694314,33.704576575729114,30.463494095823556,30
wind_323790,9,5,29.257974966666666,29.515093766698882,32.45092892349651,30.060709318833776,30
wind_323790,9,6,29.58327773333333,27.926605770593923,30.633678007787633,28.834029772542664,30
wind_323790,9,7,29.5707858,26.928855157249153,31.98461215795617,29.88070578796709,30
wind_323790,9,8,28.587278066666666,26.23563628258958,33.095471709697584,29.77540252647883,30
wind_323790,9,9,30.5178258,25.962931470646147,30.888335071406896,28.552423172932055,30
wind_323790,9,10,28.991668266666668,27.74723662073889,29.836802284354267,28.482891920520576,30
wind_323790,9,11,26.641276733333335,26.684954015810735,29.03599472948581,26.795264977641207,30
wind_323790,9,12,25.863824466666667,25.37621828662349,26.131382934114175,26.765229322582687,30
wind_323790,9,13,17.2113678,22.00554346735894,22.15168769176181,26.420578144675712,30
wind_323790,9,14,14.444286233333333,22.37659354315325,18.356139675892663,26.682269658361168,30
wind_323790,9,15,15.624911566666666,23.943624718937027,18.925803745326466,27.31801145056027,30
wind_323790,9,16,16.6310673,24.346157931612975,18.48173042425803,28.288096654544784,30
wind_323790,9,17,17.488261233333333,25.924561682318657,18.014480281219566,27.646012946330025,30
wind_323790,9,18,15.281498533333336,22.665339855930572,18.092868216622886,26.24942583039148,30
wind_323790,9,19,16.7477989,25.1983483002855,18.97650492613482,27.29375476807537,30
wind_323790,9,20,15.274673766666666,23.861074333041298,18.928924060850097,26.916987279832554,30
wind_323790,9,21,15.1357682,23.28507098811836,17.125481276403693,26.13446832526018,30
wind_323790,9,22,14.454728733333331,23.420280626779363,17.494487047124245,26.55969880262335,30
wind_323790,9,23,15.9657932,20.357105585085577,18.99783992811859,26.526784740071427,30
wind_323790,10,0,30.21496716129033,26.07264614495817,37.91077197864468,27.352556666931726,31
wind_323790,10,1,33.13543225806452,26.981833959186304,43.527625267198616,27.53891231317346,31
wind_323790,10,2,36.39659661290324,27.488755821131683,42.67370055248139,27.820526900637798,31
wind_323790,10,3,32.69355790322581,27.8025104113328,40.036095440083926,27.07487774331304,31
wind_323790,10,4,33.964203129032256,27.495459810230585,37.81786895137158,27.677165317566768,31
wind_323790,10,5,32.85012890322581,28.271534242351017,36.888723321728364,27.704062860814297,31
wind_323790,10,6,31.554358451612902,28.39168202491466,35.31127652840671,27.310180257161733,31
wind_323790,10,7,31.354993999999998,28.503031191977513,34.44619674589015,27.31022218687871,31
wind_323790,10,8,28.69273067741936,26.428975535490043,34.107164421478444,27.796778711302206,31
wind_323790,10,9,27.7017094516129,26.645869868856504,35.475171550427724,30.462196844912047,31
wind_323790,10,10,29.360183870967735,28.34954480033746,34.96956358044844,30.084832750420702,31
wind_323790,10,11,31.095784129032257,28.9370877926704,35.708211688585166,28.985548539888633,31
wind_323790,10,12,30.939875322580647,27.213032500382464,34.41280615525892,27.127265007467145,31
wind_323790,10,13,27.20913219354839,26.25083358031082,29.766132072518285,26.540823238898273,31
wind_323790,10,14,22.737448419354834,23.736650681054456,27.007174492821395,26.27921935238632,31
wind_323790,10,15,22.717476225806447,23.99963664437723,25.594836466080913,25.455004612872646,31
wind_323790,10,16,23.532397096774194,23.33517609494424,28.682011477547665,25.69461296771303,31
wind_323790,10,17,25.78593822580645,24.161286037214104,32.378552643653705,26.893045402131623,31
wind_323790,10,18,28.29980180645161,25.758185034255014,34.327874692419705,28.063196659094523,31
wind_323790,10,19,28.278149161290322,27.699520980000646,35.303855052870816,28.539337369610926,31
wind_323790,10,20,27.203091645161294,27.635779341878745,34.90370890656258,29.009262534535594,31
wind_323790,10,21,26.20336706451613,25.832729650671183,30.160358252495236,28.38129379387738,31
wind_323790,10,22,28.27803632258065,26.897142862749185,32.26936807280524,27.99947053341539,31
wind_323790,10,23,30.010571903225806,26.278811830538263,36.19237752646974,29.580395586259964,31
wind_323790,11,0,44.2398657,29.322132322208446,44.902466723298645,27.66403029417007,30
wind_323790,11,1,43.80880466666667,30.210697177201343,47.3315793520599,29.144763368972185,30
wind_323790,11,2,42.12787930000001,29.67598262304006,44.306893579228024,28.543320850591932,30
wind_323790,11,3,40.90750996666666,28.60155006942354,43.52835667530083,27.845026840187696,30
wind_323790,11,4,43.672680833333324,29.711124849260575,46.515674708979994,27.016807072763214,30
wind_323790,11,5,44.410451166666675,29.115303778622334,48.43179922060164,27.78792236869526,30
wind_323790,11,6,46.311992133333334,29.719422621288132,48.67300270523859,28.18940951122606,30
wind_323790,11,7,46.506350633333334,30.92967945773613,49.00116243134169,29.491843594247978,30
wind_323790,11,8,46.4164704,31.368464429965066,47.6354476038614,29.879740787775884,30
wind_323790,11,9,47.649659433333326,31.05872469837817,46.646036292071685,31.338347556761388,30
wind_323790,11,10,46.0659238,32.11204588343052,44.760170170477444,32.85219294753329,30
wind_323790,11,11,46.55374830000002,30.931348797574913,44.79606642459883,33.041899899426156,30
wind_323790,11,12,46.233253933333344,31.773164900647398,45.137180240282596,33.116331012159115,30
wind_323790,11,13,44.098283066666674,31.36504192377936,46.23798638719075,32.60364261922272,30
wind_323790,11,14,40.40068093333333,31.277888666917203,45.45548423086757,31.0889663925055,30
wind_323790,11,15,41.2166499,33.43778857257697,42.65840049608078,32.158533738386225,30
wind_323790,11,16,40.00678106666667,33.05279354031588,41.305074413391644,33.330599587456156,30
wind_323790,11,17,38.4995441,33.32963759343501,41.01101969318979,33.91458792285397,30
wind_323790,11,18,36.75312293333333,31.911124949597497,40.687257643813616,33.62896586381494,30
wind_323790,11,19,38.518284133333346,32.582722220670874,40.82328550510708,32.41367580069898,30
wind_323790,11,20,38.31639333333333,32.24855221427065,43.25191813233757,32.11543276924306,30
wind_323790,11,21,38.30621846666667,30.347944493692594,44.2750215065413,30.162651465256225,30
wind_323790,11,22,40.24728433333333,30.255173148634526,44.2402478655829,29.07974249267743,30
wind_323790,11,23,43.37962833333334,29.36109330349706,46.059427976326255,30.427432204853062,30
wind_323790,12,0,46.71001048387097,32.93897107426187,43.06648547346764,33.32908474882916,31
wind_323790,12,1,44.618229612903235,32.33173909616116,41.43467995625885,32.80610137467085,31
wind_323790,12,2,43.63372393548387,33.061321629921025,41.77159538436904,32.61078028162982,31
wind_323790,12,3,44.56895874193548,32.48755121678465,41.53066643018447,33.08351878035785,31
wind_323790,12,4,46.914666064516126,31.572688351956792,43.20436041483578,33.32118005741974,31
wind_323790,12,5,48.23896316129032,30.033789268667505,45.641931342098594,32.24021794344816,31
wind_323790,12,6,46.536136387096775,31.27838963902915,42.787689489737396,32.75423719822847,31
wind_323790,12,7,45.86360051612904,31.52651073546198,43.25879374230571,31.230932165334163,31
wind_323790,12,8,42.77344941935483,33.006373457755444,44.93554163770771,32.0173204843722,31
wind_323790,12,9,42.68852816129032,30.401632229541047,46.075327293357695,32.30947992842426,31
wind_323790,12,10,40.001737322580645,30.517731532364568,44.671264516180564,32.107707374277325,31
wind_323790,12,11,36.9608524516129,29.933004672824776,41.82725384184629,29.099903238286092,31
wind_323790,12,12,36.867715903225815,30.454037659266785,41.75676063264822,29.69792242124013,31
wind_323790,12,13,36.25254793548386,31.334140761027502,42.71734761697427,29.80105817374093,31
wind_323790,12,14,34.086569870967736,30.811384362194808,41.13571790709866,31.156893631800827,31
wind_323790,12,15,33.56891245161291,32.56603923400739,39.64178867303237,32.07523230052974,31
wind_323790,12,16,34.188752290322576,33.999180698192426,38.311218714546946,32.09819397674962,31
wind_323790,12,17,35.177651064516134,33.738392716484874,39.32162390053748,33.429790726529575,31
wind_323790,12,18,36.44781680645161,34.00583355019126,39.511046443571374,33.65685795539782,31
wind_323790,12,19,38.28322912903226,34.218563779196515,39.31106336014462,33.95876709516644,31
wind_323790,12,20,41.66613270967741,33.55642529475078,39.926271672704736,33.23782465930735,31
wind_323790,12,21,40.66116564516129,33.165028714101666,41.43775050308604,33.01781392803787,31
wind_323790,12,22,42.928501354838716,33.32479105463255,42.12298407016648,32.66104047221063,31
wind_323790,12,23,45.416874322580654,33.40611146356056,45.18156397687286,32.933011251498165,31
wind_323818,1,0,43.93217638709677,35.699606757968304,42.06191737649155,36.59463493637491,31
wind_323818,1,1,38.71580880645162,35.72796074646773,40.90318339147182,36.47034939702847,31
wind_323818,1,2,38.482473516129026,36.10905043116515,38.3114539789875,36.80249741216587,31
wind_323818,1,3,42.88898712903225,37.08780488858808,35.86378077321277,36.69112541102514,31
wind_323818,1,4,44.288449935483875,38.421371497668694,38.51726057172506,37.92294649395534,31
wind_323818,1,5,45.14719070967742,36.36842965494653,41.95028159088422,37.60190938025734,31
wind_323818,1,6,44.42968277419355,36.35468104326084,39.534978453332606,36.94565440170114,31
wind_323818,1,7,42.544434967741935,35.771171068945996,41.15144468373691,38.730863222602444,31
wind_323818,1,8,38.70280548387097,33.998172079431164,38.01692605689837,36.02264840160715,31
wind_323818,1,9,33.316822967741935,33.07799761672336,37.10121099773412,36.15091364225623,31
wind_323818,1,10,32.8202934516129,32.9840907614353,34.20801153196655,33.65063831754887,31
wind_323818,1,11,37.4613574516129,37.32533972103755,35.707005951178395,35.666269588603605,31
wind_323818,1,12,40.60748925806452,36.3812723624661,37.87308099466562,35.35524792410573,31
wind_323818,1,13,39.74558632258064,37.00357138686098,39.39962298721542,38.88956367003551,31
wind_323818,1,14,42.77787990322581,37.26582887886506,37.84175802975437,38.811449891573595,31
wind_323818,1,15,36.92502545161291,37.54060287995476,41.25716329362839,40.34036249332749,31
wind_323818,1,16,35.913787129032265,40.28661256770179,42.53410724945157,40.45259852407025,31
wind_323818,1,17,33.493139451612905,36.10085660676352,42.85686348911278,40.53765793982133,31
wind_323818,1,18,33.086519483870966,35.07407242243575,39.42884805601907,37.19491284553395,31
wind_323818,1,19,36.20243745161291,35.52803106271395,38.72215384514911,36.70585409617998,31
wind_323818,1,20,39.13937019354838,34.7362232887742,39.5715480245846,35.14854501590017,31
wind_323818,1,21,42.70930190322581,34.941383712367575,43.05366607534865,35.14600774363369,31
wind_323818,1,22,40.22775529032258,35.26671700869687,44.206365339221755,36.76839065020235,31
wind_323818,1,23,41.980743870967736,33.07263933260054,41.76708533518269,35.556771054087925,31
wind_323818,2,0,47.94939824137932,40.27445251090641,46.09578512981744,39.24663596836671,29
wind_323818,2,1,48.0105851724138,39.24135223724197,45.29864413314855,38.96627762423675,29
wind_323818,2,2,50.636775275862064,41.04260951648948,45.967714731039806,37.84277462579806,29
wind_323818,2,3,50.739908000000014,40.616891624755986,49.61978234894069,42.70912555411895,29
wind_323818,2,4,49.11823748275864,40.44596709030647,50.91548561096572,43.26725815816127,29
wind_323818,2,5,50.00889168965517,41.381398879922656,51.693679895379105,43.32919107266105,29
wind_323818,2,6,49.81135896551725,40.197358955143805,52.66574044490256,41.19078714960096,29
wind_323818,2,7,51.615053,39.78409950586622,53.90270439112584,41.95281079073216,29
wind_323818,2,8,53.4761915862069,41.909076115265464,52.85024583459971,41.88510168074118,29
wind_323818,2,9,53.569098310344835,42.75807997620883,50.408024623071114,41.10725431972425,29
wind_323818,2,10,48.501054482758626,42.396694208226435,47.75446289220765,40.17291951872327,29
wind_323818,2,11,48.10940327586208,40.477931004366,50.612698698173496,41.12590101490653,29
wind_323818,2,12,52.58605224137931,40.43637056702308,50.57014486398369,40.60611870333564,29
wind_323818,2,13,48.83274975862069,40.36529967336133,48.57288030571089,39.639948237389554,29
wind_323818,2,14,45.387701758620686,42.26937856091871,45.648246140213516,40.79344845987344,29
wind_323818,2,15,44.03828889655172,42.127029749284205,44.038023280236544,42.47636184420541,29
wind_323818,2,16,42.72605524137931,41.02955336606003,45.172128774941,43.218146482405096,29
wind_323818,2,17,44.480794862068976,40.60205856527753,44.973293431940526,42.351490075754484,29
wind_323818,2,18,44.74899479310345,40.97782335411183,48.40954781560807,42.58358666057098,29
wind_323818,2,19,45.85890075862069,38.875670329635355,49.7397941075606,42.277950842745156,29
wind_323818,2,20,45.24460886206897,38.754758899722646,49.643600832005426,40.07840268859008,29
wind_323818,2,21,48.02898700000001,38.16914293150452,45.99161689743447,36.12021449450684,29
wind_323818,2,22,48.11264989655172,38.35670687968905,41.60103678260258,35.0213506739915,29
wind_323818,2,23,50.468761724137934,41.58872089098972,46.10760051916257,37.361977445302344,29
wind_323818,3,0,60.47350035483871,40.3759402560018,66.45924546271104,37.14246503540347,31
wind_323818,3,1,65.71519196774194,36.789434613950235,65.45098237264428,36.0973180041194,31
wind_323818,3,2,63.30966958064518,37.346892595563396,62.26201205392567,38.673921108421816,31
wind_323818,3,3,60.37725151612905,40.25019150447177,59.80542605797983,41.004262316919316,31
wind_323818,3,4,52.52455806451614,40.56487307332911,56.64327346520229,39.605640915399476,31
wind_323818,3,5,52.89947229032259,39.356787143885,57.06998803514751,39.56935643921842,31
wind_323818,3,6,52.75804370967744,39.61680889599951,60.735212521814915,37.52226883226051,31
wind_323818,3,7,50.52665190322582,37.466607645435055,55.23454717272871,37.88368290914906,31
wind_323818,3,8,51.92863577419355,38.780854919862264,50.746130400333406,38.71793436433157,31
wind_323818,3,9,47.560680096774206,40.31691907742993,49.724929055796736,40.98778876209989,31
wind_323818,3,10,49.90858709677419,40.65386910277882,50.9343551213834,40.65516403819937,31
wind_323818,3,11,51.12812625806452,41.52614512127939,53.6804942547762,41.136802695333486,31
wind_323818,3,12,54.28233903225807,42.58932956459541,53.384086518340425,41.77590149997388,31
wind_323818,3,13,50.21911983870969,41.77218066930405,50.391127432854155,41.48177036472871,31
wind_323818,3,14,47.474616193548385,41.89707130085533,51.99002394865297,40.75965615125691,31
wind_323818,3,15,47.60395587096776,41.27989423207157,57.01005092512442,40.48569948531864,31
wind_323818,3,16,48.4780810967742,39.072053950447184,54.46946622204903,39.20332705587901,31
wind_323818,3,17,48.483802290322586,39.420189444606514,58.49153284868356,39.28449817588069,31
wind_323818,3,18,51.91193335483871,39.50739272686046,60.84340027596024,40.00999601349235,31
wind_323818,3,19,51.833014225806444,38.99333432824293,60.3511290472539,38.346082793989545,31
wind_323818,3,20,51.2661789032258,40.2788888216768,55.7199421262139,39.19016209220993,31
wind_323818,3,21,51.46185141935484,39.978152471293114,55.815431424139355,40.13611718646728,31
wind_323818,3,22,50.103326193548384,40.49835022361742,55.48192677524316,38.63902566282365,31
wind_323818,3,23,53.214291064516146,40.73292311417101,60.5960940955789,35.872163950773135,31
wind_323818,4,0,43.88126876666666,37.59778652862166,44.27740910774987,37.322411547728926,30
wind_323818,4,1,44.51049236666667,35.48282885874715,50.78540334140857,35.237477000203654,30
wind_323818,4,2,45.142271400000006,37.88548585843133,52.21582262694357,36.266669091521194,30
wind_323818,4,3,44.07232796666667,41.59229084798313,52.32144318681102,39.13258563558931,30
wind_323818,4,4,42.160703466666654,40.02921683953781,53.169699384535775,40.73549067640373,30
wind_323818,4,5,42.636438033333334,41.3995404995921,51.14521130060208,38.98173448569741,30
wind_323818,4,6,43.157264766666664,40.497727022877335,46.57996706229289,37.170924063534855,30
wind_323818,4,7,41.25236380000001,37.50523798362454,45.99423994065696,38.70004434183131,30
wind_323818,4,8,39.361714000000006,36.455498629507666,43.0703376496933,39.94005259067238,30
wind_323818,4,9,39.810286766666664,36.36611409181712,43.469047048014474,39.1607491132233,30
wind_323818,4,10,40.45788470000001,38.27716375088149,45.819694212779694,38.140106462629674,30
wind_323818,4,11,45.07166153333334,40.11901463971326,46.235617605009544,38.743948176455326,30
wind_323818,4,12,42.16958479999999,39.89338671884825,47.249057090905886,40.292822024132896,30
wind_323818,4,13,37.10564356666667,40.620364409949396,47.062675452963035,42.31815582465736,30
wind_323818,4,14,43.56198800000001,42.56314421191903,48.885079089979726,43.787248761784014,30
wind_323818,4,15,44.71557493333333,42.728787559166236,50.69452533488877,43.27621619926705,30
wind_323818,4,16,44.555574333333325,42.450330973346645,52.66958665005777,44.26042093519715,30
wind_323818,4,17,48.21513960000001,43.29753762741592,54.87868060342157,43.982634677472696,30
wind_323818,4,18,48.92330960000001,43.23997514337491,54.11387570482672,43.55865737585422,30
wind_323818,4,19,46.98940423333333,39.87773818477311,53.80125889209422,42.623164496452254,30
wind_323818,4,20,48.413885966666676,39.94221886388027,53.5614054726421,39.26517998815486,30
wind_323818,4,21,44.291863400000004,39.28226747453725,51.081738102150034,38.73859420050251,30
wind_323818,4,22,42.49135973333333,39.80011797207872,48.78920493053797,40.28836659725487,30
wind_323818,4,23,41.33932866666667,35.621277657736904,46.261940093855465,37.04385839297944,30
wind_323818,5,0,28.512367032258073,29.533345771013593,20.109904011153418,21.166403950162657,31
wind_323818,5,1,27.02229119354839,25.312677793813172,27.08712708225643,24.235750702118636,31
wind_323818,5,2,30.418318290322592,31.123709183070282,35.64536933830283,31.21903456379932,31
wind_323818,5,3,30.32852058064516,30.951155626488035,38.94555620935286,36.26977304977118,31
wind_323818,5,4,35.647500935483876,35.04953503967615,37.92525339519396,38.701965423969234,31
wind_323818,5,5,41.192524548387105,39.725352624588496,34.092367113937556,33.51987726144331,31
wind_323818,5,6,38.11201061290323,39.48253098637369,34.149954425995055,33.00070619683302,31
wind_323818,5,7,34.498881741935485,38.59875643404287,37.4864534228948,37.824655786804534,31
wind_323818,5,8,35.86347074193549,37.74345526358687,39.13910260650747,38.185205252617095,31
wind_323818,5,9,35.48806625806452,35.27476642029921,34.764962577540835,37.575354231667056,31
wind_323818,5,10,34.47315683870968,36.589947937594346,33.05591414886091,35.255664498015435,31
wind_323818,5,11,33.65852825806451,36.632256725818806,35.28087637095291,37.02875863419507,31
wind_323818,5,12,27.961260193548384,32.83363364267508,33.10767291984838,36.71023602581694,31
wind_323818,5,13,26.57130477419355,32.03143867841006,33.21898164053728,36.505154641109385,31
wind_323818,5,14,27.745121967741937,34.49765320496289,30.54046207859376,33.80685674710606,31
wind_323818,5,15,27.789750709677417,35.634763186178866,30.94509803729414,36.407015091177016,31
wind_323818,5,16,26.13605067741935,35.093538479453585,30.919876358388642,35.13689036666637,31
wind_323818,5,17,29.658267774193547,35.35667814483904,33.53486810611128,34.36859692694386,31
wind_323818,5,18,29.958516580645163,35.65065633426134,31.35427029828394,33.22059001845302,31
wind_323818,5,19,32.19314070967742,37.094346479522535,36.24306949500126,37.36025589468011,31
wind_323818,5,20,31.944694774193547,37.160163332299575,38.134206171280184,38.67492296954898,31
wind_323818,5,21,30.011103838709676,34.37658966091329,41.12053994203583,36.05917615866287,31
wind_323818,5,22,22.66809103225806,26.99983844538438,31.556482766556226,30.853321867591816,31
wind_323818,5,23,26.543452000000002,30.3344201546852,28.38476021379909,33.61983385697562,31
wind_323818,6,0,31.894626666666664,38.88013473888077,30.844594344291355,36.208813329150594,30
wind_323818,6,1,32.4409287,39.451530838187345,31.7507958420602,36.482122108875075,30
wind_323818,6,2,37.6206715,39.11263376767426,34.468052320101286,36.22019320348571,30
wind_323818,6,3,43.12855836666667,37.56224082755503,36.63474842800568,33.789047514521975,30
wind_323818,6,4,42.25603296666667,36.43206146822335,44.55172961805858,39.21150621676083,30
wind_323818,6,5,43.650550700000004,42.67611149939685,41.97672910440346,40.03928735031084,30
wind_323818,6,6,43.42713383333333,41.8522256805523,45.98239387306941,39.98429827998333,30
wind_323818,6,7,44.457804599999996,41.58641927378748,44.44794303596423,39.9692177517709,30
wind_323818,6,8,44.992286633333336,39.079667159660026,40.859167374076286,37.342184337087204,30
wind_323818,6,9,45.10028263333333,39.24798805898136,39.68643250602153,34.647580785752076,30
wind_323818,6,10,35.259552299999996,31.042030388769724,38.7145963003633,34.04964682256672,30
wind_323818,6,11,30.677991566666666,31.493586301408673,35.459536806585156,35.76910216554781,30
wind_323818,6,12,30.682013600000005,30.532745296016387,31.266005373294284,35.36853311168472,30
wind_323818,6,13,27.608091033333327,32.016727046631,28.137475889551045,32.807041889601585,30
wind_323818,6,14,27.931066766666664,33.94211721135879,25.51917810059867,32.565131847229196,30
wind_323818,6,15,33.80994523333333,37.8731182218785,23.892385801279683,30.488869929750784,30
wind_323818,6,16,39.457174300000005,40.28710671227697,32.567076569397344,36.49516509076679,30
wind_323818,6,17,37.41606850000001,38.30828567327066,33.50760516493763,38.28665312671568,30
wind_323818,6,18,39.01714453333333,40.49930335733197,34.44673299138638,37.437173968224,30
wind_323818,6,19,38.94709936666666,39.89497851096103,34.22544991723617,38.39442077562953,30
wind_323818,6,20,37.94094496666666,37.763343427981496,35.23356519200065,39.62004456885774,30
wind_323818,6,21,33.93730063333333,34.99645144867608,33.15911795761404,39.71546587339223,30
wind_323818,6,22,34.270349499999995,36.870204591635876,30.620897916083376,38.363768990560736,30
wind_323818,6,23,32.554176633333334,36.47060825724036,33.44168799770131,38.98462041014808,30
wind_323818,7,0,22.164681354838713,30.507720026189794,20.609009432480573,27.856177354151075,31
wind_323818,7,1,20.99336816129032,24.873968684017544,21.83825139497109,28.799946313744144,31
wind_323818,7,2,22.569918290322583,24.042040293814907,21.673904838663365,25.18086912393678,31
wind_323818,7,3,20.025096645161295,17.85596262243703,23.691249532672092,23.343209830093382,31
wind_323818,7,4,25.590602870967743,22.224364793652654,22.894732372234643,23.67821561966292,31
wind_323818,7,5,24.1581825483871,23.42760128296661,21.845898478241857,23.061506660720696,31
wind_323818,7,6,29.899271741935475,23.094344187233798,21.084948008416298,22.075603913306114,31
wind_323818,7,7,28.327122129032254,25.382548618609054,26.793866828933712,27.254743937108415,31
wind_323818,7,8,23.2998215483871,23.38726935685451,25.302899531919152,25.69006545532429,31
wind_323818,7,9,23.560133741935484,23.66373286311717,25.51977471280348,25.33287466903969,31
wind_323818,7,10,19.238887258064516,20.65360095403745,25.070176280617904,24.196512072803944,31
wind_323818,7,11,16.324403516129028,22.414639307412127,19.72770763128827,22.630664815357004,31
wind_323818,7,12,13.09621890322581,19.585671433813896,15.62340056801594,24.2330104845107,31
wind_323818,7,13,11.351701419354841,22.13103968169886,9.88662710656245,22.517324273986702,31
wind_323818,7,14,12.078517967741936,24.038498896876654,10.058940877973365,19.628630080444527,31
wind_323818,7,15,16.554663967741938,26.922191962790034,11.094607978077816,21.188249411817843,31
wind_323818,7,16,15.697461677419357,25.91717049973483,12.655001258890104,22.71029441751904,31
wind_323818,7,17,14.470121322580646,21.71296618557796,15.094314947268924,23.24427541294809,31
wind_323818,7,18,16.161254129032258,21.272891959064463,17.55313064240329,25.21493699031112,31
wind_323818,7,19,16.057454612903225,20.81643875941322,16.989626295932535,24.112560198217686,31
wind_323818,7,20,19.683595806451613,21.85554257212572,16.465454502574737,24.697409049853643,31
wind_323818,7,21,19.259642096774193,24.876184748044313,17.87836200483448,27.742389548640144,31
wind_323818,7,22,17.322369774193547,23.303425292919503,16.934177113744138,26.635220847411986,31
wind_323818,7,23,18.96607483870968,25.5569129942834,19.172843939616754,28.5378934308138,31
wind_323818,8,0,34.58727416129032,32.81806175767738,35.63685147721857,32.46393875729589,31
wind_323818,8,1,36.989199774193544,34.626365991611536,38.65661449550477,33.723763188221874,31
wind_323818,8,2,34.980489451612904,32.413193725139884,39.04296414502286,35.37670471849825,31
wind_323818,8,3,38.83336693548388,32.37606427318613,39.346484789548015,35.18967219694138,31
wind_323818,8,4,38.390447903225805,34.00865411168416,41.32018967307323,34.93923430579488,31
wind_323818,8,5,36.971245709677426,31.781148826248216,38.018577944641336,32.54919282001599,31
wind_323818,8,6,32.97813212903226,32.37615864871707,35.05020025268547,32.29828929040191,31
wind_323818,8,7,32.08145922580645,30.495920977997102,31.69236386702178,31.13462094094838,31
wind_323818,8,8,26.0402020967742,25.281204826098506,32.458133407084766,29.444537266171128,31
wind_323818,8,9,29.02589864516129,27.255399097148683,29.406048814311237,27.657373898368594,31
wind_323818,8,10,24.782659419354836,27.18762402224172,29.110365756761034,26.89392586011594,31
wind_323818,8,11,24.62964658064516,25.359365438686428,24.44799004703384,24.38429293666726,31
wind_323818,8,12,21.45257496774194,31.150124825296352,23.236400005887877,26.94650598288005,31
wind_323818,8,13,19.805252419354836,28.434155254496225,21.042680282849794,29.683553863962032,31
wind_323818,8,14,20.986592677419356,30.23033073835318,23.728695923125127,31.219415595442797,31
wind_323818,8,15,25.11549529032258,33.46675378313091,25.604765520908654,30.561142138119575,31
wind_323818,8,16,22.36414293548387,29.061943637069106,29.94287168787831,33.07561244336755,31
wind_323818,8,17,27.307262645161288,30.828362792853113,30.604800920820054,33.062851695613475,31
wind_323818,8,18,30.676141419354835,31.351504946688085,28.82561391783038,32.2185636624922,31
wind_323818,8,19,29.445563580645157,29.990533694133966,29.04808086637549,32.183647148003985,31
wind_323818,8,20,31.510329258064516,31.606625428871585,27.718572615092555,32.42000170229772,31
wind_323818,8,21,30.45874429032258,29.520346764593203,31.029214321536767,34.558218357838655,31
wind_323818,8,22,31.361266225806457,29.24828962552098,28.231224785507056,30.800901507538917,31
wind_323818,8,23,31.160636290322582,27.078459316515165,28.388300802464148,28.431053095404227,31
wind_323818,9,0,26.50397063333333,29.975326655165386,27.45089688780021,28.389226164991857,30
wind_323818,9,1,25.386291900000003,28.671041608716028,31.114862663271715,30.921030425318193,30
wind_323818,9,2,30.904529433333337,33.019863334849056,33.999001459995476,32.589315980999615,30
wind_323818,9,3,30.491510366666667,31.907729422975667,36.73960052864944,33.96105685270904,30
wind_323818,9,4,32.83217186666666,33.22781992835519,37.04580854406636,34.76818198410949,30
wind_323818,9,5,32.951991066666665,32.415306516719674,35.83293720151963,34.38499689486218,30
wind_323818,9,6,33.35797363333334,31.091781157177927,33.69311026719985,33.00052036317766,30
wind_323818,9,7,31.5367091,29.194038302254178,36.79879024075033,35.91083963834024,30
wind_323818,9,8,31.28342836666667,29.241710097636503,39.01279479883701,36.17920834084067,30
wind_323818,9,9,34.60384353333333,30.484646872745643,37.83285344730529,34.97011359362534,30
wind_323818,9,10,33.267168033333334,34.974559970442606,34.405898860615274,34.30144007255999,30
wind_323818,9,11,30.308253999999998,33.940053590726606,34.25774388047624,33.132220829942035,30
wind_323818,9,12,29.095307233333333,32.47293125536032,32.88801633434708,31.797834845941743,30
wind_323818,9,13,20.3158148,26.921146660667425,26.906681202797586,32.350953105213534,30
wind_323818,9,14,21.94911193333333,33.9503583656673,23.501359691330475,34.924527153767734,30
wind_323818,9,15,22.0242514,34.51213545635346,23.17426610962801,34.41790057741676,30
wind_323818,9,16,22.927749900000002,33.28602434972058,25.11990147851156,36.24753186933168,30
wind_323818,9,17,23.180908233333337,33.55332995795971,26.533432216494802,39.1399140379703,30
wind_323818,9,18,24.265727233333337,34.675251446732716,25.277203989490644,36.418953120338834,30
wind_323818,9,19,23.346813100000002,33.06186678578198,27.754142177873245,38.44242958976145,30
wind_323818,9,20,24.028810400000005,34.563756146143106,26.643085402050932,36.87502259604441,30
wind_323818,9,21,22.444509466666666,33.60709380241615,24.618471489912906,35.67432127301603,30
wind_323818,9,22,20.882000066666667,31.321885249005014,24.41767179286933,35.023049859224244,30
wind_323818,9,23,24.157025700000002,26.505179708114216,23.477442595423142,31.74720399321813,30
wind_323818,10,0,41.24645396774194,32.16680575975452,47.872142723750066,33.37281502860833,31
wind_323818,10,1,39.57445451612904,34.14403590735851,52.53289029468773,33.02044148141483,31
wind_323818,10,2,44.60746941935485,37.22932072160625,54.6365790939211,34.65044859570652,31
wind_323818,10,3,42.23375312903226,37.0668011411928,49.35516765419606,33.4519985290464,31
wind_323818,10,4,44.31197345161291,35.5933337774038,48.00669610898429,33.16704753319177,31
wind_323818,10,5,42.33006809677419,36.08555128690327,49.47651738775051,34.477494539852636,31
wind_323818,10,6,40.098729387096775,37.700270029797586,44.66665219124576,35.583478949779476,31
wind_323818,10,7,41.720782032258064,38.847268508236574,45.416735011492186,36.767179679804165,31
wind_323818,10,8,40.54280383870967,37.753823915540885,47.455980689455174,37.63845804238721,31
wind_323818,10,9,38.858519967741934,36.94430396237248,49.719753648841156,38.94468454125012,31
wind_323818,10,10,38.2984235483871,36.20547195818001,49.289868079543815,38.46367449784601,31
wind_323818,10,11,40.412196354838706,35.4526470198155,49.49884045681027,36.83080094185559,31
wind_323818,10,12,40.45907477419355,35.08859756571858,48.670302468839274,37.329056874079264,31
wind_323818,10,13,37.15293500000001,34.43548856222235,46.101645564903635,36.490429460354875,31
wind_323818,10,14,34.21492732258064,35.6281073680823,41.11565473847143,37.35983242051184,31
wind_323818,10,15,32.59086370967742,32.43572747553506,36.03783845462106,34.47547986131051,31
wind_323818,10,16,34.493289967741944,31.967534628220694,40.713948144196785,35.77418386652106,31
wind_323818,10,17,38.18913777419355,33.45676876635507,44.89277922463397,37.84097414664949,31
wind_323818,10,18,39.75075754838709,33.86740291204683,49.21388699607464,38.855215226251936,31
wind_323818,10,19,40.39350003225807,35.19985953318451,49.6620196750816,39.67652556865821,31
wind_323818,10,20,39.66965832258065,36.467263212586396,46.038564681904575,35.26137221073376,31
wind_323818,10,21,36.01401306451613,30.728198791122015,40.50326364329931,34.178467070099636,31
wind_323818,10,22,35.42614932258064,30.859904278981876,39.41693043935903,31.522450970243803,31
wind_323818,10,23,39.48579703225806,31.83334226766305,48.086965774142165,35.78604812822486,31
wind_323818,11,0,51.16285113333332,39.158150134361314,52.68642241312692,36.034706541541105,30
wind_323818,11,1,47.5637207,39.744092774785535,52.013587771265954,38.87870502785822,30
wind_323818,11,2,46.077442033333334,39.95539917022104,49.06307245206014,38.528198851539976,30
wind_323818,11,3,44.18031893333333,39.1901987614812,46.66421315080439,37.072462370690495,30
wind_323818,11,4,44.320657000000004,36.70772372878996,50.617580867153535,36.59343287764733,30
wind_323818,11,5,51.64873276666666,36.206801846569626,53.65085041471161,36.833782323888364,30
wind_323818,11,6,51.51991373333335,36.83967190129276,52.85026918563113,38.90608857696493,30
wind_323818,11,7,50.55866536666667,39.50300895597364,51.39653752337785,37.929304561495094,30
wind_323818,11,8,50.61401993333334,40.259355305926256,50.42681853253782,37.771386918213274,30
wind_323818,11,9,51.81126266666667,41.0219575592792,51.856334533517376,39.5695234831537,30
wind_323818,11,10,51.6161658,40.12582230062025,51.084891381106715,40.66929333429586,30
wind_323818,11,11,52.04251990000001,40.49042825966213,49.57985757906208,40.86807477829142,30
wind_323818,11,12,51.11542313333334,38.570578562395774,47.486529776537324,39.84379358978408,30
wind_323818,11,13,49.521100433333345,39.902770235127925,50.359424675614456,38.23455937869054,30
wind_323818,11,14,46.773991,41.383840771793544,56.20662388210066,41.60226619983513,30
wind_323818,11,15,49.77935533333334,43.0019782263,54.66382002546099,42.34484669990764,30
wind_323818,11,16,47.58744916666667,42.68121114513221,49.94351207021477,43.115378156525956,30
wind_323818,11,17,47.8887367,43.47317577103389,48.77385937962104,43.43370630927431,30
wind_323818,11,18,49.584325,42.58178988294184,52.12044876687379,44.70101365035061,30
wind_323818,11,19,51.70744903333333,43.345763091484386,54.86675488471016,43.27678102392195,30
wind_323818,11,20,48.58937806666667,40.41006665171483,54.32478372720497,41.294139737700355,30
wind_323818,11,21,50.65937536666665,38.87047103646281,52.014822126841,36.18946231002845,30
wind_323818,11,22,49.038619899999986,38.85531330724339,49.63639052300708,35.22971488221909,30
wind_323818,11,23,51.503103333333335,37.722924320238825,53.98610085970769,37.19624740186475,30
wind_323818,12,0,56.55913951612904,43.17176197054771,53.42366336648525,43.28059423114797,31
wind_323818,12,1,53.45170341935485,42.84784940025633,52.646231165648324,42.74447238943039,31
wind_323818,12,2,55.031712000000006,42.43016972816213,48.899702514050574,41.209909766298956,31
wind_323818,12,3,57.22776183870968,40.206185334816865,52.274302914481495,41.27217604905992,31
wind_323818,12,4,54.768060741935486,38.92542804085305,52.076281081150924,41.34302709855883,31
wind_323818,12,5,58.09272883870968,39.4216931819154,54.33152801973079,41.98081325089558,31
wind_323818,12,6,55.89127316129032,39.33582878102157,51.76153478069202,40.68392634836454,31
wind_323818,12,7,55.19607351612903,40.171474221864386,52.771087015462854,40.73263703904226,31
wind_323818,12,8,53.32274019354838,41.93803740787308,50.21804954181191,40.00360896774502,31
wind_323818,12,9,53.64069609677419,39.29650827076672,48.78341477967769,38.92102885433899,31
wind_323818,12,10,51.558203870967745,39.07132027460837,51.127092409357154,41.25666541438279,31
wind_323818,12,11,49.517881580645174,40.29293825807056,48.02279449034882,40.43627687866778,31
wind_323818,12,12,47.695676193548394,40.25025983606459,46.7950885557408,38.93809414809046,31
wind_323818,12,13,44.6389004516129,39.68757325344677,42.25673559597771,38.57227835172414,31
wind_323818,12,14,41.08397467741935,39.168320580681936,43.105449743630594,39.18115315621344,31
wind_323818,12,15,37.04814193548387,38.82534708130946,43.254322363408484,40.48163759841263,31
wind_323818,12,16,41.496907258064525,41.28015595276442,45.43879959216273,42.27546892896631,31
wind_323818,12,17,43.84342587096773,42.878412281418086,48.45025387235889,43.30740558398772,31
wind_323818,12,18,47.87962783870968,43.049556241142874,49.4368169417315,43.832435833903986,31
wind_323818,12,19,47.71818577419354,41.90193639295806,47.89617519366081,42.19943141034029,31
wind_323818,12,20,50.19907561290323,41.742451581496155,51.74727951247412,42.584033036770386,31
wind_323818,12,21,51.297298354838716,40.32840809041644,52.297524890377375,42.379713490373305,31
wind_323818,12,22,55.21743006451613,41.583899466109735,53.783159055054945,42.90120347337548,31
wind_323818,12,23,56.679683000000004,44.50030141756699,53.07722556645352,43.45177388351163,31
wind_323820,1,0,59.73306048387097,42.907411965428466,60.535597000920184,43.16467031321661,31
wind_323820,1,1,58.83337874193548,43.273225347411085,60.9930083396071,44.06270170408467,31
wind_323820,1,2,58.79553861290323,42.792197419107914,59.696414265112075,44.0676666682752,31
wind_323820,1,3,61.00820441935485,42.911833557000506,58.562914836154796,44.489226856957714,31
wind_323820,1,4,60.93070916129032,43.5321848932513,59.12669722343423,45.32656335814831,31
wind_323820,1,5,60.77698758064517,44.40988064803645,59.882189469528235,44.46395802429918,31
wind_323820,1,6,58.648171999999995,42.85069170394835,59.30706870998772,43.67657479572029,31
wind_323820,1,7,57.28678703225806,43.64229532952487,56.358956928828455,41.954381812974276,31
wind_323820,1,8,54.52851606451614,40.56169753429706,54.714268202492384,40.24388216000787,31
wind_323820,1,9,54.65275529032258,43.78921364276669,54.999327027853674,42.01954398690584,31
wind_323820,1,10,55.14891564516129,43.835667827183826,55.73396597582736,43.071783495061794,31
wind_323820,1,11,57.5946877419355,44.0711166787846,56.93449111696679,42.263197260909095,31
wind_323820,1,12,56.31331477419355,43.16477796608397,55.71078774478311,43.0904843155475,31
wind_323820,1,13,58.27383783870967,43.30121600760485,55.44274950430359,42.23147317904857,31
wind_323820,1,14,53.47554641935484,42.26961190114183,54.04265974818836,40.70714362200613,31
wind_323820,1,15,54.49317303225806,42.743342521400415,55.863712277956694,40.49517235189094,31
wind_323820,1,16,55.30118625806452,42.536441810987284,57.2592592011465,42.29042123713509,31
wind_323820,1,17,55.65680809677419,41.31670625199418,59.15911387265079,41.43667693869257,31
wind_323820,1,18,59.67897877419355,43.87413276437934,62.235772028985345,41.05440955304486,31
wind_323820,1,19,58.699188,43.40368431464255,63.87648914991525,41.63244935752442,31
wind_323820,1,20,59.41743148387097,42.187483618800634,63.15046201023743,41.93127463851871,31
wind_323820,1,21,60.01904651612903,42.98112470157506,60.92678915211458,41.458416980675864,31
wind_323820,1,22,57.53010199999999,42.40456886258473,60.65268339236436,41.00425536111705,31
wind_323820,1,23,58.83702116129033,44.42379511839659,61.70688353077797,42.92921132267755,31
wind_323820,2,0,51.6346356551724,43.638150824547296,53.523645210256056,43.310197740984485,29
wind_323820,2,1,56.515035379310355,45.00162355481108,53.59445200459774,43.915715370054066,29
wind_323820,2,2,56.29168306896553,45.258350000459224,54.91963463520535,45.14081695456996,29
wind_323820,2,3,56.54087162068966,44.69941216656533,56.04263077167644,45.02453305030868,29
wind_323820,2,4,56.07053937931035,46.96662258243142,57.728599433052686,45.96273117285401,29
wind_323820,2,5,54.811705862068955,46.98973197711409,57.18403678570954,45.56183781318748,29
wind_323820,2,6,56.72856482758621,47.649112144040714,58.23315744051201,46.61260079339742,29
wind_323820,2,7,55.62208568965517,47.972549672985366,56.22108670467032,45.98389604091915,29
wind_323820,2,8,53.34880496551725,46.83078845535536,55.000090487450045,44.44245324948109,29
wind_323820,2,9,53.34803886206896,45.43010245929507,54.48321282389237,44.110983516244474,29
wind_323820,2,10,52.19666689655173,43.39266132555726,55.38553068022283,43.54508958091676,29
wind_323820,2,11,52.029643551724135,41.02353844143676,54.543930016535654,40.703497935004116,29
wind_323820,2,12,54.39875086206898,40.778356012308514,55.39914017418637,40.11759227690138,29
wind_323820,2,13,50.9349405862069,40.71813753856624,57.37508607579526,41.62344801144566,29
wind_323820,2,14,44.7513628275862,38.321410153090554,53.59645620533684,42.708472666944346,29
wind_323820,2,15,42.61401810344828,39.08966280358052,48.51651337894951,43.013073384821396,29
wind_323820,2,16,43.67483,39.11364172100873,50.90673468732182,45.33918869892449,29
wind_323820,2,17,47.09722931034483,41.39869672146347,54.275370606971094,46.394205681666534,29
wind_323820,2,18,51.209088482758624,45.66977496668528,55.43746985810673,47.3589983264303,29
wind_323820,2,19,49.210497241379315,42.12350570250174,54.94254542017767,47.18412384554998,29
wind_323820,2,20,49.56222727586207,43.57843633612869,52.94618029964006,46.177831388881174,29
wind_323820,2,21,50.772111379310346,44.966117995576454,54.50623030669068,46.62713004996328,29
wind_323820,2,22,49.355893517241384,45.53720210739579,53.48659087055326,43.63030429030124,29
wind_323820,2,23,53.41912727586207,43.97894745994707,56.209521940704235,43.14461423111702,29
wind_323820,3,0,66.68115122580645,40.73068134521451,70.95619935265418,40.13773487794552,31
wind_323820,3,1,66.60238722580647,39.36951788992982,69.20143390596674,41.05894784625601,31
wind_323820,3,2,67.76541119354839,39.61985334136312,69.52884806089787,41.982301427171336,31
wind_323820,3,3,69.35113438709678,40.725990575539335,68.19557698614231,42.443719371149406,31
wind_323820,3,4,65.9659501935484,42.39382412123256,69.90549456651505,40.71079103214042,31
wind_323820,3,5,70.02764709677419,41.51218965007381,73.01710464508976,40.97401832593976,31
wind_323820,3,6,67.92612767741937,39.623548546856625,72.71133144480073,40.013297293979974,31
wind_323820,3,7,69.14970135483871,38.497233610271834,73.63572787395485,39.520314147336116,31
wind_323820,3,8,71.67317706451614,38.43622562768829,72.38845413165245,39.18467903993372,31
wind_323820,3,9,69.50949358064516,38.18740333446047,70.70604322509016,37.977376130842394,31
wind_323820,3,10,67.40407512903226,36.22100043445336,67.761439703349,40.084492452909224,31
wind_323820,3,11,65.01256519354838,38.13953573697592,69.62399811639779,39.57437042281953,31
wind_323820,3,12,63.51895483870968,38.08788154261544,68.25794202976661,39.89655491706238,31
wind_323820,3,13,61.1646754516129,39.32537053145619,67.51825492516203,37.100122702319425,31
wind_323820,3,14,52.74757029032258,40.73010173648248,63.19190641276871,40.141561870379505,31
wind_323820,3,15,52.72332922580645,41.808668750650035,62.00048238721643,41.72941734775266,31
wind_323820,3,16,51.559897258064524,41.166138122108386,60.19495259609121,41.345115323565444,31
wind_323820,3,17,51.92971774193549,42.16420167631189,62.4166238511936,42.43801434948476,31
wind_323820,3,18,54.07841125806451,41.443882974316836,63.89205473457248,41.66935922252539,31
wind_323820,3,19,53.34695241935484,39.85356045923949,65.67480890958646,42.17207857209429,31
wind_323820,3,20,56.767330967741934,39.98600313538136,64.33265417384537,41.037115472342364,31
wind_323820,3,21,57.135083806451625,40.49189131312821,65.82637378640418,41.6222687673955,31
wind_323820,3,22,52.00128806451614,42.22212374921615,64.3278255193808,41.328227807434565,31
wind_323820,3,23,58.59468412903226,41.26289171496771,63.87043398260184,41.68195891027431,31
wind_323820,4,0,58.02424486666666,39.08004202020601,48.631940606033105,36.42929222086963,30
wind_323820,4,1,53.909172733333335,39.85409285041622,47.67759762494321,36.7043926226386,30
wind_323820,4,2,51.625229299999994,41.95040911917329,46.98781981125483,39.17982350583738,30
wind_323820,4,3,46.70777853333335,40.427531433517025,46.00488472314042,40.56314726776967,30
wind_323820,4,4,48.015704899999996,40.85792409547384,45.83714163708028,39.67334420744699,30
wind_323820,4,5,48.26059193333334,41.299619552814214,45.90751792610767,38.15017009890892,30
wind_323820,4,6,46.46661213333333,37.88559545249077,45.714739353329485,35.9499457409867,30
wind_323820,4,7,49.460564233333336,37.7520844467808,49.56415254671951,37.083552922963605,30
wind_323820,4,8,51.02118083333333,37.68876804151238,48.92184392002382,36.172129107476046,30
wind_323820,4,9,50.62645183333334,36.70521851276108,50.42501701845347,35.70414965923688,30
wind_323820,4,10,46.80618953333332,36.295727584613374,51.332454768629695,37.328701307723456,30
wind_323820,4,11,48.66426816666668,38.66108227573602,54.27173940145364,39.190858742633985,30
wind_323820,4,12,42.21355006666667,39.43315261898213,51.2156301955797,38.37376887875953,30
wind_323820,4,13,37.770315399999994,39.01358822895502,49.375192865463724,39.56053471100614,30
wind_323820,4,14,40.77259406666667,40.019522941397156,49.16452032105234,40.553684749732895,30
wind_323820,4,15,49.10317973333334,46.37399098219167,55.111520429120056,43.47484512373666,30
wind_323820,4,16,52.995274666666674,45.62772013528458,59.68373002315239,44.59109353712853,30
wind_323820,4,17,55.688668299999996,44.71337135455044,60.82579253053173,44.64114823328551,30
wind_323820,4,18,58.39367500000001,44.20598873372749,61.044451738913835,43.06523634144035,30
wind_323820,4,19,55.5680909,44.08682340870325,58.77499372037589,42.678883648773535,30
wind_323820,4,20,54.09868813333334,43.48716861799871,55.46324825177684,43.195158118032225,30
wind_323820,4,21,51.8524504,43.78226115823101,55.86019272796018,42.53239775069792,30
wind_323820,4,22,48.30151613333333,44.997170770343054,54.242577636642835,43.60916991691063,30
wind_323820,4,23,51.24939176666666,43.745326400775426,51.4634873749411,42.29247073143236,30
wind_323820,5,0,25.706232677419354,28.908861266986012,30.10412041035013,27.412645769447906,31
wind_323820,5,1,30.20573851612903,31.71835324545384,37.328333803220985,31.153665704295562,31
wind_323820,5,2,31.472814161290323,32.55881090185559,41.60559760883084,31.594542899753904,31
wind_323820,5,3,30.869276645161293,31.909183550055975,42.03768727673679,34.263858097339806,31
wind_323820,5,4,32.60066816129032,35.286048341455405,40.20625647039122,36.02421865199809,31
wind_323820,5,5,35.7938000967742,35.09652999788982,39.271507315651306,37.41607070243073,31
wind_323820,5,6,38.70102806451613,36.17870346780166,39.459438711010485,36.655058181361504,31
wind_323820,5,7,38.01311603225807,36.57351959819601,38.99219434002223,38.374307343153816,31
wind_323820,5,8,36.204257193548386,35.58054635822336,33.59845141352591,34.36570076539133,31
wind_323820,5,9,34.262967290322585,34.44799429937356,34.418269974340895,32.563083089280354,31
wind_323820,5,10,31.67376161290322,32.57925540987809,36.502282887282796,33.67403097722347,31
wind_323820,5,11,32.172265677419354,34.7264929316076,34.15075865664823,34.24866933963067,31
wind_323820,5,12,20.95463264516129,32.6051767848564,27.711586344870106,33.669853342084885,31
wind_323820,5,13,20.22753477419355,34.26879243318741,26.134868076616982,35.13624428462311,31
wind_323820,5,14,20.197613225806453,31.615841012780322,28.695627874538708,34.35874947226133,31
wind_323820,5,15,20.280429483870968,30.832095186494456,27.91121977711045,34.24613754918146,31
wind_323820,5,16,20.613045451612905,29.337033461672934,26.788329644932748,31.549721469362915,31
wind_323820,5,17,22.52783493548387,30.358662244638804,28.48149535381577,32.3803626314768,31
wind_323820,5,18,23.74148041935484,31.617093885883136,31.301716211321747,34.395919104582184,31
wind_323820,5,19,28.576054709677422,35.218905554913405,30.580051774332727,33.98062830806223,31
wind_323820,5,20,23.133973354838712,30.127542748679822,31.531877889465346,34.77734796362071,31
wind_323820,5,21,24.748054967741936,29.81260119219784,33.36129385169305,35.66215982988801,31
wind_323820,5,22,23.980831548387094,28.757643212449775,25.214523328563857,27.366318374689055,31
wind_323820,5,23,27.71332264516129,33.047894398297615,28.37937429716178,28.155570445632513,31
wind_323820,6,0,32.25316723333334,32.903276850800545,27.58311079205658,28.001735136451092,30
wind_323820,6,1,33.52463133333333,28.159925344350434,27.048876753352634,25.365933754853778,30
wind_323820,6,2,32.9362954,28.563532457009476,35.49640317153247,34.260150659702575,30
wind_323820,6,3,35.5358169,36.3497598499283,34.84221261079949,34.90345221972082,30
wind_323820,6,4,40.870368433333326,38.02702945668836,36.40742220142986,35.889521718418116,30
wind_323820,6,5,37.93282266666667,38.31394713577662,39.93843304421355,37.393670704419876,30
wind_323820,6,6,39.98652736666667,38.05233261522074,41.583016325932405,35.5632442118208,30
wind_323820,6,7,43.997101166666674,38.23332560646407,49.808312451763314,37.64526224505885,30
wind_323820,6,8,44.15099463333333,36.286835706256866,49.434255837794666,38.20364329223568,30
wind_323820,6,9,43.78520253333333,37.733225911348775,47.22729130922539,37.82883436958093,30
wind_323820,6,10,36.391545099999995,29.714853106626144,44.387480330552094,35.8464677773036,30
wind_323820,6,11,34.533073466666664,31.130082409429715,40.17495989161231,33.926071042241816,30
wind_323820,6,12,24.400190733333332,32.300056706658395,31.69099159555833,31.08439604855763,30
wind_323820,6,13,23.682788000000002,35.88774199435594,26.593037633027905,31.86268828011908,30
wind_323820,6,14,26.72583063333333,36.58188442970754,26.478658454435372,33.46525496318104,30
wind_323820,6,15,29.77315916666667,39.19085040872322,28.046568084169284,32.072073410434285,30
wind_323820,6,16,29.042634333333332,36.96014613540449,31.797779165161046,36.1266026087116,30
wind_323820,6,17,33.2130677,40.17262801512681,36.80482785392321,41.10217008982494,30
wind_323820,6,18,32.60548196666667,37.67883268299282,40.33648763318545,45.76988671150642,30
wind_323820,6,19,32.83491656666667,37.12514621339888,41.09043342765442,45.13827332528532,30
wind_323820,6,20,36.9002344,39.109064834394815,37.93417841897609,42.64057183917293,30
wind_323820,6,21,35.46862996666667,38.859140557680405,38.73443560363208,39.79530156016666,30
wind_323820,6,22,34.281000133333336,38.18414263500195,37.447336706010084,39.40410065692566,30
wind_323820,6,23,32.768034566666664,32.46922256598304,33.29919358287911,35.3300472874219,30
wind_323820,7,0,12.955921451612904,18.437978484497044,20.4869809787009,30.680160128743037,31
wind_323820,7,1,18.92827129032258,26.87290056216736,22.238554462774918,28.50888297842082,31
wind_323820,7,2,17.214974935483866,23.7460029048668,21.110878148725867,23.410333431332035,31
wind_323820,7,3,15.916239064516127,19.51697379236902,21.493477593971665,22.875729863348294,31
wind_323820,7,4,17.998711967741936,21.44108141139611,18.975959246244027,20.241083523089,31
wind_323820,7,5,19.210636548387097,22.83422897151031,17.78591856077722,21.720567303476397,31
wind_323820,7,6,19.30934770967742,22.211099548729376,17.991879336692605,23.486387589644377,31
wind_323820,7,7,21.529698870967742,24.7247980725382,19.297317710895918,22.796303927035137,31
wind_323820,7,8,22.90787832258064,25.67908787631183,20.69024638478264,21.786224406013044,31
wind_323820,7,9,19.864302870967744,23.774336719800452,21.898955717013976,22.0897588904181,31
wind_323820,7,10,19.51760667741936,21.686630484321757,23.812221555920797,23.458359024158774,31
wind_323820,7,11,20.643368096774196,23.405215767494106,22.416233840544987,22.24417967193715,31
wind_323820,7,12,12.138546354838708,18.95762358030696,17.808631132160635,22.40213542705156,31
wind_323820,7,13,11.520718935483872,20.414482371710882,16.2820455368365,24.276715334314968,31
wind_323820,7,14,12.663003000000002,21.253718774733755,14.912095565028737,23.457875475881536,31
wind_323820,7,15,13.581005967741934,22.599173059753543,16.20357191521036,23.425388431361974,31
wind_323820,7,16,16.89272796774194,27.915901000899623,18.537879680736204,25.999000074878147,31
wind_323820,7,17,17.93756587096774,28.557797023605254,17.32758408922535,27.498985043745044,31
wind_323820,7,18,18.27895490322581,30.744511288727395,20.420181574769924,29.70082535636374,31
wind_323820,7,19,19.20153087096774,28.887531411622728,24.2113721787948,33.56391563123292,31
wind_323820,7,20,20.0593164516129,28.524327127005172,20.19115464602897,31.444753175810497,31
wind_323820,7,21,20.988451516129036,30.29589079138725,20.012345285134582,27.73598136043546,31
wind_323820,7,22,16.153001806451613,21.329735739487575,20.284267571763877,25.831790342339094,31
wind_323820,7,23,11.121444935483872,13.04539613542355,16.682718324712106,23.445008775267723,31
wind_323820,8,0,26.263717419354837,25.10197908573453,21.45439025723857,22.55581498772508,31
wind_323820,8,1,27.15729490322581,27.393709931940197,25.152578997211684,25.398782284314635,31
wind_323820,8,2,27.850729709677424,30.33076035850944,27.22404678730893,29.11844547447089,31
wind_323820,8,3,28.89215925806452,28.344129539931014,26.63459071188175,29.388803719719625,31
wind_323820,8,4,27.59046035483871,28.40092545605216,23.900530729795268,26.008909088997065,31
wind_323820,8,5,26.416781161290324,25.420799579347108,22.857940386427558,24.520108047675063,31
wind_323820,8,6,25.61306019354839,26.365417232676887,24.950111757937847,26.362077529463157,31
wind_323820,8,7,22.640247548387098,22.90061651988482,24.870797487207465,28.0292869476202,31
wind_323820,8,8,23.597510548387095,24.42972889994898,25.13056607253081,29.531990280134185,31
wind_323820,8,9,28.661406645161286,28.423242826463934,26.86907275599071,30.078269458812578,31
wind_323820,8,10,24.919874225806453,27.27168570624964,25.53679861553396,23.415843398743654,31
wind_323820,8,11,26.24190564516129,27.868298581604666,26.930768624932497,23.812410503048245,31
wind_323820,8,12,19.232294903225807,22.199150367874214,22.242712813262113,20.027600283293364,31
wind_323820,8,13,16.427274677419355,21.377233872220938,17.799756681023073,18.691000575972097,31
wind_323820,8,14,18.745412483870965,24.722769084553544,18.286836220513283,21.072306741538018,31
wind_323820,8,15,20.769541612903225,26.312477155178943,20.846534716355006,23.534436864387867,31
wind_323820,8,16,20.266556838709683,22.17148012100056,20.8486664598103,23.1716997580297,31
wind_323820,8,17,26.075585387096773,25.99585381458743,18.452993112602403,18.937552202707014,31
wind_323820,8,18,24.223836903225806,27.054081241184825,21.560486208642253,23.61621191293834,31
wind_323820,8,19,18.959118774193556,19.643370050730198,20.016021686745415,22.74071616786391,31
wind_323820,8,20,20.952032516129034,22.928216593853147,23.511161771265257,24.915043004374972,31
wind_323820,8,21,19.15980067741936,20.48924276625863,23.54610694622263,25.90739178790294,31
wind_323820,8,22,20.40401164516129,25.23634731645618,22.025493456589,24.80766059656099,31
wind_323820,8,23,21.81750006451613,20.98484891795254,25.408130350043276,28.831917264321834,31
wind_323820,9,0,25.000747200000003,29.062749306609145,32.31400813938336,29.536369718776424,30
wind_323820,9,1,25.739582966666667,29.17254141632221,32.69126558402014,28.520764095338944,30
wind_323820,9,2,32.067446700000005,30.35728108702885,31.711944372772656,29.809113046358526,30
wind_323820,9,3,31.405111066666663,30.035497802562862,32.00183135032463,31.94644499257077,30
wind_323820,9,4,31.125866866666666,31.962107555342197,35.02512638185833,32.69445086694401,30
wind_323820,9,5,30.609921999999997,29.088725347125852,37.23422048552023,34.349501296087745,30
wind_323820,9,6,34.19748043333333,32.67636102559554,35.72802858171449,32.13621450110142,30
wind_323820,9,7,33.44144589999999,30.69353487731541,37.35612269566955,32.90819826198975,30
wind_323820,9,8,31.317238999999997,30.12190390096338,36.318959816902485,32.0338369728311,30
wind_323820,9,9,35.39422833333333,32.03679822823093,36.63845194009862,31.669281275765176,30
wind_323820,9,10,27.399024199999996,29.682555774426028,35.04452166423334,30.96268149775994,30
wind_323820,9,11,29.398055633333335,30.954177300483394,34.53028843302829,30.87855877064064,30
wind_323820,9,12,26.361815366666672,26.995885445184953,34.17253628763762,31.406403351670303,30
wind_323820,9,13,19.348284300000003,22.621893744389364,27.801809255930422,31.731398309271142,30
wind_323820,9,14,15.901664599999998,24.000362400343715,22.396344815794457,29.754429109105192,30
wind_323820,9,15,18.877802733333333,26.964321724654134,22.564464868332582,31.830383283228446,30
wind_323820,9,16,20.500153566666665,30.575033042600154,23.830301533753733,33.61432289457727,30
wind_323820,9,17,18.39111156666667,28.10630051723745,22.16033315447662,31.331374921831056,30
wind_323820,9,18,19.26545183333333,28.133378325006653,23.39929162298792,33.04204664899091,30
wind_323820,9,19,18.655207166666667,27.761394932048223,22.21352300077302,33.28373182349305,30
wind_323820,9,20,20.573382633333335,30.35783234435121,23.123883446066486,33.845739712151726,30
wind_323820,9,21,21.44217916666667,30.06191848744267,23.930402111277644,33.59745143978103,30
wind_323820,9,22,24.94019946666667,35.74501333618492,24.963617392396145,32.61425406180985,30
wind_323820,9,23,25.79961733333333,33.770986358744224,27.220005982209862,30.668396857844957,30
wind_323820,10,0,44.82180283870967,37.46587408576698,48.11989986250382,40.602239294830234,31
wind_323820,10,1,48.47052483870967,37.24754218076064,47.07632277141301,40.206782962646265,31
wind_323820,10,2,51.31964845161291,39.95882540430411,50.67641398949511,40.28467352770291,31
wind_323820,10,3,47.111537,40.18399150150243,46.1665503379349,39.187537701194344,31
wind_323820,10,4,46.345581645161296,40.45540552644672,46.466978304074594,39.54276339677555,31
wind_323820,10,5,42.48162961290323,39.53643255538107,45.44546704002362,39.27323054397103,31
wind_323820,10,6,41.31085838709677,39.41098111845869,43.90161384393079,38.29527062501414,31
wind_323820,10,7,43.23316906451613,39.826048375574786,43.29916068231899,39.178276468988486,31
wind_323820,10,8,41.568107419354845,37.6800671887385,45.20924867654352,38.331128451141545,31
wind_323820,10,9,39.239189709677426,35.40827049026768,45.48724554635931,39.23623251075824,31
wind_323820,10,10,37.402347,35.26464659417434,47.05344170415113,36.86072322582371,31
wind_323820,10,11,40.20754277419355,37.349732842891214,46.71101507445103,36.21644052483911,31
wind_323820,10,12,41.51861738709677,35.958501749340954,43.984885427823116,37.64568221292385,31
wind_323820,10,13,38.80134580645161,38.23695173631415,41.81583668628336,36.64087930058539,31
wind_323820,10,14,33.157501838709685,35.20192221047604,38.69118475178201,35.75328886634764,31
wind_323820,10,15,31.862502129032254,35.7961525818964,36.90209231150185,35.4951046784397,31
wind_323820,10,16,33.332880677419354,36.77850917317392,39.80906999251658,37.63230739408318,31
wind_323820,10,17,37.18446709677419,39.47052404008724,42.272366354033366,40.954626599498404,31
wind_323820,10,18,36.01292129032258,36.561246954471066,40.917931712355205,39.13549220179294,31
wind_323820,10,19,38.12893667741936,36.40968368226896,42.07808735670038,39.772829360445904,31
wind_323820,10,20,36.55233474193549,37.093393536156185,41.05477525208788,38.85059629582108,31
wind_323820,10,21,36.97265112903226,35.16859277268973,40.577431190886415,39.382772417325974,31
wind_323820,10,22,37.35140629032258,34.46745488048967,43.451010209146745,41.11501192791839,31
wind_323820,10,23,43.129924354838714,37.27413241142861,48.53345080249437,40.64338405879031,31
wind_323820,11,0,68.11134296666667,37.53222126282071,66.93984658597456,36.309229884057686,30
wind_323820,11,1,70.28770519999999,35.60833098612969,67.74705543555179,36.458077463238496,30
wind_323820,11,2,73.58736790000002,33.834659356820204,72.88864714588797,33.73154640099188,30
wind_323820,11,3,74.74989676666668,33.40512660794807,74.17292105852826,33.138144165851465,30
wind_323820,11,4,71.57734936666667,35.54374107618584,75.83444209941027,35.98740229042732,30
wind_323820,11,5,74.36321330000001,39.19372421187497,74.4493127723273,36.335797184211835,30
wind_323820,11,6,73.30451133333332,40.31589977405106,75.63695458660742,39.012235646271016,30
wind_323820,11,7,67.90524173333334,41.9110749594544,70.53660873404823,39.48868251453756,30
wind_323820,11,8,67.08609306666666,42.11662030075652,70.38945270788813,41.54391543124224,30
wind_323820,11,9,67.75821723333334,43.44506177743191,66.64479866907821,43.34359652601769,30
wind_323820,11,10,63.203720133333334,46.88423652391725,64.56301301980272,45.47587026262646,30
wind_323820,11,11,61.34255293333333,45.49341395623926,65.54635442498741,46.86095577402927,30
wind_323820,11,12,62.26698196666668,47.35127113238842,66.66545987543515,47.64037696032847,30
wind_323820,11,13,61.06900746666666,48.11904348580129,63.42754904476411,48.780715690701186,30
wind_323820,11,14,54.91818123333334,48.080657287964925,63.67476646526441,49.21169704789842,30
wind_323820,11,15,56.01658103333334,48.883172447346666,62.853940450233296,49.76121947645039,30
wind_323820,11,16,56.17925193333334,46.186695167675516,61.214743365369365,48.68347706686348,30
wind_323820,11,17,54.641103400000006,44.26872169200933,62.37591265174385,46.58525420529367,30
wind_323820,11,18,53.94016653333335,41.76902452339656,62.60537867027713,44.87298611680811,30
wind_323820,11,19,55.74698430000001,41.00728122680636,64.06840443717323,45.94099970845011,30
wind_323820,11,20,53.125951566666664,39.58681884245004,63.09330008582471,44.925208943459054,30
wind_323820,11,21,55.92572583333334,37.40206891584283,62.96102743210713,43.94212033887568,30
wind_323820,11,22,53.17582643333332,37.753445352023185,65.4139252583373,41.85355411552181,30
wind_323820,11,23,61.13391156666668,35.811316675427854,69.08434007654438,38.64207317221135,30
wind_323820,12,0,65.67625803225806,44.24115050208556,67.79466424646664,42.48414648553583,31
wind_323820,12,1,68.54107345161292,44.82193993718682,69.42970698749963,41.96454595836677,31
wind_323820,12,2,68.60603187096774,43.201375726047644,69.36118159777708,43.679841796585926,31
wind_323820,12,3,67.385066,44.781516808823596,67.61913081520477,43.403475012312484,31
wind_323820,12,4,70.10102045161291,44.37997735063002,68.66380079472022,43.7368589633746,31
wind_323820,12,5,72.55384919354839,43.63111089776729,69.18781434499739,43.02783412544543,31
wind_323820,12,6,70.2656757419355,42.70541093919666,71.28272726342196,42.31444300398344,31
wind_323820,12,7,69.58872141935484,41.22381058216296,71.05042999692498,42.828065516857905,31
wind_323820,12,8,67.69099722580644,40.24014004032907,70.59098932798277,43.73493163007075,31
wind_323820,12,9,66.84807893548387,41.11816213368349,69.19991675431375,42.317165378026836,31
wind_323820,12,10,62.566845,41.049467451765814,70.23360847740588,41.25870015740893,31
wind_323820,12,11,58.393146258064505,39.149620831428166,62.78058070105184,37.52286929279123,31
wind_323820,12,12,58.83771706451612,38.88107751586659,60.15598935528891,37.7049108558191,31
wind_323820,12,13,55.25828406451612,39.06527300641262,60.7826519592818,39.836792829625374,31
wind_323820,12,14,53.768717709677425,42.1363131483904,59.98445945243319,41.56210162831065,31
wind_323820,12,15,53.49997261290323,43.81625946739644,57.55637169574767,42.42154749625951,31
wind_323820,12,16,51.46600680645162,43.39342234326305,60.535872032888534,41.633025839287235,31
wind_323820,12,17,54.04630622580645,43.0280727284146,61.85988195261553,42.57522740536826,31
wind_323820,12,18,55.527684935483876,41.4503971500175,62.2472465275132,42.86943561254521,31
wind_323820,12,19,55.55464548387097,42.102794095218684,59.818050517198614,44.289813218283435,31
wind_323820,12,20,58.245426645161295,45.417202163706584,61.99690017758903,44.38915324447564,31
wind_323820,12,21,59.80322074193549,45.6165553161328,62.601429588027415,45.994260922056526,31
wind_323820,12,22,59.61602945161291,45.46319084195223,62.54505597385374,45.69367352203038,31
wind_323820,12,23,63.74810238709678,44.40211050448277,65.53116387496509,46.095557140800466,31
wind_323821,1,0,54.46782080645161,44.55031130739211,60.08175356205312,43.59333360191843,31
wind_323821,1,1,56.43609177419354,41.748694123401435,60.457343298709446,44.33281532702524,31
wind_323821,1,2,56.482091870967736,43.874327251984376,57.15550565962398,44.25622741500467,31
wind_323821,1,3,54.9157949032258,41.567862997083694,55.9502998580124,43.82540129890099,31
wind_323821,1,4,56.19425680645161,41.67134146851823,53.825998852264505,43.25723318038185,31
wind_323821,1,5,53.05015706451613,40.78206930457675,56.15776655038015,43.15457208355106,31
wind_323821,1,6,49.56052474193548,41.40150471430731,54.393372079576466,43.428836348932826,31
wind_323821,1,7,48.44825935483871,39.57965649551946,52.56578848175506,41.41972751131187,31
wind_323821,1,8,49.05186061290322,40.54919121194459,52.839782332478855,41.3396327408517,31
wind_323821,1,9,46.67921061290323,41.15377825120443,48.39198750296598,39.18258218899171,31
wind_323821,1,10,45.18651103225807,43.03237971828049,49.565949318201135,38.93532206933208,31
wind_323821,1,11,46.37770112903227,41.59670822255912,48.79891632674975,39.354307877318284,31
wind_323821,1,12,43.668278032258065,41.04340117861569,47.23190341343051,40.56485972839637,31
wind_323821,1,13,44.40923241935485,39.93842392004345,44.38922870704383,39.709292806445696,31
wind_323821,1,14,38.97035583870967,39.42768062647708,45.35174587433953,41.94415561790142,31
wind_323821,1,15,39.46763109677419,41.46551133108289,46.12815086731101,43.448346223778856,31
wind_323821,1,16,38.582377483870964,43.430845394926315,45.31769455179948,43.09553666794203,31
wind_323821,1,17,38.89873854838711,43.54721053920642,43.4072107972262,42.530685049755604,31
wind_323821,1,18,40.54044816129032,43.32589432939136,45.36433917007618,42.09375376383719,31
wind_323821,1,19,45.70942858064517,43.954446686077816,49.48259501921333,43.34886888750522,31
wind_323821,1,20,49.80975467741935,44.102596898672964,54.27680641028329,43.35168891591534,31
wind_323821,1,21,52.68665974193548,47.22700142282009,57.89550088840441,45.036567965305224,31
wind_323821,1,22,52.114696129032254,47.39586951958289,58.14852259395783,45.56651081333821,31
wind_323821,1,23,52.81002761290323,44.603799110497015,59.95999931839495,44.741879881924646,31
wind_323821,2,0,44.904659655172416,38.90897584196618,47.89833501958402,38.371080933283906,29
wind_323821,2,1,42.96812827586207,38.45890658039099,45.6422556012986,37.33944942321478,29
wind_323821,2,2,46.9008041724138,40.32048755750094,49.013725573633046,39.06703203119865,29
wind_323821,2,3,45.0546011724138,39.90575034599488,47.4262070533644,38.85673325994574,29
wind_323821,2,4,43.99460875862069,39.38662611777103,44.84379263521595,40.17420099393572,29
wind_323821,2,5,44.51022382758621,40.131195154853046,41.768026278993936,39.28055568808703,29
wind_323821,2,6,43.06538913793103,40.1744558296917,41.2026710873663,39.480049397733346,29
wind_323821,2,7,42.441773793103444,37.76601515687984,42.37410336195405,38.20530958156602,29
wind_323821,2,8,41.08183110344827,38.44132431013586,42.876081980238126,38.853518320765644,29
wind_323821,2,9,44.23221386206896,41.2983676905636,45.82181544778713,41.24909265482669,29
wind_323821,2,10,43.56102479310344,39.852626595030294,46.624089198746034,40.40591427555511,29
wind_323821,2,11,46.494916034482756,39.987513916077255,46.88116332164604,40.1894638175337,29
wind_323821,2,12,46.35846544827586,39.214486431314576,46.68933845603747,41.154583954601634,29
wind_323821,2,13,44.46532562068965,39.710780381896285,45.669451482219166,40.740863189124575,29
wind_323821,2,14,38.29365810344827,39.51663938100356,45.19290509856911,41.23422902291257,29
wind_323821,2,15,36.91892782758621,39.8203506890624,44.351453051669914,41.28294594978089,29
wind_323821,2,16,36.52149003448276,37.55321998890824,42.90260967748112,40.84892928146659,29
wind_323821,2,17,38.92095537931034,37.95059063096733,46.136899100330524,40.9035481839106,29
wind_323821,2,18,41.085114724137924,39.272933175192364,48.95427720937097,41.71846189055116,29
wind_323821,2,19,44.20331017241378,42.451945779788176,49.68601047500626,41.65266427183375,29
wind_323821,2,20,46.78034637931034,43.267244573076766,54.06579412206879,41.782134506737954,29
wind_323821,2,21,49.81787368965517,42.746688774252924,54.73686666809256,41.65136946099766,29
wind_323821,2,22,46.13518468965517,42.41480443752672,51.449150540363085,40.557704300880566,29
wind_323821,2,23,43.78223162068966,38.6126629830325,52.77705778045384,37.80812811396823,29
wind_323821,3,0,55.767431967741935,42.29976301500667,59.96530899936195,41.21642937943313,31
wind_323821,3,1,61.89967880645161,45.10908237342315,61.99480904647611,41.929142244720786,31
wind_323821,3,2,59.401061096774185,42.33606016854022,62.40634829225248,41.263059777705315,31
wind_323821,3,3,62.209910419354834,42.66681272880877,61.89182681146097,39.987655841607086,31
wind_323821,3,4,59.65009616129032,40.75419763481057,63.75683769314181,40.92805182511805,31
wind_323821,3,5,63.522026612903225,40.09554125812268,65.63619131095207,41.55368129210213,31
wind_323821,3,6,60.46299006451611,41.272282213520526,64.91909567463793,39.87005249531905,31
wind_323821,3,7,59.97737403225807,40.729971143729095,62.57465499575311,37.77088227737146,31
wind_323821,3,8,55.90517132258064,38.58943744697281,60.64876942014375,35.3748605728804,31
wind_323821,3,9,51.94272003225807,38.284566525884735,60.79685613523622,35.64234686046054,31
wind_323821,3,10,49.63537125806451,36.13473197894257,55.12163631947375,36.077525709967055,31
wind_323821,3,11,50.72632558064516,36.7358883440707,55.90821374561037,37.86317077637289,31
wind_323821,3,12,51.76804929032258,36.5897784070408,56.365486082772186,37.804998790779145,31
wind_323821,3,13,44.9392423548387,37.05538730218351,58.343774859704354,40.106242268646675,31
wind_323821,3,14,43.062160419354825,38.089628682384024,55.361152842157544,43.25311310946238,31
wind_323821,3,15,46.449232838709676,40.21433275606651,52.347539984311155,42.692817889861104,31
wind_323821,3,16,39.29678129032258,35.893784386832216,51.034831277913625,42.038302246324726,31
wind_323821,3,17,36.905531258064514,39.02547020538357,53.41396610982272,40.391518277669675,31
wind_323821,3,18,41.228925258064514,39.31135002288681,52.49193547947006,40.44891896537055,31
wind_323821,3,19,42.767597838709676,36.5754990598884,51.8315674466326,40.48203094902164,31
wind_323821,3,20,43.166474645161294,38.720784140771784,54.21728883137052,41.202955390228894,31
wind_323821,3,21,44.56539451612903,37.75840081870666,52.63173385162949,38.51764201609311,31
wind_323821,3,22,44.84057187096774,41.88247015791631,51.488424389127765,42.018180245950134,31
wind_323821,3,23,52.595056129032265,42.725497611389926,52.4073671820706,40.469522975511346,31
wind_323821,4,0,49.21305696666666,39.83656817468034,51.79178118403435,40.75643502582549,30
wind_323821,4,1,49.86082989999999,37.54320571063784,51.73662108195851,38.72914544007619,30
wind_323821,4,2,50.517795799999995,36.054697082524164,52.803325126286346,36.154116708004274,30
wind_323821,4,3,45.74847986666666,35.49971738234143,50.43501533215876,36.182475880882066,30
wind_323821,4,4,43.338205,37.246062875500854,47.55986814953517,35.14410154949901,30
wind_323821,4,5,43.35357606666666,35.79752535689537,43.9124317090766,34.70216824399881,30
wind_323821,4,6,43.50765940000001,33.58805335007012,42.59277802206346,32.87856564642359,30
wind_323821,4,7,40.733970966666654,34.085855559390566,42.242639619628555,34.201804815331585,30
wind_323821,4,8,40.4515956,30.170468976223315,39.355035581804074,32.45770560801996,30
wind_323821,4,9,41.7209984,30.214404284102205,39.90474693481438,34.766315043763214,30
wind_323821,4,10,36.09167386666666,30.945900955653105,43.638353861083814,35.458980915348256,30
wind_323821,4,11,36.438923666666675,33.103306298645926,45.49686261655149,37.38328320791904,30
wind_323821,4,12,29.51704296666667,33.76352469506699,43.20638184067686,38.40845863757145,30
wind_323821,4,13,31.9923105,39.9294402522638,44.04376833470878,40.64851409844615,30
wind_323821,4,14,34.402902399999995,36.21965660367835,46.42193772234643,41.495145972258584,30
wind_323821,4,15,40.48107413333333,40.663142627681616,49.29429097106034,41.322570054451575,30
wind_323821,4,16,41.001865133333325,38.08787169254698,55.192236058449524,42.17114046997468,30
wind_323821,4,17,44.35501836666666,40.07955510059912,61.88019166924644,42.783494233054746,30
wind_323821,4,18,49.5181529,40.918200646033675,62.14275481019899,45.249381768871125,30
wind_323821,4,19,49.39989563333334,43.856715408357665,63.0617274879951,44.7238691725881,30
wind_323821,4,20,49.1879476,41.66737397033731,61.938413176991126,44.56579099691148,30
wind_323821,4,21,47.19737133333333,40.89249898464238,60.9317177867565,46.142490720755596,30
wind_323821,4,22,48.270308433333334,41.1055072098418,60.37883468418247,45.089146054995005,30
wind_323821,4,23,50.47952616666667,43.96126900153839,56.833521552973366,42.08615688675738,30
wind_323821,5,0,19.482530096774195,26.117120226849664,26.262284104550826,26.264486039385492,31
wind_323821,5,1,20.80271661290323,27.945868134968112,24.702486285561264,24.26960751845369,31
wind_323821,5,2,23.609184580645163,26.44244229841155,27.64301061376313,25.02915263530486,31
wind_323821,5,3,27.296448580645155,27.546668141389965,31.72147819152074,29.2827024259836,31
wind_323821,5,4,29.191970580645158,27.658304349334717,27.76220915589037,25.359014603529626,31
wind_323821,5,5,30.86704722580645,29.32348261755809,29.9890657682828,30.160572572847677,31
wind_323821,5,6,28.826477419354845,31.324783957853114,31.536539777018813,34.03059694404927,31
wind_323821,5,7,31.702832032258065,32.052986842037505,30.89406271633932,30.19027099166097,31
wind_323821,5,8,30.171448935483873,29.015340486086124,29.79055385786686,27.438140775955304,31
wind_323821,5,9,27.506639,26.91280943056178,28.166315923162344,28.17306878271225,31
wind_323821,5,10,24.198106451612905,23.937011169578895,29.064064023163677,29.341972305227547,31
wind_323821,5,11,25.212592419354834,28.22796068719647,26.363678292479666,28.428583774807144,31
wind_323821,5,12,16.626569193548384,27.296270452189926,24.234118996499028,29.155726232954766,31
wind_323821,5,13,20.220687903225805,30.02145170548319,23.448062917621844,30.471081399416722,31
wind_323821,5,14,20.34921103225807,29.842702047831143,24.405517483712952,31.638081402958633,31
wind_323821,5,15,20.63707906451613,29.97935315537847,25.875012709944237,33.73410425865026,31
wind_323821,5,16,21.838932612903225,28.976132217650736,26.906691649435636,34.76417751656063,31
wind_323821,5,17,21.061495129032256,31.00527568055546,27.704676611778282,35.02453575593835,31
wind_323821,5,18,20.800781580645165,30.606152954663912,29.360955147139432,34.25970230558069,31
wind_323821,5,19,20.277956,28.084767022656255,31.215286509505585,33.85230079601468,31
wind_323821,5,20,20.922087935483873,27.656709943017333,29.025247230478822,30.92922176506719,31
wind_323821,5,21,19.350416322580646,23.718435388733187,28.337299408447617,29.805845937962566,31
wind_323821,5,22,21.961610870967736,27.427470690372513,25.19267513103918,24.988922594091182,31
wind_323821,5,23,23.305634290322583,30.460211138452323,30.962121806066566,29.40922113048417,31
wind_323821,6,0,23.08612386666666,26.24847228803066,26.631406745290356,27.94980980300846,30
wind_323821,6,1,22.194004600000003,22.141646243937817,30.421395106763693,25.250161267884565,30
wind_323821,6,2,24.7740496,26.456187768684707,29.110123063979533,23.427245418128408,30
wind_323821,6,3,28.575935933333334,30.54008013896661,28.46441984261021,24.061104556939114,30
wind_323821,6,4,27.960932233333335,27.039158757518145,28.09848488397935,25.07560350422989,30
wind_323821,6,5,26.46646883333333,24.925278337599586,32.10226088994554,30.423885668381796,30
wind_323821,6,6,25.6099947,27.955904574909226,33.92108722479353,29.98047362634346,30
wind_323821,6,7,24.5910674,24.272709212836755,30.65398574366846,28.98903023099299,30
wind_323821,6,8,24.222903033333335,22.220462253736898,29.039064576636342,26.762956158755348,30
wind_323821,6,9,25.221936966666664,25.78782698424327,26.90285854142351,26.614587909693757,30
wind_323821,6,10,18.279998733333333,18.94019615348893,27.436571874228665,27.15251582048536,30
wind_323821,6,11,15.269251800000001,13.77064011861741,20.474850276417783,21.66186415499508,30
wind_323821,6,12,12.072312466666668,22.238967133185117,16.664668691680472,20.98910123313003,30
wind_323821,6,13,11.247505266666668,23.33778023366318,16.8308975390079,23.883011074428957,30
wind_323821,6,14,14.202043933333334,25.191110168000982,20.670155165111577,32.04599131975263,30
wind_323821,6,15,18.8664644,31.399325139613083,22.117306756002602,36.042795687218984,30
wind_323821,6,16,21.3029894,33.94249078528862,24.782446877957543,37.11114093296065,30
wind_323821,6,17,21.708915400000002,32.7266540244499,29.846198467418958,38.96671890136948,30
wind_323821,6,18,24.767469700000003,34.767649366321315,26.87697318440103,34.8883267929835,30
wind_323821,6,19,27.316420966666662,37.91075591266462,33.56085553029352,37.75206074014394,30
wind_323821,6,20,30.1844016,38.79844185695807,33.56902055605856,38.87387202861476,30
wind_323821,6,21,29.332873066666664,35.69367427935833,35.49469040807406,40.164218915399545,30
wind_323821,6,22,26.83758356666667,36.140152870120325,32.72015575431674,35.78014319095703,30
wind_323821,6,23,22.819999166666662,31.010556423131312,30.46427281341426,34.543244629704326,30
wind_323821,7,0,18.251558032258067,28.486149848034994,24.799977569396148,35.56395114056694,31
wind_323821,7,1,18.56111377419355,25.208389386941604,21.062868592871244,28.020330400706545,31
wind_323821,7,2,16.475009419354834,20.97467672071278,20.67035896926848,25.756950416332987,31
wind_323821,7,3,18.993760483870968,24.57248582710416,19.078708451464955,22.522479310825496,31
wind_323821,7,4,18.60869290322581,21.78549349952789,18.612654874925145,22.01305838078681,31
wind_323821,7,5,15.24983535483871,22.482645228283243,18.772839454330537,20.71509568584883,31
wind_323821,7,6,16.598369677419353,24.824347305235964,18.885603765174768,19.71879685062617,31
wind_323821,7,7,15.357238451612902,23.578925403826425,19.937545745055612,20.75589625029411,31
wind_323821,7,8,14.443538161290327,18.709737144113088,17.586288167062566,21.096867728210487,31
wind_323821,7,9,14.899688645161289,16.55534409556421,17.953427675113613,20.906237665682536,31
wind_323821,7,10,12.6652364516129,14.521847890693016,16.98096291968221,17.517476207490333,31
wind_323821,7,11,10.558837838709678,13.57628841692339,13.770379464717772,13.839793699684744,31
wind_323821,7,12,6.440908193548387,11.029948796212722,10.803848443255887,13.240022370690761,31
wind_323821,7,13,6.492844032258065,12.065870863519432,9.663851940595528,13.131863543605483,31
wind_323821,7,14,8.593872838709679,16.97691292405367,9.868725995354618,14.706237535968112,31
wind_323821,7,15,10.090219709677418,18.058109836927468,12.333815248746877,20.21563312661393,31
wind_323821,7,16,10.623954193548386,17.23623993766143,12.954721648090707,22.33473271265966,31
wind_323821,7,17,13.716916258064517,23.34663400432461,13.10267076261789,22.032809556671705,31
wind_323821,7,18,16.24162735483871,24.73959288350266,15.938540882838941,22.32736687639428,31
wind_323821,7,19,16.184243580645163,28.666299421053388,19.957595523625436,33.31045933840563,31
wind_323821,7,20,17.768594193548388,29.976578716710918,17.88862467762105,25.86045665211285,31
wind_323821,7,21,17.975194387096774,29.695939094597346,22.640410792012904,30.38391607242333,31
wind_323821,7,22,14.69143348387097,27.731871650336405,22.435825299414123,28.797245438853988,31
wind_323821,7,23,14.378078322580643,26.70595656438885,26.74491279386365,30.49580058535108,31
wind_323821,8,0,16.978710451612905,23.600463184286873,23.6994076712393,25.559949472940616,31
wind_323821,8,1,21.061231,26.749874690206127,29.386020702898033,31.400763532021678,31
wind_323821,8,2,21.471874322580646,25.781661752046876,30.31469025449895,28.681791976282117,31
wind_323821,8,3,23.237277290322577,25.58268642016991,27.9764604279415,28.995997811376537,31
wind_323821,8,4,25.100526064516128,27.633683941356406,25.326686037136803,24.960344240828714,31
wind_323821,8,5,23.095732548387094,25.513700420539607,24.242414117426062,24.97326576077508,31
wind_323821,8,6,22.057537193548384,23.586110530375546,21.09105726063714,22.5275121189289,31
wind_323821,8,7,19.43583112903226,22.44322190571333,19.66730100110745,22.052955195103547,31
wind_323821,8,8,19.743724096774187,21.17959884745338,19.656747324843952,21.632003280343753,31
wind_323821,8,9,19.366952483870968,20.976596135846705,21.740925813781132,25.146020918772056,31
wind_323821,8,10,17.431848032258063,19.27354260097999,20.121929881047674,24.52336171358938,31
wind_323821,8,11,16.206727870967743,21.052834136461335,20.336732072370236,26.92821737849238,31
wind_323821,8,12,12.80817451612903,18.000762947432747,18.82451203509736,27.587282426374433,31
wind_323821,8,13,12.950995161290324,19.501629351986438,20.50767716068576,29.205408976839404,31
wind_323821,8,14,13.961601322580643,21.618743428150076,22.559708806620876,31.26826800603717,31
wind_323821,8,15,15.108064032258067,24.69975806173939,25.3947429186687,33.9329468108832,31
wind_323821,8,16,16.531002354838712,25.255246464802887,26.70285677034068,33.26235544558291,31
wind_323821,8,17,17.942604387096775,24.65997454553832,27.02523320109309,35.004328579647556,31
wind_323821,8,18,19.02683658064516,24.45269571089817,24.598207277875233,32.58477436653002,31
wind_323821,8,19,22.696969967741932,28.536588860265528,24.19677661855111,31.600454805223194,31
wind_323821,8,20,23.277046258064523,31.3242368154604,27.269336917348852,31.705250776097966,31
wind_323821,8,21,21.818899064516128,27.585327692202075,29.52522327772533,35.42213760313022,31
wind_323821,8,22,18.79837125806452,24.146192824507445,26.7581803942027,30.554325085066374,31
wind_323821,8,23,16.60481341935484,21.93831741741908,23.274789156658482,27.66727418851304,31
wind_323821,9,0,23.034060533333328,26.94924533325494,26.615695610695745,28.95111956901753,30
wind_323821,9,1,24.81438766666667,27.592696898105373,33.95351865276292,33.453043882077964,30
wind_323821,9,2,28.5198355,28.14406593949406,32.26462444746166,30.036570553613277,30
wind_323821,9,3,27.478782300000002,25.691456214265017,34.745032283006154,32.35399172995575,30
wind_323821,9,4,27.871033299999997,29.542213681326217,36.65647772430595,34.97085749805457,30
wind_323821,9,5,29.19083029999999,31.11129298535444,30.018858882674895,29.907754038499945,30
wind_323821,9,6,28.483098133333336,31.662769502842792,26.859171772861238,25.998877847002397,30
wind_323821,9,7,26.737771133333332,28.498597689310664,24.974740473917496,25.539673025459148,30
wind_323821,9,8,25.815210633333333,26.961612972651352,27.129060271578506,27.84915588980291,30
wind_323821,9,9,24.915403900000005,25.625650931972036,25.57665350149939,27.656285310732716,30
wind_323821,9,10,21.0825896,23.37366766473873,24.813770631028945,26.389036981303065,30
wind_323821,9,11,17.384296533333334,22.559855938950058,24.906135426376647,27.3882349893137,30
wind_323821,9,12,13.8905012,16.546176972720755,21.92947565026607,25.76618703989701,30
wind_323821,9,13,11.080757400000001,19.206367269501477,19.20677174775201,25.934452841528863,30
wind_323821,9,14,11.713793766666669,20.22610319129912,17.026584966757877,23.491600689180885,30
wind_323821,9,15,14.722113500000003,24.617802521655413,19.513263777251066,29.754101469370166,30
wind_323821,9,16,15.668073733333333,24.985078099805644,18.42070257197088,27.494960169487513,30
wind_323821,9,17,15.860714666666668,25.929511355348122,20.266733410382447,30.745485923509264,30
wind_323821,9,18,15.412119766666667,25.1835162861342,18.577973891682657,29.483338260675108,30
wind_323821,9,19,12.717957799999999,22.26828190230099,18.219569336777134,27.812948749680718,30
wind_323821,9,20,14.734941966666666,27.9308401944746,18.582380599451554,28.360519980605567,30
wind_323821,9,21,15.686176366666665,27.821779529655245,18.402645504837775,27.97449618948524,30
wind_323821,9,22,12.382364533333337,20.2477016508247,18.626201366683524,26.545640659825253,30
wind_323821,9,23,18.012346833333332,22.52341960192013,22.448269012616496,24.523961974276236,30
wind_323821,10,0,33.89403351612902,31.99764039632709,46.74318249748176,35.71125348496705,31
wind_323821,10,1,34.053298709677414,32.08966815324511,43.03124722715653,30.911548221586745,31
wind_323821,10,2,35.487060354838704,30.198727444091215,41.664744380039735,30.049660753170052,31
wind_323821,10,3,31.091940161290328,30.12625212664183,34.92266717970898,27.93441663353915,31
wind_323821,10,4,29.857836806451612,27.96349563484965,32.29180038536345,27.746500923308535,31
wind_323821,10,5,28.851725451612904,26.584897643282044,31.394193683458223,26.120654740370934,31
wind_323821,10,6,29.29643867741935,27.82728740068957,31.886395351436693,25.101531417670536,31
wind_323821,10,7,26.095490225806454,27.50861486609379,32.57040245303652,27.358614177667768,31
wind_323821,10,8,28.092002129032256,27.241556555973823,33.75420210793163,31.222959887256522,31
wind_323821,10,9,28.929636161290325,30.77881877474685,34.85825143884671,32.05601827726341,31
wind_323821,10,10,27.088239677419352,27.493443064751055,35.867111013232766,33.3503432009616,31
wind_323821,10,11,29.647309483870966,33.75827173623218,33.63068267595963,32.935942557739516,31
wind_323821,10,12,31.11984467741936,30.7552452808426,31.387736502658324,31.452848420662377,31
wind_323821,10,13,23.02876164516129,29.38321169942933,33.14499056434179,33.04878261125096,31
wind_323821,10,14,24.536506709677422,30.461162059471576,33.306359594085556,34.03794998114581,31
wind_323821,10,15,26.72401487096774,32.367532550936595,32.912526324990814,34.37200512223616,31
wind_323821,10,16,30.171366709677418,35.14514631225324,35.23091609559738,36.77208930895861,31
wind_323821,10,17,30.246348709677417,32.86912900014764,37.027974561098304,37.605959276161954,31
wind_323821,10,18,31.36663593548387,34.23733581001054,39.261681449643,36.603110763851795,31
wind_323821,10,19,30.97535132258065,32.74038289586798,40.72940634450001,36.04533167226903,31
wind_323821,10,20,30.94459303225806,33.036851629174286,44.4249585523054,37.85839046595115,31
wind_323821,10,21,30.20461406451613,30.533788889622286,40.09554076773136,35.70468087513936,31
wind_323821,10,22,29.39604335483871,29.486149531925932,39.54531581176307,33.965602996782884,31
wind_323821,10,23,31.472376387096773,31.176999610403122,40.49945123328929,32.93829983052705,31
wind_323821,11,0,60.40165123333333,41.52517715918767,63.03216658285433,39.66103259889918,30
wind_323821,11,1,61.28194096666667,38.97758296514909,62.8247592342573,39.23844833404768,30
wind_323821,11,2,61.891208066666664,39.013247934315395,66.75700967103367,39.744229218688616,30
wind_323821,11,3,63.624720733333334,39.153778909211255,66.59151780861373,37.53029109515709,30
wind_323821,11,4,61.9249947,38.01363216811868,63.57502347769496,38.37544258313633,30
wind_323821,11,5,57.95504156666666,34.545258874036094,63.02273661792814,35.93065583495146,30
wind_323821,11,6,58.316604433333346,35.9336960364157,62.76122390213915,34.861608564474814,30
wind_323821,11,7,60.3261443,35.934452318927804,65.5546031013519,35.39303249023789,30
wind_323821,11,8,60.06678483333332,35.06765751423817,63.22650025509211,32.62310525892818,30
wind_323821,11,9,61.528070366666675,34.574619041543656,60.55283117752999,33.07140628760109,30
wind_323821,11,10,54.91046143333333,33.83047022131411,56.354823943385576,36.11473097846531,30
wind_323821,11,11,51.311420633333334,33.29988581794806,53.75910843083025,35.254679434156934,30
wind_323821,11,12,52.86957056666665,37.732806749582764,57.41251794379378,37.35709350806263,30
wind_323821,11,13,47.8005475,35.6221947565236,57.08708128702195,38.98142967136508,30
wind_323821,11,14,44.65182563333333,36.40268624002272,55.96049915789794,40.19376541389847,30
wind_323821,11,15,44.44968916666666,40.20154748373126,58.64302757959209,42.37830029517638,30
wind_323821,11,16,45.89114429999999,42.50183875885892,57.67585346622518,40.92756083384026,30
wind_323821,11,17,47.54814203333333,42.02998943056988,58.34213902071793,42.18888964641279,30
wind_323821,11,18,46.72848096666667,40.28108584651893,57.8504873726316,43.72923140642385,30
wind_323821,11,19,44.884927499999996,39.61013805794961,58.617033472789004,42.63443288474371,30
wind_323821,11,20,47.87649653333333,38.630797555412336,57.58262363123398,42.66769444580099,30
wind_323821,11,21,52.604707999999995,39.85316154812835,56.980560828514356,42.038167746372174,30
wind_323821,11,22,53.40965686666665,39.89566964454431,60.6438208222015,41.02403903547114,30
wind_323821,11,23,53.51531546666668,40.06181589388645,64.64895404384059,39.239498202050186,30
wind_323821,12,0,52.1940359032258,45.177634956613666,51.831726195796854,41.384849695119044,31
wind_323821,12,1,50.364602258064515,42.402571501508014,53.48414435790162,42.72661287402673,31
wind_323821,12,2,49.32608393548388,42.30461724091518,51.77661522013983,41.53929020842871,31
wind_323821,12,3,53.627419967741936,43.25004484632463,50.58093558393487,39.76365652159115,31
wind_323821,12,4,50.28959274193548,41.331271548234284,53.309888956806944,38.17692377244321,31
wind_323821,12,5,45.06406238709677,36.596726331539,51.34123289153003,36.36900269215575,31
wind_323821,12,6,42.01064658064516,36.81972169826814,50.62742654171968,36.06277069551424,31
wind_323821,12,7,44.34223967741936,38.04274282355823,51.43500514288411,38.0019775071208,31
wind_323821,12,8,40.807633,37.13301251177986,52.06188401448564,38.99331707396046,31
wind_323821,12,9,40.42860093548387,35.19654214118371,48.84086940463958,38.78173850916328,31
wind_323821,12,10,40.895950451612904,37.08984346090944,48.3064422418962,40.63475208084986,31
wind_323821,12,11,43.364006709677426,37.892833520160984,48.41019855021159,39.133113769210546,31
wind_323821,12,12,48.13840841935483,37.203781083107984,50.69203436072547,38.083908741507585,31
wind_323821,12,13,47.5043196451613,35.810889078596965,51.24032976358877,37.76595221038885,31
wind_323821,12,14,42.44431293548387,36.37693528729695,52.691982374949106,39.14224694381957,31
wind_323821,12,15,42.62007787096774,39.47800778703832,53.12405868345976,40.639785950303775,31
wind_323821,12,16,43.526250419354845,40.393891564670724,52.13160466785592,41.80662914492763,31
wind_323821,12,17,45.97109254838709,38.45367492398797,51.41944468462898,43.8731156219614,31
wind_323821,12,18,47.225611161290324,39.85687461196843,48.54659392195035,40.741071746763936,31
wind_323821,12,19,49.636223516129036,41.53286792513474,51.605777125928505,41.95442649009035,31
wind_323821,12,20,52.69757616129032,42.359853381472945,56.228613320755095,42.92694641096529,31
wind_323821,12,21,55.76414387096774,43.858625068293485,57.739878621084856,43.39741482299391,31
wind_323821,12,22,52.64544296774194,42.21888028819368,60.08202051698483,45.05770545831919,31
wind_323821,12,23,52.53894109677419,42.445245516792106,60.648344139358926,44.02936877466123,31
wind_323822,1,0,60.310269838709665,48.06044461233647,62.206395167096844,47.47725000716042,31
wind_323822,1,1,61.78927932258065,48.62079144488531,64.75298086418127,48.83894818878289,31
wind_323822,1,2,60.277876032258064,47.81317875616574,60.36202074917484,49.397102456751455,31
wind_323822,1,3,61.41764735483871,48.80975794843918,62.2147298440681,50.15298701215774,31
wind_323822,1,4,62.78602551612903,47.7092459553969,61.956762879433484,49.44279464818855,31
wind_323822,1,5,58.979350709677426,46.15473728021855,59.13182458087747,47.587269257287915,31
wind_323822,1,6,54.83425641935484,43.963441258201165,57.340831331747275,46.67504399554312,31
wind_323822,1,7,50.08799925806451,40.75727942618675,55.14390154065521,46.535547623038575,31
wind_323822,1,8,51.62749606451613,44.148802851222236,51.357500475080265,46.164070993236244,31
wind_323822,1,9,48.38975780645161,45.80944754114502,51.89231276513047,46.94154958576143,31
wind_323822,1,10,50.292899677419356,46.13052535259076,54.27491116293358,48.81514991465027,31
wind_323822,1,11,52.20194229032259,48.84205662368811,56.886837754944175,48.98513837410014,31
wind_323822,1,12,54.45022212903227,49.57807760416106,58.53748517673323,51.4081890534765,31
wind_323822,1,13,54.58221316129031,49.511985118196144,57.40755128425231,49.85146142652791,31
wind_323822,1,14,54.4073919032258,49.452087237700724,60.14374056266325,52.12203680990823,31
wind_323822,1,15,57.62247812903227,51.34385294447851,62.982526772455294,50.958983605606825,31
wind_323822,1,16,60.44150632258064,48.81807373983338,62.59443062949958,50.733646582316815,31
wind_323822,1,17,62.91916880645161,49.23507641851325,65.39159295400161,49.575050286661174,31
wind_323822,1,18,64.43026206451613,49.474422523202804,69.52493629043445,48.75157085774784,31
wind_323822,1,19,65.70203541935484,47.79781667394063,71.88147754493527,48.108933286043076,31
wind_323822,1,20,64.45819283870968,47.99474030218788,68.95664048332891,47.42455798359988,31
wind_323822,1,21,63.64291812903225,47.42930296840255,64.75930149724229,46.29845603399193,31
wind_323822,1,22,56.19030329032258,47.207129289908174,64.06076301432405,46.56775206622427,31
wind_323822,1,23,54.78902719354839,45.43573899786355,63.38629618344769,47.02317139920045,31
wind_323822,2,0,56.441329172413795,50.90234711653766,59.854298418427085,48.57947052014342,29
wind_323822,2,1,54.63310572413793,49.54441287965611,56.47457165018845,48.245556043400626,29
wind_323822,2,2,54.58552379310345,52.564351007578196,56.45300072053002,50.41671279767455,29
wind_323822,2,3,53.06397327586207,50.310004306192496,56.54616919092048,48.65834464913478,29
wind_323822,2,4,55.10045403448276,50.26350170800922,57.18715128351898,50.705464025829635,29
wind_323822,2,5,57.69383034482758,52.21099162691734,58.87819895887455,50.35580456576145,29
wind_323822,2,6,56.46699124137931,52.05160694205453,59.78501872689699,49.15536671212044,29
wind_323822,2,7,53.50853013793103,51.91312300780541,60.30835189732667,49.8682658003503,29
wind_323822,2,8,54.418242551724134,52.245056113316274,55.52666911988627,47.26590201073771,29
wind_323822,2,9,55.075455724137925,50.3689021910105,53.71680323642804,47.068392071216,29
wind_323822,2,10,54.05753582758621,48.84933816088465,54.29017729436087,46.827264207344356,29
wind_323822,2,11,54.237423827586206,45.882928557402145,54.45723535848857,45.70545332920193,29
wind_323822,2,12,51.51875444827587,45.18751280710745,51.383013842879166,45.85523595650953,29
wind_323822,2,13,47.54325137931034,45.70246900891063,53.14356018026541,46.463758162794626,29
wind_323822,2,14,46.94333386206897,42.53306239879461,52.849540382295984,47.906587142112166,29
wind_323822,2,15,46.43163510344828,43.02709689956851,55.691996063956296,49.53164810712326,29
wind_323822,2,16,46.352798655172414,40.948289972621644,59.78439153673305,52.70257733678314,29
wind_323822,2,17,56.45059496551723,48.307263398549914,61.308477735730406,53.88827297215072,29
wind_323822,2,18,55.21241765517241,50.25073570357443,63.93446397105235,56.05031181085512,29
wind_323822,2,19,55.75861765517241,49.18804313750534,61.43404720124601,54.98059188003575,29
wind_323822,2,20,54.407107413793106,50.233656470079076,61.37332476653135,54.19942750094701,29
wind_323822,2,21,56.430019172413786,51.421909568705516,59.08590934776916,51.75417784666616,29
wind_323822,2,22,57.053163,51.90474851274925,54.47145631523583,47.22853725751411,29
wind_323822,2,23,61.300093931034496,51.22532938998682,56.52567371840039,47.03431957167644,29
wind_323822,3,0,71.30418448387097,47.34401262463605,79.20162022167125,47.41876573386989,31
wind_323822,3,1,74.30631770967743,49.86650317781571,77.07735409577218,49.965411596218175,31
wind_323822,3,2,73.87273238709676,50.41774184874761,75.75012303419254,49.067608474622666,31
wind_323822,3,3,71.78809519354839,50.08562829797517,74.37479012133427,49.480089488258116,31
wind_323822,3,4,69.69260661290322,51.23913905657162,74.22187077192729,48.09657802086914,31
wind_323822,3,5,70.21881735483873,52.349579899706775,74.10349865634595,49.56247697860869,31
wind_323822,3,6,69.79309429032259,50.054457589118634,75.07636421495728,46.70207403662636,31
wind_323822,3,7,69.9431179032258,48.49484669633214,79.0911607323683,48.69448720021455,31
wind_323822,3,8,71.75323777419355,49.80860071041211,75.58701675637585,48.89590579871878,31
wind_323822,3,9,73.5283508064516,47.520011927363655,74.64298165161978,49.494638687036044,31
wind_323822,3,10,72.81503141935482,45.86352982056546,76.91631209816158,48.51766360831869,31
wind_323822,3,11,69.497978,44.19876697670907,73.79091675356005,45.009280805222,31
wind_323822,3,12,69.67150029032257,44.64157462512203,75.04456758874807,45.1151630119946,31
wind_323822,3,13,65.51226751612904,46.05720536798046,74.75593592290106,44.30288770560657,31
wind_323822,3,14,59.645346838709685,47.55911558164046,70.83646879915865,46.13657172383019,31
wind_323822,3,15,62.39125812903225,47.59690606611687,68.04916854169677,46.77767912892933,31
wind_323822,3,16,61.28632351612903,49.25251070995352,68.74573228427407,47.50745582317864,31
wind_323822,3,17,59.490801193548386,50.61675629001043,74.43933450546209,48.88276962690973,31
wind_323822,3,18,65.09131258064515,52.13418689476312,74.45769076091312,48.402951235847674,31
wind_323822,3,19,64.61810303225806,50.99094129348118,75.97091683245499,49.54480847843264,31
wind_323822,3,20,69.12766451612903,48.96287072193091,76.8528837754666,48.26336508261394,31
wind_323822,3,21,70.4851128064516,47.683377778406076,76.03015066089687,49.31887168436245,31
wind_323822,3,22,70.79959083870968,49.2473514016036,76.4318783846492,49.720007293746534,31
wind_323822,3,23,69.21669312903227,48.26603180719053,73.70925222119841,50.90293262954166,31
wind_323822,4,0,64.57087449999999,49.12943604019225,55.61810752607367,42.293391011111765,30
wind_323822,4,1,55.24651093333333,48.41649543806826,50.72108809028261,46.84567263862467,30
wind_323822,4,2,53.69099666666668,52.83089447752832,48.862233693047635,48.76854768027568,30
wind_323822,4,3,47.146866100000004,50.012932594683285,48.37902316689781,48.00448521637798,30
wind_323822,4,4,48.797669966666675,48.800789008300185,47.7446639650738,45.51608991734857,30
wind_323822,4,5,53.21147286666667,48.48581884565548,47.39329772449833,44.99222470113196,30
wind_323822,4,6,51.7275264,46.531902062990085,46.09801171750982,43.39375626320931,30
wind_323822,4,7,48.10711853333333,41.20920776024444,44.93126741077844,41.467831258149474,30
wind_323822,4,8,48.56793480000001,42.466291689048575,47.53853753395718,41.5328750492113,30
wind_323822,4,9,47.46909183333333,41.29432851428085,52.00469250953507,43.710582399924974,30
wind_323822,4,10,45.38894413333333,41.884179366968155,49.70344534375335,44.26045348324311,30
wind_323822,4,11,46.882050100000015,42.61512810346028,48.642886960475614,45.26770832818758,30
wind_323822,4,12,44.409827866666674,46.04550175365366,51.50956894354835,47.56763853030737,30
wind_323822,4,13,43.44010593333334,47.26366197063045,53.646446587909026,49.278101882840595,30
wind_323822,4,14,44.750884000000006,46.16320251152026,59.64327592313105,51.45362534011291,30
wind_323822,4,15,55.71081919999999,53.46338724131877,67.58399108650478,53.53893424972857,30
wind_323822,4,16,56.43844659999999,50.887573430301806,70.20141694222943,53.257181398964235,30
wind_323822,4,17,65.67667343333333,52.01944000319516,72.71221163960621,52.93255259488703,30
wind_323822,4,18,69.09677433333333,52.22758445110606,76.00249321491755,54.49046246109816,30
wind_323822,4,19,66.8768225,49.603928336383575,73.07470368341482,54.64360796179332,30
wind_323822,4,20,67.4427737,51.608936867451625,73.21279899913773,52.56701794760034,30
wind_323822,4,21,67.47111899999999,54.1070407000879,68.94475671994782,53.320211434874274,30
wind_323822,4,22,61.655775500000004,48.6261945014809,69.85015752820162,52.47370208461399,30
wind_323822,4,23,62.0742967,49.28340832454012,67.22315895304526,49.12877219779417,30
wind_323822,5,0,25.27886603225807,33.37396397456199,33.54864456854455,34.64852904556123,31
wind_323822,5,1,28.85737406451613,35.91822388380705,39.042551974203015,38.10949567150389,31
wind_323822,5,2,29.14277958064517,36.87246534520465,38.82199395047897,39.19652016718644,31
wind_323822,5,3,25.78173251612903,33.861388586676995,36.74081155690392,38.13360802128821,31
wind_323822,5,4,28.68860880645162,35.187965420801774,36.1086732217146,38.60031036469844,31
wind_323822,5,5,30.989475096774193,33.409007249801796,38.35905960191016,40.63608552000184,31
wind_323822,5,6,38.558155774193544,39.816384949193484,38.247762965312404,41.19793772485892,31
wind_323822,5,7,36.86725058064516,40.70688530509195,36.70794532409193,41.414333565425395,31
wind_323822,5,8,35.837763709677425,39.564886942212134,34.609951420721885,43.05116219362845,31
wind_323822,5,9,37.69245383870969,40.557197589115844,38.734156653108855,43.080335310976174,31
wind_323822,5,10,35.15723151612904,37.182982773271924,38.52652558496836,41.28024003187269,31
wind_323822,5,11,30.33059706451613,34.98131526396984,35.9205893382024,41.92890487389066,31
wind_323822,5,12,25.72883622580645,38.00227765366835,32.736985442066114,41.31336280277545,31
wind_323822,5,13,25.728840677419356,40.26548305204933,32.256977059681674,40.09477308594019,31
wind_323822,5,14,26.221149322580647,38.306078269938006,32.99514270103026,39.82840803026572,31
wind_323822,5,15,25.608648161290322,36.24846095041445,31.687279718677786,39.68680320748832,31
wind_323822,5,16,29.192835806451612,40.03019154186924,33.59176144696085,40.780090651638936,31
wind_323822,5,17,29.949708774193553,41.31106734680553,37.47240621247726,43.26715745626135,31
wind_323822,5,18,33.25670019354839,42.83615600297548,37.26138880688102,41.38502210059817,31
wind_323822,5,19,32.03137296774193,40.14336104710548,41.867913401594855,44.530765298675995,31
wind_323822,5,20,31.41400664516129,41.545625098152954,42.648288757364234,44.792783880971,31
wind_323822,5,21,30.96192296774193,34.12669423629595,40.94933930199335,44.31503818801746,31
wind_323822,5,22,27.926415387096775,34.223429203183095,37.488506503892474,39.35852740978787,31
wind_323822,5,23,28.116048354838714,34.54933270727202,36.84643880687653,36.78200283383424,31
wind_323822,6,0,38.59083536666667,38.76306295751551,35.33276342352206,34.43074628183132,30
wind_323822,6,1,35.378470699999994,35.56280035695834,35.08914017612206,30.243220193272823,30
wind_323822,6,2,31.737160700000004,32.87189591125189,32.706354356253456,30.742659842071994,30
wind_323822,6,3,33.79759453333333,39.56684105371873,36.86679494398187,36.36688617193536,30
wind_323822,6,4,35.21364456666666,43.25583368982883,36.135692301720006,34.45116558144277,30
wind_323822,6,5,40.9573093,43.29399991211137,40.56193806610818,38.67098670357722,30
wind_323822,6,6,46.0758922,45.17789622019422,42.076159234869166,37.0440488006515,30
wind_323822,6,7,47.99133243333334,45.26062858410452,39.49299392890825,33.68764878852872,30
wind_323822,6,8,48.23845479999999,44.350329368613956,46.29411853575566,38.17111152915527,30
wind_323822,6,9,45.2987906,41.958466544242256,46.89551541344907,43.13197340712507,30
wind_323822,6,10,37.366530600000004,33.43107313863758,41.09826398454739,36.95442326906533,30
wind_323822,6,11,35.89817703333333,35.595726215887964,39.66201851726484,35.76315583116185,30
wind_323822,6,12,27.769575099999997,38.66109722843775,36.73951748297432,42.15049950817924,30
wind_323822,6,13,27.66693233333334,39.7377507775804,33.42617279973603,40.27005993204222,30
wind_323822,6,14,30.159130166666667,43.49788557663193,34.884785348905,41.902371205516786,30
wind_323822,6,15,33.6547955,43.970833046894214,37.13523442167227,44.7660572754556,30
wind_323822,6,16,38.39610270000001,44.11600370067777,39.48456754962658,45.42034096125704,30
wind_323822,6,17,35.856884400000006,45.27043900520149,41.93409675307271,50.84014075232297,30
wind_323822,6,18,34.59952836666666,41.136163799324066,47.31879636697333,53.154270342288086,30
wind_323822,6,19,44.54469373333334,48.93889743893282,53.85399515533839,55.13177369059552,30
wind_323822,6,20,46.895736333333325,45.77221305469175,45.52768309899627,50.48984021173999,30
wind_323822,6,21,40.54863646666667,45.55212150143111,47.0757344094463,48.39416795509701,30
wind_323822,6,22,43.415558866666665,46.2774340335206,39.791419356766305,39.67601245989122,30
wind_323822,6,23,41.17173626666667,42.850806058314,48.47602918284521,44.71558573447506,30
wind_323822,7,0,17.274161032258068,24.53644244386283,30.153080154518463,37.13136382801539,31
wind_323822,7,1,19.030267032258063,26.144254868562587,25.140770225044314,34.47755624647493,31
wind_323822,7,2,21.505717225806453,29.846428628140348,22.57874540966578,32.19624395347085,31
wind_323822,7,3,21.235147677419352,33.42101341739792,19.412805498380468,29.501592660069782,31
wind_323822,7,4,19.042176870967744,28.224932627127725,16.157447538374498,23.11434184581551,31
wind_323822,7,5,17.766904999999998,24.266839239742282,20.348703773021878,28.745275070194182,31
wind_323822,7,6,19.961970838709675,24.750083057520655,18.008862849336143,24.31417241699105,31
wind_323822,7,7,19.715592774193546,23.93419347501955,17.28596013754322,24.889906779181494,31
wind_323822,7,8,21.93615458064516,24.280016326847598,18.11620792390791,23.2699413602052,31
wind_323822,7,9,20.712296677419353,23.7619872690841,19.502010335693107,22.07345311900091,31
wind_323822,7,10,18.290491967741932,21.646055248786805,20.698900693353064,22.214980255187644,31
wind_323822,7,11,16.890676838709677,18.900607360646163,22.987512420518264,23.554985020906905,31
wind_323822,7,12,11.729232806451611,20.554911928838315,19.48517170666496,24.836648473922345,31
wind_323822,7,13,10.235524064516133,20.27498180975424,18.57929330602085,27.74393316480486,31
wind_323822,7,14,11.779090612903227,20.945697610966874,16.46586830913092,28.892562712749754,31
wind_323822,7,15,13.01512416129032,24.475970987176204,17.92879062880207,27.185453507337336,31
wind_323822,7,16,18.426220612903222,31.293898973092034,19.114457889022876,28.311565639367608,31
wind_323822,7,17,18.404437483870968,31.124069131969513,21.53851109587233,34.4208761828817,31
wind_323822,7,18,21.73522506451613,35.08585953069829,24.393604125489396,36.300413070316964,31
wind_323822,7,19,20.08483135483871,31.39992156782701,27.94430909474433,38.565653292934066,31
wind_323822,7,20,23.323273967741937,33.389188659709006,30.063127171796392,42.000617761419846,31
wind_323822,7,21,23.355218451612902,31.527538788893466,23.2627436563051,34.260245104685374,31
wind_323822,7,22,21.74494374193548,28.872416090594403,25.970905122764627,28.607922462623414,31
wind_323822,7,23,12.77062616129032,14.29721988590518,24.7046618871832,27.69230646064221,31
wind_323822,8,0,29.143582387096778,30.56061563609811,30.712412983685866,35.72779220343506,31
wind_323822,8,1,25.852825612903224,28.630994196960515,32.61841128962119,36.74263693909366,31
wind_323822,8,2,30.706674774193544,37.258154059203854,29.425844586810772,36.55846200724797,31
wind_323822,8,3,31.386960387096774,38.47940812229478,30.444344126184653,36.83419242242482,31
wind_323822,8,4,27.426526677419357,33.460719382579235,27.374267234288368,32.271556969330646,31
wind_323822,8,5,27.498985645161287,30.216283053628906,30.568638713259535,36.04229634414806,31
wind_323822,8,6,26.11981277419355,30.045785199023012,27.547914528296452,33.53716999191315,31
wind_323822,8,7,24.899184096774196,28.60235710847581,29.07313218537278,33.97359673383853,31
wind_323822,8,8,26.84254038709677,28.685905431435504,23.359308612362,30.98428167566556,31
wind_323822,8,9,32.77475425806452,33.67166596059541,27.53677594123803,32.25574037667347,31
wind_323822,8,10,28.773629161290323,31.896822873492287,30.657310222946627,30.49522883212951,31
wind_323822,8,11,30.321008354838707,33.667112094083855,29.217504184226534,29.613182554035397,31
wind_323822,8,12,23.417514741935488,28.01525658878216,25.506801691611408,25.16448488677627,31
wind_323822,8,13,21.658562870967746,28.017839187661814,23.997647222111713,26.204630673242246,31
wind_323822,8,14,21.700154774193546,27.358561999980278,24.76795177204931,30.1186984845452,31
wind_323822,8,15,24.823860516129034,32.44452472774957,26.584627675093635,30.535082378505237,31
wind_323822,8,16,25.83796112903226,30.49667895566942,22.728377869357477,27.651716070301894,31
wind_323822,8,17,30.161805967741934,32.98970445149888,26.360385433111972,33.94605482675591,31
wind_323822,8,18,34.69397977419356,37.25730077696701,27.134832272769337,34.79765157264848,31
wind_323822,8,19,33.200327064516124,35.6342528070567,30.339579640644633,36.16806757113725,31
wind_323822,8,20,30.34707861290322,33.85293579631535,32.223094172595495,34.29349819764771,31
wind_323822,8,21,26.521447225806448,28.169708334890316,33.0753639659245,34.48802796361187,31
wind_323822,8,22,28.468007322580647,33.640128814721365,30.303680714040254,33.60311768185582,31
wind_323822,8,23,29.8436160967742,28.95457536576104,30.91128276333953,32.23723543291544,31
wind_323822,9,0,26.19980633333334,32.79020819444848,38.417813287850414,40.39279997811759,30
wind_323822,9,1,27.721649733333336,34.77125038517773,33.70240809211658,38.46057115885285,30
wind_323822,9,2,29.74729366666667,34.7118916355208,31.29228894511633,37.42606253095944,30
wind_323822,9,3,27.447869666666666,33.91885370850231,31.310831011339683,36.04405154987295,30
wind_323822,9,4,31.38090983333333,37.87985819264382,28.04704944367161,34.628120096529756,30
wind_323822,9,5,30.173423699999997,35.76408602559265,31.993674056902893,37.91174503893007,30
wind_323822,9,6,32.060471933333325,35.49815344311348,32.29421175305444,36.111676882992874,30
wind_323822,9,7,32.303075666666665,34.9252170480903,32.69727724307439,34.563635047455755,30
wind_323822,9,8,31.329033300000003,35.947660552423,35.96729881460356,37.82163779787084,30
wind_323822,9,9,32.016830399999996,39.07510043962983,34.08272080505286,35.29700119585259,30
wind_323822,9,10,25.322769400000002,32.901425853643694,31.939435386276646,32.564486876677414,30
wind_323822,9,11,25.34088586666667,33.126280212788714,32.526465175070015,33.19535933663893,30
wind_323822,9,12,26.07039746666667,29.470508917477876,27.67450682251442,31.231554079668605,30
wind_323822,9,13,19.767236166666667,27.18159615169521,25.06158855665355,34.37266849048945,30
wind_323822,9,14,21.54252033333334,35.71956222294681,25.976372321001882,39.50416583937431,30
wind_323822,9,15,25.546413799999996,38.06754669796592,28.383693455069608,41.373224903070046,30
wind_323822,9,16,26.674510100000006,40.25068720237431,28.250684396544578,41.84145682562566,30
wind_323822,9,17,27.161692199999997,42.06757402842506,27.650755405212365,41.68779296833792,30
wind_323822,9,18,23.7212644,38.08633612034414,28.49970095156615,42.047408543886974,30
wind_323822,9,19,25.571403933333333,39.684419501276494,30.419752238876196,44.34733270454662,30
wind_323822,9,20,28.303192433333333,41.94257620193586,33.191729613409755,46.79208413836318,30
wind_323822,9,21,30.025124899999998,44.098104415745816,33.647411390176586,47.08798582183678,30
wind_323822,9,22,31.675073800000003,46.65826840805941,33.73154152944271,45.11625377308554,30
wind_323822,9,23,30.45215823333333,38.530526794133564,35.16789564799537,41.09495837430869,30
wind_323822,10,0,49.21339958064515,45.709358286413675,54.55507722252357,45.643482771129186,31
wind_323822,10,1,47.75587435483872,43.04052059893608,48.86082412215052,42.79749334021191,31
wind_323822,10,2,50.508848903225804,43.64295501118519,53.09824300581454,44.14087887994591,31
wind_323822,10,3,49.6321434516129,45.33016218376825,50.78410081945057,43.84921311228841,31
wind_323822,10,4,47.47344399999999,43.756048096946714,52.86394626179873,45.754868547670235,31
wind_323822,10,5,46.479417096774185,42.65809808714159,50.3946288726054,43.95732832791307,31
wind_323822,10,6,46.46423025806452,45.596193261934154,46.401357224418476,43.88613932908678,31
wind_323822,10,7,44.77328596774194,41.693901154338896,47.549562847428454,44.627446378636435,31
wind_323822,10,8,43.712772580645165,40.1008794027047,47.556911883029116,43.52565491686356,31
wind_323822,10,9,43.18420403225806,42.397332553350594,50.30399242911578,42.49899386151666,31
wind_323822,10,10,40.44876374193549,39.89190648900958,50.511333038301075,42.76350604550106,31
wind_323822,10,11,41.94449087096774,43.1013771866903,50.4412851019004,41.24452916868955,31
wind_323822,10,12,42.09423887096775,34.184460103347945,50.871055316700655,41.216952053006686,31
wind_323822,10,13,42.2706440967742,36.967080267136936,51.911246711297665,39.115148163486694,31
wind_323822,10,14,39.91601667741935,40.274592655452295,53.483451669883515,44.85664960198134,31
wind_323822,10,15,45.59966406451613,45.36072738818225,49.150476261610294,45.35486420958716,31
wind_323822,10,16,44.774632064516126,45.821157514698456,49.19362711916568,46.63533669752383,31
wind_323822,10,17,43.78593416129032,42.29104966560889,50.86369436706485,45.4608816487514,31
wind_323822,10,18,45.3737904516129,41.249456829969375,53.27482638150367,47.073789331132296,31
wind_323822,10,19,48.058341258064516,45.233030748453714,55.70721455391239,46.370284199375696,31
wind_323822,10,20,46.37575441935484,44.863382543863736,55.176011429965264,46.462932554741805,31
wind_323822,10,21,45.313456709677425,41.69881091249574,51.23172734816947,45.860739402088214,31
wind_323822,10,22,42.132679354838714,40.217395576328244,53.36496470898998,45.0629906497619,31
wind_323822,10,23,50.16391561290322,45.58055242301937,56.134180560659175,44.298598281351495,31
wind_323822,11,0,74.07791983333333,42.061903099834524,79.41874822822292,45.62987768648,30
wind_323822,11,1,80.9624936,42.34146439776675,79.18794047430482,44.23192495117849,30
wind_323822,11,2,82.12869226666665,40.71372064024371,79.68780986268665,40.045666001953705,30
wind_323822,11,3,78.68209676666669,40.37504841830612,82.21068545581738,38.52746248679874,30
wind_323822,11,4,75.14125193333334,39.764281723865345,78.30946935838423,42.136936064845685,30
wind_323822,11,5,77.23000106666667,44.3680059636053,75.42368878844903,42.59743068479551,30
wind_323822,11,6,75.29217910000001,47.60988985579744,72.52135145412348,43.8643855224638,30
wind_323822,11,7,67.53461683333335,48.76575686489472,71.26986612781924,45.544101016027646,30
wind_323822,11,8,69.33534159999999,50.26362242415236,65.32395381751273,48.27816899940955,30
wind_323822,11,9,72.34732923333334,51.30075740119293,66.81691742315415,49.30120860957518,30
wind_323822,11,10,70.77079313333334,55.63211086740858,70.14067277844282,51.50773851182233,30
wind_323822,11,11,67.30838593333333,53.04143090995705,71.87857796745861,52.114921697546265,30
wind_323822,11,12,66.82249563333333,52.122416762791225,72.07369893266092,53.22072023420539,30
wind_323822,11,13,68.45302963333333,54.682598118883696,69.3910757623901,52.736437840107364,30
wind_323822,11,14,65.75238096666666,55.23866351238867,70.02781054881906,55.79779316156941,30
wind_323822,11,15,66.20199983333335,56.9729147952213,72.23100723947353,56.94116819419653,30
wind_323822,11,16,64.48145513333334,53.164776336165595,67.87955416853507,54.637476133235886,30
wind_323822,11,17,62.13165323333333,50.73154182738442,71.04806417149284,53.717511781792965,30
wind_323822,11,18,67.18027096666667,48.75291788825934,72.35771712532818,52.53953129971808,30
wind_323822,11,19,66.6675055,48.33477421575225,78.6547041791679,52.9576717437563,30
wind_323822,11,20,69.65567860000002,50.87761426571195,76.72414432025313,51.471892505341046,30
wind_323822,11,21,70.44310666666667,49.071217278045495,73.08117968314879,50.08074320979808,30
wind_323822,11,22,65.15521936666667,47.35906205841607,75.97871608132724,47.727869396140406,30
wind_323822,11,23,68.03456413333332,44.66870321391061,77.77721229507794,45.309597338339586,30
wind_323822,12,0,72.65127306451615,49.8681381467963,74.07171885804924,48.830763085945705,31
wind_323822,12,1,72.20544329032258,50.92221653299264,74.10846453244248,47.57248207056677,31
wind_323822,12,2,76.63348967741935,50.67896900800402,75.29735828924058,47.791470126752564,31
wind_323822,12,3,74.82282016129032,51.022879396614634,73.02764784080766,48.56196944049409,31
wind_323822,12,4,75.31357093548388,51.338963560002284,75.7930450945905,49.554747261531205,31
wind_323822,12,5,72.75618103225807,50.121527375986496,73.84351405304233,50.51286571051309,31
wind_323822,12,6,74.4025225483871,50.190396463559196,74.6245745810662,50.2788295729848,31
wind_323822,12,7,68.444673,52.67211087746756,69.5955521041467,51.700733232447725,31
wind_323822,12,8,68.30891335483871,51.65493872905217,68.32333545560083,52.124083379078066,31
wind_323822,12,9,66.4718930967742,48.691440519897505,67.79240237905245,51.50231730440242,31
wind_323822,12,10,61.757800483870966,49.18611366012028,69.277437206361,49.976447154854355,31
wind_323822,12,11,60.371935129032245,50.38772017141114,62.74463790404916,48.5852593830066,31
wind_323822,12,12,61.099742870967745,48.57206931546058,61.07613018567254,48.887994042294636,31
wind_323822,12,13,63.09154064516129,46.18255240776515,62.49687895289595,48.7532344579941,31
wind_323822,12,14,58.889922709677414,48.03408295858135,65.4144309294157,45.72258012523265,31
wind_323822,12,15,59.84791500000001,50.38087882528366,64.83351831009486,49.2164418548376,31
wind_323822,12,16,60.23177867741936,49.823191501619185,68.18274170554841,49.58964487693288,31
wind_323822,12,17,65.6264885483871,50.55704851338247,69.38794660846679,51.32959282477366,31
wind_323822,12,18,66.42570312903226,47.621823856658004,70.60250485821156,52.10632066039734,31
wind_323822,12,19,64.00049229032257,49.551002568061556,72.27735176287338,50.240549246725585,31
wind_323822,12,20,66.15417345161292,51.62530911531017,70.538898115368,50.54028950412018,31
wind_323822,12,21,66.37108041935483,51.81436079963443,68.9333430570841,51.37878724634662,31
wind_323822,12,22,63.62252332258064,49.59377203692273,70.03190987890397,53.50494932452391,31
wind_323822,12,23,68.08040580645162,51.22174374361095,70.06687698852748,54.57544314606465,31
wind_323825,1,0,55.113853516129026,42.41229782252967,47.4478643526806,40.51038521978648,31
wind_323825,1,1,51.09615606451613,39.97271996569935,50.42351239933674,43.03767420247763,31
wind_323825,1,2,52.826751967741934,40.12482595931406,52.40690976691352,43.05667044003932,31
wind_323825,1,3,50.847232322580645,39.972533126506036,53.84297464801836,43.167931409735914,31
wind_323825,1,4,46.72879467741935,40.4631374621919,53.052933895473856,40.43989173119023,31
wind_323825,1,5,45.02310832258065,39.09166230173223,50.78573012183276,39.92122598507585,31
wind_323825,1,6,46.66599716129031,38.692830909428686,49.194437779561625,38.15322050840289,31
wind_323825,1,7,45.86663258064515,38.93119963271761,48.33814922697348,40.489670806778115,31
wind_323825,1,8,44.56808477419356,37.6219017893782,46.63327896740033,42.1322820304812,31
wind_323825,1,9,46.35006061290323,40.59596981392374,49.36289391448438,42.52484246742969,31
wind_323825,1,10,42.95201112903225,38.120993405815916,50.66572128029018,42.52091866361739,31
wind_323825,1,11,41.17624616129031,39.79369903528484,46.412084751726404,41.691947072615086,31
wind_323825,1,12,43.14383196774195,36.18527467673261,43.84089642062843,37.98149401115736,31
wind_323825,1,13,47.08747603225806,37.36420177725003,47.39025950623536,37.225875549592,31
wind_323825,1,14,51.75407270967742,38.843943840803036,49.491383584777196,38.797602632733884,31
wind_323825,1,15,50.117636806451614,38.50512865758612,53.671200661413444,37.583348375821934,31
wind_323825,1,16,52.616243741935484,39.979452907554816,52.1596584632849,35.95276591255766,31
wind_323825,1,17,51.83441687096774,39.674564706566166,52.24773436901852,36.365593789156726,31
wind_323825,1,18,50.59287880645161,38.672618799333875,50.793680192852435,37.05160952621301,31
wind_323825,1,19,47.594942193548384,38.61951342519629,49.50873144182492,36.16502059368979,31
wind_323825,1,20,45.592160451612905,37.908182659279305,49.60017928564575,37.1934694601724,31
wind_323825,1,21,45.482913,37.34171016924313,48.99261180040027,40.38279931363855,31
wind_323825,1,22,47.28046841935484,41.49997736847101,47.854414605331115,42.01496977822789,31
wind_323825,1,23,51.76854964516129,42.08808926482096,45.80580905008399,41.51397279273085,31
wind_323825,2,0,43.31473427586207,45.40209043931832,42.82888907637365,44.454587490469905,29
wind_323825,2,1,46.06730675862069,46.454511713949465,43.91855747167849,45.5607259589389,29
wind_323825,2,2,48.01549637931035,47.07256550610959,48.42632888496501,45.83502852648136,29
wind_323825,2,3,47.423138586206896,45.346852116623175,50.183826785509,45.1414616833891,29
wind_323825,2,4,50.8835155862069,47.12740761935301,51.73733600197543,45.81831863379082,29
wind_323825,2,5,51.81153544827587,48.23649511558487,52.3376874609862,45.943818191310704,29
wind_323825,2,6,52.97135165517241,47.002269703889056,52.124803792468896,45.40165823239925,29
wind_323825,2,7,53.30060855172414,45.97610364254502,51.016864552611516,44.336450663567945,29
wind_323825,2,8,52.61821096551723,44.03360899170981,48.912494561205506,42.81338013598841,29
wind_323825,2,9,47.35134096551724,41.67969350526588,45.935574981941556,40.64808360535384,29
wind_323825,2,10,47.60065472413793,42.52021910054719,40.57387078215213,38.250196589359966,29
wind_323825,2,11,44.90211920689655,40.951333882399325,45.13688344362154,40.28670410295612,29
wind_323825,2,12,48.25278348275862,42.316067328003,47.53493909696667,39.89643923042855,29
wind_323825,2,13,46.58752744827587,42.1274725618654,49.681270994855225,39.213967951531664,29
wind_323825,2,14,46.13924662068966,42.019887252037364,47.81267078497845,41.51230430235334,29
wind_323825,2,15,44.205402517241374,43.96366263228168,46.063122481051856,43.71360274030275,29
wind_323825,2,16,41.77970951724138,41.62519021269023,49.08452875659124,46.82208412279811,29
wind_323825,2,17,44.5885045862069,42.66349540727538,49.47560491936033,46.835470604784625,29
wind_323825,2,18,47.94827117241379,44.06495574467917,48.45376389824724,44.605867748219374,29
wind_323825,2,19,46.566552758620695,42.10643474985555,49.373086368628826,43.597080505754825,29
wind_323825,2,20,46.83285110344828,44.8414197374404,51.28462659112955,44.81009161735852,29
wind_323825,2,21,45.82004048275862,45.624757890282005,51.16608294387752,46.779518652253095,29
wind_323825,2,22,44.06468127586207,46.197623744540756,49.377972663710246,45.13992379486696,29
wind_323825,2,23,43.61871106896552,44.99801254244584,50.64108287365263,44.50475277066648,29
wind_323825,3,0,57.81991577419355,36.78042251317582,64.05162928433599,38.5237706640917,31
wind_323825,3,1,63.97584445161291,39.4922035928733,66.87120531764324,36.095021892159,31
wind_323825,3,2,63.79567119354838,38.60448159556895,66.44790845675821,39.714822530587305,31
wind_323825,3,3,60.263483516129035,38.580502852305806,60.911134744015705,40.62279276211632,31
wind_323825,3,4,59.350848000000006,39.7527173279548,55.69633311705084,40.519639163102745,31
wind_323825,3,5,54.60359593548386,40.96816369408306,56.02971798085319,42.15078849163944,31
wind_323825,3,6,55.787990935483876,43.43227969464923,59.829044699731554,41.20623734297371,31
wind_323825,3,7,55.52819016129032,42.05706354280177,59.42624573586653,42.242127388564036,31
wind_323825,3,8,55.622703193548396,43.106250043177,59.282368606264725,42.849002887982635,31
wind_323825,3,9,55.01604929032258,44.37966381926638,54.80535120830209,42.845967343972184,31
wind_323825,3,10,54.15259945161289,41.3794193734583,58.10485909947058,43.335885992049,31
wind_323825,3,11,59.801009580645164,41.05528302426985,56.41628228707804,41.533982883969195,31
wind_323825,3,12,54.44885935483871,38.99055509168193,53.698079538782196,40.63181931659217,31
wind_323825,3,13,49.67644948387097,38.67382958668936,51.52001406669312,39.974480817618016,31
wind_323825,3,14,47.25779125806451,40.17213145154052,50.00097409643002,40.67831658647667,31
wind_323825,3,15,47.87823767741935,40.43719328096699,51.958206517448076,40.74468380855119,31
wind_323825,3,16,46.037189516129025,38.81020965434709,52.905843407088774,40.0928318474335,31
wind_323825,3,17,48.7876533548387,40.836624076257166,53.96439135040469,41.23716658715119,31
wind_323825,3,18,50.39960483870967,39.84675252451192,55.02661476500291,39.92536342905485,31
wind_323825,3,19,51.87229306451612,40.46034931819347,56.00056930296128,39.71132730012798,31
wind_323825,3,20,55.065801806451624,39.252666804043784,55.50246656001649,40.723700813646445,31
wind_323825,3,21,56.01072109677418,41.667470794939575,57.69537021532075,40.116539033623205,31
wind_323825,3,22,46.47101703225806,39.524246610852884,55.619013868438785,39.29391756083104,31
wind_323825,3,23,49.68669474193548,35.33954709907628,54.967501425528475,41.28189225613424,31
wind_323825,4,0,41.5930386,38.081550480594125,39.129881656478815,38.96510469461513,30
wind_323825,4,1,42.1325397,37.56862170533243,43.539262582090586,34.99767084181239,30
wind_323825,4,2,47.943424799999995,39.40703926856887,42.916076588442436,36.91791070203962,30
wind_323825,4,3,53.97602126666666,42.18790869647891,45.45773362817179,37.581822671780834,30
wind_323825,4,4,48.94745299999999,37.964474226650765,40.990905841760735,33.07947823076807,30
wind_323825,4,5,44.45837050000001,35.92985906252646,42.82556209611683,37.64270990658653,30
wind_323825,4,6,43.52698693333333,34.45253306312677,44.00533371060558,38.537519931691826,30
wind_323825,4,7,40.81454863333334,32.65297844193011,42.29632754843486,34.9156697888869,30
wind_323825,4,8,41.451519833333336,32.28855335229696,45.71621854904516,36.82965923561111,30
wind_323825,4,9,48.28331903333333,35.19828531314806,47.353577001814735,37.75548097928309,30
wind_323825,4,10,52.02134819999999,39.73215224302804,49.157914252722094,38.5644491704005,30
wind_323825,4,11,47.6263375,40.039706668805906,49.48065828861326,40.699124432210816,30
wind_323825,4,12,42.63107939999999,37.48916036820744,50.1233775870772,40.92644920077735,30
wind_323825,4,13,42.03436910000001,41.42479922705171,44.658713049749736,42.15446616134764,30
wind_323825,4,14,45.70602406666667,40.58502653542711,45.10643659397498,39.84591482806743,30
wind_323825,4,15,43.07744863333335,39.69522775482216,50.814466944352624,42.089063235045884,30
wind_323825,4,16,45.650294933333335,40.14774229435917,50.49745305262684,41.180514110261775,30
wind_323825,4,17,47.72994853333332,39.08224817242841,54.170938464361434,40.75218973743399,30
wind_323825,4,18,49.67203610000001,42.69376567059812,55.60126021183208,39.89284272691688,30
wind_323825,4,19,49.838588,42.22274538336113,54.559111962280404,40.30533196884934,30
wind_323825,4,20,50.72029953333333,41.780516827726515,56.51132106114551,41.8010615445717,30
wind_323825,4,21,46.12158266666666,40.81852684288447,55.15353384353726,41.035051678738725,30
wind_323825,4,22,46.689666800000005,40.31491542954709,52.20121414350642,39.278981386772834,30
wind_323825,4,23,44.578576,37.31941538790243,46.80772565625716,36.43402072357002,30
wind_323825,5,0,19.245723419354842,26.86116746500669,22.170984078338783,28.811269950653934,31
wind_323825,5,1,26.24693132258064,34.42186543115635,25.740642890239794,34.35270960516653,31
wind_323825,5,2,28.747872129032263,34.38996429882643,29.86852049259351,35.6467694495552,31
wind_323825,5,3,29.98184780645161,33.39034798039674,27.906670547491505,34.91861941812537,31
wind_323825,5,4,26.812008548387098,29.314560520249742,30.899957247607357,35.215865558879415,31
wind_323825,5,5,30.240698903225805,32.259738365719855,30.027776189708213,36.591854395982175,31
wind_323825,5,6,32.18323751612903,37.069314463157276,30.234396251690512,35.326599068581224,31
wind_323825,5,7,31.810830483870966,38.204432717499095,27.957522305588945,34.46328823502269,31
wind_323825,5,8,36.933393129032254,40.49280020054323,30.399208370808996,35.254136950358344,31
wind_323825,5,9,34.00109067741936,38.55020937986397,32.20562724010993,37.24235914482686,31
wind_323825,5,10,32.70180341935484,39.03228601676586,32.53795930484988,36.354087585686784,31
wind_323825,5,11,31.55541690322581,38.70687036639741,31.361602261803725,36.45704584328601,31
wind_323825,5,12,25.701728677419357,34.81188547462113,28.999391904354336,36.142111752342174,31
wind_323825,5,13,23.089931548387096,33.46009270163878,24.74117334822454,34.34681494102951,31
wind_323825,5,14,25.53650464516129,37.665486568047996,25.315185293357153,33.892024879445934,31
wind_323825,5,15,23.971858967741937,34.749222054531096,26.00272290452753,35.3256765525079,31
wind_323825,5,16,21.744327322580638,31.705243140303043,24.379392006859195,32.190982851692844,31
wind_323825,5,17,21.91707119354839,33.28879107692747,27.17788211811186,35.86192618609956,31
wind_323825,5,18,23.93827280645161,34.894715823033685,28.753311176848253,37.44285385490959,31
wind_323825,5,19,24.27004558064516,29.148031439584884,28.2031506326116,37.045295880840875,31
wind_323825,5,20,27.039661806451612,30.57838676559708,27.931744994934366,34.15480457225754,31
wind_323825,5,21,26.381158258064517,31.413984190211718,25.92649789568091,30.716011646762148,31
wind_323825,5,22,24.822824935483876,31.733452406535132,23.957543675282277,30.371548024689623,31
wind_323825,5,23,18.405345387096776,27.42816597035619,24.744765742496387,35.70093345769778,31
wind_323825,6,0,23.106720733333336,33.00451058069866,17.47377924486654,22.044009133091468,30
wind_323825,6,1,27.96673036666667,37.08905769218981,15.557861892880247,17.708299418201147,30
wind_323825,6,2,30.19147703333333,36.06012526489073,19.869350347010105,24.633188518478978,30
wind_323825,6,3,24.44167086666666,26.573739574758164,26.005595009330865,28.798115460585006,30
wind_323825,6,4,32.8547219,28.43217878068906,28.280431206038596,28.702274409611327,30
wind_323825,6,5,37.99501753333333,32.854461612446485,31.73013544341267,29.227073934396472,30
wind_323825,6,6,39.733338800000006,33.46637639475614,33.452935075197956,26.733198686412944,30
wind_323825,6,7,39.1297881,34.40222997611289,35.03897724957321,29.573513257204944,30
wind_323825,6,8,37.731307799999996,35.111715236065656,36.60130401156548,31.029647056789084,30
wind_323825,6,9,33.12190686666667,30.902588918969606,32.269087309699756,27.378352792811814,30
wind_323825,6,10,28.818466066666666,29.3406721312052,30.73765638495014,29.12600897325737,30
wind_323825,6,11,27.575391200000002,27.689667364361384,29.557218021574666,26.347864716376325,30
wind_323825,6,12,24.0294927,27.069018671156858,27.75335204250466,33.368955932062924,30
wind_323825,6,13,23.24665226666667,26.802043462760544,30.985928933030156,33.706178519113124,30
wind_323825,6,14,27.85527123333333,31.898503244699107,30.72930076001665,36.14651097672243,30
wind_323825,6,15,31.131409933333334,35.97932958519492,32.92307056181768,39.313365525775104,30
wind_323825,6,16,30.55851543333334,38.35150668376896,34.67276934011361,39.12281800586645,30
wind_323825,6,17,33.104619633333336,40.16091961071976,33.848664604284444,38.38427183528416,30
wind_323825,6,18,33.63831623333333,43.14280867625911,34.57066209376059,39.249003405682785,30
wind_323825,6,19,33.13817903333333,38.533931635100636,35.97654708169781,40.675524031440844,30
wind_323825,6,20,35.63067323333333,42.286922080019885,36.09013887433655,37.72776520441519,30
wind_323825,6,21,35.12306809999999,43.04129806038163,34.105950689338016,39.32111141979363,30
wind_323825,6,22,29.15565783333334,37.6191171722962,33.468071934443564,38.183974609140655,30
wind_323825,6,23,33.402692566666666,36.4632534998179,35.914190168861445,38.843249842606376,30
wind_323825,7,0,13.851916032258064,25.994778335849364,12.324968012156395,21.59580969199279,31
wind_323825,7,1,12.536929612903227,18.656312335630393,14.69879065084292,21.68089193280272,31
wind_323825,7,2,13.625993774193546,20.720516356738745,15.155226866954619,20.710022024125323,31
wind_323825,7,3,13.971168709677423,18.57534364566557,14.37299354902022,19.878751417431772,31
wind_323825,7,4,14.938016903225806,21.425755368877272,16.425244466649513,25.468284154070478,31
wind_323825,7,5,16.802571548387096,23.90372030845115,14.047597034872457,19.412198448075195,31
wind_323825,7,6,15.873463516129034,19.59199532681337,13.798434015984371,19.782305475896298,31
wind_323825,7,7,16.162449451612904,21.54155222825626,14.269996960541128,19.901415888828,31
wind_323825,7,8,18.833579451612906,21.266960511528463,15.931587471092024,20.24102004971729,31
wind_323825,7,9,21.148585064516134,23.60588969379418,18.174036411741483,21.444743873345278,31
wind_323825,7,10,17.908299387096772,24.65304354404579,19.90956957575762,22.321290393049374,31
wind_323825,7,11,18.741606225806454,25.143206148743417,19.166356838045722,27.00090597557731,31
wind_323825,7,12,16.42738290322581,24.760548636914766,17.856350237192093,26.943521621351557,31
wind_323825,7,13,17.20065119354839,27.05613007011222,14.180432691009756,25.443426476340804,31
wind_323825,7,14,13.846166129032259,24.09319452061592,16.647570335785396,30.99332692357616,31
wind_323825,7,15,13.29298612903226,22.36745819001607,14.53483319681477,26.79572262969754,31
wind_323825,7,16,15.823171193548387,23.00291015126,14.068813300400889,22.237524999624323,31
wind_323825,7,17,14.636796096774193,25.129639225121785,17.791447337978976,26.018270984448318,31
wind_323825,7,18,16.496262193548386,27.35932864485774,19.79034639421805,25.633857732250487,31
wind_323825,7,19,18.23860064516129,26.63023089345215,19.722958831593928,26.774958185711803,31
wind_323825,7,20,19.039580838709675,26.365573597874725,17.766963466174005,21.3521822714711,31
wind_323825,7,21,17.851989741935487,26.99813605126881,18.45910990864161,25.919861759452722,31
wind_323825,7,22,13.273267483870969,22.463028324443854,16.392934816293327,26.730137122627426,31
wind_323825,7,23,15.647794129032256,28.576352163860896,13.811227791106909,22.744412159149462,31
wind_323825,8,0,25.761861258064513,31.811438116465485,22.18865919972574,26.102739469135617,31
wind_323825,8,1,26.55481135483871,32.244078786874056,26.084286633363572,28.66537873845789,31
wind_323825,8,2,26.48037716129032,33.15738357573154,27.23307764997685,32.74139429041897,31
wind_323825,8,3,22.281813322580646,29.284826323377942,26.234239334643313,30.642170586682766,31
wind_323825,8,4,21.5480634516129,29.03881256419877,26.29394674763358,27.75332028540855,31
wind_323825,8,5,27.735092903225805,32.0058037008078,27.273895141592376,32.99180247864051,31
wind_323825,8,6,27.899263806451614,31.92557234629091,22.553455539568304,27.662286457308088,31
wind_323825,8,7,25.441658709677416,27.12363823275502,20.42733642746922,27.060171326273863,31
wind_323825,8,8,23.671526096774194,24.287021279132695,20.786145466336386,25.838538504039697,31
wind_323825,8,9,21.839479709677423,21.75454908848397,21.161917708238114,24.75149408544922,31
wind_323825,8,10,16.271627838709676,17.763359367256772,21.332638419479274,24.351881296223223,31
wind_323825,8,11,18.291695032258065,24.494531169963455,21.253820201090885,24.102870007816794,31
wind_323825,8,12,11.80781306451613,17.265912655540298,18.414382103447092,20.730572782340488,31
wind_323825,8,13,13.686521322580644,16.17112920829365,16.42347279233196,20.277528368737592,31
wind_323825,8,14,16.519222451612904,20.01466125903228,16.22775829043061,23.376119394587807,31
wind_323825,8,15,17.032227225806448,17.827127988029087,20.325361115558586,27.667968105234664,31
wind_323825,8,16,23.55034648387097,28.731192581191145,22.598582868313414,28.271821307209592,31
wind_323825,8,17,20.991975096774194,25.925863937123573,25.794039806019775,32.29627810292058,31
wind_323825,8,18,20.854859387096777,24.16591760122642,24.517108043606534,31.01671791943997,31
wind_323825,8,19,23.571540193548387,28.874117547204495,26.701140078444563,31.008115692074238,31
wind_323825,8,20,22.55803380645161,27.993036989889344,27.423640181361602,30.704170735153266,31
wind_323825,8,21,23.940559774193552,28.21866707583403,26.43094267424841,30.202948702951666,31
wind_323825,8,22,24.101973548387097,31.868469334291497,27.23606225931858,27.528995267436347,31
wind_323825,8,23,21.571839387096777,25.366074688511524,24.21935859076633,32.27639705831964,31
wind_323825,9,0,23.51946323333333,35.1908648034229,24.730737455070784,28.87912252356227,30
wind_323825,9,1,23.833501500000004,32.632765293942526,26.80495322616564,26.76972006323804,30
wind_323825,9,2,31.4160012,31.112561323729054,30.100212345107586,27.644943551987712,30
wind_323825,9,3,29.5033771,31.150726272201858,32.60331684023818,28.958313354520296,30
wind_323825,9,4,32.716017433333334,31.88811979353932,33.9403177719716,30.24297214055648,30
wind_323825,9,5,39.083451800000006,31.068671278170164,38.652928371450656,33.383376492606665,30
wind_323825,9,6,38.52339883333333,28.1620142902244,36.84647164704617,29.04958936463855,30
wind_323825,9,7,37.94358873333332,29.545843246921656,36.09122244031383,26.941929836482995,30
wind_323825,9,8,35.5434123,27.461321386790544,34.02769331737231,24.082708802864328,30
wind_323825,9,9,35.60216756666668,27.329913452760863,35.23215457053293,24.149881361722045,30
wind_323825,9,10,28.866519200000006,24.8543322911468,34.96954712440854,27.277667665912094,30
wind_323825,9,11,34.440036,28.154584143922566,35.398644585909935,29.57087812540729,30
wind_323825,9,12,33.41152176666666,27.547807960770562,34.703247949277355,29.69691381690651,30
wind_323825,9,13,26.231653366666663,26.29719978763391,29.67482217343225,29.22164967070831,30
wind_323825,9,14,23.2441526,30.30229969693779,24.447103846314697,30.004999133627056,30
wind_323825,9,15,24.406231566666666,31.58040278166936,22.452492644002593,30.4591517208576,30
wind_323825,9,16,20.120708033333337,30.51426790052212,23.95840035266896,34.86846115593888,30
wind_323825,9,17,18.910997599999995,30.73986456515164,25.2769619657439,38.54478248359371,30
wind_323825,9,18,20.066090933333335,35.35841147450865,23.172324118422274,37.377889241048074,30
wind_323825,9,19,20.495842333333332,36.28017484436922,21.880667411418642,34.662915850965916,30
wind_323825,9,20,22.331948133333334,38.485159299151185,21.30874787880651,31.988359259115448,30
wind_323825,9,21,22.16631023333333,35.467478303754795,21.619904500227886,31.723679528102526,30
wind_323825,9,22,20.84001316666667,35.0183513222155,19.69697998460026,30.89433678599261,30
wind_323825,9,23,20.190979433333332,35.34972239005122,21.588359262770975,30.352593275298414,30
wind_323825,10,0,33.10450435483871,39.15469120866358,37.388913620633275,37.48750698302885,31
wind_323825,10,1,34.14380158064516,40.50434465590373,37.776457140609246,37.05915868134617,31
wind_323825,10,2,36.257819838709686,36.41991479103987,39.10869822351495,36.17364299016446,31
wind_323825,10,3,35.642446838709674,34.51263952787968,38.744476248348924,35.44870971351898,31
wind_323825,10,4,34.50222525806451,34.98245069325752,36.144660211075696,36.27654337962363,31
wind_323825,10,5,33.025350645161296,35.9853074299293,34.97103244081329,35.69030369037343,31
wind_323825,10,6,32.20054529032258,36.87419121827737,35.96373889219993,36.77672656052247,31
wind_323825,10,7,33.350943645161294,37.15908984343961,39.051320997402826,38.4677528377207,31
wind_323825,10,8,33.362985580645166,33.76080678677005,39.521662419839195,35.59875120444807,31
wind_323825,10,9,36.70062899999999,35.03491800393939,39.986709768645575,34.621829886929795,31
wind_323825,10,10,31.916283741935484,34.91588904905667,43.59131152734356,35.92832274418935,31
wind_323825,10,11,33.940994806451606,36.3999976445315,40.62483043807579,35.33212366273065,31
wind_323825,10,12,31.623978677419355,32.90115443160771,38.93330363166396,36.31703300998013,31
wind_323825,10,13,30.177440451612906,33.34855113106963,36.067259507339614,34.338354007680344,31
wind_323825,10,14,28.33789922580645,34.52779858003414,37.25505724881249,36.16593222095605,31
wind_323825,10,15,29.024379645161293,36.328457839206024,36.8667101520507,40.05569802554837,31
wind_323825,10,16,33.65551593548387,40.49460830942578,40.26134060980668,40.55828325104968,31
wind_323825,10,17,34.220188225806446,40.03975861730658,41.46365762561977,41.54566179071146,31
wind_323825,10,18,35.16260438709677,40.34298585812147,40.40343167929613,40.833665263531294,31
wind_323825,10,19,35.579449483870974,38.12042117772765,40.449842117256836,40.910453757551615,31
wind_323825,10,20,36.755423032258065,41.34080859407037,40.48448077699723,42.31579300500284,31
wind_323825,10,21,35.17340109677419,42.5069468913357,38.28140509027911,41.64192830620848,31
wind_323825,10,22,32.89364970967742,40.342352955888465,37.44959813159401,40.1900481432169,31
wind_323825,10,23,34.776204516129035,40.952219208931446,39.044847494295,39.053011127939484,31
wind_323825,11,0,61.806039866666666,40.77238048721185,61.34601635098006,41.70445260634678,30
wind_323825,11,1,64.7602214,39.43174489870238,62.61681033302094,40.164557534443205,30
wind_323825,11,2,63.31580366666667,39.28038761194187,63.4138910521034,38.63935938588605,30
wind_323825,11,3,61.141825266666665,39.247220345360105,63.542714021015655,39.53959610588277,30
wind_323825,11,4,60.29707073333334,37.62151796480681,62.69397720636617,39.08876828445388,30
wind_323825,11,5,54.0914062,38.529362823043286,60.877292658639064,38.9696908561628,30
wind_323825,11,6,54.912627199999996,43.562353064923435,61.246315440079805,40.88838165644566,30
wind_323825,11,7,54.799044,44.71148563575349,58.63139731024479,41.06960781929346,30
wind_323825,11,8,51.044155,41.05052338637463,59.79907765793295,41.11766029734448,30
wind_323825,11,9,51.05875386666666,41.83139128332321,59.76073758409105,41.10795494452445,30
wind_323825,11,10,48.9276095,41.73097997413101,55.51536644250877,43.25289208935039,30
wind_323825,11,11,48.76922543333333,40.389497205000914,56.06490637414138,41.43407090058828,30
wind_323825,11,12,49.5993942,40.706381790764105,56.218646784188685,41.54167122013131,30
wind_323825,11,13,51.046784699999996,40.667949115800376,55.26238558368663,41.65263283221261,30
wind_323825,11,14,48.366998066666675,42.735957256461276,55.01850413866974,42.1294942157995,30
wind_323825,11,15,49.66486306666666,42.5771835358638,56.31417461648392,40.90757595643275,30
wind_323825,11,16,51.48259529999999,43.6813698488978,55.76807930264902,41.82057147987159,30
wind_323825,11,17,46.113641000000015,43.079960195087985,57.6127011637429,43.49937108674508,30
wind_323825,11,18,51.37814173333333,44.227011455699405,57.76971108746429,43.49351407565003,30
wind_323825,11,19,52.533605566666665,45.170666007387055,60.38589141860321,45.39640513365274,30
wind_323825,11,20,53.8450166,45.465211531896834,56.53906319427453,45.58792131191116,30
wind_323825,11,21,54.47328180000001,44.03001914288657,58.49256928907955,45.31915377706208,30
wind_323825,11,22,49.42874933333334,39.91179731950195,60.20741406667586,43.88533333422495,30
wind_323825,11,23,53.75650183333333,42.30598905414105,62.77168592018723,41.97586152268962,30
wind_323825,12,0,67.64529083870967,41.40318612767714,62.33649052381733,43.24449862092687,31
wind_323825,12,1,67.2386940967742,43.44887189649196,60.957003115728234,44.54472773560805,31
wind_323825,12,2,68.90221945161291,42.36235337160333,62.09720686249819,44.101461350659605,31
wind_323825,12,3,65.08571470967742,42.372679788971894,64.22123667499827,44.24606655818281,31
wind_323825,12,4,65.12672003225806,42.05873835771609,62.453079683493385,43.47068215158951,31
wind_323825,12,5,61.64384622580645,42.64810627322963,59.36454557422566,42.819690560188285,31
wind_323825,12,6,57.96273838709677,41.25129770898682,59.23451647081506,43.219406703233645,31
wind_323825,12,7,57.42817954838709,38.70688417763708,61.061083030912506,41.70507936683245,31
wind_323825,12,8,61.54014422580645,38.86172618685644,61.51191406079693,40.57544653260164,31
wind_323825,12,9,59.41869796774194,38.83267572823734,58.77806671857471,41.77551729633311,31
wind_323825,12,10,58.53109506451613,40.24435566542349,56.704525208999165,41.21628338951307,31
wind_323825,12,11,54.43302722580645,40.379145504420215,54.9172954494783,38.74452726175282,31
wind_323825,12,12,58.74397132258064,40.84328157207805,55.65928258261694,39.41122379339588,31
wind_323825,12,13,54.20830190322581,41.89281638345861,60.38283935054277,38.0010704892327,31
wind_323825,12,14,56.44182858064515,41.22903528973199,62.15620518998796,36.92096241571693,31
wind_323825,12,15,52.08322441935484,43.77969012451368,59.10646041236078,39.69683639283537,31
wind_323825,12,16,50.946880387096776,43.546152196789485,59.38097838939667,40.80589098243407,31
wind_323825,12,17,54.55107964516129,40.97437932743727,56.7921509816956,40.372652316535834,31
wind_323825,12,18,55.21447912903226,42.1126804242066,59.96788297521223,41.628890459851675,31
wind_323825,12,19,56.8906000967742,44.266166832581604,59.34209728103688,44.69442363629058,31
wind_323825,12,20,52.91464670967743,44.35906299023805,58.67977490683854,45.50696617804392,31
wind_323825,12,21,57.23842209677419,44.19276249661359,59.685129062131196,45.53658907269415,31
wind_323825,12,22,56.90265538709678,44.39470817124449,62.65578999057198,46.15315162941272,31
wind_323825,12,23,60.77014470967742,42.47592135980456,63.378253324614455,45.524707236719976,31
wind_323839,1,0,90.13380164516128,49.39419790123391,95.64313318041863,51.34721274094114,31
wind_323839,1,1,89.62875716129031,55.691824702044435,95.92252617278169,49.48412002325509,31
wind_323839,1,2,91.34477745161291,54.104652934014666,94.94749238762277,52.109144527897016,31
wind_323839,1,3,87.03537300000002,57.49720780437904,94.35655798561619,52.69611548501157,31
wind_323839,1,4,84.79650561290323,58.54175264596707,91.8525552225056,53.75618428943143,31
wind_323839,1,5,82.42564619354839,56.879380928721325,88.7463544445747,54.514848410163296,31
wind_323839,1,6,76.4584809032258,61.425230325530954,81.92744699963542,56.94949064519461,31
wind_323839,1,7,80.81679493548388,58.77679117582481,81.35891270492831,56.71963269468129,31
wind_323839,1,8,75.7521500967742,61.32566426067303,85.56536875279373,54.45844470349661,31
wind_323839,1,9,76.10072312903225,60.17386255865925,78.01697150052134,56.64811589084206,31
wind_323839,1,10,80.19116909677417,58.90549616016184,74.99344814260941,56.79301581278014,31
wind_323839,1,11,80.11082148387096,57.94475468591377,78.33998428529407,56.82726839794861,31
wind_323839,1,12,75.76773487096773,56.19157653378576,79.27267601420763,56.18686139963932,31
wind_323839,1,13,80.41911861290323,58.28926564484465,83.5179156959057,56.69502543419596,31
wind_323839,1,14,78.16538148387097,55.407716573565715,82.71725086275787,57.36555070898482,31
wind_323839,1,15,75.69764038709677,55.16336058120119,80.93953503277626,57.816133265665,31
wind_323839,1,16,74.43402958064516,52.356272939361546,80.45699792238116,55.76288364124374,31
wind_323839,1,17,75.62401106451614,51.823230470437984,80.73068384917546,55.18280916327842,31
wind_323839,1,18,75.85106129032259,51.15856026076181,74.61443100406152,53.8927710145446,31
wind_323839,1,19,78.15183851612903,49.90404962177466,76.01081621927567,54.50535956229991,31
wind_323839,1,20,77.9824484516129,55.0421128103757,78.43141518272978,53.1089247405894,31
wind_323839,1,21,80.50469803225806,57.54102248956696,84.81594678328959,53.49338511407731,31
wind_323839,1,22,79.75728341935482,57.199949882841146,82.00286702356226,54.993098243755085,31
wind_323839,1,23,82.4884443548387,53.37772141681556,83.69412783793423,56.66624986831231,31
wind_323839,2,0,78.97834165517241,54.273555566421635,81.10197788866162,54.022183019167144,29
wind_323839,2,1,79.33478596551723,48.85095957255262,84.17781090326054,54.05892430465958,29
wind_323839,2,2,85.91584717241378,48.46287827924708,85.87118155553361,52.048300874345145,29
wind_323839,2,3,77.41999331034484,47.04341228274702,79.35163038296373,51.06431184099052,29
wind_323839,2,4,78.0966458275862,52.1830589787582,74.62305746239893,51.599605861032366,29
wind_323839,2,5,76.063396,52.8903722301296,73.79138757450785,53.23171934456059,29
wind_323839,2,6,72.94880772413794,53.31948508397451,76.09361460676776,52.773656560240056,29
wind_323839,2,7,69.57405372413794,58.28127614505626,74.66112421946538,52.352367501147235,29
wind_323839,2,8,77.22898434482761,57.23307979084414,76.09300569660267,54.31655974736564,29
wind_323839,2,9,76.56206996551724,56.481090111932346,75.05739842852674,57.01175697355264,29
wind_323839,2,10,78.08024813793104,57.08570608997543,74.56914562292357,57.8257048978628,29
wind_323839,2,11,75.51295224137931,57.78183785862562,85.70555195380096,57.47865704540507,29
wind_323839,2,12,80.30914486206896,57.92428193741054,89.38465320405075,56.50150947946753,29
wind_323839,2,13,88.8500104137931,56.31745639804273,90.75188703125322,55.9335451320104,29
wind_323839,2,14,84.47253572413793,55.3702850075158,86.74155523780203,57.28515988541391,29
wind_323839,2,15,80.85072844827587,55.77318353918241,92.37030078611372,53.17799913011392,29
wind_323839,2,16,79.57976175862068,54.910599952197366,87.42141494662077,52.79784645935592,29
wind_323839,2,17,76.28574286206897,51.9746232742535,83.92074279339565,52.63851766873787,29
wind_323839,2,18,75.4653814137931,55.81439167854554,82.98527716675491,52.0688979169977,29
wind_323839,2,19,71.75257458620689,53.60361997541726,78.14963901622276,50.92415829938577,29
wind_323839,2,20,70.60689337931035,50.98646363436406,76.97896554231671,50.618932199253436,29
wind_323839,2,21,77.04788296551726,51.96042143146163,76.63780550732525,52.52860294447556,29
wind_323839,2,22,72.38070410344827,53.17542743692051,80.30519882845921,47.770410444780815,29
wind_323839,2,23,80.39591882758621,52.5227915878231,87.78818669578165,50.51768485329475,29
wind_323839,3,0,106.07585077419353,46.395411330534735,101.5407782452736,47.568490525373186,31
wind_323839,3,1,108.35091512903226,44.13314200944028,103.69193941381785,46.18499155702878,31
wind_323839,3,2,98.977523,49.08720299923507,105.15328399925642,45.28348370581666,31
wind_323839,3,3,104.29045103225808,43.62153553102713,102.93807321613829,46.71139161151023,31
wind_323839,3,4,101.9126999032258,50.64698230650137,100.45401372690421,50.65651891028378,31
wind_323839,3,5,95.63951196774194,51.06194063666518,93.59236239962627,52.95894611556735,31
wind_323839,3,6,92.97660783870967,54.71107941479502,88.20697437864403,57.26378857748697,31
wind_323839,3,7,87.78909429032258,53.40874598918378,88.82774616860013,55.02374750827856,31
wind_323839,3,8,93.28365970967742,52.48820124362642,95.55347239641793,55.51910439224847,31
wind_323839,3,9,85.44328532258066,55.101169758404716,90.35453534030191,55.93625336780443,31
wind_323839,3,10,89.08754077419354,53.863203007015755,87.8860419194186,56.90381799892461,31
wind_323839,3,11,78.29212419354839,56.94168677174552,88.81515341199238,55.06298015610832,31
wind_323839,3,12,84.61136867741934,56.61047210161757,91.54184830872249,53.47931208714511,31
wind_323839,3,13,88.67814706451612,56.4979157426815,87.04868488906456,53.45127496294997,31
wind_323839,3,14,89.40753693548386,54.873188000796425,88.74237027353793,54.59572871256229,31
wind_323839,3,15,89.47192083870966,56.300584122173454,90.46420289537555,55.13679665737438,31
wind_323839,3,16,90.47695083870967,54.28396793237148,91.35879643743418,55.34120821883122,31
wind_323839,3,17,88.16043061290324,52.90709584158183,87.06091934870037,56.5536779558765,31
wind_323839,3,18,95.69295735483871,51.142323525286336,91.77869589504881,54.30956225340103,31
wind_323839,3,19,96.19346051612904,51.926232509283935,96.38097410558615,51.562814483764114,31
wind_323839,3,20,98.97937974193549,52.429567830662215,103.0467565742218,50.61927845720885,31
wind_323839,3,21,100.55590061290323,53.536011304949014,105.17026368345022,47.90565811043222,31
wind_323839,3,22,102.7420609032258,51.21627622065363,108.27431761059033,44.103153718454934,31
wind_323839,3,23,112.43594390322582,40.534665411361395,104.69457924756358,45.32887333817762,31
wind_323839,4,0,85.05500583333335,51.57556413918342,90.47020537564747,48.48410866164234,30
wind_323839,4,1,84.55755466666666,52.100193808298066,89.45836410383883,50.12579657156928,30
wind_323839,4,2,77.76208066666666,54.356272291134815,83.54255227581159,54.01065215849806,30
wind_323839,4,3,84.30568076666668,54.33473102532275,84.90803924437401,53.30829779744804,30
wind_323839,4,4,76.60895863333333,55.24723097817113,76.34109818719509,56.42504945884798,30
wind_323839,4,5,76.00846846666667,53.528399857421455,79.05063233102959,55.891146882664835,30
wind_323839,4,6,72.48128446666666,49.87807803580546,77.04853932289458,54.6232396227563,30
wind_323839,4,7,77.84859539999998,54.99853271311485,80.35155245621849,52.019635254429865,30
wind_323839,4,8,78.29326590000001,55.8523296597535,79.81672180766081,54.6313839442167,30
wind_323839,4,9,71.24297523333333,55.084130295786295,77.87534806736697,53.2030478334855,30
wind_323839,4,10,69.6049914,57.70253137376537,73.50245926633663,53.00086878588181,30
wind_323839,4,11,69.5136092,59.069568404280325,69.03815444672342,51.727977284778916,30
wind_323839,4,12,70.81652523333332,54.200315434121926,68.09464341505458,53.92517310380663,30
wind_323839,4,13,72.21555143333333,52.29538295738993,71.16883215250488,50.41566420741161,30
wind_323839,4,14,70.21998573333332,56.11326335723914,71.13132855125629,52.912205435351055,30
wind_323839,4,15,63.12806396666666,58.932536338353664,67.5123477985887,53.9274980920373,30
wind_323839,4,16,66.4372884,57.419020880794555,70.8767311226906,56.46890996613936,30
wind_323839,4,17,73.89142503333333,53.03872754591532,73.02701881942963,55.65304583299966,30
wind_323839,4,18,76.6087805,53.32574325890179,74.71436635603601,54.12351369371857,30
wind_323839,4,19,89.10126553333333,52.22272107812019,81.74510186748428,52.30036164562117,30
wind_323839,4,20,82.94752883333332,49.96980461775342,88.6382589854538,48.89457750482776,30
wind_323839,4,21,86.19208486666666,49.230241532042015,89.24500492755058,50.20472452866499,30
wind_323839,4,22,90.87942346666668,50.605831835523404,96.84646368850899,44.9185222705433,30
wind_323839,4,23,94.09968776666663,48.88313005010262,91.756812892136,45.500362920661345,30
wind_323839,5,0,82.48742516129033,50.241675535343994,92.34559263765078,46.394260721079945,31
wind_323839,5,1,83.99459803225807,50.04568448393899,87.34632930756223,47.387643527882474,31
wind_323839,5,2,85.74617496774192,48.682746553204375,82.65527890329744,50.5299540512194,31
wind_323839,5,3,88.936424,51.890553890150414,78.18880904439983,52.26886083023022,31
wind_323839,5,4,79.37277441935484,51.10241090358061,75.16030023206135,50.34131245233097,31
wind_323839,5,5,78.27133338709676,51.311551984976155,70.04846693385406,51.643590603213596,31
wind_323839,5,6,73.44831638709677,52.958141781511245,68.88013377617989,49.83889226937311,31
wind_323839,5,7,73.98077825806452,55.0874988059978,72.35105694343696,47.27390721367359,31
wind_323839,5,8,67.30452519354839,54.25910261897961,71.06608198242462,50.38613725582859,31
wind_323839,5,9,65.07166212903225,49.33111068326835,64.50643021589676,52.24926595690132,31
wind_323839,5,10,62.175883870967745,51.390281310726344,64.66429373697896,47.54597406866158,31
wind_323839,5,11,72.92148329032258,54.81386624190759,65.39717630121724,44.242394458271065,31
wind_323839,5,12,73.40688319354837,51.34222728658938,62.88587657784198,47.34482862311899,31
wind_323839,5,13,71.00862619354838,51.967958572481976,63.986728146591126,50.228483480047615,31
wind_323839,5,14,74.21066670967741,52.995694448428885,63.793717818429194,49.31706504389226,31
wind_323839,5,15,75.73710638709679,48.95499998412322,64.75569592342313,48.38298065892846,31
wind_323839,5,16,73.87421451612906,53.14074042516773,64.93519057673232,50.18839290502803,31
wind_323839,5,17,68.38244503225806,50.330466633804065,68.74721088044906,51.690957782906224,31
wind_323839,5,18,72.20531061290323,52.46712289515892,76.17352120003832,52.996934224954124,31
wind_323839,5,19,72.91760667741936,53.90094025459596,73.6571445697669,52.43562092689573,31
wind_323839,5,20,79.69532283870967,51.09179746186646,78.19810553315223,53.12511026237011,31
wind_323839,5,21,87.81552129032258,45.151627820581595,86.7177551968027,50.334579823443924,31
wind_323839,5,22,93.90835248387097,46.310747545519575,88.78246625617349,48.34379882918931,31
wind_323839,5,23,94.0928987419355,46.399549633906545,83.5302519483124,47.680084146117515,31
wind_323839,6,0,81.86583783333334,59.10932314529167,86.2507426248907,56.43312333228911,30
wind_323839,6,1,80.0470089,56.431097098049015,91.70434981797112,49.959716043453184,30
wind_323839,6,2,79.14998773333332,55.01355121861049,92.03939889659104,47.553825699551936,30
wind_323839,6,3,81.3567465,51.41704779697123,90.21843218415329,51.254368546779304,30
wind_323839,6,4,74.9357572,57.08590871382151,88.6131748627144,51.22415065160808,30
wind_323839,6,5,75.40087876666666,55.56950676130295,84.57778704431553,50.25165747249065,30
wind_323839,6,6,74.6480181,52.79179086989297,80.19768796295871,52.1467593169119,30
wind_323839,6,7,64.20367660000001,51.74201500964965,78.26495964426026,53.66930398985522,30
wind_323839,6,8,66.23106466666665,50.59307057335368,79.21675216253,49.45192648220951,30
wind_323839,6,9,60.85420663333333,51.324326548135666,76.09847333918388,51.66843286124266,30
wind_323839,6,10,61.493009300000004,47.348197872365944,73.44179419977053,52.704822018226395,30
wind_323839,6,11,60.44728683333333,50.43933466710951,68.93716482726843,54.083899652065384,30
wind_323839,6,12,64.85306746666667,50.67764119454028,71.89226314358952,54.49720484092268,30
wind_323839,6,13,62.66092049999999,48.44559177900989,71.63041882903002,53.072149138589275,30
wind_323839,6,14,66.63577296666666,48.86775633094767,68.9974448598528,54.688049509949124,30
wind_323839,6,15,64.74438330000001,50.63405064926228,73.06222217843627,57.62061936669949,30
wind_323839,6,16,69.0768011,58.473143981643496,74.23678447415635,57.842824140719515,30
wind_323839,6,17,65.32955753333333,55.33907298400893,73.9138854738596,56.53303855822923,30
wind_323839,6,18,64.5553029,55.755325872318814,76.4120168726246,55.17613191479949,30
wind_323839,6,19,65.23073566666667,56.09702914860319,78.97949861763375,54.33131165128568,30
wind_323839,6,20,73.97003293333334,59.05667521071122,80.62115681998436,54.582244072680965,30
wind_323839,6,21,75.41938323333332,59.09476097059476,81.94394453898008,54.47708176131512,30
wind_323839,6,22,85.52091113333333,60.650901562240776,82.65516885039844,55.30118250682037,30
wind_323839,6,23,87.79925623333334,56.69550634517887,89.82240797556612,52.16462743816529,30
wind_323839,7,0,75.95680329032258,50.14668228921378,84.17366856233333,53.22151572436704,31
wind_323839,7,1,70.06826158064514,49.510866556488956,82.10974276407151,52.433137829541124,31
wind_323839,7,2,66.48177777419356,47.94890331913128,79.81327445859668,54.44115093147381,31
wind_323839,7,3,70.63750874193549,53.39649316737876,80.12847388640816,53.32490137703387,31
wind_323839,7,4,70.17895058064515,49.59329418641541,77.76151347897887,51.664876336396134,31
wind_323839,7,5,71.94275041935484,49.861535881293385,76.07102130245494,50.53929400992334,31
wind_323839,7,6,73.36990177419355,50.989255867092005,75.47603392622031,52.38175055781553,31
wind_323839,7,7,80.31097367741935,51.13832154388517,68.85329556114168,52.405559767012676,31
wind_323839,7,8,70.28280274193548,47.57965704675331,70.68995646432431,48.447186435784,31
wind_323839,7,9,66.81818867741934,49.80468473165316,67.85742022219361,49.337733536655946,31
wind_323839,7,10,58.58495554838709,50.63589076733938,66.75016540724032,51.49893116442265,31
wind_323839,7,11,52.405668806451615,50.601836191699434,61.855394339772744,51.184707090606246,31
wind_323839,7,12,45.218694258064524,48.56645704074801,57.206817252141406,51.73234921387112,31
wind_323839,7,13,47.17730719354838,49.8262461520627,58.19045208084887,52.89754460191541,31
wind_323839,7,14,51.45979067741936,51.268441770288675,55.999332918439535,53.725227065396005,31
wind_323839,7,15,51.890349161290324,47.02468003028884,55.75146975822926,52.59449501512942,31
wind_323839,7,16,50.119714258064505,50.47340087956385,60.78040929415812,57.212151131800276,31
wind_323839,7,17,51.825210129032264,49.076633735186256,67.60127957599339,56.49337159796397,31
wind_323839,7,18,60.82974880645161,52.71776238063266,69.26079916714104,54.35391666963225,31
wind_323839,7,19,60.68760093548387,50.49886434605135,73.87939163592665,52.01879180758578,31
wind_323839,7,20,64.72953287096774,51.90619413590919,82.57728661758145,50.94540665682558,31
wind_323839,7,21,65.86749816129033,54.55452063730758,87.71476728357142,51.23691982691382,31
wind_323839,7,22,68.73382035483871,50.16320559919377,89.42862477767325,51.398686412091564,31
wind_323839,7,23,71.62612570967741,51.06699670489316,91.53210594934403,50.011474545794776,31
wind_323839,8,0,74.90851787096774,50.218062103945094,70.08047667698565,44.67236507209267,31
wind_323839,8,1,70.14002093548386,47.76839548746795,67.46113616726726,46.21851991189075,31
wind_323839,8,2,59.69497,48.769704724824265,64.69620492367719,45.982407129268886,31
wind_323839,8,3,56.96299209677418,46.329801819115666,60.95820513262911,45.195323143224634,31
wind_323839,8,4,52.13440974193549,43.3768080518284,51.71591532682053,40.868972979192606,31
wind_323839,8,5,52.796760741935486,46.42972821781946,50.87124899566544,42.25521152727804,31
wind_323839,8,6,46.47388777419355,44.58208816430906,47.60584964100965,41.67246449489663,31
wind_323839,8,7,42.2899784516129,47.87850720413934,53.01208869486643,46.2054600699145,31
wind_323839,8,8,44.09209780645161,46.80765198150537,51.22120477545481,46.431959404790724,31
wind_323839,8,9,42.74652058064516,49.086046930057435,48.454058910330474,46.37078708457179,31
wind_323839,8,10,41.98457129032258,47.863100081342196,47.659962030877914,46.78962834289241,31
wind_323839,8,11,38.09769674193548,44.970088532792225,43.52981584179198,44.60829944787734,31
wind_323839,8,12,41.83543235483871,46.28716111434739,43.488887215400425,49.649956042391445,31
wind_323839,8,13,43.24618083870968,46.13922570538733,44.30159762418284,49.399597053017644,31
wind_323839,8,14,42.09732251612903,43.44676742745425,43.937227846512386,49.90608644861935,31
wind_323839,8,15,46.171047064516145,45.22688727090656,45.65000169589834,50.92393463266764,31
wind_323839,8,16,44.42088648387097,43.824437963286876,45.53629636066285,51.34941048659627,31
wind_323839,8,17,44.65108612903226,43.360002136585294,46.06063631041107,48.16266442322945,31
wind_323839,8,18,47.76672841935484,46.46414077579741,54.79925752993547,49.80561014138173,31
wind_323839,8,19,51.55749296774194,47.32162461013602,61.13543198400949,49.37332134853096,31
wind_323839,8,20,56.096917129032256,45.734645619195824,67.63017141158288,48.055077044480356,31
wind_323839,8,21,63.37419558064516,45.95004469953653,73.62156417315312,48.40647463989141,31
wind_323839,8,22,69.38533341935484,49.58379347678889,75.97528725060876,47.378145297500076,31
wind_323839,8,23,69.10441641935483,48.29315068704587,76.997381241729,45.8373337563781,31
wind_323839,9,0,68.49505293333333,57.476955304986525,65.77176386938875,55.50383337477956,30
wind_323839,9,1,63.5870536,54.80883590589863,66.69064263315472,54.933730155524316,30
wind_323839,9,2,65.68744686666668,56.76615198241599,67.54201987924343,54.45046199954289,30
wind_323839,9,3,64.13348246666666,57.19850629899863,69.53417889034276,55.17922702358061,30
wind_323839,9,4,59.53297369999999,51.806951624470045,66.84999490179544,53.89433788323459,30
wind_323839,9,5,48.75700753333333,49.29843917657014,62.80621786865385,52.996555280456725,30
wind_323839,9,6,49.14724273333334,48.4554048119782,59.888262692880275,53.911321125832565,30
wind_323839,9,7,52.5749746,52.068827182767166,59.824378594960066,53.08644642953315,30
wind_323839,9,8,51.261188,52.81901869775051,56.77602587771758,53.01818760179192,30
wind_323839,9,9,47.310153166666666,52.01698727175076,54.398582333329045,52.35924125490426,30
wind_323839,9,10,46.542082000000015,47.726106100943504,53.558746391887674,53.43873091724062,30
wind_323839,9,11,48.22154623333334,49.79150597760912,53.43245124848632,53.40338243379458,30
wind_323839,9,12,48.07195333333334,47.32822890855489,52.027813071779015,51.41658580601717,30
wind_323839,9,13,53.92952843333333,47.80323139010302,54.7528505405006,50.753334235672234,30
wind_323839,9,14,52.21485166666666,50.77240307498557,54.022267040856946,47.92678844126668,30
wind_323839,9,15,54.54972403333333,50.17022972887961,54.662465008978565,49.82495742513225,30
wind_323839,9,16,58.95450589999999,51.38471379264216,52.5009792077526,49.528623826266355,30
wind_323839,9,17,53.87861876666667,51.190813052988815,50.05582354064513,50.104304318805184,30
wind_323839,9,18,52.7082305,50.38062712716423,49.146680245298136,50.457734804104184,30
wind_323839,9,19,52.8322465,54.04820205857763,57.09750472685502,55.32690033819379,30
wind_323839,9,20,54.69334783333333,56.835174133720805,62.60480700278798,57.518119058988525,30
wind_323839,9,21,55.80950863333333,57.017651593545004,64.82146999879414,58.05213619329364,30
wind_323839,9,22,59.880585266666664,56.63807606467939,65.67412705479798,58.30306459724582,30
wind_323839,9,23,63.50963113333333,57.55867504317175,67.1390909479757,58.65922957773154,30
wind_323839,10,0,61.43581535483871,54.41923021008489,72.76267252091834,50.95678854907405,31
wind_323839,10,1,61.0377125483871,48.86311711335326,73.28094854191416,51.280495015854996,31
wind_323839,10,2,60.97982222580646,51.34767924080802,74.56207755310243,49.75328781374259,31
wind_323839,10,3,60.411114000000005,50.56462903832477,76.17779088067041,51.2211150766371,31
wind_323839,10,4,60.39956041935485,55.92015639994438,77.38081785315845,50.54710444733031,31
wind_323839,10,5,59.206887806451604,54.51398061639671,77.52347786136157,47.33225901239635,31
wind_323839,10,6,56.848279387096774,52.45414871742244,76.87940561905522,45.729272080351656,31
wind_323839,10,7,52.98010583870968,50.599756755701144,74.1247785124819,45.92634528664822,31
wind_323839,10,8,54.39794119354838,52.431441554850394,70.92463396545192,47.16566167520624,31
wind_323839,10,9,51.897813806451616,48.52369228660822,67.68663216671696,46.98634217319919,31
wind_323839,10,10,49.35367622580643,50.091088413551965,63.4363835140189,48.233043883797166,31
wind_323839,10,11,49.88625680645162,48.24354352590617,60.712585852670585,50.37224388797575,31
wind_323839,10,12,52.484419193548376,49.63091961863394,59.95650348395719,49.076473788631816,31
wind_323839,10,13,57.294252806451624,49.15169840846627,62.2362776539309,47.251008338844464,31
wind_323839,10,14,48.68697609677419,42.77973304637677,60.74276194463577,48.97372675413944,31
wind_323839,10,15,53.837900258064515,44.04649132809312,59.760662618284,48.64793489689081,31
wind_323839,10,16,53.6349305483871,44.8229603609379,58.5682754734485,50.48615959154368,31
wind_323839,10,17,50.75092535483871,41.626265768587466,58.96263153029351,50.73799322431243,31
wind_323839,10,18,51.512127387096776,47.75840770241961,68.3116770592664,50.7339018825026,31
wind_323839,10,19,56.553853129032255,51.09062613864726,75.40754211944406,52.92057296479108,31
wind_323839,10,20,64.22891993548387,52.51877437546285,72.27548374282237,53.867207544468734,31
wind_323839,10,21,72.00098364516128,53.799073551353075,73.54439363615613,53.41925418730436,31
wind_323839,10,22,69.36502864516129,53.5234967666647,75.89874048132415,53.81451876554063,31
wind_323839,10,23,68.22374335483872,59.157160679588465,81.49053556126486,53.82758906389733,31
wind_323839,11,0,90.96266396666667,52.87245722496758,98.23120578450872,51.742990997234884,30
wind_323839,11,1,90.20667469999998,54.48170908037149,94.1773325320269,52.226261821697875,30
wind_323839,11,2,88.26595526666667,53.797867922403675,92.0581228329302,52.756917075376144,30
wind_323839,11,3,86.73636076666668,57.080121102024165,90.32817553162756,52.872127820311746,30
wind_323839,11,4,85.50612366666665,55.303004821848205,89.54722834664672,52.63920730968631,30
wind_323839,11,5,79.12123146666666,56.66392954588462,86.40422371904545,55.20781859821563,30
wind_323839,11,6,72.74027423333334,55.820740902484125,84.72315759199394,55.005489305259076,30
wind_323839,11,7,79.1360527,54.72158417310604,81.55600568991709,55.05803933358503,30
wind_323839,11,8,81.92609139999999,55.666565468325814,83.4666287741575,54.934563035447034,30
wind_323839,11,9,80.94758896666667,55.25749772547985,88.53653890312772,56.18137290979747,30
wind_323839,11,10,79.68454086666665,58.16689937505406,87.4520146069286,56.14166233537664,30
wind_323839,11,11,84.11799986666666,55.1934874372609,88.28597327235376,54.77499895911821,30
wind_323839,11,12,86.17298713333334,51.97780623841014,91.96377059551361,52.08517084104842,30
wind_323839,11,13,89.4978502,53.34932875341233,94.63376409880274,48.471718640011595,30
wind_323839,11,14,92.80722049999999,52.82214643603581,96.80251489073225,47.912800567606226,30
wind_323839,11,15,95.08839080000001,48.370452616633244,93.66069398758492,50.71380453408744,30
wind_323839,11,16,90.2409541,47.67043718032973,96.36023339605431,45.44984253957954,30
wind_323839,11,17,93.54725436666666,48.114253591132666,101.25215960904329,46.41042716773518,30
wind_323839,11,18,89.23716043333333,49.64420753356327,98.94178143774533,46.51034771879439,30
wind_323839,11,19,85.94812986666668,51.972999119711986,95.48489614398258,49.36093324017477,30
wind_323839,11,20,88.96075003333333,48.18078137549982,95.67226180856905,48.945221434042885,30
wind_323839,11,21,89.99434003333333,48.40002155908325,97.07035727066302,51.231265099253086,30
wind_323839,11,22,90.4230021,52.55002676713154,97.9132350705882,51.05427493175413,30
wind_323839,11,23,90.9838892,52.30150280505219,101.08871834518935,48.187447825132274,30
wind_323839,12,0,79.96815903225807,57.329733074304286,85.23795593001388,52.98327045245362,31
wind_323839,12,1,82.77206161290323,54.582274156262784,86.87380640300678,52.75175620655315,31
wind_323839,12,2,85.22632100000001,54.91711132974823,88.26276158440538,50.97621875043317,31
wind_323839,12,3,80.97984509677418,52.24692911545473,86.66135645562743,51.0505629455358,31
wind_323839,12,4,76.80673067741935,51.32939136063647,91.2601756818795,50.157631164332635,31
wind_323839,12,5,81.43474277419357,50.70873312139818,86.72423321224676,49.43070379934374,31
wind_323839,12,6,78.49031841935484,51.94114737259631,82.87163865021756,51.55091337748266,31
wind_323839,12,7,74.21139922580645,55.27475412314157,78.32809435949594,50.23139585684794,31
wind_323839,12,8,75.04675816129033,53.7427780830421,74.41205047916372,50.0648172801297,31
wind_323839,12,9,76.29079641935485,50.25726093694148,72.25287203686447,50.92472553298138,31
wind_323839,12,10,66.24518238709679,52.873786293369704,72.6371127669866,52.96148034617622,31
wind_323839,12,11,67.00059451612904,51.062158806241165,74.08274545261254,52.788689979412936,31
wind_323839,12,12,69.78996322580645,54.57343447292494,78.50544973553981,50.523994569422015,31
wind_323839,12,13,73.76553241935484,52.94981328378079,79.73414775249604,51.26535307421585,31
wind_323839,12,14,67.24121161290323,52.14673821095285,79.94963207406488,51.62827398264246,31
wind_323839,12,15,69.14106622580645,49.25807894802437,78.31371340151247,53.44862538069875,31
wind_323839,12,16,67.14007167741936,52.54458764275795,80.23832269576381,55.80917233315187,31
wind_323839,12,17,69.69269964516128,56.091000172705066,76.01950274241963,55.230100299928914,31
wind_323839,12,18,71.58565416129032,55.86821088179545,73.6580801658577,55.25324923310608,31
wind_323839,12,19,71.801171,57.25374452280927,75.06805910047322,54.06929250409725,31
wind_323839,12,20,69.44756329032258,57.518297490638545,78.3083410006942,53.4257538008618,31
wind_323839,12,21,77.7983488064516,56.128083488048425,80.62555182979615,54.78236936996004,31
wind_323839,12,22,72.95534606451612,56.671260803380555,80.32234363327684,56.458597765012925,31
wind_323839,12,23,70.86421341935483,57.98300264016371,82.08553146979156,55.456136085305516,31
