Time,wind_323604,wind_323605,wind_323614,wind_323696,wind_323753
2020-01-01 00:00:00+00:00,16.5631,22.0898,21.6263,46.6243,61.4638
2020-01-01 01:00:00+00:00,22.6526,28.4392,27.3069,68.1136,56.1540
2020-01-01 02:00:00+00:00,32.3356,35.4663,36.9503,79.2991,58.3981
2020-01-01 03:00:00+00:00,47.8245,52.4650,47.3775,123.9280,47.1561
2020-01-01 04:00:00+00:00,52.2162,55.8073,47.6147,150.3049,68.0109
2020-01-01 05:00:00+00:00,52.8655,53.2516,49.7149,135.8452,66.5258
2020-01-01 06:00:00+00:00,25.2898,35.6456,38.4111,64.1823,76.9583
2020-01-01 07:00:00+00:00,45.2700,54.4745,60.3863,107.2039,76.1653
2020-01-01 08:00:00+00:00,54.7293,57.2205,61.0109,129.6837,76.6066
2020-01-01 09:00:00+00:00,63.5028,71.1206,74.5627,162.7230,75.8273
2020-01-01 10:00:00+00:00,62.2359,77.6298,81.1323,167.9560,79.6479
2020-01-01 11:00:00+00:00,58.9416,67.7953,68.5407,160.2543,78.9188
2020-01-01 12:00:00+00:00,41.8596,45.1130,45.5026,110.2194,76.3456
2020-01-01 13:00:00+00:00,52.6480,55.2247,54.9510,134.8274,76.5720
2020-01-01 14:00:00+00:00,61.7365,66.0220,66.7473,159.8138,76.4452
2020-01-01 15:00:00+00:00,56.1162,63.1456,59.3279,156.7818,75.9678
2020-01-01 16:00:00+00:00,57.0412,59.5531,57.3789,150.4409,79.9000
2020-01-01 17:00:00+00:00,42.9022,45.1380,47.3886,103.4169,79.9000
2020-01-01 18:00:00+00:00,43.0816,45.8824,52.1893,94.3540,79.9000
2020-01-01 19:00:00+00:00,50.8327,54.9397,59.5902,117.5480,79.9000
2020-01-01 20:00:00+00:00,52.3588,59.8318,64.9755,125.8961,77.9278
2020-01-01 21:00:00+00:00,47.3835,51.1825,52.8748,117.2047,75.9289
2020-01-01 22:00:00+00:00,69.2609,83.5083,86.5015,176.8766,59.1812
2020-01-01 23:00:00+00:00,76.7488,94.2788,100.3151,199.3958,55.8460
2020-01-02 00:00:00+00:00,76.5795,95.1486,95.1461,204.8275,49.2793
2020-01-02 01:00:00+00:00,78.3871,96.7400,101.8515,207.9460,71.1567
2020-01-02 02:00:00+00:00,67.2402,77.0894,78.2877,169.6388,63.6774
2020-01-02 03:00:00+00:00,77.6221,96.0011,100.8553,205.8897,44.5646
2020-01-02 04:00:00+00:00,79.6163,98.1890,102.9062,211.1398,19.2287
2020-01-02 05:00:00+00:00,78.8517,95.9164,95.0093,208.8658,13.2853
2020-01-02 06:00:00+00:00,78.4517,95.2247,92.1707,207.2195,18.1732
2020-01-02 07:00:00+00:00,62.0891,68.9566,64.5846,157.8613,19.8974
2020-01-02 08:00:00+00:00,52.7227,58.8875,55.8460,123.6883,18.9379
2020-01-02 09:00:00+00:00,51.3963,50.1034,48.4238,109.8011,18.2158
2020-01-02 10:00:00+00:00,41.4196,41.2537,41.4505,79.1330,45.8493
2020-01-02 11:00:00+00:00,38.5350,52.0726,49.9358,90.3774,75.5087
2020-01-02 12:00:00+00:00,35.0906,48.9410,47.1298,89.2960,77.2772
2020-01-02 13:00:00+00:00,35.4729,47.4414,47.2495,85.2277,76.5604
2020-01-02 14:00:00+00:00,43.2912,52.8208,54.3999,94.3114,64.3400
2020-01-02 15:00:00+00:00,22.8861,24.5783,26.0566,46.4369,47.0619
2020-01-02 16:00:00+00:00,23.5980,22.0581,25.6957,38.0921,41.7578
2020-01-02 17:00:00+00:00,17.3103,16.7076,19.5925,28.6546,38.6081
2020-01-02 18:00:00+00:00,17.9627,15.9821,19.2244,25.1476,27.4190
2020-01-02 19:00:00+00:00,18.3648,18.4185,20.4447,27.2776,24.0402
2020-01-02 20:00:00+00:00,26.7572,29.6268,30.7207,39.0275,26.5870
2020-01-02 21:00:00+00:00,47.3759,54.2821,52.0840,79.1248,47.8344
2020-01-02 22:00:00+00:00,57.7230,53.0818,50.8963,93.3098,62.7235
2020-01-02 23:00:00+00:00,52.9443,48.3530,50.1236,73.7663,56.9021
2020-01-03 00:00:00+00:00,73.4217,71.2762,74.5277,124.9935,53.1741
2020-01-03 01:00:00+00:00,80.0465,97.3924,102.7685,209.0429,77.0531
2020-01-03 02:00:00+00:00,79.8211,93.9892,100.6733,204.5386,77.4098
2020-01-03 03:00:00+00:00,81.0000,97.3971,104.4050,208.5160,76.8330
2020-01-03 04:00:00+00:00,80.2966,97.5913,103.2882,209.8012,76.0911
2020-01-03 05:00:00+00:00,79.5364,97.0972,102.1720,209.8517,65.8721
2020-01-03 06:00:00+00:00,79.2162,96.8526,101.7356,209.5315,56.0385
2020-01-03 07:00:00+00:00,78.3750,96.4742,100.9344,208.7358,55.8981
2020-01-03 08:00:00+00:00,78.3392,96.5278,100.8388,209.2584,49.9349
2020-01-03 09:00:00+00:00,76.8130,95.0489,87.8588,205.4370,23.8899
2020-01-03 10:00:00+00:00,72.1311,89.4118,87.3273,192.3016,21.0104
2020-01-03 11:00:00+00:00,46.8185,56.8436,53.7109,120.9149,18.5353
2020-01-03 12:00:00+00:00,39.3521,50.0021,45.8019,107.1004,22.0471
2020-01-03 13:00:00+00:00,50.4553,62.9721,58.1214,136.0993,14.1586
2020-01-03 14:00:00+00:00,41.7894,49.7298,43.4230,108.2802,12.5128
2020-01-03 15:00:00+00:00,44.0792,42.0307,35.4618,98.8998,18.1439
2020-01-03 16:00:00+00:00,33.5816,32.5010,26.7307,75.4471,20.8531
2020-01-03 17:00:00+00:00,33.5447,32.5281,26.3270,77.2781,28.0401
2020-01-03 18:00:00+00:00,27.8126,24.9235,20.9339,59.5319,21.3583
2020-01-03 19:00:00+00:00,20.5639,21.4015,18.7906,46.4496,16.9450
2020-01-03 20:00:00+00:00,17.1648,17.2426,15.2203,36.9659,22.3869
2020-01-03 21:00:00+00:00,17.6320,19.9859,18.3946,41.2273,23.6367
2020-01-03 22:00:00+00:00,16.0959,22.3679,19.8886,48.0807,12.6598
2020-01-03 23:00:00+00:00,34.2750,35.5002,37.2771,83.9975,11.3916
2020-01-04 00:00:00+00:00,30.2676,32.4936,34.5477,67.1759,7.8004
2020-01-04 01:00:00+00:00,37.3103,33.7048,38.1961,74.9659,9.9354
2020-01-04 02:00:00+00:00,20.7974,24.8447,23.6362,55.0543,7.0268
2020-01-04 03:00:00+00:00,20.1447,23.0435,22.3603,51.3159,1.3614
2020-01-04 04:00:00+00:00,17.0702,18.1414,18.0125,44.1735,2.4099
2020-01-04 05:00:00+00:00,8.1670,7.6120,7.5827,20.4356,0.0000
2020-01-04 06:00:00+00:00,2.5584,1.5278,1.5682,5.4050,0.0000
2020-01-04 07:00:00+00:00,0.7671,0.0000,0.0000,0.0000,0.0000
2020-01-04 08:00:00+00:00,0.0000,0.0000,0.0000,0.0000,0.0000
2020-01-04 09:00:00+00:00,0.0000,0.0000,0.0000,0.0000,0.0000
2020-01-04 10:00:00+00:00,0.0000,0.0000,0.0000,0.0000,0.0000
2020-01-04 11:00:00+00:00,0.0000,0.0000,0.0000,0.0000,0.0000
2020-01-04 12:00:00+00:00,0.0000,0.0000,0.0000,0.0000,0.0000
2020-01-04 13:00:00+00:00,0.0000,0.0000,0.0000,0.0000,0.0000
2020-01-04 14:00:00+00:00,0.0000,0.0000,0.0000,0.0000,4.3027
2020-01-04 15:00:00+00:00,0.6565,0.7222,1.3099,0.0000,4.4019
2020-01-04 16:00:00+00:00,0.5255,0.0000,1.4280,0.0000,4.5646
2020-01-04 17:00:00+00:00,1.2484,1.2071,2.3947,0.0000,7.0132
2020-01-04 18:00:00+00:00,2.4510,2.2901,4.0388,2.0099,4.0215
2020-01-04 19:00:00+00:00,1.2360,1.2375,2.0674,1.0591,12.9679
2020-01-04 20:00:00+00:00,0.0000,0.0000,0.8241,0.0000,12.4768
2020-01-04 21:00:00+00:00,0.1989,1.2159,1.3386,2.4847,9.3037
2020-01-04 22:00:00+00:00,0.3772,1.2098,1.2993,3.2311,17.4020
2020-01-04 23:00:00+00:00,1.3992,1.9367,2.0045,4.6658,21.6276
2020-01-05 00:00:00+00:00,0.2505,0.0000,0.0000,1.1920,19.7198
2020-01-05 01:00:00+00:00,1.3968,1.1317,1.1726,3.2874,34.5299
2020-01-05 02:00:00+00:00,1.3540,0.0000,0.0585,0.0000,25.9615
2020-01-05 03:00:00+00:00,0.4894,0.0000,0.0000,0.0000,22.8603
2020-01-05 04:00:00+00:00,0.0000,0.0000,0.0000,0.0000,17.0317
2020-01-05 05:00:00+00:00,0.2665,0.0000,0.0000,0.0000,18.0116
2020-01-05 06:00:00+00:00,5.3888,2.0457,2.5676,7.2187,19.5986
2020-01-05 07:00:00+00:00,9.4740,5.8352,6.2115,16.9758,28.6382
2020-01-05 08:00:00+00:00,33.2924,34.2924,38.6227,62.0539,36.5000
2020-01-05 09:00:00+00:00,52.6026,56.4661,58.2419,130.6161,36.2137
2020-01-05 10:00:00+00:00,60.8314,63.9085,67.7169,147.5159,39.2938
2020-01-05 11:00:00+00:00,59.5801,56.8235,61.9871,134.7101,46.4070
2020-01-05 12:00:00+00:00,65.9887,66.7426,69.9896,164.0335,38.7351
2020-01-05 13:00:00+00:00,62.3161,64.1624,64.9974,158.0771,47.8654
2020-01-05 14:00:00+00:00,63.5696,64.0421,62.4130,169.1746,50.6688
2020-01-05 15:00:00+00:00,71.0753,69.7617,66.9554,192.2503,36.1778
2020-01-05 16:00:00+00:00,73.2433,68.5250,67.9474,185.1770,44.2740
2020-01-05 17:00:00+00:00,76.3818,75.3202,73.7362,195.5387,49.3942
2020-01-05 18:00:00+00:00,77.5150,84.0614,82.3722,204.8548,37.9344
2020-01-05 19:00:00+00:00,69.3046,68.7187,68.2814,173.6904,34.2265
2020-01-05 20:00:00+00:00,65.1948,61.5231,59.5990,158.3027,32.4910
2020-01-05 21:00:00+00:00,44.9718,43.9238,41.4663,111.7357,19.4950
2020-01-05 22:00:00+00:00,40.3848,34.2202,32.7650,93.9299,11.6312
2020-01-05 23:00:00+00:00,30.6070,23.2840,23.4015,65.4493,3.5602
2020-01-06 00:00:00+00:00,16.4966,10.5200,11.8621,31.8619,0.0000
2020-01-06 01:00:00+00:00,13.6604,8.5688,8.4615,29.9154,0.0000
2020-01-06 02:00:00+00:00,10.8201,8.1834,7.2002,26.4695,0.0000
2020-01-06 03:00:00+00:00,9.3371,4.5241,3.6055,16.8319,0.0000
2020-01-06 04:00:00+00:00,10.4574,4.1793,3.4523,14.0053,0.0000
2020-01-06 05:00:00+00:00,16.9853,8.3615,7.4381,24.2364,2.2356
2020-01-06 06:00:00+00:00,5.3223,0.5565,0.0000,5.0553,0.4213
2020-01-06 07:00:00+00:00,0.0000,0.0000,0.0000,0.0000,4.7339
2020-01-06 08:00:00+00:00,1.0117,0.3202,2.0057,2.8247,9.9535
2020-01-06 09:00:00+00:00,3.2303,1.5272,3.4885,5.5826,10.8104
2020-01-06 10:00:00+00:00,3.9516,4.4034,6.1605,9.6594,13.9933
2020-01-06 11:00:00+00:00,8.6010,7.1596,9.7454,14.0886,19.8551
2020-01-06 12:00:00+00:00,5.0934,5.2143,6.3305,11.1198,18.7849
2020-01-06 13:00:00+00:00,3.7824,7.4222,9.6855,17.1796,21.2455
2020-01-06 14:00:00+00:00,5.0762,12.8102,14.9176,25.0425,36.1010
2020-01-06 15:00:00+00:00,5.4840,11.9242,15.1397,21.9898,69.9686
2020-01-06 16:00:00+00:00,16.5089,14.0073,22.9948,18.3080,77.6688
2020-01-06 17:00:00+00:00,24.1554,16.1725,20.8686,25.8984,79.9000
2020-01-06 18:00:00+00:00,34.4016,38.0808,44.5463,54.9765,79.9000
2020-01-06 19:00:00+00:00,60.8145,53.8661,61.0620,121.5306,79.9000
2020-01-06 20:00:00+00:00,58.4631,46.5689,52.6916,110.9222,79.9000
2020-01-06 21:00:00+00:00,46.6250,29.0158,35.9283,73.9937,79.9000
2020-01-06 22:00:00+00:00,78.7035,30.7227,57.6830,90.3710,75.8757
2020-01-06 23:00:00+00:00,77.8606,70.3321,99.7275,136.4174,43.1838
2020-01-07 00:00:00+00:00,64.4217,70.4752,73.7123,152.4341,39.0241
2020-01-07 01:00:00+00:00,61.6516,65.8947,64.8939,168.1187,76.7083
2020-01-07 02:00:00+00:00,38.4813,39.6248,39.6749,99.0701,42.4123
2020-01-07 03:00:00+00:00,64.3427,63.7172,65.2938,153.7634,79.9000
2020-01-07 04:00:00+00:00,77.0801,95.4364,101.3430,204.0810,79.9000
2020-01-07 05:00:00+00:00,80.2014,98.9606,104.9331,211.8784,76.7918
2020-01-07 06:00:00+00:00,74.9557,80.3377,85.0324,184.2291,68.1353
2020-01-07 07:00:00+00:00,79.2926,97.6833,103.1457,209.4818,40.5347
2020-01-07 08:00:00+00:00,77.9567,95.2513,100.6024,205.3348,27.5109
2020-01-07 09:00:00+00:00,77.6852,95.3721,100.7190,204.7752,30.8666
2020-01-07 10:00:00+00:00,35.0604,46.5903,43.5893,108.3479,32.3199
2020-01-07 11:00:00+00:00,17.2821,23.3478,21.7357,52.7719,30.5507
2020-01-07 12:00:00+00:00,4.8692,6.0233,5.5643,13.3268,31.3198
2020-01-07 13:00:00+00:00,12.9958,8.1376,15.3226,10.0528,14.1254
2020-01-07 14:00:00+00:00,6.8921,6.9930,8.9791,7.4677,3.9249
2020-01-07 15:00:00+00:00,6.6834,6.8713,8.1271,7.3317,0.0000
2020-01-07 16:00:00+00:00,2.9233,2.6060,2.8852,4.5207,0.0000
2020-01-07 17:00:00+00:00,5.0413,4.0461,4.8158,7.3387,6.7219
2020-01-07 18:00:00+00:00,8.4333,8.2366,9.7410,13.4377,4.0410
2020-01-07 19:00:00+00:00,4.8311,4.6211,4.8847,8.0108,2.9768
2020-01-07 20:00:00+00:00,1.1085,0.0000,0.0000,0.0000,7.8351
2020-01-07 21:00:00+00:00,1.1617,0.0000,0.0000,0.0000,0.5485
2020-01-07 22:00:00+00:00,5.6181,1.7512,2.0046,0.0000,0.0000
2020-01-07 23:00:00+00:00,10.7236,5.4960,4.3821,10.8005,13.3146
2020-01-08 00:00:00+00:00,12.3449,6.4571,6.4748,11.6220,13.6175
2020-01-08 01:00:00+00:00,14.0774,8.4212,7.0299,17.3223,17.5705
2020-01-08 02:00:00+00:00,16.4400,8.0620,8.9671,13.2734,45.4315
2020-01-08 03:00:00+00:00,30.4016,30.8029,23.2413,72.1200,51.6332
2020-01-08 04:00:00+00:00,26.3266,25.3913,23.4332,59.9714,54.5397
2020-01-08 05:00:00+00:00,22.7364,21.5113,18.1690,57.4026,30.7269
2020-01-08 06:00:00+00:00,14.2221,13.1115,10.6490,32.5699,26.9504
2020-01-08 07:00:00+00:00,14.3400,14.1839,12.0217,32.9011,28.7321
2020-01-08 08:00:00+00:00,22.6667,25.9523,27.6498,48.9635,52.4588
2020-01-08 09:00:00+00:00,23.2114,27.8584,28.1573,56.1284,61.3854
2020-01-08 10:00:00+00:00,23.0113,28.0670,23.2131,66.5087,22.9414
2020-01-08 11:00:00+00:00,20.2606,26.3016,27.9760,52.1277,18.1784
2020-01-08 12:00:00+00:00,24.0700,30.6386,26.9384,71.9390,7.7997
2020-01-08 13:00:00+00:00,18.5512,23.1647,21.1961,53.1638,9.6185
2020-01-08 14:00:00+00:00,37.3659,44.6605,42.9988,99.6962,12.1245
2020-01-08 15:00:00+00:00,28.2095,32.9700,31.6450,74.5576,74.0245
2020-01-08 16:00:00+00:00,39.7863,44.5781,47.2048,96.7350,76.0951
2020-01-08 17:00:00+00:00,38.8716,40.3083,44.8137,84.3549,76.9748
2020-01-08 18:00:00+00:00,54.8121,61.8824,66.0352,134.9247,79.9000
2020-01-08 19:00:00+00:00,78.1009,95.7081,101.1717,205.9048,79.9000
2020-01-08 20:00:00+00:00,77.2940,94.9931,97.0946,204.9532,79.9000
2020-01-08 21:00:00+00:00,79.7745,98.2082,104.0064,211.1668,79.9000
2020-01-08 22:00:00+00:00,79.8813,97.6643,103.5939,210.1529,79.9000
2020-01-08 23:00:00+00:00,81.0000,100.5000,106.5000,215.2000,79.9000
2020-01-09 00:00:00+00:00,81.0000,99.8654,105.9681,215.2000,79.9000
2020-01-09 01:00:00+00:00,81.0000,100.4401,106.2486,215.2000,79.9000
2020-01-09 02:00:00+00:00,78.6305,95.1489,99.8721,207.2121,79.9000
2020-01-09 03:00:00+00:00,80.9713,98.5493,103.5669,215.1460,77.7389
2020-01-09 04:00:00+00:00,81.0000,99.6044,104.8172,215.2000,78.5279
2020-01-09 05:00:00+00:00,79.6765,97.2545,101.7201,211.9940,66.4518
2020-01-09 06:00:00+00:00,80.9973,98.8058,103.2388,215.2000,43.3097
2020-01-09 07:00:00+00:00,80.5568,98.3499,102.6638,215.2000,35.2384
2020-01-09 08:00:00+00:00,77.9837,95.8788,94.6934,209.6368,19.2212
2020-01-09 09:00:00+00:00,63.4609,73.1746,63.9047,192.6054,13.5760
2020-01-09 10:00:00+00:00,65.3124,73.7575,66.6737,194.5028,5.6522
2020-01-09 11:00:00+00:00,40.7586,43.6075,37.0951,123.2268,5.3192
2020-01-09 12:00:00+00:00,33.3625,29.1986,25.5837,89.3637,0.0000
2020-01-09 13:00:00+00:00,22.1819,19.1286,15.2836,67.0568,0.0000
2020-01-09 14:00:00+00:00,12.6600,10.2058,7.6448,35.8704,0.0000
2020-01-09 15:00:00+00:00,4.6662,4.5305,2.9493,14.6388,0.0000
2020-01-09 16:00:00+00:00,0.0000,0.0000,0.0000,1.0524,0.0000
2020-01-09 17:00:00+00:00,0.6232,0.6960,0.0000,2.0535,0.0000
2020-01-09 18:00:00+00:00,0.0000,0.0000,0.0000,0.0000,0.0000
2020-01-09 19:00:00+00:00,0.0000,0.0000,0.0000,0.0000,3.3887
2020-01-09 20:00:00+00:00,0.0000,0.0000,0.0000,0.0000,11.3913
2020-01-09 21:00:00+00:00,2.3106,5.2881,2.5240,14.1546,27.8674
2020-01-09 22:00:00+00:00,4.1514,14.0627,7.5437,35.7313,25.1061
2020-01-09 23:00:00+00:00,6.2100,12.2080,13.9588,32.4005,56.9674
2020-01-10 00:00:00+00:00,14.2398,15.7599,37.1209,35.4228,58.4230
2020-01-10 01:00:00+00:00,76.6794,55.7960,101.2777,43.7343,54.6185
2020-01-10 02:00:00+00:00,77.9801,88.6274,102.7108,71.6941,78.8653
2020-01-10 03:00:00+00:00,80.8664,98.4478,104.8856,110.2325,79.9000
2020-01-10 04:00:00+00:00,81.0000,100.5000,106.5000,207.5125,79.9000
2020-01-10 05:00:00+00:00,81.0000,100.5000,106.5000,215.2000,79.9000
2020-01-10 06:00:00+00:00,81.0000,98.1507,104.9462,215.2000,79.9000
2020-01-10 07:00:00+00:00,81.0000,35.7638,85.1681,192.3509,79.9000
2020-01-10 08:00:00+00:00,81.0000,48.9652,102.5294,145.6672,79.9000
2020-01-10 09:00:00+00:00,81.0000,97.4827,106.5000,200.3289,79.9000
2020-01-10 10:00:00+00:00,81.0000,100.5000,106.5000,215.2000,79.4965
2020-01-10 11:00:00+00:00,81.0000,100.5000,106.5000,215.2000,78.9298
2020-01-10 12:00:00+00:00,81.0000,100.5000,106.5000,215.2000,73.3204
2020-01-10 13:00:00+00:00,81.0000,100.5000,106.5000,215.2000,78.5736
2020-01-10 14:00:00+00:00,81.0000,100.5000,106.5000,212.7353,77.3034
2020-01-10 15:00:00+00:00,81.0000,100.5000,106.5000,212.6839,63.8173
2020-01-10 16:00:00+00:00,78.2387,97.6783,103.8810,210.1856,77.1080
2020-01-10 17:00:00+00:00,78.8726,99.0634,105.0337,214.0274,52.5059
2020-01-10 18:00:00+00:00,74.5410,95.8187,102.5895,206.7786,36.4956
2020-01-10 19:00:00+00:00,50.8408,65.2217,72.9560,156.9238,40.8824
2020-01-10 20:00:00+00:00,40.1169,55.0142,55.0739,128.6497,28.4346
2020-01-10 21:00:00+00:00,40.1012,53.4140,52.6292,123.1412,26.1224
2020-01-10 22:00:00+00:00,54.3216,63.6777,61.4558,149.2478,26.9440
2020-01-10 23:00:00+00:00,61.8223,77.2951,75.4393,174.2879,32.3371
2020-01-11 00:00:00+00:00,56.9351,66.0171,58.9853,166.2128,29.2474
2020-01-11 01:00:00+00:00,59.0514,66.9164,55.9771,173.4538,35.9435
2020-01-11 02:00:00+00:00,54.2952,66.7715,54.9048,164.5101,23.2971
2020-01-11 03:00:00+00:00,44.7340,49.5236,44.8862,124.2000,15.3849
2020-01-11 04:00:00+00:00,31.2727,30.4974,27.1076,73.7015,14.5614
2020-01-11 05:00:00+00:00,45.2313,35.2453,31.1696,79.4771,20.9355
2020-01-11 06:00:00+00:00,26.4953,24.4204,18.1026,66.7890,26.2840
2020-01-11 07:00:00+00:00,24.7299,22.9251,21.2517,41.8132,38.1292
2020-01-11 08:00:00+00:00,35.4264,27.5770,18.5806,78.8491,32.3320
2020-01-11 09:00:00+00:00,71.6036,67.8069,47.3480,176.7003,57.7303
2020-01-11 10:00:00+00:00,79.3338,94.5573,77.5875,213.2806,76.9614
2020-01-11 11:00:00+00:00,81.0000,97.4549,106.5000,213.0106,78.7262
2020-01-11 12:00:00+00:00,81.0000,99.8650,106.5000,210.4058,79.9000
2020-01-11 13:00:00+00:00,81.0000,100.5000,106.5000,214.5020,79.9000
2020-01-11 14:00:00+00:00,81.0000,100.5000,106.5000,215.2000,79.9000
2020-01-11 15:00:00+00:00,81.0000,100.5000,106.5000,215.2000,79.9000
2020-01-11 16:00:00+00:00,81.0000,100.5000,106.5000,215.2000,79.9000
2020-01-11 17:00:00+00:00,81.0000,100.5000,106.5000,215.2000,79.9000
2020-01-11 18:00:00+00:00,81.0000,100.5000,106.5000,215.2000,79.9000
2020-01-11 19:00:00+00:00,81.0000,78.8251,105.1829,176.9659,79.9000
2020-01-11 20:00:00+00:00,13.9244,4.4224,5.4766,17.2612,79.9000
2020-01-11 21:00:00+00:00,12.7535,9.3391,10.9510,26.2218,54.1755
2020-01-11 22:00:00+00:00,9.9842,11.0839,11.3373,31.1747,0.0000
2020-01-11 23:00:00+00:00,7.6075,11.6512,10.9352,32.4223,0.4080
2020-01-12 00:00:00+00:00,31.5681,43.9683,49.4245,90.6557,2.4501
2020-01-12 01:00:00+00:00,15.9772,24.3649,29.5163,44.2693,5.2501
2020-01-12 02:00:00+00:00,37.3481,44.6572,63.1487,79.4735,8.3400
2020-01-12 03:00:00+00:00,47.7792,45.6379,70.6112,75.9833,7.5709
2020-01-12 04:00:00+00:00,61.2769,54.3690,80.6642,97.0489,9.0908
2020-01-12 05:00:00+00:00,60.4649,61.0657,88.2698,111.1577,0.0000
2020-01-12 06:00:00+00:00,61.0789,56.6559,87.4319,97.8718,0.0000
2020-01-12 07:00:00+00:00,45.2732,46.0405,70.9773,74.9397,0.0000
2020-01-12 08:00:00+00:00,53.4269,61.1420,90.2567,88.9472,0.5459
2020-01-12 09:00:00+00:00,54.1310,69.4536,101.0560,96.3663,0.0000
2020-01-12 10:00:00+00:00,54.6698,70.6595,100.9227,100.2712,7.5402
2020-01-12 11:00:00+00:00,69.8346,89.6616,104.2400,123.7243,56.1359
2020-01-12 12:00:00+00:00,43.0386,63.0043,90.4983,76.7526,32.8574
2020-01-12 13:00:00+00:00,4.0357,14.8189,10.0148,23.0353,79.9000
2020-01-12 14:00:00+00:00,2.3881,12.2488,6.7888,13.4202,79.9000
2020-01-12 15:00:00+00:00,14.8852,3.1639,12.0306,2.9274,79.9000
2020-01-12 16:00:00+00:00,55.1534,20.4279,29.2854,60.8824,79.9000
2020-01-12 17:00:00+00:00,76.6479,68.7806,74.4789,167.6592,79.9000
2020-01-12 18:00:00+00:00,79.6708,95.5336,101.6519,204.9509,79.9000
2020-01-12 19:00:00+00:00,65.6785,65.7157,74.7427,131.8558,79.5063
2020-01-12 20:00:00+00:00,57.8231,63.1871,68.4149,122.4479,66.6300
2020-01-12 21:00:00+00:00,37.6541,41.5283,43.0193,84.8823,36.1775
2020-01-12 22:00:00+00:00,25.6695,27.9307,28.9864,61.0922,41.6404
2020-01-12 23:00:00+00:00,35.3446,40.1414,39.6792,89.9277,29.8043
2020-01-13 00:00:00+00:00,30.7976,31.1634,29.0632,78.9150,14.8495
2020-01-13 01:00:00+00:00,20.7845,19.8478,17.3893,55.0748,13.8008
2020-01-13 02:00:00+00:00,9.5065,7.7119,6.5663,23.6003,8.5538
2020-01-13 03:00:00+00:00,1.8598,1.1912,0.2484,5.0595,6.3924
2020-01-13 04:00:00+00:00,0.0000,0.0000,0.0000,0.0000,2.1580
2020-01-13 05:00:00+00:00,0.0000,0.0000,0.0000,0.0000,0.0000
2020-01-13 06:00:00+00:00,0.0000,0.0000,0.0000,0.0000,0.0000
2020-01-13 07:00:00+00:00,0.6927,0.2755,0.2455,1.0780,0.0000
2020-01-13 08:00:00+00:00,3.9152,7.2107,7.7382,9.7366,0.0000
2020-01-13 09:00:00+00:00,3.4815,8.9998,9.9023,12.7970,1.2674
2020-01-13 10:00:00+00:00,5.1130,13.4983,14.6084,22.7714,0.0000
2020-01-13 11:00:00+00:00,4.0683,16.6716,15.1406,31.1338,4.5621
2020-01-13 12:00:00+00:00,2.8410,10.7748,9.2450,23.3698,3.8590
2020-01-13 13:00:00+00:00,2.7185,4.7979,5.1738,11.4070,7.6452
2020-01-13 14:00:00+00:00,0.0000,2.4908,0.0000,4.3170,5.5342
2020-01-13 15:00:00+00:00,0.0000,0.1308,0.0000,1.7403,8.9572
2020-01-13 16:00:00+00:00,0.0000,0.0000,0.0000,2.6250,8.8346
2020-01-13 17:00:00+00:00,0.0000,0.0897,0.0000,2.8084,16.2633
2020-01-13 18:00:00+00:00,0.0000,0.0000,0.0000,0.0000,6.0037
2020-01-13 19:00:00+00:00,0.0000,0.0000,0.0000,0.0000,0.0000
2020-01-13 20:00:00+00:00,0.0000,0.0000,0.0000,0.0000,0.0000
2020-01-13 21:00:00+00:00,0.0000,0.0000,0.0000,0.0000,0.0000
2020-01-13 22:00:00+00:00,0.0000,0.0000,0.0000,0.0000,0.0000
2020-01-13 23:00:00+00:00,1.0125,0.0000,0.0000,0.0000,2.0326
2020-01-14 00:00:00+00:00,2.3401,0.0000,0.0000,0.0000,2.4266
2020-01-14 01:00:00+00:00,4.3250,1.4680,1.4995,4.0870,0.0000
2020-01-14 02:00:00+00:00,4.9484,1.4663,1.4186,5.6946,0.0000
2020-01-14 03:00:00+00:00,2.8136,0.0000,0.0000,0.8985,0.0000
2020-01-14 04:00:00+00:00,1.2098,0.0000,0.0000,0.0000,0.0000
2020-01-14 05:00:00+00:00,2.1947,0.0000,0.0000,2.5156,0.0000
2020-01-14 06:00:00+00:00,3.0948,1.0279,1.0063,4.6093,0.0000
2020-01-14 07:00:00+00:00,2.5616,0.8911,0.4545,4.8264,0.0000
2020-01-14 08:00:00+00:00,1.8101,0.0000,0.0000,3.3859,0.4980
2020-01-14 09:00:00+00:00,0.9656,0.0000,0.0000,2.5320,1.9274
2020-01-14 10:00:00+00:00,1.1981,0.0000,0.0000,4.0114,2.6135
2020-01-14 11:00:00+00:00,0.0000,0.0000,0.0000,0.0000,0.0000
2020-01-14 12:00:00+00:00,0.0000,0.0000,0.0000,0.0000,0.0000
2020-01-14 13:00:00+00:00,0.0113,0.0000,0.0000,0.0000,0.0000
2020-01-14 14:00:00+00:00,3.6742,6.1864,4.0560,14.0173,1.5532
2020-01-14 15:00:00+00:00,2.9049,7.8541,5.1196,14.9979,3.1658
2020-01-14 16:00:00+00:00,0.0000,1.9429,0.0000,6.1698,12.5029
2020-01-14 17:00:00+00:00,0.0000,0.0000,0.0000,4.0623,11.7033
2020-01-14 18:00:00+00:00,1.4363,3.8921,1.8104,9.2477,7.3335
2020-01-14 19:00:00+00:00,5.9535,12.8195,10.1574,23.7249,14.1623
2020-01-14 20:00:00+00:00,7.3928,18.6082,15.3112,31.2812,11.0963
2020-01-14 21:00:00+00:00,7.5133,25.2173,20.4725,40.0366,14.8601
2020-01-14 22:00:00+00:00,6.7347,30.1705,20.4875,50.0273,21.7905
2020-01-14 23:00:00+00:00,6.3372,24.5559,16.4593,46.7380,19.2974
2020-01-15 00:00:00+00:00,6.5107,19.3922,14.7853,37.3651,31.6112
2020-01-15 01:00:00+00:00,23.9280,14.8135,31.7874,18.9210,50.2061
2020-01-15 02:00:00+00:00,38.8597,16.4730,27.8555,16.7295,76.6098
2020-01-15 03:00:00+00:00,45.2021,11.8775,16.2808,16.2318,76.8941
2020-01-15 04:00:00+00:00,38.2874,13.9219,15.5465,28.6223,78.1080
2020-01-15 05:00:00+00:00,25.4735,11.9702,15.9319,27.9519,75.8944
2020-01-15 06:00:00+00:00,42.3183,26.9911,29.8452,68.9330,43.8301
2020-01-15 07:00:00+00:00,47.1715,38.2558,37.3884,99.4141,63.9247
2020-01-15 08:00:00+00:00,48.5421,43.7642,43.0600,105.1093,68.9194
2020-01-15 09:00:00+00:00,41.7383,43.8786,45.8112,92.9018,38.9355
2020-01-15 10:00:00+00:00,45.2192,48.0597,48.3634,104.6737,28.3338
2020-01-15 11:00:00+00:00,53.9855,52.7128,52.0598,121.2670,39.8210
2020-01-15 12:00:00+00:00,63.7965,54.2077,54.5741,138.7020,31.7357
2020-01-15 13:00:00+00:00,77.1652,67.9402,66.7808,185.6297,25.8590
2020-01-15 14:00:00+00:00,39.0239,41.9341,38.2570,101.3321,28.2699
2020-01-15 15:00:00+00:00,18.4104,19.6985,18.4813,44.0769,29.6143
2020-01-15 16:00:00+00:00,15.6809,15.1544,18.5275,28.4902,20.7181
2020-01-15 17:00:00+00:00,14.8218,15.3892,16.8348,27.5322,14.3203
2020-01-15 18:00:00+00:00,10.2505,9.5515,9.4525,22.4503,28.6339
2020-01-15 19:00:00+00:00,8.0248,7.3152,7.5689,16.7403,27.3204
2020-01-15 20:00:00+00:00,7.4803,8.8005,8.1106,18.7681,17.6426
2020-01-15 21:00:00+00:00,10.8819,11.3840,11.4534,22.7791,4.7800
2020-01-15 22:00:00+00:00,9.0156,10.3308,10.5868,20.7601,0.0000
2020-01-15 23:00:00+00:00,8.7423,9.9703,10.0750,21.5579,0.0000
2020-01-16 00:00:00+00:00,4.4440,4.2556,3.8923,10.6671,0.0000
2020-01-16 01:00:00+00:00,0.3857,0.0000,0.0000,0.0000,0.0000
2020-01-16 02:00:00+00:00,0.0000,0.0000,0.0000,0.0000,0.0000
2020-01-16 03:00:00+00:00,0.0000,0.0000,0.0000,0.0000,4.1405
2020-01-16 04:00:00+00:00,0.0000,0.0000,0.0000,0.0000,10.5990
2020-01-16 05:00:00+00:00,0.0000,0.0000,0.0000,0.0000,3.7418
2020-01-16 06:00:00+00:00,0.0000,0.0000,0.0000,0.0000,8.4002
2020-01-16 07:00:00+00:00,0.0000,0.0000,0.0000,0.0000,2.0338
2020-01-16 08:00:00+00:00,1.0659,2.0611,1.9135,4.2516,0.0000
2020-01-16 09:00:00+00:00,2.5117,3.8958,4.2344,7.2907,3.6270
2020-01-16 10:00:00+00:00,5.3461,5.6712,6.4262,12.6917,2.9801
2020-01-16 11:00:00+00:00,8.6215,8.0551,9.7057,17.7408,8.4964
2020-01-16 12:00:00+00:00,5.4677,4.6262,6.1309,9.6017,16.3281
2020-01-16 13:00:00+00:00,2.9755,3.3791,3.7687,7.3703,19.7531
2020-01-16 14:00:00+00:00,6.6279,8.6810,9.1030,21.2559,41.7779
2020-01-16 15:00:00+00:00,13.9870,14.5105,15.2604,35.8988,34.3502
2020-01-16 16:00:00+00:00,30.5905,30.0245,32.2001,72.8278,26.3223
2020-01-16 17:00:00+00:00,33.5951,37.5342,40.3912,84.4508,40.5559
2020-01-16 18:00:00+00:00,40.2190,39.4212,43.6459,93.4451,45.8301
2020-01-16 19:00:00+00:00,48.2261,49.1895,55.2189,110.2501,77.3503
2020-01-16 20:00:00+00:00,72.3742,77.8328,84.4652,175.9858,78.6918
2020-01-16 21:00:00+00:00,76.8703,77.1208,83.4225,192.1520,77.6698
2020-01-16 22:00:00+00:00,79.9563,95.7144,101.3970,208.9315,75.9651
2020-01-16 23:00:00+00:00,79.6055,95.6223,101.1296,209.1705,58.4189
2020-01-17 00:00:00+00:00,77.0830,79.5437,87.0235,199.3089,56.7604
2020-01-17 01:00:00+00:00,77.4383,83.7426,96.0771,205.0395,61.1991
2020-01-17 02:00:00+00:00,77.0236,80.1963,87.1605,197.9951,71.2289
2020-01-17 03:00:00+00:00,74.2106,73.3901,77.9160,177.5648,79.0147
2020-01-17 04:00:00+00:00,76.3207,72.0641,76.5134,184.5072,78.2792
2020-01-17 05:00:00+00:00,76.4456,72.1999,77.3239,182.6856,77.2012
2020-01-17 06:00:00+00:00,77.4315,79.8610,82.6742,202.8588,78.0573
2020-01-17 07:00:00+00:00,77.1806,76.2750,76.7517,199.3209,76.7821
2020-01-17 08:00:00+00:00,66.0665,62.4981,66.5907,160.5479,75.8738
2020-01-17 09:00:00+00:00,49.7992,47.6811,49.0761,123.3381,72.0300
2020-01-17 10:00:00+00:00,50.7610,50.4842,50.2170,132.5289,63.2132
2020-01-17 11:00:00+00:00,46.5197,47.2732,44.8362,123.0842,38.0187
2020-01-17 12:00:00+00:00,58.2546,60.3307,56.1466,156.9913,28.7746
2020-01-17 13:00:00+00:00,44.3527,42.5755,39.5427,116.7308,24.0343
2020-01-17 14:00:00+00:00,67.3145,55.0092,48.7736,166.2065,22.5662
2020-01-17 15:00:00+00:00,55.5001,47.4699,42.4703,137.3421,14.4530
2020-01-17 16:00:00+00:00,51.6221,47.2295,42.5347,129.3630,12.5129
2020-01-17 17:00:00+00:00,53.3796,51.1718,46.2146,137.4931,11.5551
2020-01-17 18:00:00+00:00,47.5263,46.3635,41.4282,125.4024,15.6882
2020-01-17 19:00:00+00:00,44.4385,44.4622,39.4126,119.2365,7.8002
2020-01-17 20:00:00+00:00,36.0569,36.6289,31.7707,98.1866,0.8735
2020-01-17 21:00:00+00:00,34.0776,33.5719,28.2245,94.7322,0.0000
2020-01-17 22:00:00+00:00,29.1660,28.8295,22.6776,88.5653,0.0000
2020-01-17 23:00:00+00:00,42.4499,49.6266,43.7039,137.4723,0.0000
2020-01-18 00:00:00+00:00,36.0444,45.2686,38.5832,123.6887,0.0000
2020-01-18 01:00:00+00:00,39.1767,50.4725,42.4699,133.9039,0.1782
2020-01-18 02:00:00+00:00,51.5673,57.2648,51.0530,155.0241,1.1436
2020-01-18 03:00:00+00:00,47.5423,46.8639,40.9080,134.8073,0.0000
2020-01-18 04:00:00+00:00,27.1878,26.1502,21.7276,80.1045,0.0000
2020-01-18 05:00:00+00:00,9.7742,11.2400,7.9843,35.8497,0.0000
2020-01-18 06:00:00+00:00,4.2465,5.2660,3.2060,18.0059,0.0000
2020-01-18 07:00:00+00:00,3.6845,5.7518,4.2036,15.6504,0.0000
2020-01-18 08:00:00+00:00,5.3037,7.4573,6.0361,19.5695,0.0000
2020-01-18 09:00:00+00:00,3.6838,4.2271,3.1116,13.2844,3.1305
2020-01-18 10:00:00+00:00,3.5460,4.1444,2.9154,13.5586,8.5259
2020-01-18 11:00:00+00:00,0.0000,0.0000,0.0000,0.0000,26.3770
2020-01-18 12:00:00+00:00,0.0000,0.0000,0.0000,0.0000,39.2422
2020-01-18 13:00:00+00:00,0.0000,0.0000,0.0000,0.0000,32.4896
2020-01-18 14:00:00+00:00,4.1452,9.1430,9.2959,13.8378,43.3230
2020-01-18 15:00:00+00:00,5.4749,15.8397,14.4974,26.8067,35.4127
2020-01-18 16:00:00+00:00,10.5268,24.5589,21.7046,43.4073,41.4175
2020-01-18 17:00:00+00:00,12.1732,26.6791,23.6445,47.2536,61.7803
2020-01-18 18:00:00+00:00,15.0340,42.4620,35.0420,72.2240,75.0545
2020-01-18 19:00:00+00:00,12.7551,44.2142,31.0383,80.3296,75.5359
2020-01-18 20:00:00+00:00,16.6725,56.4377,37.3679,108.5465,79.9000
2020-01-18 21:00:00+00:00,35.0850,80.7244,67.9107,151.8821,79.9000
2020-01-18 22:00:00+00:00,42.7817,95.9032,82.8390,202.2781,79.9000
2020-01-18 23:00:00+00:00,41.8627,81.0017,51.8746,177.7353,79.9000
2020-01-19 00:00:00+00:00,21.7468,26.9344,14.3477,91.1566,79.9000
2020-01-19 01:00:00+00:00,10.6802,26.9167,12.2278,73.3144,79.9000
2020-01-19 02:00:00+00:00,7.7529,10.0097,8.1271,32.2507,79.9000
2020-01-19 03:00:00+00:00,8.0241,10.0549,10.0703,28.6655,79.9000
2020-01-19 04:00:00+00:00,10.2694,10.9462,15.6951,24.9144,79.0278
2020-01-19 05:00:00+00:00,33.9831,11.4860,23.8339,17.4989,77.6817
2020-01-19 06:00:00+00:00,57.3689,17.4490,28.8634,22.0545,75.9636
2020-01-19 07:00:00+00:00,22.6578,0.0000,1.2667,5.6387,75.6659
2020-01-19 08:00:00+00:00,2.0162,0.0000,0.0000,0.0000,78.1172
2020-01-19 09:00:00+00:00,8.7502,0.0000,1.9744,2.4924,79.8555
2020-01-19 10:00:00+00:00,25.1649,4.1426,7.6417,14.3995,78.9245
2020-01-19 11:00:00+00:00,27.0226,10.4577,11.9263,37.7273,76.6568
2020-01-19 12:00:00+00:00,28.8703,13.3543,14.2726,51.0697,78.1083
2020-01-19 13:00:00+00:00,44.1695,21.5155,27.7631,65.1969,73.9630
2020-01-19 14:00:00+00:00,22.1144,11.4740,10.7451,46.7665,59.4329
2020-01-19 15:00:00+00:00,25.0121,15.5675,13.6829,57.2228,46.3593
2020-01-19 16:00:00+00:00,23.2057,20.2951,18.7569,56.4108,31.1611
2020-01-19 17:00:00+00:00,20.7860,21.5441,21.0016,52.2056,15.2350
2020-01-19 18:00:00+00:00,11.3957,11.0229,11.4222,27.2431,13.3351
2020-01-19 19:00:00+00:00,11.4550,12.0383,12.6116,28.1979,14.7296
2020-01-19 20:00:00+00:00,10.1040,10.7796,11.3732,24.8897,21.6752
2020-01-19 21:00:00+00:00,17.4305,18.1480,19.3012,42.4418,35.2842
2020-01-19 22:00:00+00:00,22.7012,22.4176,23.4168,51.5213,24.5441
2020-01-19 23:00:00+00:00,26.9331,28.0934,26.8774,73.8851,25.9689
2020-01-20 00:00:00+00:00,37.3398,37.7919,38.1820,97.8407,39.0743
2020-01-20 01:00:00+00:00,24.6182,19.0753,22.0815,49.6729,49.2482
2020-01-20 02:00:00+00:00,7.7043,5.7496,7.0092,17.0192,63.8672
2020-01-20 03:00:00+00:00,8.1001,6.5874,6.8934,20.7623,56.6639
2020-01-20 04:00:00+00:00,11.3492,9.0224,8.2487,31.7088,44.0705
2020-01-20 05:00:00+00:00,18.6885,15.6200,15.1898,50.0405,67.0616
2020-01-20 06:00:00+00:00,24.9658,21.3778,20.5757,66.6220,49.1754
2020-01-20 07:00:00+00:00,20.1764,14.3343,13.6969,51.9563,47.8151
2020-01-20 08:00:00+00:00,16.0015,11.8844,10.3620,44.0985,41.4390
2020-01-20 09:00:00+00:00,14.6766,11.0579,9.3417,41.2123,37.4087
2020-01-20 10:00:00+00:00,13.6562,12.7143,10.9168,40.4541,42.8088
2020-01-20 11:00:00+00:00,13.3028,14.6483,12.2688,44.0038,28.9145
2020-01-20 12:00:00+00:00,21.5831,24.8161,22.3108,68.4805,16.0993
2020-01-20 13:00:00+00:00,31.9466,36.6110,33.1787,97.0510,16.9824
2020-01-20 14:00:00+00:00,31.6052,34.8797,29.8503,92.5774,8.1402
2020-01-20 15:00:00+00:00,32.7082,38.5340,32.3053,99.8083,2.7333
2020-01-20 16:00:00+00:00,42.7064,47.0738,39.1129,129.8719,0.0000
2020-01-20 17:00:00+00:00,49.8128,50.7767,42.7283,144.4568,2.3493
2020-01-20 18:00:00+00:00,53.5974,56.2356,48.4347,150.6663,10.9844
2020-01-20 19:00:00+00:00,47.5726,51.5068,45.9168,129.7232,24.8743
2020-01-20 20:00:00+00:00,56.5475,64.3420,57.3903,159.1867,30.3062
2020-01-20 21:00:00+00:00,67.7851,74.5923,68.7714,178.7018,28.5882
2020-01-20 22:00:00+00:00,76.9179,84.8171,75.2310,205.1774,43.0929
2020-01-20 23:00:00+00:00,80.1337,97.1620,101.6825,212.4601,67.2772
2020-01-21 00:00:00+00:00,79.3604,95.7546,100.7100,208.6172,75.9709
2020-01-21 01:00:00+00:00,79.0031,95.9684,100.3009,209.2941,76.2537
2020-01-21 02:00:00+00:00,68.7924,77.4665,78.5553,180.4133,76.0404
2020-01-21 03:00:00+00:00,55.5857,61.1289,60.3890,147.1954,75.9831
2020-01-21 04:00:00+00:00,63.7580,69.6966,67.7974,174.3450,56.6767
2020-01-21 05:00:00+00:00,40.4616,41.0144,40.3571,108.3131,49.5790
2020-01-21 06:00:00+00:00,26.7768,24.8553,24.4243,70.2243,36.9837
2020-01-21 07:00:00+00:00,21.6540,18.7818,17.4670,58.7213,22.5957
2020-01-21 08:00:00+00:00,15.8149,14.3643,12.9108,46.2726,12.2812
2020-01-21 09:00:00+00:00,11.2275,10.3896,8.8965,34.5917,4.8371
2020-01-21 10:00:00+00:00,18.5321,15.5808,13.6914,51.9766,5.9151
2020-01-21 11:00:00+00:00,10.1919,7.7781,6.2229,29.7643,0.0000
2020-01-21 12:00:00+00:00,6.4647,5.4256,4.1550,19.9447,0.0000
2020-01-21 13:00:00+00:00,10.4353,10.4980,8.2225,31.7475,0.0000
2020-01-21 14:00:00+00:00,18.9473,19.6973,16.5405,53.3789,0.0000
2020-01-21 15:00:00+00:00,17.7780,16.3501,13.1435,46.2892,5.7643
2020-01-21 16:00:00+00:00,19.1235,18.6027,15.8272,49.2365,3.9539
2020-01-21 17:00:00+00:00,17.1204,17.7725,16.6364,41.6521,2.3703
2020-01-21 18:00:00+00:00,19.9661,21.8689,21.4390,45.7810,8.3255
2020-01-21 19:00:00+00:00,19.7221,20.8317,21.6929,41.5886,16.7277
2020-01-21 20:00:00+00:00,19.9976,20.4112,21.4152,38.0212,22.5839
2020-01-21 21:00:00+00:00,26.4395,25.4620,27.7500,47.6339,23.8999
2020-01-21 22:00:00+00:00,55.0083,64.0458,64.9944,120.1226,26.3600
2020-01-21 23:00:00+00:00,73.0495,82.4132,81.9308,175.9603,30.9943
2020-01-22 00:00:00+00:00,78.3396,95.6650,99.2382,207.0929,30.7984
2020-01-22 01:00:00+00:00,78.2379,92.3277,88.3555,206.2343,22.4148
2020-01-22 02:00:00+00:00,77.6416,87.9548,85.2398,204.5045,20.8065
2020-01-22 03:00:00+00:00,77.7325,90.5156,87.2335,205.1724,34.2412
2020-01-22 04:00:00+00:00,78.1477,95.4534,96.3107,206.4505,32.9988
2020-01-22 05:00:00+00:00,77.8927,95.6475,99.9455,206.0796,29.2092
2020-01-22 06:00:00+00:00,77.7620,94.8589,94.5096,205.3159,26.6718
2020-01-22 07:00:00+00:00,77.2484,88.1687,88.3367,199.1652,29.2390
2020-01-22 08:00:00+00:00,70.1886,72.5531,72.2315,166.9530,22.6070
2020-01-22 09:00:00+00:00,72.8214,71.2996,70.1700,173.7999,19.4834
2020-01-22 10:00:00+00:00,69.8288,72.9956,71.3711,166.9137,11.0766
2020-01-22 11:00:00+00:00,59.0654,59.3219,56.3452,141.9914,8.2016
2020-01-22 12:00:00+00:00,52.1279,50.7964,51.0920,115.3233,10.2464
2020-01-22 13:00:00+00:00,46.0217,44.5461,40.5136,114.3480,15.6361
2020-01-22 14:00:00+00:00,39.9878,42.9815,37.3522,84.4157,14.4916
2020-01-22 15:00:00+00:00,50.9078,52.7527,51.7720,107.6293,24.5499
2020-01-22 16:00:00+00:00,53.8965,54.7349,54.2384,117.4159,26.1184
2020-01-22 17:00:00+00:00,39.0378,41.6967,42.9039,85.1063,33.0251
2020-01-22 18:00:00+00:00,36.5230,39.9311,43.3529,75.7102,37.1048
2020-01-22 19:00:00+00:00,36.1241,38.0772,43.3826,71.5392,34.9168
2020-01-22 20:00:00+00:00,37.2261,35.8133,44.8566,63.1486,29.3613
2020-01-22 21:00:00+00:00,30.0891,25.7199,31.3352,44.9629,9.2866
2020-01-22 22:00:00+00:00,49.2435,40.2187,44.2130,74.3158,13.7754
2020-01-22 23:00:00+00:00,76.7772,70.2436,76.5896,134.4626,33.1988
2020-01-23 00:00:00+00:00,79.9710,96.0927,101.8595,204.2156,38.4465
2020-01-23 01:00:00+00:00,81.0000,100.5000,106.5000,214.8024,52.6548
2020-01-23 02:00:00+00:00,81.0000,99.6502,105.5784,212.5390,43.7896
2020-01-23 03:00:00+00:00,81.0000,96.1676,102.8528,204.3440,42.8510
2020-01-23 04:00:00+00:00,81.0000,98.2197,105.2390,207.5996,37.1474
2020-01-23 05:00:00+00:00,81.0000,99.1368,105.1200,211.9069,40.1082
2020-01-23 06:00:00+00:00,81.0000,99.1997,104.5625,214.1503,43.4910
2020-01-23 07:00:00+00:00,81.0000,100.1976,105.1656,215.2000,39.0774
2020-01-23 08:00:00+00:00,81.0000,100.3167,104.8764,215.2000,41.3848
2020-01-23 09:00:00+00:00,78.5662,96.8487,101.3789,210.5197,36.6234
2020-01-23 10:00:00+00:00,78.8386,96.8259,101.2656,212.0843,38.7198
2020-01-23 11:00:00+00:00,76.5706,94.3411,88.1271,207.4395,21.5491
2020-01-23 12:00:00+00:00,58.7276,78.7449,72.3680,197.6134,15.6069
2020-01-23 13:00:00+00:00,37.2968,56.8883,50.0890,138.2993,16.3395
2020-01-23 14:00:00+00:00,12.1730,22.8598,18.4346,50.0205,12.7761
2020-01-23 15:00:00+00:00,4.2246,9.5603,7.1440,19.0510,10.5206
2020-01-23 16:00:00+00:00,5.7547,8.7367,6.8676,19.1210,4.9618
2020-01-23 17:00:00+00:00,5.1134,4.7389,4.0078,10.8459,4.4936
2020-01-23 18:00:00+00:00,2.7925,2.4803,2.0897,5.1215,3.1519
2020-01-23 19:00:00+00:00,3.9765,3.2433,3.0516,7.9812,0.0000
2020-01-23 20:00:00+00:00,4.8150,4.3291,3.6500,12.2830,0.0000
2020-01-23 21:00:00+00:00,10.6420,9.7047,7.8932,30.4237,0.0000
2020-01-23 22:00:00+00:00,5.0703,4.6444,2.8861,15.7232,0.0000
2020-01-23 23:00:00+00:00,4.7283,3.2992,1.4235,12.2684,0.0000
2020-01-24 00:00:00+00:00,3.8492,1.8600,0.0630,6.6367,0.0000
2020-01-24 01:00:00+00:00,4.7645,2.6398,1.9488,6.7918,0.0000
2020-01-24 02:00:00+00:00,0.0000,0.0000,0.0000,0.0000,0.0000
2020-01-24 03:00:00+00:00,0.0000,0.0000,0.0000,0.0000,0.0000
2020-01-24 04:00:00+00:00,0.0000,0.0000,0.0000,0.0000,0.0000
2020-01-24 05:00:00+00:00,0.0000,0.0000,0.0000,0.0000,0.0000
2020-01-24 06:00:00+00:00,1.3360,3.9671,4.4184,4.2121,9.2478
2020-01-24 07:00:00+00:00,0.7431,2.9322,2.8591,3.8171,19.1531
2020-01-24 08:00:00+00:00,2.7062,5.6099,6.7520,7.1810,19.6959
2020-01-24 09:00:00+00:00,5.6543,8.5201,8.7012,13.5568,16.5115
2020-01-24 10:00:00+00:00,12.2906,21.6554,24.4440,29.3349,18.4400
2020-01-24 11:00:00+00:00,20.9107,36.9042,43.9045,51.2390,16.1530
2020-01-24 12:00:00+00:00,32.8352,56.5473,71.1222,80.3199,17.7596
2020-01-24 13:00:00+00:00,34.7473,63.2857,82.8053,84.3752,30.9123
2020-01-24 14:00:00+00:00,24.4824,42.1477,55.0483,59.2896,41.6585
2020-01-24 15:00:00+00:00,21.7628,43.2972,55.4839,58.8873,25.1351
2020-01-24 16:00:00+00:00,16.4470,40.1385,48.1882,49.4474,20.5621
2020-01-24 17:00:00+00:00,10.8002,29.5991,29.7867,39.8169,21.4419
2020-01-24 18:00:00+00:00,7.3296,19.6384,17.4462,30.3711,21.1412
2020-01-24 19:00:00+00:00,6.7433,17.0124,14.8167,28.6331,32.8226
2020-01-24 20:00:00+00:00,10.0375,19.1958,18.6882,34.7631,42.0425
2020-01-24 21:00:00+00:00,15.4871,44.0709,46.3225,61.2885,46.2717
2020-01-24 22:00:00+00:00,11.6615,53.5676,54.6767,66.9728,47.6194
2020-01-24 23:00:00+00:00,9.8976,41.2909,49.8835,53.4081,54.1260
2020-01-25 00:00:00+00:00,12.7334,32.9319,60.0035,39.9642,57.9227
2020-01-25 01:00:00+00:00,42.5954,55.9731,101.5433,40.7084,71.5600
2020-01-25 02:00:00+00:00,42.6477,53.2622,98.5974,37.6474,77.6831
2020-01-25 03:00:00+00:00,68.2865,82.6187,101.5839,66.5593,76.0202
2020-01-25 04:00:00+00:00,68.8571,84.5770,99.6348,81.3649,77.3317
2020-01-25 05:00:00+00:00,77.4582,95.1655,101.4448,136.8158,77.5006
2020-01-25 06:00:00+00:00,73.2472,87.4877,90.3541,157.4654,77.7254
2020-01-25 07:00:00+00:00,51.2312,70.5516,86.4267,112.7512,79.9000
2020-01-25 08:00:00+00:00,43.2033,61.3421,78.3351,116.0031,79.9000
2020-01-25 09:00:00+00:00,46.9355,69.1766,89.7618,135.1206,79.9000
2020-01-25 10:00:00+00:00,57.3931,79.2175,95.8948,171.1727,79.9000
2020-01-25 11:00:00+00:00,76.8114,89.8591,91.9815,187.5613,79.9000
2020-01-25 12:00:00+00:00,75.9478,90.8771,102.5504,181.0415,79.9000
2020-01-25 13:00:00+00:00,77.9709,96.0829,101.4544,204.1173,79.9000
2020-01-25 14:00:00+00:00,77.5182,96.3292,102.1082,164.9906,77.8813
2020-01-25 15:00:00+00:00,81.0000,96.8707,105.0609,180.8871,79.2407
2020-01-25 16:00:00+00:00,81.0000,98.7347,106.5000,204.2046,79.9000
2020-01-25 17:00:00+00:00,81.0000,95.1997,102.7218,208.5251,58.9046
2020-01-25 18:00:00+00:00,81.0000,96.0430,106.0223,207.4523,46.9007
2020-01-25 19:00:00+00:00,79.8131,86.9361,102.3525,172.4236,38.0532
2020-01-25 20:00:00+00:00,48.5699,48.3734,68.5496,68.6892,2.2930
2020-01-25 21:00:00+00:00,16.1874,32.2356,30.1542,68.3841,0.0000
2020-01-25 22:00:00+00:00,44.8972,96.0623,101.4463,154.2919,0.0000
2020-01-25 23:00:00+00:00,78.2018,94.9543,101.1268,188.2597,4.1153
2020-01-26 00:00:00+00:00,77.3951,96.6161,104.6940,187.6967,21.7990
2020-01-26 01:00:00+00:00,79.6772,96.1350,104.0468,201.7032,14.3464
2020-01-26 02:00:00+00:00,26.0584,13.6630,2.4618,60.4322,9.5619
2020-01-26 03:00:00+00:00,0.0000,0.0000,0.0000,0.0000,16.6685
2020-01-26 04:00:00+00:00,0.0000,0.0000,0.0000,0.0000,25.3413
2020-01-26 05:00:00+00:00,1.1309,3.1091,3.7301,3.8767,41.9760
2020-01-26 06:00:00+00:00,0.0000,4.3894,3.6347,5.6639,52.7429
2020-01-26 07:00:00+00:00,2.2791,3.6032,5.2362,3.5035,63.4238
2020-01-26 08:00:00+00:00,13.3514,16.0644,22.9408,14.3873,75.6415
2020-01-26 09:00:00+00:00,14.5251,15.6311,15.7600,35.4018,69.6861
2020-01-26 10:00:00+00:00,29.4787,31.3600,30.7631,70.8938,45.8267
2020-01-26 11:00:00+00:00,34.3677,38.3763,34.8850,85.7247,27.2947
2020-01-26 12:00:00+00:00,51.8997,54.5904,48.8206,131.6781,28.5828
2020-01-26 13:00:00+00:00,59.4851,67.8956,59.9511,170.6970,52.0717
2020-01-26 14:00:00+00:00,59.3872,66.3315,62.2254,168.4482,51.6780
2020-01-26 15:00:00+00:00,74.9281,89.3208,81.1371,204.1150,42.0207
2020-01-26 16:00:00+00:00,69.5311,83.6642,80.7212,175.4294,51.6497
2020-01-26 17:00:00+00:00,66.7225,80.8982,79.0021,172.2127,42.4230
2020-01-26 18:00:00+00:00,66.5443,79.8172,70.7860,192.2141,52.7931
2020-01-26 19:00:00+00:00,52.1935,61.4437,54.3042,154.6228,76.8871
2020-01-26 20:00:00+00:00,54.4383,55.2583,51.6145,133.2595,79.9000
2020-01-26 21:00:00+00:00,47.2537,51.8013,49.6078,120.5709,78.2594
2020-01-26 22:00:00+00:00,42.4634,53.6315,53.6344,115.7522,76.1907
2020-01-26 23:00:00+00:00,52.1902,64.7585,65.6554,141.6858,78.0615
2020-01-27 00:00:00+00:00,76.2922,82.6734,90.0606,181.0776,45.2474
2020-01-27 01:00:00+00:00,79.4640,97.5260,103.4073,208.3664,46.2108
2020-01-27 02:00:00+00:00,78.4176,96.8641,102.3985,207.5941,63.9637
2020-01-27 03:00:00+00:00,73.8629,80.8925,85.1667,189.4732,54.7000
2020-01-27 04:00:00+00:00,59.1136,68.9804,69.7369,158.0821,53.6147
2020-01-27 05:00:00+00:00,59.5083,71.6536,70.1257,164.5430,50.5188
2020-01-27 06:00:00+00:00,56.3194,62.9230,64.5206,145.4113,43.1301
2020-01-27 07:00:00+00:00,34.7254,39.0190,38.2447,94.5525,37.4938
2020-01-27 08:00:00+00:00,30.8255,32.8483,31.5187,83.0913,20.7158
2020-01-27 09:00:00+00:00,26.5530,29.5637,28.1048,72.3815,14.7256
2020-01-27 10:00:00+00:00,23.9190,25.1958,24.2627,63.0428,18.3742
2020-01-27 11:00:00+00:00,18.9934,20.5169,20.3696,49.3478,7.4429
2020-01-27 12:00:00+00:00,14.9645,16.4012,15.6964,43.4223,6.5206
2020-01-27 13:00:00+00:00,14.2801,14.2689,14.7666,36.0608,12.9789
2020-01-27 14:00:00+00:00,13.1020,15.2616,14.1084,37.6210,11.4631
2020-01-27 15:00:00+00:00,17.1863,20.5768,19.6347,48.5956,11.1405
2020-01-27 16:00:00+00:00,22.8496,24.1285,25.9963,56.1393,13.4199
2020-01-27 17:00:00+00:00,18.4978,17.2204,18.1436,41.0687,16.3157
2020-01-27 18:00:00+00:00,13.4386,13.8555,14.1765,32.5543,12.7247
2020-01-27 19:00:00+00:00,17.9474,19.9477,18.7943,46.6177,19.9014
2020-01-27 20:00:00+00:00,30.3080,33.1251,32.3867,76.3451,25.9624
2020-01-27 21:00:00+00:00,41.3150,40.1609,39.3367,103.5782,20.7801
2020-01-27 22:00:00+00:00,50.8274,48.4102,50.7401,124.0173,21.1670
2020-01-27 23:00:00+00:00,49.6806,46.7525,47.9692,122.0615,18.3118
2020-01-28 00:00:00+00:00,39.1564,36.4821,37.6671,91.3273,15.6636
2020-01-28 01:00:00+00:00,32.0246,28.9584,31.8950,70.8172,10.5905
2020-01-28 02:00:00+00:00,19.4215,16.7166,18.1817,43.9265,13.3283
2020-01-28 03:00:00+00:00,20.9006,19.7146,20.9747,49.9950,16.3004
2020-01-28 04:00:00+00:00,16.3668,13.5261,13.7243,36.4230,13.3617
2020-01-28 05:00:00+00:00,13.4160,11.6023,12.3337,29.5675,15.5373
2020-01-28 06:00:00+00:00,14.9601,14.2353,16.6657,32.3302,17.8330
2020-01-28 07:00:00+00:00,16.8190,17.8351,18.7325,43.7477,16.7936
2020-01-28 08:00:00+00:00,17.5865,16.5048,17.1173,41.2852,18.3162
2020-01-28 09:00:00+00:00,14.3480,13.6551,14.1211,33.6021,17.0839
2020-01-28 10:00:00+00:00,14.7438,13.8693,16.0396,31.7169,18.0556
2020-01-28 11:00:00+00:00,14.4640,13.5960,15.3401,31.3354,21.8247
2020-01-28 12:00:00+00:00,15.9741,13.2896,15.6789,35.1197,14.8938
2020-01-28 13:00:00+00:00,20.6192,17.6559,19.3229,43.3497,18.8978
2020-01-28 14:00:00+00:00,20.3945,19.1290,20.7873,46.0041,11.6156
2020-01-28 15:00:00+00:00,17.6001,17.3331,18.5967,41.1215,12.2828
2020-01-28 16:00:00+00:00,19.6278,19.4730,20.6379,44.1766,10.8973
2020-01-28 17:00:00+00:00,26.9643,28.2463,29.0695,62.9017,10.1666
2020-01-28 18:00:00+00:00,22.0645,22.1814,22.5989,51.6967,13.8403
2020-01-28 19:00:00+00:00,19.2998,19.9714,20.0702,46.2776,17.5336
2020-01-28 20:00:00+00:00,19.2177,20.6808,21.2669,48.3281,18.8644
2020-01-28 21:00:00+00:00,24.9870,26.4360,26.9405,61.4148,20.4283
2020-01-28 22:00:00+00:00,24.5914,27.6560,27.0000,64.0020,13.2611
2020-01-28 23:00:00+00:00,22.7548,23.4926,22.8548,63.8021,7.2246
2020-01-29 00:00:00+00:00,24.3421,21.8595,21.5787,60.1513,8.3033
2020-01-29 01:00:00+00:00,26.3495,24.4834,24.4035,66.6672,6.6304
2020-01-29 02:00:00+00:00,24.6125,24.3927,23.6841,65.9347,8.7580
2020-01-29 03:00:00+00:00,27.2924,27.2232,27.0136,75.8025,6.5209
2020-01-29 04:00:00+00:00,24.1246,25.5432,24.3407,70.4056,10.2435
2020-01-29 05:00:00+00:00,22.8319,24.4237,22.1656,72.7442,8.3997
2020-01-29 06:00:00+00:00,21.2555,20.5081,18.6674,54.8983,13.6780
2020-01-29 07:00:00+00:00,20.5040,13.1208,14.8423,41.1813,18.5365
2020-01-29 08:00:00+00:00,16.1387,12.3734,11.4377,38.0148,14.0927
2020-01-29 09:00:00+00:00,17.0287,13.8391,12.7540,39.9668,13.0812
2020-01-29 10:00:00+00:00,21.1529,19.3555,17.3565,50.0636,8.1172
2020-01-29 11:00:00+00:00,18.6412,18.0312,17.0091,45.4115,7.4029
2020-01-29 12:00:00+00:00,16.6306,15.5248,15.0369,41.5098,5.4389
2020-01-29 13:00:00+00:00,9.5752,8.9887,8.4458,26.7811,6.5191
2020-01-29 14:00:00+00:00,5.9097,4.8832,5.1736,13.0781,4.7344
2020-01-29 15:00:00+00:00,1.9976,1.4017,1.3469,4.4342,3.1353
2020-01-29 16:00:00+00:00,1.6321,0.5852,1.1076,3.0378,2.6497
2020-01-29 17:00:00+00:00,3.0312,2.3875,2.8291,6.5361,5.0314
2020-01-29 18:00:00+00:00,5.5130,4.5099,5.1668,11.6208,4.3447
2020-01-29 19:00:00+00:00,4.7879,3.9238,3.9842,10.5531,4.6180
2020-01-29 20:00:00+00:00,3.5067,2.6989,2.7012,7.7198,3.5267
2020-01-29 21:00:00+00:00,2.4781,1.8799,1.8969,5.5929,2.6931
2020-01-29 22:00:00+00:00,2.3294,1.4452,0.8925,6.5581,2.9066
2020-01-29 23:00:00+00:00,2.3559,1.4065,0.4628,6.4472,3.5710
2020-01-30 00:00:00+00:00,1.9366,0.8400,0.0000,5.9723,3.9964
2020-01-30 01:00:00+00:00,0.0000,0.0000,0.0000,3.3139,5.8084
2020-01-30 02:00:00+00:00,0.0000,0.0000,0.0000,3.8226,4.7546
2020-01-30 03:00:00+00:00,0.0000,0.0000,0.0000,0.0000,0.8670
2020-01-30 04:00:00+00:00,0.0000,0.0000,0.0000,0.0000,0.0000
2020-01-30 05:00:00+00:00,0.0000,0.0000,0.0000,0.0000,0.0000
2020-01-30 06:00:00+00:00,0.0000,0.0000,0.0000,0.0000,0.0000
2020-01-30 07:00:00+00:00,0.0000,0.0000,0.0000,0.0000,0.0000
2020-01-30 08:00:00+00:00,1.5417,1.5186,2.4178,0.0000,0.0000
2020-01-30 09:00:00+00:00,1.9429,2.0887,3.3780,1.4715,0.0000
2020-01-30 10:00:00+00:00,0.0000,0.0000,0.0000,0.0000,0.0000
2020-01-30 11:00:00+00:00,0.0000,0.1302,1.5536,0.0000,0.0000
2020-01-30 12:00:00+00:00,1.3495,3.6817,4.7725,2.2603,1.5894
2020-01-30 13:00:00+00:00,1.9959,6.5013,7.3919,5.7808,5.6675
2020-01-30 14:00:00+00:00,0.7795,3.7541,3.9952,3.2673,8.7966
2020-01-30 15:00:00+00:00,3.4832,6.4862,7.0719,8.5186,3.4623
2020-01-30 16:00:00+00:00,2.6237,4.4288,5.1267,5.7451,0.0000
2020-01-30 17:00:00+00:00,0.0000,0.0000,0.0000,0.0000,0.0000
2020-01-30 18:00:00+00:00,0.0000,0.0000,0.0000,0.0000,0.0000
2020-01-30 19:00:00+00:00,0.0000,0.0000,0.0000,0.0000,0.0000
2020-01-30 20:00:00+00:00,0.0000,0.0000,0.0000,0.0000,0.0000
2020-01-30 21:00:00+00:00,0.0000,0.0000,0.0000,0.0000,0.0000
2020-01-30 22:00:00+00:00,0.5228,2.6940,0.3001,7.3636,0.0000
2020-01-30 23:00:00+00:00,0.0000,3.5317,1.5375,5.3386,0.0000
2020-01-31 00:00:00+00:00,1.1931,1.3353,2.2012,0.0000,0.0000
2020-01-31 01:00:00+00:00,2.6117,0.6663,2.0123,1.1667,0.0000
2020-01-31 02:00:00+00:00,4.3394,0.5554,1.3056,3.2370,0.0000
2020-01-31 03:00:00+00:00,5.2072,0.9748,1.3943,4.2336,6.9697
2020-01-31 04:00:00+00:00,5.0364,0.7797,1.4694,3.6842,20.1142
2020-01-31 05:00:00+00:00,5.4074,0.8206,1.8677,3.1090,23.2755
2020-01-31 06:00:00+00:00,8.2669,3.0372,4.8631,6.8983,27.0821
2020-01-31 07:00:00+00:00,12.2815,6.3688,9.5915,12.4114,39.9281
2020-01-31 08:00:00+00:00,17.5397,14.1961,18.3256,25.4191,41.5781
2020-01-31 09:00:00+00:00,19.4629,20.6136,22.3307,38.7239,33.8006
2020-01-31 10:00:00+00:00,21.1287,26.9804,28.5327,50.0484,32.5226
2020-01-31 11:00:00+00:00,16.7951,22.9385,22.2859,46.6096,15.4723
2020-01-31 12:00:00+00:00,11.0510,14.6701,14.3191,30.9564,13.8653
2020-01-31 13:00:00+00:00,6.7934,10.1817,9.3928,22.0591,16.6424
2020-01-31 14:00:00+00:00,3.8788,6.7156,6.3384,13.7105,11.7624
2020-01-31 15:00:00+00:00,1.0676,1.7667,1.3640,3.8482,1.2790
2020-01-31 16:00:00+00:00,0.0871,0.0000,0.0000,0.0000,0.0000
2020-01-31 17:00:00+00:00,0.0000,0.0000,0.0000,0.0000,0.0000
2020-01-31 18:00:00+00:00,0.0000,0.0000,0.0000,0.0000,0.0000
2020-01-31 19:00:00+00:00,0.0000,0.0000,0.0000,0.0000,1.2984
2020-01-31 20:00:00+00:00,0.0000,0.0000,0.0000,0.0000,0.0000
2020-01-31 21:00:00+00:00,0.0000,0.0000,0.0000,0.0000,0.0000
2020-01-31 22:00:00+00:00,1.5351,2.0080,1.7265,4.1316,0.0000
2020-01-31 23:00:00+00:00,1.0280,4.5841,3.7125,5.3438,0.0000
2020-02-01 00:00:00+00:00,1.2578,2.3077,1.5966,2.6702,1.7221
2020-02-01 01:00:00+00:00,1.9406,2.7260,3.5888,1.6063,0.0000
2020-02-01 02:00:00+00:00,0.0000,0.0000,0.0000,0.0000,0.6714
2020-02-01 03:00:00+00:00,0.0000,0.0000,0.0000,0.0000,0.0000
2020-02-01 04:00:00+00:00,0.0000,0.0000,0.0000,0.0000,0.0000
2020-02-01 05:00:00+00:00,0.0000,0.0000,0.0000,0.0000,0.0000
2020-02-01 06:00:00+00:00,0.0000,0.0000,0.0000,0.0000,0.0000
2020-02-01 07:00:00+00:00,0.0000,0.0000,0.0000,0.0000,0.0000
2020-02-01 08:00:00+00:00,0.0000,0.0000,0.0000,0.0000,0.0000
2020-02-01 09:00:00+00:00,0.0000,0.0000,0.0000,0.0000,0.0000
2020-02-01 10:00:00+00:00,1.9402,0.0833,0.0000,4.8563,0.0000
2020-02-01 11:00:00+00:00,1.4905,0.9227,0.0000,5.2381,0.0000
2020-02-01 12:00:00+00:00,1.9195,1.1960,0.0000,5.9189,0.0000
2020-02-01 13:00:00+00:00,3.2166,2.0519,1.4029,8.2666,0.0000
2020-02-01 14:00:00+00:00,1.8108,0.0000,0.0000,3.6825,0.0000
2020-02-01 15:00:00+00:00,0.6542,0.0000,0.0000,0.0000,0.0000
2020-02-01 16:00:00+00:00,0.0000,0.0000,0.0000,0.0000,0.0000
2020-02-01 17:00:00+00:00,0.0000,0.0000,0.0000,0.0000,0.0000
2020-02-01 18:00:00+00:00,0.0000,0.0000,0.0000,0.0000,0.0000
2020-02-01 19:00:00+00:00,0.0000,0.0000,0.0000,0.0000,0.0000
2020-02-01 20:00:00+00:00,0.0000,0.0000,0.0000,0.0000,0.0000
2020-02-01 21:00:00+00:00,0.0000,0.0000,0.0000,0.0000,0.0000
2020-02-01 22:00:00+00:00,0.0000,0.0000,0.0000,0.0000,0.0000
2020-02-01 23:00:00+00:00,0.0000,0.0000,0.0000,0.0000,0.0000
2020-02-02 00:00:00+00:00,0.0000,0.0000,0.0000,0.0000,0.0000
2020-02-02 01:00:00+00:00,0.0000,0.0000,0.0000,0.0000,0.0000
2020-02-02 02:00:00+00:00,0.0000,0.0000,0.0000,0.0000,0.0000
2020-02-02 03:00:00+00:00,0.0000,0.0000,0.0000,0.0000,0.0000
2020-02-02 04:00:00+00:00,0.0000,0.0000,0.0000,0.0000,0.0000
2020-02-02 05:00:00+00:00,0.0000,0.0000,0.0000,0.0000,0.0000
2020-02-02 06:00:00+00:00,0.0000,0.0000,0.0000,0.0000,0.0000
2020-02-02 07:00:00+00:00,0.0000,0.0000,0.0000,0.0000,0.0000
2020-02-02 08:00:00+00:00,0.0000,0.0000,0.0000,0.0000,3.5179
2020-02-02 09:00:00+00:00,0.0000,0.0000,0.0000,0.0000,6.0193
2020-02-02 10:00:00+00:00,0.0000,0.0000,0.0000,0.0000,15.1668
2020-02-02 11:00:00+00:00,0.0000,0.0000,0.0000,0.0000,6.5721
2020-02-02 12:00:00+00:00,0.0000,0.0000,0.0000,0.0000,2.5073
2020-02-02 13:00:00+00:00,0.0000,0.0000,0.0000,0.0000,3.5592
2020-02-02 14:00:00+00:00,0.0000,0.0000,0.0000,0.0000,0.2085
2020-02-02 15:00:00+00:00,0.0000,0.0000,0.0000,0.0000,5.4423
2020-02-02 16:00:00+00:00,0.0000,0.0000,0.0000,0.0000,7.9166
2020-02-02 17:00:00+00:00,0.0000,0.0000,0.0000,0.0000,12.0918
2020-02-02 18:00:00+00:00,0.0000,0.0000,0.0000,0.0000,11.8299
2020-02-02 19:00:00+00:00,0.0000,0.0000,0.0000,0.0000,7.3532
2020-02-02 20:00:00+00:00,0.0000,0.0000,0.0000,0.0000,5.6962
2020-02-02 21:00:00+00:00,0.0000,0.0000,0.0000,0.0000,2.1979
2020-02-02 22:00:00+00:00,0.0000,0.0000,0.0000,0.0000,2.2424
2020-02-02 23:00:00+00:00,0.0000,0.0000,0.0000,0.0000,1.9155
2020-02-03 00:00:00+00:00,2.1869,1.6519,1.9548,0.6811,0.0000
2020-02-03 01:00:00+00:00,1.3555,0.6867,0.3275,0.7786,0.0000
2020-02-03 02:00:00+00:00,3.2249,2.0810,1.9609,5.9676,0.0000
2020-02-03 03:00:00+00:00,3.6892,2.6471,2.8987,5.4713,0.0000
2020-02-03 04:00:00+00:00,3.4972,2.1739,2.3136,5.3345,0.0000
2020-02-03 05:00:00+00:00,3.7373,1.9697,2.2094,6.3333,0.0000
2020-02-03 06:00:00+00:00,4.9851,4.6315,4.1806,13.2295,2.9223
2020-02-03 07:00:00+00:00,4.8026,4.8807,4.3771,14.2259,0.0000
2020-02-03 08:00:00+00:00,5.4834,7.0694,5.7770,18.2877,1.7125
2020-02-03 09:00:00+00:00,4.7853,4.7620,4.3263,13.6054,25.3171
2020-02-03 10:00:00+00:00,9.8230,9.8738,9.1192,26.1695,18.0950
2020-02-03 11:00:00+00:00,12.2528,12.6342,12.0198,31.6770,38.5487
2020-02-03 12:00:00+00:00,15.7304,20.2813,20.1958,45.5425,30.4792
2020-02-03 13:00:00+00:00,26.2941,32.3716,31.5618,67.1660,67.1504
2020-02-03 14:00:00+00:00,34.8154,34.9202,36.0634,78.0614,76.5426
2020-02-03 15:00:00+00:00,75.9059,69.4455,78.0962,156.0061,77.5133
2020-02-03 16:00:00+00:00,79.0879,96.4499,101.8141,208.2271,79.7337
2020-02-03 17:00:00+00:00,78.2864,95.4722,98.2861,207.0814,79.2696
2020-02-03 18:00:00+00:00,78.2308,95.7478,99.4137,208.1011,79.9000
2020-02-03 19:00:00+00:00,73.9134,78.6707,80.3820,189.3308,79.9000
2020-02-03 20:00:00+00:00,78.5449,95.7116,101.0682,207.8487,77.8299
2020-02-03 21:00:00+00:00,80.5187,98.2364,103.4593,213.3337,52.4424
2020-02-03 22:00:00+00:00,81.0000,99.0828,103.9632,215.2000,25.8717
2020-02-03 23:00:00+00:00,77.3341,88.3778,86.4351,204.4480,14.7391
2020-02-04 00:00:00+00:00,59.3903,61.7009,64.0432,142.8048,11.6454
2020-02-04 01:00:00+00:00,23.2227,27.1480,27.7942,61.5917,13.4730
2020-02-04 02:00:00+00:00,5.6801,6.3803,5.8743,17.0570,9.9173
2020-02-04 03:00:00+00:00,0.0000,0.0000,0.0000,0.5229,1.9186
2020-02-04 04:00:00+00:00,0.0000,0.0000,0.0000,0.0000,0.0000
2020-02-04 05:00:00+00:00,0.0000,0.0000,0.0000,0.0000,2.2534
2020-02-04 06:00:00+00:00,0.0000,0.0000,0.0000,0.0000,7.4349
2020-02-04 07:00:00+00:00,0.0000,0.0000,0.0000,0.0000,11.1653
2020-02-04 08:00:00+00:00,0.0000,0.0000,0.0000,0.0000,12.9081
2020-02-04 09:00:00+00:00,0.0000,0.0000,0.0000,0.0000,8.7938
2020-02-04 10:00:00+00:00,0.0000,0.0000,0.0000,0.0000,6.6809
2020-02-04 11:00:00+00:00,2.1393,3.4786,4.2444,6.9466,13.6670
2020-02-04 12:00:00+00:00,3.9417,6.5375,6.5916,13.8635,13.1280
2020-02-04 13:00:00+00:00,0.4196,1.4241,2.2965,1.2380,0.0000
2020-02-04 14:00:00+00:00,0.6330,3.4238,4.0214,5.5992,0.0000
2020-02-04 15:00:00+00:00,0.0000,0.2829,0.0000,0.6148,0.0000
2020-02-04 16:00:00+00:00,0.0000,0.0000,0.0000,0.0000,2.4517
2020-02-04 17:00:00+00:00,0.0000,0.0000,0.0000,0.0000,5.8530
2020-02-04 18:00:00+00:00,3.5710,1.4314,3.2430,0.0000,7.4865
2020-02-04 19:00:00+00:00,6.9732,3.5268,4.8921,6.2740,17.2348
2020-02-04 20:00:00+00:00,14.3096,11.2078,12.3351,26.1011,17.4390
2020-02-04 21:00:00+00:00,24.9391,22.4877,23.7365,54.4517,24.4096
2020-02-04 22:00:00+00:00,31.7807,34.0452,34.5083,78.3173,32.1069
2020-02-04 23:00:00+00:00,41.2591,47.1005,46.1591,106.3827,43.0176
2020-02-05 00:00:00+00:00,41.1983,47.6464,46.4192,108.1163,49.5508
2020-02-05 01:00:00+00:00,47.0943,52.1180,52.0997,119.4711,54.0080
2020-02-05 02:00:00+00:00,34.1520,36.7047,38.5933,84.5820,58.9162
2020-02-05 03:00:00+00:00,27.4983,30.7994,30.3621,70.7102,44.4148
2020-02-05 04:00:00+00:00,23.3018,24.5400,25.4380,56.8731,43.1444
2020-02-05 05:00:00+00:00,19.1351,20.6746,21.0118,50.3722,43.6803
2020-02-05 06:00:00+00:00,17.8856,21.7230,20.9054,54.4774,33.1966
2020-02-05 07:00:00+00:00,32.4337,41.8431,41.5630,100.4993,25.7417
2020-02-05 08:00:00+00:00,38.4585,43.7928,45.0043,104.6263,33.8234
2020-02-05 09:00:00+00:00,31.9227,38.9126,38.6617,85.8902,47.1485
2020-02-05 10:00:00+00:00,24.2596,28.3425,28.9458,65.3432,40.9158
2020-02-05 11:00:00+00:00,30.8674,40.4270,42.3915,85.2114,27.9817
2020-02-05 12:00:00+00:00,39.6989,50.5912,52.3870,117.1011,23.9402
2020-02-05 13:00:00+00:00,13.3802,14.5550,14.4830,39.5196,23.0680
2020-02-05 14:00:00+00:00,12.7052,13.0937,13.5168,34.9719,16.2384
2020-02-05 15:00:00+00:00,11.2107,12.5291,12.1206,30.9007,11.5318
2020-02-05 16:00:00+00:00,9.0144,9.9161,9.6777,24.1280,3.4443
2020-02-05 17:00:00+00:00,11.5332,12.5800,12.2074,30.6009,0.0000
2020-02-05 18:00:00+00:00,8.1547,8.5391,8.2991,20.6254,0.0000
2020-02-05 19:00:00+00:00,5.9140,5.7376,5.2358,14.6760,0.0000
2020-02-05 20:00:00+00:00,3.3372,3.2954,2.8456,9.0082,0.0000
2020-02-05 21:00:00+00:00,2.0267,1.4633,0.8052,5.1895,0.0000
2020-02-05 22:00:00+00:00,1.0375,0.3041,0.0000,3.5195,0.0000
2020-02-05 23:00:00+00:00,0.0000,0.0000,0.0000,0.0000,0.0000
2020-02-06 00:00:00+00:00,0.0000,0.0000,0.0000,0.0000,0.0000
2020-02-06 01:00:00+00:00,0.0000,0.0000,0.0000,0.0000,0.0000
2020-02-06 02:00:00+00:00,2.3577,0.0000,0.6520,0.0000,0.0000
2020-02-06 03:00:00+00:00,3.5434,0.0000,1.4648,0.0000,0.0000
2020-02-06 04:00:00+00:00,9.6168,6.4050,8.9006,11.3633,0.9554
2020-02-06 05:00:00+00:00,11.2109,6.9091,7.8815,11.7274,4.8926
2020-02-06 06:00:00+00:00,17.8286,7.9098,9.2496,14.6150,22.9179
2020-02-06 07:00:00+00:00,8.9711,4.6009,4.6633,10.1453,3.4721
2020-02-06 08:00:00+00:00,5.6149,2.5228,2.8369,6.3594,0.0000
2020-02-06 09:00:00+00:00,4.2742,3.3635,5.5450,4.0056,3.5534
2020-02-06 10:00:00+00:00,3.3540,2.1862,4.2445,1.0226,3.1252
2020-02-06 11:00:00+00:00,1.2657,4.5549,5.1246,6.9516,3.7804
2020-02-06 12:00:00+00:00,3.4129,13.9895,12.2650,26.7163,5.2607
2020-02-06 13:00:00+00:00,3.5866,18.5210,13.5764,35.1144,4.3485
2020-02-06 14:00:00+00:00,6.4426,18.7507,14.1024,32.7852,0.3514
2020-02-06 15:00:00+00:00,10.3775,17.3561,15.8321,31.1200,0.0000
2020-02-06 16:00:00+00:00,11.0563,16.4037,19.5285,25.1795,0.0000
2020-02-06 17:00:00+00:00,6.3325,9.1414,12.6199,13.2248,0.0000
2020-02-06 18:00:00+00:00,6.5386,8.7947,12.8591,12.7661,3.8389
2020-02-06 19:00:00+00:00,7.5885,9.8380,14.6075,13.8221,7.3477
2020-02-06 20:00:00+00:00,8.0863,10.5777,17.6276,12.8686,6.3538
2020-02-06 21:00:00+00:00,7.1436,10.1355,17.6423,9.7301,3.0572
2020-02-06 22:00:00+00:00,4.2986,6.3579,11.4601,6.7234,5.3284
2020-02-06 23:00:00+00:00,6.2863,8.4404,14.4745,11.3573,3.6256
2020-02-07 00:00:00+00:00,17.6373,23.8223,35.9392,36.1800,5.5766
2020-02-07 01:00:00+00:00,5.7282,6.4051,11.1891,9.9209,2.8564
2020-02-07 02:00:00+00:00,1.7930,1.9898,4.4589,1.9117,4.7626
2020-02-07 03:00:00+00:00,6.0461,7.6753,14.6167,9.0519,4.3575
2020-02-07 04:00:00+00:00,8.4327,10.2106,17.8247,14.3028,0.0000
2020-02-07 05:00:00+00:00,17.2601,22.0172,34.3543,31.3985,3.3887
2020-02-07 06:00:00+00:00,11.9023,10.8821,15.9705,21.3334,13.6419
2020-02-07 07:00:00+00:00,5.8144,6.5571,9.4422,11.0922,8.7972
2020-02-07 08:00:00+00:00,6.6142,9.1906,12.3398,17.3019,1.2471
2020-02-07 09:00:00+00:00,13.0392,15.7165,24.4662,27.3838,6.0390
2020-02-07 10:00:00+00:00,8.4832,9.5437,15.7041,13.8580,7.7958
2020-02-07 11:00:00+00:00,8.8317,10.8446,16.1969,17.6278,15.3005
2020-02-07 12:00:00+00:00,8.3085,12.5487,16.2930,21.7074,3.3972
2020-02-07 13:00:00+00:00,7.6700,12.2458,15.7553,22.9352,17.6324
2020-02-07 14:00:00+00:00,6.5933,9.4036,14.1761,16.3863,31.6556
2020-02-07 15:00:00+00:00,6.3704,11.0877,12.1184,21.7566,58.4626
2020-02-07 16:00:00+00:00,3.9318,7.1266,7.6960,15.6670,75.8578
2020-02-07 17:00:00+00:00,4.4190,7.7630,7.6496,18.2810,78.0022
2020-02-07 18:00:00+00:00,21.2350,21.0675,22.6798,56.4963,76.5751
2020-02-07 19:00:00+00:00,50.9943,55.2867,60.9499,134.2209,79.9000
2020-02-07 20:00:00+00:00,52.1448,55.0711,61.5767,132.2190,79.6366
2020-02-07 21:00:00+00:00,56.4145,53.8032,61.0591,132.1042,78.1594
2020-02-07 22:00:00+00:00,69.9186,68.4862,75.4535,164.4728,76.9968
2020-02-07 23:00:00+00:00,73.1114,70.0292,76.1427,176.8304,56.7672
2020-02-08 00:00:00+00:00,78.8631,94.9749,101.3173,205.7305,65.1463
2020-02-08 01:00:00+00:00,81.0000,97.9014,103.7562,213.2922,76.0151
2020-02-08 02:00:00+00:00,78.8511,95.4593,97.1764,209.4915,70.1437
2020-02-08 03:00:00+00:00,78.2485,93.9193,96.6977,206.8999,66.1067
2020-02-08 04:00:00+00:00,79.5517,95.0424,94.9485,208.8116,55.9548
2020-02-08 05:00:00+00:00,80.5915,96.9898,101.6955,212.4820,63.1159
2020-02-08 06:00:00+00:00,80.0514,96.6028,100.8505,211.6950,48.5107
2020-02-08 07:00:00+00:00,81.0000,98.9120,102.8434,215.2000,41.1304
2020-02-08 08:00:00+00:00,81.0000,100.5000,104.8993,215.2000,31.9447
2020-02-08 09:00:00+00:00,81.0000,100.5000,104.1553,215.2000,28.0528
2020-02-08 10:00:00+00:00,80.9791,97.1304,100.8627,215.2000,19.7003
2020-02-08 11:00:00+00:00,79.1106,95.2763,87.7562,210.7976,18.8716
2020-02-08 12:00:00+00:00,77.4430,83.9620,75.1356,206.5786,24.4487
2020-02-08 13:00:00+00:00,77.6259,86.7269,78.8833,206.8224,22.3857
2020-02-08 14:00:00+00:00,76.5500,72.8714,65.9531,200.4641,11.5407
2020-02-08 15:00:00+00:00,73.6543,73.2180,67.6281,196.0090,2.4503
2020-02-08 16:00:00+00:00,77.1990,83.8575,75.7596,205.5681,2.4946
2020-02-08 17:00:00+00:00,76.5318,78.0441,69.3133,204.3452,4.8095
2020-02-08 18:00:00+00:00,63.0347,63.0987,56.1226,173.7255,3.9510
2020-02-08 19:00:00+00:00,43.8119,43.3405,39.6853,117.0047,3.6959
2020-02-08 20:00:00+00:00,32.4055,33.1809,30.0189,87.9614,2.3181
2020-02-08 21:00:00+00:00,28.4204,30.1761,27.0980,80.7976,0.0000
2020-02-08 22:00:00+00:00,24.9205,26.5364,22.2155,72.4041,0.0000
2020-02-08 23:00:00+00:00,36.7814,32.7981,26.8990,104.3160,0.0000
2020-02-09 00:00:00+00:00,33.3636,35.8760,29.2766,107.9800,0.0000
2020-02-09 01:00:00+00:00,45.2291,49.8398,42.0951,143.5083,0.0000
2020-02-09 02:00:00+00:00,29.2920,32.5545,27.2440,95.8246,0.0000
2020-02-09 03:00:00+00:00,25.4437,28.9209,24.3318,81.6382,0.0000
2020-02-09 04:00:00+00:00,11.2198,12.0147,9.2223,38.0764,0.0000
2020-02-09 05:00:00+00:00,6.2092,6.6234,4.2936,22.5550,0.0000
2020-02-09 06:00:00+00:00,1.8105,2.0481,0.4472,7.1699,0.0000
2020-02-09 07:00:00+00:00,0.0000,0.0000,0.0000,0.0000,0.0000
2020-02-09 08:00:00+00:00,0.0000,0.0000,0.0000,0.0000,0.0000
2020-02-09 09:00:00+00:00,0.0000,0.0000,0.0000,0.0000,0.0000
2020-02-09 10:00:00+00:00,2.0890,0.0000,2.3435,0.0000,0.8711
2020-02-09 11:00:00+00:00,7.0844,1.6820,4.1380,4.6947,1.4819
2020-02-09 12:00:00+00:00,7.7477,2.2320,3.7055,6.2901,4.6476
2020-02-09 13:00:00+00:00,8.6343,5.0880,6.7036,9.4136,14.3424
2020-02-09 14:00:00+00:00,5.3689,5.9285,5.5748,9.5158,13.1171
2020-02-09 15:00:00+00:00,6.8246,7.8275,7.5021,14.2227,8.8145
2020-02-09 16:00:00+00:00,4.0964,1.5015,2.0252,2.6577,4.4883
2020-02-09 17:00:00+00:00,3.0232,0.0000,0.5347,0.0000,7.2456
2020-02-09 18:00:00+00:00,1.1223,0.0000,0.0000,0.0000,10.2361
2020-02-09 19:00:00+00:00,0.0000,0.0000,0.0000,0.0000,15.9291
2020-02-09 20:00:00+00:00,0.0000,0.0000,0.0000,0.0000,15.4330
2020-02-09 21:00:00+00:00,0.0000,0.0000,0.0000,2.7771,22.3366
2020-02-09 22:00:00+00:00,1.7692,5.1886,3.2121,9.8286,17.2812
2020-02-09 23:00:00+00:00,13.6679,13.9966,12.9652,25.5689,14.7207
2020-02-10 00:00:00+00:00,25.3628,21.1985,20.4556,52.9035,37.5357
2020-02-10 01:00:00+00:00,41.6789,41.5665,41.2426,89.7326,33.0294
2020-02-10 02:00:00+00:00,52.9690,58.5968,59.9100,117.2048,36.6416
2020-02-10 03:00:00+00:00,69.0795,73.3386,72.5829,151.6782,67.0801
2020-02-10 04:00:00+00:00,77.4198,91.1306,89.8358,186.2057,60.6898
2020-02-10 05:00:00+00:00,78.6082,95.4965,92.5447,190.7616,39.1195
2020-02-10 06:00:00+00:00,77.9472,94.9709,72.4102,197.3916,67.7670
2020-02-10 07:00:00+00:00,50.9589,49.2803,39.0318,109.6634,79.9000
2020-02-10 08:00:00+00:00,73.6769,73.0287,79.7088,109.9983,79.9000
2020-02-10 09:00:00+00:00,81.0000,100.4636,106.5000,206.9915,79.9000
2020-02-10 10:00:00+00:00,81.0000,88.9058,105.0269,204.3634,79.9000
2020-02-10 11:00:00+00:00,80.3003,59.5335,101.4611,135.8416,79.9000
2020-02-10 12:00:00+00:00,75.7787,38.6106,67.1389,84.0588,79.9000
2020-02-10 13:00:00+00:00,44.9017,13.3747,25.7404,36.9251,79.7236
2020-02-10 14:00:00+00:00,29.7075,15.2768,23.5232,37.1562,78.3141
2020-02-10 15:00:00+00:00,15.8349,3.9684,8.0647,11.9698,77.4032
2020-02-10 16:00:00+00:00,7.5963,1.6873,3.3208,4.8070,61.0920
2020-02-10 17:00:00+00:00,8.2716,2.7400,4.1528,6.9881,42.9150
2020-02-10 18:00:00+00:00,11.5217,4.6790,5.8618,13.6315,35.5823
2020-02-10 19:00:00+00:00,15.3200,9.0763,9.4889,27.2143,33.3595
2020-02-10 20:00:00+00:00,12.9819,10.6631,10.7161,27.9363,28.0773
2020-02-10 21:00:00+00:00,12.7478,13.1445,12.9245,30.4810,13.7825
2020-02-10 22:00:00+00:00,19.4422,20.9089,20.7015,47.9686,15.6087
2020-02-10 23:00:00+00:00,16.2515,15.7709,13.2974,45.9397,7.7223
2020-02-11 00:00:00+00:00,10.2914,12.3860,9.7481,35.4454,4.7693
2020-02-11 01:00:00+00:00,16.0139,16.9141,13.6691,51.8036,2.4511
2020-02-11 02:00:00+00:00,13.5214,15.2255,11.6628,45.6844,0.0000
2020-02-11 03:00:00+00:00,6.0227,5.7809,4.0006,20.2234,0.0000
2020-02-11 04:00:00+00:00,6.1459,7.0974,5.8419,19.9435,0.0000
2020-02-11 05:00:00+00:00,6.4859,9.5195,8.0389,22.4204,0.0000
2020-02-11 06:00:00+00:00,5.3707,8.3866,7.3430,17.1915,0.0000
2020-02-11 07:00:00+00:00,9.4451,16.5103,11.4927,40.0078,0.0000
2020-02-11 08:00:00+00:00,6.3670,10.5387,7.5600,25.9088,0.0000
2020-02-11 09:00:00+00:00,2.9602,4.4635,3.0616,12.9548,0.0000
2020-02-11 10:00:00+00:00,1.7456,2.0453,1.4545,5.8529,0.0000
2020-02-11 11:00:00+00:00,0.1296,0.0000,0.0000,1.9410,0.0000
2020-02-11 12:00:00+00:00,0.0000,0.0000,0.0000,0.0000,0.0000
2020-02-11 13:00:00+00:00,0.0000,0.0000,0.0000,0.0000,0.0000
2020-02-11 14:00:00+00:00,0.0000,0.0000,0.0000,0.0000,0.0000
2020-02-11 15:00:00+00:00,0.0000,0.0000,0.0000,0.0000,0.0000
2020-02-11 16:00:00+00:00,0.2355,0.0000,0.0000,0.0000,0.0000
2020-02-11 17:00:00+00:00,0.0000,0.0000,0.1109,0.0000,0.0000
2020-02-11 18:00:00+00:00,5.8506,5.8697,5.9435,14.3221,3.8513
2020-02-11 19:00:00+00:00,12.5883,13.0813,13.5235,29.4739,9.8603
2020-02-11 20:00:00+00:00,14.4210,14.3720,14.5690,33.3128,12.6712
2020-02-11 21:00:00+00:00,12.2833,9.9563,10.3272,22.2542,11.1391
2020-02-11 22:00:00+00:00,37.7309,40.5447,41.0725,78.7167,22.4141
2020-02-11 23:00:00+00:00,39.8729,40.5376,36.3500,92.4300,23.5290
2020-02-12 00:00:00+00:00,56.7128,61.5669,58.6634,143.9308,44.8512
2020-02-12 01:00:00+00:00,77.0823,95.0847,93.3276,205.2742,58.2318
2020-02-12 02:00:00+00:00,77.4104,94.9712,93.6897,207.2854,73.6230
2020-02-12 03:00:00+00:00,74.9307,87.2665,83.4444,204.8063,75.8440
2020-02-12 04:00:00+00:00,76.7052,91.5623,90.6146,204.4666,79.9000
2020-02-12 05:00:00+00:00,77.3858,95.7765,100.7972,206.2966,79.9000
2020-02-12 06:00:00+00:00,81.0000,100.5000,106.3312,215.2000,79.9000
2020-02-12 07:00:00+00:00,81.0000,100.5000,106.5000,215.2000,79.9000
2020-02-12 08:00:00+00:00,81.0000,100.5000,106.5000,215.2000,79.9000
2020-02-12 09:00:00+00:00,81.0000,99.1308,104.0188,215.2000,78.6510
2020-02-12 10:00:00+00:00,79.4309,97.7395,103.2537,211.1851,79.4482
2020-02-12 11:00:00+00:00,78.0666,95.4981,100.7812,207.2419,76.6142
2020-02-12 12:00:00+00:00,76.5842,86.2315,87.6147,201.8973,49.7531
2020-02-12 13:00:00+00:00,64.6599,76.7780,72.3842,188.6748,41.2924
2020-02-12 14:00:00+00:00,45.5202,48.8434,53.2007,109.1928,29.4698
2020-02-12 15:00:00+00:00,28.4693,34.8127,35.8684,73.6984,14.3633
2020-02-12 16:00:00+00:00,23.9930,29.3641,29.9549,58.7267,8.8545
2020-02-12 17:00:00+00:00,25.8018,31.3380,30.8331,64.6484,12.5840
2020-02-12 18:00:00+00:00,16.2344,19.1827,20.4121,35.3391,29.3901
2020-02-12 19:00:00+00:00,21.4448,23.0056,26.1502,39.8628,70.0792
2020-02-12 20:00:00+00:00,25.3695,24.7191,28.3194,42.0579,76.1399
2020-02-12 21:00:00+00:00,33.1200,33.3938,35.3288,63.2351,39.1142
2020-02-12 22:00:00+00:00,38.5402,40.7121,39.6546,86.9754,38.5763
2020-02-12 23:00:00+00:00,41.4952,46.2189,43.7787,101.8497,67.2560
2020-02-13 00:00:00+00:00,54.8783,59.7825,60.3419,149.8932,64.0953
2020-02-13 01:00:00+00:00,76.0005,91.4378,92.7723,205.2816,76.2880
2020-02-13 02:00:00+00:00,76.9534,95.1414,94.5528,207.0405,75.9559
2020-02-13 03:00:00+00:00,76.2843,83.6538,80.4408,204.6933,59.3612
2020-02-13 04:00:00+00:00,71.5700,69.8711,66.7922,177.9164,79.9000
2020-02-13 05:00:00+00:00,73.6508,69.0426,69.2299,165.7543,75.4698
2020-02-13 06:00:00+00:00,76.7893,72.0671,82.2188,144.2466,0.0000
2020-02-13 07:00:00+00:00,66.7417,91.0728,83.6843,186.4991,0.8788
2020-02-13 08:00:00+00:00,38.9174,45.1025,38.3777,102.2536,0.0000
2020-02-13 09:00:00+00:00,16.7596,21.0138,18.4972,50.9988,0.0000
2020-02-13 10:00:00+00:00,10.9876,12.1320,10.8417,29.9904,0.0000
2020-02-13 11:00:00+00:00,0.5888,0.1089,0.0000,1.8696,0.0000
2020-02-13 12:00:00+00:00,1.4015,2.2454,1.7235,4.4964,0.0000
2020-02-13 13:00:00+00:00,0.0000,0.0000,0.0000,0.0000,4.7237
2020-02-13 14:00:00+00:00,0.0000,0.0000,0.0000,0.0000,2.4551
2020-02-13 15:00:00+00:00,0.4493,0.0000,0.0000,0.0000,0.0000
2020-02-13 16:00:00+00:00,1.1213,0.8632,0.5401,3.1337,4.1152
2020-02-13 17:00:00+00:00,3.6503,3.3316,3.2032,8.9149,4.3812
2020-02-13 18:00:00+00:00,2.8515,3.0637,2.9081,7.3379,1.9758
2020-02-13 19:00:00+00:00,5.9694,5.9116,7.2112,12.1425,28.9352
2020-02-13 20:00:00+00:00,16.2779,19.3596,21.2330,38.0705,31.7791
2020-02-13 21:00:00+00:00,22.8499,23.1005,24.5500,38.1442,34.4639
2020-02-13 22:00:00+00:00,25.7558,24.1771,26.5774,50.9113,31.8288
2020-02-13 23:00:00+00:00,28.7601,29.3430,31.6863,61.8655,24.5522
2020-02-14 00:00:00+00:00,19.1224,18.3458,19.0844,41.9704,23.0340
2020-02-14 01:00:00+00:00,29.9553,30.5662,32.3687,66.4665,41.5164
2020-02-14 02:00:00+00:00,19.6105,18.9477,20.5665,40.3129,42.3905
2020-02-14 03:00:00+00:00,14.6653,13.4031,15.0648,26.0489,20.1649
2020-02-14 04:00:00+00:00,7.6742,6.7201,7.9232,10.6049,17.0373
2020-02-14 05:00:00+00:00,10.9573,10.4266,12.8049,16.5945,30.2111
2020-02-14 06:00:00+00:00,13.4803,13.2851,14.6564,25.4588,24.6243
2020-02-14 07:00:00+00:00,16.1324,17.0152,16.2780,41.1858,22.0340
2020-02-14 08:00:00+00:00,18.8327,19.5737,18.1022,48.9113,25.2141
2020-02-14 09:00:00+00:00,16.5685,14.5670,16.6730,34.1200,25.8191
2020-02-14 10:00:00+00:00,13.7623,12.4806,12.9217,29.9072,24.7959
2020-02-14 11:00:00+00:00,10.0940,7.1329,7.7372,20.3716,25.4485
2020-02-14 12:00:00+00:00,6.3101,4.5752,4.7409,13.0547,16.4852
2020-02-14 13:00:00+00:00,3.3386,2.0861,2.1239,7.3178,12.0653
2020-02-14 14:00:00+00:00,4.1484,2.9038,2.8652,7.8631,5.5290
2020-02-14 15:00:00+00:00,6.3924,6.3012,5.9930,14.4595,0.0000
2020-02-14 16:00:00+00:00,12.7171,13.5250,12.7472,31.7427,0.0000
2020-02-14 17:00:00+00:00,15.8257,18.1946,17.1352,41.8513,3.8830
2020-02-14 18:00:00+00:00,15.8075,17.3259,16.4017,42.4253,7.7456
2020-02-14 19:00:00+00:00,14.4523,15.2392,14.5072,36.0894,11.2873
2020-02-14 20:00:00+00:00,19.6110,21.9046,21.7752,49.5264,12.9086
2020-02-14 21:00:00+00:00,21.3877,22.6374,22.5859,52.2087,10.9798
2020-02-14 22:00:00+00:00,22.7187,24.8513,23.9333,57.9768,8.6447
2020-02-14 23:00:00+00:00,28.3649,28.2562,24.9228,76.0838,13.1410
2020-02-15 00:00:00+00:00,46.5584,47.1643,43.9132,126.2453,15.9208
2020-02-15 01:00:00+00:00,38.9661,42.1394,37.6117,116.4586,10.8734
2020-02-15 02:00:00+00:00,51.8528,56.5904,53.4260,144.7302,14.7453
2020-02-15 03:00:00+00:00,32.2173,39.5570,34.2839,103.0023,6.6767
2020-02-15 04:00:00+00:00,36.5097,42.2137,37.9296,108.7616,0.0000
2020-02-15 05:00:00+00:00,23.0812,29.5513,27.2644,69.5054,0.0000
2020-02-15 06:00:00+00:00,11.6370,18.2971,15.5477,42.9705,40.9303
2020-02-15 07:00:00+00:00,19.5746,31.7454,28.5628,74.8646,58.9391
2020-02-15 08:00:00+00:00,25.4965,36.3655,33.4607,89.4342,54.1706
2020-02-15 09:00:00+00:00,27.6293,36.1648,32.9644,93.1768,57.9763
2020-02-15 10:00:00+00:00,27.4848,37.1191,35.0533,89.3356,46.8282
2020-02-15 11:00:00+00:00,22.9510,32.8081,30.3947,76.5027,43.8675
2020-02-15 12:00:00+00:00,18.7927,26.4011,25.2980,61.4922,54.5820
2020-02-15 13:00:00+00:00,13.4629,18.9259,19.7104,38.7957,56.1377
2020-02-15 14:00:00+00:00,21.9425,19.7048,20.1762,45.0215,32.2447
2020-02-15 15:00:00+00:00,23.7612,18.5587,22.2887,36.4717,52.7315
2020-02-15 16:00:00+00:00,40.3734,37.3084,44.5387,62.1583,75.6757
2020-02-15 17:00:00+00:00,30.9503,25.7039,31.1207,48.3391,54.6435
2020-02-15 18:00:00+00:00,14.9174,10.1368,13.5988,17.4598,47.8735
2020-02-15 19:00:00+00:00,11.7835,9.3715,12.3790,13.9163,52.7191
2020-02-15 20:00:00+00:00,14.1025,10.7854,13.3263,17.6134,53.0976
2020-02-15 21:00:00+00:00,16.7370,9.3425,11.3282,14.6434,72.7774
2020-02-15 22:00:00+00:00,18.1105,9.1791,9.1100,11.9065,66.5094
2020-02-15 23:00:00+00:00,40.1258,15.0668,15.7519,21.1497,75.5823
2020-02-16 00:00:00+00:00,78.7614,28.9856,37.1330,49.6568,75.4587
2020-02-16 01:00:00+00:00,81.0000,97.3663,100.8542,205.3705,77.4999
2020-02-16 02:00:00+00:00,81.0000,99.4048,102.6761,212.7125,75.9832
2020-02-16 03:00:00+00:00,81.0000,97.9880,104.6114,213.3975,62.9156
2020-02-16 04:00:00+00:00,81.0000,100.5000,106.5000,215.2000,78.8253
2020-02-16 05:00:00+00:00,81.0000,100.5000,106.5000,214.4190,79.9000
2020-02-16 06:00:00+00:00,81.0000,100.5000,106.5000,213.7944,77.4440
2020-02-16 07:00:00+00:00,81.0000,100.5000,106.5000,214.4776,66.5263
2020-02-16 08:00:00+00:00,81.0000,100.5000,106.5000,215.2000,60.6538
2020-02-16 09:00:00+00:00,81.0000,100.5000,106.5000,215.2000,49.7552
2020-02-16 10:00:00+00:00,77.0419,94.9741,101.0005,193.0484,73.3797
2020-02-16 11:00:00+00:00,76.5847,95.1823,98.7463,198.6233,75.8671
2020-02-16 12:00:00+00:00,46.1812,57.2666,53.1162,127.9286,56.4270
2020-02-16 13:00:00+00:00,45.0379,54.1917,50.4443,121.5648,47.0456
2020-02-16 14:00:00+00:00,29.8384,40.9312,36.6211,89.7984,52.6628
2020-02-16 15:00:00+00:00,16.9301,21.5081,19.1219,41.9677,58.1337
2020-02-16 16:00:00+00:00,22.2906,28.7521,25.7944,57.0427,57.4710
2020-02-16 17:00:00+00:00,23.3634,33.1579,29.0756,65.8929,44.0066
2020-02-16 18:00:00+00:00,35.4703,43.9959,39.2440,95.7728,45.9266
2020-02-16 19:00:00+00:00,30.0106,36.6677,34.9578,72.5095,44.8116
2020-02-16 20:00:00+00:00,32.1496,37.3063,37.5487,72.5174,61.3778
2020-02-16 21:00:00+00:00,42.9418,42.5575,42.3204,91.0805,67.0058
2020-02-16 22:00:00+00:00,49.2006,57.5088,62.4743,110.8572,61.3627
2020-02-16 23:00:00+00:00,41.4162,43.7933,47.0145,91.3573,39.3754
2020-02-17 00:00:00+00:00,48.0789,51.1513,53.7019,109.8919,34.1394
2020-02-17 01:00:00+00:00,68.9720,80.3639,82.9417,167.3314,37.8731
2020-02-17 02:00:00+00:00,76.6266,94.7508,97.2642,199.0115,43.2691
2020-02-17 03:00:00+00:00,78.8173,97.1611,102.8310,207.2562,71.2032
2020-02-17 04:00:00+00:00,71.2029,95.2659,90.9556,198.7706,71.5496
2020-02-17 05:00:00+00:00,70.8942,84.2456,89.8760,174.3168,44.2773
2020-02-17 06:00:00+00:00,58.7163,67.6888,68.9319,145.9147,23.3436
2020-02-17 07:00:00+00:00,57.1821,60.6828,64.9450,136.1446,15.2522
2020-02-17 08:00:00+00:00,21.0851,21.7218,21.5182,53.9600,11.3705
2020-02-17 09:00:00+00:00,18.5874,21.1152,21.3398,52.2159,8.0051
2020-02-17 10:00:00+00:00,7.1101,7.0220,6.9253,21.8782,7.6551
2020-02-17 11:00:00+00:00,9.3788,10.0961,9.5155,31.2873,4.6965
2020-02-17 12:00:00+00:00,13.3276,14.4935,13.5278,43.6905,3.1789
2020-02-17 13:00:00+00:00,16.1091,15.0229,15.4393,44.5811,2.7277
2020-02-17 14:00:00+00:00,11.4195,12.0177,11.8070,31.8854,3.5299
2020-02-17 15:00:00+00:00,14.0220,13.9837,13.9828,35.3028,0.0000
2020-02-17 16:00:00+00:00,14.3700,13.7696,14.4396,33.2423,0.0000
2020-02-17 17:00:00+00:00,11.1032,10.2263,10.7457,24.9799,1.3899
2020-02-17 18:00:00+00:00,4.8507,4.0538,4.1514,10.3639,0.0000
2020-02-17 19:00:00+00:00,4.4113,3.8511,3.7203,10.1407,0.0000
2020-02-17 20:00:00+00:00,1.4462,0.3878,0.0000,2.9276,0.0000
2020-02-17 21:00:00+00:00,0.0000,0.0000,0.0000,0.0000,0.0000
2020-02-17 22:00:00+00:00,0.0000,0.0000,0.0000,0.1929,0.0000
2020-02-17 23:00:00+00:00,0.0000,0.0000,0.0000,0.0000,0.0000
2020-02-18 00:00:00+00:00,0.0000,0.0000,0.0000,0.0000,0.0000
2020-02-18 01:00:00+00:00,0.0000,0.0000,0.0000,0.0000,0.0000
2020-02-18 02:00:00+00:00,0.0000,0.0000,0.0000,0.0000,0.0000
2020-02-18 03:00:00+00:00,0.0000,0.2442,1.9367,0.0000,0.0000
2020-02-18 04:00:00+00:00,2.2298,6.5245,9.7885,7.6571,4.4974
2020-02-18 05:00:00+00:00,4.4830,17.1457,17.3875,24.4045,24.4410
2020-02-18 06:00:00+00:00,11.9499,25.5010,27.4541,44.5764,76.9245
2020-02-18 07:00:00+00:00,13.9763,28.5527,31.0476,58.0726,76.9839
2020-02-18 08:00:00+00:00,24.5150,40.5822,44.5650,86.0594,73.6300
2020-02-18 09:00:00+00:00,23.7122,44.2318,54.2314,83.3882,79.9000
2020-02-18 10:00:00+00:00,19.2527,25.4648,55.7428,53.1694,79.7334
2020-02-18 11:00:00+00:00,64.3141,48.0486,104.5252,43.7538,79.3149
2020-02-18 12:00:00+00:00,80.6674,100.5000,106.5000,163.1055,79.9000
2020-02-18 13:00:00+00:00,70.8019,97.2377,102.3607,208.6515,79.9000
2020-02-18 14:00:00+00:00,79.3492,96.7712,106.5000,206.8911,79.9000
2020-02-18 15:00:00+00:00,81.0000,100.5000,106.5000,215.2000,79.9000
2020-02-18 16:00:00+00:00,81.0000,100.5000,106.5000,215.2000,79.9000
2020-02-18 17:00:00+00:00,81.0000,100.5000,106.5000,215.2000,79.9000
2020-02-18 18:00:00+00:00,81.0000,100.5000,106.5000,215.2000,79.9000
2020-02-18 19:00:00+00:00,81.0000,100.5000,106.5000,215.2000,79.9000
2020-02-18 20:00:00+00:00,81.0000,100.5000,106.5000,215.2000,79.9000
2020-02-18 21:00:00+00:00,81.0000,100.5000,106.5000,215.2000,79.9000
2020-02-18 22:00:00+00:00,81.0000,100.5000,106.5000,215.2000,79.9000
2020-02-18 23:00:00+00:00,81.0000,100.5000,106.5000,213.4370,79.9000
2020-02-19 00:00:00+00:00,79.4190,98.7658,104.9483,208.1656,79.9000
2020-02-19 01:00:00+00:00,81.0000,100.5000,106.5000,215.2000,79.9000
2020-02-19 02:00:00+00:00,81.0000,100.5000,106.5000,215.2000,79.9000
2020-02-19 03:00:00+00:00,81.0000,100.5000,106.5000,215.2000,79.9000
2020-02-19 04:00:00+00:00,81.0000,100.5000,106.5000,215.2000,79.9000
2020-02-19 05:00:00+00:00,81.0000,100.5000,106.5000,215.2000,79.9000
2020-02-19 06:00:00+00:00,81.0000,100.5000,106.5000,215.2000,79.9000
2020-02-19 07:00:00+00:00,81.0000,100.5000,106.5000,215.2000,79.9000
2020-02-19 08:00:00+00:00,81.0000,100.5000,106.5000,215.2000,79.9000
2020-02-19 09:00:00+00:00,81.0000,100.5000,106.5000,215.2000,79.9000
2020-02-19 10:00:00+00:00,81.0000,100.5000,106.5000,215.2000,79.9000
2020-02-19 11:00:00+00:00,81.0000,100.5000,106.5000,215.2000,79.9000
2020-02-19 12:00:00+00:00,81.0000,100.5000,106.5000,215.2000,79.9000
2020-02-19 13:00:00+00:00,81.0000,100.5000,106.5000,215.2000,79.9000
2020-02-19 14:00:00+00:00,81.0000,98.7607,104.8040,213.1087,79.9000
2020-02-19 15:00:00+00:00,81.0000,99.6968,105.9146,215.2000,79.9000
2020-02-19 16:00:00+00:00,81.0000,100.0628,106.2747,215.2000,79.9000
2020-02-19 17:00:00+00:00,81.0000,100.4892,106.5000,215.2000,79.9000
2020-02-19 18:00:00+00:00,81.0000,100.5000,106.3597,215.2000,79.9000
2020-02-19 19:00:00+00:00,80.5938,97.7433,103.3997,212.4471,79.9000
2020-02-19 20:00:00+00:00,79.9096,97.2513,102.8047,210.8525,79.9000
2020-02-19 21:00:00+00:00,80.3765,98.0386,103.2064,213.4917,79.9000
2020-02-19 22:00:00+00:00,78.0633,94.6865,88.8468,208.5506,79.9000
2020-02-19 23:00:00+00:00,76.9233,78.7631,73.2897,204.5143,79.4810
2020-02-20 00:00:00+00:00,73.9563,77.4446,70.6378,203.6847,77.9545
2020-02-20 01:00:00+00:00,74.0372,70.4775,69.3519,186.0687,78.0205
2020-02-20 02:00:00+00:00,18.4604,14.6832,13.3354,48.5674,74.8526
2020-02-20 03:00:00+00:00,6.8758,5.3493,3.9358,20.4949,64.9919
2020-02-20 04:00:00+00:00,0.0000,0.0000,0.0000,2.2501,63.0895
2020-02-20 05:00:00+00:00,0.0000,0.0000,0.0000,0.0000,36.3910
2020-02-20 06:00:00+00:00,0.0000,0.0000,0.0000,0.0000,38.9832
2020-02-20 07:00:00+00:00,3.6838,1.3416,2.1277,2.7713,14.9033
2020-02-20 08:00:00+00:00,8.2921,6.6527,7.5005,12.5973,12.7591
2020-02-20 09:00:00+00:00,5.7123,3.9204,4.5751,8.1072,11.3458
2020-02-20 10:00:00+00:00,0.0000,0.0000,0.0000,0.0000,11.9353
2020-02-20 11:00:00+00:00,0.2591,3.0622,3.6891,2.8800,15.7845
2020-02-20 12:00:00+00:00,3.5375,10.0281,10.8228,15.2372,22.4265
2020-02-20 13:00:00+00:00,12.1633,18.4534,18.5207,38.8420,40.3479
2020-02-20 14:00:00+00:00,4.3691,6.4608,5.6387,17.0065,18.6979
2020-02-20 15:00:00+00:00,1.0472,1.0485,0.2025,3.8628,5.2929
2020-02-20 16:00:00+00:00,6.6137,7.1222,6.8338,16.5919,8.6501
2020-02-20 17:00:00+00:00,13.3703,14.2305,14.4619,33.4332,16.4684
2020-02-20 18:00:00+00:00,17.2159,17.7350,18.4971,40.8369,14.1959
2020-02-20 19:00:00+00:00,16.8550,17.9069,18.0143,42.2270,16.6396
2020-02-20 20:00:00+00:00,20.0413,22.7197,23.5492,49.9732,20.3382
2020-02-20 21:00:00+00:00,30.4703,34.7080,36.1902,76.0215,23.0107
2020-02-20 22:00:00+00:00,42.6925,49.5137,50.6720,104.4143,36.0206
2020-02-20 23:00:00+00:00,38.1619,41.6255,39.4874,104.3352,22.6527
2020-02-21 00:00:00+00:00,35.4016,35.7655,31.6775,102.6351,9.7789
2020-02-21 01:00:00+00:00,25.9482,20.9159,17.8181,71.2099,9.7956
2020-02-21 02:00:00+00:00,18.4017,14.1008,10.7078,49.8929,34.0114
2020-02-21 03:00:00+00:00,15.9382,10.5344,7.7734,41.9631,41.1244
2020-02-21 04:00:00+00:00,19.2925,14.1861,11.6151,49.1760,48.9548
2020-02-21 05:00:00+00:00,16.5378,13.8365,11.2144,46.3410,51.3768
2020-02-21 06:00:00+00:00,14.1461,11.9664,9.4970,40.8745,32.9802
2020-02-21 07:00:00+00:00,13.6532,12.0707,9.7183,38.8350,18.0463
2020-02-21 08:00:00+00:00,11.1724,9.8166,7.5471,33.9310,11.6794
2020-02-21 09:00:00+00:00,8.1446,6.7629,4.7322,24.3086,10.5163
2020-02-21 10:00:00+00:00,20.7512,24.3569,22.6290,59.1378,9.8668
2020-02-21 11:00:00+00:00,22.7634,27.7634,25.6487,72.5247,10.5270
2020-02-21 12:00:00+00:00,18.1682,27.7736,26.7089,67.6881,10.7950
2020-02-21 13:00:00+00:00,32.9873,48.1162,48.8751,105.9850,33.8650
2020-02-21 14:00:00+00:00,48.7160,54.1708,58.2191,112.5164,31.8869
2020-02-21 15:00:00+00:00,69.0429,77.0683,79.8140,154.4795,61.2252
2020-02-21 16:00:00+00:00,60.6806,66.4204,66.8398,138.5090,75.1863
2020-02-21 17:00:00+00:00,61.8256,72.0061,73.2379,141.0428,76.0400
2020-02-21 18:00:00+00:00,53.3073,64.9359,66.0937,123.3093,75.8594
2020-02-21 19:00:00+00:00,61.6298,72.2206,74.5666,135.7542,77.9797
2020-02-21 20:00:00+00:00,63.3734,74.7656,77.2277,138.2776,77.4843
2020-02-21 21:00:00+00:00,73.8904,86.3237,86.1677,166.6459,77.3615
2020-02-21 22:00:00+00:00,78.3483,96.3364,101.2552,205.2518,75.0876
2020-02-21 23:00:00+00:00,81.0000,99.1581,104.1172,211.8367,39.7552
2020-02-22 00:00:00+00:00,81.0000,100.5000,106.5000,215.2000,49.9345
2020-02-22 01:00:00+00:00,81.0000,100.5000,106.5000,215.2000,62.8806
2020-02-22 02:00:00+00:00,81.0000,100.5000,106.5000,215.2000,76.1358
2020-02-22 03:00:00+00:00,81.0000,100.5000,106.5000,215.2000,79.0057
2020-02-22 04:00:00+00:00,81.0000,100.5000,106.5000,215.2000,79.9000
2020-02-22 05:00:00+00:00,81.0000,100.5000,106.5000,215.2000,79.9000
2020-02-22 06:00:00+00:00,81.0000,100.5000,106.5000,215.2000,76.5551
2020-02-22 07:00:00+00:00,81.0000,100.5000,106.5000,215.2000,68.1246
2020-02-22 08:00:00+00:00,81.0000,100.5000,106.5000,215.2000,76.0433
2020-02-22 09:00:00+00:00,81.0000,100.5000,106.5000,215.2000,76.2383
2020-02-22 10:00:00+00:00,81.0000,100.5000,106.5000,215.2000,52.8071
2020-02-22 11:00:00+00:00,79.7232,100.2688,105.6875,212.4633,61.7130
2020-02-22 12:00:00+00:00,78.3268,98.2976,103.6970,208.4717,47.2248
2020-02-22 13:00:00+00:00,69.0919,92.8920,96.3183,183.1084,37.4198
2020-02-22 14:00:00+00:00,69.5882,83.8010,88.4860,166.9053,37.7044
2020-02-22 15:00:00+00:00,51.4345,64.4779,66.4286,125.6125,74.7422
2020-02-22 16:00:00+00:00,55.6172,70.3319,73.0785,137.7835,77.5906
2020-02-22 17:00:00+00:00,55.8620,70.2781,72.7148,137.4679,78.1650
2020-02-22 18:00:00+00:00,56.1564,67.2497,69.8351,135.9686,78.0462
2020-02-22 19:00:00+00:00,52.4568,64.9745,66.0747,131.5696,77.6447
2020-02-22 20:00:00+00:00,70.6580,85.3461,88.2361,174.3045,77.2858
2020-02-22 21:00:00+00:00,77.7131,96.1515,101.5386,205.3000,76.3448
2020-02-22 22:00:00+00:00,78.5934,97.2611,102.3116,208.7907,76.8396
2020-02-22 23:00:00+00:00,77.5748,95.7199,100.6904,205.4943,74.2979
2020-02-23 00:00:00+00:00,79.8742,98.2042,103.0367,211.5456,71.1370
2020-02-23 01:00:00+00:00,80.3248,97.8899,102.6905,211.6747,76.3842
2020-02-23 02:00:00+00:00,79.5081,96.9649,101.5689,209.6907,57.4183
2020-02-23 03:00:00+00:00,81.0000,98.5117,103.0151,213.9176,47.0861
2020-02-23 04:00:00+00:00,81.0000,98.7569,102.9410,214.2034,31.4542
2020-02-23 05:00:00+00:00,81.0000,98.9808,103.3595,213.8462,33.0801
2020-02-23 06:00:00+00:00,80.6516,98.7441,103.3178,211.8699,31.2370
2020-02-23 07:00:00+00:00,79.1032,97.2923,101.8086,207.9696,33.2699
2020-02-23 08:00:00+00:00,77.3145,94.9993,89.9150,201.3675,52.6645
2020-02-23 09:00:00+00:00,76.6304,87.5544,84.0728,191.6612,60.9312
2020-02-23 10:00:00+00:00,73.4299,81.6738,79.2197,187.5264,56.8969
2020-02-23 11:00:00+00:00,71.7020,78.9652,77.2527,178.2273,65.2142
2020-02-23 12:00:00+00:00,70.9068,77.2339,77.0516,174.7515,62.7717
2020-02-23 13:00:00+00:00,78.1762,95.8834,101.3933,205.8878,54.3906
2020-02-23 14:00:00+00:00,66.5964,70.5118,71.5636,151.1031,35.5467
2020-02-23 15:00:00+00:00,48.7310,51.0714,54.2387,107.5562,33.3604
2020-02-23 16:00:00+00:00,33.6630,35.9030,38.2932,71.6387,43.8213
2020-02-23 17:00:00+00:00,29.3877,31.6840,34.6356,61.1187,40.7888
2020-02-23 18:00:00+00:00,25.7305,26.5588,28.6101,50.8550,28.9346
2020-02-23 19:00:00+00:00,25.7992,24.7300,27.8735,47.2565,31.0975
2020-02-23 20:00:00+00:00,23.9614,23.4977,27.1518,43.4644,19.0461
2020-02-23 21:00:00+00:00,27.9104,35.8040,37.3540,69.3510,24.2488
2020-02-23 22:00:00+00:00,39.6007,53.5449,51.4184,111.5559,37.4293
2020-02-23 23:00:00+00:00,34.6472,41.8421,40.9217,92.2998,33.6428
2020-02-24 00:00:00+00:00,36.7501,41.1393,36.3665,100.4015,28.2555
2020-02-24 01:00:00+00:00,42.1893,50.7323,47.6997,121.1447,38.3863
2020-02-24 02:00:00+00:00,23.4219,24.0972,24.5067,52.0817,37.6026
2020-02-24 03:00:00+00:00,28.0383,30.5765,34.6311,53.7568,41.1909
2020-02-24 04:00:00+00:00,49.0188,55.9221,57.7539,102.0595,68.2330
2020-02-24 05:00:00+00:00,58.8269,69.5895,73.3783,134.7680,77.0851
2020-02-24 06:00:00+00:00,66.4625,81.2080,83.9446,149.9571,72.1401
2020-02-24 07:00:00+00:00,75.2414,88.2553,86.7209,162.2147,70.7654
2020-02-24 08:00:00+00:00,75.5302,87.4909,85.2523,161.1319,75.5465
2020-02-24 09:00:00+00:00,70.1147,78.5856,74.0342,146.5270,76.4326
2020-02-24 10:00:00+00:00,76.8911,89.5400,81.2216,181.9589,76.1784
2020-02-24 11:00:00+00:00,69.0839,78.7621,67.9724,152.5483,76.2753
2020-02-24 12:00:00+00:00,77.2569,90.0277,75.1796,201.1546,76.5336
2020-02-24 13:00:00+00:00,81.0000,99.3696,103.5618,215.2000,77.3110
2020-02-24 14:00:00+00:00,81.0000,98.5160,102.8458,215.2000,78.6074
2020-02-24 15:00:00+00:00,79.6244,73.1646,74.7790,204.1494,76.5784
2020-02-24 16:00:00+00:00,53.7615,45.2750,41.8334,121.4245,71.3131
2020-02-24 17:00:00+00:00,37.8647,41.0138,37.9998,96.9090,48.5379
2020-02-24 18:00:00+00:00,34.8410,41.0170,38.2392,93.5635,35.0298
2020-02-24 19:00:00+00:00,23.3207,26.3051,24.3439,57.8991,23.5741
2020-02-24 20:00:00+00:00,21.7621,25.0478,21.4897,56.9583,15.2556
2020-02-24 21:00:00+00:00,41.0090,47.2333,42.2670,105.2721,22.1832
2020-02-24 22:00:00+00:00,38.9261,42.6480,39.9717,91.7481,18.6304
2020-02-24 23:00:00+00:00,19.4661,20.9677,20.1163,47.3720,16.0177
2020-02-25 00:00:00+00:00,14.0594,16.7531,15.8402,38.6180,14.6973
2020-02-25 01:00:00+00:00,18.0068,17.9272,17.4694,49.2817,20.8306
2020-02-25 02:00:00+00:00,11.7661,11.0029,9.7841,33.8518,2.4126
2020-02-25 03:00:00+00:00,4.0736,3.6428,2.5133,12.3569,0.0000
2020-02-25 04:00:00+00:00,1.7472,0.5405,0.0000,3.8900,0.0000
2020-02-25 05:00:00+00:00,1.0226,0.0000,0.0000,0.7178,0.0000
2020-02-25 06:00:00+00:00,0.0000,0.0000,0.0000,0.0000,0.0000
2020-02-25 07:00:00+00:00,0.0000,0.0000,0.0000,0.0000,0.0000
2020-02-25 08:00:00+00:00,0.0000,0.0000,0.0000,0.0000,0.0000
2020-02-25 09:00:00+00:00,0.0000,0.0000,0.0000,0.0000,0.0000
2020-02-25 10:00:00+00:00,0.0000,0.0000,0.0000,0.0000,0.0000
2020-02-25 11:00:00+00:00,0.0000,0.0000,0.0000,0.0000,3.0630
2020-02-25 12:00:00+00:00,0.0000,0.0000,0.0000,0.0000,3.7552
2020-02-25 13:00:00+00:00,2.8986,6.3928,5.8764,11.9779,11.2905
2020-02-25 14:00:00+00:00,1.8002,5.4155,5.0344,9.4910,0.0000
2020-02-25 15:00:00+00:00,1.9586,5.0379,6.0239,8.1257,0.0000
2020-02-25 16:00:00+00:00,1.8925,3.8096,5.2078,5.5484,0.0000
2020-02-25 17:00:00+00:00,0.5190,1.9669,2.9783,0.3391,0.0000
2020-02-25 18:00:00+00:00,0.0000,0.0000,0.0000,0.0000,0.0000
2020-02-25 19:00:00+00:00,0.0000,0.0000,0.0000,0.0000,0.0000
2020-02-25 20:00:00+00:00,0.0000,0.0000,0.0000,0.0000,2.4405
2020-02-25 21:00:00+00:00,0.9745,0.9477,2.5282,0.0000,5.1560
2020-02-25 22:00:00+00:00,1.0414,1.8467,2.3803,3.6173,6.1697
2020-02-25 23:00:00+00:00,1.4314,2.1845,2.9030,4.4523,12.0751
2020-02-26 00:00:00+00:00,2.0175,3.0196,4.1180,5.8194,11.9216
2020-02-26 01:00:00+00:00,3.4399,8.9689,11.2933,13.1572,9.9470
2020-02-26 02:00:00+00:00,6.0676,7.7427,9.7052,15.3432,21.5628
2020-02-26 03:00:00+00:00,8.2829,11.0681,13.3951,21.2977,18.7553
2020-02-26 04:00:00+00:00,19.4986,30.1218,33.3758,60.4404,24.5680
2020-02-26 05:00:00+00:00,20.7465,31.2799,37.0551,58.3870,18.8767
2020-02-26 06:00:00+00:00,24.2021,37.0256,43.7199,66.2097,8.1983
2020-02-26 07:00:00+00:00,28.6123,42.8784,49.8106,79.9695,3.9997
2020-02-26 08:00:00+00:00,28.4262,44.2501,51.8151,82.7669,2.6769
2020-02-26 09:00:00+00:00,36.7460,57.9391,67.0333,109.6433,1.5506
2020-02-26 10:00:00+00:00,36.1325,59.7565,67.0647,113.5105,9.5578
2020-02-26 11:00:00+00:00,28.7404,49.2744,58.9744,86.1922,6.3633
2020-02-26 12:00:00+00:00,25.0001,44.3500,54.1342,75.1215,3.4619
2020-02-26 13:00:00+00:00,19.3394,32.1667,46.5609,49.4546,2.9262
2020-02-26 14:00:00+00:00,13.4726,17.8106,26.6439,26.0922,0.0000
2020-02-26 15:00:00+00:00,14.0966,18.7677,26.7695,26.3446,0.0000
2020-02-26 16:00:00+00:00,12.9041,15.8848,23.3309,22.2783,0.0000
2020-02-26 17:00:00+00:00,8.9132,12.6979,18.6443,15.5081,0.0000
2020-02-26 18:00:00+00:00,6.9918,9.9751,14.8023,11.9794,0.0000
2020-02-26 19:00:00+00:00,7.1489,10.3035,14.6774,13.2644,2.0636
2020-02-26 20:00:00+00:00,10.5166,13.4073,20.1109,18.2757,4.3552
2020-02-26 21:00:00+00:00,21.3268,27.8508,40.4788,42.0540,9.7013
2020-02-26 22:00:00+00:00,25.7330,53.8681,71.1148,67.4748,27.0785
2020-02-26 23:00:00+00:00,16.4538,49.8164,51.8531,60.4114,44.4368
2020-02-27 00:00:00+00:00,13.5656,40.2140,40.7250,50.2001,70.7267
2020-02-27 01:00:00+00:00,19.0574,50.2275,50.8316,64.2448,76.6755
2020-02-27 02:00:00+00:00,19.6110,51.6894,56.9725,68.2583,77.2550
2020-02-27 03:00:00+00:00,39.5711,60.5629,76.8845,83.0329,75.8417
2020-02-27 04:00:00+00:00,47.2864,58.0933,86.5997,93.4850,78.1933
2020-02-27 05:00:00+00:00,54.5324,94.9183,103.9249,149.4674,79.9000
2020-02-27 06:00:00+00:00,77.1921,99.7130,106.5000,206.2313,79.9000
2020-02-27 07:00:00+00:00,81.0000,100.3475,106.5000,209.9291,79.9000
2020-02-27 08:00:00+00:00,79.3366,100.3346,106.5000,211.1734,79.9000
2020-02-27 09:00:00+00:00,76.8702,99.7717,106.3335,207.5602,79.9000
2020-02-27 10:00:00+00:00,81.0000,100.5000,106.5000,214.5333,79.9000
2020-02-27 11:00:00+00:00,76.6310,99.9783,106.3069,205.1156,15.0944
2020-02-27 12:00:00+00:00,80.7773,99.8748,106.5000,208.8365,79.9000
2020-02-27 13:00:00+00:00,80.8592,100.5000,106.5000,214.4724,79.9000
2020-02-27 14:00:00+00:00,8.0377,5.4408,2.9908,44.4932,79.9000
2020-02-27 15:00:00+00:00,11.2077,5.4853,10.9747,7.7948,79.9000
2020-02-27 16:00:00+00:00,78.8001,98.3947,105.5645,181.5364,79.9000
2020-02-27 17:00:00+00:00,80.3655,100.3432,105.3677,215.2000,79.9000
2020-02-27 18:00:00+00:00,81.0000,100.5000,106.5000,215.2000,79.9000
2020-02-27 19:00:00+00:00,81.0000,100.5000,106.5000,215.2000,79.9000
2020-02-27 20:00:00+00:00,81.0000,100.5000,106.5000,215.2000,79.9000
2020-02-27 21:00:00+00:00,81.0000,100.5000,106.5000,215.2000,79.9000
2020-02-27 22:00:00+00:00,81.0000,100.5000,106.5000,215.2000,79.9000
2020-02-27 23:00:00+00:00,81.0000,100.5000,106.5000,215.2000,79.9000
2020-02-28 00:00:00+00:00,81.0000,100.5000,106.5000,215.2000,79.9000
2020-02-28 01:00:00+00:00,81.0000,100.5000,106.5000,215.2000,79.9000
2020-02-28 02:00:00+00:00,81.0000,100.5000,106.5000,215.2000,79.9000
2020-02-28 03:00:00+00:00,81.0000,100.5000,106.5000,215.2000,79.9000
2020-02-28 04:00:00+00:00,81.0000,100.5000,106.5000,215.2000,79.9000
2020-02-28 05:00:00+00:00,81.0000,100.5000,106.5000,215.2000,79.9000
2020-02-28 06:00:00+00:00,81.0000,100.5000,106.5000,215.2000,79.9000
2020-02-28 07:00:00+00:00,81.0000,100.5000,106.5000,215.2000,79.9000
2020-02-28 08:00:00+00:00,81.0000,100.5000,106.5000,215.2000,79.9000
2020-02-28 09:00:00+00:00,81.0000,100.5000,106.5000,215.2000,79.9000
2020-02-28 10:00:00+00:00,81.0000,100.5000,106.5000,215.2000,58.0725
2020-02-28 11:00:00+00:00,81.0000,100.5000,106.5000,215.2000,55.9809
2020-02-28 12:00:00+00:00,81.0000,100.5000,106.5000,215.2000,20.6870
2020-02-28 13:00:00+00:00,81.0000,100.5000,106.5000,215.2000,3.6318
2020-02-28 14:00:00+00:00,81.0000,100.4472,106.5000,212.2386,79.9000
2020-02-28 15:00:00+00:00,80.2355,98.5270,104.8232,209.1387,79.9000
2020-02-28 16:00:00+00:00,79.9166,98.0795,104.4490,207.7916,79.9000
2020-02-28 17:00:00+00:00,77.9470,96.0533,101.9184,204.8456,79.9000
2020-02-28 18:00:00+00:00,52.8598,68.1240,69.0249,138.5098,78.9406
2020-02-28 19:00:00+00:00,34.6487,43.1831,44.2453,88.7080,79.9000
2020-02-28 20:00:00+00:00,18.4435,19.5579,21.0069,39.6416,79.9000
2020-02-28 21:00:00+00:00,31.2148,17.0384,27.7858,33.3229,79.9000
2020-02-28 22:00:00+00:00,65.3855,35.3447,52.4161,76.5490,78.8353
2020-02-28 23:00:00+00:00,76.6604,29.2804,55.1007,63.0098,78.3245
2020-02-29 00:00:00+00:00,24.6044,4.7946,8.2813,14.4362,75.4810
2020-02-29 01:00:00+00:00,6.9117,6.3642,7.9450,13.9590,23.5572
2020-02-29 02:00:00+00:00,1.5719,1.3306,1.3347,3.9588,25.4971
2020-02-29 03:00:00+00:00,1.6610,2.3823,2.3569,6.6309,32.1074
2020-02-29 04:00:00+00:00,2.0054,2.7895,3.0366,7.0222,39.1630
2020-02-29 05:00:00+00:00,1.4562,2.0264,1.6208,6.3908,13.1983
2020-02-29 06:00:00+00:00,2.4204,2.4398,1.9008,9.0619,2.5322
2020-02-29 07:00:00+00:00,3.3473,2.9773,2.1725,10.8334,5.7104
2020-02-29 08:00:00+00:00,5.0481,6.3388,5.6752,16.6747,10.3885
2020-02-29 09:00:00+00:00,6.0853,7.5182,6.9201,18.9705,12.1237
2020-02-29 10:00:00+00:00,10.6831,13.9430,12.1160,33.9622,6.1122
2020-02-29 11:00:00+00:00,15.9706,21.9085,18.2615,52.7852,2.8610
2020-02-29 12:00:00+00:00,23.0301,29.6137,25.3383,75.8321,3.5204
2020-02-29 13:00:00+00:00,37.8039,35.8342,32.5157,92.0077,12.2626
2020-02-29 14:00:00+00:00,33.7514,33.0165,30.7191,82.8255,12.9627
2020-02-29 15:00:00+00:00,44.4316,45.3657,42.3977,112.9004,15.4641
2020-02-29 16:00:00+00:00,45.5492,48.1609,44.8212,116.8140,30.0530
2020-02-29 17:00:00+00:00,48.6320,54.5693,51.2426,129.6244,41.3699
2020-02-29 18:00:00+00:00,49.0393,55.3195,52.4129,130.4643,43.8379
2020-02-29 19:00:00+00:00,48.0265,54.3330,50.7880,131.2405,61.3585
2020-02-29 20:00:00+00:00,56.0051,60.7559,56.6486,151.5819,57.2957
2020-02-29 21:00:00+00:00,49.5758,55.0519,49.1556,142.3455,56.3933
2020-02-29 22:00:00+00:00,67.8850,69.3700,64.5136,180.1157,57.3439
2020-02-29 23:00:00+00:00,58.7921,51.5255,45.8041,152.5095,39.0316
2020-03-01 00:00:00+00:00,64.5760,58.2813,52.6893,169.8934,45.2811
2020-03-01 01:00:00+00:00,78.4399,93.7193,89.8248,207.3953,49.2694
2020-03-01 02:00:00+00:00,62.0664,63.1034,60.4276,164.7255,66.2482
2020-03-01 03:00:00+00:00,33.1244,33.8533,30.0272,96.7524,64.2739
2020-03-01 04:00:00+00:00,13.4783,15.7788,12.2969,50.5226,45.3919
2020-03-01 05:00:00+00:00,22.8394,29.8601,25.3038,81.4830,39.7766
2020-03-01 06:00:00+00:00,30.0802,36.5838,32.3051,101.2427,35.7989
2020-03-01 07:00:00+00:00,33.3226,38.0623,33.6306,106.0842,35.9661
2020-03-01 08:00:00+00:00,27.1643,29.3677,25.6677,86.4721,20.7259
2020-03-01 09:00:00+00:00,20.6202,21.2790,18.1263,64.2007,13.8208
2020-03-01 10:00:00+00:00,27.7447,33.4453,30.6531,87.4885,5.5130
2020-03-01 11:00:00+00:00,26.0074,26.8876,22.7672,78.4618,10.4708
2020-03-01 12:00:00+00:00,20.1209,19.3366,15.6911,61.2491,25.6366
2020-03-01 13:00:00+00:00,26.1728,20.4828,18.0621,63.0947,37.7462
2020-03-01 14:00:00+00:00,27.1307,23.9643,24.8115,70.1484,31.1698
2020-03-01 15:00:00+00:00,22.7522,21.8700,21.3773,56.0138,16.5640
2020-03-01 16:00:00+00:00,20.3321,19.3576,20.1495,47.3616,19.0066
2020-03-01 17:00:00+00:00,16.6150,16.5813,17.2888,38.7959,15.3487
2020-03-01 18:00:00+00:00,11.7665,11.2429,12.0645,26.3249,14.5597
2020-03-01 19:00:00+00:00,11.4261,11.1961,12.9036,23.7794,11.7007
2020-03-01 20:00:00+00:00,8.0425,8.5927,9.9043,16.9140,7.6325
2020-03-01 21:00:00+00:00,5.7637,6.1496,6.5113,12.9331,8.6399
2020-03-01 22:00:00+00:00,6.6465,6.4587,6.2909,14.1270,9.5318
2020-03-01 23:00:00+00:00,5.3225,4.7279,4.1594,11.7461,3.7341
2020-03-02 00:00:00+00:00,4.5286,2.8781,1.8044,9.1145,6.0973
2020-03-02 01:00:00+00:00,5.1156,1.2094,1.5461,3.5045,15.6973
2020-03-02 02:00:00+00:00,6.0032,2.5267,4.0551,4.6422,33.6857
2020-03-02 03:00:00+00:00,11.0911,7.9215,9.8046,17.7503,46.3554
2020-03-02 04:00:00+00:00,13.8184,11.2139,14.2653,26.2341,26.3220
2020-03-02 05:00:00+00:00,11.1974,8.9581,11.6337,20.4741,22.4371
2020-03-02 06:00:00+00:00,15.5191,13.2568,12.4104,30.2970,39.8841
2020-03-02 07:00:00+00:00,23.6193,17.0916,23.0903,26.3734,60.9042
2020-03-02 08:00:00+00:00,53.0162,49.0597,82.8551,53.5721,78.0406
2020-03-02 09:00:00+00:00,77.0234,95.1235,104.5785,99.7921,79.9000
2020-03-02 10:00:00+00:00,81.0000,100.2719,105.4353,160.6463,79.4283
2020-03-02 11:00:00+00:00,81.0000,100.5000,104.7506,214.0592,78.1209
2020-03-02 12:00:00+00:00,81.0000,100.5000,103.7058,215.2000,77.9251
2020-03-02 13:00:00+00:00,77.6660,79.4879,65.8184,194.1422,77.2601
2020-03-02 14:00:00+00:00,64.7736,52.6432,46.8439,121.5135,56.8997
2020-03-02 15:00:00+00:00,77.8565,75.9728,76.7175,145.1410,73.2646
2020-03-02 16:00:00+00:00,78.3394,85.1896,80.5751,184.0281,68.1334
2020-03-02 17:00:00+00:00,77.7944,95.0745,88.1071,204.2401,54.2744
2020-03-02 18:00:00+00:00,55.1228,65.5600,67.6959,164.2246,28.6300
2020-03-02 19:00:00+00:00,73.2218,67.7876,99.6411,135.8699,37.8997
2020-03-02 20:00:00+00:00,78.7264,96.2570,105.2183,200.0331,48.0466
2020-03-02 21:00:00+00:00,80.7569,100.5000,106.5000,209.2702,17.7619
2020-03-02 22:00:00+00:00,81.0000,100.5000,106.5000,213.9076,19.5074
2020-03-02 23:00:00+00:00,77.1945,94.7061,102.1684,182.7905,25.8423
2020-03-03 00:00:00+00:00,58.7673,82.0824,90.9130,186.5195,76.1526
2020-03-03 01:00:00+00:00,51.5743,59.5596,74.6491,130.3191,75.4947
2020-03-03 02:00:00+00:00,75.1393,82.6284,84.8584,192.6799,33.7571
2020-03-03 03:00:00+00:00,72.0337,79.0363,83.3465,202.2074,20.9336
2020-03-03 04:00:00+00:00,43.7839,58.5445,56.7387,143.3177,15.7704
2020-03-03 05:00:00+00:00,36.8223,49.9477,42.1518,127.9233,2.9256
2020-03-03 06:00:00+00:00,31.6570,40.0408,32.3311,96.8594,8.6317
2020-03-03 07:00:00+00:00,23.1209,24.3212,21.6776,60.3243,12.4381
2020-03-03 08:00:00+00:00,12.3608,13.0730,11.5573,33.9287,8.8594
2020-03-03 09:00:00+00:00,8.5303,9.7197,8.8560,23.4279,3.4478
2020-03-03 10:00:00+00:00,4.9260,9.4930,8.8523,16.5839,0.7730
2020-03-03 11:00:00+00:00,5.0234,6.2149,5.4290,13.3397,3.8540
2020-03-03 12:00:00+00:00,6.1911,7.0142,6.5424,15.4191,7.3558
2020-03-03 13:00:00+00:00,8.3805,7.4112,6.2378,19.2955,4.6812
2020-03-03 14:00:00+00:00,20.3953,13.0612,13.0766,30.5112,6.6332
2020-03-03 15:00:00+00:00,15.0356,8.7439,9.0580,19.9523,5.6884
2020-03-03 16:00:00+00:00,1.3975,0.0000,0.0000,0.0000,5.2019
2020-03-03 17:00:00+00:00,0.0000,0.0000,0.0000,0.0000,2.5736
2020-03-03 18:00:00+00:00,0.0000,1.6043,0.0000,2.3885,8.2162
2020-03-03 19:00:00+00:00,0.0639,4.6249,4.0558,7.1572,18.3456
2020-03-03 20:00:00+00:00,3.8823,13.7661,13.0610,19.6795,59.0738
2020-03-03 21:00:00+00:00,7.8385,28.4165,26.4350,37.4480,56.2464
2020-03-03 22:00:00+00:00,5.1580,28.8016,23.9382,41.2130,59.9765
2020-03-03 23:00:00+00:00,5.4964,28.7645,24.5029,43.1520,78.2290
2020-03-04 00:00:00+00:00,21.3285,36.0661,51.5838,46.8853,61.4918
2020-03-04 01:00:00+00:00,21.9456,35.0840,44.3884,50.2361,24.3794
2020-03-04 02:00:00+00:00,33.5752,29.7814,53.9619,38.2661,79.4604
2020-03-04 03:00:00+00:00,77.0272,94.4523,101.5529,115.9035,79.9000
2020-03-04 04:00:00+00:00,77.6090,95.3211,101.0575,202.2923,79.9000
2020-03-04 05:00:00+00:00,81.0000,100.5000,106.5000,215.2000,79.9000
2020-03-04 06:00:00+00:00,81.0000,100.5000,106.5000,215.2000,79.9000
2020-03-04 07:00:00+00:00,81.0000,100.5000,106.5000,215.2000,79.9000
2020-03-04 08:00:00+00:00,81.0000,100.5000,106.5000,215.2000,79.9000
2020-03-04 09:00:00+00:00,81.0000,100.5000,106.5000,215.2000,79.9000
2020-03-04 10:00:00+00:00,81.0000,100.5000,106.5000,215.2000,79.9000
2020-03-04 11:00:00+00:00,81.0000,100.5000,106.5000,215.2000,79.9000
2020-03-04 12:00:00+00:00,81.0000,99.0598,104.5653,215.2000,79.8740
2020-03-04 13:00:00+00:00,81.0000,99.9652,105.8341,215.2000,76.7931
2020-03-04 14:00:00+00:00,64.4775,75.4481,79.5403,171.1401,77.6034
2020-03-04 15:00:00+00:00,78.6213,96.9624,102.5080,208.7194,79.9000
2020-03-04 16:00:00+00:00,81.0000,99.7404,105.2173,215.1313,79.9000
2020-03-04 17:00:00+00:00,81.0000,100.5000,106.5000,215.2000,79.9000
2020-03-04 18:00:00+00:00,81.0000,100.5000,106.5000,215.2000,79.9000
2020-03-04 19:00:00+00:00,79.9122,98.6013,103.6423,211.6720,77.1943
2020-03-04 20:00:00+00:00,80.9062,99.5207,105.6018,213.1152,76.6728
2020-03-04 21:00:00+00:00,81.0000,100.5000,106.5000,215.2000,61.5712
2020-03-04 22:00:00+00:00,81.0000,100.4267,106.5000,213.6103,57.1432
2020-03-04 23:00:00+00:00,77.9511,96.8771,101.1985,211.0591,51.9380
2020-03-05 00:00:00+00:00,78.2263,95.9780,100.9432,208.2180,48.7943
2020-03-05 01:00:00+00:00,76.7332,84.9211,82.6424,203.8264,43.3541
2020-03-05 02:00:00+00:00,75.6159,77.0689,79.1531,195.3034,49.3579
2020-03-05 03:00:00+00:00,71.9001,70.8073,73.8073,181.0816,60.3093
2020-03-05 04:00:00+00:00,66.2044,68.5804,72.5723,171.2630,76.2564
2020-03-05 05:00:00+00:00,59.8480,67.3341,69.5177,167.6715,77.4905
2020-03-05 06:00:00+00:00,64.1434,71.7236,74.4925,175.6701,78.3982
2020-03-05 07:00:00+00:00,75.1728,80.7915,83.3218,200.8877,78.6329
2020-03-05 08:00:00+00:00,67.3567,69.7909,71.3146,182.1789,77.6326
2020-03-05 09:00:00+00:00,62.4938,62.7892,63.1068,166.9842,76.1529
2020-03-05 10:00:00+00:00,47.3404,48.3938,47.3234,131.3365,51.1893
2020-03-05 11:00:00+00:00,39.6406,42.1370,41.3344,112.6430,42.2913
2020-03-05 12:00:00+00:00,33.8837,38.8021,36.6272,102.8356,52.6683
2020-03-05 13:00:00+00:00,36.0193,39.0246,37.3559,97.5956,35.4617
2020-03-05 14:00:00+00:00,40.2206,46.3229,44.3288,111.0435,25.0454
2020-03-05 15:00:00+00:00,36.9385,43.5100,41.0074,104.4792,17.1694
2020-03-05 16:00:00+00:00,38.3099,44.0868,42.4644,106.9127,13.1217
2020-03-05 17:00:00+00:00,33.3924,38.0475,35.6684,93.6117,13.9526
2020-03-05 18:00:00+00:00,31.9150,37.3075,35.4952,87.9677,10.2644
2020-03-05 19:00:00+00:00,21.6626,27.3024,26.3542,63.2640,8.5657
2020-03-05 20:00:00+00:00,14.4163,17.5116,16.6675,42.2343,3.9730
2020-03-05 21:00:00+00:00,20.8763,25.7546,23.7258,62.5013,0.0000
2020-03-05 22:00:00+00:00,10.7610,12.3423,12.5152,27.4151,1.9917
2020-03-05 23:00:00+00:00,6.9430,5.7928,5.3331,18.7404,0.0000
2020-03-06 00:00:00+00:00,4.2720,4.2926,3.4861,14.3579,0.0000
2020-03-06 01:00:00+00:00,5.1116,5.0293,3.8833,15.9597,0.0000
2020-03-06 02:00:00+00:00,0.4574,0.6964,0.0000,3.7532,0.0000
2020-03-06 03:00:00+00:00,0.0000,0.0000,0.0000,0.0935,2.0620
2020-03-06 04:00:00+00:00,0.0000,0.0000,0.0000,0.0000,5.0341
2020-03-06 05:00:00+00:00,0.0000,0.0000,0.0000,0.0000,12.4341
2020-03-06 06:00:00+00:00,0.0000,0.0000,0.0000,0.0000,27.5922
2020-03-06 07:00:00+00:00,0.5124,0.9455,1.4467,0.0000,38.8314
2020-03-06 08:00:00+00:00,4.9729,6.6523,7.7803,9.0180,48.0598
2020-03-06 09:00:00+00:00,6.1991,8.5781,10.3909,11.7921,67.0143
2020-03-06 10:00:00+00:00,21.9924,29.3624,37.2821,45.4344,76.4140
2020-03-06 11:00:00+00:00,30.1867,43.5109,55.0586,64.0224,76.3153
2020-03-06 12:00:00+00:00,37.0315,53.0557,63.9596,88.9726,75.8582
2020-03-06 13:00:00+00:00,29.0605,36.0698,45.5772,67.3481,49.5112
2020-03-06 14:00:00+00:00,22.8563,26.9244,35.0479,51.0569,29.9685
2020-03-06 15:00:00+00:00,23.5000,29.1760,32.2789,62.0587,17.4044
2020-03-06 16:00:00+00:00,31.5915,40.8628,48.0970,80.9612,7.8804
2020-03-06 17:00:00+00:00,41.9938,51.3126,63.0447,103.5660,2.3401
2020-03-06 18:00:00+00:00,36.6642,43.9220,53.8339,93.1005,3.7810
2020-03-06 19:00:00+00:00,27.7620,33.2125,40.3070,70.0354,23.2467
2020-03-06 20:00:00+00:00,27.5428,33.6114,38.9394,69.0509,77.1545
2020-03-06 21:00:00+00:00,23.1929,28.1523,32.9590,57.1549,48.8837
2020-03-06 22:00:00+00:00,33.1493,41.6129,47.9004,85.1745,76.1830
2020-03-06 23:00:00+00:00,24.8764,31.4056,34.7742,67.2266,79.1323
2020-03-07 00:00:00+00:00,29.1196,32.6817,36.2453,70.2060,79.7936
2020-03-07 01:00:00+00:00,32.0739,35.0244,37.9838,80.7548,79.9000
2020-03-07 02:00:00+00:00,40.3730,46.7058,50.9998,100.4448,78.0009
2020-03-07 03:00:00+00:00,31.5733,36.5210,37.4648,85.9556,77.6185
2020-03-07 04:00:00+00:00,44.6869,56.4220,55.5122,129.0580,76.0700
2020-03-07 05:00:00+00:00,53.7511,53.5643,54.0222,134.0599,75.8229
2020-03-07 06:00:00+00:00,58.1698,57.2847,60.2437,140.4437,70.1991
2020-03-07 07:00:00+00:00,58.5222,52.2687,56.4250,132.3604,74.8071
2020-03-07 08:00:00+00:00,52.4507,45.0138,47.1934,121.4572,60.8673
2020-03-07 09:00:00+00:00,50.8833,37.8550,41.5946,111.9240,47.5649
2020-03-07 10:00:00+00:00,36.6503,29.5192,35.2860,81.1767,34.8207
2020-03-07 11:00:00+00:00,21.0860,17.1000,19.9356,48.2870,18.0403
2020-03-07 12:00:00+00:00,14.0535,11.7085,13.2304,33.3930,10.6626
2020-03-07 13:00:00+00:00,6.5531,5.6432,5.4985,17.9475,16.2775
2020-03-07 14:00:00+00:00,2.9793,1.9936,1.6735,7.0877,12.9555
2020-03-07 15:00:00+00:00,5.4334,4.9119,4.7103,14.9314,11.0797
2020-03-07 16:00:00+00:00,6.1416,5.7664,5.3391,16.8847,12.1164
2020-03-07 17:00:00+00:00,9.2440,9.1198,8.6689,24.6600,12.6041
2020-03-07 18:00:00+00:00,14.2818,14.2001,13.3646,38.3244,11.3884
2020-03-07 19:00:00+00:00,13.8309,13.1427,12.6322,34.8877,13.6125
2020-03-07 20:00:00+00:00,12.7970,12.8071,12.2881,31.9275,17.7652
2020-03-07 21:00:00+00:00,21.5670,22.2893,20.6451,56.3874,26.6248
2020-03-07 22:00:00+00:00,28.5160,30.6008,26.9211,79.5719,28.6092
2020-03-07 23:00:00+00:00,38.7979,29.5679,24.6637,98.6222,32.1383
2020-03-08 00:00:00+00:00,65.3083,50.3421,45.5701,167.9319,52.2487
2020-03-08 01:00:00+00:00,70.6634,53.1850,49.1061,178.3147,62.0498
2020-03-08 02:00:00+00:00,78.6577,83.9818,78.2326,208.5254,75.5650
2020-03-08 03:00:00+00:00,77.1936,78.7407,68.3862,206.2443,75.5967
2020-03-08 04:00:00+00:00,79.2785,96.5841,100.3337,212.3491,67.8465
2020-03-08 05:00:00+00:00,78.5243,95.1204,91.9252,209.1045,71.9131
2020-03-08 06:00:00+00:00,78.2549,93.8841,90.6905,207.9103,64.3431
2020-03-08 07:00:00+00:00,79.6011,96.3003,100.9466,211.4142,67.4370
2020-03-08 08:00:00+00:00,79.6858,96.1694,101.4559,209.8845,55.3289
2020-03-08 09:00:00+00:00,80.4229,97.5620,102.7130,212.1686,51.2763
2020-03-08 10:00:00+00:00,78.7958,95.5979,100.8846,207.3108,73.9210
2020-03-08 11:00:00+00:00,72.2848,77.5810,80.6978,180.7932,75.6376
2020-03-08 12:00:00+00:00,44.1056,42.8451,46.1140,107.8879,75.6403
2020-03-08 13:00:00+00:00,28.0603,30.1488,31.5612,65.9814,67.9233
2020-03-08 14:00:00+00:00,26.5823,30.6868,31.1683,66.6282,63.5307
2020-03-08 15:00:00+00:00,25.7090,29.0011,28.9556,62.9344,67.4895
2020-03-08 16:00:00+00:00,16.6586,17.5423,18.2937,35.6577,58.8319
2020-03-08 17:00:00+00:00,15.4947,15.8145,17.5482,30.2535,37.2856
2020-03-08 18:00:00+00:00,14.1592,14.1708,15.6151,27.8287,41.1586
2020-03-08 19:00:00+00:00,15.9734,15.8840,18.8311,27.9426,51.5619
2020-03-08 20:00:00+00:00,15.6343,14.3544,17.5099,23.7723,18.3152
2020-03-08 21:00:00+00:00,13.7212,12.0576,13.9873,20.1120,10.0221
2020-03-08 22:00:00+00:00,12.4708,8.9491,11.2734,14.1810,6.1321
2020-03-08 23:00:00+00:00,16.4533,12.0279,15.0941,15.1456,13.4705
2020-03-09 00:00:00+00:00,28.9112,22.6789,25.8847,35.3104,12.0340
2020-03-09 01:00:00+00:00,64.9110,64.1765,66.1940,136.9359,34.6385
2020-03-09 02:00:00+00:00,81.0000,98.2723,104.5899,212.4732,49.2697
2020-03-09 03:00:00+00:00,81.0000,100.5000,106.3284,215.2000,79.9000
2020-03-09 04:00:00+00:00,81.0000,100.5000,106.5000,215.2000,79.9000
2020-03-09 05:00:00+00:00,81.0000,100.5000,106.5000,215.2000,79.9000
2020-03-09 06:00:00+00:00,81.0000,100.5000,106.5000,215.2000,79.9000
2020-03-09 07:00:00+00:00,81.0000,100.5000,106.5000,215.2000,79.9000
2020-03-09 08:00:00+00:00,81.0000,100.5000,106.5000,215.2000,79.9000
2020-03-09 09:00:00+00:00,81.0000,100.5000,106.5000,215.2000,79.9000
2020-03-09 10:00:00+00:00,81.0000,100.5000,106.5000,215.2000,79.9000
2020-03-09 11:00:00+00:00,81.0000,100.5000,106.5000,215.2000,79.9000
2020-03-09 12:00:00+00:00,81.0000,100.5000,106.5000,215.2000,79.9000
2020-03-09 13:00:00+00:00,81.0000,98.9075,104.2586,215.2000,79.4412
2020-03-09 14:00:00+00:00,80.0493,94.9599,94.6642,208.7935,77.7075
2020-03-09 15:00:00+00:00,77.1583,64.9812,65.1529,181.1088,76.8365
2020-03-09 16:00:00+00:00,42.3332,33.9394,34.5464,82.1891,75.4789
2020-03-09 17:00:00+00:00,27.5200,29.4956,33.2029,53.6908,50.0741
2020-03-09 18:00:00+00:00,16.3132,18.3957,24.3485,23.8471,41.8063
2020-03-09 19:00:00+00:00,12.5161,15.2346,19.8863,17.0475,56.9473
2020-03-09 20:00:00+00:00,6.3513,9.0426,13.3706,8.7903,50.0885
2020-03-09 21:00:00+00:00,7.5180,14.7252,16.4723,9.5087,61.3396
2020-03-09 22:00:00+00:00,13.6309,0.5445,7.8476,3.1184,62.0194
2020-03-09 23:00:00+00:00,9.7012,0.0000,3.6119,0.1112,37.6203
2020-03-10 00:00:00+00:00,9.9223,1.8356,6.3849,2.7306,66.5399
2020-03-10 01:00:00+00:00,4.2056,0.0000,0.0000,0.0000,79.5329
2020-03-10 02:00:00+00:00,26.4403,9.5206,21.8601,11.5216,79.9000
2020-03-10 03:00:00+00:00,63.6560,37.8665,53.0412,68.0801,79.9000
2020-03-10 04:00:00+00:00,58.1468,36.9379,41.7101,88.7098,79.5222
2020-03-10 05:00:00+00:00,78.4707,95.0763,96.4102,205.5254,77.2926
2020-03-10 06:00:00+00:00,76.5978,77.2662,70.1713,201.9499,74.5350
2020-03-10 07:00:00+00:00,57.2244,49.3355,44.4514,142.8085,35.7704
2020-03-10 08:00:00+00:00,35.1262,31.5330,32.2607,80.4185,33.4316
2020-03-10 09:00:00+00:00,20.4313,24.1974,26.0985,52.4786,41.2065
2020-03-10 10:00:00+00:00,30.5494,34.8100,35.3288,82.5102,53.8687
2020-03-10 11:00:00+00:00,48.6468,59.7260,55.3606,129.7465,78.3560
2020-03-10 12:00:00+00:00,53.9796,60.1425,56.9982,138.4643,77.4774
2020-03-10 13:00:00+00:00,63.0277,59.6113,57.7881,130.9157,77.0773
2020-03-10 14:00:00+00:00,52.7801,50.2217,40.3469,102.1125,77.8716
2020-03-10 15:00:00+00:00,79.5505,83.1502,89.4932,183.1902,79.0712
2020-03-10 16:00:00+00:00,77.2183,90.1840,102.6443,207.1959,78.7303
2020-03-10 17:00:00+00:00,78.8006,96.5714,105.7645,207.7894,77.0647
2020-03-10 18:00:00+00:00,77.8372,85.3324,101.8400,193.0457,78.1291
2020-03-10 19:00:00+00:00,78.4393,71.4776,102.7416,144.5732,77.2474
2020-03-10 20:00:00+00:00,36.9928,30.1838,34.3475,65.0004,65.9040
2020-03-10 21:00:00+00:00,28.9461,65.9074,85.4787,80.6394,75.5276
2020-03-10 22:00:00+00:00,30.9516,35.4557,43.9157,65.7643,79.6110
2020-03-10 23:00:00+00:00,54.9284,54.2756,63.8330,120.4483,78.1217
2020-03-11 00:00:00+00:00,59.4118,65.5626,76.3095,146.6067,48.5115
2020-03-11 01:00:00+00:00,73.1676,67.1783,71.3680,173.5532,60.7595
2020-03-11 02:00:00+00:00,79.0549,83.2023,85.4058,206.5048,46.7970
2020-03-11 03:00:00+00:00,79.4722,89.4386,85.8814,208.6669,45.6491
2020-03-11 04:00:00+00:00,80.4236,95.0396,91.0134,211.2004,47.7823
2020-03-11 05:00:00+00:00,78.7779,84.4258,79.2352,207.6303,35.8600
2020-03-11 06:00:00+00:00,76.9100,70.6726,66.4905,198.5421,29.8313
2020-03-11 07:00:00+00:00,76.2308,70.9094,67.7829,195.5021,18.2681
2020-03-11 08:00:00+00:00,51.2762,49.0634,46.1850,132.1999,13.8575
2020-03-11 09:00:00+00:00,32.7778,31.8187,29.3450,87.4485,5.2743
2020-03-11 10:00:00+00:00,18.4640,18.2917,18.4809,47.8266,0.0000
2020-03-11 11:00:00+00:00,11.3253,12.0094,12.8570,30.6096,0.0000
2020-03-11 12:00:00+00:00,8.4928,7.7929,8.7774,22.6083,0.0000
2020-03-11 13:00:00+00:00,7.5141,4.3833,4.3012,16.6507,0.0000
2020-03-11 14:00:00+00:00,9.2256,7.1581,6.8387,20.4750,0.0000
2020-03-11 15:00:00+00:00,4.7633,3.5767,3.8699,9.3685,0.0000
2020-03-11 16:00:00+00:00,1.0100,0.0000,0.0000,0.0000,0.0000
2020-03-11 17:00:00+00:00,0.0000,0.0000,0.0000,0.0000,0.0000
2020-03-11 18:00:00+00:00,0.0000,0.0000,0.0000,0.0000,0.0000
2020-03-11 19:00:00+00:00,0.0000,0.0000,0.0000,0.0000,0.0000
2020-03-11 20:00:00+00:00,0.0000,0.0000,0.0000,0.0000,0.0000
2020-03-11 21:00:00+00:00,0.0000,0.0000,0.0000,0.0000,0.0000
2020-03-11 22:00:00+00:00,0.0000,0.0000,0.0000,0.0000,0.0000
2020-03-11 23:00:00+00:00,0.0000,0.0000,0.0000,0.0000,0.0000
2020-03-12 00:00:00+00:00,0.0000,0.0000,0.0000,0.0000,0.0000
2020-03-12 01:00:00+00:00,0.0000,0.0000,0.0000,0.0000,0.0000
2020-03-12 02:00:00+00:00,0.0000,0.0000,0.0000,0.0000,0.0000
2020-03-12 03:00:00+00:00,0.0000,0.0000,0.0000,0.0000,0.0000
2020-03-12 04:00:00+00:00,0.6039,3.0779,2.8037,4.0552,0.0000
2020-03-12 05:00:00+00:00,2.3545,6.0005,6.2238,8.4458,0.0000
2020-03-12 06:00:00+00:00,5.0673,12.1216,12.7107,17.8947,0.0000
2020-03-12 07:00:00+00:00,6.3265,17.4163,18.4053,25.1191,9.6401
2020-03-12 08:00:00+00:00,6.8878,22.8888,22.0657,33.7527,20.2681
2020-03-12 09:00:00+00:00,6.8826,24.9469,23.2061,37.9851,17.2966
2020-03-12 10:00:00+00:00,12.0356,35.3622,36.1040,51.4467,12.7714
2020-03-12 11:00:00+00:00,10.8603,32.2118,33.0322,48.9718,15.7336
2020-03-12 12:00:00+00:00,11.8200,32.5368,33.1315,52.7539,22.3765
2020-03-12 13:00:00+00:00,7.0658,21.0356,22.7665,34.0258,17.1875
2020-03-12 14:00:00+00:00,5.4542,15.0096,14.6785,22.7193,7.3080
2020-03-12 15:00:00+00:00,3.9002,12.4050,11.5166,18.1300,5.5244
2020-03-12 16:00:00+00:00,3.3342,11.1324,9.2194,17.9496,6.9645
2020-03-12 17:00:00+00:00,2.5870,8.7337,6.2651,16.3076,11.8086
2020-03-12 18:00:00+00:00,0.0000,3.2565,1.2569,7.7060,7.9315
2020-03-12 19:00:00+00:00,0.0000,2.6034,0.4868,5.4913,7.4483
2020-03-12 20:00:00+00:00,2.5438,7.0255,5.0901,13.0476,0.8829
2020-03-12 21:00:00+00:00,3.4955,11.9113,11.1435,17.3392,7.4544
2020-03-12 22:00:00+00:00,7.0591,23.3920,21.2999,36.5023,35.3347
2020-03-12 23:00:00+00:00,7.9222,32.1510,27.9633,48.2834,71.5414
2020-03-13 00:00:00+00:00,7.3794,22.0059,21.3496,31.7547,77.5039
2020-03-13 01:00:00+00:00,26.4891,24.1769,34.1441,36.3358,77.9440
2020-03-13 02:00:00+00:00,23.6623,25.1985,36.4971,33.9688,72.9595
2020-03-13 03:00:00+00:00,42.6099,40.7774,56.7279,76.3315,77.7608
2020-03-13 04:00:00+00:00,76.5641,74.4100,101.8064,137.6014,79.9000
2020-03-13 05:00:00+00:00,78.0822,80.0746,104.0734,121.4309,79.9000
2020-03-13 06:00:00+00:00,80.7113,96.7246,106.5000,165.4434,79.9000
2020-03-13 07:00:00+00:00,81.0000,100.5000,106.5000,212.6648,79.9000
2020-03-13 08:00:00+00:00,81.0000,100.5000,106.5000,215.2000,79.9000
2020-03-13 09:00:00+00:00,81.0000,100.5000,106.5000,215.2000,79.9000
2020-03-13 10:00:00+00:00,81.0000,100.5000,106.5000,215.2000,79.9000
2020-03-13 11:00:00+00:00,81.0000,100.5000,106.5000,215.2000,79.9000
2020-03-13 12:00:00+00:00,81.0000,100.5000,106.5000,215.2000,79.9000
2020-03-13 13:00:00+00:00,81.0000,100.5000,106.5000,215.2000,79.9000
2020-03-13 14:00:00+00:00,81.0000,100.5000,106.5000,215.2000,79.9000
2020-03-13 15:00:00+00:00,81.0000,100.5000,106.5000,215.2000,79.9000
2020-03-13 16:00:00+00:00,81.0000,100.5000,106.5000,215.2000,79.9000
2020-03-13 17:00:00+00:00,81.0000,100.5000,106.5000,215.2000,79.9000
2020-03-13 18:00:00+00:00,81.0000,100.5000,106.5000,215.2000,79.9000
2020-03-13 19:00:00+00:00,81.0000,100.4317,106.1153,215.2000,79.9000
2020-03-13 20:00:00+00:00,81.0000,100.5000,106.5000,215.2000,79.9000
2020-03-13 21:00:00+00:00,81.0000,100.5000,106.5000,215.2000,79.9000
2020-03-13 22:00:00+00:00,81.0000,100.5000,106.5000,215.2000,79.9000
2020-03-13 23:00:00+00:00,81.0000,100.5000,106.5000,215.2000,79.9000
2020-03-14 00:00:00+00:00,81.0000,100.5000,106.5000,215.2000,79.9000
2020-03-14 01:00:00+00:00,81.0000,100.5000,106.5000,215.2000,79.9000
2020-03-14 02:00:00+00:00,81.0000,100.5000,106.5000,215.2000,79.9000
2020-03-14 03:00:00+00:00,81.0000,100.5000,106.5000,215.2000,79.9000
2020-03-14 04:00:00+00:00,81.0000,100.5000,106.5000,215.2000,79.9000
2020-03-14 05:00:00+00:00,81.0000,100.5000,106.5000,215.2000,79.9000
2020-03-14 06:00:00+00:00,81.0000,100.5000,106.5000,215.2000,79.9000
2020-03-14 07:00:00+00:00,81.0000,100.5000,106.5000,215.2000,79.9000
2020-03-14 08:00:00+00:00,81.0000,100.5000,106.5000,215.2000,79.9000
2020-03-14 09:00:00+00:00,81.0000,100.5000,106.5000,215.2000,79.9000
2020-03-14 10:00:00+00:00,81.0000,100.5000,106.5000,215.2000,79.9000
2020-03-14 11:00:00+00:00,81.0000,100.5000,106.5000,215.2000,77.7384
2020-03-14 12:00:00+00:00,81.0000,100.1833,104.8877,215.2000,77.7071
2020-03-14 13:00:00+00:00,81.0000,100.5000,106.5000,215.2000,77.1343
2020-03-14 14:00:00+00:00,81.0000,100.4112,105.3291,215.2000,76.4595
2020-03-14 15:00:00+00:00,81.0000,99.2052,104.1976,215.2000,67.8201
2020-03-14 16:00:00+00:00,77.9232,93.3880,93.3053,205.7253,66.5377
2020-03-14 17:00:00+00:00,78.6720,96.3720,101.8312,207.8384,76.8993
2020-03-14 18:00:00+00:00,65.8816,70.4822,72.7349,161.9248,78.5062
2020-03-14 19:00:00+00:00,79.0639,96.6757,102.3700,207.7347,78.6432
2020-03-14 20:00:00+00:00,78.6788,96.3562,101.9952,207.3559,79.9000
2020-03-14 21:00:00+00:00,76.8143,89.7716,96.0154,198.5854,79.9000
2020-03-14 22:00:00+00:00,62.8458,77.5878,80.5432,169.7447,79.9000
2020-03-14 23:00:00+00:00,42.0723,55.6923,56.0006,125.1210,74.9092
2020-03-15 00:00:00+00:00,26.0487,31.9136,30.7969,77.0571,47.9405
2020-03-15 01:00:00+00:00,8.3896,10.3417,9.2826,28.5600,21.6854
2020-03-15 02:00:00+00:00,14.6835,16.0250,14.7292,42.3139,27.2825
2020-03-15 03:00:00+00:00,11.2278,13.7884,12.7626,33.3971,22.8847
2020-03-15 04:00:00+00:00,18.3933,20.8800,21.7106,46.9873,16.9701
2020-03-15 05:00:00+00:00,18.3173,22.3862,24.4302,48.6708,16.9991
2020-03-15 06:00:00+00:00,13.1964,15.7873,17.6207,34.8438,19.8330
2020-03-15 07:00:00+00:00,11.5042,13.8442,15.4790,31.5469,19.6630
2020-03-15 08:00:00+00:00,7.8548,8.9448,10.3230,20.8233,23.0798
2020-03-15 09:00:00+00:00,7.4410,8.0349,9.2345,19.5428,23.7525
2020-03-15 10:00:00+00:00,5.8836,6.3326,7.3751,15.2117,23.4136
2020-03-15 11:00:00+00:00,7.3325,8.6839,9.9456,20.4257,22.6109
2020-03-15 12:00:00+00:00,6.6810,7.0346,7.7192,18.8041,26.0954
2020-03-15 13:00:00+00:00,3.2510,4.2060,4.4893,9.5547,25.6928
2020-03-15 14:00:00+00:00,0.0000,0.0000,0.0000,0.0000,12.5620
2020-03-15 15:00:00+00:00,0.0000,0.0000,0.0000,0.0000,9.5401
2020-03-15 16:00:00+00:00,1.3026,0.3839,1.1825,2.2681,10.5519
2020-03-15 17:00:00+00:00,1.4340,1.1821,1.7570,3.1163,9.2989
2020-03-15 18:00:00+00:00,2.2844,1.7387,2.5246,3.3732,6.9535
2020-03-15 19:00:00+00:00,3.6869,3.1528,4.0522,6.3434,6.1698
2020-03-15 20:00:00+00:00,5.4081,5.8282,6.7439,11.1930,8.0363
2020-03-15 21:00:00+00:00,4.3395,5.5330,6.6127,9.0955,7.8813
2020-03-15 22:00:00+00:00,7.7772,8.6230,9.8366,16.7616,17.8254
2020-03-15 23:00:00+00:00,13.1666,15.5454,17.2718,31.2538,19.3286
2020-03-16 00:00:00+00:00,9.4132,8.8644,9.9049,21.4496,19.6950
2020-03-16 01:00:00+00:00,3.4361,3.2378,3.2484,9.4497,12.1374
2020-03-16 02:00:00+00:00,2.4284,2.4551,1.6467,8.2202,1.3857
2020-03-16 03:00:00+00:00,0.9418,0.5058,0.0000,3.8426,0.0000
2020-03-16 04:00:00+00:00,0.0795,0.0000,0.0000,2.3913,0.0000
2020-03-16 05:00:00+00:00,0.9650,0.0000,0.0000,1.4790,0.0000
2020-03-16 06:00:00+00:00,3.7400,4.8318,3.6553,14.6538,0.0983
2020-03-16 07:00:00+00:00,8.2458,12.8037,14.2304,22.4776,3.1620
2020-03-16 08:00:00+00:00,11.9505,17.4309,21.6152,28.6100,4.2608
2020-03-16 09:00:00+00:00,9.5566,13.2779,18.7211,19.8943,4.5804
2020-03-16 10:00:00+00:00,5.2040,9.5014,12.6877,11.9347,6.2791
2020-03-16 11:00:00+00:00,5.8167,13.4022,16.3915,17.4131,9.1529
2020-03-16 12:00:00+00:00,5.1991,13.1909,14.7180,17.1383,15.5483
2020-03-16 13:00:00+00:00,2.3814,6.3334,7.0200,8.5263,18.5871
2020-03-16 14:00:00+00:00,2.3068,4.9814,4.2614,8.8353,5.9583
2020-03-16 15:00:00+00:00,1.6245,3.5411,2.6025,6.9738,3.8570
2020-03-16 16:00:00+00:00,2.3847,4.3919,3.1786,10.6807,3.9335
2020-03-16 17:00:00+00:00,2.2861,5.0835,3.8264,12.1439,10.3113
2020-03-16 18:00:00+00:00,0.2131,1.6562,1.3414,4.6270,11.8723
2020-03-16 19:00:00+00:00,1.5439,2.2872,1.8517,7.3163,14.4255
2020-03-16 20:00:00+00:00,2.7307,3.8828,3.3305,11.3087,14.2676
2020-03-16 21:00:00+00:00,1.4034,2.5818,1.4881,9.6308,18.3749
2020-03-16 22:00:00+00:00,0.0000,2.3352,0.0000,8.3240,21.0406
2020-03-16 23:00:00+00:00,1.5547,2.3947,1.7259,7.2997,35.2302
2020-03-17 00:00:00+00:00,16.9217,5.2891,11.2325,11.7771,76.5003
2020-03-17 01:00:00+00:00,52.2862,32.9080,45.8377,47.4898,78.0527
2020-03-17 02:00:00+00:00,80.2814,97.5966,102.4488,204.8070,69.5685
2020-03-17 03:00:00+00:00,81.0000,100.4348,104.6273,213.4162,67.9487
2020-03-17 04:00:00+00:00,81.0000,99.3341,103.8557,213.3702,77.9650
2020-03-17 05:00:00+00:00,80.9695,98.5472,103.5322,211.7886,79.9000
2020-03-17 06:00:00+00:00,81.0000,100.0237,104.9856,215.2000,75.4707
2020-03-17 07:00:00+00:00,81.0000,100.5000,106.5000,215.2000,78.1657
2020-03-17 08:00:00+00:00,81.0000,100.5000,106.5000,215.2000,79.6772
2020-03-17 09:00:00+00:00,81.0000,100.5000,106.5000,214.4854,79.9000
2020-03-17 10:00:00+00:00,81.0000,100.5000,106.5000,215.2000,79.9000
2020-03-17 11:00:00+00:00,81.0000,100.5000,106.5000,215.2000,77.2902
2020-03-17 12:00:00+00:00,81.0000,100.5000,105.0516,214.6593,75.6293
2020-03-17 13:00:00+00:00,70.7726,84.2526,71.7148,197.9616,73.5298
2020-03-17 14:00:00+00:00,78.8431,95.9802,102.2235,209.1597,76.6060
2020-03-17 15:00:00+00:00,78.8386,97.2599,105.5734,205.3725,75.6026
2020-03-17 16:00:00+00:00,78.4521,96.5885,103.5968,203.0342,75.8293
2020-03-17 17:00:00+00:00,77.0566,95.8196,101.4798,198.2131,75.9459
2020-03-17 18:00:00+00:00,78.5484,97.2954,103.1587,208.3281,76.0211
2020-03-17 19:00:00+00:00,78.6365,96.7522,102.5189,207.2543,77.2167
2020-03-17 20:00:00+00:00,79.5068,98.0907,103.7991,210.1309,79.9000
2020-03-17 21:00:00+00:00,79.0530,97.9013,103.7052,209.1062,79.9000
2020-03-17 22:00:00+00:00,76.6944,89.2639,99.7261,186.2396,78.2503
2020-03-17 23:00:00+00:00,77.8464,95.6618,101.6922,204.4218,76.6842
2020-03-18 00:00:00+00:00,79.9873,98.8363,104.2144,212.3686,76.2188
2020-03-18 01:00:00+00:00,81.0000,98.4238,104.5977,212.1852,75.7261
2020-03-18 02:00:00+00:00,75.9877,78.2747,90.2870,155.3737,77.8838
2020-03-18 03:00:00+00:00,76.0388,85.3475,94.7370,173.4508,78.3194
2020-03-18 04:00:00+00:00,58.7726,69.3744,77.5497,137.8942,76.2723
2020-03-18 05:00:00+00:00,51.2957,61.3838,65.8269,128.4480,45.9375
2020-03-18 06:00:00+00:00,48.3682,57.8921,60.9515,124.0810,29.9073
2020-03-18 07:00:00+00:00,32.8890,35.8450,40.6342,77.3843,19.4195
2020-03-18 08:00:00+00:00,7.5679,6.5695,8.1072,15.8213,13.6589
2020-03-18 09:00:00+00:00,1.6608,0.7038,0.7246,3.4382,10.3265
2020-03-18 10:00:00+00:00,1.6440,0.8978,0.5167,3.7828,7.8259
2020-03-18 11:00:00+00:00,0.1776,0.0000,0.0000,0.0000,6.3191
2020-03-18 12:00:00+00:00,0.0000,0.0000,0.0000,0.0000,5.2174
2020-03-18 13:00:00+00:00,0.0000,0.0000,0.0000,0.0000,1.4394
2020-03-18 14:00:00+00:00,0.0000,0.0000,0.0000,0.0000,0.0000
2020-03-18 15:00:00+00:00,0.0000,0.0000,0.0000,0.0000,0.0000
2020-03-18 16:00:00+00:00,0.0000,0.0000,0.0000,0.0000,0.0000
2020-03-18 17:00:00+00:00,0.0000,0.0000,0.0000,0.0000,0.0000
2020-03-18 18:00:00+00:00,0.7712,0.0000,0.0000,0.3836,0.0000
2020-03-18 19:00:00+00:00,0.0000,0.0000,0.0000,0.0000,0.0000
2020-03-18 20:00:00+00:00,0.5565,0.0000,0.0000,0.0000,0.0000
2020-03-18 21:00:00+00:00,1.3217,0.0000,0.0000,0.0000,0.0000
2020-03-18 22:00:00+00:00,0.0000,0.0000,0.0000,0.0000,0.0000
2020-03-18 23:00:00+00:00,0.0000,0.0000,0.0000,0.0000,0.0000
2020-03-19 00:00:00+00:00,0.0000,0.0000,0.0000,0.0000,4.7928
2020-03-19 01:00:00+00:00,1.0349,3.7808,3.0865,6.7231,13.2857
2020-03-19 02:00:00+00:00,8.1290,20.2047,19.3618,30.9699,15.3471
2020-03-19 03:00:00+00:00,12.5016,28.5652,32.2945,39.1457,18.4649
2020-03-19 04:00:00+00:00,9.8247,27.0720,27.5517,36.3194,20.3490
2020-03-19 05:00:00+00:00,8.8933,26.5003,24.9783,36.4658,23.4396
2020-03-19 06:00:00+00:00,8.3534,31.6795,25.7431,44.6983,53.6359
2020-03-19 07:00:00+00:00,5.2637,30.9478,22.9230,48.7050,42.1208
2020-03-19 08:00:00+00:00,6.1226,19.2344,22.3222,35.4625,55.1184
2020-03-19 09:00:00+00:00,18.5438,12.3060,25.6044,15.0457,47.9443
2020-03-19 10:00:00+00:00,29.5228,33.1310,35.0469,52.1288,28.1564
2020-03-19 11:00:00+00:00,23.5954,27.4789,30.3449,39.5719,27.0553
2020-03-19 12:00:00+00:00,14.8003,14.3628,16.1242,31.9671,24.5945
2020-03-19 13:00:00+00:00,17.3189,15.6731,20.9074,25.8303,22.5694
2020-03-19 14:00:00+00:00,5.9713,0.0000,0.0000,0.0000,30.9026
2020-03-19 15:00:00+00:00,0.0000,0.0000,0.0000,0.0000,40.0700
2020-03-19 16:00:00+00:00,0.0000,0.0000,0.0000,0.0000,30.3082
2020-03-19 17:00:00+00:00,2.0316,2.6843,2.3370,6.8880,19.5650
2020-03-19 18:00:00+00:00,1.5990,0.1609,0.5118,1.3885,11.3556
2020-03-19 19:00:00+00:00,1.5385,1.4853,1.3322,4.7177,7.4631
2020-03-19 20:00:00+00:00,1.8575,2.0522,1.9122,6.1090,13.1630
2020-03-19 21:00:00+00:00,1.4368,0.7883,0.6749,3.5340,15.0981
2020-03-19 22:00:00+00:00,3.6445,4.6796,3.7874,12.2729,10.5241
2020-03-19 23:00:00+00:00,11.2928,14.1081,11.7881,30.4038,15.1672
2020-03-20 00:00:00+00:00,13.5031,14.3071,15.0560,28.0725,24.4188
2020-03-20 01:00:00+00:00,19.7672,17.7383,32.7591,30.4107,39.3440
2020-03-20 02:00:00+00:00,32.2588,32.1936,49.3836,43.5656,37.9254
2020-03-20 03:00:00+00:00,50.0486,47.6717,72.2692,65.1708,43.2693
2020-03-20 04:00:00+00:00,61.8543,58.1957,81.4176,78.2629,46.1061
2020-03-20 05:00:00+00:00,73.8306,71.1679,62.8151,137.0271,72.3977
2020-03-20 06:00:00+00:00,65.4920,58.1234,60.5741,83.1452,79.7159
2020-03-20 07:00:00+00:00,56.6757,25.8481,62.4065,38.0659,79.9000
2020-03-20 08:00:00+00:00,81.0000,4.7290,13.9542,33.0462,78.9752
2020-03-20 09:00:00+00:00,77.8369,96.1054,85.5576,209.1122,79.9000
2020-03-20 10:00:00+00:00,80.7787,97.6322,105.4116,210.1086,79.1175
2020-03-20 11:00:00+00:00,81.0000,100.5000,106.5000,215.2000,52.0949
2020-03-20 12:00:00+00:00,81.0000,100.5000,106.5000,210.8148,76.6422
2020-03-20 13:00:00+00:00,81.0000,100.5000,106.5000,215.2000,79.9000
2020-03-20 14:00:00+00:00,81.0000,100.5000,106.5000,215.2000,79.9000
2020-03-20 15:00:00+00:00,81.0000,100.5000,106.5000,215.2000,79.9000
2020-03-20 16:00:00+00:00,81.0000,100.5000,106.5000,215.2000,79.9000
2020-03-20 17:00:00+00:00,81.0000,100.5000,106.5000,215.2000,79.9000
2020-03-20 18:00:00+00:00,81.0000,100.5000,106.5000,215.2000,79.9000
2020-03-20 19:00:00+00:00,81.0000,100.5000,106.5000,215.2000,79.9000
2020-03-20 20:00:00+00:00,81.0000,100.5000,106.5000,215.2000,79.9000
2020-03-20 21:00:00+00:00,81.0000,100.5000,106.5000,215.2000,79.9000
2020-03-20 22:00:00+00:00,81.0000,100.5000,106.5000,215.2000,79.9000
2020-03-20 23:00:00+00:00,81.0000,100.5000,106.5000,215.2000,79.9000
2020-03-21 00:00:00+00:00,81.0000,100.5000,106.5000,215.2000,79.9000
2020-03-21 01:00:00+00:00,81.0000,100.5000,106.5000,215.2000,79.9000
2020-03-21 02:00:00+00:00,81.0000,100.5000,106.5000,215.2000,79.9000
2020-03-21 03:00:00+00:00,81.0000,100.5000,106.5000,215.2000,79.9000
2020-03-21 04:00:00+00:00,81.0000,99.1353,104.5722,215.2000,79.9000
2020-03-21 05:00:00+00:00,80.5847,97.9587,103.7860,212.2592,77.1702
2020-03-21 06:00:00+00:00,71.3496,80.2343,85.2565,181.5828,71.9045
2020-03-21 07:00:00+00:00,76.8816,86.7829,93.6864,199.9835,71.7092
2020-03-21 08:00:00+00:00,74.0934,78.0942,82.2947,191.6891,59.1128
2020-03-21 09:00:00+00:00,56.0802,60.0336,62.3826,147.4796,34.5924
2020-03-21 10:00:00+00:00,42.5855,45.2606,46.5737,112.2695,31.4038
2020-03-21 11:00:00+00:00,35.2566,35.6987,35.6771,93.1483,37.9562
2020-03-21 12:00:00+00:00,27.0037,26.7430,24.3492,76.9414,29.4642
2020-03-21 13:00:00+00:00,28.5380,26.4264,24.5935,76.3405,29.1155
2020-03-21 14:00:00+00:00,24.9239,23.6644,23.2595,64.7419,15.0159
2020-03-21 15:00:00+00:00,15.9797,17.2054,17.0223,42.6461,8.7747
2020-03-21 16:00:00+00:00,18.6707,23.1161,23.5363,53.6507,8.0936
2020-03-21 17:00:00+00:00,18.7692,23.0635,23.1574,52.0782,7.2297
2020-03-21 18:00:00+00:00,15.5819,20.5765,21.2349,44.7539,7.3747
2020-03-21 19:00:00+00:00,20.8839,25.6384,27.0121,57.1527,5.7240
2020-03-21 20:00:00+00:00,16.1376,20.2758,20.6298,45.6123,6.0839
2020-03-21 21:00:00+00:00,13.7211,16.8702,17.2276,38.1845,3.4599
2020-03-21 22:00:00+00:00,18.7309,21.4311,21.9024,49.6528,6.5262
2020-03-21 23:00:00+00:00,24.6336,26.4970,28.0694,63.1059,13.3799
2020-03-22 00:00:00+00:00,20.8495,20.1718,21.6976,53.0631,22.2518
2020-03-22 01:00:00+00:00,9.5107,8.3601,8.2050,27.6528,18.4721
2020-03-22 02:00:00+00:00,4.3490,4.0382,3.4740,15.7449,3.8350
2020-03-22 03:00:00+00:00,3.3143,2.2327,1.8663,9.8031,0.0000
2020-03-22 04:00:00+00:00,4.2305,3.2599,2.9670,11.6484,0.0000
2020-03-22 05:00:00+00:00,4.2802,2.6848,3.0212,9.2287,0.0000
2020-03-22 06:00:00+00:00,1.7522,0.0000,1.0328,2.3334,0.0375
2020-03-22 07:00:00+00:00,2.3958,0.5821,1.9095,4.4738,2.1671
2020-03-22 08:00:00+00:00,2.4261,0.0000,1.6303,3.5309,1.5914
2020-03-22 09:00:00+00:00,1.0325,0.0000,0.0000,0.0000,3.8356
2020-03-22 10:00:00+00:00,0.0000,0.0000,0.0000,0.0000,0.4489
2020-03-22 11:00:00+00:00,0.0000,0.0000,0.0000,0.0000,0.0000
2020-03-22 12:00:00+00:00,0.0000,0.0000,0.0000,0.0000,1.3111
2020-03-22 13:00:00+00:00,1.8267,1.1599,1.9827,2.6568,6.5429
2020-03-22 14:00:00+00:00,2.6020,1.8546,2.9211,3.7948,9.7741
2020-03-22 15:00:00+00:00,1.4824,0.0000,1.5273,0.0000,10.7160
2020-03-22 16:00:00+00:00,0.1577,0.0000,0.0000,0.0000,6.3951
2020-03-22 17:00:00+00:00,0.0000,0.0000,0.0000,0.0000,4.3327
2020-03-22 18:00:00+00:00,0.0000,0.0000,0.0000,0.0000,2.6545
2020-03-22 19:00:00+00:00,0.0000,0.0000,0.0000,0.0000,0.0000
2020-03-22 20:00:00+00:00,0.0000,0.0000,0.0507,0.0000,0.6816
2020-03-22 21:00:00+00:00,0.9383,0.8155,1.5256,0.0000,0.0000
2020-03-22 22:00:00+00:00,2.3132,2.6838,3.3625,4.5436,4.4931
2020-03-22 23:00:00+00:00,4.8097,5.9454,7.1106,10.7941,13.8748
2020-03-23 00:00:00+00:00,10.0308,11.5688,14.8648,21.7765,9.7948
2020-03-23 01:00:00+00:00,13.1963,16.2168,22.5803,27.4870,16.5048
2020-03-23 02:00:00+00:00,16.2792,21.2573,32.1695,30.6996,30.2509
2020-03-23 03:00:00+00:00,17.3999,32.0907,41.7419,42.2897,53.7180
2020-03-23 04:00:00+00:00,15.0813,33.7018,41.6824,42.7966,75.7018
2020-03-23 05:00:00+00:00,21.5729,34.3938,49.6830,52.1231,77.2151
2020-03-23 06:00:00+00:00,61.9021,53.7710,100.7174,63.9619,62.5683
2020-03-23 07:00:00+00:00,78.0387,96.0710,103.9742,125.9938,64.1477
2020-03-23 08:00:00+00:00,79.5657,98.0807,103.3385,154.8358,76.8465
2020-03-23 09:00:00+00:00,81.0000,99.3144,103.9819,199.8677,78.8376
2020-03-23 10:00:00+00:00,81.0000,100.5000,106.5000,212.0700,79.9000
2020-03-23 11:00:00+00:00,79.3559,100.0143,106.5000,192.6599,79.9000
2020-03-23 12:00:00+00:00,81.0000,100.5000,106.5000,205.8624,79.9000
2020-03-23 13:00:00+00:00,81.0000,100.5000,106.5000,207.0979,79.9000
2020-03-23 14:00:00+00:00,76.8947,96.8536,103.0817,165.1868,79.9000
2020-03-23 15:00:00+00:00,64.0905,78.3885,92.1610,117.9903,79.9000
2020-03-23 16:00:00+00:00,70.3558,69.7760,99.9982,111.6448,79.9000
2020-03-23 17:00:00+00:00,77.3289,68.6623,102.1327,123.7118,79.9000
2020-03-23 18:00:00+00:00,77.5239,34.4753,68.5403,70.5254,79.7046
2020-03-23 19:00:00+00:00,45.7490,16.2917,34.4490,43.1677,79.0831
2020-03-23 20:00:00+00:00,20.1729,6.6051,12.0492,27.3884,79.9000
2020-03-23 21:00:00+00:00,23.3124,8.5884,17.2123,26.4074,32.3897
2020-03-23 22:00:00+00:00,13.6003,3.0460,8.0713,11.9545,22.7689
2020-03-23 23:00:00+00:00,3.1320,1.4090,4.2255,4.1421,24.9514
2020-03-24 00:00:00+00:00,4.3055,1.1142,3.8036,1.5096,8.0664
2020-03-24 01:00:00+00:00,12.3347,4.2786,12.7318,6.4523,9.1574
2020-03-24 02:00:00+00:00,24.6884,7.7783,18.0191,13.5223,8.6824
2020-03-24 03:00:00+00:00,37.9137,3.5725,9.4670,10.4572,4.7967
2020-03-24 04:00:00+00:00,16.6453,0.0000,0.0000,3.3313,0.0000
2020-03-24 05:00:00+00:00,2.6297,0.1419,0.0000,3.5729,0.0000
2020-03-24 06:00:00+00:00,2.9898,1.2330,0.0000,5.7747,3.0699
2020-03-24 07:00:00+00:00,4.6694,2.3938,1.3541,10.5425,3.6878
2020-03-24 08:00:00+00:00,5.1371,3.3437,2.4735,13.8846,4.3577
2020-03-24 09:00:00+00:00,6.2446,3.6584,3.1460,15.1097,8.2967
2020-03-24 10:00:00+00:00,4.1664,2.0819,1.8168,9.5225,4.5807
2020-03-24 11:00:00+00:00,5.0975,3.3443,3.4123,11.5700,5.0693
2020-03-24 12:00:00+00:00,4.2888,2.7570,2.8781,9.0034,4.9487
2020-03-24 13:00:00+00:00,6.3033,5.1094,5.4361,14.1734,7.3738
2020-03-24 14:00:00+00:00,3.5485,2.3140,2.3298,8.0316,6.4410
2020-03-24 15:00:00+00:00,2.9171,2.3291,2.3272,6.9704,5.6231
2020-03-24 16:00:00+00:00,2.7338,2.9207,2.9374,7.0964,1.7360
2020-03-24 17:00:00+00:00,2.9393,2.7817,3.0129,7.4517,0.0000
2020-03-24 18:00:00+00:00,2.1724,2.8784,2.9981,5.5163,0.0000
2020-03-24 19:00:00+00:00,1.4271,1.4213,1.3808,3.4003,0.0000
2020-03-24 20:00:00+00:00,1.2119,1.5533,1.4319,2.6459,0.0000
2020-03-24 21:00:00+00:00,1.4094,1.9310,1.8377,3.0586,0.0000
2020-03-24 22:00:00+00:00,2.1274,2.4960,2.3633,5.4850,0.0000
2020-03-24 23:00:00+00:00,1.0483,1.5913,1.1443,3.6909,0.0000
2020-03-25 00:00:00+00:00,0.0000,0.0000,0.0000,0.0000,0.0000
2020-03-25 01:00:00+00:00,0.0000,0.0000,0.0000,0.0000,0.0000
2020-03-25 02:00:00+00:00,0.0000,0.0000,0.0000,0.0000,0.0000
2020-03-25 03:00:00+00:00,0.0000,0.0000,0.0000,0.0000,0.0000
2020-03-25 04:00:00+00:00,0.0000,0.0000,0.0000,0.0000,0.0000
2020-03-25 05:00:00+00:00,0.0000,0.0000,0.4442,0.0000,4.7272
2020-03-25 06:00:00+00:00,0.0000,0.0000,1.4386,0.0000,9.6560
2020-03-25 07:00:00+00:00,0.4333,1.5152,3.4364,0.0000,11.1313
2020-03-25 08:00:00+00:00,2.8021,4.1651,6.4071,5.7117,12.4321
2020-03-25 09:00:00+00:00,4.8221,6.1110,7.8099,8.6441,17.8832
2020-03-25 10:00:00+00:00,8.5121,9.0514,12.1832,15.2745,35.4631
2020-03-25 11:00:00+00:00,20.6997,21.5606,28.4148,37.1385,41.4226
2020-03-25 12:00:00+00:00,16.2295,22.8072,33.5607,37.5080,40.7651
2020-03-25 13:00:00+00:00,16.0634,24.9039,34.7292,38.4927,34.3620
2020-03-25 14:00:00+00:00,12.8902,22.9120,24.0432,40.1286,31.1808
2020-03-25 15:00:00+00:00,7.7447,12.0751,14.1171,24.6343,54.7350
2020-03-25 16:00:00+00:00,15.5508,12.5850,22.4639,22.2311,48.9984
2020-03-25 17:00:00+00:00,19.0069,13.3852,17.6766,24.4356,51.3901
2020-03-25 18:00:00+00:00,13.2317,10.4057,11.8486,19.8855,45.0452
2020-03-25 19:00:00+00:00,9.7958,6.8752,7.2673,16.3562,37.2851
2020-03-25 20:00:00+00:00,4.5751,2.2921,2.3162,7.1913,22.5599
2020-03-25 21:00:00+00:00,3.4569,1.8055,1.7719,6.0075,23.0914
2020-03-25 22:00:00+00:00,5.6612,3.6013,4.0254,9.5441,34.0261
2020-03-25 23:00:00+00:00,5.5361,2.3949,3.6795,4.6876,21.5671
2020-03-26 00:00:00+00:00,10.9219,5.3744,7.9016,8.8189,31.2389
2020-03-26 01:00:00+00:00,22.2408,19.3118,20.5862,29.7668,27.6026
2020-03-26 02:00:00+00:00,21.4036,20.3981,19.7007,37.5894,33.8642
2020-03-26 03:00:00+00:00,17.5013,16.8766,14.6814,45.9901,40.4698
2020-03-26 04:00:00+00:00,13.6739,13.4637,12.8265,33.5812,38.8691
2020-03-26 05:00:00+00:00,10.4962,10.1856,9.8928,25.1824,46.8430
2020-03-26 06:00:00+00:00,7.9621,8.8338,8.9533,21.1496,71.5633
2020-03-26 07:00:00+00:00,8.9720,11.1541,11.5286,25.0570,66.5806
2020-03-26 08:00:00+00:00,7.0744,10.0644,11.3286,19.8326,44.8479
2020-03-26 09:00:00+00:00,6.2666,9.4501,11.1122,16.9983,44.5554
2020-03-26 10:00:00+00:00,7.4510,8.4757,11.6286,15.3004,39.7874
2020-03-26 11:00:00+00:00,9.0829,8.3113,11.3252,16.6347,34.7326
2020-03-26 12:00:00+00:00,9.1638,7.4038,9.8230,16.1645,21.9212
2020-03-26 13:00:00+00:00,5.4279,3.5146,3.7633,7.1937,15.6461
2020-03-26 14:00:00+00:00,3.1586,0.2474,0.4381,2.6427,13.0712
2020-03-26 15:00:00+00:00,7.4790,4.0438,4.8601,9.4398,22.2964
2020-03-26 16:00:00+00:00,14.9851,13.4936,14.8714,25.8580,36.2991
2020-03-26 17:00:00+00:00,19.6421,17.6316,21.1772,29.5469,68.6677
2020-03-26 18:00:00+00:00,12.7017,9.7048,12.2601,15.0328,68.2471
2020-03-26 19:00:00+00:00,9.0234,8.3253,8.9615,15.8666,49.5287
2020-03-26 20:00:00+00:00,27.5508,30.0990,34.7588,60.2151,66.2500
2020-03-26 21:00:00+00:00,34.5916,33.5955,45.7536,65.8303,32.6718
2020-03-26 22:00:00+00:00,69.3206,76.5011,98.3246,140.0992,28.6363
2020-03-26 23:00:00+00:00,69.6416,48.4828,57.6718,110.1058,32.8802
2020-03-27 00:00:00+00:00,33.2064,24.5405,34.4190,46.2323,32.9031
2020-03-27 01:00:00+00:00,71.1225,85.2763,85.9879,199.6081,36.7723
2020-03-27 02:00:00+00:00,77.6671,91.7645,88.8079,207.1537,38.5838
2020-03-27 03:00:00+00:00,72.9053,73.0768,66.4224,198.4857,45.4918
2020-03-27 04:00:00+00:00,76.4037,74.4204,67.2190,201.7787,25.5477
2020-03-27 05:00:00+00:00,69.2173,66.4533,59.9314,183.4924,11.1752
2020-03-27 06:00:00+00:00,66.8372,65.3126,59.7235,176.7387,8.4295
2020-03-27 07:00:00+00:00,58.4473,57.1532,54.4538,152.8767,6.6632
2020-03-27 08:00:00+00:00,48.1181,46.1019,43.5052,127.4603,9.4851
2020-03-27 09:00:00+00:00,30.7157,30.7990,28.1747,87.0321,9.3866
2020-03-27 10:00:00+00:00,47.0469,43.3078,38.8188,129.6536,11.2405
2020-03-27 11:00:00+00:00,39.6291,37.2235,32.4485,112.3148,10.3536
2020-03-27 12:00:00+00:00,32.8569,32.3237,28.2395,93.7140,9.1663
2020-03-27 13:00:00+00:00,35.5446,36.1102,32.3913,97.9768,7.3878
2020-03-27 14:00:00+00:00,29.7479,31.4437,28.7117,80.7999,3.5022
2020-03-27 15:00:00+00:00,19.4563,22.8634,20.0856,56.2044,3.5189
2020-03-27 16:00:00+00:00,11.7249,14.1155,12.7860,35.0512,0.0000
2020-03-27 17:00:00+00:00,14.5316,17.6258,17.6004,39.8883,0.0000
2020-03-27 18:00:00+00:00,17.9546,21.4736,21.7287,48.6389,0.0000
2020-03-27 19:00:00+00:00,19.0053,22.0903,22.1195,50.6660,3.0082
2020-03-27 20:00:00+00:00,21.9137,24.8545,25.6116,57.8577,3.9686
2020-03-27 21:00:00+00:00,16.8117,19.5295,19.5888,45.6443,0.0000
2020-03-27 22:00:00+00:00,19.6151,23.7513,24.6857,53.0250,2.8919
2020-03-27 23:00:00+00:00,14.3687,18.2673,18.1930,40.6697,0.1443
2020-03-28 00:00:00+00:00,8.8948,7.7862,7.3410,23.4260,0.0000
2020-03-28 01:00:00+00:00,9.1030,6.1179,4.9889,24.6309,0.0000
2020-03-28 02:00:00+00:00,5.1879,3.0910,1.7745,17.1654,0.0000
2020-03-28 03:00:00+00:00,2.3843,0.2490,0.0000,8.8520,0.0000
2020-03-28 04:00:00+00:00,1.8936,0.0000,0.0000,6.0990,0.0000
2020-03-28 05:00:00+00:00,0.8314,0.0000,0.0000,3.2723,0.0000
2020-03-28 06:00:00+00:00,0.0000,0.0000,0.0000,0.0000,0.9784
2020-03-28 07:00:00+00:00,0.0000,0.0000,0.0000,0.0000,3.5032
2020-03-28 08:00:00+00:00,0.0000,0.0000,0.0000,0.0000,5.4932
2020-03-28 09:00:00+00:00,0.0000,0.0000,0.0000,0.0000,6.4891
2020-03-28 10:00:00+00:00,0.0000,0.2505,2.4835,0.0000,11.9399
2020-03-28 11:00:00+00:00,0.4758,3.1434,4.1939,4.5396,24.6389
2020-03-28 12:00:00+00:00,2.2633,6.7082,7.4227,10.3883,25.1506
2020-03-28 13:00:00+00:00,4.6781,5.2500,7.8242,9.0584,24.9541
2020-03-28 14:00:00+00:00,4.8118,5.7667,7.7762,8.1126,32.6659
2020-03-28 15:00:00+00:00,3.0767,5.1604,7.4723,6.4003,30.4053
2020-03-28 16:00:00+00:00,4.4459,5.9132,8.9178,6.3923,22.9858
2020-03-28 17:00:00+00:00,4.1992,4.6073,7.0289,4.4929,22.5038
2020-03-28 18:00:00+00:00,4.2272,4.1239,7.1455,4.5887,28.4041
2020-03-28 19:00:00+00:00,5.0633,5.3267,8.2359,8.0358,56.8194
2020-03-28 20:00:00+00:00,5.4648,8.4693,11.6833,12.9925,72.5373
2020-03-28 21:00:00+00:00,2.9804,4.2487,4.8754,7.1003,70.5738
2020-03-28 22:00:00+00:00,1.2550,2.0081,1.9614,3.0268,30.4100
2020-03-28 23:00:00+00:00,2.0048,1.7619,2.7629,0.2497,17.9017
2020-03-29 00:00:00+00:00,2.7252,2.9675,3.7259,3.7449,9.1510
2020-03-29 01:00:00+00:00,3.7922,4.2413,5.7821,5.7386,23.5539
2020-03-29 02:00:00+00:00,3.9920,8.5382,10.1058,10.5717,24.6674
2020-03-29 03:00:00+00:00,6.4870,14.6871,17.4406,20.5457,30.8535
2020-03-29 04:00:00+00:00,7.6270,17.1854,19.5968,23.4402,61.8425
2020-03-29 05:00:00+00:00,11.7286,18.7768,24.3764,26.6840,72.6457
2020-03-29 06:00:00+00:00,10.5764,17.7545,25.3992,23.4994,75.2780
2020-03-29 07:00:00+00:00,21.6107,33.0338,49.2639,50.0698,77.1434
2020-03-29 08:00:00+00:00,26.7028,50.3851,69.2742,80.6292,76.9818
2020-03-29 09:00:00+00:00,35.4821,49.7470,71.5496,88.7477,75.6238
2020-03-29 10:00:00+00:00,32.8025,51.0469,73.8972,77.6356,79.9000
2020-03-29 11:00:00+00:00,41.0745,66.9868,98.3352,94.7970,79.9000
2020-03-29 12:00:00+00:00,58.6437,95.8004,104.5246,153.0765,79.9000
2020-03-29 13:00:00+00:00,76.8449,97.4057,105.1558,181.9861,79.9000
2020-03-29 14:00:00+00:00,66.0227,77.4352,72.2048,171.6770,79.9000
2020-03-29 15:00:00+00:00,81.0000,100.5000,106.5000,213.7061,79.9000
2020-03-29 16:00:00+00:00,81.0000,100.5000,106.5000,215.2000,79.9000
2020-03-29 17:00:00+00:00,81.0000,100.5000,106.5000,215.2000,79.9000
2020-03-29 18:00:00+00:00,81.0000,100.5000,106.5000,215.2000,79.9000
2020-03-29 19:00:00+00:00,81.0000,100.5000,106.5000,215.2000,79.9000
2020-03-29 20:00:00+00:00,81.0000,100.5000,106.5000,215.2000,79.9000
2020-03-29 21:00:00+00:00,81.0000,100.5000,106.5000,215.2000,79.9000
2020-03-29 22:00:00+00:00,81.0000,100.5000,106.5000,215.2000,78.8317
2020-03-29 23:00:00+00:00,81.0000,100.5000,106.5000,215.2000,65.0375
2020-03-30 00:00:00+00:00,81.0000,100.5000,106.5000,215.2000,77.2738
2020-03-30 01:00:00+00:00,81.0000,100.5000,106.5000,213.6500,73.3644
2020-03-30 02:00:00+00:00,81.0000,100.5000,106.5000,215.2000,50.6571
2020-03-30 03:00:00+00:00,81.0000,100.5000,106.5000,215.2000,75.4913
2020-03-30 04:00:00+00:00,79.0944,97.9129,101.8030,209.8325,47.3946
2020-03-30 05:00:00+00:00,55.1043,60.1076,45.7923,125.4838,26.1353
2020-03-30 06:00:00+00:00,47.5086,49.6696,42.0709,99.0684,23.7457
2020-03-30 07:00:00+00:00,44.1318,48.4051,44.6637,89.8874,17.5026
2020-03-30 08:00:00+00:00,39.2215,43.6436,39.6003,81.7054,19.2771
2020-03-30 09:00:00+00:00,34.6088,41.7032,39.7958,79.1598,24.7634
2020-03-30 10:00:00+00:00,37.9620,46.7776,44.9874,77.3654,41.5972
2020-03-30 11:00:00+00:00,45.8225,55.9494,49.0879,94.8264,33.4872
2020-03-30 12:00:00+00:00,47.0500,50.7947,41.9444,86.8104,21.2391
2020-03-30 13:00:00+00:00,45.4970,43.0555,41.1677,86.9423,45.5549
2020-03-30 14:00:00+00:00,31.0321,30.3468,30.0508,64.5246,35.0987
2020-03-30 15:00:00+00:00,16.4841,17.4998,19.5346,30.5269,36.0195
2020-03-30 16:00:00+00:00,6.1275,6.3880,6.1222,10.7679,27.3333
2020-03-30 17:00:00+00:00,9.2554,5.0816,8.0714,8.0726,14.1013
2020-03-30 18:00:00+00:00,1.8839,2.2361,3.1620,5.4125,14.7846
2020-03-30 19:00:00+00:00,3.8384,4.6583,3.0465,17.4004,15.2204
2020-03-30 20:00:00+00:00,5.8478,4.9327,3.4459,22.6880,21.1049
2020-03-30 21:00:00+00:00,7.0354,8.1375,6.8862,21.1252,18.0219
2020-03-30 22:00:00+00:00,8.0558,8.3600,8.0026,22.9884,11.7600
2020-03-30 23:00:00+00:00,5.9596,5.0564,4.6828,16.2418,2.1513
2020-03-31 00:00:00+00:00,3.1872,2.3406,2.1422,6.4228,0.0000
2020-03-31 01:00:00+00:00,6.6372,5.0684,7.2558,9.7603,0.0000
2020-03-31 02:00:00+00:00,3.2805,3.8541,5.2650,7.2044,0.0000
2020-03-31 03:00:00+00:00,0.7811,2.7035,2.5940,7.3389,0.0000
2020-03-31 04:00:00+00:00,1.2286,6.4986,3.9644,14.9168,0.0000
2020-03-31 05:00:00+00:00,2.4846,11.6281,7.9468,22.0866,0.0000
2020-03-31 06:00:00+00:00,5.7025,19.9353,15.6845,34.9065,0.0000
2020-03-31 07:00:00+00:00,9.2437,27.6839,25.5343,45.2537,0.0000
2020-03-31 08:00:00+00:00,10.0322,24.2462,25.1534,38.7866,0.0000
2020-03-31 09:00:00+00:00,17.2893,28.7713,32.2330,48.8446,0.0000
2020-03-31 10:00:00+00:00,13.1050,19.8752,22.2454,36.7267,0.0000
2020-03-31 11:00:00+00:00,17.6538,23.5777,28.4675,42.6264,0.4494
2020-03-31 12:00:00+00:00,12.1520,17.6287,22.6488,29.5608,2.0921
2020-03-31 13:00:00+00:00,11.3828,14.6120,17.4938,29.2654,1.7964
2020-03-31 14:00:00+00:00,9.5915,10.9087,13.0103,22.0008,1.9731
2020-03-31 15:00:00+00:00,7.0889,8.2534,8.7202,18.9911,1.8686
2020-03-31 16:00:00+00:00,7.5603,8.2803,9.1499,20.2140,1.3956
2020-03-31 17:00:00+00:00,9.0909,10.7077,11.5508,25.1342,5.7737
2020-03-31 18:00:00+00:00,10.6066,13.0652,13.7652,30.7162,5.9900
2020-03-31 19:00:00+00:00,11.5047,16.9272,16.6694,38.9765,9.5534
2020-03-31 20:00:00+00:00,13.2904,17.9170,18.1470,40.8796,10.2819
2020-03-31 21:00:00+00:00,19.7962,26.7148,27.6006,59.2035,12.5117
2020-03-31 22:00:00+00:00,16.2918,21.4375,21.8900,47.0286,17.9067
2020-03-31 23:00:00+00:00,12.4121,16.2728,17.2270,35.7763,23.3232
2020-04-01 00:00:00+00:00,15.8985,14.1898,15.4262,35.4948,30.3493
2020-04-01 01:00:00+00:00,14.3880,15.9271,15.9097,36.3782,31.5072
2020-04-01 02:00:00+00:00,10.8724,21.7070,22.3928,39.5648,21.1299
2020-04-01 03:00:00+00:00,6.4024,15.2461,17.3676,23.1948,12.7536
2020-04-01 04:00:00+00:00,3.5849,8.9368,10.3786,13.7192,11.3063
2020-04-01 05:00:00+00:00,3.4114,9.7354,10.3285,15.4126,5.5174
2020-04-01 06:00:00+00:00,4.7910,12.4269,13.6411,20.2875,3.3085
2020-04-01 07:00:00+00:00,3.7796,10.2752,11.5477,16.0856,2.6659
2020-04-01 08:00:00+00:00,2.0785,6.1313,7.9549,7.6544,1.0980
2020-04-01 09:00:00+00:00,0.7971,2.6923,4.5420,1.5364,1.8506
2020-04-01 10:00:00+00:00,0.9541,2.0421,2.9941,2.9200,0.4310
2020-04-01 11:00:00+00:00,0.6670,2.2274,2.9552,3.6478,2.7140
2020-04-01 12:00:00+00:00,1.2428,2.5555,3.4312,4.1372,0.0000
2020-04-01 13:00:00+00:00,3.0604,3.7757,5.0497,6.7389,0.0000
2020-04-01 14:00:00+00:00,2.8248,2.9022,3.7075,6.4714,8.3180
2020-04-01 15:00:00+00:00,3.1806,3.0310,3.8320,7.0705,12.4976
2020-04-01 16:00:00+00:00,4.6182,4.7943,6.0936,10.9686,15.6665
2020-04-01 17:00:00+00:00,4.7661,6.1632,7.0858,13.4895,18.1792
2020-04-01 18:00:00+00:00,6.3708,9.4430,9.2283,22.4253,16.4299
2020-04-01 19:00:00+00:00,13.2158,14.5912,15.9356,34.8886,19.6632
2020-04-01 20:00:00+00:00,9.2502,10.2167,10.7989,24.9861,23.0052
2020-04-01 21:00:00+00:00,6.2273,7.2171,7.7519,16.6427,22.9964
2020-04-01 22:00:00+00:00,6.1959,7.2045,7.9908,16.4893,20.9385
2020-04-01 23:00:00+00:00,6.0517,7.0319,7.6727,16.2848,18.6644
2020-04-02 00:00:00+00:00,7.8378,7.6328,8.5798,18.5186,16.0873
2020-04-02 01:00:00+00:00,6.4638,5.2445,5.4511,14.5240,28.5372
2020-04-02 02:00:00+00:00,6.5479,5.9891,6.2373,15.7935,13.1908
2020-04-02 03:00:00+00:00,5.5495,4.4252,4.9170,12.5950,8.6531
2020-04-02 04:00:00+00:00,6.7009,6.4367,6.3660,17.2173,7.4250
2020-04-02 05:00:00+00:00,5.1569,4.0435,4.1739,11.5938,4.1195
2020-04-02 06:00:00+00:00,4.1188,2.5071,2.3900,8.3086,4.7053
2020-04-02 07:00:00+00:00,6.3316,4.0112,3.9065,13.0927,15.5793
2020-04-02 08:00:00+00:00,6.7697,4.8993,5.0106,12.9741,26.0849
2020-04-02 09:00:00+00:00,4.5458,2.7948,3.4076,6.8433,38.5190
2020-04-02 10:00:00+00:00,3.3857,2.3997,2.0502,8.6372,26.4468
2020-04-02 11:00:00+00:00,3.7371,2.9412,2.5533,9.8607,30.0174
2020-04-02 12:00:00+00:00,5.7859,4.2900,4.0527,15.1166,20.0033
2020-04-02 13:00:00+00:00,7.4921,6.6512,6.3566,20.1647,17.5860
2020-04-02 14:00:00+00:00,14.2242,14.3735,14.6035,35.9925,32.0582
2020-04-02 15:00:00+00:00,15.7527,16.3707,17.7639,40.1523,43.9678
2020-04-02 16:00:00+00:00,16.2937,15.9953,18.2088,40.3023,51.5360
2020-04-02 17:00:00+00:00,14.8472,14.2416,16.2295,36.6756,52.7561
2020-04-02 18:00:00+00:00,16.4730,15.8017,17.0542,40.5093,51.6796
2020-04-02 19:00:00+00:00,23.1742,21.7481,25.6240,50.0991,64.6155
2020-04-02 20:00:00+00:00,27.9363,27.8907,33.1769,59.9623,76.6261
2020-04-02 21:00:00+00:00,36.8597,36.5278,41.0709,84.0490,77.5371
2020-04-02 22:00:00+00:00,26.0758,25.2763,28.6604,60.6590,75.4698
2020-04-02 23:00:00+00:00,29.6450,29.6847,33.4163,72.8459,52.9914
2020-04-03 00:00:00+00:00,30.4731,29.4992,34.0574,69.6364,42.0527
2020-04-03 01:00:00+00:00,19.4578,16.4724,18.8897,44.9266,48.3875
2020-04-03 02:00:00+00:00,20.3979,16.6211,17.5134,49.1466,57.8863
2020-04-03 03:00:00+00:00,13.4441,10.2652,10.1008,33.9104,50.7102
2020-04-03 04:00:00+00:00,10.3243,8.6088,8.1337,28.7117,59.3725
2020-04-03 05:00:00+00:00,13.7661,11.1021,10.5727,36.7119,47.3438
2020-04-03 06:00:00+00:00,13.1121,12.5993,13.9367,32.1044,34.2308
2020-04-03 07:00:00+00:00,10.1421,11.7851,13.2083,28.3458,46.7442
2020-04-03 08:00:00+00:00,16.2373,15.7283,18.0647,39.0068,49.2657
2020-04-03 09:00:00+00:00,32.8938,37.3850,38.7321,89.9084,41.1008
2020-04-03 10:00:00+00:00,43.1496,46.8688,55.1928,104.1652,48.3341
2020-04-03 11:00:00+00:00,30.8907,30.9751,37.8242,73.7042,40.8156
2020-04-03 12:00:00+00:00,32.3724,31.7006,35.3525,75.1901,23.2221
2020-04-03 13:00:00+00:00,23.9692,25.7778,27.1522,55.5566,39.6847
2020-04-03 14:00:00+00:00,28.8519,32.6033,34.1345,62.8784,41.7568
2020-04-03 15:00:00+00:00,32.0504,36.7395,39.4858,75.0478,33.8599
2020-04-03 16:00:00+00:00,29.2079,33.6823,35.5086,73.9805,25.8261
2020-04-03 17:00:00+00:00,34.1178,40.5554,41.8498,89.0398,23.9806
2020-04-03 18:00:00+00:00,32.8689,37.6514,37.3871,86.9766,20.8012
2020-04-03 19:00:00+00:00,24.4645,29.4432,29.9450,68.2056,19.6664
2020-04-03 20:00:00+00:00,25.3096,31.5134,31.6898,69.8507,16.1530
2020-04-03 21:00:00+00:00,18.2033,23.0960,25.5120,48.4904,12.7614
2020-04-03 22:00:00+00:00,9.7075,12.9290,13.9372,28.2511,17.2262
2020-04-03 23:00:00+00:00,9.3678,10.3360,11.3628,24.5456,18.1610
2020-04-04 00:00:00+00:00,12.3589,11.5397,10.0729,31.6280,9.7643
2020-04-04 01:00:00+00:00,16.2440,19.1385,15.8194,48.1804,5.8151
2020-04-04 02:00:00+00:00,11.3406,13.4757,11.8235,32.8917,1.2333
2020-04-04 03:00:00+00:00,12.5278,15.2647,12.9309,40.6424,0.0000
2020-04-04 04:00:00+00:00,7.8981,9.6946,10.0110,23.7479,0.0000
2020-04-04 05:00:00+00:00,9.9964,8.9972,10.3837,21.3746,0.0000
2020-04-04 06:00:00+00:00,5.9842,7.2434,9.5379,12.5991,0.0000
2020-04-04 07:00:00+00:00,9.7054,14.6538,21.7935,18.8867,0.0000
2020-04-04 08:00:00+00:00,10.7706,21.1484,29.9278,26.4634,2.9829
2020-04-04 09:00:00+00:00,8.9931,19.9871,25.7887,25.2738,3.5307
2020-04-04 10:00:00+00:00,1.3324,3.7090,3.5652,6.8461,0.0000
2020-04-04 11:00:00+00:00,0.1689,2.3950,3.0677,3.3828,0.0000
2020-04-04 12:00:00+00:00,0.0000,0.0000,0.0000,0.0000,0.0000
2020-04-04 13:00:00+00:00,0.0000,0.0000,0.0000,0.0000,0.0000
2020-04-04 14:00:00+00:00,0.0000,0.0000,0.0000,0.0000,0.0000
2020-04-04 15:00:00+00:00,0.0000,0.0000,0.0000,0.0000,0.0000
2020-04-04 16:00:00+00:00,0.0000,0.0000,0.0000,0.0000,0.0000
2020-04-04 17:00:00+00:00,0.9973,1.3694,1.5449,2.9024,0.0000
2020-04-04 18:00:00+00:00,0.2000,0.1644,0.3878,0.6766,2.2396
2020-04-04 19:00:00+00:00,0.0000,0.0000,0.0000,0.0000,3.0358
2020-04-04 20:00:00+00:00,0.0000,0.0000,0.0000,0.0000,2.9273
2020-04-04 21:00:00+00:00,0.0000,0.0000,0.0000,0.0000,1.4892
2020-04-04 22:00:00+00:00,0.0000,0.0000,0.0000,0.0000,0.0000
2020-04-04 23:00:00+00:00,0.0000,0.0000,0.0000,0.0000,0.7360
2020-04-05 00:00:00+00:00,0.0000,0.0000,0.0000,0.0000,8.2109
2020-04-05 01:00:00+00:00,0.0000,0.0000,0.0000,0.0000,26.5841
2020-04-05 02:00:00+00:00,0.0000,0.0000,0.0000,0.0000,31.2761
2020-04-05 03:00:00+00:00,0.0000,0.0000,0.0000,0.0000,30.4729
2020-04-05 04:00:00+00:00,0.0000,0.0000,0.0000,0.0000,26.1194
2020-04-05 05:00:00+00:00,0.0000,0.0000,0.0000,0.0000,17.3108
2020-04-05 06:00:00+00:00,2.8779,1.3933,3.3204,0.0000,7.6468
2020-04-05 07:00:00+00:00,6.9053,7.9028,8.7630,9.6954,3.6218
2020-04-05 08:00:00+00:00,9.2752,10.1134,9.3544,25.4557,1.2661
2020-04-05 09:00:00+00:00,6.5982,6.4244,5.9452,17.9043,0.0000
2020-04-05 10:00:00+00:00,6.8262,5.6468,4.5685,19.3984,0.0000
2020-04-05 11:00:00+00:00,2.1166,2.3145,1.6120,7.4789,1.1745
2020-04-05 12:00:00+00:00,0.0000,0.0000,0.0000,0.4894,3.0272
2020-04-05 13:00:00+00:00,1.1353,0.0000,0.0000,1.1191,8.0003
2020-04-05 14:00:00+00:00,0.9218,1.4039,1.4444,0.7816,12.1809
2020-04-05 15:00:00+00:00,3.4751,3.4739,3.8282,5.7902,9.6357
2020-04-05 16:00:00+00:00,6.0120,5.6766,6.2593,10.2977,12.1804
2020-04-05 17:00:00+00:00,10.7790,9.6627,10.3890,21.3582,20.3852
2020-04-05 18:00:00+00:00,11.6515,14.3230,14.9568,28.7629,25.3216
2020-04-05 19:00:00+00:00,19.8579,20.8986,23.9708,43.1775,40.5748
2020-04-05 20:00:00+00:00,24.1867,23.9139,25.6505,53.4113,49.1417
2020-04-05 21:00:00+00:00,27.0242,27.6888,29.2290,64.9231,32.9699
2020-04-05 22:00:00+00:00,24.4136,30.5467,35.6757,68.3850,52.4361
2020-04-05 23:00:00+00:00,36.0521,37.9527,40.5629,89.2633,47.6128
2020-04-06 00:00:00+00:00,26.3269,26.3466,25.6883,69.4704,24.6186
2020-04-06 01:00:00+00:00,35.9802,35.5888,37.2819,84.4572,19.5061
2020-04-06 02:00:00+00:00,25.3664,27.5413,27.4136,69.9981,7.9941
2020-04-06 03:00:00+00:00,28.2623,28.1372,27.3074,75.9559,11.9770
2020-04-06 04:00:00+00:00,27.5091,26.8058,25.7391,75.2542,11.9075
2020-04-06 05:00:00+00:00,22.5552,19.6877,19.5590,57.9390,4.9129
2020-04-06 06:00:00+00:00,13.3437,10.1113,10.0849,34.3983,6.7112
2020-04-06 07:00:00+00:00,7.8399,5.3326,4.4656,22.2594,4.7569
2020-04-06 08:00:00+00:00,6.9500,5.0077,3.4913,21.6679,0.8988
2020-04-06 09:00:00+00:00,5.3876,3.8075,2.3892,18.3953,0.0000
2020-04-06 10:00:00+00:00,3.4822,4.1823,2.6363,13.7022,0.0000
2020-04-06 11:00:00+00:00,4.5484,5.6233,3.9208,17.5767,0.0000
2020-04-06 12:00:00+00:00,4.2618,5.1666,3.2989,18.0075,0.0000
2020-04-06 13:00:00+00:00,9.6856,11.8959,10.1310,31.9627,0.0000
2020-04-06 14:00:00+00:00,8.1671,10.0071,8.5205,25.7745,0.0000
2020-04-06 15:00:00+00:00,9.9598,12.7635,11.9145,29.8861,0.0000
2020-04-06 16:00:00+00:00,14.1978,18.8925,18.0982,41.2079,5.6192
2020-04-06 17:00:00+00:00,20.1566,28.2028,28.9850,57.7730,17.1523
2020-04-06 18:00:00+00:00,27.1360,34.2022,35.9833,72.0134,32.4162
2020-04-06 19:00:00+00:00,35.0478,45.3858,47.5719,90.1881,52.8593
2020-04-06 20:00:00+00:00,60.8156,67.5500,75.3551,139.7693,57.8667
2020-04-06 21:00:00+00:00,55.0485,61.3266,63.5376,139.2802,50.3079
2020-04-06 22:00:00+00:00,32.0442,38.1091,34.6240,89.8012,42.7598
2020-04-06 23:00:00+00:00,39.1932,56.2785,56.8173,121.6591,50.1195
2020-04-07 00:00:00+00:00,8.0064,16.1896,9.5141,42.5767,60.7608
2020-04-07 01:00:00+00:00,43.4955,59.1577,58.3762,94.2943,76.0056
2020-04-07 02:00:00+00:00,58.8433,75.1520,74.1456,171.8107,76.8982
2020-04-07 03:00:00+00:00,55.8491,69.7033,72.8473,155.6214,78.7235
2020-04-07 04:00:00+00:00,42.3839,48.1892,51.2606,108.6554,79.9000
2020-04-07 05:00:00+00:00,31.4856,35.9957,37.3955,85.0384,79.9000
2020-04-07 06:00:00+00:00,29.8116,32.9942,31.4474,88.4934,77.0332
2020-04-07 07:00:00+00:00,17.5430,17.7923,16.2417,53.2740,56.5301
2020-04-07 08:00:00+00:00,13.2895,12.3883,11.0454,39.8123,35.6558
2020-04-07 09:00:00+00:00,8.0598,7.6531,6.9963,23.2577,13.9583
2020-04-07 10:00:00+00:00,4.7718,5.9474,5.3604,15.2574,9.2215
2020-04-07 11:00:00+00:00,10.0185,10.7756,9.8630,26.6163,2.4855
2020-04-07 12:00:00+00:00,14.6300,12.1216,9.8734,34.3975,3.4590
2020-04-07 13:00:00+00:00,11.8759,11.8538,11.3023,30.5940,5.2072
2020-04-07 14:00:00+00:00,14.4067,15.9576,17.1514,34.4758,8.4781
2020-04-07 15:00:00+00:00,15.4250,18.0534,19.7353,36.5601,8.1986
2020-04-07 16:00:00+00:00,22.0611,25.3356,27.5435,51.6366,18.4492
2020-04-07 17:00:00+00:00,37.1136,37.6020,39.2796,83.7786,25.6240
2020-04-07 18:00:00+00:00,16.3548,14.2216,21.5547,31.5456,15.1987
2020-04-07 19:00:00+00:00,17.6252,18.7025,22.6267,37.3098,16.3042
2020-04-07 20:00:00+00:00,24.7044,26.6941,27.1823,57.8558,13.7051
2020-04-07 21:00:00+00:00,21.1629,28.4274,28.3409,58.1319,7.4510
2020-04-07 22:00:00+00:00,19.4646,25.7385,25.7432,56.7651,6.2571
2020-04-07 23:00:00+00:00,13.1739,17.8628,17.5887,38.5995,0.0000
2020-04-08 00:00:00+00:00,4.7744,5.7191,5.7191,14.2464,0.0000
2020-04-08 01:00:00+00:00,5.1829,5.5741,5.6261,16.2395,6.2983
2020-04-08 02:00:00+00:00,1.0166,1.5734,0.2426,4.5005,0.0000
2020-04-08 03:00:00+00:00,0.0000,0.0000,0.0000,0.0000,4.1822
2020-04-08 04:00:00+00:00,0.0000,0.0000,0.0000,0.0000,0.0000
2020-04-08 05:00:00+00:00,0.0000,0.0000,0.0000,0.0000,0.1411
2020-04-08 06:00:00+00:00,0.0000,0.0000,0.0000,0.0000,3.9018
2020-04-08 07:00:00+00:00,0.0000,0.0000,1.1101,0.0000,4.3984
2020-04-08 08:00:00+00:00,0.0000,2.0720,2.7707,0.0000,4.6650
2020-04-08 09:00:00+00:00,1.8412,8.1446,8.3071,12.6134,5.1566
2020-04-08 10:00:00+00:00,9.0311,20.5655,28.1844,31.1491,0.0000
2020-04-08 11:00:00+00:00,9.5438,17.1176,26.1914,24.4612,0.0000
2020-04-08 12:00:00+00:00,4.5742,8.0369,13.1760,8.4230,0.0000
2020-04-08 13:00:00+00:00,2.6145,4.5590,6.9452,4.8053,0.0000
2020-04-08 14:00:00+00:00,0.3995,0.5385,1.4158,0.0000,0.0000
2020-04-08 15:00:00+00:00,0.0000,0.0000,0.0000,0.0000,0.0000
2020-04-08 16:00:00+00:00,0.0000,0.0000,0.0000,0.0000,0.0000
2020-04-08 17:00:00+00:00,0.0000,0.0000,0.0000,0.0000,0.0000
2020-04-08 18:00:00+00:00,0.0000,0.0000,0.0000,0.0000,4.3903
2020-04-08 19:00:00+00:00,0.0000,0.0000,0.0000,0.0000,14.7668
2020-04-08 20:00:00+00:00,0.0000,0.0000,0.0000,0.0000,29.7466
2020-04-08 21:00:00+00:00,0.0000,0.0000,0.0000,0.0000,35.3275
2020-04-08 22:00:00+00:00,0.0000,0.0000,0.0000,0.0000,12.5791
2020-04-08 23:00:00+00:00,0.0000,0.0000,0.0000,0.0000,12.9734
2020-04-09 00:00:00+00:00,0.0000,0.0000,0.0000,0.0000,18.8876
2020-04-09 01:00:00+00:00,0.0000,0.0000,0.0000,0.0000,8.2106
2020-04-09 02:00:00+00:00,0.0000,0.0000,0.0000,0.0000,11.3747
2020-04-09 03:00:00+00:00,1.2151,0.0000,0.0000,0.0000,10.4707
2020-04-09 04:00:00+00:00,0.4697,0.0000,0.0000,0.0000,13.5777
2020-04-09 05:00:00+00:00,1.0221,0.0000,0.0000,0.0000,2.6464
2020-04-09 06:00:00+00:00,0.3042,0.0000,0.0000,0.0000,4.3969
2020-04-09 07:00:00+00:00,0.5092,0.0000,0.0000,0.0000,18.3450
2020-04-09 08:00:00+00:00,2.8994,0.0000,1.0998,0.0000,21.9208
2020-04-09 09:00:00+00:00,0.8221,0.0000,0.0000,0.0000,14.7656
2020-04-09 10:00:00+00:00,7.0429,1.6974,5.3276,0.0000,17.7334
2020-04-09 11:00:00+00:00,3.7460,5.7112,9.0785,5.7539,37.1569
2020-04-09 12:00:00+00:00,7.4644,8.2820,10.8442,14.1520,30.0940
2020-04-09 13:00:00+00:00,2.8339,1.8641,3.6439,3.5586,24.0662
2020-04-09 14:00:00+00:00,9.8503,6.6701,8.9302,18.9451,30.6648
2020-04-09 15:00:00+00:00,13.8146,12.9396,19.4737,23.3983,76.9031
2020-04-09 16:00:00+00:00,9.5428,15.7499,15.8568,39.8891,79.9000
2020-04-09 17:00:00+00:00,8.6586,25.6821,20.6062,49.7756,75.8633
2020-04-09 18:00:00+00:00,2.2491,3.2572,13.1903,4.0713,79.9000
2020-04-09 19:00:00+00:00,79.0231,98.1851,104.0089,200.5637,77.8463
2020-04-09 20:00:00+00:00,77.2043,79.5168,77.9119,204.4221,79.9000
2020-04-09 21:00:00+00:00,81.0000,100.0088,105.4575,215.2000,79.9000
2020-04-09 22:00:00+00:00,80.5145,96.3539,99.7053,214.0028,79.9000
2020-04-09 23:00:00+00:00,37.1706,35.5357,31.0415,109.8936,79.9000
2020-04-10 00:00:00+00:00,24.2641,28.6216,25.2645,79.0260,79.0519
2020-04-10 01:00:00+00:00,53.4015,54.2284,68.6091,109.7830,79.9000
2020-04-10 02:00:00+00:00,77.9888,95.1689,101.3426,205.4871,79.9000
2020-04-10 03:00:00+00:00,80.0111,98.0198,104.3124,210.8160,79.9000
2020-04-10 04:00:00+00:00,80.0372,97.8142,103.8609,210.2525,79.9000
2020-04-10 05:00:00+00:00,78.9524,95.2816,100.8150,207.5607,79.9000
2020-04-10 06:00:00+00:00,78.7886,95.8306,101.2368,208.0982,79.9000
2020-04-10 07:00:00+00:00,80.7981,98.1913,103.6762,213.1041,79.9000
2020-04-10 08:00:00+00:00,81.0000,98.3338,104.1409,213.0286,79.9000
2020-04-10 09:00:00+00:00,80.3466,98.3838,103.6017,212.8848,79.9000
2020-04-10 10:00:00+00:00,77.6686,94.6043,97.4048,206.0932,79.9000
2020-04-10 11:00:00+00:00,76.5615,82.9869,88.0296,189.5110,79.8955
2020-04-10 12:00:00+00:00,59.1868,62.7742,66.8789,142.2730,79.6453
2020-04-10 13:00:00+00:00,54.4811,50.8538,55.6934,125.8017,79.9000
2020-04-10 14:00:00+00:00,53.2873,49.6202,61.7091,109.0867,79.9000
2020-04-10 15:00:00+00:00,34.4685,38.2137,44.5997,75.5214,78.5596
2020-04-10 16:00:00+00:00,16.6748,17.6548,21.2764,40.5767,79.4520
2020-04-10 17:00:00+00:00,40.5855,44.1284,42.6459,95.2142,79.9000
2020-04-10 18:00:00+00:00,43.6747,47.1135,46.2723,110.3558,77.8036
2020-04-10 19:00:00+00:00,42.7260,63.4394,78.3558,102.9545,79.9000
2020-04-10 20:00:00+00:00,50.9707,69.3396,88.6256,105.9745,79.4227
2020-04-10 21:00:00+00:00,66.6027,74.5526,80.9494,163.8878,75.7339
2020-04-10 22:00:00+00:00,58.2184,70.9422,77.9010,155.1154,71.1363
2020-04-10 23:00:00+00:00,31.2013,41.1104,44.6351,79.9290,60.3385
2020-04-11 00:00:00+00:00,27.7845,36.4188,46.0382,65.8250,44.8889
2020-04-11 01:00:00+00:00,69.4752,80.1117,94.2674,162.7935,49.6335
2020-04-11 02:00:00+00:00,55.8980,54.0364,61.4266,131.4995,71.2229
2020-04-11 03:00:00+00:00,72.5255,75.2342,79.1862,187.5233,34.0331
2020-04-11 04:00:00+00:00,69.0922,64.5471,72.1052,166.8736,75.7278
2020-04-11 05:00:00+00:00,60.5632,62.0952,67.3732,148.5403,76.3668
2020-04-11 06:00:00+00:00,74.8657,74.5543,77.9340,191.1299,73.5012
2020-04-11 07:00:00+00:00,65.3147,65.4530,67.5685,169.0684,69.6872
2020-04-11 08:00:00+00:00,67.2576,69.0472,71.3124,171.3095,53.3398
2020-04-11 09:00:00+00:00,51.4506,55.8911,56.8583,134.7691,41.3957
2020-04-11 10:00:00+00:00,51.1834,57.8302,58.6173,139.1197,47.4231
2020-04-11 11:00:00+00:00,46.6837,54.1972,57.3223,122.3880,39.2873
2020-04-11 12:00:00+00:00,53.7984,63.1519,65.1269,142.9013,40.9622
2020-04-11 13:00:00+00:00,57.5630,64.8842,67.3177,147.2966,36.1519
2020-04-11 14:00:00+00:00,49.5501,55.7003,58.7755,124.7190,39.2723
2020-04-11 15:00:00+00:00,65.3583,77.3181,82.3775,165.3640,31.7167
2020-04-11 16:00:00+00:00,58.0978,66.0085,70.5431,145.2319,63.2662
2020-04-11 17:00:00+00:00,58.9656,69.5965,74.7001,151.3634,79.5506
2020-04-11 18:00:00+00:00,58.5400,69.0085,74.6033,150.4556,79.9000
2020-04-11 19:00:00+00:00,63.9119,76.4735,79.9833,163.2770,79.9000
2020-04-11 20:00:00+00:00,74.4974,93.5311,95.6675,198.5275,79.9000
2020-04-11 21:00:00+00:00,68.2753,89.4013,94.6900,189.7762,77.0343
2020-04-11 22:00:00+00:00,66.4552,83.7445,87.7911,175.0326,76.4692
2020-04-11 23:00:00+00:00,61.3456,77.6647,81.3280,160.5497,75.9994
2020-04-12 00:00:00+00:00,39.8342,41.0695,39.9253,101.5957,75.6816
2020-04-12 01:00:00+00:00,11.5142,15.1140,9.7931,49.9228,77.0098
2020-04-12 02:00:00+00:00,26.9300,35.4182,33.7874,82.7282,77.0325
2020-04-12 03:00:00+00:00,44.1583,57.7388,62.0934,117.1369,74.0938
2020-04-12 04:00:00+00:00,53.0458,73.7962,75.7181,148.6312,59.6169
2020-04-12 05:00:00+00:00,52.3370,71.4675,70.4227,151.7294,46.1268
2020-04-12 06:00:00+00:00,43.8011,55.0159,54.5714,125.1449,46.2069
2020-04-12 07:00:00+00:00,35.3953,47.7647,46.4945,104.9357,31.6482
2020-04-12 08:00:00+00:00,27.8011,38.2050,36.1754,90.1538,27.6764
2020-04-12 09:00:00+00:00,19.5941,31.7086,28.5886,71.9200,40.6780
2020-04-12 10:00:00+00:00,19.5897,33.5883,29.6221,65.5230,68.6171
2020-04-12 11:00:00+00:00,16.9645,27.3885,23.7894,52.8751,75.8192
2020-04-12 12:00:00+00:00,16.5699,15.6603,13.8722,32.6008,56.7475
2020-04-12 13:00:00+00:00,26.0096,26.8467,30.8984,55.5738,52.9284
2020-04-12 14:00:00+00:00,28.1224,30.5378,35.6994,58.5813,54.0004
2020-04-12 15:00:00+00:00,20.3044,23.0832,25.4436,44.1740,49.3029
2020-04-12 16:00:00+00:00,27.1899,28.8342,32.2760,57.1392,60.2791
2020-04-12 17:00:00+00:00,22.9344,26.9130,29.3307,54.0115,47.5728
2020-04-12 18:00:00+00:00,20.3723,25.7965,26.3923,51.0175,31.5291
2020-04-12 19:00:00+00:00,22.2112,26.2632,28.2376,54.3498,34.5415
2020-04-12 20:00:00+00:00,15.0251,16.5628,18.7892,33.9797,38.0121
2020-04-12 21:00:00+00:00,10.2596,11.2260,13.0895,21.9848,52.5450
2020-04-12 22:00:00+00:00,2.6290,3.1634,4.0429,4.6397,21.0074
2020-04-12 23:00:00+00:00,3.2464,4.5608,5.1059,9.4684,18.7272
2020-04-13 00:00:00+00:00,17.7543,11.7844,16.1442,26.0814,38.2064
2020-04-13 01:00:00+00:00,46.8098,53.8645,61.5327,78.3251,74.7082
2020-04-13 02:00:00+00:00,44.7728,50.9174,50.0327,88.8300,76.2942
2020-04-13 03:00:00+00:00,71.0046,89.3534,83.2160,143.1756,75.8291
2020-04-13 04:00:00+00:00,77.9020,96.3174,93.9827,165.3616,76.6476
2020-04-13 05:00:00+00:00,79.6752,98.1724,100.2689,208.0987,77.5006
2020-04-13 06:00:00+00:00,79.1587,97.4078,94.4836,204.4944,77.9404
2020-04-13 07:00:00+00:00,77.0062,95.5216,90.0177,136.2905,77.4200
2020-04-13 08:00:00+00:00,76.7927,95.8115,101.2056,137.1294,79.8385
2020-04-13 09:00:00+00:00,61.2059,79.8069,86.4581,134.4550,78.8588
2020-04-13 10:00:00+00:00,71.5563,98.1835,105.0346,202.0859,79.9000
2020-04-13 11:00:00+00:00,77.9614,96.6663,104.8701,189.9283,79.9000
2020-04-13 12:00:00+00:00,74.8657,95.2076,102.9885,159.5709,79.9000
2020-04-13 13:00:00+00:00,81.0000,100.5000,106.5000,215.2000,79.9000
2020-04-13 14:00:00+00:00,81.0000,100.5000,106.5000,215.2000,79.9000
2020-04-13 15:00:00+00:00,81.0000,100.5000,106.5000,215.2000,79.9000
2020-04-13 16:00:00+00:00,81.0000,100.5000,106.5000,215.2000,79.9000
2020-04-13 17:00:00+00:00,81.0000,100.5000,106.5000,215.2000,79.9000
2020-04-13 18:00:00+00:00,79.7177,99.9984,105.4670,211.7387,78.2309
2020-04-13 19:00:00+00:00,77.5960,96.7595,101.3005,206.7251,72.8898
2020-04-13 20:00:00+00:00,71.3626,88.8480,99.2928,165.0502,73.7870
2020-04-13 21:00:00+00:00,79.6450,95.8252,101.8097,208.1718,79.9000
2020-04-13 22:00:00+00:00,53.8329,44.6788,51.1650,95.4122,79.9000
2020-04-13 23:00:00+00:00,81.0000,100.5000,106.5000,215.2000,79.9000
2020-04-14 00:00:00+00:00,81.0000,100.5000,106.5000,215.2000,79.9000
2020-04-14 01:00:00+00:00,81.0000,100.5000,106.5000,215.2000,79.9000
2020-04-14 02:00:00+00:00,81.0000,100.5000,106.5000,215.2000,79.9000
2020-04-14 03:00:00+00:00,81.0000,100.5000,106.5000,215.2000,79.9000
2020-04-14 04:00:00+00:00,81.0000,100.5000,106.5000,215.2000,79.9000
2020-04-14 05:00:00+00:00,81.0000,100.5000,106.5000,215.2000,79.9000
2020-04-14 06:00:00+00:00,81.0000,100.5000,106.5000,215.2000,76.1779
2020-04-14 07:00:00+00:00,81.0000,100.5000,106.5000,215.2000,55.2373
2020-04-14 08:00:00+00:00,81.0000,100.5000,106.5000,215.2000,76.9995
2020-04-14 09:00:00+00:00,81.0000,100.5000,106.5000,215.2000,77.4138
2020-04-14 10:00:00+00:00,81.0000,100.5000,106.5000,215.2000,77.9206
2020-04-14 11:00:00+00:00,80.9966,100.5000,106.5000,213.0724,63.0214
2020-04-14 12:00:00+00:00,77.8490,97.2321,104.2779,205.7705,75.9825
2020-04-14 13:00:00+00:00,77.1271,96.9806,103.5562,206.1777,78.3665
2020-04-14 14:00:00+00:00,76.7336,96.0540,102.4600,204.3067,77.9289
2020-04-14 15:00:00+00:00,66.9787,86.1236,94.9162,178.4176,75.5703
2020-04-14 16:00:00+00:00,58.5150,74.1307,81.8297,154.2648,62.9008
2020-04-14 17:00:00+00:00,67.4628,82.7734,92.0850,167.9066,69.2961
2020-04-14 18:00:00+00:00,54.3886,77.4169,85.0238,149.5208,48.8705
2020-04-14 19:00:00+00:00,56.9446,77.2770,87.7922,144.8383,43.6878
2020-04-14 20:00:00+00:00,42.3805,55.7788,62.8390,119.1904,35.8634
2020-04-14 21:00:00+00:00,28.5069,39.1319,36.1796,88.2752,33.5666
2020-04-14 22:00:00+00:00,35.7500,49.2985,52.2829,96.5584,22.4110
2020-04-14 23:00:00+00:00,33.6366,46.3053,49.5439,91.6799,19.1809
2020-04-15 00:00:00+00:00,22.6842,33.8689,34.7417,67.0790,6.4656
2020-04-15 01:00:00+00:00,16.6262,22.9022,21.8758,53.8415,13.5027
2020-04-15 02:00:00+00:00,18.5229,23.8690,26.5037,56.6514,44.0858
2020-04-15 03:00:00+00:00,36.1047,43.4479,50.5968,99.0918,77.2889
2020-04-15 04:00:00+00:00,44.3674,55.1844,67.5277,109.2252,75.5596
2020-04-15 05:00:00+00:00,47.7609,60.4447,68.8478,113.0309,59.3968
2020-04-15 06:00:00+00:00,56.0301,68.4086,72.3034,148.1410,46.4244
2020-04-15 07:00:00+00:00,55.2398,64.5848,72.8883,143.4737,45.6823
2020-04-15 08:00:00+00:00,51.2239,63.8463,69.0492,138.7621,19.9800
2020-04-15 09:00:00+00:00,55.7172,71.1263,74.4225,158.5102,20.1523
2020-04-15 10:00:00+00:00,44.9376,58.3133,59.4971,135.5441,14.6413
2020-04-15 11:00:00+00:00,38.5874,50.1991,49.0804,118.3307,11.6371
2020-04-15 12:00:00+00:00,34.5765,44.5043,43.0042,99.0284,9.2646
2020-04-15 13:00:00+00:00,39.9645,51.3261,51.1579,106.9660,15.4234
2020-04-15 14:00:00+00:00,42.0230,54.7825,54.8873,111.1137,18.1671
2020-04-15 15:00:00+00:00,47.2105,60.9901,61.3695,128.4998,25.2159
2020-04-15 16:00:00+00:00,47.0064,63.5296,65.7921,125.4975,30.2334
2020-04-15 17:00:00+00:00,41.6660,53.6261,65.5238,94.8391,57.6096
2020-04-15 18:00:00+00:00,42.1953,58.8281,47.4208,152.2328,18.5678
2020-04-15 19:00:00+00:00,61.9415,59.1203,66.2237,138.1687,57.6061
2020-04-15 20:00:00+00:00,55.6759,62.1264,101.1584,141.4283,77.0444
2020-04-15 21:00:00+00:00,28.1624,36.0924,37.6242,79.6597,76.5087
2020-04-15 22:00:00+00:00,16.2751,25.0240,23.8612,46.5714,75.7796
2020-04-15 23:00:00+00:00,16.6278,16.8886,21.7901,42.4991,70.4660
2020-04-16 00:00:00+00:00,9.1460,11.1148,11.4034,24.5162,39.8844
2020-04-16 01:00:00+00:00,9.0632,9.2467,9.5752,23.3691,30.4742
2020-04-16 02:00:00+00:00,9.9604,12.5668,9.0071,38.0892,24.4492
2020-04-16 03:00:00+00:00,13.8755,16.1547,17.5691,43.9663,13.9987
2020-04-16 04:00:00+00:00,14.1040,14.1337,14.1185,40.1343,15.8214
2020-04-16 05:00:00+00:00,8.5701,10.7946,9.4487,29.2137,19.0294
2020-04-16 06:00:00+00:00,8.7976,9.2392,7.9309,25.7184,22.0722
2020-04-16 07:00:00+00:00,9.3772,11.8133,10.7777,30.2130,23.8914
2020-04-16 08:00:00+00:00,8.8028,11.3518,10.4363,28.4705,25.1092
2020-04-16 09:00:00+00:00,8.9856,9.3193,8.2195,25.9217,22.7669
2020-04-16 10:00:00+00:00,9.7284,6.4048,5.7870,23.7104,19.4366
2020-04-16 11:00:00+00:00,15.9406,12.8488,12.2870,39.5480,20.9986
2020-04-16 12:00:00+00:00,14.3240,16.5253,15.6394,41.0564,24.8934
2020-04-16 13:00:00+00:00,17.6824,21.7151,21.0737,50.2185,39.0012
2020-04-16 14:00:00+00:00,17.2352,24.7141,25.2056,49.7714,37.7491
2020-04-16 15:00:00+00:00,26.6790,36.2768,36.9757,73.1936,48.5297
2020-04-16 16:00:00+00:00,36.1310,44.6504,42.9401,104.0402,58.6199
2020-04-16 17:00:00+00:00,37.3173,55.2332,48.5282,116.6081,77.2692
2020-04-16 18:00:00+00:00,80.8490,100.5000,104.6295,210.2641,78.7487
2020-04-16 19:00:00+00:00,31.7531,34.3297,35.7580,80.9744,76.6532
2020-04-16 20:00:00+00:00,35.9914,53.3185,58.3213,72.5008,76.0402
2020-04-16 21:00:00+00:00,34.9213,33.7878,41.6232,86.9886,75.7452
2020-04-16 22:00:00+00:00,78.7484,96.1597,102.4106,206.4815,79.7993
2020-04-16 23:00:00+00:00,67.3009,78.1098,93.5552,159.1411,79.9000
2020-04-17 00:00:00+00:00,47.2656,63.6552,46.9015,184.3895,71.4834
2020-04-17 01:00:00+00:00,32.3103,39.8485,40.9899,88.8439,76.0462
2020-04-17 02:00:00+00:00,45.5061,58.0102,58.4008,128.1543,74.8982
2020-04-17 03:00:00+00:00,66.2224,82.0560,82.8004,187.9314,50.5815
2020-04-17 04:00:00+00:00,58.2152,72.7534,73.4610,163.7670,21.3811
2020-04-17 05:00:00+00:00,50.3684,64.7583,63.1687,148.6581,34.0777
2020-04-17 06:00:00+00:00,41.9088,56.0157,52.7565,131.1346,34.2314
2020-04-17 07:00:00+00:00,51.4375,67.8708,64.0388,156.0610,34.7769
2020-04-17 08:00:00+00:00,40.0289,52.6043,49.6401,121.7359,36.4244
2020-04-17 09:00:00+00:00,25.6823,36.7866,33.6326,82.8317,39.7750
2020-04-17 10:00:00+00:00,18.8102,27.3838,25.0443,60.3997,37.9971
2020-04-17 11:00:00+00:00,20.6560,31.1350,28.5939,66.3607,37.9754
2020-04-17 12:00:00+00:00,26.4620,34.8998,35.8281,72.4810,34.3211
2020-04-17 13:00:00+00:00,31.0681,41.6246,43.4559,83.6826,55.4610
2020-04-17 14:00:00+00:00,34.9647,44.5085,46.4148,88.4443,57.6053
2020-04-17 15:00:00+00:00,28.9265,35.3580,36.8708,72.2745,58.4315
2020-04-17 16:00:00+00:00,33.5540,35.8973,42.7230,76.9270,40.8954
2020-04-17 17:00:00+00:00,43.8596,55.5540,59.6578,114.5317,76.2857
2020-04-17 18:00:00+00:00,50.8880,69.8013,73.2073,131.1593,75.7144
2020-04-17 19:00:00+00:00,53.1515,73.3450,65.8833,156.6361,57.6554
2020-04-17 20:00:00+00:00,26.3661,29.8624,29.2543,69.5295,39.1375
2020-04-17 21:00:00+00:00,11.7154,23.5588,19.8711,44.2113,23.4600
2020-04-17 22:00:00+00:00,13.9963,15.6725,20.0152,27.0222,10.7279
2020-04-17 23:00:00+00:00,13.3799,19.3572,19.5588,20.1704,3.5250
2020-04-18 00:00:00+00:00,10.0479,14.3281,17.9253,8.5745,0.0000
2020-04-18 01:00:00+00:00,2.1729,2.2801,2.3604,0.7019,0.0000
2020-04-18 02:00:00+00:00,0.2141,0.0000,0.0000,0.0000,3.4481
2020-04-18 03:00:00+00:00,0.0000,0.0000,0.0000,0.0000,2.2536
2020-04-18 04:00:00+00:00,0.0000,0.0000,0.0000,0.0000,0.0000
2020-04-18 05:00:00+00:00,0.0000,0.0000,0.0000,0.0000,0.0000
2020-04-18 06:00:00+00:00,0.0000,0.0000,0.0000,0.0000,0.0000
2020-04-18 07:00:00+00:00,0.0000,0.0000,0.0000,0.0000,0.0000
2020-04-18 08:00:00+00:00,0.0000,0.0000,0.0000,0.0000,0.0000
2020-04-18 09:00:00+00:00,0.0000,0.0548,0.0761,0.0000,0.0000
2020-04-18 10:00:00+00:00,0.0000,0.0000,0.0000,0.0000,0.0334
2020-04-18 11:00:00+00:00,0.0000,0.0000,0.0000,0.0000,3.2247
2020-04-18 12:00:00+00:00,0.0000,0.0000,0.0000,0.0000,0.0000
2020-04-18 13:00:00+00:00,0.0000,0.0000,0.0000,0.0000,0.0000
2020-04-18 14:00:00+00:00,0.0000,0.0000,0.0000,0.0000,2.1980
2020-04-18 15:00:00+00:00,0.0000,0.0000,0.0000,0.0000,0.0000
2020-04-18 16:00:00+00:00,0.0000,0.0000,0.0000,0.0000,0.0000
2020-04-18 17:00:00+00:00,0.0000,0.0000,0.0000,0.0000,5.3569
2020-04-18 18:00:00+00:00,0.0000,2.6983,3.4855,0.0000,14.1542
2020-04-18 19:00:00+00:00,2.4559,5.6170,7.0510,6.7531,31.7767
2020-04-18 20:00:00+00:00,4.9072,9.4747,10.5608,14.7418,61.1139
2020-04-18 21:00:00+00:00,7.5908,11.4839,13.2085,21.7365,56.4282
2020-04-18 22:00:00+00:00,8.8002,11.0887,12.6619,21.3043,49.9085
2020-04-18 23:00:00+00:00,13.9027,18.7686,20.8814,38.0912,63.0062
2020-04-19 00:00:00+00:00,14.4092,20.6326,22.1391,41.3315,44.5342
2020-04-19 01:00:00+00:00,34.4273,44.4937,45.7294,95.8502,58.0644
2020-04-19 02:00:00+00:00,41.1384,50.6476,51.1550,109.8126,72.8532
2020-04-19 03:00:00+00:00,48.8290,57.4091,57.8290,128.6382,76.0017
2020-04-19 04:00:00+00:00,53.8207,60.7030,60.7150,142.1426,76.7264
2020-04-19 05:00:00+00:00,64.0987,73.0813,73.2972,168.8189,76.1976
2020-04-19 06:00:00+00:00,60.0990,69.1546,70.0292,157.2392,75.9164
2020-04-19 07:00:00+00:00,76.5481,88.2601,87.7863,200.3595,76.4942
2020-04-19 08:00:00+00:00,77.3036,95.1788,97.5274,205.2666,78.2828
2020-04-19 09:00:00+00:00,77.3277,95.9531,101.1581,206.2575,78.9568
2020-04-19 10:00:00+00:00,77.1767,95.8285,101.3952,204.8457,77.8226
2020-04-19 11:00:00+00:00,76.9131,94.8258,99.9062,198.6146,78.7463
2020-04-19 12:00:00+00:00,62.0040,67.7970,73.4652,139.7098,77.9363
2020-04-19 13:00:00+00:00,68.9823,80.0201,80.5314,180.4966,79.9000
2020-04-19 14:00:00+00:00,56.8538,69.7738,72.3487,149.7040,78.4621
2020-04-19 15:00:00+00:00,58.8758,76.9683,83.1125,158.6994,77.5045
2020-04-19 16:00:00+00:00,43.2320,56.4956,63.4433,112.9405,77.3380
2020-04-19 17:00:00+00:00,49.0231,63.4647,72.9798,121.9030,77.2202
2020-04-19 18:00:00+00:00,72.7725,92.4513,100.7006,170.6001,76.8439
2020-04-19 19:00:00+00:00,53.7963,64.3209,68.0794,136.7536,76.5591
2020-04-19 20:00:00+00:00,77.3650,94.4919,98.7145,203.8323,79.6636
2020-04-19 21:00:00+00:00,68.3348,82.1098,87.2346,190.2252,79.9000
2020-04-19 22:00:00+00:00,76.8488,82.4127,90.7247,188.5294,79.9000
2020-04-19 23:00:00+00:00,78.6699,95.9116,101.4659,207.1206,78.5873
2020-04-20 00:00:00+00:00,77.7429,92.0278,97.1972,205.0727,79.9000
2020-04-20 01:00:00+00:00,78.9969,98.1146,103.0398,211.1279,79.1394
2020-04-20 02:00:00+00:00,69.4703,73.3883,79.1084,170.4630,73.1957
2020-04-20 03:00:00+00:00,80.7177,98.4679,104.2699,212.9563,70.6243
2020-04-20 04:00:00+00:00,81.0000,98.7624,104.1328,214.6802,67.4406
2020-04-20 05:00:00+00:00,78.3180,95.4038,100.8836,205.8627,65.6002
2020-04-20 06:00:00+00:00,53.2282,61.8531,67.1999,130.6484,32.2255
2020-04-20 07:00:00+00:00,16.0083,17.4329,17.7750,43.7647,11.5689
2020-04-20 08:00:00+00:00,9.6652,9.2187,8.9347,26.5361,5.5059
2020-04-20 09:00:00+00:00,8.8869,8.6281,8.3517,23.8981,2.4956
2020-04-20 10:00:00+00:00,4.8786,5.0116,4.5795,13.9229,2.7417
2020-04-20 11:00:00+00:00,3.5250,3.5571,3.5101,10.1882,2.2791
2020-04-20 12:00:00+00:00,2.7980,3.1683,3.4626,7.7428,5.2261
2020-04-20 13:00:00+00:00,0.0000,0.0000,0.0000,0.0000,5.7099
2020-04-20 14:00:00+00:00,0.0000,0.0000,0.0000,0.0000,4.5684
2020-04-20 15:00:00+00:00,0.0000,0.0000,0.0000,0.0000,0.0000
2020-04-20 16:00:00+00:00,0.0000,0.0000,0.0000,0.0000,0.0000
2020-04-20 17:00:00+00:00,0.0000,0.0000,0.0000,0.0000,0.0000
2020-04-20 18:00:00+00:00,0.0000,0.0000,0.0000,0.0000,0.0000
2020-04-20 19:00:00+00:00,0.0000,0.0000,0.0000,0.0000,0.0000
2020-04-20 20:00:00+00:00,0.0000,0.0000,0.0000,0.0000,0.0000
2020-04-20 21:00:00+00:00,0.0000,0.0000,0.0000,0.0000,0.0000
2020-04-20 22:00:00+00:00,0.0000,0.0000,0.0000,0.0000,0.0000
2020-04-20 23:00:00+00:00,0.0000,0.0000,0.0000,0.0000,1.2910
2020-04-21 00:00:00+00:00,0.0000,0.0000,0.0000,0.0000,4.3666
2020-04-21 01:00:00+00:00,0.0000,0.0000,0.0000,0.0000,2.5457
2020-04-21 02:00:00+00:00,0.0000,0.0000,0.1713,0.0000,13.9896
2020-04-21 03:00:00+00:00,1.8693,1.9276,3.5025,0.7961,17.2959
2020-04-21 04:00:00+00:00,6.9018,7.3208,8.9082,10.5533,21.6651
2020-04-21 05:00:00+00:00,7.4351,8.0138,8.7140,14.9882,28.1950
2020-04-21 06:00:00+00:00,7.0447,7.3130,9.0659,14.2625,54.0711
2020-04-21 07:00:00+00:00,20.6763,17.4308,23.1433,28.2102,42.9329
2020-04-21 08:00:00+00:00,65.3279,59.7226,64.6520,87.5431,57.6693
2020-04-21 09:00:00+00:00,70.2415,85.1438,73.1016,158.3823,68.9987
2020-04-21 10:00:00+00:00,78.0760,94.7573,86.4918,172.8330,76.5756
2020-04-21 11:00:00+00:00,81.0000,99.0754,101.9919,198.3904,78.6677
2020-04-21 12:00:00+00:00,81.0000,100.5000,104.3494,212.0054,79.9000
2020-04-21 13:00:00+00:00,77.1928,98.0166,101.7321,205.2080,79.9000
2020-04-21 14:00:00+00:00,60.7443,66.1265,85.7948,137.4055,79.9000
2020-04-21 15:00:00+00:00,77.1374,90.9940,101.0476,198.8317,79.9000
2020-04-21 16:00:00+00:00,79.1183,98.5628,105.5290,209.0691,79.9000
2020-04-21 17:00:00+00:00,81.0000,100.5000,106.5000,215.2000,79.9000
2020-04-21 18:00:00+00:00,77.4151,96.8727,103.6768,204.4820,79.9000
2020-04-21 19:00:00+00:00,76.9431,93.3881,102.6863,205.3033,79.9000
2020-04-21 20:00:00+00:00,44.7027,54.2524,65.7291,106.1780,79.9000
2020-04-21 21:00:00+00:00,81.0000,100.5000,106.5000,215.2000,79.9000
2020-04-21 22:00:00+00:00,80.3270,100.5000,106.3065,214.2498,79.9000
2020-04-21 23:00:00+00:00,77.0273,96.5930,102.0182,206.1586,79.9000
2020-04-22 00:00:00+00:00,62.4583,85.1527,79.2897,181.5585,79.9000
2020-04-22 01:00:00+00:00,55.8429,56.5443,59.6500,128.1401,79.9000
2020-04-22 02:00:00+00:00,60.4238,76.0192,80.7019,160.7933,79.9000
2020-04-22 03:00:00+00:00,77.5479,91.0586,93.6135,205.3301,79.9000
2020-04-22 04:00:00+00:00,78.0031,95.4045,101.1843,205.7907,79.9000
2020-04-22 05:00:00+00:00,77.5327,95.2823,100.7714,205.3801,79.9000
2020-04-22 06:00:00+00:00,78.5940,96.6531,102.1715,208.3296,79.9000
2020-04-22 07:00:00+00:00,79.8575,98.7417,103.9775,212.4382,79.9000
2020-04-22 08:00:00+00:00,81.0000,100.5000,106.5000,215.2000,79.9000
2020-04-22 09:00:00+00:00,81.0000,100.5000,106.1866,215.2000,79.9000
2020-04-22 10:00:00+00:00,81.0000,100.5000,106.5000,215.2000,79.1913
2020-04-22 11:00:00+00:00,81.0000,100.5000,106.0953,215.2000,78.5680
2020-04-22 12:00:00+00:00,81.0000,99.6183,104.6839,214.9013,79.9000
2020-04-22 13:00:00+00:00,81.0000,99.3486,104.4874,214.8961,79.9000
2020-04-22 14:00:00+00:00,81.0000,100.5000,106.5000,215.2000,79.9000
2020-04-22 15:00:00+00:00,81.0000,100.5000,106.5000,215.2000,79.9000
2020-04-22 16:00:00+00:00,81.0000,100.5000,106.5000,215.2000,79.9000
2020-04-22 17:00:00+00:00,81.0000,100.5000,106.5000,215.2000,79.9000
2020-04-22 18:00:00+00:00,81.0000,100.5000,106.5000,215.2000,79.9000
2020-04-22 19:00:00+00:00,81.0000,100.5000,106.5000,215.2000,79.9000
2020-04-22 20:00:00+00:00,81.0000,100.5000,106.5000,215.2000,79.9000
2020-04-22 21:00:00+00:00,81.0000,100.5000,106.5000,215.2000,79.9000
2020-04-22 22:00:00+00:00,81.0000,100.5000,106.5000,215.2000,79.9000
2020-04-22 23:00:00+00:00,80.8831,98.8119,104.6793,212.8192,78.7491
2020-04-23 00:00:00+00:00,78.7447,92.5188,95.5788,206.3490,70.8455
2020-04-23 01:00:00+00:00,78.7075,80.4575,86.5313,204.1402,48.3304
2020-04-23 02:00:00+00:00,76.6567,78.8876,82.1566,188.0844,54.6057
2020-04-23 03:00:00+00:00,78.4814,95.5392,100.7000,207.6101,56.2010
2020-04-23 04:00:00+00:00,77.0987,78.6176,79.9532,199.7841,52.1295
2020-04-23 05:00:00+00:00,67.0475,60.8545,62.8789,161.5680,34.2668
2020-04-23 06:00:00+00:00,65.1005,60.8986,62.4513,154.2196,27.0065
2020-04-23 07:00:00+00:00,55.2428,53.3703,55.5859,135.6151,19.7680
2020-04-23 08:00:00+00:00,51.7518,51.5363,55.2896,125.5351,11.8267
2020-04-23 09:00:00+00:00,46.4615,47.4001,51.8557,113.2845,15.2805
2020-04-23 10:00:00+00:00,38.6789,39.7667,41.4211,95.3850,8.0035
2020-04-23 11:00:00+00:00,51.6923,54.1737,56.1787,123.1679,5.0436
2020-04-23 12:00:00+00:00,46.1367,49.8183,49.2921,119.8065,0.0000
2020-04-23 13:00:00+00:00,28.3604,32.7539,31.6950,76.5847,0.0000
2020-04-23 14:00:00+00:00,26.3558,30.3798,29.4985,70.2587,0.0000
2020-04-23 15:00:00+00:00,24.2121,29.2634,28.3312,66.5950,0.0000
2020-04-23 16:00:00+00:00,22.7077,28.1263,27.3026,64.0986,0.0000
2020-04-23 17:00:00+00:00,26.5423,31.7581,31.5957,71.9045,0.0000
2020-04-23 18:00:00+00:00,28.9779,35.5431,35.6042,80.5908,0.0000
2020-04-23 19:00:00+00:00,20.6510,25.7488,26.5314,57.2125,0.0000
2020-04-23 20:00:00+00:00,19.2493,24.1132,24.7066,55.1550,0.0000
2020-04-23 21:00:00+00:00,10.0635,13.3110,13.0268,29.9563,0.0000
2020-04-23 22:00:00+00:00,3.9868,5.3959,4.7911,12.8881,0.0000
2020-04-23 23:00:00+00:00,2.4326,3.3353,2.6238,8.4424,0.0000
2020-04-24 00:00:00+00:00,1.1489,1.3045,0.4684,3.8963,0.0000
2020-04-24 01:00:00+00:00,0.0000,0.0000,0.0000,0.0000,0.0000
2020-04-24 02:00:00+00:00,0.0000,0.0000,0.0000,0.0000,0.0000
2020-04-24 03:00:00+00:00,0.0000,0.0000,0.0000,0.0000,0.0000
2020-04-24 04:00:00+00:00,0.0000,0.0000,0.0000,0.0000,4.1939
2020-04-24 05:00:00+00:00,0.0000,0.0000,0.0000,0.0000,4.7677
2020-04-24 06:00:00+00:00,0.0000,0.3198,1.5035,0.0000,7.5887
2020-04-24 07:00:00+00:00,1.3775,3.1650,4.5703,1.2091,7.1470
2020-04-24 08:00:00+00:00,3.2776,6.5053,8.3914,6.4768,9.1188
2020-04-24 09:00:00+00:00,3.0823,6.8199,8.4899,6.8365,8.0555
2020-04-24 10:00:00+00:00,7.3519,15.4681,19.1189,18.9041,15.0387
2020-04-24 11:00:00+00:00,11.9848,22.5885,30.4047,28.4807,16.0177
2020-04-24 12:00:00+00:00,10.8819,19.3525,28.2208,23.0116,4.7559
2020-04-24 13:00:00+00:00,8.9008,13.6922,18.1969,18.7500,2.4011
2020-04-24 14:00:00+00:00,8.0207,9.0410,11.3560,16.5162,2.8331
2020-04-24 15:00:00+00:00,9.0803,9.2648,11.9992,18.5878,3.6595
2020-04-24 16:00:00+00:00,4.8365,4.5659,5.9618,9.3443,2.8150
2020-04-24 17:00:00+00:00,3.6558,3.6037,4.5078,7.8355,2.8686
2020-04-24 18:00:00+00:00,2.4384,2.7354,3.2468,6.1401,1.4950
2020-04-24 19:00:00+00:00,3.1421,4.6348,5.1431,9.2106,7.5615
2020-04-24 20:00:00+00:00,2.6563,3.8876,4.4340,7.9505,14.7697
2020-04-24 21:00:00+00:00,1.7720,2.3168,2.5025,5.5277,19.0660
2020-04-24 22:00:00+00:00,0.6502,0.5954,0.6505,2.2308,20.6042
2020-04-24 23:00:00+00:00,0.0000,0.0000,0.0000,0.0000,20.2548
2020-04-25 00:00:00+00:00,0.0000,0.0000,0.0000,0.0000,13.6826
2020-04-25 01:00:00+00:00,0.7527,0.0000,0.0000,1.0481,14.4696
2020-04-25 02:00:00+00:00,0.0000,0.0000,0.0000,0.0000,0.6553
2020-04-25 03:00:00+00:00,0.0000,0.0000,0.0000,0.0000,0.0000
2020-04-25 04:00:00+00:00,0.0000,0.0000,0.0000,0.0000,0.0000
2020-04-25 05:00:00+00:00,0.1735,0.0000,0.0000,2.0300,0.0000
2020-04-25 06:00:00+00:00,1.6205,3.0586,2.5257,6.3062,0.7382
2020-04-25 07:00:00+00:00,6.3177,6.9098,5.4935,21.1467,2.6957
2020-04-25 08:00:00+00:00,8.1009,7.8248,6.4673,25.8318,2.6683
2020-04-25 09:00:00+00:00,12.0987,13.9622,11.7192,40.3726,0.0000
2020-04-25 10:00:00+00:00,4.7919,3.3165,3.3452,7.5171,0.0000
2020-04-25 11:00:00+00:00,4.7360,3.1700,3.6456,5.7398,0.0000
2020-04-25 12:00:00+00:00,1.4423,0.0000,0.0000,0.0000,0.0000
2020-04-25 13:00:00+00:00,1.4055,0.0000,0.0000,0.0000,0.0000
2020-04-25 14:00:00+00:00,0.0000,0.0000,0.0000,0.0000,0.0000
2020-04-25 15:00:00+00:00,0.0000,0.0000,0.0000,0.0000,0.0000
2020-04-25 16:00:00+00:00,0.0000,0.0000,0.0000,0.0000,0.0000
2020-04-25 17:00:00+00:00,0.0000,0.0000,0.0000,0.0000,0.0000
2020-04-25 18:00:00+00:00,0.0000,0.0000,0.0000,0.0000,0.0000
2020-04-25 19:00:00+00:00,0.0000,0.0000,0.0000,0.0000,0.0000
2020-04-25 20:00:00+00:00,0.0000,0.0000,0.0000,0.0000,0.0000
2020-04-25 21:00:00+00:00,0.0000,0.0000,0.0000,0.0000,0.0000
2020-04-25 22:00:00+00:00,0.0000,0.0000,0.0000,0.0000,0.0000
2020-04-25 23:00:00+00:00,0.0000,0.0000,0.0000,0.0000,3.3438
2020-04-26 00:00:00+00:00,0.0000,0.0000,0.0000,0.0000,4.9946
2020-04-26 01:00:00+00:00,0.0000,0.0000,0.0000,0.0000,4.6409
2020-04-26 02:00:00+00:00,0.0000,0.0000,0.0000,0.0000,3.8944
2020-04-26 03:00:00+00:00,0.0000,0.0000,0.0000,0.0000,7.1564
2020-04-26 04:00:00+00:00,0.0000,0.0000,0.0000,0.0000,7.7117
2020-04-26 05:00:00+00:00,0.0000,0.0000,0.0000,0.0000,6.1824
2020-04-26 06:00:00+00:00,0.0000,0.0000,0.0000,0.0000,10.7153
2020-04-26 07:00:00+00:00,1.4141,3.5017,4.4302,2.8646,5.7103
2020-04-26 08:00:00+00:00,6.4411,13.3089,18.4086,14.9458,15.0610
2020-04-26 09:00:00+00:00,14.0191,28.0705,39.1797,33.0873,28.3487
2020-04-26 10:00:00+00:00,19.3476,39.7517,54.0719,52.2381,28.2772
2020-04-26 11:00:00+00:00,21.1122,38.7698,57.0659,50.7534,15.5916
2020-04-26 12:00:00+00:00,16.0636,26.5464,45.2588,31.9785,21.5748
2020-04-26 13:00:00+00:00,15.2657,21.9144,33.1280,29.9864,17.1993
2020-04-26 14:00:00+00:00,20.5857,24.9199,33.9916,41.7836,6.8817
2020-04-26 15:00:00+00:00,16.2228,19.6329,22.4108,38.2109,4.1437
2020-04-26 16:00:00+00:00,19.4647,25.3140,28.0197,47.4563,7.0684
2020-04-26 17:00:00+00:00,25.5330,30.0454,34.4308,61.1936,3.8389
2020-04-26 18:00:00+00:00,21.4928,28.6472,27.9849,66.6518,17.6820
2020-04-26 19:00:00+00:00,23.1278,34.6943,34.9086,72.4292,24.7237
2020-04-26 20:00:00+00:00,35.2070,44.7457,50.3643,87.9067,35.7962
2020-04-26 21:00:00+00:00,33.3856,39.2307,42.9569,82.1708,50.6452
2020-04-26 22:00:00+00:00,50.1781,55.1140,63.4766,121.9455,33.8392
2020-04-26 23:00:00+00:00,42.2383,46.8694,54.7071,100.0814,2.2873
2020-04-27 00:00:00+00:00,23.8169,31.6396,35.6073,62.5819,32.1513
2020-04-27 01:00:00+00:00,32.7499,42.0272,46.6784,83.6147,49.8746
2020-04-27 02:00:00+00:00,12.0821,36.8251,35.6595,62.1052,77.0830
2020-04-27 03:00:00+00:00,15.5908,42.7016,38.0909,76.4807,75.7227
2020-04-27 04:00:00+00:00,12.1588,23.6553,22.2272,45.3098,61.9360
2020-04-27 05:00:00+00:00,41.3471,41.6038,47.8214,94.9863,41.6425
2020-04-27 06:00:00+00:00,58.0956,58.8885,64.2311,134.1177,50.8548
2020-04-27 07:00:00+00:00,61.0938,71.3945,81.3480,140.8905,43.4296
2020-04-27 08:00:00+00:00,48.4334,53.8962,62.6926,105.4736,36.7736
2020-04-27 09:00:00+00:00,34.4828,34.6428,40.9781,72.6605,29.6637
2020-04-27 10:00:00+00:00,26.8869,27.1888,28.7928,63.0062,31.0474
2020-04-27 11:00:00+00:00,28.1628,28.0497,29.8278,65.1709,36.0656
2020-04-27 12:00:00+00:00,17.3593,23.6268,25.7152,49.0681,34.5552
2020-04-27 13:00:00+00:00,9.4809,13.5824,15.2359,29.3918,22.3090
2020-04-27 14:00:00+00:00,7.8433,11.9678,12.6164,26.7399,19.9038
2020-04-27 15:00:00+00:00,11.6563,15.5709,17.0476,36.4235,27.9822
2020-04-27 16:00:00+00:00,9.4612,9.4927,14.0589,16.7573,27.7936
2020-04-27 17:00:00+00:00,15.2571,18.1684,19.2745,43.9254,25.2015
2020-04-27 18:00:00+00:00,20.7609,25.7836,23.1336,62.1871,21.1066
2020-04-27 19:00:00+00:00,7.8062,9.4739,11.5161,13.6871,21.2089
2020-04-27 20:00:00+00:00,1.2125,3.7564,3.4551,7.0144,17.0887
2020-04-27 21:00:00+00:00,6.7493,8.6399,9.4703,15.1496,18.3849
2020-04-27 22:00:00+00:00,5.1052,7.5771,7.6522,16.9286,20.3531
2020-04-27 23:00:00+00:00,5.9855,7.5283,7.6043,17.5750,13.3630
2020-04-28 00:00:00+00:00,5.1464,4.1395,4.1719,12.2434,5.6299
2020-04-28 01:00:00+00:00,13.3766,15.3859,15.7963,32.8822,0.6630
2020-04-28 02:00:00+00:00,3.3488,4.4348,5.2869,8.3999,3.9182
2020-04-28 03:00:00+00:00,4.7382,5.8454,6.4772,12.5610,4.1561
2020-04-28 04:00:00+00:00,3.9611,3.8547,4.7767,7.5305,3.3541
2020-04-28 05:00:00+00:00,0.0000,0.0000,0.0000,0.0000,0.0000
2020-04-28 06:00:00+00:00,0.0000,0.0000,0.0000,0.8261,0.0000
2020-04-28 07:00:00+00:00,3.9393,8.4944,5.5372,20.3065,0.0000
2020-04-28 08:00:00+00:00,4.4600,9.7538,8.3269,16.7816,0.0000
2020-04-28 09:00:00+00:00,3.2551,4.6468,2.9308,11.8341,0.0000
2020-04-28 10:00:00+00:00,0.3801,0.0000,0.0000,2.2968,0.0000
2020-04-28 11:00:00+00:00,1.7994,0.1317,0.0000,4.1240,0.0000
2020-04-28 12:00:00+00:00,1.0934,0.0000,0.0000,2.3120,0.0000
2020-04-28 13:00:00+00:00,2.5881,2.0608,2.3144,5.8222,0.0000
2020-04-28 14:00:00+00:00,3.7361,3.5409,4.2365,8.3109,0.0000
2020-04-28 15:00:00+00:00,4.3671,4.6541,5.4529,10.2461,0.0000
2020-04-28 16:00:00+00:00,3.3744,3.3573,3.9890,7.2891,0.0000
2020-04-28 17:00:00+00:00,4.1981,4.2612,5.0970,9.4678,0.0000
2020-04-28 18:00:00+00:00,2.3267,2.2651,2.6966,4.8368,0.0000
2020-04-28 19:00:00+00:00,1.7017,1.4621,1.7857,3.2386,0.0000
2020-04-28 20:00:00+00:00,0.9979,0.0780,0.2627,0.3289,0.0000
2020-04-28 21:00:00+00:00,0.4811,0.0000,0.0000,0.0000,0.0000
2020-04-28 22:00:00+00:00,0.0000,0.0000,0.0000,0.0000,0.0000
2020-04-28 23:00:00+00:00,0.0936,0.0000,0.0000,0.0000,4.1440
2020-04-29 00:00:00+00:00,2.0154,2.4844,2.2527,6.1756,2.5426
2020-04-29 01:00:00+00:00,2.6088,7.1493,6.9187,12.8882,0.0000
2020-04-29 02:00:00+00:00,2.0380,5.8948,6.3951,8.6205,0.0000
2020-04-29 03:00:00+00:00,1.0967,3.9255,5.5488,3.0208,2.1649
2020-04-29 04:00:00+00:00,0.0000,2.3165,3.5087,0.0000,2.6281
2020-04-29 05:00:00+00:00,1.2429,3.7397,4.8445,3.0660,8.5702
2020-04-29 06:00:00+00:00,4.5196,8.4160,10.6579,9.6363,26.3068
2020-04-29 07:00:00+00:00,7.7872,14.2200,17.3123,18.0668,59.8906
2020-04-29 08:00:00+00:00,11.0487,18.0228,21.6108,24.8947,77.1653
2020-04-29 09:00:00+00:00,11.9605,18.4000,23.4000,24.4717,79.9000
2020-04-29 10:00:00+00:00,7.9796,14.6190,19.4050,17.0507,73.1785
2020-04-29 11:00:00+00:00,10.6841,28.9035,29.8089,41.0684,77.7645
2020-04-29 12:00:00+00:00,8.8595,31.3137,28.7683,43.7710,76.3144
2020-04-29 13:00:00+00:00,11.2044,30.7963,28.6408,49.6318,75.9058
2020-04-29 14:00:00+00:00,13.5098,33.3227,33.8023,55.7726,76.4406
2020-04-29 15:00:00+00:00,12.8994,27.1040,29.0235,49.8734,78.2777
2020-04-29 16:00:00+00:00,20.8296,37.2317,37.2734,76.6010,79.9000
2020-04-29 17:00:00+00:00,29.9961,48.1138,48.3373,102.3041,79.9000
2020-04-29 18:00:00+00:00,27.6032,42.1834,42.3443,87.1799,79.9000
2020-04-29 19:00:00+00:00,34.2170,45.9386,50.5496,95.3081,79.9000
2020-04-29 20:00:00+00:00,44.3834,55.5458,66.4144,113.0561,79.9000
2020-04-29 21:00:00+00:00,71.2763,90.0955,101.0493,181.3983,79.9000
2020-04-29 22:00:00+00:00,77.2844,95.9087,101.8096,200.3034,79.9000
2020-04-29 23:00:00+00:00,80.9302,97.6628,105.2792,207.7044,79.9000
2020-04-30 00:00:00+00:00,81.0000,100.5000,106.5000,215.2000,79.9000
2020-04-30 01:00:00+00:00,81.0000,100.5000,106.5000,215.2000,79.9000
2020-04-30 02:00:00+00:00,81.0000,100.5000,106.5000,215.2000,79.9000
2020-04-30 03:00:00+00:00,81.0000,23.1943,37.4029,151.9984,79.9000
2020-04-30 04:00:00+00:00,1.3168,0.0000,0.0000,0.0000,79.9000
2020-04-30 05:00:00+00:00,31.9533,5.7577,8.2146,18.6841,79.9000
2020-04-30 06:00:00+00:00,81.0000,97.1421,106.5000,213.4845,79.9000
2020-04-30 07:00:00+00:00,81.0000,100.5000,106.5000,215.2000,79.9000
2020-04-30 08:00:00+00:00,81.0000,100.5000,106.5000,215.2000,79.9000
2020-04-30 09:00:00+00:00,81.0000,100.5000,106.5000,215.2000,79.9000
2020-04-30 10:00:00+00:00,81.0000,100.5000,106.5000,215.2000,79.9000
2020-04-30 11:00:00+00:00,81.0000,100.5000,106.5000,215.2000,79.9000
2020-04-30 12:00:00+00:00,81.0000,100.5000,106.5000,215.2000,79.9000
2020-04-30 13:00:00+00:00,80.3971,100.5000,106.5000,215.2000,79.9000
2020-04-30 14:00:00+00:00,81.0000,100.1177,106.5000,215.2000,79.9000
2020-04-30 15:00:00+00:00,79.3871,97.4219,104.2163,209.4332,79.9000
2020-04-30 16:00:00+00:00,79.9526,100.3537,106.5000,211.8961,79.9000
2020-04-30 17:00:00+00:00,81.0000,100.5000,106.5000,215.2000,79.9000
2020-04-30 18:00:00+00:00,81.0000,100.5000,106.5000,215.2000,79.9000
2020-04-30 19:00:00+00:00,81.0000,100.5000,106.5000,215.2000,79.9000
2020-04-30 20:00:00+00:00,81.0000,100.5000,106.5000,215.2000,79.9000
2020-04-30 21:00:00+00:00,81.0000,100.5000,106.5000,215.2000,79.9000
2020-04-30 22:00:00+00:00,81.0000,100.5000,106.5000,215.2000,79.9000
2020-04-30 23:00:00+00:00,81.0000,100.5000,106.5000,215.2000,79.9000
2020-05-01 00:00:00+00:00,81.0000,100.5000,106.5000,215.2000,79.9000
2020-05-01 01:00:00+00:00,81.0000,100.5000,106.5000,215.2000,79.9000
2020-05-01 02:00:00+00:00,81.0000,100.5000,106.5000,215.2000,61.3884
2020-05-01 03:00:00+00:00,81.0000,100.5000,106.5000,215.2000,78.4240
2020-05-01 04:00:00+00:00,81.0000,100.5000,106.5000,215.2000,79.9000
2020-05-01 05:00:00+00:00,81.0000,100.5000,106.5000,215.2000,78.4073
2020-05-01 06:00:00+00:00,81.0000,100.5000,106.5000,211.3960,6.8869
2020-05-01 07:00:00+00:00,81.0000,100.5000,106.5000,214.0054,6.5440
2020-05-01 08:00:00+00:00,80.2823,99.4758,105.7197,204.9176,15.0421
2020-05-01 09:00:00+00:00,77.2901,96.4867,100.9633,185.6974,17.6786
2020-05-01 10:00:00+00:00,77.1983,91.5488,78.0465,169.2386,41.2159
2020-05-01 11:00:00+00:00,30.3994,29.2866,31.5921,64.9133,28.3677
2020-05-01 12:00:00+00:00,21.1644,20.9733,21.0186,43.7379,15.7597
2020-05-01 13:00:00+00:00,16.5045,21.5961,19.9085,44.2443,11.8239
2020-05-01 14:00:00+00:00,17.6347,26.9243,25.2293,55.9450,5.2893
2020-05-01 15:00:00+00:00,26.3083,34.3904,31.4646,76.2735,5.2395
2020-05-01 16:00:00+00:00,23.2408,31.5520,29.3951,69.2928,8.6353
2020-05-01 17:00:00+00:00,17.1854,21.6385,20.8183,51.2302,11.3477
2020-05-01 18:00:00+00:00,19.1013,23.4466,23.3852,53.4196,11.8168
2020-05-01 19:00:00+00:00,33.8271,40.3781,40.0057,94.8346,17.1552
2020-05-01 20:00:00+00:00,45.0655,51.7903,53.5660,117.8298,31.7775
2020-05-01 21:00:00+00:00,39.2471,45.8996,45.0894,108.8155,24.0912
2020-05-01 22:00:00+00:00,45.1507,50.0541,49.9123,120.5156,15.8218
2020-05-01 23:00:00+00:00,36.7053,40.2472,40.3985,97.1126,10.9168
2020-05-02 00:00:00+00:00,30.4098,31.3588,31.0433,80.8610,9.9802
2020-05-02 01:00:00+00:00,26.9424,25.9848,27.6162,66.1829,22.4621
2020-05-02 02:00:00+00:00,16.2279,13.8798,15.1461,33.9647,48.1455
2020-05-02 03:00:00+00:00,14.9372,12.7120,16.2064,26.2702,46.8996
2020-05-02 04:00:00+00:00,19.7718,19.1258,22.0646,45.2174,32.0873
2020-05-02 05:00:00+00:00,15.7851,14.0894,14.9291,38.7444,23.7835
2020-05-02 06:00:00+00:00,15.3515,11.7774,11.6715,36.0184,17.9177
2020-05-02 07:00:00+00:00,8.9233,6.4440,5.3108,23.4060,6.9339
2020-05-02 08:00:00+00:00,7.9299,6.3252,5.4087,22.3898,0.0000
2020-05-02 09:00:00+00:00,5.7483,4.5703,3.3230,18.2071,0.0000
2020-05-02 10:00:00+00:00,5.2496,6.3637,4.6150,20.4970,0.4314
2020-05-02 11:00:00+00:00,6.2139,7.6214,6.4237,20.5464,12.6077
2020-05-02 12:00:00+00:00,5.9591,8.4215,6.4448,22.1408,15.1418
2020-05-02 13:00:00+00:00,3.9492,5.1087,4.0188,14.0637,14.9818
2020-05-02 14:00:00+00:00,5.5219,6.5225,6.2893,15.6919,18.7007
2020-05-02 15:00:00+00:00,3.5928,4.1662,4.1300,9.5662,24.3637
2020-05-02 16:00:00+00:00,3.0060,3.2359,3.3873,6.8692,31.9970
2020-05-02 17:00:00+00:00,4.3004,5.0314,5.2177,9.9175,30.0752
2020-05-02 18:00:00+00:00,8.2763,10.2647,11.4414,19.1683,32.1691
2020-05-02 19:00:00+00:00,11.1699,13.5718,15.2989,26.2901,28.4259
2020-05-02 20:00:00+00:00,12.8281,14.9738,17.3760,29.8892,43.2529
2020-05-02 21:00:00+00:00,16.7755,20.9972,25.1030,38.8951,39.7867
2020-05-02 22:00:00+00:00,24.6044,32.0089,33.1537,61.7872,22.4809
2020-05-02 23:00:00+00:00,21.2832,26.8660,28.8262,54.3912,18.5393
2020-05-03 00:00:00+00:00,20.3595,24.4774,25.4054,56.4039,33.3663
2020-05-03 01:00:00+00:00,36.0553,44.5781,45.5714,102.9792,8.2461
2020-05-03 02:00:00+00:00,53.1912,64.8060,64.5957,148.6055,24.7900
2020-05-03 03:00:00+00:00,74.8428,87.2400,90.7888,204.0971,40.7385
2020-05-03 04:00:00+00:00,15.4443,19.7640,15.6276,54.5529,49.1344
2020-05-03 05:00:00+00:00,17.6721,16.3496,20.8821,39.0831,72.8967
2020-05-03 06:00:00+00:00,7.5931,9.6364,11.6777,16.6803,77.6996
2020-05-03 07:00:00+00:00,35.7067,43.3111,51.1376,74.3893,77.0095
2020-05-03 08:00:00+00:00,23.7230,29.3415,36.9338,50.5322,56.9270
2020-05-03 09:00:00+00:00,30.6942,30.7487,38.1674,49.2159,38.6093
2020-05-03 10:00:00+00:00,31.6347,41.6669,40.8443,75.9028,71.1078
2020-05-03 11:00:00+00:00,38.6403,47.5763,47.3035,102.4035,71.3226
2020-05-03 12:00:00+00:00,30.4990,32.9798,31.8011,78.4905,58.6940
2020-05-03 13:00:00+00:00,37.0622,41.3641,41.4739,90.9367,60.5362
2020-05-03 14:00:00+00:00,29.7572,34.9102,35.3585,71.3149,48.2391
2020-05-03 15:00:00+00:00,47.6227,59.8870,62.1527,119.4370,30.7136
2020-05-03 16:00:00+00:00,54.5903,65.9724,67.9482,141.3745,34.7754
2020-05-03 17:00:00+00:00,48.7463,56.4102,58.9440,122.4035,30.9685
2020-05-03 18:00:00+00:00,54.3309,62.7415,66.8767,130.5035,24.0942
2020-05-03 19:00:00+00:00,52.0892,60.4114,66.6381,123.8467,29.8173
2020-05-03 20:00:00+00:00,66.3366,83.0709,88.9432,173.0422,61.3126
2020-05-03 21:00:00+00:00,62.4164,72.3462,76.3619,158.2205,79.5172
2020-05-03 22:00:00+00:00,61.5282,70.5918,77.7429,151.9230,79.8431
2020-05-03 23:00:00+00:00,77.3721,95.2611,101.3460,203.0691,78.9042
2020-05-04 00:00:00+00:00,76.9723,95.6341,101.2228,204.1170,77.8877
2020-05-04 01:00:00+00:00,76.6889,81.4470,88.0163,192.2436,78.8479
2020-05-04 02:00:00+00:00,55.5427,64.4620,65.5615,148.7951,78.6838
2020-05-04 03:00:00+00:00,52.3831,54.2565,56.0989,127.8815,55.9840
2020-05-04 04:00:00+00:00,35.4237,38.7962,39.5488,87.3578,37.1029
2020-05-04 05:00:00+00:00,23.1715,26.3044,29.0514,55.6791,28.4552
2020-05-04 06:00:00+00:00,14.7223,16.9690,18.4642,36.4092,12.8717
2020-05-04 07:00:00+00:00,11.7448,12.8215,12.8056,31.6842,15.8308
2020-05-04 08:00:00+00:00,15.1232,15.7267,15.0573,40.2975,17.6993
2020-05-04 09:00:00+00:00,17.8687,18.5297,18.1807,45.2030,23.5202
2020-05-04 10:00:00+00:00,18.6769,17.7361,17.8306,46.5209,22.5790
2020-05-04 11:00:00+00:00,16.8010,16.9988,16.7253,44.3500,8.6556
2020-05-04 12:00:00+00:00,26.0117,28.4295,26.7453,72.8542,13.3998
2020-05-04 13:00:00+00:00,30.8175,36.6187,36.4142,85.9027,16.3149
2020-05-04 14:00:00+00:00,36.7968,40.1746,43.2723,95.0721,26.1198
2020-05-04 15:00:00+00:00,33.2854,31.9184,32.6764,83.7143,26.2166
2020-05-04 16:00:00+00:00,40.9296,36.0775,36.3462,93.0444,31.7318
2020-05-04 17:00:00+00:00,34.1172,26.1701,36.1359,54.8348,37.4763
2020-05-04 18:00:00+00:00,46.5668,46.0474,48.4946,105.9831,33.4619
2020-05-04 19:00:00+00:00,32.8647,38.1861,48.5060,73.3871,27.2497
2020-05-04 20:00:00+00:00,40.8622,47.9567,53.3244,103.5072,27.3803
2020-05-04 21:00:00+00:00,51.8379,57.5015,60.2519,133.4835,24.4975
2020-05-04 22:00:00+00:00,49.5136,56.4977,60.0492,127.6938,18.4804
2020-05-04 23:00:00+00:00,42.4811,44.2709,51.7225,92.4357,24.2853
2020-05-05 00:00:00+00:00,48.2602,57.5785,61.7100,125.2957,22.3378
2020-05-05 01:00:00+00:00,51.3048,52.1376,56.4254,125.9599,42.8156
2020-05-05 02:00:00+00:00,48.6124,47.9167,50.4996,120.6438,39.9577
2020-05-05 03:00:00+00:00,48.7830,46.1680,48.8132,118.2150,57.9469
2020-05-05 04:00:00+00:00,31.1187,28.9469,28.1996,82.0303,63.5377
2020-05-05 05:00:00+00:00,27.7020,24.6028,26.1663,68.1869,60.2900
2020-05-05 06:00:00+00:00,26.7507,25.9188,27.2588,67.0827,56.0780
2020-05-05 07:00:00+00:00,27.8783,27.4978,29.4523,70.4657,54.6194
2020-05-05 08:00:00+00:00,26.8295,29.4321,30.0603,72.1517,57.3923
2020-05-05 09:00:00+00:00,28.5514,29.4522,30.4975,72.6663,40.8485
2020-05-05 10:00:00+00:00,31.0736,32.6684,33.1593,83.5561,29.2110
2020-05-05 11:00:00+00:00,31.8958,33.2823,33.2465,86.6932,18.7730
2020-05-05 12:00:00+00:00,24.3761,25.5566,25.3019,67.2281,17.8592
2020-05-05 13:00:00+00:00,20.1398,21.0430,21.3542,54.6221,9.4597
2020-05-05 14:00:00+00:00,17.4806,18.2027,18.4390,45.5877,7.7499
2020-05-05 15:00:00+00:00,13.0387,14.7390,15.8046,32.8974,4.1317
2020-05-05 16:00:00+00:00,15.0804,15.9711,17.3644,35.8253,4.7849
2020-05-05 17:00:00+00:00,12.8833,12.9482,14.7300,29.9805,5.0208
2020-05-05 18:00:00+00:00,11.6725,11.6087,13.0893,27.2520,4.9194
2020-05-05 19:00:00+00:00,10.7807,10.5629,11.5619,25.0134,7.7779
2020-05-05 20:00:00+00:00,12.7045,12.2101,13.5568,28.0991,12.4761
2020-05-05 21:00:00+00:00,9.6194,9.9190,11.2083,21.9676,13.1178
2020-05-05 22:00:00+00:00,7.4547,7.9209,8.7216,17.9379,10.6446
2020-05-05 23:00:00+00:00,3.6669,3.6878,4.3121,8.1530,6.6788
2020-05-06 00:00:00+00:00,1.8964,1.5350,2.2686,2.8579,7.6181
2020-05-06 01:00:00+00:00,1.4865,0.7268,1.3509,0.4106,4.0502
2020-05-06 02:00:00+00:00,2.4724,3.2431,3.2154,6.0441,1.2270
2020-05-06 03:00:00+00:00,1.4755,1.2008,0.5295,4.1172,0.0000
2020-05-06 04:00:00+00:00,0.0000,0.0000,0.0000,0.0000,0.0000
2020-05-06 05:00:00+00:00,0.0000,0.0000,0.0000,0.0000,0.0000
2020-05-06 06:00:00+00:00,0.0000,0.0000,0.0000,0.0000,0.0000
2020-05-06 07:00:00+00:00,0.0000,0.0000,0.0000,0.0000,0.0000
2020-05-06 08:00:00+00:00,0.0000,0.0000,0.0000,0.0000,0.5616
2020-05-06 09:00:00+00:00,0.0000,0.0000,0.0000,0.0000,0.0000
2020-05-06 10:00:00+00:00,0.0000,0.0000,0.0000,0.0000,0.0000
2020-05-06 11:00:00+00:00,0.0000,0.0000,0.0000,0.0000,0.0000
2020-05-06 12:00:00+00:00,0.0000,0.0000,0.0000,0.0000,0.0000
2020-05-06 13:00:00+00:00,0.0000,0.0000,0.0000,0.0000,0.0000
2020-05-06 14:00:00+00:00,0.0000,0.0000,0.0000,0.0000,0.0000
2020-05-06 15:00:00+00:00,0.0000,0.0000,0.0000,0.0000,0.0000
2020-05-06 16:00:00+00:00,0.0000,0.0000,0.0000,0.0000,0.0000
2020-05-06 17:00:00+00:00,0.0000,0.0000,0.0675,0.0000,0.0000
2020-05-06 18:00:00+00:00,1.2164,1.9307,2.4697,3.0963,0.8215
2020-05-06 19:00:00+00:00,0.3759,1.3807,1.8304,0.6193,4.2333
2020-05-06 20:00:00+00:00,0.1064,0.5676,1.1793,0.0000,6.3518
2020-05-06 21:00:00+00:00,0.0000,0.0000,0.0000,0.0000,5.9224
2020-05-06 22:00:00+00:00,0.0000,0.0000,0.0000,0.0000,10.7379
2020-05-06 23:00:00+00:00,0.0000,0.0000,0.0000,0.0000,9.8246
2020-05-07 00:00:00+00:00,0.0000,0.0000,0.0000,0.0000,8.2010
2020-05-07 01:00:00+00:00,0.0000,0.0000,0.0000,0.0000,4.6214
2020-05-07 02:00:00+00:00,0.0000,0.0000,0.0000,0.0000,30.8634
2020-05-07 03:00:00+00:00,0.6793,0.0000,0.0000,2.6921,34.2212
2020-05-07 04:00:00+00:00,0.0000,0.0000,0.0000,0.0000,26.2901
2020-05-07 05:00:00+00:00,1.3490,0.0000,0.0000,2.5788,29.5469
2020-05-07 06:00:00+00:00,0.0000,0.0000,0.0000,0.0000,26.6196
2020-05-07 07:00:00+00:00,0.0000,0.0000,0.0000,0.0000,17.5270
2020-05-07 08:00:00+00:00,0.0000,0.0000,0.0000,0.0000,29.2124
2020-05-07 09:00:00+00:00,0.0000,0.0000,0.0000,0.0000,24.9416
2020-05-07 10:00:00+00:00,0.0000,0.0000,0.0000,0.0000,12.6852
2020-05-07 11:00:00+00:00,0.0000,0.0000,0.0000,0.0000,17.7828
2020-05-07 12:00:00+00:00,0.0000,0.0000,0.0000,0.0000,19.1844
2020-05-07 13:00:00+00:00,0.0000,0.0000,0.0000,0.0000,53.1088
2020-05-07 14:00:00+00:00,0.0000,0.0000,0.0000,0.0000,44.1897
2020-05-07 15:00:00+00:00,2.0366,0.9761,2.8911,0.0000,40.6417
2020-05-07 16:00:00+00:00,5.5746,5.7521,15.9911,0.0000,51.8868
2020-05-07 17:00:00+00:00,35.7746,45.9332,49.1562,81.3518,76.4500
2020-05-07 18:00:00+00:00,30.8134,34.0583,52.7206,68.3317,68.2082
2020-05-07 19:00:00+00:00,34.2740,36.5093,51.0220,36.6226,49.7081
2020-05-07 20:00:00+00:00,32.5376,32.0430,57.2486,59.8709,33.8444
2020-05-07 21:00:00+00:00,45.5337,60.0623,60.3107,133.7372,36.4029
2020-05-07 22:00:00+00:00,65.0201,82.8974,88.7991,175.3091,14.5047
2020-05-07 23:00:00+00:00,29.0989,34.2737,37.2742,76.2972,31.4696
2020-05-08 00:00:00+00:00,39.5870,70.1479,64.4901,138.4599,2.7381
2020-05-08 01:00:00+00:00,8.4100,9.0084,7.2754,26.1033,5.6804
2020-05-08 02:00:00+00:00,7.3410,7.2548,5.1395,25.8343,5.0904
2020-05-08 03:00:00+00:00,15.3201,14.1585,12.3339,46.4475,9.6644
2020-05-08 04:00:00+00:00,19.8583,20.0304,18.3074,54.5047,11.1327
2020-05-08 05:00:00+00:00,33.0015,38.1823,38.6116,91.2755,12.0109
2020-05-08 06:00:00+00:00,22.2914,25.6710,25.2095,62.1347,17.0495
2020-05-08 07:00:00+00:00,8.8184,10.8199,10.0657,25.4987,35.6770
2020-05-08 08:00:00+00:00,2.3972,3.1799,3.0710,7.8900,39.8943
2020-05-08 09:00:00+00:00,3.0035,4.8046,5.0734,8.6268,54.6343
2020-05-08 10:00:00+00:00,3.6936,3.9834,4.9222,5.7099,70.2292
2020-05-08 11:00:00+00:00,3.4357,1.8253,3.9063,0.0000,76.8812
2020-05-08 12:00:00+00:00,3.7514,0.0000,2.7274,0.0000,76.5689
2020-05-08 13:00:00+00:00,20.0410,3.1633,12.1058,5.0668,77.3156
2020-05-08 14:00:00+00:00,22.0694,1.9027,6.2991,5.8694,76.5602
2020-05-08 15:00:00+00:00,29.9556,6.5071,18.9681,12.2090,60.9897
2020-05-08 16:00:00+00:00,69.8505,44.2955,74.7077,83.6350,56.1033
2020-05-08 17:00:00+00:00,48.7948,41.2732,58.9113,85.1297,49.6729
2020-05-08 18:00:00+00:00,14.9617,14.7214,17.1865,34.4354,55.0365
2020-05-08 19:00:00+00:00,4.6039,7.2140,8.0224,13.2833,47.6326
2020-05-08 20:00:00+00:00,11.4242,13.4139,12.8786,27.1654,51.4786
2020-05-08 21:00:00+00:00,10.2054,8.1355,9.6695,19.3101,73.6191
2020-05-08 22:00:00+00:00,4.4199,2.1559,2.0370,8.2457,52.1555
2020-05-08 23:00:00+00:00,3.7294,3.2092,3.4580,8.2319,38.7022
2020-05-09 00:00:00+00:00,2.0013,1.8286,0.6768,8.5005,7.4270
2020-05-09 01:00:00+00:00,0.6799,2.1160,0.5674,6.3723,3.2343
2020-05-09 02:00:00+00:00,0.0000,1.5575,0.4210,3.6363,8.1897
2020-05-09 03:00:00+00:00,4.8168,11.4233,9.2825,23.9788,15.3887
2020-05-09 04:00:00+00:00,11.4868,13.1426,12.8417,33.0242,20.5543
2020-05-09 05:00:00+00:00,10.7879,10.0324,11.1137,25.9637,24.6582
2020-05-09 06:00:00+00:00,6.4476,4.4693,4.6298,15.1212,55.0310
2020-05-09 07:00:00+00:00,18.2993,17.3638,20.0955,44.8886,59.6409
2020-05-09 08:00:00+00:00,31.7510,28.1916,33.9880,68.7305,63.6748
2020-05-09 09:00:00+00:00,53.8077,49.4014,55.7209,121.5235,34.7660
2020-05-09 10:00:00+00:00,58.6714,51.2127,55.8973,132.5911,57.8342
2020-05-09 11:00:00+00:00,40.6622,39.8134,41.5582,99.3254,50.5645
2020-05-09 12:00:00+00:00,42.2891,44.9047,46.7473,107.6043,58.6504
2020-05-09 13:00:00+00:00,49.2051,52.8816,57.3559,114.7276,65.5642
2020-05-09 14:00:00+00:00,55.5122,61.3599,64.0629,138.4482,56.3324
2020-05-09 15:00:00+00:00,51.9033,61.5740,63.5938,139.5914,64.8914
2020-05-09 16:00:00+00:00,59.3827,69.9910,86.7668,157.3009,70.9305
2020-05-09 17:00:00+00:00,78.4889,98.2954,104.8567,205.1163,76.7730
2020-05-09 18:00:00+00:00,79.0448,99.4524,104.6187,211.8566,79.9000
2020-05-09 19:00:00+00:00,79.4940,98.9733,104.6620,211.1868,79.9000
2020-05-09 20:00:00+00:00,77.3068,95.7746,101.8445,206.0614,79.4107
2020-05-09 21:00:00+00:00,57.8393,60.8717,69.8201,89.4816,60.4721
2020-05-09 22:00:00+00:00,78.0418,97.3985,102.0319,210.2758,75.9520
2020-05-09 23:00:00+00:00,71.2011,91.4666,92.9842,203.8515,79.9000
2020-05-10 00:00:00+00:00,48.1249,54.0158,56.4733,131.8590,76.0516
2020-05-10 01:00:00+00:00,12.9689,20.3425,17.3870,48.6017,78.2207
2020-05-10 02:00:00+00:00,40.4140,37.1390,50.2322,79.4073,79.9000
2020-05-10 03:00:00+00:00,76.7272,86.4763,89.1681,201.6731,79.0769
2020-05-10 04:00:00+00:00,79.8368,98.2030,103.6321,211.5158,76.0750
2020-05-10 05:00:00+00:00,80.9057,98.8789,104.2593,214.1975,60.4243
2020-05-10 06:00:00+00:00,77.0844,91.9390,93.7252,204.9591,49.2869
2020-05-10 07:00:00+00:00,69.2670,65.9270,78.0441,154.8057,47.4011
2020-05-10 08:00:00+00:00,73.1110,81.5834,92.6767,166.1011,70.6507
2020-05-10 09:00:00+00:00,54.6915,71.2945,71.5118,152.9683,55.1260
2020-05-10 10:00:00+00:00,75.3041,91.7055,95.3844,197.1271,41.1486
2020-05-10 11:00:00+00:00,70.1606,90.1139,92.5071,190.8028,40.0512
2020-05-10 12:00:00+00:00,68.6990,81.6430,82.1476,181.6897,45.6740
2020-05-10 13:00:00+00:00,69.7000,81.4626,85.6264,176.0969,56.3793
2020-05-10 14:00:00+00:00,68.6654,82.9972,84.6717,179.3470,64.0338
2020-05-10 15:00:00+00:00,65.2730,81.7065,83.7490,174.9232,67.3597
2020-05-10 16:00:00+00:00,56.0290,70.9598,71.9053,151.2340,60.5846
2020-05-10 17:00:00+00:00,68.4689,86.0936,93.4404,173.8839,78.0135
2020-05-10 18:00:00+00:00,70.8557,85.2411,90.9807,173.9569,78.5666
2020-05-10 19:00:00+00:00,74.9821,88.8335,95.5515,184.5370,79.2924
2020-05-10 20:00:00+00:00,74.6605,86.1698,95.6028,179.5924,77.5115
2020-05-10 21:00:00+00:00,62.6919,71.9548,78.3647,151.6060,76.7529
2020-05-10 22:00:00+00:00,71.3365,88.8566,96.7091,173.6420,77.0699
2020-05-10 23:00:00+00:00,77.0275,96.4550,102.0171,204.9529,50.1199
2020-05-11 00:00:00+00:00,77.2372,96.7327,101.9143,206.2291,17.6653
2020-05-11 01:00:00+00:00,63.4406,82.0661,84.6388,171.1186,12.5627
2020-05-11 02:00:00+00:00,41.1447,48.8595,49.0539,108.4751,13.7476
2020-05-11 03:00:00+00:00,34.8180,41.7652,41.4672,94.3151,15.2848
2020-05-11 04:00:00+00:00,37.1662,44.4979,44.5489,98.8585,11.7118
2020-05-11 05:00:00+00:00,33.9224,38.8863,38.6644,89.6950,10.8287
2020-05-11 06:00:00+00:00,32.4088,35.9521,34.8327,88.9732,4.1913
2020-05-11 07:00:00+00:00,25.5055,29.7097,28.0509,71.0448,0.0000
2020-05-11 08:00:00+00:00,18.2474,19.6499,19.1695,48.5547,0.0000
2020-05-11 09:00:00+00:00,8.0630,7.2111,7.0770,19.7410,0.0000
2020-05-11 10:00:00+00:00,2.9733,1.7810,1.1089,8.6781,0.0000
2020-05-11 11:00:00+00:00,0.1669,0.0000,0.0000,2.9618,0.0000
2020-05-11 12:00:00+00:00,0.0000,0.0000,0.0000,0.0000,0.0000
2020-05-11 13:00:00+00:00,0.0000,0.0000,0.0000,0.0000,4.5479
2020-05-11 14:00:00+00:00,0.0000,0.0000,0.0000,0.0000,9.5812
2020-05-11 15:00:00+00:00,0.0000,0.0000,0.0000,0.0000,8.6020
2020-05-11 16:00:00+00:00,0.0000,0.0000,0.0000,0.0000,17.1476
2020-05-11 17:00:00+00:00,0.0000,0.6143,0.0000,0.1523,29.7323
2020-05-11 18:00:00+00:00,1.3846,2.2220,2.3825,4.9497,25.4265
2020-05-11 19:00:00+00:00,5.3039,9.1880,9.0215,16.0480,12.6795
2020-05-11 20:00:00+00:00,4.2382,4.2403,3.8842,11.3232,7.4841
2020-05-11 21:00:00+00:00,2.0875,1.2694,0.4124,5.9661,5.1701
2020-05-11 22:00:00+00:00,7.1056,5.0216,3.8350,18.5215,13.2963
2020-05-11 23:00:00+00:00,7.9474,11.5817,8.8966,29.2524,40.1079
2020-05-12 00:00:00+00:00,25.8342,29.9610,27.6895,76.5465,74.7038
2020-05-12 01:00:00+00:00,34.5791,39.6808,39.3287,103.7941,61.2976
2020-05-12 02:00:00+00:00,43.9573,48.6806,47.1936,125.0358,77.5658
2020-05-12 03:00:00+00:00,61.3201,69.7664,69.7317,177.4732,79.9000
2020-05-12 04:00:00+00:00,51.4171,54.9455,53.0573,158.2199,76.9601
2020-05-12 05:00:00+00:00,49.0321,44.9021,45.4529,126.5599,29.2955
2020-05-12 06:00:00+00:00,27.5157,23.6643,25.1142,66.3198,25.9943
2020-05-12 07:00:00+00:00,6.9172,5.8537,5.7595,20.6898,16.9793
2020-05-12 08:00:00+00:00,3.4031,2.6757,2.4499,10.8550,16.1766
2020-05-12 09:00:00+00:00,1.0851,0.6276,0.3974,4.3154,12.1715
2020-05-12 10:00:00+00:00,1.7728,1.3825,1.4088,5.3944,18.8849
2020-05-12 11:00:00+00:00,8.2228,8.4813,9.3769,19.1494,17.5768
2020-05-12 12:00:00+00:00,10.9477,10.9698,11.0964,26.8114,8.1944
2020-05-12 13:00:00+00:00,22.5400,24.6010,26.0376,54.0537,12.2840
2020-05-12 14:00:00+00:00,49.1385,50.6667,55.7228,113.2083,22.3405
2020-05-12 15:00:00+00:00,51.0001,52.8041,57.9527,119.0600,31.9788
2020-05-12 16:00:00+00:00,45.6707,49.7681,53.3948,116.2201,38.5495
2020-05-12 17:00:00+00:00,35.0462,40.7387,43.9686,96.5295,61.4518
2020-05-12 18:00:00+00:00,29.2639,37.4147,37.4057,80.1209,75.8103
2020-05-12 19:00:00+00:00,31.5554,39.4766,44.4594,86.6536,78.0253
2020-05-12 20:00:00+00:00,36.0688,32.9726,36.0128,93.7097,79.9000
2020-05-12 21:00:00+00:00,69.0795,49.4950,58.9518,131.7867,74.2779
2020-05-12 22:00:00+00:00,42.2633,62.9220,58.3320,124.0954,52.2996
2020-05-12 23:00:00+00:00,21.5411,25.0960,26.0266,55.7014,11.7582
2020-05-13 00:00:00+00:00,21.7871,28.5598,28.8379,64.2612,26.0602
2020-05-13 01:00:00+00:00,26.2831,30.5195,29.8724,78.1601,36.6814
2020-05-13 02:00:00+00:00,25.7028,31.4456,31.0508,78.8856,35.7905
2020-05-13 03:00:00+00:00,40.8357,49.1670,48.9920,116.9223,29.2643
2020-05-13 04:00:00+00:00,37.6487,44.0244,45.5113,102.6222,24.5035
2020-05-13 05:00:00+00:00,40.2240,47.0074,49.4584,110.4213,19.7590
2020-05-13 06:00:00+00:00,26.9210,32.5317,31.7780,80.9519,21.3634
2020-05-13 07:00:00+00:00,10.0755,13.5131,11.8629,34.9434,32.9313
2020-05-13 08:00:00+00:00,4.1380,5.1330,4.0640,14.7357,32.7408
2020-05-13 09:00:00+00:00,3.1736,4.7648,3.6887,13.4160,27.6555
2020-05-13 10:00:00+00:00,11.2550,12.7573,10.8508,36.4091,26.6391
2020-05-13 11:00:00+00:00,9.8396,11.7983,10.1506,31.7534,14.6003
2020-05-13 12:00:00+00:00,10.9270,11.7091,10.6389,30.9911,9.5522
2020-05-13 13:00:00+00:00,17.7620,17.3065,17.2566,45.4507,7.2194
2020-05-13 14:00:00+00:00,24.7075,25.5700,27.1683,59.5425,13.7929
2020-05-13 15:00:00+00:00,33.2202,36.8010,38.0137,84.3751,23.5110
2020-05-13 16:00:00+00:00,39.7434,47.5079,48.9904,105.3059,45.3170
2020-05-13 17:00:00+00:00,36.9463,46.0161,47.6756,102.3073,32.8307
2020-05-13 18:00:00+00:00,36.0636,45.4523,46.6593,100.4819,34.7030
2020-05-13 19:00:00+00:00,34.6220,43.4996,45.8609,95.5935,46.3141
2020-05-13 20:00:00+00:00,37.2793,44.3166,47.4949,99.2832,50.7401
2020-05-13 21:00:00+00:00,41.2234,48.1270,51.0699,107.3915,47.3707
2020-05-13 22:00:00+00:00,39.0610,45.4943,48.1707,100.4848,42.0340
2020-05-13 23:00:00+00:00,36.3040,41.1793,42.9872,94.6479,52.1440
2020-05-14 00:00:00+00:00,29.5403,33.2200,35.0250,75.5786,43.5690
2020-05-14 01:00:00+00:00,35.5034,43.2596,45.8880,96.4181,60.5986
2020-05-14 02:00:00+00:00,52.4596,66.6037,68.8040,148.0619,50.6466
2020-05-14 03:00:00+00:00,68.2704,76.5383,77.1425,188.9635,56.2037
2020-05-14 04:00:00+00:00,31.9970,35.2850,35.2280,88.7119,51.6752
2020-05-14 05:00:00+00:00,38.7417,42.5904,43.2037,104.2636,62.8990
2020-05-14 06:00:00+00:00,39.5136,41.8142,42.1424,105.1128,46.1073
2020-05-14 07:00:00+00:00,48.2121,55.6760,54.3069,131.4245,18.2040
2020-05-14 08:00:00+00:00,29.3962,34.1340,33.1918,83.2939,5.0405
2020-05-14 09:00:00+00:00,30.2465,32.6960,31.3876,86.5244,2.2184
2020-05-14 10:00:00+00:00,14.9989,19.3622,15.4083,58.4406,4.2640
2020-05-14 11:00:00+00:00,8.1409,8.2060,6.4740,26.8296,0.9960
2020-05-14 12:00:00+00:00,3.1398,3.2969,2.0102,10.5605,0.0000
2020-05-14 13:00:00+00:00,2.3450,3.1179,2.4366,7.5556,0.0000
2020-05-14 14:00:00+00:00,1.9432,2.3473,2.5059,4.9432,0.0000
2020-05-14 15:00:00+00:00,3.2584,4.3313,4.2314,8.8125,0.0000
2020-05-14 16:00:00+00:00,1.7925,2.4795,2.4233,4.8500,2.9874
2020-05-14 17:00:00+00:00,0.4768,0.8472,0.7267,0.0000,4.3147
2020-05-14 18:00:00+00:00,1.3933,1.9703,1.9003,2.7625,3.9521
2020-05-14 19:00:00+00:00,1.3663,2.0454,1.8973,3.1923,3.8635
2020-05-14 20:00:00+00:00,0.0000,0.7924,0.3940,0.0000,4.0336
2020-05-14 21:00:00+00:00,0.0000,0.0000,0.0000,0.0000,1.8226
2020-05-14 22:00:00+00:00,0.0000,0.0000,0.0000,0.0000,0.0000
2020-05-14 23:00:00+00:00,0.0000,0.0000,0.0000,0.0000,0.0000
2020-05-15 00:00:00+00:00,0.0000,0.0000,0.0000,0.0000,6.7334
2020-05-15 01:00:00+00:00,0.0000,0.0000,0.0343,0.0000,40.1032
2020-05-15 02:00:00+00:00,0.0000,0.2251,0.6468,0.0000,31.9431
2020-05-15 03:00:00+00:00,5.0173,10.9009,12.0141,14.1463,74.2548
2020-05-15 04:00:00+00:00,4.3290,16.2897,16.9376,20.3968,45.1593
2020-05-15 05:00:00+00:00,13.8285,15.4023,23.0855,22.0235,25.4483
2020-05-15 06:00:00+00:00,22.8011,25.0587,22.4548,32.6504,19.0544
2020-05-15 07:00:00+00:00,30.8905,29.9641,24.9093,65.7385,13.4965
2020-05-15 08:00:00+00:00,25.8534,32.7825,31.7433,66.0471,8.1918
2020-05-15 09:00:00+00:00,19.7758,19.4104,18.7972,47.8800,11.4579
2020-05-15 10:00:00+00:00,8.9068,9.4555,9.7046,15.4264,7.3209
2020-05-15 11:00:00+00:00,8.2130,6.9114,7.5829,12.9930,9.3003
2020-05-15 12:00:00+00:00,6.9804,3.5476,5.1646,6.8769,17.9454
2020-05-15 13:00:00+00:00,6.0296,0.9468,2.4951,2.0944,12.4071
2020-05-15 14:00:00+00:00,4.9503,0.0000,0.0000,0.0000,13.8642
2020-05-15 15:00:00+00:00,0.9510,0.0000,0.0000,0.0000,10.8625
2020-05-15 16:00:00+00:00,0.0000,0.0000,0.0000,0.0000,9.9257
2020-05-15 17:00:00+00:00,0.0000,0.0000,0.0000,0.0000,8.8598
2020-05-15 18:00:00+00:00,0.0433,0.0000,0.0000,0.0000,34.4188
2020-05-15 19:00:00+00:00,0.0000,0.0000,0.0000,0.0000,6.6343
2020-05-15 20:00:00+00:00,0.0000,0.2476,0.0000,0.2945,14.9157
2020-05-15 21:00:00+00:00,1.5387,4.8473,5.5284,10.2740,41.4908
2020-05-15 22:00:00+00:00,41.5236,44.7545,59.4085,87.1313,20.4330
2020-05-15 23:00:00+00:00,1.3499,1.9823,3.6783,0.0000,6.5327
2020-05-16 00:00:00+00:00,0.8354,3.3635,3.9419,4.2226,0.0000
2020-05-16 01:00:00+00:00,10.6709,9.8863,10.0560,27.7454,4.7901
2020-05-16 02:00:00+00:00,15.6706,12.1470,11.6785,37.8608,37.1080
2020-05-16 03:00:00+00:00,23.3372,16.0030,15.3813,54.0880,11.6736
2020-05-16 04:00:00+00:00,19.5734,16.4319,15.4905,50.6527,0.0000
2020-05-16 05:00:00+00:00,28.8089,27.8105,25.9576,79.4421,1.6604
2020-05-16 06:00:00+00:00,36.0981,35.3657,35.7104,95.1728,7.1727
2020-05-16 07:00:00+00:00,26.9912,24.3095,24.7668,66.3158,12.6671
2020-05-16 08:00:00+00:00,21.4540,18.0637,19.1850,47.8902,11.1069
2020-05-16 09:00:00+00:00,21.9562,18.0363,18.5173,50.7895,18.2156
2020-05-16 10:00:00+00:00,22.6286,17.5580,17.4110,54.3852,9.9160
2020-05-16 11:00:00+00:00,16.3665,12.4614,12.4193,38.8627,8.7900
2020-05-16 12:00:00+00:00,13.7140,10.3881,10.4608,31.9153,9.2411
2020-05-16 13:00:00+00:00,16.7675,14.6920,15.5341,39.2497,18.3219
2020-05-16 14:00:00+00:00,17.0189,15.5576,15.7821,41.3417,14.5324
2020-05-16 15:00:00+00:00,11.6938,12.0719,12.2424,30.1564,7.4666
2020-05-16 16:00:00+00:00,6.9850,7.4755,7.5872,17.8650,4.0257
2020-05-16 17:00:00+00:00,5.7354,6.3455,6.6651,15.3875,4.3512
2020-05-16 18:00:00+00:00,5.6696,6.5240,6.8224,14.4023,1.6572
2020-05-16 19:00:00+00:00,5.0901,5.8136,5.8760,13.3171,3.7774
2020-05-16 20:00:00+00:00,2.8240,3.1666,3.2998,7.4249,1.6972
2020-05-16 21:00:00+00:00,2.2372,2.5472,2.5051,5.6831,2.0103
2020-05-16 22:00:00+00:00,0.2817,0.0000,0.0000,0.0000,0.0000
2020-05-16 23:00:00+00:00,0.3062,0.0000,0.0000,0.1903,0.0000
2020-05-17 00:00:00+00:00,1.2456,1.2834,0.4214,4.1182,0.0000
2020-05-17 01:00:00+00:00,1.3663,1.5132,0.1067,6.1172,0.0000
2020-05-17 02:00:00+00:00,2.1867,2.9857,2.0094,9.0905,0.0000
2020-05-17 03:00:00+00:00,2.0132,3.0636,1.8711,9.1274,0.0000
2020-05-17 04:00:00+00:00,3.2888,4.7423,3.3516,13.5886,0.0000
2020-05-17 05:00:00+00:00,2.5566,3.2421,1.8784,11.1081,0.0000
2020-05-17 06:00:00+00:00,1.1944,1.2458,0.0000,6.8605,0.0000
2020-05-17 07:00:00+00:00,0.0000,0.0000,0.0000,0.0000,2.4509
2020-05-17 08:00:00+00:00,0.0000,0.0000,0.0000,0.0000,3.0024
2020-05-17 09:00:00+00:00,0.0000,0.0000,0.0000,3.2312,3.9044
2020-05-17 10:00:00+00:00,0.0000,0.0000,0.0000,0.0000,1.9451
2020-05-17 11:00:00+00:00,0.0000,0.0000,0.0000,0.0000,3.6006
2020-05-17 12:00:00+00:00,0.0000,0.0000,0.0000,0.0000,2.5887
2020-05-17 13:00:00+00:00,0.0000,0.0000,0.0000,0.0000,0.0000
2020-05-17 14:00:00+00:00,0.1511,0.0000,0.0000,0.0000,0.1025
2020-05-17 15:00:00+00:00,0.3072,0.0000,0.0705,0.0000,0.0000
2020-05-17 16:00:00+00:00,1.3160,0.2069,1.3598,0.8192,0.0000
2020-05-17 17:00:00+00:00,2.3304,2.6415,3.5779,4.9710,0.0000
2020-05-17 18:00:00+00:00,2.4633,2.6263,3.6711,4.4930,0.0000
2020-05-17 19:00:00+00:00,1.9020,1.9278,2.9281,3.1743,0.0000
2020-05-17 20:00:00+00:00,0.7398,0.0000,0.8140,0.0000,0.0000
2020-05-17 21:00:00+00:00,1.1961,0.0000,1.1740,0.0000,0.0000
2020-05-17 22:00:00+00:00,0.5306,0.0000,0.3657,0.0000,0.0000
2020-05-17 23:00:00+00:00,0.8446,0.0052,1.4097,0.0000,6.9354
2020-05-18 00:00:00+00:00,1.1506,1.9965,2.9104,0.8226,16.1045
2020-05-18 01:00:00+00:00,1.0157,3.2804,5.1081,0.8773,12.3821
2020-05-18 02:00:00+00:00,1.0642,4.4410,5.6553,3.7583,5.0087
2020-05-18 03:00:00+00:00,1.0473,3.0707,4.1780,3.3491,9.8028
2020-05-18 04:00:00+00:00,0.1348,2.7524,3.9178,0.0000,11.4480
2020-05-18 05:00:00+00:00,0.0000,2.0061,2.8955,0.0000,6.7612
2020-05-18 06:00:00+00:00,1.8759,2.0330,3.8194,3.5974,0.0000
2020-05-18 07:00:00+00:00,38.2744,59.8150,64.0389,118.5799,8.1403
2020-05-18 08:00:00+00:00,27.6221,42.7801,54.5591,79.4872,19.0722
2020-05-18 09:00:00+00:00,30.0419,45.4470,61.9003,79.4030,9.4774
2020-05-18 10:00:00+00:00,25.1374,40.7778,56.0711,68.0934,7.3708
2020-05-18 11:00:00+00:00,19.8749,29.2632,48.6151,40.7409,14.7751
2020-05-18 12:00:00+00:00,13.6882,20.5718,31.6798,26.1785,23.7722
2020-05-18 13:00:00+00:00,11.9143,15.4169,24.3158,20.7860,11.2050
2020-05-18 14:00:00+00:00,9.3284,10.0163,14.6508,17.2165,12.2916
2020-05-18 15:00:00+00:00,9.2716,9.4745,12.4717,18.7938,4.0317
2020-05-18 16:00:00+00:00,6.8802,6.9374,9.2417,13.9640,3.6151
2020-05-18 17:00:00+00:00,5.1439,5.2633,6.9055,10.5974,3.3634
2020-05-18 18:00:00+00:00,4.2291,4.3629,5.6175,8.8869,2.7295
2020-05-18 19:00:00+00:00,1.8238,1.9580,2.6850,3.8213,1.9098
2020-05-18 20:00:00+00:00,3.9156,4.4215,5.6203,8.9003,2.8679
2020-05-18 21:00:00+00:00,4.0723,4.3611,5.7672,8.7555,0.1609
2020-05-18 22:00:00+00:00,9.9729,11.3675,13.7957,24.2409,1.4953
2020-05-18 23:00:00+00:00,11.1212,13.3486,15.5612,28.3514,2.0289
2020-05-19 00:00:00+00:00,15.1201,16.9335,19.3345,38.2141,19.8382
2020-05-19 01:00:00+00:00,33.3485,37.2749,42.0027,81.3791,17.9932
2020-05-19 02:00:00+00:00,41.6358,65.3405,70.6375,121.9138,19.3293
2020-05-19 03:00:00+00:00,46.8346,87.8506,87.4059,161.8397,35.7776
2020-05-19 04:00:00+00:00,58.2636,93.4796,100.7481,176.8148,24.4391
2020-05-19 05:00:00+00:00,52.1447,86.5154,97.6934,150.9391,16.4795
2020-05-19 06:00:00+00:00,59.7648,95.4133,101.6621,171.3500,20.9174
2020-05-19 07:00:00+00:00,60.1822,95.6796,102.1084,176.0505,4.8358
2020-05-19 08:00:00+00:00,38.2207,74.1674,81.9083,120.5264,7.2641
2020-05-19 09:00:00+00:00,26.3963,57.4528,64.3359,92.9316,3.9727
2020-05-19 10:00:00+00:00,28.7126,61.2288,72.9688,94.5274,0.5891
2020-05-19 11:00:00+00:00,18.3821,35.7211,47.6189,52.5812,0.0000
2020-05-19 12:00:00+00:00,16.3564,27.7769,35.9941,41.1527,0.0000
2020-05-19 13:00:00+00:00,15.8142,22.5302,28.6108,35.7632,0.0000
2020-05-19 14:00:00+00:00,16.1234,19.6664,24.3655,34.5944,3.1165
2020-05-19 15:00:00+00:00,14.0645,16.3172,20.2479,30.1465,4.5656
2020-05-19 16:00:00+00:00,9.4464,10.3820,12.7626,20.1302,5.9460
2020-05-19 17:00:00+00:00,9.4585,10.4194,11.9011,21.4326,4.4511
2020-05-19 18:00:00+00:00,10.5879,10.4210,12.7792,22.8931,4.3437
2020-05-19 19:00:00+00:00,5.0942,5.4349,6.5117,10.8276,0.0000
2020-05-19 20:00:00+00:00,5.6849,6.9347,7.8161,13.4403,0.0000
2020-05-19 21:00:00+00:00,5.2229,7.8505,8.8267,14.9385,0.0000
2020-05-19 22:00:00+00:00,1.6088,2.2381,2.9484,3.7176,0.0000
2020-05-19 23:00:00+00:00,0.9975,2.3796,2.6493,3.9950,3.2356
2020-05-20 00:00:00+00:00,1.3230,6.4469,4.7229,14.0356,9.2043
2020-05-20 01:00:00+00:00,8.3716,15.9539,16.3310,31.8625,21.3824
2020-05-20 02:00:00+00:00,7.0379,15.9050,18.2333,27.5438,24.6779
2020-05-20 03:00:00+00:00,7.8280,22.7672,27.0900,34.9305,26.5091
2020-05-20 04:00:00+00:00,4.4848,15.4956,17.8356,21.1733,49.6282
2020-05-20 05:00:00+00:00,0.0000,2.4229,2.4774,0.0000,53.5035
2020-05-20 06:00:00+00:00,0.0000,0.0000,0.0000,0.0000,65.7343
2020-05-20 07:00:00+00:00,9.4543,7.6783,8.9356,13.7616,77.6768
2020-05-20 08:00:00+00:00,25.8744,32.7048,30.8816,73.6306,78.0157
2020-05-20 09:00:00+00:00,20.9531,31.8576,29.7873,74.9924,75.5359
2020-05-20 10:00:00+00:00,9.4307,13.9374,12.6826,32.9754,15.1501
2020-05-20 11:00:00+00:00,10.0446,14.6167,12.5789,35.6351,5.1516
2020-05-20 12:00:00+00:00,5.9424,6.9830,5.3035,19.2012,5.5059
2020-05-20 13:00:00+00:00,3.4496,2.4999,1.8844,8.1386,7.0669
2020-05-20 14:00:00+00:00,0.2506,0.1883,0.1009,0.0000,8.7816
2020-05-20 15:00:00+00:00,0.0000,0.0000,0.0000,0.0000,10.4143
2020-05-20 16:00:00+00:00,0.0000,0.0000,0.0000,0.0000,8.0864
2020-05-20 17:00:00+00:00,0.0000,0.0000,0.4713,0.0000,4.9436
2020-05-20 18:00:00+00:00,0.0000,0.0000,0.0000,0.0000,2.9852
2020-05-20 19:00:00+00:00,0.0000,0.0000,0.0000,0.0000,3.1127
2020-05-20 20:00:00+00:00,0.0000,0.0000,0.0000,0.0000,0.0000
2020-05-20 21:00:00+00:00,0.0000,0.0000,0.0000,0.0000,3.9386
2020-05-20 22:00:00+00:00,0.6961,0.0000,0.4728,0.0000,1.1426
2020-05-20 23:00:00+00:00,1.5323,1.3614,1.9713,2.1395,0.0000
2020-05-21 00:00:00+00:00,0.0000,0.0000,0.0000,0.0000,7.1618
2020-05-21 01:00:00+00:00,0.9487,1.6363,2.3978,0.0000,8.6661
2020-05-21 02:00:00+00:00,13.8930,12.9725,17.7159,17.6019,21.9378
2020-05-21 03:00:00+00:00,62.8351,64.9659,55.7348,158.3691,43.4119
2020-05-21 04:00:00+00:00,64.3322,64.3808,71.5753,157.1157,36.9314
2020-05-21 05:00:00+00:00,67.1832,79.4443,81.8718,186.6739,78.6321
2020-05-21 06:00:00+00:00,59.4915,69.2792,70.3609,162.0053,79.9000
2020-05-21 07:00:00+00:00,57.1156,69.8965,69.9981,158.3556,77.4045
2020-05-21 08:00:00+00:00,57.2671,73.9933,72.4810,168.3316,71.4626
2020-05-21 09:00:00+00:00,67.6202,83.8983,81.0378,200.3816,44.0283
2020-05-21 10:00:00+00:00,44.8510,59.1662,53.6335,150.1367,32.6739
2020-05-21 11:00:00+00:00,26.0113,28.8037,25.3916,82.5500,15.0780
2020-05-21 12:00:00+00:00,24.4958,30.1544,25.9697,84.1394,1.2350
2020-05-21 13:00:00+00:00,21.8198,27.6391,26.1276,65.5537,0.0000
2020-05-21 14:00:00+00:00,14.2819,19.9751,19.1940,42.4328,0.0000
2020-05-21 15:00:00+00:00,7.2426,10.7603,10.8832,21.0730,0.0000
2020-05-21 16:00:00+00:00,2.5021,4.0505,4.1062,7.9140,0.0000
2020-05-21 17:00:00+00:00,0.3882,1.4640,1.3804,2.2103,0.0000
2020-05-21 18:00:00+00:00,0.9729,1.9236,1.7318,3.1889,1.4241
2020-05-21 19:00:00+00:00,1.3819,2.2424,2.1336,4.0499,2.0860
2020-05-21 20:00:00+00:00,1.9027,2.8368,2.8516,5.6109,2.8045
2020-05-21 21:00:00+00:00,2.5463,3.7160,3.7260,7.7518,0.0000
2020-05-21 22:00:00+00:00,2.6207,3.8678,3.8448,7.9583,0.0000
2020-05-21 23:00:00+00:00,3.7217,5.3708,5.6185,10.6389,0.0000
2020-05-22 00:00:00+00:00,4.1442,5.0824,4.8368,12.8400,0.0000
2020-05-22 01:00:00+00:00,10.3148,14.8479,13.8369,33.0622,0.0000
2020-05-22 02:00:00+00:00,18.5895,21.4429,20.4619,52.0729,2.2388
2020-05-22 03:00:00+00:00,25.5073,29.7091,27.7131,70.2200,26.7541
2020-05-22 04:00:00+00:00,22.0225,25.7626,23.4921,62.7002,76.5128
2020-05-22 05:00:00+00:00,29.1573,32.3915,30.9577,79.8754,77.8959
2020-05-22 06:00:00+00:00,52.9233,60.1174,60.3347,142.8308,77.0908
2020-05-22 07:00:00+00:00,69.1422,82.0159,80.3522,197.8923,78.9451
2020-05-22 08:00:00+00:00,77.0472,95.2297,95.9631,207.1193,79.9000
2020-05-22 09:00:00+00:00,78.5506,96.8678,101.3932,211.4327,79.9000
2020-05-22 10:00:00+00:00,76.8203,91.9180,88.1626,206.0549,79.6243
2020-05-22 11:00:00+00:00,47.5066,48.5760,44.4822,134.8077,75.7300
2020-05-22 12:00:00+00:00,38.0056,43.0659,38.0238,121.8528,59.1163
2020-05-22 13:00:00+00:00,26.3832,30.5432,26.2200,86.4983,23.3444
2020-05-22 14:00:00+00:00,16.6641,19.1381,16.2646,54.7365,3.4049
2020-05-22 15:00:00+00:00,9.6530,12.0251,10.6457,31.3172,0.0000
2020-05-22 16:00:00+00:00,8.5259,10.8794,11.2048,25.7809,0.0000
2020-05-22 17:00:00+00:00,7.0495,9.7113,10.6735,19.9815,0.0000
2020-05-22 18:00:00+00:00,7.3973,11.0659,11.8059,21.6653,0.0000
2020-05-22 19:00:00+00:00,3.2427,5.3285,5.5900,10.2132,0.0000
2020-05-22 20:00:00+00:00,3.1798,5.0756,5.2815,10.3709,0.0000
2020-05-22 21:00:00+00:00,4.7203,6.9863,6.9065,14.7967,0.0000
2020-05-22 22:00:00+00:00,3.9851,5.3993,5.5614,11.6720,2.9510
2020-05-22 23:00:00+00:00,3.8738,4.9326,4.7428,11.3368,0.0000
2020-05-23 00:00:00+00:00,6.2407,7.2959,6.5729,19.3582,0.0000
2020-05-23 01:00:00+00:00,6.4893,8.9145,6.7522,25.4436,0.0000
2020-05-23 02:00:00+00:00,11.1883,14.7743,11.1253,43.9553,0.0000
2020-05-23 03:00:00+00:00,17.8032,24.4029,19.6994,66.3507,0.0000
2020-05-23 04:00:00+00:00,32.8119,43.1914,37.8155,113.9635,0.0000
2020-05-23 05:00:00+00:00,12.8801,18.3685,13.8332,52.9105,4.0098
2020-05-23 06:00:00+00:00,9.5859,8.8099,8.1702,23.5235,2.8409
2020-05-23 07:00:00+00:00,4.8824,2.7338,3.5795,6.5160,26.1911
2020-05-23 08:00:00+00:00,2.9048,7.2703,3.7824,20.9135,25.2761
2020-05-23 09:00:00+00:00,15.7128,42.1988,39.2444,75.0346,16.2195
2020-05-23 10:00:00+00:00,39.5505,68.3282,69.2727,133.6956,0.5002
2020-05-23 11:00:00+00:00,25.0389,43.3908,53.5569,75.8774,0.0000
2020-05-23 12:00:00+00:00,27.9581,39.7811,52.9260,68.8024,0.0000
2020-05-23 13:00:00+00:00,25.6401,32.5378,40.6470,57.7837,0.0000
2020-05-23 14:00:00+00:00,23.3072,26.6941,31.8769,53.3259,3.6816
2020-05-23 15:00:00+00:00,17.7055,19.4196,22.8171,40.4265,3.4270
2020-05-23 16:00:00+00:00,16.0303,17.7027,19.3664,39.8206,5.2875
2020-05-23 17:00:00+00:00,10.9961,13.3125,14.1775,30.0026,4.9702
2020-05-23 18:00:00+00:00,9.4232,12.6918,13.2551,29.1310,6.7315
2020-05-23 19:00:00+00:00,8.4351,11.0870,11.7346,24.3783,21.2524
2020-05-23 20:00:00+00:00,6.2625,8.7224,9.6614,18.6179,29.4771
2020-05-23 21:00:00+00:00,7.5364,10.5031,11.4878,22.2187,29.0965
2020-05-23 22:00:00+00:00,8.6154,11.1853,12.3917,24.1880,29.6428
2020-05-23 23:00:00+00:00,8.5695,10.5253,12.5646,22.2178,20.0021
2020-05-24 00:00:00+00:00,11.1835,12.7200,15.2424,27.5456,18.6488
2020-05-24 01:00:00+00:00,18.8616,27.0207,33.4407,47.4092,11.1924
2020-05-24 02:00:00+00:00,26.9900,40.1073,52.6050,68.9651,0.0000
2020-05-24 03:00:00+00:00,18.0451,32.1686,44.9697,47.5515,23.6623
2020-05-24 04:00:00+00:00,8.6853,20.7797,28.0943,24.6017,47.9531
2020-05-24 05:00:00+00:00,3.5439,12.2538,15.5485,10.0549,75.6363
2020-05-24 06:00:00+00:00,49.4727,33.0601,44.6576,42.6794,78.3143
2020-05-24 07:00:00+00:00,77.7929,70.8540,64.0374,153.3788,78.1845
2020-05-24 08:00:00+00:00,78.2870,76.0826,64.3395,171.1057,76.3461
2020-05-24 09:00:00+00:00,76.9538,58.7956,46.6399,135.9266,60.6949
2020-05-24 10:00:00+00:00,49.8611,38.7063,37.6381,73.9112,29.7518
2020-05-24 11:00:00+00:00,20.9318,13.3412,12.1275,21.4950,18.5819
2020-05-24 12:00:00+00:00,1.2859,0.0000,0.0000,0.0000,24.3164
2020-05-24 13:00:00+00:00,0.0000,0.0000,0.0000,0.0000,16.7965
2020-05-24 14:00:00+00:00,0.0000,0.0000,0.0000,0.0000,17.1762
2020-05-24 15:00:00+00:00,0.0000,0.0000,0.0000,0.0000,13.3179
2020-05-24 16:00:00+00:00,0.0000,0.0000,0.0000,0.0000,9.7050
2020-05-24 17:00:00+00:00,0.0000,0.0000,0.0000,0.0000,8.1303
2020-05-24 18:00:00+00:00,0.0000,0.0000,0.0000,0.0000,6.4867
2020-05-24 19:00:00+00:00,0.0000,0.0000,0.0000,3.7820,16.2365
2020-05-24 20:00:00+00:00,2.5190,2.3125,0.3990,11.1347,17.6279
2020-05-24 21:00:00+00:00,8.7208,8.9013,7.0965,26.7238,22.2736
2020-05-24 22:00:00+00:00,12.0328,14.6422,15.1906,31.6489,27.4961
2020-05-24 23:00:00+00:00,15.5116,18.0436,19.6087,37.7880,31.4134
2020-05-25 00:00:00+00:00,23.1447,21.8818,28.5971,43.5272,24.6532
2020-05-25 01:00:00+00:00,36.7376,35.9232,35.3917,70.2786,21.2706
2020-05-25 02:00:00+00:00,56.1454,60.6882,51.6242,148.2102,48.9170
2020-05-25 03:00:00+00:00,69.7207,76.8118,65.2862,189.6632,61.8651
2020-05-25 04:00:00+00:00,77.0638,88.6540,75.6444,204.2591,64.2557
2020-05-25 05:00:00+00:00,79.1675,96.0738,83.1418,208.8675,58.7586
2020-05-25 06:00:00+00:00,78.1180,95.0968,75.7739,206.4163,74.0881
2020-05-25 07:00:00+00:00,78.8596,95.4923,78.6789,206.6006,71.3995
2020-05-25 08:00:00+00:00,80.1492,96.8283,90.5163,207.2451,75.4878
2020-05-25 09:00:00+00:00,81.0000,98.0169,100.8357,211.2208,44.3509
2020-05-25 10:00:00+00:00,78.7612,81.6122,72.3735,153.2249,60.6549
2020-05-25 11:00:00+00:00,76.8744,69.7163,60.3652,127.3491,29.2904
2020-05-25 12:00:00+00:00,34.1297,25.1641,26.7292,44.0745,49.4304
2020-05-25 13:00:00+00:00,11.0163,3.7644,6.0036,4.9107,24.0878
2020-05-25 14:00:00+00:00,2.4346,0.0000,0.0000,0.0000,19.8509
2020-05-25 15:00:00+00:00,1.7964,0.0000,0.0000,0.0000,23.4656
2020-05-25 16:00:00+00:00,1.2439,1.3218,1.2057,0.5330,13.8921
2020-05-25 17:00:00+00:00,2.2083,0.0000,0.6087,0.0000,13.6546
2020-05-25 18:00:00+00:00,5.6106,3.1500,4.0319,7.7350,9.3381
2020-05-25 19:00:00+00:00,0.0000,0.0000,0.0000,0.0000,6.0551
2020-05-25 20:00:00+00:00,0.0000,0.0000,0.0000,0.0000,4.1655
2020-05-25 21:00:00+00:00,0.0000,0.0000,0.0000,0.0000,0.0000
2020-05-25 22:00:00+00:00,0.0000,0.0000,0.0000,0.0000,3.0361
2020-05-25 23:00:00+00:00,0.0000,0.0000,0.0000,0.0000,2.0000
2020-05-26 00:00:00+00:00,0.0000,0.0000,0.0000,0.0000,2.4984
2020-05-26 01:00:00+00:00,0.0000,0.0000,0.0000,0.0000,0.0000
2020-05-26 02:00:00+00:00,0.0000,0.0000,0.0000,0.0000,2.2932
2020-05-26 03:00:00+00:00,0.0000,0.0000,0.0000,0.0000,3.3214
2020-05-26 04:00:00+00:00,5.4148,3.2618,4.2480,5.1096,12.8971
2020-05-26 05:00:00+00:00,10.9610,7.5209,8.9196,14.5434,15.3698
2020-05-26 06:00:00+00:00,14.2470,12.1763,13.2450,27.8668,12.8186
2020-05-26 07:00:00+00:00,11.5112,11.6607,11.2758,28.5906,10.7344
2020-05-26 08:00:00+00:00,8.6634,9.8471,9.4120,24.1249,6.9608
2020-05-26 09:00:00+00:00,3.7337,4.6837,4.1490,12.2434,5.7296
2020-05-26 10:00:00+00:00,4.3036,7.4712,7.0646,16.9545,0.0000
2020-05-26 11:00:00+00:00,1.8883,3.0081,2.7426,6.5030,0.0000
2020-05-26 12:00:00+00:00,0.0000,0.0000,0.0000,0.0000,0.0000
2020-05-26 13:00:00+00:00,0.0000,0.0000,0.0000,0.0000,0.0000
2020-05-26 14:00:00+00:00,0.0000,0.0000,0.0000,0.0000,0.0000
2020-05-26 15:00:00+00:00,0.0000,0.0000,0.0000,0.0000,0.0000
2020-05-26 16:00:00+00:00,0.0000,0.0000,0.0000,0.0000,0.0000
2020-05-26 17:00:00+00:00,0.0000,0.0000,0.0000,0.0000,1.1375
2020-05-26 18:00:00+00:00,0.0000,0.0000,0.0000,0.0000,2.3005
2020-05-26 19:00:00+00:00,1.0491,1.0904,1.8588,0.0000,2.9500
2020-05-26 20:00:00+00:00,0.0000,0.0041,0.9623,0.0000,3.0990
2020-05-26 21:00:00+00:00,0.0000,0.0000,0.5050,0.0000,2.0379
2020-05-26 22:00:00+00:00,0.0000,0.0000,0.0000,0.0000,1.8814
2020-05-26 23:00:00+00:00,0.0000,0.0000,0.0000,0.0000,0.0000
2020-05-27 00:00:00+00:00,0.0000,0.0000,0.0000,0.0000,0.0000
2020-05-27 01:00:00+00:00,0.0000,0.0000,0.0000,0.0000,0.0000
2020-05-27 02:00:00+00:00,0.0000,0.0000,0.0000,0.0000,0.0000
2020-05-27 03:00:00+00:00,0.0000,0.0000,0.0000,0.0000,6.8288
2020-05-27 04:00:00+00:00,0.0000,0.0000,0.0000,0.0000,17.7619
2020-05-27 05:00:00+00:00,3.8454,4.1027,2.8292,11.1532,37.1109
2020-05-27 06:00:00+00:00,9.8818,12.6422,11.1041,33.3164,40.5568
2020-05-27 07:00:00+00:00,19.4936,24.9952,25.1594,59.3623,76.0339
2020-05-27 08:00:00+00:00,21.1391,24.2201,24.4814,56.7928,69.8581
2020-05-27 09:00:00+00:00,21.0959,24.0590,24.4239,55.0727,58.4288
2020-05-27 10:00:00+00:00,19.8160,26.2344,24.7521,59.0609,39.7255
2020-05-27 11:00:00+00:00,9.6763,13.7573,11.6412,32.4554,24.6537
2020-05-27 12:00:00+00:00,5.1896,5.7945,4.6507,14.6279,12.3454
2020-05-27 13:00:00+00:00,2.7115,3.0932,2.4378,6.6170,7.1889
2020-05-27 14:00:00+00:00,0.9383,0.8739,0.7643,0.0000,7.6222
2020-05-27 15:00:00+00:00,0.0000,0.0000,0.0000,0.0000,4.7579
2020-05-27 16:00:00+00:00,0.0000,0.0000,0.0000,0.0000,3.9259
2020-05-27 17:00:00+00:00,0.0000,0.0000,0.0000,0.0000,3.3497
2020-05-27 18:00:00+00:00,0.0000,0.0000,0.0000,0.0000,3.0393
2020-05-27 19:00:00+00:00,0.0000,0.0000,0.0000,0.0000,3.9224
2020-05-27 20:00:00+00:00,0.0000,0.0000,0.0000,0.0000,2.9508
2020-05-27 21:00:00+00:00,2.9647,2.8431,3.3103,0.0000,8.0961
2020-05-27 22:00:00+00:00,0.0000,8.9458,14.4464,7.8583,8.5141
2020-05-27 23:00:00+00:00,0.4636,0.0000,0.0000,0.0000,12.5773
2020-05-28 00:00:00+00:00,0.0000,0.0000,0.0000,0.0000,12.1734
2020-05-28 01:00:00+00:00,0.0000,0.0000,0.0000,0.0000,17.6678
2020-05-28 02:00:00+00:00,13.5543,12.7037,9.9263,33.4999,48.9264
2020-05-28 03:00:00+00:00,23.0686,24.4318,21.7489,65.9161,66.6512
2020-05-28 04:00:00+00:00,23.0108,27.4672,24.5977,73.9735,75.8586
2020-05-28 05:00:00+00:00,22.9211,30.7790,26.4020,78.7000,74.8127
2020-05-28 06:00:00+00:00,24.3229,31.2118,27.0410,84.2006,63.7874
2020-05-28 07:00:00+00:00,28.7545,35.2824,31.5024,91.6883,46.2095
2020-05-28 08:00:00+00:00,40.9088,51.0281,45.2820,129.7333,33.0341
2020-05-28 09:00:00+00:00,39.1155,50.2347,54.8903,117.6571,21.8494
2020-05-28 10:00:00+00:00,33.9314,41.3851,39.8358,96.8143,18.8148
2020-05-28 11:00:00+00:00,21.2053,24.2091,23.2196,61.5913,16.6110
2020-05-28 12:00:00+00:00,16.3560,19.6557,18.3693,46.1444,23.6197
2020-05-28 13:00:00+00:00,13.0531,15.6478,15.4126,33.4405,38.7285
2020-05-28 14:00:00+00:00,8.7729,9.6668,11.8669,16.0986,52.3049
2020-05-28 15:00:00+00:00,7.1559,9.0618,10.1497,14.3231,46.7133
2020-05-28 16:00:00+00:00,4.8001,4.5837,5.9665,7.6262,32.2094
2020-05-28 17:00:00+00:00,5.1191,4.7587,6.7331,7.9435,25.4563
2020-05-28 18:00:00+00:00,6.5536,6.0414,8.2986,12.0354,41.7449
2020-05-28 19:00:00+00:00,6.5101,5.6849,7.5276,10.8436,35.1620
2020-05-28 20:00:00+00:00,4.8010,4.4074,6.2433,8.5330,57.8375
2020-05-28 21:00:00+00:00,4.2887,4.1108,6.0229,7.3323,72.9770
2020-05-28 22:00:00+00:00,5.7846,3.7270,5.8702,6.2923,76.6221
2020-05-28 23:00:00+00:00,15.6038,13.0281,16.4231,28.7625,79.4773
2020-05-29 00:00:00+00:00,48.0815,50.6135,54.4007,100.9076,76.8585
2020-05-29 01:00:00+00:00,60.6094,73.6225,77.1346,134.5283,73.1378
2020-05-29 02:00:00+00:00,76.9272,95.0458,101.0942,180.1675,73.6945
2020-05-29 03:00:00+00:00,72.8286,87.8249,99.7915,175.3312,70.7546
2020-05-29 04:00:00+00:00,53.4026,59.1937,73.0031,117.9246,32.1552
2020-05-29 05:00:00+00:00,63.3234,65.8876,87.2935,130.2845,26.3616
2020-05-29 06:00:00+00:00,48.3725,46.5754,67.0010,97.8003,22.1575
2020-05-29 07:00:00+00:00,37.1772,27.1737,44.9488,59.5170,47.5246
2020-05-29 08:00:00+00:00,34.0236,24.1505,42.6698,46.8220,75.5388
2020-05-29 09:00:00+00:00,36.6243,35.1785,54.8034,49.5465,63.0172
2020-05-29 10:00:00+00:00,41.7100,47.6515,60.6372,77.6890,59.2920
2020-05-29 11:00:00+00:00,41.6830,47.6570,58.9055,74.6215,38.8328
2020-05-29 12:00:00+00:00,40.3267,46.8223,50.5626,79.2777,51.4429
2020-05-29 13:00:00+00:00,41.8988,45.9842,49.2012,81.5702,34.8330
2020-05-29 14:00:00+00:00,43.0020,47.4911,55.5602,89.0833,23.5994
2020-05-29 15:00:00+00:00,24.0008,29.4291,33.1539,56.6962,12.4417
2020-05-29 16:00:00+00:00,22.4246,28.2948,32.8834,52.0827,11.6809
2020-05-29 17:00:00+00:00,11.1809,15.3390,17.7884,24.8118,9.8538
2020-05-29 18:00:00+00:00,17.5341,19.6867,22.0992,34.9763,3.4676
2020-05-29 19:00:00+00:00,9.8889,10.7908,12.0725,23.8267,47.8468
2020-05-29 20:00:00+00:00,7.3486,7.7255,10.5829,14.3384,0.0000
2020-05-29 21:00:00+00:00,4.2566,4.7237,5.7087,9.3451,13.2604
2020-05-29 22:00:00+00:00,8.0354,10.1257,10.4031,19.4367,22.4819
2020-05-29 23:00:00+00:00,13.1544,16.6789,15.5820,33.9655,24.2064
2020-05-30 00:00:00+00:00,18.5393,21.3734,20.6696,44.9886,50.0880
2020-05-30 01:00:00+00:00,40.0557,50.7168,41.5382,97.3493,27.7957
2020-05-30 02:00:00+00:00,34.3501,49.0710,45.8630,123.5467,30.5162
2020-05-30 03:00:00+00:00,45.0762,56.9449,47.3868,141.2687,69.5209
2020-05-30 04:00:00+00:00,38.6011,42.0779,34.7456,110.8832,75.8282
2020-05-30 05:00:00+00:00,39.6406,48.5585,41.8124,104.9211,78.0070
2020-05-30 06:00:00+00:00,61.9087,74.4259,62.0207,164.8263,79.1362
2020-05-30 07:00:00+00:00,78.5249,98.3801,98.7970,210.6957,79.9000
2020-05-30 08:00:00+00:00,81.0000,100.5000,104.7776,215.2000,77.0709
2020-05-30 09:00:00+00:00,79.7945,97.0486,101.8542,209.4452,76.4546
2020-05-30 10:00:00+00:00,70.9063,70.4393,68.8040,178.8337,43.8577
2020-05-30 11:00:00+00:00,49.7412,52.1723,51.9491,128.9872,31.7456
2020-05-30 12:00:00+00:00,32.1789,34.2025,32.4720,89.7211,20.2660
2020-05-30 13:00:00+00:00,23.1105,24.7234,23.4768,65.8655,12.3617
2020-05-30 14:00:00+00:00,16.4907,18.2124,15.7907,50.1077,11.4245
2020-05-30 15:00:00+00:00,11.6928,13.5780,12.2835,35.0096,8.1440
2020-05-30 16:00:00+00:00,12.0743,13.8068,13.6893,33.3671,8.1880
2020-05-30 17:00:00+00:00,8.2718,10.4945,11.6325,21.8688,12.9551
2020-05-30 18:00:00+00:00,8.7799,10.7582,11.6337,22.8552,8.7586
2020-05-30 19:00:00+00:00,9.3444,10.1723,12.1115,21.8060,13.9212
2020-05-30 20:00:00+00:00,8.4492,9.1280,11.3391,17.2663,17.6448
2020-05-30 21:00:00+00:00,8.8119,10.2875,12.8750,18.0515,20.9921
2020-05-30 22:00:00+00:00,18.4737,22.7896,27.2542,40.4980,61.3792
2020-05-30 23:00:00+00:00,40.5425,48.0454,51.4366,104.1131,75.4767
2020-05-31 00:00:00+00:00,31.8821,38.2876,36.7906,87.8147,75.8008
2020-05-31 01:00:00+00:00,27.2650,51.5319,50.9782,103.5599,78.3234
2020-05-31 02:00:00+00:00,42.7392,65.2570,57.5309,140.6838,62.7885
2020-05-31 03:00:00+00:00,60.9717,67.4526,64.7003,165.8006,56.5702
2020-05-31 04:00:00+00:00,62.1296,60.1984,59.7830,160.3534,35.9249
2020-05-31 05:00:00+00:00,52.9901,50.5721,53.0309,132.9247,25.8374
2020-05-31 06:00:00+00:00,30.8534,31.6083,32.5437,80.9935,19.9185
2020-05-31 07:00:00+00:00,22.5866,23.8270,24.4768,60.5190,8.8971
2020-05-31 08:00:00+00:00,15.3809,15.3077,15.4868,40.5680,4.8442
2020-05-31 09:00:00+00:00,13.0038,13.3145,13.4372,34.2439,2.4065
2020-05-31 10:00:00+00:00,7.6817,7.2258,6.1095,23.3629,0.0000
2020-05-31 11:00:00+00:00,5.0997,5.2074,4.3424,15.8510,0.0000
2020-05-31 12:00:00+00:00,7.7527,8.6867,8.3108,21.4434,2.1110
2020-05-31 13:00:00+00:00,15.5040,17.3837,17.9307,40.9271,6.0786
2020-05-31 14:00:00+00:00,17.7955,20.4262,21.2026,46.3036,8.7157
2020-05-31 15:00:00+00:00,16.8308,20.1063,21.4415,44.1937,6.0642
2020-05-31 16:00:00+00:00,14.1485,15.6846,17.2248,35.3115,8.6411
2020-05-31 17:00:00+00:00,28.0583,31.6003,32.3911,72.6364,8.6822
2020-05-31 18:00:00+00:00,30.8694,34.3542,36.2154,77.7595,13.0503
2020-05-31 19:00:00+00:00,28.4098,29.0281,29.2265,68.6818,22.4349
2020-05-31 20:00:00+00:00,14.9769,13.6640,15.9292,33.6522,25.4872
2020-05-31 21:00:00+00:00,9.0080,9.8710,11.7454,19.6781,19.0504
2020-05-31 22:00:00+00:00,12.4116,13.8844,15.7319,29.4281,38.4146
2020-05-31 23:00:00+00:00,12.2762,13.2590,15.1754,26.8868,23.9035
2020-06-01 00:00:00+00:00,7.9888,8.4488,9.7413,17.1407,16.1722
2020-06-01 01:00:00+00:00,9.0004,10.2686,11.1565,20.6575,0.0000
2020-06-01 02:00:00+00:00,7.1344,3.4452,6.4660,6.8046,0.0000
2020-06-01 03:00:00+00:00,0.0000,0.0000,0.0000,1.5386,0.0000
2020-06-01 04:00:00+00:00,1.5545,1.2552,0.1247,5.3300,0.0000
2020-06-01 05:00:00+00:00,7.5609,6.4952,5.4928,22.3374,0.0000
2020-06-01 06:00:00+00:00,8.6782,5.7546,4.3274,24.6138,0.0000
2020-06-01 07:00:00+00:00,4.2449,2.1900,1.4060,11.9783,2.2564
2020-06-01 08:00:00+00:00,4.2464,2.1925,1.4672,12.0196,13.3557
2020-06-01 09:00:00+00:00,2.3772,0.4623,0.0000,6.9092,12.0567
2020-06-01 10:00:00+00:00,0.0000,0.0000,0.0000,0.0000,0.0000
2020-06-01 11:00:00+00:00,0.0000,1.6018,0.6657,3.7184,0.0000
2020-06-01 12:00:00+00:00,1.2716,2.3897,2.1840,4.6784,0.0000
2020-06-01 13:00:00+00:00,2.2482,3.2200,3.3465,6.1236,2.3605
2020-06-01 14:00:00+00:00,7.5992,9.7008,10.6981,19.2610,14.9810
2020-06-01 15:00:00+00:00,8.2707,10.5883,12.0852,21.3340,21.5381
2020-06-01 16:00:00+00:00,16.6583,19.5474,21.1704,40.8573,15.5468
2020-06-01 17:00:00+00:00,18.4558,19.8412,18.8680,51.0717,20.6671
2020-06-01 18:00:00+00:00,23.9231,30.3214,34.7593,64.0810,14.1712
2020-06-01 19:00:00+00:00,13.8759,14.0031,9.6384,41.8868,14.5015
2020-06-01 20:00:00+00:00,7.7694,6.3889,6.2557,17.5027,34.2907
2020-06-01 21:00:00+00:00,6.1635,3.3988,5.2169,8.9874,49.1398
2020-06-01 22:00:00+00:00,2.2871,0.7783,1.7900,0.7952,49.5942
2020-06-01 23:00:00+00:00,0.0000,0.0000,0.0000,0.0000,41.9283
2020-06-02 00:00:00+00:00,0.0000,0.0000,0.0000,0.0000,43.9283
2020-06-02 01:00:00+00:00,1.8335,4.9042,6.2997,5.4651,77.5147
2020-06-02 02:00:00+00:00,0.2465,4.3329,5.3197,3.9072,77.8186
2020-06-02 03:00:00+00:00,0.0000,0.0000,0.8266,0.0000,76.4313
2020-06-02 04:00:00+00:00,0.0000,0.0000,0.0000,0.0000,77.2409
2020-06-02 05:00:00+00:00,0.0000,0.0000,0.0000,0.0000,78.6455
2020-06-02 06:00:00+00:00,0.0000,0.0000,0.0000,0.0000,77.1211
2020-06-02 07:00:00+00:00,0.0000,0.0000,0.0000,0.0000,78.6152
2020-06-02 08:00:00+00:00,0.0000,1.3058,1.2372,0.0000,77.4382
2020-06-02 09:00:00+00:00,0.1999,1.8744,3.1152,4.3238,76.7360
2020-06-02 10:00:00+00:00,0.0000,0.0000,0.0000,0.0000,31.4568
2020-06-02 11:00:00+00:00,0.1540,0.0000,0.0000,0.0969,53.1448
2020-06-02 12:00:00+00:00,0.0000,0.0000,0.0000,0.0000,44.7592
2020-06-02 13:00:00+00:00,0.0000,0.0000,0.0000,0.0000,60.3401
2020-06-02 14:00:00+00:00,1.0951,0.0000,0.6947,0.0000,53.2449
2020-06-02 15:00:00+00:00,3.7310,2.0232,4.0091,0.0000,47.4647
2020-06-02 16:00:00+00:00,2.2640,0.0000,0.8949,0.0000,30.0044
2020-06-02 17:00:00+00:00,1.8562,0.0000,0.9415,0.0000,16.2189
2020-06-02 18:00:00+00:00,1.1882,0.0000,0.0000,0.0000,8.0923
2020-06-02 19:00:00+00:00,1.5344,0.4173,0.4414,2.1223,11.1112
2020-06-02 20:00:00+00:00,1.9086,2.0720,0.7521,4.6691,6.6437
2020-06-02 21:00:00+00:00,0.0000,0.0000,0.0000,0.0000,6.1218
2020-06-02 22:00:00+00:00,0.2667,0.4410,0.6199,0.0000,2.2281
2020-06-02 23:00:00+00:00,1.0674,1.6609,1.5622,2.9050,0.0000
2020-06-03 00:00:00+00:00,0.0000,0.0000,0.0000,0.0000,3.5784
2020-06-03 01:00:00+00:00,0.0000,0.0000,0.0000,0.0000,14.1496
2020-06-03 02:00:00+00:00,0.9229,0.0000,1.4578,0.0000,15.8055
2020-06-03 03:00:00+00:00,3.2260,1.5387,2.9159,0.0000,13.7929
2020-06-03 04:00:00+00:00,3.2940,0.1287,1.8475,0.0000,16.6612
2020-06-03 05:00:00+00:00,1.8036,0.0000,2.2640,0.0000,11.5646
2020-06-03 06:00:00+00:00,4.6082,4.2924,6.2140,2.2238,10.8945
2020-06-03 07:00:00+00:00,7.0030,10.0666,9.2622,17.7750,9.0110
2020-06-03 08:00:00+00:00,6.5011,6.9746,6.5980,16.5880,6.6013
2020-06-03 09:00:00+00:00,5.1566,3.9435,4.1503,10.0615,5.8518
2020-06-03 10:00:00+00:00,0.0000,0.0000,0.0000,0.0000,9.1520
2020-06-03 11:00:00+00:00,0.0000,0.0000,0.0000,0.0000,1.2090
2020-06-03 12:00:00+00:00,0.0000,0.0000,0.0000,0.0000,0.0000
2020-06-03 13:00:00+00:00,0.0000,0.0000,0.0000,0.0000,1.7327
2020-06-03 14:00:00+00:00,0.0000,0.0000,0.0000,0.0000,2.0704
2020-06-03 15:00:00+00:00,0.0000,0.0000,0.0000,0.0000,0.0000
2020-06-03 16:00:00+00:00,0.0000,0.0000,0.0000,0.0000,6.9631
2020-06-03 17:00:00+00:00,0.0000,0.0000,0.0000,0.0000,39.5181
2020-06-03 18:00:00+00:00,0.0000,0.0000,0.0000,0.0000,33.0261
2020-06-03 19:00:00+00:00,3.4801,2.3902,3.3699,4.0908,18.4494
2020-06-03 20:00:00+00:00,8.4780,4.8766,7.2007,9.7125,16.7206
2020-06-03 21:00:00+00:00,9.2141,6.5741,8.8095,13.9608,13.4631
2020-06-03 22:00:00+00:00,9.7567,7.0031,10.5159,10.9737,11.1061
2020-06-03 23:00:00+00:00,21.2257,14.5787,19.8681,30.2257,12.4531
2020-06-04 00:00:00+00:00,7.1609,3.1727,4.5269,6.6626,22.4618
2020-06-04 01:00:00+00:00,4.6479,2.7315,3.2678,6.3862,1.9536
2020-06-04 02:00:00+00:00,7.3279,5.5878,5.8651,14.6414,4.0052
2020-06-04 03:00:00+00:00,8.0676,6.1896,7.7619,13.3514,0.0000
2020-06-04 04:00:00+00:00,20.2019,16.3791,18.8215,40.6267,2.1885
2020-06-04 05:00:00+00:00,23.1169,20.3479,21.5010,51.6879,0.0000
2020-06-04 06:00:00+00:00,14.8674,15.2557,13.9261,41.3375,0.0000
2020-06-04 07:00:00+00:00,16.4031,16.1444,15.1254,45.9240,1.6210
2020-06-04 08:00:00+00:00,11.0358,12.0083,11.5510,30.2215,2.2447
2020-06-04 09:00:00+00:00,10.8061,13.6355,12.2597,32.4559,11.4790
2020-06-04 10:00:00+00:00,14.0756,21.6393,19.0504,44.9103,50.1291
2020-06-04 11:00:00+00:00,13.1520,16.4095,15.0117,37.9449,40.4585
2020-06-04 12:00:00+00:00,12.9786,13.6511,13.1145,30.2861,54.6771
2020-06-04 13:00:00+00:00,11.9813,12.2286,12.3099,25.9421,31.7819
2020-06-04 14:00:00+00:00,7.3784,7.2569,7.6696,15.6273,37.4972
2020-06-04 15:00:00+00:00,6.2635,4.1809,6.6764,8.0238,24.0867
2020-06-04 16:00:00+00:00,11.3133,12.4616,14.2253,22.3277,22.3367
2020-06-04 17:00:00+00:00,14.3417,17.4653,18.2398,32.8934,28.4813
2020-06-04 18:00:00+00:00,25.9753,32.3276,33.1913,67.0138,28.5113
2020-06-04 19:00:00+00:00,22.5591,29.7787,29.9024,61.6932,21.4492
2020-06-04 20:00:00+00:00,25.5922,33.6293,33.3057,72.9229,19.7569
2020-06-04 21:00:00+00:00,25.6758,35.1821,33.3850,75.1995,22.6311
2020-06-04 22:00:00+00:00,18.9553,24.1775,23.7175,51.2802,10.3620
2020-06-04 23:00:00+00:00,13.7081,15.6876,16.3305,32.7577,5.9479
2020-06-05 00:00:00+00:00,5.6152,5.7308,6.3560,12.2122,6.4732
2020-06-05 01:00:00+00:00,3.8770,2.6610,3.1099,6.3259,21.4509
2020-06-05 02:00:00+00:00,0.0000,0.0000,0.0000,0.0000,26.2755
2020-06-05 03:00:00+00:00,0.0000,0.0000,0.0000,0.0000,20.3178
2020-06-05 04:00:00+00:00,0.0000,0.0000,0.0000,0.0000,33.1169
2020-06-05 05:00:00+00:00,0.0000,0.0000,0.1343,0.0000,45.6054
2020-06-05 06:00:00+00:00,0.0000,0.0000,0.0000,0.0000,32.7243
2020-06-05 07:00:00+00:00,0.9852,0.0000,2.0960,0.0000,18.9177
2020-06-05 08:00:00+00:00,7.3717,9.3050,11.2819,12.2029,11.4726
2020-06-05 09:00:00+00:00,10.4559,12.4489,13.4174,23.2516,10.3748
2020-06-05 10:00:00+00:00,4.8815,5.9991,6.1723,12.7675,18.4019
2020-06-05 11:00:00+00:00,7.0970,9.4755,9.2918,17.7000,18.6020
2020-06-05 12:00:00+00:00,12.3850,14.8805,16.3886,27.3226,13.3444
2020-06-05 13:00:00+00:00,14.1300,14.1334,15.0066,29.0831,12.1972
2020-06-05 14:00:00+00:00,18.8907,20.7586,21.9377,40.2526,7.9473
2020-06-05 15:00:00+00:00,19.7629,24.6392,25.6741,48.2136,6.7659
2020-06-05 16:00:00+00:00,20.3605,24.3629,25.8711,49.9589,7.8418
2020-06-05 17:00:00+00:00,19.0630,21.4702,23.6689,45.8784,9.2479
2020-06-05 18:00:00+00:00,15.5662,17.4269,19.3118,37.7360,7.9412
2020-06-05 19:00:00+00:00,14.3378,16.7629,18.6554,35.1466,8.5732
2020-06-05 20:00:00+00:00,11.9233,14.2619,16.2598,27.7046,8.6914
2020-06-05 21:00:00+00:00,10.1292,13.1495,14.2901,26.9048,7.6079
2020-06-05 22:00:00+00:00,3.8724,4.4466,5.4227,9.6148,8.0718
2020-06-05 23:00:00+00:00,2.4804,2.1010,3.5304,3.7004,5.7299
2020-06-06 00:00:00+00:00,1.4194,1.1920,1.8211,0.0000,2.2726
2020-06-06 01:00:00+00:00,1.6713,1.8347,1.7710,3.5599,0.0000
2020-06-06 02:00:00+00:00,4.1908,7.7465,7.1173,14.1038,7.1744
2020-06-06 03:00:00+00:00,0.0000,0.0000,0.0000,0.0000,17.2806
2020-06-06 04:00:00+00:00,2.0369,2.7264,3.3832,4.9333,5.0652
2020-06-06 05:00:00+00:00,9.3574,5.1338,8.2542,9.4812,20.4669
2020-06-06 06:00:00+00:00,0.0000,0.0260,0.0000,3.1315,6.6125
2020-06-06 07:00:00+00:00,17.2519,0.0000,5.2927,0.0000,16.1403
2020-06-06 08:00:00+00:00,0.0000,0.0000,0.0000,0.0000,41.5210
2020-06-06 09:00:00+00:00,2.7365,0.0000,1.1610,0.0000,39.6715
2020-06-06 10:00:00+00:00,28.5423,27.9577,25.3956,76.6321,23.0518
2020-06-06 11:00:00+00:00,10.8337,7.3690,6.3233,25.8667,6.1301
2020-06-06 12:00:00+00:00,3.3170,1.7072,0.4771,9.2226,4.6374
2020-06-06 13:00:00+00:00,1.1379,0.0000,0.0000,2.6982,5.9841
2020-06-06 14:00:00+00:00,7.5729,8.2302,8.9405,17.4350,7.3289
2020-06-06 15:00:00+00:00,7.3325,7.7932,8.4222,16.8263,11.2525
2020-06-06 16:00:00+00:00,8.6696,10.9825,11.5352,22.6616,15.9134
2020-06-06 17:00:00+00:00,14.7617,19.5543,19.8266,41.7315,24.5664
2020-06-06 18:00:00+00:00,16.5073,20.7085,22.5647,43.4787,59.3026
2020-06-06 19:00:00+00:00,26.6044,28.2362,29.4109,59.6743,75.8287
2020-06-06 20:00:00+00:00,40.8394,56.2582,48.5098,111.0695,37.9893
2020-06-06 21:00:00+00:00,48.8742,36.7423,37.6948,101.1980,29.1972
2020-06-06 22:00:00+00:00,11.0823,12.2778,9.9917,35.3054,3.1862
2020-06-06 23:00:00+00:00,15.6522,20.0536,18.4150,48.4155,9.4360
2020-06-07 00:00:00+00:00,22.2330,25.4944,24.0862,61.8403,6.1206
2020-06-07 01:00:00+00:00,2.6106,3.1961,4.0409,7.7505,12.3597
2020-06-07 02:00:00+00:00,25.2691,24.8428,31.8651,56.6471,33.0705
2020-06-07 03:00:00+00:00,9.2435,6.7222,6.2193,17.7848,25.2150
2020-06-07 04:00:00+00:00,4.2930,6.5058,8.1718,9.4237,35.9480
2020-06-07 05:00:00+00:00,1.9755,0.0000,0.0000,3.6345,39.1587
2020-06-07 06:00:00+00:00,1.0199,0.0000,0.0000,2.4487,31.9351
2020-06-07 07:00:00+00:00,4.7241,2.1244,1.8324,10.5324,31.6786
2020-06-07 08:00:00+00:00,5.2325,2.6615,2.3087,11.7102,35.8242
2020-06-07 09:00:00+00:00,1.6387,0.0000,0.0000,4.8171,28.4447
2020-06-07 10:00:00+00:00,0.9959,0.0000,0.0000,3.1440,16.5085
2020-06-07 11:00:00+00:00,0.0000,0.0000,0.0000,0.0000,5.1371
2020-06-07 12:00:00+00:00,0.0000,0.0000,0.0000,0.0000,3.5535
2020-06-07 13:00:00+00:00,1.1150,1.2120,1.4405,2.9583,2.6432
2020-06-07 14:00:00+00:00,3.0031,2.2961,2.7181,6.6947,3.5940
2020-06-07 15:00:00+00:00,3.5328,3.0704,3.3806,8.3983,2.4926
2020-06-07 16:00:00+00:00,5.3967,5.6698,6.1847,13.1207,4.2174
2020-06-07 17:00:00+00:00,8.7395,9.3231,10.5988,21.0491,10.4753
2020-06-07 18:00:00+00:00,9.3627,9.7976,11.0221,20.9424,11.7883
2020-06-07 19:00:00+00:00,7.0584,7.0385,8.0269,15.0394,17.0494
2020-06-07 20:00:00+00:00,11.9181,13.3947,14.3623,28.4564,26.6434
2020-06-07 21:00:00+00:00,10.2355,12.5196,13.7712,26.0490,20.0308
2020-06-07 22:00:00+00:00,15.0458,17.9419,20.3984,37.5542,34.7892
2020-06-07 23:00:00+00:00,10.2775,12.7751,14.2863,26.0546,25.7962
2020-06-08 00:00:00+00:00,10.7592,13.9630,15.7091,25.3549,29.2532
2020-06-08 01:00:00+00:00,11.7141,13.3034,12.7108,32.5225,24.8569
2020-06-08 02:00:00+00:00,17.9444,18.3410,18.0056,52.4827,27.0598
2020-06-08 03:00:00+00:00,20.4956,19.2732,18.6938,56.9930,20.5618
2020-06-08 04:00:00+00:00,19.9302,15.2801,14.6012,51.8310,11.5019
2020-06-08 05:00:00+00:00,12.2415,7.5966,6.7703,30.7765,10.6924
2020-06-08 06:00:00+00:00,7.7219,3.6658,2.9454,19.5459,8.3391
2020-06-08 07:00:00+00:00,3.5452,0.5437,0.0000,9.1197,16.4620
2020-06-08 08:00:00+00:00,1.6108,1.0710,0.0000,6.6492,15.5016
2020-06-08 09:00:00+00:00,1.1568,2.8058,1.8852,7.5839,7.8568
2020-06-08 10:00:00+00:00,2.4297,5.1138,3.9383,14.6117,5.2602
2020-06-08 11:00:00+00:00,2.1284,2.8680,2.0610,8.8972,0.0000
2020-06-08 12:00:00+00:00,8.1590,8.0891,7.1730,22.4623,0.0000
2020-06-08 13:00:00+00:00,7.2515,6.7618,6.6796,17.8647,1.0375
2020-06-08 14:00:00+00:00,8.4634,8.2254,8.5823,19.3629,3.7478
2020-06-08 15:00:00+00:00,8.1981,8.6675,9.1091,19.3651,4.0392
2020-06-08 16:00:00+00:00,10.9563,11.8793,12.2437,26.3410,4.8814
2020-06-08 17:00:00+00:00,9.7474,10.9404,11.3948,23.8576,3.1326
2020-06-08 18:00:00+00:00,9.1394,10.2829,10.4337,22.8002,0.0000
2020-06-08 19:00:00+00:00,6.8872,7.8937,8.1472,17.6365,4.7835
2020-06-08 20:00:00+00:00,5.2367,6.0365,6.4138,12.6393,7.1118
2020-06-08 21:00:00+00:00,6.9059,8.2756,8.6770,17.7375,5.5254
2020-06-08 22:00:00+00:00,8.2969,10.5646,10.9611,22.1885,8.4501
2020-06-08 23:00:00+00:00,5.7367,6.8073,6.7705,15.8073,4.5693
2020-06-09 00:00:00+00:00,3.3370,3.2499,3.3464,7.5957,3.2768
2020-06-09 01:00:00+00:00,1.2564,1.5932,1.2236,4.5139,7.1580
2020-06-09 02:00:00+00:00,0.2923,1.3754,0.4956,3.1291,13.5577
2020-06-09 03:00:00+00:00,1.5854,2.5891,2.0773,5.6361,16.3849
2020-06-09 04:00:00+00:00,5.6433,8.1001,9.0650,14.5645,11.6874
2020-06-09 05:00:00+00:00,15.0453,19.3794,19.0880,43.0273,8.7609
2020-06-09 06:00:00+00:00,7.4359,7.2429,7.0702,19.5245,13.0446
2020-06-09 07:00:00+00:00,3.7979,2.2536,2.9952,6.7023,23.0810
2020-06-09 08:00:00+00:00,0.0000,0.0000,0.0000,0.0000,35.8964
2020-06-09 09:00:00+00:00,0.0000,0.0000,0.0000,0.0000,44.8190
2020-06-09 10:00:00+00:00,3.2198,0.0000,2.2606,0.0000,44.6938
2020-06-09 11:00:00+00:00,15.9318,15.5641,15.1282,23.2427,19.8472
2020-06-09 12:00:00+00:00,26.9219,31.3403,22.9731,71.4503,9.6341
2020-06-09 13:00:00+00:00,16.7726,18.0689,17.2857,35.8578,11.2578
2020-06-09 14:00:00+00:00,4.6323,3.0724,3.3878,8.0504,9.5925
2020-06-09 15:00:00+00:00,1.9050,1.3623,1.5768,3.3913,12.3748
2020-06-09 16:00:00+00:00,0.0000,0.0000,0.0000,0.0000,11.3216
2020-06-09 17:00:00+00:00,0.0000,0.0000,0.0000,0.0000,11.7933
2020-06-09 18:00:00+00:00,0.0000,0.0000,0.0000,0.0000,10.1378
2020-06-09 19:00:00+00:00,0.0000,0.0000,0.0000,0.0000,4.2437
2020-06-09 20:00:00+00:00,0.0000,0.0000,0.0000,0.0000,4.4946
2020-06-09 21:00:00+00:00,0.0000,0.0000,0.0000,0.0000,4.7638
2020-06-09 22:00:00+00:00,0.0000,0.0000,0.0000,0.0000,0.0000
2020-06-09 23:00:00+00:00,0.0000,0.0000,0.0000,0.0000,2.5897
2020-06-10 00:00:00+00:00,0.0000,0.0000,0.0000,0.0000,4.8678
2020-06-10 01:00:00+00:00,1.4361,1.7219,1.8285,3.6753,5.2223
2020-06-10 02:00:00+00:00,1.3767,3.0596,3.5334,3.4242,5.3805
2020-06-10 03:00:00+00:00,5.0610,7.3509,8.8713,10.9365,6.4122
2020-06-10 04:00:00+00:00,11.2070,15.4734,18.6360,23.5810,15.8524
2020-06-10 05:00:00+00:00,16.7256,25.3744,29.5921,40.1001,36.9484
2020-06-10 06:00:00+00:00,21.0296,38.2135,41.2456,60.7416,58.9948
2020-06-10 07:00:00+00:00,22.6697,43.6120,48.1692,70.9947,76.3820
2020-06-10 08:00:00+00:00,28.0695,46.4262,51.1051,82.6140,76.8021
2020-06-10 09:00:00+00:00,21.4424,28.8148,42.9414,49.4870,75.3191
2020-06-10 10:00:00+00:00,30.8910,32.1171,61.2840,31.7207,61.1414
2020-06-10 11:00:00+00:00,20.9350,20.4975,40.6912,23.6643,36.3511
2020-06-10 12:00:00+00:00,15.4847,14.3782,29.3752,19.8856,39.2157
2020-06-10 13:00:00+00:00,12.4642,11.4770,20.4481,25.6768,62.1349
2020-06-10 14:00:00+00:00,16.2001,12.3482,21.7951,31.4263,40.5315
2020-06-10 15:00:00+00:00,20.6286,12.5278,22.1496,29.4403,27.8107
2020-06-10 16:00:00+00:00,24.1646,14.0274,21.1949,30.4514,53.5525
2020-06-10 17:00:00+00:00,25.0485,15.0003,20.3462,35.1202,55.3932
2020-06-10 18:00:00+00:00,48.9739,38.1446,50.6962,81.9966,65.6584
2020-06-10 19:00:00+00:00,55.9740,60.7705,75.5237,116.9769,72.4416
2020-06-10 20:00:00+00:00,77.4598,95.6367,102.5643,175.4030,76.6160
2020-06-10 21:00:00+00:00,78.7153,96.8706,102.3112,204.9938,76.4459
2020-06-10 22:00:00+00:00,79.9017,97.5205,104.0601,204.9304,77.0271
2020-06-10 23:00:00+00:00,81.0000,100.5000,106.5000,212.9924,79.2677
2020-06-11 00:00:00+00:00,81.0000,100.5000,106.5000,215.2000,79.9000
2020-06-11 01:00:00+00:00,81.0000,100.5000,106.5000,215.2000,79.9000
2020-06-11 02:00:00+00:00,81.0000,100.5000,106.5000,215.2000,77.3998
2020-06-11 03:00:00+00:00,81.0000,100.5000,106.5000,215.2000,77.6158
2020-06-11 04:00:00+00:00,81.0000,100.5000,106.5000,215.2000,78.6804
2020-06-11 05:00:00+00:00,81.0000,100.5000,106.5000,215.2000,79.9000
2020-06-11 06:00:00+00:00,81.0000,100.5000,106.5000,215.2000,79.9000
2020-06-11 07:00:00+00:00,81.0000,100.5000,106.5000,212.8061,76.8543
2020-06-11 08:00:00+00:00,81.0000,100.5000,105.7004,211.9272,55.7410
2020-06-11 09:00:00+00:00,77.3142,95.8922,99.3307,204.6342,24.9089
2020-06-11 10:00:00+00:00,44.7264,86.2348,89.8544,135.7087,30.9615
2020-06-11 11:00:00+00:00,63.4279,88.2585,90.0093,157.5852,64.7734
2020-06-11 12:00:00+00:00,44.4002,56.5259,54.8651,108.5431,71.7975
2020-06-11 13:00:00+00:00,43.5365,66.9701,63.8267,133.0404,77.5688
2020-06-11 14:00:00+00:00,41.2234,54.1079,44.3027,123.1377,79.9000
2020-06-11 15:00:00+00:00,71.0050,88.4344,75.2980,189.8107,79.9000
2020-06-11 16:00:00+00:00,78.9868,98.6855,103.4234,211.8702,79.9000
2020-06-11 17:00:00+00:00,78.4740,98.8608,104.2895,212.8277,79.9000
2020-06-11 18:00:00+00:00,79.3975,99.4261,105.3669,214.3788,79.9000
2020-06-11 19:00:00+00:00,79.1818,98.9204,104.7328,213.9194,78.4521
2020-06-11 20:00:00+00:00,77.8345,97.7280,103.1816,210.2984,78.2362
2020-06-11 21:00:00+00:00,68.7009,95.1387,91.2996,205.4604,77.7642
2020-06-11 22:00:00+00:00,40.6949,50.4916,46.9733,111.8015,76.5928
2020-06-11 23:00:00+00:00,50.0497,60.6889,61.1576,120.0628,65.3883
2020-06-12 00:00:00+00:00,50.9814,60.9792,57.4976,125.5469,33.5078
2020-06-12 01:00:00+00:00,54.1689,59.1941,52.7225,126.5905,22.2467
2020-06-12 02:00:00+00:00,45.8735,47.1961,45.8017,84.0276,39.4736
2020-06-12 03:00:00+00:00,44.4835,47.8834,46.7818,87.1872,57.6636
2020-06-12 04:00:00+00:00,42.7155,45.0639,46.9125,85.8726,75.7493
2020-06-12 05:00:00+00:00,40.1097,40.1326,40.1761,83.0144,75.4712
2020-06-12 06:00:00+00:00,29.8689,30.2958,31.9924,63.8891,75.8889
2020-06-12 07:00:00+00:00,21.5240,27.1137,29.0640,52.6154,74.4681
2020-06-12 08:00:00+00:00,32.1067,41.2594,42.6816,76.8495,66.9941
2020-06-12 09:00:00+00:00,44.0383,55.7414,52.6178,120.5842,70.4362
2020-06-12 10:00:00+00:00,38.6281,49.2733,49.6124,120.0758,60.4582
2020-06-12 11:00:00+00:00,30.5393,35.0099,39.1571,90.9622,57.0764
2020-06-12 12:00:00+00:00,40.1074,41.9350,47.3952,110.5432,52.9524
2020-06-12 13:00:00+00:00,40.5905,49.1046,56.0982,112.2631,64.6458
2020-06-12 14:00:00+00:00,43.5207,52.7676,58.0794,122.7085,73.5172
2020-06-12 15:00:00+00:00,44.5591,55.7846,61.0165,121.6572,77.1209
2020-06-12 16:00:00+00:00,62.9043,76.9954,82.8502,162.6026,77.5306
2020-06-12 17:00:00+00:00,62.7022,74.7349,78.2111,156.5129,76.2457
2020-06-12 18:00:00+00:00,36.1375,43.5313,47.8217,91.0182,76.9451
2020-06-12 19:00:00+00:00,47.8962,60.2248,63.9188,126.7491,76.9776
2020-06-12 20:00:00+00:00,47.2333,56.8346,59.1683,126.1081,76.6286
2020-06-12 21:00:00+00:00,35.1796,42.2032,42.7959,94.2125,76.2443
2020-06-12 22:00:00+00:00,30.8696,38.8481,39.5716,84.5839,69.1140
2020-06-12 23:00:00+00:00,21.8518,26.6593,26.6906,61.0756,70.9267
2020-06-13 00:00:00+00:00,17.7709,22.8198,23.3059,49.2012,69.0882
2020-06-13 01:00:00+00:00,21.5102,26.7333,27.3089,58.5218,22.2783
2020-06-13 02:00:00+00:00,16.0536,18.9681,19.9543,40.3431,24.7696
2020-06-13 03:00:00+00:00,18.3565,20.8275,23.5780,43.9298,36.7506
2020-06-13 04:00:00+00:00,18.7671,21.3448,23.3092,46.9038,34.7011
2020-06-13 05:00:00+00:00,19.2568,22.0238,23.7228,47.0686,35.1193
2020-06-13 06:00:00+00:00,18.7882,21.4115,22.3534,47.6129,20.0639
2020-06-13 07:00:00+00:00,16.6079,20.2879,21.5744,42.8202,21.9621
2020-06-13 08:00:00+00:00,19.0589,24.6044,25.9281,51.9731,19.5138
2020-06-13 09:00:00+00:00,15.6138,17.4716,18.7346,40.8238,17.9545
2020-06-13 10:00:00+00:00,7.1558,7.8698,7.8650,19.9636,5.7957
2020-06-13 11:00:00+00:00,3.0304,3.2064,2.9160,9.2050,3.3576
2020-06-13 12:00:00+00:00,3.4094,3.5635,3.3679,9.2034,1.6435
2020-06-13 13:00:00+00:00,4.2236,4.7195,4.5796,11.1568,0.5748
2020-06-13 14:00:00+00:00,8.1482,10.5410,10.2098,21.3837,0.5696
2020-06-13 15:00:00+00:00,7.7313,8.5024,8.8198,19.3148,4.6617
2020-06-13 16:00:00+00:00,3.6260,4.6347,4.8963,9.2622,0.4093
2020-06-13 17:00:00+00:00,4.1604,5.0649,5.7427,10.7984,2.4496
2020-06-13 18:00:00+00:00,3.0116,2.8393,2.8682,7.4358,1.0282
2020-06-13 19:00:00+00:00,2.1932,2.7106,2.9025,5.8430,1.3965
2020-06-13 20:00:00+00:00,2.7986,3.9713,4.2306,7.3115,3.5433
2020-06-13 21:00:00+00:00,1.4917,1.9875,2.2498,4.0525,5.3762
2020-06-13 22:00:00+00:00,0.0000,0.0000,0.0000,0.0000,4.2597
2020-06-13 23:00:00+00:00,0.0000,0.0000,0.0000,0.0000,4.0314
2020-06-14 00:00:00+00:00,0.0000,0.0000,0.0000,0.0000,2.2693
2020-06-14 01:00:00+00:00,0.0000,0.0000,0.0000,0.0000,0.2292
2020-06-14 02:00:00+00:00,0.0000,0.0000,0.0000,0.0000,0.0000
2020-06-14 03:00:00+00:00,0.0000,0.0000,0.0000,0.0000,0.0000
2020-06-14 04:00:00+00:00,0.0000,0.0000,0.0000,0.0000,0.0000
2020-06-14 05:00:00+00:00,0.0000,0.0000,0.0000,0.0000,0.0000
2020-06-14 06:00:00+00:00,0.0000,0.0000,0.0000,0.0000,0.0000
2020-06-14 07:00:00+00:00,0.0000,0.0000,0.0000,0.0000,0.0000
2020-06-14 08:00:00+00:00,0.0000,0.0000,0.0000,0.0000,0.0000
2020-06-14 09:00:00+00:00,1.1785,0.0000,0.0000,2.3240,0.0000
2020-06-14 10:00:00+00:00,0.5333,3.5581,4.3401,2.2477,0.0000
2020-06-14 11:00:00+00:00,0.0000,1.0365,1.8534,0.0000,0.0000
2020-06-14 12:00:00+00:00,0.0000,0.0000,0.0000,0.0000,0.0000
2020-06-14 13:00:00+00:00,1.0317,0.1813,0.8527,0.7842,0.0000
2020-06-14 14:00:00+00:00,2.8549,2.4395,2.9724,5.5480,4.0042
2020-06-14 15:00:00+00:00,3.7426,3.0331,3.7880,6.7430,8.3707
2020-06-14 16:00:00+00:00,4.7679,3.8977,5.2812,8.8407,10.4418
2020-06-14 17:00:00+00:00,5.1410,3.7890,5.2659,9.0254,12.1863
2020-06-14 18:00:00+00:00,4.9215,3.6885,5.1626,8.8143,10.3677
2020-06-14 19:00:00+00:00,7.9649,6.5373,8.4976,15.4656,10.0551
2020-06-14 20:00:00+00:00,5.4250,4.0813,5.7336,9.7587,7.3450
2020-06-14 21:00:00+00:00,5.0952,4.0793,5.4364,9.6988,11.4721
2020-06-14 22:00:00+00:00,2.7821,2.7197,3.2700,5.1369,4.6689
2020-06-14 23:00:00+00:00,3.1196,2.8637,3.5095,6.0896,4.8220
2020-06-15 00:00:00+00:00,1.0600,0.2848,0.9756,0.0000,4.1657
2020-06-15 01:00:00+00:00,0.8352,0.7046,1.2604,0.0000,3.8956
2020-06-15 02:00:00+00:00,0.0000,0.0000,0.0000,0.0000,0.0000
2020-06-15 03:00:00+00:00,0.0000,0.0000,0.0000,0.0000,0.0000
2020-06-15 04:00:00+00:00,0.0000,0.0000,0.0000,0.0000,0.0000
2020-06-15 05:00:00+00:00,0.0000,0.0000,0.0000,0.0000,0.0000
2020-06-15 06:00:00+00:00,0.0000,0.0000,0.0000,0.0000,0.0000
2020-06-15 07:00:00+00:00,0.0000,0.0000,0.0000,0.0000,0.0000
2020-06-15 08:00:00+00:00,0.0000,0.0000,0.0000,0.0000,0.0000
2020-06-15 09:00:00+00:00,0.0000,0.0000,0.0000,0.0000,0.0000
2020-06-15 10:00:00+00:00,0.0000,0.0000,0.0000,0.0000,0.0000
2020-06-15 11:00:00+00:00,0.0000,0.0000,0.0000,0.0000,0.0000
2020-06-15 12:00:00+00:00,0.0000,0.0000,0.0000,0.0000,0.0000
2020-06-15 13:00:00+00:00,0.0000,0.0000,0.0000,0.0000,0.0000
2020-06-15 14:00:00+00:00,1.3681,0.8434,1.6757,0.9461,1.0151
2020-06-15 15:00:00+00:00,3.0791,2.5613,3.4889,5.1697,3.2988
2020-06-15 16:00:00+00:00,3.0982,2.3810,3.2287,4.8045,2.3025
2020-06-15 17:00:00+00:00,1.3080,0.0000,0.8203,0.0000,0.0000
2020-06-15 18:00:00+00:00,0.0000,0.0000,0.0000,0.0000,0.0000
2020-06-15 19:00:00+00:00,0.0000,0.0000,0.0000,0.0000,0.0000
2020-06-15 20:00:00+00:00,0.6453,0.0000,0.0000,0.0000,0.0000
2020-06-15 21:00:00+00:00,1.1834,0.0000,1.2160,0.0000,0.0000
2020-06-15 22:00:00+00:00,0.0000,0.0000,0.0000,0.0000,0.0000
2020-06-15 23:00:00+00:00,0.0000,0.0000,0.0000,0.0000,0.0000
2020-06-16 00:00:00+00:00,0.0000,0.0000,0.0000,0.0000,3.6537
2020-06-16 01:00:00+00:00,0.0000,0.0000,0.0000,0.0000,7.8829
2020-06-16 02:00:00+00:00,0.0000,0.0000,0.0000,0.0000,0.0000
2020-06-16 03:00:00+00:00,0.0000,0.0000,0.0000,0.0000,0.0000
2020-06-16 04:00:00+00:00,0.0000,0.0000,0.8328,0.0000,0.0000
2020-06-16 05:00:00+00:00,0.0000,0.0000,0.0000,0.0000,1.1039
2020-06-16 06:00:00+00:00,0.0000,0.0000,0.0000,0.0000,2.3806
2020-06-16 07:00:00+00:00,0.0000,0.0000,0.0000,0.0000,2.9497
2020-06-16 08:00:00+00:00,0.0000,0.0000,0.0000,0.0000,0.5503
2020-06-16 09:00:00+00:00,0.0000,0.0000,0.0000,0.0000,0.0000
2020-06-16 10:00:00+00:00,0.0000,0.0000,0.0000,0.0000,0.0000
2020-06-16 11:00:00+00:00,0.0000,0.0000,0.0000,0.0000,0.0000
2020-06-16 12:00:00+00:00,0.0000,0.0000,0.0000,0.0000,0.0000
2020-06-16 13:00:00+00:00,0.0000,0.0000,0.0000,0.0000,0.0000
2020-06-16 14:00:00+00:00,0.0000,0.0000,0.0000,0.0000,0.0000
2020-06-16 15:00:00+00:00,0.0000,0.0000,0.0000,0.0000,0.0000
2020-06-16 16:00:00+00:00,0.0000,0.0000,0.0000,0.0000,0.0000
2020-06-16 17:00:00+00:00,0.0000,0.0000,0.0000,0.0000,0.0000
2020-06-16 18:00:00+00:00,0.0000,0.0000,0.0000,0.0000,0.0000
2020-06-16 19:00:00+00:00,0.0000,0.0000,0.0000,0.0000,0.0000
2020-06-16 20:00:00+00:00,0.0000,0.0000,0.0000,0.0000,0.0000
2020-06-16 21:00:00+00:00,0.0000,0.0000,0.0000,0.0000,4.5763
2020-06-16 22:00:00+00:00,0.0000,0.0029,0.9809,0.0000,10.8788
2020-06-16 23:00:00+00:00,0.4221,0.0000,0.2813,0.0000,7.9973
2020-06-17 00:00:00+00:00,0.2156,0.0000,0.0000,0.0000,5.1648
2020-06-17 01:00:00+00:00,0.8148,0.1440,0.0076,0.0000,0.9704
2020-06-17 02:00:00+00:00,0.0000,0.0000,0.0000,0.0000,0.7050
2020-06-17 03:00:00+00:00,0.0000,0.0000,0.0000,0.0000,0.0000
2020-06-17 04:00:00+00:00,0.0000,0.0000,0.0000,0.0000,0.0000
2020-06-17 05:00:00+00:00,0.0000,0.0000,0.0000,0.0000,0.0000
2020-06-17 06:00:00+00:00,0.0000,0.0000,0.0000,0.0000,2.6073
2020-06-17 07:00:00+00:00,0.0000,0.0000,0.0000,0.0000,3.1901
2020-06-17 08:00:00+00:00,0.0000,0.0000,0.0000,0.0000,3.6086
2020-06-17 09:00:00+00:00,0.0000,0.0000,0.0000,0.0000,3.3205
2020-06-17 10:00:00+00:00,0.0000,0.0000,0.0000,0.0000,0.0000
2020-06-17 11:00:00+00:00,0.0000,0.0000,0.0000,0.0000,0.0000
2020-06-17 12:00:00+00:00,0.0000,0.0000,0.0000,0.0000,1.0401
2020-06-17 13:00:00+00:00,0.0000,0.0000,0.0000,0.0000,0.0000
2020-06-17 14:00:00+00:00,0.0000,0.0000,0.0000,0.0000,0.0000
2020-06-17 15:00:00+00:00,0.0000,0.0000,0.0000,0.0000,0.0000
2020-06-17 16:00:00+00:00,0.0000,0.0000,0.0000,0.0000,0.0000
2020-06-17 17:00:00+00:00,0.0000,0.0000,0.0000,0.0000,0.0000
2020-06-17 18:00:00+00:00,0.0000,0.0000,0.0000,0.0000,0.0000
2020-06-17 19:00:00+00:00,0.0000,0.0000,0.0000,0.0000,0.0000
2020-06-17 20:00:00+00:00,0.0000,0.0000,0.0000,0.0000,0.0000
2020-06-17 21:00:00+00:00,0.0000,0.0000,0.0000,0.0000,2.3491
2020-06-17 22:00:00+00:00,0.0000,0.0000,0.0000,0.0000,4.1426
2020-06-17 23:00:00+00:00,0.0000,0.0000,0.0000,0.0000,2.1447
2020-06-18 00:00:00+00:00,0.0000,0.0000,0.0000,0.0000,1.8713
2020-06-18 01:00:00+00:00,0.0000,0.0000,0.0000,0.0000,2.6311
2020-06-18 02:00:00+00:00,0.0000,0.0000,0.0000,0.0000,0.3235
2020-06-18 03:00:00+00:00,0.0000,0.0000,0.0000,0.0000,0.0000
2020-06-18 04:00:00+00:00,0.0000,0.0000,0.0000,0.0000,0.0000
2020-06-18 05:00:00+00:00,0.0000,0.0000,0.0000,0.0000,2.8577
2020-06-18 06:00:00+00:00,0.0000,0.0000,0.0000,0.0000,7.8820
2020-06-18 07:00:00+00:00,0.0000,0.0000,0.0000,2.0417,9.7103
2020-06-18 08:00:00+00:00,0.1622,1.3842,0.0000,4.8449,9.7666
2020-06-18 09:00:00+00:00,0.1472,1.2814,0.0000,4.9104,9.2462
2020-06-18 10:00:00+00:00,0.0000,0.0000,0.0000,0.0000,0.8841
2020-06-18 11:00:00+00:00,0.0000,0.0000,0.0000,0.0000,0.4141
2020-06-18 12:00:00+00:00,0.0000,0.0000,0.0000,0.0000,0.0000
2020-06-18 13:00:00+00:00,0.0000,0.0000,0.0000,0.0000,0.0000
2020-06-18 14:00:00+00:00,0.0000,0.0000,0.0000,0.0000,0.0000
2020-06-18 15:00:00+00:00,0.0000,0.0000,0.0000,0.0000,0.0000
2020-06-18 16:00:00+00:00,0.0000,0.0000,0.0000,0.0000,0.0000
2020-06-18 17:00:00+00:00,0.0000,0.0000,0.0000,0.0000,0.0000
2020-06-18 18:00:00+00:00,0.0000,0.0000,0.0000,0.0000,0.0000
2020-06-18 19:00:00+00:00,0.0000,0.0000,0.0000,0.0000,2.5895
2020-06-18 20:00:00+00:00,0.0000,0.0000,0.0000,0.0000,0.0084
2020-06-18 21:00:00+00:00,0.0000,0.0000,0.0000,0.0000,0.5043
2020-06-18 22:00:00+00:00,0.1596,0.0000,0.0000,0.0000,0.0000
2020-06-18 23:00:00+00:00,1.9593,0.9496,1.0367,3.4381,0.0000
2020-06-19 00:00:00+00:00,0.6155,0.0000,0.0000,1.0532,0.0000
2020-06-19 01:00:00+00:00,2.8264,1.6397,1.2096,6.9635,0.0000
2020-06-19 02:00:00+00:00,0.9366,0.0000,0.0000,2.7125,38.2148
2020-06-19 03:00:00+00:00,1.2694,0.4320,0.0000,3.8869,27.0052
2020-06-19 04:00:00+00:00,0.9751,0.5656,0.0000,5.0381,20.7486
2020-06-19 05:00:00+00:00,0.0772,0.1485,0.0000,4.5523,19.9714
2020-06-19 06:00:00+00:00,2.3190,3.4195,2.8024,9.1511,27.6716
2020-06-19 07:00:00+00:00,17.6991,25.2447,27.5194,50.3050,27.9992
2020-06-19 08:00:00+00:00,28.3247,39.7349,39.3119,89.2371,27.4620
2020-06-19 09:00:00+00:00,25.6815,38.1893,35.3517,87.0267,28.2592
2020-06-19 10:00:00+00:00,32.4207,43.3783,42.5979,94.7059,26.2487
2020-06-19 11:00:00+00:00,17.5691,21.8546,21.7284,50.8815,13.3449
2020-06-19 12:00:00+00:00,11.7937,12.9737,12.6781,32.0427,11.1851
2020-06-19 13:00:00+00:00,9.1731,9.8861,9.6141,23.9127,9.2345
2020-06-19 14:00:00+00:00,3.8351,4.2544,4.1815,9.9276,1.5885
2020-06-19 15:00:00+00:00,1.1533,1.3348,1.1372,2.7438,0.0000
2020-06-19 16:00:00+00:00,0.8053,0.3692,0.2588,0.0000,0.7069
2020-06-19 17:00:00+00:00,0.0000,0.0000,0.0000,0.0000,2.0119
2020-06-19 18:00:00+00:00,0.0000,0.0000,0.0000,0.0000,2.9041
2020-06-19 19:00:00+00:00,0.0000,0.0000,0.0000,0.0000,2.8221
2020-06-19 20:00:00+00:00,0.0000,0.0000,0.0000,0.0000,2.0694
2020-06-19 21:00:00+00:00,0.0000,0.0000,0.0000,0.0000,0.0000
2020-06-19 22:00:00+00:00,0.0000,0.0000,0.0000,0.0000,1.7069
2020-06-19 23:00:00+00:00,1.2023,1.7460,2.1404,1.2843,1.9942
2020-06-20 00:00:00+00:00,2.4568,2.6781,2.8768,6.8929,2.9346
2020-06-20 01:00:00+00:00,1.6398,1.7794,3.8180,0.3096,2.3951
2020-06-20 02:00:00+00:00,6.9317,7.6545,7.9683,18.6645,0.0000
2020-06-20 03:00:00+00:00,12.7539,13.2398,11.9497,37.1551,0.0000
2020-06-20 04:00:00+00:00,12.7212,13.3581,12.4343,38.9045,3.9618
2020-06-20 05:00:00+00:00,14.8551,17.5696,17.5373,46.6472,8.1373
2020-06-20 06:00:00+00:00,15.8065,18.1666,18.3930,47.2441,11.2114
2020-06-20 07:00:00+00:00,13.7501,15.8111,14.6976,43.4588,24.3672
2020-06-20 08:00:00+00:00,13.9055,16.8373,15.2851,44.8734,19.8953
2020-06-20 09:00:00+00:00,13.4995,16.8776,14.4973,45.7688,16.2883
2020-06-20 10:00:00+00:00,9.8756,11.7358,9.3302,34.5098,4.7257
2020-06-20 11:00:00+00:00,3.5191,3.8048,2.8470,11.2442,3.8815
2020-06-20 12:00:00+00:00,1.1499,1.5800,0.8290,4.1309,0.0000
2020-06-20 13:00:00+00:00,0.0000,0.0000,0.0000,0.0000,0.0000
2020-06-20 14:00:00+00:00,0.0000,0.0000,0.0000,0.0000,0.0000
2020-06-20 15:00:00+00:00,0.0000,0.0000,0.0000,0.0000,0.0000
2020-06-20 16:00:00+00:00,0.0000,0.0000,0.0000,0.0000,2.0669
2020-06-20 17:00:00+00:00,0.0000,0.0000,0.0000,0.0000,3.9608
2020-06-20 18:00:00+00:00,0.0000,0.0000,0.0000,0.0000,8.6478
2020-06-20 19:00:00+00:00,0.0000,0.0000,0.0000,0.0000,8.3520
2020-06-20 20:00:00+00:00,1.5757,0.0000,0.0000,2.4042,4.3770
2020-06-20 21:00:00+00:00,1.4003,1.4320,2.5429,0.0000,2.9198
2020-06-20 22:00:00+00:00,0.0000,0.0000,0.0000,0.0000,4.8121
2020-06-20 23:00:00+00:00,0.0000,0.0000,0.0000,0.0000,2.5796
2020-06-21 00:00:00+00:00,0.0000,0.0000,0.0000,0.0000,0.0000
2020-06-21 01:00:00+00:00,5.6969,6.9071,6.9832,13.6657,0.0000
2020-06-21 02:00:00+00:00,4.3744,5.4737,5.7581,10.0246,0.0000
2020-06-21 03:00:00+00:00,8.9640,9.2951,9.3511,18.9791,0.0000
2020-06-21 04:00:00+00:00,8.0773,9.5380,8.3896,18.6936,5.1449
2020-06-21 05:00:00+00:00,4.9586,5.5392,4.4505,12.1107,9.0947
2020-06-21 06:00:00+00:00,3.6633,3.8464,3.9663,7.6377,16.3684
2020-06-21 07:00:00+00:00,3.6300,3.3713,4.4896,6.1925,22.9293
2020-06-21 08:00:00+00:00,3.9460,3.6182,5.1952,6.2801,21.4121
2020-06-21 09:00:00+00:00,3.4290,2.8447,4.2777,4.4166,23.9965
2020-06-21 10:00:00+00:00,0.0000,0.0000,0.0000,0.0000,13.4923
2020-06-21 11:00:00+00:00,0.0000,0.0000,0.0000,0.0000,11.2348
2020-06-21 12:00:00+00:00,0.0000,0.0000,0.0000,0.0000,5.6865
2020-06-21 13:00:00+00:00,0.0000,0.0000,0.0000,0.0000,2.7471
2020-06-21 14:00:00+00:00,0.0000,0.0000,0.0000,0.0000,3.1249
2020-06-21 15:00:00+00:00,0.0000,0.0000,0.0000,0.0000,3.9698
2020-06-21 16:00:00+00:00,0.0000,0.0000,0.0000,0.0000,5.2742
2020-06-21 17:00:00+00:00,0.0000,0.0000,0.0000,0.0000,7.2421
2020-06-21 18:00:00+00:00,0.0000,0.0000,0.0000,0.0000,8.4851
2020-06-21 19:00:00+00:00,0.0000,0.0000,0.0000,0.0000,9.5163
2020-06-21 20:00:00+00:00,0.0000,0.0000,0.0000,0.0000,6.9690
2020-06-21 21:00:00+00:00,2.5809,0.0000,0.8142,0.0000,0.8836
2020-06-21 22:00:00+00:00,58.5725,73.2412,59.8961,34.2996,2.4317
2020-06-21 23:00:00+00:00,0.0000,0.0000,0.0000,0.0000,2.5425
2020-06-22 00:00:00+00:00,0.0000,0.0000,0.0000,0.0000,0.0000
2020-06-22 01:00:00+00:00,1.1889,2.1382,0.8978,6.9010,0.0000
2020-06-22 02:00:00+00:00,0.0000,0.6323,0.0000,3.7485,1.0520
2020-06-22 03:00:00+00:00,0.0000,0.0000,0.0000,0.0000,10.8437
2020-06-22 04:00:00+00:00,0.0000,0.0000,0.0000,0.0000,30.1397
2020-06-22 05:00:00+00:00,0.0000,0.0000,0.0000,0.0000,34.4546
2020-06-22 06:00:00+00:00,0.2453,0.0000,1.5617,0.0000,40.1718
2020-06-22 07:00:00+00:00,3.2801,3.4624,5.8347,5.1765,31.1137
2020-06-22 08:00:00+00:00,5.6780,6.1424,6.5780,11.2828,29.8950
2020-06-22 09:00:00+00:00,7.5848,10.8633,10.0070,22.5658,31.5853
2020-06-22 10:00:00+00:00,5.1100,8.5086,8.4405,16.9450,19.3114
2020-06-22 11:00:00+00:00,2.4598,3.8388,3.2602,8.1588,8.0947
2020-06-22 12:00:00+00:00,0.0275,0.0000,0.1699,0.0000,2.5730
2020-06-22 13:00:00+00:00,0.0000,0.0000,0.0000,0.0000,0.0000
2020-06-22 14:00:00+00:00,0.0000,0.0000,0.0000,0.0000,0.0000
2020-06-22 15:00:00+00:00,0.0000,0.0000,0.0000,0.0000,0.0000
2020-06-22 16:00:00+00:00,0.0000,0.0000,0.0000,0.0000,1.0772
2020-06-22 17:00:00+00:00,0.0000,0.0000,0.0000,0.0000,3.5515
2020-06-22 18:00:00+00:00,0.4021,0.0000,0.0000,0.0000,4.0684
2020-06-22 19:00:00+00:00,0.0000,0.0000,0.0000,0.0000,2.5276
2020-06-22 20:00:00+00:00,0.0000,0.0000,0.0000,0.0000,0.0000
2020-06-22 21:00:00+00:00,0.0000,0.0000,0.0000,0.0000,0.0000
2020-06-22 22:00:00+00:00,0.8836,0.0000,0.4542,0.0000,0.0000
2020-06-22 23:00:00+00:00,0.0000,0.0000,0.0000,0.0000,0.0000
2020-06-23 00:00:00+00:00,0.0000,0.0000,0.0000,0.0000,0.0000
2020-06-23 01:00:00+00:00,7.2662,5.7071,5.0300,18.3867,0.0000
2020-06-23 02:00:00+00:00,5.5343,2.1919,1.9815,9.6139,0.0000
2020-06-23 03:00:00+00:00,10.4197,10.1176,10.1220,21.1549,0.0000
2020-06-23 04:00:00+00:00,14.7918,16.4049,15.1491,34.1483,0.0000
2020-06-23 05:00:00+00:00,16.3034,16.7293,15.3133,35.4031,0.0000
2020-06-23 06:00:00+00:00,20.5165,24.2057,22.1000,48.9346,7.8944
2020-06-23 07:00:00+00:00,25.2330,28.9680,24.3389,67.4389,15.3435
2020-06-23 08:00:00+00:00,15.0524,17.9549,15.6582,41.9588,3.5303
2020-06-23 09:00:00+00:00,11.2255,12.8365,11.3298,29.2091,1.4780
2020-06-23 10:00:00+00:00,6.3011,5.3120,5.6042,10.0758,16.2436
2020-06-23 11:00:00+00:00,2.0008,1.4937,1.0141,3.1360,8.8942
2020-06-23 12:00:00+00:00,1.9922,0.0000,0.0000,0.0000,9.0286
2020-06-23 13:00:00+00:00,2.0971,0.0000,0.9277,0.0000,10.7479
2020-06-23 14:00:00+00:00,4.9481,3.7229,6.0703,5.9897,11.1412
2020-06-23 15:00:00+00:00,6.7797,6.3007,6.8017,13.2939,10.5408
2020-06-23 16:00:00+00:00,7.7342,7.4548,8.5760,15.3818,14.8337
2020-06-23 17:00:00+00:00,7.4181,10.9514,9.1935,24.3062,23.1338
2020-06-23 18:00:00+00:00,5.4077,4.2307,4.3448,11.8619,23.8786
2020-06-23 19:00:00+00:00,4.0583,4.4259,4.3189,8.6035,26.0875
2020-06-23 20:00:00+00:00,7.0944,6.2046,8.9493,15.7772,29.6173
2020-06-23 21:00:00+00:00,27.4205,40.0371,42.6329,87.2002,35.2300
2020-06-23 22:00:00+00:00,22.8246,28.6382,28.3036,71.4364,25.0736
2020-06-23 23:00:00+00:00,29.7445,35.3128,38.9039,73.6955,27.7379
2020-06-24 00:00:00+00:00,10.6457,11.2709,14.4018,19.4170,32.3834
2020-06-24 01:00:00+00:00,14.9975,18.2519,21.5102,31.0863,13.5040
2020-06-24 02:00:00+00:00,19.8433,29.0963,31.2374,46.5758,15.6345
2020-06-24 03:00:00+00:00,37.8333,47.7131,44.1187,95.6001,21.3631
2020-06-24 04:00:00+00:00,46.2776,48.0770,45.5150,116.1184,26.0033
2020-06-24 05:00:00+00:00,28.2546,26.6202,27.9149,69.4336,24.3359
2020-06-24 06:00:00+00:00,6.4981,2.5242,4.7352,8.1371,39.1310
2020-06-24 07:00:00+00:00,11.5354,3.2947,5.7810,6.5976,53.4075
2020-06-24 08:00:00+00:00,8.3432,6.0593,8.5219,9.5591,73.5504
2020-06-24 09:00:00+00:00,12.6272,6.6151,8.1364,16.9685,76.8624
2020-06-24 10:00:00+00:00,15.4895,13.5732,12.0497,28.4185,75.9437
2020-06-24 11:00:00+00:00,16.3476,16.7661,16.1030,32.6474,75.4875
2020-06-24 12:00:00+00:00,23.9633,22.6495,22.4150,51.7223,76.7158
2020-06-24 13:00:00+00:00,36.1327,38.7470,43.1694,82.8939,77.9128
2020-06-24 14:00:00+00:00,44.9498,48.4185,51.7508,111.3318,76.8502
2020-06-24 15:00:00+00:00,43.7953,50.8524,54.1684,110.9218,77.2194
2020-06-24 16:00:00+00:00,41.8208,51.1504,55.8129,103.8400,77.0106
2020-06-24 17:00:00+00:00,42.4483,51.6363,56.4154,101.6828,77.8431
2020-06-24 18:00:00+00:00,38.9794,48.7335,54.9934,90.0032,77.5272
2020-06-24 19:00:00+00:00,44.9800,55.7998,60.5777,108.0510,77.6113
2020-06-24 20:00:00+00:00,57.9464,72.4295,80.1090,135.2748,76.5288
2020-06-24 21:00:00+00:00,63.9646,77.7178,84.4107,145.4424,69.5000
2020-06-24 22:00:00+00:00,54.4781,63.4678,71.6743,117.7696,74.6453
2020-06-24 23:00:00+00:00,42.5893,49.3209,54.4464,96.2124,65.6668
2020-06-25 00:00:00+00:00,34.8484,39.3708,43.4130,78.4698,45.0921
2020-06-25 01:00:00+00:00,24.6821,28.6038,32.5666,52.0506,21.9777
2020-06-25 02:00:00+00:00,28.4673,38.4599,40.8788,67.5608,15.5412
2020-06-25 03:00:00+00:00,39.2292,48.4166,50.8735,90.5981,23.0127
2020-06-25 04:00:00+00:00,40.7289,47.3705,45.8917,87.2722,43.5004
2020-06-25 05:00:00+00:00,39.8872,45.3060,42.1669,80.1620,38.0088
2020-06-25 06:00:00+00:00,44.7814,47.5869,44.4070,89.0529,39.6773
2020-06-25 07:00:00+00:00,46.9878,48.6536,45.1361,93.5524,40.7670
2020-06-25 08:00:00+00:00,51.9987,55.7864,54.1336,105.0130,56.2450
2020-06-25 09:00:00+00:00,52.6358,58.6764,59.0087,104.8642,62.0329
2020-06-25 10:00:00+00:00,44.8866,49.1834,47.0976,90.5150,56.6792
2020-06-25 11:00:00+00:00,41.9719,49.5233,49.5587,96.0307,42.2432
2020-06-25 12:00:00+00:00,41.9959,47.2052,47.1465,93.7864,29.4237
2020-06-25 13:00:00+00:00,43.3220,49.2807,52.2862,93.4811,30.9438
2020-06-25 14:00:00+00:00,36.8201,42.0500,46.1547,86.0462,24.7643
2020-06-25 15:00:00+00:00,35.2424,39.0657,42.8209,80.9508,39.2636
2020-06-25 16:00:00+00:00,29.2335,33.6330,36.6261,70.1578,49.3783
2020-06-25 17:00:00+00:00,32.6994,39.4341,43.2214,77.4149,46.7584
2020-06-25 18:00:00+00:00,26.4293,33.1111,34.1490,65.7590,41.6581
2020-06-25 19:00:00+00:00,17.6783,21.8652,23.3685,38.4185,47.0197
2020-06-25 20:00:00+00:00,28.0255,31.2989,35.2891,62.1400,38.3376
2020-06-25 21:00:00+00:00,27.0674,30.2309,36.2204,60.0645,24.2125
2020-06-25 22:00:00+00:00,23.4450,29.5384,31.5694,57.6181,15.2813
2020-06-25 23:00:00+00:00,14.1451,16.8982,18.3324,32.1403,11.6259
2020-06-26 00:00:00+00:00,6.8472,7.9736,9.4792,14.9972,9.0182
2020-06-26 01:00:00+00:00,5.9361,5.5406,6.1094,11.7702,5.5538
2020-06-26 02:00:00+00:00,9.1715,11.4518,12.4863,22.2308,5.4890
2020-06-26 03:00:00+00:00,12.7248,16.9772,17.5852,33.8761,20.8545
2020-06-26 04:00:00+00:00,24.0834,31.5147,30.5888,71.8047,55.2885
2020-06-26 05:00:00+00:00,30.2349,40.1628,39.1770,92.3845,59.8410
2020-06-26 06:00:00+00:00,24.5793,34.6783,33.8794,77.8968,46.4026
2020-06-26 07:00:00+00:00,24.4764,35.5810,35.8886,79.0961,46.6964
2020-06-26 08:00:00+00:00,27.7907,36.3269,37.8568,78.4328,53.8696
2020-06-26 09:00:00+00:00,30.7204,39.6614,40.8291,84.3668,57.2093
2020-06-26 10:00:00+00:00,35.6723,38.8263,36.9607,99.3109,37.2761
2020-06-26 11:00:00+00:00,21.3176,22.3179,21.1572,56.5319,40.1021
2020-06-26 12:00:00+00:00,17.7852,18.4775,18.5038,41.5187,24.8196
2020-06-26 13:00:00+00:00,19.3790,22.0637,23.6212,45.2275,22.8188
2020-06-26 14:00:00+00:00,17.4401,21.4104,23.7760,39.6890,29.0454
2020-06-26 15:00:00+00:00,18.3829,23.7618,24.9599,43.1950,32.4406
2020-06-26 16:00:00+00:00,21.7768,30.4298,30.5314,58.4477,34.0447
2020-06-26 17:00:00+00:00,25.2361,32.5548,33.4372,64.7959,37.0968
2020-06-26 18:00:00+00:00,21.7430,27.9761,27.3190,52.7453,39.2481
2020-06-26 19:00:00+00:00,14.4529,19.8358,22.1188,32.5843,47.0757
2020-06-26 20:00:00+00:00,19.3678,24.9145,26.1229,41.9497,39.2309
2020-06-26 21:00:00+00:00,14.6209,14.1566,19.3478,21.1202,34.8153
2020-06-26 22:00:00+00:00,1.2794,1.6084,1.2600,3.3194,37.7878
2020-06-26 23:00:00+00:00,2.9533,4.3233,4.3605,8.9363,34.2405
2020-06-27 00:00:00+00:00,11.3953,13.2916,13.8430,30.3116,36.6305
2020-06-27 01:00:00+00:00,16.8637,20.5666,20.7490,44.2632,24.9066
2020-06-27 02:00:00+00:00,19.6150,24.5781,24.7476,55.8588,29.5202
2020-06-27 03:00:00+00:00,30.1023,39.2156,40.4841,84.7493,36.4379
2020-06-27 04:00:00+00:00,44.7042,58.6174,60.2704,126.6709,47.2441
2020-06-27 05:00:00+00:00,45.6054,54.4081,54.8998,121.1969,39.5118
2020-06-27 06:00:00+00:00,36.6954,39.2877,40.0458,94.0301,32.9296
2020-06-27 07:00:00+00:00,37.5107,45.8165,44.5525,108.8071,28.5717
2020-06-27 08:00:00+00:00,26.0502,38.8159,39.1007,84.6350,25.3796
2020-06-27 09:00:00+00:00,21.4463,34.0971,33.6093,75.1905,26.6927
2020-06-27 10:00:00+00:00,12.6903,20.2021,19.6646,44.9743,23.4615
2020-06-27 11:00:00+00:00,7.1266,7.3057,6.7970,17.4340,20.4332
2020-06-27 12:00:00+00:00,5.5628,3.4744,4.3231,8.8685,17.3019
2020-06-27 13:00:00+00:00,11.8440,9.1659,15.1180,17.2356,40.8034
2020-06-27 14:00:00+00:00,14.4280,14.1536,17.9775,26.0529,76.0028
2020-06-27 15:00:00+00:00,10.4529,9.0329,11.1628,17.3941,47.3724
2020-06-27 16:00:00+00:00,6.4916,5.4614,7.5908,11.1086,27.0680
2020-06-27 17:00:00+00:00,9.7173,6.5532,11.6472,10.1696,32.3151
2020-06-27 18:00:00+00:00,19.1545,22.0509,27.0646,36.2554,16.5724
2020-06-27 19:00:00+00:00,10.0180,11.8744,13.6481,27.7987,10.3684
2020-06-27 20:00:00+00:00,1.6163,1.7584,2.0422,5.1445,8.4331
2020-06-27 21:00:00+00:00,1.1680,0.0000,0.0000,0.0000,11.5661
2020-06-27 22:00:00+00:00,0.6210,0.0000,0.0000,0.0000,18.9109
2020-06-27 23:00:00+00:00,0.0000,0.0000,0.0000,0.0000,26.5850
2020-06-28 00:00:00+00:00,0.9658,0.3282,1.5549,0.0000,22.5527
2020-06-28 01:00:00+00:00,1.2522,0.0000,0.0000,0.0000,31.3704
2020-06-28 02:00:00+00:00,1.8672,0.0000,0.0447,0.0000,2.8380
2020-06-28 03:00:00+00:00,6.2587,3.2107,6.5772,0.7737,20.7486
2020-06-28 04:00:00+00:00,10.2183,8.1049,9.4178,13.4281,34.4822
2020-06-28 05:00:00+00:00,12.2166,15.0307,16.1608,25.1118,31.4020
2020-06-28 06:00:00+00:00,12.3687,16.1900,15.2529,37.3402,26.7933
2020-06-28 07:00:00+00:00,9.3141,10.2228,9.6857,26.5370,15.3922
2020-06-28 08:00:00+00:00,4.8252,4.4895,4.7809,12.0754,11.1220
2020-06-28 09:00:00+00:00,1.4857,1.5543,1.4346,4.0121,9.8779
2020-06-28 10:00:00+00:00,1.6195,1.3254,1.3429,2.6584,10.3093
2020-06-28 11:00:00+00:00,0.3276,0.0000,0.0000,0.0000,6.1929
2020-06-28 12:00:00+00:00,1.3633,1.0607,1.3607,0.0000,2.2531
2020-06-28 13:00:00+00:00,0.7675,0.0000,0.0889,0.0000,2.0600
2020-06-28 14:00:00+00:00,0.0000,0.0000,0.0000,0.0000,2.2095
2020-06-28 15:00:00+00:00,0.0000,0.0000,0.0000,0.0000,2.7779
2020-06-28 16:00:00+00:00,0.0000,0.0000,0.0000,0.0000,7.9264
2020-06-28 17:00:00+00:00,0.0000,0.0000,0.0000,0.0000,11.8795
2020-06-28 18:00:00+00:00,0.0000,0.0000,0.0000,0.0000,10.2352
2020-06-28 19:00:00+00:00,0.0000,0.0000,0.0000,0.0000,4.0606
2020-06-28 20:00:00+00:00,0.0000,0.0000,0.0000,0.0000,11.6739
2020-06-28 21:00:00+00:00,0.0000,0.0000,0.0000,0.0000,9.2571
2020-06-28 22:00:00+00:00,0.0000,0.0000,0.0000,0.0000,29.0447
2020-06-28 23:00:00+00:00,4.0445,3.4367,3.9820,7.8637,5.8585
2020-06-29 00:00:00+00:00,0.0000,0.0000,0.0000,0.0000,4.7909
2020-06-29 01:00:00+00:00,0.0000,0.0000,0.0000,0.0000,0.0000
2020-06-29 02:00:00+00:00,0.0000,0.0000,0.0000,0.0000,5.2126
2020-06-29 03:00:00+00:00,0.0000,0.0000,0.0000,0.0000,2.3734
2020-06-29 04:00:00+00:00,0.0000,0.0000,0.0000,0.0000,2.1357
2020-06-29 05:00:00+00:00,0.8947,0.0000,0.0000,3.1554,0.0000
2020-06-29 06:00:00+00:00,0.0000,0.0000,0.0000,0.0000,0.0000
2020-06-29 07:00:00+00:00,0.3150,0.0000,0.0000,1.7490,0.0000
2020-06-29 08:00:00+00:00,0.0000,0.0000,0.0000,0.0000,0.0000
2020-06-29 09:00:00+00:00,0.0000,0.0000,0.0000,0.0000,0.0000
2020-06-29 10:00:00+00:00,3.0470,2.9185,2.6785,8.3209,0.0000
2020-06-29 11:00:00+00:00,3.4845,2.6918,2.5515,8.9579,0.0000
2020-06-29 12:00:00+00:00,2.7527,2.6444,2.7543,7.3174,0.0000
2020-06-29 13:00:00+00:00,2.8149,2.4718,2.6152,6.6802,0.0000
2020-06-29 14:00:00+00:00,1.4495,1.1579,1.7316,2.3960,0.0000
2020-06-29 15:00:00+00:00,2.3683,1.6592,2.4325,4.2760,0.0000
2020-06-29 16:00:00+00:00,2.7706,1.7309,2.4982,3.7981,4.1250
2020-06-29 17:00:00+00:00,5.4696,5.1183,6.2583,11.8646,7.4733
2020-06-29 18:00:00+00:00,4.2681,3.5452,5.1008,6.5578,9.1136
2020-06-29 19:00:00+00:00,11.1800,10.9912,15.1145,15.4258,13.5381
2020-06-29 20:00:00+00:00,6.1190,4.7469,5.2442,11.8204,17.3302
2020-06-29 21:00:00+00:00,5.3849,4.7483,5.9626,9.8469,21.8823
2020-06-29 22:00:00+00:00,4.9876,4.8255,7.0768,8.1302,28.7776
2020-06-29 23:00:00+00:00,3.9101,4.3636,4.4106,11.2968,24.2318
2020-06-30 00:00:00+00:00,4.5252,3.3921,3.1629,13.7942,17.9165
2020-06-30 01:00:00+00:00,10.4813,9.0845,9.5334,24.1485,18.8753
2020-06-30 02:00:00+00:00,11.0877,16.7882,15.6004,37.5066,8.7810
2020-06-30 03:00:00+00:00,22.1513,33.7970,32.1329,71.8294,2.4433
2020-06-30 04:00:00+00:00,26.0541,33.3840,35.2064,71.0991,4.3148
2020-06-30 05:00:00+00:00,14.2798,16.1306,18.6782,34.1909,9.0694
2020-06-30 06:00:00+00:00,15.4768,16.4557,19.7176,34.7112,13.7531
2020-06-30 07:00:00+00:00,10.0683,9.9195,12.1476,20.5949,11.6927
2020-06-30 08:00:00+00:00,9.0774,9.9553,11.4104,21.2131,13.8701
2020-06-30 09:00:00+00:00,9.4476,11.3847,12.1296,25.0459,10.8809
2020-06-30 10:00:00+00:00,14.1048,16.7530,16.8696,36.2774,13.3146
2020-06-30 11:00:00+00:00,11.3622,12.8132,13.9447,25.9547,13.3263
2020-06-30 12:00:00+00:00,5.1306,5.8443,6.5756,12.2338,16.3792
2020-06-30 13:00:00+00:00,1.7552,2.6499,2.9019,5.5014,12.1140
2020-06-30 14:00:00+00:00,2.6832,2.6134,2.8119,7.1089,10.2179
2020-06-30 15:00:00+00:00,6.8883,7.6777,8.3787,16.4985,12.6358
2020-06-30 16:00:00+00:00,6.5331,8.3395,10.7656,15.9129,12.2102
2020-06-30 17:00:00+00:00,5.5076,7.2811,8.6503,14.4789,15.3564
2020-06-30 18:00:00+00:00,6.6812,6.5611,7.9119,16.7870,20.0548
2020-06-30 19:00:00+00:00,6.4303,7.2150,7.9334,18.1358,17.9648
2020-06-30 20:00:00+00:00,6.4148,8.7336,9.5472,17.8477,9.0151
2020-06-30 21:00:00+00:00,4.1752,4.0838,5.4790,8.3979,10.9286
2020-06-30 22:00:00+00:00,1.6978,1.4734,1.7353,4.0595,12.8037
2020-06-30 23:00:00+00:00,2.3953,2.6917,3.4006,6.1747,15.7355
2020-07-01 00:00:00+00:00,3.1625,2.8677,3.1597,7.0328,13.2780
2020-07-01 01:00:00+00:00,1.0344,0.0000,0.0000,2.2780,13.9656
2020-07-01 02:00:00+00:00,4.0916,5.2997,3.3577,15.0583,5.5694
2020-07-01 03:00:00+00:00,7.0050,13.3127,10.4376,28.0631,1.9465
2020-07-01 04:00:00+00:00,5.5209,14.8577,14.7257,23.1756,0.3000
2020-07-01 05:00:00+00:00,3.0957,9.6107,11.2397,13.1316,0.0000
2020-07-01 06:00:00+00:00,1.3841,4.8216,6.5708,5.2129,0.0000
2020-07-01 07:00:00+00:00,0.0000,0.0000,0.0000,0.0000,0.0000
2020-07-01 08:00:00+00:00,0.0000,0.0000,0.0000,0.0000,0.0000
2020-07-01 09:00:00+00:00,0.0000,0.0000,0.0000,0.0000,0.0000
2020-07-01 10:00:00+00:00,1.6624,1.2798,1.3680,3.4774,0.0000
2020-07-01 11:00:00+00:00,0.0000,0.0000,0.0000,0.0000,0.0000
2020-07-01 12:00:00+00:00,0.0000,0.0000,0.0000,0.0000,0.0000
2020-07-01 13:00:00+00:00,1.1791,0.0000,0.0900,1.7309,0.0000
2020-07-01 14:00:00+00:00,1.5502,1.2681,1.6377,3.3909,1.1970
2020-07-01 15:00:00+00:00,1.5944,1.5987,2.1878,3.4547,5.9466
2020-07-01 16:00:00+00:00,1.7802,2.0418,2.7191,4.3099,3.6862
2020-07-01 17:00:00+00:00,2.4137,2.5072,3.3779,5.9009,3.0219
2020-07-01 18:00:00+00:00,1.7252,1.4434,2.2192,3.4586,2.8381
2020-07-01 19:00:00+00:00,1.8664,1.7175,2.7508,4.3403,3.5978
2020-07-01 20:00:00+00:00,0.0000,0.0000,0.0000,0.0000,5.4134
2020-07-01 21:00:00+00:00,0.9040,0.0000,0.6553,0.0492,5.2118
2020-07-01 22:00:00+00:00,1.3644,1.4293,1.7496,2.4918,7.1205
2020-07-01 23:00:00+00:00,1.1783,1.4362,1.7508,0.9970,7.1887
2020-07-02 00:00:00+00:00,1.6551,1.6623,2.0304,2.1670,4.3507
2020-07-02 01:00:00+00:00,3.0769,1.9273,2.6388,3.8281,3.7247
2020-07-02 02:00:00+00:00,4.0491,1.8979,2.1056,5.1761,11.9787
2020-07-02 03:00:00+00:00,4.3212,2.6998,2.9532,7.2712,17.4918
2020-07-02 04:00:00+00:00,7.3314,6.6123,5.7603,20.5246,18.9032
2020-07-02 05:00:00+00:00,8.6903,8.4893,7.5087,25.3291,15.9906
2020-07-02 06:00:00+00:00,8.8707,9.9227,8.7359,28.1959,13.5408
2020-07-02 07:00:00+00:00,16.7253,21.3520,19.7189,54.6753,13.0131
2020-07-02 08:00:00+00:00,29.5139,35.1113,32.2463,95.0118,24.0556
2020-07-02 09:00:00+00:00,36.7164,37.8919,35.5203,109.4185,29.2075
2020-07-02 10:00:00+00:00,23.5800,23.4851,21.2445,67.8151,26.0907
2020-07-02 11:00:00+00:00,14.5720,14.7499,11.4523,45.6743,12.4864
2020-07-02 12:00:00+00:00,7.9571,9.3131,7.0873,25.9913,3.5192
2020-07-02 13:00:00+00:00,7.7635,8.1408,6.7790,22.6025,3.7269
2020-07-02 14:00:00+00:00,5.3093,6.8399,5.6192,17.0209,5.9129
2020-07-02 15:00:00+00:00,7.5077,8.9458,8.6321,21.6593,7.3304
2020-07-02 16:00:00+00:00,10.9143,11.0554,11.6719,28.9694,11.4952
2020-07-02 17:00:00+00:00,14.7248,14.8577,15.7954,37.5111,13.8969
2020-07-02 18:00:00+00:00,19.3861,19.8445,21.9466,47.3901,21.1786
2020-07-02 19:00:00+00:00,6.4074,6.2573,7.0434,15.4421,17.0787
2020-07-02 20:00:00+00:00,3.2751,4.4436,4.8081,10.8339,28.9732
2020-07-02 21:00:00+00:00,3.4284,2.8844,3.0091,9.0379,38.5735
2020-07-02 22:00:00+00:00,9.3114,10.6461,12.2347,21.8342,32.3865
2020-07-02 23:00:00+00:00,13.9742,14.8191,16.9734,33.0407,25.5154
2020-07-03 00:00:00+00:00,27.8803,25.0285,26.6978,71.5155,32.3908
2020-07-03 01:00:00+00:00,5.1865,3.1853,3.0043,12.3317,15.3225
2020-07-03 02:00:00+00:00,4.0317,3.5718,2.6944,13.2146,0.0000
2020-07-03 03:00:00+00:00,7.3338,7.3687,6.4736,21.8332,0.0000
2020-07-03 04:00:00+00:00,9.4483,10.5508,9.4365,29.1302,4.2689
2020-07-03 05:00:00+00:00,10.6412,8.9117,8.5527,26.9419,0.0000
2020-07-03 06:00:00+00:00,2.2300,0.0000,0.0000,3.7411,0.0000
2020-07-03 07:00:00+00:00,0.0000,0.0000,0.0000,0.0000,0.0000
2020-07-03 08:00:00+00:00,0.0000,0.0000,0.0000,0.0000,0.0000
2020-07-03 09:00:00+00:00,0.5313,2.7158,3.4765,2.3275,0.0000
2020-07-03 10:00:00+00:00,0.0000,0.0000,0.0000,0.0000,1.4376
2020-07-03 11:00:00+00:00,0.0000,0.0000,0.0000,0.0000,0.8450
2020-07-03 12:00:00+00:00,0.0000,0.0000,0.0000,0.0000,0.0000
2020-07-03 13:00:00+00:00,0.0000,0.0000,0.0000,0.0000,0.0000
2020-07-03 14:00:00+00:00,0.0000,0.0000,0.0000,0.0000,0.0000
2020-07-03 15:00:00+00:00,0.2732,0.0394,1.1082,0.0000,0.0000
2020-07-03 16:00:00+00:00,1.5312,1.4344,2.1898,3.1809,3.9715
2020-07-03 17:00:00+00:00,3.3995,2.7089,3.8649,6.7422,5.3412
2020-07-03 18:00:00+00:00,2.1400,1.4512,2.2410,3.9407,7.5739
2020-07-03 19:00:00+00:00,2.2490,1.5519,2.4071,4.5015,14.8283
2020-07-03 20:00:00+00:00,1.2220,0.0000,0.9313,1.9682,16.7074
2020-07-03 21:00:00+00:00,0.0000,0.0000,0.0000,0.0000,15.8984
2020-07-03 22:00:00+00:00,0.0000,0.0000,0.0000,0.0000,8.0085
2020-07-03 23:00:00+00:00,0.0000,0.0000,0.0000,0.0000,8.1076
2020-07-04 00:00:00+00:00,1.0978,0.5957,0.6199,2.0344,2.4673
2020-07-04 01:00:00+00:00,1.6450,1.4043,1.4840,3.8560,2.2556
2020-07-04 02:00:00+00:00,1.9654,0.2919,0.0000,6.8148,0.0000
2020-07-04 03:00:00+00:00,1.5668,0.1548,0.0000,4.8253,0.0000
2020-07-04 04:00:00+00:00,0.0000,0.0000,0.0000,0.0000,0.0000
2020-07-04 05:00:00+00:00,0.0000,0.0000,0.0000,0.0000,0.0000
2020-07-04 06:00:00+00:00,0.1258,0.0000,0.0000,3.3146,0.0000
2020-07-04 07:00:00+00:00,2.4807,1.4373,0.0000,9.6787,0.0000
2020-07-04 08:00:00+00:00,3.0138,2.4058,1.3884,11.3017,0.0000
2020-07-04 09:00:00+00:00,1.9738,1.8955,0.9553,7.9496,0.0000
2020-07-04 10:00:00+00:00,4.4559,3.9163,2.6825,14.4912,2.0422
2020-07-04 11:00:00+00:00,0.0000,0.0000,0.0000,0.0000,0.0000
2020-07-04 12:00:00+00:00,0.0000,0.0000,0.0000,0.0000,0.0000
2020-07-04 13:00:00+00:00,0.0000,0.0000,0.0000,0.0000,0.0000
2020-07-04 14:00:00+00:00,0.0000,0.0000,0.0000,0.0000,0.0375
2020-07-04 15:00:00+00:00,0.5649,0.0000,0.0000,0.0000,2.9577
2020-07-04 16:00:00+00:00,3.4723,2.5459,3.4947,6.4826,5.5167
2020-07-04 17:00:00+00:00,4.8622,3.9782,5.2081,9.9215,6.0660
2020-07-04 18:00:00+00:00,4.0334,2.7293,3.8099,6.9727,2.5682
2020-07-04 19:00:00+00:00,1.7531,1.1020,1.5593,4.4763,6.6843
2020-07-04 20:00:00+00:00,2.0401,1.9898,3.2730,6.1453,9.3461
2020-07-04 21:00:00+00:00,1.5889,0.3055,1.7002,4.3918,11.9862
2020-07-04 22:00:00+00:00,3.3229,2.8120,3.5954,8.6650,14.5861
2020-07-04 23:00:00+00:00,3.3694,4.1000,4.1875,9.4709,10.7302
2020-07-05 00:00:00+00:00,3.8947,4.7591,5.1129,11.4796,6.3510
2020-07-05 01:00:00+00:00,4.8041,6.1037,6.1492,14.3865,11.1925
2020-07-05 02:00:00+00:00,4.4772,3.7879,2.6194,15.4327,5.4386
2020-07-05 03:00:00+00:00,4.7980,3.8876,2.5559,16.6019,3.2021
2020-07-05 04:00:00+00:00,6.6288,5.2296,4.1830,21.0032,0.7354
2020-07-05 05:00:00+00:00,3.3000,1.7704,0.7261,10.1910,0.0000
2020-07-05 06:00:00+00:00,0.0000,0.0000,0.0000,2.4433,0.0000
2020-07-05 07:00:00+00:00,0.0000,0.0000,0.0000,2.7368,0.0000
2020-07-05 08:00:00+00:00,2.2381,3.6527,2.2880,11.0925,0.0000
2020-07-05 09:00:00+00:00,6.6030,7.8033,5.7461,24.5650,0.0000
2020-07-05 10:00:00+00:00,7.4939,10.3769,7.8672,31.1828,0.0000
2020-07-05 11:00:00+00:00,4.8512,5.6913,4.4927,15.9213,0.0000
2020-07-05 12:00:00+00:00,1.1744,0.8438,0.0000,4.0412,0.0000
2020-07-05 13:00:00+00:00,3.2843,3.1637,2.6492,9.1499,0.0000
2020-07-05 14:00:00+00:00,4.4363,4.7098,4.6679,11.7907,0.0000
2020-07-05 15:00:00+00:00,4.6260,4.8446,5.2934,11.9173,11.0179
2020-07-05 16:00:00+00:00,5.1505,5.5881,6.7405,11.7988,21.0772
2020-07-05 17:00:00+00:00,9.1602,10.3172,12.0167,20.1145,25.9933
2020-07-05 18:00:00+00:00,9.8790,10.2798,11.9084,19.5350,27.4215
2020-07-05 19:00:00+00:00,9.0314,8.8780,10.9295,16.1904,27.3598
2020-07-05 20:00:00+00:00,8.8918,10.1274,12.2814,16.5613,21.6747
2020-07-05 21:00:00+00:00,6.6234,8.1624,10.0303,13.7820,21.5572
2020-07-05 22:00:00+00:00,6.3396,7.9331,9.7604,13.4556,14.0583
2020-07-05 23:00:00+00:00,5.1325,10.3805,14.2591,12.5219,6.0249
2020-07-06 00:00:00+00:00,0.5090,0.0000,0.0000,0.9631,18.1826
2020-07-06 01:00:00+00:00,6.0183,8.8004,7.9136,22.9052,5.1780
2020-07-06 02:00:00+00:00,11.5139,16.7373,20.6054,31.3740,0.0000
2020-07-06 03:00:00+00:00,5.7840,10.9920,18.0650,11.0161,0.0000
2020-07-06 04:00:00+00:00,2.0500,5.0106,8.2528,2.8619,0.0000
2020-07-06 05:00:00+00:00,0.0000,0.0000,1.4144,0.0000,0.0000
2020-07-06 06:00:00+00:00,0.0000,0.0000,0.0000,0.0000,0.0000
2020-07-06 07:00:00+00:00,0.0000,0.0000,0.0000,0.0000,0.0000
2020-07-06 08:00:00+00:00,0.0000,1.1072,1.8960,0.0000,0.0000
2020-07-06 09:00:00+00:00,0.0000,1.8308,2.8059,0.0000,0.0000
2020-07-06 10:00:00+00:00,0.0000,0.0326,1.6441,0.0000,0.0000
2020-07-06 11:00:00+00:00,0.0000,1.0678,2.3811,0.0000,0.0000
2020-07-06 12:00:00+00:00,0.0000,0.0000,0.4829,0.0000,0.0000
2020-07-06 13:00:00+00:00,0.4623,0.0000,0.1071,0.0000,0.0000
2020-07-06 14:00:00+00:00,0.5491,0.0000,0.0000,0.0000,0.0000
2020-07-06 15:00:00+00:00,1.3471,0.0000,0.2549,0.0000,0.0000
2020-07-06 16:00:00+00:00,1.3756,0.0000,0.0000,0.2283,0.0000
2020-07-06 17:00:00+00:00,0.0000,0.0000,0.0000,0.0000,0.0000
2020-07-06 18:00:00+00:00,0.0000,0.0000,0.0000,0.0000,0.1937
2020-07-06 19:00:00+00:00,0.2827,0.0000,0.0000,0.0000,2.1925
2020-07-06 20:00:00+00:00,0.0000,0.0000,0.0000,0.3817,4.1125
2020-07-06 21:00:00+00:00,1.7133,1.1758,1.7272,3.5629,3.6529
2020-07-06 22:00:00+00:00,1.6815,2.3407,1.7965,5.6026,3.2007
2020-07-06 23:00:00+00:00,3.7091,4.1220,4.1043,9.4645,2.2146
2020-07-07 00:00:00+00:00,4.2914,4.9818,5.3017,10.8879,2.1883
2020-07-07 01:00:00+00:00,2.8968,4.2400,5.0882,7.2264,2.5324
2020-07-07 02:00:00+00:00,8.4166,12.2408,16.4999,17.0445,2.6389
2020-07-07 03:00:00+00:00,10.7945,17.8674,22.1815,24.3879,2.7108
2020-07-07 04:00:00+00:00,12.2232,19.3229,24.2126,30.4176,20.4582
2020-07-07 05:00:00+00:00,10.7119,17.9701,22.5678,25.5770,47.7177
2020-07-07 06:00:00+00:00,13.2301,20.8516,26.1376,27.4430,43.9458
2020-07-07 07:00:00+00:00,20.0777,32.2197,36.8477,45.9064,38.8683
2020-07-07 08:00:00+00:00,31.9193,45.1967,54.5698,73.5241,20.3983
2020-07-07 09:00:00+00:00,39.2775,55.2371,52.2010,99.0780,15.0379
2020-07-07 10:00:00+00:00,26.3658,27.2170,23.1148,71.5034,12.5035
2020-07-07 11:00:00+00:00,14.5750,10.7602,8.5514,29.5497,14.4709
2020-07-07 12:00:00+00:00,2.5968,0.9077,1.1289,1.2980,11.4415
2020-07-07 13:00:00+00:00,0.0000,0.0000,0.0000,0.0000,10.8953
2020-07-07 14:00:00+00:00,0.0000,0.0000,0.0000,0.0000,7.4188
2020-07-07 15:00:00+00:00,0.0000,0.0000,0.0000,0.0000,9.0292
2020-07-07 16:00:00+00:00,0.0000,0.0000,0.0000,0.0000,9.9205
2020-07-07 17:00:00+00:00,0.2866,0.0000,0.0000,0.0000,14.0934
2020-07-07 18:00:00+00:00,1.4453,0.0000,0.0000,0.0000,13.4438
2020-07-07 19:00:00+00:00,3.3713,0.0000,0.0000,0.0000,11.9015
2020-07-07 20:00:00+00:00,8.2910,0.0000,3.3335,3.3214,11.8609
2020-07-07 21:00:00+00:00,7.9112,3.9371,4.7581,13.9625,12.9339
2020-07-07 22:00:00+00:00,4.6523,4.1985,6.8954,9.1529,36.2749
2020-07-07 23:00:00+00:00,18.2214,15.5593,18.4469,37.9646,41.6677
2020-07-08 00:00:00+00:00,21.2779,25.1731,29.7939,53.8581,31.9497
2020-07-08 01:00:00+00:00,23.9656,22.2570,24.5306,47.4556,50.2073
2020-07-08 02:00:00+00:00,47.6348,52.2631,49.4088,118.7366,50.4688
2020-07-08 03:00:00+00:00,35.3013,36.0172,32.0371,87.7467,66.1846
2020-07-08 04:00:00+00:00,51.2806,53.5528,50.3807,123.2237,60.9453
2020-07-08 05:00:00+00:00,48.6642,52.4482,54.2720,117.6057,55.7119
2020-07-08 06:00:00+00:00,39.7320,43.3317,46.0891,94.2409,75.7179
2020-07-08 07:00:00+00:00,41.1042,44.3518,47.6025,95.0280,69.2412
2020-07-08 08:00:00+00:00,46.5914,50.8299,55.8862,106.6398,43.6610
2020-07-08 09:00:00+00:00,41.9250,47.5066,51.9237,97.9379,21.3558
2020-07-08 10:00:00+00:00,19.9193,14.8584,18.2805,35.7155,15.9438
2020-07-08 11:00:00+00:00,11.1649,7.1032,8.8201,15.5748,20.3780
2020-07-08 12:00:00+00:00,8.7756,6.6240,8.0779,13.6877,13.5991
2020-07-08 13:00:00+00:00,7.3597,8.2057,9.5396,14.7218,9.6345
2020-07-08 14:00:00+00:00,3.8588,4.6934,5.5174,8.8815,5.1687
2020-07-08 15:00:00+00:00,3.0511,3.7458,4.8994,6.5219,4.4789
2020-07-08 16:00:00+00:00,3.8650,6.1072,8.1001,9.2893,4.0291
2020-07-08 17:00:00+00:00,6.6406,10.8165,14.5451,16.7593,7.0615
2020-07-08 18:00:00+00:00,7.6740,11.0194,13.8084,18.6233,7.8065
2020-07-08 19:00:00+00:00,5.5365,7.9951,10.0915,13.3186,9.7087
2020-07-08 20:00:00+00:00,15.5791,21.1087,21.1502,44.3088,10.6443
2020-07-08 21:00:00+00:00,1.8996,1.2860,1.6516,3.3464,12.5626
2020-07-08 22:00:00+00:00,0.0000,0.0000,0.0000,0.0000,13.7545
2020-07-08 23:00:00+00:00,0.0000,0.0000,0.0000,0.0000,8.7478
2020-07-09 00:00:00+00:00,0.0000,0.0000,0.0000,0.0000,5.2987
2020-07-09 01:00:00+00:00,1.0168,2.4626,1.7261,4.1907,7.5573
2020-07-09 02:00:00+00:00,8.7974,11.1049,11.6992,23.3467,12.5793
2020-07-09 03:00:00+00:00,6.3764,8.3718,9.5378,18.8965,27.9460
2020-07-09 04:00:00+00:00,2.8145,3.7497,4.1771,8.8010,26.7503
2020-07-09 05:00:00+00:00,2.2426,3.5881,3.5444,7.2935,15.4511
2020-07-09 06:00:00+00:00,4.8400,5.0605,5.1365,12.3890,12.0072
2020-07-09 07:00:00+00:00,3.9130,4.6233,4.5475,11.1698,14.7285
2020-07-09 08:00:00+00:00,4.4193,6.6561,5.7317,16.8293,14.5649
2020-07-09 09:00:00+00:00,3.5563,5.6521,4.8356,14.5903,8.7180
2020-07-09 10:00:00+00:00,1.9718,3.2625,2.3333,9.0385,7.4381
2020-07-09 11:00:00+00:00,0.0000,0.0151,0.0000,1.2698,4.0143
2020-07-09 12:00:00+00:00,0.0000,0.0000,0.0000,0.0000,0.0000
2020-07-09 13:00:00+00:00,0.0000,0.0000,0.0000,0.0000,0.0000
2020-07-09 14:00:00+00:00,0.0000,0.0000,0.0000,0.0000,0.0000
2020-07-09 15:00:00+00:00,0.0000,0.0000,0.0000,0.0000,0.5813
2020-07-09 16:00:00+00:00,0.0000,0.0000,0.0000,0.0000,0.4237
2020-07-09 17:00:00+00:00,0.0000,0.0000,0.0000,0.0000,1.8232
2020-07-09 18:00:00+00:00,0.6536,0.0000,0.0000,0.0000,1.6811
2020-07-09 19:00:00+00:00,0.0000,0.0000,0.0000,0.0000,2.3253
2020-07-09 20:00:00+00:00,0.0000,0.0000,0.0000,0.0000,0.0000
2020-07-09 21:00:00+00:00,0.0000,0.0000,0.0000,0.0000,0.0000
2020-07-09 22:00:00+00:00,1.6516,1.3690,2.9104,0.0000,2.7159
2020-07-09 23:00:00+00:00,0.0000,0.0000,0.0000,0.0000,0.3472
2020-07-10 00:00:00+00:00,0.0000,0.0000,0.0000,0.0000,1.7960
2020-07-10 01:00:00+00:00,0.0000,1.5635,1.8287,0.0000,2.4908
2020-07-10 02:00:00+00:00,0.0000,0.0000,0.0000,0.0000,0.0000
2020-07-10 03:00:00+00:00,2.1226,1.5089,2.8310,3.9131,0.0000
2020-07-10 04:00:00+00:00,9.0233,10.0415,9.5042,21.5222,11.2901
2020-07-10 05:00:00+00:00,15.1587,18.3256,14.4442,46.1369,18.3126
2020-07-10 06:00:00+00:00,13.2178,15.4853,12.5516,39.6651,28.1960
2020-07-10 07:00:00+00:00,22.2081,24.1796,20.1269,57.2773,30.8357
2020-07-10 08:00:00+00:00,22.9178,25.2732,20.2468,59.0595,26.6858
2020-07-10 09:00:00+00:00,16.8769,20.3955,15.9343,47.0636,19.8345
2020-07-10 10:00:00+00:00,12.4204,14.6216,13.2653,30.6506,21.3550
2020-07-10 11:00:00+00:00,7.0541,6.9284,6.7771,13.3130,10.8552
2020-07-10 12:00:00+00:00,2.7900,0.0000,1.4021,0.0000,5.9137
2020-07-10 13:00:00+00:00,2.2074,0.0000,0.5519,0.0000,6.0570
2020-07-10 14:00:00+00:00,1.8516,0.0000,0.6722,0.5865,5.9288
2020-07-10 15:00:00+00:00,1.8791,0.0000,0.8358,4.3146,6.8226
2020-07-10 16:00:00+00:00,2.4958,1.4275,1.5701,7.4570,8.4642
2020-07-10 17:00:00+00:00,5.7213,4.7546,5.1554,17.1889,13.1340
2020-07-10 18:00:00+00:00,8.0328,9.9992,11.9987,25.9370,27.9295
2020-07-10 19:00:00+00:00,13.4371,21.4183,25.5696,43.0013,38.3776
2020-07-10 20:00:00+00:00,13.3612,22.3737,23.5174,41.6389,32.6231
2020-07-10 21:00:00+00:00,10.7025,16.5499,18.3594,31.5211,44.8687
2020-07-10 22:00:00+00:00,12.6700,18.3525,20.5483,36.4505,41.4316
2020-07-10 23:00:00+00:00,15.0719,19.6488,22.1966,39.6575,39.1212
2020-07-11 00:00:00+00:00,27.1875,35.7998,37.8333,73.8637,33.0977
2020-07-11 01:00:00+00:00,29.9836,39.6957,43.0732,80.9325,24.8619
2020-07-11 02:00:00+00:00,37.7958,48.1918,51.3793,94.0649,11.6624
2020-07-11 03:00:00+00:00,36.0121,45.5351,50.6690,81.6141,9.6184
2020-07-11 04:00:00+00:00,36.7442,47.3866,54.1352,80.7537,0.8518
2020-07-11 05:00:00+00:00,25.0752,35.8225,42.9730,57.4000,2.0290
2020-07-11 06:00:00+00:00,24.0620,31.8646,40.5439,49.1833,3.8121
2020-07-11 07:00:00+00:00,16.3222,23.0193,27.7470,42.4980,5.7603
2020-07-11 08:00:00+00:00,22.8207,41.9870,41.9214,74.4096,0.0000
2020-07-11 09:00:00+00:00,21.1267,33.0413,36.7063,56.2672,14.8550
2020-07-11 10:00:00+00:00,24.4284,27.8095,29.0894,54.3562,5.1064
2020-07-11 11:00:00+00:00,20.1694,27.1884,29.2927,49.0257,4.1270
2020-07-11 12:00:00+00:00,13.1753,17.7788,20.3944,34.9757,0.5460
2020-07-11 13:00:00+00:00,5.3618,9.2872,9.7175,17.8051,0.0000
2020-07-11 14:00:00+00:00,10.8698,15.2815,13.5630,33.5534,0.0990
2020-07-11 15:00:00+00:00,3.0260,6.9423,4.3842,16.3809,2.1044
2020-07-11 16:00:00+00:00,1.6212,6.0148,4.0190,11.9354,13.6130
2020-07-11 17:00:00+00:00,3.3557,2.7639,4.0590,7.7077,22.6837
2020-07-11 18:00:00+00:00,6.1631,1.7151,2.8057,2.9256,11.8633
2020-07-11 19:00:00+00:00,22.8864,19.8343,19.6319,49.1347,5.4628
2020-07-11 20:00:00+00:00,16.0252,16.2064,18.7818,33.1424,0.0000
2020-07-11 21:00:00+00:00,7.1143,9.2614,6.5872,28.9072,0.0000
2020-07-11 22:00:00+00:00,5.4376,2.3260,3.5267,6.0380,7.6333
2020-07-11 23:00:00+00:00,3.9524,2.3110,3.8162,4.7047,0.0000
2020-07-12 00:00:00+00:00,3.4041,2.7924,0.2600,15.4496,0.0000
2020-07-12 01:00:00+00:00,6.9346,7.0362,7.8879,14.7944,0.0000
2020-07-12 02:00:00+00:00,3.8084,4.7955,6.1482,7.1422,0.0000
2020-07-12 03:00:00+00:00,1.4775,2.8799,3.2742,4.5660,15.5493
2020-07-12 04:00:00+00:00,3.3255,4.1117,3.3411,9.0927,25.8730
2020-07-12 05:00:00+00:00,2.8001,3.0340,2.4932,7.6425,28.1666
2020-07-12 06:00:00+00:00,3.1040,3.3737,2.7153,10.4446,30.1145
2020-07-12 07:00:00+00:00,5.5976,5.7184,5.0617,16.3636,22.1348
2020-07-12 08:00:00+00:00,0.0000,0.0000,0.0000,0.2783,20.8689
2020-07-12 09:00:00+00:00,5.8655,6.1067,7.9469,10.5743,17.3464
2020-07-12 10:00:00+00:00,13.9743,14.2135,11.5755,41.4897,43.2091
2020-07-12 11:00:00+00:00,20.7538,21.4646,23.9777,43.8757,66.2325
2020-07-12 12:00:00+00:00,24.1611,25.9639,24.6940,63.4726,66.0967
2020-07-12 13:00:00+00:00,43.6752,45.8083,48.8787,102.7749,46.5108
2020-07-12 14:00:00+00:00,66.5815,76.8763,79.2209,166.5638,33.5634
2020-07-12 15:00:00+00:00,53.2081,53.3779,54.2102,126.0427,32.9316
2020-07-12 16:00:00+00:00,56.9037,59.7682,63.9578,136.1128,37.4261
2020-07-12 17:00:00+00:00,63.4953,69.3664,71.2954,162.0971,37.9575
2020-07-12 18:00:00+00:00,50.7239,55.5862,55.9761,134.1131,21.1412
2020-07-12 19:00:00+00:00,42.1600,45.7706,46.0064,112.0418,16.1251
2020-07-12 20:00:00+00:00,32.2131,34.9434,36.1456,84.6594,27.5024
2020-07-12 21:00:00+00:00,21.3089,26.1733,25.8987,60.0582,21.5728
2020-07-12 22:00:00+00:00,17.6305,19.2673,19.1837,47.4129,11.4274
2020-07-12 23:00:00+00:00,10.0818,11.0140,10.9183,27.5922,3.8231
2020-07-13 00:00:00+00:00,4.2400,4.6218,3.9226,12.4915,2.0731
2020-07-13 01:00:00+00:00,2.5797,1.7700,2.2902,4.5987,2.1107
2020-07-13 02:00:00+00:00,3.4467,3.0956,4.2213,5.9988,4.4614
2020-07-13 03:00:00+00:00,7.3282,6.7926,7.6037,14.4716,8.5377
2020-07-13 04:00:00+00:00,2.9992,1.6564,1.7394,5.9107,11.9303
2020-07-13 05:00:00+00:00,0.0349,0.0000,0.0000,0.0000,7.0055
2020-07-13 06:00:00+00:00,0.0000,0.0000,0.0000,0.0000,0.0000
2020-07-13 07:00:00+00:00,0.0000,0.0000,0.0000,0.0000,2.5531
2020-07-13 08:00:00+00:00,0.0000,0.0000,0.0000,0.0000,5.4976
2020-07-13 09:00:00+00:00,0.0000,0.0000,0.0000,0.0000,6.5542
2020-07-13 10:00:00+00:00,1.0826,0.0000,0.0000,0.0774,12.8591
2020-07-13 11:00:00+00:00,0.0000,0.0000,0.0000,0.0000,4.4782
2020-07-13 12:00:00+00:00,0.0000,0.0000,0.0000,0.0000,0.2116
2020-07-13 13:00:00+00:00,2.1900,0.7417,0.8045,2.9882,2.9945
2020-07-13 14:00:00+00:00,2.6932,3.4908,3.5941,6.4241,9.0058
2020-07-13 15:00:00+00:00,2.6905,3.5538,3.7563,7.2368,2.4969
2020-07-13 16:00:00+00:00,1.5057,2.4878,2.3133,5.3070,1.1124
2020-07-13 17:00:00+00:00,2.0447,4.1381,3.7162,8.1706,14.7686
2020-07-13 18:00:00+00:00,0.0000,0.6887,0.6164,0.0000,8.3992
2020-07-13 19:00:00+00:00,0.0000,0.0000,0.0000,0.0000,4.3482
2020-07-13 20:00:00+00:00,0.0000,1.2603,1.3513,0.7057,7.3937
2020-07-13 21:00:00+00:00,2.4542,3.6952,3.2248,7.3673,6.9533
2020-07-13 22:00:00+00:00,2.7933,4.1307,3.6224,9.4486,14.2044
2020-07-13 23:00:00+00:00,1.8888,3.2758,2.8317,6.9368,4.7904
2020-07-14 00:00:00+00:00,4.8300,6.4192,5.8790,15.7650,4.4168
2020-07-14 01:00:00+00:00,1.8681,1.7348,1.5851,6.7086,7.9012
2020-07-14 02:00:00+00:00,1.5196,0.8697,0.0000,5.1589,9.5520
2020-07-14 03:00:00+00:00,1.3186,0.0000,0.7626,2.7673,8.7239
2020-07-14 04:00:00+00:00,4.7970,4.3135,4.2537,11.7437,6.5520
2020-07-14 05:00:00+00:00,7.1452,7.4735,7.3168,19.6334,7.1017
2020-07-14 06:00:00+00:00,6.3123,6.1220,6.1246,17.2314,9.1604
2020-07-14 07:00:00+00:00,2.8825,2.0003,2.1382,6.3370,8.1532
2020-07-14 08:00:00+00:00,0.0000,0.0000,0.0000,0.0000,3.9123
2020-07-14 09:00:00+00:00,0.0000,0.0000,0.0000,0.0000,0.0000
2020-07-14 10:00:00+00:00,5.2229,3.1558,2.8472,11.9104,2.5406
2020-07-14 11:00:00+00:00,1.5057,0.6243,0.2375,3.4607,0.0000
2020-07-14 12:00:00+00:00,0.0000,0.0000,0.0000,0.0000,0.0000
2020-07-14 13:00:00+00:00,0.0000,0.0000,0.0000,0.0000,0.0000
2020-07-14 14:00:00+00:00,0.0000,0.0000,0.0000,0.0000,0.0000
2020-07-14 15:00:00+00:00,0.0000,0.0000,0.0000,0.0000,0.0000
2020-07-14 16:00:00+00:00,0.3227,1.3616,1.4769,2.1108,3.6857
2020-07-14 17:00:00+00:00,3.8474,4.9225,5.0095,11.6480,13.7417
2020-07-14 18:00:00+00:00,6.1808,9.7775,10.1721,20.4371,13.3905
2020-07-14 19:00:00+00:00,7.3336,10.1226,11.0782,20.6698,8.8483
2020-07-14 20:00:00+00:00,3.7647,5.0833,5.8123,10.4170,7.6615
2020-07-14 21:00:00+00:00,1.4065,1.5683,1.9741,3.8350,6.3550
2020-07-14 22:00:00+00:00,1.0945,0.6983,1.2504,1.7806,7.5440
2020-07-14 23:00:00+00:00,1.1742,0.6651,1.2445,2.2114,6.3461
2020-07-15 00:00:00+00:00,0.4498,0.0253,0.6305,0.0000,2.7803
2020-07-15 01:00:00+00:00,1.8968,2.3994,2.4524,5.4954,4.7770
2020-07-15 02:00:00+00:00,0.0000,0.0000,0.0000,0.0000,7.7803
2020-07-15 03:00:00+00:00,0.0000,0.0000,0.0000,0.0000,2.7316
2020-07-15 04:00:00+00:00,0.0000,1.7493,1.0039,4.4180,0.0000
2020-07-15 05:00:00+00:00,0.0000,0.0000,0.0000,0.4662,0.0000
2020-07-15 06:00:00+00:00,0.0000,1.9687,1.5619,2.9178,0.0000
2020-07-15 07:00:00+00:00,0.0000,4.7649,4.7092,4.9918,0.0000
2020-07-15 08:00:00+00:00,0.0000,2.1170,2.3007,0.0000,0.0000
2020-07-15 09:00:00+00:00,0.0000,1.7145,2.2823,0.0000,0.0000
2020-07-15 10:00:00+00:00,3.9990,9.5658,13.7834,9.8979,0.0000
2020-07-15 11:00:00+00:00,2.9106,5.4627,8.8830,4.7996,0.0000
2020-07-15 12:00:00+00:00,1.5397,2.1020,3.9656,0.5172,0.0000
2020-07-15 13:00:00+00:00,3.0284,3.6414,5.0908,5.7305,0.0000
2020-07-15 14:00:00+00:00,2.9584,3.0650,3.9104,6.3164,0.0000
2020-07-15 15:00:00+00:00,1.9800,1.9458,2.3771,4.3887,0.0000
2020-07-15 16:00:00+00:00,0.8990,0.2559,0.8699,0.7730,0.0000
2020-07-15 17:00:00+00:00,0.0000,0.0000,0.0000,0.0000,0.0000
2020-07-15 18:00:00+00:00,0.0000,0.0000,0.0000,0.0000,0.0000
2020-07-15 19:00:00+00:00,0.1989,0.0000,0.0000,0.0000,0.0000
2020-07-15 20:00:00+00:00,0.0000,0.0000,0.0000,0.0000,0.0000
2020-07-15 21:00:00+00:00,0.0000,0.0000,0.0000,0.0000,0.0000
2020-07-15 22:00:00+00:00,0.0000,0.0000,0.0000,0.0000,0.0000
2020-07-15 23:00:00+00:00,0.0000,0.0000,0.0000,0.0000,0.0000
2020-07-16 00:00:00+00:00,1.8930,2.2503,2.4322,4.9220,0.0000
2020-07-16 01:00:00+00:00,4.8678,8.0709,8.6736,13.9354,0.0000
2020-07-16 02:00:00+00:00,7.4900,15.2191,17.4434,20.7958,0.0000
2020-07-16 03:00:00+00:00,7.1194,18.7519,20.8253,24.0191,0.0000
2020-07-16 04:00:00+00:00,8.3235,17.6391,20.8289,23.4699,5.1692
2020-07-16 05:00:00+00:00,11.3866,18.1736,22.7573,24.7904,33.0296
2020-07-16 06:00:00+00:00,26.3153,28.9040,36.1371,45.0209,41.6236
2020-07-16 07:00:00+00:00,50.6213,64.2188,82.0364,94.3157,50.2694
2020-07-16 08:00:00+00:00,77.5836,96.4973,99.2860,185.3946,46.9832
2020-07-16 09:00:00+00:00,78.4033,97.0439,89.3177,207.0799,46.3023
2020-07-16 10:00:00+00:00,79.4723,98.0772,94.1542,209.8119,59.6076
2020-07-16 11:00:00+00:00,76.8979,94.7347,69.1094,198.7811,69.9227
2020-07-16 12:00:00+00:00,64.0432,67.9300,53.9684,134.5467,74.0084
2020-07-16 13:00:00+00:00,53.2110,59.2822,52.5950,115.1606,76.0199
2020-07-16 14:00:00+00:00,68.3349,63.0421,75.1532,96.9452,76.8203
2020-07-16 15:00:00+00:00,36.1671,24.8977,34.0589,47.3806,76.0899
2020-07-16 16:00:00+00:00,32.3569,28.2237,37.1037,54.1281,76.6566
2020-07-16 17:00:00+00:00,25.1293,27.8531,31.9507,50.9040,77.5766
2020-07-16 18:00:00+00:00,17.4729,19.2473,21.3935,40.5939,75.8566
2020-07-16 19:00:00+00:00,22.2613,23.8176,26.9268,50.2505,18.4934
2020-07-16 20:00:00+00:00,23.2607,24.2146,27.6611,51.2461,28.9722
2020-07-16 21:00:00+00:00,37.6233,35.1872,41.1919,80.2598,29.4320
2020-07-16 22:00:00+00:00,26.0521,23.9761,29.4993,47.5453,66.5579
2020-07-16 23:00:00+00:00,20.8106,19.1772,24.2695,40.3917,76.6176
2020-07-17 00:00:00+00:00,14.4708,17.4422,20.4110,29.1728,76.4499
2020-07-17 01:00:00+00:00,23.6187,25.6797,32.2681,50.4303,79.9000
2020-07-17 02:00:00+00:00,41.3655,45.6053,58.5239,78.3397,71.6689
2020-07-17 03:00:00+00:00,49.6128,61.1714,68.0504,101.7023,57.4482
2020-07-17 04:00:00+00:00,76.9457,95.2356,100.0612,160.3329,78.0734
2020-07-17 05:00:00+00:00,70.3927,76.7961,76.6412,134.8420,79.9000
2020-07-17 06:00:00+00:00,53.4577,56.6452,59.8185,99.6566,79.1348
2020-07-17 07:00:00+00:00,61.2585,64.1007,74.9451,101.6026,78.7415
2020-07-17 08:00:00+00:00,70.7749,93.4378,99.2651,120.2813,71.1548
2020-07-17 09:00:00+00:00,64.0581,80.3583,77.6248,115.9311,60.0602
2020-07-17 10:00:00+00:00,80.8719,100.0170,104.6589,210.6423,65.2415
2020-07-17 11:00:00+00:00,77.9084,96.0367,98.1489,207.9521,40.0609
2020-07-17 12:00:00+00:00,59.9343,64.1640,64.4812,145.0677,34.4984
2020-07-17 13:00:00+00:00,73.3057,81.9044,98.9604,158.5589,49.2787
2020-07-17 14:00:00+00:00,50.6086,54.4051,57.6767,100.7941,25.4112
2020-07-17 15:00:00+00:00,40.6627,45.1105,44.8325,92.3601,26.5269
2020-07-17 16:00:00+00:00,32.6454,38.1772,36.7888,86.3360,32.3461
2020-07-17 17:00:00+00:00,19.2421,16.5217,16.9276,42.1550,26.9827
2020-07-17 18:00:00+00:00,14.1187,13.5254,13.3890,31.7210,30.1385
2020-07-17 19:00:00+00:00,10.3740,9.8471,10.4378,19.1323,26.4420
2020-07-17 20:00:00+00:00,10.2927,12.2370,13.1683,26.1404,24.5786
2020-07-17 21:00:00+00:00,10.0659,10.9889,11.2949,24.9328,23.0170
2020-07-17 22:00:00+00:00,11.5020,14.2641,14.4060,31.8022,25.8412
2020-07-17 23:00:00+00:00,8.0927,9.8403,9.7906,22.5025,23.7227
2020-07-18 00:00:00+00:00,5.8285,6.4413,5.4582,17.7819,26.2906
2020-07-18 01:00:00+00:00,7.6136,9.3058,8.6628,22.1984,31.0716
2020-07-18 02:00:00+00:00,26.2783,34.4995,34.0863,78.0802,37.3058
2020-07-18 03:00:00+00:00,40.9191,52.7678,53.5129,118.1532,33.6626
2020-07-18 04:00:00+00:00,46.9991,54.8669,54.2427,128.4129,32.3914
2020-07-18 05:00:00+00:00,36.3813,39.6790,38.5103,98.6659,38.0103
2020-07-18 06:00:00+00:00,33.7757,34.7105,34.4804,87.3864,48.1571
2020-07-18 07:00:00+00:00,29.7823,31.5309,31.5103,80.3805,43.4353
2020-07-18 08:00:00+00:00,23.6477,26.0590,25.7731,64.7180,44.4633
2020-07-18 09:00:00+00:00,20.4158,22.3774,21.8762,57.3379,37.6587
2020-07-18 10:00:00+00:00,21.1554,24.0335,22.4408,62.1120,22.0102
2020-07-18 11:00:00+00:00,17.9915,17.9277,15.3216,51.8851,12.2703
2020-07-18 12:00:00+00:00,8.0642,8.9132,7.8977,23.1377,5.6431
2020-07-18 13:00:00+00:00,12.0282,13.3418,13.2478,30.4118,5.3286
2020-07-18 14:00:00+00:00,12.9842,14.7699,14.5526,32.7207,12.2031
2020-07-18 15:00:00+00:00,10.5508,12.7723,13.0640,26.5722,7.1504
2020-07-18 16:00:00+00:00,9.6604,12.1163,12.9370,23.9963,13.5795
2020-07-18 17:00:00+00:00,9.4824,12.8679,13.6195,25.3458,17.4215
2020-07-18 18:00:00+00:00,8.4484,11.9117,13.9374,22.1530,17.7141
2020-07-18 19:00:00+00:00,10.6634,14.6899,17.6052,26.2334,20.1986
2020-07-18 20:00:00+00:00,14.8479,22.5359,22.9750,39.0106,22.4255
2020-07-18 21:00:00+00:00,18.0462,26.2199,28.3699,40.9488,24.9183
2020-07-18 22:00:00+00:00,15.4276,20.3678,22.6973,37.0397,24.1352
2020-07-18 23:00:00+00:00,8.3600,11.1431,12.6087,19.6273,18.4359
2020-07-19 00:00:00+00:00,6.3481,6.9117,7.7956,14.3559,8.9559
2020-07-19 01:00:00+00:00,6.1712,7.4232,8.2539,13.9538,2.7272
2020-07-19 02:00:00+00:00,17.1527,21.2781,22.6442,44.0910,14.3364
2020-07-19 03:00:00+00:00,29.5024,35.4674,37.0757,77.5179,17.8019
2020-07-19 04:00:00+00:00,33.5989,43.9559,44.3124,95.9838,16.6292
2020-07-19 05:00:00+00:00,29.2976,39.5529,39.4631,85.5814,20.3862
2020-07-19 06:00:00+00:00,29.1097,38.6635,37.2556,88.8853,13.9150
2020-07-19 07:00:00+00:00,23.9777,34.7644,33.5812,72.6989,18.8982
2020-07-19 08:00:00+00:00,21.3973,30.2565,28.4289,64.0337,25.5886
2020-07-19 09:00:00+00:00,24.3430,33.7053,30.9374,74.2969,36.2424
2020-07-19 10:00:00+00:00,25.3295,33.2352,34.5707,68.5595,29.9274
2020-07-19 11:00:00+00:00,20.9211,23.9277,25.6034,46.2026,28.3537
2020-07-19 12:00:00+00:00,20.4010,33.1116,35.1951,58.9022,31.9842
2020-07-19 13:00:00+00:00,32.4400,36.4584,35.5151,86.5088,27.7786
2020-07-19 14:00:00+00:00,26.8696,27.3416,30.9434,54.8746,33.3672
2020-07-19 15:00:00+00:00,22.1219,24.1035,27.2378,46.4185,34.6187
2020-07-19 16:00:00+00:00,23.0414,25.2628,28.2587,49.3995,30.5426
2020-07-19 17:00:00+00:00,28.0346,33.0163,35.9147,63.3015,38.3662
2020-07-19 18:00:00+00:00,28.5845,31.6407,36.0763,60.7890,39.6141
2020-07-19 19:00:00+00:00,30.3205,31.7300,35.3242,62.5215,36.1690
2020-07-19 20:00:00+00:00,31.6283,31.8667,36.2555,65.0059,19.4591
2020-07-19 21:00:00+00:00,29.1227,29.8714,33.0574,65.7169,15.8876
2020-07-19 22:00:00+00:00,11.7198,9.8538,10.4817,25.3740,19.9978
2020-07-19 23:00:00+00:00,7.7842,9.3333,10.6173,18.7200,76.3535
2020-07-20 00:00:00+00:00,16.7577,22.2465,22.4963,50.0300,75.4562
2020-07-20 01:00:00+00:00,39.5079,44.7720,48.1519,90.4056,51.5135
2020-07-20 02:00:00+00:00,66.6350,81.5896,85.2074,173.3120,48.2010
2020-07-20 03:00:00+00:00,76.7100,90.3103,90.8898,204.9610,44.7446
2020-07-20 04:00:00+00:00,68.0098,75.6394,78.5489,187.0330,57.8774
2020-07-20 05:00:00+00:00,61.4109,73.5105,77.3833,174.9172,76.4306
2020-07-20 06:00:00+00:00,69.7343,93.1556,100.8198,200.4895,76.0389
2020-07-20 07:00:00+00:00,59.5736,70.6816,78.0136,152.3066,73.2832
2020-07-20 08:00:00+00:00,30.3011,37.4835,34.1516,90.9669,74.6619
2020-07-20 09:00:00+00:00,43.9208,47.9573,48.4466,114.1791,73.1673
2020-07-20 10:00:00+00:00,25.6139,33.5865,32.2647,76.0922,49.4326
2020-07-20 11:00:00+00:00,24.7584,25.9891,24.9515,65.4349,28.7494
2020-07-20 12:00:00+00:00,16.7397,14.9968,14.8456,37.0773,24.2837
2020-07-20 13:00:00+00:00,21.8778,20.8477,21.2728,46.4469,19.5367
2020-07-20 14:00:00+00:00,19.1517,21.6073,21.9964,45.8162,16.2568
2020-07-20 15:00:00+00:00,24.2451,27.9869,29.4262,58.4702,26.8651
2020-07-20 16:00:00+00:00,30.5635,36.8949,37.8100,77.6925,35.0259
2020-07-20 17:00:00+00:00,34.0545,42.5237,47.4010,82.7882,50.5228
2020-07-20 18:00:00+00:00,38.1900,45.4881,51.7202,91.8146,73.3873
2020-07-20 19:00:00+00:00,37.8535,45.4860,50.7290,92.2150,76.6568
2020-07-20 20:00:00+00:00,43.6863,52.3186,58.7446,104.3883,77.7768
2020-07-20 21:00:00+00:00,45.1483,55.7320,58.9484,113.6270,77.0356
2020-07-20 22:00:00+00:00,36.1315,45.3667,45.1160,99.2679,76.3276
2020-07-20 23:00:00+00:00,30.5938,32.2354,34.9051,70.8419,62.9412
2020-07-21 00:00:00+00:00,20.4886,20.8089,22.1113,46.2178,42.6236
2020-07-21 01:00:00+00:00,16.2184,17.8708,19.0292,37.8547,22.6574
2020-07-21 02:00:00+00:00,9.6285,10.4012,12.1764,21.3266,19.5133
2020-07-21 03:00:00+00:00,7.4101,8.7897,9.5794,19.3563,16.7740
2020-07-21 04:00:00+00:00,9.4495,10.2742,10.9049,24.7570,24.3651
2020-07-21 05:00:00+00:00,5.7699,5.0471,5.4430,14.2987,21.5629
2020-07-21 06:00:00+00:00,2.0595,1.7057,1.8188,5.9264,11.4269
2020-07-21 07:00:00+00:00,0.9547,0.0000,0.0000,3.3049,4.9507
2020-07-21 08:00:00+00:00,0.0549,0.0000,0.0000,3.0805,2.7382
2020-07-21 09:00:00+00:00,0.0850,0.0000,0.0000,2.3194,0.0000
2020-07-21 10:00:00+00:00,0.0000,0.0000,0.0000,0.0000,0.0000
2020-07-21 11:00:00+00:00,0.0000,0.0000,0.0000,0.0000,0.0000
2020-07-21 12:00:00+00:00,0.0000,0.0000,0.0000,0.0000,0.0000
2020-07-21 13:00:00+00:00,0.0000,0.0000,0.0000,0.0000,0.0000
2020-07-21 14:00:00+00:00,0.0000,0.0000,0.0000,0.0000,0.0000
2020-07-21 15:00:00+00:00,1.1009,0.3443,0.7958,0.0000,0.0000
2020-07-21 16:00:00+00:00,0.0469,0.0000,0.0000,0.0000,0.0000
2020-07-21 17:00:00+00:00,1.8354,2.8482,2.9132,5.4177,0.0000
2020-07-21 18:00:00+00:00,3.9001,5.9971,6.3899,11.1278,3.3019
2020-07-21 19:00:00+00:00,5.6415,8.5057,8.8346,17.3094,4.6180
2020-07-21 20:00:00+00:00,4.6835,6.8672,6.9733,14.2487,4.2482
2020-07-21 21:00:00+00:00,3.6195,4.7948,4.8646,10.8256,2.5248
2020-07-21 22:00:00+00:00,3.4500,4.8549,4.8389,10.6188,2.4962
2020-07-21 23:00:00+00:00,0.3138,0.4197,0.0312,1.5673,0.0000
2020-07-22 00:00:00+00:00,0.0000,0.0000,0.0000,0.0000,0.0000
2020-07-22 01:00:00+00:00,0.0000,0.0000,0.0000,0.0000,0.0000
2020-07-22 02:00:00+00:00,0.0000,0.0000,0.0000,0.0000,0.0000
2020-07-22 03:00:00+00:00,0.0000,0.0000,0.0000,0.0000,0.0000
2020-07-22 04:00:00+00:00,0.0000,0.0000,0.0000,0.0000,0.0000
2020-07-22 05:00:00+00:00,0.0000,0.0000,0.7560,0.0000,0.0000
2020-07-22 06:00:00+00:00,0.0000,0.1647,2.5318,0.0000,0.0000
2020-07-22 07:00:00+00:00,0.4763,0.8124,3.1188,0.0000,0.0000
2020-07-22 08:00:00+00:00,0.0000,0.0000,2.0804,0.0000,0.0000
2020-07-22 09:00:00+00:00,0.9590,0.0379,2.9231,0.0000,0.0000
2020-07-22 10:00:00+00:00,0.0000,0.0000,0.0000,0.0000,0.0000
2020-07-22 11:00:00+00:00,0.0000,0.0000,0.0000,0.0000,0.0000
2020-07-22 12:00:00+00:00,0.0000,0.0000,0.0000,0.0000,0.7335
2020-07-22 13:00:00+00:00,0.0000,0.0000,0.0000,0.0000,0.0000
2020-07-22 14:00:00+00:00,0.0000,0.0000,0.0000,0.0000,0.0000
2020-07-22 15:00:00+00:00,0.0000,0.0000,0.0000,0.0000,0.0000
2020-07-22 16:00:00+00:00,0.0000,0.0000,0.0000,0.0000,2.5449
2020-07-22 17:00:00+00:00,0.0000,0.0000,0.0000,0.0000,10.3922
2020-07-22 18:00:00+00:00,0.0000,0.0000,0.0000,0.0000,6.3236
2020-07-22 19:00:00+00:00,0.0000,0.0000,0.0000,0.0000,0.0000
2020-07-22 20:00:00+00:00,0.0000,0.0000,0.0000,0.0000,0.0000
2020-07-22 21:00:00+00:00,0.0000,0.0000,0.0000,0.0000,0.0000
2020-07-22 22:00:00+00:00,2.6270,2.6812,3.3459,0.2167,2.8533
2020-07-22 23:00:00+00:00,0.0000,0.0000,0.0000,0.0000,5.0225
2020-07-23 00:00:00+00:00,0.0000,0.0000,0.0000,0.0000,1.3890
2020-07-23 01:00:00+00:00,0.0000,0.0000,0.0000,0.0000,0.0000
2020-07-23 02:00:00+00:00,0.0000,0.0000,0.0000,0.0000,0.0000
2020-07-23 03:00:00+00:00,1.3835,3.7464,4.2752,4.8253,8.6477
2020-07-23 04:00:00+00:00,3.5074,3.3344,6.2148,4.0675,23.6693
2020-07-23 05:00:00+00:00,9.9013,4.8759,5.9658,7.1221,18.4158
2020-07-23 06:00:00+00:00,10.6049,8.3814,10.0886,16.4528,19.3384
2020-07-23 07:00:00+00:00,11.7884,9.7297,11.5534,19.1608,13.4381
2020-07-23 08:00:00+00:00,11.9168,9.1729,9.0410,22.8292,4.4103
2020-07-23 09:00:00+00:00,6.8678,4.9452,4.2426,15.6736,5.1845
2020-07-23 10:00:00+00:00,0.0000,0.0000,0.0000,0.0000,4.1789
2020-07-23 11:00:00+00:00,0.0000,0.0000,0.0000,0.0000,0.0000
2020-07-23 12:00:00+00:00,0.0000,0.0000,0.0000,0.0000,0.0000
2020-07-23 13:00:00+00:00,0.0000,0.0000,0.0000,0.0000,1.7764
2020-07-23 14:00:00+00:00,0.0000,0.0000,0.0000,0.0000,0.0000
2020-07-23 15:00:00+00:00,0.0000,0.0000,0.0000,0.0000,1.3236
2020-07-23 16:00:00+00:00,0.0000,0.0000,0.0000,0.0000,2.5270
2020-07-23 17:00:00+00:00,0.0000,0.0000,0.0000,0.0000,6.4883
2020-07-23 18:00:00+00:00,0.0000,2.4014,5.1277,0.0000,13.2686
2020-07-23 19:00:00+00:00,0.0000,0.0000,0.0000,0.0000,10.6074
2020-07-23 20:00:00+00:00,0.5508,1.3757,2.3911,1.1182,4.5182
2020-07-23 21:00:00+00:00,3.1149,1.5491,2.3686,4.8156,2.4047
2020-07-23 22:00:00+00:00,1.6189,2.0467,3.0024,3.6601,1.2688
2020-07-23 23:00:00+00:00,1.3277,1.5152,2.1097,2.8262,5.3962
2020-07-24 00:00:00+00:00,0.1463,0.3092,0.9121,0.0000,9.7823
2020-07-24 01:00:00+00:00,1.7648,1.7629,1.9694,4.2243,2.2071
2020-07-24 02:00:00+00:00,0.0000,0.0000,0.0000,0.0000,9.6748
2020-07-24 03:00:00+00:00,0.0000,0.0000,0.0000,0.0000,7.8505
2020-07-24 04:00:00+00:00,0.0000,0.0000,0.0000,0.0000,6.9366
2020-07-24 05:00:00+00:00,0.0000,0.0000,0.0000,0.0000,2.3481
2020-07-24 06:00:00+00:00,0.0000,0.0000,0.0000,0.0000,0.0000
2020-07-24 07:00:00+00:00,0.0000,0.0000,0.0000,0.0000,1.2626
2020-07-24 08:00:00+00:00,0.0000,0.0000,0.0000,0.0000,0.0000
2020-07-24 09:00:00+00:00,0.0000,0.0000,0.0000,0.0000,0.0000
2020-07-24 10:00:00+00:00,0.0000,0.0000,0.0000,0.0000,0.0000
2020-07-24 11:00:00+00:00,0.0000,0.0000,0.0000,0.0000,0.0000
2020-07-24 12:00:00+00:00,0.0000,0.0000,0.0000,0.0000,0.0000
2020-07-24 13:00:00+00:00,0.0000,0.0000,0.0000,0.0000,0.0000
2020-07-24 14:00:00+00:00,0.0000,0.0000,0.0000,0.0000,0.0000
2020-07-24 15:00:00+00:00,0.0000,0.0000,0.0000,0.0000,1.4957
2020-07-24 16:00:00+00:00,0.0000,0.0000,0.0000,0.0000,2.3036
2020-07-24 17:00:00+00:00,0.0000,0.0000,0.0000,0.0000,2.6309
2020-07-24 18:00:00+00:00,0.0000,0.0000,0.0000,0.0000,0.5173
2020-07-24 19:00:00+00:00,0.0000,0.0000,0.0000,0.0000,0.0000
2020-07-24 20:00:00+00:00,0.0000,0.0000,0.0000,0.0000,0.0000
2020-07-24 21:00:00+00:00,0.0000,0.0000,0.0000,0.0000,0.0000
2020-07-24 22:00:00+00:00,0.0000,0.0000,0.0000,0.0000,0.0000
2020-07-24 23:00:00+00:00,0.0000,0.0000,0.0000,0.0000,1.1402
2020-07-25 00:00:00+00:00,0.0000,0.0000,0.0000,0.0000,0.6967
2020-07-25 01:00:00+00:00,0.0000,0.0000,0.0000,0.0000,0.0000
2020-07-25 02:00:00+00:00,0.0000,0.0000,0.0000,0.0000,0.0000
2020-07-25 03:00:00+00:00,0.0000,0.0000,0.0000,0.0000,0.0000
2020-07-25 04:00:00+00:00,0.0000,0.0000,0.5337,0.0000,0.0000
2020-07-25 05:00:00+00:00,0.0000,0.0000,0.0000,0.0000,0.0000
2020-07-25 06:00:00+00:00,0.0000,0.0000,0.0000,1.2723,0.0000
2020-07-25 07:00:00+00:00,0.0000,0.0000,0.0000,0.0000,0.0000
2020-07-25 08:00:00+00:00,0.0000,0.0000,0.0000,0.0000,0.0000
2020-07-25 09:00:00+00:00,0.0000,0.0000,0.0000,0.0000,0.0000
2020-07-25 10:00:00+00:00,0.0000,0.8751,0.0000,5.3551,0.0000
2020-07-25 11:00:00+00:00,2.3230,3.2457,1.5666,12.6418,0.0000
2020-07-25 12:00:00+00:00,1.3651,0.5867,0.0000,5.5619,0.0000
2020-07-25 13:00:00+00:00,0.7559,0.0000,0.0000,3.4273,0.0000
2020-07-25 14:00:00+00:00,0.0000,0.0000,0.0000,0.0000,0.0000
2020-07-25 15:00:00+00:00,0.6405,0.9724,1.2973,1.3022,0.0000
2020-07-25 16:00:00+00:00,1.6512,2.7979,3.0936,4.5709,1.7761
2020-07-25 17:00:00+00:00,1.6641,3.5200,3.5233,5.3913,3.5328
2020-07-25 18:00:00+00:00,0.9917,1.9515,1.6344,2.7646,4.2642
2020-07-25 19:00:00+00:00,2.3051,3.2920,2.8074,5.7213,8.5241
2020-07-25 20:00:00+00:00,3.8561,5.8837,6.1744,11.4702,15.1937
2020-07-25 21:00:00+00:00,4.4601,6.4092,7.6278,11.5030,24.0567
2020-07-25 22:00:00+00:00,7.9868,12.7728,14.2096,19.9151,18.5949
2020-07-25 23:00:00+00:00,11.1571,16.0087,17.1563,28.0164,15.8844
2020-07-26 00:00:00+00:00,13.0173,18.4837,18.8874,37.5723,13.0007
2020-07-26 01:00:00+00:00,19.3859,25.5058,25.4864,53.8547,26.3650
2020-07-26 02:00:00+00:00,41.7212,49.2588,50.2359,103.6760,48.7270
2020-07-26 03:00:00+00:00,43.0614,50.9875,51.7588,107.2492,46.7961
2020-07-26 04:00:00+00:00,43.1984,50.7780,50.5368,111.2932,50.0421
2020-07-26 05:00:00+00:00,51.1796,58.4953,59.0372,129.3511,57.6454
2020-07-26 06:00:00+00:00,50.9872,55.8730,56.1200,128.4998,53.4166
2020-07-26 07:00:00+00:00,46.4227,50.1198,52.4118,110.1737,59.0285
2020-07-26 08:00:00+00:00,52.5891,57.8246,59.9845,127.8958,42.6061
2020-07-26 09:00:00+00:00,61.1683,67.9180,70.4070,148.7027,50.0886
2020-07-26 10:00:00+00:00,66.5981,73.7885,72.4930,172.4750,51.9845
2020-07-26 11:00:00+00:00,50.8342,58.0004,56.6874,132.8331,55.3932
2020-07-26 12:00:00+00:00,33.9938,39.7425,39.8732,84.4848,70.5323
2020-07-26 13:00:00+00:00,38.8962,46.3824,46.5317,100.9984,59.9547
2020-07-26 14:00:00+00:00,33.0012,40.0504,40.4204,84.1155,65.5310
2020-07-26 15:00:00+00:00,39.0602,47.5992,49.3365,99.4042,51.0797
2020-07-26 16:00:00+00:00,45.6133,58.2837,60.0687,121.2656,68.1749
2020-07-26 17:00:00+00:00,43.7668,56.1847,58.0642,117.1222,74.4680
2020-07-26 18:00:00+00:00,39.3873,51.4378,54.2574,107.1959,71.9205
2020-07-26 19:00:00+00:00,43.9666,59.6906,62.1416,120.8621,76.4272
2020-07-26 20:00:00+00:00,60.3465,79.1568,81.8312,161.2590,78.3134
2020-07-26 21:00:00+00:00,51.5886,68.3895,68.1122,145.0298,77.7430
2020-07-26 22:00:00+00:00,50.6581,67.8314,68.9041,141.7864,79.8897
2020-07-26 23:00:00+00:00,64.3577,83.0817,87.4897,171.5124,78.8422
2020-07-27 00:00:00+00:00,76.5320,91.0586,98.3651,194.5342,77.4511
2020-07-27 01:00:00+00:00,76.1512,86.8373,94.3416,184.5860,76.4974
2020-07-27 02:00:00+00:00,76.7045,83.9759,93.0995,177.8166,77.0290
2020-07-27 03:00:00+00:00,66.7210,68.2474,77.8777,136.2515,77.5823
2020-07-27 04:00:00+00:00,53.4678,54.5103,61.8697,117.2006,77.2814
2020-07-27 05:00:00+00:00,49.6401,51.3464,56.5854,112.9386,78.1123
2020-07-27 06:00:00+00:00,40.8760,45.0591,46.7821,100.0461,76.3548
2020-07-27 07:00:00+00:00,28.5141,37.9745,34.3442,83.2286,70.3115
2020-07-27 08:00:00+00:00,39.6657,49.3022,48.7328,108.0521,66.7921
2020-07-27 09:00:00+00:00,33.2769,38.5747,37.9859,89.2727,59.0618
2020-07-27 10:00:00+00:00,36.2745,41.6880,40.3877,103.9373,55.9137
2020-07-27 11:00:00+00:00,36.4309,46.0448,40.9260,117.4533,50.0126
2020-07-27 12:00:00+00:00,33.5125,35.2212,31.7812,88.0841,45.8141
2020-07-27 13:00:00+00:00,33.7962,34.6290,34.6449,82.9641,37.2642
2020-07-27 14:00:00+00:00,23.5684,25.1563,25.6378,57.4317,41.6590
2020-07-27 15:00:00+00:00,20.9455,21.8259,24.4032,44.2587,58.7472
2020-07-27 16:00:00+00:00,26.0293,27.3176,31.1109,54.8660,62.7230
2020-07-27 17:00:00+00:00,28.2367,32.0762,35.3086,62.2766,58.0156
2020-07-27 18:00:00+00:00,46.3253,57.9462,64.8712,108.4891,70.2612
2020-07-27 19:00:00+00:00,69.2861,85.2157,93.3437,168.9576,75.7601
2020-07-27 20:00:00+00:00,61.1658,86.2118,87.2598,174.3651,70.8214
2020-07-27 21:00:00+00:00,43.4194,51.3398,61.2823,98.1753,72.7613
2020-07-27 22:00:00+00:00,21.0777,28.6247,27.2552,68.0245,67.1997
2020-07-27 23:00:00+00:00,20.6396,25.5708,23.9426,63.4551,68.7299
2020-07-28 00:00:00+00:00,9.8152,10.3075,8.9403,36.0885,48.0830
2020-07-28 01:00:00+00:00,19.5421,24.4101,21.8214,64.5968,40.7154
2020-07-28 02:00:00+00:00,30.0646,36.2072,34.2311,88.5803,62.4046
2020-07-28 03:00:00+00:00,19.3632,22.8441,20.5796,57.9707,55.5612
2020-07-28 04:00:00+00:00,27.1158,32.1388,28.0769,77.5880,52.4155
2020-07-28 05:00:00+00:00,34.7340,39.6912,35.9205,99.0653,45.0890
2020-07-28 06:00:00+00:00,35.0464,43.7226,39.1656,110.0389,27.4763
2020-07-28 07:00:00+00:00,31.5735,40.7352,34.4500,108.0763,10.9319
2020-07-28 08:00:00+00:00,30.0445,39.0570,34.7214,99.5943,10.4016
2020-07-28 09:00:00+00:00,28.7257,38.5214,36.1913,91.6739,21.2857
2020-07-28 10:00:00+00:00,18.1652,24.0954,22.6392,54.3242,27.3244
2020-07-28 11:00:00+00:00,21.9725,26.8355,24.7303,56.9844,39.7421
2020-07-28 12:00:00+00:00,21.5561,27.3339,25.6658,54.5718,30.6192
2020-07-28 13:00:00+00:00,31.4356,38.2433,36.4680,77.7029,46.3932
2020-07-28 14:00:00+00:00,23.4231,28.5352,28.8161,58.2613,37.9548
2020-07-28 15:00:00+00:00,29.4065,36.6527,37.6950,75.8826,45.4366
2020-07-28 16:00:00+00:00,35.4887,43.3106,45.1098,93.0495,55.9352
2020-07-28 17:00:00+00:00,35.9172,43.1816,46.1589,94.1169,61.8285
2020-07-28 18:00:00+00:00,35.6912,41.7003,45.0599,91.1271,75.9166
2020-07-28 19:00:00+00:00,29.5861,35.7125,37.4256,79.2522,69.8987
2020-07-28 20:00:00+00:00,31.3553,40.9521,42.4492,89.7313,49.7237
2020-07-28 21:00:00+00:00,26.4861,34.6349,33.6011,78.9824,34.4335
2020-07-28 22:00:00+00:00,17.0166,22.0370,21.5387,49.1609,46.0297
2020-07-28 23:00:00+00:00,11.9140,15.3404,14.9057,33.1538,46.0185
2020-07-29 00:00:00+00:00,13.4953,15.9105,18.5591,31.1168,37.8516
2020-07-29 01:00:00+00:00,16.3237,22.1268,23.1996,43.6417,25.6740
2020-07-29 02:00:00+00:00,26.3190,34.2872,34.9241,71.1840,17.9796
2020-07-29 03:00:00+00:00,33.8481,41.8480,41.6243,94.6596,18.1801
2020-07-29 04:00:00+00:00,30.0004,35.5736,35.6191,82.0965,27.9685
2020-07-29 05:00:00+00:00,20.4729,26.2609,26.7719,58.9492,37.2491
2020-07-29 06:00:00+00:00,19.6381,26.5458,27.9077,57.3120,45.6119
2020-07-29 07:00:00+00:00,18.3175,24.1198,24.6894,53.2458,26.4264
2020-07-29 08:00:00+00:00,20.6705,25.1749,25.6294,57.7810,31.7006
2020-07-29 09:00:00+00:00,20.7148,24.8810,24.8877,57.6702,33.9167
2020-07-29 10:00:00+00:00,15.7645,17.5840,17.5936,45.5565,30.5404
2020-07-29 11:00:00+00:00,9.8044,11.7981,11.7261,30.5700,24.9180
2020-07-29 12:00:00+00:00,6.1002,6.4197,6.9044,14.8045,15.0934
2020-07-29 13:00:00+00:00,4.0900,3.8123,4.3975,8.0772,15.1468
2020-07-29 14:00:00+00:00,3.3521,2.4652,3.3933,4.5696,21.3756
2020-07-29 15:00:00+00:00,5.1548,4.1393,5.4935,7.4740,21.0433
2020-07-29 16:00:00+00:00,9.5722,7.3765,9.9772,17.1295,20.4912
2020-07-29 17:00:00+00:00,1.5744,2.7125,3.4089,3.7363,34.5840
2020-07-29 18:00:00+00:00,8.5964,4.4860,7.8736,9.2290,36.0685
2020-07-29 19:00:00+00:00,6.2024,4.7908,6.3933,8.9900,37.9448
2020-07-29 20:00:00+00:00,1.9606,0.6271,1.0584,3.0892,20.0357
2020-07-29 21:00:00+00:00,5.7202,2.5157,4.9633,5.6489,28.9415
2020-07-29 22:00:00+00:00,0.0000,0.0000,2.9808,3.2857,23.5981
2020-07-29 23:00:00+00:00,0.0000,0.0000,0.9514,0.7767,25.9271
2020-07-30 00:00:00+00:00,0.0000,0.0000,0.0000,0.0000,12.5026
2020-07-30 01:00:00+00:00,2.6334,0.0000,2.7561,0.0000,10.4159
2020-07-30 02:00:00+00:00,10.6948,11.2870,11.3262,27.0371,21.7672
2020-07-30 03:00:00+00:00,1.7220,0.0000,0.0000,3.3033,33.4861
2020-07-30 04:00:00+00:00,0.0000,0.0000,0.0000,0.0000,28.5501
2020-07-30 05:00:00+00:00,3.6050,1.6585,3.0152,0.1165,32.3369
2020-07-30 06:00:00+00:00,11.5055,7.4265,10.3577,12.5384,25.3705
2020-07-30 07:00:00+00:00,17.7922,16.8536,17.9340,38.1509,20.5643
2020-07-30 08:00:00+00:00,21.3560,21.6103,21.5806,52.5999,17.8174
2020-07-30 09:00:00+00:00,16.7802,16.2864,15.9082,43.3879,11.3716
2020-07-30 10:00:00+00:00,14.2375,15.1496,14.8951,39.5249,18.9864
2020-07-30 11:00:00+00:00,13.2375,13.3062,13.1216,33.9913,17.6366
2020-07-30 12:00:00+00:00,6.5621,5.6775,5.2026,16.0165,15.4618
2020-07-30 13:00:00+00:00,1.7746,1.6534,1.5813,3.9059,10.4535
2020-07-30 14:00:00+00:00,1.5593,1.5761,1.7535,3.1490,11.7408
2020-07-30 15:00:00+00:00,3.1720,3.6593,4.3614,6.9003,13.5667
2020-07-30 16:00:00+00:00,4.6227,5.9468,6.6866,11.6880,16.7917
2020-07-30 17:00:00+00:00,4.6717,7.1800,7.5295,13.0431,20.4683
2020-07-30 18:00:00+00:00,6.8717,10.1424,10.4339,21.3600,19.7764
2020-07-30 19:00:00+00:00,10.9547,14.4340,14.4062,23.3877,17.7782
2020-07-30 20:00:00+00:00,0.9550,0.0000,0.0000,3.4770,16.0291
2020-07-30 21:00:00+00:00,0.0000,0.0000,0.0000,0.0000,10.8518
2020-07-30 22:00:00+00:00,3.8905,5.6812,6.5889,12.8012,19.9251
2020-07-30 23:00:00+00:00,3.9306,5.0223,4.6870,11.9056,13.2190
2020-07-31 00:00:00+00:00,1.2983,1.6148,0.5889,5.1548,10.9670
2020-07-31 01:00:00+00:00,2.6963,2.6831,1.8549,9.4300,5.5852
2020-07-31 02:00:00+00:00,4.2932,4.5598,3.1049,16.5081,3.9464
2020-07-31 03:00:00+00:00,4.4615,5.9940,4.5248,18.1213,5.1446
2020-07-31 04:00:00+00:00,6.2088,8.4548,6.8605,24.8224,2.5210
2020-07-31 05:00:00+00:00,8.3212,9.4229,7.2731,31.6517,0.0000
2020-07-31 06:00:00+00:00,6.8961,5.5885,4.1728,22.4360,0.0000
2020-07-31 07:00:00+00:00,3.9657,3.0372,1.8655,13.8011,0.0000
2020-07-31 08:00:00+00:00,2.6940,2.7761,1.7755,11.1656,0.0000
2020-07-31 09:00:00+00:00,0.0092,0.0000,0.0000,3.7737,0.0000
2020-07-31 10:00:00+00:00,0.5282,0.1912,0.0000,4.9692,0.0000
2020-07-31 11:00:00+00:00,0.0000,0.0000,0.0000,0.0000,0.0000
2020-07-31 12:00:00+00:00,0.0000,0.0000,0.0000,0.0000,0.0000
2020-07-31 13:00:00+00:00,0.0000,0.0000,0.0000,0.0000,0.0000
2020-07-31 14:00:00+00:00,0.0000,0.0000,0.0000,0.0000,0.0000
2020-07-31 15:00:00+00:00,1.2257,1.1212,1.4378,1.8209,0.0000
2020-07-31 16:00:00+00:00,2.4619,2.5643,3.2201,5.0455,2.8008
2020-07-31 17:00:00+00:00,3.0339,3.4532,4.3627,6.5853,3.9849
2020-07-31 18:00:00+00:00,3.0521,3.4739,4.5690,6.1039,3.3791
2020-07-31 19:00:00+00:00,2.3178,2.6597,3.8311,4.1778,6.1956
2020-07-31 20:00:00+00:00,0.8879,1.2906,2.2475,0.0000,6.5757
2020-07-31 21:00:00+00:00,0.2851,1.5342,2.6030,0.0000,6.3066
2020-07-31 22:00:00+00:00,3.2380,4.0200,4.6262,6.2134,7.9311
2020-07-31 23:00:00+00:00,1.8384,0.7394,2.1478,0.6265,8.0318
2020-08-01 00:00:00+00:00,0.0000,0.0000,0.0000,0.0000,4.3795
2020-08-01 01:00:00+00:00,0.0000,0.0000,0.0000,0.0000,2.8005
2020-08-01 02:00:00+00:00,0.0000,0.0000,0.0000,0.0000,0.0000
2020-08-01 03:00:00+00:00,0.0000,0.0000,0.0000,0.0000,0.0000
2020-08-01 04:00:00+00:00,0.0000,0.0000,0.0000,0.0000,0.0000
2020-08-01 05:00:00+00:00,0.0000,0.0000,0.0000,0.0000,0.0000
2020-08-01 06:00:00+00:00,0.0000,0.0000,0.0000,0.0000,0.0000
2020-08-01 07:00:00+00:00,0.0000,0.0000,0.0000,0.0000,0.0000
2020-08-01 08:00:00+00:00,0.0000,0.0000,0.0000,0.0000,0.0000
2020-08-01 09:00:00+00:00,0.0000,0.0000,0.0000,0.0000,0.0000
2020-08-01 10:00:00+00:00,0.0000,1.3648,0.0000,5.5961,0.0000
2020-08-01 11:00:00+00:00,0.5157,1.5415,0.0000,5.9443,0.0000
2020-08-01 12:00:00+00:00,0.0000,0.0000,0.0000,0.0511,0.0000
2020-08-01 13:00:00+00:00,0.0000,0.0000,0.0000,0.0000,0.0000
2020-08-01 14:00:00+00:00,0.0000,0.0000,0.0000,0.0000,0.0000
2020-08-01 15:00:00+00:00,0.0000,0.0000,0.0000,0.0000,0.0000
2020-08-01 16:00:00+00:00,0.0000,0.0000,0.0000,0.0000,0.0000
2020-08-01 17:00:00+00:00,0.0000,0.0000,0.7620,0.0000,0.0000
2020-08-01 18:00:00+00:00,0.0000,0.0000,0.0000,0.0000,0.0000
2020-08-01 19:00:00+00:00,0.0000,0.0000,0.0000,0.0000,0.0000
2020-08-01 20:00:00+00:00,0.0000,0.0000,0.0000,0.0000,1.0939
2020-08-01 21:00:00+00:00,0.0000,0.0000,0.0000,0.0000,1.5538
2020-08-01 22:00:00+00:00,0.0000,0.0000,0.0000,0.0000,0.0000
2020-08-01 23:00:00+00:00,0.0000,0.0000,0.0000,0.0000,0.0000
2020-08-02 00:00:00+00:00,0.0000,0.0000,0.0000,0.0000,0.0000
2020-08-02 01:00:00+00:00,2.8171,4.4258,5.4880,6.5343,0.0000
2020-08-02 02:00:00+00:00,3.9187,7.7536,8.8745,10.9281,0.0000
2020-08-02 03:00:00+00:00,3.7582,7.2509,8.5448,10.3186,0.0000
2020-08-02 04:00:00+00:00,6.6136,10.8121,14.0103,14.9254,0.0000
2020-08-02 05:00:00+00:00,9.3726,13.5479,18.7967,17.8053,6.2488
2020-08-02 06:00:00+00:00,13.4859,18.6557,24.4378,22.6868,25.1199
2020-08-02 07:00:00+00:00,21.9821,27.4952,36.2401,37.7397,42.9133
2020-08-02 08:00:00+00:00,21.1172,26.0826,26.7591,43.4986,23.1032
2020-08-02 09:00:00+00:00,14.5366,18.8859,16.7416,37.4894,21.2751
2020-08-02 10:00:00+00:00,17.8008,21.3397,19.2664,45.8476,41.6116
2020-08-02 11:00:00+00:00,18.2440,19.7595,19.8683,42.4434,75.7376
2020-08-02 12:00:00+00:00,28.8806,24.2616,24.9012,43.4292,73.2951
2020-08-02 13:00:00+00:00,4.8991,7.3056,7.7073,11.1764,78.9944
2020-08-02 14:00:00+00:00,4.7152,3.2152,4.1491,5.9328,78.3518
2020-08-02 15:00:00+00:00,18.7163,19.5919,22.1743,34.6448,51.9104
2020-08-02 16:00:00+00:00,18.8321,19.6444,22.5405,44.2081,54.7502
2020-08-02 17:00:00+00:00,51.2045,30.6690,46.1871,52.1297,76.1460
2020-08-02 18:00:00+00:00,55.5748,39.0520,46.7798,91.5662,75.5001
2020-08-02 19:00:00+00:00,55.6700,53.7471,61.5983,110.1207,76.8556
2020-08-02 20:00:00+00:00,59.8683,57.7969,67.4158,135.6822,75.9050
2020-08-02 21:00:00+00:00,54.4162,54.3698,62.2240,132.9046,66.4941
2020-08-02 22:00:00+00:00,66.5832,69.8520,83.8552,169.9523,78.0520
2020-08-02 23:00:00+00:00,30.9768,21.7030,27.0563,62.5973,76.2427
2020-08-03 00:00:00+00:00,27.0741,0.0000,2.0591,18.1198,32.7525
2020-08-03 01:00:00+00:00,13.1502,0.0000,0.0000,11.6848,47.8787
2020-08-03 02:00:00+00:00,9.6200,10.2265,11.3257,20.4859,43.6540
2020-08-03 03:00:00+00:00,19.7830,22.3487,23.4513,47.3212,37.8954
2020-08-03 04:00:00+00:00,17.4054,21.1388,23.5645,40.9637,77.5901
2020-08-03 05:00:00+00:00,11.4992,15.7937,18.4531,20.4120,79.9000
2020-08-03 06:00:00+00:00,6.3016,10.5825,13.6484,8.6770,79.9000
2020-08-03 07:00:00+00:00,10.2240,10.1614,15.8841,12.0247,79.9000
2020-08-03 08:00:00+00:00,36.6839,33.4754,43.3219,34.4925,79.9000
2020-08-03 09:00:00+00:00,78.3144,77.2886,90.7150,133.6895,79.9000
2020-08-03 10:00:00+00:00,79.9468,96.8680,102.9255,187.3337,79.2759
2020-08-03 11:00:00+00:00,81.0000,99.3464,105.2991,208.8170,76.9226
2020-08-03 12:00:00+00:00,79.5419,98.4042,103.6215,209.4604,52.1928
2020-08-03 13:00:00+00:00,80.3417,99.4801,104.2477,214.4081,53.4705
2020-08-03 14:00:00+00:00,77.3057,95.9302,99.2961,208.3690,50.3436
2020-08-03 15:00:00+00:00,76.8092,94.1746,90.5337,206.3709,35.7470
2020-08-03 16:00:00+00:00,67.3521,79.2017,76.9040,187.0358,40.6476
2020-08-03 17:00:00+00:00,56.3651,60.0370,60.3186,145.2534,25.7740
2020-08-03 18:00:00+00:00,22.5987,26.2760,23.0469,68.8773,12.6434
2020-08-03 19:00:00+00:00,17.4717,19.3928,17.3638,48.6540,14.3685
2020-08-03 20:00:00+00:00,13.7357,15.1117,14.0605,37.0583,7.0553
2020-08-03 21:00:00+00:00,6.8279,8.5346,7.8167,20.1567,4.6441
2020-08-03 22:00:00+00:00,2.1544,2.9751,2.4045,7.0397,0.0000
2020-08-03 23:00:00+00:00,0.0000,0.0000,0.0000,0.0000,0.0000
2020-08-04 00:00:00+00:00,0.0000,0.0000,0.0000,0.0000,0.0000
2020-08-04 01:00:00+00:00,0.0000,0.0000,0.0000,0.0000,0.0000
2020-08-04 02:00:00+00:00,0.0000,0.0000,0.0000,0.0000,0.0000
2020-08-04 03:00:00+00:00,0.0000,0.0000,0.0000,0.0000,5.9390
2020-08-04 04:00:00+00:00,0.6424,2.2943,3.1919,0.0481,20.5082
2020-08-04 05:00:00+00:00,3.8194,7.1213,8.4188,9.0383,30.6201
2020-08-04 06:00:00+00:00,10.3972,16.7596,20.6645,24.3739,18.7407
2020-08-04 07:00:00+00:00,11.2652,25.8252,29.8770,39.6631,28.4416
2020-08-04 08:00:00+00:00,11.9720,32.7808,33.4295,52.3646,40.8762
2020-08-04 09:00:00+00:00,11.7686,37.0367,37.0688,59.0403,44.2808
2020-08-04 10:00:00+00:00,23.5544,23.4745,36.1445,40.3201,46.3766
2020-08-04 11:00:00+00:00,33.1091,32.6691,40.5021,54.3282,27.4125
2020-08-04 12:00:00+00:00,30.5913,29.5434,42.5427,59.3479,14.1533
2020-08-04 13:00:00+00:00,13.3671,17.1937,20.9856,35.9769,10.0087
2020-08-04 14:00:00+00:00,10.7228,10.5520,15.8442,17.8557,28.4809
2020-08-04 15:00:00+00:00,7.4508,10.9660,14.9304,15.0779,18.1038
2020-08-04 16:00:00+00:00,2.9983,3.8475,4.2263,7.4108,9.2090
2020-08-04 17:00:00+00:00,2.3145,2.8160,2.3683,9.8361,20.6305
2020-08-04 18:00:00+00:00,9.5290,10.2843,8.0138,31.1017,10.5065
2020-08-04 19:00:00+00:00,11.7155,17.1915,14.5647,37.3323,0.0000
2020-08-04 20:00:00+00:00,5.7185,9.9854,7.1392,22.6593,0.0000
2020-08-04 21:00:00+00:00,5.8695,11.3742,11.2708,21.0199,0.0000
2020-08-04 22:00:00+00:00,14.4459,16.6866,17.7808,31.5734,0.8338
2020-08-04 23:00:00+00:00,4.4928,4.3399,4.9078,9.2087,5.6037
2020-08-05 00:00:00+00:00,18.9864,23.3819,19.0015,68.1361,6.6900
2020-08-05 01:00:00+00:00,70.7420,90.0940,91.3143,201.2439,3.0079
2020-08-05 02:00:00+00:00,66.8577,61.2714,50.8510,186.9881,11.2927
2020-08-05 03:00:00+00:00,23.8579,15.8907,12.4633,68.5000,21.0199
2020-08-05 04:00:00+00:00,9.0574,6.4652,5.0096,27.9568,14.0724
2020-08-05 05:00:00+00:00,15.7102,16.7495,15.6237,47.6633,14.2882
2020-08-05 06:00:00+00:00,26.7011,34.5847,32.8061,79.6225,6.3975
2020-08-05 07:00:00+00:00,37.8275,42.4905,40.1861,112.1081,11.0325
2020-08-05 08:00:00+00:00,35.4558,41.8254,43.8606,105.9119,34.3498
2020-08-05 09:00:00+00:00,41.0470,40.5402,43.7530,89.7601,49.9883
2020-08-05 10:00:00+00:00,37.0017,30.5593,28.7490,61.3123,32.0037
2020-08-05 11:00:00+00:00,23.4668,32.4554,24.5524,50.3316,46.7461
2020-08-05 12:00:00+00:00,29.6141,33.0354,26.6628,76.0594,47.7638
2020-08-05 13:00:00+00:00,29.8675,31.9102,26.4809,83.5109,48.2331
2020-08-05 14:00:00+00:00,43.4476,49.1012,43.5363,101.3045,75.8423
2020-08-05 15:00:00+00:00,66.2018,75.8907,75.3054,156.3470,64.5898
2020-08-05 16:00:00+00:00,52.5819,57.4663,59.3922,121.0950,59.6317
2020-08-05 17:00:00+00:00,47.1494,55.2362,59.7787,112.4080,64.9437
2020-08-05 18:00:00+00:00,46.8660,53.1710,56.0325,110.8964,62.9279
2020-08-05 19:00:00+00:00,40.1220,52.2231,56.8174,99.5566,64.3993
2020-08-05 20:00:00+00:00,42.9728,49.3952,50.7890,108.0032,71.2902
2020-08-05 21:00:00+00:00,28.1820,33.5683,33.6202,71.6268,62.3480
2020-08-05 22:00:00+00:00,26.0826,29.1662,31.2057,61.3768,55.4450
2020-08-05 23:00:00+00:00,27.1507,31.0399,34.6236,60.0250,53.5117
2020-08-06 00:00:00+00:00,27.2084,33.4625,33.7887,66.2945,24.3664
2020-08-06 01:00:00+00:00,19.7362,22.8807,20.9581,48.9387,23.1400
2020-08-06 02:00:00+00:00,31.1969,36.1673,32.3534,74.2290,29.4980
2020-08-06 03:00:00+00:00,31.8434,36.8317,32.4475,87.2108,28.7040
2020-08-06 04:00:00+00:00,39.7043,44.5823,41.0278,110.7510,28.1434
2020-08-06 05:00:00+00:00,21.0767,25.0918,22.9394,60.4402,18.8867
2020-08-06 06:00:00+00:00,23.5442,25.3101,22.9921,62.5298,9.9234
2020-08-06 07:00:00+00:00,25.9020,27.8477,26.1648,68.0641,12.3053
2020-08-06 08:00:00+00:00,28.4369,31.5295,31.1670,75.2497,10.1550
2020-08-06 09:00:00+00:00,23.9036,27.7062,28.2448,63.4676,6.5849
2020-08-06 10:00:00+00:00,18.4278,20.7544,19.6227,52.7538,6.4221
2020-08-06 11:00:00+00:00,17.9141,17.6001,16.0154,48.4842,7.7874
2020-08-06 12:00:00+00:00,14.9786,16.2083,15.2291,42.6039,4.3864
2020-08-06 13:00:00+00:00,16.1033,17.8533,17.0175,44.4995,5.0686
2020-08-06 14:00:00+00:00,17.4672,20.7971,20.2518,48.3034,4.5002
2020-08-06 15:00:00+00:00,16.9340,19.0324,18.5128,46.7309,2.5047
2020-08-06 16:00:00+00:00,14.3778,16.7152,16.3271,39.6044,0.0000
2020-08-06 17:00:00+00:00,14.8162,17.4716,17.7138,39.3642,2.1545
2020-08-06 18:00:00+00:00,9.4770,10.6924,10.9625,24.7738,2.6913
2020-08-06 19:00:00+00:00,5.4151,6.7311,6.6515,14.1997,3.2959
2020-08-06 20:00:00+00:00,2.0590,2.9245,2.7954,5.2801,1.8607
2020-08-06 21:00:00+00:00,1.0797,1.6166,1.5150,2.8659,0.0000
2020-08-06 22:00:00+00:00,0.1429,0.5429,0.4873,0.0000,0.0000
2020-08-06 23:00:00+00:00,0.0000,0.0000,0.0000,0.0000,0.0000
2020-08-07 00:00:00+00:00,0.0000,0.0000,0.0000,0.0000,0.0000
2020-08-07 01:00:00+00:00,0.0000,0.0000,0.0000,0.0000,0.0000
2020-08-07 02:00:00+00:00,0.0000,0.0000,0.0000,0.0000,0.0000
2020-08-07 03:00:00+00:00,0.0000,0.0000,0.0000,0.0000,0.0000
2020-08-07 04:00:00+00:00,0.0000,0.0000,0.0000,1.4805,0.0000
2020-08-07 05:00:00+00:00,0.0000,0.0000,0.0000,0.0000,0.0000
2020-08-07 06:00:00+00:00,0.0000,0.0000,0.0000,0.0000,0.0000
2020-08-07 07:00:00+00:00,0.0000,0.0000,0.0000,0.0000,0.0000
2020-08-07 08:00:00+00:00,0.0000,0.0000,0.0000,0.0000,0.0000
2020-08-07 09:00:00+00:00,0.0000,0.0000,0.0000,0.0000,0.0000
2020-08-07 10:00:00+00:00,0.0000,0.0000,1.4402,0.0000,0.0000
2020-08-07 11:00:00+00:00,0.5097,1.3183,2.4271,0.0000,0.0000
2020-08-07 12:00:00+00:00,0.8159,0.2891,1.7398,0.0000,0.0000
2020-08-07 13:00:00+00:00,0.0000,0.0000,0.0000,0.0000,2.0191
2020-08-07 14:00:00+00:00,0.0000,0.0000,0.0000,0.0000,0.0000
2020-08-07 15:00:00+00:00,0.0000,0.0000,0.0000,0.0000,0.0000
2020-08-07 16:00:00+00:00,0.1929,0.0000,0.0000,0.5324,0.0000
2020-08-07 17:00:00+00:00,0.4266,0.0000,0.0000,1.6242,1.5771
2020-08-07 18:00:00+00:00,0.1809,0.0000,0.0000,1.9619,0.0000
2020-08-07 19:00:00+00:00,0.6499,0.4686,0.0000,3.1168,0.0000
2020-08-07 20:00:00+00:00,1.2177,1.2990,0.6363,3.6913,0.0000
2020-08-07 21:00:00+00:00,1.6392,1.5486,1.5672,3.9129,0.0000
2020-08-07 22:00:00+00:00,0.0000,0.0000,0.0000,0.0195,0.0000
2020-08-07 23:00:00+00:00,1.2455,1.1801,0.6540,2.9924,0.4873
2020-08-08 00:00:00+00:00,0.0000,0.0000,0.0000,0.0000,0.6126
2020-08-08 01:00:00+00:00,0.0000,0.0000,0.0000,0.0000,1.6021
2020-08-08 02:00:00+00:00,1.3273,2.7789,3.6875,2.6442,0.0000
2020-08-08 03:00:00+00:00,2.0692,2.6224,4.4621,3.7406,0.0000
2020-08-08 04:00:00+00:00,2.1107,1.9370,3.3471,3.7519,0.0000
2020-08-08 05:00:00+00:00,0.5242,0.0000,0.0000,0.0000,0.0000
2020-08-08 06:00:00+00:00,0.0000,0.0000,0.0000,0.0000,0.0000
2020-08-08 07:00:00+00:00,0.0000,0.0000,0.0000,0.0000,0.0000
2020-08-08 08:00:00+00:00,0.0000,0.0000,0.0000,0.0000,0.0000
2020-08-08 09:00:00+00:00,0.0000,0.0000,0.0000,0.0000,0.0000
2020-08-08 10:00:00+00:00,0.0000,0.0000,0.0000,0.0000,0.0000
2020-08-08 11:00:00+00:00,0.0000,0.0000,0.0000,0.0000,0.0000
2020-08-08 12:00:00+00:00,0.0000,0.0000,0.0000,0.0000,0.0000
2020-08-08 13:00:00+00:00,0.0000,0.0000,0.0000,0.0000,0.0000
2020-08-08 14:00:00+00:00,0.0000,0.0000,0.0000,0.0000,0.0000
2020-08-08 15:00:00+00:00,0.0000,0.0000,0.0000,0.0000,0.0000
2020-08-08 16:00:00+00:00,0.0000,0.0000,0.0000,0.0000,0.0000
2020-08-08 17:00:00+00:00,0.0000,0.0000,0.0000,0.0000,0.0000
2020-08-08 18:00:00+00:00,0.0000,0.0000,0.0000,0.0000,2.8089
2020-08-08 19:00:00+00:00,0.0000,0.0000,0.0000,0.0000,0.9126
2020-08-08 20:00:00+00:00,0.0000,1.4120,1.7121,0.0000,2.6029
2020-08-08 21:00:00+00:00,0.0000,0.5963,0.8417,0.0000,2.5225
2020-08-08 22:00:00+00:00,0.0000,0.0000,0.0000,0.0000,1.4153
2020-08-08 23:00:00+00:00,0.0000,0.0000,0.0000,0.0000,1.4648
2020-08-09 00:00:00+00:00,0.0000,0.0000,0.0000,0.0000,1.1401
2020-08-09 01:00:00+00:00,0.0000,0.0000,0.0000,0.0000,5.4205
2020-08-09 02:00:00+00:00,0.0000,0.0000,0.0000,0.0000,16.5196
2020-08-09 03:00:00+00:00,1.1696,0.6611,2.9765,0.0000,16.8975
2020-08-09 04:00:00+00:00,2.2486,3.4484,5.1493,4.7418,18.9024
2020-08-09 05:00:00+00:00,2.9596,4.1930,4.4808,6.9816,20.7336
2020-08-09 06:00:00+00:00,4.5778,7.0284,7.4308,13.6714,17.4096
2020-08-09 07:00:00+00:00,5.6517,10.4270,9.6446,23.3034,20.9846
2020-08-09 08:00:00+00:00,3.8960,7.6005,7.2506,23.8342,25.5182
2020-08-09 09:00:00+00:00,11.3851,13.5541,18.2110,31.4647,31.7943
2020-08-09 10:00:00+00:00,17.3204,20.5463,18.5832,56.5171,26.9863
2020-08-09 11:00:00+00:00,16.5834,21.0507,19.1027,55.6006,24.3723
2020-08-09 12:00:00+00:00,9.2581,11.8946,11.2029,32.0125,15.8558
2020-08-09 13:00:00+00:00,6.5703,8.0946,8.1312,20.6498,9.6606
2020-08-09 14:00:00+00:00,3.7499,4.3564,4.4516,10.4871,11.2091
2020-08-09 15:00:00+00:00,1.7228,2.0273,2.2536,3.9525,14.7152
2020-08-09 16:00:00+00:00,1.3116,1.5830,1.9296,1.7459,14.6213
2020-08-09 17:00:00+00:00,0.7225,0.9461,0.9047,0.0000,11.8105
2020-08-09 18:00:00+00:00,0.0000,0.0000,0.0000,0.0000,12.2219
2020-08-09 19:00:00+00:00,2.3302,2.4601,3.0861,3.1002,13.6604
2020-08-09 20:00:00+00:00,6.4295,7.1654,5.6874,12.2874,11.3817
2020-08-09 21:00:00+00:00,0.0000,0.0000,0.0000,0.8417,11.6631
2020-08-09 22:00:00+00:00,4.6869,5.4026,8.9204,6.0640,7.6503
2020-08-09 23:00:00+00:00,17.6716,17.9436,19.2917,34.3087,13.1759
2020-08-10 00:00:00+00:00,14.7100,15.6645,15.2457,33.5224,9.4464
2020-08-10 01:00:00+00:00,13.4660,16.6356,15.9732,31.0071,11.0596
2020-08-10 02:00:00+00:00,12.4197,15.9704,14.9692,29.6813,18.5716
2020-08-10 03:00:00+00:00,8.8828,11.4383,12.0892,18.5465,19.2815
2020-08-10 04:00:00+00:00,7.1427,8.8584,9.4346,15.0115,22.3381
2020-08-10 05:00:00+00:00,9.3641,10.0220,11.0920,18.8717,21.5866
2020-08-10 06:00:00+00:00,6.7026,6.8108,7.9031,12.2523,16.7027
2020-08-10 07:00:00+00:00,3.2340,2.1236,2.5114,5.0466,17.2442
2020-08-10 08:00:00+00:00,2.0718,0.8503,1.5262,0.9401,21.9915
2020-08-10 09:00:00+00:00,3.3740,2.9661,2.9625,6.5226,26.9921
2020-08-10 10:00:00+00:00,4.8221,5.5750,4.6130,15.8243,22.8717
2020-08-10 11:00:00+00:00,4.3045,4.3868,3.6474,12.9521,16.1116
2020-08-10 12:00:00+00:00,1.3858,0.4926,0.0000,3.1610,5.3586
2020-08-10 13:00:00+00:00,1.3014,0.0000,0.0000,0.3969,3.4953
2020-08-10 14:00:00+00:00,0.0000,0.0000,0.0000,0.0000,2.3205
2020-08-10 15:00:00+00:00,0.0000,0.0000,0.0000,0.0000,4.7957
2020-08-10 16:00:00+00:00,0.0000,0.0000,0.0000,0.0000,3.4896
2020-08-10 17:00:00+00:00,0.0000,0.0000,0.0000,0.0000,6.2743
2020-08-10 18:00:00+00:00,1.6197,1.1993,2.1151,0.0000,12.8224
2020-08-10 19:00:00+00:00,1.9516,1.5762,2.3833,0.1904,22.6252
2020-08-10 20:00:00+00:00,2.7369,2.3522,2.9225,3.2652,20.0444
2020-08-10 21:00:00+00:00,0.0000,0.0000,0.0000,0.0000,12.5786
2020-08-10 22:00:00+00:00,0.0000,0.0000,0.0000,0.0000,12.1853
2020-08-10 23:00:00+00:00,1.0789,0.0000,0.0000,0.0000,8.4014
2020-08-11 00:00:00+00:00,0.0000,0.0000,0.0000,0.0000,2.8301
2020-08-11 01:00:00+00:00,0.0000,0.0000,0.0000,0.0000,3.5569
2020-08-11 02:00:00+00:00,8.6363,11.5002,13.4145,17.2746,9.2399
2020-08-11 03:00:00+00:00,14.1439,15.2731,14.8099,31.7372,7.4239
2020-08-11 04:00:00+00:00,15.3687,19.2446,17.2377,40.2724,5.3531
2020-08-11 05:00:00+00:00,17.8919,25.1259,23.5593,52.1866,10.7577
2020-08-11 06:00:00+00:00,15.6804,21.7142,20.3226,49.6552,16.0155
2020-08-11 07:00:00+00:00,16.6589,23.7647,22.2684,55.0504,25.5702
2020-08-11 08:00:00+00:00,13.7001,19.1592,16.9625,45.2858,18.2294
2020-08-11 09:00:00+00:00,12.3066,14.5471,13.4536,33.3981,12.4918
2020-08-11 10:00:00+00:00,14.4029,17.1482,15.8360,40.2056,16.5905
2020-08-11 11:00:00+00:00,16.2440,18.4729,17.2015,42.5992,19.6253
2020-08-11 12:00:00+00:00,11.3421,10.5043,9.0992,24.6542,13.2615
2020-08-11 13:00:00+00:00,8.6103,5.5746,5.3390,12.0927,14.7664
2020-08-11 14:00:00+00:00,5.1370,2.0824,3.7132,3.3101,13.7977
2020-08-11 15:00:00+00:00,7.1590,4.7142,7.5294,7.7670,19.4192
2020-08-11 16:00:00+00:00,9.5412,9.8939,12.3049,18.1374,27.4847
2020-08-11 17:00:00+00:00,11.8305,12.3943,15.0587,24.1203,34.6278
2020-08-11 18:00:00+00:00,14.4447,14.3218,18.2726,28.8357,40.9755
2020-08-11 19:00:00+00:00,17.9178,17.5880,23.0454,35.5187,46.0894
2020-08-11 20:00:00+00:00,29.2940,31.5790,38.7952,56.9811,30.8442
2020-08-11 21:00:00+00:00,19.9914,21.6161,24.6258,40.8380,52.3964
2020-08-11 22:00:00+00:00,13.0474,10.1860,12.2266,24.3255,38.8472
2020-08-11 23:00:00+00:00,4.5340,4.5959,4.4883,13.8729,41.9363
2020-08-12 00:00:00+00:00,5.1786,5.7922,5.0594,14.7908,34.9933
2020-08-12 01:00:00+00:00,19.6893,22.1531,21.4007,51.4414,26.7959
2020-08-12 02:00:00+00:00,31.4222,38.1244,34.8123,82.3226,34.4298
2020-08-12 03:00:00+00:00,17.6911,21.1714,20.6689,48.0033,33.0410
2020-08-12 04:00:00+00:00,22.8444,27.1788,25.9476,66.5736,26.8316
2020-08-12 05:00:00+00:00,18.9292,20.5735,19.1790,55.2751,15.3756
2020-08-12 06:00:00+00:00,12.9363,14.2118,13.1511,37.8918,8.2630
2020-08-12 07:00:00+00:00,10.1151,10.7223,9.6705,28.7142,7.0869
2020-08-12 08:00:00+00:00,10.4583,10.8035,10.5272,29.2301,8.3359
2020-08-12 09:00:00+00:00,12.5135,14.8666,14.8684,37.0693,10.0209
2020-08-12 10:00:00+00:00,9.5856,11.9997,10.3095,33.0202,9.7380
2020-08-12 11:00:00+00:00,7.5008,9.2536,7.5654,25.1017,7.1122
2020-08-12 12:00:00+00:00,4.6116,5.1423,4.2217,14.7246,2.6414
2020-08-12 13:00:00+00:00,4.1654,5.3112,4.7930,13.6244,1.7023
2020-08-12 14:00:00+00:00,4.6389,5.7544,5.9779,13.2016,3.6316
2020-08-12 15:00:00+00:00,4.5069,5.7225,6.0921,12.0163,4.7386
2020-08-12 16:00:00+00:00,7.1199,9.0412,9.6851,18.3842,5.6117
2020-08-12 17:00:00+00:00,7.4300,10.2052,10.7611,21.5263,4.7686
2020-08-12 18:00:00+00:00,5.7244,7.9634,8.2234,17.0741,6.8905
2020-08-12 19:00:00+00:00,6.7649,9.0925,9.3659,19.1294,9.3750
2020-08-12 20:00:00+00:00,3.9156,5.7383,5.7261,12.1324,10.2145
2020-08-12 21:00:00+00:00,4.1598,5.6348,5.6185,12.1460,9.1821
2020-08-12 22:00:00+00:00,3.1556,4.1293,3.9289,9.1035,5.2071
2020-08-12 23:00:00+00:00,2.7150,3.3202,3.1470,7.1100,2.6885
2020-08-13 00:00:00+00:00,0.9312,0.3783,0.0650,2.7069,8.7914
2020-08-13 01:00:00+00:00,1.0635,1.3461,0.6781,3.9443,21.8100
2020-08-13 02:00:00+00:00,1.7309,2.2984,1.4973,7.6907,18.6749
2020-08-13 03:00:00+00:00,0.5968,0.8394,0.0000,4.5388,15.4213
2020-08-13 04:00:00+00:00,0.9837,2.0181,1.6707,4.9453,4.7840
2020-08-13 05:00:00+00:00,4.2616,7.5099,6.0936,19.0739,0.0000
2020-08-13 06:00:00+00:00,4.2337,6.6262,5.3006,18.8766,0.0000
2020-08-13 07:00:00+00:00,3.3622,5.2909,4.1292,15.9366,0.0000
2020-08-13 08:00:00+00:00,2.8707,4.7691,3.6536,13.9690,0.0000
2020-08-13 09:00:00+00:00,2.1143,3.9602,2.5406,12.5009,0.0000
2020-08-13 10:00:00+00:00,2.8656,3.3090,1.8134,13.8249,0.0000
2020-08-13 11:00:00+00:00,2.3353,2.7030,1.5041,10.9652,0.0000
2020-08-13 12:00:00+00:00,0.3678,0.0645,0.0000,3.6580,0.0000
2020-08-13 13:00:00+00:00,0.0000,0.0000,0.0000,0.0000,0.0000
2020-08-13 14:00:00+00:00,0.0000,0.0000,0.0000,0.0000,0.0000
2020-08-13 15:00:00+00:00,0.0000,0.0000,0.0000,0.0000,0.0000
2020-08-13 16:00:00+00:00,0.0000,0.0000,0.0000,0.0000,0.0000
2020-08-13 17:00:00+00:00,0.4320,0.2931,0.3856,0.5526,0.0000
2020-08-13 18:00:00+00:00,0.9977,1.0865,1.7513,0.9427,0.0000
2020-08-13 19:00:00+00:00,0.8776,0.0080,1.1819,0.0000,2.6851
2020-08-13 20:00:00+00:00,1.7296,1.4008,2.4105,2.0874,5.5571
2020-08-13 21:00:00+00:00,0.6983,0.0000,1.0919,0.0000,6.3632
2020-08-13 22:00:00+00:00,0.0000,0.0000,0.0000,0.0000,11.3336
2020-08-13 23:00:00+00:00,0.0000,0.0000,0.0056,0.0000,11.3312
2020-08-14 00:00:00+00:00,0.0000,0.0328,0.1339,0.0000,10.4443
2020-08-14 01:00:00+00:00,1.1247,0.5269,1.0979,0.0000,10.4833
2020-08-14 02:00:00+00:00,0.0000,0.0000,0.0000,0.0000,11.7277
2020-08-14 03:00:00+00:00,0.0000,0.0000,0.0000,0.0000,5.4545
2020-08-14 04:00:00+00:00,0.0000,0.0000,0.0000,0.0000,5.8241
2020-08-14 05:00:00+00:00,0.0000,0.0000,0.0000,0.0000,5.2853
2020-08-14 06:00:00+00:00,0.0000,0.0000,0.0000,0.0000,4.3662
2020-08-14 07:00:00+00:00,0.0000,0.0000,0.0000,0.0000,4.0046
2020-08-14 08:00:00+00:00,0.0000,0.0000,0.0000,0.0000,3.1381
2020-08-14 09:00:00+00:00,0.0000,0.0000,0.0000,0.0000,0.0000
2020-08-14 10:00:00+00:00,0.0000,1.2010,0.0795,0.6841,0.0000
2020-08-14 11:00:00+00:00,0.0000,3.4243,3.3233,4.3826,0.0000
2020-08-14 12:00:00+00:00,0.0000,0.0000,0.0000,0.0000,0.0000
2020-08-14 13:00:00+00:00,0.0000,0.0000,0.3372,0.0000,0.0000
2020-08-14 14:00:00+00:00,2.1160,2.4210,3.0125,4.7118,2.8453
2020-08-14 15:00:00+00:00,4.6031,4.9226,6.1608,9.4853,8.0450
2020-08-14 16:00:00+00:00,4.1598,4.4740,5.6180,8.8797,12.8194
2020-08-14 17:00:00+00:00,4.9741,5.2082,6.5706,10.8680,13.3348
2020-08-14 18:00:00+00:00,4.1833,4.3179,5.4639,9.2159,15.3776
2020-08-14 19:00:00+00:00,3.1611,3.0841,4.0625,6.2634,26.1721
2020-08-14 20:00:00+00:00,2.7816,2.3363,3.2355,5.1136,33.5047
2020-08-14 21:00:00+00:00,2.9409,2.5886,3.7958,5.0878,39.3433
2020-08-14 22:00:00+00:00,5.3935,4.7919,6.7505,10.0797,51.1859
2020-08-14 23:00:00+00:00,2.4743,1.9759,3.1119,3.9933,35.4808
2020-08-15 00:00:00+00:00,0.9904,0.0370,1.1698,0.0000,23.3758
2020-08-15 01:00:00+00:00,0.0000,0.3714,0.9227,0.0000,17.6955
2020-08-15 02:00:00+00:00,0.0000,0.9280,1.2821,0.0000,11.4516
2020-08-15 03:00:00+00:00,0.8971,2.4036,3.6755,0.3957,5.7644
2020-08-15 04:00:00+00:00,1.7487,3.6548,5.1541,3.7035,3.2861
2020-08-15 05:00:00+00:00,2.9320,5.4309,7.8641,5.4926,4.0679
2020-08-15 06:00:00+00:00,2.6975,4.6088,7.2587,3.8978,4.8665
2020-08-15 07:00:00+00:00,2.7342,4.0488,6.2773,3.2696,10.9860
2020-08-15 08:00:00+00:00,3.0341,5.5036,7.4851,4.9171,21.3116
2020-08-15 09:00:00+00:00,2.1735,4.9151,6.4434,3.7279,33.8790
2020-08-15 10:00:00+00:00,0.0000,2.2348,3.2801,0.0000,45.5419
2020-08-15 11:00:00+00:00,0.0000,1.6219,2.9089,0.0000,40.1900
2020-08-15 12:00:00+00:00,0.0000,0.3005,1.4025,0.0000,21.6634
2020-08-15 13:00:00+00:00,0.0000,0.0000,0.0000,0.0000,8.3892
2020-08-15 14:00:00+00:00,0.3184,0.7281,0.0000,3.0982,2.3460
2020-08-15 15:00:00+00:00,1.9846,3.1610,2.2994,7.6324,1.8598
2020-08-15 16:00:00+00:00,4.7391,7.1128,6.6760,14.4598,8.1666
2020-08-15 17:00:00+00:00,5.4438,6.8395,6.3045,15.2369,12.6620
2020-08-15 18:00:00+00:00,8.5485,11.4976,11.5176,23.4526,16.7139
2020-08-15 19:00:00+00:00,8.3368,11.5486,11.8981,23.3574,14.3651
2020-08-15 20:00:00+00:00,9.6072,12.9797,13.6206,25.0097,7.0435
2020-08-15 21:00:00+00:00,8.4014,11.6472,12.3002,22.6784,8.0897
2020-08-15 22:00:00+00:00,6.4761,9.1179,9.0468,17.9890,12.5566
2020-08-15 23:00:00+00:00,6.0354,8.9165,9.4325,16.3935,14.3223
2020-08-16 00:00:00+00:00,4.3337,8.4290,7.8292,16.5046,16.8439
2020-08-16 01:00:00+00:00,5.9131,13.4027,15.2619,20.8713,31.0565
2020-08-16 02:00:00+00:00,4.8601,9.0732,10.9378,11.2630,48.8420
2020-08-16 03:00:00+00:00,6.5626,9.3752,10.3274,14.2449,53.8049
2020-08-16 04:00:00+00:00,22.6809,26.7946,23.7136,53.9229,42.8230
2020-08-16 05:00:00+00:00,36.6933,38.7413,35.2543,88.2627,40.8267
2020-08-16 06:00:00+00:00,38.4786,38.4580,38.3737,85.6038,42.1882
2020-08-16 07:00:00+00:00,47.2576,47.0142,44.8025,104.9806,39.5584
2020-08-16 08:00:00+00:00,49.9943,51.2985,48.2950,114.0491,41.6885
2020-08-16 09:00:00+00:00,47.0002,49.4303,44.5605,114.2811,40.3349
2020-08-16 10:00:00+00:00,29.6586,30.5450,29.9450,74.5426,32.2071
2020-08-16 11:00:00+00:00,19.6562,20.2008,22.3398,47.4516,37.7187
2020-08-16 12:00:00+00:00,9.9175,8.2325,10.1549,17.2517,31.0557
2020-08-16 13:00:00+00:00,6.8731,5.7390,8.8947,9.7310,31.2786
2020-08-16 14:00:00+00:00,3.4091,2.7864,3.6299,7.9051,22.3134
2020-08-16 15:00:00+00:00,5.3013,4.3128,4.1039,14.2826,14.3846
2020-08-16 16:00:00+00:00,6.9701,7.0657,7.1953,19.6755,12.9948
2020-08-16 17:00:00+00:00,8.0540,9.6853,10.2130,24.1092,8.7201
2020-08-16 18:00:00+00:00,6.2239,8.4920,8.9884,19.4613,15.9248
2020-08-16 19:00:00+00:00,10.1838,13.4571,14.5087,30.2555,6.9783
2020-08-16 20:00:00+00:00,12.4227,17.8306,20.1080,38.4137,6.7274
2020-08-16 21:00:00+00:00,13.2849,18.0223,19.9385,38.7475,6.4388
2020-08-16 22:00:00+00:00,20.8712,25.6897,27.8934,54.9232,8.7819
2020-08-16 23:00:00+00:00,20.6860,26.1222,30.7016,52.5472,9.2538
2020-08-17 00:00:00+00:00,26.5091,29.2600,37.0452,58.5005,4.2568
2020-08-17 01:00:00+00:00,21.4005,15.9271,13.8059,42.1568,11.2000
2020-08-17 02:00:00+00:00,19.6445,15.3427,14.8803,32.0977,17.7476
2020-08-17 03:00:00+00:00,34.3655,38.8998,39.7834,65.3924,21.2649
2020-08-17 04:00:00+00:00,40.3797,43.0617,42.2101,82.1298,32.2135
2020-08-17 05:00:00+00:00,31.3302,33.6366,30.1184,68.4677,26.0886
2020-08-17 06:00:00+00:00,28.4756,29.2124,24.9326,69.7300,19.6309
2020-08-17 07:00:00+00:00,23.4897,22.3201,18.5755,56.8448,5.7821
2020-08-17 08:00:00+00:00,4.9945,4.0521,1.8300,16.0416,7.1507
2020-08-17 09:00:00+00:00,2.8906,0.8109,0.0000,6.0575,7.2396
2020-08-17 10:00:00+00:00,5.2384,1.5975,2.3049,0.0000,3.0469
2020-08-17 11:00:00+00:00,4.2612,3.3297,4.7748,0.0000,2.7196
2020-08-17 12:00:00+00:00,3.5984,2.7102,3.2506,4.6985,4.1317
2020-08-17 13:00:00+00:00,2.0373,1.4540,1.6413,3.3451,0.0000
2020-08-17 14:00:00+00:00,0.0000,0.0000,0.0000,0.0000,0.0000
2020-08-17 15:00:00+00:00,0.0000,0.0000,0.0000,0.0000,4.6012
2020-08-17 16:00:00+00:00,0.4034,0.0000,0.0000,1.4560,2.1607
2020-08-17 17:00:00+00:00,3.3411,6.5611,6.0772,7.9935,8.3770
2020-08-17 18:00:00+00:00,0.0000,0.1502,0.0000,0.2483,11.6024
2020-08-17 19:00:00+00:00,0.0000,0.0000,0.0000,0.0000,23.3893
2020-08-17 20:00:00+00:00,0.4349,1.7919,1.9250,1.1322,20.4545
2020-08-17 21:00:00+00:00,0.0000,0.0000,0.0000,0.0000,15.8844
2020-08-17 22:00:00+00:00,0.0000,0.0000,0.0000,0.0000,21.2519
2020-08-17 23:00:00+00:00,0.0000,0.0000,0.0000,0.0000,29.6428
2020-08-18 00:00:00+00:00,0.0000,0.0000,0.0000,0.0000,28.4960
2020-08-18 01:00:00+00:00,0.0000,0.0000,0.0000,0.0000,30.2566
2020-08-18 02:00:00+00:00,0.0000,0.0000,0.0000,0.0000,21.7229
2020-08-18 03:00:00+00:00,1.0117,1.4487,0.8822,3.9828,17.2584
2020-08-18 04:00:00+00:00,4.0130,3.1835,4.9114,6.4444,0.0000
2020-08-18 05:00:00+00:00,5.8044,5.9394,6.1487,18.0787,8.1060
2020-08-18 06:00:00+00:00,10.2494,10.9088,9.7167,25.6563,4.7496
2020-08-18 07:00:00+00:00,7.0085,7.5789,6.9387,18.2934,8.2029
2020-08-18 08:00:00+00:00,4.9308,5.8365,4.8463,15.1073,8.3584
2020-08-18 09:00:00+00:00,6.4110,8.0127,7.2422,17.1604,13.2203
2020-08-18 10:00:00+00:00,13.0433,15.6113,12.5439,42.7030,19.9659
2020-08-18 11:00:00+00:00,19.3006,23.2118,18.9874,61.9373,18.1956
2020-08-18 12:00:00+00:00,15.9664,17.9774,14.8225,49.9581,13.3164
2020-08-18 13:00:00+00:00,12.0221,13.5397,11.6348,37.4252,17.1672
2020-08-18 14:00:00+00:00,10.3300,12.3309,11.7757,29.9854,15.4908
2020-08-18 15:00:00+00:00,8.3378,10.6027,10.8880,22.3397,15.3312
2020-08-18 16:00:00+00:00,13.0505,17.1226,17.5829,36.1866,21.0866
2020-08-18 17:00:00+00:00,20.5982,25.6580,27.5111,52.7769,18.5787
2020-08-18 18:00:00+00:00,14.1517,19.1858,19.2758,43.1797,21.3697
2020-08-18 19:00:00+00:00,10.0525,12.4276,13.3650,27.7749,25.5438
2020-08-18 20:00:00+00:00,13.5711,17.7390,18.4871,38.4783,20.8935
2020-08-18 21:00:00+00:00,13.4631,19.4649,19.0955,42.2324,13.2301
2020-08-18 22:00:00+00:00,10.5420,11.1581,11.5918,26.5499,17.3892
2020-08-18 23:00:00+00:00,5.5133,6.2071,5.8531,15.7227,5.6905
2020-08-19 00:00:00+00:00,3.6403,3.3600,2.8420,10.2403,0.0000
2020-08-19 01:00:00+00:00,3.7961,3.5652,2.8898,11.7555,3.6066
2020-08-19 02:00:00+00:00,3.0610,4.5761,4.2231,11.4292,0.0000
2020-08-19 03:00:00+00:00,10.9498,12.6955,13.1050,29.8395,0.0000
2020-08-19 04:00:00+00:00,12.0911,14.9457,14.2835,36.3320,1.1100
2020-08-19 05:00:00+00:00,9.7885,10.5685,9.4396,31.0910,0.0000
2020-08-19 06:00:00+00:00,10.1347,10.1640,9.2100,30.6743,0.0000
2020-08-19 07:00:00+00:00,12.6511,11.4715,10.5474,34.9437,0.0000
2020-08-19 08:00:00+00:00,8.9113,7.3137,6.6659,24.2534,0.0000
2020-08-19 09:00:00+00:00,5.3998,4.2622,3.4821,15.7512,0.0000
2020-08-19 10:00:00+00:00,8.7797,10.0568,8.3472,27.8587,0.0000
2020-08-19 11:00:00+00:00,6.7255,6.7777,5.6419,19.2388,0.0000
2020-08-19 12:00:00+00:00,4.5218,4.4341,3.8407,11.6248,0.2464
2020-08-19 13:00:00+00:00,7.5786,7.4607,7.1736,18.2636,0.0000
2020-08-19 14:00:00+00:00,7.2715,8.1230,7.9123,19.2576,0.0000
2020-08-19 15:00:00+00:00,9.1218,10.0264,10.2764,23.1050,3.0653
2020-08-19 16:00:00+00:00,14.5404,16.2870,17.1640,36.6973,5.7615
2020-08-19 17:00:00+00:00,12.3901,13.5097,14.3659,31.8686,9.8071
2020-08-19 18:00:00+00:00,11.3579,12.4117,13.0107,29.1034,12.4071
2020-08-19 19:00:00+00:00,12.9789,17.1142,18.0250,37.2676,12.7449
2020-08-19 20:00:00+00:00,12.0242,13.3194,13.6658,31.6762,12.6613
2020-08-19 21:00:00+00:00,11.4368,12.6583,12.7214,30.1370,13.1925
2020-08-19 22:00:00+00:00,11.1089,12.2873,12.4237,29.1902,14.9519
2020-08-19 23:00:00+00:00,7.8068,7.9676,7.6773,20.4286,8.0001
2020-08-20 00:00:00+00:00,4.5365,4.7327,4.5674,11.9006,5.6683
2020-08-20 01:00:00+00:00,4.5903,4.2703,4.0613,13.0697,3.5373
2020-08-20 02:00:00+00:00,7.4799,7.1225,7.0551,21.7413,0.0000
2020-08-20 03:00:00+00:00,7.3200,6.1028,5.8281,20.1886,0.0000
2020-08-20 04:00:00+00:00,4.7632,3.3713,2.8183,13.8328,0.0000
2020-08-20 05:00:00+00:00,2.8484,2.0689,1.3252,9.2176,0.0000
2020-08-20 06:00:00+00:00,1.5201,0.6640,0.0000,5.5949,0.0000
2020-08-20 07:00:00+00:00,0.0000,0.0000,0.0000,0.0000,0.0000
2020-08-20 08:00:00+00:00,0.0000,0.0000,0.0000,0.0000,0.0000
2020-08-20 09:00:00+00:00,0.0000,0.0000,0.0000,0.0000,0.0000
2020-08-20 10:00:00+00:00,0.0000,0.0000,0.0000,0.0000,0.0000
2020-08-20 11:00:00+00:00,0.0000,0.0000,0.0000,0.0000,0.0000
2020-08-20 12:00:00+00:00,0.0000,0.0000,0.0000,0.0000,0.0000
2020-08-20 13:00:00+00:00,0.0000,0.0000,0.0000,0.0000,0.0000
2020-08-20 14:00:00+00:00,0.0000,0.0000,0.0000,0.0000,0.0000
2020-08-20 15:00:00+00:00,0.0000,0.0000,0.0000,0.0000,2.7223
2020-08-20 16:00:00+00:00,0.0000,0.0000,0.0000,0.0000,8.7608
2020-08-20 17:00:00+00:00,1.6771,1.9835,2.0120,3.6285,10.8636
2020-08-20 18:00:00+00:00,0.0000,0.0000,0.0000,0.0000,8.8710
2020-08-20 19:00:00+00:00,0.0000,0.0000,0.0000,0.0000,21.7599
2020-08-20 20:00:00+00:00,0.0000,0.0000,0.0000,0.0000,27.7696
2020-08-20 21:00:00+00:00,0.0000,0.0000,0.0000,0.0000,19.3242
2020-08-20 22:00:00+00:00,0.0000,0.0000,0.0000,0.0000,9.4719
2020-08-20 23:00:00+00:00,0.0000,0.0000,0.0000,0.0000,3.4720
2020-08-21 00:00:00+00:00,0.0000,0.0000,0.0000,0.0000,0.0000
2020-08-21 01:00:00+00:00,0.9718,1.1081,0.6051,0.0000,2.7819
2020-08-21 02:00:00+00:00,4.6403,4.2695,4.3316,6.7062,17.5886
2020-08-21 03:00:00+00:00,10.0700,10.5980,10.9908,20.1264,31.0722
2020-08-21 04:00:00+00:00,17.0871,19.0549,19.1823,39.3911,39.4871
2020-08-21 05:00:00+00:00,37.4806,46.9023,44.0546,103.1376,38.2503
2020-08-21 06:00:00+00:00,69.1896,72.6011,74.1363,167.3539,34.9415
2020-08-21 07:00:00+00:00,58.7237,60.8401,54.9734,170.4584,28.6035
2020-08-21 08:00:00+00:00,33.5653,34.1934,35.7555,80.3394,27.6919
2020-08-21 09:00:00+00:00,29.6098,29.6270,31.2861,68.1459,33.9808
2020-08-21 10:00:00+00:00,57.7579,61.0638,58.8890,151.8347,35.6875
2020-08-21 11:00:00+00:00,65.0982,64.2272,61.9399,161.8410,37.5451
2020-08-21 12:00:00+00:00,36.4744,39.9129,33.9877,104.8825,33.7728
2020-08-21 13:00:00+00:00,37.9635,36.4134,32.2828,100.1184,21.3675
2020-08-21 14:00:00+00:00,28.7379,30.9412,30.0617,72.9270,16.3012
2020-08-21 15:00:00+00:00,25.8483,29.5195,26.3218,70.2895,16.4508
2020-08-21 16:00:00+00:00,23.6244,27.1991,25.3035,66.3508,23.8103
2020-08-21 17:00:00+00:00,15.0311,17.9500,15.6009,43.2851,26.7979
2020-08-21 18:00:00+00:00,10.7564,11.1762,9.6888,28.8197,13.1645
2020-08-21 19:00:00+00:00,11.9444,11.5743,10.3310,30.5547,13.7315
2020-08-21 20:00:00+00:00,11.8988,11.7511,11.6123,27.7982,17.5702
2020-08-21 21:00:00+00:00,4.8068,4.8859,4.5679,11.6614,22.7488
2020-08-21 22:00:00+00:00,3.3249,2.9243,2.7672,7.3604,17.4740
2020-08-21 23:00:00+00:00,1.1339,0.7578,1.0562,1.4490,13.7713
2020-08-22 00:00:00+00:00,0.0000,0.0000,0.0000,0.0000,7.1627
2020-08-22 01:00:00+00:00,0.0000,0.0000,0.0000,0.0000,0.0000
2020-08-22 02:00:00+00:00,0.0000,0.0000,0.0000,0.0000,0.0000
2020-08-22 03:00:00+00:00,0.0000,0.0000,0.0000,0.0000,0.0000
2020-08-22 04:00:00+00:00,0.0983,0.7790,0.0000,3.2431,0.0000
2020-08-22 05:00:00+00:00,0.8276,1.1093,0.0614,3.8447,0.0000
2020-08-22 06:00:00+00:00,0.0869,0.1557,0.0000,1.0963,0.0000
2020-08-22 07:00:00+00:00,0.9632,0.4933,0.0000,3.0649,3.8742
2020-08-22 08:00:00+00:00,1.2104,0.8103,0.6413,3.1381,8.7419
2020-08-22 09:00:00+00:00,0.0000,0.0000,0.0000,0.0000,6.4002
2020-08-22 10:00:00+00:00,0.0387,0.0000,0.0000,0.4988,2.8951
2020-08-22 11:00:00+00:00,0.0000,0.0000,0.0000,0.0000,6.1458
2020-08-22 12:00:00+00:00,0.0000,0.0000,0.0000,0.0000,2.5672
2020-08-22 13:00:00+00:00,0.0000,0.0000,0.0000,0.0000,0.0000
2020-08-22 14:00:00+00:00,0.0000,0.0000,0.0000,0.0000,0.0000
2020-08-22 15:00:00+00:00,1.5283,1.4083,1.6296,2.7895,0.0000
2020-08-22 16:00:00+00:00,2.0566,2.4075,2.6265,4.5500,0.3565
2020-08-22 17:00:00+00:00,2.5625,4.2760,4.4496,7.2465,4.7803
2020-08-22 18:00:00+00:00,1.6651,2.8631,2.9469,4.9319,8.0598
2020-08-22 19:00:00+00:00,1.8189,3.3670,3.4131,5.6111,9.0466
2020-08-22 20:00:00+00:00,2.8319,4.1981,4.3344,8.2918,9.9630
2020-08-22 21:00:00+00:00,3.0435,4.2500,4.1669,8.9400,5.7631
2020-08-22 22:00:00+00:00,0.8633,0.0000,0.1420,0.4623,5.4204
2020-08-22 23:00:00+00:00,0.0000,0.0000,0.0000,0.0000,1.2165
2020-08-23 00:00:00+00:00,0.0000,0.0000,0.0000,0.0000,0.0000
2020-08-23 01:00:00+00:00,0.0000,0.0000,0.0000,0.0000,0.0000
2020-08-23 02:00:00+00:00,0.0000,0.0000,0.0000,0.0000,0.0000
2020-08-23 03:00:00+00:00,0.0000,0.0000,0.0000,0.0000,0.0000
2020-08-23 04:00:00+00:00,0.1826,0.6520,2.4343,1.3979,0.0000
2020-08-23 05:00:00+00:00,2.3508,3.0917,3.8164,7.1278,0.5520
2020-08-23 06:00:00+00:00,1.3875,2.2209,1.7288,6.5954,3.6541
2020-08-23 07:00:00+00:00,2.0438,2.4439,3.2548,5.5651,14.7397
2020-08-23 08:00:00+00:00,0.7928,0.0000,1.3685,0.0000,21.7305
2020-08-23 09:00:00+00:00,2.8486,2.3374,3.8829,4.8325,29.2293
2020-08-23 10:00:00+00:00,2.4183,4.1822,2.9401,15.8294,15.0626
2020-08-23 11:00:00+00:00,6.7296,6.3269,5.5790,21.7063,17.4063
2020-08-23 12:00:00+00:00,8.7644,14.0648,7.2740,31.2936,8.0498
2020-08-23 13:00:00+00:00,12.2453,11.0641,7.5193,30.8046,0.0000
2020-08-23 14:00:00+00:00,7.4205,7.2574,4.9726,17.7479,0.0000
2020-08-23 15:00:00+00:00,5.2033,3.7711,3.0549,10.4665,0.0000
2020-08-23 16:00:00+00:00,4.5876,4.1838,3.7951,9.7076,3.1632
2020-08-23 17:00:00+00:00,3.4537,3.8122,3.4627,7.9660,8.9619
2020-08-23 18:00:00+00:00,3.2638,3.4478,3.7208,6.6291,11.6935
2020-08-23 19:00:00+00:00,1.4966,1.7376,1.8163,2.8981,12.8994
2020-08-23 20:00:00+00:00,1.4772,1.8196,1.9376,3.3792,15.0676
2020-08-23 21:00:00+00:00,1.5723,1.8802,1.8600,3.7518,7.3683
2020-08-23 22:00:00+00:00,0.0000,0.0000,0.0000,0.0000,3.3213
2020-08-23 23:00:00+00:00,0.0000,0.0000,0.0000,0.0000,1.4509
2020-08-24 00:00:00+00:00,0.0000,0.0000,0.0000,0.0000,0.0000
2020-08-24 01:00:00+00:00,0.0000,0.0000,0.0000,0.0000,0.3317
2020-08-24 02:00:00+00:00,0.0000,0.0000,0.0000,0.0000,2.5429
2020-08-24 03:00:00+00:00,4.7807,4.6253,7.6597,8.0953,5.5796
2020-08-24 04:00:00+00:00,4.6558,6.6861,8.0271,11.7406,4.3895
2020-08-24 05:00:00+00:00,0.0000,0.0000,1.6934,0.0000,5.2885
2020-08-24 06:00:00+00:00,0.0000,0.9395,0.2025,0.0000,2.2161
2020-08-24 07:00:00+00:00,11.1348,15.6859,19.2253,30.1652,3.3032
2020-08-24 08:00:00+00:00,10.9275,9.5917,14.2822,18.1097,15.8577
2020-08-24 09:00:00+00:00,0.0000,0.0000,0.0000,0.8187,24.6464
2020-08-24 10:00:00+00:00,2.4750,0.0000,1.4347,0.0000,24.1562
2020-08-24 11:00:00+00:00,6.8376,3.9984,6.1638,6.1353,26.0973
2020-08-24 12:00:00+00:00,2.9945,1.7657,1.6525,10.4642,16.3827
2020-08-24 13:00:00+00:00,0.9488,0.0000,0.0000,0.0000,10.8320
2020-08-24 14:00:00+00:00,2.3471,1.4866,2.3643,0.0000,13.9499
2020-08-24 15:00:00+00:00,3.1642,2.1283,2.9914,2.3765,15.8863
2020-08-24 16:00:00+00:00,3.1938,2.4607,2.9501,3.7012,21.2294
2020-08-24 17:00:00+00:00,3.6351,3.1199,4.0849,5.0656,29.7015
2020-08-24 18:00:00+00:00,8.2289,8.5859,10.3130,15.5434,26.1271
2020-08-24 19:00:00+00:00,1.1337,1.2018,1.4960,1.7234,26.2465
2020-08-24 20:00:00+00:00,1.2943,0.0000,1.3295,0.0000,36.4032
2020-08-24 21:00:00+00:00,5.4089,2.9797,5.7592,3.5624,35.7160
2020-08-24 22:00:00+00:00,0.0000,0.0000,0.0000,0.0000,39.9841
2020-08-24 23:00:00+00:00,0.0000,0.0000,0.0000,0.0000,34.4249
2020-08-25 00:00:00+00:00,0.0000,0.0000,0.0000,0.0000,18.0945
2020-08-25 01:00:00+00:00,0.0996,0.0000,0.0000,0.0000,30.7513
2020-08-25 02:00:00+00:00,2.0092,2.2865,1.4314,6.2557,31.4651
2020-08-25 03:00:00+00:00,12.2747,2.3452,5.5577,5.8786,39.4285
2020-08-25 04:00:00+00:00,33.9034,65.0100,73.3240,93.1793,72.9593
2020-08-25 05:00:00+00:00,73.6101,75.0092,79.3023,174.4934,60.9513
2020-08-25 06:00:00+00:00,74.0399,72.4714,78.0515,173.5904,41.8291
2020-08-25 07:00:00+00:00,65.1389,64.7653,69.9831,153.0622,52.7376
2020-08-25 08:00:00+00:00,56.2076,58.4595,59.7193,135.2770,36.9522
2020-08-25 09:00:00+00:00,61.6767,68.6464,66.6993,165.8062,76.0467
2020-08-25 10:00:00+00:00,47.8007,52.2236,50.1155,127.9632,63.3438
2020-08-25 11:00:00+00:00,63.6764,66.4569,64.6735,164.3836,68.8059
2020-08-25 12:00:00+00:00,57.8735,67.3837,66.2397,153.4360,70.3987
2020-08-25 13:00:00+00:00,76.6307,84.6132,82.4258,200.0518,76.1158
2020-08-25 14:00:00+00:00,72.6236,74.4035,70.3032,188.2987,58.1494
2020-08-25 15:00:00+00:00,35.0067,35.6440,38.7366,87.1757,74.6026
2020-08-25 16:00:00+00:00,38.8563,38.5924,43.9605,90.5228,71.6168
2020-08-25 17:00:00+00:00,53.1393,58.6176,65.0486,126.9128,73.3233
2020-08-25 18:00:00+00:00,48.3671,58.7625,60.5842,130.5335,70.7289
2020-08-25 19:00:00+00:00,65.9072,82.0492,88.5122,173.9738,77.2252
2020-08-25 20:00:00+00:00,69.0042,81.6582,88.0752,178.1999,77.8884
2020-08-25 21:00:00+00:00,60.7963,74.5623,79.8958,160.1411,76.8800
2020-08-25 22:00:00+00:00,57.8698,74.3913,79.8708,158.9231,78.2062
2020-08-25 23:00:00+00:00,63.6116,73.3112,77.5726,166.4431,76.8018
2020-08-26 00:00:00+00:00,48.4694,54.6817,56.3335,129.1938,54.8329
2020-08-26 01:00:00+00:00,45.1648,48.0828,49.9901,116.0365,76.4667
2020-08-26 02:00:00+00:00,26.7261,26.9667,26.5052,73.5803,37.4977
2020-08-26 03:00:00+00:00,16.6645,14.5219,16.2766,38.7137,21.8694
2020-08-26 04:00:00+00:00,18.5445,17.4629,20.0642,42.6433,26.1364
2020-08-26 05:00:00+00:00,19.5421,19.8434,21.4825,50.2342,26.5132
2020-08-26 06:00:00+00:00,16.8008,18.2047,18.7716,46.6380,15.2979
2020-08-26 07:00:00+00:00,15.3715,16.7549,17.1027,43.7934,10.5574
2020-08-26 08:00:00+00:00,12.5844,14.7954,14.8432,37.4279,12.8632
2020-08-26 09:00:00+00:00,17.0693,19.7758,20.9494,48.6360,18.0615
2020-08-26 10:00:00+00:00,16.8538,20.8039,20.2558,49.2759,13.4150
2020-08-26 11:00:00+00:00,13.4284,15.5265,15.6514,38.1193,17.8672
2020-08-26 12:00:00+00:00,18.9180,20.0714,20.6496,49.9964,6.3010
2020-08-26 13:00:00+00:00,17.5547,18.7954,19.1948,45.6648,8.1758
2020-08-26 14:00:00+00:00,17.4962,19.9322,20.1256,45.8607,7.8202
2020-08-26 15:00:00+00:00,26.5098,31.2930,31.6166,70.1828,11.8438
2020-08-26 16:00:00+00:00,29.3490,35.6031,35.7169,81.3443,13.9064
2020-08-26 17:00:00+00:00,34.5920,41.6142,41.7237,95.1716,17.2610
2020-08-26 18:00:00+00:00,41.4161,48.8336,49.8818,111.4706,18.3584
2020-08-26 19:00:00+00:00,45.5302,52.6752,53.9529,120.2864,14.6990
2020-08-26 20:00:00+00:00,38.6265,46.4311,47.4781,106.3442,14.2253
2020-08-26 21:00:00+00:00,33.4830,39.5630,40.3369,90.9979,15.9865
2020-08-26 22:00:00+00:00,22.5796,26.0652,26.2986,61.3631,14.6008
2020-08-26 23:00:00+00:00,14.6600,17.0112,16.9921,40.7635,9.4909
2020-08-27 00:00:00+00:00,9.8614,10.4911,10.1941,25.9782,9.6520
2020-08-27 01:00:00+00:00,8.5543,9.8803,9.7810,23.7044,13.1161
2020-08-27 02:00:00+00:00,8.0991,7.0237,6.8810,21.1546,21.3090
2020-08-27 03:00:00+00:00,2.9967,2.6567,1.9878,9.4985,7.5980
2020-08-27 04:00:00+00:00,1.7442,1.5162,0.1507,6.9224,1.6257
2020-08-27 05:00:00+00:00,0.0000,0.0000,0.0000,0.0000,0.0000
2020-08-27 06:00:00+00:00,0.0000,0.0000,0.0000,0.0000,3.4966
2020-08-27 07:00:00+00:00,0.8304,1.3910,0.8302,3.7166,4.4686
2020-08-27 08:00:00+00:00,1.5251,2.2081,2.2654,4.9637,9.7975
2020-08-27 09:00:00+00:00,1.4666,1.8946,1.9854,3.9124,10.0373
2020-08-27 10:00:00+00:00,0.0000,0.0000,0.0000,0.0000,7.9401
2020-08-27 11:00:00+00:00,0.0000,0.0000,0.0000,0.0000,1.8082
2020-08-27 12:00:00+00:00,0.0000,0.0000,0.0000,0.0000,16.0838
2020-08-27 13:00:00+00:00,0.0000,0.0000,0.0000,0.0000,0.4826
2020-08-27 14:00:00+00:00,0.0000,0.0000,0.0000,0.0000,4.4002
2020-08-27 15:00:00+00:00,0.0000,0.0000,0.0000,0.0000,5.8317
2020-08-27 16:00:00+00:00,0.0000,0.0000,0.0000,0.0000,0.0000
2020-08-27 17:00:00+00:00,0.0000,0.0000,0.0000,0.0000,0.0000
2020-08-27 18:00:00+00:00,0.0000,0.0000,0.0000,0.0000,0.0000
2020-08-27 19:00:00+00:00,0.0000,0.0000,0.0000,0.0000,0.0000
2020-08-27 20:00:00+00:00,0.0000,0.0000,0.0000,0.0000,0.0000
2020-08-27 21:00:00+00:00,0.0000,0.0000,0.0000,0.0000,0.0000
2020-08-27 22:00:00+00:00,0.0000,0.0000,0.0000,0.0000,0.0000
2020-08-27 23:00:00+00:00,0.0000,0.0000,0.0000,0.0000,0.0000
2020-08-28 00:00:00+00:00,0.0000,0.0000,0.0000,0.0000,0.0000
2020-08-28 01:00:00+00:00,0.0000,0.0000,0.0000,0.0000,2.7148
2020-08-28 02:00:00+00:00,0.0000,0.0000,0.0000,1.1743,5.8787
2020-08-28 03:00:00+00:00,0.0000,0.0000,0.0000,0.0000,3.5390
2020-08-28 04:00:00+00:00,0.0000,0.0000,0.0000,2.9327,0.0293
2020-08-28 05:00:00+00:00,3.5224,3.7356,2.4443,13.7353,1.0879
2020-08-28 06:00:00+00:00,6.8032,7.1365,5.6190,23.6385,2.2208
2020-08-28 07:00:00+00:00,6.9827,7.6192,5.9468,24.3414,0.0000
2020-08-28 08:00:00+00:00,6.3172,6.8839,5.4317,21.6812,0.0000
2020-08-28 09:00:00+00:00,6.0209,6.6449,5.2218,21.1463,0.0000
2020-08-28 10:00:00+00:00,12.6459,14.9636,12.7288,41.1382,0.0000
2020-08-28 11:00:00+00:00,16.8778,20.0211,16.9802,55.6637,0.0000
2020-08-28 12:00:00+00:00,17.6034,19.1851,16.1457,54.6085,0.0000
2020-08-28 13:00:00+00:00,15.8230,16.3200,13.7792,46.1149,0.0000
2020-08-28 14:00:00+00:00,9.6636,10.1006,8.3025,28.6841,0.0000
2020-08-28 15:00:00+00:00,7.4310,8.4454,7.3586,21.8851,3.8864
2020-08-28 16:00:00+00:00,5.6532,7.2890,6.7213,17.2975,2.8460
2020-08-28 17:00:00+00:00,4.9028,6.6484,6.3770,15.4541,0.0000
2020-08-28 18:00:00+00:00,2.9180,3.9838,3.7123,9.1420,0.0000
2020-08-28 19:00:00+00:00,2.3118,2.9353,2.7448,6.9399,0.0000
2020-08-28 20:00:00+00:00,2.0499,2.7587,2.4594,5.9982,0.0000
2020-08-28 21:00:00+00:00,0.9604,1.4829,0.8844,3.5179,0.0000
2020-08-28 22:00:00+00:00,1.0546,1.5332,1.2800,3.7703,0.0000
2020-08-28 23:00:00+00:00,0.0000,0.0000,0.0000,0.0000,0.0000
2020-08-29 00:00:00+00:00,0.0000,0.0000,0.0000,0.0000,0.0000
2020-08-29 01:00:00+00:00,0.0000,0.0000,0.0000,0.0000,0.0000
2020-08-29 02:00:00+00:00,0.0000,0.0000,0.0000,0.0000,0.0000
2020-08-29 03:00:00+00:00,0.0000,0.0000,0.0000,0.0000,0.0000
2020-08-29 04:00:00+00:00,0.0000,0.0000,1.5660,0.0000,0.0000
2020-08-29 05:00:00+00:00,10.8835,18.2458,19.6112,29.4883,7.5503
2020-08-29 06:00:00+00:00,10.7299,19.5027,21.5306,32.3257,29.1272
2020-08-29 07:00:00+00:00,15.6295,29.1314,33.4798,53.6949,27.2253
2020-08-29 08:00:00+00:00,14.6895,27.6741,33.5914,45.4018,67.4841
2020-08-29 09:00:00+00:00,6.1709,22.7834,23.7064,37.8039,26.6110
2020-08-29 10:00:00+00:00,32.9509,54.3400,54.8472,82.6172,20.3148
2020-08-29 11:00:00+00:00,40.3390,46.3388,52.7331,74.0073,15.9711
2020-08-29 12:00:00+00:00,79.3833,94.7040,101.5802,204.4964,16.8663
2020-08-29 13:00:00+00:00,76.6159,66.8055,100.8190,147.6697,21.1562
2020-08-29 14:00:00+00:00,61.9661,69.6049,64.2209,97.6355,14.6118
2020-08-29 15:00:00+00:00,22.8567,19.9386,22.1772,37.3733,30.9017
2020-08-29 16:00:00+00:00,9.9916,7.9533,11.9334,11.7496,28.7453
2020-08-29 17:00:00+00:00,22.1033,20.8071,25.1876,35.9377,54.6366
2020-08-29 18:00:00+00:00,23.2400,15.3128,24.1732,25.8538,49.1816
2020-08-29 19:00:00+00:00,39.2175,46.2051,49.5817,56.1997,75.8986
2020-08-29 20:00:00+00:00,58.9289,29.5951,65.6033,44.9724,76.0629
2020-08-29 21:00:00+00:00,41.1556,38.9343,41.1381,78.7922,79.9000
2020-08-29 22:00:00+00:00,30.6468,9.6034,18.2142,22.7040,79.9000
2020-08-29 23:00:00+00:00,29.3734,3.7145,8.4191,12.4591,79.9000
2020-08-30 00:00:00+00:00,17.1907,17.1855,20.3585,19.4925,79.9000
2020-08-30 01:00:00+00:00,79.3380,99.0607,105.4962,212.8757,79.9000
2020-08-30 02:00:00+00:00,81.0000,100.5000,106.5000,215.2000,78.3059
2020-08-30 03:00:00+00:00,81.0000,97.9199,102.5387,215.1885,49.2791
2020-08-30 04:00:00+00:00,80.5423,98.4229,102.9784,215.2000,50.5005
2020-08-30 05:00:00+00:00,81.0000,98.9500,103.5709,215.2000,54.4511
2020-08-30 06:00:00+00:00,80.1089,97.9931,102.2746,213.6996,37.4504
2020-08-30 07:00:00+00:00,81.0000,99.8671,104.5216,215.2000,38.3264
2020-08-30 08:00:00+00:00,80.7287,97.9922,102.8304,213.7858,33.7430
2020-08-30 09:00:00+00:00,76.9469,88.5025,86.3256,205.2386,35.5563
2020-08-30 10:00:00+00:00,53.2280,54.0140,54.7789,133.9345,27.0837
2020-08-30 11:00:00+00:00,46.4454,47.7987,49.8473,118.9742,23.2893
2020-08-30 12:00:00+00:00,46.9142,53.0566,54.3281,127.1783,27.3163
2020-08-30 13:00:00+00:00,44.3083,51.5300,51.3700,121.7664,32.2094
2020-08-30 14:00:00+00:00,43.7197,51.2308,51.7766,121.2177,30.0615
2020-08-30 15:00:00+00:00,42.5040,49.3511,51.2202,112.1000,24.0232
2020-08-30 16:00:00+00:00,38.5535,44.6302,46.6914,103.4376,23.9406
2020-08-30 17:00:00+00:00,40.1827,45.8194,48.1758,107.0207,20.4753
2020-08-30 18:00:00+00:00,34.0157,38.1286,40.6617,87.6723,13.0759
2020-08-30 19:00:00+00:00,32.8448,36.7534,39.0280,84.9808,11.4644
2020-08-30 20:00:00+00:00,34.9902,39.0966,41.5759,89.9475,14.5194
2020-08-30 21:00:00+00:00,33.1431,37.3233,38.9030,84.6385,12.5421
2020-08-30 22:00:00+00:00,23.0405,26.5669,27.9364,59.3758,7.7939
2020-08-30 23:00:00+00:00,22.6522,25.8493,28.1727,54.1204,8.1664
2020-08-31 00:00:00+00:00,16.9209,18.7851,19.5027,43.5422,6.8609
2020-08-31 01:00:00+00:00,17.0073,20.4573,20.9611,46.1904,5.5134
2020-08-31 02:00:00+00:00,11.3513,11.0587,11.6452,28.7924,5.4919
2020-08-31 03:00:00+00:00,6.8999,5.1505,5.3155,17.3942,1.3176
2020-08-31 04:00:00+00:00,3.2955,1.9114,1.7319,8.7830,0.0000
2020-08-31 05:00:00+00:00,2.6583,1.5641,1.3880,7.2988,0.0000
2020-08-31 06:00:00+00:00,1.7078,1.0269,0.1626,5.5173,0.0000
2020-08-31 07:00:00+00:00,1.5179,0.3641,0.0000,5.2589,0.0000
2020-08-31 08:00:00+00:00,0.1209,0.0000,0.0000,3.4598,0.0000
2020-08-31 09:00:00+00:00,0.0000,0.0000,0.0000,0.0000,0.0000
2020-08-31 10:00:00+00:00,0.0000,0.0000,0.0000,0.0000,0.0000
2020-08-31 11:00:00+00:00,0.0000,0.0000,0.0000,0.0000,0.0000
2020-08-31 12:00:00+00:00,0.0000,0.0000,0.0000,0.0000,2.2332
2020-08-31 13:00:00+00:00,0.0000,0.0000,0.0000,0.0000,0.0000
2020-08-31 14:00:00+00:00,0.0000,0.0000,0.0000,0.0000,0.0000
2020-08-31 15:00:00+00:00,0.0000,0.0000,0.0000,0.0000,0.0000
2020-08-31 16:00:00+00:00,0.0000,0.0000,0.0000,0.0000,0.0000
2020-08-31 17:00:00+00:00,0.0000,0.0000,0.0000,0.0000,0.0000
2020-08-31 18:00:00+00:00,0.0000,0.0000,0.0000,0.0000,0.0000
2020-08-31 19:00:00+00:00,0.0000,0.0000,0.0000,0.0000,1.0700
2020-08-31 20:00:00+00:00,0.0000,0.0000,0.0000,0.0000,7.2515
2020-08-31 21:00:00+00:00,0.0000,0.0000,0.0000,0.0000,6.1019
2020-08-31 22:00:00+00:00,0.0000,0.0000,0.0000,0.0000,7.2715
2020-08-31 23:00:00+00:00,3.3693,3.1248,3.2103,8.3979,11.3324
2020-09-01 00:00:00+00:00,3.3358,6.9764,7.8140,11.0145,18.8984
2020-09-01 01:00:00+00:00,8.3136,9.9690,13.5944,18.0865,36.2516
2020-09-01 02:00:00+00:00,14.2836,21.6461,26.8541,33.2188,56.1246
2020-09-01 03:00:00+00:00,15.5600,23.2710,29.7423,38.9094,62.9423
2020-09-01 04:00:00+00:00,21.3674,31.4317,39.2131,47.5446,59.0800
2020-09-01 05:00:00+00:00,45.3857,59.4235,62.0761,86.2478,40.6221
2020-09-01 06:00:00+00:00,54.9249,63.4305,51.8753,148.9194,38.4915
2020-09-01 07:00:00+00:00,49.1292,50.7622,45.7624,145.4571,25.5291
2020-09-01 08:00:00+00:00,50.0677,55.1502,51.6045,139.3154,26.1643
2020-09-01 09:00:00+00:00,57.7185,66.9364,69.6681,158.3468,30.1856
2020-09-01 10:00:00+00:00,69.8413,80.3623,62.5671,200.9104,31.9443
2020-09-01 11:00:00+00:00,57.8013,61.8043,48.6710,147.7687,26.3427
2020-09-01 12:00:00+00:00,35.3971,32.6019,23.0937,71.6213,36.1354
2020-09-01 13:00:00+00:00,19.0008,24.6881,21.6904,54.5854,31.5698
2020-09-01 14:00:00+00:00,25.0260,25.8530,20.9577,51.5486,26.0940
2020-09-01 15:00:00+00:00,31.5853,32.6492,32.2342,57.9892,40.4643
2020-09-01 16:00:00+00:00,29.7762,27.0589,30.0477,52.8026,41.9021
2020-09-01 17:00:00+00:00,35.4314,30.1092,34.6653,64.2320,54.4890
2020-09-01 18:00:00+00:00,47.2167,43.4037,51.5525,87.6515,39.5125
2020-09-01 19:00:00+00:00,35.3570,39.5056,46.3107,72.5068,46.7041
2020-09-01 20:00:00+00:00,36.8270,38.6369,45.1022,75.3380,34.4191
2020-09-01 21:00:00+00:00,32.9552,34.0855,41.6080,66.8618,29.3950
2020-09-01 22:00:00+00:00,33.7670,36.0200,44.6422,65.8820,31.8420
2020-09-01 23:00:00+00:00,37.6627,27.6442,36.2099,55.4286,35.9848
2020-09-02 00:00:00+00:00,31.2793,20.9190,31.4849,36.7246,28.8637
2020-09-02 01:00:00+00:00,52.4917,41.5167,53.3271,63.6732,28.8187
2020-09-02 02:00:00+00:00,63.9434,64.1478,62.9032,108.3251,38.8016
2020-09-02 03:00:00+00:00,57.9082,59.8054,54.1521,117.0023,47.5082
2020-09-02 04:00:00+00:00,58.0014,60.9332,55.1325,128.2035,43.9484
2020-09-02 05:00:00+00:00,53.0510,58.9931,51.2285,119.5483,50.8629
2020-09-02 06:00:00+00:00,53.1664,58.1536,55.1506,118.6470,49.6016
2020-09-02 07:00:00+00:00,58.2027,66.1992,60.3099,126.8751,38.9089
2020-09-02 08:00:00+00:00,46.6816,52.2704,50.3235,99.9461,52.4777
2020-09-02 09:00:00+00:00,39.9012,39.4702,38.8883,81.4161,31.3439
2020-09-02 10:00:00+00:00,62.7558,88.1524,85.2131,162.6305,44.8986
2020-09-02 11:00:00+00:00,77.5489,95.3890,100.9016,158.4723,44.8909
2020-09-02 12:00:00+00:00,78.1974,97.6291,101.5549,188.7081,76.9452
2020-09-02 13:00:00+00:00,69.3523,95.0984,81.0395,176.4789,79.6288
2020-09-02 14:00:00+00:00,79.6539,97.9872,102.5966,206.4821,79.9000
2020-09-02 15:00:00+00:00,81.0000,100.1396,104.5090,211.8878,79.9000
2020-09-02 16:00:00+00:00,80.9372,97.4180,102.5028,206.9812,79.9000
2020-09-02 17:00:00+00:00,80.3576,96.9208,103.4071,205.4742,79.9000
2020-09-02 18:00:00+00:00,79.6262,97.1121,103.9451,206.7682,78.5396
2020-09-02 19:00:00+00:00,79.6128,97.4801,104.1080,208.0988,77.5742
2020-09-02 20:00:00+00:00,78.2706,95.5394,101.9310,199.8451,76.0914
2020-09-02 21:00:00+00:00,77.5097,95.5247,101.5108,197.0633,13.4997
2020-09-02 22:00:00+00:00,80.2176,98.7183,104.2665,207.7369,46.3072
2020-09-02 23:00:00+00:00,78.1101,95.2823,94.5389,200.2151,41.4831
2020-09-03 00:00:00+00:00,61.6309,54.1975,53.0971,126.2808,50.7558
2020-09-03 01:00:00+00:00,29.4444,39.1471,31.4999,99.6758,33.0945
2020-09-03 02:00:00+00:00,53.2421,58.1100,60.2082,127.2331,27.7083
2020-09-03 03:00:00+00:00,19.5067,25.1046,26.4361,53.3757,33.5186
2020-09-03 04:00:00+00:00,17.2745,21.6944,21.7250,48.1615,26.1366
2020-09-03 05:00:00+00:00,17.1023,18.9845,18.8749,47.9616,17.3208
2020-09-03 06:00:00+00:00,15.2968,15.8668,15.3277,43.1689,7.5663
2020-09-03 07:00:00+00:00,16.2871,15.9322,14.5111,45.9419,5.5117
2020-09-03 08:00:00+00:00,9.1607,7.4780,6.4354,25.7129,2.5187
2020-09-03 09:00:00+00:00,7.6426,7.5074,6.0670,23.6162,0.0000
2020-09-03 10:00:00+00:00,7.3549,8.5246,7.4790,25.1299,0.0000
2020-09-03 11:00:00+00:00,4.9274,6.5512,5.5241,18.6174,0.0000
2020-09-03 12:00:00+00:00,1.6707,2.1172,1.5186,6.6285,0.0000
2020-09-03 13:00:00+00:00,0.0000,0.0000,0.0000,0.1981,0.0000
2020-09-03 14:00:00+00:00,0.0000,0.0000,0.0000,0.0000,0.0000
2020-09-03 15:00:00+00:00,0.0000,0.0000,0.0000,0.0000,0.0000
2020-09-03 16:00:00+00:00,0.0000,0.0000,0.0000,0.0000,3.9253
2020-09-03 17:00:00+00:00,0.0000,0.0000,0.0000,0.0000,8.8902
2020-09-03 18:00:00+00:00,0.1101,0.0000,0.0000,0.0000,18.8118
2020-09-03 19:00:00+00:00,0.0000,0.0000,0.0000,0.0000,13.5587
2020-09-03 20:00:00+00:00,1.1602,0.0000,0.0000,0.0000,15.5447
2020-09-03 21:00:00+00:00,2.6854,1.5589,2.5468,0.6049,9.3656
2020-09-03 22:00:00+00:00,8.5754,9.1966,10.7773,15.5656,23.2106
2020-09-03 23:00:00+00:00,9.7915,12.9799,13.9369,23.4211,18.1276
2020-09-04 00:00:00+00:00,9.1822,12.4385,14.2110,21.4304,20.7769
2020-09-04 01:00:00+00:00,28.1557,32.3938,35.4298,63.7176,37.9699
2020-09-04 02:00:00+00:00,34.8619,33.9564,34.6024,68.5051,58.5528
2020-09-04 03:00:00+00:00,53.4310,53.4821,46.1573,120.0419,58.6894
2020-09-04 04:00:00+00:00,55.1957,59.8225,65.6836,157.6237,63.9582
2020-09-04 05:00:00+00:00,76.6441,89.4849,101.7816,193.2305,35.9140
2020-09-04 06:00:00+00:00,52.9688,72.4651,87.3644,150.4847,18.7333
2020-09-04 07:00:00+00:00,46.6564,61.9765,74.3349,130.2439,22.5502
2020-09-04 08:00:00+00:00,44.9935,56.5156,63.8180,133.2924,28.2840
2020-09-04 09:00:00+00:00,42.1561,60.8125,66.3000,136.4918,27.3707
2020-09-04 10:00:00+00:00,43.3400,55.6841,59.3226,125.4401,16.2341
2020-09-04 11:00:00+00:00,33.6308,36.8771,37.4018,84.1672,19.2295
2020-09-04 12:00:00+00:00,29.0769,34.7179,32.5074,76.3882,11.7604
2020-09-04 13:00:00+00:00,28.6454,34.8679,33.4045,73.1935,12.3716
2020-09-04 14:00:00+00:00,25.8995,31.2562,29.9745,64.9642,18.7669
2020-09-04 15:00:00+00:00,28.5422,34.6533,33.8779,73.1305,39.7070
2020-09-04 16:00:00+00:00,30.8611,37.1681,36.5710,82.6565,74.6457
2020-09-04 17:00:00+00:00,27.5167,34.1398,33.2523,78.2281,76.1831
2020-09-04 18:00:00+00:00,21.8502,27.1763,27.5252,59.3782,77.7906
2020-09-04 19:00:00+00:00,25.2082,30.1286,33.4023,62.6740,76.7806
2020-09-04 20:00:00+00:00,23.3867,32.0646,33.1937,66.1750,74.6142
2020-09-04 21:00:00+00:00,31.9485,43.9346,45.5723,95.1136,57.9965
2020-09-04 22:00:00+00:00,22.1342,26.1602,28.5284,57.2208,50.7265
2020-09-04 23:00:00+00:00,25.0933,27.1273,33.7205,51.4406,49.8445
2020-09-05 00:00:00+00:00,17.2133,15.8568,20.7283,30.9998,26.5311
2020-09-05 01:00:00+00:00,12.2181,15.0656,15.3652,33.5362,28.5767
2020-09-05 02:00:00+00:00,19.2451,23.8116,22.4530,54.1844,53.4865
2020-09-05 03:00:00+00:00,25.3635,30.4347,29.9648,69.5782,28.6919
2020-09-05 04:00:00+00:00,25.5641,29.3476,29.4918,66.9504,21.8096
2020-09-05 05:00:00+00:00,19.5037,20.9733,21.5934,50.0014,14.9661
2020-09-05 06:00:00+00:00,17.6661,18.4099,19.4657,45.0687,5.9013
2020-09-05 07:00:00+00:00,20.6887,23.3562,24.7343,54.4517,3.5170
2020-09-05 08:00:00+00:00,23.4699,27.3142,28.2424,62.7782,2.0773
2020-09-05 09:00:00+00:00,24.9327,29.3135,29.3336,66.6669,3.1016
2020-09-05 10:00:00+00:00,11.9079,14.3570,13.9031,33.9372,44.3697
2020-09-05 11:00:00+00:00,10.0603,13.5018,13.0293,31.9679,39.1947
2020-09-05 12:00:00+00:00,11.3248,13.8288,13.2033,31.9423,46.6967
2020-09-05 13:00:00+00:00,17.5484,20.7967,20.6019,44.1663,30.1216
2020-09-05 14:00:00+00:00,25.2233,27.9997,29.7213,59.1322,18.7832
2020-09-05 15:00:00+00:00,31.7116,36.8138,39.4312,75.3698,13.2862
2020-09-05 16:00:00+00:00,36.8009,45.6990,48.1083,96.9496,20.6822
2020-09-05 17:00:00+00:00,37.0266,45.8203,42.3778,109.4984,31.5715
2020-09-05 18:00:00+00:00,22.8335,33.0489,33.2445,69.9074,29.4523
2020-09-05 19:00:00+00:00,19.5256,24.8541,25.5345,53.7346,46.5132
2020-09-05 20:00:00+00:00,16.1455,21.1604,21.2592,48.0188,33.3099
2020-09-05 21:00:00+00:00,10.3916,14.3302,13.8571,32.1153,33.2845
2020-09-05 22:00:00+00:00,2.1995,3.0811,3.4097,6.7674,41.8141
2020-09-05 23:00:00+00:00,1.4151,4.2078,7.1402,5.4894,29.1255
2020-09-06 00:00:00+00:00,2.0140,2.9289,1.3409,14.6567,33.5209
2020-09-06 01:00:00+00:00,10.3351,8.6616,8.2437,23.4355,26.0359
2020-09-06 02:00:00+00:00,8.2036,8.0204,7.5486,20.6383,17.6513
2020-09-06 03:00:00+00:00,8.5831,9.8213,9.3823,23.7754,11.4902
2020-09-06 04:00:00+00:00,10.4407,16.7963,12.2141,43.3496,14.3807
2020-09-06 05:00:00+00:00,8.1641,9.7145,9.6798,24.7462,6.2557
2020-09-06 06:00:00+00:00,6.1472,7.7385,7.1399,19.9824,3.7023
2020-09-06 07:00:00+00:00,3.3379,4.4599,4.1729,11.4234,3.5142
2020-09-06 08:00:00+00:00,3.2147,4.1977,4.2346,9.8943,2.6453
2020-09-06 09:00:00+00:00,3.5605,4.9635,4.8992,11.3272,0.0000
2020-09-06 10:00:00+00:00,8.0882,11.4895,10.5763,29.7334,0.8081
2020-09-06 11:00:00+00:00,12.0760,14.9054,13.6329,40.9286,0.0000
2020-09-06 12:00:00+00:00,8.9070,9.9022,9.1947,26.3719,0.0000
2020-09-06 13:00:00+00:00,4.3923,5.2049,4.6465,14.3029,0.0000
2020-09-06 14:00:00+00:00,9.3440,10.1159,10.7301,22.4812,0.0000
2020-09-06 15:00:00+00:00,8.7675,10.1946,10.8703,21.7463,0.0000
2020-09-06 16:00:00+00:00,13.4290,15.6469,16.5535,34.2135,2.2982
2020-09-06 17:00:00+00:00,9.6715,11.2275,11.7743,25.2477,2.7586
2020-09-06 18:00:00+00:00,2.3751,2.7877,2.8912,6.3844,0.0000
2020-09-06 19:00:00+00:00,1.9388,2.2637,2.2048,4.6474,0.2828
2020-09-06 20:00:00+00:00,0.0000,0.0000,0.0000,0.0000,2.7591
2020-09-06 21:00:00+00:00,0.0000,0.0000,0.0000,0.0000,0.9364
2020-09-06 22:00:00+00:00,0.0000,0.0000,0.0000,0.0000,0.0000
2020-09-06 23:00:00+00:00,0.0000,0.0000,0.0000,0.0000,0.0000
2020-09-07 00:00:00+00:00,0.0000,0.0000,0.0000,0.0000,0.0000
2020-09-07 01:00:00+00:00,3.3377,5.2640,5.8592,7.4552,2.5843
2020-09-07 02:00:00+00:00,4.3740,7.9677,10.2912,8.0336,16.8905
2020-09-07 03:00:00+00:00,9.4341,16.1816,18.8461,22.2843,46.9124
2020-09-07 04:00:00+00:00,19.3280,26.3123,31.0066,39.8546,64.9956
2020-09-07 05:00:00+00:00,38.3484,47.4706,61.0550,62.4648,77.8374
2020-09-07 06:00:00+00:00,60.5036,76.3011,77.2084,99.1942,78.2485
2020-09-07 07:00:00+00:00,68.3766,93.6002,88.1019,146.2735,75.6573
2020-09-07 08:00:00+00:00,76.7494,96.0494,100.6151,148.5765,52.8018
2020-09-07 09:00:00+00:00,78.0247,96.3554,99.0981,160.5149,60.6512
2020-09-07 10:00:00+00:00,81.0000,98.1303,100.9343,208.3666,76.4990
2020-09-07 11:00:00+00:00,81.0000,97.7965,102.4291,212.3733,76.6683
2020-09-07 12:00:00+00:00,80.7020,98.1869,105.5619,213.8157,78.8938
2020-09-07 13:00:00+00:00,81.0000,100.5000,106.5000,215.2000,79.3899
2020-09-07 14:00:00+00:00,80.4347,100.2159,105.8169,214.2772,79.9000
2020-09-07 15:00:00+00:00,80.5717,97.9731,103.9981,211.4830,78.8364
2020-09-07 16:00:00+00:00,80.8665,99.5078,105.1310,211.5982,78.9900
2020-09-07 17:00:00+00:00,81.0000,100.2146,106.1492,213.5788,79.9000
2020-09-07 18:00:00+00:00,77.3266,87.7656,96.4511,186.6687,79.9000
2020-09-07 19:00:00+00:00,79.7255,96.9442,103.2271,207.9070,78.7351
2020-09-07 20:00:00+00:00,78.9111,96.0304,102.0762,207.0949,77.1041
2020-09-07 21:00:00+00:00,76.4516,80.7884,86.9744,182.5554,76.6474
2020-09-07 22:00:00+00:00,65.6101,63.9883,68.7247,139.7169,70.1240
2020-09-07 23:00:00+00:00,56.2308,53.3578,57.4614,112.6007,22.0251
2020-09-08 00:00:00+00:00,53.1715,51.7096,55.0499,102.0733,25.1122
2020-09-08 01:00:00+00:00,67.8308,27.5446,40.7975,69.6977,20.4210
2020-09-08 02:00:00+00:00,56.6901,38.1214,47.6085,75.6215,22.2510
2020-09-08 03:00:00+00:00,41.9602,34.1850,40.2840,67.5627,30.6574
2020-09-08 04:00:00+00:00,13.9687,15.2837,18.7470,31.5371,14.2629
2020-09-08 05:00:00+00:00,13.6618,19.9711,20.0434,42.9044,1.4496
2020-09-08 06:00:00+00:00,5.6415,10.2236,9.6609,19.6410,0.2367
2020-09-08 07:00:00+00:00,2.6497,4.8409,4.3103,11.4464,0.0000
2020-09-08 08:00:00+00:00,1.2748,3.2746,2.5571,6.9539,0.0000
2020-09-08 09:00:00+00:00,2.4216,4.0341,3.0088,10.3478,0.0000
2020-09-08 10:00:00+00:00,4.6515,5.4694,4.1116,17.8143,0.6587
2020-09-08 11:00:00+00:00,4.1995,4.2321,3.0550,13.9831,0.0000
2020-09-08 12:00:00+00:00,1.2485,0.0000,0.0000,3.3375,0.0000
2020-09-08 13:00:00+00:00,0.0000,0.0000,0.0000,0.0000,0.0000
2020-09-08 14:00:00+00:00,0.0000,0.0000,0.0000,0.0000,0.0000
2020-09-08 15:00:00+00:00,0.0000,0.0000,0.0000,0.0000,0.0000
2020-09-08 16:00:00+00:00,0.0000,0.0000,0.0000,0.0000,0.0000
2020-09-08 17:00:00+00:00,0.0000,0.0000,0.0000,0.0000,0.0000
2020-09-08 18:00:00+00:00,0.0000,0.0000,0.0000,0.0000,0.0000
2020-09-08 19:00:00+00:00,1.0595,1.5368,2.0765,2.2816,0.0000
2020-09-08 20:00:00+00:00,0.0000,0.0000,0.0000,0.0000,13.6105
2020-09-08 21:00:00+00:00,0.0000,0.0000,0.0000,0.0000,11.2663
2020-09-08 22:00:00+00:00,0.0000,0.0000,0.0000,0.0000,6.4005
2020-09-08 23:00:00+00:00,0.0000,0.0000,0.0000,0.0000,9.5776
2020-09-09 00:00:00+00:00,0.2308,0.0000,0.0000,0.8947,7.1651
2020-09-09 01:00:00+00:00,0.4465,0.0000,1.2936,0.0000,4.5360
2020-09-09 02:00:00+00:00,0.7202,0.0000,1.5017,0.0000,7.6994
2020-09-09 03:00:00+00:00,1.8288,1.6947,2.9136,2.7116,3.8424
2020-09-09 04:00:00+00:00,4.3219,4.9725,8.4466,6.9481,2.4647
2020-09-09 05:00:00+00:00,7.8080,13.3129,18.3363,15.6909,0.7647
2020-09-09 06:00:00+00:00,12.8173,24.4474,31.9010,29.7290,0.0000
2020-09-09 07:00:00+00:00,14.3108,33.6616,39.2255,36.9258,0.0000
2020-09-09 08:00:00+00:00,8.6146,21.7706,21.5058,33.8825,0.0000
2020-09-09 09:00:00+00:00,4.1906,10.2644,9.1666,16.6749,0.0000
2020-09-09 10:00:00+00:00,4.0021,11.8341,12.2348,15.1195,2.3297
2020-09-09 11:00:00+00:00,2.8054,12.0179,10.3381,15.9141,0.0000
2020-09-09 12:00:00+00:00,0.3073,2.5605,2.3255,1.3546,0.0000
2020-09-09 13:00:00+00:00,0.0000,0.0000,0.0000,0.0000,0.0000
2020-09-09 14:00:00+00:00,0.0000,0.0000,0.0000,0.0000,0.0000
2020-09-09 15:00:00+00:00,0.0000,0.0000,0.0000,0.0000,0.0000
2020-09-09 16:00:00+00:00,0.0000,1.4329,1.2503,2.9394,0.0000
2020-09-09 17:00:00+00:00,0.0000,0.0000,0.0000,0.0000,0.0000
2020-09-09 18:00:00+00:00,1.8831,2.5593,2.3944,5.9890,0.0000
2020-09-09 19:00:00+00:00,0.1557,0.5191,0.3927,1.3092,2.2121
2020-09-09 20:00:00+00:00,0.0000,0.0000,0.0000,0.0000,5.1632
2020-09-09 21:00:00+00:00,0.0000,0.8240,1.2603,0.6803,4.4613
2020-09-09 22:00:00+00:00,0.0000,0.0000,0.0000,0.0000,6.0848
2020-09-09 23:00:00+00:00,1.4517,2.2891,3.0877,3.3262,4.0615
2020-09-10 00:00:00+00:00,2.5739,3.6595,5.2113,4.8577,0.0000
2020-09-10 01:00:00+00:00,2.9487,4.0525,6.6479,5.4759,0.0000
2020-09-10 02:00:00+00:00,3.4515,5.4732,8.1700,6.2911,0.0000
2020-09-10 03:00:00+00:00,4.3393,6.9346,9.6998,7.8101,2.6821
2020-09-10 04:00:00+00:00,6.0703,10.7306,12.8800,14.5374,6.0511
2020-09-10 05:00:00+00:00,4.0319,7.4447,9.5297,9.3699,3.7714
2020-09-10 06:00:00+00:00,4.1126,6.4823,7.2236,7.3458,11.5865
2020-09-10 07:00:00+00:00,7.0381,7.3265,6.4627,9.3016,23.1163
2020-09-10 08:00:00+00:00,13.8305,4.4806,3.1312,6.5683,28.1691
2020-09-10 09:00:00+00:00,26.9044,7.9687,12.2810,9.1112,39.5339
2020-09-10 10:00:00+00:00,25.2911,18.7384,23.9692,30.0391,24.3913
2020-09-10 11:00:00+00:00,35.9063,43.5095,45.1682,83.7334,19.1898
2020-09-10 12:00:00+00:00,28.5414,29.3507,27.2563,63.5623,13.2263
2020-09-10 13:00:00+00:00,29.7317,24.9094,24.0575,57.8442,29.2666
2020-09-10 14:00:00+00:00,14.3485,9.5851,10.5165,25.0646,11.3058
2020-09-10 15:00:00+00:00,6.7946,3.3274,4.0596,9.1160,5.1378
2020-09-10 16:00:00+00:00,4.4840,2.0624,2.4044,6.2202,0.0631
2020-09-10 17:00:00+00:00,2.7147,1.7462,1.5599,5.9008,1.4336
2020-09-10 18:00:00+00:00,4.3153,4.0222,3.2494,10.4748,6.7488
2020-09-10 19:00:00+00:00,7.6479,8.5648,7.8135,21.5787,11.6929
2020-09-10 20:00:00+00:00,12.7785,12.1064,11.4696,33.9954,7.0135
2020-09-10 21:00:00+00:00,12.1969,11.3517,10.4748,31.8187,5.9741
2020-09-10 22:00:00+00:00,8.7485,9.5266,8.7030,25.3457,6.5700
2020-09-10 23:00:00+00:00,10.7905,12.8217,12.7499,31.1741,16.7061
2020-09-11 00:00:00+00:00,6.1661,6.1094,6.3648,16.0269,18.9280
2020-09-11 01:00:00+00:00,2.9252,1.8447,2.2410,5.5354,12.3717
2020-09-11 02:00:00+00:00,1.5138,1.0721,1.3385,3.5308,5.6580
2020-09-11 03:00:00+00:00,3.5788,4.5253,4.0228,11.1930,5.5739
2020-09-11 04:00:00+00:00,6.5145,5.0996,6.9210,12.1681,5.5171
2020-09-11 05:00:00+00:00,5.5288,4.5919,5.7364,11.3624,8.0168
2020-09-11 06:00:00+00:00,4.1456,4.7525,5.6801,10.4751,5.8082
2020-09-11 07:00:00+00:00,4.2366,5.0710,6.2659,10.2261,5.8932
2020-09-11 08:00:00+00:00,3.8184,4.3167,5.7613,7.9303,4.6776
2020-09-11 09:00:00+00:00,2.6280,2.2807,3.1728,4.0655,7.4121
2020-09-11 10:00:00+00:00,0.0000,0.0000,0.0000,0.0000,5.4942
2020-09-11 11:00:00+00:00,0.0000,0.0000,0.0000,0.0000,5.9904
2020-09-11 12:00:00+00:00,0.0000,0.0000,0.0000,0.0000,4.2624
2020-09-11 13:00:00+00:00,1.4455,0.2733,1.3546,1.3814,4.7878
2020-09-11 14:00:00+00:00,2.4501,1.9924,2.5922,4.5639,7.7220
2020-09-11 15:00:00+00:00,0.0000,0.0000,0.0000,0.0000,8.9762
2020-09-11 16:00:00+00:00,0.0000,0.0000,0.0000,0.0000,6.9647
2020-09-11 17:00:00+00:00,0.3201,0.0000,0.0692,0.0000,4.2351
2020-09-11 18:00:00+00:00,0.0000,0.0000,0.0000,0.0000,4.7804
2020-09-11 19:00:00+00:00,0.0000,0.0000,0.0000,0.0000,9.0009
2020-09-11 20:00:00+00:00,0.1485,0.0000,0.0000,0.0000,10.4819
2020-09-11 21:00:00+00:00,0.0000,0.0000,0.0000,0.0000,8.9345
2020-09-11 22:00:00+00:00,0.0000,0.0000,0.0000,0.0000,7.6245
2020-09-11 23:00:00+00:00,0.0000,0.0000,0.0000,0.0000,4.8827
2020-09-12 00:00:00+00:00,0.0000,0.0000,0.0000,0.0000,3.5369
2020-09-12 01:00:00+00:00,0.0000,0.0000,0.0000,0.0000,6.6893
2020-09-12 02:00:00+00:00,0.0000,0.0000,0.0000,0.0000,1.6581
2020-09-12 03:00:00+00:00,0.0000,0.0000,1.0850,0.0000,2.7280
2020-09-12 04:00:00+00:00,0.0000,0.0000,0.1868,0.0000,5.2923
2020-09-12 05:00:00+00:00,0.0000,0.0000,0.9619,0.0000,13.8669
2020-09-12 06:00:00+00:00,2.5771,1.8133,4.1664,0.0000,19.8993
2020-09-12 07:00:00+00:00,1.9753,1.8297,3.4215,0.0000,17.7557
2020-09-12 08:00:00+00:00,3.2009,3.0940,5.0793,2.7986,19.9600
2020-09-12 09:00:00+00:00,3.2689,3.2860,5.0054,3.4167,18.3048
2020-09-12 10:00:00+00:00,6.6889,10.8327,12.6988,14.7463,21.8667
2020-09-12 11:00:00+00:00,6.1804,10.9922,12.8767,14.9286,29.7948
2020-09-12 12:00:00+00:00,4.5232,8.3595,10.2920,11.1992,29.0990
2020-09-12 13:00:00+00:00,2.0233,5.1900,6.6515,7.0492,18.1290
2020-09-12 14:00:00+00:00,0.6955,2.0206,1.9676,4.9640,13.8659
2020-09-12 15:00:00+00:00,0.7989,1.4976,0.6435,5.4313,15.3803
2020-09-12 16:00:00+00:00,2.2243,2.6770,1.6249,10.4389,15.6208
2020-09-12 17:00:00+00:00,2.5670,2.1765,1.5650,9.5364,11.5596
2020-09-12 18:00:00+00:00,1.3499,0.3783,0.0000,6.0785,14.4347
2020-09-12 19:00:00+00:00,1.3043,0.1991,0.0000,6.0798,14.1033
2020-09-12 20:00:00+00:00,3.9790,3.2771,2.6036,14.7239,20.4971
2020-09-12 21:00:00+00:00,5.5374,4.8644,4.3125,18.6672,22.6652
2020-09-12 22:00:00+00:00,7.6295,6.4702,6.4643,22.3208,31.2119
2020-09-12 23:00:00+00:00,9.2381,7.5463,8.0787,21.5716,32.4506
2020-09-13 00:00:00+00:00,12.8832,9.0458,11.3081,20.2654,29.3658
2020-09-13 01:00:00+00:00,37.6787,31.5651,40.7963,49.5750,23.5643
2020-09-13 02:00:00+00:00,68.4084,66.5243,61.4351,132.4408,17.1273
2020-09-13 03:00:00+00:00,73.7874,77.9717,65.3913,169.5290,23.0077
2020-09-13 04:00:00+00:00,76.7975,83.1958,71.2372,172.1798,30.2827
2020-09-13 05:00:00+00:00,78.9997,95.5096,81.1175,204.4821,37.0363
2020-09-13 06:00:00+00:00,79.9983,95.8954,86.0437,207.1962,45.0761
2020-09-13 07:00:00+00:00,79.0805,88.1825,75.3677,204.2936,46.7867
2020-09-13 08:00:00+00:00,78.5044,83.8107,69.6779,186.5003,57.4559
2020-09-13 09:00:00+00:00,80.2473,95.3313,81.8791,203.1789,65.0407
2020-09-13 10:00:00+00:00,80.3378,95.8359,78.9080,205.1594,67.5886
2020-09-13 11:00:00+00:00,79.4491,88.9623,68.5675,199.8919,72.9905
2020-09-13 12:00:00+00:00,78.6904,82.4203,66.5217,192.3374,77.7082
2020-09-13 13:00:00+00:00,61.3757,56.5764,48.1003,147.9877,79.9000
2020-09-13 14:00:00+00:00,54.2655,46.0573,41.9177,99.5461,77.3664
2020-09-13 15:00:00+00:00,50.1064,43.2341,47.2070,88.9688,77.9646
2020-09-13 16:00:00+00:00,45.1053,54.5215,62.8883,98.2361,79.3620
2020-09-13 17:00:00+00:00,62.5038,80.9091,66.2638,139.9787,79.9000
2020-09-13 18:00:00+00:00,72.1723,87.3303,93.6540,199.6378,79.9000
2020-09-13 19:00:00+00:00,68.1561,87.3381,101.3675,197.6687,79.9000
2020-09-13 20:00:00+00:00,79.7247,97.9774,105.8946,207.4603,79.9000
2020-09-13 21:00:00+00:00,77.2644,95.6097,102.7108,210.1908,79.9000
2020-09-13 22:00:00+00:00,77.5330,96.0082,103.2532,210.0828,76.2158
2020-09-13 23:00:00+00:00,57.1248,62.3198,64.7142,165.0160,28.4735
2020-09-14 00:00:00+00:00,58.8062,63.5064,61.9514,134.8793,30.0237
2020-09-14 01:00:00+00:00,68.5796,86.4177,85.5505,168.9582,43.6370
2020-09-14 02:00:00+00:00,78.4334,97.7333,102.6825,208.0781,40.1263
2020-09-14 03:00:00+00:00,78.1557,96.0806,101.0327,206.4942,36.3580
2020-09-14 04:00:00+00:00,65.0709,75.7009,76.0407,169.8238,42.7179
2020-09-14 05:00:00+00:00,58.5143,64.3048,63.7070,154.9239,40.7469
2020-09-14 06:00:00+00:00,34.5903,41.4923,41.8461,93.7582,34.1433
2020-09-14 07:00:00+00:00,45.0872,52.1757,54.9280,112.1355,27.1768
2020-09-14 08:00:00+00:00,36.1527,39.2528,41.7041,90.1368,33.7375
2020-09-14 09:00:00+00:00,24.1526,24.6481,26.2099,60.3641,20.9415
2020-09-14 10:00:00+00:00,22.0892,22.3966,24.0984,53.8583,19.7927
2020-09-14 11:00:00+00:00,30.8162,32.3238,35.0927,78.6985,19.6415
2020-09-14 12:00:00+00:00,24.8045,29.3479,30.6002,65.5540,21.9597
2020-09-14 13:00:00+00:00,24.9774,27.2255,29.1245,63.9909,34.1569
2020-09-14 14:00:00+00:00,23.6804,25.4519,27.4247,59.5644,21.2180
2020-09-14 15:00:00+00:00,15.1269,16.5918,17.4457,38.3266,17.4824
2020-09-14 16:00:00+00:00,15.5158,17.0192,17.9822,38.9345,21.1099
2020-09-14 17:00:00+00:00,20.7577,24.8538,25.9580,55.4835,22.2958
2020-09-14 18:00:00+00:00,16.5818,19.2001,20.0611,41.5816,24.3520
2020-09-14 19:00:00+00:00,12.7435,14.4405,15.5877,32.5136,29.6349
2020-09-14 20:00:00+00:00,12.3346,14.2141,15.1584,32.0462,23.6986
2020-09-14 21:00:00+00:00,11.6169,13.8546,14.1099,31.6024,25.4581
2020-09-14 22:00:00+00:00,13.4496,15.4338,15.8969,36.1684,26.0163
2020-09-14 23:00:00+00:00,9.9377,10.5982,10.6975,26.7521,19.3030
2020-09-15 00:00:00+00:00,9.7962,9.2601,8.6993,27.0910,19.8990
2020-09-15 01:00:00+00:00,14.3808,14.4079,14.2191,39.4667,24.0947
2020-09-15 02:00:00+00:00,8.5551,6.1920,5.0758,23.8204,0.0000
2020-09-15 03:00:00+00:00,8.2019,6.5491,5.5971,23.2316,0.0000
2020-09-15 04:00:00+00:00,6.0453,4.1196,3.7839,15.4232,0.5177
2020-09-15 05:00:00+00:00,1.0707,0.0000,0.0000,2.6142,2.4119
2020-09-15 06:00:00+00:00,0.0000,0.0000,0.0000,0.0000,3.2880
2020-09-15 07:00:00+00:00,0.0000,0.0000,0.0000,0.0000,3.4582
2020-09-15 08:00:00+00:00,0.0000,0.0000,0.0000,0.0000,1.8063
2020-09-15 09:00:00+00:00,0.0000,0.0000,0.0000,0.0000,0.0000
2020-09-15 10:00:00+00:00,0.0000,0.0000,0.0000,0.0000,0.0000
2020-09-15 11:00:00+00:00,0.0000,0.0000,0.0000,0.0000,0.0000
2020-09-15 12:00:00+00:00,0.0000,0.0000,0.0000,0.0000,0.0000
2020-09-15 13:00:00+00:00,0.0000,0.0000,0.0000,0.0000,0.0000
2020-09-15 14:00:00+00:00,0.0000,0.0000,0.0000,0.0000,0.0000
2020-09-15 15:00:00+00:00,0.0000,0.0000,0.0000,0.0000,0.0000
2020-09-15 16:00:00+00:00,0.0000,0.0000,0.0000,0.0000,0.0000
2020-09-15 17:00:00+00:00,0.0000,0.0000,0.0000,0.0000,0.0000
2020-09-15 18:00:00+00:00,0.0000,0.0000,0.0000,0.0000,0.0000
2020-09-15 19:00:00+00:00,0.0000,0.0000,0.0000,0.0000,2.0395
2020-09-15 20:00:00+00:00,0.0000,0.0000,0.0000,0.0000,0.0000
2020-09-15 21:00:00+00:00,0.0000,0.0000,0.0000,0.0000,0.0000
2020-09-15 22:00:00+00:00,0.0000,0.0000,0.0000,0.0000,0.0000
2020-09-15 23:00:00+00:00,0.0000,0.0000,0.0000,0.0000,0.0000
2020-09-16 00:00:00+00:00,0.3275,1.0437,1.2252,0.9374,0.0000
2020-09-16 01:00:00+00:00,0.0000,1.7612,1.7058,0.0000,11.3177
2020-09-16 02:00:00+00:00,0.0000,4.7837,3.4335,5.1340,35.0327
2020-09-16 03:00:00+00:00,2.9647,3.1981,4.5680,3.9119,25.3180
2020-09-16 04:00:00+00:00,41.4490,32.4008,34.6453,58.9566,27.9715
2020-09-16 05:00:00+00:00,58.2598,54.5567,53.6084,109.3012,33.9037
2020-09-16 06:00:00+00:00,57.6790,63.4301,59.3867,125.1105,36.8771
2020-09-16 07:00:00+00:00,70.7293,80.2834,75.0287,175.5868,33.6353
2020-09-16 08:00:00+00:00,77.6120,95.0323,99.4649,204.8278,29.7493
2020-09-16 09:00:00+00:00,77.8120,95.4413,101.3400,205.8080,26.7435
2020-09-16 10:00:00+00:00,78.4781,96.7715,102.8469,207.6154,48.2022
2020-09-16 11:00:00+00:00,79.0702,97.2684,103.3880,208.9685,46.2815
2020-09-16 12:00:00+00:00,72.4572,87.1916,94.3976,190.8555,44.4408
2020-09-16 13:00:00+00:00,68.5794,83.1429,89.1475,191.0289,78.8013
2020-09-16 14:00:00+00:00,38.7103,46.9895,49.4170,110.3639,78.4018
2020-09-16 15:00:00+00:00,34.2070,39.4152,39.5498,90.2149,76.9324
2020-09-16 16:00:00+00:00,30.3490,35.3510,34.4546,80.6991,72.3828
2020-09-16 17:00:00+00:00,28.8973,32.5562,33.0921,71.0217,60.6546
2020-09-16 18:00:00+00:00,19.0505,21.5346,21.3816,49.6817,48.6367
2020-09-16 19:00:00+00:00,30.0832,34.0019,35.0899,76.4974,49.7549
2020-09-16 20:00:00+00:00,33.7452,39.7125,42.1374,93.3199,50.7574
2020-09-16 21:00:00+00:00,27.8128,33.5620,37.4033,80.2782,53.3510
2020-09-16 22:00:00+00:00,49.5586,60.4047,72.5019,141.1459,47.5744
2020-09-16 23:00:00+00:00,65.8698,78.8479,98.2278,185.4845,30.2864
2020-09-17 00:00:00+00:00,78.8695,97.4532,105.8885,208.9046,56.6366
2020-09-17 01:00:00+00:00,80.2306,100.0433,106.5000,211.4984,76.6484
2020-09-17 02:00:00+00:00,80.5990,100.5000,106.5000,213.3691,79.4823
2020-09-17 03:00:00+00:00,79.3255,99.1891,106.2959,211.6265,78.1108
2020-09-17 04:00:00+00:00,77.6880,95.5782,102.3844,205.8336,78.6338
2020-09-17 05:00:00+00:00,54.4741,40.2354,49.6474,107.8070,75.5835
2020-09-17 06:00:00+00:00,24.8061,30.9489,27.2399,76.2395,53.3976
2020-09-17 07:00:00+00:00,9.8780,7.4473,7.3941,22.5662,69.5269
2020-09-17 08:00:00+00:00,4.0811,5.0554,4.7858,13.2737,11.0607
2020-09-17 09:00:00+00:00,2.4181,2.5243,2.8217,7.1093,0.0000
2020-09-17 10:00:00+00:00,1.8610,1.3023,1.3293,5.1297,0.0000
2020-09-17 11:00:00+00:00,1.8415,1.7958,1.3652,6.2650,1.0959
2020-09-17 12:00:00+00:00,1.1444,1.3565,0.4770,5.0258,4.8473
2020-09-17 13:00:00+00:00,2.3391,3.3314,3.3993,8.1523,3.3921
2020-09-17 14:00:00+00:00,1.1997,1.9551,1.9877,4.2677,3.0064
2020-09-17 15:00:00+00:00,4.7715,6.8395,7.0590,15.0285,12.8782
2020-09-17 16:00:00+00:00,4.1867,6.3995,6.5932,13.9941,10.5491
2020-09-17 17:00:00+00:00,7.6629,10.3895,10.4604,23.2512,11.3011
2020-09-17 18:00:00+00:00,2.5573,3.0943,2.7869,8.3838,8.5852
2020-09-17 19:00:00+00:00,1.6969,1.2767,0.6158,4.7197,16.5695
2020-09-17 20:00:00+00:00,1.6475,1.5947,0.6631,5.3450,10.7515
2020-09-17 21:00:00+00:00,0.0000,0.0000,0.0000,0.0000,8.8719
2020-09-17 22:00:00+00:00,0.0000,0.0000,0.0000,0.0000,14.6517
2020-09-17 23:00:00+00:00,1.5187,0.5552,0.0000,3.4773,9.9151
2020-09-18 00:00:00+00:00,1.1330,0.8988,0.0000,5.7558,8.7244
2020-09-18 01:00:00+00:00,5.0596,4.1153,3.6231,15.1018,18.0377
2020-09-18 02:00:00+00:00,3.4561,1.5601,0.0000,10.8804,9.8277
2020-09-18 03:00:00+00:00,3.8184,2.0020,0.7320,10.2409,6.9119
2020-09-18 04:00:00+00:00,0.8528,0.0000,0.0000,1.2987,4.1852
2020-09-18 05:00:00+00:00,1.1405,0.8970,0.0000,6.1279,4.5544
2020-09-18 06:00:00+00:00,1.9035,1.2915,0.0000,8.3559,3.5631
2020-09-18 07:00:00+00:00,1.5876,1.4654,0.0000,6.2035,4.1367
2020-09-18 08:00:00+00:00,3.2760,6.3248,6.1366,9.9443,4.5271
2020-09-18 09:00:00+00:00,4.1460,9.5286,12.4817,11.7271,4.1879
2020-09-18 10:00:00+00:00,2.4222,6.0544,7.0120,8.4581,2.9414
2020-09-18 11:00:00+00:00,0.7091,2.9629,3.3679,3.5476,2.3334
2020-09-18 12:00:00+00:00,1.1202,1.9519,1.6980,3.2733,0.0000
2020-09-18 13:00:00+00:00,0.0000,0.0000,0.0000,0.0000,0.0000
2020-09-18 14:00:00+00:00,0.2015,0.0000,0.0000,0.0000,7.5271
2020-09-18 15:00:00+00:00,2.6144,2.0076,2.6867,4.9846,26.4142
2020-09-18 16:00:00+00:00,3.7784,4.1966,5.1090,9.1245,37.4057
2020-09-18 17:00:00+00:00,6.8020,7.9467,9.1251,16.8234,41.2561
2020-09-18 18:00:00+00:00,10.6840,11.1303,12.5352,25.2382,48.8528
2020-09-18 19:00:00+00:00,9.9404,13.0855,14.9817,24.7419,49.2415
2020-09-18 20:00:00+00:00,15.2636,18.7550,21.5762,36.2240,40.2522
2020-09-18 21:00:00+00:00,18.2432,21.9291,24.7013,44.8569,32.8543
2020-09-18 22:00:00+00:00,17.7245,21.3680,23.6148,45.5259,36.9649
2020-09-18 23:00:00+00:00,11.6132,12.3360,13.2706,28.8774,30.8640
2020-09-19 00:00:00+00:00,8.5567,6.3188,6.0856,22.2756,20.0407
2020-09-19 01:00:00+00:00,9.9171,6.3570,6.1198,23.5165,33.8977
2020-09-19 02:00:00+00:00,5.2430,2.2696,1.6104,12.4268,20.9872
2020-09-19 03:00:00+00:00,6.5361,2.3790,1.6622,15.4961,26.6223
2020-09-19 04:00:00+00:00,5.7374,1.6225,0.7377,13.7553,12.3382
2020-09-19 05:00:00+00:00,7.3842,2.2296,1.2858,17.3512,9.1348
2020-09-19 06:00:00+00:00,5.2018,1.0681,0.0000,11.4892,8.4043
2020-09-19 07:00:00+00:00,1.9069,0.0000,0.0000,3.9033,6.0830
2020-09-19 08:00:00+00:00,0.0000,0.0000,0.0000,0.0000,4.0419
2020-09-19 09:00:00+00:00,0.0000,0.0000,0.0000,0.0000,5.2954
2020-09-19 10:00:00+00:00,0.0000,0.0000,0.0000,0.0000,0.0000
2020-09-19 11:00:00+00:00,0.0000,0.0000,0.0000,0.0000,0.0000
2020-09-19 12:00:00+00:00,0.0000,0.0000,0.0000,0.0000,0.0000
2020-09-19 13:00:00+00:00,0.0000,0.0000,0.0000,0.0000,0.0000
2020-09-19 14:00:00+00:00,0.0000,0.0000,0.0000,0.0000,0.0000
2020-09-19 15:00:00+00:00,0.0000,0.0000,0.0000,0.0000,0.0000
2020-09-19 16:00:00+00:00,2.2907,2.6901,3.0532,5.4572,0.0000
2020-09-19 17:00:00+00:00,2.7406,3.1215,3.3322,6.8556,0.0000
2020-09-19 18:00:00+00:00,2.2452,2.8814,3.1201,5.9513,0.0000
2020-09-19 19:00:00+00:00,3.1573,3.6706,3.9110,7.8938,0.0000
2020-09-19 20:00:00+00:00,5.7028,6.6786,7.3505,14.3824,2.8891
2020-09-19 21:00:00+00:00,3.4554,3.8912,4.2104,8.7352,4.0517
2020-09-19 22:00:00+00:00,2.2127,2.0845,2.2943,5.2003,4.5933
2020-09-19 23:00:00+00:00,0.0000,0.0000,0.0000,0.0000,2.2641
2020-09-20 00:00:00+00:00,0.0000,0.0000,0.0000,0.0000,2.7044
2020-09-20 01:00:00+00:00,0.0000,0.0000,0.0000,0.0000,2.7081
2020-09-20 02:00:00+00:00,0.0000,0.0000,0.0000,3.8367,0.0000
2020-09-20 03:00:00+00:00,1.6592,1.3760,0.0000,8.2215,0.0000
2020-09-20 04:00:00+00:00,1.7101,1.3778,0.0000,8.2912,0.0000
2020-09-20 05:00:00+00:00,1.9144,1.4292,0.0000,8.4011,0.0000
2020-09-20 06:00:00+00:00,4.0602,2.7565,1.7465,12.9944,0.0000
2020-09-20 07:00:00+00:00,3.1900,2.1605,1.6538,8.9399,0.0000
2020-09-20 08:00:00+00:00,0.0000,0.0000,0.0000,0.0000,0.0000
2020-09-20 09:00:00+00:00,0.0000,0.0000,0.0000,0.0000,0.0000
2020-09-20 10:00:00+00:00,0.9192,0.0000,0.0000,2.0199,0.0000
2020-09-20 11:00:00+00:00,0.0000,0.0000,0.0000,0.0000,0.0000
2020-09-20 12:00:00+00:00,0.0000,0.0000,0.0000,0.0000,0.0000
2020-09-20 13:00:00+00:00,0.0000,0.0000,0.0000,0.0000,0.0000
2020-09-20 14:00:00+00:00,0.0000,0.0000,0.0000,0.0000,0.0000
2020-09-20 15:00:00+00:00,0.0000,0.0000,0.0000,0.0000,0.0000
2020-09-20 16:00:00+00:00,0.0000,0.0000,0.0000,0.0000,0.0000
2020-09-20 17:00:00+00:00,1.4515,1.2467,1.8414,2.2510,0.6474
2020-09-20 18:00:00+00:00,0.4309,0.1767,0.9689,0.0000,0.5643
2020-09-20 19:00:00+00:00,0.2390,0.0000,0.6456,0.0000,0.0000
2020-09-20 20:00:00+00:00,0.9737,0.5918,1.3939,1.1449,2.3851
2020-09-20 21:00:00+00:00,0.0000,0.0000,0.0000,0.0000,1.4378
2020-09-20 22:00:00+00:00,0.0000,0.0000,0.0000,0.0000,0.4982
2020-09-20 23:00:00+00:00,0.0000,0.0000,0.0000,0.0000,2.7187
2020-09-21 00:00:00+00:00,0.0000,0.0000,0.0000,0.0000,2.2484
2020-09-21 01:00:00+00:00,0.0000,0.0000,0.0000,0.0000,3.6902
2020-09-21 02:00:00+00:00,0.0000,0.0000,0.0000,0.0000,0.7745
2020-09-21 03:00:00+00:00,0.0000,0.0000,1.4144,0.0000,0.0000
2020-09-21 04:00:00+00:00,0.8982,2.6658,4.8234,0.6849,2.1899
2020-09-21 05:00:00+00:00,1.7967,3.6868,6.8290,3.7663,5.9299
2020-09-21 06:00:00+00:00,1.8577,3.9028,7.3431,4.0813,8.1447
2020-09-21 07:00:00+00:00,1.2542,2.5425,5.4307,1.5580,6.7124
2020-09-21 08:00:00+00:00,0.0000,0.0000,2.4844,0.0000,4.0633
2020-09-21 09:00:00+00:00,0.0000,0.0000,1.6721,0.0000,3.4180
2020-09-21 10:00:00+00:00,0.0000,0.0000,0.0000,0.0000,0.0000
2020-09-21 11:00:00+00:00,0.7958,1.6380,2.3009,0.0000,0.0000
2020-09-21 12:00:00+00:00,1.3710,2.3456,3.4702,0.3165,0.0000
2020-09-21 13:00:00+00:00,0.0000,0.0000,0.0000,0.0000,0.0000
2020-09-21 14:00:00+00:00,0.0000,0.0000,0.0000,0.0000,0.0000
2020-09-21 15:00:00+00:00,0.0000,0.0000,0.0000,0.0000,0.0000
2020-09-21 16:00:00+00:00,0.0000,0.0000,0.0000,0.0000,0.0000
2020-09-21 17:00:00+00:00,0.0000,0.0000,0.0000,0.0000,0.0000
2020-09-21 18:00:00+00:00,0.0000,0.0000,0.0000,0.0000,0.0000
2020-09-21 19:00:00+00:00,0.0000,0.0000,0.0000,0.0000,0.0000
2020-09-21 20:00:00+00:00,0.0000,0.0000,0.0000,0.0000,0.0000
2020-09-21 21:00:00+00:00,0.0000,0.0000,0.0000,0.0000,0.0000
2020-09-21 22:00:00+00:00,0.0000,0.0000,0.0000,0.0000,0.3736
2020-09-21 23:00:00+00:00,0.0000,0.0000,0.0000,0.0000,3.0676
2020-09-22 00:00:00+00:00,0.0000,1.2834,1.7063,0.0000,5.1693
2020-09-22 01:00:00+00:00,1.5288,4.6211,5.5160,3.9716,2.8281
2020-09-22 02:00:00+00:00,2.4808,4.4433,7.5392,4.2930,0.0000
2020-09-22 03:00:00+00:00,2.8716,3.7555,7.2792,4.7214,0.0000
2020-09-22 04:00:00+00:00,0.9811,1.5171,4.0588,1.5037,0.0000
2020-09-22 05:00:00+00:00,0.0000,0.0000,1.6738,0.0000,0.0000
2020-09-22 06:00:00+00:00,0.0000,0.0000,0.0000,0.0000,0.0000
2020-09-22 07:00:00+00:00,0.0000,0.0000,0.0000,0.0000,0.0000
2020-09-22 08:00:00+00:00,0.0000,0.0000,0.0000,0.0000,0.0000
2020-09-22 09:00:00+00:00,0.0000,0.0000,0.0000,0.0000,0.0000
2020-09-22 10:00:00+00:00,0.0000,0.0000,0.0000,0.0000,0.0000
2020-09-22 11:00:00+00:00,0.0000,0.0000,0.0000,0.0000,0.0000
2020-09-22 12:00:00+00:00,0.0000,0.0000,0.0000,0.0000,0.0000
2020-09-22 13:00:00+00:00,0.0000,0.0000,0.0000,0.0000,0.0000
2020-09-22 14:00:00+00:00,0.0000,0.0000,0.0000,0.0000,0.0000
2020-09-22 15:00:00+00:00,0.0000,0.0000,0.0000,0.0000,0.0000
2020-09-22 16:00:00+00:00,0.0000,0.0000,0.0000,0.0000,2.2178
2020-09-22 17:00:00+00:00,2.3910,2.2341,2.8600,5.0104,6.2344
2020-09-22 18:00:00+00:00,2.4702,2.5810,3.0186,5.6762,7.5299
2020-09-22 19:00:00+00:00,3.4977,4.2442,4.9906,8.6494,11.5334
2020-09-22 20:00:00+00:00,4.4631,4.5917,5.1165,10.4933,11.2548
2020-09-22 21:00:00+00:00,4.4610,3.9301,4.1570,10.1118,8.9230
2020-09-22 22:00:00+00:00,6.5897,6.3961,6.3715,16.1946,10.2027
2020-09-22 23:00:00+00:00,6.0846,6.2591,5.6457,17.7024,10.4932
2020-09-23 00:00:00+00:00,11.8731,12.7440,11.1168,37.0002,21.1023
2020-09-23 01:00:00+00:00,14.9053,17.3823,15.3409,49.0456,32.0236
2020-09-23 02:00:00+00:00,21.5504,23.7095,21.0569,68.0904,46.2785
2020-09-23 03:00:00+00:00,36.6241,38.9861,36.2805,105.8260,57.0701
2020-09-23 04:00:00+00:00,55.3949,61.2948,58.9063,158.2953,73.8016
2020-09-23 05:00:00+00:00,48.1653,58.2490,55.5841,139.7324,71.0203
2020-09-23 06:00:00+00:00,35.5114,38.9617,37.0457,103.3087,62.2742
2020-09-23 07:00:00+00:00,38.4349,46.2331,44.5878,114.8801,66.5826
2020-09-23 08:00:00+00:00,34.1638,39.8686,38.9907,100.9945,57.9582
2020-09-23 09:00:00+00:00,23.6812,26.9755,24.8710,74.7360,48.5147
2020-09-23 10:00:00+00:00,27.1015,31.4623,28.5077,85.1664,44.5872
2020-09-23 11:00:00+00:00,31.3324,35.4456,33.6557,93.4726,39.2444
2020-09-23 12:00:00+00:00,30.6709,29.5916,27.1568,85.2064,29.0245
2020-09-23 13:00:00+00:00,26.5993,26.9364,24.9550,71.9164,16.4412
2020-09-23 14:00:00+00:00,26.0624,26.4134,25.4472,66.8742,16.0308
2020-09-23 15:00:00+00:00,31.4337,34.2040,32.8397,84.1639,18.9593
2020-09-23 16:00:00+00:00,35.1410,37.9849,37.5226,93.1934,26.9936
2020-09-23 17:00:00+00:00,32.2912,34.8115,35.0661,85.4754,31.2582
2020-09-23 18:00:00+00:00,25.0078,26.3224,26.6943,64.9263,35.8382
2020-09-23 19:00:00+00:00,24.3103,27.4634,28.0769,62.4987,39.0383
2020-09-23 20:00:00+00:00,26.4745,29.6367,29.9679,69.6021,41.0077
2020-09-23 21:00:00+00:00,33.8782,38.1509,40.8165,83.3908,37.4093
2020-09-23 22:00:00+00:00,33.1651,37.5024,41.2238,80.0099,40.4443
2020-09-23 23:00:00+00:00,33.2498,39.5807,41.8633,82.5692,36.4893
2020-09-24 00:00:00+00:00,41.2866,50.8871,53.5619,108.2793,51.6446
2020-09-24 01:00:00+00:00,37.2625,40.6826,45.0854,91.7664,68.0541
2020-09-24 02:00:00+00:00,24.1194,24.7405,26.9893,57.5377,59.5251
2020-09-24 03:00:00+00:00,16.5833,14.1363,14.6329,39.7177,43.6420
2020-09-24 04:00:00+00:00,10.2399,7.6165,7.4604,26.1318,40.4884
2020-09-24 05:00:00+00:00,5.7373,4.3602,3.7396,16.8975,23.3717
2020-09-24 06:00:00+00:00,4.7101,3.6998,3.0403,14.3855,16.1154
2020-09-24 07:00:00+00:00,4.2387,5.0830,4.0623,16.1144,10.9533
2020-09-24 08:00:00+00:00,9.7289,12.9897,11.0282,37.2632,7.3795
2020-09-24 09:00:00+00:00,10.8569,15.1422,13.4479,41.5685,8.2158
2020-09-24 10:00:00+00:00,18.1870,22.7950,20.8363,61.6614,4.8455
2020-09-24 11:00:00+00:00,25.2659,30.2027,26.8719,83.8996,23.6613
2020-09-24 12:00:00+00:00,29.5905,28.5137,25.7314,84.8556,25.4066
2020-09-24 13:00:00+00:00,24.1375,24.2762,21.9769,67.1628,11.4594
2020-09-24 14:00:00+00:00,19.8754,22.7562,21.9310,54.1695,6.7070
2020-09-24 15:00:00+00:00,16.4769,18.8217,18.6596,43.4013,6.8326
2020-09-24 16:00:00+00:00,13.5160,14.7381,15.2545,33.2287,6.7067
2020-09-24 17:00:00+00:00,9.8594,11.4645,11.7521,26.0758,4.8514
2020-09-24 18:00:00+00:00,8.1462,10.1494,10.6174,22.2136,7.8460
2020-09-24 19:00:00+00:00,6.7755,8.5323,8.4310,20.1224,15.2287
2020-09-24 20:00:00+00:00,5.0159,5.5737,4.7754,15.7045,13.4331
2020-09-24 21:00:00+00:00,2.5444,2.9200,2.1603,8.7294,10.9176
2020-09-24 22:00:00+00:00,3.5986,2.9698,2.3423,9.8583,3.6635
2020-09-24 23:00:00+00:00,1.3250,0.1726,0.0000,4.6225,0.0000
2020-09-25 00:00:00+00:00,0.9518,0.0000,0.0000,3.9944,0.0000
2020-09-25 01:00:00+00:00,0.0000,0.0000,0.0000,0.0000,0.0000
2020-09-25 02:00:00+00:00,0.0000,0.0000,0.0000,0.0000,0.0000
2020-09-25 03:00:00+00:00,0.0000,0.0000,0.0000,0.0000,0.0000
2020-09-25 04:00:00+00:00,1.3659,4.0357,2.6857,10.6608,0.0000
2020-09-25 05:00:00+00:00,7.7695,15.4904,16.0047,28.1094,0.0000
2020-09-25 06:00:00+00:00,5.3274,15.8617,20.0747,23.1754,0.0000
2020-09-25 07:00:00+00:00,6.0950,19.8833,24.8600,24.5720,0.0000
2020-09-25 08:00:00+00:00,4.8698,18.9037,21.9075,22.2659,6.0623
2020-09-25 09:00:00+00:00,3.9538,17.0188,16.4475,21.6171,11.8624
2020-09-25 10:00:00+00:00,5.0856,14.3222,14.8148,19.0556,10.4640
2020-09-25 11:00:00+00:00,7.3225,22.4296,25.1640,27.0578,10.2323
2020-09-25 12:00:00+00:00,7.1695,23.0966,23.6344,28.8978,11.3887
2020-09-25 13:00:00+00:00,1.0652,7.1518,6.1337,7.7306,2.6754
2020-09-25 14:00:00+00:00,0.0000,0.0000,0.0000,0.0000,1.0818
2020-09-25 15:00:00+00:00,0.0000,0.0000,0.0000,0.0000,4.4654
2020-09-25 16:00:00+00:00,0.0000,0.0000,0.0000,0.0000,6.6388
2020-09-25 17:00:00+00:00,0.0000,0.0000,0.0000,1.9725,5.0786
2020-09-25 18:00:00+00:00,0.0000,0.0000,0.0000,1.6646,4.5306
2020-09-25 19:00:00+00:00,0.0389,0.0000,0.0000,3.1900,5.9372
2020-09-25 20:00:00+00:00,0.0000,0.0000,0.0000,0.9240,6.7785
2020-09-25 21:00:00+00:00,0.0000,0.0000,0.0000,0.0000,3.3759
2020-09-25 22:00:00+00:00,0.0000,0.0000,0.0000,0.0000,0.3596
2020-09-25 23:00:00+00:00,0.0000,0.0000,0.0000,0.0000,0.0000
2020-09-26 00:00:00+00:00,0.0000,2.3833,2.1921,0.0000,0.0000
2020-09-26 01:00:00+00:00,0.0000,2.6311,2.4665,0.0000,0.0000
2020-09-26 02:00:00+00:00,2.2504,2.6810,3.9888,4.0463,0.0000
2020-09-26 03:00:00+00:00,5.9615,7.2742,8.0773,14.9926,0.0000
2020-09-26 04:00:00+00:00,8.5926,9.7373,10.0091,21.6735,5.3370
2020-09-26 05:00:00+00:00,12.8183,13.0933,12.7053,28.6083,15.4629
2020-09-26 06:00:00+00:00,17.9316,17.6329,16.9433,39.8387,38.1063
2020-09-26 07:00:00+00:00,19.5406,18.1137,17.6411,40.6575,57.7704
2020-09-26 08:00:00+00:00,20.5896,19.6960,18.4950,44.6590,45.8339
2020-09-26 09:00:00+00:00,19.4227,19.4544,19.2769,42.5851,43.5677
2020-09-26 10:00:00+00:00,17.5781,17.4231,17.4743,39.8287,38.7770
2020-09-26 11:00:00+00:00,21.6697,21.9626,21.9168,46.4761,25.4775
2020-09-26 12:00:00+00:00,16.4209,16.0483,15.4797,36.0228,21.8018
2020-09-26 13:00:00+00:00,15.4220,11.6732,12.3109,25.2742,21.6168
2020-09-26 14:00:00+00:00,8.5756,5.1869,7.5383,10.1235,16.1636
2020-09-26 15:00:00+00:00,5.8510,3.4756,5.5536,5.6895,16.2003
2020-09-26 16:00:00+00:00,5.1159,4.2395,5.9059,6.7162,16.5795
2020-09-26 17:00:00+00:00,6.1166,5.8505,7.2981,10.7479,23.8317
2020-09-26 18:00:00+00:00,6.9493,7.1130,7.6232,15.6645,17.6510
2020-09-26 19:00:00+00:00,5.2213,5.3680,5.7271,13.1252,11.8837
2020-09-26 20:00:00+00:00,5.2071,4.8166,5.9159,13.1840,16.0935
2020-09-26 21:00:00+00:00,9.0707,9.0746,10.6237,22.0204,15.7779
2020-09-26 22:00:00+00:00,11.0080,12.8615,13.4152,26.9692,13.8660
2020-09-26 23:00:00+00:00,10.1218,11.9515,12.1348,24.2842,16.3341
2020-09-27 00:00:00+00:00,27.7708,32.8466,33.8176,69.7109,35.0610
2020-09-27 01:00:00+00:00,38.3298,42.1935,43.2087,88.8645,61.4737
2020-09-27 02:00:00+00:00,58.4891,56.0370,55.2863,125.2776,70.0888
2020-09-27 03:00:00+00:00,61.6424,60.9238,64.9703,132.3432,56.1589
2020-09-27 04:00:00+00:00,68.0705,72.0387,79.8871,152.9311,59.2872
2020-09-27 05:00:00+00:00,59.9064,66.1659,74.0746,137.3310,47.3343
2020-09-27 06:00:00+00:00,59.6628,62.4675,69.9947,126.4731,72.1412
2020-09-27 07:00:00+00:00,49.5247,51.4320,57.6542,102.8736,69.3236
2020-09-27 08:00:00+00:00,50.2157,52.3720,58.5882,107.1269,59.1418
2020-09-27 09:00:00+00:00,48.6695,53.5188,55.8548,113.4604,40.1371
2020-09-27 10:00:00+00:00,56.2502,56.1089,55.5666,107.0582,45.7908
2020-09-27 11:00:00+00:00,64.1986,65.6703,60.6657,112.9732,60.1608
2020-09-27 12:00:00+00:00,58.7622,54.3708,48.0634,92.2530,48.2878
2020-09-27 13:00:00+00:00,61.2029,55.5807,50.0954,107.3599,59.3140
2020-09-27 14:00:00+00:00,47.1995,43.5412,43.7235,77.4740,58.0091
2020-09-27 15:00:00+00:00,45.8081,43.2708,47.0400,77.4431,58.0885
2020-09-27 16:00:00+00:00,40.4080,37.3497,40.8937,68.0333,50.1670
2020-09-27 17:00:00+00:00,34.8532,31.9734,36.3319,60.2820,50.5506
2020-09-27 18:00:00+00:00,29.1400,28.0771,31.9826,53.9301,47.6409
2020-09-27 19:00:00+00:00,24.4570,23.3949,27.0320,44.6572,40.0958
2020-09-27 20:00:00+00:00,24.5646,23.2555,27.4381,47.0250,40.9424
2020-09-27 21:00:00+00:00,21.5857,20.6558,23.6101,41.7297,41.3045
2020-09-27 22:00:00+00:00,30.6554,28.9561,32.4739,55.0591,32.9537
2020-09-27 23:00:00+00:00,18.1903,15.0910,19.8002,22.6400,21.0549
2020-09-28 00:00:00+00:00,30.4495,25.7604,32.1633,42.7673,47.6739
2020-09-28 01:00:00+00:00,52.1054,46.2144,50.8956,95.8290,66.3232
2020-09-28 02:00:00+00:00,66.1281,64.5641,69.4594,141.0899,73.5296
2020-09-28 03:00:00+00:00,54.4711,52.4035,53.5919,121.8390,70.0453
2020-09-28 04:00:00+00:00,62.1532,61.1123,60.5842,139.2212,65.4943
2020-09-28 05:00:00+00:00,65.7929,66.2214,63.5522,155.3531,45.7117
2020-09-28 06:00:00+00:00,66.0789,65.5010,61.0050,162.2914,45.1224
2020-09-28 07:00:00+00:00,51.9799,53.3762,44.8599,131.6618,21.9352
2020-09-28 08:00:00+00:00,46.0803,44.7936,30.8199,109.9069,17.3982
2020-09-28 09:00:00+00:00,32.4008,29.8708,19.6747,72.3603,18.0441
2020-09-28 10:00:00+00:00,21.7883,23.1990,18.9545,61.8865,26.1422
2020-09-28 11:00:00+00:00,16.9835,20.0297,17.0418,49.6369,29.3895
2020-09-28 12:00:00+00:00,7.5084,8.8675,7.6066,21.2059,16.2771
2020-09-28 13:00:00+00:00,2.4714,2.1963,1.9236,4.2818,5.1390
2020-09-28 14:00:00+00:00,1.3148,1.8110,2.8691,1.4118,7.5505
2020-09-28 15:00:00+00:00,0.0000,0.0000,0.0000,0.0000,7.2850
2020-09-28 16:00:00+00:00,2.1547,1.0788,2.0176,0.0000,8.6367
2020-09-28 17:00:00+00:00,4.9601,3.7298,4.9697,6.2810,17.1732
2020-09-28 18:00:00+00:00,1.2887,0.0000,0.4129,0.0000,23.8322
2020-09-28 19:00:00+00:00,11.8756,11.3159,15.2509,13.8584,26.4003
2020-09-28 20:00:00+00:00,12.1227,13.3367,16.9547,24.3519,23.3458
2020-09-28 21:00:00+00:00,17.9188,21.0026,26.1284,36.2445,29.6348
2020-09-28 22:00:00+00:00,19.5983,22.2458,26.9873,36.2613,26.8712
2020-09-28 23:00:00+00:00,18.5770,17.2863,23.7775,31.4181,29.2620
2020-09-29 00:00:00+00:00,42.2719,49.1316,49.3658,88.9340,61.5924
2020-09-29 01:00:00+00:00,49.5503,63.1702,57.1866,116.4557,77.5502
2020-09-29 02:00:00+00:00,67.7867,79.9809,71.5110,174.2907,75.4964
2020-09-29 03:00:00+00:00,67.8321,83.3776,76.3625,199.1961,75.5926
2020-09-29 04:00:00+00:00,71.9624,90.8375,96.4646,204.4411,76.4984
2020-09-29 05:00:00+00:00,70.6929,89.6548,96.5318,202.2292,77.4274
2020-09-29 06:00:00+00:00,74.1563,88.5194,93.9422,204.5229,79.8484
2020-09-29 07:00:00+00:00,79.1952,97.6453,103.7843,210.8208,79.7505
2020-09-29 08:00:00+00:00,79.3816,98.3550,103.6248,212.4936,79.1139
2020-09-29 09:00:00+00:00,78.6469,97.1380,102.5331,209.1502,75.8511
2020-09-29 10:00:00+00:00,77.7981,96.2679,101.4831,206.2914,32.3096
2020-09-29 11:00:00+00:00,78.0467,95.9633,101.1160,206.0119,19.4292
2020-09-29 12:00:00+00:00,72.5946,81.2874,82.5145,169.7748,27.9768
2020-09-29 13:00:00+00:00,53.8373,59.3960,64.1366,121.7662,27.5990
2020-09-29 14:00:00+00:00,53.9088,49.1494,51.9821,111.4992,16.1156
2020-09-29 15:00:00+00:00,20.1982,26.7877,24.5089,58.2397,13.6973
2020-09-29 16:00:00+00:00,8.7485,10.2367,10.4660,24.6613,7.0989
2020-09-29 17:00:00+00:00,4.1800,5.2986,6.1205,11.8183,0.0000
2020-09-29 18:00:00+00:00,3.0865,3.8772,4.4360,8.4252,2.4573
2020-09-29 19:00:00+00:00,3.0517,2.0408,1.2829,9.5444,0.0000
2020-09-29 20:00:00+00:00,12.7640,11.3678,8.8033,37.5032,0.0000
2020-09-29 21:00:00+00:00,12.5301,13.3669,10.2604,32.5862,0.0000
2020-09-29 22:00:00+00:00,12.3417,10.6590,9.9648,24.6011,0.0000
2020-09-29 23:00:00+00:00,5.3945,6.4356,6.2443,7.6599,0.0000
2020-09-30 00:00:00+00:00,1.5257,2.3621,3.0044,3.4887,0.0000
2020-09-30 01:00:00+00:00,5.4642,6.0626,6.6546,13.3204,0.0000
2020-09-30 02:00:00+00:00,3.7275,3.9085,4.1777,8.5354,0.0000
2020-09-30 03:00:00+00:00,0.0000,0.0000,0.0000,0.0000,0.0000
2020-09-30 04:00:00+00:00,0.0000,0.0000,0.0000,0.0000,0.0000
2020-09-30 05:00:00+00:00,0.0000,0.0000,0.0000,0.0000,0.0000
2020-09-30 06:00:00+00:00,1.9480,1.3737,0.0000,6.3515,0.0000
2020-09-30 07:00:00+00:00,0.0000,0.0000,0.0000,0.0000,0.0000
2020-09-30 08:00:00+00:00,4.9778,5.3597,5.3529,14.8336,0.0000
2020-09-30 09:00:00+00:00,5.2247,4.8665,4.3496,15.3302,0.0000
2020-09-30 10:00:00+00:00,12.8822,14.6241,13.7936,36.8005,0.0000
2020-09-30 11:00:00+00:00,31.2059,32.2874,31.6881,90.7616,16.8113
2020-09-30 12:00:00+00:00,19.5894,21.8789,18.9106,56.1254,15.9939
2020-09-30 13:00:00+00:00,44.5364,50.3314,49.8657,115.8976,12.3969
2020-09-30 14:00:00+00:00,19.2761,17.9787,16.8470,62.0558,31.6281
2020-09-30 15:00:00+00:00,21.6749,23.2408,22.1367,46.5843,23.6421
2020-09-30 16:00:00+00:00,36.6557,40.2254,36.6960,104.6099,75.6340
2020-09-30 17:00:00+00:00,60.8634,65.5312,65.8614,148.7586,77.1494
2020-09-30 18:00:00+00:00,53.2706,61.2471,66.2834,130.9573,76.4401
2020-09-30 19:00:00+00:00,57.5651,78.1946,81.1001,177.8879,76.0855
2020-09-30 20:00:00+00:00,55.3912,69.0715,74.6674,149.1196,79.9000
2020-09-30 21:00:00+00:00,37.6486,45.6556,52.4728,96.6021,79.6329
2020-09-30 22:00:00+00:00,43.3862,53.5486,63.3295,103.6822,54.8286
2020-09-30 23:00:00+00:00,36.2845,43.4513,54.2168,86.2307,43.6066
2020-10-01 00:00:00+00:00,24.1023,32.7890,41.2932,68.1021,49.2839
2020-10-01 01:00:00+00:00,29.2409,36.7204,41.4672,91.5552,73.6606
2020-10-01 02:00:00+00:00,39.2134,48.4122,46.2803,119.7236,79.9000
2020-10-01 03:00:00+00:00,33.6800,36.9088,40.8749,86.0438,61.3747
2020-10-01 04:00:00+00:00,46.8887,48.1368,56.5129,118.1399,31.7245
2020-10-01 05:00:00+00:00,43.4522,47.0032,63.2463,124.9153,13.2580
2020-10-01 06:00:00+00:00,48.8056,48.8802,47.4935,144.4081,32.0031
2020-10-01 07:00:00+00:00,51.7588,52.1461,41.1748,137.5041,57.2415
2020-10-01 08:00:00+00:00,62.3170,69.7014,66.5865,184.2717,77.5249
2020-10-01 09:00:00+00:00,47.7111,56.9501,66.0326,153.1151,68.9619
2020-10-01 10:00:00+00:00,39.2407,41.1169,49.3142,112.7110,77.3960
2020-10-01 11:00:00+00:00,38.6866,42.1687,51.3116,110.2575,71.0978
2020-10-01 12:00:00+00:00,28.6341,33.0283,30.9965,99.7299,34.9994
2020-10-01 13:00:00+00:00,27.8005,33.4982,23.7022,107.8969,53.3570
2020-10-01 14:00:00+00:00,22.6074,25.1700,22.5787,74.9344,44.1923
2020-10-01 15:00:00+00:00,28.3570,33.4602,28.4578,80.3635,35.7241
2020-10-01 16:00:00+00:00,25.4367,28.2860,25.6012,73.2614,43.6951
2020-10-01 17:00:00+00:00,24.7279,30.6701,29.1958,71.1635,43.2975
2020-10-01 18:00:00+00:00,17.9690,22.2276,22.2423,46.7852,34.5077
2020-10-01 19:00:00+00:00,28.1523,37.3932,39.2707,72.2903,29.0785
2020-10-01 20:00:00+00:00,21.5728,28.6896,26.7871,58.3730,24.1502
2020-10-01 21:00:00+00:00,19.5389,24.3262,24.4041,45.8463,18.4986
2020-10-01 22:00:00+00:00,14.7364,16.7075,17.7594,31.6994,14.0204
2020-10-01 23:00:00+00:00,15.5203,20.0978,21.4237,40.6449,5.3399
2020-10-02 00:00:00+00:00,11.6217,15.9552,15.9192,35.6994,3.8740
2020-10-02 01:00:00+00:00,14.3262,18.1964,17.0094,45.0897,4.3530
2020-10-02 02:00:00+00:00,15.0150,19.7077,20.0450,44.2504,4.7956
2020-10-02 03:00:00+00:00,15.8667,23.5367,22.8473,51.0512,3.5388
2020-10-02 04:00:00+00:00,12.9547,19.9028,17.8922,44.2689,0.2695
2020-10-02 05:00:00+00:00,11.2755,17.6219,15.8293,39.2880,2.2301
2020-10-02 06:00:00+00:00,9.8239,13.8440,12.9505,33.0769,0.0000
2020-10-02 07:00:00+00:00,5.2255,7.8596,6.7874,20.1262,0.0000
2020-10-02 08:00:00+00:00,1.9918,3.3891,2.6184,9.0370,0.0000
2020-10-02 09:00:00+00:00,1.5516,2.8070,2.2393,7.0613,0.0000
2020-10-02 10:00:00+00:00,0.0000,0.0000,0.0000,0.0000,8.0011
2020-10-02 11:00:00+00:00,0.0000,0.0000,0.0000,0.0000,7.8333
2020-10-02 12:00:00+00:00,0.0000,0.0000,0.0000,0.0000,13.5196
2020-10-02 13:00:00+00:00,0.0000,0.0000,0.0000,0.0000,11.1738
2020-10-02 14:00:00+00:00,0.0000,0.0000,0.0000,0.0000,0.0000
2020-10-02 15:00:00+00:00,0.0000,0.0000,0.0000,0.0000,0.0000
2020-10-02 16:00:00+00:00,0.0000,0.0000,0.0000,0.0000,1.3431
2020-10-02 17:00:00+00:00,2.5118,1.8464,2.9997,1.8992,2.3954
2020-10-02 18:00:00+00:00,4.3706,3.6999,2.9250,10.2947,9.8550
2020-10-02 19:00:00+00:00,4.6451,4.0615,4.3006,10.5548,5.2707
2020-10-02 20:00:00+00:00,4.1009,5.0950,5.6168,9.8061,6.8620
2020-10-02 21:00:00+00:00,8.6006,10.4143,10.9398,22.9900,11.9877
2020-10-02 22:00:00+00:00,1.7180,3.0091,2.9662,6.8033,8.1899
2020-10-02 23:00:00+00:00,3.7739,2.3479,2.1780,7.3263,2.6980
2020-10-03 00:00:00+00:00,4.5627,4.1663,4.4111,10.1718,18.9036
2020-10-03 01:00:00+00:00,10.6843,11.5764,10.3693,29.3528,20.4429
2020-10-03 02:00:00+00:00,3.8933,3.4825,3.2388,11.9604,1.7587
2020-10-03 03:00:00+00:00,4.2959,6.7930,8.8045,4.9494,0.0000
2020-10-03 04:00:00+00:00,5.0109,2.5557,2.6431,12.3773,0.0000
2020-10-03 05:00:00+00:00,3.6061,3.9456,6.9155,6.3899,0.0000
2020-10-03 06:00:00+00:00,1.6420,1.3955,1.5143,2.5172,0.0000
2020-10-03 07:00:00+00:00,0.1291,0.0000,0.0000,0.0000,0.0000
2020-10-03 08:00:00+00:00,0.0000,0.0000,0.0000,0.0000,0.0000
2020-10-03 09:00:00+00:00,0.0000,0.0000,0.0000,0.0000,0.0000
2020-10-03 10:00:00+00:00,1.9127,1.7722,1.7841,4.4208,0.0000
2020-10-03 11:00:00+00:00,1.2837,1.2671,0.6072,3.8291,0.0000
2020-10-03 12:00:00+00:00,1.4316,1.7529,0.7456,6.2153,0.0000
2020-10-03 13:00:00+00:00,0.0000,0.0000,0.0000,0.0000,0.0000
2020-10-03 14:00:00+00:00,0.0000,0.0000,0.0000,0.0000,2.2284
2020-10-03 15:00:00+00:00,0.0000,0.0000,0.0000,0.0000,4.1635
2020-10-03 16:00:00+00:00,0.0000,0.0000,0.0000,0.0000,13.1832
2020-10-03 17:00:00+00:00,0.0000,0.0000,0.0000,0.0000,18.9491
2020-10-03 18:00:00+00:00,0.2831,0.5271,0.3271,0.2204,30.8629
2020-10-03 19:00:00+00:00,0.6898,0.0000,0.0000,4.3340,18.3718
2020-10-03 20:00:00+00:00,0.0000,0.0000,0.0000,0.0330,13.1339
2020-10-03 21:00:00+00:00,0.0000,0.0000,0.0000,0.0000,9.9361
2020-10-03 22:00:00+00:00,0.0000,0.0000,0.0000,0.0000,5.4565
2020-10-03 23:00:00+00:00,0.0000,0.0000,0.0000,0.0000,5.6210
2020-10-04 00:00:00+00:00,0.0000,0.0000,0.0000,0.0000,5.6702
2020-10-04 01:00:00+00:00,0.0000,0.0000,0.0000,0.0000,3.2199
2020-10-04 02:00:00+00:00,0.0000,0.0000,0.0000,0.0000,4.2216
2020-10-04 03:00:00+00:00,0.0000,0.0000,0.0000,0.0000,4.6709
2020-10-04 04:00:00+00:00,0.0000,0.0000,0.0000,0.0000,11.2650
2020-10-04 05:00:00+00:00,0.0000,0.0000,0.0000,0.0000,17.2481
2020-10-04 06:00:00+00:00,0.0000,0.0000,0.0000,0.0000,17.6480
2020-10-04 07:00:00+00:00,1.7752,1.1620,4.0316,0.0742,14.2693
2020-10-04 08:00:00+00:00,2.9359,3.4177,6.8266,5.2340,16.1465
2020-10-04 09:00:00+00:00,3.5195,4.8142,7.9369,6.7668,16.3102
2020-10-04 10:00:00+00:00,6.8438,6.1704,9.6148,8.5709,43.8440
2020-10-04 11:00:00+00:00,9.9624,9.3766,12.8092,13.2706,42.7001
2020-10-04 12:00:00+00:00,11.5116,11.0871,12.1213,16.0803,38.0307
2020-10-04 13:00:00+00:00,4.8635,2.8399,2.1094,6.7469,16.0227
2020-10-04 14:00:00+00:00,0.0000,0.0000,0.0000,0.0000,10.6216
2020-10-04 15:00:00+00:00,0.0000,0.0000,0.0000,0.0000,5.6422
2020-10-04 16:00:00+00:00,0.0000,0.0000,0.0000,0.0000,4.5109
2020-10-04 17:00:00+00:00,0.0000,0.0000,0.0000,0.0000,3.9584
2020-10-04 18:00:00+00:00,0.0000,0.0000,0.0000,0.0000,7.4243
2020-10-04 19:00:00+00:00,0.3462,0.0000,0.0000,0.0000,9.1080
2020-10-04 20:00:00+00:00,0.0000,0.0000,0.0000,0.0000,5.1081
2020-10-04 21:00:00+00:00,0.0000,0.0000,0.0000,4.0725,5.2013
2020-10-04 22:00:00+00:00,0.0000,0.0000,0.0000,0.0000,7.9219
2020-10-04 23:00:00+00:00,0.0000,0.0000,0.0000,0.0000,9.9453
2020-10-05 00:00:00+00:00,0.0000,0.0000,0.0000,0.0000,16.8899
2020-10-05 01:00:00+00:00,2.5710,0.0000,1.8473,4.1773,37.0857
2020-10-05 02:00:00+00:00,13.2020,9.5622,10.1385,20.5792,30.7033
2020-10-05 03:00:00+00:00,19.7047,21.1148,19.3322,52.1328,31.4594
2020-10-05 04:00:00+00:00,17.8989,23.4639,20.5086,55.4618,25.1806
2020-10-05 05:00:00+00:00,14.4548,18.3304,16.5077,41.9574,20.8791
2020-10-05 06:00:00+00:00,14.7444,17.7465,16.5604,37.0158,21.7364
2020-10-05 07:00:00+00:00,10.8671,12.9665,12.2022,27.4537,20.6174
2020-10-05 08:00:00+00:00,9.3640,11.5301,10.4759,19.2318,26.3617
2020-10-05 09:00:00+00:00,8.0448,9.6760,8.3664,20.0502,16.2041
2020-10-05 10:00:00+00:00,17.7370,18.4305,17.3338,37.0069,22.7721
2020-10-05 11:00:00+00:00,20.3375,19.1516,20.1110,44.2099,27.4684
2020-10-05 12:00:00+00:00,17.8589,18.2361,20.1038,41.1271,19.5334
2020-10-05 13:00:00+00:00,5.3930,6.1116,6.1931,13.5651,8.6837
2020-10-05 14:00:00+00:00,5.6161,2.6553,3.0069,7.7871,6.9319
2020-10-05 15:00:00+00:00,3.8938,3.0641,3.5129,6.6033,6.2073
2020-10-05 16:00:00+00:00,1.9962,2.5452,2.6767,4.7060,5.7646
2020-10-05 17:00:00+00:00,2.4918,3.5489,3.7556,6.7653,10.3711
2020-10-05 18:00:00+00:00,1.5305,1.9506,1.9433,4.0786,14.8624
2020-10-05 19:00:00+00:00,2.1059,2.3501,2.7557,5.3563,15.3236
2020-10-05 20:00:00+00:00,1.0979,2.1039,2.2449,3.6920,13.1331
2020-10-05 21:00:00+00:00,1.1618,2.1795,2.7203,2.3901,7.9926
2020-10-05 22:00:00+00:00,4.9432,6.0846,6.0119,14.4596,7.5663
2020-10-05 23:00:00+00:00,2.7264,2.7016,2.2076,8.5855,9.4948
2020-10-06 00:00:00+00:00,0.5454,0.0000,0.0000,3.3404,13.3672
2020-10-06 01:00:00+00:00,0.0000,0.0000,0.0000,0.0000,15.8685
2020-10-06 02:00:00+00:00,4.4158,1.8470,2.7172,5.5209,19.3855
2020-10-06 03:00:00+00:00,10.6966,12.3900,12.2009,27.3447,14.3191
2020-10-06 04:00:00+00:00,16.5611,22.6137,21.0130,46.6823,13.3331
2020-10-06 05:00:00+00:00,25.0306,29.9796,27.6586,65.2297,17.6528
2020-10-06 06:00:00+00:00,29.9524,34.3916,31.6542,77.0990,28.5889
2020-10-06 07:00:00+00:00,30.2362,36.9221,33.9781,88.8522,24.0091
2020-10-06 08:00:00+00:00,23.3019,29.2572,27.4109,73.1359,24.6982
2020-10-06 09:00:00+00:00,26.4762,33.0009,33.3295,77.1435,33.3695
2020-10-06 10:00:00+00:00,26.0781,28.7098,30.8757,63.4395,23.1500
2020-10-06 11:00:00+00:00,32.3256,34.5813,37.3362,77.8810,26.2947
2020-10-06 12:00:00+00:00,28.5839,29.5928,34.9166,62.9271,27.2758
2020-10-06 13:00:00+00:00,22.1209,21.8338,26.9128,36.0917,28.5726
2020-10-06 14:00:00+00:00,27.1766,29.3981,34.3267,52.1327,49.0511
2020-10-06 15:00:00+00:00,36.5269,39.7529,44.4211,73.8738,55.3420
2020-10-06 16:00:00+00:00,32.1561,34.4596,36.9334,66.8040,52.6888
2020-10-06 17:00:00+00:00,24.7549,24.9778,28.0346,48.4677,51.0034
2020-10-06 18:00:00+00:00,23.3555,22.3067,26.1829,45.0217,40.5964
2020-10-06 19:00:00+00:00,33.4107,32.1680,38.1522,62.0473,43.1909
2020-10-06 20:00:00+00:00,27.0552,24.6825,29.1502,45.7415,32.3944
2020-10-06 21:00:00+00:00,22.7305,20.0063,22.1263,37.3792,32.7680
2020-10-06 22:00:00+00:00,15.0084,14.2591,14.8679,26.4568,18.9894
2020-10-06 23:00:00+00:00,20.3220,20.9962,20.3030,37.8694,31.6401
2020-10-07 00:00:00+00:00,33.9153,30.2651,29.7455,60.2673,57.4490
2020-10-07 01:00:00+00:00,48.0298,45.9993,45.7041,87.6945,53.5849
2020-10-07 02:00:00+00:00,56.0298,56.8172,54.5670,120.6289,44.7373
2020-10-07 03:00:00+00:00,49.2987,50.1833,46.1875,112.3536,55.3389
2020-10-07 04:00:00+00:00,39.8166,41.6544,39.0130,101.1947,69.4978
2020-10-07 05:00:00+00:00,36.2924,45.4006,50.9808,96.5807,72.3007
2020-10-07 06:00:00+00:00,42.3782,49.8606,52.9604,105.0008,57.8602
2020-10-07 07:00:00+00:00,46.5942,50.5890,50.4368,108.3574,64.2143
2020-10-07 08:00:00+00:00,32.8855,41.6857,39.5798,94.4567,70.5046
2020-10-07 09:00:00+00:00,32.4477,40.3359,36.8630,93.9874,67.3395
2020-10-07 10:00:00+00:00,25.3151,31.4930,29.1600,69.0996,75.8293
2020-10-07 11:00:00+00:00,31.5421,37.7549,36.3208,94.4616,77.1975
2020-10-07 12:00:00+00:00,33.6292,32.7020,46.8713,80.4900,76.8649
2020-10-07 13:00:00+00:00,50.1975,60.4545,83.2281,119.0011,79.8090
2020-10-07 14:00:00+00:00,33.6585,37.5219,45.2935,60.6966,79.9000
2020-10-07 15:00:00+00:00,50.3337,56.6163,73.8431,99.2397,79.9000
2020-10-07 16:00:00+00:00,68.8175,76.9871,89.9332,166.9067,79.9000
2020-10-07 17:00:00+00:00,78.0523,97.5915,104.5359,206.4510,78.6085
2020-10-07 18:00:00+00:00,81.0000,96.3057,103.1691,209.9077,79.9000
2020-10-07 19:00:00+00:00,81.0000,100.5000,106.4924,215.2000,79.9000
2020-10-07 20:00:00+00:00,59.4464,77.7404,70.7181,184.2082,79.9000
2020-10-07 21:00:00+00:00,81.0000,100.4309,106.1401,215.2000,79.9000
2020-10-07 22:00:00+00:00,81.0000,100.5000,106.5000,215.2000,79.9000
2020-10-07 23:00:00+00:00,81.0000,100.1313,105.9988,215.2000,79.9000
2020-10-08 00:00:00+00:00,81.0000,100.5000,106.5000,215.2000,79.9000
2020-10-08 01:00:00+00:00,81.0000,100.5000,106.5000,215.2000,79.3447
2020-10-08 02:00:00+00:00,81.0000,100.5000,106.5000,215.2000,78.6822
2020-10-08 03:00:00+00:00,81.0000,100.5000,106.5000,215.2000,77.5937
2020-10-08 04:00:00+00:00,81.0000,100.5000,106.5000,215.2000,77.3394
2020-10-08 05:00:00+00:00,80.7015,97.8691,103.2926,213.8490,58.5583
2020-10-08 06:00:00+00:00,76.7260,76.8862,78.7394,200.0709,44.2353
2020-10-08 07:00:00+00:00,79.2578,96.1232,101.5279,209.7588,51.8408
2020-10-08 08:00:00+00:00,64.1663,65.8920,66.4691,166.3799,37.9386
2020-10-08 09:00:00+00:00,48.3085,51.3079,50.9792,128.6567,28.0542
2020-10-08 10:00:00+00:00,48.8248,55.5441,58.2117,125.1166,24.0888
2020-10-08 11:00:00+00:00,54.1829,61.5932,64.2385,138.6297,31.5610
2020-10-08 12:00:00+00:00,63.1133,69.7319,71.5334,164.3972,18.8500
2020-10-08 13:00:00+00:00,53.4071,61.6351,62.2039,142.4267,31.5353
2020-10-08 14:00:00+00:00,69.0447,85.7995,82.0538,199.2140,44.4833
2020-10-08 15:00:00+00:00,52.3982,61.3541,59.1116,153.6019,58.1341
2020-10-08 16:00:00+00:00,59.5141,69.6507,69.2373,163.0896,62.6475
2020-10-08 17:00:00+00:00,62.2650,68.7584,72.0204,158.6780,54.0294
2020-10-08 18:00:00+00:00,49.4595,57.1086,59.7461,125.1777,52.7802
2020-10-08 19:00:00+00:00,66.9767,77.1701,82.9638,168.1898,65.5471
2020-10-08 20:00:00+00:00,64.9440,70.2344,75.3622,162.1514,43.5834
2020-10-08 21:00:00+00:00,52.1437,58.5207,61.2011,134.9305,31.8787
2020-10-08 22:00:00+00:00,38.1964,43.3331,44.4656,100.0601,17.2380
2020-10-08 23:00:00+00:00,21.9020,24.1311,25.8151,54.0151,10.6944
2020-10-09 00:00:00+00:00,19.4686,22.3169,24.2466,52.5991,13.2244
2020-10-09 01:00:00+00:00,16.2063,19.1224,20.0710,46.6939,7.8109
2020-10-09 02:00:00+00:00,7.7859,7.8713,7.4595,21.6736,4.4912
2020-10-09 03:00:00+00:00,3.9247,3.0981,2.9259,9.2968,2.0655
2020-10-09 04:00:00+00:00,0.0000,0.0000,0.0000,0.0000,0.0000
2020-10-09 05:00:00+00:00,0.0000,0.0000,0.0000,0.0000,0.0000
2020-10-09 06:00:00+00:00,0.0000,0.0000,0.0000,0.0000,0.0000
2020-10-09 07:00:00+00:00,0.0000,0.0000,0.0000,0.0000,0.0000
2020-10-09 08:00:00+00:00,0.0000,0.0000,0.0000,0.0000,3.7860
2020-10-09 09:00:00+00:00,0.0000,0.0000,0.0000,0.0000,2.6509
2020-10-09 10:00:00+00:00,0.3035,0.8289,0.0000,3.6171,0.0000
2020-10-09 11:00:00+00:00,3.7405,6.2791,5.4443,14.6029,0.0000
2020-10-09 12:00:00+00:00,12.2179,17.8450,16.8776,41.3579,0.0000
2020-10-09 13:00:00+00:00,10.1175,11.6969,10.8915,31.5604,5.1444
2020-10-09 14:00:00+00:00,11.6129,11.9820,12.3335,30.2772,2.1929
2020-10-09 15:00:00+00:00,12.3379,12.8791,13.7531,28.2398,3.8715
2020-10-09 16:00:00+00:00,11.5220,13.8418,14.9056,27.3073,7.8298
2020-10-09 17:00:00+00:00,10.6052,13.4478,15.1327,24.0336,10.7666
2020-10-09 18:00:00+00:00,14.0658,16.8971,19.6550,29.7651,9.7353
2020-10-09 19:00:00+00:00,25.5750,30.4523,35.2134,51.8219,11.7936
2020-10-09 20:00:00+00:00,14.7051,16.0821,18.6569,26.7673,8.7210
2020-10-09 21:00:00+00:00,10.3275,8.8627,12.8922,13.7435,3.4500
2020-10-09 22:00:00+00:00,4.1404,2.9076,4.9701,4.0076,3.6200
2020-10-09 23:00:00+00:00,5.6075,3.9391,5.4104,4.9558,12.6620
2020-10-10 00:00:00+00:00,14.0877,12.5911,12.2344,19.3433,29.3133
2020-10-10 01:00:00+00:00,32.7053,27.4191,27.2128,42.1117,42.7444
2020-10-10 02:00:00+00:00,46.3279,43.5473,44.2374,71.0355,67.2717
2020-10-10 03:00:00+00:00,76.6229,79.1904,87.2812,156.8680,76.8324
2020-10-10 04:00:00+00:00,80.1692,97.4465,104.4444,207.6679,79.9000
2020-10-10 05:00:00+00:00,81.0000,100.5000,106.5000,215.2000,79.9000
2020-10-10 06:00:00+00:00,81.0000,100.5000,106.5000,215.2000,79.9000
2020-10-10 07:00:00+00:00,81.0000,100.5000,106.5000,215.2000,79.9000
2020-10-10 08:00:00+00:00,81.0000,100.5000,106.5000,215.2000,79.9000
2020-10-10 09:00:00+00:00,81.0000,100.5000,106.5000,215.2000,79.9000
2020-10-10 10:00:00+00:00,81.0000,100.5000,106.5000,215.2000,79.9000
2020-10-10 11:00:00+00:00,81.0000,100.5000,106.5000,215.2000,79.9000
2020-10-10 12:00:00+00:00,81.0000,100.5000,106.5000,215.2000,79.8729
2020-10-10 13:00:00+00:00,78.9534,96.5140,103.0572,206.9253,76.8693
2020-10-10 14:00:00+00:00,76.7845,95.5198,101.5013,204.3988,78.0246
2020-10-10 15:00:00+00:00,76.6636,95.3121,101.7896,202.8702,78.2837
2020-10-10 16:00:00+00:00,77.1983,95.7657,102.8049,199.7594,79.6563
2020-10-10 17:00:00+00:00,77.1125,93.1550,101.4561,184.0488,79.8040
2020-10-10 18:00:00+00:00,79.1278,97.3067,104.0175,206.7009,79.9000
2020-10-10 19:00:00+00:00,80.5372,96.8746,103.2969,209.5820,79.9000
2020-10-10 20:00:00+00:00,64.1237,93.8475,93.9786,204.1831,79.9000
2020-10-10 21:00:00+00:00,81.0000,100.5000,106.5000,215.2000,79.9000
2020-10-10 22:00:00+00:00,81.0000,100.5000,106.5000,215.2000,79.9000
2020-10-10 23:00:00+00:00,81.0000,99.4054,106.1577,214.2640,79.9000
2020-10-11 00:00:00+00:00,80.2597,92.2440,100.6567,208.3969,76.7572
2020-10-11 01:00:00+00:00,78.5948,90.6255,90.9234,207.2120,76.2726
2020-10-11 02:00:00+00:00,77.6406,95.0813,100.8299,205.2580,75.9743
2020-10-11 03:00:00+00:00,56.9082,63.1727,68.3720,141.4794,46.2321
2020-10-11 04:00:00+00:00,42.0694,46.3092,50.9788,105.9674,38.5697
2020-10-11 05:00:00+00:00,26.7458,29.9996,32.6993,71.4900,33.1348
2020-10-11 06:00:00+00:00,14.4883,15.1425,16.8190,36.8613,17.3031
2020-10-11 07:00:00+00:00,9.4242,9.3610,10.3038,23.8453,23.2715
2020-10-11 08:00:00+00:00,7.0804,5.6534,6.2485,16.0517,27.2144
2020-10-11 09:00:00+00:00,4.5923,2.6739,2.6205,9.6770,21.5445
2020-10-11 10:00:00+00:00,3.2514,2.1386,2.0746,7.0143,17.5200
2020-10-11 11:00:00+00:00,5.6052,4.7518,5.8145,10.5183,10.2820
2020-10-11 12:00:00+00:00,5.3819,5.7154,6.9046,11.7084,7.2985
2020-10-11 13:00:00+00:00,8.2563,7.0014,9.0787,14.8022,6.4959
2020-10-11 14:00:00+00:00,6.4304,5.7135,7.1358,13.1941,6.4834
2020-10-11 15:00:00+00:00,2.7108,1.9889,2.7816,4.9911,3.0229
2020-10-11 16:00:00+00:00,1.6832,1.1335,1.6079,2.7658,5.6326
2020-10-11 17:00:00+00:00,1.1035,0.0000,0.3990,0.0000,11.9166
2020-10-11 18:00:00+00:00,1.4983,0.5262,1.4443,0.8114,13.8552
2020-10-11 19:00:00+00:00,3.0455,2.5488,3.3897,5.2698,10.6891
2020-10-11 20:00:00+00:00,3.5052,3.0319,4.0378,6.2559,11.4950
2020-10-11 21:00:00+00:00,1.2805,0.8194,1.5853,0.8795,15.7454
2020-10-11 22:00:00+00:00,2.3378,2.3772,3.4692,3.8045,10.2857
2020-10-11 23:00:00+00:00,5.8004,7.4887,10.0387,11.9835,8.8055
2020-10-12 00:00:00+00:00,10.6534,12.9018,18.2623,20.0810,6.3306
2020-10-12 01:00:00+00:00,19.6699,22.8542,31.8121,37.3140,2.7183
2020-10-12 02:00:00+00:00,29.5788,35.6902,48.4651,59.3161,13.4055
2020-10-12 03:00:00+00:00,30.7186,45.6414,56.9964,75.7420,48.2079
2020-10-12 04:00:00+00:00,33.2182,69.6558,79.4484,106.5305,69.7523
2020-10-12 05:00:00+00:00,27.8044,81.4432,86.7130,120.8063,75.8308
2020-10-12 06:00:00+00:00,22.8257,72.2083,83.2372,104.2495,77.7540
2020-10-12 07:00:00+00:00,39.9902,68.0587,85.2615,99.4091,79.7585
2020-10-12 08:00:00+00:00,66.2273,75.9194,99.3391,105.3631,79.9000
2020-10-12 09:00:00+00:00,66.7831,70.3144,81.0300,115.5934,79.7971
2020-10-12 10:00:00+00:00,79.2009,86.5760,99.8395,138.9620,79.9000
2020-10-12 11:00:00+00:00,78.5841,85.8243,96.3189,122.3999,79.9000
2020-10-12 12:00:00+00:00,65.7844,76.4535,91.7714,111.9646,78.5643
2020-10-12 13:00:00+00:00,41.9485,45.0161,57.9755,71.7378,79.2764
2020-10-12 14:00:00+00:00,14.8333,17.6205,33.9344,29.1989,76.5391
2020-10-12 15:00:00+00:00,6.8232,9.0973,10.5505,25.3579,75.7657
2020-10-12 16:00:00+00:00,9.6680,13.7472,10.1173,43.1605,74.3737
2020-10-12 17:00:00+00:00,9.2615,14.0951,8.6088,40.2175,70.6665
2020-10-12 18:00:00+00:00,9.1024,13.6024,10.7440,36.3137,61.4353
2020-10-12 19:00:00+00:00,17.6595,26.9344,25.1007,63.2987,56.6026
2020-10-12 20:00:00+00:00,18.9022,27.8138,28.0137,63.0355,48.6808
2020-10-12 21:00:00+00:00,13.5420,21.4595,20.1631,45.2483,51.5111
2020-10-12 22:00:00+00:00,11.9479,21.6363,19.3539,44.4173,54.5078
2020-10-12 23:00:00+00:00,13.5686,24.0434,24.0595,49.3559,74.2821
2020-10-13 00:00:00+00:00,27.2413,34.1883,34.8064,67.6787,79.3874
2020-10-13 01:00:00+00:00,36.3212,39.3720,44.8816,75.3635,79.9000
2020-10-13 02:00:00+00:00,45.1493,46.1089,89.5896,67.7205,79.9000
2020-10-13 03:00:00+00:00,76.9329,84.1229,106.0880,101.7850,79.9000
2020-10-13 04:00:00+00:00,80.9960,100.0691,106.5000,163.3313,79.9000
2020-10-13 05:00:00+00:00,81.0000,100.5000,106.5000,201.1632,79.9000
2020-10-13 06:00:00+00:00,81.0000,100.5000,106.5000,212.5543,79.9000
2020-10-13 07:00:00+00:00,81.0000,100.5000,106.5000,210.0193,79.9000
2020-10-13 08:00:00+00:00,81.0000,100.5000,106.5000,206.0431,79.9000
2020-10-13 09:00:00+00:00,81.0000,100.5000,106.5000,204.7911,79.9000
2020-10-13 10:00:00+00:00,81.0000,98.2084,106.5000,204.5542,79.9000
2020-10-13 11:00:00+00:00,81.0000,100.5000,106.5000,212.9437,79.9000
2020-10-13 12:00:00+00:00,81.0000,99.6536,106.5000,206.2954,78.5605
2020-10-13 13:00:00+00:00,79.7542,96.3831,104.2210,207.4670,79.9000
2020-10-13 14:00:00+00:00,81.0000,100.5000,106.5000,205.4886,76.6929
2020-10-13 15:00:00+00:00,80.3590,99.8091,104.1838,193.5986,66.5123
2020-10-13 16:00:00+00:00,78.7116,24.9488,25.2282,84.6100,60.2742
2020-10-13 17:00:00+00:00,77.3831,22.6011,28.5492,77.9243,56.3498
2020-10-13 18:00:00+00:00,49.3384,24.6478,37.0137,50.0228,38.1287
2020-10-13 19:00:00+00:00,43.2623,20.0544,24.6227,35.9939,37.6479
2020-10-13 20:00:00+00:00,20.8571,9.7655,14.3556,17.8168,41.6877
2020-10-13 21:00:00+00:00,7.0660,3.4995,5.1282,3.6686,42.7553
2020-10-13 22:00:00+00:00,2.9788,1.5307,1.9551,2.8669,43.3507
2020-10-13 23:00:00+00:00,3.1191,2.4229,2.5045,5.8379,22.8555
2020-10-14 00:00:00+00:00,6.7819,6.2263,6.0171,14.4676,20.9367
2020-10-14 01:00:00+00:00,17.3591,17.8647,21.2534,30.4868,22.4175
2020-10-14 02:00:00+00:00,13.8006,12.4964,10.6028,32.2318,20.6606
2020-10-14 03:00:00+00:00,3.9679,1.5401,0.4636,10.3167,24.5783
2020-10-14 04:00:00+00:00,4.4568,3.5089,2.8282,12.5757,34.3737
2020-10-14 05:00:00+00:00,11.4630,11.9840,11.3002,31.7010,43.6556
2020-10-14 06:00:00+00:00,16.5910,15.3894,15.2915,42.0778,26.5627
2020-10-14 07:00:00+00:00,21.6261,17.3625,18.5895,44.9869,14.9046
2020-10-14 08:00:00+00:00,13.5150,10.7222,10.2617,30.6979,6.5429
2020-10-14 09:00:00+00:00,10.0638,9.5090,8.3987,24.4046,10.2525
2020-10-14 10:00:00+00:00,3.6705,3.1418,2.7279,9.4922,15.8223
2020-10-14 11:00:00+00:00,4.6188,5.5642,5.1193,13.6900,36.0084
2020-10-14 12:00:00+00:00,4.5321,6.9599,6.8156,15.4072,39.5308
2020-10-14 13:00:00+00:00,4.2733,5.2360,5.6363,10.4002,31.9400
2020-10-14 14:00:00+00:00,5.9094,6.0224,8.1253,10.9874,34.7250
2020-10-14 15:00:00+00:00,16.6954,16.0601,17.8751,33.3739,24.0296
2020-10-14 16:00:00+00:00,25.6698,29.6296,32.8158,57.9233,25.5492
2020-10-14 17:00:00+00:00,39.2809,46.0825,51.3255,92.1102,31.1335
2020-10-14 18:00:00+00:00,34.3804,39.3117,43.6968,82.7174,33.1436
2020-10-14 19:00:00+00:00,34.8341,41.9107,44.1671,91.1718,27.2061
2020-10-14 20:00:00+00:00,41.0773,46.3633,49.2984,104.6813,15.0356
2020-10-14 21:00:00+00:00,23.6637,24.6908,26.6456,59.3799,12.9257
2020-10-14 22:00:00+00:00,5.5906,6.6590,5.6956,18.1766,9.7909
2020-10-14 23:00:00+00:00,0.0000,0.0000,0.0000,0.0000,12.9525
2020-10-15 00:00:00+00:00,0.0000,0.0000,0.0000,0.0000,13.3528
2020-10-15 01:00:00+00:00,3.5574,2.4025,5.1456,1.6516,10.5442
2020-10-15 02:00:00+00:00,15.5260,19.1006,21.1178,30.7361,18.3175
2020-10-15 03:00:00+00:00,9.5746,13.2144,11.1184,32.5017,33.1377
2020-10-15 04:00:00+00:00,8.8898,12.8537,14.4065,28.6950,45.5435
2020-10-15 05:00:00+00:00,12.2869,18.2485,21.6165,33.8297,42.5595
2020-10-15 06:00:00+00:00,22.3003,31.0777,39.2826,48.5715,52.7237
2020-10-15 07:00:00+00:00,44.6543,61.0932,72.3593,81.5033,76.7893
2020-10-15 08:00:00+00:00,56.4454,70.7820,78.7681,77.0854,76.9950
2020-10-15 09:00:00+00:00,77.7309,94.9796,82.5987,99.9291,78.1805
2020-10-15 10:00:00+00:00,81.0000,100.5000,106.0119,213.3928,77.1670
2020-10-15 11:00:00+00:00,81.0000,100.5000,106.5000,215.2000,78.6086
2020-10-15 12:00:00+00:00,81.0000,99.9761,104.9648,215.2000,77.0114
2020-10-15 13:00:00+00:00,79.7632,97.8508,105.8379,213.6096,78.4363
2020-10-15 14:00:00+00:00,78.5769,96.5024,105.4203,206.2968,79.9000
2020-10-15 15:00:00+00:00,79.0286,95.7599,103.5341,193.9701,79.9000
2020-10-15 16:00:00+00:00,71.0182,70.4176,86.3475,135.4567,79.9000
2020-10-15 17:00:00+00:00,67.6872,74.2655,93.3032,134.8445,79.9000
2020-10-15 18:00:00+00:00,65.9495,73.8994,88.7840,136.7510,78.4544
2020-10-15 19:00:00+00:00,51.1076,55.2342,66.5072,107.9954,54.3675
2020-10-15 20:00:00+00:00,43.0404,42.2402,48.9778,89.8307,77.1564
2020-10-15 21:00:00+00:00,15.4801,30.6307,34.3363,54.2684,59.1450
2020-10-15 22:00:00+00:00,30.5321,31.5126,36.9935,84.8546,76.5361
2020-10-15 23:00:00+00:00,8.8656,11.0482,7.2643,35.1066,77.8739
2020-10-16 00:00:00+00:00,28.4811,39.8877,33.3411,99.9624,57.4005
2020-10-16 01:00:00+00:00,39.6572,40.5430,37.4181,168.0147,38.7360
2020-10-16 02:00:00+00:00,13.6933,15.9998,12.9790,70.6774,19.6141
2020-10-16 03:00:00+00:00,15.1679,19.8383,12.8602,58.8545,6.0935
2020-10-16 04:00:00+00:00,10.9007,14.1493,8.1857,61.1513,5.1311
2020-10-16 05:00:00+00:00,13.1906,16.4853,8.6172,57.3622,8.9626
2020-10-16 06:00:00+00:00,5.4604,8.3894,4.9755,18.5348,5.1009
2020-10-16 07:00:00+00:00,2.2959,3.1098,1.7235,6.5729,1.6939
2020-10-16 08:00:00+00:00,0.0000,2.3771,2.1276,3.7686,3.1606
2020-10-16 09:00:00+00:00,0.5984,3.0812,3.0283,5.4332,0.0000
2020-10-16 10:00:00+00:00,0.0000,0.0000,0.0000,0.0000,46.9263
2020-10-16 11:00:00+00:00,0.0000,0.0000,0.0000,0.0000,29.1017
2020-10-16 12:00:00+00:00,0.9509,0.0000,0.0000,0.0000,17.6437
2020-10-16 13:00:00+00:00,7.9251,4.5082,8.1187,6.0257,20.0907
2020-10-16 14:00:00+00:00,13.5599,15.0843,15.0635,25.4331,36.1345
2020-10-16 15:00:00+00:00,13.5503,14.3336,12.7134,29.1296,26.9435
2020-10-16 16:00:00+00:00,6.3465,7.7298,5.5930,15.2327,17.4496
2020-10-16 17:00:00+00:00,3.8101,3.3509,3.1677,4.8045,26.5978
2020-10-16 18:00:00+00:00,3.6763,3.9244,5.0146,5.9461,24.9798
2020-10-16 19:00:00+00:00,9.1890,10.2583,10.4723,20.0438,28.3484
2020-10-16 20:00:00+00:00,7.6009,9.0272,8.9591,17.2279,21.3791
2020-10-16 21:00:00+00:00,9.9119,11.8798,12.9528,20.3817,20.8888
2020-10-16 22:00:00+00:00,7.3132,7.6492,8.5251,17.4370,24.6238
2020-10-16 23:00:00+00:00,4.6518,6.0869,6.4015,13.0816,22.1066
2020-10-17 00:00:00+00:00,9.1802,12.6277,12.2661,26.5228,17.7134
2020-10-17 01:00:00+00:00,10.7536,13.2552,11.6014,30.6807,14.8903
2020-10-17 02:00:00+00:00,9.6741,13.0864,11.7247,28.7794,14.6648
2020-10-17 03:00:00+00:00,8.7038,9.8570,9.3202,25.0149,6.2857
2020-10-17 04:00:00+00:00,3.6780,3.1669,2.7579,10.8578,3.8759
2020-10-17 05:00:00+00:00,5.3326,4.3769,3.6743,16.6732,15.4740
2020-10-17 06:00:00+00:00,6.6531,5.0933,4.7509,17.7561,14.9994
2020-10-17 07:00:00+00:00,4.0991,2.2130,1.5442,11.6810,10.8566
2020-10-17 08:00:00+00:00,3.4345,0.8426,0.1116,7.1942,5.4532
2020-10-17 09:00:00+00:00,1.8648,0.0000,0.0000,2.8273,3.8607
2020-10-17 10:00:00+00:00,1.4228,0.0000,0.0000,3.4928,2.5365
2020-10-17 11:00:00+00:00,1.1258,0.0000,0.0000,1.9690,0.0000
2020-10-17 12:00:00+00:00,2.3332,0.5263,0.0000,6.4277,0.0000
2020-10-17 13:00:00+00:00,0.0000,0.0000,0.0000,0.0000,0.0000
2020-10-17 14:00:00+00:00,0.0000,0.0000,0.0000,0.0000,0.0000
2020-10-17 15:00:00+00:00,0.0183,0.0000,0.0000,0.0000,4.3400
2020-10-17 16:00:00+00:00,2.5287,1.9921,2.0124,5.4086,16.8095
2020-10-17 17:00:00+00:00,9.4966,9.5338,9.9564,22.3057,15.7997
2020-10-17 18:00:00+00:00,9.8051,11.4573,12.0211,26.1685,13.3696
2020-10-17 19:00:00+00:00,10.1575,12.3862,13.3471,28.2188,19.1071
2020-10-17 20:00:00+00:00,11.5654,14.2811,16.2583,30.4924,20.0043
2020-10-17 21:00:00+00:00,17.1448,20.1421,25.1409,36.9621,13.2585
2020-10-17 22:00:00+00:00,13.9022,18.2146,20.2442,35.8990,3.8829
2020-10-17 23:00:00+00:00,14.0220,19.5206,18.5586,40.6614,1.2245
2020-10-18 00:00:00+00:00,14.9271,18.6063,17.6387,41.1259,1.5021
2020-10-18 01:00:00+00:00,10.2225,12.5293,12.5375,25.2539,6.1354
2020-10-18 02:00:00+00:00,10.9319,14.1807,14.6264,28.4398,19.9421
2020-10-18 03:00:00+00:00,12.5474,15.8558,17.0988,32.6420,33.3657
2020-10-18 04:00:00+00:00,19.7198,22.3035,23.0490,51.5218,46.1616
2020-10-18 05:00:00+00:00,29.0186,32.6193,31.2296,79.6525,51.5082
2020-10-18 06:00:00+00:00,31.8970,33.8307,33.9471,82.7972,63.4917
2020-10-18 07:00:00+00:00,42.5383,45.2701,47.4230,104.1406,75.6784
2020-10-18 08:00:00+00:00,51.9879,53.2297,45.4626,133.4764,73.6690
2020-10-18 09:00:00+00:00,58.8329,63.9004,48.9552,158.1192,52.9724
2020-10-18 10:00:00+00:00,74.8959,86.0854,66.9119,203.8524,48.8497
2020-10-18 11:00:00+00:00,77.0230,95.1833,74.2488,205.5638,61.7470
2020-10-18 12:00:00+00:00,76.8547,94.4405,76.3881,201.6404,73.2264
2020-10-18 13:00:00+00:00,77.3276,85.5557,72.4442,174.3910,51.2915
2020-10-18 14:00:00+00:00,58.5396,46.7042,50.2564,84.1653,59.6794
2020-10-18 15:00:00+00:00,71.4468,53.4898,70.4404,89.4487,74.4527
2020-10-18 16:00:00+00:00,65.1215,47.0289,67.1587,85.7056,78.6463
2020-10-18 17:00:00+00:00,45.6522,33.0464,45.8681,63.7876,79.9000
2020-10-18 18:00:00+00:00,30.3576,23.7803,31.6561,48.4618,79.9000
2020-10-18 19:00:00+00:00,33.0622,29.4546,36.3719,61.8675,79.9000
2020-10-18 20:00:00+00:00,31.9975,32.1261,39.3820,66.3812,76.3505
2020-10-18 21:00:00+00:00,35.1535,36.1000,43.5718,75.9469,61.7188
2020-10-18 22:00:00+00:00,42.0538,36.9201,45.3920,72.6597,62.7450
2020-10-18 23:00:00+00:00,54.0339,46.0050,57.5682,74.2857,76.0682
2020-10-19 00:00:00+00:00,79.8092,95.9635,102.6030,168.7543,69.8314
2020-10-19 01:00:00+00:00,81.0000,99.6820,104.9397,209.2314,75.5447
2020-10-19 02:00:00+00:00,80.1053,98.4798,103.4477,206.3887,78.2949
2020-10-19 03:00:00+00:00,80.5256,97.8987,103.6857,208.6710,79.9000
2020-10-19 04:00:00+00:00,81.0000,100.5000,106.5000,215.2000,79.9000
2020-10-19 05:00:00+00:00,81.0000,100.5000,106.5000,215.2000,78.0350
2020-10-19 06:00:00+00:00,80.4754,100.4214,103.7583,215.2000,56.2084
2020-10-19 07:00:00+00:00,78.6167,97.7557,101.7896,215.0889,63.1215
2020-10-19 08:00:00+00:00,70.5999,87.1143,88.7025,206.8864,52.3047
2020-10-19 09:00:00+00:00,61.3970,67.2462,58.6128,189.1950,35.0953
2020-10-19 10:00:00+00:00,51.2135,63.5602,55.9969,146.1485,37.1280
2020-10-19 11:00:00+00:00,37.4799,41.4723,32.6893,87.3959,34.8625
2020-10-19 12:00:00+00:00,43.8899,45.0350,36.3358,94.5102,25.5903
2020-10-19 13:00:00+00:00,30.8179,27.0334,21.6800,60.6185,29.3880
2020-10-19 14:00:00+00:00,10.9001,5.4860,6.2141,13.0421,14.5729
2020-10-19 15:00:00+00:00,2.9011,0.0000,0.0000,0.0000,12.6259
2020-10-19 16:00:00+00:00,3.6171,0.0000,0.2410,0.0935,6.3909
2020-10-19 17:00:00+00:00,0.0000,0.0000,0.0000,0.0000,0.0000
2020-10-19 18:00:00+00:00,0.0000,0.0000,0.0000,0.0000,0.0000
2020-10-19 19:00:00+00:00,0.0000,0.0000,0.0000,0.0000,0.0000
2020-10-19 20:00:00+00:00,1.1894,2.9055,2.8743,5.5564,0.0000
2020-10-19 21:00:00+00:00,1.3519,2.3886,2.4832,4.8098,0.0000
2020-10-19 22:00:00+00:00,0.0000,0.0000,0.0000,1.6472,0.0000
2020-10-19 23:00:00+00:00,0.0000,0.0000,0.0000,0.0000,0.0000
2020-10-20 00:00:00+00:00,0.0000,0.0000,0.3577,0.0000,0.0000
2020-10-20 01:00:00+00:00,2.5871,3.2117,4.6921,3.2645,0.0000
2020-10-20 02:00:00+00:00,4.2528,7.3765,9.5774,11.2205,1.1665
2020-10-20 03:00:00+00:00,4.3178,13.2234,11.2804,24.3442,11.4986
2020-10-20 04:00:00+00:00,1.6808,7.4325,6.5829,12.6068,17.6832
2020-10-20 05:00:00+00:00,7.3545,4.3918,7.4505,7.2952,17.1297
2020-10-20 06:00:00+00:00,30.7223,12.9811,21.3209,16.8939,10.9793
2020-10-20 07:00:00+00:00,52.9529,46.4057,54.5177,50.8924,8.0615
2020-10-20 08:00:00+00:00,47.7776,47.3011,63.3801,81.0510,0.0000
2020-10-20 09:00:00+00:00,66.2844,15.3546,29.4958,69.4220,0.0000
2020-10-20 10:00:00+00:00,15.1857,14.1666,15.4498,37.3594,0.0000
2020-10-20 11:00:00+00:00,14.0863,7.9843,6.1223,30.3176,2.4358
2020-10-20 12:00:00+00:00,5.6322,4.6090,4.1682,11.6716,2.5224
2020-10-20 13:00:00+00:00,6.4776,5.5326,4.5133,18.9275,0.0000
2020-10-20 14:00:00+00:00,8.9893,10.0743,8.4384,26.8849,0.0000
2020-10-20 15:00:00+00:00,12.5860,12.9117,10.2899,36.6741,0.0000
2020-10-20 16:00:00+00:00,13.3927,11.9969,8.9365,34.2996,0.0000
2020-10-20 17:00:00+00:00,9.9283,9.6210,8.1328,24.6827,0.0000
2020-10-20 18:00:00+00:00,7.7410,10.0289,8.6015,23.0711,0.0000
2020-10-20 19:00:00+00:00,4.2100,5.7428,4.8908,13.4318,0.0000
2020-10-20 20:00:00+00:00,5.0381,5.9281,5.0766,15.9906,5.4456
2020-10-20 21:00:00+00:00,3.1512,2.6815,2.1531,9.0438,4.9553
2020-10-20 22:00:00+00:00,2.3349,1.7778,0.9767,7.4571,6.4755
2020-10-20 23:00:00+00:00,1.5743,0.7109,0.0000,5.1135,4.1789
2020-10-21 00:00:00+00:00,0.0000,0.0000,0.0000,0.0000,2.6716
2020-10-21 01:00:00+00:00,0.0000,0.0000,0.0000,0.0000,3.9586
2020-10-21 02:00:00+00:00,6.2174,8.8666,8.0059,18.2675,2.7517
2020-10-21 03:00:00+00:00,13.2695,16.6546,17.9701,34.6521,3.7047
2020-10-21 04:00:00+00:00,24.0654,26.4986,36.7505,48.4802,0.0000
2020-10-21 05:00:00+00:00,28.5579,35.2563,48.8693,59.4522,0.0000
2020-10-21 06:00:00+00:00,27.2319,36.3441,48.1669,58.3998,4.8368
2020-10-21 07:00:00+00:00,23.6923,37.5902,46.8658,57.0195,9.8554
2020-10-21 08:00:00+00:00,24.2723,40.4228,44.1756,64.8890,20.7629
2020-10-21 09:00:00+00:00,12.8552,35.7798,27.8546,57.2548,70.1743
2020-10-21 10:00:00+00:00,13.3030,29.6980,38.2841,54.9314,74.0863
2020-10-21 11:00:00+00:00,37.5052,29.8321,73.8408,35.1983,79.6214
2020-10-21 12:00:00+00:00,78.4809,79.2383,104.0983,87.9302,62.2491
2020-10-21 13:00:00+00:00,81.0000,99.3124,104.3356,214.0847,77.5719
2020-10-21 14:00:00+00:00,77.9621,96.4890,103.1376,209.6237,79.9000
2020-10-21 15:00:00+00:00,57.2899,78.5300,97.1003,168.0678,76.6233
2020-10-21 16:00:00+00:00,69.7859,89.7870,102.6636,183.9354,79.9000
2020-10-21 17:00:00+00:00,80.5856,99.0642,106.5000,209.7359,78.8312
2020-10-21 18:00:00+00:00,81.0000,99.5356,106.5000,209.9356,79.3826
2020-10-21 19:00:00+00:00,80.7771,99.9676,106.5000,212.6674,75.6021
2020-10-21 20:00:00+00:00,62.7970,87.8843,99.0749,172.7551,28.2954
2020-10-21 21:00:00+00:00,53.5721,52.1488,67.7235,112.8206,73.5667
2020-10-21 22:00:00+00:00,37.1708,55.5076,65.8214,125.2486,34.8441
2020-10-21 23:00:00+00:00,53.1056,75.9455,87.6199,167.4005,23.2962
2020-10-22 00:00:00+00:00,66.8867,75.4769,79.0274,181.0845,30.2492
2020-10-22 01:00:00+00:00,61.2707,65.2862,64.9908,155.1959,13.9404
2020-10-22 02:00:00+00:00,39.8418,51.0887,47.2131,111.5791,6.2690
2020-10-22 03:00:00+00:00,30.1550,40.0721,37.0311,80.9646,0.8076
2020-10-22 04:00:00+00:00,26.7138,32.6228,31.4914,67.6665,0.0000
2020-10-22 05:00:00+00:00,21.0134,25.3467,24.2624,54.2127,0.7236
2020-10-22 06:00:00+00:00,12.2355,14.4113,12.8185,33.4937,0.0000
2020-10-22 07:00:00+00:00,7.7595,9.1718,7.8549,22.0676,0.0000
2020-10-22 08:00:00+00:00,7.1690,7.2454,6.1058,20.8881,0.0000
2020-10-22 09:00:00+00:00,7.6914,7.7010,6.6032,21.9494,0.0000
2020-10-22 10:00:00+00:00,2.8631,3.4077,2.5598,10.3147,0.0000
2020-10-22 11:00:00+00:00,1.8204,2.2101,1.2552,8.2962,0.0000
2020-10-22 12:00:00+00:00,0.0000,1.0180,0.4211,3.5367,0.0000
2020-10-22 13:00:00+00:00,0.0000,0.0000,0.0000,0.0000,0.0000
2020-10-22 14:00:00+00:00,0.0000,0.0000,0.0000,0.0000,0.0000
2020-10-22 15:00:00+00:00,0.0000,0.0000,0.0000,0.0000,1.7752
2020-10-22 16:00:00+00:00,0.0000,0.0000,0.0000,0.0000,0.0000
2020-10-22 17:00:00+00:00,0.0000,0.0000,0.0000,0.0000,0.0000
2020-10-22 18:00:00+00:00,0.0000,0.0000,0.0000,0.0000,0.0000
2020-10-22 19:00:00+00:00,0.0000,0.0000,0.0000,0.0000,0.0000
2020-10-22 20:00:00+00:00,0.0000,0.0000,0.0000,0.0000,0.0000
2020-10-22 21:00:00+00:00,0.0000,0.0000,0.0000,0.0000,0.0000
2020-10-22 22:00:00+00:00,0.0000,0.0000,0.0000,0.0000,0.0000
2020-10-22 23:00:00+00:00,0.0000,0.0000,0.0000,0.0000,0.0000
2020-10-23 00:00:00+00:00,0.0439,1.1974,1.0248,0.0000,0.0000
2020-10-23 01:00:00+00:00,2.1318,6.8481,6.5117,9.3793,2.7532
2020-10-23 02:00:00+00:00,1.0685,6.0577,5.6112,8.7704,8.6371
2020-10-23 03:00:00+00:00,1.4362,8.5536,7.8380,13.4729,23.8105
2020-10-23 04:00:00+00:00,2.3970,11.1634,11.9323,17.5075,31.7536
2020-10-23 05:00:00+00:00,2.6685,13.2637,11.7447,24.3809,55.7529
2020-10-23 06:00:00+00:00,4.9254,22.0190,15.1042,41.8978,75.6826
2020-10-23 07:00:00+00:00,4.6340,23.5487,17.2997,42.7656,76.2229
2020-10-23 08:00:00+00:00,10.5578,15.5374,25.8547,26.0424,57.7939
2020-10-23 09:00:00+00:00,66.1555,51.6557,63.4393,48.0138,52.8845
2020-10-23 10:00:00+00:00,77.4908,83.7948,75.2609,181.6111,41.6505
2020-10-23 11:00:00+00:00,68.6605,65.8131,73.9124,161.7976,47.5034
2020-10-23 12:00:00+00:00,76.8514,74.8361,92.0506,151.1836,37.9313
2020-10-23 13:00:00+00:00,60.2316,53.3156,68.9362,104.5702,25.4235
2020-10-23 14:00:00+00:00,51.3803,37.4214,49.4860,77.7084,50.4315
2020-10-23 15:00:00+00:00,50.4210,43.8077,59.1884,87.7407,47.4120
2020-10-23 16:00:00+00:00,40.0504,33.2619,45.2301,64.9325,46.9280
2020-10-23 17:00:00+00:00,31.7323,29.8359,37.0080,58.6216,46.3991
2020-10-23 18:00:00+00:00,26.5064,29.3286,32.3893,58.6746,51.7008
2020-10-23 19:00:00+00:00,34.8971,39.3783,42.7981,81.7610,53.8451
2020-10-23 20:00:00+00:00,39.0052,42.8810,46.8873,89.1820,42.5317
2020-10-23 21:00:00+00:00,43.5339,46.5263,51.0594,97.9651,29.7378
2020-10-23 22:00:00+00:00,40.2613,41.3119,47.5001,75.6069,46.3634
2020-10-23 23:00:00+00:00,47.9010,45.3135,47.6436,85.6289,47.7364
2020-10-24 00:00:00+00:00,53.1985,52.0721,51.5318,94.5068,65.5256
2020-10-24 01:00:00+00:00,78.6841,96.2440,101.3950,201.4587,79.9000
2020-10-24 02:00:00+00:00,79.8404,97.8523,103.3677,208.3379,79.9000
2020-10-24 03:00:00+00:00,81.0000,100.5000,106.5000,215.2000,79.9000
2020-10-24 04:00:00+00:00,81.0000,100.5000,106.5000,215.2000,79.9000
2020-10-24 05:00:00+00:00,81.0000,100.5000,106.5000,215.2000,79.9000
2020-10-24 06:00:00+00:00,81.0000,100.5000,106.5000,215.2000,79.9000
2020-10-24 07:00:00+00:00,80.2583,99.8401,105.3930,214.9904,77.0585
2020-10-24 08:00:00+00:00,72.1245,76.3828,77.2350,179.8126,76.9108
2020-10-24 09:00:00+00:00,65.2302,70.5862,70.9372,126.8543,57.5772
2020-10-24 10:00:00+00:00,29.0357,32.2120,35.4984,81.4466,77.5578
2020-10-24 11:00:00+00:00,78.6313,95.4213,101.9274,207.6010,70.2623
2020-10-24 12:00:00+00:00,72.9479,69.8165,64.7420,201.8117,65.8850
2020-10-24 13:00:00+00:00,77.0615,88.5779,79.6090,205.9183,59.4662
2020-10-24 14:00:00+00:00,71.9792,74.9323,68.5716,193.8336,35.4610
2020-10-24 15:00:00+00:00,54.6734,59.3357,57.2647,149.8546,25.7144
2020-10-24 16:00:00+00:00,35.0669,33.0157,31.7722,94.6338,16.7880
2020-10-24 17:00:00+00:00,26.6833,26.1979,24.4406,72.0323,17.9933
2020-10-24 18:00:00+00:00,17.6145,17.8781,16.6101,48.7303,10.4841
2020-10-24 19:00:00+00:00,25.6614,26.6588,25.8589,70.0183,10.7419
2020-10-24 20:00:00+00:00,29.7619,30.9947,30.5854,78.2122,15.1187
2020-10-24 21:00:00+00:00,24.6520,27.2562,28.2086,64.7094,21.7819
2020-10-24 22:00:00+00:00,25.1308,25.0418,26.2122,62.3945,25.0309
2020-10-24 23:00:00+00:00,17.1762,16.2883,17.0767,44.5248,19.0750
2020-10-25 00:00:00+00:00,18.2658,16.9166,18.3361,45.2250,17.1516
2020-10-25 01:00:00+00:00,16.9713,14.3959,15.5922,41.2767,17.0107
2020-10-25 02:00:00+00:00,12.2891,9.3269,9.5552,29.9007,14.4753
2020-10-25 03:00:00+00:00,15.7730,12.2246,12.9435,36.5125,14.6657
2020-10-25 04:00:00+00:00,14.4855,11.2035,11.3000,36.0589,9.7999
2020-10-25 05:00:00+00:00,12.2494,10.5911,10.2998,31.4824,22.9638
2020-10-25 06:00:00+00:00,10.3790,9.6769,9.7917,28.2569,23.5034
2020-10-25 07:00:00+00:00,7.8924,6.4151,6.5425,19.8255,14.0046
2020-10-25 08:00:00+00:00,4.6624,2.8320,2.9933,10.6672,16.5915
2020-10-25 09:00:00+00:00,3.8933,3.1297,3.1370,9.7595,10.4542
2020-10-25 10:00:00+00:00,2.1595,1.0915,0.7409,5.5177,13.5604
2020-10-25 11:00:00+00:00,2.6244,1.8030,1.4323,7.8836,14.3906
2020-10-25 12:00:00+00:00,1.6603,0.5687,0.0000,4.6432,7.3038
2020-10-25 13:00:00+00:00,1.3027,0.0000,0.0000,1.9617,1.8702
2020-10-25 14:00:00+00:00,1.0360,0.5348,1.0074,1.1958,2.7858
2020-10-25 15:00:00+00:00,0.8754,0.2930,0.6961,1.5269,4.0026
2020-10-25 16:00:00+00:00,0.0000,0.0000,0.0000,0.0000,2.4437
2020-10-25 17:00:00+00:00,1.4163,0.2060,1.3952,0.7848,4.1863
2020-10-25 18:00:00+00:00,1.2755,0.1456,1.0712,1.3911,5.8371
2020-10-25 19:00:00+00:00,3.2175,2.0213,2.9558,5.2595,7.0731
2020-10-25 20:00:00+00:00,3.5772,2.5909,3.5045,5.9395,7.3458
2020-10-25 21:00:00+00:00,4.2052,3.8747,4.5419,8.1740,7.7478
2020-10-25 22:00:00+00:00,9.7537,9.7672,11.5632,20.8577,5.6773
2020-10-25 23:00:00+00:00,10.9515,14.4518,16.2421,27.6125,8.2066
2020-10-26 00:00:00+00:00,16.4465,20.5651,23.4898,39.8990,2.7461
2020-10-26 01:00:00+00:00,16.8087,20.3220,25.1839,38.9438,0.0000
2020-10-26 02:00:00+00:00,22.5137,33.3026,41.9568,55.6945,17.5324
2020-10-26 03:00:00+00:00,24.0163,45.1122,53.1005,71.9978,28.9121
2020-10-26 04:00:00+00:00,22.8565,56.9644,58.8188,92.9819,36.3814
2020-10-26 05:00:00+00:00,21.5033,60.6544,61.5319,94.8840,38.1491
2020-10-26 06:00:00+00:00,13.8636,45.7316,43.7974,70.0243,33.3677
2020-10-26 07:00:00+00:00,10.1124,35.1285,30.6563,56.4022,28.6005
2020-10-26 08:00:00+00:00,3.3533,10.1253,4.1784,30.5504,28.9136
2020-10-26 09:00:00+00:00,5.3001,9.7718,19.0804,8.9992,30.8590
2020-10-26 10:00:00+00:00,8.7815,13.6115,18.4444,14.3361,20.9896
2020-10-26 11:00:00+00:00,7.8013,9.7521,9.8029,21.8840,22.7169
2020-10-26 12:00:00+00:00,18.2030,21.0257,25.5816,46.9106,25.3546
2020-10-26 13:00:00+00:00,36.2673,28.1979,56.4743,66.5422,32.1621
2020-10-26 14:00:00+00:00,46.7387,34.7373,85.1071,57.3587,48.8161
2020-10-26 15:00:00+00:00,50.5607,60.7784,85.8182,63.0099,49.1108
2020-10-26 16:00:00+00:00,50.9981,30.6993,36.6364,39.1357,31.7889
2020-10-26 17:00:00+00:00,43.5481,10.9071,11.2537,35.9921,24.0322
2020-10-26 18:00:00+00:00,20.3751,5.5432,9.2130,22.2095,11.0629
2020-10-26 19:00:00+00:00,11.4725,0.0000,1.5860,0.0000,6.4300
2020-10-26 20:00:00+00:00,4.0174,0.0000,0.0000,1.4232,3.0495
2020-10-26 21:00:00+00:00,3.5430,0.0000,0.1006,0.0000,4.2495
2020-10-26 22:00:00+00:00,2.4121,1.2728,1.3208,2.4185,8.6187
2020-10-26 23:00:00+00:00,2.4282,1.9133,1.7241,3.8839,8.6029
2020-10-27 00:00:00+00:00,3.8736,4.1408,4.3400,8.4056,6.4163
2020-10-27 01:00:00+00:00,12.3254,11.0894,12.3074,27.9302,9.2457
2020-10-27 02:00:00+00:00,13.1933,10.1664,10.2831,30.3442,7.4544
2020-10-27 03:00:00+00:00,11.7802,10.6869,10.8207,28.4737,9.6618
2020-10-27 04:00:00+00:00,13.1650,11.8555,11.1973,34.0023,7.1688
2020-10-27 05:00:00+00:00,10.2754,10.4256,9.7177,27.6147,3.8985
2020-10-27 06:00:00+00:00,7.3038,6.7678,6.5116,18.5560,0.0000
2020-10-27 07:00:00+00:00,9.0200,7.2230,6.8742,21.8673,0.0000
2020-10-27 08:00:00+00:00,10.8068,9.4705,9.1463,27.8961,2.4281
2020-10-27 09:00:00+00:00,12.2479,10.4073,10.6167,31.3161,3.6637
2020-10-27 10:00:00+00:00,8.7147,7.9402,8.2114,22.4594,0.0000
2020-10-27 11:00:00+00:00,7.2377,7.4391,6.7458,20.3693,0.8446
2020-10-27 12:00:00+00:00,8.1606,8.0778,7.8257,23.2466,3.5524
2020-10-27 13:00:00+00:00,5.7956,5.7963,5.4423,17.2666,3.9609
2020-10-27 14:00:00+00:00,2.9638,2.8690,2.4425,9.0913,1.4217
2020-10-27 15:00:00+00:00,2.9366,2.9264,2.6753,8.0722,0.0000
2020-10-27 16:00:00+00:00,1.8924,1.7823,1.5043,4.9263,0.0000
2020-10-27 17:00:00+00:00,2.5360,2.9178,2.9477,6.8314,0.0000
2020-10-27 18:00:00+00:00,2.0773,2.3943,2.2361,5.7652,0.0000
2020-10-27 19:00:00+00:00,1.6969,1.8894,1.5946,5.1366,0.0000
2020-10-27 20:00:00+00:00,0.0000,0.0000,0.0000,0.1860,0.0000
2020-10-27 21:00:00+00:00,1.7011,2.0331,1.9133,5.4988,0.0000
2020-10-27 22:00:00+00:00,1.8934,1.5183,0.2978,6.3222,0.0000
2020-10-27 23:00:00+00:00,0.0000,0.0000,0.0000,0.9513,0.0000
2020-10-28 00:00:00+00:00,0.0000,0.0000,0.0000,0.0000,7.0522
2020-10-28 01:00:00+00:00,0.0000,0.0000,0.0000,0.0000,3.6413
2020-10-28 02:00:00+00:00,0.0000,0.0000,0.0000,0.0000,6.8959
2020-10-28 03:00:00+00:00,0.0000,0.0000,1.0116,0.0000,13.4600
2020-10-28 04:00:00+00:00,1.7643,4.7481,5.9220,4.2874,6.7825
2020-10-28 05:00:00+00:00,2.8844,5.1507,7.2565,4.6590,4.3574
2020-10-28 06:00:00+00:00,2.1837,3.5901,5.3046,2.0908,4.3520
2020-10-28 07:00:00+00:00,4.6598,5.9360,9.4296,6.2906,20.7325
2020-10-28 08:00:00+00:00,7.6823,8.7420,13.9451,7.4377,18.0181
2020-10-28 09:00:00+00:00,10.5427,11.7333,16.8963,9.7582,22.4100
2020-10-28 10:00:00+00:00,12.0118,10.4359,10.5041,24.5376,7.1250
2020-10-28 11:00:00+00:00,12.0011,10.9692,11.1414,25.1785,6.7700
2020-10-28 12:00:00+00:00,12.2802,9.1782,9.4890,20.5848,7.7141
2020-10-28 13:00:00+00:00,6.2055,6.1942,6.0419,13.2166,7.7726
2020-10-28 14:00:00+00:00,7.9323,7.1011,9.2118,8.9512,10.5501
2020-10-28 15:00:00+00:00,21.1346,18.4509,20.8336,33.8344,11.4829
2020-10-28 16:00:00+00:00,12.7353,14.2550,12.7314,33.0043,10.3588
2020-10-28 17:00:00+00:00,6.0525,7.7401,8.5327,13.6832,7.0228
2020-10-28 18:00:00+00:00,3.3629,3.1811,4.0196,6.7348,7.4826
2020-10-28 19:00:00+00:00,3.0774,4.8195,6.7265,5.8668,41.4347
2020-10-28 20:00:00+00:00,10.8314,17.3765,18.8194,24.9736,69.7643
2020-10-28 21:00:00+00:00,33.0413,35.3316,37.6282,70.7743,75.7382
2020-10-28 22:00:00+00:00,40.8607,40.8419,46.1842,80.3763,59.0254
2020-10-28 23:00:00+00:00,36.8950,42.9953,46.0548,80.7038,30.0382
2020-10-29 00:00:00+00:00,46.2840,48.8840,49.8524,99.4602,34.0856
2020-10-29 01:00:00+00:00,48.7236,57.8272,58.4740,120.8995,37.3197
2020-10-29 02:00:00+00:00,76.9017,95.3184,95.0551,204.1343,48.1381
2020-10-29 03:00:00+00:00,65.7041,80.2172,78.0980,178.6176,52.4830
2020-10-29 04:00:00+00:00,54.4751,68.0260,67.8095,145.4732,28.6709
2020-10-29 05:00:00+00:00,39.8148,50.0074,46.9336,112.8376,14.8534
2020-10-29 06:00:00+00:00,29.1842,36.1071,34.8191,76.8921,4.0711
2020-10-29 07:00:00+00:00,26.7466,31.8891,31.1521,71.4623,4.0797
2020-10-29 08:00:00+00:00,16.3171,19.3096,19.1177,43.1087,2.0634
2020-10-29 09:00:00+00:00,6.8669,6.2713,6.5598,17.6834,0.0000
2020-10-29 10:00:00+00:00,4.3259,4.2416,4.3079,11.7674,0.0000
2020-10-29 11:00:00+00:00,1.7926,1.8769,1.2830,5.4510,0.0000
2020-10-29 12:00:00+00:00,0.0000,0.0000,0.0000,0.0000,0.0000
2020-10-29 13:00:00+00:00,0.0000,0.0000,0.0000,0.0000,0.0000
2020-10-29 14:00:00+00:00,0.0000,0.0000,0.0000,0.0000,0.0000
2020-10-29 15:00:00+00:00,0.0000,0.0000,0.0000,0.0000,0.0000
2020-10-29 16:00:00+00:00,0.0000,0.0000,0.0000,0.0000,0.0000
2020-10-29 17:00:00+00:00,1.5923,2.0197,2.5552,3.7238,0.0000
2020-10-29 18:00:00+00:00,2.0205,2.3891,2.9987,5.2450,0.0000
2020-10-29 19:00:00+00:00,4.9129,5.9794,6.3600,14.1649,3.2921
2020-10-29 20:00:00+00:00,13.0627,14.2613,15.8164,33.3961,7.3624
2020-10-29 21:00:00+00:00,18.6830,20.7141,25.5789,42.4156,8.2108
2020-10-29 22:00:00+00:00,17.6143,19.1104,23.8262,38.0838,22.0422
2020-10-29 23:00:00+00:00,18.9762,20.8018,25.6816,41.4879,29.0552
2020-10-30 00:00:00+00:00,20.3488,20.3349,25.9696,41.6489,39.2768
2020-10-30 01:00:00+00:00,33.6065,35.5958,42.2400,75.0490,36.2526
2020-10-30 02:00:00+00:00,41.0510,43.8550,52.5290,91.7304,35.8968
2020-10-30 03:00:00+00:00,47.7825,52.7164,64.0518,106.1738,32.3401
2020-10-30 04:00:00+00:00,38.9357,41.6622,53.0211,79.8657,34.8675
2020-10-30 05:00:00+00:00,33.9073,37.0910,46.4549,71.3002,40.3225
2020-10-30 06:00:00+00:00,35.7655,37.7010,46.1585,77.5991,36.7726
2020-10-30 07:00:00+00:00,27.4518,28.7100,34.6991,60.3565,35.4720
2020-10-30 08:00:00+00:00,30.5226,34.4188,39.4568,73.7620,30.9814
2020-10-30 09:00:00+00:00,24.5788,27.9983,32.4818,58.7515,38.5512
2020-10-30 10:00:00+00:00,14.0364,17.2728,19.5160,35.8676,24.2718
2020-10-30 11:00:00+00:00,6.5977,8.6758,9.4336,18.5207,24.4893
2020-10-30 12:00:00+00:00,5.8587,9.0171,9.1212,20.3803,31.0339
2020-10-30 13:00:00+00:00,9.1514,12.1443,12.4828,28.2567,32.7247
2020-10-30 14:00:00+00:00,12.2339,13.6647,15.1727,30.6388,27.8682
2020-10-30 15:00:00+00:00,11.9637,12.6808,14.0123,28.9267,23.7620
2020-10-30 16:00:00+00:00,9.8903,11.5269,12.0848,26.6236,20.6873
2020-10-30 17:00:00+00:00,9.3748,11.1014,11.8526,25.5931,16.0236
2020-10-30 18:00:00+00:00,4.6349,5.1228,5.7440,12.2183,18.0325
2020-10-30 19:00:00+00:00,3.6890,4.4957,4.8731,10.4962,17.7567
2020-10-30 20:00:00+00:00,2.1377,2.4033,2.8314,5.7870,13.3016
2020-10-30 21:00:00+00:00,2.4223,2.2461,2.7120,6.0115,13.3508
2020-10-30 22:00:00+00:00,0.0000,0.0000,0.0000,0.0000,9.4090
2020-10-30 23:00:00+00:00,0.0000,0.0000,0.0000,0.0000,7.2122
2020-10-31 00:00:00+00:00,0.0000,0.0000,0.0000,0.0000,4.6339
2020-10-31 01:00:00+00:00,0.0000,0.0000,0.0000,0.0000,3.3801
2020-10-31 02:00:00+00:00,0.0000,0.0000,0.0000,0.0000,1.6751
2020-10-31 03:00:00+00:00,0.0000,0.0000,0.0000,0.0000,0.0000
2020-10-31 04:00:00+00:00,0.0000,0.0000,0.0000,0.0000,0.0000
2020-10-31 05:00:00+00:00,1.0659,2.0779,2.1284,3.1780,0.0000
2020-10-31 06:00:00+00:00,4.5485,6.9481,6.5486,15.1022,0.0000
2020-10-31 07:00:00+00:00,4.0848,6.6140,5.6122,16.6382,0.0000
2020-10-31 08:00:00+00:00,3.3660,5.9297,4.8039,15.7907,0.0000
2020-10-31 09:00:00+00:00,3.1642,5.6045,4.6186,14.6977,0.0000
2020-10-31 10:00:00+00:00,5.0984,7.4441,6.6104,20.2731,0.0000
2020-10-31 11:00:00+00:00,3.6666,6.1614,5.0395,17.1342,0.0000
2020-10-31 12:00:00+00:00,2.4009,4.2627,3.3306,12.2300,0.0000
2020-10-31 13:00:00+00:00,4.3039,6.7232,5.8983,17.2914,0.0000
2020-10-31 14:00:00+00:00,4.1631,5.1462,4.8331,12.8582,2.1467
2020-10-31 15:00:00+00:00,1.3402,1.4796,1.3613,3.5107,1.3020
2020-10-31 16:00:00+00:00,3.1962,2.4905,3.0143,5.0458,6.3891
2020-10-31 17:00:00+00:00,2.7770,1.7752,2.3533,3.1718,7.4258
2020-10-31 18:00:00+00:00,3.1036,1.5676,2.3104,2.8169,10.7048
2020-10-31 19:00:00+00:00,2.5735,1.7723,2.4514,3.2361,10.3908
2020-10-31 20:00:00+00:00,3.1867,2.8462,3.4501,5.0495,10.8712
2020-10-31 21:00:00+00:00,4.6763,4.6925,5.5912,8.4300,16.1456
2020-10-31 22:00:00+00:00,5.9175,7.3965,8.5842,9.6888,8.0162
2020-10-31 23:00:00+00:00,10.1331,14.0740,13.8609,21.2756,10.0049
2020-11-01 00:00:00+00:00,9.2106,10.1001,9.9441,21.4866,18.7326
2020-11-01 01:00:00+00:00,22.5983,18.4214,20.3064,41.1122,31.5833
2020-11-01 02:00:00+00:00,53.3983,38.3063,45.6265,65.6066,50.8806
2020-11-01 03:00:00+00:00,77.2559,71.7480,69.1496,112.3942,63.8809
2020-11-01 04:00:00+00:00,78.6962,90.9888,67.9402,165.9816,61.0445
2020-11-01 05:00:00+00:00,81.0000,97.0830,84.8317,207.8458,64.9871
2020-11-01 06:00:00+00:00,80.4935,92.5594,78.0459,207.9429,69.6786
2020-11-01 07:00:00+00:00,78.7425,81.7103,70.0809,201.7499,77.1326
2020-11-01 08:00:00+00:00,78.0387,77.3923,74.5143,185.1009,77.8788
2020-11-01 09:00:00+00:00,78.1498,77.3072,76.8473,179.4623,78.0766
2020-11-01 10:00:00+00:00,81.0000,97.7848,102.9796,211.8764,79.4539
2020-11-01 11:00:00+00:00,81.0000,99.7725,104.2883,215.2000,79.9000
2020-11-01 12:00:00+00:00,81.0000,100.5000,105.0188,215.2000,79.9000
2020-11-01 13:00:00+00:00,81.0000,100.5000,104.8761,215.2000,79.9000
2020-11-01 14:00:00+00:00,81.0000,100.5000,103.8444,213.7631,79.9000
2020-11-01 15:00:00+00:00,81.0000,99.9625,101.8788,210.1795,79.9000
2020-11-01 16:00:00+00:00,81.0000,100.5000,105.0751,215.2000,79.9000
2020-11-01 17:00:00+00:00,81.0000,100.5000,106.5000,215.2000,79.9000
2020-11-01 18:00:00+00:00,78.8710,97.5504,104.0441,210.7861,79.9000
2020-11-01 19:00:00+00:00,77.4773,93.2244,102.0396,202.2549,79.9000
2020-11-01 20:00:00+00:00,80.5059,100.5000,106.5000,213.9909,79.9000
2020-11-01 21:00:00+00:00,77.8870,96.7033,104.1993,205.5906,78.7880
2020-11-01 22:00:00+00:00,74.3849,95.4343,101.9875,206.4686,79.9000
2020-11-01 23:00:00+00:00,62.8454,81.2424,97.4651,186.7926,77.1674
2020-11-02 00:00:00+00:00,69.0880,83.4905,82.8432,203.1825,78.3756
2020-11-02 01:00:00+00:00,81.0000,100.5000,105.6404,215.2000,76.8874
2020-11-02 02:00:00+00:00,81.0000,100.5000,104.2590,215.2000,56.4814
2020-11-02 03:00:00+00:00,77.8789,95.4654,93.9052,204.0933,68.5743
2020-11-02 04:00:00+00:00,70.1571,77.8316,78.6253,160.4905,57.3871
2020-11-02 05:00:00+00:00,66.1837,69.9600,69.3608,167.4569,46.1501
2020-11-02 06:00:00+00:00,64.7488,72.1535,69.2712,173.7077,57.9352
2020-11-02 07:00:00+00:00,71.1469,76.5233,76.3500,183.6684,76.5260
2020-11-02 08:00:00+00:00,67.8131,80.1102,81.1041,175.6575,79.9000
2020-11-02 09:00:00+00:00,69.7068,81.8624,93.4963,160.1099,79.9000
2020-11-02 10:00:00+00:00,81.0000,100.5000,106.5000,215.2000,79.9000
2020-11-02 11:00:00+00:00,81.0000,100.5000,106.5000,215.2000,79.9000
2020-11-02 12:00:00+00:00,81.0000,100.5000,106.5000,215.2000,79.9000
2020-11-02 13:00:00+00:00,81.0000,100.5000,106.5000,215.2000,79.9000
2020-11-02 14:00:00+00:00,81.0000,100.5000,106.5000,215.2000,79.9000
2020-11-02 15:00:00+00:00,81.0000,100.5000,106.5000,215.2000,79.5256
2020-11-02 16:00:00+00:00,81.0000,100.5000,106.5000,215.2000,79.7858
2020-11-02 17:00:00+00:00,81.0000,100.5000,106.5000,215.2000,79.8712
2020-11-02 18:00:00+00:00,81.0000,100.5000,106.5000,215.2000,79.6293
2020-11-02 19:00:00+00:00,81.0000,100.5000,106.5000,215.2000,79.9000
2020-11-02 20:00:00+00:00,80.5900,98.2236,103.9061,212.1036,79.9000
2020-11-02 21:00:00+00:00,81.0000,99.6661,105.2498,214.3850,79.9000
2020-11-02 22:00:00+00:00,80.5931,98.4633,103.3061,214.2164,76.0323
2020-11-02 23:00:00+00:00,78.8239,95.3797,100.6487,207.4443,20.2489
2020-11-03 00:00:00+00:00,79.6484,98.0080,103.0537,211.0390,24.1632
2020-11-03 01:00:00+00:00,63.1929,70.4166,65.9889,179.9374,60.7974
2020-11-03 02:00:00+00:00,81.0000,100.5000,106.5000,215.2000,77.4626
2020-11-03 03:00:00+00:00,81.0000,100.5000,106.5000,215.2000,78.9218
2020-11-03 04:00:00+00:00,80.9528,100.5000,106.5000,215.2000,79.9000
2020-11-03 05:00:00+00:00,81.0000,100.5000,106.5000,215.2000,79.9000
2020-11-03 06:00:00+00:00,78.4912,95.4269,101.5566,205.6457,79.9000
2020-11-03 07:00:00+00:00,77.6647,85.9940,95.6904,200.7924,75.7497
2020-11-03 08:00:00+00:00,56.0312,54.6176,57.3745,135.7757,33.6398
2020-11-03 09:00:00+00:00,58.8378,67.7188,79.6379,144.1837,58.1434
2020-11-03 10:00:00+00:00,72.4635,82.2786,89.2487,185.5425,77.8435
2020-11-03 11:00:00+00:00,62.1774,62.9197,65.9694,154.7139,77.3977
2020-11-03 12:00:00+00:00,53.7261,53.3457,56.9328,127.1703,57.4794
2020-11-03 13:00:00+00:00,64.7492,66.6065,68.1741,162.4400,38.5899
2020-11-03 14:00:00+00:00,52.0996,53.9502,57.9869,128.7617,23.6537
2020-11-03 15:00:00+00:00,46.3401,52.0553,54.3434,121.1652,19.8646
2020-11-03 16:00:00+00:00,35.3286,41.7491,42.9299,95.5553,23.3301
2020-11-03 17:00:00+00:00,30.1391,36.1843,38.6979,78.7968,22.2023
2020-11-03 18:00:00+00:00,23.3636,27.1338,28.7441,60.0799,15.3233
2020-11-03 19:00:00+00:00,17.6028,21.2807,22.7883,45.1568,10.7074
2020-11-03 20:00:00+00:00,17.3172,21.5280,22.6603,44.5953,6.6926
2020-11-03 21:00:00+00:00,14.0320,19.5443,19.9584,39.4862,3.3209
2020-11-03 22:00:00+00:00,5.9445,8.2836,8.1999,16.8541,0.0000
2020-11-03 23:00:00+00:00,1.9297,1.5289,1.1245,5.1919,0.0000
2020-11-04 00:00:00+00:00,1.1749,0.0000,0.0000,3.0135,0.0000
2020-11-04 01:00:00+00:00,0.0000,0.0000,0.0000,0.0000,0.0000
2020-11-04 02:00:00+00:00,0.0000,0.0000,0.0000,0.0000,3.5798
2020-11-04 03:00:00+00:00,0.0000,0.0000,0.0000,0.0000,9.9488
2020-11-04 04:00:00+00:00,0.0000,0.0000,0.0000,0.0000,19.7424
2020-11-04 05:00:00+00:00,1.1719,0.0000,0.9061,0.0000,24.4631
2020-11-04 06:00:00+00:00,7.3040,7.4341,11.9309,11.3895,32.1885
2020-11-04 07:00:00+00:00,22.0027,22.5294,39.5350,25.1247,35.1449
2020-11-04 08:00:00+00:00,33.0160,29.3163,47.8524,29.6958,42.3297
2020-11-04 09:00:00+00:00,46.3499,36.8660,42.3793,49.9437,34.6406
2020-11-04 10:00:00+00:00,39.5441,32.9012,31.8487,67.5929,48.6036
2020-11-04 11:00:00+00:00,61.1154,46.6795,42.7231,100.4491,49.5611
2020-11-04 12:00:00+00:00,76.5413,61.5160,53.9207,149.9395,62.0918
2020-11-04 13:00:00+00:00,61.3159,44.4084,35.4652,119.7430,56.6037
2020-11-04 14:00:00+00:00,24.0347,10.6470,10.2672,27.6449,43.7293
2020-11-04 15:00:00+00:00,12.8675,2.2135,5.0221,3.8602,42.0190
2020-11-04 16:00:00+00:00,15.3589,3.7920,8.6267,5.4816,49.9652
2020-11-04 17:00:00+00:00,17.7965,8.0153,14.2715,11.4661,41.7267
2020-11-04 18:00:00+00:00,27.1733,17.3776,24.4968,28.7811,45.9735
2020-11-04 19:00:00+00:00,26.4187,14.5424,21.9278,25.6186,52.2173
2020-11-04 20:00:00+00:00,38.3065,22.0572,33.8670,40.2921,52.5798
2020-11-04 21:00:00+00:00,43.1715,34.1137,39.2609,54.3352,43.1800
2020-11-04 22:00:00+00:00,78.1630,71.7031,70.0519,132.5402,77.2710
2020-11-04 23:00:00+00:00,80.5421,97.5782,102.9896,206.7465,79.9000
2020-11-05 00:00:00+00:00,80.7397,97.3062,103.1511,208.7018,79.9000
2020-11-05 01:00:00+00:00,81.0000,98.7447,104.9038,212.1502,79.9000
2020-11-05 02:00:00+00:00,81.0000,99.5088,105.6270,212.2205,79.9000
2020-11-05 03:00:00+00:00,81.0000,100.5000,106.5000,215.2000,79.9000
2020-11-05 04:00:00+00:00,81.0000,100.5000,106.5000,215.2000,79.9000
2020-11-05 05:00:00+00:00,81.0000,100.5000,106.3965,215.2000,79.9000
2020-11-05 06:00:00+00:00,81.0000,100.1702,106.1597,215.2000,79.9000
2020-11-05 07:00:00+00:00,81.0000,99.4156,105.5713,214.1525,79.5740
2020-11-05 08:00:00+00:00,81.0000,99.0599,105.2436,213.6290,78.2217
2020-11-05 09:00:00+00:00,80.9337,98.3204,104.3103,211.8802,75.7631
2020-11-05 10:00:00+00:00,80.5430,97.5776,103.2801,209.9078,69.6820
2020-11-05 11:00:00+00:00,79.9072,97.5651,103.2314,209.1064,68.0479
2020-11-05 12:00:00+00:00,80.1388,97.4438,103.0537,209.2093,75.8072
2020-11-05 13:00:00+00:00,77.3615,82.2286,89.8408,170.9665,67.5218
2020-11-05 14:00:00+00:00,77.1954,91.6662,102.2335,163.8557,77.2199
2020-11-05 15:00:00+00:00,77.3608,90.7891,101.9834,171.5073,78.2730
2020-11-05 16:00:00+00:00,76.5818,77.8739,90.9175,141.8663,78.8332
2020-11-05 17:00:00+00:00,77.4489,83.0927,88.6161,159.6443,77.8464
2020-11-05 18:00:00+00:00,78.0919,89.3167,91.2874,186.7180,77.2351
2020-11-05 19:00:00+00:00,62.9862,59.1084,60.6465,121.3062,76.3886
2020-11-05 20:00:00+00:00,58.3746,60.4471,65.8114,116.1776,76.4237
2020-11-05 21:00:00+00:00,44.8267,46.1891,50.2656,88.2186,66.5822
2020-11-05 22:00:00+00:00,38.6545,37.3058,42.0628,69.1897,75.8422
2020-11-05 23:00:00+00:00,59.9094,57.1075,64.2560,111.1964,77.8611
2020-11-06 00:00:00+00:00,69.2426,68.9892,78.0736,135.0496,77.9636
2020-11-06 01:00:00+00:00,63.5754,66.5622,74.9731,138.1294,77.6410
2020-11-06 02:00:00+00:00,75.4630,74.5311,79.6874,157.4332,76.8279
2020-11-06 03:00:00+00:00,66.8810,69.3911,73.7104,143.9871,75.7811
2020-11-06 04:00:00+00:00,56.6345,60.3303,63.1420,126.2609,70.6142
2020-11-06 05:00:00+00:00,47.1865,49.6750,53.3982,98.2454,40.2221
2020-11-06 06:00:00+00:00,52.0840,46.9957,49.9200,93.5870,38.4986
2020-11-06 07:00:00+00:00,52.3377,50.8163,49.7879,104.3201,68.1677
2020-11-06 08:00:00+00:00,50.0800,54.7571,49.8911,114.7137,63.2817
2020-11-06 09:00:00+00:00,66.5981,73.6874,65.3235,155.4710,52.0430
2020-11-06 10:00:00+00:00,73.0508,76.1781,68.3206,172.1645,38.5226
2020-11-06 11:00:00+00:00,73.8407,76.4864,69.1208,170.3858,32.8236
2020-11-06 12:00:00+00:00,75.8111,78.6223,71.7106,178.8771,28.7429
2020-11-06 13:00:00+00:00,73.7916,79.6727,74.7556,179.7361,41.3342
2020-11-06 14:00:00+00:00,73.5648,82.9284,79.8529,192.7761,76.4882
2020-11-06 15:00:00+00:00,73.6003,84.1289,81.5741,185.7962,76.9387
2020-11-06 16:00:00+00:00,62.0176,79.4924,78.4538,164.4814,76.6738
2020-11-06 17:00:00+00:00,50.1236,63.0742,63.9572,130.2596,75.9364
2020-11-06 18:00:00+00:00,42.2925,53.5352,54.2112,110.6019,75.7525
2020-11-06 19:00:00+00:00,51.4488,63.4264,65.0679,130.6429,76.9728
2020-11-06 20:00:00+00:00,55.5273,68.8534,70.5948,141.2130,77.5281
2020-11-06 21:00:00+00:00,43.8688,53.1619,54.1910,112.8837,72.3949
2020-11-06 22:00:00+00:00,73.9124,81.6138,85.0633,178.8113,70.5669
2020-11-06 23:00:00+00:00,80.6308,98.8415,104.3102,213.7434,77.7280
2020-11-07 00:00:00+00:00,78.9709,96.3185,101.7324,208.7889,79.9000
2020-11-07 01:00:00+00:00,80.2900,98.7827,103.9247,213.9934,79.9000
2020-11-07 02:00:00+00:00,80.9309,99.2015,104.4621,215.2000,79.9000
2020-11-07 03:00:00+00:00,81.0000,100.1252,105.1358,215.2000,79.9000
2020-11-07 04:00:00+00:00,81.0000,100.5000,105.7024,215.2000,79.9000
2020-11-07 05:00:00+00:00,80.3937,98.4953,102.7215,215.2000,77.1903
2020-11-07 06:00:00+00:00,79.7672,96.9888,101.2001,212.2885,76.2843
2020-11-07 07:00:00+00:00,77.2724,88.6934,81.3088,206.1239,73.1832
2020-11-07 08:00:00+00:00,71.0062,76.8013,69.6890,196.5121,70.5407
2020-11-07 09:00:00+00:00,77.3380,90.5392,83.9016,205.3340,67.5526
2020-11-07 10:00:00+00:00,60.0459,67.0596,62.0613,159.3977,43.2240
2020-11-07 11:00:00+00:00,54.7092,58.7029,55.6101,139.1892,40.5398
2020-11-07 12:00:00+00:00,60.9232,61.3112,58.3945,149.5705,45.6394
2020-11-07 13:00:00+00:00,56.6919,50.3870,47.2962,125.3010,52.1140
2020-11-07 14:00:00+00:00,49.3564,54.1525,49.1815,126.7216,45.5231
2020-11-07 15:00:00+00:00,53.5562,58.3695,55.3680,135.4409,48.3883
2020-11-07 16:00:00+00:00,50.8415,59.2415,57.3937,132.0219,48.4853
2020-11-07 17:00:00+00:00,48.6391,55.6819,55.7400,122.3259,50.5445
2020-11-07 18:00:00+00:00,42.0407,50.4600,50.6251,105.5840,52.0005
2020-11-07 19:00:00+00:00,40.0299,49.0586,49.8233,102.8390,51.6324
2020-11-07 20:00:00+00:00,43.5319,53.3760,54.7974,108.5602,41.2243
2020-11-07 21:00:00+00:00,43.5426,53.8029,54.5748,108.1283,31.0630
2020-11-07 22:00:00+00:00,47.0393,52.5042,51.4687,110.4299,35.5181
2020-11-07 23:00:00+00:00,69.8474,73.3966,73.7331,164.4198,58.1120
2020-11-08 00:00:00+00:00,77.5703,94.5289,93.0345,204.7526,47.1847
2020-11-08 01:00:00+00:00,77.5465,95.1011,94.3599,205.8124,34.8742
2020-11-08 02:00:00+00:00,78.9247,96.2467,100.9903,209.1817,44.9905
2020-11-08 03:00:00+00:00,77.9314,94.9400,91.5977,206.9686,39.0591
2020-11-08 04:00:00+00:00,76.6966,81.2028,77.6972,201.6795,44.6055
2020-11-08 05:00:00+00:00,73.0464,71.9684,68.7188,187.0155,47.2421
2020-11-08 06:00:00+00:00,70.4120,72.2233,68.5205,183.6227,47.8169
2020-11-08 07:00:00+00:00,48.6550,49.0842,46.7068,124.3859,42.6948
2020-11-08 08:00:00+00:00,43.4582,42.8232,40.5553,115.6647,40.1497
2020-11-08 09:00:00+00:00,34.9698,36.8639,34.5230,100.4114,32.3723
2020-11-08 10:00:00+00:00,31.5055,36.4507,34.6579,92.7091,21.0904
2020-11-08 11:00:00+00:00,27.6982,36.0643,33.9970,88.5334,20.9732
2020-11-08 12:00:00+00:00,21.4700,30.0674,27.0680,74.4307,20.5214
2020-11-08 13:00:00+00:00,19.4920,24.4708,22.6925,58.0064,21.5950
2020-11-08 14:00:00+00:00,8.8673,11.8490,10.3215,26.1696,14.7456
2020-11-08 15:00:00+00:00,7.1207,7.9051,8.2671,14.6582,7.6159
2020-11-08 16:00:00+00:00,4.4015,4.3049,5.0973,6.8886,6.4832
2020-11-08 17:00:00+00:00,3.6932,3.7235,4.5920,5.5697,5.5451
2020-11-08 18:00:00+00:00,3.8804,4.3474,5.4456,6.8261,6.1489
2020-11-08 19:00:00+00:00,4.0922,4.8338,5.7899,8.1846,6.5034
2020-11-08 20:00:00+00:00,4.0757,4.5892,5.3751,8.3067,5.1230
2020-11-08 21:00:00+00:00,2.4623,2.2496,2.4506,4.6709,3.8387
2020-11-08 22:00:00+00:00,4.2544,6.2655,5.9230,11.8007,10.9676
2020-11-08 23:00:00+00:00,13.1424,15.1272,14.1659,33.3682,15.2977
2020-11-09 00:00:00+00:00,23.3621,27.3568,24.2377,66.2934,12.9884
2020-11-09 01:00:00+00:00,40.4165,46.4259,43.5698,114.8375,14.8132
2020-11-09 02:00:00+00:00,53.4132,66.6021,60.7285,164.3958,13.8005
2020-11-09 03:00:00+00:00,44.5989,58.1424,52.1033,143.8437,8.7445
2020-11-09 04:00:00+00:00,45.3316,56.8181,51.8280,139.7123,5.4384
2020-11-09 05:00:00+00:00,32.4029,39.6957,35.7236,103.8001,4.1079
2020-11-09 06:00:00+00:00,20.0016,26.0009,23.4392,68.7465,2.8306
2020-11-09 07:00:00+00:00,16.7833,22.0317,19.6052,58.2251,3.1299
2020-11-09 08:00:00+00:00,14.0964,18.7611,16.6469,49.0263,3.4595
2020-11-09 09:00:00+00:00,10.9238,15.0588,13.7386,39.4106,4.4815
2020-11-09 10:00:00+00:00,19.4807,23.8212,21.3114,63.0445,11.9213
2020-11-09 11:00:00+00:00,19.4563,20.6387,17.8935,60.5525,9.5771
2020-11-09 12:00:00+00:00,14.7899,15.6732,12.5482,49.3498,8.0180
2020-11-09 13:00:00+00:00,11.8496,14.5304,12.5525,39.4252,6.5308
2020-11-09 14:00:00+00:00,7.4874,9.5398,8.0732,22.6020,4.5643
2020-11-09 15:00:00+00:00,3.1917,3.7462,2.9773,8.1883,0.0000
2020-11-09 16:00:00+00:00,2.1195,2.1139,2.2119,3.6971,0.0000
2020-11-09 17:00:00+00:00,1.9373,1.6116,1.8512,2.5827,0.0000
2020-11-09 18:00:00+00:00,1.6809,1.1972,1.6108,0.7499,0.0000
2020-11-09 19:00:00+00:00,0.9838,0.0000,0.2564,0.0000,0.0000
2020-11-09 20:00:00+00:00,0.0000,0.0000,0.0000,0.0000,0.0000
2020-11-09 21:00:00+00:00,0.0000,0.0000,0.0000,0.0000,3.5587
2020-11-09 22:00:00+00:00,0.0000,0.0000,0.0000,0.0000,9.1869
2020-11-09 23:00:00+00:00,0.0000,0.0000,0.0000,0.0000,15.7198
2020-11-10 00:00:00+00:00,2.3897,0.0000,0.0000,0.0000,27.7292
2020-11-10 01:00:00+00:00,11.9868,7.2123,6.8942,16.4626,42.5384
2020-11-10 02:00:00+00:00,28.6498,22.8111,20.2880,55.9203,63.1132
2020-11-10 03:00:00+00:00,39.1666,39.0884,34.2545,93.5026,64.3226
2020-11-10 04:00:00+00:00,51.1602,51.9619,44.8913,127.8746,70.0198
2020-11-10 05:00:00+00:00,62.0052,67.7704,62.2390,161.0861,71.5923
2020-11-10 06:00:00+00:00,63.3588,72.6107,68.4802,167.9952,56.8634
2020-11-10 07:00:00+00:00,68.2623,79.6339,70.1071,184.4960,53.8846
2020-11-10 08:00:00+00:00,68.5239,77.7788,68.7010,185.3405,48.1382
2020-11-10 09:00:00+00:00,60.9416,73.3293,65.6250,177.8435,41.9904
2020-11-10 10:00:00+00:00,47.6625,64.6826,52.8955,164.5261,28.0865
2020-11-10 11:00:00+00:00,45.2771,62.2403,52.5895,158.0623,33.2389
2020-11-10 12:00:00+00:00,42.6085,64.7925,57.8367,156.0851,33.3338
2020-11-10 13:00:00+00:00,35.9599,57.3494,53.4477,127.1348,33.4587
2020-11-10 14:00:00+00:00,27.5625,32.2403,30.8518,75.9872,19.5200
2020-11-10 15:00:00+00:00,22.7506,27.8600,31.8035,58.1179,19.1206
2020-11-10 16:00:00+00:00,22.0974,25.9512,29.7613,49.0309,19.2594
2020-11-10 17:00:00+00:00,19.8040,22.7183,26.3760,41.7060,20.1636
2020-11-10 18:00:00+00:00,18.7890,22.3517,25.9681,38.6896,16.7059
2020-11-10 19:00:00+00:00,15.3233,17.7984,19.8586,31.0888,15.4671
2020-11-10 20:00:00+00:00,12.1694,13.5857,15.7690,25.4731,18.2034
2020-11-10 21:00:00+00:00,10.5643,10.8499,12.5650,20.7858,22.4882
2020-11-10 22:00:00+00:00,18.2639,16.3516,17.8236,36.3334,40.3715
2020-11-10 23:00:00+00:00,38.8052,41.0702,42.2346,94.3113,64.1917
2020-11-11 00:00:00+00:00,58.3302,58.1412,59.8528,130.7357,76.2028
2020-11-11 01:00:00+00:00,76.7186,79.2752,87.6173,160.8240,77.3657
2020-11-11 02:00:00+00:00,77.0921,82.5846,89.9825,163.6104,79.5753
2020-11-11 03:00:00+00:00,78.6955,95.4624,101.3684,189.2906,78.6601
2020-11-11 04:00:00+00:00,80.6626,98.2955,103.5366,206.6429,78.3076
2020-11-11 05:00:00+00:00,81.0000,98.7008,103.0682,207.6856,77.1415
2020-11-11 06:00:00+00:00,79.6911,96.6573,94.7594,203.4150,77.4058
2020-11-11 07:00:00+00:00,79.7384,96.5779,90.9986,204.6686,78.9402
2020-11-11 08:00:00+00:00,79.6559,96.2711,84.2692,205.1709,79.9000
2020-11-11 09:00:00+00:00,79.9400,96.6386,85.9065,206.3548,79.4375
2020-11-11 10:00:00+00:00,79.1284,95.8958,74.2744,208.3811,77.0037
2020-11-11 11:00:00+00:00,77.9934,95.0242,76.0654,208.0625,75.7836
2020-11-11 12:00:00+00:00,76.7766,80.6209,65.5070,187.8863,69.6303
2020-11-11 13:00:00+00:00,54.1250,57.5605,58.0662,163.1217,72.2050
2020-11-11 14:00:00+00:00,50.8525,60.6992,75.8187,120.5600,77.1911
2020-11-11 15:00:00+00:00,48.2368,60.5826,68.6559,140.6809,79.3836
2020-11-11 16:00:00+00:00,50.6704,59.8872,71.5918,155.2242,79.9000
2020-11-11 17:00:00+00:00,78.4930,96.3252,102.7337,212.9464,79.9000
2020-11-11 18:00:00+00:00,77.3240,95.9740,103.2497,209.9424,79.7276
2020-11-11 19:00:00+00:00,69.3926,77.8417,100.5135,201.2381,68.8973
2020-11-11 20:00:00+00:00,73.3332,88.2467,102.5436,203.0052,64.2695
2020-11-11 21:00:00+00:00,33.6105,39.9238,49.6011,117.0657,40.5963
2020-11-11 22:00:00+00:00,35.0640,52.2163,54.9564,133.7225,76.9036
2020-11-11 23:00:00+00:00,45.8973,72.2257,89.7419,165.7884,76.2468
2020-11-12 00:00:00+00:00,55.9352,59.8521,73.3048,164.7540,46.4203
2020-11-12 01:00:00+00:00,59.4148,81.5367,85.4422,202.7540,41.4651
2020-11-12 02:00:00+00:00,66.6821,78.2210,75.9593,199.6069,30.0722
2020-11-12 03:00:00+00:00,72.0831,78.9193,75.3029,198.0417,27.5920
2020-11-12 04:00:00+00:00,60.4618,63.1962,57.9748,160.9228,18.6214
2020-11-12 05:00:00+00:00,55.4209,55.0180,52.5378,135.7304,19.9414
2020-11-12 06:00:00+00:00,32.5675,34.4520,34.8559,79.4494,16.3740
2020-11-12 07:00:00+00:00,33.2768,32.0915,33.1559,80.0723,15.2579
2020-11-12 08:00:00+00:00,21.7301,21.7528,21.3745,57.9674,11.6321
2020-11-12 09:00:00+00:00,,,,,
2020-11-12 10:00:00+00:00,23.0023,23.6111,22.7921,63.3126,10.5673
2020-11-12 11:00:00+00:00,20.6633,19.2851,18.6669,52.8604,10.4104
2020-11-12 12:00:00+00:00,12.8922,12.3666,11.8098,34.0563,4.4945
2020-11-12 13:00:00+00:00,17.0130,16.9145,15.6315,45.0339,16.7760
2020-11-12 14:00:00+00:00,30.7920,31.4446,30.6338,79.5580,12.5631
2020-11-12 15:00:00+00:00,26.2593,28.3752,28.0705,67.3627,8.8954
2020-11-12 16:00:00+00:00,25.4013,27.1718,26.8667,65.8377,14.5049
2020-11-12 17:00:00+00:00,23.8637,25.8079,26.0388,61.7398,13.1325
2020-11-12 18:00:00+00:00,15.3394,14.9100,14.6552,39.9771,3.7801
2020-11-12 19:00:00+00:00,7.4111,6.8420,6.6016,18.7081,4.2006
2020-11-12 20:00:00+00:00,6.5737,6.7820,6.5633,17.0459,4.0277
2020-11-12 21:00:00+00:00,6.0433,6.2965,5.7405,16.4972,3.4178
2020-11-12 22:00:00+00:00,4.5609,4.5988,3.5562,13.9215,2.4247
2020-11-12 23:00:00+00:00,0.1837,0.0000,0.0000,2.7333,0.0000
2020-11-13 00:00:00+00:00,0.0000,0.0000,0.0000,0.0000,0.0000
2020-11-13 01:00:00+00:00,0.0000,0.0000,0.0000,0.0000,0.0000
2020-11-13 02:00:00+00:00,0.0000,0.0000,0.0000,0.0000,0.0000
2020-11-13 03:00:00+00:00,0.0000,0.0000,0.0000,0.0000,0.0000
2020-11-13 04:00:00+00:00,0.0000,0.0000,0.0000,0.0000,0.0000
2020-11-13 05:00:00+00:00,0.0000,0.0000,0.0000,0.0000,3.2708
2020-11-13 06:00:00+00:00,7.2317,6.8507,10.2974,8.7485,3.4922
2020-11-13 07:00:00+00:00,10.3519,12.7664,17.0042,17.5312,3.7132
2020-11-13 08:00:00+00:00,11.7214,16.6994,21.4979,22.8093,11.0350
2020-11-13 09:00:00+00:00,16.8173,26.7145,31.0187,38.7154,25.5878
2020-11-13 10:00:00+00:00,28.5640,53.3793,59.7577,78.0925,36.3672
2020-11-13 11:00:00+00:00,30.0775,72.4986,75.6554,109.6565,43.3624
2020-11-13 12:00:00+00:00,26.4931,58.9759,63.8449,96.4666,49.5911
2020-11-13 13:00:00+00:00,21.0509,40.6670,47.4659,69.4417,36.1235
2020-11-13 14:00:00+00:00,7.0840,12.1617,13.4710,21.1731,30.8908
2020-11-13 15:00:00+00:00,5.2225,4.2667,7.2948,11.8534,29.3537
2020-11-13 16:00:00+00:00,9.8080,8.9151,12.4402,10.4217,31.0275
2020-11-13 17:00:00+00:00,14.4106,12.1176,16.0250,17.3503,19.6809
2020-11-13 18:00:00+00:00,16.7413,15.7709,20.6415,27.9934,9.4711
2020-11-13 19:00:00+00:00,16.8576,15.8459,19.3680,31.5216,10.6490
2020-11-13 20:00:00+00:00,8.4395,7.6917,9.4884,13.8022,31.0563
2020-11-13 21:00:00+00:00,31.8324,28.4779,32.7348,59.6819,42.1323
2020-11-13 22:00:00+00:00,21.0259,16.2630,17.3838,38.9437,38.2011
2020-11-13 23:00:00+00:00,13.6935,10.6304,10.7656,26.4046,36.4378
2020-11-14 00:00:00+00:00,21.7077,18.8638,20.8772,40.2723,23.0116
2020-11-14 01:00:00+00:00,43.0545,46.9385,49.4269,104.1118,16.6882
2020-11-14 02:00:00+00:00,41.4854,50.8662,50.0536,113.5397,16.0126
2020-11-14 03:00:00+00:00,43.2982,54.7768,53.4919,121.4255,21.6949
2020-11-14 04:00:00+00:00,42.5927,49.4706,49.3968,115.3808,29.6062
2020-11-14 05:00:00+00:00,35.5034,40.7294,39.4240,101.4749,37.4920
2020-11-14 06:00:00+00:00,30.4592,37.7437,37.2151,91.8716,29.2965
2020-11-14 07:00:00+00:00,32.4474,43.5203,43.7103,102.0017,36.6802
2020-11-14 08:00:00+00:00,31.4671,43.5452,44.8310,95.8534,55.7954
2020-11-14 09:00:00+00:00,45.9161,54.0360,54.5406,127.0505,41.8756
2020-11-14 10:00:00+00:00,54.6194,54.9262,57.6162,138.1251,35.2786
2020-11-14 11:00:00+00:00,56.5031,60.8234,62.8383,149.8860,28.1547
2020-11-14 12:00:00+00:00,58.7656,64.1930,64.1533,160.6068,24.0720
2020-11-14 13:00:00+00:00,58.3593,63.5473,63.9278,159.0846,16.7788
2020-11-14 14:00:00+00:00,39.5143,44.4329,45.8575,101.3617,20.7660
2020-11-14 15:00:00+00:00,39.7475,44.6834,45.3022,104.4653,17.4281
2020-11-14 16:00:00+00:00,40.9835,47.1039,47.9352,109.0583,15.5933
2020-11-14 17:00:00+00:00,37.3844,43.1198,43.3641,98.8013,17.1711
2020-11-14 18:00:00+00:00,33.3887,40.1578,41.1066,88.6669,20.7890
2020-11-14 19:00:00+00:00,23.5936,28.7119,28.8059,63.2119,16.5986
2020-11-14 20:00:00+00:00,27.8280,34.5003,35.5272,73.1886,11.7293
2020-11-14 21:00:00+00:00,25.2864,29.7555,29.3869,67.9207,9.9649
2020-11-14 22:00:00+00:00,16.0317,17.8478,17.7313,41.9723,11.8247
2020-11-14 23:00:00+00:00,16.4119,17.8325,17.2825,44.6430,13.8267
2020-11-15 00:00:00+00:00,10.6634,10.6186,10.0114,29.3630,8.9663
2020-11-15 01:00:00+00:00,11.5163,11.2913,10.0904,32.0606,0.0000
2020-11-15 02:00:00+00:00,8.7366,5.4013,4.3361,20.4462,0.0000
2020-11-15 03:00:00+00:00,0.0000,0.0000,0.0000,0.0000,0.0000
2020-11-15 04:00:00+00:00,0.0000,0.0000,0.0000,0.0000,0.4769
2020-11-15 05:00:00+00:00,0.0000,1.0994,1.1008,0.0000,4.6074
2020-11-15 06:00:00+00:00,2.1895,5.2191,5.3194,6.9676,19.8342
2020-11-15 07:00:00+00:00,1.9122,4.7815,5.9590,7.2997,55.5015
2020-11-15 08:00:00+00:00,8.2758,10.5633,15.4448,17.6539,76.0851
2020-11-15 09:00:00+00:00,11.3747,15.7497,21.7103,22.3658,77.5359
2020-11-15 10:00:00+00:00,25.7894,33.8245,39.1148,50.2086,79.7799
2020-11-15 11:00:00+00:00,45.5710,55.1820,62.4385,83.1396,79.9000
2020-11-15 12:00:00+00:00,76.8898,86.1514,99.9763,125.1305,79.9000
2020-11-15 13:00:00+00:00,77.7054,95.7526,101.8228,169.8848,79.9000
2020-11-15 14:00:00+00:00,76.7213,86.2463,102.6308,160.2541,79.9000
2020-11-15 15:00:00+00:00,81.0000,99.9995,106.5000,209.4241,79.9000
2020-11-15 16:00:00+00:00,80.3319,96.1928,100.7173,206.8907,79.9000
2020-11-15 17:00:00+00:00,80.2331,80.7705,103.1323,197.4742,79.9000
2020-11-15 18:00:00+00:00,81.0000,100.5000,106.5000,215.2000,79.9000
2020-11-15 19:00:00+00:00,81.0000,100.5000,106.5000,215.2000,79.9000
2020-11-15 20:00:00+00:00,81.0000,100.5000,106.5000,215.2000,79.9000
2020-11-15 21:00:00+00:00,81.0000,100.5000,106.5000,215.2000,79.9000
2020-11-15 22:00:00+00:00,81.0000,100.5000,106.5000,215.2000,79.9000
2020-11-15 23:00:00+00:00,81.0000,100.5000,106.5000,215.2000,79.9000
2020-11-16 00:00:00+00:00,80.5021,97.9385,105.4098,210.3806,79.9000
2020-11-16 01:00:00+00:00,77.0730,96.7084,103.5506,198.6549,79.9000
2020-11-16 02:00:00+00:00,81.0000,100.5000,106.5000,215.2000,79.9000
2020-11-16 03:00:00+00:00,57.3370,72.0606,81.2907,164.2656,79.9000
2020-11-16 04:00:00+00:00,78.3571,95.6454,102.9759,205.3439,79.9000
2020-11-16 05:00:00+00:00,80.5392,98.9894,106.5000,209.0597,79.9000
2020-11-16 06:00:00+00:00,81.0000,100.5000,106.5000,215.2000,79.9000
2020-11-16 07:00:00+00:00,81.0000,100.5000,106.5000,215.2000,79.9000
2020-11-16 08:00:00+00:00,81.0000,100.5000,106.5000,215.2000,79.9000
2020-11-16 09:00:00+00:00,81.0000,100.5000,106.5000,215.2000,79.9000
2020-11-16 10:00:00+00:00,81.0000,100.5000,106.5000,215.2000,79.9000
2020-11-16 11:00:00+00:00,81.0000,100.5000,106.5000,215.2000,77.1156
2020-11-16 12:00:00+00:00,81.0000,100.5000,106.5000,215.2000,79.9000
2020-11-16 13:00:00+00:00,81.0000,100.5000,106.5000,215.2000,79.9000
2020-11-16 14:00:00+00:00,81.0000,100.5000,106.5000,215.2000,79.9000
2020-11-16 15:00:00+00:00,81.0000,100.5000,106.5000,215.2000,79.9000
2020-11-16 16:00:00+00:00,81.0000,100.5000,106.5000,215.2000,79.9000
2020-11-16 17:00:00+00:00,81.0000,100.5000,106.5000,215.2000,79.9000
2020-11-16 18:00:00+00:00,81.0000,100.5000,106.5000,215.2000,79.9000
2020-11-16 19:00:00+00:00,81.0000,100.4180,106.5000,215.2000,79.9000
2020-11-16 20:00:00+00:00,81.0000,100.5000,106.5000,215.2000,79.9000
2020-11-16 21:00:00+00:00,80.5222,100.2515,105.9341,214.3377,79.9000
2020-11-16 22:00:00+00:00,80.8392,100.0505,105.5215,214.9353,79.9000
2020-11-16 23:00:00+00:00,79.9410,99.4205,104.4680,213.1566,77.6511
2020-11-17 00:00:00+00:00,78.3712,96.8051,101.8571,209.2799,65.7436
2020-11-17 01:00:00+00:00,81.0000,100.4736,106.0482,215.2000,57.2489
2020-11-17 02:00:00+00:00,81.0000,100.0063,106.2924,214.4356,59.4509
2020-11-17 03:00:00+00:00,77.6044,93.3563,101.0036,193.4431,40.2588
2020-11-17 04:00:00+00:00,59.0932,62.2503,66.5593,135.9846,52.4524
2020-11-17 05:00:00+00:00,61.7540,62.9120,62.4996,149.4428,40.9429
2020-11-17 06:00:00+00:00,77.5032,80.2867,89.0842,185.0215,52.8224
2020-11-17 07:00:00+00:00,62.9677,60.0338,62.2696,143.1217,36.9314
2020-11-17 08:00:00+00:00,35.0893,31.7785,35.4390,70.3170,29.0212
2020-11-17 09:00:00+00:00,24.5631,24.2951,25.8776,52.6153,17.6002
2020-11-17 10:00:00+00:00,15.5370,15.1461,16.6932,35.2787,10.4137
2020-11-17 11:00:00+00:00,14.1640,13.5479,13.6882,34.1527,8.7714
2020-11-17 12:00:00+00:00,11.8023,12.5240,13.8952,29.1018,2.3525
2020-11-17 13:00:00+00:00,7.7231,8.2841,7.6647,21.6774,6.8613
2020-11-17 14:00:00+00:00,8.5643,10.5320,10.1002,24.4964,10.3440
2020-11-17 15:00:00+00:00,14.1822,17.1856,17.3098,38.1139,9.7336
2020-11-17 16:00:00+00:00,23.3730,32.1064,38.8918,59.4759,5.6740
2020-11-17 17:00:00+00:00,34.4242,36.7962,39.9274,82.2318,19.6124
2020-11-17 18:00:00+00:00,36.9864,41.8360,49.4152,85.4158,26.9954
2020-11-17 19:00:00+00:00,21.5928,23.0331,23.7557,58.0969,54.6517
2020-11-17 20:00:00+00:00,26.0118,28.7037,33.9485,63.6841,75.5871
2020-11-17 21:00:00+00:00,38.0576,43.2482,48.2076,89.8743,38.0502
2020-11-17 22:00:00+00:00,30.6685,30.7344,33.3928,74.9326,28.2903
2020-11-17 23:00:00+00:00,37.2384,36.6201,39.3176,84.6658,35.6202
2020-11-18 00:00:00+00:00,35.6037,33.2924,34.5672,83.5882,51.2936
2020-11-18 01:00:00+00:00,41.2586,44.0052,44.3014,105.1852,39.8897
2020-11-18 02:00:00+00:00,41.2978,47.8829,47.9111,112.5261,32.0153
2020-11-18 03:00:00+00:00,34.2236,39.1069,40.5987,90.8437,33.0497
2020-11-18 04:00:00+00:00,33.2945,38.0861,39.0163,87.6054,32.2557
2020-11-18 05:00:00+00:00,42.2919,43.7616,44.7567,108.2316,24.6516
2020-11-18 06:00:00+00:00,29.9765,29.6857,29.1785,79.3097,26.6940
2020-11-18 07:00:00+00:00,39.8837,38.8203,38.2130,104.1057,25.6966
2020-11-18 08:00:00+00:00,34.6308,31.1833,31.1179,87.0260,17.6884
2020-11-18 09:00:00+00:00,31.5433,26.2340,25.5776,78.9240,14.8684
2020-11-18 10:00:00+00:00,25.2004,24.6435,25.4952,67.0791,20.1117
2020-11-18 11:00:00+00:00,18.9867,18.9318,19.5336,50.5238,15.9636
2020-11-18 12:00:00+00:00,23.8252,23.3360,24.7968,61.4741,11.6295
2020-11-18 13:00:00+00:00,24.3328,24.4727,25.3300,62.4283,7.1502
2020-11-18 14:00:00+00:00,23.1273,23.8214,24.5410,57.3719,11.4984
2020-11-18 15:00:00+00:00,19.6276,21.7495,22.7103,49.4589,6.6965
2020-11-18 16:00:00+00:00,23.4673,26.8239,27.6703,59.6073,5.5965
2020-11-18 17:00:00+00:00,21.7570,25.8217,26.5888,57.5856,4.9449
2020-11-18 18:00:00+00:00,19.5240,22.8065,23.6205,51.6968,8.8182
2020-11-18 19:00:00+00:00,17.4351,20.4461,20.6248,46.0740,7.0648
2020-11-18 20:00:00+00:00,18.2854,20.9028,20.8852,48.1794,6.3085
2020-11-18 21:00:00+00:00,14.9824,16.3904,15.9838,39.7285,4.4409
2020-11-18 22:00:00+00:00,7.8386,8.5203,8.1827,20.6074,0.0000
2020-11-18 23:00:00+00:00,6.8646,7.3938,6.7559,18.6789,0.0000
2020-11-19 00:00:00+00:00,6.6813,6.3712,5.6088,18.2198,0.0000
2020-11-19 01:00:00+00:00,7.6453,7.6832,7.0020,19.4436,0.0000
2020-11-19 02:00:00+00:00,10.9122,10.4418,10.1908,25.1532,0.0000
2020-11-19 03:00:00+00:00,12.0081,10.9162,11.2476,25.9499,4.9766
2020-11-19 04:00:00+00:00,10.7570,11.1848,11.3119,25.0959,11.9737
2020-11-19 05:00:00+00:00,8.4501,10.2361,10.9390,20.5911,18.9367
2020-11-19 06:00:00+00:00,9.3914,11.8461,12.7628,23.0664,24.7801
2020-11-19 07:00:00+00:00,10.4828,12.2677,13.5645,23.2637,20.0590
2020-11-19 08:00:00+00:00,12.3302,13.4662,14.2068,27.2445,17.7158
2020-11-19 09:00:00+00:00,18.0043,18.2959,18.8619,38.7369,21.3922
2020-11-19 10:00:00+00:00,28.1049,27.2940,28.1530,55.9368,32.6378
2020-11-19 11:00:00+00:00,43.1329,34.9590,37.6262,75.0915,30.3734
2020-11-19 12:00:00+00:00,61.9644,48.8078,47.4611,113.5231,53.4994
2020-11-19 13:00:00+00:00,77.3795,65.6767,63.5682,149.7232,76.4458
2020-11-19 14:00:00+00:00,77.4105,52.4124,46.8392,122.7414,79.9000
2020-11-19 15:00:00+00:00,77.6215,58.0719,60.5803,124.8506,79.9000
2020-11-19 16:00:00+00:00,80.1881,75.1345,92.9372,158.5522,79.9000
2020-11-19 17:00:00+00:00,77.7042,55.9081,69.2552,116.2203,79.9000
2020-11-19 18:00:00+00:00,59.0104,36.7453,43.3988,81.6657,79.9000
2020-11-19 19:00:00+00:00,31.1616,19.0460,21.2480,46.0864,77.4426
2020-11-19 20:00:00+00:00,60.1474,44.8395,51.4974,94.1636,75.8419
2020-11-19 21:00:00+00:00,69.8615,58.8856,68.3148,112.9358,69.0148
2020-11-19 22:00:00+00:00,81.0000,100.5000,106.5000,215.2000,76.9467
2020-11-19 23:00:00+00:00,81.0000,100.5000,106.5000,215.2000,78.1456
2020-11-20 00:00:00+00:00,80.9041,99.2896,105.8125,212.3367,73.3300
2020-11-20 01:00:00+00:00,81.0000,100.5000,106.5000,215.2000,77.3803
2020-11-20 02:00:00+00:00,81.0000,100.5000,106.5000,215.2000,79.9000
2020-11-20 03:00:00+00:00,81.0000,100.5000,106.5000,215.2000,77.8242
2020-11-20 04:00:00+00:00,80.5137,99.8586,105.2515,215.1188,78.2356
2020-11-20 05:00:00+00:00,81.0000,100.5000,106.5000,215.2000,78.3949
2020-11-20 06:00:00+00:00,81.0000,100.5000,106.5000,215.2000,78.9812
2020-11-20 07:00:00+00:00,81.0000,100.5000,106.5000,215.2000,78.9514
2020-11-20 08:00:00+00:00,81.0000,100.5000,106.5000,215.2000,79.6020
2020-11-20 09:00:00+00:00,79.8894,100.4552,105.8393,213.0364,78.5028
2020-11-20 10:00:00+00:00,80.9334,100.5000,106.5000,215.2000,78.1135
2020-11-20 11:00:00+00:00,80.2629,100.5000,106.3107,214.2402,76.1204
2020-11-20 12:00:00+00:00,78.1776,98.6321,103.9692,209.1634,77.3383
2020-11-20 13:00:00+00:00,76.8434,96.3662,101.7414,205.6363,59.5213
2020-11-20 14:00:00+00:00,64.8925,82.5132,82.0751,187.7428,47.6414
2020-11-20 15:00:00+00:00,60.6442,79.3108,73.8253,172.2638,46.4698
2020-11-20 16:00:00+00:00,57.8553,70.4231,65.2074,152.1285,68.6054
2020-11-20 17:00:00+00:00,50.5335,61.3214,59.7268,142.3210,69.7746
2020-11-20 18:00:00+00:00,37.1214,50.2089,53.7686,106.7210,75.6779
2020-11-20 19:00:00+00:00,66.1921,91.7295,101.3034,175.9679,79.9000
2020-11-20 20:00:00+00:00,80.3090,99.3640,106.4287,210.2279,79.9000
2020-11-20 21:00:00+00:00,81.0000,100.5000,106.5000,215.2000,75.8895
2020-11-20 22:00:00+00:00,81.0000,100.5000,106.5000,215.2000,56.9414
2020-11-20 23:00:00+00:00,81.0000,100.5000,106.5000,215.2000,79.9000
2020-11-21 00:00:00+00:00,79.8361,97.4132,102.6061,212.0823,79.9000
2020-11-21 01:00:00+00:00,81.0000,99.5388,104.9414,215.2000,79.9000
2020-11-21 02:00:00+00:00,81.0000,99.9660,105.5329,215.2000,79.9000
2020-11-21 03:00:00+00:00,81.0000,99.6508,104.9219,215.2000,79.9000
2020-11-21 04:00:00+00:00,81.0000,98.9558,104.3263,215.2000,76.1646
2020-11-21 05:00:00+00:00,80.5379,97.3657,102.6772,213.2545,75.5563
2020-11-21 06:00:00+00:00,77.4982,89.6937,89.5593,206.2897,51.7495
2020-11-21 07:00:00+00:00,78.1027,92.3287,93.5791,206.8353,54.5869
2020-11-21 08:00:00+00:00,77.7530,89.8136,92.2901,205.0540,52.1817
2020-11-21 09:00:00+00:00,67.4023,71.8089,73.7748,172.6170,52.2906
2020-11-21 10:00:00+00:00,66.4791,77.3800,77.0868,179.5219,49.4564
2020-11-21 11:00:00+00:00,55.4360,58.3885,58.7458,130.1681,32.7083
2020-11-21 12:00:00+00:00,55.7953,56.4136,63.9956,115.3443,30.0941
2020-11-21 13:00:00+00:00,37.2796,42.0490,46.1878,85.6824,28.3904
2020-11-21 14:00:00+00:00,31.7906,31.9059,38.0320,63.8723,33.9878
2020-11-21 15:00:00+00:00,19.8833,20.2701,22.2562,46.2329,24.1645
2020-11-21 16:00:00+00:00,11.6643,16.0259,17.3334,32.0341,15.6483
2020-11-21 17:00:00+00:00,16.4578,21.0844,21.4568,45.3705,10.0765
2020-11-21 18:00:00+00:00,15.5395,19.1681,19.3368,42.3014,8.6180
2020-11-21 19:00:00+00:00,12.8804,18.1107,17.8176,38.7672,8.3123
2020-11-21 20:00:00+00:00,15.5410,20.0813,19.6106,44.1314,11.3840
2020-11-21 21:00:00+00:00,12.9765,16.1053,15.3399,37.5665,12.5954
2020-11-21 22:00:00+00:00,9.0469,10.5888,10.7227,24.2769,10.1508
2020-11-21 23:00:00+00:00,6.4156,6.7709,7.0442,18.0329,3.8518
2020-11-22 00:00:00+00:00,5.7772,5.7147,5.2102,17.3422,7.1764
2020-11-22 01:00:00+00:00,3.4682,3.3467,2.7899,10.6724,5.9032
2020-11-22 02:00:00+00:00,0.3770,0.0148,0.0000,0.7502,0.0000
2020-11-22 03:00:00+00:00,0.0000,0.0000,0.0000,0.0000,0.0000
2020-11-22 04:00:00+00:00,0.0000,0.0000,0.0000,0.0000,0.0000
2020-11-22 05:00:00+00:00,0.0000,0.0000,0.0000,0.0000,0.0000
2020-11-22 06:00:00+00:00,0.0000,0.0000,0.0000,0.0000,0.0000
2020-11-22 07:00:00+00:00,0.0000,1.5367,0.7845,0.0000,0.0000
2020-11-22 08:00:00+00:00,0.0000,0.0000,0.0000,0.0000,0.0000
2020-11-22 09:00:00+00:00,0.0000,0.0000,0.0000,0.0000,0.0000
2020-11-22 10:00:00+00:00,0.0000,0.0000,0.0000,0.0000,0.0000
2020-11-22 11:00:00+00:00,0.0000,0.0000,0.0000,0.0000,0.0000
2020-11-22 12:00:00+00:00,0.0000,0.0000,0.0000,0.0000,0.0000
2020-11-22 13:00:00+00:00,0.0000,0.0000,0.0000,0.0000,0.0000
2020-11-22 14:00:00+00:00,0.0000,0.0000,0.0000,0.0000,0.8029
2020-11-22 15:00:00+00:00,0.0000,0.0000,0.0000,0.0000,0.0000
2020-11-22 16:00:00+00:00,0.0000,0.0000,0.0000,1.6376,4.1853
2020-11-22 17:00:00+00:00,0.0000,0.0000,0.0000,2.9964,4.9917
2020-11-22 18:00:00+00:00,0.2560,0.6048,0.0000,3.7872,5.7178
2020-11-22 19:00:00+00:00,2.0620,4.9402,3.3780,11.0549,3.5172
2020-11-22 20:00:00+00:00,2.9853,6.6928,5.0614,13.2954,9.1308
2020-11-22 21:00:00+00:00,8.1160,17.8079,17.5586,30.1226,22.1249
2020-11-22 22:00:00+00:00,15.6312,34.2054,34.3991,54.5780,65.5906
2020-11-22 23:00:00+00:00,27.8687,44.4027,49.4979,76.5678,78.7636
2020-11-23 00:00:00+00:00,33.3342,62.5435,59.8814,114.5808,79.9000
2020-11-23 01:00:00+00:00,68.9379,57.1538,60.8046,133.8254,79.9000
2020-11-23 02:00:00+00:00,81.0000,45.0339,67.6699,170.8958,79.9000
2020-11-23 03:00:00+00:00,81.0000,96.0852,106.5000,206.3538,79.9000
2020-11-23 04:00:00+00:00,81.0000,100.5000,106.5000,215.2000,79.9000
2020-11-23 05:00:00+00:00,80.9686,100.5000,106.5000,214.2852,79.9000
2020-11-23 06:00:00+00:00,81.0000,99.9558,106.5000,205.3536,79.9000
2020-11-23 07:00:00+00:00,81.0000,100.5000,106.5000,215.2000,79.9000
2020-11-23 08:00:00+00:00,81.0000,100.5000,106.5000,215.2000,76.1524
2020-11-23 09:00:00+00:00,81.0000,100.5000,106.5000,215.2000,35.2183
2020-11-23 10:00:00+00:00,79.3657,99.0745,103.0372,212.2192,79.9000
2020-11-23 11:00:00+00:00,76.7267,64.4377,67.9061,174.2316,79.9000
2020-11-23 12:00:00+00:00,22.5781,32.5290,28.1785,52.8947,76.8237
2020-11-23 13:00:00+00:00,79.8160,100.4669,103.0163,212.7567,79.1023
2020-11-23 14:00:00+00:00,81.0000,100.5000,105.2266,214.6513,77.6404
2020-11-23 15:00:00+00:00,81.0000,100.3280,104.0449,212.4725,76.2148
2020-11-23 16:00:00+00:00,81.0000,100.5000,106.5000,215.2000,74.3044
2020-11-23 17:00:00+00:00,81.0000,100.5000,106.4807,215.2000,66.1875
2020-11-23 18:00:00+00:00,81.0000,100.5000,105.0664,215.2000,65.8554
2020-11-23 19:00:00+00:00,80.9842,99.2038,103.7997,215.2000,68.6559
2020-11-23 20:00:00+00:00,80.7442,98.6567,103.6763,214.2739,48.3940
2020-11-23 21:00:00+00:00,80.8546,98.4361,103.1657,215.0341,36.3457
2020-11-23 22:00:00+00:00,79.3664,96.0991,101.4074,209.5881,29.8771
2020-11-23 23:00:00+00:00,78.8026,95.5663,100.7003,208.1542,30.9694
2020-11-24 00:00:00+00:00,77.1251,75.6927,77.7685,198.8071,28.6067
2020-11-24 01:00:00+00:00,79.0549,95.1880,98.9600,208.4735,17.2260
2020-11-24 02:00:00+00:00,78.0875,82.3168,83.9286,205.4623,19.9543
2020-11-24 03:00:00+00:00,75.4971,63.9618,66.0060,176.0003,15.4659
2020-11-24 04:00:00+00:00,76.4372,66.7183,68.4640,174.8669,23.8168
2020-11-24 05:00:00+00:00,76.6222,68.9685,73.0799,180.7922,24.3419
2020-11-24 06:00:00+00:00,54.1176,49.8593,51.5965,130.8452,36.8418
2020-11-24 07:00:00+00:00,47.6901,44.0248,45.6656,113.5881,26.7073
2020-11-24 08:00:00+00:00,49.9710,53.2893,56.4096,126.2331,32.2349
2020-11-24 09:00:00+00:00,46.5145,50.6015,53.2003,119.6498,40.7560
2020-11-24 10:00:00+00:00,57.9879,61.0390,67.3549,141.4274,43.2158
2020-11-24 11:00:00+00:00,55.8337,61.6711,67.1423,140.8592,51.8269
2020-11-24 12:00:00+00:00,28.6582,32.0055,34.5801,72.6084,33.8789
2020-11-24 13:00:00+00:00,25.7895,27.4914,29.5741,65.8542,31.4941
2020-11-24 14:00:00+00:00,23.1173,25.1548,26.1562,60.3951,17.6356
2020-11-24 15:00:00+00:00,15.5362,17.0470,17.4219,41.2701,8.5104
2020-11-24 16:00:00+00:00,18.4622,20.2895,20.4424,48.9582,7.8226
2020-11-24 17:00:00+00:00,9.6326,10.9485,10.8585,26.2727,2.9415
2020-11-24 18:00:00+00:00,10.7861,11.1860,11.8744,26.5948,3.7825
2020-11-24 19:00:00+00:00,5.1411,5.0649,5.2020,12.3546,2.1023
2020-11-24 20:00:00+00:00,3.1854,2.6170,2.7900,6.8907,0.0000
2020-11-24 21:00:00+00:00,0.0857,0.0000,0.0000,0.0000,0.0000
2020-11-24 22:00:00+00:00,0.0000,0.0000,0.0000,0.0000,0.0000
2020-11-24 23:00:00+00:00,0.0000,0.0000,0.0000,0.0000,0.0000
2020-11-25 00:00:00+00:00,0.0000,0.0000,0.0000,0.0000,0.0000
2020-11-25 01:00:00+00:00,1.6382,2.9209,3.7339,3.1328,0.0000
2020-11-25 02:00:00+00:00,2.0426,3.5553,4.2214,4.7218,0.4555
2020-11-25 03:00:00+00:00,5.4620,9.8070,10.5786,15.6388,8.9091
2020-11-25 04:00:00+00:00,7.4464,18.7386,18.8760,33.1133,27.2222
2020-11-25 05:00:00+00:00,7.8017,29.9804,23.9054,57.7471,12.5612
2020-11-25 06:00:00+00:00,6.8356,25.6782,22.6977,52.6515,34.3671
2020-11-25 07:00:00+00:00,5.2951,13.4479,23.1445,22.7247,32.2758
2020-11-25 08:00:00+00:00,10.0042,14.8516,25.7622,14.6694,23.4305
2020-11-25 09:00:00+00:00,16.8344,15.7018,30.7594,18.2608,41.7606
2020-11-25 10:00:00+00:00,46.4636,51.0744,73.6847,43.3612,61.1761
2020-11-25 11:00:00+00:00,58.5737,33.3980,72.2471,44.1995,66.3014
2020-11-25 12:00:00+00:00,80.0639,64.5522,78.6833,77.1027,77.0164
2020-11-25 13:00:00+00:00,79.9859,96.0325,101.6531,183.9585,76.2962
2020-11-25 14:00:00+00:00,76.6463,77.7171,77.6881,142.5701,77.5030
2020-11-25 15:00:00+00:00,59.6008,46.6986,49.9751,89.7701,79.9000
2020-11-25 16:00:00+00:00,59.1153,39.3434,44.4104,75.2797,78.2546
2020-11-25 17:00:00+00:00,41.1021,23.3918,29.0222,44.1065,75.9813
2020-11-25 18:00:00+00:00,33.8728,20.7209,25.2127,32.4740,75.9087
2020-11-25 19:00:00+00:00,51.9461,17.6407,26.1643,34.1618,75.7819
2020-11-25 20:00:00+00:00,40.9522,12.0851,18.5135,23.0819,49.9500
2020-11-25 21:00:00+00:00,55.3545,25.9608,31.6248,51.5573,34.7744
2020-11-25 22:00:00+00:00,66.4043,28.2819,34.2889,65.6082,43.0393
2020-11-25 23:00:00+00:00,52.8670,31.7812,40.5542,71.3787,46.5087
2020-11-26 00:00:00+00:00,29.1803,22.1346,28.0111,40.6235,39.4120
2020-11-26 01:00:00+00:00,25.4197,24.9766,26.2241,50.0676,13.1706
2020-11-26 02:00:00+00:00,17.2246,13.0339,18.1117,20.5831,5.7288
2020-11-26 03:00:00+00:00,17.6094,12.8268,18.8947,15.6178,9.2875
2020-11-26 04:00:00+00:00,15.8907,9.9941,18.1276,12.3366,8.7211
2020-11-26 05:00:00+00:00,26.6879,21.8861,23.0344,42.9750,16.3068
2020-11-26 06:00:00+00:00,28.1380,22.4996,19.6182,51.3293,23.1546
2020-11-26 07:00:00+00:00,23.5626,15.8137,16.7156,31.4612,26.8951
2020-11-26 08:00:00+00:00,17.5263,3.4833,8.6422,9.6924,25.6534
2020-11-26 09:00:00+00:00,11.3791,3.2191,8.4540,7.4944,29.4698
2020-11-26 10:00:00+00:00,69.2516,22.0332,53.8201,24.5570,44.3688
2020-11-26 11:00:00+00:00,55.3444,38.6475,49.8048,34.5043,32.5031
2020-11-26 12:00:00+00:00,50.8178,39.8334,45.6486,53.2406,26.7680
2020-11-26 13:00:00+00:00,36.6807,30.3513,30.1486,52.8218,38.8213
2020-11-26 14:00:00+00:00,35.7104,21.5733,19.2505,51.7854,16.1372
2020-11-26 15:00:00+00:00,38.3602,23.3800,24.1943,46.6052,35.9143
2020-11-26 16:00:00+00:00,29.9839,14.7916,14.9525,24.6407,51.7186
2020-11-26 17:00:00+00:00,18.5509,4.8160,5.4158,13.5932,30.6935
2020-11-26 18:00:00+00:00,12.2202,4.4632,5.8843,9.7204,12.8208
2020-11-26 19:00:00+00:00,8.8641,4.1541,4.5190,6.3369,13.0368
2020-11-26 20:00:00+00:00,13.4680,12.8316,13.4976,18.8928,0.0000
2020-11-26 21:00:00+00:00,18.6612,17.4056,18.4699,28.9507,1.9975
2020-11-26 22:00:00+00:00,20.8116,26.7389,27.8959,46.6546,35.2514
2020-11-26 23:00:00+00:00,21.6504,24.2547,20.8846,57.4731,74.3500
2020-11-27 00:00:00+00:00,17.7794,24.7695,21.6695,56.8757,66.8095
2020-11-27 01:00:00+00:00,4.7145,8.1646,6.9552,18.0565,76.6084
2020-11-27 02:00:00+00:00,13.3535,13.1940,12.9218,27.4090,73.3054
2020-11-27 03:00:00+00:00,22.7688,31.7284,29.1994,66.8553,69.0891
2020-11-27 04:00:00+00:00,39.5797,50.7944,47.8936,117.2929,52.3862
2020-11-27 05:00:00+00:00,40.1614,49.2515,46.5880,115.6197,36.3153
2020-11-27 06:00:00+00:00,40.5480,52.4727,49.0696,121.8567,35.4595
2020-11-27 07:00:00+00:00,45.1283,54.3294,52.8027,128.6222,34.3724
2020-11-27 08:00:00+00:00,27.4578,26.3065,26.2516,68.3356,35.1978
2020-11-27 09:00:00+00:00,17.4019,15.3288,15.2432,41.2544,27.5379
2020-11-27 10:00:00+00:00,15.6897,15.0148,14.9034,41.8263,8.7256
2020-11-27 11:00:00+00:00,9.7225,8.3577,8.0361,23.9863,4.5588
2020-11-27 12:00:00+00:00,3.3334,2.2324,1.9927,8.2002,2.1599
2020-11-27 13:00:00+00:00,0.0000,0.0000,0.0000,0.0000,0.0000
2020-11-27 14:00:00+00:00,0.0000,0.0000,0.0000,0.0000,0.0000
2020-11-27 15:00:00+00:00,0.0000,0.0000,0.0000,0.0000,0.0000
2020-11-27 16:00:00+00:00,0.0000,0.0000,0.0000,0.0000,0.0000
2020-11-27 17:00:00+00:00,1.7338,1.6782,1.8043,3.5412,0.0000
2020-11-27 18:00:00+00:00,1.8106,1.5691,1.3550,3.7127,7.8462
2020-11-27 19:00:00+00:00,2.0129,1.6207,2.1279,3.6232,18.1124
2020-11-27 20:00:00+00:00,0.2822,0.0000,0.0000,0.0000,11.1330
2020-11-27 21:00:00+00:00,0.0000,0.0000,0.0000,0.0000,8.3626
2020-11-27 22:00:00+00:00,0.0000,0.0000,0.0000,0.0000,9.8651
2020-11-27 23:00:00+00:00,0.0000,0.0000,0.0000,0.0000,2.1497
2020-11-28 00:00:00+00:00,0.0000,0.0000,0.0000,0.0000,2.2518
2020-11-28 01:00:00+00:00,8.6009,4.2351,9.9156,1.2026,3.8211
2020-11-28 02:00:00+00:00,14.8332,15.7493,16.0024,32.4292,6.8792
2020-11-28 03:00:00+00:00,8.7997,8.1589,8.4245,20.1092,4.9887
2020-11-28 04:00:00+00:00,8.9452,10.3340,9.9171,25.4395,4.0934
2020-11-28 05:00:00+00:00,7.3304,9.0913,8.9804,19.9094,3.8873
2020-11-28 06:00:00+00:00,7.0525,9.7959,9.6190,18.4132,2.9803
2020-11-28 07:00:00+00:00,6.4491,9.5527,7.3209,22.1488,0.2161
2020-11-28 08:00:00+00:00,4.3324,5.5876,5.1053,12.0643,7.2313
2020-11-28 09:00:00+00:00,3.9360,5.4153,5.7789,10.2830,8.0331
2020-11-28 10:00:00+00:00,7.0630,7.0194,7.2829,15.5526,8.1948
2020-11-28 11:00:00+00:00,6.6563,6.2970,6.4683,13.7679,18.8944
2020-11-28 12:00:00+00:00,7.5051,4.8728,5.7330,11.5683,12.4309
2020-11-28 13:00:00+00:00,7.7239,7.1595,8.6318,12.9840,19.9450
2020-11-28 14:00:00+00:00,7.3719,8.2946,7.9189,19.1507,9.0070
2020-11-28 15:00:00+00:00,9.3631,10.1766,10.9384,23.2631,21.8045
2020-11-28 16:00:00+00:00,9.5284,11.2599,12.2191,25.0369,45.3506
2020-11-28 17:00:00+00:00,13.4231,17.2943,17.1117,36.7207,46.8838
2020-11-28 18:00:00+00:00,19.0747,21.0793,22.1351,46.6946,67.8591
2020-11-28 19:00:00+00:00,17.1142,22.3278,22.4155,47.6905,70.2371
2020-11-28 20:00:00+00:00,24.5717,28.0275,28.9167,60.4599,75.9195
2020-11-28 21:00:00+00:00,45.4766,43.8709,48.4449,96.4218,71.5369
2020-11-28 22:00:00+00:00,11.6088,10.8214,12.5070,21.1206,73.0663
2020-11-28 23:00:00+00:00,43.0459,48.3005,52.7024,85.1022,63.0082
2020-11-29 00:00:00+00:00,58.6621,73.1991,71.6630,154.5050,56.1284
2020-11-29 01:00:00+00:00,65.0963,79.6451,80.8199,169.4250,52.6855
2020-11-29 02:00:00+00:00,69.3624,87.7567,88.5878,178.0010,71.3343
2020-11-29 03:00:00+00:00,73.2746,93.3554,92.3790,193.4123,69.1876
2020-11-29 04:00:00+00:00,76.9909,95.4041,97.2573,204.2548,61.3945
2020-11-29 05:00:00+00:00,77.6870,96.2538,101.3537,206.3080,48.5455
2020-11-29 06:00:00+00:00,78.4325,96.7931,101.9523,207.4556,46.2140
2020-11-29 07:00:00+00:00,63.5506,80.8592,79.6505,168.2663,25.2389
2020-11-29 08:00:00+00:00,47.9324,63.7799,61.3256,129.1576,21.9883
2020-11-29 09:00:00+00:00,43.8438,57.5562,56.0855,114.1973,27.4134
2020-11-29 10:00:00+00:00,43.8375,58.5193,58.2207,114.6930,25.9612
2020-11-29 11:00:00+00:00,37.2825,50.9565,50.3907,102.0487,24.3521
2020-11-29 12:00:00+00:00,36.4903,47.7715,46.7779,98.1890,19.7786
2020-11-29 13:00:00+00:00,34.2171,41.8427,40.2459,87.6738,16.5198
2020-11-29 14:00:00+00:00,25.0821,28.2243,27.8581,60.5332,16.9907
2020-11-29 15:00:00+00:00,20.4947,24.8508,25.0156,49.6439,23.8083
2020-11-29 16:00:00+00:00,22.9120,24.9974,26.6921,49.2679,22.9031
2020-11-29 17:00:00+00:00,17.1948,18.9261,20.3689,35.8822,22.4856
2020-11-29 18:00:00+00:00,16.1959,19.5806,20.6007,38.3593,22.3749
2020-11-29 19:00:00+00:00,13.9971,17.9600,20.0227,31.2819,22.2867
2020-11-29 20:00:00+00:00,7.7483,8.6835,9.7613,16.5382,20.0346
2020-11-29 21:00:00+00:00,3.7060,3.4902,3.9706,6.6118,8.7900
2020-11-29 22:00:00+00:00,0.0000,0.0000,0.0000,0.0000,5.6840
2020-11-29 23:00:00+00:00,1.7058,0.0000,1.0664,0.0000,28.8326
2020-11-30 00:00:00+00:00,3.5503,0.0000,2.3537,0.0000,28.0500
2020-11-30 01:00:00+00:00,9.2895,6.6207,8.3077,9.3018,37.6500
2020-11-30 02:00:00+00:00,15.5552,15.1872,16.7931,28.3659,62.1037
2020-11-30 03:00:00+00:00,17.3142,17.8947,18.8741,37.2075,75.9262
2020-11-30 04:00:00+00:00,23.5870,22.6889,25.8893,47.6769,76.1486
2020-11-30 05:00:00+00:00,28.6204,27.9500,33.2566,54.8837,66.3738
2020-11-30 06:00:00+00:00,27.3389,25.8940,29.0136,59.4194,49.1078
2020-11-30 07:00:00+00:00,27.5626,30.9886,31.1171,72.4103,45.5977
2020-11-30 08:00:00+00:00,27.4224,32.1410,28.1427,70.1464,38.1550
2020-11-30 09:00:00+00:00,24.2696,30.3873,27.9749,60.3466,37.1738
2020-11-30 10:00:00+00:00,50.3479,59.1513,49.5890,117.1191,41.6406
2020-11-30 11:00:00+00:00,57.6281,64.1096,50.2801,133.0768,27.9774
2020-11-30 12:00:00+00:00,71.2695,80.5249,59.4012,168.7595,28.6480
2020-11-30 13:00:00+00:00,56.7735,44.6604,31.7406,106.1461,47.4131
2020-11-30 14:00:00+00:00,60.4684,43.8540,37.0775,80.3796,56.6966
2020-11-30 15:00:00+00:00,68.0168,67.3462,53.0131,135.4611,33.7833
2020-11-30 16:00:00+00:00,55.1825,56.1048,59.0646,70.8033,58.5148
2020-11-30 17:00:00+00:00,38.9155,60.1957,76.3712,76.3889,40.4053
2020-11-30 18:00:00+00:00,37.7586,56.9979,57.0692,112.9595,65.9289
2020-11-30 19:00:00+00:00,31.3069,45.0281,46.7082,79.1982,33.4947
2020-11-30 20:00:00+00:00,43.5354,59.3549,66.9128,94.6063,10.7318
2020-11-30 21:00:00+00:00,77.3162,97.2515,105.1917,186.4673,10.4046
2020-11-30 22:00:00+00:00,56.4202,95.1268,103.3615,159.6112,24.9078
2020-11-30 23:00:00+00:00,45.4869,63.7430,73.9505,124.4044,9.2574
2020-12-01 00:00:00+00:00,37.7367,47.0124,68.7476,57.8133,36.3634
2020-12-01 01:00:00+00:00,30.7131,51.6682,75.8462,66.3895,21.0029
2020-12-01 02:00:00+00:00,12.4370,31.0596,34.3656,42.4651,7.4869
2020-12-01 03:00:00+00:00,31.6876,44.6574,86.2459,41.7967,3.3557
2020-12-01 04:00:00+00:00,57.2211,75.4909,84.0243,97.6407,3.3099
2020-12-01 05:00:00+00:00,27.8407,13.9277,14.5541,37.2761,0.0000
2020-12-01 06:00:00+00:00,13.6146,0.0000,0.0000,1.8313,0.0000
2020-12-01 07:00:00+00:00,1.9828,0.0000,0.0000,1.6359,0.0000
2020-12-01 08:00:00+00:00,0.3022,0.0000,0.0000,0.0000,0.0000
2020-12-01 09:00:00+00:00,0.0000,0.0000,0.0000,0.0000,0.0000
2020-12-01 10:00:00+00:00,0.0000,0.0000,0.0000,0.0000,0.0000
2020-12-01 11:00:00+00:00,0.0000,0.0000,0.0000,0.0000,0.0000
2020-12-01 12:00:00+00:00,1.0664,1.6670,0.9872,4.8798,0.0000
2020-12-01 13:00:00+00:00,0.0000,0.0000,0.0000,0.0000,0.0000
2020-12-01 14:00:00+00:00,0.5794,0.0000,0.0000,0.0000,3.8018
2020-12-01 15:00:00+00:00,4.5497,4.1061,4.9790,5.0014,3.8842
2020-12-01 16:00:00+00:00,3.5098,2.8827,2.0055,7.6879,29.8053
2020-12-01 17:00:00+00:00,0.6829,3.2321,0.0589,13.9908,19.4708
2020-12-01 18:00:00+00:00,3.7081,0.0000,0.0000,1.0504,12.5840
2020-12-01 19:00:00+00:00,1.0133,0.0000,0.0000,0.0000,16.0581
2020-12-01 20:00:00+00:00,0.0000,0.0000,0.0000,0.0000,17.3367
2020-12-01 21:00:00+00:00,0.0000,0.0000,0.0000,0.0000,41.1573
2020-12-01 22:00:00+00:00,0.0000,1.3872,1.5091,2.3027,76.1740
2020-12-01 23:00:00+00:00,2.6753,3.5721,2.9640,0.0000,68.0834
2020-12-02 00:00:00+00:00,11.2853,10.2783,8.9794,28.4688,40.5286
2020-12-02 01:00:00+00:00,28.1844,37.0541,35.9385,80.5620,28.1068
2020-12-02 02:00:00+00:00,25.9902,29.3508,30.7090,64.0398,35.0269
2020-12-02 03:00:00+00:00,23.2619,25.8035,27.8207,59.9749,47.2655
2020-12-02 04:00:00+00:00,19.3584,16.3575,16.9618,40.1646,22.1346
2020-12-02 05:00:00+00:00,10.6335,11.6250,12.1393,24.7242,28.7058
2020-12-02 06:00:00+00:00,6.3443,7.8109,8.1610,13.5073,35.5610
2020-12-02 07:00:00+00:00,2.3231,2.6631,3.6362,3.5107,48.2789
2020-12-02 08:00:00+00:00,3.1054,3.1811,4.6201,3.8932,42.5433
2020-12-02 09:00:00+00:00,6.1336,6.2123,8.2610,7.8677,60.0463
2020-12-02 10:00:00+00:00,10.0539,7.7675,9.5765,14.2512,57.3581
2020-12-02 11:00:00+00:00,14.2516,10.7342,13.7142,18.5164,43.9074
2020-12-02 12:00:00+00:00,28.5998,28.1460,31.5356,60.8201,41.4451
2020-12-02 13:00:00+00:00,28.6859,25.4160,28.9317,56.4205,48.8072
2020-12-02 14:00:00+00:00,31.7137,32.5604,39.2817,65.3681,31.3491
2020-12-02 15:00:00+00:00,23.9690,21.7059,21.0263,58.0769,20.9459
2020-12-02 16:00:00+00:00,30.3160,34.1747,38.9651,65.9337,42.2095
2020-12-02 17:00:00+00:00,25.9865,26.8335,28.8181,56.0712,51.7548
2020-12-02 18:00:00+00:00,11.5504,19.8959,24.0024,25.2886,25.2761
2020-12-02 19:00:00+00:00,11.9557,19.2079,23.0571,28.4484,43.9725
2020-12-02 20:00:00+00:00,47.7224,63.0563,64.0424,132.6877,76.4144
2020-12-02 21:00:00+00:00,47.8713,47.2453,48.4515,117.8218,78.3085
2020-12-02 22:00:00+00:00,60.7364,72.9413,78.0201,151.3910,79.9000
2020-12-02 23:00:00+00:00,77.4985,73.8243,87.4481,174.1943,79.9000
2020-12-03 00:00:00+00:00,76.7707,74.8249,75.5470,178.3512,79.9000
2020-12-03 01:00:00+00:00,57.7519,70.1754,74.4283,144.9774,79.9000
2020-12-03 02:00:00+00:00,79.5697,97.9211,102.5197,212.5336,79.9000
2020-12-03 03:00:00+00:00,79.1725,96.1887,102.2125,206.5553,73.3267
2020-12-03 04:00:00+00:00,79.0569,96.0786,101.5308,208.0010,78.5820
2020-12-03 05:00:00+00:00,77.4101,88.8171,86.6068,205.7296,77.0818
2020-12-03 06:00:00+00:00,70.9361,78.4478,79.4114,189.1604,74.8057
2020-12-03 07:00:00+00:00,69.0018,82.8560,83.1971,185.0476,41.5648
2020-12-03 08:00:00+00:00,66.3150,83.0355,87.2834,169.7521,42.4781
2020-12-03 09:00:00+00:00,52.2994,60.6483,64.3950,124.2221,43.4736
2020-12-03 10:00:00+00:00,59.9060,81.3892,80.4853,166.2499,75.8669
2020-12-03 11:00:00+00:00,48.0897,72.4391,73.6142,140.2170,54.0586
2020-12-03 12:00:00+00:00,63.1187,95.2855,101.3194,192.8196,76.4149
2020-12-03 13:00:00+00:00,65.0180,95.5857,101.6010,204.4640,76.4563
2020-12-03 14:00:00+00:00,77.0659,95.4466,101.5040,205.4422,77.8545
2020-12-03 15:00:00+00:00,68.0023,89.9416,94.2896,199.6848,77.2955
2020-12-03 16:00:00+00:00,50.5631,65.0618,70.7681,148.1938,79.9000
2020-12-03 17:00:00+00:00,47.1156,64.8182,62.5613,162.9923,79.9000
2020-12-03 18:00:00+00:00,41.7196,53.5359,56.6466,125.5348,79.2370
2020-12-03 19:00:00+00:00,62.0157,84.5237,91.3294,195.3552,76.2863
2020-12-03 20:00:00+00:00,65.2967,88.2018,96.5897,205.6752,73.9579
2020-12-03 21:00:00+00:00,42.6625,60.9029,78.1358,145.9150,28.3455
2020-12-03 22:00:00+00:00,32.3049,46.0105,67.4662,85.5662,17.0758
2020-12-03 23:00:00+00:00,24.4331,34.8143,54.7986,60.3693,19.7074
2020-12-04 00:00:00+00:00,30.5533,32.8326,59.8747,51.7289,23.2290
2020-12-04 01:00:00+00:00,4.7654,10.6535,19.4213,20.1525,28.1342
2020-12-04 02:00:00+00:00,10.0074,27.4125,37.7436,48.3109,75.6252
2020-12-04 03:00:00+00:00,10.0262,16.8788,18.0428,39.3187,47.0828
2020-12-04 04:00:00+00:00,15.8741,21.9649,21.0593,55.1591,57.0386
2020-12-04 05:00:00+00:00,25.4127,33.8452,35.0400,73.7874,49.0688
2020-12-04 06:00:00+00:00,41.0084,60.2753,76.6872,124.4851,55.3020
2020-12-04 07:00:00+00:00,55.6047,68.6039,100.7932,130.3805,50.1670
2020-12-04 08:00:00+00:00,36.6884,45.1732,65.5495,116.3164,34.1401
2020-12-04 09:00:00+00:00,28.5371,31.2685,50.9972,75.1618,38.6414
2020-12-04 10:00:00+00:00,26.2178,28.3856,39.9708,71.2948,77.5184
2020-12-04 11:00:00+00:00,42.8424,49.8509,65.9328,118.3786,51.9544
2020-12-04 12:00:00+00:00,46.4253,49.7414,64.5912,121.2438,76.6400
2020-12-04 13:00:00+00:00,36.1695,35.8665,48.1629,93.6899,76.9359
2020-12-04 14:00:00+00:00,40.0064,47.7996,61.0525,101.8132,76.7384
2020-12-04 15:00:00+00:00,27.0422,31.5988,32.3534,80.5808,75.5488
2020-12-04 16:00:00+00:00,31.7465,31.1517,30.0459,63.8614,49.8631
2020-12-04 17:00:00+00:00,30.7176,29.6054,28.7576,67.4588,29.8860
2020-12-04 18:00:00+00:00,20.5651,16.0795,22.1917,40.5748,57.3685
2020-12-04 19:00:00+00:00,9.3794,6.8148,10.2076,14.3523,75.9838
2020-12-04 20:00:00+00:00,7.9686,9.5687,11.3549,23.0171,44.6216
2020-12-04 21:00:00+00:00,2.9830,1.4234,2.4495,3.2854,15.4018
2020-12-04 22:00:00+00:00,8.4218,5.8150,9.5816,13.4188,18.0108
2020-12-04 23:00:00+00:00,16.1843,12.8767,19.0470,29.2418,12.0241
2020-12-05 00:00:00+00:00,8.5067,18.1619,19.6376,39.1669,6.7206
2020-12-05 01:00:00+00:00,14.7269,14.2206,11.8665,39.0962,6.1718
2020-12-05 02:00:00+00:00,28.9293,29.0108,28.9163,75.0700,11.5928
2020-12-05 03:00:00+00:00,8.5028,8.4955,6.1956,26.8937,2.9088
2020-12-05 04:00:00+00:00,2.8336,5.8086,5.0420,9.7309,4.2997
2020-12-05 05:00:00+00:00,3.3925,4.9585,4.5741,11.3950,1.8204
2020-12-05 06:00:00+00:00,4.8567,3.2759,2.9034,11.4781,0.0000
2020-12-05 07:00:00+00:00,2.0201,2.2470,1.6470,7.6790,0.0000
2020-12-05 08:00:00+00:00,2.8287,1.7225,1.3228,7.6774,0.0000
2020-12-05 09:00:00+00:00,0.7238,0.0000,0.0000,1.9023,0.0000
2020-12-05 10:00:00+00:00,0.5920,0.0000,0.0000,0.0000,3.9023
2020-12-05 11:00:00+00:00,1.2541,0.0000,0.0000,0.0000,1.5272
2020-12-05 12:00:00+00:00,1.0760,0.0000,0.4882,0.0000,2.8025
2020-12-05 13:00:00+00:00,1.6825,1.3529,1.5180,3.9063,6.9550
2020-12-05 14:00:00+00:00,3.9776,5.2128,5.4048,10.3907,10.8542
2020-12-05 15:00:00+00:00,6.2298,5.7215,7.3023,12.7283,16.0434
2020-12-05 16:00:00+00:00,5.4123,5.2562,6.4323,12.1987,19.1295
2020-12-05 17:00:00+00:00,5.4073,5.2326,6.3071,12.7408,36.8477
2020-12-05 18:00:00+00:00,9.8980,9.6559,12.0093,21.3868,40.1801
2020-12-05 19:00:00+00:00,7.1283,7.2630,7.6232,17.9807,43.4797
2020-12-05 20:00:00+00:00,22.4366,19.6419,22.2402,50.7486,54.8343
2020-12-05 21:00:00+00:00,33.9262,26.4963,30.9854,72.1543,49.8901
2020-12-05 22:00:00+00:00,34.8111,27.5982,30.6611,72.0598,46.7614
2020-12-05 23:00:00+00:00,36.1310,32.4643,37.4116,82.2709,46.0712
2020-12-06 00:00:00+00:00,39.9214,34.6476,37.5467,90.0831,34.2214
2020-12-06 01:00:00+00:00,42.8324,39.5094,45.9008,96.9611,38.1030
2020-12-06 02:00:00+00:00,49.8840,38.6400,42.3985,112.7837,40.4370
2020-12-06 03:00:00+00:00,34.4091,28.3969,31.8000,81.6854,45.2244
2020-12-06 04:00:00+00:00,47.5877,44.2797,50.4591,107.4257,45.5646
2020-12-06 05:00:00+00:00,47.8413,46.1321,50.6082,110.4597,42.1185
2020-12-06 06:00:00+00:00,31.2122,30.6583,33.1512,76.6500,38.2697
2020-12-06 07:00:00+00:00,38.7921,39.5600,40.5648,95.4803,27.0573
2020-12-06 08:00:00+00:00,46.7399,45.7326,46.4350,115.3769,19.7547
2020-12-06 09:00:00+00:00,41.3676,39.2189,41.1651,106.4603,22.7823
2020-12-06 10:00:00+00:00,53.7197,53.3800,57.1608,132.4576,41.4997
2020-12-06 11:00:00+00:00,53.8941,52.3992,53.1240,139.2555,42.4508
2020-12-06 12:00:00+00:00,58.6380,57.5312,57.4156,152.9306,47.3764
2020-12-06 13:00:00+00:00,58.3785,56.2455,57.6925,152.5206,45.7766
2020-12-06 14:00:00+00:00,46.6031,44.6255,42.0655,130.6217,51.1738
2020-12-06 15:00:00+00:00,64.3991,57.2202,56.0085,166.0052,35.1021
2020-12-06 16:00:00+00:00,76.9102,72.8360,69.3677,204.0404,31.5814
2020-12-06 17:00:00+00:00,78.3856,89.1797,86.8649,207.8523,34.6721
2020-12-06 18:00:00+00:00,80.4750,97.2566,102.1492,214.0955,35.6757
2020-12-06 19:00:00+00:00,79.1945,95.7903,100.6594,210.7904,45.8687
2020-12-06 20:00:00+00:00,79.5222,96.1245,100.9466,212.4513,46.9367
2020-12-06 21:00:00+00:00,79.9292,96.6344,101.6892,211.8546,32.7634
2020-12-06 22:00:00+00:00,80.2354,97.0563,101.5373,214.1889,24.5012
2020-12-06 23:00:00+00:00,81.0000,97.5526,102.5221,215.2000,32.1508
2020-12-07 00:00:00+00:00,79.4133,94.4905,93.5093,209.9548,33.3640
2020-12-07 01:00:00+00:00,78.0937,85.8483,85.0705,206.7697,34.6496
2020-12-07 02:00:00+00:00,77.6582,87.0016,84.6388,206.7728,28.2994
2020-12-07 03:00:00+00:00,76.9089,72.2916,69.8518,202.9118,24.1247
2020-12-07 04:00:00+00:00,76.6686,72.6978,73.9751,199.2019,21.1505
2020-12-07 05:00:00+00:00,57.5863,54.9826,57.4175,148.9841,12.8359
2020-12-07 06:00:00+00:00,65.8295,64.6316,65.6954,167.9954,13.1894
2020-12-07 07:00:00+00:00,53.0857,55.3219,55.6564,139.5047,9.8697
2020-12-07 08:00:00+00:00,59.6206,60.2964,59.8254,155.2028,9.2060
2020-12-07 09:00:00+00:00,54.7667,55.2823,56.2755,139.3183,8.5868
2020-12-07 10:00:00+00:00,35.9683,38.5893,38.2102,95.3132,12.0709
2020-12-07 11:00:00+00:00,29.9539,30.2183,29.7876,77.9500,8.0210
2020-12-07 12:00:00+00:00,30.6138,31.9544,31.8030,79.5304,7.2033
2020-12-07 13:00:00+00:00,15.0617,14.6730,14.4737,38.4238,5.6130
2020-12-07 14:00:00+00:00,12.8258,12.2918,12.0594,33.6492,2.9652
2020-12-07 15:00:00+00:00,16.0131,16.8550,16.9320,41.2069,3.1291
2020-12-07 16:00:00+00:00,18.2491,19.7201,19.3668,48.3731,0.0000
2020-12-07 17:00:00+00:00,14.7555,16.1809,15.9497,39.9097,2.0251
2020-12-07 18:00:00+00:00,14.2324,16.1282,15.0314,41.0221,6.2620
2020-12-07 19:00:00+00:00,11.8200,12.5502,11.4763,34.6972,7.8051
2020-12-07 20:00:00+00:00,10.8731,12.0819,11.1560,31.7361,3.9332
2020-12-07 21:00:00+00:00,11.0992,11.5740,10.6783,31.5115,2.6084
2020-12-07 22:00:00+00:00,14.0005,13.5860,13.0759,37.2020,5.3962
2020-12-07 23:00:00+00:00,12.9072,12.1409,11.1507,36.4732,5.8591
2020-12-08 00:00:00+00:00,7.1719,7.0915,5.8238,22.8448,9.9720
2020-12-08 01:00:00+00:00,5.2096,4.6694,3.8774,15.6477,9.1891
2020-12-08 02:00:00+00:00,8.4541,6.9119,6.5170,21.3895,2.5567
2020-12-08 03:00:00+00:00,8.7597,8.3581,7.9596,23.8876,4.8765
2020-12-08 04:00:00+00:00,7.7357,5.2932,5.8091,16.7473,4.0713
2020-12-08 05:00:00+00:00,4.6598,3.0857,3.6935,9.4742,7.4655
2020-12-08 06:00:00+00:00,3.0931,2.3496,2.5430,7.6717,12.8616
2020-12-08 07:00:00+00:00,2.3169,1.3769,1.2503,6.3202,8.8504
2020-12-08 08:00:00+00:00,1.6313,0.0000,0.0000,2.5310,6.3967
2020-12-08 09:00:00+00:00,2.2107,1.6344,1.5073,6.7077,4.6351
2020-12-08 10:00:00+00:00,6.9914,5.7883,6.5559,16.5899,3.5541
2020-12-08 11:00:00+00:00,7.0017,5.2593,5.4421,16.3126,5.6967
2020-12-08 12:00:00+00:00,9.9025,8.7403,9.0013,24.0597,9.7667
2020-12-08 13:00:00+00:00,8.4783,7.2587,7.3269,20.1105,20.5494
2020-12-08 14:00:00+00:00,7.7200,6.4326,7.0194,17.1100,5.1079
2020-12-08 15:00:00+00:00,8.8282,8.9554,9.3056,21.4834,4.6377
2020-12-08 16:00:00+00:00,8.4929,10.0283,10.2558,22.6502,2.5178
2020-12-08 17:00:00+00:00,20.7044,23.4722,24.5304,53.6767,9.0984
2020-12-08 18:00:00+00:00,15.5587,18.4225,18.5455,41.4058,7.0869
2020-12-08 19:00:00+00:00,22.3621,24.2712,23.7835,59.8588,4.2476
2020-12-08 20:00:00+00:00,18.3901,20.9520,19.9459,50.5214,5.0990
2020-12-08 21:00:00+00:00,21.2011,23.4696,21.1692,60.9743,7.6067
2020-12-08 22:00:00+00:00,27.6435,30.3936,27.3460,80.4543,12.3088
2020-12-08 23:00:00+00:00,38.1404,39.2639,35.7309,107.8737,8.9732
2020-12-09 00:00:00+00:00,30.1980,33.3709,30.5181,89.2262,7.8303
2020-12-09 01:00:00+00:00,46.2621,47.1338,44.0583,126.3911,12.0625
2020-12-09 02:00:00+00:00,49.3576,52.9563,49.4404,140.3135,21.2416
2020-12-09 03:00:00+00:00,47.3192,54.0271,51.5535,130.8549,45.6290
2020-12-09 04:00:00+00:00,56.1669,66.4658,62.3865,160.0930,30.7167
2020-12-09 05:00:00+00:00,29.3188,37.1145,34.0459,90.1359,30.2754
2020-12-09 06:00:00+00:00,32.0781,37.5702,36.5047,90.0843,29.9506
2020-12-09 07:00:00+00:00,16.5308,22.6094,21.5963,48.2458,27.0806
2020-12-09 08:00:00+00:00,18.6058,20.2955,22.1342,42.9775,17.8959
2020-12-09 09:00:00+00:00,12.1008,11.5854,12.2358,30.4786,20.8063
2020-12-09 10:00:00+00:00,17.4990,20.3849,21.2579,40.3263,36.5420
2020-12-09 11:00:00+00:00,30.3308,31.1191,29.1654,72.3133,34.7588
2020-12-09 12:00:00+00:00,41.5743,36.2262,42.1420,76.9577,50.3545
2020-12-09 13:00:00+00:00,26.8895,31.9890,37.0806,60.2127,62.9625
2020-12-09 14:00:00+00:00,30.5822,39.0172,43.1456,64.5353,75.2764
2020-12-09 15:00:00+00:00,28.8589,24.8133,31.9243,52.8909,73.3231
2020-12-09 16:00:00+00:00,22.3089,25.8798,29.5533,50.0870,75.9316
2020-12-09 17:00:00+00:00,32.8652,24.5159,34.7329,48.0857,74.9479
2020-12-09 18:00:00+00:00,41.5334,41.4768,47.6938,78.8997,73.6112
2020-12-09 19:00:00+00:00,32.8593,19.3192,27.8329,41.6501,75.7619
2020-12-09 20:00:00+00:00,19.5636,16.0948,21.7431,26.5450,71.4821
2020-12-09 21:00:00+00:00,18.7466,17.9925,19.1436,39.2363,38.5380
2020-12-09 22:00:00+00:00,14.6626,15.4941,15.8698,33.1550,33.4271
2020-12-09 23:00:00+00:00,17.8180,21.8888,22.0278,48.6648,24.1720
2020-12-10 00:00:00+00:00,22.3557,29.3500,29.0599,64.4162,36.8445
2020-12-10 01:00:00+00:00,17.5727,20.7789,22.0847,48.8757,47.1900
2020-12-10 02:00:00+00:00,21.7112,20.0116,22.4194,49.1460,40.0940
2020-12-10 03:00:00+00:00,34.4202,34.6496,36.0592,87.9535,55.2483
2020-12-10 04:00:00+00:00,35.1305,32.5095,32.6287,89.4247,76.4661
2020-12-10 05:00:00+00:00,56.4291,62.6245,53.2337,172.3587,67.1945
2020-12-10 06:00:00+00:00,36.7107,38.2603,41.0210,93.6999,67.1143
2020-12-10 07:00:00+00:00,49.4980,52.3721,56.8061,118.6319,66.7612
2020-12-10 08:00:00+00:00,51.9606,53.6480,58.4513,126.1464,68.6679
2020-12-10 09:00:00+00:00,59.1668,64.2605,68.9718,156.1192,72.9889
2020-12-10 10:00:00+00:00,63.8927,66.3063,69.9035,163.3667,38.7456
2020-12-10 11:00:00+00:00,65.6535,69.4602,70.2852,174.6713,30.4847
2020-12-10 12:00:00+00:00,66.8913,69.1598,71.0907,173.3664,33.2696
2020-12-10 13:00:00+00:00,76.8650,83.3792,80.5436,205.1349,31.6933
2020-12-10 14:00:00+00:00,49.8212,46.5862,49.6592,126.2479,15.3778
2020-12-10 15:00:00+00:00,36.4683,37.6451,40.7862,85.5968,10.6906
2020-12-10 16:00:00+00:00,62.5192,63.3599,65.8228,137.3250,12.0521
2020-12-10 17:00:00+00:00,63.1433,59.7924,62.3052,146.5069,9.6399
2020-12-10 18:00:00+00:00,60.8519,60.3440,57.8244,159.3765,9.6360
2020-12-10 19:00:00+00:00,43.1970,43.5711,43.6227,103.2224,10.4901
2020-12-10 20:00:00+00:00,37.8145,43.0335,44.2850,91.2795,6.3685
2020-12-10 21:00:00+00:00,46.4527,56.3715,55.4136,130.5894,4.0770
2020-12-10 22:00:00+00:00,27.1850,31.1182,30.2868,73.3836,0.0000
2020-12-10 23:00:00+00:00,22.7306,23.6939,22.3046,60.2950,0.0000
2020-12-11 00:00:00+00:00,10.9233,9.1005,8.2250,26.6750,2.1996
2020-12-11 01:00:00+00:00,10.1382,7.6488,6.1620,24.3927,1.4718
2020-12-11 02:00:00+00:00,12.8882,8.1367,6.5578,27.9138,2.0162
2020-12-11 03:00:00+00:00,19.6451,12.9134,16.8624,26.3931,2.6285
2020-12-11 04:00:00+00:00,16.1056,17.4374,18.7607,25.3643,6.8952
2020-12-11 05:00:00+00:00,13.0542,13.3145,13.2084,19.5272,7.0661
2020-12-11 06:00:00+00:00,8.9486,8.8584,10.6648,11.1259,8.2007
2020-12-11 07:00:00+00:00,16.4524,20.5671,19.3463,36.0952,9.5830
2020-12-11 08:00:00+00:00,8.7821,9.4879,8.6982,15.4823,16.0033
2020-12-11 09:00:00+00:00,5.6230,5.4589,5.4616,7.6292,29.1582
2020-12-11 10:00:00+00:00,14.6774,9.5398,10.1076,13.0786,34.3150
2020-12-11 11:00:00+00:00,35.4434,31.8782,28.6360,42.9802,29.1330
2020-12-11 12:00:00+00:00,53.7124,40.2107,34.7495,83.7193,34.9742
2020-12-11 13:00:00+00:00,63.4733,56.3355,46.3609,112.0353,26.4170
2020-12-11 14:00:00+00:00,37.4513,30.7137,25.6085,74.6337,25.1166
2020-12-11 15:00:00+00:00,18.1646,10.6834,11.4327,21.9647,21.2919
2020-12-11 16:00:00+00:00,12.0633,8.7325,11.7143,11.7086,11.0636
2020-12-11 17:00:00+00:00,10.7815,6.1900,9.4461,10.1737,11.4351
2020-12-11 18:00:00+00:00,10.0929,5.5324,7.3571,9.9164,15.8806
2020-12-11 19:00:00+00:00,9.4740,6.1765,7.1569,13.9288,17.1339
2020-12-11 20:00:00+00:00,5.7906,1.8102,2.5676,5.6574,12.2273
2020-12-11 21:00:00+00:00,0.8316,0.0000,0.0000,0.0000,8.3830
2020-12-11 22:00:00+00:00,0.0000,0.0000,0.0000,0.0000,10.0813
2020-12-11 23:00:00+00:00,0.0000,0.0000,0.0000,0.0000,13.9051
2020-12-12 00:00:00+00:00,1.7678,1.3121,0.7553,4.2528,12.8177
2020-12-12 01:00:00+00:00,0.0000,0.0000,0.0000,0.0000,10.9016
2020-12-12 02:00:00+00:00,0.0000,0.0000,0.0000,0.0000,0.0000
2020-12-12 03:00:00+00:00,0.0000,0.0000,0.0000,0.0000,0.0000
2020-12-12 04:00:00+00:00,0.0000,0.0000,0.0000,0.0000,0.0000
2020-12-12 05:00:00+00:00,0.0000,0.0000,0.0000,0.0000,0.0000
2020-12-12 06:00:00+00:00,1.5352,2.1512,3.2847,1.7793,0.0000
2020-12-12 07:00:00+00:00,3.0982,5.2298,7.4231,5.2119,0.0000
2020-12-12 08:00:00+00:00,5.2079,8.9673,13.1494,10.4706,0.0000
2020-12-12 09:00:00+00:00,12.7973,23.8222,32.2481,31.2808,0.0000
2020-12-12 10:00:00+00:00,17.7675,26.3222,36.5485,37.0195,0.0000
2020-12-12 11:00:00+00:00,19.4957,26.7986,38.1301,40.9669,0.0000
2020-12-12 12:00:00+00:00,22.0941,35.1489,48.9400,49.7730,4.3603
2020-12-12 13:00:00+00:00,22.0485,34.1612,47.5425,44.3585,18.5084
2020-12-12 14:00:00+00:00,24.1697,40.4022,53.3435,51.9683,32.2563
2020-12-12 15:00:00+00:00,27.1885,46.9356,60.7454,61.5643,10.8392
2020-12-12 16:00:00+00:00,20.4330,42.7199,52.5687,54.9547,68.6445
2020-12-12 17:00:00+00:00,23.6631,55.0190,51.6536,83.2964,56.9052
2020-12-12 18:00:00+00:00,26.4376,61.6517,52.8649,100.5537,63.5205
2020-12-12 19:00:00+00:00,20.9019,59.3232,42.8329,97.2541,76.5877
2020-12-12 20:00:00+00:00,21.7356,61.0828,43.4523,102.6504,74.4108
2020-12-12 21:00:00+00:00,13.8662,37.6258,28.8274,64.0837,76.3007
2020-12-12 22:00:00+00:00,16.2316,62.9887,56.9996,84.3737,79.9000
2020-12-12 23:00:00+00:00,77.8896,62.0552,82.7465,122.2129,78.9019
2020-12-13 00:00:00+00:00,76.6648,45.9707,69.1943,125.0007,79.1601
2020-12-13 01:00:00+00:00,62.8471,2.2181,6.7723,36.3803,74.0845
2020-12-13 02:00:00+00:00,77.3357,95.3745,89.5831,144.2787,76.4534
2020-12-13 03:00:00+00:00,78.8603,95.2226,88.2793,125.8865,78.4840
2020-12-13 04:00:00+00:00,77.8899,96.3965,101.3652,197.9603,76.5043
2020-12-13 05:00:00+00:00,76.9340,95.0894,100.9262,205.4085,79.9000
2020-12-13 06:00:00+00:00,54.4575,66.4434,78.7958,145.6378,79.9000
2020-12-13 07:00:00+00:00,49.5728,58.3557,76.2276,100.9740,79.6728
2020-12-13 08:00:00+00:00,21.9221,30.8177,39.2393,70.7896,50.8995
2020-12-13 09:00:00+00:00,45.5355,47.7553,78.8104,108.3647,57.1171
2020-12-13 10:00:00+00:00,22.9452,33.0125,44.5914,86.8848,76.4092
2020-12-13 11:00:00+00:00,20.5669,23.5828,24.2494,81.2052,75.8599
2020-12-13 12:00:00+00:00,19.2701,22.6750,40.4729,76.9576,75.9284
2020-12-13 13:00:00+00:00,54.5839,61.3171,101.9352,182.7083,79.9000
2020-12-13 14:00:00+00:00,49.2809,73.8164,98.3734,190.7700,79.9000
2020-12-13 15:00:00+00:00,78.3419,99.6272,106.5000,215.2000,79.6888
2020-12-13 16:00:00+00:00,81.0000,100.5000,106.5000,215.2000,77.4504
2020-12-13 17:00:00+00:00,81.0000,100.5000,106.5000,215.2000,79.9000
2020-12-13 18:00:00+00:00,81.0000,100.5000,106.5000,215.2000,79.9000
2020-12-13 19:00:00+00:00,81.0000,100.5000,106.5000,215.2000,79.0722
2020-12-13 20:00:00+00:00,81.0000,100.5000,106.5000,215.2000,76.8591
2020-12-13 21:00:00+00:00,81.0000,100.5000,106.3346,215.2000,68.1552
2020-12-13 22:00:00+00:00,80.8500,98.1126,103.0539,212.7411,59.5630
2020-12-13 23:00:00+00:00,79.4146,95.7088,100.9921,207.3513,72.1115
2020-12-14 00:00:00+00:00,73.4040,70.0347,74.0108,164.6616,48.1066
2020-12-14 01:00:00+00:00,53.1916,45.7945,48.4324,112.2134,33.0867
2020-12-14 02:00:00+00:00,38.4267,34.1533,35.5334,84.0596,35.9973
2020-12-14 03:00:00+00:00,30.9036,26.8279,27.5765,66.0940,28.5245
2020-12-14 04:00:00+00:00,45.1728,36.3254,41.7190,88.7755,15.2193
2020-12-14 05:00:00+00:00,36.6212,36.7099,38.0541,87.2486,4.9997
2020-12-14 06:00:00+00:00,23.9716,21.9543,23.8128,56.8719,1.0939
2020-12-14 07:00:00+00:00,19.2458,19.6231,20.0233,45.3122,0.0000
2020-12-14 08:00:00+00:00,16.5883,16.1734,14.5534,46.9748,0.0000
2020-12-14 09:00:00+00:00,7.6631,7.1802,6.2601,22.6155,0.0000
2020-12-14 10:00:00+00:00,5.5045,4.5748,3.9799,14.2268,0.0000
2020-12-14 11:00:00+00:00,0.5015,0.0000,0.0000,0.0000,0.0000
2020-12-14 12:00:00+00:00,0.0000,0.0000,0.0000,0.0000,0.0000
2020-12-14 13:00:00+00:00,0.0000,0.0000,0.0000,0.0000,0.0000
2020-12-14 14:00:00+00:00,0.0000,0.0000,0.0000,0.0000,1.3290
2020-12-14 15:00:00+00:00,0.0000,0.0000,0.0000,0.0000,0.0000
2020-12-14 16:00:00+00:00,0.0000,0.0000,0.0000,0.0000,0.0000
2020-12-14 17:00:00+00:00,0.0000,0.0000,0.0000,0.0000,4.1246
2020-12-14 18:00:00+00:00,1.1959,0.0000,0.0000,0.1423,25.7416
2020-12-14 19:00:00+00:00,0.0000,0.0000,0.0000,0.0000,52.3278
2020-12-14 20:00:00+00:00,2.4060,0.0000,0.0000,0.0000,76.3326
2020-12-14 21:00:00+00:00,0.0000,0.0000,0.0000,0.0000,45.4861
2020-12-14 22:00:00+00:00,0.0000,0.0000,0.0000,0.0000,45.2069
2020-12-14 23:00:00+00:00,17.3340,10.9113,17.3409,21.7504,51.3087
2020-12-15 00:00:00+00:00,56.2682,45.1379,57.5893,101.8208,79.9000
2020-12-15 01:00:00+00:00,64.0413,57.2395,66.5600,136.9730,79.9000
2020-12-15 02:00:00+00:00,80.7965,98.5605,105.0891,211.6240,79.9000
2020-12-15 03:00:00+00:00,81.0000,99.8997,106.0019,215.2000,79.9000
2020-12-15 04:00:00+00:00,81.0000,100.5000,106.5000,215.2000,79.9000
2020-12-15 05:00:00+00:00,81.0000,100.5000,106.5000,215.2000,79.9000
2020-12-15 06:00:00+00:00,81.0000,100.5000,106.5000,215.2000,79.9000
2020-12-15 07:00:00+00:00,81.0000,100.4020,106.5000,215.2000,79.8239
2020-12-15 08:00:00+00:00,80.7003,97.2704,103.5483,212.0264,79.9000
2020-12-15 09:00:00+00:00,77.6256,81.2260,89.6668,200.9193,79.9000
2020-12-15 10:00:00+00:00,81.0000,99.4057,105.0811,215.2000,76.1000
2020-12-15 11:00:00+00:00,81.0000,98.7183,104.5288,215.2000,69.9678
2020-12-15 12:00:00+00:00,81.0000,98.4332,103.0472,215.2000,63.7692
2020-12-15 13:00:00+00:00,79.2842,96.4133,101.4591,210.6291,75.6855
2020-12-15 14:00:00+00:00,76.5983,83.9736,78.7804,205.2460,71.3808
2020-12-15 15:00:00+00:00,74.0356,79.2162,75.5688,204.1257,59.3279
2020-12-15 16:00:00+00:00,47.0202,50.9079,47.7004,138.0440,36.9158
2020-12-15 17:00:00+00:00,50.0464,51.8531,50.8843,139.3778,22.5356
2020-12-15 18:00:00+00:00,45.0115,47.0251,47.3352,119.6784,12.9516
2020-12-15 19:00:00+00:00,47.1539,50.4485,50.4115,125.7410,8.4081
2020-12-15 20:00:00+00:00,45.3536,48.3343,46.3035,127.7151,3.8649
2020-12-15 21:00:00+00:00,38.0226,42.3525,39.5999,111.2728,0.2260
2020-12-15 22:00:00+00:00,42.0091,45.6087,44.9486,115.4756,3.1005
2020-12-15 23:00:00+00:00,37.9406,37.2437,36.8390,97.0183,5.1406
2020-12-16 00:00:00+00:00,36.3345,31.6106,32.7446,84.7089,6.0073
2020-12-16 01:00:00+00:00,19.3579,16.5405,15.7404,49.0643,1.3713
2020-12-16 02:00:00+00:00,23.6764,21.2267,18.3226,70.7659,3.1877
2020-12-16 03:00:00+00:00,16.6407,17.1185,13.5857,55.8443,5.5165
2020-12-16 04:00:00+00:00,12.3276,12.2183,10.7136,36.5128,4.5008
2020-12-16 05:00:00+00:00,4.6359,5.9001,5.1141,14.6159,3.4692
2020-12-16 06:00:00+00:00,0.3463,0.0000,0.0000,0.3542,2.3315
2020-12-16 07:00:00+00:00,0.0000,0.0000,0.0000,0.0000,2.8461
2020-12-16 08:00:00+00:00,0.0000,0.0000,0.0000,0.0000,2.6235
2020-12-16 09:00:00+00:00,0.0000,0.0000,0.0000,0.0000,2.8586
2020-12-16 10:00:00+00:00,0.0000,0.0000,0.0000,0.0000,2.8460
2020-12-16 11:00:00+00:00,2.7170,3.5935,4.2035,5.4011,2.4359
2020-12-16 12:00:00+00:00,2.0926,3.9476,4.8473,4.9208,1.0676
2020-12-16 13:00:00+00:00,4.8748,8.6005,9.7728,12.2068,0.2291
2020-12-16 14:00:00+00:00,8.6786,11.3932,13.4146,17.1254,0.0000
2020-12-16 15:00:00+00:00,4.3856,9.5150,9.1198,14.3477,0.0000
2020-12-16 16:00:00+00:00,11.2425,14.6493,14.1958,27.2123,0.5584
2020-12-16 17:00:00+00:00,16.2515,20.8425,23.2159,37.0675,0.6479
2020-12-16 18:00:00+00:00,19.5498,24.9347,28.9669,42.7025,2.5348
2020-12-16 19:00:00+00:00,16.8737,22.6367,25.1674,40.1137,3.2364
2020-12-16 20:00:00+00:00,22.3491,29.0586,34.2330,48.3813,2.3184
2020-12-16 21:00:00+00:00,30.0880,38.1354,47.0558,62.9627,3.2384
2020-12-16 22:00:00+00:00,33.7303,48.1136,60.2661,73.2175,4.3964
2020-12-16 23:00:00+00:00,46.9317,68.4951,87.7393,105.9674,6.8022
2020-12-17 00:00:00+00:00,60.6342,86.4223,102.0018,129.5387,13.4183
2020-12-17 01:00:00+00:00,44.7036,61.7103,86.3186,86.7487,12.6273
2020-12-17 02:00:00+00:00,40.3654,51.1096,71.6963,75.4830,13.7876
2020-12-17 03:00:00+00:00,34.8356,47.2265,67.3701,63.7623,21.9695
2020-12-17 04:00:00+00:00,26.1996,33.2483,47.8717,45.1401,17.1481
2020-12-17 05:00:00+00:00,26.7440,37.2330,56.5777,46.7190,6.5647
2020-12-17 06:00:00+00:00,26.1829,29.1209,44.2339,43.2719,2.1399
2020-12-17 07:00:00+00:00,19.0041,21.9547,36.1108,29.1662,0.0000
2020-12-17 08:00:00+00:00,16.8421,19.8015,27.6570,27.9015,4.9780
2020-12-17 09:00:00+00:00,15.9336,17.7002,25.1137,22.4348,6.3073
2020-12-17 10:00:00+00:00,10.0684,11.0319,15.6756,15.8667,6.7542
2020-12-17 11:00:00+00:00,10.0584,13.8892,16.3794,23.3514,9.0011
2020-12-17 12:00:00+00:00,5.3883,6.0131,8.8755,9.3703,9.8136
2020-12-17 13:00:00+00:00,6.0416,7.4472,11.2388,11.6532,4.5262
2020-12-17 14:00:00+00:00,6.9643,10.1846,13.4570,16.1277,0.0000
2020-12-17 15:00:00+00:00,2.9436,3.5172,5.5621,4.9649,0.0000
2020-12-17 16:00:00+00:00,3.6295,3.9954,5.6160,7.0492,0.0000
2020-12-17 17:00:00+00:00,2.2496,2.3791,2.8331,4.2737,0.0000
2020-12-17 18:00:00+00:00,2.8517,4.1456,4.1936,8.7563,0.0000
2020-12-17 19:00:00+00:00,6.6836,7.9523,8.1644,18.1414,3.4477
2020-12-17 20:00:00+00:00,5.8945,6.5783,7.2383,12.8116,3.9776
2020-12-17 21:00:00+00:00,8.7937,8.7180,11.1733,16.1603,7.0175
2020-12-17 22:00:00+00:00,5.2758,6.4876,7.8374,12.0102,12.0914
2020-12-17 23:00:00+00:00,6.8933,8.2890,10.3790,15.8413,7.1604
2020-12-18 00:00:00+00:00,6.7550,8.4686,10.9139,14.0603,8.4854
2020-12-18 01:00:00+00:00,14.4259,23.4319,29.8115,32.5637,2.4149
2020-12-18 02:00:00+00:00,8.9238,16.9235,20.5888,25.3229,0.0000
2020-12-18 03:00:00+00:00,6.9560,11.7672,17.7761,13.6294,0.0000
2020-12-18 04:00:00+00:00,5.9219,8.7480,13.2581,9.4669,0.0000
2020-12-18 05:00:00+00:00,3.5153,5.0003,9.4026,2.7382,0.0000
2020-12-18 06:00:00+00:00,3.8906,3.1816,7.3130,0.7163,0.0000
2020-12-18 07:00:00+00:00,2.8681,1.7085,3.6459,3.0680,0.0000
2020-12-18 08:00:00+00:00,5.1581,8.9782,14.8948,9.0852,0.0000
2020-12-18 09:00:00+00:00,7.1846,10.3703,18.3822,9.6017,4.4889
2020-12-18 10:00:00+00:00,9.5664,9.9865,16.2627,15.1355,0.8886
2020-12-18 11:00:00+00:00,9.9861,19.8412,26.9943,21.6296,2.1748
2020-12-18 12:00:00+00:00,8.9370,19.3235,25.3727,18.8519,0.9189
2020-12-18 13:00:00+00:00,1.1135,0.5503,2.4341,0.0000,0.0000
2020-12-18 14:00:00+00:00,0.0000,0.0000,0.0000,0.0000,0.0000
2020-12-18 15:00:00+00:00,0.0000,0.0000,0.0000,0.0000,0.0000
2020-12-18 16:00:00+00:00,0.0000,0.0000,0.0000,0.0000,0.0000
2020-12-18 17:00:00+00:00,0.0000,0.0000,0.0000,0.0000,0.0000
2020-12-18 18:00:00+00:00,0.0000,0.0000,0.0000,0.0000,2.4115
2020-12-18 19:00:00+00:00,0.0000,0.0000,0.0000,0.0000,0.0000
2020-12-18 20:00:00+00:00,0.0000,0.0000,0.0000,0.0000,0.0000
2020-12-18 21:00:00+00:00,0.0000,0.0000,0.0000,0.0000,0.0000
2020-12-18 22:00:00+00:00,0.0000,0.0000,0.0000,0.0000,0.0000
2020-12-18 23:00:00+00:00,0.0000,0.0000,0.0000,4.2633,0.0000
2020-12-19 00:00:00+00:00,2.0685,1.9181,0.0000,11.7893,0.0000
2020-12-19 01:00:00+00:00,0.0000,0.0000,0.0000,0.0000,0.0000
2020-12-19 02:00:00+00:00,0.0000,0.0000,0.0000,0.0000,0.0000
2020-12-19 03:00:00+00:00,0.0000,0.0000,0.0000,1.1821,0.0000
2020-12-19 04:00:00+00:00,0.0000,0.0000,0.0000,3.1332,0.0000
2020-12-19 05:00:00+00:00,1.3865,1.8934,0.8303,8.6411,0.0000
2020-12-19 06:00:00+00:00,0.0000,0.0000,0.0000,0.0000,9.8945
2020-12-19 07:00:00+00:00,0.0000,0.0000,0.0000,0.0000,5.4137
2020-12-19 08:00:00+00:00,0.0000,0.0000,0.0000,0.0000,4.5566
2020-12-19 09:00:00+00:00,0.0000,0.0000,0.0000,0.0000,1.7945
2020-12-19 10:00:00+00:00,0.0000,0.0000,0.0000,0.0000,4.6605
2020-12-19 11:00:00+00:00,0.0000,0.0000,0.0000,0.0000,0.0000
2020-12-19 12:00:00+00:00,3.9136,2.5495,0.0000,8.0556,5.4389
2020-12-19 13:00:00+00:00,10.1514,9.2284,14.8642,24.1312,8.4275
2020-12-19 14:00:00+00:00,7.4931,8.0606,7.6257,16.9687,7.7116
2020-12-19 15:00:00+00:00,4.8793,5.0182,4.6323,10.9080,4.1003
2020-12-19 16:00:00+00:00,4.4028,3.8779,4.2439,4.7565,0.0000
2020-12-19 17:00:00+00:00,0.0000,0.0000,0.0000,0.0000,0.0000
2020-12-19 18:00:00+00:00,0.0000,0.0000,0.0000,0.0000,2.5464
2020-12-19 19:00:00+00:00,0.0000,0.0000,0.0000,0.0000,3.1992
2020-12-19 20:00:00+00:00,0.0000,0.0000,0.0000,0.0000,5.1779
2020-12-19 21:00:00+00:00,0.7206,2.5249,0.0000,4.0852,8.8316
2020-12-19 22:00:00+00:00,4.4764,0.0000,0.0000,0.0000,14.3920
2020-12-19 23:00:00+00:00,2.2916,0.0000,0.0000,0.0000,20.1065
2020-12-20 00:00:00+00:00,0.0000,0.0000,0.0000,0.0000,18.3670
2020-12-20 01:00:00+00:00,0.0000,0.0000,0.0000,0.0000,19.6684
2020-12-20 02:00:00+00:00,0.0000,0.0000,1.4190,0.0000,35.8400
2020-12-20 03:00:00+00:00,1.0645,1.7753,2.9174,0.0864,13.9249
2020-12-20 04:00:00+00:00,0.0000,1.3128,1.2914,0.0000,6.9878
2020-12-20 05:00:00+00:00,6.2728,4.1250,8.9101,3.6366,13.6406
2020-12-20 06:00:00+00:00,36.2907,29.7957,27.8565,33.9389,34.4730
2020-12-20 07:00:00+00:00,17.6901,11.2220,7.9247,31.4112,63.2610
2020-12-20 08:00:00+00:00,20.6528,17.2912,14.7810,26.5290,72.0233
2020-12-20 09:00:00+00:00,18.3110,16.7755,14.5064,34.8766,70.3677
2020-12-20 10:00:00+00:00,31.3477,18.0961,17.5016,33.2664,58.5483
2020-12-20 11:00:00+00:00,46.0857,39.9396,36.2265,60.0512,76.2432
2020-12-20 12:00:00+00:00,72.2639,50.3695,47.1098,136.5559,70.3904
2020-12-20 13:00:00+00:00,37.3351,41.7573,38.1187,84.9484,75.7974
2020-12-20 14:00:00+00:00,49.8970,59.2198,54.4307,109.8449,69.9514
2020-12-20 15:00:00+00:00,18.8720,16.6260,14.5958,24.4881,54.9235
2020-12-20 16:00:00+00:00,23.0451,15.3273,27.1013,13.5706,44.9002
2020-12-20 17:00:00+00:00,26.3947,17.4514,25.9600,37.1338,48.9450
2020-12-20 18:00:00+00:00,42.7137,19.8592,27.5860,45.1027,62.4698
2020-12-20 19:00:00+00:00,19.4637,8.4181,15.4428,17.4594,41.2176
2020-12-20 20:00:00+00:00,49.3664,24.7349,38.5401,51.0102,36.1352
2020-12-20 21:00:00+00:00,68.1195,11.2654,18.0439,32.1655,24.7782
2020-12-20 22:00:00+00:00,62.1869,31.4882,40.5053,65.7264,26.6916
2020-12-20 23:00:00+00:00,52.6111,44.8288,49.4320,101.9752,58.2120
2020-12-21 00:00:00+00:00,60.2142,49.8670,55.2108,114.5202,77.5487
2020-12-21 01:00:00+00:00,55.3953,45.4770,53.1603,104.6329,73.3894
2020-12-21 02:00:00+00:00,51.7435,49.4047,62.3572,120.4005,68.6245
2020-12-21 03:00:00+00:00,41.5642,50.3707,60.3571,112.9857,42.7608
2020-12-21 04:00:00+00:00,37.5343,45.7586,49.0998,107.2295,36.3066
2020-12-21 05:00:00+00:00,37.0629,43.7871,46.7781,102.7912,35.6331
2020-12-21 06:00:00+00:00,25.2947,28.6011,26.1599,74.1206,39.3231
2020-12-21 07:00:00+00:00,18.9334,20.9054,20.1740,46.6578,30.9147
2020-12-21 08:00:00+00:00,22.5347,21.8427,23.2140,51.9726,28.4498
2020-12-21 09:00:00+00:00,26.1591,27.4706,29.1072,58.7283,14.6002
2020-12-21 10:00:00+00:00,17.2311,22.1028,21.4203,40.3957,16.9431
2020-12-21 11:00:00+00:00,12.2091,15.7839,13.8989,35.3916,22.1430
2020-12-21 12:00:00+00:00,11.1897,13.9563,14.1639,28.1970,22.7794
2020-12-21 13:00:00+00:00,17.5161,22.8866,23.1544,42.3628,11.5598
2020-12-21 14:00:00+00:00,13.3515,18.4568,18.6598,35.8793,6.4516
2020-12-21 15:00:00+00:00,7.4041,9.5709,9.0890,24.3000,5.2112
2020-12-21 16:00:00+00:00,2.3539,1.7843,2.4747,3.5467,5.0344
2020-12-21 17:00:00+00:00,2.5362,2.2627,3.7572,3.3853,10.2605
2020-12-21 18:00:00+00:00,1.1489,1.0474,1.3072,1.7562,7.7720
2020-12-21 19:00:00+00:00,0.0000,0.0000,0.0000,0.0000,8.8135
2020-12-21 20:00:00+00:00,0.0000,0.0000,0.0000,0.0000,12.7401
2020-12-21 21:00:00+00:00,0.0000,0.0000,0.0000,0.0000,4.8934
2020-12-21 22:00:00+00:00,0.0000,0.0000,0.0000,0.0000,5.0056
2020-12-21 23:00:00+00:00,0.0000,0.0000,0.0000,0.0000,6.0202
2020-12-22 00:00:00+00:00,0.0000,0.0000,0.0000,0.0000,2.3631
2020-12-22 01:00:00+00:00,0.0000,0.0000,0.0000,0.0000,8.1951
2020-12-22 02:00:00+00:00,0.0000,0.0000,0.0000,0.0000,20.2322
2020-12-22 03:00:00+00:00,0.0000,0.0000,0.0000,0.0000,9.4184
2020-12-22 04:00:00+00:00,0.0000,0.0000,0.0000,0.0000,15.2395
2020-12-22 05:00:00+00:00,0.0000,0.0000,0.0000,0.0000,2.5352
2020-12-22 06:00:00+00:00,2.9902,3.7612,4.4250,8.3332,3.4152
2020-12-22 07:00:00+00:00,2.0092,3.3665,3.3933,6.1430,0.0000
2020-12-22 08:00:00+00:00,1.1268,1.3805,1.2126,3.4544,10.8983
2020-12-22 09:00:00+00:00,4.2077,4.5312,4.3311,10.9422,6.0853
2020-12-22 10:00:00+00:00,8.3614,10.6735,12.6597,20.1814,13.6746
2020-12-22 11:00:00+00:00,12.8905,15.5920,15.4164,43.0912,27.6174
2020-12-22 12:00:00+00:00,19.0314,17.4082,18.7103,45.6567,32.0420
2020-12-22 13:00:00+00:00,16.9560,18.8057,20.8203,43.8569,23.4709
2020-12-22 14:00:00+00:00,30.0370,33.8694,34.7446,81.5340,20.7982
2020-12-22 15:00:00+00:00,33.2153,32.1353,32.8511,84.5402,27.2712
2020-12-22 16:00:00+00:00,32.7538,32.6001,31.6901,89.7462,54.1702
2020-12-22 17:00:00+00:00,39.3304,44.4224,45.8081,104.6006,72.6770
2020-12-22 18:00:00+00:00,54.7235,57.5883,59.4127,135.8277,78.9560
2020-12-22 19:00:00+00:00,30.9483,33.7520,34.7011,79.4241,79.9000
2020-12-22 20:00:00+00:00,72.0206,73.6469,79.4385,180.1659,79.9000
2020-12-22 21:00:00+00:00,78.2275,95.2457,100.9226,206.7449,79.9000
2020-12-22 22:00:00+00:00,80.0965,98.4150,103.9834,212.9867,79.9000
2020-12-22 23:00:00+00:00,81.0000,100.2592,105.7484,215.2000,79.9000
2020-12-23 00:00:00+00:00,81.0000,99.3348,104.8075,215.2000,79.9000
2020-12-23 01:00:00+00:00,78.8146,96.5682,101.5965,210.3176,79.9000
2020-12-23 02:00:00+00:00,81.0000,100.2813,105.3341,215.2000,79.9000
2020-12-23 03:00:00+00:00,81.0000,100.1163,105.5969,215.2000,71.3806
2020-12-23 04:00:00+00:00,79.4897,95.8835,100.4020,210.8819,64.9259
2020-12-23 05:00:00+00:00,79.8171,96.0825,101.0353,210.6552,40.1798
2020-12-23 06:00:00+00:00,77.1672,76.5378,76.7649,203.9190,13.5552
2020-12-23 07:00:00+00:00,69.4599,76.0015,68.8297,203.1674,0.0000
2020-12-23 08:00:00+00:00,41.1716,46.3183,41.4546,126.7003,0.0000
2020-12-23 09:00:00+00:00,27.0935,30.8432,28.1930,80.1644,0.0000
2020-12-23 10:00:00+00:00,16.8022,17.3200,15.0214,49.8660,0.0000
2020-12-23 11:00:00+00:00,14.7849,16.0457,13.9219,44.8975,0.0000
2020-12-23 12:00:00+00:00,13.5553,15.0736,12.9649,39.8770,6.2599
2020-12-23 13:00:00+00:00,10.5421,11.8829,13.3126,23.6648,3.3401
2020-12-23 14:00:00+00:00,6.4803,6.9217,6.8734,13.3552,4.1664
2020-12-23 15:00:00+00:00,2.8420,1.4541,1.9429,3.5017,5.9013
2020-12-23 16:00:00+00:00,0.2977,0.0000,0.0000,0.0000,4.9710
2020-12-23 17:00:00+00:00,0.0000,0.0000,0.0000,0.0000,8.3335
2020-12-23 18:00:00+00:00,0.0000,0.0000,0.0000,0.0000,10.1421
2020-12-23 19:00:00+00:00,4.1889,2.8499,4.2430,8.7284,22.2866
2020-12-23 20:00:00+00:00,8.0332,6.6647,11.5637,8.8946,39.0863
2020-12-23 21:00:00+00:00,13.9366,20.0974,37.5239,30.1486,77.3694
2020-12-23 22:00:00+00:00,78.9813,93.5449,105.5769,83.0545,79.9000
2020-12-23 23:00:00+00:00,79.4022,96.7620,102.8041,124.4201,79.9000
2020-12-24 00:00:00+00:00,81.0000,99.8272,106.5000,147.1298,79.9000
2020-12-24 01:00:00+00:00,81.0000,100.5000,106.5000,215.2000,79.9000
2020-12-24 02:00:00+00:00,81.0000,100.5000,106.5000,215.2000,79.9000
2020-12-24 03:00:00+00:00,81.0000,100.5000,106.5000,215.2000,79.9000
2020-12-24 04:00:00+00:00,81.0000,100.5000,106.5000,215.2000,79.9000
2020-12-24 05:00:00+00:00,81.0000,100.5000,106.5000,215.2000,79.9000
2020-12-24 06:00:00+00:00,81.0000,100.5000,106.5000,215.2000,79.9000
2020-12-24 07:00:00+00:00,81.0000,100.5000,106.5000,215.2000,79.9000
2020-12-24 08:00:00+00:00,81.0000,100.5000,106.5000,215.2000,79.9000
2020-12-24 09:00:00+00:00,81.0000,100.5000,106.5000,215.2000,79.9000
2020-12-24 10:00:00+00:00,81.0000,100.5000,106.5000,215.2000,79.9000
2020-12-24 11:00:00+00:00,81.0000,100.5000,106.5000,215.2000,79.9000
2020-12-24 12:00:00+00:00,81.0000,100.5000,106.5000,215.2000,79.9000
2020-12-24 13:00:00+00:00,81.0000,100.5000,106.5000,215.2000,79.6899
2020-12-24 14:00:00+00:00,81.0000,100.5000,106.5000,215.2000,79.9000
2020-12-24 15:00:00+00:00,81.0000,100.5000,106.5000,215.2000,79.9000
2020-12-24 16:00:00+00:00,81.0000,100.5000,106.5000,215.2000,79.9000
2020-12-24 17:00:00+00:00,81.0000,100.5000,106.5000,215.2000,79.9000
2020-12-24 18:00:00+00:00,81.0000,100.5000,106.5000,215.2000,79.9000
2020-12-24 19:00:00+00:00,81.0000,100.5000,106.5000,215.2000,79.9000
2020-12-24 20:00:00+00:00,81.0000,100.5000,106.5000,215.2000,79.9000
2020-12-24 21:00:00+00:00,81.0000,100.5000,106.5000,215.2000,79.9000
2020-12-24 22:00:00+00:00,81.0000,100.5000,106.5000,215.2000,79.3546
2020-12-24 23:00:00+00:00,80.9526,100.5000,106.5000,210.3294,38.7028
2020-12-25 00:00:00+00:00,81.0000,100.5000,106.5000,215.2000,47.3064
2020-12-25 01:00:00+00:00,81.0000,100.5000,106.5000,215.2000,79.9000
2020-12-25 02:00:00+00:00,81.0000,100.5000,106.5000,215.2000,78.3651
2020-12-25 03:00:00+00:00,81.0000,100.5000,106.5000,215.2000,21.5347
2020-12-25 04:00:00+00:00,81.0000,100.5000,106.5000,215.2000,45.8544
2020-12-25 05:00:00+00:00,81.0000,100.5000,106.5000,215.2000,75.8938
2020-12-25 06:00:00+00:00,81.0000,100.5000,106.5000,215.2000,79.9000
2020-12-25 07:00:00+00:00,81.0000,100.5000,106.5000,215.2000,79.9000
2020-12-25 08:00:00+00:00,81.0000,100.5000,106.5000,215.2000,77.7836
2020-12-25 09:00:00+00:00,81.0000,100.5000,106.5000,215.2000,78.4332
2020-12-25 10:00:00+00:00,81.0000,100.5000,106.5000,215.2000,4.4947
2020-12-25 11:00:00+00:00,81.0000,100.5000,106.5000,215.2000,0.0000
2020-12-25 12:00:00+00:00,81.0000,100.5000,106.5000,215.2000,32.3770
2020-12-25 13:00:00+00:00,56.1732,46.7965,58.3826,62.7332,40.4012
2020-12-25 14:00:00+00:00,16.6187,9.1819,20.5290,12.9105,79.9000
2020-12-25 15:00:00+00:00,77.2229,87.3856,101.1574,108.8728,79.9000
2020-12-25 16:00:00+00:00,57.8308,76.8463,93.5526,115.1774,44.0011
2020-12-25 17:00:00+00:00,6.1922,4.0392,3.2805,8.0507,33.7489
2020-12-25 18:00:00+00:00,0.0000,4.7275,4.0167,9.4226,25.4352
2020-12-25 19:00:00+00:00,3.5455,9.0009,6.3338,23.4374,12.0553
2020-12-25 20:00:00+00:00,0.0000,0.0000,0.0000,0.0000,21.0294
2020-12-25 21:00:00+00:00,2.7235,4.0396,2.8595,9.7835,48.2008
2020-12-25 22:00:00+00:00,17.5942,26.0478,20.5559,73.2773,30.0204
2020-12-25 23:00:00+00:00,28.2258,32.8151,38.8782,80.4616,49.8556
2020-12-26 00:00:00+00:00,6.2190,4.0532,7.3553,33.8908,55.0980
2020-12-26 01:00:00+00:00,75.2726,66.3548,72.5394,120.0708,74.6645
2020-12-26 02:00:00+00:00,68.6858,60.1809,69.9301,122.1253,76.0611
2020-12-26 03:00:00+00:00,58.4323,54.2891,70.5789,118.7516,79.9000
2020-12-26 04:00:00+00:00,51.4089,44.9518,51.8433,109.5667,79.9000
2020-12-26 05:00:00+00:00,57.4130,45.8522,62.4875,101.1501,76.8274
2020-12-26 06:00:00+00:00,78.7601,98.3680,104.8015,209.9090,64.5840
2020-12-26 07:00:00+00:00,53.7747,76.7931,83.7252,157.7421,78.9063
2020-12-26 08:00:00+00:00,60.0682,74.8303,82.2189,172.9276,77.4637
2020-12-26 09:00:00+00:00,77.4159,96.6510,103.2693,205.1879,77.1920
2020-12-26 10:00:00+00:00,72.7398,73.9631,79.8546,175.1135,79.9000
2020-12-26 11:00:00+00:00,77.5955,92.9824,97.8637,204.5302,79.9000
2020-12-26 12:00:00+00:00,76.8915,74.9555,81.1171,175.6127,79.9000
2020-12-26 13:00:00+00:00,79.0387,96.1693,102.1493,206.3649,79.9000
2020-12-26 14:00:00+00:00,79.0098,96.7194,102.8295,206.4025,79.9000
2020-12-26 15:00:00+00:00,63.3682,77.1322,90.6707,138.5915,29.5412
2020-12-26 16:00:00+00:00,74.0333,97.7107,103.4437,203.1042,76.9391
2020-12-26 17:00:00+00:00,78.7740,97.4388,103.7611,206.1061,76.7575
2020-12-26 18:00:00+00:00,58.6525,66.8198,73.2639,140.4458,79.9000
2020-12-26 19:00:00+00:00,57.0805,52.4407,57.3484,118.9626,79.9000
2020-12-26 20:00:00+00:00,57.7018,55.2577,59.3379,125.5276,79.9000
2020-12-26 21:00:00+00:00,51.9632,48.8481,57.0763,112.3415,79.9000
2020-12-26 22:00:00+00:00,28.9499,29.0625,30.2095,69.8085,78.8320
2020-12-26 23:00:00+00:00,17.0232,16.3593,16.5550,40.5214,76.3547
2020-12-27 00:00:00+00:00,25.0966,21.9263,23.2419,55.9271,58.7825
2020-12-27 01:00:00+00:00,9.9420,9.4481,8.7784,26.8295,52.9341
2020-12-27 02:00:00+00:00,18.3316,18.1950,17.1354,47.0319,24.0187
2020-12-27 03:00:00+00:00,22.6937,23.7438,24.1634,57.0064,22.0163
2020-12-27 04:00:00+00:00,17.9943,21.3860,21.2780,48.4226,26.8220
2020-12-27 05:00:00+00:00,19.4308,22.0848,20.2779,54.0942,7.5156
2020-12-27 06:00:00+00:00,27.6345,33.4924,30.9331,79.2507,3.3852
2020-12-27 07:00:00+00:00,25.6658,23.6926,25.5811,56.8329,0.0000
2020-12-27 08:00:00+00:00,26.7599,29.4416,28.1448,69.1835,3.7688
2020-12-27 09:00:00+00:00,24.5058,28.4982,26.4724,68.3107,0.0000
2020-12-27 10:00:00+00:00,23.1249,23.7842,22.6588,61.0053,0.0000
2020-12-27 11:00:00+00:00,17.5548,17.8056,16.0816,46.2963,0.0000
2020-12-27 12:00:00+00:00,11.2523,10.2283,9.7836,28.6274,0.0000
2020-12-27 13:00:00+00:00,12.7056,7.5308,8.3051,21.3888,0.0000
2020-12-27 14:00:00+00:00,25.3156,10.5261,16.5521,23.3303,0.0000
2020-12-27 15:00:00+00:00,27.2657,23.5491,24.6437,54.0218,0.0000
2020-12-27 16:00:00+00:00,16.6728,14.6267,15.3527,35.0344,0.0000
2020-12-27 17:00:00+00:00,19.7227,19.6344,20.8511,45.6071,0.0000
2020-12-27 18:00:00+00:00,13.4550,11.8698,12.6344,29.1729,0.0000
2020-12-27 19:00:00+00:00,14.1377,12.0774,13.9703,27.3613,4.3887
2020-12-27 20:00:00+00:00,10.9746,11.4411,12.0236,25.3814,2.7234
2020-12-27 21:00:00+00:00,1.2244,0.0000,0.0000,0.0050,8.0139
2020-12-27 22:00:00+00:00,0.0000,0.0000,0.0000,0.0000,23.7122
2020-12-27 23:00:00+00:00,2.0295,4.5439,3.4907,6.9129,47.5640
2020-12-28 00:00:00+00:00,5.6556,14.2977,10.8383,26.8211,57.9482
2020-12-28 01:00:00+00:00,8.0491,23.0783,19.2029,38.2336,77.5920
2020-12-28 02:00:00+00:00,10.8084,34.5282,28.5758,53.7334,77.3171
2020-12-28 03:00:00+00:00,9.1264,36.9529,24.6547,70.5875,75.9651
2020-12-28 04:00:00+00:00,16.1676,30.8978,34.7242,66.1805,58.4425
2020-12-28 05:00:00+00:00,40.8171,37.7912,75.6658,61.0832,79.9000
2020-12-28 06:00:00+00:00,76.5477,78.7065,103.1826,81.7500,79.9000
2020-12-28 07:00:00+00:00,81.0000,99.4064,103.2254,204.7620,79.9000
2020-12-28 08:00:00+00:00,81.0000,100.5000,104.1500,215.2000,79.9000
2020-12-28 09:00:00+00:00,81.0000,100.5000,106.5000,215.2000,79.9000
2020-12-28 10:00:00+00:00,81.0000,100.5000,106.5000,215.2000,79.9000
2020-12-28 11:00:00+00:00,81.0000,100.5000,106.5000,215.2000,79.9000
2020-12-28 12:00:00+00:00,81.0000,100.5000,106.5000,215.2000,79.9000
2020-12-28 13:00:00+00:00,81.0000,100.5000,106.5000,215.2000,79.9000
2020-12-28 14:00:00+00:00,81.0000,100.5000,106.5000,215.2000,79.9000
2020-12-28 15:00:00+00:00,81.0000,100.5000,106.5000,215.2000,79.9000
2020-12-28 16:00:00+00:00,81.0000,100.5000,106.5000,215.2000,79.9000
2020-12-28 17:00:00+00:00,81.0000,100.5000,106.5000,215.2000,79.9000
2020-12-28 18:00:00+00:00,81.0000,100.5000,106.5000,215.2000,79.9000
2020-12-28 19:00:00+00:00,81.0000,100.5000,106.5000,214.6773,79.9000
2020-12-28 20:00:00+00:00,81.0000,100.5000,106.5000,215.2000,79.9000
2020-12-28 21:00:00+00:00,81.0000,100.5000,106.5000,215.2000,79.9000
2020-12-28 22:00:00+00:00,81.0000,100.5000,106.5000,215.2000,55.8741
2020-12-28 23:00:00+00:00,81.0000,100.5000,106.5000,215.2000,76.6473
2020-12-29 00:00:00+00:00,81.0000,100.5000,106.5000,215.2000,66.8565
2020-12-29 01:00:00+00:00,79.3593,97.3804,103.3515,212.6673,77.4327
2020-12-29 02:00:00+00:00,60.4175,62.8818,73.6435,161.0145,79.8895
2020-12-29 03:00:00+00:00,26.5635,25.1172,31.0902,59.6633,79.9000
2020-12-29 04:00:00+00:00,31.4010,25.6250,32.1107,61.7322,77.3151
2020-12-29 05:00:00+00:00,58.5619,63.0041,72.2441,146.8211,79.4045
2020-12-29 06:00:00+00:00,76.6762,95.7851,100.9748,206.7783,75.5507
2020-12-29 07:00:00+00:00,77.1368,94.0850,95.0983,205.8913,40.4924
2020-12-29 08:00:00+00:00,73.9860,81.4725,78.8348,203.0539,53.1180
2020-12-29 09:00:00+00:00,41.8509,44.3391,41.5098,122.2391,49.6609
2020-12-29 10:00:00+00:00,31.5356,35.0537,35.9498,84.3342,22.5203
2020-12-29 11:00:00+00:00,26.2386,30.8678,29.7168,76.4128,14.6400
2020-12-29 12:00:00+00:00,47.0170,52.5585,50.2282,132.9127,17.5758
2020-12-29 13:00:00+00:00,40.6943,44.7246,45.1213,111.6436,15.1785
2020-12-29 14:00:00+00:00,48.8841,50.3250,49.8265,128.5888,9.8290
2020-12-29 15:00:00+00:00,53.0272,59.1941,59.0816,146.6197,12.4026
2020-12-29 16:00:00+00:00,43.2414,45.4683,44.6100,114.2218,7.1754
2020-12-29 17:00:00+00:00,22.7103,24.3608,23.7798,64.3664,15.0919
2020-12-29 18:00:00+00:00,24.8978,23.1574,24.7837,59.8008,24.5407
2020-12-29 19:00:00+00:00,29.7971,30.6158,31.5057,76.1988,29.0902
2020-12-29 20:00:00+00:00,39.5545,46.5226,45.4857,110.8035,21.1818
2020-12-29 21:00:00+00:00,44.6442,51.8474,48.7853,126.5646,10.4878
2020-12-29 22:00:00+00:00,30.6939,32.4572,29.8375,86.2872,6.8682
2020-12-29 23:00:00+00:00,49.3751,56.2087,51.9584,139.5700,2.9916
2020-12-30 00:00:00+00:00,41.2812,48.6575,45.3157,121.7715,12.4846
2020-12-30 01:00:00+00:00,59.0278,74.4227,68.3557,185.6272,9.8537
2020-12-30 02:00:00+00:00,78.3137,96.9404,101.5296,210.9915,13.2726
2020-12-30 03:00:00+00:00,79.2642,97.7426,102.3148,212.8140,5.3463
2020-12-30 04:00:00+00:00,76.7099,93.0112,83.1563,207.9193,5.8457
2020-12-30 05:00:00+00:00,63.8899,75.1203,68.9167,193.6222,7.9414
2020-12-30 06:00:00+00:00,46.1576,48.5417,43.0329,138.6555,5.8307
2020-12-30 07:00:00+00:00,45.3477,47.8191,45.3352,125.4075,4.0569
2020-12-30 08:00:00+00:00,29.3971,31.6190,28.6428,84.2670,8.2403
2020-12-30 09:00:00+00:00,23.5381,24.9327,22.1962,64.1899,6.7064
2020-12-30 10:00:00+00:00,17.4973,19.8314,18.8505,48.7788,13.6172
2020-12-30 11:00:00+00:00,4.0825,4.6941,4.0290,11.6617,32.4939
2020-12-30 12:00:00+00:00,3.4374,1.8633,3.1965,6.7772,44.0047
2020-12-30 13:00:00+00:00,7.6075,9.6259,13.3311,15.7658,55.4582
2020-12-30 14:00:00+00:00,1.7893,6.8774,5.2674,16.4403,66.7866
2020-12-30 15:00:00+00:00,2.9741,3.9055,4.8811,16.3512,77.0672
2020-12-30 16:00:00+00:00,46.5257,31.1110,59.9270,36.8331,79.9000
2020-12-30 17:00:00+00:00,79.0593,49.6532,58.6076,94.4786,79.9000
2020-12-30 18:00:00+00:00,81.0000,62.8474,102.7058,81.6083,79.9000
2020-12-30 19:00:00+00:00,80.5742,97.2942,102.8997,115.6999,79.9000
2020-12-30 20:00:00+00:00,79.3380,98.5562,101.4255,205.4264,79.9000
2020-12-30 21:00:00+00:00,78.6166,7.2902,12.8707,37.9499,79.9000
2020-12-30 22:00:00+00:00,81.0000,26.7977,71.9319,115.4785,79.9000
2020-12-30 23:00:00+00:00,80.2721,56.9891,104.6938,105.8735,79.9000
2020-12-31 00:00:00+00:00,81.0000,100.5000,106.5000,215.2000,79.9000
2020-12-31 01:00:00+00:00,81.0000,100.5000,106.5000,215.2000,79.9000
2020-12-31 02:00:00+00:00,81.0000,100.5000,106.5000,215.2000,79.9000
2020-12-31 03:00:00+00:00,81.0000,100.5000,106.5000,215.2000,79.9000
2020-12-31 04:00:00+00:00,81.0000,100.5000,106.5000,215.2000,79.9000
2020-12-31 05:00:00+00:00,81.0000,100.5000,106.5000,215.2000,79.9000
2020-12-31 06:00:00+00:00,81.0000,100.5000,106.5000,215.2000,79.9000
2020-12-31 07:00:00+00:00,81.0000,100.5000,106.5000,215.2000,79.9000
2020-12-31 08:00:00+00:00,81.0000,100.5000,106.5000,215.2000,79.9000
2020-12-31 09:00:00+00:00,81.0000,100.5000,106.5000,215.2000,79.9000
2020-12-31 10:00:00+00:00,80.3373,98.2329,103.6883,213.0240,77.8592
2020-12-31 11:00:00+00:00,80.9995,98.5434,104.4312,214.3927,78.2089
2020-12-31 12:00:00+00:00,79.5374,95.1018,100.8229,210.6166,76.9321
2020-12-31 13:00:00+00:00,81.0000,100.5000,106.5000,215.2000,74.3330
2020-12-31 14:00:00+00:00,81.0000,100.5000,106.5000,215.2000,47.1096
2020-12-31 15:00:00+00:00,81.0000,100.5000,106.2870,215.2000,45.3450
2020-12-31 16:00:00+00:00,78.6366,96.3435,102.3564,206.8446,38.3786
2020-12-31 17:00:00+00:00,68.0361,72.7968,78.7464,154.8358,57.8800
2020-12-31 18:00:00+00:00,57.6605,60.9247,61.8913,145.4692,52.3603
2020-12-31 19:00:00+00:00,50.1682,54.9146,55.9181,114.7067,56.2317
2020-12-31 20:00:00+00:00,62.7522,55.1246,66.2070,137.5390,39.2435
2020-12-31 21:00:00+00:00,45.5160,29.1406,46.1940,67.9012,37.0013
2020-12-31 22:00:00+00:00,26.1544,24.8440,27.6714,58.7378,34.5519
2020-12-31 23:00:00+00:00,20.2647,21.4630,19.6140,56.2626,39.2910
