Time,wind_323604,wind_323605,wind_323614,wind_323696,wind_323753
2024-01-01 00:00:00+00:00,5.2758,4.1292,4.0286,16.1094,1.3222
2024-01-01 01:00:00+00:00,4.3405,2.5649,3.6547,10.9074,1.2507
2024-01-01 02:00:00+00:00,2.1550,0.7926,0.8030,7.9903,5.1342
2024-01-01 03:00:00+00:00,3.1735,2.8474,1.3764,13.9052,11.9586
2024-01-01 04:00:00+00:00,2.4264,2.2705,1.5906,10.1608,3.1231
2024-01-01 05:00:00+00:00,1.8086,0.4235,0.4029,3.4635,4.5178
2024-01-01 06:00:00+00:00,0.4609,0.0000,0.0000,1.1798,7.7563
2024-01-01 07:00:00+00:00,1.4153,1.2333,0.1156,7.4108,4.3949
2024-01-01 08:00:00+00:00,1.5346,2.7162,1.8486,8.9219,2.1071
2024-01-01 09:00:00+00:00,1.0625,3.2899,3.7441,6.4401,0.0306
2024-01-01 10:00:00+00:00,0.2588,0.2312,0.0000,3.7906,0.0000
2024-01-01 11:00:00+00:00,0.0000,0.0000,0.0000,0.0000,1.5946
2024-01-01 12:00:00+00:00,0.0000,0.0000,0.0000,0.0000,0.2836
2024-01-01 13:00:00+00:00,0.0000,0.0000,0.0000,0.0000,0.0000
2024-01-01 14:00:00+00:00,0.0000,0.0000,0.0000,0.0000,0.0000
2024-01-01 15:00:00+00:00,0.0000,0.0000,0.0000,0.0000,0.0000
2024-01-01 16:00:00+00:00,0.0000,0.0000,0.0000,0.0000,0.0000
2024-01-01 17:00:00+00:00,0.0062,0.0000,0.0000,0.0000,0.0000
2024-01-01 18:00:00+00:00,3.2533,2.9088,3.3313,7.8803,2.9259
2024-01-01 19:00:00+00:00,4.5937,3.8403,4.2959,10.0428,0.6136
2024-01-01 20:00:00+00:00,5.5499,4.7929,6.0976,12.0551,0.5548
2024-01-01 21:00:00+00:00,8.3323,10.3798,10.3852,24.2861,0.3011
2024-01-01 22:00:00+00:00,11.6855,13.7100,13.4552,37.6448,0.3600
2024-01-01 23:00:00+00:00,18.2685,22.8174,22.4014,55.6365,2.3147
2024-01-02 00:00:00+00:00,22.8653,26.1449,26.2091,65.0829,2.4132
2024-01-02 01:00:00+00:00,29.5347,27.9964,27.4982,77.9309,4.9449
2024-01-02 02:00:00+00:00,38.4593,40.7559,40.0621,111.0788,14.9269
2024-01-02 03:00:00+00:00,50.5733,52.4834,48.6212,155.5396,28.8792
2024-01-02 04:00:00+00:00,58.4785,65.8412,62.3133,173.3200,10.1890
2024-01-02 05:00:00+00:00,55.3755,68.1721,61.4540,188.8335,14.4808
2024-01-02 06:00:00+00:00,66.4622,84.8140,78.8531,202.6271,20.3632
2024-01-02 07:00:00+00:00,74.0155,95.4285,93.0754,208.8973,7.2145
2024-01-02 08:00:00+00:00,68.3646,83.5758,79.2470,203.9390,1.2936
2024-01-02 09:00:00+00:00,74.0870,94.3159,88.5047,209.3447,6.6528
2024-01-02 10:00:00+00:00,75.0705,96.0771,96.8032,210.0825,29.2078
2024-01-02 11:00:00+00:00,75.7111,95.7492,95.3452,211.1405,25.5177
2024-01-02 12:00:00+00:00,78.7179,97.3876,101.0988,214.2542,33.8599
2024-01-02 13:00:00+00:00,78.6717,97.2053,100.7642,213.4598,25.8509
2024-01-02 14:00:00+00:00,79.4679,98.5239,102.9175,214.6102,49.4113
2024-01-02 15:00:00+00:00,75.7347,94.7976,93.6604,208.0383,47.7806
2024-01-02 16:00:00+00:00,69.1403,85.3822,83.1827,199.5311,36.0650
2024-01-02 17:00:00+00:00,49.0620,55.5973,56.4879,140.3847,41.8666
2024-01-02 18:00:00+00:00,50.8033,69.5059,68.1043,156.4097,51.2376
2024-01-02 19:00:00+00:00,37.2194,47.9954,48.2625,107.8061,53.9454
2024-01-02 20:00:00+00:00,49.8094,73.7335,74.5848,154.8003,63.7715
2024-01-02 21:00:00+00:00,71.6516,89.2847,90.5280,197.4845,63.0312
2024-01-02 22:00:00+00:00,58.8655,78.0574,76.4421,182.6498,20.9222
2024-01-02 23:00:00+00:00,75.0719,95.5188,97.3221,204.2150,39.8358
2024-01-03 00:00:00+00:00,79.8187,97.7329,101.7005,213.8960,53.8408
2024-01-03 01:00:00+00:00,79.9361,97.3290,101.4935,213.6858,72.0404
2024-01-03 02:00:00+00:00,79.4850,96.7776,101.1769,211.7787,73.5157
2024-01-03 03:00:00+00:00,78.9960,96.5205,101.3982,209.7595,78.4898
2024-01-03 04:00:00+00:00,77.8533,86.5753,92.3569,196.8620,78.5890
2024-01-03 05:00:00+00:00,76.9433,91.4533,91.8583,203.0617,64.3370
2024-01-03 06:00:00+00:00,55.4228,63.7780,63.5465,161.2100,49.0706
2024-01-03 07:00:00+00:00,34.0823,44.1957,43.1896,108.8052,23.7221
2024-01-03 08:00:00+00:00,26.9756,36.9941,36.9529,89.9603,30.7615
2024-01-03 09:00:00+00:00,24.2700,33.2553,31.5909,86.2325,17.5564
2024-01-03 10:00:00+00:00,32.6573,43.1619,43.2956,109.2051,27.3310
2024-01-03 11:00:00+00:00,39.1852,49.5567,52.9609,119.4571,24.0941
2024-01-03 12:00:00+00:00,22.7013,30.7270,32.1990,80.8739,24.4971
2024-01-03 13:00:00+00:00,14.8149,20.5973,21.1126,53.2566,12.0867
2024-01-03 14:00:00+00:00,12.6684,18.5129,18.3032,44.6968,22.3039
2024-01-03 15:00:00+00:00,13.2083,16.5531,17.6769,37.5880,21.4889
2024-01-03 16:00:00+00:00,9.3006,11.8713,11.4220,28.3162,18.6650
2024-01-03 17:00:00+00:00,13.2355,16.0573,17.1544,36.6688,19.2345
2024-01-03 18:00:00+00:00,13.3675,14.8205,15.9622,36.4726,30.3298
2024-01-03 19:00:00+00:00,9.2475,11.4654,12.8149,25.5514,23.4743
2024-01-03 20:00:00+00:00,12.7399,14.5299,16.7392,32.9761,25.4952
2024-01-03 21:00:00+00:00,13.9410,14.3576,15.4642,37.2711,32.6496
2024-01-03 22:00:00+00:00,12.6864,12.0886,13.8806,29.5553,15.6548
2024-01-03 23:00:00+00:00,13.4025,17.1238,17.3810,41.9829,16.6253
2024-01-04 00:00:00+00:00,11.3897,15.6732,15.6769,42.5041,27.8165
2024-01-04 01:00:00+00:00,15.4230,16.9605,17.7576,44.9023,38.1661
2024-01-04 02:00:00+00:00,17.0695,22.4658,21.6642,63.2252,31.8460
2024-01-04 03:00:00+00:00,18.2127,20.9546,24.6727,59.9618,23.3104
2024-01-04 04:00:00+00:00,28.6714,26.6379,33.0240,74.6785,34.8599
2024-01-04 05:00:00+00:00,27.4721,33.0070,35.6819,88.8945,10.6407
2024-01-04 06:00:00+00:00,28.6433,31.8333,33.6109,76.9479,9.4051
2024-01-04 07:00:00+00:00,22.5709,23.8939,21.9749,72.1548,27.4494
2024-01-04 08:00:00+00:00,19.3319,26.4204,31.7776,60.2148,23.7873
2024-01-04 09:00:00+00:00,17.0853,20.9936,20.3027,62.5340,27.8514
2024-01-04 10:00:00+00:00,26.8425,38.7369,43.1139,81.9884,31.7031
2024-01-04 11:00:00+00:00,56.8266,51.3755,51.7990,137.4710,77.9632
2024-01-04 12:00:00+00:00,53.0774,64.1253,63.4343,184.1788,54.0949
2024-01-04 13:00:00+00:00,60.2637,56.7291,55.6631,182.0499,56.4977
2024-01-04 14:00:00+00:00,69.7496,70.2973,70.1624,195.2264,60.5432
2024-01-04 15:00:00+00:00,55.4272,59.2633,57.2912,176.1618,48.5927
2024-01-04 16:00:00+00:00,43.3091,44.1658,43.3159,130.9477,31.3403
2024-01-04 17:00:00+00:00,38.9450,42.4263,41.3017,119.4639,16.9972
2024-01-04 18:00:00+00:00,39.5732,43.2480,42.2866,116.9813,12.4039
2024-01-04 19:00:00+00:00,38.0647,41.9680,40.3893,116.0619,15.1870
2024-01-04 20:00:00+00:00,52.7544,48.9346,48.1794,146.1725,18.6033
2024-01-04 21:00:00+00:00,46.4319,47.0283,45.2828,137.2233,16.7564
2024-01-04 22:00:00+00:00,34.3782,33.3876,33.9819,97.1466,21.0082
2024-01-04 23:00:00+00:00,40.1496,37.5098,43.2319,111.4778,13.5301
2024-01-05 00:00:00+00:00,41.7993,44.8375,45.0778,122.2759,7.4096
2024-01-05 01:00:00+00:00,30.2006,29.8538,29.0008,93.6052,0.7547
2024-01-05 02:00:00+00:00,24.3026,22.5029,26.1876,67.7757,0.0000
2024-01-05 03:00:00+00:00,39.3491,42.9008,40.2212,126.2040,0.2164
2024-01-05 04:00:00+00:00,25.2521,29.4987,26.7497,89.6895,0.3358
2024-01-05 05:00:00+00:00,22.3389,24.0948,21.4172,75.2780,0.0000
2024-01-05 06:00:00+00:00,30.1421,34.0934,32.3134,98.7691,0.0000
2024-01-05 07:00:00+00:00,27.5309,29.8027,28.1732,87.8251,3.7543
2024-01-05 08:00:00+00:00,27.3885,30.9301,29.2199,87.8930,17.9314
2024-01-05 09:00:00+00:00,30.6639,36.6954,34.2565,101.3777,2.5330
2024-01-05 10:00:00+00:00,32.8420,38.4977,35.4483,111.0266,0.0883
2024-01-05 11:00:00+00:00,34.7780,32.2304,31.4798,99.4519,0.6979
2024-01-05 12:00:00+00:00,30.4363,33.4132,32.4902,97.5033,0.1894
2024-01-05 13:00:00+00:00,29.4623,34.2427,31.7832,93.6433,0.1043
2024-01-05 14:00:00+00:00,23.7665,26.5515,24.8484,74.3473,9.9628
2024-01-05 15:00:00+00:00,18.5890,20.6705,18.1356,60.0601,0.0543
2024-01-05 16:00:00+00:00,11.3776,10.8456,11.1728,28.7932,3.0523
2024-01-05 17:00:00+00:00,17.0190,15.6551,16.1913,38.6079,20.2278
2024-01-05 18:00:00+00:00,21.6155,18.2734,20.2199,45.4255,37.3436
2024-01-05 19:00:00+00:00,25.4974,23.5930,28.1563,54.6944,23.0684
2024-01-05 20:00:00+00:00,30.7890,33.5470,34.0756,84.4612,33.3146
2024-01-05 21:00:00+00:00,38.5338,43.6081,48.9212,100.0490,68.6937
2024-01-05 22:00:00+00:00,53.3901,68.2529,70.2437,164.8755,55.6530
2024-01-05 23:00:00+00:00,73.4391,94.1449,98.7740,201.1385,42.8206
2024-01-06 00:00:00+00:00,80.6730,99.4130,105.9025,214.2999,29.9789
2024-01-06 01:00:00+00:00,80.7655,100.3790,106.1889,215.0578,11.3172
2024-01-06 02:00:00+00:00,80.9726,100.5000,106.4603,215.2000,12.4944
2024-01-06 03:00:00+00:00,79.0320,96.9169,103.4207,210.9355,27.4210
2024-01-06 04:00:00+00:00,76.8087,86.4978,95.0664,206.0740,17.5824
2024-01-06 05:00:00+00:00,57.1478,62.0661,63.6305,166.2456,13.2690
2024-01-06 06:00:00+00:00,32.6405,38.8864,40.0063,95.8836,6.4709
2024-01-06 07:00:00+00:00,17.9012,19.3776,20.0579,50.0494,10.8129
2024-01-06 08:00:00+00:00,9.2486,10.1075,11.5874,27.0570,3.7947
2024-01-06 09:00:00+00:00,14.5074,27.1489,24.3435,74.3872,1.0844
2024-01-06 10:00:00+00:00,8.7530,12.9768,13.9116,28.6900,0.0000
2024-01-06 11:00:00+00:00,7.8294,9.5224,12.4466,17.6542,0.3883
2024-01-06 12:00:00+00:00,7.6230,11.8166,14.4595,20.6887,1.5872
2024-01-06 13:00:00+00:00,13.5433,18.8975,25.5542,31.9850,4.7119
2024-01-06 14:00:00+00:00,15.4031,25.7079,30.9892,39.1268,2.6212
2024-01-06 15:00:00+00:00,11.7740,19.4545,22.7957,30.1133,3.5046
2024-01-06 16:00:00+00:00,12.0621,18.7620,23.4124,28.6952,4.1248
2024-01-06 17:00:00+00:00,10.1449,15.6682,18.8042,23.2034,17.7752
2024-01-06 18:00:00+00:00,12.5029,17.8405,21.1361,30.4341,12.3782
2024-01-06 19:00:00+00:00,16.7629,20.6900,27.5951,35.4615,8.6846
2024-01-06 20:00:00+00:00,19.1262,24.4594,31.6533,45.1344,16.3454
2024-01-06 21:00:00+00:00,24.7835,35.6691,47.3331,60.9553,24.0996
2024-01-06 22:00:00+00:00,28.0409,37.6942,48.6058,69.0720,15.9519
2024-01-06 23:00:00+00:00,24.3255,37.0450,46.4102,60.0503,20.4731
2024-01-07 00:00:00+00:00,21.4107,29.5002,39.7019,48.4418,19.1091
2024-01-07 01:00:00+00:00,18.8668,24.1047,32.2885,43.2145,8.3489
2024-01-07 02:00:00+00:00,24.6620,30.9482,43.9065,56.5273,3.6936
2024-01-07 03:00:00+00:00,20.6202,22.1789,34.6940,33.3147,4.8776
2024-01-07 04:00:00+00:00,17.6179,18.6414,29.7664,28.5235,0.9703
2024-01-07 05:00:00+00:00,15.8888,17.1769,28.0513,25.3751,2.7805
2024-01-07 06:00:00+00:00,22.1462,28.0605,39.7486,43.3682,6.8237
2024-01-07 07:00:00+00:00,26.1135,40.8847,49.4771,73.5951,30.0526
2024-01-07 08:00:00+00:00,33.8665,54.2309,52.8130,106.3366,18.9726
2024-01-07 09:00:00+00:00,31.2909,52.9689,56.8667,98.5360,3.9887
2024-01-07 10:00:00+00:00,27.6571,36.1433,40.1610,75.9159,2.2714
2024-01-07 11:00:00+00:00,26.4547,40.2224,42.2080,72.4658,0.2120
2024-01-07 12:00:00+00:00,18.5449,25.1380,24.0886,49.9017,0.0972
2024-01-07 13:00:00+00:00,24.6264,34.1294,43.4014,54.3137,3.2563
2024-01-07 14:00:00+00:00,17.5190,30.2621,32.3740,46.7511,20.8519
2024-01-07 15:00:00+00:00,7.7667,15.6518,13.6966,30.8703,14.7720
2024-01-07 16:00:00+00:00,10.7911,18.2005,19.0931,31.8819,2.1299
2024-01-07 17:00:00+00:00,13.2070,21.8709,22.7375,41.3592,3.0316
2024-01-07 18:00:00+00:00,10.7383,15.3384,17.6523,30.3257,3.2683
2024-01-07 19:00:00+00:00,4.4262,5.0196,4.9361,12.9041,12.7646
2024-01-07 20:00:00+00:00,0.6198,1.7563,2.0141,2.6551,11.1082
2024-01-07 21:00:00+00:00,0.7781,1.6092,1.9381,2.5218,28.1231
2024-01-07 22:00:00+00:00,0.0000,0.8769,0.4146,1.9127,22.9202
2024-01-07 23:00:00+00:00,0.0437,2.0922,2.2858,3.4111,28.1889
2024-01-08 00:00:00+00:00,4.8469,5.0161,5.7288,13.6713,11.0991
2024-01-08 01:00:00+00:00,4.1717,5.9523,3.2532,23.6157,3.6567
2024-01-08 02:00:00+00:00,9.1536,6.9256,5.8896,28.9154,1.6057
2024-01-08 03:00:00+00:00,12.5783,10.1874,8.4490,39.3509,7.6102
2024-01-08 04:00:00+00:00,18.0340,14.6105,14.2879,49.2832,6.6747
2024-01-08 05:00:00+00:00,44.1784,43.2121,45.5816,127.4975,25.9124
2024-01-08 06:00:00+00:00,49.0044,51.9618,53.4925,145.4942,24.6442
2024-01-08 07:00:00+00:00,50.1659,50.0453,49.9678,154.8973,35.6957
2024-01-08 08:00:00+00:00,36.7693,32.5016,42.2170,80.4760,26.0627
2024-01-08 09:00:00+00:00,35.6695,32.0420,35.8478,90.7534,17.7592
2024-01-08 10:00:00+00:00,37.8945,39.2604,41.9576,111.5430,13.5208
2024-01-08 11:00:00+00:00,49.2226,51.3035,51.9965,150.2050,1.2019
2024-01-08 12:00:00+00:00,51.4864,51.6141,49.3531,162.0322,2.0933
2024-01-08 13:00:00+00:00,56.1418,59.7704,54.3039,178.5194,7.4640
2024-01-08 14:00:00+00:00,37.2249,37.1862,32.9298,123.4133,1.0223
2024-01-08 15:00:00+00:00,23.0545,22.2044,20.2494,76.3621,4.0427
2024-01-08 16:00:00+00:00,21.6105,22.5244,21.0686,70.5218,5.7207
2024-01-08 17:00:00+00:00,14.5751,19.1632,20.8472,44.3885,4.2100
2024-01-08 18:00:00+00:00,29.8953,33.9444,33.4534,89.8363,0.0000
2024-01-08 19:00:00+00:00,22.2747,24.2282,23.1395,69.0597,0.0000
2024-01-08 20:00:00+00:00,20.7636,22.7535,23.1320,63.2931,0.1688
2024-01-08 21:00:00+00:00,19.5394,20.7894,19.9161,59.1764,1.2360
2024-01-08 22:00:00+00:00,15.0460,17.5565,16.7715,50.0684,4.4794
2024-01-08 23:00:00+00:00,31.3553,38.2284,35.4376,102.1073,8.1327
2024-01-09 00:00:00+00:00,22.6387,26.8160,23.7296,88.8957,6.4864
2024-01-09 01:00:00+00:00,13.7050,15.5199,13.2691,50.6627,9.1596
2024-01-09 02:00:00+00:00,5.3832,5.1242,3.4579,24.2013,0.9919
2024-01-09 03:00:00+00:00,2.9111,2.5304,2.4800,11.0967,0.0488
2024-01-09 04:00:00+00:00,0.0000,0.0000,0.0000,0.0000,1.6383
2024-01-09 05:00:00+00:00,0.0000,0.0000,0.0000,0.0000,5.0174
2024-01-09 06:00:00+00:00,0.3883,1.4283,1.3492,0.3723,16.9507
2024-01-09 07:00:00+00:00,0.0000,2.5886,0.9380,3.0422,18.5967
2024-01-09 08:00:00+00:00,0.8801,4.0717,5.1009,7.2888,27.1688
2024-01-09 09:00:00+00:00,3.4213,12.3482,11.1552,23.1313,31.0383
2024-01-09 10:00:00+00:00,10.9171,25.1339,24.8234,36.3255,31.1745
2024-01-09 11:00:00+00:00,9.9851,28.5325,27.0396,48.6669,66.4670
2024-01-09 12:00:00+00:00,10.8259,38.0229,31.7698,67.1643,75.8060
2024-01-09 13:00:00+00:00,11.1100,37.4278,33.0705,59.6327,78.9224
2024-01-09 14:00:00+00:00,10.8371,34.4155,24.2919,80.2735,78.7986
2024-01-09 15:00:00+00:00,17.6010,62.6123,43.8488,129.3126,79.1884
2024-01-09 16:00:00+00:00,23.1074,48.7051,39.8316,108.3905,79.7850
2024-01-09 17:00:00+00:00,16.1690,54.9083,36.6687,130.5167,79.9000
2024-01-09 18:00:00+00:00,4.8820,29.7553,12.6068,102.2898,79.9000
2024-01-09 19:00:00+00:00,8.0111,24.5748,9.3538,81.1581,79.9000
2024-01-09 20:00:00+00:00,26.2366,40.3751,22.9375,117.9936,79.9000
2024-01-09 21:00:00+00:00,64.6760,92.7684,101.4845,178.0696,79.9000
2024-01-09 22:00:00+00:00,80.4815,100.0296,105.2099,210.4220,79.9000
2024-01-09 23:00:00+00:00,79.8091,88.1194,81.6282,193.2726,79.9000
2024-01-10 00:00:00+00:00,81.0000,100.4841,106.5000,213.3619,19.9750
2024-01-10 01:00:00+00:00,13.3757,96.0000,106.5000,178.3086,19.9750
2024-01-10 02:00:00+00:00,81.0000,100.5000,106.5000,215.2000,19.9750
2024-01-10 03:00:00+00:00,81.0000,100.5000,67.5000,215.2000,35.9550
2024-01-10 04:00:00+00:00,81.0000,33.0000,3.0000,169.0857,36.6643
2024-01-10 05:00:00+00:00,81.0000,33.0000,3.0000,153.2037,79.9000
2024-01-10 06:00:00+00:00,81.0000,100.5000,67.5000,215.2000,79.9000
2024-01-10 07:00:00+00:00,76.5000,19.7906,3.0000,92.2286,79.9000
2024-01-10 08:00:00+00:00,81.0000,60.5383,54.0000,172.6111,78.2959
2024-01-10 09:00:00+00:00,81.0000,100.5000,106.5000,215.2000,31.7982
2024-01-10 10:00:00+00:00,81.0000,100.5000,106.5000,215.2000,50.3220
2024-01-10 11:00:00+00:00,78.9088,97.2961,104.0140,213.2757,53.3971
2024-01-10 12:00:00+00:00,71.8228,72.8574,81.3690,186.3237,79.9000
2024-01-10 13:00:00+00:00,69.8619,94.4904,83.7571,205.4613,76.6663
2024-01-10 14:00:00+00:00,81.0000,100.4964,106.5000,215.2000,75.7795
2024-01-10 15:00:00+00:00,81.0000,100.5000,106.4533,215.2000,79.9000
2024-01-10 16:00:00+00:00,81.0000,100.4432,105.4464,215.2000,79.9000
2024-01-10 17:00:00+00:00,79.3562,98.6713,103.2956,214.9843,79.8514
2024-01-10 18:00:00+00:00,79.3010,99.3116,102.6416,215.1115,77.7607
2024-01-10 19:00:00+00:00,80.9648,100.4418,106.3846,215.2000,78.7276
2024-01-10 20:00:00+00:00,80.9783,100.5000,106.3724,215.2000,79.9000
2024-01-10 21:00:00+00:00,78.7591,98.3533,103.6974,213.9198,79.9000
2024-01-10 22:00:00+00:00,81.0000,100.5000,106.5000,215.2000,79.9000
2024-01-10 23:00:00+00:00,81.0000,100.5000,106.5000,215.2000,79.9000
2024-01-11 00:00:00+00:00,81.0000,100.5000,106.5000,215.2000,79.8833
2024-01-11 01:00:00+00:00,81.0000,100.5000,106.5000,215.2000,79.9000
2024-01-11 02:00:00+00:00,81.0000,100.5000,106.5000,215.2000,79.9000
2024-01-11 03:00:00+00:00,81.0000,100.5000,106.5000,215.2000,79.9000
2024-01-11 04:00:00+00:00,81.0000,100.5000,106.5000,215.2000,79.7404
2024-01-11 05:00:00+00:00,81.0000,100.5000,106.5000,215.2000,79.7652
2024-01-11 06:00:00+00:00,81.0000,98.8481,102.9926,215.2000,71.6516
2024-01-11 07:00:00+00:00,76.1990,93.4200,97.3449,207.3987,60.0093
2024-01-11 08:00:00+00:00,76.9488,85.1770,84.6801,209.8876,47.3383
2024-01-11 09:00:00+00:00,63.3902,69.7081,73.3472,179.9482,31.9144
2024-01-11 10:00:00+00:00,38.0059,56.7936,49.3480,146.9423,13.4492
2024-01-11 11:00:00+00:00,76.5631,85.4025,98.4917,201.8167,5.3109
2024-01-11 12:00:00+00:00,43.2577,61.3411,65.6330,142.9261,0.0000
2024-01-11 13:00:00+00:00,35.5483,43.3400,35.2416,139.7234,0.0000
2024-01-11 14:00:00+00:00,42.0589,40.5703,37.0004,141.9574,4.7800
2024-01-11 15:00:00+00:00,31.4652,31.4781,26.8776,105.5442,6.2011
2024-01-11 16:00:00+00:00,17.4112,14.4869,12.5469,52.1839,0.0000
2024-01-11 17:00:00+00:00,16.7815,11.1398,10.2945,42.2045,0.0000
2024-01-11 18:00:00+00:00,9.9287,6.0684,5.3408,26.2018,2.2892
2024-01-11 19:00:00+00:00,8.8586,5.5432,4.3443,19.0530,14.3116
2024-01-11 20:00:00+00:00,2.4104,0.3720,0.6030,4.2439,32.2767
2024-01-11 21:00:00+00:00,3.1888,0.5402,0.3616,7.2747,9.8943
2024-01-11 22:00:00+00:00,0.1912,0.0000,0.0000,0.9490,6.4158
2024-01-11 23:00:00+00:00,0.4048,0.0000,0.0000,3.3089,11.5467
2024-01-12 00:00:00+00:00,1.3648,0.0801,0.0000,5.5057,27.4838
2024-01-12 01:00:00+00:00,4.4268,2.5758,2.0911,16.1261,25.6470
2024-01-12 02:00:00+00:00,0.6970,0.0407,0.0000,5.3847,34.2895
2024-01-12 03:00:00+00:00,0.0066,0.0023,0.0000,2.3244,12.4043
2024-01-12 04:00:00+00:00,2.4976,0.5786,0.0000,9.5561,2.1667
2024-01-12 05:00:00+00:00,5.5729,4.3231,2.8799,23.6348,2.4258
2024-01-12 06:00:00+00:00,9.3147,8.6423,5.8500,36.8408,1.3319
2024-01-12 07:00:00+00:00,4.8245,3.5611,2.3540,22.5871,1.1211
2024-01-12 08:00:00+00:00,12.7896,12.5490,9.9282,49.2666,0.0000
2024-01-12 09:00:00+00:00,12.2415,11.0370,10.0388,43.5673,0.0396
2024-01-12 10:00:00+00:00,4.4735,4.4089,3.6462,17.6150,0.0494
2024-01-12 11:00:00+00:00,6.5844,7.0649,5.7175,25.9721,4.3194
2024-01-12 12:00:00+00:00,3.9330,4.0887,2.8783,17.5835,0.0000
2024-01-12 13:00:00+00:00,11.9175,11.8808,11.6407,41.3251,0.0000
2024-01-12 14:00:00+00:00,3.9965,1.9820,1.8792,11.0350,0.0000
2024-01-12 15:00:00+00:00,0.7764,0.0107,0.0000,1.1791,0.0061
2024-01-12 16:00:00+00:00,0.0000,0.0000,0.0000,0.0000,1.2019
2024-01-12 17:00:00+00:00,0.0000,0.0000,0.0000,0.0000,0.0000
2024-01-12 18:00:00+00:00,0.0000,0.0000,0.0000,0.0000,5.2680
2024-01-12 19:00:00+00:00,0.8137,0.0000,0.0346,3.1571,10.6682
2024-01-12 20:00:00+00:00,16.6385,19.1088,23.4338,39.4210,7.8810
2024-01-12 21:00:00+00:00,11.9616,27.0674,25.3468,52.5875,20.2883
2024-01-12 22:00:00+00:00,12.8781,38.4914,29.5524,86.9180,14.6018
2024-01-12 23:00:00+00:00,48.1745,96.0530,100.8060,181.9785,42.3391
2024-01-13 00:00:00+00:00,65.7418,99.6977,106.3908,195.4633,79.7259
2024-01-13 01:00:00+00:00,52.7329,98.7472,104.4683,187.8027,79.9000
2024-01-13 02:00:00+00:00,48.5005,92.9940,81.9961,185.4178,79.9000
2024-01-13 03:00:00+00:00,42.9619,70.1481,65.8587,142.8687,79.9000
2024-01-13 04:00:00+00:00,36.5662,41.7371,81.6951,84.8384,79.9000
2024-01-13 05:00:00+00:00,49.3464,33.6380,51.4886,80.7204,79.9000
2024-01-13 06:00:00+00:00,77.5695,96.0487,97.8061,184.7218,79.9000
2024-01-13 07:00:00+00:00,81.0000,100.5000,106.5000,214.9465,79.9000
2024-01-13 08:00:00+00:00,81.0000,100.5000,106.5000,215.2000,79.9000
2024-01-13 09:00:00+00:00,81.0000,100.5000,106.5000,215.2000,79.9000
2024-01-13 10:00:00+00:00,81.0000,100.5000,99.6082,215.2000,79.9000
2024-01-13 11:00:00+00:00,81.0000,100.5000,106.5000,215.2000,79.9000
2024-01-13 12:00:00+00:00,81.0000,100.5000,106.5000,215.2000,79.8121
2024-01-13 13:00:00+00:00,81.0000,80.1027,79.3335,210.8071,73.8043
2024-01-13 14:00:00+00:00,81.0000,98.3322,87.4830,214.0802,73.2810
2024-01-13 15:00:00+00:00,81.0000,70.6933,72.2288,173.9055,44.7255
2024-01-13 16:00:00+00:00,80.7680,69.2729,90.5447,127.6516,79.9000
2024-01-13 17:00:00+00:00,44.6255,29.5864,39.9135,76.9599,79.9000
2024-01-13 18:00:00+00:00,18.3275,15.2646,27.4729,26.1812,78.3280
2024-01-13 19:00:00+00:00,80.9839,100.5000,106.5000,215.2000,79.8569
2024-01-13 20:00:00+00:00,81.0000,100.5000,106.5000,215.2000,79.8401
2024-01-13 21:00:00+00:00,81.0000,100.5000,106.5000,215.2000,79.8951
2024-01-13 22:00:00+00:00,81.0000,100.5000,106.5000,215.2000,79.9000
2024-01-13 23:00:00+00:00,81.0000,100.5000,106.5000,215.2000,68.5027
2024-01-14 00:00:00+00:00,81.0000,100.5000,106.5000,215.2000,78.3029
2024-01-14 01:00:00+00:00,81.0000,100.5000,106.5000,215.2000,79.8819
2024-01-14 02:00:00+00:00,81.0000,100.5000,106.5000,215.2000,79.9000
2024-01-14 03:00:00+00:00,81.0000,100.5000,106.5000,215.2000,79.8767
2024-01-14 04:00:00+00:00,81.0000,100.5000,106.5000,215.2000,79.9000
2024-01-14 05:00:00+00:00,81.0000,100.5000,106.5000,215.2000,79.8684
2024-01-14 06:00:00+00:00,81.0000,100.5000,106.5000,215.2000,79.9000
2024-01-14 07:00:00+00:00,81.0000,100.5000,106.5000,215.2000,79.9000
2024-01-14 08:00:00+00:00,81.0000,100.5000,106.5000,215.2000,79.6432
2024-01-14 09:00:00+00:00,78.8998,98.3329,104.7354,214.0086,79.7054
2024-01-14 10:00:00+00:00,81.0000,100.5000,106.5000,215.2000,79.8480
2024-01-14 11:00:00+00:00,80.8835,97.6639,105.0120,210.8529,79.9000
2024-01-14 12:00:00+00:00,80.8249,100.5000,106.5000,215.1051,79.9000
2024-01-14 13:00:00+00:00,74.1328,98.0544,104.4263,211.6607,79.9000
2024-01-14 14:00:00+00:00,51.0367,14.5756,40.6912,48.4962,79.3539
2024-01-14 15:00:00+00:00,49.1520,49.2339,56.1155,131.4925,79.6750
2024-01-14 16:00:00+00:00,78.1765,74.7162,90.8790,175.2655,79.9000
2024-01-14 17:00:00+00:00,72.5867,61.3131,81.2567,155.3522,79.9000
2024-01-14 18:00:00+00:00,68.0174,52.1311,63.3413,136.0176,79.9000
2024-01-14 19:00:00+00:00,77.7682,92.5479,99.2934,207.4560,79.9000
2024-01-14 20:00:00+00:00,79.5083,98.1501,104.0644,213.0508,79.9000
2024-01-14 21:00:00+00:00,80.9972,100.5000,106.4621,215.2000,79.9000
2024-01-14 22:00:00+00:00,81.0000,100.5000,106.5000,215.2000,79.9000
2024-01-14 23:00:00+00:00,80.2393,99.5118,105.1324,214.8422,79.9000
2024-01-15 00:00:00+00:00,81.0000,100.5000,106.5000,215.2000,79.9000
2024-01-15 01:00:00+00:00,81.0000,100.5000,106.5000,215.2000,79.9000
2024-01-15 02:00:00+00:00,81.0000,100.5000,106.5000,215.2000,79.9000
2024-01-15 03:00:00+00:00,81.0000,100.5000,106.5000,215.2000,79.9000
2024-01-15 04:00:00+00:00,81.0000,100.5000,106.5000,215.2000,79.2641
2024-01-15 05:00:00+00:00,78.8088,97.8256,104.1579,212.2638,68.0937
2024-01-15 06:00:00+00:00,79.1841,99.1663,104.6248,214.0207,79.9000
2024-01-15 07:00:00+00:00,64.0717,76.8410,78.3194,193.6677,79.9000
2024-01-15 08:00:00+00:00,68.6039,75.4521,79.3452,191.8955,79.9000
2024-01-15 09:00:00+00:00,70.9320,87.9498,82.8700,205.5480,79.1387
2024-01-15 10:00:00+00:00,61.0190,72.9694,70.9806,184.6725,76.4742
2024-01-15 11:00:00+00:00,75.7604,80.1598,83.1359,194.6247,79.0450
2024-01-15 12:00:00+00:00,73.6782,86.2097,82.5768,205.4949,79.8949
2024-01-15 13:00:00+00:00,62.1379,70.4694,68.0573,176.3445,79.3244
2024-01-15 14:00:00+00:00,55.2931,77.0176,64.6683,190.7081,78.8493
2024-01-15 15:00:00+00:00,55.2711,63.4226,58.8421,161.5718,51.6317
2024-01-15 16:00:00+00:00,52.5836,60.0395,53.8558,155.9771,66.8092
2024-01-15 17:00:00+00:00,42.9598,44.2541,45.0221,111.4489,69.3629
2024-01-15 18:00:00+00:00,52.3086,59.0954,64.0404,126.3243,53.5839
2024-01-15 19:00:00+00:00,48.7082,54.5595,53.9929,127.8021,60.2490
2024-01-15 20:00:00+00:00,37.2834,43.7454,46.1161,96.4190,38.4607
2024-01-15 21:00:00+00:00,38.5363,44.2647,45.2222,100.0035,31.9434
2024-01-15 22:00:00+00:00,22.4770,23.7034,25.5711,54.8827,20.3289
2024-01-15 23:00:00+00:00,34.8933,44.2156,43.7839,95.5848,31.9319
2024-01-16 00:00:00+00:00,36.5410,37.4363,40.3585,81.1942,38.2842
2024-01-16 01:00:00+00:00,47.5149,54.5309,52.3527,129.5633,39.8709
2024-01-16 02:00:00+00:00,43.2451,56.6259,52.2666,142.3609,45.1749
2024-01-16 03:00:00+00:00,51.4558,59.0014,58.8689,151.8033,51.3610
2024-01-16 04:00:00+00:00,29.7038,37.5604,36.2753,105.5607,48.4471
2024-01-16 05:00:00+00:00,34.2219,38.6885,38.9713,115.0155,48.7308
2024-01-16 06:00:00+00:00,35.0581,41.4956,40.3042,113.2516,58.9635
2024-01-16 07:00:00+00:00,23.8569,19.4477,21.1413,64.0954,31.4385
2024-01-16 08:00:00+00:00,6.1619,2.7792,3.2662,16.8716,20.0945
2024-01-16 09:00:00+00:00,6.2204,6.8067,5.0553,16.5375,10.8208
2024-01-16 10:00:00+00:00,1.3240,0.0376,0.0000,0.4938,5.7476
2024-01-16 11:00:00+00:00,0.4658,0.0469,0.6016,0.1586,26.3139
2024-01-16 12:00:00+00:00,2.2655,0.5731,3.2205,0.7557,42.2050
2024-01-16 13:00:00+00:00,0.0000,0.0000,0.0000,0.0000,40.6863
2024-01-16 14:00:00+00:00,0.0000,1.5757,1.3730,1.4133,22.9441
2024-01-16 15:00:00+00:00,0.0000,0.0000,0.0000,0.0000,22.3680
2024-01-16 16:00:00+00:00,0.2076,0.0114,0.0000,1.0786,1.2029
2024-01-16 17:00:00+00:00,0.0000,0.0000,0.0000,0.0000,0.0000
2024-01-16 18:00:00+00:00,0.0000,0.0000,0.0000,0.0000,0.0000
2024-01-16 19:00:00+00:00,2.2592,4.8629,5.5559,6.6266,3.0076
2024-01-16 20:00:00+00:00,5.1315,4.7000,5.9249,10.8459,23.4821
2024-01-16 21:00:00+00:00,14.8777,11.7963,14.0466,31.3560,15.0700
2024-01-16 22:00:00+00:00,6.7347,5.9187,5.6008,21.0154,23.4831
2024-01-16 23:00:00+00:00,4.0522,4.3043,4.0469,13.9232,21.6693
2024-01-17 00:00:00+00:00,7.1649,5.0166,4.7460,21.2427,20.4090
2024-01-17 01:00:00+00:00,2.1224,0.6174,0.0215,7.3895,16.4024
2024-01-17 02:00:00+00:00,8.0044,5.3752,8.0250,18.7823,60.9999
2024-01-17 03:00:00+00:00,8.0338,4.2163,5.2508,19.9489,56.8953
2024-01-17 04:00:00+00:00,21.9998,12.7311,18.8072,48.3656,37.3012
2024-01-17 05:00:00+00:00,29.1212,19.8466,23.6435,68.1524,40.2283
2024-01-17 06:00:00+00:00,48.0662,51.1295,52.3398,135.8517,17.1413
2024-01-17 07:00:00+00:00,38.0886,33.9646,34.0275,110.6023,13.9820
2024-01-17 08:00:00+00:00,24.6617,26.0803,26.1662,72.4872,19.5288
2024-01-17 09:00:00+00:00,36.4566,35.0694,35.3522,116.6252,8.2506
2024-01-17 10:00:00+00:00,73.6357,79.6629,81.9922,206.0783,5.8498
2024-01-17 11:00:00+00:00,73.7581,73.2649,74.2919,204.3582,1.1180
2024-01-17 12:00:00+00:00,67.4865,67.4436,65.2265,202.6509,32.9657
2024-01-17 13:00:00+00:00,57.0246,54.5868,54.5624,159.9286,77.5126
2024-01-17 14:00:00+00:00,59.3967,63.7078,58.6420,178.7020,79.7928
2024-01-17 15:00:00+00:00,71.7900,84.6576,77.1775,206.5157,79.7602
2024-01-17 16:00:00+00:00,72.9279,86.7033,84.1018,204.9752,79.9000
2024-01-17 17:00:00+00:00,79.7854,99.0461,104.4301,213.8515,79.9000
2024-01-17 18:00:00+00:00,81.0000,100.4963,106.1728,215.2000,79.9000
2024-01-17 19:00:00+00:00,79.0713,98.9910,102.9508,214.3482,79.7896
2024-01-17 20:00:00+00:00,78.0059,96.9448,101.2973,212.3848,79.6241
2024-01-17 21:00:00+00:00,79.3796,99.5744,105.2141,214.8179,79.9000
2024-01-17 22:00:00+00:00,76.9927,96.3288,101.7385,210.4341,79.9000
2024-01-17 23:00:00+00:00,73.2862,93.1236,90.2916,208.2214,79.9000
2024-01-18 00:00:00+00:00,79.7324,99.3718,104.7973,213.8685,79.9000
2024-01-18 01:00:00+00:00,81.0000,100.5000,106.3242,215.2000,79.2452
2024-01-18 02:00:00+00:00,81.0000,100.5000,106.5000,215.2000,44.9067
2024-01-18 03:00:00+00:00,81.0000,99.7878,105.6935,215.1775,22.6418
2024-01-18 04:00:00+00:00,80.7125,97.9596,103.3864,215.0191,75.6376
2024-01-18 05:00:00+00:00,79.6337,97.1801,102.0621,214.2903,65.8506
2024-01-18 06:00:00+00:00,79.6794,97.3305,101.8591,214.8599,33.7572
2024-01-18 07:00:00+00:00,69.2362,74.1936,71.4371,205.7587,74.7233
2024-01-18 08:00:00+00:00,67.2447,64.3290,77.1517,169.4271,28.4736
2024-01-18 09:00:00+00:00,64.7113,69.9879,70.0722,191.1130,77.6186
2024-01-18 10:00:00+00:00,48.9294,58.7570,58.3411,158.0915,76.5085
2024-01-18 11:00:00+00:00,41.0488,43.2935,47.3438,118.1585,53.2192
2024-01-18 12:00:00+00:00,48.7300,45.4444,51.1298,126.7924,29.5731
2024-01-18 13:00:00+00:00,45.2159,51.7343,51.9915,144.0679,60.2233
2024-01-18 14:00:00+00:00,27.1043,27.2876,30.9209,70.6034,55.3386
2024-01-18 15:00:00+00:00,15.2796,16.9764,16.8110,46.5213,14.8655
2024-01-18 16:00:00+00:00,20.8164,19.1854,19.7967,53.7699,9.4834
2024-01-18 17:00:00+00:00,18.6588,18.8537,17.5410,51.6836,25.3998
2024-01-18 18:00:00+00:00,29.8267,23.3232,26.3191,65.7071,14.5951
2024-01-18 19:00:00+00:00,15.3263,14.0732,13.3807,41.6972,37.6946
2024-01-18 20:00:00+00:00,30.1905,23.5596,28.5249,59.7860,25.2753
2024-01-18 21:00:00+00:00,26.7479,23.9490,25.6282,63.8226,45.3576
2024-01-18 22:00:00+00:00,12.1278,6.2240,10.2939,20.7518,16.5524
2024-01-18 23:00:00+00:00,5.2312,0.5451,1.1508,4.7141,21.4198
2024-01-19 00:00:00+00:00,3.5493,0.1758,0.7721,3.7505,58.6578
2024-01-19 01:00:00+00:00,0.0178,0.2105,0.0000,3.0977,12.4268
2024-01-19 02:00:00+00:00,5.0424,1.9452,2.9942,7.8114,5.9730
2024-01-19 03:00:00+00:00,1.8885,0.2744,0.7020,3.6899,10.2667
2024-01-19 04:00:00+00:00,0.0000,0.0000,0.0000,0.0000,12.9159
2024-01-19 05:00:00+00:00,0.0000,0.0000,0.0000,0.0000,11.8006
2024-01-19 06:00:00+00:00,11.8225,6.2908,5.1441,30.4853,7.1206
2024-01-19 07:00:00+00:00,1.0367,0.0746,0.0000,4.6641,0.0647
2024-01-19 08:00:00+00:00,0.0000,0.0000,0.0000,1.6646,0.0000
2024-01-19 09:00:00+00:00,0.7929,0.0797,0.7823,1.1552,9.5823
2024-01-19 10:00:00+00:00,0.4292,0.5767,0.6819,4.8816,11.5970
2024-01-19 11:00:00+00:00,6.7098,8.2444,10.3687,14.4157,22.6948
2024-01-19 12:00:00+00:00,3.3350,4.1432,6.7948,5.7503,41.1276
2024-01-19 13:00:00+00:00,2.8383,2.5957,4.8052,4.0058,22.6468
2024-01-19 14:00:00+00:00,1.9073,0.3523,1.5241,0.8673,9.2806
2024-01-19 15:00:00+00:00,0.0000,0.0000,0.0000,0.0000,6.0341
2024-01-19 16:00:00+00:00,0.0000,0.0000,0.0000,0.0000,11.1833
2024-01-19 17:00:00+00:00,0.0000,0.0000,0.0000,0.0000,11.3974
2024-01-19 18:00:00+00:00,1.6399,0.5059,0.0924,3.0939,12.8028
2024-01-19 19:00:00+00:00,8.7386,6.9486,8.5715,16.8488,7.2366
2024-01-19 20:00:00+00:00,11.3758,12.0638,10.4378,30.9554,3.0916
2024-01-19 21:00:00+00:00,14.9715,15.7298,13.6453,49.6411,11.7609
2024-01-19 22:00:00+00:00,15.7580,14.3238,13.4368,49.8456,18.7478
2024-01-19 23:00:00+00:00,22.4090,21.3367,19.4405,73.2042,23.9698
2024-01-20 00:00:00+00:00,30.0340,27.6516,26.1743,97.9516,18.8769
2024-01-20 01:00:00+00:00,46.5873,43.1085,43.8608,134.8019,9.2264
2024-01-20 02:00:00+00:00,37.2523,27.7999,30.3497,99.7063,0.5478
2024-01-20 03:00:00+00:00,32.5793,29.2132,29.9503,94.2490,13.3603
2024-01-20 04:00:00+00:00,39.3903,39.5549,42.9033,113.3034,37.1342
2024-01-20 05:00:00+00:00,41.9163,40.0316,41.5636,121.9379,34.8602
2024-01-20 06:00:00+00:00,48.7799,50.9204,52.7842,145.2663,27.4558
2024-01-20 07:00:00+00:00,47.5222,51.5953,53.3444,143.8844,26.7977
2024-01-20 08:00:00+00:00,35.8051,41.6865,39.9448,120.9916,23.1757
2024-01-20 09:00:00+00:00,40.7527,45.5138,44.0814,130.0706,20.4724
2024-01-20 10:00:00+00:00,52.6862,55.0728,53.3203,163.7487,23.4104
2024-01-20 11:00:00+00:00,53.0791,55.0621,52.5730,159.9582,26.3729
2024-01-20 12:00:00+00:00,53.1811,57.3947,53.7723,168.2910,32.1551
2024-01-20 13:00:00+00:00,54.8185,57.4118,53.6583,173.3497,23.4930
2024-01-20 14:00:00+00:00,33.8327,35.1612,30.2363,113.7311,18.2619
2024-01-20 15:00:00+00:00,30.8276,35.4075,30.2561,108.4365,6.9754
2024-01-20 16:00:00+00:00,36.8904,44.8222,38.1867,132.3083,5.3180
2024-01-20 17:00:00+00:00,46.5936,49.0148,45.3726,145.5159,16.7259
2024-01-20 18:00:00+00:00,48.9621,52.2487,49.1691,153.7603,20.1087
2024-01-20 19:00:00+00:00,45.4749,52.3268,48.6525,152.5661,18.4426
2024-01-20 20:00:00+00:00,53.6107,56.2153,54.7349,163.6419,36.9522
2024-01-20 21:00:00+00:00,65.6935,74.4273,73.5867,199.8763,28.1490
2024-01-20 22:00:00+00:00,75.7552,83.2487,81.0248,207.1211,27.6721
2024-01-20 23:00:00+00:00,76.0076,81.7654,81.2263,206.6770,47.2164
2024-01-21 00:00:00+00:00,77.1765,81.3336,80.3311,207.0209,75.8292
2024-01-21 01:00:00+00:00,56.1068,57.2418,60.0017,159.3736,59.2240
2024-01-21 02:00:00+00:00,47.3671,45.7851,46.3879,134.8948,75.0640
2024-01-21 03:00:00+00:00,42.7986,41.0846,41.7936,130.6232,52.9142
2024-01-21 04:00:00+00:00,38.1743,41.7871,42.7745,121.5564,72.6869
2024-01-21 05:00:00+00:00,42.5783,40.4315,45.2011,116.7594,69.4063
2024-01-21 06:00:00+00:00,45.0608,48.0974,52.8280,133.3268,55.1200
2024-01-21 07:00:00+00:00,56.4010,53.1446,61.2408,144.8968,58.0050
2024-01-21 08:00:00+00:00,50.2556,50.9830,54.5744,146.5339,55.5497
2024-01-21 09:00:00+00:00,44.6797,49.4568,49.1105,139.4361,27.3834
2024-01-21 10:00:00+00:00,56.5919,60.7986,59.3210,175.1871,46.9490
2024-01-21 11:00:00+00:00,69.1587,78.5322,77.0517,199.4118,38.2071
2024-01-21 12:00:00+00:00,63.8040,71.1288,66.7395,198.6222,24.4496
2024-01-21 13:00:00+00:00,57.9307,66.0641,62.1064,192.9038,27.5102
2024-01-21 14:00:00+00:00,40.8349,49.6570,44.7556,142.0608,65.3880
2024-01-21 15:00:00+00:00,62.4882,73.6258,65.4184,201.8446,32.5878
2024-01-21 16:00:00+00:00,62.5224,77.8162,72.5830,202.0487,41.9184
2024-01-21 17:00:00+00:00,77.9973,91.8353,91.6244,209.7358,25.7741
2024-01-21 18:00:00+00:00,61.7650,75.5816,68.7794,200.7002,44.5069
2024-01-21 19:00:00+00:00,74.5979,83.5226,80.9924,204.4676,47.2649
2024-01-21 20:00:00+00:00,69.9655,67.9817,60.6372,202.0270,44.0737
2024-01-21 21:00:00+00:00,69.7605,74.3703,70.7244,194.0274,58.8388
2024-01-21 22:00:00+00:00,75.6008,82.0583,78.1859,208.8606,53.0537
2024-01-21 23:00:00+00:00,72.1988,90.0308,80.5977,208.9857,46.5670
2024-01-22 00:00:00+00:00,75.3714,92.8720,89.5860,210.5828,71.2807
2024-01-22 01:00:00+00:00,74.0524,90.7935,84.9062,209.1383,21.1041
2024-01-22 02:00:00+00:00,74.1025,85.4294,80.3434,207.2004,23.2577
2024-01-22 03:00:00+00:00,74.8363,97.3383,97.3616,209.5248,4.9785
2024-01-22 04:00:00+00:00,76.9254,92.5494,89.6848,210.3624,3.9962
2024-01-22 05:00:00+00:00,69.4256,86.9216,80.0161,200.4578,15.6854
2024-01-22 06:00:00+00:00,72.1528,90.8518,80.7326,203.0234,55.3135
2024-01-22 07:00:00+00:00,72.9426,91.0824,87.8484,201.7694,42.1267
2024-01-22 08:00:00+00:00,61.8198,67.2003,59.2232,198.1954,47.0640
2024-01-22 09:00:00+00:00,73.1978,84.2769,83.7911,199.8623,48.1806
2024-01-22 10:00:00+00:00,80.5396,100.3039,105.4435,215.2000,50.6786
2024-01-22 11:00:00+00:00,80.1450,99.6485,103.8394,215.1736,45.0929
2024-01-22 12:00:00+00:00,79.7509,98.4309,102.7055,215.0770,26.2235
2024-01-22 13:00:00+00:00,80.9464,100.4917,106.1042,215.2000,34.9611
2024-01-22 14:00:00+00:00,80.8029,100.1322,104.7203,215.2000,37.4798
2024-01-22 15:00:00+00:00,80.6182,99.0661,103.7119,215.1942,47.4527
2024-01-22 16:00:00+00:00,78.4039,96.0824,100.1700,211.6118,37.7875
2024-01-22 17:00:00+00:00,76.7342,90.5647,89.1739,206.3778,37.2719
2024-01-22 18:00:00+00:00,61.7014,60.8250,58.5679,170.5391,23.3937
2024-01-22 19:00:00+00:00,39.9954,33.0361,33.5251,88.2731,29.7682
2024-01-22 20:00:00+00:00,46.2399,33.2006,36.0206,100.6893,45.4393
2024-01-22 21:00:00+00:00,56.5995,50.0078,52.3195,141.9641,59.0270
2024-01-22 22:00:00+00:00,72.0945,73.1083,75.0191,171.7078,78.9459
2024-01-22 23:00:00+00:00,64.3183,62.0842,63.4729,166.4226,77.8403
2024-01-23 00:00:00+00:00,79.7404,95.1469,101.8354,202.0736,55.6900
2024-01-23 01:00:00+00:00,78.8392,93.6716,100.1685,205.7822,51.4730
2024-01-23 02:00:00+00:00,80.0024,98.6412,103.9480,214.3635,23.6855
2024-01-23 03:00:00+00:00,80.8516,98.6879,104.3185,214.8107,74.2972
2024-01-23 04:00:00+00:00,81.0000,100.5000,106.5000,215.2000,77.5509
2024-01-23 05:00:00+00:00,80.9795,100.4510,106.4907,215.1963,77.8978
2024-01-23 06:00:00+00:00,80.8258,99.1504,105.3835,214.0841,77.0341
2024-01-23 07:00:00+00:00,78.9788,95.3478,101.9296,209.8837,62.5662
2024-01-23 08:00:00+00:00,78.2700,94.7749,102.4990,206.7108,46.4377
2024-01-23 09:00:00+00:00,62.5301,75.4073,77.9587,189.8704,28.5606
2024-01-23 10:00:00+00:00,59.5363,65.9311,71.2446,165.4956,23.1272
2024-01-23 11:00:00+00:00,46.2221,52.0959,53.1477,139.6261,19.5009
2024-01-23 12:00:00+00:00,26.4479,28.2179,30.1191,76.7727,25.9078
2024-01-23 13:00:00+00:00,21.8287,22.0689,27.2750,54.7003,14.8734
2024-01-23 14:00:00+00:00,11.2495,12.0175,13.3704,32.8203,11.6475
2024-01-23 15:00:00+00:00,4.7295,5.7766,4.7475,17.8399,5.2702
2024-01-23 16:00:00+00:00,4.5931,3.6215,4.1665,12.6013,1.6212
2024-01-23 17:00:00+00:00,4.0570,2.9662,3.2408,10.5507,0.0000
2024-01-23 18:00:00+00:00,2.6549,2.2232,2.1413,7.8772,0.0000
2024-01-23 19:00:00+00:00,0.0893,0.1479,0.0036,1.1393,0.0000
2024-01-23 20:00:00+00:00,3.6343,3.2989,0.3014,13.8744,0.0000
2024-01-23 21:00:00+00:00,5.5403,9.8881,11.2999,18.6184,0.0000
2024-01-23 22:00:00+00:00,8.6223,14.1520,16.5225,25.4756,0.0000
2024-01-23 23:00:00+00:00,10.4961,17.4106,23.8066,25.3841,0.0390
2024-01-24 00:00:00+00:00,15.0132,28.4773,35.4259,52.5789,0.3176
2024-01-24 01:00:00+00:00,16.8654,31.1552,39.6267,48.5039,1.7339
2024-01-24 02:00:00+00:00,20.9903,36.4959,49.5586,53.9981,4.6275
2024-01-24 03:00:00+00:00,21.8794,39.5336,49.3553,65.3148,7.2846
2024-01-24 04:00:00+00:00,17.2720,45.7000,45.1925,83.1847,16.7919
2024-01-24 05:00:00+00:00,17.9813,47.4480,48.7511,81.9492,25.5097
2024-01-24 06:00:00+00:00,8.5039,33.1341,32.1481,47.5989,37.1288
2024-01-24 07:00:00+00:00,8.3418,27.7886,27.3932,38.5356,51.3789
2024-01-24 08:00:00+00:00,12.4466,39.0944,32.9389,68.2528,26.6633
2024-01-24 09:00:00+00:00,6.3796,21.4246,13.8723,51.6730,31.3804
2024-01-24 10:00:00+00:00,6.4473,13.0683,11.0205,32.7432,21.2760
2024-01-24 11:00:00+00:00,6.9001,9.8525,10.0934,24.3228,27.1919
2024-01-24 12:00:00+00:00,2.3608,6.4722,3.4582,16.3047,34.0600
2024-01-24 13:00:00+00:00,0.7501,6.1751,2.6943,10.6216,43.7874
2024-01-24 14:00:00+00:00,5.2658,4.5344,0.4766,12.4306,26.5520
2024-01-24 15:00:00+00:00,6.8525,0.6513,0.1885,4.0097,46.8668
2024-01-24 16:00:00+00:00,2.5843,0.1050,0.0000,1.5381,59.4456
2024-01-24 17:00:00+00:00,4.4747,0.5642,0.8183,3.4433,29.8246
2024-01-24 18:00:00+00:00,1.8938,0.0957,0.0000,0.7476,34.1093
2024-01-24 19:00:00+00:00,1.1911,0.0565,0.0000,0.1888,23.5306
2024-01-24 20:00:00+00:00,2.9348,0.1743,0.0000,0.8490,41.9812
2024-01-24 21:00:00+00:00,1.5710,0.0922,0.0000,0.2958,30.9530
2024-01-24 22:00:00+00:00,11.1247,3.5268,4.4396,6.2514,44.7357
2024-01-24 23:00:00+00:00,17.9883,5.3065,6.2196,11.2793,46.0194
2024-01-25 00:00:00+00:00,5.5002,0.4188,1.1163,1.7427,31.3910
2024-01-25 01:00:00+00:00,16.6006,2.1277,2.6424,5.4302,44.1043
2024-01-25 02:00:00+00:00,1.0129,0.0000,0.0000,0.2222,6.6796
2024-01-25 03:00:00+00:00,0.9054,0.0000,0.0000,0.1612,36.3460
2024-01-25 04:00:00+00:00,0.0311,0.0000,0.0000,0.0000,49.9304
2024-01-25 05:00:00+00:00,0.0000,0.0000,0.0000,0.0000,29.4320
2024-01-25 06:00:00+00:00,0.7040,1.4161,0.0000,2.4171,16.6874
2024-01-25 07:00:00+00:00,5.3427,0.7632,2.2984,1.7759,0.0000
2024-01-25 08:00:00+00:00,1.4177,1.0678,2.4241,0.6506,0.0886
2024-01-25 09:00:00+00:00,3.6083,2.1498,2.1886,5.2475,1.1251
2024-01-25 10:00:00+00:00,2.7301,0.5162,0.2076,4.4941,0.5162
2024-01-25 11:00:00+00:00,3.1144,0.7359,0.1731,8.3675,0.0000
2024-01-25 12:00:00+00:00,2.5249,0.5346,0.0000,7.7378,1.2424
2024-01-25 13:00:00+00:00,0.1676,0.0000,0.0000,0.1957,2.0882
2024-01-25 14:00:00+00:00,0.0000,0.0000,0.0000,0.0000,3.8853
2024-01-25 15:00:00+00:00,0.0000,0.0000,0.0000,0.0000,0.2631
2024-01-25 16:00:00+00:00,0.0000,0.0000,0.0000,0.0000,0.0000
2024-01-25 17:00:00+00:00,0.0000,0.0000,0.0000,0.0000,0.0000
2024-01-25 18:00:00+00:00,0.0000,0.0000,0.0000,0.0000,0.0000
2024-01-25 19:00:00+00:00,0.0000,0.0000,0.0000,0.0000,0.0000
2024-01-25 20:00:00+00:00,0.0000,0.0000,0.0000,0.0000,0.0000
2024-01-25 21:00:00+00:00,0.0000,0.0000,0.0000,0.0000,0.0000
2024-01-25 22:00:00+00:00,0.0000,0.0000,0.0000,0.0000,0.0000
2024-01-25 23:00:00+00:00,3.5173,5.0864,6.5954,7.6089,0.0152
2024-01-26 00:00:00+00:00,5.0325,8.1503,10.4914,10.1032,0.4319
2024-01-26 01:00:00+00:00,12.8570,19.3540,26.0517,30.2049,1.0848
2024-01-26 02:00:00+00:00,23.0537,33.6852,41.3987,54.7633,4.1351
2024-01-26 03:00:00+00:00,28.5751,45.0802,52.1213,75.3701,0.9460
2024-01-26 04:00:00+00:00,12.0726,40.5651,34.2907,62.3685,4.7103
2024-01-26 05:00:00+00:00,6.3374,23.4315,18.8948,54.3053,9.5791
2024-01-26 06:00:00+00:00,4.1478,22.3337,15.1695,55.5557,11.5867
2024-01-26 07:00:00+00:00,7.7500,23.8019,16.5545,56.1737,26.7432
2024-01-26 08:00:00+00:00,10.7201,34.2387,25.6601,74.9363,47.8642
2024-01-26 09:00:00+00:00,9.1601,32.5321,25.4495,72.7086,60.6793
2024-01-26 10:00:00+00:00,2.4496,8.4656,4.7344,25.6148,47.3892
2024-01-26 11:00:00+00:00,4.5967,8.5474,6.9749,21.4374,24.3955
2024-01-26 12:00:00+00:00,19.7123,16.3728,31.0796,24.1804,68.4166
2024-01-26 13:00:00+00:00,0.1474,5.9031,1.9218,14.9621,79.9000
2024-01-26 14:00:00+00:00,13.4311,1.0043,0.5137,5.5829,79.9000
2024-01-26 15:00:00+00:00,0.1637,2.0959,0.9678,6.7478,79.9000
2024-01-26 16:00:00+00:00,0.7923,3.3695,2.7746,13.4194,76.9252
2024-01-26 17:00:00+00:00,4.5637,14.8274,11.3485,39.1413,16.5635
2024-01-26 18:00:00+00:00,1.4916,9.7796,7.0176,21.0343,23.1055
2024-01-26 19:00:00+00:00,0.0000,0.1359,0.0000,4.8256,12.2940
2024-01-26 20:00:00+00:00,0.0000,1.2876,0.0000,5.7288,10.0873
2024-01-26 21:00:00+00:00,4.6086,5.4489,3.6194,18.2410,19.6288
2024-01-26 22:00:00+00:00,6.8891,6.8742,7.9592,17.4002,32.8410
2024-01-26 23:00:00+00:00,7.6932,8.4363,9.9660,20.2321,18.5954
2024-01-27 00:00:00+00:00,3.5450,3.1232,4.8038,5.4644,10.8160
2024-01-27 01:00:00+00:00,0.0000,0.0044,0.0000,0.0092,9.5455
2024-01-27 02:00:00+00:00,0.0000,0.0000,0.0000,0.6505,10.0070
2024-01-27 03:00:00+00:00,1.7464,1.7611,1.5981,6.5541,18.5521
2024-01-27 04:00:00+00:00,0.6628,0.0515,0.4162,0.1678,10.6288
2024-01-27 05:00:00+00:00,2.8128,2.5972,3.5427,6.1327,0.6698
2024-01-27 06:00:00+00:00,1.4329,1.1390,1.6127,3.5592,0.0000
2024-01-27 07:00:00+00:00,0.3052,0.0000,0.0037,1.7417,0.0073
2024-01-27 08:00:00+00:00,0.0352,0.1321,0.0000,0.7682,0.0629
2024-01-27 09:00:00+00:00,0.2169,0.0000,0.0076,0.0155,0.0000
2024-01-27 10:00:00+00:00,0.0000,0.0000,0.0000,0.0000,0.0000
2024-01-27 11:00:00+00:00,0.0000,0.0000,0.0000,0.0000,0.0000
2024-01-27 12:00:00+00:00,0.0000,0.0000,0.0000,0.0000,0.0000
2024-01-27 13:00:00+00:00,0.0000,0.0000,0.0000,0.0000,0.0000
2024-01-27 14:00:00+00:00,0.0000,0.0000,0.0000,0.0000,0.6418
2024-01-27 15:00:00+00:00,0.0000,0.0000,0.0000,0.0000,0.0000
2024-01-27 16:00:00+00:00,0.0000,0.0000,0.0000,0.0000,0.0000
2024-01-27 17:00:00+00:00,0.0000,0.0000,0.0000,0.0000,0.0000
2024-01-27 18:00:00+00:00,0.0000,0.0000,0.0000,0.0000,0.0000
2024-01-27 19:00:00+00:00,0.0000,0.0000,0.0000,0.0000,0.0000
2024-01-27 20:00:00+00:00,0.0000,0.0000,0.0000,0.0000,0.0000
2024-01-27 21:00:00+00:00,0.0000,0.0000,0.0000,0.0000,0.0000
2024-01-27 22:00:00+00:00,0.0000,0.0000,0.0000,0.0000,0.0000
2024-01-27 23:00:00+00:00,0.0000,0.0000,0.0000,0.0000,0.0000
2024-01-28 00:00:00+00:00,0.0000,0.0000,0.0000,0.0000,0.0000
2024-01-28 01:00:00+00:00,0.4284,0.0000,0.0000,2.5374,0.0036
2024-01-28 02:00:00+00:00,1.6326,0.4004,0.0000,5.4535,0.0000
2024-01-28 03:00:00+00:00,0.5023,0.0675,0.0000,3.7466,0.0000
2024-01-28 04:00:00+00:00,0.0000,0.0000,0.0000,0.0000,0.0000
2024-01-28 05:00:00+00:00,0.0000,0.0000,0.0000,0.0000,0.0000
2024-01-28 06:00:00+00:00,0.0000,0.0000,0.0000,0.1502,0.0000
2024-01-28 07:00:00+00:00,0.0000,0.0000,0.0000,0.0000,0.0297
2024-01-28 08:00:00+00:00,0.0000,0.0000,0.0000,0.0000,2.4180
2024-01-28 09:00:00+00:00,0.0000,0.0000,0.0000,0.7600,1.8123
2024-01-28 10:00:00+00:00,0.0000,0.0000,0.0000,0.0000,2.0743
2024-01-28 11:00:00+00:00,0.0000,0.0000,0.0000,0.0000,4.7593
2024-01-28 12:00:00+00:00,3.9889,4.1311,6.1583,6.6806,5.9951
2024-01-28 13:00:00+00:00,0.8389,0.5119,1.5596,0.3082,5.6053
2024-01-28 14:00:00+00:00,0.0320,0.3682,1.0590,0.5153,2.6738
2024-01-28 15:00:00+00:00,2.7692,3.1273,4.1743,5.0664,2.4734
2024-01-28 16:00:00+00:00,2.2287,3.6787,5.2912,4.1573,5.6576
2024-01-28 17:00:00+00:00,10.9801,12.3682,16.0892,21.3959,6.8237
2024-01-28 18:00:00+00:00,8.0277,9.3227,11.6207,17.4906,8.8891
2024-01-28 19:00:00+00:00,8.6797,9.3881,11.0718,20.5984,8.3295
2024-01-28 20:00:00+00:00,10.7276,10.0649,12.3966,20.6800,11.7003
2024-01-28 21:00:00+00:00,9.6771,8.0656,9.4910,18.6905,12.3049
2024-01-28 22:00:00+00:00,5.6457,5.2870,7.1001,11.4570,13.7559
2024-01-28 23:00:00+00:00,5.1144,6.1437,6.7293,17.0328,23.9299
2024-01-29 00:00:00+00:00,10.7806,9.5619,10.7847,26.9200,24.1428
2024-01-29 01:00:00+00:00,11.1836,8.2269,11.2003,24.6140,27.3654
2024-01-29 02:00:00+00:00,10.0360,9.3116,11.2161,22.7358,54.1179
2024-01-29 03:00:00+00:00,8.6285,9.2282,8.3509,28.0486,53.4131
2024-01-29 04:00:00+00:00,14.9392,12.6127,16.5185,30.5301,38.9061
2024-01-29 05:00:00+00:00,17.5087,15.7759,16.8028,47.1818,36.6474
2024-01-29 06:00:00+00:00,14.8553,14.1047,13.4733,38.7448,50.9201
2024-01-29 07:00:00+00:00,26.7915,21.8938,27.7984,59.7647,33.2900
2024-01-29 08:00:00+00:00,17.8904,13.9202,15.3928,43.7158,37.3349
2024-01-29 09:00:00+00:00,22.0367,19.8823,22.2803,58.4738,29.0101
2024-01-29 10:00:00+00:00,17.6401,14.5356,15.0244,46.4625,33.0624
2024-01-29 11:00:00+00:00,12.1211,11.3666,11.8927,30.1633,39.8928
2024-01-29 12:00:00+00:00,12.8570,10.2423,10.4298,32.0709,39.0288
2024-01-29 13:00:00+00:00,11.2599,8.0422,7.7889,26.7340,25.2982
2024-01-29 14:00:00+00:00,9.0683,6.7277,8.1796,19.3356,17.7976
2024-01-29 15:00:00+00:00,7.3784,6.3700,6.9893,18.2769,14.2949
2024-01-29 16:00:00+00:00,4.6689,3.9609,4.4251,11.9830,22.5470
2024-01-29 17:00:00+00:00,4.3529,2.5540,2.4876,10.5943,10.3130
2024-01-29 18:00:00+00:00,3.7331,4.7667,4.7707,12.9465,10.2939
2024-01-29 19:00:00+00:00,4.3186,3.9557,4.6122,11.4275,8.9975
2024-01-29 20:00:00+00:00,3.4477,3.2935,4.0198,8.7704,6.6558
2024-01-29 21:00:00+00:00,3.5989,3.1238,3.4799,9.1408,4.9420
2024-01-29 22:00:00+00:00,2.7108,2.8567,3.1840,7.9460,0.9223
2024-01-29 23:00:00+00:00,4.2004,4.0414,3.5076,18.9699,3.5355
2024-01-30 00:00:00+00:00,4.2023,3.9307,5.3360,12.8694,0.0256
2024-01-30 01:00:00+00:00,4.7907,4.5216,4.2973,17.7646,1.2038
2024-01-30 02:00:00+00:00,8.3948,10.4472,9.2577,25.2511,0.0000
2024-01-30 03:00:00+00:00,6.1058,8.3703,7.8825,24.4102,0.0000
2024-01-30 04:00:00+00:00,9.2415,10.8316,12.5783,25.9343,0.0000
2024-01-30 05:00:00+00:00,3.9361,8.8882,7.4811,20.8309,0.0000
2024-01-30 06:00:00+00:00,0.8253,6.6507,3.4238,22.4785,0.0000
2024-01-30 07:00:00+00:00,1.4469,4.9211,4.8245,16.4019,0.0000
2024-01-30 08:00:00+00:00,3.7156,13.8415,13.4577,28.7666,0.0000
2024-01-30 09:00:00+00:00,5.8167,20.4106,21.5907,42.9852,0.0000
2024-01-30 10:00:00+00:00,9.5210,19.3705,24.7178,31.7322,0.0274
2024-01-30 11:00:00+00:00,3.2493,7.4869,12.8685,5.5623,8.3417
2024-01-30 12:00:00+00:00,1.1160,1.3655,4.7002,0.7006,14.4840
2024-01-30 13:00:00+00:00,1.3876,2.6235,1.2012,5.7374,20.8439
2024-01-30 14:00:00+00:00,0.0000,0.0086,0.3634,0.0000,16.5787
2024-01-30 15:00:00+00:00,1.1667,0.9384,2.1138,0.6279,9.0446
2024-01-30 16:00:00+00:00,0.6285,1.6258,1.8571,1.0408,5.8281
2024-01-30 17:00:00+00:00,1.5673,2.8030,3.2463,4.5751,12.3580
2024-01-30 18:00:00+00:00,2.2392,3.7954,3.7157,7.0734,6.2533
2024-01-30 19:00:00+00:00,4.1680,7.1520,7.3659,13.4314,7.1390
2024-01-30 20:00:00+00:00,2.9472,7.8491,7.8044,12.0806,14.9737
2024-01-30 21:00:00+00:00,6.7494,17.4147,15.8100,31.7319,22.9489
2024-01-30 22:00:00+00:00,5.0295,15.7343,12.9331,30.6574,22.7695
2024-01-30 23:00:00+00:00,4.1359,19.9879,14.4196,33.8242,23.5416
2024-01-31 00:00:00+00:00,2.8378,17.4950,11.1618,37.1309,22.7831
2024-01-31 01:00:00+00:00,2.8751,16.7347,10.0816,50.0483,27.8327
2024-01-31 02:00:00+00:00,0.7734,3.7672,4.8352,14.2090,23.7809
2024-01-31 03:00:00+00:00,5.0004,3.2703,7.3354,4.9393,34.5287
2024-01-31 04:00:00+00:00,9.6147,6.3793,5.9767,20.9690,41.4527
2024-01-31 05:00:00+00:00,7.2111,2.9678,3.5401,10.1874,39.9393
2024-01-31 06:00:00+00:00,2.6756,0.7249,0.4669,11.2783,67.4352
2024-01-31 07:00:00+00:00,0.6012,0.0460,0.0000,2.2374,43.2672
2024-01-31 08:00:00+00:00,11.6125,2.6776,6.1495,4.2754,48.2087
2024-01-31 09:00:00+00:00,29.0003,11.8387,23.7986,22.9289,34.0560
2024-01-31 10:00:00+00:00,16.6896,20.4149,20.1446,47.3088,24.0335
2024-01-31 11:00:00+00:00,16.6632,16.3494,17.8710,37.2787,28.9762
2024-01-31 12:00:00+00:00,14.4729,10.0801,11.7599,29.6857,26.1832
2024-01-31 13:00:00+00:00,5.6369,4.2260,5.3268,11.1552,28.3140
2024-01-31 14:00:00+00:00,7.1262,5.8665,7.8048,12.6852,20.5682
2024-01-31 15:00:00+00:00,9.8948,4.5440,7.4546,13.0172,23.4190
2024-01-31 16:00:00+00:00,5.6658,3.3702,4.5575,9.7798,13.0581
2024-01-31 17:00:00+00:00,4.0425,2.3230,3.9275,5.0862,12.8283
2024-01-31 18:00:00+00:00,5.8165,4.9504,5.2358,11.8285,6.1102
2024-01-31 19:00:00+00:00,2.0271,1.9675,2.1695,3.8362,2.9771
2024-01-31 20:00:00+00:00,2.5877,1.2768,1.7978,3.3347,9.9930
2024-01-31 21:00:00+00:00,5.5652,4.3085,5.3460,10.3327,22.9088
2024-01-31 22:00:00+00:00,10.8146,7.5390,9.0743,20.5320,26.9837
2024-01-31 23:00:00+00:00,25.2311,22.7004,26.2074,58.1292,29.1589
2024-02-01 00:00:00+00:00,36.4266,38.5300,42.2179,95.6346,24.1313
2024-02-01 01:00:00+00:00,29.7831,32.8606,33.4792,89.0721,31.4321
2024-02-01 02:00:00+00:00,36.2783,38.4347,39.2778,104.3072,34.1270
2024-02-01 03:00:00+00:00,57.9798,65.7192,66.4622,160.8160,29.6386
2024-02-01 04:00:00+00:00,39.7842,44.7851,45.1492,118.7155,39.9967
2024-02-01 05:00:00+00:00,44.0854,47.6470,49.1814,127.7294,41.1758
2024-02-01 06:00:00+00:00,55.6333,75.8113,72.5046,184.1391,51.6183
2024-02-01 07:00:00+00:00,40.6976,48.5668,50.1327,118.7961,63.1013
2024-02-01 08:00:00+00:00,50.6894,57.3144,63.5707,129.5586,38.7085
2024-02-01 09:00:00+00:00,49.7472,60.1380,70.4534,132.2331,48.8586
2024-02-01 10:00:00+00:00,45.2376,53.5021,60.5726,121.8663,33.4973
2024-02-01 11:00:00+00:00,24.0904,21.3743,24.7869,56.6622,35.5181
2024-02-01 12:00:00+00:00,21.5498,19.9093,26.5835,41.4845,57.6313
2024-02-01 13:00:00+00:00,20.9061,20.1149,26.9711,36.6266,50.9534
2024-02-01 14:00:00+00:00,39.5406,38.0837,43.5513,80.0884,38.6671
2024-02-01 15:00:00+00:00,32.2991,28.5754,32.5441,68.1556,52.0767
2024-02-01 16:00:00+00:00,23.7602,24.1697,27.2460,53.9864,66.8004
2024-02-01 17:00:00+00:00,32.2598,28.9257,35.1657,63.6151,44.0757
2024-02-01 18:00:00+00:00,27.7749,24.1753,25.8630,66.1623,24.7883
2024-02-01 19:00:00+00:00,25.7282,22.8811,28.1127,54.1693,37.7009
2024-02-01 20:00:00+00:00,26.5641,25.7660,27.9957,67.1262,36.1158
2024-02-01 21:00:00+00:00,16.0492,17.8660,18.2988,48.6393,20.3847
2024-02-01 22:00:00+00:00,17.8965,20.3679,23.2730,50.1253,22.0703
2024-02-01 23:00:00+00:00,25.0811,30.2414,29.5680,76.5892,71.5815
2024-02-02 00:00:00+00:00,15.5210,18.1346,19.6666,47.0442,44.7180
2024-02-02 01:00:00+00:00,17.8589,16.8464,21.0045,45.9498,25.8590
2024-02-02 02:00:00+00:00,22.6123,28.8810,27.6401,74.3258,23.4055
2024-02-02 03:00:00+00:00,16.7110,19.2167,18.9960,60.5242,17.4919
2024-02-02 04:00:00+00:00,16.0256,17.7272,16.9692,54.9560,15.0941
2024-02-02 05:00:00+00:00,13.0525,11.1438,9.1196,41.8964,16.2965
2024-02-02 06:00:00+00:00,4.6599,2.3026,2.1155,12.0979,8.8249
2024-02-02 07:00:00+00:00,4.6517,3.9300,3.1503,15.1110,5.8414
2024-02-02 08:00:00+00:00,5.7971,3.3593,2.9825,16.2293,9.0082
2024-02-02 09:00:00+00:00,1.9587,0.5404,0.5945,3.7567,7.2659
2024-02-02 10:00:00+00:00,1.5598,0.7059,0.7860,4.1933,8.3129
2024-02-02 11:00:00+00:00,0.3849,0.0000,0.0000,1.1423,18.5966
2024-02-02 12:00:00+00:00,1.2451,0.6138,0.6847,4.4402,19.6476
2024-02-02 13:00:00+00:00,3.6490,4.0492,4.3295,11.8858,28.4639
2024-02-02 14:00:00+00:00,3.1756,4.6829,4.2115,13.3570,28.1362
2024-02-02 15:00:00+00:00,4.6141,7.1831,7.9016,15.3552,17.5887
2024-02-02 16:00:00+00:00,2.2212,2.7879,3.4189,5.9957,16.8000
2024-02-02 17:00:00+00:00,2.5014,3.1875,3.8901,6.3590,30.3770
2024-02-02 18:00:00+00:00,3.6233,5.1154,5.8468,11.4321,38.7396
2024-02-02 19:00:00+00:00,5.2983,5.5941,5.8132,15.9310,38.3376
2024-02-02 20:00:00+00:00,6.4002,6.5309,7.5029,16.3248,27.2526
2024-02-02 21:00:00+00:00,4.6354,4.7762,5.2675,13.1452,34.2823
2024-02-02 22:00:00+00:00,5.5743,5.5761,6.4192,16.0883,26.4441
2024-02-02 23:00:00+00:00,5.5806,7.9611,7.7316,21.1277,33.9972
2024-02-03 00:00:00+00:00,6.4459,6.4372,6.8145,19.6884,24.4619
2024-02-03 01:00:00+00:00,9.8872,8.1927,7.2637,23.0438,25.4513
2024-02-03 02:00:00+00:00,4.4447,5.0972,5.9204,14.7597,17.3426
2024-02-03 03:00:00+00:00,6.4563,7.6945,7.6820,22.9583,17.7503
2024-02-03 04:00:00+00:00,7.1080,6.4688,7.2910,20.9523,10.4820
2024-02-03 05:00:00+00:00,4.6813,3.8867,4.4690,11.8779,12.0537
2024-02-03 06:00:00+00:00,2.9535,1.4588,1.7097,5.9370,11.3959
2024-02-03 07:00:00+00:00,1.9112,0.4424,1.4313,1.4100,11.2525
2024-02-03 08:00:00+00:00,2.2376,0.3012,0.3234,3.8105,4.1605
2024-02-03 09:00:00+00:00,2.0407,0.0764,0.0377,2.2505,3.5548
2024-02-03 10:00:00+00:00,1.4183,0.0644,0.4041,2.5119,2.6421
2024-02-03 11:00:00+00:00,0.0042,0.0000,0.0000,0.0000,11.1946
2024-02-03 12:00:00+00:00,0.0000,0.0000,0.0000,0.0000,7.9409
2024-02-03 13:00:00+00:00,0.0173,0.0000,0.0000,0.0000,10.1832
2024-02-03 14:00:00+00:00,0.0000,0.0000,0.0000,0.0000,4.7127
2024-02-03 15:00:00+00:00,0.0000,0.0000,0.0000,0.0000,0.1223
2024-02-03 16:00:00+00:00,0.0000,0.0000,0.0000,0.0000,0.0000
2024-02-03 17:00:00+00:00,0.0000,0.0000,0.0000,0.0000,0.0000
2024-02-03 18:00:00+00:00,0.0000,0.0000,0.0000,0.0000,0.0000
2024-02-03 19:00:00+00:00,0.0000,0.0000,0.0000,0.0000,0.0000
2024-02-03 20:00:00+00:00,0.0000,0.0000,0.0000,0.0000,0.0000
2024-02-03 21:00:00+00:00,0.0000,0.0000,0.0000,0.0000,0.0000
2024-02-03 22:00:00+00:00,0.0000,0.0000,0.0000,0.7572,0.0000
2024-02-03 23:00:00+00:00,4.8233,3.2136,3.0546,16.2904,0.0000
2024-02-04 00:00:00+00:00,2.4107,2.0110,0.7982,8.6843,2.8128
2024-02-04 01:00:00+00:00,2.2895,0.7699,1.4357,6.9632,2.9813
2024-02-04 02:00:00+00:00,5.5625,4.6330,3.8544,21.6209,0.6074
2024-02-04 03:00:00+00:00,0.0872,0.0000,0.0000,0.3918,0.0000
2024-02-04 04:00:00+00:00,0.0000,0.0000,0.0000,0.0000,0.0000
2024-02-04 05:00:00+00:00,3.7362,2.4388,1.3312,15.4506,2.6841
2024-02-04 06:00:00+00:00,3.2937,0.5980,0.0886,6.8882,0.0000
2024-02-04 07:00:00+00:00,0.1307,0.0000,0.0000,0.0000,0.0000
2024-02-04 08:00:00+00:00,0.6075,0.0146,0.0000,0.7977,0.0000
2024-02-04 09:00:00+00:00,0.0000,0.0000,0.0000,0.0000,0.0000
2024-02-04 10:00:00+00:00,0.0000,0.0000,0.0000,0.0000,0.0000
2024-02-04 11:00:00+00:00,0.0000,0.0000,0.0000,0.0000,0.0000
2024-02-04 12:00:00+00:00,0.0000,0.0000,0.0000,0.0000,0.0000
2024-02-04 13:00:00+00:00,0.1280,0.0008,0.1350,0.0161,0.0000
2024-02-04 14:00:00+00:00,0.0000,0.0000,0.0000,0.0000,0.0000
2024-02-04 15:00:00+00:00,0.0000,0.0000,0.0000,0.0000,0.0000
2024-02-04 16:00:00+00:00,0.0000,0.0000,0.0000,0.0000,0.0000
2024-02-04 17:00:00+00:00,0.0000,0.0000,0.0000,0.0000,0.5037
2024-02-04 18:00:00+00:00,0.0000,0.0000,0.0000,0.0000,0.0000
2024-02-04 19:00:00+00:00,0.0000,0.0000,0.0000,0.0000,0.0000
2024-02-04 20:00:00+00:00,0.0000,0.0000,0.0000,0.0000,0.0000
2024-02-04 21:00:00+00:00,0.0000,0.0000,0.0000,0.0000,0.0000
2024-02-04 22:00:00+00:00,0.0000,0.0000,0.0000,0.0000,0.5225
2024-02-04 23:00:00+00:00,0.0000,0.0000,0.0000,0.0000,5.3458
2024-02-05 00:00:00+00:00,0.0000,0.0000,0.0000,0.0220,10.2445
2024-02-05 01:00:00+00:00,2.4931,0.7194,0.4356,7.4266,16.2071
2024-02-05 02:00:00+00:00,2.6360,1.4353,1.1089,6.2924,12.5162
2024-02-05 03:00:00+00:00,0.5178,0.0000,0.0000,0.7495,4.0465
2024-02-05 04:00:00+00:00,0.2703,0.0000,0.0000,1.3317,0.0000
2024-02-05 05:00:00+00:00,0.0000,0.0000,0.0000,0.0000,0.5076
2024-02-05 06:00:00+00:00,1.0161,0.0000,0.0000,3.2949,3.3353
2024-02-05 07:00:00+00:00,3.1742,0.5812,0.0000,9.2571,4.6515
2024-02-05 08:00:00+00:00,2.3799,0.1034,0.4049,1.9116,2.5548
2024-02-05 09:00:00+00:00,2.7830,1.0371,2.1410,3.2529,4.4161
2024-02-05 10:00:00+00:00,3.7388,3.4025,3.1508,16.0876,14.0597
2024-02-05 11:00:00+00:00,6.6404,3.5435,3.4289,14.3997,10.6725
2024-02-05 12:00:00+00:00,6.1681,6.8279,11.1970,12.8674,12.6929
2024-02-05 13:00:00+00:00,5.0999,5.5513,6.8566,12.3107,7.4804
2024-02-05 14:00:00+00:00,8.6297,11.4175,10.0388,35.9435,14.6378
2024-02-05 15:00:00+00:00,4.2283,4.0675,6.1251,5.7312,24.5661
2024-02-05 16:00:00+00:00,0.1914,0.0000,0.0000,0.0000,19.5196
2024-02-05 17:00:00+00:00,0.1729,0.0000,0.0148,0.0000,23.7786
2024-02-05 18:00:00+00:00,0.3424,0.0073,0.0312,0.0951,11.5593
2024-02-05 19:00:00+00:00,0.1960,0.0000,0.0000,0.0000,17.6167
2024-02-05 20:00:00+00:00,0.8078,0.1118,0.7899,0.2477,15.4001
2024-02-05 21:00:00+00:00,0.1937,0.0000,0.0100,0.0000,12.8150
2024-02-05 22:00:00+00:00,1.1093,0.1094,0.6949,0.8055,29.0573
2024-02-05 23:00:00+00:00,0.3356,0.0000,0.0000,0.3678,28.8146
2024-02-06 00:00:00+00:00,3.8945,0.9070,0.0247,10.6269,10.4257
2024-02-06 01:00:00+00:00,3.6443,1.8797,2.4941,5.1648,9.3382
2024-02-06 02:00:00+00:00,11.9284,13.1914,11.7736,35.9621,9.7370
2024-02-06 03:00:00+00:00,2.9682,2.5449,2.6720,8.4416,2.2948
2024-02-06 04:00:00+00:00,27.2400,35.2695,19.8217,112.4092,0.0768
2024-02-06 05:00:00+00:00,3.5712,8.4681,7.0761,22.4117,0.0000
2024-02-06 06:00:00+00:00,11.8211,20.1535,26.2694,36.8293,2.2877
2024-02-06 07:00:00+00:00,7.4898,18.9771,23.1194,25.6890,8.7629
2024-02-06 08:00:00+00:00,14.4335,22.2189,25.0889,57.4623,8.7133
2024-02-06 09:00:00+00:00,13.5716,15.0130,20.8067,32.9012,7.5171
2024-02-06 10:00:00+00:00,15.2277,18.8759,22.3502,45.5266,5.2881
2024-02-06 11:00:00+00:00,20.7467,31.3829,35.2037,68.6154,3.6288
2024-02-06 12:00:00+00:00,20.4934,31.4033,44.0997,49.5977,3.9371
2024-02-06 13:00:00+00:00,14.8547,18.2642,27.9047,27.7473,6.9598
2024-02-06 14:00:00+00:00,6.7001,8.1014,12.3177,15.2371,3.3001
2024-02-06 15:00:00+00:00,1.8009,1.4773,2.9761,1.1076,1.1390
2024-02-06 16:00:00+00:00,2.5996,0.8356,2.1464,1.4463,0.0501
2024-02-06 17:00:00+00:00,1.9944,0.6323,1.7409,0.9854,0.9943
2024-02-06 18:00:00+00:00,3.4994,2.1403,2.8125,4.5318,0.2290
2024-02-06 19:00:00+00:00,0.4635,0.0427,0.5012,0.1030,0.0120
2024-02-06 20:00:00+00:00,0.0000,0.0000,0.0000,0.0000,0.0000
2024-02-06 21:00:00+00:00,0.1579,0.0000,0.0108,0.0000,0.9387
2024-02-06 22:00:00+00:00,0.0811,0.0000,0.0114,0.0000,0.3840
2024-02-06 23:00:00+00:00,0.0290,0.0000,0.0000,0.0000,0.6372
2024-02-07 00:00:00+00:00,0.0000,0.0000,0.0000,0.0000,0.0000
2024-02-07 01:00:00+00:00,0.0000,0.0000,0.0000,0.0000,0.0703
2024-02-07 02:00:00+00:00,0.1697,0.1885,0.0000,2.2352,0.0000
2024-02-07 03:00:00+00:00,6.4851,9.0273,14.6298,13.5928,0.0000
2024-02-07 04:00:00+00:00,4.7307,6.2828,10.9877,6.8233,0.0000
2024-02-07 05:00:00+00:00,5.5368,6.9015,12.3627,7.9346,0.0000
2024-02-07 06:00:00+00:00,4.9633,6.8850,10.9502,6.4294,0.0000
2024-02-07 07:00:00+00:00,0.1994,0.0151,0.3972,0.0464,0.0000
2024-02-07 08:00:00+00:00,0.0000,0.0000,0.0000,0.0000,0.0000
2024-02-07 09:00:00+00:00,0.8472,2.5623,2.8796,7.4559,0.6091
2024-02-07 10:00:00+00:00,0.0000,0.0000,0.0000,0.0000,1.4523
2024-02-07 11:00:00+00:00,0.0000,0.0000,0.0000,0.0000,0.9838
2024-02-07 12:00:00+00:00,0.0000,0.0000,0.0000,0.0000,4.2164
2024-02-07 13:00:00+00:00,0.0000,0.0000,0.0000,0.0000,21.9058
2024-02-07 14:00:00+00:00,0.0000,0.0000,0.0000,0.0000,1.7378
2024-02-07 15:00:00+00:00,0.0000,0.0000,0.0000,0.0000,1.3156
2024-02-07 16:00:00+00:00,0.0000,0.0000,0.0000,0.0000,0.0000
2024-02-07 17:00:00+00:00,0.0000,0.0000,0.0000,0.0000,0.0000
2024-02-07 18:00:00+00:00,0.0000,0.0000,0.0000,0.0000,0.0000
2024-02-07 19:00:00+00:00,0.3899,0.0000,0.0000,0.7486,0.0000
2024-02-07 20:00:00+00:00,0.0000,0.0000,0.0000,0.0000,0.0000
2024-02-07 21:00:00+00:00,0.0000,0.0000,0.0000,0.0000,0.0000
2024-02-07 22:00:00+00:00,0.0000,0.0000,0.0000,0.0000,0.0000
2024-02-07 23:00:00+00:00,0.0000,0.0000,0.0000,0.0000,0.0000
2024-02-08 00:00:00+00:00,0.0000,0.0000,0.0000,0.0000,0.0000
2024-02-08 01:00:00+00:00,0.0000,0.0000,0.0000,0.0000,0.0000
2024-02-08 02:00:00+00:00,0.0000,0.0000,0.0279,0.0000,0.0151
2024-02-08 03:00:00+00:00,0.0000,0.0000,0.0000,0.0000,5.9560
2024-02-08 04:00:00+00:00,0.0000,0.0000,0.0000,0.0000,0.2613
2024-02-08 05:00:00+00:00,0.0872,0.0255,0.0000,3.0109,0.4791
2024-02-08 06:00:00+00:00,0.0000,0.0000,0.0000,0.0000,4.3691
2024-02-08 07:00:00+00:00,0.6624,0.4840,0.1825,2.5246,23.1782
2024-02-08 08:00:00+00:00,0.0000,0.0000,0.0000,0.0000,17.4156
2024-02-08 09:00:00+00:00,0.0000,0.0000,0.0000,0.0589,14.2951
2024-02-08 10:00:00+00:00,0.0000,0.0000,0.0000,0.0000,4.3168
2024-02-08 11:00:00+00:00,0.1743,0.0000,0.0000,0.7088,6.4529
2024-02-08 12:00:00+00:00,0.0000,0.0000,0.1963,0.2966,22.0577
2024-02-08 13:00:00+00:00,0.2672,2.2457,3.1675,3.1098,7.3852
2024-02-08 14:00:00+00:00,0.0226,1.3997,2.5673,2.0164,8.7601
2024-02-08 15:00:00+00:00,1.6458,3.7691,4.3337,5.8312,13.2504
2024-02-08 16:00:00+00:00,3.9975,9.1148,9.0454,22.9123,15.1494
2024-02-08 17:00:00+00:00,2.7233,5.6526,4.5206,18.4940,6.7901
2024-02-08 18:00:00+00:00,0.1611,0.0000,0.0000,0.1375,9.3187
2024-02-08 19:00:00+00:00,0.0000,0.0000,0.0000,0.0610,14.5514
2024-02-08 20:00:00+00:00,0.0000,0.2162,0.2035,1.8367,7.8394
2024-02-08 21:00:00+00:00,0.1255,0.9047,0.9318,3.1630,17.1947
2024-02-08 22:00:00+00:00,4.5862,5.5386,6.1049,15.4121,28.2963
2024-02-08 23:00:00+00:00,9.4602,15.2486,13.7005,32.9578,50.7889
2024-02-09 00:00:00+00:00,11.7898,15.2997,13.5751,40.5935,54.3744
2024-02-09 01:00:00+00:00,9.4194,7.5511,13.3048,16.0002,53.6962
2024-02-09 02:00:00+00:00,41.9369,36.4594,39.6221,70.7933,72.6377
2024-02-09 03:00:00+00:00,62.0848,85.4969,71.3259,181.5597,64.1013
2024-02-09 04:00:00+00:00,73.9161,97.9498,91.9106,207.5983,74.3469
2024-02-09 05:00:00+00:00,77.7111,97.5391,82.0563,209.1177,79.6572
2024-02-09 06:00:00+00:00,79.3981,99.1659,90.9558,188.8193,79.7961
2024-02-09 07:00:00+00:00,80.9646,100.4625,104.8398,205.8472,77.6874
2024-02-09 08:00:00+00:00,80.3631,71.5544,49.8925,208.0544,77.7566
2024-02-09 09:00:00+00:00,81.0000,90.1729,105.8520,153.4666,78.8319
2024-02-09 10:00:00+00:00,80.7265,93.4813,87.4811,197.4395,79.0326
2024-02-09 11:00:00+00:00,80.5285,98.4278,95.6168,207.6548,79.3329
2024-02-09 12:00:00+00:00,80.6785,98.2664,101.6204,209.0606,79.0949
2024-02-09 13:00:00+00:00,55.2032,41.7842,52.4180,146.6293,78.8458
2024-02-09 14:00:00+00:00,66.7135,73.5763,90.8186,175.0770,78.0891
2024-02-09 15:00:00+00:00,50.5974,31.4173,35.9429,78.8282,78.1025
2024-02-09 16:00:00+00:00,75.9815,75.1154,59.9743,184.0764,63.7328
2024-02-09 17:00:00+00:00,51.9981,42.0649,31.8940,140.3067,42.3699
2024-02-09 18:00:00+00:00,48.4414,9.1655,8.3670,54.4307,41.2353
2024-02-09 19:00:00+00:00,22.2952,6.9762,10.9873,18.3304,31.6863
2024-02-09 20:00:00+00:00,30.1550,22.0604,22.7922,38.5619,20.8493
2024-02-09 21:00:00+00:00,41.7347,44.0329,39.8347,96.9364,55.1708
2024-02-09 22:00:00+00:00,55.7001,59.2623,42.5672,151.2538,76.1952
2024-02-09 23:00:00+00:00,76.0959,79.9645,72.8214,198.3585,79.0230
2024-02-10 00:00:00+00:00,76.0339,87.0550,89.5492,213.1643,77.6739
2024-02-10 01:00:00+00:00,78.4613,96.9778,101.1002,214.2517,71.6870
2024-02-10 02:00:00+00:00,58.2070,87.4110,94.1041,196.2334,78.3934
2024-02-10 03:00:00+00:00,74.3443,84.8640,85.1387,208.6846,67.9280
2024-02-10 04:00:00+00:00,80.0542,98.5593,106.3182,214.8120,65.1230
2024-02-10 05:00:00+00:00,65.8847,84.4572,101.3357,188.6545,77.6573
2024-02-10 06:00:00+00:00,79.5458,98.8040,106.3207,208.2462,79.2328
2024-02-10 07:00:00+00:00,79.8620,99.1517,105.6006,209.2657,79.9000
2024-02-10 08:00:00+00:00,80.4207,97.7891,104.2310,212.0423,79.8271
2024-02-10 09:00:00+00:00,80.8976,100.3404,106.1627,215.1637,79.8386
2024-02-10 10:00:00+00:00,78.4798,97.2031,101.5895,214.0796,79.5234
2024-02-10 11:00:00+00:00,78.8813,94.6775,100.1612,208.9186,74.6830
2024-02-10 12:00:00+00:00,63.6298,69.9356,71.2084,196.6687,76.2350
2024-02-10 13:00:00+00:00,62.7173,62.4387,74.9181,150.4297,75.5714
2024-02-10 14:00:00+00:00,59.6452,66.2967,68.0246,174.6594,75.8122
2024-02-10 15:00:00+00:00,77.5155,59.1430,67.6568,152.1470,78.8073
2024-02-10 16:00:00+00:00,35.7527,17.2106,22.7385,64.0385,75.3179
2024-02-10 17:00:00+00:00,13.2582,26.4598,28.0430,51.6768,78.4978
2024-02-10 18:00:00+00:00,25.0390,29.0594,30.9591,76.4316,78.5099
2024-02-10 19:00:00+00:00,26.0972,17.4856,22.8575,47.5936,79.8579
2024-02-10 20:00:00+00:00,8.9433,5.4228,6.9781,15.6230,79.4314
2024-02-10 21:00:00+00:00,23.6105,10.5215,12.9947,35.5946,79.6638
2024-02-10 22:00:00+00:00,5.2311,7.9476,6.3435,27.7737,79.6513
2024-02-10 23:00:00+00:00,15.7532,19.9833,17.3828,67.4548,74.5431
2024-02-11 00:00:00+00:00,31.5714,35.3148,35.1756,96.4497,40.9531
2024-02-11 01:00:00+00:00,34.0003,42.7525,46.0672,104.0612,39.0459
2024-02-11 02:00:00+00:00,41.7903,43.5288,43.1573,131.9710,39.2410
2024-02-11 03:00:00+00:00,32.7811,38.2229,35.2689,114.5327,69.2574
2024-02-11 04:00:00+00:00,75.1809,86.4951,87.7768,205.6634,32.3905
2024-02-11 05:00:00+00:00,63.4843,74.0688,77.0285,184.5877,31.1280
2024-02-11 06:00:00+00:00,52.8518,60.4852,60.6163,169.0570,35.8175
2024-02-11 07:00:00+00:00,73.1808,85.3994,87.6377,205.2154,39.7466
2024-02-11 08:00:00+00:00,60.1195,67.3455,67.5744,191.0846,41.4508
2024-02-11 09:00:00+00:00,50.2404,57.3689,62.9611,149.0821,33.5471
2024-02-11 10:00:00+00:00,46.3052,56.9466,61.3920,133.7362,42.3764
2024-02-11 11:00:00+00:00,70.6329,79.7594,80.5310,202.9808,75.0706
2024-02-11 12:00:00+00:00,63.7058,75.2737,77.3544,188.2273,69.6830
2024-02-11 13:00:00+00:00,59.9368,74.8146,77.7511,182.3470,42.5012
2024-02-11 14:00:00+00:00,60.6842,73.0214,74.3153,188.5358,55.3719
2024-02-11 15:00:00+00:00,57.2179,64.5286,61.4911,182.0828,39.0062
2024-02-11 16:00:00+00:00,49.9470,54.3451,53.8452,144.3970,47.3552
2024-02-11 17:00:00+00:00,38.3413,46.9672,43.7576,123.0683,46.1473
2024-02-11 18:00:00+00:00,36.3137,51.1619,47.9209,122.7907,37.9941
2024-02-11 19:00:00+00:00,24.8843,38.6597,36.3068,91.2571,45.3925
2024-02-11 20:00:00+00:00,32.3038,39.2165,37.8333,97.1862,34.4530
2024-02-11 21:00:00+00:00,26.3552,33.9453,34.0825,82.4767,21.9552
2024-02-11 22:00:00+00:00,27.0523,29.4924,31.8325,77.2198,14.9771
2024-02-11 23:00:00+00:00,35.0080,42.5427,44.2940,100.4182,17.9938
2024-02-12 00:00:00+00:00,24.8468,35.0061,35.5024,81.0575,14.6126
2024-02-12 01:00:00+00:00,17.7757,26.3945,25.1571,63.9571,6.5688
2024-02-12 02:00:00+00:00,8.3944,10.7703,10.7968,29.0812,15.0046
2024-02-12 03:00:00+00:00,7.9221,10.4648,9.5768,27.3830,19.3421
2024-02-12 04:00:00+00:00,13.0922,18.3322,17.6879,44.3481,12.2052
2024-02-12 05:00:00+00:00,13.0334,20.9246,22.4293,51.8734,5.1418
2024-02-12 06:00:00+00:00,11.3639,18.4684,17.9679,40.1867,7.0220
2024-02-12 07:00:00+00:00,9.6304,17.1265,15.9002,37.7969,5.9079
2024-02-12 08:00:00+00:00,13.8499,18.0068,18.3924,44.6661,5.4519
2024-02-12 09:00:00+00:00,14.5127,23.2519,23.1640,50.0429,4.2641
2024-02-12 10:00:00+00:00,15.0533,20.6091,20.8393,48.8902,7.1936
2024-02-12 11:00:00+00:00,13.4769,20.8858,19.7982,49.5055,2.3802
2024-02-12 12:00:00+00:00,16.8334,24.3694,23.6686,58.6932,0.2087
2024-02-12 13:00:00+00:00,14.3923,21.3522,20.4463,53.3480,2.0028
2024-02-12 14:00:00+00:00,7.2299,9.9338,9.9341,25.9020,0.1275
2024-02-12 15:00:00+00:00,8.2009,13.1759,12.9425,31.9586,1.4164
2024-02-12 16:00:00+00:00,9.6815,13.4002,13.1520,34.0858,0.0000
2024-02-12 17:00:00+00:00,5.5685,9.7570,9.8564,23.3287,0.7007
2024-02-12 18:00:00+00:00,10.9887,18.0856,19.2364,36.3262,2.9293
2024-02-12 19:00:00+00:00,9.9380,12.2176,12.3802,29.7575,1.6283
2024-02-12 20:00:00+00:00,6.2573,6.4643,5.8858,19.0019,4.8169
2024-02-12 21:00:00+00:00,3.8509,4.2393,3.5780,14.2471,7.1502
2024-02-12 22:00:00+00:00,4.5516,5.1562,4.8059,14.5336,0.5471
2024-02-12 23:00:00+00:00,1.5524,1.9889,1.1512,9.0120,0.0081
2024-02-13 00:00:00+00:00,2.5488,1.2096,1.3098,6.9158,0.0000
2024-02-13 01:00:00+00:00,0.8590,0.1445,0.0000,2.6810,0.0000
2024-02-13 02:00:00+00:00,0.6506,0.2867,0.0000,5.8068,0.0000
2024-02-13 03:00:00+00:00,0.0000,0.0000,0.0000,0.0000,0.0000
2024-02-13 04:00:00+00:00,0.8844,0.5451,0.1014,3.9232,0.0000
2024-02-13 05:00:00+00:00,1.2207,0.0929,0.0000,3.4387,0.0000
2024-02-13 06:00:00+00:00,0.0000,0.0000,0.0000,0.0000,0.0000
2024-02-13 07:00:00+00:00,0.0000,0.0000,0.0000,0.0000,0.0000
2024-02-13 08:00:00+00:00,0.0000,0.0000,0.0000,0.0000,0.0000
2024-02-13 09:00:00+00:00,0.0000,0.0000,0.0000,0.0000,0.0000
2024-02-13 10:00:00+00:00,0.0000,0.0000,0.0000,0.0000,2.0175
2024-02-13 11:00:00+00:00,0.0000,0.0000,0.0000,0.0000,1.3159
2024-02-13 12:00:00+00:00,6.7544,5.1069,3.0303,21.5546,0.4490
2024-02-13 13:00:00+00:00,0.3725,0.0168,0.0000,1.5801,3.2595
2024-02-13 14:00:00+00:00,0.0000,0.0000,0.0000,0.0000,0.4709
2024-02-13 15:00:00+00:00,0.0000,0.0000,0.0000,0.0000,0.9657
2024-02-13 16:00:00+00:00,0.0000,0.0000,0.0000,0.0000,0.9076
2024-02-13 17:00:00+00:00,0.1161,0.0000,0.0000,0.2125,14.9478
2024-02-13 18:00:00+00:00,0.0000,0.0000,0.0000,0.0000,6.2312
2024-02-13 19:00:00+00:00,0.0000,0.0000,0.0000,0.2050,3.1647
2024-02-13 20:00:00+00:00,6.2953,4.7602,4.9089,17.3929,7.5444
2024-02-13 21:00:00+00:00,6.6299,6.5796,5.6306,20.9225,53.2161
2024-02-13 22:00:00+00:00,13.6679,12.6368,12.5221,36.3025,43.3294
2024-02-13 23:00:00+00:00,5.9303,4.7653,3.8285,17.9466,19.7730
2024-02-14 00:00:00+00:00,3.8974,8.3971,5.9103,22.9593,22.9144
2024-02-14 01:00:00+00:00,5.6153,6.2139,4.2430,22.3013,51.0860
2024-02-14 02:00:00+00:00,26.4109,22.6605,35.8911,62.2910,26.1589
2024-02-14 03:00:00+00:00,36.0205,29.3375,34.4702,84.7120,79.8438
2024-02-14 04:00:00+00:00,33.1431,34.5444,43.3352,84.2686,78.3713
2024-02-14 05:00:00+00:00,52.4828,45.6528,52.4431,129.3686,78.7952
2024-02-14 06:00:00+00:00,72.4350,65.7349,64.1072,197.0899,77.0468
2024-02-14 07:00:00+00:00,69.8029,66.4268,71.5762,162.7495,74.2318
2024-02-14 08:00:00+00:00,45.8173,39.3973,46.0481,121.2582,73.3669
2024-02-14 09:00:00+00:00,55.5188,49.6298,56.5211,133.8887,60.8409
2024-02-14 10:00:00+00:00,68.6932,64.5001,66.8524,184.3560,44.3829
2024-02-14 11:00:00+00:00,73.5889,72.3882,73.4578,197.1181,35.2619
2024-02-14 12:00:00+00:00,69.5397,64.7549,68.4359,185.1860,42.0127
2024-02-14 13:00:00+00:00,74.1815,82.1510,81.8984,202.5662,21.4908
2024-02-14 14:00:00+00:00,77.5958,89.3020,94.0145,209.6535,28.7788
2024-02-14 15:00:00+00:00,78.6074,93.8203,99.2485,210.8777,34.4277
2024-02-14 16:00:00+00:00,80.6614,98.4294,103.5430,215.0923,39.4548
2024-02-14 17:00:00+00:00,81.0000,99.5217,104.9007,215.2000,59.4287
2024-02-14 18:00:00+00:00,81.0000,99.8642,105.3048,215.2000,75.6481
2024-02-14 19:00:00+00:00,80.7742,97.9287,102.8494,215.0150,76.3158
2024-02-14 20:00:00+00:00,81.0000,100.4850,106.2464,215.2000,77.8346
2024-02-14 21:00:00+00:00,81.0000,99.5840,104.8503,215.2000,77.4526
2024-02-14 22:00:00+00:00,81.0000,99.5322,105.4101,215.1431,70.7680
2024-02-14 23:00:00+00:00,80.9524,98.6847,102.9724,215.1496,75.8857
2024-02-15 00:00:00+00:00,80.9044,98.9563,104.4720,215.2000,78.5869
2024-02-15 01:00:00+00:00,81.0000,99.3721,105.9976,215.0839,76.9216
2024-02-15 02:00:00+00:00,80.7713,99.5440,104.3417,215.1894,77.5355
2024-02-15 03:00:00+00:00,78.7543,88.6505,97.0059,210.4096,75.4486
2024-02-15 04:00:00+00:00,70.2855,71.0895,74.8220,205.1890,71.3585
2024-02-15 05:00:00+00:00,61.6387,66.2480,77.0108,178.7233,52.1075
2024-02-15 06:00:00+00:00,57.5081,57.4779,62.1953,172.4451,46.2352
2024-02-15 07:00:00+00:00,43.9275,45.6280,49.3025,135.7002,25.1143
2024-02-15 08:00:00+00:00,16.8400,18.9620,18.2447,63.1600,11.5815
2024-02-15 09:00:00+00:00,12.7583,13.1872,13.1545,42.5022,0.0000
2024-02-15 10:00:00+00:00,11.2484,14.7004,13.8534,39.9477,0.0000
2024-02-15 11:00:00+00:00,7.8739,11.5729,11.3920,30.7447,0.0000
2024-02-15 12:00:00+00:00,11.7221,19.3433,18.2514,49.5751,8.0254
2024-02-15 13:00:00+00:00,6.3412,6.8539,6.1020,19.2232,4.1735
2024-02-15 14:00:00+00:00,4.3146,3.5335,2.7125,12.3536,0.5420
2024-02-15 15:00:00+00:00,4.2332,3.2515,3.1625,9.1533,0.6231
2024-02-15 16:00:00+00:00,1.3760,1.4050,1.2835,3.4527,1.4118
2024-02-15 17:00:00+00:00,0.5849,0.2216,1.1624,0.1872,0.0505
2024-02-15 18:00:00+00:00,0.0000,0.0000,0.0000,0.0000,5.0060
2024-02-15 19:00:00+00:00,0.0000,0.0000,0.0000,0.0000,18.1630
2024-02-15 20:00:00+00:00,1.5829,0.6527,0.2680,3.5410,16.3061
2024-02-15 21:00:00+00:00,5.5700,9.3478,9.9462,20.8676,53.0376
2024-02-15 22:00:00+00:00,19.9205,41.7056,36.8150,90.5433,79.8863
2024-02-15 23:00:00+00:00,20.1184,55.9962,49.4020,112.8709,50.9632
2024-02-16 00:00:00+00:00,21.9882,43.5452,53.6413,84.6532,71.7288
2024-02-16 01:00:00+00:00,9.5356,27.3110,21.5357,63.6175,73.3896
2024-02-16 02:00:00+00:00,13.0948,38.1094,30.1203,80.7131,78.9552
2024-02-16 03:00:00+00:00,16.6009,50.1089,39.3321,107.4695,78.1035
2024-02-16 04:00:00+00:00,15.2243,52.0368,34.2843,124.5531,79.9000
2024-02-16 05:00:00+00:00,8.7317,38.2746,27.7491,81.8755,79.9000
2024-02-16 06:00:00+00:00,1.8891,13.3020,6.4516,29.5671,79.8918
2024-02-16 07:00:00+00:00,0.0000,1.1549,0.7932,3.5069,78.3885
2024-02-16 08:00:00+00:00,11.4711,10.4944,10.9434,31.3501,77.7274
2024-02-16 09:00:00+00:00,32.7306,31.9276,34.7105,88.7678,73.7113
2024-02-16 10:00:00+00:00,31.2836,25.6846,25.5422,81.7006,73.5321
2024-02-16 11:00:00+00:00,35.4731,28.1905,31.4321,91.4997,76.3601
2024-02-16 12:00:00+00:00,20.9157,16.8848,16.5184,58.7711,69.2525
2024-02-16 13:00:00+00:00,58.2923,56.9414,60.9437,147.8002,75.8519
2024-02-16 14:00:00+00:00,32.8907,29.1651,28.3366,88.7876,79.0810
2024-02-16 15:00:00+00:00,48.2958,46.9892,48.2039,127.3712,79.4235
2024-02-16 16:00:00+00:00,53.9364,55.8136,53.7853,168.1324,77.1830
2024-02-16 17:00:00+00:00,42.4470,44.1589,46.2641,115.6976,67.9551
2024-02-16 18:00:00+00:00,56.1396,57.5316,62.7931,154.2578,63.7293
2024-02-16 19:00:00+00:00,45.7099,44.8645,44.9357,126.4023,41.7397
2024-02-16 20:00:00+00:00,52.3698,65.2250,61.0482,170.3818,44.6774
2024-02-16 21:00:00+00:00,65.1446,70.3257,71.0790,181.3230,54.8096
2024-02-16 22:00:00+00:00,34.6581,40.5015,39.1192,113.3375,32.0945
2024-02-16 23:00:00+00:00,47.7845,51.4194,51.5646,157.3575,27.0819
2024-02-17 00:00:00+00:00,44.3777,49.8809,59.3314,118.5145,29.0305
2024-02-17 01:00:00+00:00,22.4457,33.2356,33.0656,82.7259,37.5310
2024-02-17 02:00:00+00:00,16.8822,25.9378,23.5239,73.9004,19.5631
2024-02-17 03:00:00+00:00,16.1523,20.4332,20.7942,55.3809,14.0054
2024-02-17 04:00:00+00:00,8.7266,11.8166,11.5741,34.9561,23.7177
2024-02-17 05:00:00+00:00,4.6365,4.1157,2.9381,20.6003,9.8251
2024-02-17 06:00:00+00:00,2.4466,3.6276,1.4137,19.8077,12.3077
2024-02-17 07:00:00+00:00,1.0788,2.4234,0.5583,14.4715,9.0450
2024-02-17 08:00:00+00:00,3.8036,5.8033,3.8657,24.4581,5.8185
2024-02-17 09:00:00+00:00,4.8890,5.4621,3.7339,24.3586,2.5771
2024-02-17 10:00:00+00:00,10.7239,12.0508,11.1690,38.3529,0.5240
2024-02-17 11:00:00+00:00,8.1655,7.7765,6.7826,33.1170,7.5997
2024-02-17 12:00:00+00:00,6.3278,10.6013,10.7535,30.1853,7.2461
2024-02-17 13:00:00+00:00,30.6299,31.6502,29.6198,103.8170,2.6455
2024-02-17 14:00:00+00:00,11.9647,16.6425,13.0944,48.8373,1.4576
2024-02-17 15:00:00+00:00,23.1328,25.0165,24.6286,73.6813,4.3404
2024-02-17 16:00:00+00:00,25.3987,26.9093,26.0448,74.2761,4.4136
2024-02-17 17:00:00+00:00,20.4655,21.0149,19.8525,61.0851,7.2840
2024-02-17 18:00:00+00:00,9.7897,8.8321,7.5430,29.2343,17.3758
2024-02-17 19:00:00+00:00,18.2255,21.9247,22.0253,47.6669,58.3942
2024-02-17 20:00:00+00:00,16.7037,21.0921,20.0857,50.8516,59.0028
2024-02-17 21:00:00+00:00,37.3882,46.1548,44.0064,112.1522,67.0516
2024-02-17 22:00:00+00:00,20.7050,22.2129,21.7810,60.4036,77.0058
2024-02-17 23:00:00+00:00,19.0504,18.2084,20.3985,45.8284,79.3486
2024-02-18 00:00:00+00:00,18.4525,24.0724,25.3538,55.9612,79.2474
2024-02-18 01:00:00+00:00,25.5814,29.9151,29.7677,85.2851,79.9000
2024-02-18 02:00:00+00:00,22.2268,30.5336,30.4605,80.1210,79.8702
2024-02-18 03:00:00+00:00,33.0650,45.6468,46.8749,110.0429,74.1409
2024-02-18 04:00:00+00:00,39.1250,42.0206,40.2028,126.6686,16.4090
2024-02-18 05:00:00+00:00,26.8411,22.9962,26.4395,67.8858,0.0506
2024-02-18 06:00:00+00:00,30.0426,31.9997,41.9223,70.5469,10.5081
2024-02-18 07:00:00+00:00,19.7023,30.1850,29.2605,76.8074,24.9860
2024-02-18 08:00:00+00:00,23.4846,29.7620,35.1318,64.0353,52.0882
2024-02-18 09:00:00+00:00,26.8085,32.1810,33.2769,77.0294,79.3610
2024-02-18 10:00:00+00:00,39.4555,42.1800,46.0610,102.0763,79.9000
2024-02-18 11:00:00+00:00,51.1189,43.6217,58.4323,117.4879,79.9000
2024-02-18 12:00:00+00:00,78.3597,98.4540,105.0576,207.8529,79.9000
2024-02-18 13:00:00+00:00,79.8947,99.2114,105.1243,213.4086,79.8370
2024-02-18 14:00:00+00:00,79.9070,97.1936,103.5209,211.7091,79.6375
2024-02-18 15:00:00+00:00,76.6851,83.5679,93.4549,196.5460,79.8373
2024-02-18 16:00:00+00:00,78.2411,96.0164,102.6645,208.3034,79.8936
2024-02-18 17:00:00+00:00,80.9934,99.8141,106.3289,215.0824,79.9000
2024-02-18 18:00:00+00:00,81.0000,100.4987,106.5000,215.0546,79.8948
2024-02-18 19:00:00+00:00,81.0000,100.5000,106.5000,215.2000,79.4672
2024-02-18 20:00:00+00:00,81.0000,100.5000,106.5000,215.2000,79.9000
2024-02-18 21:00:00+00:00,81.0000,100.5000,106.5000,215.2000,79.9000
2024-02-18 22:00:00+00:00,80.6188,99.6161,106.0497,215.0081,79.9000
2024-02-18 23:00:00+00:00,76.4560,95.8885,101.3279,209.8096,79.9000
2024-02-19 00:00:00+00:00,76.5369,96.0154,99.8261,209.6882,79.9000
2024-02-19 01:00:00+00:00,81.0000,100.5000,106.4296,215.2000,79.9000
2024-02-19 02:00:00+00:00,79.3924,98.5907,104.1683,214.3425,79.9000
2024-02-19 03:00:00+00:00,79.9283,97.3511,103.0209,214.6177,77.1363
2024-02-19 04:00:00+00:00,30.6418,27.0939,30.8931,76.3727,79.5860
2024-02-19 05:00:00+00:00,31.9116,34.6063,40.8173,79.8234,79.9000
2024-02-19 06:00:00+00:00,66.8537,66.3078,77.3990,163.4842,79.6260
2024-02-19 07:00:00+00:00,76.7620,68.0526,89.3717,163.7020,78.9723
2024-02-19 08:00:00+00:00,76.9880,80.1988,88.0881,197.0157,76.4251
2024-02-19 09:00:00+00:00,64.0477,75.4792,80.1720,194.3562,74.5129
2024-02-19 10:00:00+00:00,65.6952,59.9004,64.8032,169.2770,16.5616
2024-02-19 11:00:00+00:00,47.2354,51.5437,51.6543,137.4159,15.4299
2024-02-19 12:00:00+00:00,35.9641,41.1996,41.0412,113.0154,7.3652
2024-02-19 13:00:00+00:00,35.3572,43.1839,40.6826,114.4676,6.3899
2024-02-19 14:00:00+00:00,51.0934,56.2485,56.5177,147.3144,7.3727
2024-02-19 15:00:00+00:00,46.3895,57.3558,54.7645,148.9802,13.7883
2024-02-19 16:00:00+00:00,35.3425,40.9410,39.0716,108.6978,9.8859
2024-02-19 17:00:00+00:00,27.2190,30.0501,31.7651,76.1119,11.5432
2024-02-19 18:00:00+00:00,29.9116,32.5410,32.5947,86.1277,16.1935
2024-02-19 19:00:00+00:00,42.6106,46.6610,49.6714,117.0229,28.1950
2024-02-19 20:00:00+00:00,46.4255,52.7535,52.4570,138.8891,34.5721
2024-02-19 21:00:00+00:00,58.6591,67.0998,66.8927,173.7425,21.4154
2024-02-19 22:00:00+00:00,37.1071,45.4314,45.1963,114.8039,15.0452
2024-02-19 23:00:00+00:00,31.4861,34.4451,30.8448,100.9376,5.2566
2024-02-20 00:00:00+00:00,23.7327,32.6695,26.5956,98.0397,7.6477
2024-02-20 01:00:00+00:00,16.8287,19.2193,15.1045,71.4642,30.6135
2024-02-20 02:00:00+00:00,12.0965,12.7942,12.8706,42.8534,16.5493
2024-02-20 03:00:00+00:00,9.9627,14.5061,15.4776,39.3254,12.1746
2024-02-20 04:00:00+00:00,13.1636,12.2499,15.4353,38.7366,7.8592
2024-02-20 05:00:00+00:00,19.0617,21.2822,23.9645,57.3942,42.2599
2024-02-20 06:00:00+00:00,12.9741,16.8943,18.2801,40.1846,44.3636
2024-02-20 07:00:00+00:00,16.7928,21.6674,20.7810,53.9331,16.2425
2024-02-20 08:00:00+00:00,14.7123,20.5252,18.3533,51.2734,58.4633
2024-02-20 09:00:00+00:00,10.4145,13.2479,13.0591,30.5974,63.8064
2024-02-20 10:00:00+00:00,8.5798,6.8761,9.1946,16.0414,40.8580
2024-02-20 11:00:00+00:00,4.2122,3.8815,1.4048,21.0356,33.5609
2024-02-20 12:00:00+00:00,3.2397,3.1538,1.5005,16.3962,64.7790
2024-02-20 13:00:00+00:00,0.0000,0.0000,0.0000,0.0000,34.2730
2024-02-20 14:00:00+00:00,0.0000,0.0000,0.0000,0.0000,10.0913
2024-02-20 15:00:00+00:00,0.1259,0.0000,0.0000,0.0000,2.4975
2024-02-20 16:00:00+00:00,0.2528,0.0000,0.0000,0.0000,0.0457
2024-02-20 17:00:00+00:00,5.4809,1.3121,1.8022,6.9611,0.4318
2024-02-20 18:00:00+00:00,2.6898,0.7553,0.9240,3.1889,0.0164
2024-02-20 19:00:00+00:00,3.1063,0.9253,1.3043,3.7228,0.0000
2024-02-20 20:00:00+00:00,2.2269,0.4924,0.3116,3.3844,0.0000
2024-02-20 21:00:00+00:00,0.1856,0.0000,0.0000,0.1240,0.0000
2024-02-20 22:00:00+00:00,0.0000,0.0000,0.0000,0.0000,0.0000
2024-02-20 23:00:00+00:00,0.0000,0.0000,0.0000,0.0000,0.0000
2024-02-21 00:00:00+00:00,2.3279,0.3657,0.6353,0.8496,0.2383
2024-02-21 01:00:00+00:00,4.6240,1.0941,2.0020,2.5982,1.3677
2024-02-21 02:00:00+00:00,3.6948,0.8283,1.6040,2.9487,21.0633
2024-02-21 03:00:00+00:00,4.0766,2.7688,3.7927,8.9533,27.8399
2024-02-21 04:00:00+00:00,12.4099,15.0260,17.5127,26.4208,44.6885
2024-02-21 05:00:00+00:00,15.2547,19.1408,26.3859,27.9839,53.6005
2024-02-21 06:00:00+00:00,13.2690,14.7789,25.3499,22.3998,52.7754
2024-02-21 07:00:00+00:00,19.9181,19.8148,37.7053,25.4659,66.8009
2024-02-21 08:00:00+00:00,20.7228,25.5173,36.5289,27.3537,65.3656
2024-02-21 09:00:00+00:00,28.8492,27.6122,36.5221,33.3435,70.3503
2024-02-21 10:00:00+00:00,49.6433,47.4238,44.6802,109.9267,78.2738
2024-02-21 11:00:00+00:00,55.7858,55.4777,47.1740,169.6633,67.6742
2024-02-21 12:00:00+00:00,49.0562,48.5867,51.7941,118.7328,78.7346
2024-02-21 13:00:00+00:00,29.4040,40.0692,50.6924,52.2046,79.8447
2024-02-21 14:00:00+00:00,40.8820,39.5641,52.9658,56.1898,78.1353
2024-02-21 15:00:00+00:00,75.2497,82.2282,87.7743,145.3373,77.8487
2024-02-21 16:00:00+00:00,76.2953,33.1147,51.7918,78.8908,76.2954
2024-02-21 17:00:00+00:00,67.1210,11.5243,27.8348,34.2431,77.7594
2024-02-21 18:00:00+00:00,53.3894,39.9085,60.8194,37.1498,70.3103
2024-02-21 19:00:00+00:00,20.9225,2.6970,7.3878,9.2757,33.9843
2024-02-21 20:00:00+00:00,27.7303,2.7079,8.8697,14.1202,55.4025
2024-02-21 21:00:00+00:00,31.7096,10.8066,19.1791,19.1148,56.6498
2024-02-21 22:00:00+00:00,60.7123,55.4692,62.2507,94.5983,64.4779
2024-02-21 23:00:00+00:00,76.8196,82.1197,84.2997,159.1379,78.9258
2024-02-22 00:00:00+00:00,80.1946,99.2644,102.1753,213.6916,79.4954
2024-02-22 01:00:00+00:00,80.8649,100.1808,103.7126,214.8740,78.6788
2024-02-22 02:00:00+00:00,81.0000,100.5000,106.3857,215.2000,79.8535
2024-02-22 03:00:00+00:00,80.8385,100.3161,104.7736,215.2000,69.7265
2024-02-22 04:00:00+00:00,80.7263,100.2220,103.3327,215.2000,78.7256
2024-02-22 05:00:00+00:00,80.7906,100.3466,104.7831,215.2000,78.7070
2024-02-22 06:00:00+00:00,80.8222,100.3547,103.6743,215.2000,69.4454
2024-02-22 07:00:00+00:00,80.7929,39.4854,59.9876,127.7335,75.7108
2024-02-22 08:00:00+00:00,78.9681,64.8545,54.6910,154.5267,79.1945
2024-02-22 09:00:00+00:00,80.8367,97.6968,102.6335,177.4516,79.7930
2024-02-22 10:00:00+00:00,80.9545,99.9507,104.9249,196.1524,78.3185
2024-02-22 11:00:00+00:00,81.0000,100.3322,105.1165,214.0318,79.8586
2024-02-22 12:00:00+00:00,81.0000,86.5194,82.5971,200.4623,79.7948
2024-02-22 13:00:00+00:00,80.8307,46.6214,41.0667,137.0250,78.7346
2024-02-22 14:00:00+00:00,74.9933,73.5799,55.1056,173.7327,77.0338
2024-02-22 15:00:00+00:00,64.5556,43.9695,64.7961,111.3322,25.3767
2024-02-22 16:00:00+00:00,33.3605,15.7209,18.6763,57.1249,43.5762
2024-02-22 17:00:00+00:00,9.7873,2.0230,3.1395,8.3517,48.4271
2024-02-22 18:00:00+00:00,4.9264,3.0099,5.2355,4.5020,63.5479
2024-02-22 19:00:00+00:00,17.6014,11.3296,15.6706,23.7516,73.6106
2024-02-22 20:00:00+00:00,20.6354,18.5022,21.9235,38.5511,63.7787
2024-02-22 21:00:00+00:00,16.3063,3.6898,5.5122,19.2833,52.8896
2024-02-22 22:00:00+00:00,25.3653,12.5180,17.4084,27.8199,50.3401
2024-02-22 23:00:00+00:00,38.5632,23.4508,27.7853,67.9724,31.5264
2024-02-23 00:00:00+00:00,46.6333,34.1754,37.6407,89.1016,38.9906
2024-02-23 01:00:00+00:00,39.9515,35.9325,36.4730,96.5625,28.6301
2024-02-23 02:00:00+00:00,23.0094,20.1465,24.0039,45.8670,67.6335
2024-02-23 03:00:00+00:00,33.0769,27.0900,40.5342,52.2705,54.5719
2024-02-23 04:00:00+00:00,23.2261,21.9699,24.7162,51.4789,51.0338
2024-02-23 05:00:00+00:00,23.8784,20.1329,23.8879,55.7117,40.8927
2024-02-23 06:00:00+00:00,17.6765,16.0139,17.1051,42.3483,25.3400
2024-02-23 07:00:00+00:00,20.2057,20.3830,21.0053,46.1588,26.3152
2024-02-23 08:00:00+00:00,18.6457,19.3428,17.9763,47.1599,12.5278
2024-02-23 09:00:00+00:00,17.2598,15.8373,15.0305,41.6988,24.4704
2024-02-23 10:00:00+00:00,20.0999,19.7681,17.6730,53.0334,14.7003
2024-02-23 11:00:00+00:00,20.1572,18.5551,16.0854,51.9473,17.5756
2024-02-23 12:00:00+00:00,9.2878,7.1908,6.1732,15.2122,15.0849
2024-02-23 13:00:00+00:00,9.0409,8.5990,7.2281,19.8687,12.2153
2024-02-23 14:00:00+00:00,8.5505,5.9581,6.4461,15.9069,3.0947
2024-02-23 15:00:00+00:00,13.0793,10.9625,11.3723,25.9336,2.7009
2024-02-23 16:00:00+00:00,10.5725,12.7476,12.5213,29.6177,16.7187
2024-02-23 17:00:00+00:00,8.9524,10.8017,11.4604,24.9474,12.9978
2024-02-23 18:00:00+00:00,12.1249,16.0485,17.4105,30.8604,23.4863
2024-02-23 19:00:00+00:00,7.9154,11.3780,12.7920,22.2870,28.0881
2024-02-23 20:00:00+00:00,2.6567,3.6768,3.2300,9.6349,26.4164
2024-02-23 21:00:00+00:00,7.6604,9.4072,10.3508,19.7438,29.0401
2024-02-23 22:00:00+00:00,15.9782,16.9393,18.7805,40.5221,32.3107
2024-02-23 23:00:00+00:00,26.4126,28.8032,31.1384,79.5792,26.0991
2024-02-24 00:00:00+00:00,30.1814,36.6629,38.5695,94.0359,42.9968
2024-02-24 01:00:00+00:00,30.1607,28.1807,28.1067,88.1843,42.5163
2024-02-24 02:00:00+00:00,34.4480,34.0195,35.2112,100.2263,43.4985
2024-02-24 03:00:00+00:00,28.2646,31.0198,30.9360,87.4298,30.2169
2024-02-24 04:00:00+00:00,50.0008,44.9711,45.8565,138.4714,46.8116
2024-02-24 05:00:00+00:00,20.1992,18.5412,18.2726,54.3834,47.7053
2024-02-24 06:00:00+00:00,14.4240,15.4445,15.8000,43.3748,44.0259
2024-02-24 07:00:00+00:00,17.4902,20.0676,21.2285,52.3289,49.5959
2024-02-24 08:00:00+00:00,19.5055,20.0806,20.9535,60.0682,55.3768
2024-02-24 09:00:00+00:00,19.1930,18.1904,19.4626,54.9848,44.3598
2024-02-24 10:00:00+00:00,15.8513,16.0307,15.4462,46.6384,48.1084
2024-02-24 11:00:00+00:00,18.5939,18.6624,20.5459,52.2459,42.1214
2024-02-24 12:00:00+00:00,12.2245,11.7761,12.5176,35.0686,38.6115
2024-02-24 13:00:00+00:00,10.0390,9.6750,9.0716,32.3324,36.0436
2024-02-24 14:00:00+00:00,10.9032,8.7487,8.7822,28.0695,22.1989
2024-02-24 15:00:00+00:00,8.3184,6.7086,6.7133,22.6812,16.7726
2024-02-24 16:00:00+00:00,11.2255,11.7787,11.2195,35.9021,8.9936
2024-02-24 17:00:00+00:00,15.5620,16.7048,15.8667,47.5867,6.4796
2024-02-24 18:00:00+00:00,14.0337,13.8384,13.7225,40.0953,13.2237
2024-02-24 19:00:00+00:00,23.9779,24.3772,23.3360,72.1472,8.5271
2024-02-24 20:00:00+00:00,23.7226,24.1862,23.5416,67.8011,5.3493
2024-02-24 21:00:00+00:00,26.3829,26.8176,25.8287,77.4836,16.9250
2024-02-24 22:00:00+00:00,32.7719,31.8317,31.7131,94.6248,12.1205
2024-02-24 23:00:00+00:00,37.9866,38.8929,39.9527,105.5472,10.7063
2024-02-25 00:00:00+00:00,34.4962,40.2342,37.4728,105.4847,6.6330
2024-02-25 01:00:00+00:00,33.8166,33.2046,34.0178,96.7055,5.3050
2024-02-25 02:00:00+00:00,21.2596,24.0182,24.2461,59.9238,14.1310
2024-02-25 03:00:00+00:00,12.1593,13.9941,13.0607,46.8296,5.3882
2024-02-25 04:00:00+00:00,11.9773,11.6758,11.2238,35.6239,10.1853
2024-02-25 05:00:00+00:00,4.1797,3.4525,2.4203,13.8328,19.4722
2024-02-25 06:00:00+00:00,10.2477,10.5063,10.1167,31.1412,16.4653
2024-02-25 07:00:00+00:00,7.1676,7.1729,7.3897,21.6892,33.1692
2024-02-25 08:00:00+00:00,23.8356,24.5148,28.2386,43.2681,44.1675
2024-02-25 09:00:00+00:00,26.5079,28.5810,35.2052,49.2892,42.3384
2024-02-25 10:00:00+00:00,24.4780,29.6477,29.9528,71.4748,27.2555
2024-02-25 11:00:00+00:00,25.5650,27.6294,28.5525,63.2092,32.8409
2024-02-25 12:00:00+00:00,39.1759,47.1199,41.7819,118.3905,47.7588
2024-02-25 13:00:00+00:00,33.6323,37.8288,32.7927,102.0439,35.0007
2024-02-25 14:00:00+00:00,19.9195,19.8458,21.9954,42.0799,17.3420
2024-02-25 15:00:00+00:00,23.7012,28.9233,28.1646,62.5312,13.9964
2024-02-25 16:00:00+00:00,13.5605,13.4332,14.7366,28.8411,11.0416
2024-02-25 17:00:00+00:00,8.6762,8.1354,9.5360,16.8496,23.5444
2024-02-25 18:00:00+00:00,10.6139,7.6619,9.7005,16.3350,51.5730
2024-02-25 19:00:00+00:00,17.8752,14.4698,22.2955,22.5706,54.3403
2024-02-25 20:00:00+00:00,27.3722,35.7019,42.1612,58.3756,51.8943
2024-02-25 21:00:00+00:00,19.3725,17.3252,19.6923,38.5394,36.5664
2024-02-25 22:00:00+00:00,16.9890,7.4097,12.5563,18.9117,35.3496
2024-02-25 23:00:00+00:00,24.6680,14.6556,16.9564,41.8733,21.3555
2024-02-26 00:00:00+00:00,66.2208,52.6076,51.9187,131.1506,53.5016
2024-02-26 01:00:00+00:00,75.2227,69.6487,69.1808,171.4225,69.3384
2024-02-26 02:00:00+00:00,71.8671,72.9121,76.2946,166.4336,79.8456
2024-02-26 03:00:00+00:00,73.0969,94.7715,96.1251,198.2228,79.9000
2024-02-26 04:00:00+00:00,16.9819,7.3452,3.7955,51.4686,79.9000
2024-02-26 05:00:00+00:00,8.6030,2.4383,2.7155,14.6234,79.9000
2024-02-26 06:00:00+00:00,77.0765,39.5421,77.5228,113.8505,78.9067
2024-02-26 07:00:00+00:00,78.0356,75.5666,100.5954,178.8461,76.3538
2024-02-26 08:00:00+00:00,71.1181,85.6016,96.4579,201.0548,79.9000
2024-02-26 09:00:00+00:00,78.6137,97.6919,103.3142,213.6410,79.9000
2024-02-26 10:00:00+00:00,58.0195,67.6041,70.1905,167.8641,76.8552
2024-02-26 11:00:00+00:00,76.5212,69.7561,91.8388,165.6269,72.0635
2024-02-26 12:00:00+00:00,66.8087,20.7402,42.3759,77.0128,75.9681
2024-02-26 13:00:00+00:00,77.4249,84.6655,97.6931,187.5367,76.6688
2024-02-26 14:00:00+00:00,30.3323,32.6802,31.9914,96.1811,77.3429
2024-02-26 15:00:00+00:00,22.4941,18.2041,19.2608,56.2777,78.7970
2024-02-26 16:00:00+00:00,36.8771,40.0816,39.7150,105.0747,38.9585
2024-02-26 17:00:00+00:00,26.1273,20.6942,24.7978,52.1325,58.6704
2024-02-26 18:00:00+00:00,34.2809,32.4448,34.2213,83.1780,22.6118
2024-02-26 19:00:00+00:00,30.6844,34.4919,37.6412,81.1271,19.7904
2024-02-26 20:00:00+00:00,54.9527,66.9720,68.0954,163.8695,26.7972
2024-02-26 21:00:00+00:00,17.0303,25.0658,22.4203,60.9854,11.3662
2024-02-26 22:00:00+00:00,6.0440,10.6847,9.0047,27.9993,4.3855
2024-02-26 23:00:00+00:00,2.0148,1.7662,1.5821,7.3684,0.0000
2024-02-27 00:00:00+00:00,0.1301,0.0026,0.0000,2.4718,0.0000
2024-02-27 01:00:00+00:00,0.0000,0.0000,0.0000,0.0000,0.0000
2024-02-27 02:00:00+00:00,0.6698,0.2593,1.8480,0.2051,9.5168
2024-02-27 03:00:00+00:00,1.2309,5.2710,7.3866,6.9164,66.2964
2024-02-27 04:00:00+00:00,8.5784,7.9580,13.8426,15.6268,50.5620
2024-02-27 05:00:00+00:00,20.4509,13.1514,34.9166,17.0845,74.8718
2024-02-27 06:00:00+00:00,44.0855,42.6831,69.0520,49.5907,79.7496
2024-02-27 07:00:00+00:00,74.8182,83.1880,85.6592,113.3326,79.4946
2024-02-27 08:00:00+00:00,78.3722,90.9290,84.7305,167.1550,79.5237
2024-02-27 09:00:00+00:00,80.7729,99.4279,102.8728,215.0374,79.7402
2024-02-27 10:00:00+00:00,80.7821,99.5063,104.5426,215.2000,78.6725
2024-02-27 11:00:00+00:00,80.8312,99.1673,104.0873,215.0575,77.9222
2024-02-27 12:00:00+00:00,79.4212,97.1872,98.0419,214.9307,79.1746
2024-02-27 13:00:00+00:00,80.4658,98.8021,102.1423,215.2000,79.3656
2024-02-27 14:00:00+00:00,78.1612,94.3964,91.7039,212.3345,79.6408
2024-02-27 15:00:00+00:00,79.8401,93.6522,101.4124,195.5408,77.8792
2024-02-27 16:00:00+00:00,79.9354,100.3228,105.2862,211.2771,76.0234
2024-02-27 17:00:00+00:00,77.4142,97.6190,101.3785,208.7101,78.5412
2024-02-27 18:00:00+00:00,74.5577,96.1002,101.5631,192.4348,79.7220
2024-02-27 19:00:00+00:00,79.3676,99.6665,105.6366,209.4102,79.1315
2024-02-27 20:00:00+00:00,79.4325,99.6472,105.3828,213.5987,76.4234
2024-02-27 21:00:00+00:00,77.1466,98.8618,104.8318,207.6581,79.3060
2024-02-27 22:00:00+00:00,79.4992,100.3426,105.9983,212.5243,79.8857
2024-02-27 23:00:00+00:00,80.6876,100.4608,106.2195,207.7984,79.1872
2024-02-28 00:00:00+00:00,80.8771,100.3019,106.4925,188.8983,79.9000
2024-02-28 01:00:00+00:00,80.9655,100.5000,106.5000,214.9471,75.8625
2024-02-28 02:00:00+00:00,81.0000,100.5000,106.5000,215.2000,79.8859
2024-02-28 03:00:00+00:00,81.0000,100.5000,106.5000,215.1789,75.1776
2024-02-28 04:00:00+00:00,80.9627,98.3523,106.0398,213.0290,47.3009
2024-02-28 05:00:00+00:00,76.4752,90.9212,85.3163,205.6927,49.4782
2024-02-28 06:00:00+00:00,78.9920,93.8061,102.4813,181.0724,29.3656
2024-02-28 07:00:00+00:00,58.4984,50.1765,49.7030,158.7854,63.3292
2024-02-28 08:00:00+00:00,51.0845,41.7984,40.3604,127.8026,74.2439
2024-02-28 09:00:00+00:00,80.6047,100.1487,105.3761,215.1818,66.1038
2024-02-28 10:00:00+00:00,78.3855,96.4399,97.3557,210.7021,77.9101
2024-02-28 11:00:00+00:00,79.8753,99.1628,103.2627,214.1012,79.4312
2024-02-28 12:00:00+00:00,80.0322,100.4891,106.4684,206.1074,79.9000
2024-02-28 13:00:00+00:00,79.7869,99.0169,106.4858,209.7503,79.9000
2024-02-28 14:00:00+00:00,80.2669,100.2809,106.4686,207.1681,79.9000
2024-02-28 15:00:00+00:00,80.7508,100.5000,106.5000,213.3343,79.9000
2024-02-28 16:00:00+00:00,79.7984,100.4149,106.2136,214.2634,79.9000
2024-02-28 17:00:00+00:00,80.0150,99.0299,106.4365,212.5462,79.9000
2024-02-28 18:00:00+00:00,81.0000,100.5000,106.5000,215.2000,79.8456
2024-02-28 19:00:00+00:00,79.9200,100.4336,106.4872,214.8700,79.9000
2024-02-28 20:00:00+00:00,81.0000,100.5000,106.5000,215.2000,79.9000
2024-02-28 21:00:00+00:00,81.0000,100.5000,106.5000,215.2000,79.9000
2024-02-28 22:00:00+00:00,81.0000,100.5000,106.5000,215.2000,79.9000
2024-02-28 23:00:00+00:00,81.0000,100.5000,106.5000,215.2000,79.9000
2024-02-29 00:00:00+00:00,81.0000,100.5000,106.5000,215.2000,79.9000
2024-02-29 01:00:00+00:00,81.0000,100.5000,106.5000,215.2000,79.9000
2024-02-29 02:00:00+00:00,81.0000,100.5000,106.5000,215.2000,79.9000
2024-02-29 03:00:00+00:00,81.0000,100.5000,106.5000,215.2000,79.9000
2024-02-29 04:00:00+00:00,81.0000,100.5000,106.5000,215.2000,79.9000
2024-02-29 05:00:00+00:00,81.0000,100.5000,106.5000,215.2000,79.9000
2024-02-29 06:00:00+00:00,81.0000,100.5000,106.5000,215.2000,79.8678
2024-02-29 07:00:00+00:00,81.0000,100.4958,105.9078,215.2000,58.6344
2024-02-29 08:00:00+00:00,81.0000,100.4494,105.5119,215.2000,69.1708
2024-02-29 09:00:00+00:00,80.1727,97.2706,102.0608,215.0881,72.8649
2024-02-29 10:00:00+00:00,80.3033,97.3757,103.0767,213.5099,76.4065
2024-02-29 11:00:00+00:00,80.4737,98.3324,103.7232,214.9102,77.3263
2024-02-29 12:00:00+00:00,78.7581,93.9686,97.8927,210.3270,68.3939
2024-02-29 13:00:00+00:00,79.6055,98.4682,103.1094,215.0922,75.5270
2024-02-29 14:00:00+00:00,80.0639,97.2133,103.6563,211.9837,75.4466
2024-02-29 15:00:00+00:00,80.9695,99.1510,105.3185,214.7561,76.2961
2024-02-29 16:00:00+00:00,81.0000,100.0110,106.5000,214.6988,78.6669
2024-02-29 17:00:00+00:00,81.0000,100.5000,106.5000,215.2000,79.8977
2024-02-29 18:00:00+00:00,81.0000,100.5000,106.5000,215.2000,79.9000
2024-02-29 19:00:00+00:00,81.0000,100.5000,106.5000,215.2000,79.9000
2024-02-29 20:00:00+00:00,81.0000,100.5000,106.5000,215.2000,79.9000
2024-02-29 21:00:00+00:00,81.0000,100.5000,106.5000,215.2000,79.9000
2024-02-29 22:00:00+00:00,79.5414,97.5116,102.8773,213.0832,79.9000
2024-02-29 23:00:00+00:00,63.6349,73.7206,83.3949,170.0687,79.9000
2024-03-01 00:00:00+00:00,66.0478,74.1476,78.0184,184.5256,77.7615
2024-03-01 01:00:00+00:00,58.1299,64.4662,60.3544,190.7692,73.7535
2024-03-01 02:00:00+00:00,29.9193,25.6813,23.3921,92.9051,76.3330
2024-03-01 03:00:00+00:00,16.1153,22.9811,15.6022,80.0056,75.9751
2024-03-01 04:00:00+00:00,18.1179,18.7084,16.1982,63.5770,15.4846
2024-03-01 05:00:00+00:00,30.9775,25.6071,27.7386,78.3927,11.7922
2024-03-01 06:00:00+00:00,20.0697,19.4247,17.1294,65.8692,5.7860
2024-03-01 07:00:00+00:00,33.4861,37.8333,35.8730,114.5802,3.3640
2024-03-01 08:00:00+00:00,29.0788,39.3259,30.0388,109.6282,0.0639
2024-03-01 09:00:00+00:00,32.2106,35.0092,32.6070,104.9340,1.8186
2024-03-01 10:00:00+00:00,45.9569,51.7077,54.9671,130.3070,8.4474
2024-03-01 11:00:00+00:00,30.8729,31.1099,29.9326,91.6786,14.0199
2024-03-01 12:00:00+00:00,39.7908,38.3329,39.2432,98.5115,28.7560
2024-03-01 13:00:00+00:00,8.6184,9.1720,8.2018,26.7062,26.4780
2024-03-01 14:00:00+00:00,9.7542,10.7666,12.1437,20.9981,13.2448
2024-03-01 15:00:00+00:00,9.9446,9.7289,10.9099,21.1856,22.4730
2024-03-01 16:00:00+00:00,9.1005,6.7954,8.6323,16.9023,34.4714
2024-03-01 17:00:00+00:00,16.8176,14.3484,17.2250,32.5929,29.5371
2024-03-01 18:00:00+00:00,20.7053,14.5713,20.4345,35.0500,37.3348
2024-03-01 19:00:00+00:00,18.1025,10.3934,15.0612,26.4831,31.3858
2024-03-01 20:00:00+00:00,33.3748,17.5337,27.8869,43.2828,33.8593
2024-03-01 21:00:00+00:00,31.3611,30.7938,35.2697,66.0628,21.7052
2024-03-01 22:00:00+00:00,41.9185,35.4692,43.4833,75.1420,21.3191
2024-03-01 23:00:00+00:00,55.2607,54.4677,56.4881,131.9463,52.9841
2024-03-02 00:00:00+00:00,49.1001,58.4215,53.9034,161.5016,71.6241
2024-03-02 01:00:00+00:00,72.7392,62.1348,67.9537,167.1835,77.9003
2024-03-02 02:00:00+00:00,77.9864,86.9706,83.9971,209.2612,77.1631
2024-03-02 03:00:00+00:00,79.0402,79.4495,72.6825,208.5661,76.3375
2024-03-02 04:00:00+00:00,80.2673,96.0864,98.0820,213.2988,54.7775
2024-03-02 05:00:00+00:00,80.9099,99.1882,104.9389,211.5210,32.6367
2024-03-02 06:00:00+00:00,80.7505,64.8387,101.3035,144.3862,43.0698
2024-03-02 07:00:00+00:00,78.8948,80.4136,85.0653,201.7528,45.2257
2024-03-02 08:00:00+00:00,79.7912,94.4307,91.0148,213.7207,39.8383
2024-03-02 09:00:00+00:00,75.4621,86.6016,87.4625,211.6020,56.4643
2024-03-02 10:00:00+00:00,75.3189,81.9688,75.5469,210.8114,60.3491
2024-03-02 11:00:00+00:00,78.7697,96.5523,86.5337,212.9907,33.9408
2024-03-02 12:00:00+00:00,76.3373,91.6508,76.6887,210.6058,35.1345
2024-03-02 13:00:00+00:00,56.9186,56.7021,37.4058,147.1760,70.8805
2024-03-02 14:00:00+00:00,61.3886,56.3965,69.4054,136.2135,71.5026
2024-03-02 15:00:00+00:00,33.0399,33.7832,51.3319,60.2218,79.8113
2024-03-02 16:00:00+00:00,63.9437,68.6398,64.6005,131.8482,60.7615
2024-03-02 17:00:00+00:00,38.2556,19.4458,32.3263,46.9624,77.1540
2024-03-02 18:00:00+00:00,42.0466,16.5736,26.7151,37.2680,73.8592
2024-03-02 19:00:00+00:00,62.2438,26.5329,40.5455,68.1704,33.6856
2024-03-02 20:00:00+00:00,49.3053,23.3533,33.6485,58.2184,23.2760
2024-03-02 21:00:00+00:00,25.1479,16.8581,21.6969,37.6233,27.8141
2024-03-02 22:00:00+00:00,6.9211,3.9541,4.3463,10.8071,19.6898
2024-03-02 23:00:00+00:00,2.2480,0.1654,0.0000,0.9024,20.5638
2024-03-03 00:00:00+00:00,1.6202,0.6423,0.8159,1.8496,21.7173
2024-03-03 01:00:00+00:00,3.3730,5.1449,6.1592,11.0076,29.4979
2024-03-03 02:00:00+00:00,6.9726,1.8914,3.7971,2.7027,14.2726
2024-03-03 03:00:00+00:00,2.3803,0.1616,0.6969,0.5162,15.7437
2024-03-03 04:00:00+00:00,2.0924,0.5841,0.1103,3.3282,5.3775
2024-03-03 05:00:00+00:00,0.4549,0.5383,0.0673,6.1893,0.0000
2024-03-03 06:00:00+00:00,1.0994,2.2160,1.1561,10.6057,0.4709
2024-03-03 07:00:00+00:00,2.4936,5.3805,4.3248,12.8789,0.0000
2024-03-03 08:00:00+00:00,0.2360,0.4320,0.0774,1.8671,0.0000
2024-03-03 09:00:00+00:00,0.9908,1.6801,0.9253,6.1979,3.5781
2024-03-03 10:00:00+00:00,0.0000,0.0000,0.0000,0.0282,0.0000
2024-03-03 11:00:00+00:00,0.0000,0.0000,0.0000,0.0000,0.0000
2024-03-03 12:00:00+00:00,2.0633,0.5396,0.1402,4.1273,0.0000
2024-03-03 13:00:00+00:00,0.0064,0.0000,0.0000,0.0074,0.0000
2024-03-03 14:00:00+00:00,0.0000,0.0000,0.0000,0.0000,0.0000
2024-03-03 15:00:00+00:00,0.5104,0.0000,0.0000,1.3870,0.0000
2024-03-03 16:00:00+00:00,0.0014,0.0000,0.0000,0.0000,0.2722
2024-03-03 17:00:00+00:00,0.0000,0.0000,0.0000,0.0000,0.0000
2024-03-03 18:00:00+00:00,0.0000,0.0000,0.0000,0.0000,0.0000
2024-03-03 19:00:00+00:00,0.0000,0.0000,0.0000,0.0000,0.0000
2024-03-03 20:00:00+00:00,0.0000,0.0000,0.0000,0.0000,0.0000
2024-03-03 21:00:00+00:00,0.0000,0.0000,0.0000,0.0000,0.0000
2024-03-03 22:00:00+00:00,0.0000,0.0000,0.0000,0.0000,0.0000
2024-03-03 23:00:00+00:00,0.0000,0.0000,0.0000,0.0000,0.0000
2024-03-04 00:00:00+00:00,0.0000,0.0000,0.0000,0.0000,0.0505
2024-03-04 01:00:00+00:00,1.1987,0.0719,0.0324,0.4676,3.5106
2024-03-04 02:00:00+00:00,0.0612,0.0033,0.0968,0.1517,4.0627
2024-03-04 03:00:00+00:00,1.2990,2.2616,2.7269,2.9747,3.3629
2024-03-04 04:00:00+00:00,1.5922,6.7918,6.9616,8.9912,0.0909
2024-03-04 05:00:00+00:00,3.9758,12.7732,12.9831,20.9844,0.8858
2024-03-04 06:00:00+00:00,3.8008,9.6052,7.3996,23.6543,2.8866
2024-03-04 07:00:00+00:00,3.4259,7.8270,4.4931,24.2360,12.4394
2024-03-04 08:00:00+00:00,1.5833,0.4651,0.0000,4.1824,21.2565
2024-03-04 09:00:00+00:00,3.3748,1.9787,2.0568,9.5086,8.3562
2024-03-04 10:00:00+00:00,2.7617,2.5862,2.6308,6.2164,14.5113
2024-03-04 11:00:00+00:00,2.6468,4.6628,8.1118,10.0173,25.9744
2024-03-04 12:00:00+00:00,1.7993,7.6412,6.7201,20.1666,45.8082
2024-03-04 13:00:00+00:00,3.5111,7.6488,10.4334,20.2454,55.4185
2024-03-04 14:00:00+00:00,0.5968,1.2260,2.5187,7.9487,44.8664
2024-03-04 15:00:00+00:00,2.0831,5.1855,5.7640,28.2155,39.8960
2024-03-04 16:00:00+00:00,1.6062,0.7819,3.1125,5.9294,47.0374
2024-03-04 17:00:00+00:00,4.6429,0.9759,1.0343,3.3428,32.6380
2024-03-04 18:00:00+00:00,2.2893,0.1354,0.9039,2.0763,22.4927
2024-03-04 19:00:00+00:00,3.6064,2.2464,3.5492,5.3119,23.5346
2024-03-04 20:00:00+00:00,3.2814,3.5221,5.4300,3.5068,48.7784
2024-03-04 21:00:00+00:00,14.3330,14.5225,23.4640,42.4339,57.8379
2024-03-04 22:00:00+00:00,26.6215,27.9876,36.2320,64.1593,67.1983
2024-03-04 23:00:00+00:00,73.5030,72.3107,94.7211,138.4987,79.7523
2024-03-05 00:00:00+00:00,71.4455,77.3725,87.6587,123.9234,79.9000
2024-03-05 01:00:00+00:00,80.3161,100.4494,105.2015,206.5988,79.9000
2024-03-05 02:00:00+00:00,80.1111,100.2331,103.8338,213.9715,79.9000
2024-03-05 03:00:00+00:00,79.1290,99.3390,103.5942,209.8001,79.5267
2024-03-05 04:00:00+00:00,80.8007,100.4609,104.8535,215.2000,79.7931
2024-03-05 05:00:00+00:00,80.4617,99.6944,102.8227,213.5714,78.9958
2024-03-05 06:00:00+00:00,80.6496,100.4359,104.0293,214.6626,77.7995
2024-03-05 07:00:00+00:00,80.8198,100.4550,104.3237,215.0150,79.2687
2024-03-05 08:00:00+00:00,80.4559,100.2523,102.8474,214.5531,79.0344
2024-03-05 09:00:00+00:00,80.4272,100.1561,103.7443,213.4073,79.7241
2024-03-05 10:00:00+00:00,80.7253,100.3900,104.0104,214.1584,79.8791
2024-03-05 11:00:00+00:00,80.6442,96.8901,102.9526,202.0642,78.7409
2024-03-05 12:00:00+00:00,75.6233,80.7044,87.5853,158.7255,77.9015
2024-03-05 13:00:00+00:00,76.3320,85.3880,87.8611,158.5749,75.6982
2024-03-05 14:00:00+00:00,69.2039,47.7247,51.5239,112.7501,43.6927
2024-03-05 15:00:00+00:00,23.9873,6.0098,8.7064,27.7570,36.7859
2024-03-05 16:00:00+00:00,16.1571,7.1990,12.3455,22.1630,54.2141
2024-03-05 17:00:00+00:00,8.1380,8.0853,12.5099,18.5101,51.7072
2024-03-05 18:00:00+00:00,23.1213,22.3539,26.2738,45.6986,68.6526
2024-03-05 19:00:00+00:00,19.8836,18.3422,20.2354,44.0276,42.1329
2024-03-05 20:00:00+00:00,14.3977,11.1370,13.0559,22.8985,48.0674
2024-03-05 21:00:00+00:00,9.8779,6.7735,6.4720,17.6870,50.9893
2024-03-05 22:00:00+00:00,10.6991,7.7107,8.6425,14.5381,31.4010
2024-03-05 23:00:00+00:00,52.1586,30.3764,20.4887,83.6259,44.0751
2024-03-06 00:00:00+00:00,18.5316,2.7842,1.4699,23.2915,47.6570
2024-03-06 01:00:00+00:00,38.7168,19.8997,17.8728,47.4658,52.5862
2024-03-06 02:00:00+00:00,3.9402,1.8473,3.8869,1.3267,21.5539
2024-03-06 03:00:00+00:00,8.2161,14.7180,12.5695,39.2812,9.1940
2024-03-06 04:00:00+00:00,18.2307,28.2692,22.0104,90.2956,0.4685
2024-03-06 05:00:00+00:00,15.1561,17.7981,15.1437,52.4730,11.5157
2024-03-06 06:00:00+00:00,10.3993,14.1642,14.6818,34.6710,5.1337
2024-03-06 07:00:00+00:00,10.4827,8.0516,10.1070,21.5641,14.4265
2024-03-06 08:00:00+00:00,14.0014,14.9705,13.3382,42.3353,7.4543
2024-03-06 09:00:00+00:00,3.9122,2.4835,1.7893,8.7713,0.0000
2024-03-06 10:00:00+00:00,0.0000,0.0000,0.0000,0.9564,0.0000
2024-03-06 11:00:00+00:00,0.0000,0.0000,0.0000,0.0430,0.0000
2024-03-06 12:00:00+00:00,0.0000,0.0000,0.0000,0.0000,0.0000
2024-03-06 13:00:00+00:00,0.0000,0.0359,0.0000,0.9338,0.0000
2024-03-06 14:00:00+00:00,0.0000,0.2311,0.0000,1.6609,0.0000
2024-03-06 15:00:00+00:00,3.6948,5.6503,6.3628,12.8325,0.0000
2024-03-06 16:00:00+00:00,0.9951,1.0274,2.2254,0.7217,0.2564
2024-03-06 17:00:00+00:00,1.9659,1.7816,2.9589,1.9725,1.9431
2024-03-06 18:00:00+00:00,3.8939,5.5256,6.3881,12.8415,4.2406
2024-03-06 19:00:00+00:00,3.7112,3.9156,4.3510,8.4060,12.0691
2024-03-06 20:00:00+00:00,3.6827,8.2786,8.8211,14.8099,9.8768
2024-03-06 21:00:00+00:00,8.8520,10.8101,12.7878,22.5844,29.3331
2024-03-06 22:00:00+00:00,8.2849,9.7285,11.7975,20.2308,21.7469
2024-03-06 23:00:00+00:00,5.6795,7.4604,10.0788,13.8849,26.2253
2024-03-07 00:00:00+00:00,4.2928,7.2014,9.2655,12.3356,40.0712
2024-03-07 01:00:00+00:00,10.1756,16.7312,17.5871,35.1943,59.1812
2024-03-07 02:00:00+00:00,6.0720,11.0386,12.2238,25.3850,49.2327
2024-03-07 03:00:00+00:00,27.2065,28.4207,31.7282,72.4245,56.1580
2024-03-07 04:00:00+00:00,34.1530,39.1600,51.7357,77.0878,55.7237
2024-03-07 05:00:00+00:00,22.8538,26.2442,30.0931,62.2283,46.1396
2024-03-07 06:00:00+00:00,44.9438,68.5114,67.9405,156.6673,45.3879
2024-03-07 07:00:00+00:00,40.5828,49.2306,54.7823,116.9038,54.2011
2024-03-07 08:00:00+00:00,47.2124,63.4272,68.7783,150.7863,61.9827
2024-03-07 09:00:00+00:00,58.3058,72.3601,80.7476,166.5655,56.0279
2024-03-07 10:00:00+00:00,37.4220,43.1901,50.1901,101.2387,54.6154
2024-03-07 11:00:00+00:00,19.7672,24.2375,22.5764,83.7596,39.4929
2024-03-07 12:00:00+00:00,34.1720,34.6966,37.0232,109.3070,47.1814
2024-03-07 13:00:00+00:00,44.5719,55.9984,58.8836,139.8690,50.8147
2024-03-07 14:00:00+00:00,22.7234,26.8929,28.4503,66.6907,51.8150
2024-03-07 15:00:00+00:00,37.1834,39.4572,45.6246,93.5898,56.3599
2024-03-07 16:00:00+00:00,21.5700,22.5895,26.4151,55.1891,63.6548
2024-03-07 17:00:00+00:00,18.1191,23.5660,24.9374,53.4767,41.8117
2024-03-07 18:00:00+00:00,13.7638,15.7661,17.6177,38.0025,54.5352
2024-03-07 19:00:00+00:00,12.6960,12.8245,13.8350,33.9347,62.4015
2024-03-07 20:00:00+00:00,10.6274,11.6624,13.0668,27.4152,44.5945
2024-03-07 21:00:00+00:00,10.8556,12.4442,14.0004,28.4471,37.0907
2024-03-07 22:00:00+00:00,11.8717,14.4983,16.0965,33.2632,33.2246
2024-03-07 23:00:00+00:00,13.8833,15.7482,16.5506,42.9014,41.9849
2024-03-08 00:00:00+00:00,10.4013,13.3598,14.6449,34.5670,59.7172
2024-03-08 01:00:00+00:00,5.7379,7.9961,7.6133,19.8376,55.3986
2024-03-08 02:00:00+00:00,6.9217,16.6476,15.7456,33.5173,50.0811
2024-03-08 03:00:00+00:00,11.9872,24.0011,29.8159,37.6307,22.2801
2024-03-08 04:00:00+00:00,7.2699,6.2078,10.4372,13.8623,8.9583
2024-03-08 05:00:00+00:00,17.7566,16.6044,18.4311,51.8515,10.2723
2024-03-08 06:00:00+00:00,14.7710,19.1480,22.6746,41.3626,10.8407
2024-03-08 07:00:00+00:00,19.5875,24.5699,31.6507,49.9002,10.5772
2024-03-08 08:00:00+00:00,20.7463,34.1719,38.5869,64.4622,6.1204
2024-03-08 09:00:00+00:00,12.1358,19.2878,25.4995,29.7911,2.9348
2024-03-08 10:00:00+00:00,18.0540,25.7874,36.0990,39.7570,8.7682
2024-03-08 11:00:00+00:00,9.3352,16.4040,22.8644,22.6901,1.7695
2024-03-08 12:00:00+00:00,12.6550,19.0751,25.3672,30.1919,0.0873
2024-03-08 13:00:00+00:00,7.1947,10.4927,14.9596,15.7152,5.3360
2024-03-08 14:00:00+00:00,0.9065,1.1020,2.2096,0.8222,1.8958
2024-03-08 15:00:00+00:00,2.9680,3.5228,4.6132,5.0814,1.6540
2024-03-08 16:00:00+00:00,3.1396,2.8665,3.5454,5.9305,3.3209
2024-03-08 17:00:00+00:00,3.3305,2.7627,3.7123,5.7358,3.1329
2024-03-08 18:00:00+00:00,4.1583,3.5045,5.2705,6.6322,3.5984
2024-03-08 19:00:00+00:00,6.1677,6.2394,7.9812,12.6902,3.4830
2024-03-08 20:00:00+00:00,7.0794,8.9412,11.0537,15.0174,0.4039
2024-03-08 21:00:00+00:00,8.7063,10.2387,12.2452,21.0475,7.0141
2024-03-08 22:00:00+00:00,12.9006,16.3700,19.1815,32.3960,2.6455
2024-03-08 23:00:00+00:00,21.8373,29.9590,37.0735,60.6296,14.6501
2024-03-09 00:00:00+00:00,25.8237,42.5253,55.9997,76.6885,40.8880
2024-03-09 01:00:00+00:00,10.6541,41.3860,28.2215,84.9809,79.8414
2024-03-09 02:00:00+00:00,25.2230,80.7238,66.1063,152.9447,79.4773
2024-03-09 03:00:00+00:00,11.5045,49.2078,34.1906,102.3819,79.9000
2024-03-09 04:00:00+00:00,18.3439,25.4610,33.4459,68.8872,79.9000
2024-03-09 05:00:00+00:00,54.8323,63.5990,94.8812,122.4688,79.9000
2024-03-09 06:00:00+00:00,67.6297,72.2663,101.1797,119.7930,79.9000
2024-03-09 07:00:00+00:00,78.5861,89.9508,106.3312,142.1395,79.9000
2024-03-09 08:00:00+00:00,79.5562,91.6442,106.2227,172.4962,79.9000
2024-03-09 09:00:00+00:00,81.0000,26.7992,48.6588,90.4400,79.9000
2024-03-09 10:00:00+00:00,18.6776,1.9326,2.7186,9.6916,79.9000
2024-03-09 11:00:00+00:00,21.3518,0.7364,1.7531,6.2938,79.9000
2024-03-09 12:00:00+00:00,79.9772,6.3288,26.9587,43.0785,79.9000
2024-03-09 13:00:00+00:00,81.0000,74.4406,104.4198,190.6001,79.9000
2024-03-09 14:00:00+00:00,81.0000,91.5378,106.5000,182.1343,79.9000
2024-03-09 15:00:00+00:00,81.0000,83.1258,106.5000,141.5386,79.9000
2024-03-09 16:00:00+00:00,81.0000,86.7856,96.3525,208.7251,79.9000
2024-03-09 17:00:00+00:00,81.0000,99.9617,106.5000,215.1525,79.9000
2024-03-09 18:00:00+00:00,81.0000,100.4958,106.5000,214.5246,79.9000
2024-03-09 19:00:00+00:00,81.0000,100.5000,106.5000,215.2000,79.9000
2024-03-09 20:00:00+00:00,81.0000,100.5000,106.5000,215.2000,79.9000
2024-03-09 21:00:00+00:00,81.0000,100.2488,106.5000,213.5550,79.9000
2024-03-09 22:00:00+00:00,81.0000,100.5000,106.5000,215.2000,79.9000
2024-03-09 23:00:00+00:00,81.0000,100.5000,106.5000,215.1001,79.9000
2024-03-10 00:00:00+00:00,81.0000,100.5000,106.5000,215.2000,79.9000
2024-03-10 01:00:00+00:00,81.0000,100.5000,106.5000,215.2000,79.9000
2024-03-10 02:00:00+00:00,81.0000,100.2802,106.5000,211.3386,79.9000
2024-03-10 03:00:00+00:00,79.2008,33.5314,49.3793,114.2661,79.9000
2024-03-10 04:00:00+00:00,81.0000,98.1103,106.5000,178.9934,79.5577
2024-03-10 05:00:00+00:00,80.9831,98.7723,106.5000,202.1157,67.4825
2024-03-10 06:00:00+00:00,81.0000,100.4831,106.5000,215.0429,65.7198
2024-03-10 07:00:00+00:00,79.6624,100.3281,106.3166,214.3101,43.8370
2024-03-10 08:00:00+00:00,78.7704,96.2363,89.5880,212.8536,12.0418
2024-03-10 09:00:00+00:00,32.7534,53.4475,57.1445,100.5182,5.5079
2024-03-10 10:00:00+00:00,1.2824,2.2818,0.0000,15.5427,18.8129
2024-03-10 11:00:00+00:00,0.0000,0.0350,0.0000,4.0663,62.8091
2024-03-10 12:00:00+00:00,0.0000,0.0261,0.0000,3.1728,76.6392
2024-03-10 13:00:00+00:00,0.0000,0.0000,0.0000,0.0000,76.2996
2024-03-10 14:00:00+00:00,5.6584,2.9476,4.8336,3.5905,76.2870
2024-03-10 15:00:00+00:00,12.6499,7.2676,9.8768,18.4365,77.3192
2024-03-10 16:00:00+00:00,17.0785,15.7191,18.8927,33.7788,76.2639
2024-03-10 17:00:00+00:00,39.3152,33.1373,42.2532,75.8684,76.9159
2024-03-10 18:00:00+00:00,69.5628,56.8448,74.9295,136.7259,78.0919
2024-03-10 19:00:00+00:00,78.5028,90.3912,102.1411,192.7724,74.8310
2024-03-10 20:00:00+00:00,78.3980,94.5986,100.4913,211.0031,76.9390
2024-03-10 21:00:00+00:00,78.9891,96.4334,100.9679,213.8173,73.4279
2024-03-10 22:00:00+00:00,80.0971,97.7487,103.0303,215.0111,76.9889
2024-03-10 23:00:00+00:00,81.0000,99.0904,104.7455,215.1661,77.2902
2024-03-11 00:00:00+00:00,81.0000,100.4307,106.0477,215.2000,78.1840
2024-03-11 01:00:00+00:00,81.0000,100.5000,106.4357,215.2000,79.9000
2024-03-11 02:00:00+00:00,81.0000,100.4397,106.3280,215.2000,79.7604
2024-03-11 03:00:00+00:00,81.0000,100.5000,106.5000,215.2000,79.9000
2024-03-11 04:00:00+00:00,81.0000,100.5000,106.5000,215.2000,79.8589
2024-03-11 05:00:00+00:00,81.0000,100.3362,105.3580,215.2000,79.9000
2024-03-11 06:00:00+00:00,81.0000,100.5000,106.5000,215.2000,78.5358
2024-03-11 07:00:00+00:00,80.9920,99.5962,104.7866,215.2000,78.6135
2024-03-11 08:00:00+00:00,81.0000,99.8374,105.3639,215.2000,79.8815
2024-03-11 09:00:00+00:00,81.0000,99.9408,105.6654,215.2000,79.9000
2024-03-11 10:00:00+00:00,81.0000,98.7477,104.6347,215.1549,79.9000
2024-03-11 11:00:00+00:00,81.0000,100.5000,106.5000,215.2000,79.9000
2024-03-11 12:00:00+00:00,81.0000,100.5000,106.5000,215.2000,79.9000
2024-03-11 13:00:00+00:00,81.0000,100.5000,106.5000,215.2000,79.9000
2024-03-11 14:00:00+00:00,81.0000,100.5000,106.5000,215.2000,79.9000
2024-03-11 15:00:00+00:00,81.0000,100.5000,106.5000,215.2000,79.9000
2024-03-11 16:00:00+00:00,81.0000,100.5000,106.5000,215.2000,79.9000
2024-03-11 17:00:00+00:00,81.0000,100.5000,106.5000,215.2000,79.9000
2024-03-11 18:00:00+00:00,81.0000,100.5000,106.5000,215.2000,79.9000
2024-03-11 19:00:00+00:00,81.0000,100.5000,106.5000,215.2000,79.9000
2024-03-11 20:00:00+00:00,81.0000,100.5000,106.5000,215.2000,79.9000
2024-03-11 21:00:00+00:00,81.0000,100.5000,106.4728,215.2000,79.9000
2024-03-11 22:00:00+00:00,81.0000,100.4742,106.5000,215.1661,79.9000
2024-03-11 23:00:00+00:00,81.0000,100.5000,106.5000,215.1958,79.9000
2024-03-12 00:00:00+00:00,81.0000,100.5000,106.5000,215.2000,79.9000
2024-03-12 01:00:00+00:00,81.0000,100.5000,106.5000,215.2000,79.9000
2024-03-12 02:00:00+00:00,81.0000,98.9362,105.6547,215.1558,79.9000
2024-03-12 03:00:00+00:00,81.0000,99.0451,104.9156,215.1588,79.9000
2024-03-12 04:00:00+00:00,81.0000,96.7420,105.3020,211.4863,79.9000
2024-03-12 05:00:00+00:00,80.9185,95.7468,104.6768,212.6331,79.8904
2024-03-12 06:00:00+00:00,80.7943,91.2441,102.6073,211.4898,79.4848
2024-03-12 07:00:00+00:00,78.3637,85.0164,95.1551,203.0528,59.7184
2024-03-12 08:00:00+00:00,76.9717,73.9428,78.5039,204.1665,40.1599
2024-03-12 09:00:00+00:00,67.4505,60.5278,67.4053,182.8695,20.2003
2024-03-12 10:00:00+00:00,59.0210,59.1547,62.9564,173.6590,14.7340
2024-03-12 11:00:00+00:00,49.5656,43.7555,46.0339,142.5127,18.0363
2024-03-12 12:00:00+00:00,42.8708,41.2721,42.6276,128.1225,20.6008
2024-03-12 13:00:00+00:00,23.7490,23.5783,24.4716,75.4906,28.4766
2024-03-12 14:00:00+00:00,35.2849,33.1359,30.7380,103.2200,10.9575
2024-03-12 15:00:00+00:00,34.2032,36.8731,37.5386,99.7555,8.0742
2024-03-12 16:00:00+00:00,32.2002,34.0448,31.1680,103.5376,13.1748
2024-03-12 17:00:00+00:00,36.6131,39.6816,38.2638,112.9251,19.4431
2024-03-12 18:00:00+00:00,41.1586,45.2608,47.0411,119.4077,24.7439
2024-03-12 19:00:00+00:00,49.0502,58.8580,59.2933,154.7121,24.2043
2024-03-12 20:00:00+00:00,29.1122,40.8041,38.7355,114.7715,29.5244
2024-03-12 21:00:00+00:00,55.2841,66.2209,63.3729,191.0189,26.1788
2024-03-12 22:00:00+00:00,23.8933,23.9862,25.2571,76.1793,16.6466
2024-03-12 23:00:00+00:00,17.3784,18.9948,17.5247,69.8173,5.8147
2024-03-13 00:00:00+00:00,33.4435,33.2661,35.9948,110.6589,2.2551
2024-03-13 01:00:00+00:00,8.5961,3.3532,8.6627,10.5198,1.7153
2024-03-13 02:00:00+00:00,1.4521,0.0390,0.0004,4.9382,0.0219
2024-03-13 03:00:00+00:00,0.0000,0.0000,0.0000,0.0000,0.0000
2024-03-13 04:00:00+00:00,0.0000,0.0000,0.0000,0.0000,0.0000
2024-03-13 05:00:00+00:00,0.0000,0.0000,0.0000,0.0000,1.6004
2024-03-13 06:00:00+00:00,0.0000,0.0000,0.1750,0.0000,11.1413
2024-03-13 07:00:00+00:00,3.1111,6.7039,9.9422,6.9359,10.2859
2024-03-13 08:00:00+00:00,1.4369,9.7296,8.8218,19.9086,11.1362
2024-03-13 09:00:00+00:00,4.8178,13.9412,15.3146,30.3327,22.2354
2024-03-13 10:00:00+00:00,9.2406,21.4182,24.5015,46.4064,41.3208
2024-03-13 11:00:00+00:00,7.1705,8.8303,13.6838,24.0035,61.5235
2024-03-13 12:00:00+00:00,3.5456,8.1704,11.7756,29.7768,63.2839
2024-03-13 13:00:00+00:00,3.1342,5.7468,3.5720,18.0401,45.2789
2024-03-13 14:00:00+00:00,0.3385,1.0973,0.0000,8.2897,25.3366
2024-03-13 15:00:00+00:00,0.4033,0.0144,0.0000,2.1262,12.0900
2024-03-13 16:00:00+00:00,0.0617,1.3832,0.0000,9.1698,23.1238
2024-03-13 17:00:00+00:00,0.0736,2.6588,0.5199,8.6714,30.3725
2024-03-13 18:00:00+00:00,1.2849,4.0452,3.8335,8.5802,51.5358
2024-03-13 19:00:00+00:00,1.8110,4.5829,3.3945,10.5025,68.2675
2024-03-13 20:00:00+00:00,1.6098,4.7442,3.8726,10.2325,29.9458
2024-03-13 21:00:00+00:00,3.1373,5.7727,3.8312,12.9187,36.2426
2024-03-13 22:00:00+00:00,8.0499,20.9926,15.4270,35.5947,35.7362
2024-03-13 23:00:00+00:00,9.3353,34.0819,28.8412,56.0715,34.4232
2024-03-14 00:00:00+00:00,11.5945,28.2458,33.0613,48.5704,43.8436
2024-03-14 01:00:00+00:00,16.0920,31.0567,49.5725,33.6080,49.8876
2024-03-14 02:00:00+00:00,8.5424,17.7434,18.2748,24.7511,42.6778
2024-03-14 03:00:00+00:00,1.8251,0.2759,0.8877,1.6734,63.5167
2024-03-14 04:00:00+00:00,4.5966,2.6755,1.1024,8.8805,34.2860
2024-03-14 05:00:00+00:00,6.8868,3.0621,3.4839,17.1824,30.4069
2024-03-14 06:00:00+00:00,6.3905,0.9655,0.5662,11.9820,16.7894
2024-03-14 07:00:00+00:00,11.2689,6.2353,5.8774,28.2174,10.1183
2024-03-14 08:00:00+00:00,6.6440,6.2851,5.7391,19.3444,0.4233
2024-03-14 09:00:00+00:00,0.2277,0.2101,0.0000,2.9953,0.8773
2024-03-14 10:00:00+00:00,0.0000,0.0000,0.0000,0.0000,4.9767
2024-03-14 11:00:00+00:00,0.0000,2.1504,1.0543,4.9284,0.0000
2024-03-14 12:00:00+00:00,1.8193,3.3030,1.7683,14.9094,2.9099
2024-03-14 13:00:00+00:00,1.3921,2.3745,1.5930,9.9476,10.7602
2024-03-14 14:00:00+00:00,1.5509,2.3435,1.4092,7.3078,0.8562
2024-03-14 15:00:00+00:00,1.7849,1.9370,1.5624,5.3977,0.0290
2024-03-14 16:00:00+00:00,0.3957,1.2452,0.8286,2.4462,3.2099
2024-03-14 17:00:00+00:00,0.3204,0.0254,0.0000,0.1606,0.0000
2024-03-14 18:00:00+00:00,1.5308,0.8312,1.5075,1.2558,0.0000
2024-03-14 19:00:00+00:00,7.3680,7.5962,8.0113,17.7976,0.0000
2024-03-14 20:00:00+00:00,0.8525,0.6280,0.0762,3.1793,0.0000
2024-03-14 21:00:00+00:00,0.0000,0.0000,0.0000,0.0000,0.0000
2024-03-14 22:00:00+00:00,0.0021,0.0000,0.0000,0.0000,3.3183
2024-03-14 23:00:00+00:00,0.0000,0.0000,0.0000,0.0000,0.0779
2024-03-15 00:00:00+00:00,0.0000,0.0000,0.0000,0.0000,0.0000
2024-03-15 01:00:00+00:00,0.0023,0.0000,0.0000,0.0536,6.2250
2024-03-15 02:00:00+00:00,6.1245,3.5063,4.7651,6.3886,19.7339
2024-03-15 03:00:00+00:00,17.7094,57.5220,50.5265,115.3739,49.3181
2024-03-15 04:00:00+00:00,47.1517,51.5715,74.4440,106.2485,32.2743
2024-03-15 05:00:00+00:00,22.3811,33.1675,33.1021,47.1415,25.4258
2024-03-15 06:00:00+00:00,19.3316,80.7174,79.1162,128.1945,33.2895
2024-03-15 07:00:00+00:00,3.4576,16.3177,21.0289,16.1735,6.2426
2024-03-15 08:00:00+00:00,10.7177,18.6347,17.6732,36.2485,8.0907
2024-03-15 09:00:00+00:00,24.3082,32.7193,41.4108,59.5197,7.5288
2024-03-15 10:00:00+00:00,11.8366,13.9236,15.4036,24.5480,8.3230
2024-03-15 11:00:00+00:00,14.2158,13.3226,15.7634,32.1850,40.0384
2024-03-15 12:00:00+00:00,17.9259,18.4629,22.2462,43.6267,57.0908
2024-03-15 13:00:00+00:00,15.8673,18.0782,20.5946,38.8357,58.6351
2024-03-15 14:00:00+00:00,7.4154,8.7191,10.6672,17.8214,22.0982
2024-03-15 15:00:00+00:00,11.9157,14.5179,16.1182,32.7188,24.1463
2024-03-15 16:00:00+00:00,8.8734,12.0793,12.9320,29.1294,25.8035
2024-03-15 17:00:00+00:00,4.7301,3.8334,4.6137,9.4365,25.2942
2024-03-15 18:00:00+00:00,1.4819,0.1615,0.6048,2.3861,28.7582
2024-03-15 19:00:00+00:00,3.5476,3.4478,3.3633,9.2975,12.3741
2024-03-15 20:00:00+00:00,1.7329,1.9019,1.7903,6.8379,10.0318
2024-03-15 21:00:00+00:00,1.5312,2.0553,1.0929,7.3843,4.8394
2024-03-15 22:00:00+00:00,1.4274,0.0971,1.1450,0.7777,0.4065
2024-03-15 23:00:00+00:00,0.0000,0.0000,0.0000,0.0000,0.0000
2024-03-16 00:00:00+00:00,0.0000,0.0000,0.0000,0.0000,1.7759
2024-03-16 01:00:00+00:00,2.2827,3.8799,4.5898,3.2848,49.2529
2024-03-16 02:00:00+00:00,3.4044,6.2936,2.5017,24.0714,61.6299
2024-03-16 03:00:00+00:00,3.8746,6.3631,8.1702,25.1817,6.0225
2024-03-16 04:00:00+00:00,10.7485,8.0368,15.3139,13.4586,10.5249
2024-03-16 05:00:00+00:00,12.3942,16.3078,9.9471,45.5589,33.1197
2024-03-16 06:00:00+00:00,3.2438,5.0411,7.2167,9.5005,7.7810
2024-03-16 07:00:00+00:00,13.3820,15.8140,16.1646,36.0280,6.3275
2024-03-16 08:00:00+00:00,12.1294,16.4201,16.3719,46.1843,6.5886
2024-03-16 09:00:00+00:00,12.0834,12.3175,11.3870,37.6752,4.3319
2024-03-16 10:00:00+00:00,8.0027,5.4866,5.3521,21.7932,6.2070
2024-03-16 11:00:00+00:00,8.4159,7.3051,7.3414,25.2928,11.3227
2024-03-16 12:00:00+00:00,14.7776,13.9069,11.9989,48.6737,20.6552
2024-03-16 13:00:00+00:00,13.6626,12.9609,11.9395,42.9157,13.5795
2024-03-16 14:00:00+00:00,13.0628,12.7686,12.9209,35.6797,17.8062
2024-03-16 15:00:00+00:00,13.6836,14.6663,13.8929,40.5289,10.8918
2024-03-16 16:00:00+00:00,13.6036,15.9874,18.8044,33.5304,17.3721
2024-03-16 17:00:00+00:00,15.0623,20.8648,20.1563,48.2921,17.2366
2024-03-16 18:00:00+00:00,8.2937,10.5477,10.5725,26.1983,25.9294
2024-03-16 19:00:00+00:00,8.9696,10.7048,11.3456,25.5519,14.2992
2024-03-16 20:00:00+00:00,7.2831,9.2332,9.9200,21.0419,7.3017
2024-03-16 21:00:00+00:00,6.7804,11.1234,10.2487,21.1163,3.7878
2024-03-16 22:00:00+00:00,0.8977,2.1215,1.7692,4.5837,4.2732
2024-03-16 23:00:00+00:00,1.5878,0.5646,0.9996,2.6279,20.5936
2024-03-17 00:00:00+00:00,13.3610,6.9900,10.5980,9.5406,9.4972
2024-03-17 01:00:00+00:00,19.8907,22.9603,22.3147,40.9867,51.1784
2024-03-17 02:00:00+00:00,30.4426,22.2917,21.4204,63.7551,16.2079
2024-03-17 03:00:00+00:00,24.3083,20.1217,20.1581,44.0152,16.8134
2024-03-17 04:00:00+00:00,33.6225,32.1914,39.1772,65.0355,26.7490
2024-03-17 05:00:00+00:00,11.8470,8.1918,7.2291,40.9951,32.1011
2024-03-17 06:00:00+00:00,15.2039,8.4084,9.1523,27.8843,69.2438
2024-03-17 07:00:00+00:00,23.8393,30.6700,40.8047,51.3216,36.8956
2024-03-17 08:00:00+00:00,14.7419,0.3162,0.0518,15.0322,67.3826
2024-03-17 09:00:00+00:00,37.8399,28.6544,47.4129,92.4607,79.4695
2024-03-17 10:00:00+00:00,42.8420,45.7274,54.5924,137.8522,74.7570
2024-03-17 11:00:00+00:00,49.5750,60.6903,63.2686,184.2560,79.9000
2024-03-17 12:00:00+00:00,73.6065,87.5898,84.2647,207.6214,63.4345
2024-03-17 13:00:00+00:00,62.0296,65.1802,75.8958,159.9407,43.1229
2024-03-17 14:00:00+00:00,58.4472,57.9049,57.0288,156.0496,63.9832
2024-03-17 15:00:00+00:00,28.3484,29.2577,32.4528,77.1046,71.1306
2024-03-17 16:00:00+00:00,38.6397,40.9005,45.1434,114.6102,78.7509
2024-03-17 17:00:00+00:00,46.4912,52.2326,53.7985,109.7065,79.3382
2024-03-17 18:00:00+00:00,70.9167,87.2040,85.2940,197.6242,79.9000
2024-03-17 19:00:00+00:00,47.2787,46.7419,58.2956,119.5546,79.9000
2024-03-17 20:00:00+00:00,44.0933,51.3854,45.5475,133.1454,79.9000
2024-03-17 21:00:00+00:00,42.8506,44.6935,41.9793,150.2320,79.9000
2024-03-17 22:00:00+00:00,70.7467,59.7815,62.2655,178.2912,77.4712
2024-03-17 23:00:00+00:00,70.2524,86.2826,81.9899,189.1180,76.5349
2024-03-18 00:00:00+00:00,57.5941,55.0999,51.8065,192.0033,59.7433
2024-03-18 01:00:00+00:00,48.0902,56.5866,52.8379,162.5842,63.7847
2024-03-18 02:00:00+00:00,50.2464,66.6766,63.1628,177.9919,50.1386
2024-03-18 03:00:00+00:00,68.1597,90.8984,89.7445,206.8068,48.3349
2024-03-18 04:00:00+00:00,78.0243,96.8245,98.0191,214.4481,23.1824
2024-03-18 05:00:00+00:00,79.0552,96.8948,103.0295,212.3038,38.6559
2024-03-18 06:00:00+00:00,79.3640,98.1179,103.6930,214.7274,64.3610
2024-03-18 07:00:00+00:00,70.4773,84.5582,81.9880,206.5024,68.1093
2024-03-18 08:00:00+00:00,76.9342,95.5501,98.3717,210.2589,76.4157
2024-03-18 09:00:00+00:00,78.4125,97.0064,102.0221,212.2467,75.9839
2024-03-18 10:00:00+00:00,77.3146,94.0109,95.1474,208.6803,78.0271
2024-03-18 11:00:00+00:00,68.4968,80.1066,80.4141,204.5447,78.8977
2024-03-18 12:00:00+00:00,76.8442,91.5050,88.0125,209.7967,79.4784
2024-03-18 13:00:00+00:00,79.6115,98.3863,103.8990,214.8125,79.8236
2024-03-18 14:00:00+00:00,79.1406,98.6362,103.5123,214.9209,79.9000
2024-03-18 15:00:00+00:00,78.1488,97.3703,102.0446,213.4173,79.8462
2024-03-18 16:00:00+00:00,76.3258,95.8113,99.7582,208.0555,79.8374
2024-03-18 17:00:00+00:00,75.9746,95.3744,98.8715,206.7311,79.6170
2024-03-18 18:00:00+00:00,69.9377,91.8596,94.3522,205.9076,77.0905
2024-03-18 19:00:00+00:00,68.6695,82.2377,85.4812,204.9224,76.5970
2024-03-18 20:00:00+00:00,77.9776,94.8541,101.4978,200.1440,78.6404
2024-03-18 21:00:00+00:00,57.7240,73.2733,71.1581,189.6174,77.5892
2024-03-18 22:00:00+00:00,61.6403,71.6855,74.2192,190.2329,77.4249
2024-03-18 23:00:00+00:00,62.7137,74.0793,75.1874,193.6921,79.9000
2024-03-19 00:00:00+00:00,69.8069,79.5875,81.1245,202.3957,79.8806
2024-03-19 01:00:00+00:00,75.0009,82.5783,86.1763,200.8444,46.1421
2024-03-19 02:00:00+00:00,58.5133,68.3096,70.6306,187.3991,59.7416
2024-03-19 03:00:00+00:00,52.5125,61.8128,66.8648,172.8463,36.3293
2024-03-19 04:00:00+00:00,37.0762,36.0887,38.7049,122.0373,28.9143
2024-03-19 05:00:00+00:00,42.8459,41.1434,47.3695,115.1431,22.3190
2024-03-19 06:00:00+00:00,50.4182,49.6037,45.7931,140.0227,26.9392
2024-03-19 07:00:00+00:00,35.2240,37.5517,36.1388,109.6197,35.8958
2024-03-19 08:00:00+00:00,46.4193,48.9767,45.8394,151.2107,26.8655
2024-03-19 09:00:00+00:00,45.0553,49.9145,44.9550,140.4401,17.1466
2024-03-19 10:00:00+00:00,41.5300,44.1774,44.6341,126.8579,23.7299
2024-03-19 11:00:00+00:00,56.1754,57.6560,54.7355,171.3708,7.2574
2024-03-19 12:00:00+00:00,57.7687,56.2240,55.6481,169.5941,3.9696
2024-03-19 13:00:00+00:00,62.9192,60.1431,57.2014,181.0114,2.4533
2024-03-19 14:00:00+00:00,45.6125,42.7129,45.3852,122.8806,8.8623
2024-03-19 15:00:00+00:00,40.2040,43.4145,44.8477,112.2456,18.4287
2024-03-19 16:00:00+00:00,31.1055,30.7682,32.2880,82.3665,23.6871
2024-03-19 17:00:00+00:00,26.0498,28.7521,26.2055,81.3776,22.6065
2024-03-19 18:00:00+00:00,19.0705,19.7981,20.4666,55.2856,15.0957
2024-03-19 19:00:00+00:00,36.6847,34.7389,39.6719,85.7438,47.5171
2024-03-19 20:00:00+00:00,23.7545,24.8056,23.7865,71.0253,19.2141
2024-03-19 21:00:00+00:00,8.2112,9.9139,8.6654,26.8998,8.1222
2024-03-19 22:00:00+00:00,2.0579,0.1169,0.7922,2.7021,10.1865
2024-03-19 23:00:00+00:00,5.8102,2.2147,2.8912,12.4282,25.7394
2024-03-20 00:00:00+00:00,20.9659,25.7208,23.7775,75.5332,55.5232
2024-03-20 01:00:00+00:00,8.7491,11.5792,10.3083,31.5005,46.5019
2024-03-20 02:00:00+00:00,34.6286,25.8717,33.5031,65.1776,49.1329
2024-03-20 03:00:00+00:00,33.3856,37.1882,40.2693,94.6498,52.5535
2024-03-20 04:00:00+00:00,35.7468,34.7480,39.1802,89.7718,31.5057
2024-03-20 05:00:00+00:00,31.2476,30.5142,31.5053,71.3930,69.8145
2024-03-20 06:00:00+00:00,13.4994,12.6406,10.7511,43.9544,63.9925
2024-03-20 07:00:00+00:00,30.4441,20.4340,20.0337,66.2895,50.9304
2024-03-20 08:00:00+00:00,27.1567,29.5316,32.0130,64.5078,51.9310
2024-03-20 09:00:00+00:00,12.7624,17.0856,16.0541,43.9540,52.0130
2024-03-20 10:00:00+00:00,2.7330,5.3736,4.3474,15.2058,47.1865
2024-03-20 11:00:00+00:00,18.8592,24.8344,29.3203,38.9347,21.0466
2024-03-20 12:00:00+00:00,26.4102,35.9599,38.4340,87.7532,18.5293
2024-03-20 13:00:00+00:00,28.2275,33.7729,36.0714,90.4310,17.7334
2024-03-20 14:00:00+00:00,26.1867,31.5669,30.3691,85.0920,14.2588
2024-03-20 15:00:00+00:00,20.6003,23.7194,27.2185,64.1060,54.8311
2024-03-20 16:00:00+00:00,11.9605,9.2900,11.3561,29.0065,45.3748
2024-03-20 17:00:00+00:00,9.9325,8.1529,10.9254,22.2909,28.0929
2024-03-20 18:00:00+00:00,19.5940,41.3953,36.1806,100.1709,42.5788
2024-03-20 19:00:00+00:00,38.9395,42.1556,52.3884,89.2455,57.9404
2024-03-20 20:00:00+00:00,38.7390,45.7670,52.0950,100.8287,78.0609
2024-03-20 21:00:00+00:00,20.8851,22.3525,24.3750,68.0304,79.8865
2024-03-20 22:00:00+00:00,37.4904,40.6503,39.9282,122.9993,79.7122
2024-03-20 23:00:00+00:00,26.1949,24.9753,19.6341,139.2969,75.5110
2024-03-21 00:00:00+00:00,40.6660,49.8200,69.7878,93.7114,79.3433
2024-03-21 01:00:00+00:00,34.5316,35.6360,39.0528,99.7287,78.9286
2024-03-21 02:00:00+00:00,76.0828,80.4813,87.7557,202.6951,79.5454
2024-03-21 03:00:00+00:00,62.8973,84.7083,81.6610,168.8204,79.9000
2024-03-21 04:00:00+00:00,79.4430,97.2784,102.7050,211.0077,79.8194
2024-03-21 05:00:00+00:00,66.5660,60.3776,59.3217,194.7438,76.1339
2024-03-21 06:00:00+00:00,77.3621,95.2967,93.9612,209.3865,76.1424
2024-03-21 07:00:00+00:00,81.0000,100.3881,105.9453,215.1908,79.3180
2024-03-21 08:00:00+00:00,81.0000,100.2799,106.1126,215.2000,79.4450
2024-03-21 09:00:00+00:00,81.0000,99.6672,105.3418,215.2000,76.1606
2024-03-21 10:00:00+00:00,81.0000,99.6081,105.9011,215.1351,76.1333
2024-03-21 11:00:00+00:00,81.0000,100.4950,106.5000,215.2000,78.5427
2024-03-21 12:00:00+00:00,81.0000,99.9982,105.5468,215.2000,79.9000
2024-03-21 13:00:00+00:00,81.0000,100.5000,106.5000,215.2000,76.8158
2024-03-21 14:00:00+00:00,81.0000,100.5000,106.5000,215.2000,74.3885
2024-03-21 15:00:00+00:00,81.0000,100.5000,106.5000,215.2000,75.6339
2024-03-21 16:00:00+00:00,81.0000,100.5000,106.5000,215.2000,76.7011
2024-03-21 17:00:00+00:00,81.0000,100.5000,106.5000,215.2000,77.5219
2024-03-21 18:00:00+00:00,81.0000,100.5000,106.5000,215.2000,77.0145
2024-03-21 19:00:00+00:00,81.0000,100.5000,106.5000,215.2000,79.8915
2024-03-21 20:00:00+00:00,81.0000,100.5000,106.5000,215.2000,79.9000
2024-03-21 21:00:00+00:00,81.0000,100.5000,106.5000,215.2000,77.2950
2024-03-21 22:00:00+00:00,80.4667,98.6345,103.9492,215.1264,76.2266
2024-03-21 23:00:00+00:00,79.5023,97.2609,102.9284,213.5980,67.3765
2024-03-22 00:00:00+00:00,80.2670,97.2273,102.5418,215.0994,78.4837
2024-03-22 01:00:00+00:00,78.9646,97.4580,102.5036,214.2749,79.9000
2024-03-22 02:00:00+00:00,79.7574,97.6787,103.0381,214.5564,78.8940
2024-03-22 03:00:00+00:00,65.6195,72.8091,67.9004,203.9162,78.0181
2024-03-22 04:00:00+00:00,75.6860,78.1373,82.3763,204.0525,73.0653
2024-03-22 05:00:00+00:00,76.0627,88.5885,87.9077,205.5703,41.1179
2024-03-22 06:00:00+00:00,76.6749,89.4735,86.5628,208.3289,20.4138
2024-03-22 07:00:00+00:00,76.5967,86.5292,78.7137,209.9214,7.6057
2024-03-22 08:00:00+00:00,67.7397,74.1104,71.7324,200.0021,3.5313
2024-03-22 09:00:00+00:00,59.7449,63.9599,63.5006,182.7404,1.0527
2024-03-22 10:00:00+00:00,45.9808,45.9527,46.1223,133.7955,0.0117
2024-03-22 11:00:00+00:00,22.7948,25.9832,25.4763,74.4331,0.0000
2024-03-22 12:00:00+00:00,19.8629,24.3658,23.5673,63.0422,0.2048
2024-03-22 13:00:00+00:00,14.8328,14.9781,13.3647,46.8693,0.0543
2024-03-22 14:00:00+00:00,6.0618,6.0055,5.1861,20.3597,0.0000
2024-03-22 15:00:00+00:00,7.1947,7.8314,7.6850,19.2263,0.0000
2024-03-22 16:00:00+00:00,16.8946,18.2365,16.5904,52.8091,0.0000
2024-03-22 17:00:00+00:00,10.3265,11.1108,9.6894,32.4197,0.0000
2024-03-22 18:00:00+00:00,6.1479,7.0126,6.0865,20.3213,0.0000
2024-03-22 19:00:00+00:00,9.0953,11.3562,9.5673,32.0692,0.0000
2024-03-22 20:00:00+00:00,4.6862,6.3531,5.2193,18.7139,0.0000
2024-03-22 21:00:00+00:00,2.3931,2.8232,2.2043,9.3775,2.6321
2024-03-22 22:00:00+00:00,0.5190,0.2032,0.0000,3.2127,4.0366
2024-03-22 23:00:00+00:00,0.2452,0.0008,0.0000,2.1568,2.4669
2024-03-23 00:00:00+00:00,2.3199,1.0875,0.9177,6.7504,5.8210
2024-03-23 01:00:00+00:00,0.0000,0.0000,0.0000,0.0000,6.3809
2024-03-23 02:00:00+00:00,0.0000,0.0000,0.0000,0.0000,6.9730
2024-03-23 03:00:00+00:00,0.0000,0.0000,0.0000,0.0000,5.5546
2024-03-23 04:00:00+00:00,0.3697,2.0745,2.0107,4.7385,7.9658
2024-03-23 05:00:00+00:00,13.2639,11.7795,17.7014,24.2290,20.0226
2024-03-23 06:00:00+00:00,23.1274,29.5353,39.2683,54.2486,18.5639
2024-03-23 07:00:00+00:00,28.8025,39.5752,53.5606,70.4344,10.7157
2024-03-23 08:00:00+00:00,20.9739,52.6788,54.1128,84.4715,17.0366
2024-03-23 09:00:00+00:00,12.1724,24.4021,29.1117,36.3614,15.8953
2024-03-23 10:00:00+00:00,25.0931,36.3459,43.2306,70.1863,3.6786
2024-03-23 11:00:00+00:00,22.5284,28.9199,35.1984,56.0588,1.4057
2024-03-23 12:00:00+00:00,26.3931,29.4515,39.9568,57.3489,1.5857
2024-03-23 13:00:00+00:00,16.1869,16.9307,24.9078,32.1180,2.4217
2024-03-23 14:00:00+00:00,13.4736,13.9970,17.5631,29.6777,0.6003
2024-03-23 15:00:00+00:00,10.3319,12.2218,16.7101,22.8234,1.2853
2024-03-23 16:00:00+00:00,6.1859,8.8357,9.9210,16.0890,14.6547
2024-03-23 17:00:00+00:00,7.2199,12.1999,13.0646,24.7580,12.5639
2024-03-23 18:00:00+00:00,10.9116,13.0056,15.9524,32.6307,20.0040
2024-03-23 19:00:00+00:00,6.8803,10.0626,11.4804,24.0335,23.0738
2024-03-23 20:00:00+00:00,3.7250,5.7379,6.1901,14.2063,25.8307
2024-03-23 21:00:00+00:00,8.3265,11.7928,12.0305,31.6914,21.5519
2024-03-23 22:00:00+00:00,5.9101,8.5216,8.0576,23.5303,32.4573
2024-03-23 23:00:00+00:00,15.9648,19.1628,20.8617,51.9422,42.1830
2024-03-24 00:00:00+00:00,15.5988,15.7668,15.7992,50.2897,25.3844
2024-03-24 01:00:00+00:00,12.1740,13.8262,11.7100,44.0918,9.6257
2024-03-24 02:00:00+00:00,7.5912,5.3187,3.6699,25.6159,6.6370
2024-03-24 03:00:00+00:00,1.7957,1.2512,1.1329,4.8849,2.8592
2024-03-24 04:00:00+00:00,1.8154,0.0537,0.0000,2.3917,0.0719
2024-03-24 05:00:00+00:00,2.9738,0.2979,0.2042,6.7248,0.1686
2024-03-24 06:00:00+00:00,6.7338,4.0294,4.0622,15.7933,3.6937
2024-03-24 07:00:00+00:00,9.9132,8.6056,10.5899,32.0069,25.8905
2024-03-24 08:00:00+00:00,25.0208,23.3217,22.3000,76.4792,56.1963
2024-03-24 09:00:00+00:00,19.3914,17.6561,15.9142,65.7504,32.6858
2024-03-24 10:00:00+00:00,26.7864,24.9197,25.6458,70.3346,55.5480
2024-03-24 11:00:00+00:00,14.9074,16.4253,16.2505,46.5176,59.4109
2024-03-24 12:00:00+00:00,16.5260,17.2156,15.6570,51.5185,33.7710
2024-03-24 13:00:00+00:00,14.8392,14.2012,14.9228,39.0591,1.2341
2024-03-24 14:00:00+00:00,13.7018,14.7918,13.6502,40.3696,7.3842
2024-03-24 15:00:00+00:00,12.6081,15.3136,13.4848,46.6619,0.2494
2024-03-24 16:00:00+00:00,10.0432,11.3126,10.1586,33.0341,0.0000
2024-03-24 17:00:00+00:00,7.3995,10.2306,8.6611,28.8654,0.0625
2024-03-24 18:00:00+00:00,12.1925,15.1217,13.6654,40.3014,0.0000
2024-03-24 19:00:00+00:00,12.9123,16.7593,15.5992,43.9974,0.0007
2024-03-24 20:00:00+00:00,15.4389,19.2192,16.8639,53.0720,2.3917
2024-03-24 21:00:00+00:00,15.9443,17.2096,15.6408,50.6336,1.1170
2024-03-24 22:00:00+00:00,6.6418,7.0677,6.0284,22.7154,0.0000
2024-03-24 23:00:00+00:00,2.6839,3.0997,3.2493,8.4811,0.0000
2024-03-25 00:00:00+00:00,3.6224,10.6738,7.8184,21.2765,0.0000
2024-03-25 01:00:00+00:00,1.7126,4.8525,2.6991,17.2178,0.4768
2024-03-25 02:00:00+00:00,0.0000,0.0000,0.0000,0.5357,0.0047
2024-03-25 03:00:00+00:00,0.0000,0.0000,0.0000,0.0000,5.7184
2024-03-25 04:00:00+00:00,0.1686,0.0000,0.0000,0.1145,2.4124
2024-03-25 05:00:00+00:00,0.0000,0.6985,0.6176,0.1506,1.1211
2024-03-25 06:00:00+00:00,0.0000,0.0000,0.0124,0.0000,2.7394
2024-03-25 07:00:00+00:00,1.4762,0.4576,1.2110,0.8049,38.7658
2024-03-25 08:00:00+00:00,11.2230,18.8274,17.7254,46.1592,70.3095
2024-03-25 09:00:00+00:00,9.3492,40.7486,25.4457,108.4890,67.3647
2024-03-25 10:00:00+00:00,20.6606,49.7206,47.8122,93.5047,77.4236
2024-03-25 11:00:00+00:00,10.6674,44.7693,34.1433,93.7319,76.8114
2024-03-25 12:00:00+00:00,8.5409,39.2229,27.6458,99.2491,78.3525
2024-03-25 13:00:00+00:00,7.9053,35.9127,26.9379,86.3806,79.4468
2024-03-25 14:00:00+00:00,1.8375,11.8510,7.9058,38.7058,76.2735
2024-03-25 15:00:00+00:00,0.7511,4.9319,0.8192,26.7101,67.7473
2024-03-25 16:00:00+00:00,14.6292,42.9575,30.4659,109.0751,45.4824
2024-03-25 17:00:00+00:00,2.6713,8.7335,1.7578,42.5241,68.6359
2024-03-25 18:00:00+00:00,0.1852,0.6921,0.0282,25.2428,44.7429
2024-03-25 19:00:00+00:00,8.5361,9.9070,4.6638,43.1564,64.1073
2024-03-25 20:00:00+00:00,11.6076,16.8999,10.1257,58.7714,78.3182
2024-03-25 21:00:00+00:00,18.5861,35.0009,26.3474,92.6529,76.0751
2024-03-25 22:00:00+00:00,11.8065,22.3846,15.7414,58.2511,76.6317
2024-03-25 23:00:00+00:00,10.2876,27.7965,20.1872,75.3015,79.8850
2024-03-26 00:00:00+00:00,9.3935,19.9331,10.6002,82.6496,79.9000
2024-03-26 01:00:00+00:00,57.2445,95.0358,105.7780,160.4078,79.9000
2024-03-26 02:00:00+00:00,57.3565,78.4294,72.8255,145.1679,79.9000
2024-03-26 03:00:00+00:00,40.0799,57.0386,55.0401,131.2648,79.9000
2024-03-26 04:00:00+00:00,72.3592,69.8479,80.0655,148.3471,79.9000
2024-03-26 05:00:00+00:00,77.4386,96.2476,105.1011,170.0645,79.9000
2024-03-26 06:00:00+00:00,80.8461,76.5474,75.9813,190.6135,79.9000
2024-03-26 07:00:00+00:00,78.6609,74.3588,78.5841,186.9855,79.9000
2024-03-26 08:00:00+00:00,66.3529,13.5462,18.9766,83.9981,79.9000
2024-03-26 09:00:00+00:00,36.8039,1.4749,1.3039,34.2178,79.9000
2024-03-26 10:00:00+00:00,19.1316,2.5167,0.4116,28.1725,79.9000
2024-03-26 11:00:00+00:00,7.8440,2.5298,0.0000,35.9453,79.9000
2024-03-26 12:00:00+00:00,66.4011,47.0787,57.5076,131.5781,79.9000
2024-03-26 13:00:00+00:00,49.7768,44.1624,50.0103,96.1536,79.9000
2024-03-26 14:00:00+00:00,10.1339,7.3407,2.9509,41.0038,79.9000
2024-03-26 15:00:00+00:00,28.7244,35.7463,33.4961,93.6106,65.9636
2024-03-26 16:00:00+00:00,34.9821,27.8216,33.7710,90.7371,77.4846
2024-03-26 17:00:00+00:00,20.5763,15.1281,12.0353,57.5604,79.7622
2024-03-26 18:00:00+00:00,0.8476,0.0195,0.3371,7.2517,77.5976
2024-03-26 19:00:00+00:00,3.7556,3.7613,2.9469,28.0110,66.6955
2024-03-26 20:00:00+00:00,18.6400,26.4580,26.5684,66.8858,78.3604
2024-03-26 21:00:00+00:00,21.8104,30.5743,31.0940,77.6818,79.7887
2024-03-26 22:00:00+00:00,25.6304,52.3526,49.1507,114.2979,79.6852
2024-03-26 23:00:00+00:00,24.4992,83.3724,75.4050,146.9993,79.9000
2024-03-27 00:00:00+00:00,48.4773,97.2699,103.3655,178.4802,79.9000
2024-03-27 01:00:00+00:00,59.3574,99.5463,105.4542,199.1192,79.9000
2024-03-27 02:00:00+00:00,28.9400,81.6890,80.9240,154.0721,79.9000
2024-03-27 03:00:00+00:00,80.9513,98.9236,106.3549,190.1389,79.9000
2024-03-27 04:00:00+00:00,81.0000,31.0943,12.4623,161.4456,79.9000
2024-03-27 05:00:00+00:00,81.0000,91.8831,97.9011,188.1861,79.9000
2024-03-27 06:00:00+00:00,81.0000,51.1575,86.5610,165.4451,79.9000
2024-03-27 07:00:00+00:00,80.0790,90.1316,106.4718,174.4212,79.9000
2024-03-27 08:00:00+00:00,81.0000,23.7022,29.2119,105.6701,79.0474
2024-03-27 09:00:00+00:00,61.7138,2.8131,4.0729,36.6976,68.4100
2024-03-27 10:00:00+00:00,72.5523,42.2306,41.7121,76.6301,73.0153
2024-03-27 11:00:00+00:00,70.5431,8.0439,7.7757,48.6682,77.3043
2024-03-27 12:00:00+00:00,21.6902,4.1290,3.5532,14.9910,75.0862
2024-03-27 13:00:00+00:00,30.3135,8.4257,11.0897,35.1982,64.6093
2024-03-27 14:00:00+00:00,33.3061,23.8344,29.3848,59.4151,74.3244
2024-03-27 15:00:00+00:00,35.3949,35.2439,42.5844,78.2988,27.9973
2024-03-27 16:00:00+00:00,17.7478,11.0615,15.8766,28.9792,23.2090
2024-03-27 17:00:00+00:00,9.0631,6.2672,7.8486,14.9161,23.1688
2024-03-27 18:00:00+00:00,8.8974,5.5772,6.2646,12.6454,35.8001
2024-03-27 19:00:00+00:00,15.1705,16.9579,12.4674,42.0413,12.5544
2024-03-27 20:00:00+00:00,7.0757,2.6848,5.4056,6.9721,28.0017
2024-03-27 21:00:00+00:00,6.1685,1.5447,1.0573,9.0071,28.7070
2024-03-27 22:00:00+00:00,4.1727,0.8712,1.4610,4.4276,12.6259
2024-03-27 23:00:00+00:00,5.4067,6.8153,7.2630,5.9981,25.0075
2024-03-28 00:00:00+00:00,9.5925,8.0335,7.0006,20.3300,29.3719
2024-03-28 01:00:00+00:00,8.7941,7.1698,6.0521,26.5345,56.7054
2024-03-28 02:00:00+00:00,6.3402,8.0903,8.5422,21.5720,43.6389
2024-03-28 03:00:00+00:00,19.4523,26.7749,26.0572,74.1778,43.3541
2024-03-28 04:00:00+00:00,39.7322,45.7276,54.7855,113.5704,36.8563
2024-03-28 05:00:00+00:00,32.4466,43.4552,40.4510,111.0374,54.4689
2024-03-28 06:00:00+00:00,22.0043,25.2723,30.0470,53.4860,19.2599
2024-03-28 07:00:00+00:00,23.7763,26.9662,30.9325,64.2975,12.7048
2024-03-28 08:00:00+00:00,24.9246,30.4089,34.9333,78.6830,21.2099
2024-03-28 09:00:00+00:00,18.2608,25.8012,26.4915,61.5914,24.8190
2024-03-28 10:00:00+00:00,22.7518,33.5633,35.6841,88.1525,35.6113
2024-03-28 11:00:00+00:00,22.5561,31.7128,31.3321,91.1605,22.6011
2024-03-28 12:00:00+00:00,6.6318,8.9301,8.9780,29.3061,13.0144
2024-03-28 13:00:00+00:00,2.3901,3.6024,2.3055,13.5685,3.1237
2024-03-28 14:00:00+00:00,2.5328,3.7887,3.0828,8.0778,9.6145
2024-03-28 15:00:00+00:00,4.3011,5.7129,5.9858,13.4942,9.0514
2024-03-28 16:00:00+00:00,4.3460,4.5935,4.7518,15.4607,13.3640
2024-03-28 17:00:00+00:00,11.3608,13.3010,15.0252,32.5580,19.8792
2024-03-28 18:00:00+00:00,5.8372,7.6793,8.4764,18.0518,15.7525
2024-03-28 19:00:00+00:00,8.1493,10.4180,10.1781,26.0622,12.6802
2024-03-28 20:00:00+00:00,7.3731,9.0324,8.7282,20.7484,16.1384
2024-03-28 21:00:00+00:00,7.9923,12.4266,12.1172,26.8090,9.7559
2024-03-28 22:00:00+00:00,6.0185,7.8297,8.1421,17.9960,17.4156
2024-03-28 23:00:00+00:00,13.8059,15.0253,15.8281,38.4072,10.9648
2024-03-29 00:00:00+00:00,18.3886,23.7924,25.4341,58.8121,24.1756
2024-03-29 01:00:00+00:00,22.1397,23.9056,27.9058,62.4514,55.1036
2024-03-29 02:00:00+00:00,39.0942,46.6120,42.7077,139.8753,48.9694
2024-03-29 03:00:00+00:00,23.7048,29.7187,26.7254,91.6383,64.4618
2024-03-29 04:00:00+00:00,28.0607,28.2171,27.4452,98.5987,48.3951
2024-03-29 05:00:00+00:00,42.5979,40.6506,37.5994,141.5323,76.2256
2024-03-29 06:00:00+00:00,20.4481,20.3924,20.0462,60.4282,62.8243
2024-03-29 07:00:00+00:00,23.7625,28.4626,27.3650,75.8442,41.4202
2024-03-29 08:00:00+00:00,32.6806,34.4354,32.7723,111.1957,25.3384
2024-03-29 09:00:00+00:00,16.4846,17.4583,17.1942,55.5207,5.9666
2024-03-29 10:00:00+00:00,13.6267,16.8334,15.9140,49.9762,17.0712
2024-03-29 11:00:00+00:00,14.2444,16.7899,14.1344,57.6532,7.1447
2024-03-29 12:00:00+00:00,14.3583,21.4528,18.9472,60.8695,6.6028
2024-03-29 13:00:00+00:00,13.7123,14.1467,12.6993,47.5019,4.2269
2024-03-29 14:00:00+00:00,37.9134,40.3823,41.9332,106.2864,9.2592
2024-03-29 15:00:00+00:00,35.6927,36.2606,39.3086,94.3561,19.3985
2024-03-29 16:00:00+00:00,47.6383,49.2659,51.6037,133.4410,47.0319
2024-03-29 17:00:00+00:00,68.0688,70.3502,74.2655,186.6913,66.7508
2024-03-29 18:00:00+00:00,73.9181,80.3232,82.4493,199.7001,78.6884
2024-03-29 19:00:00+00:00,73.5816,77.0904,82.7704,195.7353,77.2019
2024-03-29 20:00:00+00:00,77.2272,84.8425,92.3584,202.8147,79.3528
2024-03-29 21:00:00+00:00,81.0000,99.2850,105.9000,214.8599,79.8736
2024-03-29 22:00:00+00:00,80.5971,97.5280,103.9010,213.9352,79.1977
2024-03-29 23:00:00+00:00,65.5143,72.5590,67.8863,200.7721,79.8946
2024-03-30 00:00:00+00:00,45.3013,50.0515,55.1760,126.8623,79.9000
2024-03-30 01:00:00+00:00,80.8763,94.6672,105.9306,209.6305,79.9000
2024-03-30 02:00:00+00:00,80.5336,98.0998,104.0490,214.7181,79.9000
2024-03-30 03:00:00+00:00,80.4973,96.2593,103.0193,214.1757,79.9000
2024-03-30 04:00:00+00:00,81.0000,98.5718,105.0663,214.9823,79.9000
2024-03-30 05:00:00+00:00,80.9736,98.7371,105.4957,214.5567,79.9000
2024-03-30 06:00:00+00:00,80.9244,98.0583,104.7758,212.9937,79.8985
2024-03-30 07:00:00+00:00,80.9589,98.8768,104.6717,214.9633,79.9000
2024-03-30 08:00:00+00:00,80.9925,99.5977,106.2769,214.9560,79.7966
2024-03-30 09:00:00+00:00,81.0000,100.5000,106.5000,215.2000,79.9000
2024-03-30 10:00:00+00:00,80.9759,99.9186,106.0791,215.1475,79.7152
2024-03-30 11:00:00+00:00,81.0000,98.2508,104.4428,214.5553,75.9296
2024-03-30 12:00:00+00:00,80.9595,98.2841,104.2402,214.4681,76.3298
2024-03-30 13:00:00+00:00,76.8963,88.3763,89.1009,207.2807,51.6664
2024-03-30 14:00:00+00:00,77.2942,94.4291,99.4414,207.6705,44.7308
2024-03-30 15:00:00+00:00,78.7223,95.1689,102.1620,210.1452,42.8606
2024-03-30 16:00:00+00:00,79.3342,97.0275,102.3798,212.7170,22.3948
2024-03-30 17:00:00+00:00,76.7109,89.6750,91.5401,206.5849,29.5215
2024-03-30 18:00:00+00:00,61.0092,65.6648,67.0085,172.3730,27.9489
2024-03-30 19:00:00+00:00,37.0168,38.8391,40.9786,100.9366,29.8881
2024-03-30 20:00:00+00:00,36.7749,36.7731,39.4762,95.6460,21.7547
2024-03-30 21:00:00+00:00,32.5505,33.1599,35.3285,87.0398,32.2813
2024-03-30 22:00:00+00:00,27.7606,30.2640,30.6348,81.0841,23.3837
2024-03-30 23:00:00+00:00,17.0277,19.4963,20.3630,49.5171,15.6750
2024-03-31 00:00:00+00:00,27.4568,34.9276,36.5357,89.5267,32.4549
2024-03-31 01:00:00+00:00,28.9082,35.0137,35.0118,98.9277,37.4495
2024-03-31 02:00:00+00:00,31.6221,35.6236,36.2566,107.7946,40.0894
2024-03-31 03:00:00+00:00,34.1478,35.6356,34.6060,111.2827,49.3809
2024-03-31 04:00:00+00:00,17.1998,14.9447,16.3519,54.3634,39.4598
2024-03-31 05:00:00+00:00,9.7069,9.6502,9.2442,36.0048,24.1320
2024-03-31 06:00:00+00:00,5.4573,7.8339,6.8065,24.0562,39.4177
2024-03-31 07:00:00+00:00,12.5571,17.1665,17.0980,47.8182,32.7393
2024-03-31 08:00:00+00:00,16.4248,17.0196,17.0324,52.9685,31.7177
2024-03-31 09:00:00+00:00,19.2361,21.9266,26.3637,54.9636,10.3215
2024-03-31 10:00:00+00:00,13.9129,13.5604,14.4742,39.5244,4.6703
2024-03-31 11:00:00+00:00,13.1921,12.4759,15.2058,33.4110,8.9015
2024-03-31 12:00:00+00:00,12.1836,17.5326,14.9692,50.3607,10.1310
2024-03-31 13:00:00+00:00,13.8061,14.4124,15.7846,40.4666,11.7718
2024-03-31 14:00:00+00:00,25.6676,24.8601,25.8010,66.3460,12.5600
2024-03-31 15:00:00+00:00,30.9873,33.9342,35.8509,81.9441,10.5165
2024-03-31 16:00:00+00:00,35.1912,42.1394,41.1046,110.0184,18.3191
2024-03-31 17:00:00+00:00,45.2431,45.4583,56.9237,104.0852,25.5757
2024-03-31 18:00:00+00:00,36.7165,43.7632,44.8382,108.5229,16.4220
2024-03-31 19:00:00+00:00,37.6363,45.1603,44.4741,110.9143,32.9534
2024-03-31 20:00:00+00:00,38.2549,42.3882,44.6640,105.2270,60.2075
2024-03-31 21:00:00+00:00,40.7757,36.7255,43.1305,93.9379,62.1631
2024-03-31 22:00:00+00:00,31.9585,33.2715,40.7727,75.3869,47.9591
2024-03-31 23:00:00+00:00,27.8146,27.4060,33.8729,68.9569,27.3856
2024-04-01 00:00:00+00:00,25.5936,34.2797,36.4368,79.3095,31.4775
2024-04-01 01:00:00+00:00,22.1899,27.5895,30.2191,63.0176,40.7058
2024-04-01 02:00:00+00:00,21.5115,25.7773,30.1480,61.4904,24.7422
2024-04-01 03:00:00+00:00,24.6185,27.2407,29.3918,72.0861,18.1576
2024-04-01 04:00:00+00:00,18.8532,24.5062,24.4516,67.2186,28.8241
2024-04-01 05:00:00+00:00,18.1461,20.6208,21.8569,50.2094,30.7101
2024-04-01 06:00:00+00:00,19.6129,23.3876,21.1321,68.3526,17.3496
2024-04-01 07:00:00+00:00,19.2520,19.2982,16.2125,55.6266,8.8417
2024-04-01 08:00:00+00:00,22.7204,25.1004,22.6613,56.3846,1.5642
2024-04-01 09:00:00+00:00,14.4812,17.1302,15.9542,42.9183,0.2003
2024-04-01 10:00:00+00:00,6.4562,9.7510,9.0849,18.2650,0.1158
2024-04-01 11:00:00+00:00,1.2638,0.2524,0.6184,1.8561,5.2098
2024-04-01 12:00:00+00:00,2.0229,3.1719,3.4600,8.3467,9.5386
2024-04-01 13:00:00+00:00,0.0000,0.3146,0.0000,4.7592,0.0000
2024-04-01 14:00:00+00:00,2.6089,0.7527,1.7908,1.8945,0.0000
2024-04-01 15:00:00+00:00,5.1017,8.5358,8.6585,19.7845,0.0000
2024-04-01 16:00:00+00:00,3.6236,3.7120,5.8687,6.0123,0.0000
2024-04-01 17:00:00+00:00,10.4194,11.6912,14.9630,21.3960,4.7467
2024-04-01 18:00:00+00:00,11.0651,9.8270,12.0305,22.4413,6.1026
2024-04-01 19:00:00+00:00,17.6197,16.8860,18.0518,41.0284,9.0007
2024-04-01 20:00:00+00:00,16.0291,17.1537,17.6096,47.5848,18.6438
2024-04-01 21:00:00+00:00,43.3161,60.0866,73.3184,123.7147,16.1562
2024-04-01 22:00:00+00:00,12.1530,14.6683,17.5171,32.2103,21.8026
2024-04-01 23:00:00+00:00,6.0142,6.3021,7.9721,15.5353,51.5174
2024-04-02 00:00:00+00:00,3.0622,4.5615,5.8532,9.0580,21.2904
2024-04-02 01:00:00+00:00,6.6521,13.1633,13.7325,30.3394,47.4526
2024-04-02 02:00:00+00:00,5.7174,9.8938,13.3166,16.2225,27.5402
2024-04-02 03:00:00+00:00,7.4242,14.0226,16.6313,23.3382,13.5161
2024-04-02 04:00:00+00:00,4.3889,7.0725,10.4168,9.0407,13.1086
2024-04-02 05:00:00+00:00,1.1543,1.1736,3.2498,0.3200,14.8763
2024-04-02 06:00:00+00:00,1.7989,2.0501,3.9178,1.6793,14.9656
2024-04-02 07:00:00+00:00,0.8948,1.1033,1.9588,0.8397,7.3361
2024-04-02 08:00:00+00:00,6.7740,6.7278,9.8827,11.2777,10.8880
2024-04-02 09:00:00+00:00,8.5806,10.8572,17.4757,12.7364,2.3174
2024-04-02 10:00:00+00:00,20.0362,24.6933,36.1905,38.2918,6.0459
2024-04-02 11:00:00+00:00,18.9229,25.1372,34.0324,40.5867,6.1780
2024-04-02 12:00:00+00:00,17.5865,25.9083,33.5158,37.6580,2.1130
2024-04-02 13:00:00+00:00,20.0934,24.5460,35.8627,33.0944,1.7170
2024-04-02 14:00:00+00:00,12.6520,13.8001,18.3270,23.6691,4.5601
2024-04-02 15:00:00+00:00,16.4351,16.9928,22.2709,31.3456,7.4886
2024-04-02 16:00:00+00:00,25.9760,26.3627,35.2276,49.9147,11.0944
2024-04-02 17:00:00+00:00,24.5737,30.1516,36.6700,54.3724,16.4612
2024-04-02 18:00:00+00:00,22.7215,25.0100,31.3622,48.2356,26.0677
2024-04-02 19:00:00+00:00,22.6365,24.7832,30.3356,53.4674,29.9901
2024-04-02 20:00:00+00:00,27.6969,32.2617,35.8086,71.2460,34.6934
2024-04-02 21:00:00+00:00,39.5502,44.6240,54.1047,92.5620,28.3646
2024-04-02 22:00:00+00:00,27.1736,31.7406,38.0937,67.0773,55.6672
2024-04-02 23:00:00+00:00,18.2449,22.9107,25.1599,53.9956,78.5543
2024-04-03 00:00:00+00:00,23.0058,36.0187,38.6798,97.4203,64.3215
2024-04-03 01:00:00+00:00,22.4010,39.3444,35.2997,98.1070,57.5648
2024-04-03 02:00:00+00:00,32.0432,40.1639,51.0165,106.6476,51.0532
2024-04-03 03:00:00+00:00,27.6720,34.9037,46.7463,88.3214,69.8651
2024-04-03 04:00:00+00:00,3.9888,13.6056,12.4998,25.6284,78.0133
2024-04-03 05:00:00+00:00,26.0380,20.9058,23.0061,56.8692,78.3568
2024-04-03 06:00:00+00:00,42.5466,53.8711,71.8893,136.9846,79.8964
2024-04-03 07:00:00+00:00,56.3777,97.1888,103.1677,197.3557,79.9000
2024-04-03 08:00:00+00:00,49.2588,92.1916,102.4714,176.7739,79.9000
2024-04-03 09:00:00+00:00,66.3811,94.1623,103.5169,197.5678,79.9000
2024-04-03 10:00:00+00:00,79.5424,100.4084,106.5000,214.7905,79.9000
2024-04-03 11:00:00+00:00,79.5252,99.5478,106.1118,213.6549,79.9000
2024-04-03 12:00:00+00:00,79.9465,99.0606,106.1020,213.5127,79.9000
2024-04-03 13:00:00+00:00,71.6086,99.2207,105.9015,209.6819,79.9000
2024-04-03 14:00:00+00:00,80.6164,100.5000,106.5000,215.0701,79.9000
2024-04-03 15:00:00+00:00,80.9918,100.5000,106.5000,215.2000,79.9000
2024-04-03 16:00:00+00:00,80.8086,100.5000,106.5000,215.1985,79.9000
2024-04-03 17:00:00+00:00,78.6362,99.8000,105.8468,213.9628,79.9000
2024-04-03 18:00:00+00:00,80.4576,100.5000,106.5000,214.9314,79.9000
2024-04-03 19:00:00+00:00,81.0000,100.5000,106.5000,215.2000,79.9000
2024-04-03 20:00:00+00:00,81.0000,100.5000,106.5000,215.2000,79.7274
2024-04-03 21:00:00+00:00,81.0000,100.5000,106.5000,215.2000,1.0739
2024-04-03 22:00:00+00:00,80.7329,100.5000,106.5000,215.2000,1.9180
2024-04-03 23:00:00+00:00,77.2932,98.3743,103.8453,203.3167,26.7427
2024-04-04 00:00:00+00:00,80.8694,100.5000,106.4875,214.7241,16.2871
2024-04-04 01:00:00+00:00,80.3555,98.9586,105.9720,213.6187,1.3458
2024-04-04 02:00:00+00:00,80.0688,99.6413,106.0319,214.2363,7.5194
2024-04-04 03:00:00+00:00,81.0000,100.5000,106.5000,215.1617,4.8175
2024-04-04 04:00:00+00:00,80.8437,100.3375,106.5000,214.9499,1.0112
2024-04-04 05:00:00+00:00,80.0118,100.5000,106.5000,214.0394,8.2301
2024-04-04 06:00:00+00:00,80.9557,100.1975,106.5000,214.4971,14.8628
2024-04-04 07:00:00+00:00,80.2167,99.0244,105.3032,214.2073,11.3786
2024-04-04 08:00:00+00:00,80.8169,99.6053,105.2006,215.1144,3.8974
2024-04-04 09:00:00+00:00,76.3820,95.8420,95.9909,210.3633,10.9922
2024-04-04 10:00:00+00:00,79.8366,99.1784,104.1669,214.4974,12.6648
2024-04-04 11:00:00+00:00,80.5749,99.6067,104.9454,214.6739,39.3200
2024-04-04 12:00:00+00:00,79.3413,97.2292,103.6568,211.6716,52.1811
2024-04-04 13:00:00+00:00,78.6159,96.8446,103.5468,209.9854,28.2292
2024-04-04 14:00:00+00:00,78.3483,97.8342,103.3114,212.4144,19.8947
2024-04-04 15:00:00+00:00,80.7979,100.4820,106.5000,215.1059,28.7861
2024-04-04 16:00:00+00:00,78.4001,97.1450,102.7527,211.4731,13.2226
2024-04-04 17:00:00+00:00,73.5710,91.8213,99.8896,202.6147,9.6059
2024-04-04 18:00:00+00:00,73.5575,93.1850,99.6709,206.0223,4.6553
2024-04-04 19:00:00+00:00,72.7986,90.9938,97.8400,196.6457,20.9395
2024-04-04 20:00:00+00:00,75.2642,91.1909,96.6252,204.6860,15.4071
2024-04-04 21:00:00+00:00,77.2324,95.4814,101.5583,206.9388,29.2255
2024-04-04 22:00:00+00:00,75.0518,91.9293,98.0712,205.3278,13.5320
2024-04-04 23:00:00+00:00,55.0998,68.3803,73.4419,170.8669,10.1542
2024-04-05 00:00:00+00:00,61.1943,76.3981,74.2536,188.6768,13.8798
2024-04-05 01:00:00+00:00,52.3891,50.7310,55.3692,135.2592,19.8984
2024-04-05 02:00:00+00:00,51.9447,61.7902,56.5361,171.2827,16.8815
2024-04-05 03:00:00+00:00,25.1243,31.3068,30.5312,82.2315,14.4253
2024-04-05 04:00:00+00:00,24.0166,26.5564,24.0181,74.6235,6.8742
2024-04-05 05:00:00+00:00,17.8815,27.9592,24.9068,70.7885,19.9130
2024-04-05 06:00:00+00:00,15.9942,22.6833,24.4096,45.4433,13.3687
2024-04-05 07:00:00+00:00,18.2539,19.8963,20.0181,51.9753,24.0477
2024-04-05 08:00:00+00:00,12.5262,11.8561,13.3889,33.6280,18.3081
2024-04-05 09:00:00+00:00,6.4380,5.5037,6.3149,16.8386,18.0919
2024-04-05 10:00:00+00:00,4.3329,4.1193,3.5815,13.8139,22.3626
2024-04-05 11:00:00+00:00,0.2654,0.0000,0.0056,0.3507,17.1147
2024-04-05 12:00:00+00:00,2.9048,1.3287,2.3912,7.4794,14.5781
2024-04-05 13:00:00+00:00,3.5067,1.3743,1.5999,10.0974,21.6038
2024-04-05 14:00:00+00:00,3.0232,1.5080,1.9366,6.5830,26.6776
2024-04-05 15:00:00+00:00,4.8317,3.5734,4.3361,10.6231,19.2331
2024-04-05 16:00:00+00:00,6.9241,4.7533,5.5502,14.7997,19.9653
2024-04-05 17:00:00+00:00,4.9363,3.1636,3.7111,11.7296,17.9290
2024-04-05 18:00:00+00:00,5.2840,3.2887,3.7109,12.2238,19.2265
2024-04-05 19:00:00+00:00,6.2720,8.6622,7.4885,26.0846,23.1576
2024-04-05 20:00:00+00:00,6.1696,5.1283,5.3565,18.5813,24.0634
2024-04-05 21:00:00+00:00,16.2535,8.0974,8.3801,32.1350,31.4664
2024-04-05 22:00:00+00:00,15.7572,12.8320,12.3277,41.8342,19.0565
2024-04-05 23:00:00+00:00,13.7543,10.4604,9.8995,33.0607,15.1020
2024-04-06 00:00:00+00:00,9.1827,6.1431,8.1941,17.2446,26.2244
2024-04-06 01:00:00+00:00,19.6677,12.6445,10.2501,56.6352,34.5877
2024-04-06 02:00:00+00:00,12.9621,8.6949,8.6337,34.1451,52.2957
2024-04-06 03:00:00+00:00,3.2277,5.8126,7.0142,14.8168,15.8208
2024-04-06 04:00:00+00:00,17.8874,19.5868,19.4433,48.4392,19.7591
2024-04-06 05:00:00+00:00,7.4241,2.7929,3.6531,17.9403,5.8212
2024-04-06 06:00:00+00:00,13.5974,4.2437,4.9979,26.7015,12.1456
2024-04-06 07:00:00+00:00,17.4342,11.2722,9.0865,44.6469,41.9668
2024-04-06 08:00:00+00:00,7.6779,3.3397,5.7912,12.0535,27.5302
2024-04-06 09:00:00+00:00,9.4989,7.6837,8.1362,22.2826,42.4509
2024-04-06 10:00:00+00:00,14.8500,10.8864,12.3722,42.0495,61.9666
2024-04-06 11:00:00+00:00,14.5358,11.4715,12.5395,36.0918,46.3146
2024-04-06 12:00:00+00:00,25.0047,19.3760,21.3152,61.8269,27.3568
2024-04-06 13:00:00+00:00,8.7267,5.7115,7.9381,18.3589,20.2728
2024-04-06 14:00:00+00:00,12.9276,8.8636,9.0751,32.4368,43.6384
2024-04-06 15:00:00+00:00,33.4471,35.6175,43.1631,81.7268,42.7640
2024-04-06 16:00:00+00:00,10.2022,8.5007,11.1911,22.9447,48.7317
2024-04-06 17:00:00+00:00,5.1608,3.4206,4.1055,11.6044,44.0220
2024-04-06 18:00:00+00:00,4.8077,4.0066,4.7238,15.5025,46.7033
2024-04-06 19:00:00+00:00,2.4066,0.4439,0.6267,2.7289,41.4491
2024-04-06 20:00:00+00:00,0.4168,0.2359,0.4166,1.3815,55.7522
2024-04-06 21:00:00+00:00,2.0011,1.9001,1.6972,6.8389,47.3168
2024-04-06 22:00:00+00:00,1.9494,1.3756,0.5402,7.8689,15.0565
2024-04-06 23:00:00+00:00,8.0640,6.2839,6.3642,21.2621,8.3004
2024-04-07 00:00:00+00:00,5.9420,2.0519,1.1652,18.9283,7.3919
2024-04-07 01:00:00+00:00,4.5710,2.8810,3.3156,11.9111,2.9493
2024-04-07 02:00:00+00:00,13.7141,12.2794,8.7932,44.6673,0.0729
2024-04-07 03:00:00+00:00,5.3089,14.1545,11.4622,36.4308,0.9821
2024-04-07 04:00:00+00:00,12.6200,30.0113,29.2496,60.3353,0.5465
2024-04-07 05:00:00+00:00,19.4841,32.7698,33.9334,72.6677,5.3597
2024-04-07 06:00:00+00:00,16.6001,20.6336,23.0445,51.3594,4.1658
2024-04-07 07:00:00+00:00,17.0824,19.1943,22.4924,43.4123,9.4489
2024-04-07 08:00:00+00:00,8.6098,14.9382,15.3775,30.4231,14.4413
2024-04-07 09:00:00+00:00,10.9081,15.2591,16.3389,32.5734,18.5181
2024-04-07 10:00:00+00:00,3.8592,5.7033,7.8531,9.0114,11.4127
2024-04-07 11:00:00+00:00,0.2019,0.0000,0.1977,0.0000,3.2543
2024-04-07 12:00:00+00:00,0.2292,0.0000,0.0000,0.0000,1.2909
2024-04-07 13:00:00+00:00,0.5834,0.0233,0.0000,0.1125,2.9270
2024-04-07 14:00:00+00:00,2.4353,0.6067,0.5996,4.0543,19.2560
2024-04-07 15:00:00+00:00,1.0503,0.0197,0.0000,1.7315,18.5069
2024-04-07 16:00:00+00:00,0.1759,0.0000,0.0000,0.3082,23.2244
2024-04-07 17:00:00+00:00,0.2863,0.0000,0.0000,0.2458,18.8953
2024-04-07 18:00:00+00:00,0.0137,0.0000,0.0000,0.0000,21.2626
2024-04-07 19:00:00+00:00,0.0000,0.0000,0.0000,0.0000,25.1779
2024-04-07 20:00:00+00:00,0.0000,0.0000,0.0000,0.0000,20.8460
2024-04-07 21:00:00+00:00,0.0000,0.0000,0.0000,0.1945,20.1402
2024-04-07 22:00:00+00:00,0.0000,0.0000,0.0000,0.0608,9.1938
2024-04-07 23:00:00+00:00,1.7157,1.4796,2.0210,3.3468,8.3608
2024-04-08 00:00:00+00:00,2.5962,1.8730,1.5030,10.4755,0.1306
2024-04-08 01:00:00+00:00,0.0000,0.0000,0.0000,0.4546,0.0000
2024-04-08 02:00:00+00:00,2.0669,2.4016,1.5593,7.8504,0.0067
2024-04-08 03:00:00+00:00,0.2403,0.6260,1.0408,1.1442,0.0000
2024-04-08 04:00:00+00:00,9.7743,16.2429,15.6863,40.8720,0.0000
2024-04-08 05:00:00+00:00,14.3968,11.9334,10.5747,52.0759,1.2699
2024-04-08 06:00:00+00:00,33.2290,39.2279,39.2416,139.3836,16.2842
2024-04-08 07:00:00+00:00,43.1613,54.8384,52.3469,161.8078,0.6535
2024-04-08 08:00:00+00:00,35.9761,54.0887,47.3959,165.5429,0.0000
2024-04-08 09:00:00+00:00,41.6434,45.8170,42.1487,148.7333,0.0000
2024-04-08 10:00:00+00:00,34.8520,43.3577,41.6841,127.2712,0.0000
2024-04-08 11:00:00+00:00,20.6760,28.1717,26.2004,86.8897,2.2713
2024-04-08 12:00:00+00:00,27.0266,38.1441,35.9129,120.6969,2.7799
2024-04-08 13:00:00+00:00,26.9101,41.2533,39.5814,113.0072,0.0000
2024-04-08 14:00:00+00:00,17.1244,21.0942,19.4748,66.6196,0.0000
2024-04-08 15:00:00+00:00,16.0146,17.5361,15.6584,52.0753,0.0000
2024-04-08 16:00:00+00:00,28.9595,28.9160,28.8976,85.4029,0.0000
2024-04-08 17:00:00+00:00,40.4654,36.9097,34.5348,126.3538,0.0000
2024-04-08 18:00:00+00:00,37.5541,33.6443,29.9575,123.1170,0.0000
2024-04-08 19:00:00+00:00,21.5322,18.4595,13.8857,85.5237,0.0000
2024-04-08 20:00:00+00:00,18.8062,15.7809,14.3036,66.5625,0.0000
2024-04-08 21:00:00+00:00,20.9614,17.4293,16.1772,57.2814,0.0000
2024-04-08 22:00:00+00:00,11.8915,12.7858,10.6376,43.6217,0.0000
2024-04-08 23:00:00+00:00,19.3178,22.0655,18.8542,74.3440,0.0000
2024-04-09 00:00:00+00:00,25.4452,27.6366,26.3162,93.6355,0.0000
2024-04-09 01:00:00+00:00,20.8330,23.9639,23.1178,71.8144,0.0000
2024-04-09 02:00:00+00:00,22.7021,35.3625,30.2916,107.3623,0.3889
2024-04-09 03:00:00+00:00,35.4773,49.6998,44.5751,144.4459,0.0000
2024-04-09 04:00:00+00:00,38.7308,43.7462,41.7016,148.4870,0.1882
2024-04-09 05:00:00+00:00,34.3679,36.4826,33.7138,118.2631,0.7553
2024-04-09 06:00:00+00:00,17.5255,17.9683,17.7530,59.9177,5.3852
2024-04-09 07:00:00+00:00,21.9862,17.6783,17.6506,57.0595,2.9164
2024-04-09 08:00:00+00:00,8.6344,8.5805,8.7961,31.9547,12.5011
2024-04-09 09:00:00+00:00,9.4346,15.1324,13.1733,43.3198,5.4786
2024-04-09 10:00:00+00:00,2.0313,1.0915,0.5539,9.5118,2.7201
2024-04-09 11:00:00+00:00,0.0823,0.9398,0.1263,4.1638,1.3357
2024-04-09 12:00:00+00:00,2.9926,3.5997,2.4851,13.2930,0.0000
2024-04-09 13:00:00+00:00,0.0000,0.0000,0.0000,0.0000,0.0000
2024-04-09 14:00:00+00:00,0.0000,0.0000,0.0000,0.0000,0.0000
2024-04-09 15:00:00+00:00,0.0000,0.0000,0.0000,0.0000,0.0000
2024-04-09 16:00:00+00:00,0.0000,0.0000,0.0000,0.0000,0.0000
2024-04-09 17:00:00+00:00,0.0000,0.0000,0.0000,0.0000,0.0000
2024-04-09 18:00:00+00:00,0.0000,0.0000,0.0000,0.0000,0.0000
2024-04-09 19:00:00+00:00,0.0000,0.0000,0.0000,0.0000,0.0000
2024-04-09 20:00:00+00:00,0.0000,0.0000,0.0000,0.0000,0.0000
2024-04-09 21:00:00+00:00,0.7504,1.2638,1.4640,0.5450,0.0000
2024-04-09 22:00:00+00:00,4.5512,9.5609,9.6358,16.4838,0.0000
2024-04-09 23:00:00+00:00,5.1782,11.5765,14.2497,17.6167,0.0000
2024-04-10 00:00:00+00:00,6.9808,20.3016,21.4725,36.2667,2.7520
2024-04-10 01:00:00+00:00,3.6808,23.9602,18.1781,36.9299,17.3321
2024-04-10 02:00:00+00:00,11.0416,41.4323,36.6543,65.1829,59.1813
2024-04-10 03:00:00+00:00,25.5326,33.4390,39.7366,60.3335,0.2747
2024-04-10 04:00:00+00:00,21.7967,27.2476,32.4814,79.0440,22.2910
2024-04-10 05:00:00+00:00,19.4792,20.4023,24.5251,68.7124,3.2481
2024-04-10 06:00:00+00:00,29.6544,36.8187,46.4342,62.7793,12.4110
2024-04-10 07:00:00+00:00,36.5543,33.0607,37.5774,92.8871,39.3552
2024-04-10 08:00:00+00:00,45.5904,11.0733,13.4645,45.1467,21.5875
2024-04-10 09:00:00+00:00,53.8998,90.8020,89.7423,181.4661,33.7122
2024-04-10 10:00:00+00:00,73.1341,73.9976,81.9378,162.0821,54.9905
2024-04-10 11:00:00+00:00,69.8661,84.2003,77.7189,159.2215,58.7348
2024-04-10 12:00:00+00:00,50.0117,50.0852,54.4111,86.8223,44.1455
2024-04-10 13:00:00+00:00,48.1274,39.2877,52.9046,81.7084,40.0245
2024-04-10 14:00:00+00:00,68.2764,79.1440,72.6719,161.6546,42.6930
2024-04-10 15:00:00+00:00,44.8421,36.7821,54.0042,79.3513,13.5494
2024-04-10 16:00:00+00:00,31.0119,34.7816,33.6360,59.9780,14.3668
2024-04-10 17:00:00+00:00,11.9003,5.2514,7.1494,14.0689,9.5419
2024-04-10 18:00:00+00:00,11.3348,6.9898,9.8257,15.2542,6.7357
2024-04-10 19:00:00+00:00,20.2431,9.8966,16.2792,19.9521,13.5647
2024-04-10 20:00:00+00:00,12.2294,6.8769,10.1142,18.7085,20.1921
2024-04-10 21:00:00+00:00,46.8666,51.3875,63.0900,103.8009,9.8642
2024-04-10 22:00:00+00:00,42.8101,35.1162,37.1336,81.5458,7.2372
2024-04-10 23:00:00+00:00,33.0433,24.4360,25.1505,66.6316,10.4707
2024-04-11 00:00:00+00:00,47.2451,60.1642,60.4096,147.2092,39.5125
2024-04-11 01:00:00+00:00,42.0914,56.3346,53.6721,146.2457,26.2728
2024-04-11 02:00:00+00:00,45.2081,39.6815,50.5128,113.8071,16.9908
2024-04-11 03:00:00+00:00,36.3392,50.3242,58.8761,136.6979,13.2546
2024-04-11 04:00:00+00:00,39.8038,61.1663,58.0852,165.4888,1.1144
2024-04-11 05:00:00+00:00,33.1528,32.7900,31.7952,115.7309,0.7220
2024-04-11 06:00:00+00:00,16.7221,12.8873,13.4109,40.0061,0.5212
2024-04-11 07:00:00+00:00,16.7044,19.1065,18.5424,57.9294,7.2641
2024-04-11 08:00:00+00:00,16.0308,16.8995,14.7889,48.0331,23.5880
2024-04-11 09:00:00+00:00,22.1694,25.4924,21.4485,62.5437,24.4262
2024-04-11 10:00:00+00:00,16.5308,19.4790,16.0200,48.4168,36.0006
2024-04-11 11:00:00+00:00,9.3774,6.6529,8.3041,19.6418,44.4506
2024-04-11 12:00:00+00:00,4.3448,3.4948,5.9231,4.3524,57.3335
2024-04-11 13:00:00+00:00,1.0536,0.0863,0.3502,1.2689,68.8416
2024-04-11 14:00:00+00:00,1.6486,1.6138,0.7575,8.3831,79.8083
2024-04-11 15:00:00+00:00,5.5132,3.8168,3.5534,17.9136,79.4690
2024-04-11 16:00:00+00:00,28.9150,52.2140,48.0741,135.5775,78.8962
2024-04-11 17:00:00+00:00,66.8315,89.9665,94.2709,187.6241,79.8020
2024-04-11 18:00:00+00:00,32.6127,64.1709,66.6016,124.2635,79.8895
2024-04-11 19:00:00+00:00,43.5801,83.6303,85.3127,151.2707,79.9000
2024-04-11 20:00:00+00:00,48.3135,62.1588,57.6559,145.8068,79.9000
2024-04-11 21:00:00+00:00,60.0175,74.9532,76.2232,162.6582,79.9000
2024-04-11 22:00:00+00:00,79.5622,98.2352,105.3446,209.4373,79.7070
2024-04-11 23:00:00+00:00,79.9151,73.8102,97.4743,169.2672,79.9000
2024-04-12 00:00:00+00:00,80.6592,61.3755,93.5371,137.3137,79.9000
2024-04-12 01:00:00+00:00,80.7871,99.3229,106.5000,210.3055,79.9000
2024-04-12 02:00:00+00:00,79.9718,99.1484,106.5000,195.2494,79.9000
2024-04-12 03:00:00+00:00,81.0000,100.5000,106.5000,215.0187,79.9000
2024-04-12 04:00:00+00:00,81.0000,100.5000,106.5000,215.2000,79.9000
2024-04-12 05:00:00+00:00,81.0000,100.5000,106.5000,215.2000,79.9000
2024-04-12 06:00:00+00:00,81.0000,100.5000,106.5000,215.2000,79.9000
2024-04-12 07:00:00+00:00,81.0000,100.5000,106.5000,215.2000,79.9000
2024-04-12 08:00:00+00:00,81.0000,100.5000,106.5000,215.2000,79.9000
2024-04-12 09:00:00+00:00,81.0000,100.5000,106.5000,215.2000,79.9000
2024-04-12 10:00:00+00:00,81.0000,100.5000,106.5000,214.9175,79.9000
2024-04-12 11:00:00+00:00,81.0000,100.4611,106.5000,214.4879,79.9000
2024-04-12 12:00:00+00:00,80.8902,98.7837,106.3548,212.7230,79.9000
2024-04-12 13:00:00+00:00,80.8915,100.4741,106.5000,214.8219,79.9000
2024-04-12 14:00:00+00:00,81.0000,88.0534,102.8609,200.9015,79.9000
2024-04-12 15:00:00+00:00,77.0824,88.5206,102.6551,187.1939,79.7226
2024-04-12 16:00:00+00:00,79.2667,95.9886,99.1130,201.2612,63.0758
2024-04-12 17:00:00+00:00,61.6679,23.9507,21.7083,136.6833,79.3059
2024-04-12 18:00:00+00:00,3.8225,11.6016,18.4576,9.7821,77.0761
2024-04-12 19:00:00+00:00,1.5841,20.3423,22.5870,11.3170,33.4027
2024-04-12 20:00:00+00:00,5.8524,6.6912,8.0693,17.0700,41.6543
2024-04-12 21:00:00+00:00,15.5520,15.7386,9.6487,62.0370,47.6171
2024-04-12 22:00:00+00:00,38.2491,42.2791,50.5500,90.8545,75.1151
2024-04-12 23:00:00+00:00,36.4409,55.2443,62.7197,123.2812,59.4935
2024-04-13 00:00:00+00:00,43.0017,47.8225,43.1073,166.4493,71.3092
2024-04-13 01:00:00+00:00,25.0224,25.1372,27.2721,65.1847,57.1591
2024-04-13 02:00:00+00:00,15.0757,12.2987,19.9956,22.1386,60.3698
2024-04-13 03:00:00+00:00,42.4699,39.9698,45.8218,89.0885,79.6490
2024-04-13 04:00:00+00:00,35.9308,32.5063,37.5362,78.8578,60.1203
2024-04-13 05:00:00+00:00,27.3806,31.1551,31.5001,80.0901,79.4624
2024-04-13 06:00:00+00:00,35.8723,37.8252,44.2119,83.5321,72.2626
2024-04-13 07:00:00+00:00,9.5481,9.2479,12.5846,24.7569,79.9000
2024-04-13 08:00:00+00:00,15.0536,4.8376,10.3729,18.5882,79.5724
2024-04-13 09:00:00+00:00,14.5182,11.9737,14.8382,30.6021,75.3519
2024-04-13 10:00:00+00:00,16.5325,13.3952,14.1541,37.6829,77.5375
2024-04-13 11:00:00+00:00,44.7194,44.2894,50.0163,106.1878,76.4781
2024-04-13 12:00:00+00:00,45.8129,50.1882,50.0198,149.3216,77.9053
2024-04-13 13:00:00+00:00,63.8946,66.5147,69.2849,168.4571,79.8460
2024-04-13 14:00:00+00:00,53.8894,60.1763,70.1482,125.9083,79.9000
2024-04-13 15:00:00+00:00,58.6952,82.1702,80.4738,189.1260,79.9000
2024-04-13 16:00:00+00:00,57.9034,73.4841,82.1430,152.4488,78.8511
2024-04-13 17:00:00+00:00,57.0542,68.2586,76.6451,143.7838,79.9000
2024-04-13 18:00:00+00:00,77.2267,92.5216,98.3827,208.3782,79.7988
2024-04-13 19:00:00+00:00,73.5312,90.5028,96.7984,203.5966,79.9000
2024-04-13 20:00:00+00:00,78.0213,96.2897,103.2823,210.0402,79.9000
2024-04-13 21:00:00+00:00,79.5767,99.2334,103.9828,215.0536,79.9000
2024-04-13 22:00:00+00:00,80.8242,100.2953,106.2506,214.9323,79.9000
2024-04-13 23:00:00+00:00,81.0000,99.9035,105.8558,215.2000,79.9000
2024-04-14 00:00:00+00:00,81.0000,100.3015,106.5000,215.1181,79.9000
2024-04-14 01:00:00+00:00,77.5890,88.0460,103.3546,203.2586,79.9000
2024-04-14 02:00:00+00:00,80.8382,97.7041,103.1799,214.6041,79.9000
2024-04-14 03:00:00+00:00,76.8804,86.1658,81.9050,209.6354,79.9000
2024-04-14 04:00:00+00:00,53.2955,46.6436,49.8005,155.6714,79.1606
2024-04-14 05:00:00+00:00,75.4607,77.3955,88.0370,186.4383,77.2109
2024-04-14 06:00:00+00:00,77.2979,83.6434,84.0385,207.3716,75.7787
2024-04-14 07:00:00+00:00,76.5337,76.9783,65.4687,210.5144,42.1597
2024-04-14 08:00:00+00:00,67.1964,71.2155,66.6002,204.4013,24.6968
2024-04-14 09:00:00+00:00,45.9310,50.4190,46.4704,162.3306,36.5939
2024-04-14 10:00:00+00:00,32.9402,35.6132,36.0389,103.8144,53.5437
2024-04-14 11:00:00+00:00,17.6389,18.8298,18.6792,53.3119,76.7308
2024-04-14 12:00:00+00:00,12.8195,11.7160,13.4754,30.8148,39.0146
2024-04-14 13:00:00+00:00,16.4389,18.7105,22.3181,34.8563,21.4733
2024-04-14 14:00:00+00:00,11.6265,11.4050,12.4691,27.5726,53.3604
2024-04-14 15:00:00+00:00,13.0484,13.5564,17.9919,24.4712,50.0118
2024-04-14 16:00:00+00:00,15.7270,16.9964,20.7988,33.0874,21.4854
2024-04-14 17:00:00+00:00,13.9070,14.1998,19.5318,33.7007,19.9419
2024-04-14 18:00:00+00:00,3.8008,4.5848,3.3255,14.8659,3.2345
2024-04-14 19:00:00+00:00,0.7900,0.1786,0.1361,2.4431,12.4252
2024-04-14 20:00:00+00:00,0.0000,0.0000,0.0000,0.0000,4.8702
2024-04-14 21:00:00+00:00,0.0000,0.0000,0.0000,0.0000,2.6814
2024-04-14 22:00:00+00:00,0.0000,0.0000,0.0000,0.0000,0.0000
2024-04-14 23:00:00+00:00,0.0000,0.0000,0.0000,0.0000,0.0000
2024-04-15 00:00:00+00:00,0.0000,0.0000,0.0000,0.0000,0.0000
2024-04-15 01:00:00+00:00,0.8261,0.0611,0.1627,0.4429,0.0000
2024-04-15 02:00:00+00:00,0.0771,0.0000,0.0000,0.7943,0.9998
2024-04-15 03:00:00+00:00,2.8620,2.8492,3.5537,7.0046,0.7952
2024-04-15 04:00:00+00:00,5.9588,7.5886,6.2866,26.0323,10.1779
2024-04-15 05:00:00+00:00,9.8622,11.5907,9.2743,39.2898,6.1393
2024-04-15 06:00:00+00:00,13.3739,14.4287,10.8731,52.2619,5.4697
2024-04-15 07:00:00+00:00,9.8472,7.6146,6.2470,34.5222,6.4904
2024-04-15 08:00:00+00:00,8.6151,8.5752,7.2955,29.1841,7.9321
2024-04-15 09:00:00+00:00,13.6779,15.3106,13.2687,42.7216,1.0649
2024-04-15 10:00:00+00:00,5.7537,5.6519,5.9677,17.8053,1.3061
2024-04-15 11:00:00+00:00,6.9255,5.1651,4.9661,17.5581,4.4848
2024-04-15 12:00:00+00:00,1.2666,1.6427,1.7525,4.1110,2.0528
2024-04-15 13:00:00+00:00,2.8000,2.9141,2.7422,7.5178,5.2904
2024-04-15 14:00:00+00:00,0.9339,0.8934,0.2408,3.2812,4.0266
2024-04-15 15:00:00+00:00,4.8226,4.3508,4.6028,12.5145,8.2907
2024-04-15 16:00:00+00:00,9.8322,12.0280,13.7629,23.3498,21.8350
2024-04-15 17:00:00+00:00,16.7791,16.5960,20.8183,39.2361,28.8302
2024-04-15 18:00:00+00:00,9.4153,8.1969,10.1472,21.8595,18.6410
2024-04-15 19:00:00+00:00,17.2069,17.9201,21.1822,40.0431,11.7247
2024-04-15 20:00:00+00:00,12.7474,13.8077,14.4275,32.9628,16.1224
2024-04-15 21:00:00+00:00,15.4767,17.0311,17.7370,45.9611,12.8591
2024-04-15 22:00:00+00:00,10.5675,13.2503,13.5942,35.4651,18.2334
2024-04-15 23:00:00+00:00,6.5566,8.2032,9.7056,22.9678,24.1181
2024-04-16 00:00:00+00:00,33.3351,29.2878,46.3219,68.1735,50.5843
2024-04-16 01:00:00+00:00,6.5964,10.6546,5.9404,50.3615,38.9676
2024-04-16 02:00:00+00:00,47.8145,55.5338,57.2065,155.0428,34.8328
2024-04-16 03:00:00+00:00,48.9975,64.6538,63.1037,171.1370,14.2820
2024-04-16 04:00:00+00:00,43.4829,52.3810,54.3159,139.4783,1.2669
2024-04-16 05:00:00+00:00,37.1107,45.7644,46.8974,126.6243,6.6554
2024-04-16 06:00:00+00:00,25.8599,28.5732,29.2480,87.8451,14.5907
2024-04-16 07:00:00+00:00,27.1372,31.4113,31.8533,93.1280,17.0200
2024-04-16 08:00:00+00:00,16.5899,17.2086,17.2113,53.1466,18.5899
2024-04-16 09:00:00+00:00,16.1130,14.6900,14.4379,48.6743,29.4393
2024-04-16 10:00:00+00:00,12.5478,12.2359,10.6075,46.0146,26.9213
2024-04-16 11:00:00+00:00,10.6435,12.8388,11.3002,39.0153,17.9444
2024-04-16 12:00:00+00:00,2.7626,1.6666,0.8391,11.8297,6.6576
2024-04-16 13:00:00+00:00,14.8905,14.2293,16.2936,34.9619,3.2968
2024-04-16 14:00:00+00:00,28.7265,26.8106,28.5701,72.5098,5.5245
2024-04-16 15:00:00+00:00,18.7838,21.4189,20.2656,57.4395,2.4686
2024-04-16 16:00:00+00:00,50.1751,59.5889,58.5106,158.0861,9.2789
2024-04-16 17:00:00+00:00,54.8287,61.9913,63.7732,163.5949,33.2357
2024-04-16 18:00:00+00:00,56.4642,63.7016,66.7288,162.5823,52.6890
2024-04-16 19:00:00+00:00,51.4250,60.3520,61.6600,155.4477,48.7878
2024-04-16 20:00:00+00:00,47.1459,51.1153,54.5648,130.2639,48.6665
2024-04-16 21:00:00+00:00,33.7648,39.6948,42.3178,97.7997,45.7459
2024-04-16 22:00:00+00:00,22.7591,28.5230,31.0346,69.6895,21.8945
2024-04-16 23:00:00+00:00,10.0087,12.7110,13.5811,32.7754,15.7819
2024-04-17 00:00:00+00:00,15.9723,17.6367,20.1579,46.2433,11.3815
2024-04-17 01:00:00+00:00,14.6451,19.1028,17.5447,59.9784,4.7020
2024-04-17 02:00:00+00:00,26.1079,27.5349,34.8204,70.1736,1.1815
2024-04-17 03:00:00+00:00,7.4373,8.9923,11.0589,24.0521,0.0000
2024-04-17 04:00:00+00:00,11.1408,9.0032,7.3398,33.1883,0.0000
2024-04-17 05:00:00+00:00,11.6009,22.1013,21.5456,38.1592,0.0000
2024-04-17 06:00:00+00:00,16.8801,25.4763,26.3341,61.7958,0.0528
2024-04-17 07:00:00+00:00,15.4759,23.3750,24.6046,48.0888,0.0682
2024-04-17 08:00:00+00:00,15.4879,22.4185,28.1560,46.2746,0.6380
2024-04-17 09:00:00+00:00,11.8297,14.5776,19.0645,30.4992,23.8388
2024-04-17 10:00:00+00:00,6.4378,9.4282,12.9109,17.3678,14.9154
2024-04-17 11:00:00+00:00,6.0681,7.7457,11.6763,10.8789,14.1097
2024-04-17 12:00:00+00:00,7.8010,9.8169,13.6202,16.0292,18.5164
2024-04-17 13:00:00+00:00,8.1021,10.5225,11.8727,20.2713,10.1768
2024-04-17 14:00:00+00:00,8.5607,10.5333,13.1401,16.6738,9.9015
2024-04-17 15:00:00+00:00,0.8355,0.8781,1.4003,0.7455,1.3990
2024-04-17 16:00:00+00:00,0.3532,0.0651,0.6293,0.1311,2.5659
2024-04-17 17:00:00+00:00,3.4274,3.3417,4.5801,5.5723,2.3651
2024-04-17 18:00:00+00:00,4.9278,5.0291,6.9570,9.7472,1.9403
2024-04-17 19:00:00+00:00,5.4291,6.2964,7.8062,10.2689,0.0000
2024-04-17 20:00:00+00:00,4.0707,4.6905,6.4418,7.9196,0.6056
2024-04-17 21:00:00+00:00,18.7730,23.0321,27.2736,39.7560,13.1881
2024-04-17 22:00:00+00:00,21.4084,28.3877,34.3576,50.3438,27.2980
2024-04-17 23:00:00+00:00,27.3733,34.5811,41.7547,66.7103,19.2232
2024-04-18 00:00:00+00:00,28.6141,41.0722,50.0467,77.9945,9.1912
2024-04-18 01:00:00+00:00,48.0613,63.6950,84.4664,112.7191,31.4141
2024-04-18 02:00:00+00:00,48.7716,63.6012,81.2758,139.5463,53.0671
2024-04-18 03:00:00+00:00,67.2732,88.3806,102.1389,179.7942,79.9000
2024-04-18 04:00:00+00:00,52.5005,82.3010,99.9548,167.9842,79.8691
2024-04-18 05:00:00+00:00,39.8077,75.9428,90.9349,152.6418,79.8656
2024-04-18 06:00:00+00:00,40.1282,87.8410,100.3596,151.9001,79.9000
2024-04-18 07:00:00+00:00,38.3368,94.2595,99.5132,167.4730,79.9000
2024-04-18 08:00:00+00:00,27.2309,85.4047,83.0511,160.1785,79.7773
2024-04-18 09:00:00+00:00,34.6771,94.1125,96.9674,176.5684,79.5340
2024-04-18 10:00:00+00:00,40.2329,96.0918,103.2587,178.5421,79.3576
2024-04-18 11:00:00+00:00,45.6010,92.0253,99.7925,178.0470,79.3595
2024-04-18 12:00:00+00:00,78.9441,79.2803,95.4760,171.2250,79.5009
2024-04-18 13:00:00+00:00,80.2794,87.9616,102.3073,168.1533,79.8863
2024-04-18 14:00:00+00:00,56.0388,84.5351,89.5153,153.9681,79.9000
2024-04-18 15:00:00+00:00,61.0819,70.6434,47.1026,172.1643,79.7348
2024-04-18 16:00:00+00:00,54.5701,59.6425,41.4966,148.9627,78.6758
2024-04-18 17:00:00+00:00,36.3256,41.8809,40.5005,116.1120,76.3409
2024-04-18 18:00:00+00:00,29.8763,5.7183,21.6725,36.9446,73.9077
2024-04-18 19:00:00+00:00,4.3299,0.7912,6.4951,11.7565,30.4800
2024-04-18 20:00:00+00:00,3.9400,7.3659,5.7597,36.7943,27.7098
2024-04-18 21:00:00+00:00,3.4659,2.9257,4.3863,23.6641,29.7914
2024-04-18 22:00:00+00:00,7.2592,4.4354,6.4350,26.6266,24.3674
2024-04-18 23:00:00+00:00,19.8821,12.2035,19.6038,27.6322,22.6613
2024-04-19 00:00:00+00:00,8.6289,5.5623,7.5876,9.9545,34.4761
2024-04-19 01:00:00+00:00,16.3929,16.2099,23.1815,30.0474,36.6290
2024-04-19 02:00:00+00:00,15.6488,17.0156,29.5017,31.3730,42.9427
2024-04-19 03:00:00+00:00,21.6448,23.1635,34.1000,30.1123,38.4886
2024-04-19 04:00:00+00:00,24.8603,26.0149,23.1288,59.2510,52.5772
2024-04-19 05:00:00+00:00,40.2063,45.2058,44.2159,74.3523,44.4233
2024-04-19 06:00:00+00:00,33.3446,33.6903,32.4100,58.8992,39.2549
2024-04-19 07:00:00+00:00,27.0331,26.1558,29.3337,31.5225,23.5691
2024-04-19 08:00:00+00:00,20.6698,19.5286,22.8199,28.0862,34.3143
2024-04-19 09:00:00+00:00,30.9962,35.0474,35.9419,61.2717,29.6461
2024-04-19 10:00:00+00:00,22.5410,27.2310,25.0024,60.2958,40.7300
2024-04-19 11:00:00+00:00,27.5711,29.0480,31.4147,42.6721,76.4827
2024-04-19 12:00:00+00:00,17.0109,19.8839,20.7106,25.3157,74.4785
2024-04-19 13:00:00+00:00,11.8012,14.8585,20.5260,18.4952,78.9558
2024-04-19 14:00:00+00:00,12.3610,12.5885,17.8936,17.2136,78.4910
2024-04-19 15:00:00+00:00,7.0405,6.2578,8.1217,8.7569,79.6546
2024-04-19 16:00:00+00:00,10.0326,10.0870,13.0867,20.2082,79.9000
2024-04-19 17:00:00+00:00,0.0000,0.0000,0.0000,0.0000,79.9000
2024-04-19 18:00:00+00:00,5.7201,5.5509,5.7040,16.1721,79.9000
2024-04-19 19:00:00+00:00,1.7911,0.2257,0.0717,15.6636,79.8908
2024-04-19 20:00:00+00:00,24.0620,8.4892,12.9570,22.6999,79.9000
2024-04-19 21:00:00+00:00,67.7233,33.9131,33.5895,130.4107,79.9000
2024-04-19 22:00:00+00:00,80.5477,97.0997,101.9253,191.7794,79.1545
2024-04-19 23:00:00+00:00,81.0000,99.2275,104.4704,214.7137,74.7845
2024-04-20 00:00:00+00:00,78.3315,96.7675,103.2813,213.2849,65.7965
2024-04-20 01:00:00+00:00,76.6970,81.4481,87.7969,211.2178,56.4195
2024-04-20 02:00:00+00:00,52.5769,57.4157,68.6665,164.0623,70.2559
2024-04-20 03:00:00+00:00,38.5836,55.9884,68.3875,146.0999,75.1140
2024-04-20 04:00:00+00:00,19.3263,40.8645,45.5180,104.8215,53.8450
2024-04-20 05:00:00+00:00,36.9446,41.4180,41.1301,137.0384,20.1821
2024-04-20 06:00:00+00:00,32.5641,32.5288,33.3022,107.5797,1.6304
2024-04-20 07:00:00+00:00,23.2582,28.1251,29.6125,89.5755,37.1853
2024-04-20 08:00:00+00:00,30.8011,39.6552,40.7945,121.6734,12.9661
2024-04-20 09:00:00+00:00,48.0253,52.0296,53.3418,164.2716,11.9037
2024-04-20 10:00:00+00:00,29.2895,38.8858,44.7138,108.5896,2.9984
2024-04-20 11:00:00+00:00,22.2024,29.9260,34.5586,84.4246,8.2192
2024-04-20 12:00:00+00:00,15.5098,20.4563,22.0693,59.9158,9.4713
2024-04-20 13:00:00+00:00,7.1344,11.2361,13.2204,28.4988,3.0061
2024-04-20 14:00:00+00:00,15.6028,17.5731,20.5631,37.9193,16.1108
2024-04-20 15:00:00+00:00,6.0669,8.2372,8.4482,19.3515,66.6074
2024-04-20 16:00:00+00:00,6.0240,6.4616,8.8896,12.3561,58.8895
2024-04-20 17:00:00+00:00,9.6635,8.5585,13.5440,16.7173,77.6393
2024-04-20 18:00:00+00:00,9.4937,11.0722,16.0934,39.1385,79.9000
2024-04-20 19:00:00+00:00,37.5124,43.0728,32.8752,123.2728,79.9000
2024-04-20 20:00:00+00:00,38.7914,43.0136,41.3856,89.8563,79.9000
2024-04-20 21:00:00+00:00,43.0535,39.2634,39.2336,118.4640,79.9000
2024-04-20 22:00:00+00:00,33.7165,34.0260,32.2579,93.8933,79.8200
2024-04-20 23:00:00+00:00,78.3285,96.4984,102.1261,209.9787,75.4863
2024-04-21 00:00:00+00:00,55.2301,59.5412,60.9265,168.1732,79.6152
2024-04-21 01:00:00+00:00,54.0529,66.7399,70.0733,173.1927,79.4073
2024-04-21 02:00:00+00:00,75.8353,95.0859,96.8105,208.9284,76.9872
2024-04-21 03:00:00+00:00,76.7878,93.0970,95.3760,210.5924,72.9116
2024-04-21 04:00:00+00:00,77.7836,95.7354,98.6054,212.8307,66.9011
2024-04-21 05:00:00+00:00,73.6113,89.5422,87.7648,208.8083,57.9943
2024-04-21 06:00:00+00:00,61.0738,69.0164,66.8275,201.5553,74.5141
2024-04-21 07:00:00+00:00,59.2066,75.3926,76.0210,200.4772,41.6467
2024-04-21 08:00:00+00:00,55.2125,69.2897,72.4833,186.7097,27.5007
2024-04-21 09:00:00+00:00,40.0249,59.1725,58.9710,147.6629,35.0512
2024-04-21 10:00:00+00:00,31.1470,41.5672,41.0069,107.7920,27.7392
2024-04-21 11:00:00+00:00,37.7549,50.1407,50.9037,130.7494,20.4364
2024-04-21 12:00:00+00:00,25.0884,32.0830,34.0114,74.1843,28.4327
2024-04-21 13:00:00+00:00,24.6871,37.2215,35.6682,86.6971,36.5562
2024-04-21 14:00:00+00:00,34.3453,37.7205,41.0073,90.4349,38.0005
2024-04-21 15:00:00+00:00,36.0327,46.8028,48.4511,108.2145,40.1029
2024-04-21 16:00:00+00:00,40.3260,45.0170,43.9725,113.4556,62.1264
2024-04-21 17:00:00+00:00,42.1206,58.2607,61.4137,130.8802,76.2363
2024-04-21 18:00:00+00:00,72.1663,94.2409,100.8607,196.8164,78.9680
2024-04-21 19:00:00+00:00,77.0339,94.9940,100.7064,205.0294,79.6442
2024-04-21 20:00:00+00:00,75.5945,95.2091,97.6990,206.1604,77.9572
2024-04-21 21:00:00+00:00,49.7396,67.2586,66.9565,154.1844,79.9000
2024-04-21 22:00:00+00:00,31.8878,50.5781,49.9483,106.9273,78.2025
2024-04-21 23:00:00+00:00,75.2684,73.7667,93.5535,164.3013,77.0499
2024-04-22 00:00:00+00:00,49.4675,47.7360,55.3187,127.0213,78.2910
2024-04-22 01:00:00+00:00,75.0210,97.1632,98.8966,211.8353,79.8851
2024-04-22 02:00:00+00:00,64.8625,85.0418,82.1503,204.4675,79.9000
2024-04-22 03:00:00+00:00,75.3239,88.7379,98.8307,204.8020,77.9924
2024-04-22 04:00:00+00:00,43.0411,44.2194,47.9807,117.6281,32.5729
2024-04-22 05:00:00+00:00,32.5492,27.5846,28.0256,86.5267,58.0467
2024-04-22 06:00:00+00:00,28.6522,27.7991,28.2149,82.4766,21.3189
2024-04-22 07:00:00+00:00,24.5729,24.6860,23.1321,73.9863,4.6812
2024-04-22 08:00:00+00:00,15.7567,15.9611,16.5680,50.8396,0.4950
2024-04-22 09:00:00+00:00,24.7364,25.3869,28.9736,60.2368,0.1467
2024-04-22 10:00:00+00:00,9.1026,8.5102,8.8848,26.9367,0.0211
2024-04-22 11:00:00+00:00,12.1345,11.5025,10.9442,33.6765,0.0000
2024-04-22 12:00:00+00:00,12.7787,11.1276,11.4244,32.6248,0.0109
2024-04-22 13:00:00+00:00,16.1473,17.9566,18.4720,44.4909,0.0000
2024-04-22 14:00:00+00:00,13.8960,14.7609,13.5847,43.1395,0.0000
2024-04-22 15:00:00+00:00,15.8789,17.8259,17.0888,45.6757,0.0000
2024-04-22 16:00:00+00:00,17.7922,19.8701,18.8487,55.4680,2.1824
2024-04-22 17:00:00+00:00,13.0591,14.7940,13.5934,41.1152,3.7293
2024-04-22 18:00:00+00:00,15.8923,15.8339,17.9915,38.3873,14.5909
2024-04-22 19:00:00+00:00,20.1896,21.9069,22.4692,55.4468,18.5064
2024-04-22 20:00:00+00:00,17.8812,15.5971,18.9239,42.3588,19.4061
2024-04-22 21:00:00+00:00,13.5213,16.4305,15.4888,40.1994,15.4794
2024-04-22 22:00:00+00:00,17.0204,21.9692,24.5432,51.3378,16.1475
2024-04-22 23:00:00+00:00,13.6089,16.2268,17.0593,42.8252,16.1812
2024-04-23 00:00:00+00:00,13.9677,21.3563,21.3141,49.7413,21.0584
2024-04-23 01:00:00+00:00,21.6684,26.0812,28.4890,57.7710,38.7622
2024-04-23 02:00:00+00:00,48.1787,50.7258,54.0326,139.4883,36.3847
2024-04-23 03:00:00+00:00,40.1979,48.7018,46.1163,136.9017,24.2847
2024-04-23 04:00:00+00:00,67.1449,78.1181,69.5168,205.1789,59.4674
2024-04-23 05:00:00+00:00,71.4891,83.3379,78.2862,208.8637,73.7784
2024-04-23 06:00:00+00:00,71.5920,88.2781,85.6600,210.1785,71.7695
2024-04-23 07:00:00+00:00,65.7872,76.0228,67.2277,207.6840,75.1500
2024-04-23 08:00:00+00:00,61.0244,73.7922,75.2056,203.5533,74.8641
2024-04-23 09:00:00+00:00,65.4081,73.9721,73.8145,206.1561,77.2615
2024-04-23 10:00:00+00:00,66.4919,76.9822,69.0343,207.3294,77.2970
2024-04-23 11:00:00+00:00,55.9615,71.8082,71.6069,191.4777,79.7142
2024-04-23 12:00:00+00:00,57.0191,71.5332,78.6343,175.6158,79.7506
2024-04-23 13:00:00+00:00,53.9535,71.2012,76.9828,166.8040,78.0559
2024-04-23 14:00:00+00:00,50.3765,66.0060,73.1544,149.9343,76.4533
2024-04-23 15:00:00+00:00,44.0831,60.4365,64.0447,127.2913,76.7520
2024-04-23 16:00:00+00:00,44.1045,54.1941,57.3864,119.8558,76.9143
2024-04-23 17:00:00+00:00,62.7235,74.1244,82.3829,162.0722,78.5877
2024-04-23 18:00:00+00:00,56.1825,67.6331,74.9628,146.7802,77.3444
2024-04-23 19:00:00+00:00,44.3811,50.2454,53.6990,112.8902,78.0047
2024-04-23 20:00:00+00:00,40.0400,51.1076,54.2963,113.7378,75.1991
2024-04-23 21:00:00+00:00,56.4366,58.3037,62.1603,150.7581,67.4271
2024-04-23 22:00:00+00:00,24.6587,14.3896,16.2802,52.7180,59.0133
2024-04-23 23:00:00+00:00,20.2802,32.5217,30.5349,70.3609,49.3205
2024-04-24 00:00:00+00:00,5.8188,0.7514,0.0000,18.8835,50.4354
2024-04-24 01:00:00+00:00,1.2251,11.3607,6.7084,17.8165,29.0367
2024-04-24 02:00:00+00:00,16.7552,14.8757,16.8832,35.6297,76.7445
2024-04-24 03:00:00+00:00,41.8255,28.3456,26.2772,98.7300,51.8288
2024-04-24 04:00:00+00:00,13.7393,18.8182,13.4360,53.2933,40.6059
2024-04-24 05:00:00+00:00,16.9987,34.2190,22.0885,67.6969,19.7709
2024-04-24 06:00:00+00:00,6.6101,5.0051,3.9739,15.5272,23.1056
2024-04-24 07:00:00+00:00,23.8413,23.4244,25.7611,48.5171,23.3703
2024-04-24 08:00:00+00:00,20.9558,8.4366,6.1380,41.2629,32.1599
2024-04-24 09:00:00+00:00,45.2577,32.9379,34.1281,93.4462,29.1276
2024-04-24 10:00:00+00:00,11.3572,13.3850,12.7245,33.3261,50.0724
2024-04-24 11:00:00+00:00,25.6831,17.8732,20.3074,57.4348,70.0101
2024-04-24 12:00:00+00:00,16.7835,19.4063,19.9403,44.3846,53.1814
2024-04-24 13:00:00+00:00,20.3408,25.0351,26.6197,62.7103,32.1925
2024-04-24 14:00:00+00:00,57.8905,60.3385,83.0755,131.9578,75.3611
2024-04-24 15:00:00+00:00,42.5308,41.0584,43.0335,115.8046,48.6759
2024-04-24 16:00:00+00:00,38.4894,29.9712,38.1045,74.7313,33.5338
2024-04-24 17:00:00+00:00,25.7368,29.6423,29.5229,74.0937,32.3193
2024-04-24 18:00:00+00:00,30.3862,30.9178,33.6946,76.8602,28.2670
2024-04-24 19:00:00+00:00,25.8258,27.9278,29.0184,67.1203,37.0285
2024-04-24 20:00:00+00:00,31.0405,29.0168,30.9552,78.2497,41.9815
2024-04-24 21:00:00+00:00,32.5627,34.7127,36.2261,86.1645,40.1832
2024-04-24 22:00:00+00:00,19.3694,17.6677,16.6915,57.4956,34.0103
2024-04-24 23:00:00+00:00,24.5850,31.3215,36.5819,70.8127,35.4987
2024-04-25 00:00:00+00:00,15.3992,16.3929,20.1070,32.5739,54.3696
2024-04-25 01:00:00+00:00,15.7049,14.2892,14.5061,47.6184,31.9402
2024-04-25 02:00:00+00:00,11.5301,13.0305,12.6894,43.0331,12.3203
2024-04-25 03:00:00+00:00,12.7961,14.1708,14.2717,33.9177,15.5648
2024-04-25 04:00:00+00:00,6.5431,3.3435,4.2014,12.2788,0.0143
2024-04-25 05:00:00+00:00,11.6883,11.4810,10.4281,36.2162,0.0991
2024-04-25 06:00:00+00:00,4.3537,5.5882,4.6095,19.5952,9.1538
2024-04-25 07:00:00+00:00,2.7506,2.6093,0.8448,13.5323,9.4695
2024-04-25 08:00:00+00:00,2.7188,2.8444,2.7051,9.3449,8.9657
2024-04-25 09:00:00+00:00,1.7148,0.5373,0.8979,3.3891,3.4967
2024-04-25 10:00:00+00:00,0.0000,0.0000,0.0000,0.0000,2.7031
2024-04-25 11:00:00+00:00,0.0000,0.0000,0.0000,0.0000,0.9818
2024-04-25 12:00:00+00:00,0.0000,0.0000,0.0000,0.0000,0.0502
2024-04-25 13:00:00+00:00,0.0000,0.0000,0.0000,0.0000,0.0000
2024-04-25 14:00:00+00:00,0.0000,0.0000,0.0000,0.0000,0.0000
2024-04-25 15:00:00+00:00,0.0000,0.0000,0.0000,0.0000,0.0000
2024-04-25 16:00:00+00:00,0.0000,0.0000,0.0000,0.0000,0.0000
2024-04-25 17:00:00+00:00,1.0399,0.0970,0.0891,0.8091,0.8907
2024-04-25 18:00:00+00:00,3.6385,3.0762,3.1734,9.1408,3.8939
2024-04-25 19:00:00+00:00,5.3916,4.7070,4.5359,14.1805,4.5953
2024-04-25 20:00:00+00:00,5.6750,5.3392,4.7499,16.3220,5.1381
2024-04-25 21:00:00+00:00,7.5199,7.9295,7.8951,21.2023,5.8814
2024-04-25 22:00:00+00:00,7.0255,6.1405,5.8551,18.0177,5.9325
2024-04-25 23:00:00+00:00,4.4356,4.7487,4.4874,12.1903,2.6636
2024-04-26 00:00:00+00:00,4.1114,4.7900,4.0389,16.0624,5.5446
2024-04-26 01:00:00+00:00,7.0205,9.4780,8.3037,28.3884,3.1229
2024-04-26 02:00:00+00:00,19.3475,26.5427,26.6175,71.9306,4.4855
2024-04-26 03:00:00+00:00,11.3103,14.2283,11.5512,50.7416,0.7115
2024-04-26 04:00:00+00:00,8.3321,11.5279,9.3588,44.4500,2.1207
2024-04-26 05:00:00+00:00,4.6874,4.2526,2.9688,21.3369,0.0536
2024-04-26 06:00:00+00:00,1.8858,2.1101,1.5511,9.5237,0.0055
2024-04-26 07:00:00+00:00,0.0000,0.0000,0.0000,0.9186,0.0468
2024-04-26 08:00:00+00:00,0.0000,0.0000,0.0000,0.0603,0.0000
2024-04-26 09:00:00+00:00,0.6980,2.1545,0.4338,11.9472,0.0000
2024-04-26 10:00:00+00:00,0.0000,0.0000,0.0000,0.0000,0.0000
2024-04-26 11:00:00+00:00,3.5825,8.7153,10.4731,10.8568,15.4752
2024-04-26 12:00:00+00:00,2.4502,4.2860,4.6716,6.5164,8.7248
2024-04-26 13:00:00+00:00,0.0000,0.0000,0.0000,0.0000,3.8314
2024-04-26 14:00:00+00:00,0.0000,0.0000,0.0000,0.0000,6.3602
2024-04-26 15:00:00+00:00,0.0000,0.0000,0.0000,0.0000,2.9754
2024-04-26 16:00:00+00:00,0.0000,0.0000,0.0000,0.0000,0.5694
2024-04-26 17:00:00+00:00,0.0000,0.0000,0.0000,0.0000,0.0085
2024-04-26 18:00:00+00:00,0.0000,0.0000,0.0000,0.0000,0.0000
2024-04-26 19:00:00+00:00,0.0000,0.0000,0.0000,0.0000,0.0000
2024-04-26 20:00:00+00:00,0.0000,0.0000,0.0000,0.0000,0.0000
2024-04-26 21:00:00+00:00,0.0000,0.0000,0.0000,0.0000,0.0000
2024-04-26 22:00:00+00:00,0.0000,0.0000,0.0000,0.0000,0.0000
2024-04-26 23:00:00+00:00,0.0000,0.0000,0.0000,0.0000,0.7254
2024-04-27 00:00:00+00:00,2.1011,2.8905,4.5389,6.2625,15.6151
2024-04-27 01:00:00+00:00,8.7384,11.4508,16.5022,21.9968,6.0861
2024-04-27 02:00:00+00:00,12.5118,18.6231,21.9886,37.0319,0.7992
2024-04-27 03:00:00+00:00,18.8475,34.8964,36.2506,71.5419,0.0000
2024-04-27 04:00:00+00:00,22.8866,38.7344,44.8920,85.7004,25.0926
2024-04-27 05:00:00+00:00,21.4879,33.1005,34.9922,68.7304,75.5461
2024-04-27 06:00:00+00:00,31.3378,41.2713,35.7617,99.6747,79.9000
2024-04-27 07:00:00+00:00,32.7270,41.0628,38.9316,101.3667,79.9000
2024-04-27 08:00:00+00:00,24.8637,37.4101,42.2653,93.0094,78.0127
2024-04-27 09:00:00+00:00,29.1245,40.9370,48.3181,71.3952,77.8989
2024-04-27 10:00:00+00:00,47.8090,59.1025,51.4047,152.3838,62.2869
2024-04-27 11:00:00+00:00,39.2054,38.5010,33.9865,104.4772,55.1180
2024-04-27 12:00:00+00:00,22.5532,20.0541,25.7121,47.5665,63.3725
2024-04-27 13:00:00+00:00,36.5544,43.6688,38.2807,84.0669,63.8120
2024-04-27 14:00:00+00:00,26.3525,29.8445,30.0203,65.4025,76.3035
2024-04-27 15:00:00+00:00,10.2274,14.7961,15.4206,28.0403,75.9716
2024-04-27 16:00:00+00:00,8.5603,9.4816,13.4597,13.8011,77.9689
2024-04-27 17:00:00+00:00,9.6163,10.6807,13.8689,19.0105,77.3232
2024-04-27 18:00:00+00:00,12.2477,14.6075,16.3530,29.8732,75.9538
2024-04-27 19:00:00+00:00,16.8921,15.3657,23.4953,31.6078,61.7941
2024-04-27 20:00:00+00:00,13.5912,13.6205,16.9944,31.7049,76.8005
2024-04-27 21:00:00+00:00,12.2719,10.1361,14.1686,25.2666,79.4446
2024-04-27 22:00:00+00:00,12.4659,10.8539,10.5079,33.3002,61.5740
2024-04-27 23:00:00+00:00,7.0927,6.6643,5.2261,24.8703,23.8893
2024-04-28 00:00:00+00:00,14.9096,6.9662,5.0720,24.0264,63.4679
2024-04-28 01:00:00+00:00,5.8640,0.2514,0.7144,3.7109,74.3696
2024-04-28 02:00:00+00:00,9.0356,0.1585,0.1563,1.6653,73.6103
2024-04-28 03:00:00+00:00,16.6413,0.8342,2.1108,5.3010,75.7133
2024-04-28 04:00:00+00:00,31.6486,8.8846,7.1407,25.8747,78.1213
2024-04-28 05:00:00+00:00,77.7827,19.6316,20.1358,83.8877,76.3247
2024-04-28 06:00:00+00:00,80.7893,95.0889,102.0477,192.4784,61.2083
2024-04-28 07:00:00+00:00,79.5183,69.3123,63.2363,172.3858,50.8088
2024-04-28 08:00:00+00:00,79.4999,95.7246,83.5661,210.0754,49.7811
2024-04-28 09:00:00+00:00,39.4344,5.6566,5.2870,53.7748,48.1236
2024-04-28 10:00:00+00:00,71.4169,42.8163,60.4027,117.1923,48.8242
2024-04-28 11:00:00+00:00,7.8499,1.9945,2.4441,11.2605,48.4013
2024-04-28 12:00:00+00:00,28.5051,17.0218,33.4197,18.5809,49.7656
2024-04-28 13:00:00+00:00,10.6986,4.9814,8.5430,9.8591,20.5988
2024-04-28 14:00:00+00:00,15.9138,7.1576,9.5948,19.9221,43.3540
2024-04-28 15:00:00+00:00,18.2691,10.7778,18.5204,20.0389,63.7822
2024-04-28 16:00:00+00:00,9.8010,1.7838,5.0802,7.7815,79.0232
2024-04-28 17:00:00+00:00,6.5275,7.1871,5.4315,24.7808,79.7751
2024-04-28 18:00:00+00:00,24.1765,20.7211,29.0622,43.2025,77.2789
2024-04-28 19:00:00+00:00,39.4810,53.3027,55.6511,100.9175,78.9193
2024-04-28 20:00:00+00:00,32.3636,33.0277,38.5779,77.3687,73.5592
2024-04-28 21:00:00+00:00,19.7872,14.4163,13.6167,46.8356,79.7834
2024-04-28 22:00:00+00:00,11.9073,10.6140,14.4420,27.8083,76.5618
2024-04-28 23:00:00+00:00,3.0636,1.6506,2.3520,5.2963,50.2780
2024-04-29 00:00:00+00:00,3.4502,2.5269,1.7415,12.6630,67.6930
2024-04-29 01:00:00+00:00,11.1355,13.5508,11.2521,41.3406,59.8516
2024-04-29 02:00:00+00:00,35.4445,30.9146,37.1744,82.0468,15.6610
2024-04-29 03:00:00+00:00,8.6554,12.9019,7.9095,57.8502,20.9330
2024-04-29 04:00:00+00:00,21.0094,20.3090,20.2783,79.4298,8.9577
2024-04-29 05:00:00+00:00,13.9788,20.7673,17.5968,65.3173,12.7538
2024-04-29 06:00:00+00:00,18.2378,22.3888,24.8864,54.2488,22.1086
2024-04-29 07:00:00+00:00,14.9861,15.2574,19.9190,35.9271,33.1251
2024-04-29 08:00:00+00:00,13.3212,16.3507,18.6906,42.3200,13.3644
2024-04-29 09:00:00+00:00,18.1262,22.8176,25.9701,59.9049,6.7769
2024-04-29 10:00:00+00:00,21.4137,25.2263,28.3451,59.2163,3.0226
2024-04-29 11:00:00+00:00,21.7782,23.0581,27.1136,52.2344,14.7938
2024-04-29 12:00:00+00:00,10.3240,11.6427,14.5934,23.1411,10.4303
2024-04-29 13:00:00+00:00,5.9546,6.8837,7.5067,14.5313,1.0531
2024-04-29 14:00:00+00:00,8.9200,8.1666,12.7660,13.8212,1.9825
2024-04-29 15:00:00+00:00,8.0036,8.2030,9.8030,17.2483,4.9055
2024-04-29 16:00:00+00:00,7.1259,6.9298,10.6481,11.8602,3.1050
2024-04-29 17:00:00+00:00,0.9985,0.2009,0.4332,1.3033,9.2254
2024-04-29 18:00:00+00:00,2.2177,2.1520,2.8237,3.5844,0.5165
2024-04-29 19:00:00+00:00,2.0330,2.3156,2.8780,4.0581,0.0000
2024-04-29 20:00:00+00:00,3.3960,3.5926,4.7145,6.8397,0.0000
2024-04-29 21:00:00+00:00,1.6799,1.8050,2.5031,2.1327,1.8581
2024-04-29 22:00:00+00:00,4.1897,5.1220,6.0308,9.1369,6.7679
2024-04-29 23:00:00+00:00,8.5588,10.6509,14.4926,17.5784,6.6531
2024-04-30 00:00:00+00:00,19.5049,27.9636,34.0807,52.9012,3.5101
2024-04-30 01:00:00+00:00,27.0574,37.2882,54.7724,64.2827,5.5020
2024-04-30 02:00:00+00:00,48.2890,61.3822,78.5849,110.2389,10.1115
2024-04-30 03:00:00+00:00,61.5634,82.2060,98.9416,164.8371,76.5375
2024-04-30 04:00:00+00:00,62.1043,79.0573,93.2830,164.6959,71.9579
2024-04-30 05:00:00+00:00,55.8856,74.8158,80.8920,171.8747,37.8720
2024-04-30 06:00:00+00:00,46.8540,75.1396,83.5811,140.0438,68.5702
2024-04-30 07:00:00+00:00,40.2905,69.7625,86.3864,128.9248,35.1609
2024-04-30 08:00:00+00:00,32.5546,65.3354,85.7467,107.1105,35.5875
2024-04-30 09:00:00+00:00,40.4358,58.2296,73.1074,110.3000,14.6238
2024-04-30 10:00:00+00:00,29.7302,51.1286,63.8647,91.7165,1.0905
2024-04-30 11:00:00+00:00,47.6509,67.1133,91.6331,118.3442,6.4111
2024-04-30 12:00:00+00:00,35.3445,65.0799,80.9470,110.2988,0.0858
2024-04-30 13:00:00+00:00,36.1195,54.7196,65.8416,112.7273,0.3653
2024-04-30 14:00:00+00:00,44.8894,64.2529,70.4480,116.8287,0.0000
2024-04-30 15:00:00+00:00,35.7135,53.4934,54.9923,97.9934,0.0000
2024-04-30 16:00:00+00:00,29.7030,51.9487,51.7548,97.3875,0.0011
2024-04-30 17:00:00+00:00,4.9990,16.9271,12.1325,28.0371,9.2016
2024-04-30 18:00:00+00:00,6.9178,14.9179,17.3709,29.5561,9.0939
2024-04-30 19:00:00+00:00,10.4755,9.1532,9.6039,26.3024,10.6717
2024-04-30 20:00:00+00:00,3.2411,4.4317,4.3096,12.0630,10.4495
2024-04-30 21:00:00+00:00,0.0000,0.0000,0.0000,0.3899,3.3819
2024-04-30 22:00:00+00:00,0.0000,0.0637,0.0000,0.0823,0.0000
2024-04-30 23:00:00+00:00,0.0000,0.0000,0.0000,0.0000,3.9829
2024-05-01 00:00:00+00:00,0.0000,0.0000,0.0000,0.0000,4.0743
2024-05-01 01:00:00+00:00,0.0000,0.0000,0.0000,0.9748,0.0000
2024-05-01 02:00:00+00:00,0.0000,0.0000,0.0000,0.0000,0.0000
2024-05-01 03:00:00+00:00,0.0000,0.0000,0.0000,0.0000,1.2013
2024-05-01 04:00:00+00:00,0.0000,0.0000,0.0000,0.0000,0.0000
2024-05-01 05:00:00+00:00,0.0000,0.0000,0.0000,0.0000,0.0000
2024-05-01 06:00:00+00:00,0.0000,0.1362,0.0206,0.1464,0.0000
2024-05-01 07:00:00+00:00,0.0000,0.0000,0.0000,0.0000,0.0000
2024-05-01 08:00:00+00:00,0.0286,0.0000,0.0000,1.3882,1.0689
2024-05-01 09:00:00+00:00,7.9972,4.9443,4.4138,23.0142,1.5759
2024-05-01 10:00:00+00:00,1.8409,0.4173,0.0000,7.1178,1.3472
2024-05-01 11:00:00+00:00,0.0000,0.0000,0.0000,0.0000,2.1066
2024-05-01 12:00:00+00:00,0.0000,0.0000,0.0000,0.0000,0.0000
2024-05-01 13:00:00+00:00,0.0000,0.0000,0.0000,0.0000,0.0000
2024-05-01 14:00:00+00:00,0.0000,0.0000,0.0000,0.0000,0.0000
2024-05-01 15:00:00+00:00,0.0000,0.0000,0.0000,0.0000,3.3890
2024-05-01 16:00:00+00:00,0.0000,0.0000,0.0000,0.0000,0.0000
2024-05-01 17:00:00+00:00,0.0000,0.0000,0.0000,0.0000,0.0000
2024-05-01 18:00:00+00:00,0.0000,0.0000,0.0000,0.0000,3.4710
2024-05-01 19:00:00+00:00,0.0000,0.0000,0.0000,0.0000,4.7741
2024-05-01 20:00:00+00:00,1.1576,0.2903,0.3790,0.4802,9.2104
2024-05-01 21:00:00+00:00,4.9313,4.3031,5.0246,8.4218,4.6720
2024-05-01 22:00:00+00:00,1.4097,0.5103,0.8054,2.4479,0.0000
2024-05-01 23:00:00+00:00,0.0000,0.0000,0.0000,0.0000,0.0000
2024-05-02 00:00:00+00:00,0.0000,0.0000,0.0000,0.0000,11.5649
2024-05-02 01:00:00+00:00,3.3384,10.2510,8.8608,21.3142,22.0719
2024-05-02 02:00:00+00:00,8.1923,3.4100,6.7177,16.1794,38.9251
2024-05-02 03:00:00+00:00,14.3071,13.8602,22.6242,14.7259,54.8121
2024-05-02 04:00:00+00:00,38.9244,26.1831,31.9135,41.7237,79.7141
2024-05-02 05:00:00+00:00,29.7112,26.0962,28.4772,37.6668,79.8356
2024-05-02 06:00:00+00:00,30.8790,69.1219,61.2066,82.6115,79.9000
2024-05-02 07:00:00+00:00,4.7443,0.9525,2.7069,6.5810,79.9000
2024-05-02 08:00:00+00:00,0.2757,0.0197,0.0382,0.1235,79.9000
2024-05-02 09:00:00+00:00,0.0888,0.7787,2.0052,0.0119,71.4423
2024-05-02 10:00:00+00:00,0.0000,0.0000,0.0000,0.0873,56.1915
2024-05-02 11:00:00+00:00,37.3823,45.9385,60.8660,58.5441,42.5584
2024-05-02 12:00:00+00:00,33.1298,27.5574,37.0747,71.9165,31.2274
2024-05-02 13:00:00+00:00,28.5236,27.7424,27.7465,83.6769,62.3566
2024-05-02 14:00:00+00:00,43.9040,33.4194,38.5115,102.5673,74.5993
2024-05-02 15:00:00+00:00,30.4722,18.4685,22.9832,62.0706,44.3231
2024-05-02 16:00:00+00:00,32.0818,24.6716,29.5545,70.7022,13.4987
2024-05-02 17:00:00+00:00,25.8449,21.5133,27.2392,59.8063,51.7791
2024-05-02 18:00:00+00:00,27.3265,18.5297,21.0466,45.7758,21.5425
2024-05-02 19:00:00+00:00,30.3443,20.2143,34.8038,39.5089,28.8834
2024-05-02 20:00:00+00:00,14.9895,6.1655,14.5398,18.4349,26.8489
2024-05-02 21:00:00+00:00,1.4201,0.0968,1.0673,0.6151,15.3640
2024-05-02 22:00:00+00:00,0.0588,0.6312,0.0000,3.1252,4.8996
2024-05-02 23:00:00+00:00,1.6646,2.2735,3.0946,4.9122,5.5837
2024-05-03 00:00:00+00:00,2.5352,4.1657,5.1385,8.2898,6.4796
2024-05-03 01:00:00+00:00,3.6838,6.6527,8.6380,9.4992,1.1104
2024-05-03 02:00:00+00:00,8.6392,15.3229,20.1469,24.5981,0.0000
2024-05-03 03:00:00+00:00,12.0869,20.1127,24.5717,33.3158,0.0000
2024-05-03 04:00:00+00:00,3.8385,7.7694,10.1450,12.0299,0.0160
2024-05-03 05:00:00+00:00,4.4205,10.6026,10.3362,14.9386,0.0000
2024-05-03 06:00:00+00:00,8.9284,16.1553,18.4885,23.9764,0.0000
2024-05-03 07:00:00+00:00,6.3517,12.0914,14.7615,17.7222,3.3102
2024-05-03 08:00:00+00:00,1.9942,6.9829,6.0021,7.0850,6.4988
2024-05-03 09:00:00+00:00,1.5708,3.9713,3.3123,7.5040,8.0010
2024-05-03 10:00:00+00:00,4.0260,7.2009,10.2916,8.9698,9.1554
2024-05-03 11:00:00+00:00,4.5620,8.5066,10.1349,13.3419,17.1957
2024-05-03 12:00:00+00:00,5.4859,11.8028,12.2708,16.4405,16.3547
2024-05-03 13:00:00+00:00,2.2802,3.3482,4.2089,4.0878,11.0435
2024-05-03 14:00:00+00:00,2.6583,3.4096,3.9521,5.8318,18.5528
2024-05-03 15:00:00+00:00,2.4988,3.3847,3.2571,6.8724,9.8250
2024-05-03 16:00:00+00:00,1.8654,2.8871,3.3790,6.9341,2.8281
2024-05-03 17:00:00+00:00,1.9082,6.8250,3.0855,16.0999,2.2429
2024-05-03 18:00:00+00:00,1.8034,6.1299,2.7507,15.6670,3.2944
2024-05-03 19:00:00+00:00,1.4040,3.3800,1.4058,10.9001,7.2245
2024-05-03 20:00:00+00:00,3.7539,7.1310,4.6278,17.0032,4.0315
2024-05-03 21:00:00+00:00,4.5739,7.5815,6.2327,18.1461,11.3875
2024-05-03 22:00:00+00:00,5.8136,9.4195,9.0654,19.5601,3.8202
2024-05-03 23:00:00+00:00,9.0909,14.3265,15.2687,29.5167,3.8581
2024-05-04 00:00:00+00:00,13.5699,27.9287,32.3038,52.3840,23.9833
2024-05-04 01:00:00+00:00,11.5328,29.9218,28.9734,61.7031,32.0593
2024-05-04 02:00:00+00:00,17.8320,21.0875,27.9151,37.5718,13.7045
2024-05-04 03:00:00+00:00,9.0128,10.9444,17.4457,19.5468,18.1665
2024-05-04 04:00:00+00:00,0.6801,9.0346,4.8285,17.3480,20.8122
2024-05-04 05:00:00+00:00,0.0000,0.5465,0.0000,4.0429,49.3636
2024-05-04 06:00:00+00:00,3.4707,8.5733,3.0900,20.6764,39.3819
2024-05-04 07:00:00+00:00,5.2680,9.3790,5.7387,28.0170,37.7610
2024-05-04 08:00:00+00:00,17.0232,9.6993,15.5226,9.3029,30.6586
2024-05-04 09:00:00+00:00,26.0457,6.4656,18.2962,12.2372,50.8349
2024-05-04 10:00:00+00:00,24.0746,2.4510,0.3975,19.3718,48.0406
2024-05-04 11:00:00+00:00,9.9876,1.3102,0.9243,5.2983,70.7440
2024-05-04 12:00:00+00:00,3.6695,0.2444,0.7574,1.2347,38.9281
2024-05-04 13:00:00+00:00,0.3510,0.0000,0.0000,0.2705,25.9073
2024-05-04 14:00:00+00:00,0.0000,0.0000,0.0000,0.0000,24.6444
2024-05-04 15:00:00+00:00,0.0000,0.0000,0.0000,0.0000,30.6588
2024-05-04 16:00:00+00:00,0.0000,0.0000,0.0000,0.0000,24.3881
2024-05-04 17:00:00+00:00,0.0000,0.0000,0.9316,0.0000,20.6195
2024-05-04 18:00:00+00:00,0.5365,0.9977,2.1881,0.1526,27.2454
2024-05-04 19:00:00+00:00,0.0572,0.0000,0.0000,1.9047,46.7356
2024-05-04 20:00:00+00:00,0.0000,0.0229,0.0000,4.3638,30.1569
2024-05-04 21:00:00+00:00,0.0000,0.0104,0.0000,2.4912,31.4096
2024-05-04 22:00:00+00:00,1.5819,0.4316,0.0000,4.4037,38.4751
2024-05-04 23:00:00+00:00,4.4276,2.8613,1.2508,17.0815,53.2406
2024-05-05 00:00:00+00:00,60.9572,74.1221,69.4375,156.9057,71.8541
2024-05-05 01:00:00+00:00,35.1616,34.2551,33.9233,84.7373,62.8630
2024-05-05 02:00:00+00:00,31.4673,24.1423,26.3639,52.5744,79.2166
2024-05-05 03:00:00+00:00,48.5449,33.4707,45.2704,85.9309,74.7866
2024-05-05 04:00:00+00:00,78.7801,93.3092,103.1079,198.7298,63.5968
2024-05-05 05:00:00+00:00,57.2137,55.6467,63.4052,109.2535,76.5316
2024-05-05 06:00:00+00:00,76.1271,80.6070,103.7215,149.6824,79.0572
2024-05-05 07:00:00+00:00,78.7243,94.8504,104.5754,196.8274,79.9000
2024-05-05 08:00:00+00:00,80.3557,98.9912,106.4641,211.8224,79.9000
2024-05-05 09:00:00+00:00,80.6592,75.3672,99.4320,197.2860,79.9000
2024-05-05 10:00:00+00:00,80.0069,37.0375,63.9199,147.1368,79.5232
2024-05-05 11:00:00+00:00,80.9695,63.3776,102.1725,170.0259,79.9000
2024-05-05 12:00:00+00:00,80.9639,82.1788,106.5000,170.7650,79.8802
2024-05-05 13:00:00+00:00,80.2065,64.3058,99.2201,151.9339,79.8922
2024-05-05 14:00:00+00:00,57.9466,11.4738,31.8884,48.7801,79.9000
2024-05-05 15:00:00+00:00,39.5299,5.1782,11.5664,36.9451,79.6404
2024-05-05 16:00:00+00:00,38.9970,9.5969,10.8345,26.8564,78.8384
2024-05-05 17:00:00+00:00,11.4315,1.9579,1.7998,8.6754,65.2447
2024-05-05 18:00:00+00:00,19.2977,6.3868,9.2505,19.4941,44.9111
2024-05-05 19:00:00+00:00,30.9210,20.7546,26.8934,36.6036,64.0314
2024-05-05 20:00:00+00:00,56.2599,26.7882,29.9912,75.8348,45.7535
2024-05-05 21:00:00+00:00,57.4606,30.8841,30.5015,99.5553,51.4258
2024-05-05 22:00:00+00:00,30.7822,17.6940,21.4390,42.9678,37.2082
2024-05-05 23:00:00+00:00,15.0837,6.2360,8.8090,17.8700,28.2414
2024-05-06 00:00:00+00:00,13.0260,6.1561,8.6426,12.6274,29.4998
2024-05-06 01:00:00+00:00,23.7551,11.5836,16.5021,27.4135,48.2172
2024-05-06 02:00:00+00:00,35.4009,23.8002,29.0622,59.7136,51.3713
2024-05-06 03:00:00+00:00,26.8874,22.5715,25.6950,62.4049,31.6692
2024-05-06 04:00:00+00:00,29.7066,34.9527,35.7070,85.8650,34.2316
2024-05-06 05:00:00+00:00,23.3352,29.9011,33.2571,66.0306,38.0849
2024-05-06 06:00:00+00:00,21.9223,23.8005,27.1046,58.9514,30.2028
2024-05-06 07:00:00+00:00,27.2761,15.7750,18.3997,52.9366,24.9627
2024-05-06 08:00:00+00:00,17.4775,11.1535,12.0236,35.0055,17.6607
2024-05-06 09:00:00+00:00,29.6239,29.3681,26.8367,79.6561,18.5240
2024-05-06 10:00:00+00:00,16.0095,13.5009,12.9461,41.4981,6.8612
2024-05-06 11:00:00+00:00,9.0004,8.0393,7.5328,25.5403,6.6845
2024-05-06 12:00:00+00:00,4.4824,3.9131,3.7619,12.5051,11.0813
2024-05-06 13:00:00+00:00,3.5125,3.9621,3.5929,10.2666,7.4710
2024-05-06 14:00:00+00:00,2.7751,3.5143,3.3435,9.2841,4.8246
2024-05-06 15:00:00+00:00,4.2580,5.2194,4.6241,13.7089,8.4500
2024-05-06 16:00:00+00:00,6.2727,9.1470,8.0284,22.8996,9.7070
2024-05-06 17:00:00+00:00,10.2654,13.4646,13.6601,31.9568,15.0912
2024-05-06 18:00:00+00:00,11.4621,14.6862,15.8458,32.0345,13.9358
2024-05-06 19:00:00+00:00,13.5204,15.1481,16.8487,34.3067,16.0358
2024-05-06 20:00:00+00:00,19.1601,22.6021,24.9127,51.1096,14.7150
2024-05-06 21:00:00+00:00,21.5379,22.0319,25.0273,55.5096,17.1533
2024-05-06 22:00:00+00:00,23.7862,23.2023,26.0253,66.8464,14.5251
2024-05-06 23:00:00+00:00,17.7307,32.6995,29.0184,79.3239,9.8148
2024-05-07 00:00:00+00:00,21.6833,17.8571,25.5684,59.3830,14.9126
2024-05-07 01:00:00+00:00,42.3328,41.8603,44.1339,123.9424,29.5186
2024-05-07 02:00:00+00:00,18.6167,20.0893,19.0247,65.0886,29.4559
2024-05-07 03:00:00+00:00,26.6114,27.6705,31.4963,82.9084,23.2365
2024-05-07 04:00:00+00:00,13.1137,8.6479,7.6626,38.7287,20.0638
2024-05-07 05:00:00+00:00,0.6338,0.0000,0.0000,3.7350,8.4418
2024-05-07 06:00:00+00:00,8.9262,4.8559,0.7888,37.2951,1.7944
2024-05-07 07:00:00+00:00,2.6371,1.1213,0.0862,9.4727,5.2134
2024-05-07 08:00:00+00:00,0.0000,0.0000,0.0000,0.1872,0.0844
2024-05-07 09:00:00+00:00,2.0864,1.4473,0.7048,6.1486,0.1211
2024-05-07 10:00:00+00:00,0.0000,0.0000,0.0000,0.0000,0.0508
2024-05-07 11:00:00+00:00,0.0000,0.0000,0.0000,0.0000,0.0000
2024-05-07 12:00:00+00:00,0.0000,0.0000,0.0000,0.0000,0.0000
2024-05-07 13:00:00+00:00,0.0803,0.0000,0.0000,0.0713,0.0000
2024-05-07 14:00:00+00:00,4.9542,3.8919,5.4352,8.7034,0.0503
2024-05-07 15:00:00+00:00,8.7013,7.3765,8.2890,18.6765,1.2121
2024-05-07 16:00:00+00:00,6.6340,6.3396,7.3772,15.0420,0.0000
2024-05-07 17:00:00+00:00,7.4271,7.3906,7.5923,19.4431,0.3968
2024-05-07 18:00:00+00:00,7.5693,8.0942,8.1534,22.3377,2.9572
2024-05-07 19:00:00+00:00,15.0512,20.7263,21.0049,43.9627,1.4088
2024-05-07 20:00:00+00:00,10.0417,11.4295,10.6749,30.1652,1.2978
2024-05-07 21:00:00+00:00,5.6805,6.6448,7.0940,15.9984,1.0050
2024-05-07 22:00:00+00:00,2.4732,2.5077,2.5422,6.9178,0.0000
2024-05-07 23:00:00+00:00,2.3193,2.0018,2.5861,5.8392,0.1687
2024-05-08 00:00:00+00:00,5.5979,5.4339,5.4512,18.7630,0.3804
2024-05-08 01:00:00+00:00,7.5260,7.7919,11.1823,22.8546,0.0330
2024-05-08 02:00:00+00:00,2.5662,2.9517,2.8422,10.0057,0.0000
2024-05-08 03:00:00+00:00,1.4730,1.2929,0.4535,7.3497,1.9834
2024-05-08 04:00:00+00:00,0.4283,0.2388,0.1018,6.2334,13.2160
2024-05-08 05:00:00+00:00,7.0437,9.2355,8.1600,25.8037,29.0718
2024-05-08 06:00:00+00:00,3.8966,4.5805,4.2338,15.2641,52.4272
2024-05-08 07:00:00+00:00,0.1640,0.0177,0.0000,2.9468,32.0785
2024-05-08 08:00:00+00:00,0.0000,0.8672,0.0000,9.7647,26.3056
2024-05-08 09:00:00+00:00,0.9385,3.2553,4.5300,4.6931,15.3216
2024-05-08 10:00:00+00:00,4.8412,11.1241,15.0506,14.9134,21.7959
2024-05-08 11:00:00+00:00,8.5543,20.9377,27.9544,27.7484,24.4426
2024-05-08 12:00:00+00:00,4.5155,12.9167,14.8595,17.4044,48.5644
2024-05-08 13:00:00+00:00,8.8405,48.8731,33.8996,91.6545,34.1091
2024-05-08 14:00:00+00:00,22.4300,40.5838,43.7200,90.5578,36.6884
2024-05-08 15:00:00+00:00,16.2125,19.3522,22.4752,41.5378,79.9000
2024-05-08 16:00:00+00:00,3.9648,2.0148,2.3338,9.1172,79.9000
2024-05-08 17:00:00+00:00,18.2144,26.2411,30.3951,59.5453,79.9000
2024-05-08 18:00:00+00:00,8.1836,11.5623,13.6165,25.1735,79.8748
2024-05-08 19:00:00+00:00,2.3467,3.5710,4.5560,9.7440,79.9000
2024-05-08 20:00:00+00:00,3.4794,0.2086,1.6339,0.8362,79.8293
2024-05-08 21:00:00+00:00,17.1294,12.0399,15.0468,28.3998,68.3830
2024-05-08 22:00:00+00:00,11.5404,10.3787,11.1225,32.3154,14.8415
2024-05-08 23:00:00+00:00,14.2400,10.9545,10.8420,35.6290,6.0107
2024-05-09 00:00:00+00:00,9.2944,11.6764,11.6223,37.3270,5.9046
2024-05-09 01:00:00+00:00,7.8546,6.3245,7.3624,17.2516,7.3214
2024-05-09 02:00:00+00:00,7.7725,9.8060,9.0375,30.2207,3.1004
2024-05-09 03:00:00+00:00,9.4792,7.5978,8.4502,22.0827,8.0699
2024-05-09 04:00:00+00:00,5.9865,3.2061,4.0198,14.7720,24.6610
2024-05-09 05:00:00+00:00,5.7672,3.5509,2.6826,17.0482,12.2922
2024-05-09 06:00:00+00:00,7.2247,6.7822,6.3647,26.0893,7.0720
2024-05-09 07:00:00+00:00,7.0350,7.0720,6.7755,23.9263,4.4841
2024-05-09 08:00:00+00:00,5.9016,4.2829,4.3523,15.2143,7.9644
2024-05-09 09:00:00+00:00,0.2813,0.0000,0.0000,0.6177,2.7658
2024-05-09 10:00:00+00:00,0.5375,0.0000,0.0000,3.9420,0.8194
2024-05-09 11:00:00+00:00,0.5592,0.0000,0.0000,0.4177,2.8297
2024-05-09 12:00:00+00:00,0.0987,0.0000,0.0000,0.0000,0.0000
2024-05-09 13:00:00+00:00,0.0938,0.0000,0.0000,0.0000,0.0000
2024-05-09 14:00:00+00:00,0.0000,0.0000,0.0000,0.0000,0.0000
2024-05-09 15:00:00+00:00,0.3208,0.0000,0.0000,0.1943,0.0000
2024-05-09 16:00:00+00:00,0.0947,0.0000,0.0075,0.0000,4.1554
2024-05-09 17:00:00+00:00,1.9357,0.7752,1.3841,2.4272,5.7740
2024-05-09 18:00:00+00:00,0.5044,0.0312,0.1768,0.1657,3.4055
2024-05-09 19:00:00+00:00,1.3457,0.5778,0.9196,1.3631,5.1235
2024-05-09 20:00:00+00:00,0.4486,0.0186,0.0021,0.2005,10.1913
2024-05-09 21:00:00+00:00,5.5631,3.6138,3.6760,8.3811,7.9517
2024-05-09 22:00:00+00:00,8.2910,8.9514,12.4757,20.1742,5.1601
2024-05-09 23:00:00+00:00,2.0558,3.7324,4.3767,5.4176,22.5863
2024-05-10 00:00:00+00:00,3.3030,3.6821,4.7819,6.1775,15.7173
2024-05-10 01:00:00+00:00,0.9375,2.8665,3.1063,6.2261,5.9957
2024-05-10 02:00:00+00:00,0.4566,2.5399,2.6666,5.6925,5.4882
2024-05-10 03:00:00+00:00,1.7796,3.9207,4.9750,7.3296,2.2819
2024-05-10 04:00:00+00:00,4.6720,9.3494,13.3981,14.1012,7.0169
2024-05-10 05:00:00+00:00,2.4022,8.1860,8.1392,16.9072,12.6749
2024-05-10 06:00:00+00:00,2.3439,7.2477,9.1505,12.1610,8.4165
2024-05-10 07:00:00+00:00,4.1551,10.4887,11.2068,19.7531,2.5306
2024-05-10 08:00:00+00:00,3.7648,10.0634,12.4902,16.0797,1.5856
2024-05-10 09:00:00+00:00,8.3053,19.5651,21.6973,33.1206,14.0959
2024-05-10 10:00:00+00:00,4.4770,7.4021,11.6244,9.4756,4.6730
2024-05-10 11:00:00+00:00,2.8555,5.3490,6.0460,12.1300,0.0000
2024-05-10 12:00:00+00:00,0.1944,0.0157,0.4672,0.0081,0.0632
2024-05-10 13:00:00+00:00,0.1544,0.0703,0.4578,0.0591,0.0000
2024-05-10 14:00:00+00:00,2.5296,3.5344,3.7142,6.9567,0.0000
2024-05-10 15:00:00+00:00,3.2428,4.1971,4.7315,9.8472,0.0000
2024-05-10 16:00:00+00:00,4.3798,4.6943,5.7794,9.6579,0.0000
2024-05-10 17:00:00+00:00,2.5809,1.9346,3.1051,4.3454,18.5357
2024-05-10 18:00:00+00:00,4.6659,3.5405,5.2775,7.6735,0.0000
2024-05-10 19:00:00+00:00,1.9966,1.1640,2.4380,1.8240,0.0000
2024-05-10 20:00:00+00:00,0.0000,0.0000,0.0000,0.0000,1.9800
2024-05-10 21:00:00+00:00,0.0000,0.0000,0.0000,0.0000,0.0000
2024-05-10 22:00:00+00:00,0.0000,0.0000,0.0000,0.0000,0.0000
2024-05-10 23:00:00+00:00,0.0000,0.0000,0.0000,0.0000,0.0005
2024-05-11 00:00:00+00:00,0.0000,0.0000,0.0000,0.0000,5.6155
2024-05-11 01:00:00+00:00,0.0000,2.4273,3.0284,1.4357,15.0653
2024-05-11 02:00:00+00:00,0.0000,0.9636,1.0148,0.4722,1.2005
2024-05-11 03:00:00+00:00,1.7666,1.7212,2.9129,3.7966,0.2088
2024-05-11 04:00:00+00:00,8.4499,9.0198,9.6734,19.8213,0.0000
2024-05-11 05:00:00+00:00,9.9018,7.1818,5.4238,28.5785,0.0000
2024-05-11 06:00:00+00:00,7.8447,10.2805,9.4204,28.9421,0.0000
2024-05-11 07:00:00+00:00,3.5445,3.1083,1.7330,19.2776,0.0000
2024-05-11 08:00:00+00:00,0.0000,0.0000,0.0000,0.3046,0.0000
2024-05-11 09:00:00+00:00,0.0000,0.0000,0.0000,0.0000,0.7287
2024-05-11 10:00:00+00:00,0.0000,0.0000,0.0000,0.0000,5.2518
2024-05-11 11:00:00+00:00,0.0000,0.0000,0.0000,0.0000,2.7855
2024-05-11 12:00:00+00:00,0.0000,0.0000,0.0000,0.0000,6.1196
2024-05-11 13:00:00+00:00,0.0000,0.0000,0.0000,0.0000,4.6509
2024-05-11 14:00:00+00:00,0.0000,0.0000,0.0000,0.0000,6.9969
2024-05-11 15:00:00+00:00,0.0000,0.0000,0.0000,0.0000,3.8321
2024-05-11 16:00:00+00:00,0.7857,0.0000,0.3606,3.6222,4.4563
2024-05-11 17:00:00+00:00,5.6296,2.7594,13.0062,3.9380,9.9734
2024-05-11 18:00:00+00:00,0.0000,0.0000,0.0242,1.4283,6.4303
2024-05-11 19:00:00+00:00,4.4027,3.9878,4.2070,14.6766,0.0000
2024-05-11 20:00:00+00:00,4.1090,3.3145,4.1499,5.9304,10.3543
2024-05-11 21:00:00+00:00,0.3781,0.0099,0.0071,0.2733,26.2906
2024-05-11 22:00:00+00:00,0.0000,0.0000,0.0000,0.0000,4.7426
2024-05-11 23:00:00+00:00,0.0238,0.0000,0.0000,0.0000,7.7912
2024-05-12 00:00:00+00:00,0.0000,0.0000,0.0000,0.9120,13.4117
2024-05-12 01:00:00+00:00,15.0563,1.8401,1.2774,24.1821,16.7619
2024-05-12 02:00:00+00:00,3.2306,0.1178,0.0639,2.8869,20.3068
2024-05-12 03:00:00+00:00,6.7017,6.8789,8.5718,10.8113,7.1640
2024-05-12 04:00:00+00:00,3.1399,5.0981,2.0040,13.1313,9.6010
2024-05-12 05:00:00+00:00,0.0000,0.0000,0.0000,0.0000,4.2665
2024-05-12 06:00:00+00:00,0.0000,0.0000,0.0000,0.0000,1.7293
2024-05-12 07:00:00+00:00,0.0585,0.2328,0.0000,5.2233,3.0054
2024-05-12 08:00:00+00:00,0.0120,0.0000,0.0000,0.3806,4.0877
2024-05-12 09:00:00+00:00,0.0000,0.0000,0.0000,0.0000,9.6949
2024-05-12 10:00:00+00:00,0.0000,0.0000,0.0000,0.0000,17.8928
2024-05-12 11:00:00+00:00,0.0000,0.0000,0.0000,0.0000,23.4313
2024-05-12 12:00:00+00:00,0.0000,0.0000,0.0000,0.0000,24.9224
2024-05-12 13:00:00+00:00,0.0000,0.0000,0.0000,0.0000,27.5194
2024-05-12 14:00:00+00:00,0.0000,0.0000,0.0000,0.0000,8.5822
2024-05-12 15:00:00+00:00,0.0000,0.0000,0.0000,0.0000,8.2697
2024-05-12 16:00:00+00:00,0.5199,1.3390,1.0833,1.7463,10.5663
2024-05-12 17:00:00+00:00,0.0000,0.0000,0.0000,0.0000,2.1953
2024-05-12 18:00:00+00:00,0.0000,0.0000,0.0000,0.0000,0.0504
2024-05-12 19:00:00+00:00,0.0000,0.0000,0.0000,0.0000,0.0000
2024-05-12 20:00:00+00:00,0.0163,0.0000,0.0000,0.6108,0.0000
2024-05-12 21:00:00+00:00,0.0000,0.0000,0.0000,0.0000,2.6436
2024-05-12 22:00:00+00:00,1.3975,1.8211,1.7972,3.0352,3.0887
2024-05-12 23:00:00+00:00,0.7480,0.9400,0.8477,1.0104,2.8477
2024-05-13 00:00:00+00:00,2.5025,1.2799,1.6269,4.6967,0.2684
2024-05-13 01:00:00+00:00,2.2118,2.3056,2.7604,4.0465,8.7482
2024-05-13 02:00:00+00:00,9.8169,10.2952,10.3166,21.6758,10.1762
2024-05-13 03:00:00+00:00,5.3736,6.9697,6.0665,18.2179,31.7802
2024-05-13 04:00:00+00:00,6.3727,6.9023,6.9738,17.8751,39.2587
2024-05-13 05:00:00+00:00,9.9576,14.2007,12.5879,41.9372,32.7844
2024-05-13 06:00:00+00:00,9.5542,12.4739,11.4894,38.9621,33.8347
2024-05-13 07:00:00+00:00,14.6391,17.9020,16.4601,52.7004,41.6358
2024-05-13 08:00:00+00:00,13.8360,17.1536,16.1341,50.9737,47.9493
2024-05-13 09:00:00+00:00,14.8523,18.1846,17.7446,49.9625,33.5135
2024-05-13 10:00:00+00:00,13.2032,16.2877,14.7624,44.8274,27.0415
2024-05-13 11:00:00+00:00,11.8356,12.6104,11.8747,31.4206,12.9381
2024-05-13 12:00:00+00:00,15.5325,12.8405,11.2503,35.6446,7.9965
2024-05-13 13:00:00+00:00,14.5201,11.4097,13.6961,26.2280,6.8480
2024-05-13 14:00:00+00:00,11.3014,9.3462,12.0866,17.2565,19.2481
2024-05-13 15:00:00+00:00,8.3349,8.0447,9.8678,15.1398,24.7394
2024-05-13 16:00:00+00:00,11.7484,12.8492,14.2302,26.9254,28.0703
2024-05-13 17:00:00+00:00,11.4424,11.1133,13.4904,24.4798,35.1350
2024-05-13 18:00:00+00:00,6.2365,3.4007,7.1598,8.5329,64.9063
2024-05-13 19:00:00+00:00,8.5784,9.0309,9.6448,25.9094,67.5356
2024-05-13 20:00:00+00:00,10.2510,5.9321,6.1476,20.7047,67.2965
2024-05-13 21:00:00+00:00,2.5136,0.8589,1.9741,5.2633,42.8100
2024-05-13 22:00:00+00:00,29.6104,23.5282,36.0618,47.8851,21.8256
2024-05-13 23:00:00+00:00,67.7489,46.9334,54.1482,128.2223,70.3903
2024-05-14 00:00:00+00:00,72.4074,74.4458,63.6756,178.7983,79.9000
2024-05-14 01:00:00+00:00,80.7955,98.9320,104.0406,214.5415,79.4658
2024-05-14 02:00:00+00:00,78.7475,95.7470,93.6226,213.4583,75.9330
2024-05-14 03:00:00+00:00,59.3277,60.9339,50.0499,194.3137,57.3327
2024-05-14 04:00:00+00:00,60.8389,90.3981,89.5470,204.4258,78.5272
2024-05-14 05:00:00+00:00,27.0006,24.7477,27.1116,66.9672,79.8529
2024-05-14 06:00:00+00:00,15.9474,16.1484,89.4947,23.7411,78.2121
2024-05-14 07:00:00+00:00,58.1730,61.4816,67.0919,139.3344,79.8439
2024-05-14 08:00:00+00:00,70.0519,78.2898,73.2857,204.1534,79.8341
2024-05-14 09:00:00+00:00,44.8772,37.3014,50.1291,101.9013,79.5388
2024-05-14 10:00:00+00:00,46.1246,40.4148,50.7046,89.6975,76.8259
2024-05-14 11:00:00+00:00,21.6606,24.3935,29.2821,40.4923,55.7135
2024-05-14 12:00:00+00:00,15.1500,12.3483,16.6995,28.7253,26.2315
2024-05-14 13:00:00+00:00,18.0856,14.2407,15.0516,35.6456,23.3895
2024-05-14 14:00:00+00:00,12.9881,12.3267,14.2082,28.7647,18.7044
2024-05-14 15:00:00+00:00,3.6591,5.0023,3.2271,17.3906,9.9493
2024-05-14 16:00:00+00:00,6.1009,1.6176,4.5176,5.1276,2.6766
2024-05-14 17:00:00+00:00,0.1479,0.0120,0.0000,2.2031,7.0737
2024-05-14 18:00:00+00:00,6.2052,3.0941,4.9863,8.3609,4.5090
2024-05-14 19:00:00+00:00,8.8915,5.5568,5.2118,12.1647,7.5849
2024-05-14 20:00:00+00:00,4.7018,2.9253,3.2145,9.7636,6.2224
2024-05-14 21:00:00+00:00,6.0406,6.9661,5.7084,21.2168,1.6817
2024-05-14 22:00:00+00:00,0.0000,0.0000,0.0000,0.0000,0.0000
2024-05-14 23:00:00+00:00,5.2150,8.3451,10.1811,11.9361,1.0230
2024-05-15 00:00:00+00:00,27.1889,31.0913,26.8133,74.8070,28.8571
2024-05-15 01:00:00+00:00,15.5395,24.7423,26.3071,58.7794,14.6947
2024-05-15 02:00:00+00:00,12.0504,14.6058,12.9845,43.1573,28.5259
2024-05-15 03:00:00+00:00,8.9341,14.0494,8.8730,42.0783,19.6597
2024-05-15 04:00:00+00:00,4.7962,6.3909,5.2388,20.5398,27.2103
2024-05-15 05:00:00+00:00,4.0849,3.0173,2.4568,14.7503,36.2191
2024-05-15 06:00:00+00:00,2.6387,3.2167,2.1334,18.6146,23.3225
2024-05-15 07:00:00+00:00,0.0039,0.0876,0.0000,3.5635,3.4236
2024-05-15 08:00:00+00:00,0.0000,0.0000,0.0000,2.7555,0.1190
2024-05-15 09:00:00+00:00,0.8376,6.7949,3.7419,17.9501,0.0236
2024-05-15 10:00:00+00:00,5.0999,14.6857,17.7572,25.7656,2.2963
2024-05-15 11:00:00+00:00,1.8499,7.0069,8.7548,6.5489,1.2405
2024-05-15 12:00:00+00:00,0.9694,3.0158,4.1304,3.0850,0.0000
2024-05-15 13:00:00+00:00,0.0000,0.3507,1.2940,0.2003,4.4381
2024-05-15 14:00:00+00:00,0.0000,1.0710,0.6059,1.3150,2.7551
2024-05-15 15:00:00+00:00,0.0000,0.0000,0.0000,0.0000,0.0002
2024-05-15 16:00:00+00:00,0.1797,0.9179,1.1686,0.4214,0.0000
2024-05-15 17:00:00+00:00,2.8564,1.4640,2.0108,3.8467,4.1674
2024-05-15 18:00:00+00:00,1.5887,1.5760,2.0862,2.9940,5.7545
2024-05-15 19:00:00+00:00,1.2054,2.5705,1.5236,6.5944,1.9564
2024-05-15 20:00:00+00:00,0.0000,0.0179,0.0000,1.6912,4.6409
2024-05-15 21:00:00+00:00,0.0000,0.0000,0.0000,0.0000,2.6182
2024-05-15 22:00:00+00:00,0.0000,0.0106,0.0000,4.2192,2.3643
2024-05-15 23:00:00+00:00,0.0000,0.0083,0.0000,1.0653,0.0000
2024-05-16 00:00:00+00:00,0.0000,0.0443,0.0000,2.2322,0.0000
2024-05-16 01:00:00+00:00,0.6803,1.2067,0.7250,1.2783,0.0000
2024-05-16 02:00:00+00:00,0.5959,0.2151,2.0729,0.1798,0.0000
2024-05-16 03:00:00+00:00,3.8011,7.4437,7.5269,17.0684,0.0000
2024-05-16 04:00:00+00:00,4.2230,2.5972,5.1866,10.6845,0.0032
2024-05-16 05:00:00+00:00,2.9491,0.2129,0.5875,2.3194,0.0000
2024-05-16 06:00:00+00:00,5.7449,1.3845,3.7001,1.9151,0.0000
2024-05-16 07:00:00+00:00,0.0928,0.0000,0.0000,0.0000,0.0000
2024-05-16 08:00:00+00:00,0.0000,0.0000,0.1451,0.0000,0.0000
2024-05-16 09:00:00+00:00,0.0000,0.0000,0.0000,0.0000,0.0000
2024-05-16 10:00:00+00:00,0.0000,0.0000,0.0000,0.0236,0.0000
2024-05-16 11:00:00+00:00,1.2654,2.3454,3.3658,3.4969,0.0000
2024-05-16 12:00:00+00:00,1.8201,1.5286,2.5742,1.8443,0.0000
2024-05-16 13:00:00+00:00,0.1775,0.0000,0.0350,0.0221,0.0000
2024-05-16 14:00:00+00:00,2.2891,1.5809,2.6970,2.4129,0.0000
2024-05-16 15:00:00+00:00,0.7314,0.2896,0.7980,0.5966,0.7966
2024-05-16 16:00:00+00:00,0.7120,0.2710,0.7467,0.4254,0.0000
2024-05-16 17:00:00+00:00,2.3036,2.8870,3.5176,4.6683,0.0000
2024-05-16 18:00:00+00:00,1.6828,1.4762,1.8415,2.9574,0.0000
2024-05-16 19:00:00+00:00,0.9304,0.1789,1.2577,0.2796,0.0000
2024-05-16 20:00:00+00:00,0.7037,0.9636,2.2994,0.3327,0.5345
2024-05-16 21:00:00+00:00,0.1809,0.0031,0.2295,0.0000,0.0000
2024-05-16 22:00:00+00:00,0.1871,0.1548,0.4628,0.4619,0.0000
2024-05-16 23:00:00+00:00,3.7640,6.3268,6.9434,11.4529,9.6452
2024-05-17 00:00:00+00:00,3.5157,8.9540,8.8056,15.7386,1.6177
2024-05-17 01:00:00+00:00,3.4712,5.4317,5.9137,13.1506,13.8919
2024-05-17 02:00:00+00:00,4.2144,6.4373,7.6997,17.9539,10.7998
2024-05-17 03:00:00+00:00,6.2779,14.8876,13.9869,31.6469,19.6141
2024-05-17 04:00:00+00:00,7.7292,14.3073,15.2439,33.4051,11.5243
2024-05-17 05:00:00+00:00,2.3639,5.6518,5.4507,12.8019,3.7401
2024-05-17 06:00:00+00:00,3.7493,5.9569,6.9268,15.3263,2.2117
2024-05-17 07:00:00+00:00,7.9290,6.6700,8.8077,17.6644,11.6712
2024-05-17 08:00:00+00:00,18.1114,24.0035,30.0360,39.2528,19.2339
2024-05-17 09:00:00+00:00,23.1995,29.9692,31.7684,47.5457,30.5218
2024-05-17 10:00:00+00:00,27.3294,17.3605,15.6590,53.7828,26.5310
2024-05-17 11:00:00+00:00,13.5020,13.6951,11.3333,38.0658,20.9733
2024-05-17 12:00:00+00:00,8.2118,3.7820,3.8790,14.3110,12.9063
2024-05-17 13:00:00+00:00,1.3773,0.5793,1.4560,0.5933,19.0422
2024-05-17 14:00:00+00:00,0.0000,0.0000,0.0183,0.0000,7.8084
2024-05-17 15:00:00+00:00,0.0728,0.0000,0.0096,0.0000,13.4606
2024-05-17 16:00:00+00:00,0.0000,0.0000,0.0000,0.0000,22.2660
2024-05-17 17:00:00+00:00,0.0000,0.0000,0.0000,0.0139,16.5939
2024-05-17 18:00:00+00:00,0.0000,0.0466,0.0000,2.4985,7.2557
2024-05-17 19:00:00+00:00,1.7909,4.7412,1.4042,8.3742,7.6982
2024-05-17 20:00:00+00:00,0.3685,1.8194,0.1657,3.6456,7.9620
2024-05-17 21:00:00+00:00,2.0211,6.2139,6.2070,9.5993,10.6613
2024-05-17 22:00:00+00:00,0.0000,0.2840,0.0000,0.3041,16.6605
2024-05-17 23:00:00+00:00,4.1508,5.1695,4.7374,16.2746,19.8641
2024-05-18 00:00:00+00:00,13.4432,14.9278,17.4140,38.0745,43.4208
2024-05-18 01:00:00+00:00,53.3680,59.2399,59.9378,169.3586,29.2980
2024-05-18 02:00:00+00:00,41.8128,52.8393,55.5214,121.4697,66.3494
2024-05-18 03:00:00+00:00,45.1594,54.7208,55.9580,112.5278,14.7872
2024-05-18 04:00:00+00:00,75.4372,96.8556,101.9529,208.7789,0.0000
2024-05-18 05:00:00+00:00,52.2838,68.7296,69.5290,165.5606,0.0000
2024-05-18 06:00:00+00:00,30.1841,30.0188,27.7666,100.6979,1.6653
2024-05-18 07:00:00+00:00,15.8100,10.3071,12.4418,28.4619,2.5055
2024-05-18 08:00:00+00:00,13.3148,13.4987,18.0194,23.5118,12.6319
2024-05-18 09:00:00+00:00,9.8355,11.6685,11.8779,25.9732,23.2925
2024-05-18 10:00:00+00:00,14.9344,17.9842,21.3357,30.7154,22.7128
2024-05-18 11:00:00+00:00,37.5710,42.4450,50.4053,79.5800,31.9962
2024-05-18 12:00:00+00:00,16.9271,27.7256,29.8206,51.6522,49.3138
2024-05-18 13:00:00+00:00,2.6728,2.6733,2.9735,7.2033,47.6229
2024-05-18 14:00:00+00:00,7.9509,5.8508,7.8411,21.8282,51.4654
2024-05-18 15:00:00+00:00,10.6430,16.6542,14.0231,45.1161,29.8378
2024-05-18 16:00:00+00:00,5.1775,7.7587,6.5428,21.4712,16.7906
2024-05-18 17:00:00+00:00,3.5987,4.2306,2.6608,16.8047,10.8212
2024-05-18 18:00:00+00:00,3.7617,4.8598,3.2012,14.9741,7.2344
2024-05-18 19:00:00+00:00,2.0659,2.0115,1.0511,8.1044,4.0790
2024-05-18 20:00:00+00:00,0.8871,2.2925,0.3347,10.7410,6.7013
2024-05-18 21:00:00+00:00,2.6998,3.6627,0.5267,14.0502,0.3362
2024-05-18 22:00:00+00:00,5.6489,7.9392,6.3040,19.1939,1.3060
2024-05-18 23:00:00+00:00,4.1375,7.8884,6.7888,16.9192,0.0000
2024-05-19 00:00:00+00:00,4.6827,7.2462,8.8728,17.8212,1.7844
2024-05-19 01:00:00+00:00,4.2690,9.5503,11.6740,14.8134,1.8854
2024-05-19 02:00:00+00:00,7.6274,13.2793,16.5461,23.5713,0.0000
2024-05-19 03:00:00+00:00,12.5020,16.0876,21.2008,27.9222,2.1994
2024-05-19 04:00:00+00:00,17.2057,21.9533,26.7333,44.3640,20.5630
2024-05-19 05:00:00+00:00,14.7221,14.5047,21.1872,20.4711,68.4849
2024-05-19 06:00:00+00:00,13.7195,13.8170,18.4442,15.6515,39.9972
2024-05-19 07:00:00+00:00,16.6778,18.4352,19.6933,39.7992,13.5976
2024-05-19 08:00:00+00:00,10.9769,13.6148,11.0518,33.7707,8.1597
2024-05-19 09:00:00+00:00,9.4964,9.3936,7.9652,25.8369,11.1602
2024-05-19 10:00:00+00:00,6.2881,6.8785,7.2376,19.6235,3.6543
2024-05-19 11:00:00+00:00,8.1768,5.3527,6.4436,15.0752,3.7168
2024-05-19 12:00:00+00:00,0.0209,0.0000,0.0000,0.0403,0.0070
2024-05-19 13:00:00+00:00,0.0000,0.0000,0.0000,0.0000,0.4944
2024-05-19 14:00:00+00:00,0.0000,0.0000,0.0000,0.0000,0.0000
2024-05-19 15:00:00+00:00,0.0000,0.0000,0.0000,0.0000,0.0000
2024-05-19 16:00:00+00:00,0.0000,0.0342,0.6430,0.0772,0.0000
2024-05-19 17:00:00+00:00,0.0000,0.0000,0.0000,0.0000,0.0000
2024-05-19 18:00:00+00:00,0.4681,0.0499,0.1622,1.8434,0.0000
2024-05-19 19:00:00+00:00,0.6743,0.3316,0.0046,3.4321,0.0000
2024-05-19 20:00:00+00:00,1.0653,1.3398,0.3526,5.2336,0.0000
2024-05-19 21:00:00+00:00,1.2156,1.5942,1.5351,2.6847,15.5428
2024-05-19 22:00:00+00:00,0.0000,0.0000,0.0000,0.0000,3.3998
2024-05-19 23:00:00+00:00,0.0369,1.3419,0.6341,2.4824,1.8704
2024-05-20 00:00:00+00:00,0.1877,2.8539,1.3587,6.7643,0.7673
2024-05-20 01:00:00+00:00,1.9007,2.6802,2.4698,7.3951,0.0000
2024-05-20 02:00:00+00:00,3.8657,7.2434,6.2932,20.8898,0.0000
2024-05-20 03:00:00+00:00,2.0281,4.2247,4.0075,11.2965,0.0000
2024-05-20 04:00:00+00:00,5.6802,8.3401,8.6019,19.0382,0.0000
2024-05-20 05:00:00+00:00,11.1594,13.5264,12.7775,35.7330,0.0000
2024-05-20 06:00:00+00:00,12.6840,15.7222,14.8316,39.7504,0.0062
2024-05-20 07:00:00+00:00,11.2102,11.9994,12.4170,32.4862,5.1746
2024-05-20 08:00:00+00:00,14.5377,17.4327,16.0715,44.6591,15.7570
2024-05-20 09:00:00+00:00,13.9900,16.4124,16.5773,40.5593,20.1903
2024-05-20 10:00:00+00:00,20.8786,23.8763,22.0001,63.7285,23.3971
2024-05-20 11:00:00+00:00,17.0233,21.5116,19.6488,64.7163,5.5630
2024-05-20 12:00:00+00:00,8.0856,9.7611,8.0856,24.9413,0.0379
2024-05-20 13:00:00+00:00,2.7000,1.4705,1.7728,2.5815,0.3977
2024-05-20 14:00:00+00:00,0.0000,0.0000,0.0000,0.0000,0.0000
2024-05-20 15:00:00+00:00,0.0000,0.0000,0.0000,0.0000,0.0064
2024-05-20 16:00:00+00:00,0.7992,1.8450,2.1628,1.4554,0.1495
2024-05-20 17:00:00+00:00,0.3389,1.7429,1.8988,2.0882,4.3215
2024-05-20 18:00:00+00:00,2.2329,3.5403,4.3504,6.2606,12.5391
2024-05-20 19:00:00+00:00,4.1274,5.4142,6.1660,9.9526,7.2184
2024-05-20 20:00:00+00:00,2.8398,4.9350,4.4006,9.2159,7.7060
2024-05-20 21:00:00+00:00,2.2760,2.6593,3.7976,5.4290,8.1269
2024-05-20 22:00:00+00:00,6.6994,7.8602,8.1704,18.2877,9.3736
2024-05-20 23:00:00+00:00,8.2983,11.8528,12.3332,26.4350,10.6103
2024-05-21 00:00:00+00:00,12.7522,17.7978,12.6423,63.7560,5.1956
2024-05-21 01:00:00+00:00,16.9626,16.4422,13.4376,62.7799,5.7201
2024-05-21 02:00:00+00:00,13.4836,16.2420,16.0744,46.7130,7.6885
2024-05-21 03:00:00+00:00,9.5047,9.2690,8.2030,29.2138,23.5436
2024-05-21 04:00:00+00:00,20.9017,23.6408,21.7033,69.2834,15.9307
2024-05-21 05:00:00+00:00,23.3800,25.1749,21.3636,86.8603,16.3308
2024-05-21 06:00:00+00:00,18.6651,28.7352,24.7497,95.8065,12.7391
2024-05-21 07:00:00+00:00,19.9946,29.4639,23.9068,93.8587,10.6674
2024-05-21 08:00:00+00:00,23.1967,25.6991,26.2164,67.5706,31.9746
2024-05-21 09:00:00+00:00,14.4560,16.6220,15.1896,47.5429,39.2749
2024-05-21 10:00:00+00:00,20.5765,27.4845,23.6535,83.1486,47.1400
2024-05-21 11:00:00+00:00,18.9190,26.4451,21.7601,78.5916,72.7031
2024-05-21 12:00:00+00:00,15.8502,23.4032,16.4328,84.3256,29.2323
2024-05-21 13:00:00+00:00,15.3322,21.8541,25.3342,50.0533,11.4895
2024-05-21 14:00:00+00:00,47.6599,55.6046,57.7095,145.7196,0.0000
2024-05-21 15:00:00+00:00,14.4525,12.5675,7.9274,50.5614,0.2697
2024-05-21 16:00:00+00:00,0.0000,0.0000,0.0000,0.0000,0.0504
2024-05-21 17:00:00+00:00,3.1933,2.8492,3.3579,5.1859,9.0559
2024-05-21 18:00:00+00:00,10.4828,14.2185,13.8350,29.8375,35.0904
2024-05-21 19:00:00+00:00,6.9055,4.2983,5.6960,12.3940,29.4177
2024-05-21 20:00:00+00:00,8.4729,10.4916,11.4200,26.9880,15.0834
2024-05-21 21:00:00+00:00,0.2444,1.1373,1.6630,0.2846,14.9349
2024-05-21 22:00:00+00:00,0.6348,0.0000,0.0000,0.9697,29.4050
2024-05-21 23:00:00+00:00,0.0000,0.0000,0.0000,0.0178,44.7981
2024-05-22 00:00:00+00:00,5.2983,11.9924,11.0132,23.1560,65.0802
2024-05-22 01:00:00+00:00,6.7701,11.4579,6.7598,30.7487,18.1460
2024-05-22 02:00:00+00:00,10.4468,10.7880,21.3654,11.8743,19.8235
2024-05-22 03:00:00+00:00,1.5339,6.7053,7.4731,10.3464,28.6352
2024-05-22 04:00:00+00:00,36.2215,23.8480,30.8190,32.0663,79.8206
2024-05-22 05:00:00+00:00,8.3752,5.1013,8.2490,6.6067,77.4273
2024-05-22 06:00:00+00:00,62.4708,54.4595,54.8825,147.2043,75.6958
2024-05-22 07:00:00+00:00,60.6413,79.1573,77.7436,191.6148,69.9378
2024-05-22 08:00:00+00:00,46.9461,51.0495,52.0078,138.2193,77.1604
2024-05-22 09:00:00+00:00,48.3683,52.1491,54.1364,134.9254,70.9706
2024-05-22 10:00:00+00:00,58.0950,57.9283,59.1433,156.0110,70.5518
2024-05-22 11:00:00+00:00,21.7073,19.4238,20.3339,55.4095,69.0571
2024-05-22 12:00:00+00:00,9.3704,5.5832,7.9507,13.5010,41.2364
2024-05-22 13:00:00+00:00,11.8336,8.9560,11.8871,19.6638,49.5282
2024-05-22 14:00:00+00:00,8.3426,5.3603,7.0428,12.7646,40.8854
2024-05-22 15:00:00+00:00,4.3055,1.4292,3.4399,3.4624,33.9575
2024-05-22 16:00:00+00:00,4.9161,3.7645,5.8660,6.9754,17.9233
2024-05-22 17:00:00+00:00,5.9612,7.6199,9.7656,11.1557,17.0276
2024-05-22 18:00:00+00:00,3.1830,3.5828,4.3243,6.0525,35.6030
2024-05-22 19:00:00+00:00,1.2513,0.1817,0.7341,1.0828,46.6335
2024-05-22 20:00:00+00:00,0.0000,0.0000,0.0000,0.0000,32.2777
2024-05-22 21:00:00+00:00,5.4396,9.5324,4.5725,10.9485,42.9206
2024-05-22 22:00:00+00:00,0.0019,1.5336,1.7634,1.2032,30.9738
2024-05-22 23:00:00+00:00,0.9369,10.0769,13.5780,8.4106,16.3235
2024-05-23 00:00:00+00:00,4.6125,3.2120,5.5737,11.1529,30.5421
2024-05-23 01:00:00+00:00,79.0399,90.0259,86.8918,213.7769,28.0716
2024-05-23 02:00:00+00:00,72.3807,79.9362,93.0049,203.1146,75.0426
2024-05-23 03:00:00+00:00,48.4615,59.1909,57.2883,157.4277,79.0773
2024-05-23 04:00:00+00:00,62.9538,83.2913,81.3920,206.6987,78.2499
2024-05-23 05:00:00+00:00,77.9032,93.8928,98.9661,212.0130,79.9000
2024-05-23 06:00:00+00:00,74.6396,85.2966,94.6997,209.5084,79.9000
2024-05-23 07:00:00+00:00,77.2660,95.1691,101.6444,210.3582,70.2812
2024-05-23 08:00:00+00:00,56.8894,77.9756,67.6466,200.1524,77.7642
2024-05-23 09:00:00+00:00,78.9429,95.8250,100.9746,214.0833,35.5485
2024-05-23 10:00:00+00:00,74.0133,80.7493,80.4036,201.4855,1.6159
2024-05-23 11:00:00+00:00,42.7360,50.5208,50.4543,124.3053,19.5438
2024-05-23 12:00:00+00:00,28.1636,38.7237,35.7140,90.4201,23.1903
2024-05-23 13:00:00+00:00,30.9880,44.2092,42.9291,101.1514,22.6311
2024-05-23 14:00:00+00:00,32.5215,38.2648,35.3510,106.2086,16.3807
2024-05-23 15:00:00+00:00,15.8774,20.2198,20.1361,51.5191,18.4723
2024-05-23 16:00:00+00:00,25.4882,31.1383,28.8580,84.8086,14.5314
2024-05-23 17:00:00+00:00,18.7912,25.0196,27.0761,55.5783,31.5414
2024-05-23 18:00:00+00:00,35.7592,41.1227,41.6758,99.5140,59.9046
2024-05-23 19:00:00+00:00,37.1653,48.7623,49.3907,117.2141,76.3714
2024-05-23 20:00:00+00:00,40.3606,50.0123,48.9008,124.4299,78.8467
2024-05-23 21:00:00+00:00,38.5212,53.0534,53.8005,123.0044,74.0527
2024-05-23 22:00:00+00:00,45.6709,58.3549,60.6639,134.9002,47.7365
2024-05-23 23:00:00+00:00,50.3249,70.2637,74.3809,160.1117,34.7668
2024-05-24 00:00:00+00:00,66.2802,84.0719,86.2061,202.2397,30.9407
2024-05-24 01:00:00+00:00,63.7290,77.4125,75.3848,202.8933,33.6748
2024-05-24 02:00:00+00:00,50.5390,64.5130,56.3971,189.7237,48.3967
2024-05-24 03:00:00+00:00,51.8998,64.7721,63.4305,175.3775,54.9585
2024-05-24 04:00:00+00:00,66.4527,79.5296,83.9429,205.3226,71.0828
2024-05-24 05:00:00+00:00,68.3415,86.9220,83.8644,207.6878,77.1237
2024-05-24 06:00:00+00:00,64.4405,83.5835,84.6480,204.5667,78.8571
2024-05-24 07:00:00+00:00,58.9989,75.0060,72.4351,201.1614,77.6432
2024-05-24 08:00:00+00:00,37.6457,49.2154,49.2576,134.4529,61.5189
2024-05-24 09:00:00+00:00,20.3852,31.1439,32.0643,79.9704,69.5498
2024-05-24 10:00:00+00:00,45.1785,63.9205,68.6160,159.9174,61.0306
2024-05-24 11:00:00+00:00,43.6477,60.4910,62.1577,148.1099,58.5388
2024-05-24 12:00:00+00:00,64.5646,64.0900,80.5235,149.1965,65.3726
2024-05-24 13:00:00+00:00,76.8569,96.1651,99.0589,207.4822,65.6933
2024-05-24 14:00:00+00:00,80.7671,96.5054,102.8358,211.0524,77.0537
2024-05-24 15:00:00+00:00,78.4127,95.2851,101.9222,209.7917,79.7748
2024-05-24 16:00:00+00:00,65.7646,68.7248,77.2383,166.1443,69.7816
2024-05-24 17:00:00+00:00,56.3838,65.0867,71.6718,149.5886,72.2602
2024-05-24 18:00:00+00:00,48.4019,47.7592,52.7697,120.6402,76.7859
2024-05-24 19:00:00+00:00,44.6457,42.6286,45.7779,117.2591,64.3308
2024-05-24 20:00:00+00:00,37.2440,43.2938,47.0651,108.1165,75.4106
2024-05-24 21:00:00+00:00,53.7121,58.5217,65.5457,143.2587,69.7729
2024-05-24 22:00:00+00:00,43.3291,43.9909,48.6087,110.7681,47.8358
2024-05-24 23:00:00+00:00,16.4901,16.3371,17.5730,48.3730,61.2557
2024-05-25 00:00:00+00:00,14.1335,11.7499,12.5288,37.3596,14.8549
2024-05-25 01:00:00+00:00,8.5786,9.1260,10.1315,33.5181,7.6480
2024-05-25 02:00:00+00:00,2.5179,2.3273,1.8039,17.7740,4.5148
2024-05-25 03:00:00+00:00,2.7051,3.6204,2.6355,11.5101,1.6336
2024-05-25 04:00:00+00:00,3.2285,4.0239,3.0891,15.5181,3.8887
2024-05-25 05:00:00+00:00,3.1632,3.2206,1.0541,18.9724,3.6760
2024-05-25 06:00:00+00:00,3.3998,4.2592,3.3612,17.4793,4.5806
2024-05-25 07:00:00+00:00,9.0595,12.0917,12.1251,33.1404,6.4356
2024-05-25 08:00:00+00:00,5.0861,4.9762,3.0623,26.1160,5.2218
2024-05-25 09:00:00+00:00,8.2816,7.4534,5.1766,36.8029,8.3973
2024-05-25 10:00:00+00:00,0.0000,0.0000,0.0000,0.0000,10.3599
2024-05-25 11:00:00+00:00,0.0000,0.0000,0.0000,0.0000,7.8860
2024-05-25 12:00:00+00:00,0.0000,0.0000,0.0000,0.0000,3.4937
2024-05-25 13:00:00+00:00,0.0000,0.0000,0.0000,0.0000,1.1310
2024-05-25 14:00:00+00:00,0.0000,0.0000,0.0000,0.0000,0.0395
2024-05-25 15:00:00+00:00,0.0000,0.0000,0.0000,0.0000,0.0000
2024-05-25 16:00:00+00:00,0.0000,0.0000,0.0000,0.0000,0.0000
2024-05-25 17:00:00+00:00,0.0000,0.0000,0.0000,0.0000,0.0000
2024-05-25 18:00:00+00:00,0.0000,0.0000,0.0000,0.0000,0.0069
2024-05-25 19:00:00+00:00,0.0000,0.0000,0.0000,0.0000,1.9064
2024-05-25 20:00:00+00:00,0.0000,0.0000,0.0000,0.0000,23.2760
2024-05-25 21:00:00+00:00,0.0000,0.0000,0.0000,0.0000,0.0000
2024-05-25 22:00:00+00:00,0.0000,0.0000,0.0000,0.0000,1.1745
2024-05-25 23:00:00+00:00,0.0000,0.0000,0.0000,0.0000,3.6551
2024-05-26 00:00:00+00:00,0.0000,0.0000,0.0000,0.0000,16.8391
2024-05-26 01:00:00+00:00,0.0892,0.3483,0.0000,4.6663,14.5526
2024-05-26 02:00:00+00:00,1.4964,0.0877,0.0000,1.5371,13.6680
2024-05-26 03:00:00+00:00,0.7159,0.0291,0.0000,0.1299,18.3177
2024-05-26 04:00:00+00:00,2.2768,0.7806,0.5698,6.8408,1.8646
2024-05-26 05:00:00+00:00,3.3702,3.6568,2.6456,19.3772,0.0755
2024-05-26 06:00:00+00:00,1.4764,0.0569,0.0000,2.8950,0.0000
2024-05-26 07:00:00+00:00,0.0066,0.0130,0.0000,2.8546,0.0000
2024-05-26 08:00:00+00:00,0.0000,0.1805,0.0000,1.7258,0.0000
2024-05-26 09:00:00+00:00,0.0000,0.0000,0.0000,0.0000,0.0000
2024-05-26 10:00:00+00:00,0.0000,0.0000,0.0000,0.0000,0.0000
2024-05-26 11:00:00+00:00,0.0000,0.0000,0.0000,0.0000,0.0000
2024-05-26 12:00:00+00:00,0.0000,0.0000,0.0000,0.0000,0.0000
2024-05-26 13:00:00+00:00,0.0000,0.0000,0.0000,0.0000,0.0000
2024-05-26 14:00:00+00:00,0.0000,0.0000,0.0000,0.0000,0.0000
2024-05-26 15:00:00+00:00,0.0000,0.0000,0.0000,0.0000,0.1193
2024-05-26 16:00:00+00:00,0.0000,0.0000,0.0000,0.0000,0.0000
2024-05-26 17:00:00+00:00,0.0000,0.0000,0.0000,0.0000,0.0000
2024-05-26 18:00:00+00:00,0.0000,0.0000,0.0000,0.0000,0.0000
2024-05-26 19:00:00+00:00,0.0000,0.0000,0.0000,0.0000,0.0000
2024-05-26 20:00:00+00:00,0.0000,0.0000,0.0000,0.0000,0.0000
2024-05-26 21:00:00+00:00,0.0000,0.0000,0.0000,0.0000,0.8765
2024-05-26 22:00:00+00:00,1.3167,1.2514,1.6412,2.1733,0.0000
2024-05-26 23:00:00+00:00,3.3188,2.6734,3.9774,6.3881,0.1473
2024-05-27 00:00:00+00:00,1.4707,3.1318,2.4863,7.8148,5.9754
2024-05-27 01:00:00+00:00,3.0196,4.6318,5.6210,9.2917,6.8299
2024-05-27 02:00:00+00:00,6.9528,11.6777,15.2103,18.8177,6.6140
2024-05-27 03:00:00+00:00,21.5710,29.5649,41.0163,58.2983,10.8316
2024-05-27 04:00:00+00:00,21.7558,40.4682,52.9983,74.7661,40.8826
2024-05-27 05:00:00+00:00,19.3396,36.3313,45.3763,64.3310,66.4128
2024-05-27 06:00:00+00:00,16.8411,42.9125,43.3390,86.9526,77.3930
2024-05-27 07:00:00+00:00,51.7960,66.7097,80.6240,136.3022,77.4361
2024-05-27 08:00:00+00:00,36.9858,53.3682,63.3506,103.8704,78.0384
2024-05-27 09:00:00+00:00,76.2075,96.1186,101.9788,200.1739,79.8600
2024-05-27 10:00:00+00:00,79.8593,100.2566,106.3050,214.5755,79.9000
2024-05-27 11:00:00+00:00,78.9351,95.1965,103.6099,196.5041,79.9000
2024-05-27 12:00:00+00:00,81.0000,100.5000,106.4926,215.2000,79.9000
2024-05-27 13:00:00+00:00,80.9820,100.1539,106.5000,214.0714,79.8826
2024-05-27 14:00:00+00:00,80.0823,100.0873,106.5000,211.1501,79.9000
2024-05-27 15:00:00+00:00,81.0000,100.5000,106.5000,215.2000,79.9000
2024-05-27 16:00:00+00:00,81.0000,99.3896,105.2886,215.1720,79.9000
2024-05-27 17:00:00+00:00,81.0000,100.5000,106.5000,215.2000,79.9000
2024-05-27 18:00:00+00:00,81.0000,100.5000,106.5000,215.2000,79.8733
2024-05-27 19:00:00+00:00,78.4836,96.7877,100.7486,211.9003,79.9000
2024-05-27 20:00:00+00:00,77.0037,94.5841,97.4588,208.7805,79.9000
2024-05-27 21:00:00+00:00,80.9825,97.9649,104.1395,214.9811,79.8622
2024-05-27 22:00:00+00:00,51.4738,75.8343,89.7795,111.8205,71.1069
2024-05-27 23:00:00+00:00,62.9537,93.9414,103.9641,158.0528,23.8794
2024-05-28 00:00:00+00:00,22.0319,27.3026,29.9582,37.5480,37.0340
2024-05-28 01:00:00+00:00,47.0887,38.2035,32.3897,117.3942,21.0466
2024-05-28 02:00:00+00:00,66.5146,73.5649,63.2424,207.8739,39.5195
2024-05-28 03:00:00+00:00,50.4128,57.9472,56.7368,169.6288,62.5151
2024-05-28 04:00:00+00:00,48.2516,71.0523,68.1516,195.4239,71.0232
2024-05-28 05:00:00+00:00,62.2327,57.2462,70.7370,175.7026,66.2402
2024-05-28 06:00:00+00:00,74.2377,86.1115,95.8445,176.1431,50.4153
2024-05-28 07:00:00+00:00,75.9371,91.5468,83.7719,195.1471,56.5994
2024-05-28 08:00:00+00:00,69.6939,89.8842,69.2156,201.5695,52.7128
2024-05-28 09:00:00+00:00,76.2123,92.9437,81.1181,197.9320,62.2372
2024-05-28 10:00:00+00:00,77.6441,97.1948,91.0793,212.5960,75.9832
2024-05-28 11:00:00+00:00,75.8732,91.9583,78.4161,198.8700,72.3079
2024-05-28 12:00:00+00:00,66.5662,74.8539,60.3045,166.7939,13.9080
2024-05-28 13:00:00+00:00,46.6730,44.7973,46.6415,102.4131,29.8886
2024-05-28 14:00:00+00:00,53.5248,63.5722,59.7627,162.6613,45.1583
2024-05-28 15:00:00+00:00,27.7909,37.5029,38.2660,86.7681,69.9998
2024-05-28 16:00:00+00:00,35.3533,41.7507,42.9080,95.2193,67.3295
2024-05-28 17:00:00+00:00,38.9389,51.9093,50.2441,123.9470,75.2101
2024-05-28 18:00:00+00:00,58.8260,74.4043,82.8655,186.6476,74.7524
2024-05-28 19:00:00+00:00,58.2258,68.5955,55.1064,188.2826,78.4070
2024-05-28 20:00:00+00:00,19.7498,17.1160,19.9313,49.2442,78.9401
2024-05-28 21:00:00+00:00,31.5207,21.2509,18.1266,86.9504,44.2357
2024-05-28 22:00:00+00:00,31.2184,42.0506,43.0225,117.9091,53.9981
2024-05-28 23:00:00+00:00,27.0706,33.5245,20.8350,108.2467,39.9109
2024-05-29 00:00:00+00:00,43.4385,45.9427,45.6863,119.9677,36.1651
2024-05-29 01:00:00+00:00,26.0081,25.3676,23.8153,77.0695,19.6551
2024-05-29 02:00:00+00:00,32.5335,41.0040,40.9410,113.3979,36.8900
2024-05-29 03:00:00+00:00,29.0681,27.1380,29.7226,81.9687,16.2697
2024-05-29 04:00:00+00:00,19.6394,20.5126,21.5872,71.7406,27.9652
2024-05-29 05:00:00+00:00,25.2698,19.5360,19.6514,66.4872,56.6715
2024-05-29 06:00:00+00:00,7.0401,7.0963,6.5685,24.5743,41.1533
2024-05-29 07:00:00+00:00,3.5890,2.3897,1.9002,10.9265,23.4509
2024-05-29 08:00:00+00:00,5.3943,5.9737,5.4695,18.4146,7.5644
2024-05-29 09:00:00+00:00,3.2012,2.8249,1.3268,16.7526,8.0353
2024-05-29 10:00:00+00:00,5.8340,5.5954,5.1381,20.0239,1.6361
2024-05-29 11:00:00+00:00,5.8487,4.7486,4.9045,16.5948,2.7107
2024-05-29 12:00:00+00:00,8.0774,7.9639,8.2736,23.3383,3.4661
2024-05-29 13:00:00+00:00,6.1067,5.1691,4.8464,17.1813,4.5542
2024-05-29 14:00:00+00:00,6.2803,6.5444,6.2893,18.8110,8.3925
2024-05-29 15:00:00+00:00,7.3779,7.0605,7.4760,19.0158,3.0552
2024-05-29 16:00:00+00:00,5.1614,5.6248,4.9832,15.8573,3.4324
2024-05-29 17:00:00+00:00,6.6792,7.9223,7.5775,21.0418,3.3394
2024-05-29 18:00:00+00:00,4.8432,6.2504,5.4074,15.5352,2.9565
2024-05-29 19:00:00+00:00,7.5987,8.5464,9.6520,20.7099,0.4702
2024-05-29 20:00:00+00:00,9.5867,11.4805,10.3676,30.2268,10.8171
2024-05-29 21:00:00+00:00,9.4151,10.1033,9.2948,27.8073,8.6698
2024-05-29 22:00:00+00:00,7.2207,8.3833,8.7237,21.5664,9.7164
2024-05-29 23:00:00+00:00,5.2834,6.8449,7.2203,18.3252,13.1280
2024-05-30 00:00:00+00:00,11.0995,9.8993,11.4971,30.1015,26.2843
2024-05-30 01:00:00+00:00,5.9279,6.6766,6.6391,25.8238,29.2489
2024-05-30 02:00:00+00:00,17.3911,14.3300,13.0722,55.2176,10.2769
2024-05-30 03:00:00+00:00,9.3629,9.4405,6.0752,38.6262,7.4944
2024-05-30 04:00:00+00:00,15.2257,11.8219,10.3357,51.6630,9.6159
2024-05-30 05:00:00+00:00,6.7932,6.2700,4.0753,30.6958,5.6041
2024-05-30 06:00:00+00:00,4.2059,2.7841,0.6759,19.4478,0.0000
2024-05-30 07:00:00+00:00,0.2493,2.7149,1.2830,14.0140,0.0892
2024-05-30 08:00:00+00:00,3.4800,2.8044,2.5433,10.1116,3.3784
2024-05-30 09:00:00+00:00,0.0000,0.0000,0.0000,0.1302,3.1153
2024-05-30 10:00:00+00:00,0.0000,0.5621,0.0000,4.5922,7.9178
2024-05-30 11:00:00+00:00,0.0000,0.0000,0.0000,0.0000,3.1198
2024-05-30 12:00:00+00:00,0.0000,0.0000,0.0000,0.0000,4.1375
2024-05-30 13:00:00+00:00,0.0003,0.0000,0.0000,0.0000,1.4590
2024-05-30 14:00:00+00:00,0.0000,0.0000,0.0000,0.0000,4.4350
2024-05-30 15:00:00+00:00,0.0176,0.0000,0.0000,0.0101,9.7656
2024-05-30 16:00:00+00:00,2.3176,0.2903,0.7018,3.0887,8.9611
2024-05-30 17:00:00+00:00,1.8185,1.7677,2.2309,3.4938,10.1953
2024-05-30 18:00:00+00:00,2.3326,0.9534,1.0113,5.0453,9.3768
2024-05-30 19:00:00+00:00,4.2395,4.8136,5.4424,10.1840,8.6054
2024-05-30 20:00:00+00:00,3.2539,0.7036,0.3329,7.4527,13.6078
2024-05-30 21:00:00+00:00,2.8025,4.1020,5.2067,11.4472,11.3917
2024-05-30 22:00:00+00:00,1.9997,1.1775,0.4939,6.5981,12.7640
2024-05-30 23:00:00+00:00,2.0298,1.6700,1.8919,6.5840,9.1466
2024-05-31 00:00:00+00:00,5.4651,4.1053,4.0319,17.3148,14.3753
2024-05-31 01:00:00+00:00,4.7691,8.3210,6.1466,33.6989,31.3267
2024-05-31 02:00:00+00:00,13.0879,7.8414,7.3686,38.8754,31.9175
2024-05-31 03:00:00+00:00,30.8050,28.0016,26.6865,97.3061,24.1552
2024-05-31 04:00:00+00:00,12.6607,12.0163,10.0607,47.4473,27.5888
2024-05-31 05:00:00+00:00,30.2836,32.5158,31.7570,101.1904,21.3573
2024-05-31 06:00:00+00:00,21.4671,16.5690,19.9152,58.8875,15.3131
2024-05-31 07:00:00+00:00,22.4648,23.2359,23.0674,73.4043,16.8624
2024-05-31 08:00:00+00:00,9.9170,6.6540,5.8112,31.1525,41.9546
2024-05-31 09:00:00+00:00,7.8746,9.1745,8.4338,30.9275,15.6460
2024-05-31 10:00:00+00:00,10.2573,13.3051,13.4151,40.1962,5.4916
2024-05-31 11:00:00+00:00,5.4601,11.1340,9.0105,35.9704,9.4933
2024-05-31 12:00:00+00:00,1.9605,3.6710,2.6376,13.7092,0.7604
2024-05-31 13:00:00+00:00,2.7255,4.1607,3.3704,10.9312,0.1126
2024-05-31 14:00:00+00:00,8.3019,9.0835,9.6706,23.6934,17.7122
2024-05-31 15:00:00+00:00,10.4633,9.0911,9.7277,27.7402,30.1321
2024-05-31 16:00:00+00:00,17.4606,18.6582,22.6505,43.9838,52.0089
2024-05-31 17:00:00+00:00,30.3615,32.5940,35.1911,79.7103,47.4196
2024-05-31 18:00:00+00:00,26.9687,35.7783,33.0466,96.1363,49.9871
2024-05-31 19:00:00+00:00,31.1675,34.1839,33.6522,91.6315,55.8583
2024-05-31 20:00:00+00:00,19.9724,27.0126,29.3211,66.8945,47.7041
2024-05-31 21:00:00+00:00,23.4786,24.0773,28.3754,53.9235,75.5847
2024-05-31 22:00:00+00:00,21.3075,22.6675,24.6821,57.8906,62.5561
2024-05-31 23:00:00+00:00,20.6878,23.8501,23.4457,73.1650,78.5692
2024-06-01 00:00:00+00:00,20.0791,18.9475,20.1593,61.2881,78.0649
2024-06-01 01:00:00+00:00,14.5101,15.7110,17.8368,44.2996,76.6700
2024-06-01 02:00:00+00:00,19.6310,24.2498,24.1268,88.1016,74.0201
2024-06-01 03:00:00+00:00,32.8548,39.3089,37.4916,115.8665,75.5262
2024-06-01 04:00:00+00:00,23.2855,31.8382,28.1312,95.9040,77.0132
2024-06-01 05:00:00+00:00,29.2826,36.5658,33.6750,115.6233,79.0694
2024-06-01 06:00:00+00:00,3.6735,7.0327,6.6661,20.1480,78.2484
2024-06-01 07:00:00+00:00,1.3106,1.0523,5.2689,0.4732,77.9896
2024-06-01 08:00:00+00:00,6.5337,9.7132,11.8377,19.0905,77.7804
2024-06-01 09:00:00+00:00,11.4179,15.6473,18.4100,19.7519,73.1725
2024-06-01 10:00:00+00:00,21.0691,26.4355,24.4443,85.6055,6.8909
2024-06-01 11:00:00+00:00,5.3742,7.0381,5.8640,25.2068,18.7374
2024-06-01 12:00:00+00:00,3.4258,5.3906,3.8271,16.5251,9.1164
2024-06-01 13:00:00+00:00,9.5402,11.7943,11.1225,32.3695,4.2230
2024-06-01 14:00:00+00:00,3.2084,5.1809,5.0701,10.1641,3.4537
2024-06-01 15:00:00+00:00,0.1908,1.4748,2.1228,0.8906,2.8719
2024-06-01 16:00:00+00:00,1.0486,1.1564,1.4145,1.6137,3.0006
2024-06-01 17:00:00+00:00,1.1033,1.2237,1.7809,1.5561,4.4396
2024-06-01 18:00:00+00:00,2.4151,2.2181,3.0102,4.2174,8.8783
2024-06-01 19:00:00+00:00,4.0513,4.3906,5.5824,8.4846,11.6882
2024-06-01 20:00:00+00:00,1.0917,1.3401,1.3794,3.2732,14.0617
2024-06-01 21:00:00+00:00,1.9367,1.6948,2.4376,4.8626,9.8587
2024-06-01 22:00:00+00:00,0.1164,0.0097,0.0000,1.4591,7.5741
2024-06-01 23:00:00+00:00,1.9319,1.6431,1.4473,6.1960,4.6094
2024-06-02 00:00:00+00:00,0.8085,1.4497,0.8256,5.0090,2.4984
2024-06-02 01:00:00+00:00,2.7431,3.8157,2.5252,14.5439,0.0000
2024-06-02 02:00:00+00:00,1.3904,2.4044,1.7772,8.7703,0.0000
2024-06-02 03:00:00+00:00,8.6948,9.8015,13.0483,19.6237,4.1603
2024-06-02 04:00:00+00:00,13.5888,15.9661,16.5933,36.2241,3.2683
2024-06-02 05:00:00+00:00,10.4900,13.4606,10.9374,39.8394,1.7535
2024-06-02 06:00:00+00:00,7.1524,8.0982,6.9633,26.7815,0.5363
2024-06-02 07:00:00+00:00,16.2528,15.3966,16.4340,37.4112,0.0000
2024-06-02 08:00:00+00:00,11.4952,7.3663,8.9581,23.6088,10.8796
2024-06-02 09:00:00+00:00,3.2658,3.0337,5.0115,8.4285,21.4014
2024-06-02 10:00:00+00:00,0.0000,0.0234,0.6875,0.0000,17.1028
2024-06-02 11:00:00+00:00,0.0000,0.0000,0.0000,0.0000,12.2445
2024-06-02 12:00:00+00:00,0.0000,0.0000,0.0000,0.0000,6.0169
2024-06-02 13:00:00+00:00,0.0000,0.0000,0.0000,0.0000,0.5258
2024-06-02 14:00:00+00:00,0.0000,0.0000,0.0000,0.0000,0.6751
2024-06-02 15:00:00+00:00,0.0000,0.0000,0.0000,0.0000,5.2560
2024-06-02 16:00:00+00:00,0.0000,0.0000,0.0000,0.0000,0.7620
2024-06-02 17:00:00+00:00,2.2984,3.1675,2.7075,4.0038,7.0777
2024-06-02 18:00:00+00:00,0.0000,0.0000,0.0000,0.0000,0.0000
2024-06-02 19:00:00+00:00,0.0000,0.0000,0.0000,0.0000,1.3561
2024-06-02 20:00:00+00:00,0.0000,0.0000,0.0000,0.0000,2.0488
2024-06-02 21:00:00+00:00,2.0786,1.4218,1.6626,2.4466,1.0370
2024-06-02 22:00:00+00:00,0.0000,0.0000,0.0000,0.0000,0.0000
2024-06-02 23:00:00+00:00,0.0000,0.0000,0.0000,0.0000,4.9727
2024-06-03 00:00:00+00:00,0.0000,0.0000,0.0000,0.0000,6.6569
2024-06-03 01:00:00+00:00,21.4878,25.1964,30.7861,38.2137,2.6216
2024-06-03 02:00:00+00:00,30.1372,34.3593,30.7823,105.2174,17.5789
2024-06-03 03:00:00+00:00,46.3705,40.0311,40.0504,130.7938,3.3142
2024-06-03 04:00:00+00:00,9.6865,14.9173,13.1415,46.2965,2.2758
2024-06-03 05:00:00+00:00,6.1009,9.7785,9.3790,26.7004,0.0000
2024-06-03 06:00:00+00:00,10.1906,15.6320,15.1773,34.6933,0.0000
2024-06-03 07:00:00+00:00,5.7527,7.0777,5.5847,26.0736,0.0000
2024-06-03 08:00:00+00:00,0.3284,1.1969,0.5539,4.6087,0.0000
2024-06-03 09:00:00+00:00,0.1355,0.2296,0.0000,6.0214,2.8042
2024-06-03 10:00:00+00:00,2.4928,4.4912,4.4328,11.0513,4.9416
2024-06-03 11:00:00+00:00,1.5752,6.7865,4.6267,16.3812,0.0609
2024-06-03 12:00:00+00:00,0.0000,0.0015,0.0000,0.0667,0.0000
2024-06-03 13:00:00+00:00,0.0000,0.0000,0.0000,0.0000,0.0000
2024-06-03 14:00:00+00:00,0.0000,1.3299,0.6665,3.5446,0.0000
2024-06-03 15:00:00+00:00,0.0000,0.0300,0.0000,1.7189,0.0000
2024-06-03 16:00:00+00:00,0.0000,0.1250,0.0348,0.6080,0.0000
2024-06-03 17:00:00+00:00,0.0000,0.0000,0.0000,0.0000,0.0000
2024-06-03 18:00:00+00:00,0.0000,0.0000,0.0000,0.0000,0.0000
2024-06-03 19:00:00+00:00,0.0000,0.0000,0.0000,0.0000,0.0000
2024-06-03 20:00:00+00:00,0.0000,0.0000,0.0000,0.0000,0.0332
2024-06-03 21:00:00+00:00,0.0000,0.0000,0.0000,0.0000,0.0289
2024-06-03 22:00:00+00:00,0.0000,0.0000,0.0000,0.0000,3.6143
2024-06-03 23:00:00+00:00,0.0000,0.0749,0.5153,0.0180,2.7911
2024-06-04 00:00:00+00:00,0.0000,0.0000,0.0000,0.0000,0.8962
2024-06-04 01:00:00+00:00,0.0000,0.0000,0.0000,0.0000,3.2144
2024-06-04 02:00:00+00:00,2.4723,5.5319,4.0821,16.1880,0.0027
2024-06-04 03:00:00+00:00,2.7083,2.1422,0.3135,15.1500,0.0000
2024-06-04 04:00:00+00:00,1.3077,0.6364,0.0000,10.4857,0.0000
2024-06-04 05:00:00+00:00,3.9899,5.6341,2.9977,22.3411,0.0000
2024-06-04 06:00:00+00:00,0.5536,0.0000,0.0000,4.9367,0.0000
2024-06-04 07:00:00+00:00,0.0767,0.0000,0.0000,0.6038,0.0000
2024-06-04 08:00:00+00:00,1.8924,1.0595,0.0007,12.0196,0.0000
2024-06-04 09:00:00+00:00,0.9216,0.5796,0.0000,6.7918,0.0000
2024-06-04 10:00:00+00:00,0.0000,0.0000,0.0000,0.0000,0.0000
2024-06-04 11:00:00+00:00,0.0000,0.0000,0.0166,0.0000,2.0459
2024-06-04 12:00:00+00:00,0.0000,0.0000,0.0000,0.0000,0.9682
2024-06-04 13:00:00+00:00,0.0000,0.0000,0.0000,0.0000,0.0000
2024-06-04 14:00:00+00:00,0.0000,0.0000,0.0000,0.0000,0.0000
2024-06-04 15:00:00+00:00,0.0000,0.0000,0.8446,0.0000,0.0000
2024-06-04 16:00:00+00:00,1.2400,0.4395,0.5123,0.3681,0.0000
2024-06-04 17:00:00+00:00,0.0000,0.0000,0.0000,0.0000,0.2404
2024-06-04 18:00:00+00:00,0.0000,0.0000,0.0000,0.0000,2.9832
2024-06-04 19:00:00+00:00,0.0000,0.0000,0.0000,0.0000,0.7118
2024-06-04 20:00:00+00:00,0.0000,0.0000,0.0000,0.0000,2.6270
2024-06-04 21:00:00+00:00,0.0000,0.0000,0.0000,0.0000,0.0000
2024-06-04 22:00:00+00:00,0.0000,0.0000,0.0000,0.0000,0.0000
2024-06-04 23:00:00+00:00,0.1746,0.0000,0.0000,1.8620,2.8680
2024-06-05 00:00:00+00:00,0.0000,0.9243,0.6646,0.6419,0.0000
2024-06-05 01:00:00+00:00,0.0000,0.0000,0.0000,0.0019,0.0000
2024-06-05 02:00:00+00:00,0.0000,0.0000,0.0000,1.1580,0.0000
2024-06-05 03:00:00+00:00,0.0000,0.0000,0.0000,0.0000,0.0000
2024-06-05 04:00:00+00:00,8.2172,5.7410,5.5874,16.6369,9.7183
2024-06-05 05:00:00+00:00,12.7519,14.7483,12.2812,42.6967,10.8630
2024-06-05 06:00:00+00:00,11.3925,14.9391,12.3730,41.8236,25.0182
2024-06-05 07:00:00+00:00,13.5875,18.4639,15.2323,51.9450,40.2664
2024-06-05 08:00:00+00:00,8.9689,9.0733,8.2045,32.7168,70.8358
2024-06-05 09:00:00+00:00,8.6200,10.3499,9.1673,30.9577,71.6968
2024-06-05 10:00:00+00:00,10.6731,5.5040,8.4064,17.3829,45.2879
2024-06-05 11:00:00+00:00,3.3293,3.3612,2.3483,7.5799,13.0622
2024-06-05 12:00:00+00:00,0.7717,0.0346,0.0000,0.4550,9.9118
2024-06-05 13:00:00+00:00,0.1762,0.0000,0.0000,0.0086,8.7300
2024-06-05 14:00:00+00:00,0.1425,0.0000,0.0000,0.1733,4.2039
2024-06-05 15:00:00+00:00,0.0000,0.0000,0.0000,0.1337,2.8550
2024-06-05 16:00:00+00:00,0.0000,0.0000,0.0000,0.0000,5.5450
2024-06-05 17:00:00+00:00,0.0000,0.0000,0.0000,0.0000,12.6986
2024-06-05 18:00:00+00:00,0.5371,0.0000,0.0000,0.7116,11.6828
2024-06-05 19:00:00+00:00,23.6679,24.9850,15.4387,67.3363,12.2119
2024-06-05 20:00:00+00:00,1.1337,2.8293,3.7932,7.6335,14.6626
2024-06-05 21:00:00+00:00,7.7602,7.7168,11.7446,16.4534,27.6889
2024-06-05 22:00:00+00:00,5.7025,5.6972,3.9019,18.1453,39.9908
2024-06-05 23:00:00+00:00,4.0646,3.6391,4.4826,10.9756,1.0506
2024-06-06 00:00:00+00:00,14.7592,17.6527,24.4091,31.8141,0.5446
2024-06-06 01:00:00+00:00,21.1145,22.8643,23.2067,45.1049,9.6458
2024-06-06 02:00:00+00:00,22.8768,31.7295,26.2855,71.2919,11.0274
2024-06-06 03:00:00+00:00,9.0218,8.2060,6.7979,31.5562,22.2185
2024-06-06 04:00:00+00:00,35.0392,37.7467,29.1686,103.1793,37.7396
2024-06-06 05:00:00+00:00,43.4164,49.6205,40.0823,154.6766,13.3644
2024-06-06 06:00:00+00:00,54.3771,60.8176,57.1474,184.1329,15.5863
2024-06-06 07:00:00+00:00,43.7735,44.0948,39.4436,136.6786,39.6940
2024-06-06 08:00:00+00:00,25.6647,27.0947,22.6081,88.0632,11.4678
2024-06-06 09:00:00+00:00,27.0617,28.6281,22.6387,81.4948,13.4838
2024-06-06 10:00:00+00:00,21.1719,21.9037,21.6520,39.1232,14.6381
2024-06-06 11:00:00+00:00,11.3731,9.9485,15.5537,11.3793,35.5693
2024-06-06 12:00:00+00:00,5.8699,6.0055,9.8145,3.0236,19.3027
2024-06-06 13:00:00+00:00,0.0000,0.0000,0.0000,0.0000,8.0706
2024-06-06 14:00:00+00:00,0.0000,0.3645,0.0000,4.3691,13.5759
2024-06-06 15:00:00+00:00,2.3173,2.4967,0.3640,11.6396,29.6001
2024-06-06 16:00:00+00:00,13.0763,9.9445,13.2423,29.0673,58.8892
2024-06-06 17:00:00+00:00,35.7429,46.6928,47.3350,106.2827,37.1460
2024-06-06 18:00:00+00:00,33.3091,40.7289,45.7434,97.9591,54.6380
2024-06-06 19:00:00+00:00,42.4726,40.9175,44.9961,108.2268,26.5629
2024-06-06 20:00:00+00:00,44.6097,36.2625,41.5228,110.8136,34.7364
2024-06-06 21:00:00+00:00,42.8074,42.6311,45.7763,115.9787,37.6031
2024-06-06 22:00:00+00:00,18.9702,8.3698,12.5883,28.7736,39.3625
2024-06-06 23:00:00+00:00,41.0883,5.7715,7.2638,53.6010,29.7471
2024-06-07 00:00:00+00:00,26.9818,22.9875,21.6354,56.0628,27.9714
2024-06-07 01:00:00+00:00,31.6880,11.4516,7.3689,94.6689,43.0448
2024-06-07 02:00:00+00:00,2.3991,1.4419,0.0000,28.4889,23.3280
2024-06-07 03:00:00+00:00,0.0000,0.0000,0.0000,1.3767,52.9896
2024-06-07 04:00:00+00:00,3.5305,6.2341,5.4276,17.7818,50.7417
2024-06-07 05:00:00+00:00,12.9786,12.3679,16.8875,26.3349,50.8128
2024-06-07 06:00:00+00:00,8.2579,7.8935,7.9080,28.7852,39.1368
2024-06-07 07:00:00+00:00,20.7355,21.5982,21.4379,54.5733,68.2290
2024-06-07 08:00:00+00:00,17.4627,15.6525,22.3086,38.6347,42.3945
2024-06-07 09:00:00+00:00,21.7774,22.4907,23.9694,63.7058,13.5355
2024-06-07 10:00:00+00:00,23.8666,27.7198,22.9027,83.6488,26.0839
2024-06-07 11:00:00+00:00,9.3952,10.9479,10.5729,30.1660,32.5943
2024-06-07 12:00:00+00:00,4.3257,3.6514,3.6746,9.9082,32.7554
2024-06-07 13:00:00+00:00,5.1515,2.3916,4.7738,5.2580,41.8410
2024-06-07 14:00:00+00:00,6.8384,6.1777,7.8689,11.3363,41.0995
2024-06-07 15:00:00+00:00,22.4311,27.0434,16.1358,63.5465,42.4660
2024-06-07 16:00:00+00:00,6.5430,12.4845,19.1138,14.1258,49.6398
2024-06-07 17:00:00+00:00,0.0692,0.0000,0.0000,0.0266,66.8980
2024-06-07 18:00:00+00:00,0.0548,0.0000,0.0000,1.9970,75.0748
2024-06-07 19:00:00+00:00,0.0000,3.9286,0.4743,8.7257,76.1002
2024-06-07 20:00:00+00:00,0.0000,0.2994,0.0000,2.6484,63.5404
2024-06-07 21:00:00+00:00,37.4844,71.8451,46.8642,84.1592,47.2096
2024-06-07 22:00:00+00:00,7.2041,7.9231,5.9018,27.9428,50.8590
2024-06-07 23:00:00+00:00,8.4509,3.1139,6.1410,10.3405,67.3031
2024-06-08 00:00:00+00:00,8.9118,5.7951,7.6170,15.0130,79.6552
2024-06-08 01:00:00+00:00,7.0435,6.5602,5.6551,21.7452,77.4583
2024-06-08 02:00:00+00:00,9.5895,9.2127,12.2550,27.8945,71.6827
2024-06-08 03:00:00+00:00,24.4321,26.7012,29.2128,75.4212,70.6204
2024-06-08 04:00:00+00:00,24.9890,31.5611,30.9332,83.9066,52.5664
2024-06-08 05:00:00+00:00,25.8546,28.5657,30.8018,75.4000,70.0545
2024-06-08 06:00:00+00:00,30.1267,39.8322,41.3411,99.1853,59.9778
2024-06-08 07:00:00+00:00,21.9925,28.2410,24.1547,83.9315,49.5363
2024-06-08 08:00:00+00:00,23.5400,27.5525,28.1711,78.2649,37.4094
2024-06-08 09:00:00+00:00,23.6793,27.0918,25.8927,81.1376,50.7607
2024-06-08 10:00:00+00:00,18.8226,23.2530,21.9495,64.0245,38.4951
2024-06-08 11:00:00+00:00,19.4079,27.1312,26.3771,60.8897,45.7569
2024-06-08 12:00:00+00:00,25.7303,29.5141,27.9390,77.6896,30.6887
2024-06-08 13:00:00+00:00,21.3565,26.7012,26.9347,65.7424,62.4560
2024-06-08 14:00:00+00:00,32.8736,34.5094,35.6309,90.6547,75.5365
2024-06-08 15:00:00+00:00,38.6038,41.2397,44.8142,98.4854,77.5209
2024-06-08 16:00:00+00:00,49.4332,53.8452,54.1335,145.6881,79.0608
2024-06-08 17:00:00+00:00,32.3483,44.6749,44.7977,125.0576,78.9563
2024-06-08 18:00:00+00:00,28.8413,31.7342,30.2588,99.3177,78.7005
2024-06-08 19:00:00+00:00,66.5763,81.9571,88.8780,183.5631,77.8385
2024-06-08 20:00:00+00:00,72.1492,94.6228,94.8439,206.4643,77.2260
2024-06-08 21:00:00+00:00,38.0476,43.2822,52.2343,103.4849,77.6458
2024-06-08 22:00:00+00:00,58.5129,68.3978,65.6571,178.1717,75.9838
2024-06-08 23:00:00+00:00,50.1541,53.3155,55.6203,143.8355,74.7390
2024-06-09 00:00:00+00:00,70.5357,75.5355,80.2931,189.5472,79.8851
2024-06-09 01:00:00+00:00,36.6720,57.8421,46.7180,142.9819,69.4690
2024-06-09 02:00:00+00:00,33.2376,31.7306,35.5303,103.4090,62.9220
2024-06-09 03:00:00+00:00,49.7943,61.6901,57.9322,179.2858,59.2912
2024-06-09 04:00:00+00:00,54.1401,62.7487,56.3102,189.0498,46.1985
2024-06-09 05:00:00+00:00,37.3262,41.0800,47.0938,108.4133,27.6973
2024-06-09 06:00:00+00:00,21.9416,23.2944,22.3811,64.5276,24.2493
2024-06-09 07:00:00+00:00,23.8640,26.3848,29.7084,71.4416,32.4661
2024-06-09 08:00:00+00:00,20.2299,24.7318,25.3309,73.4983,17.8575
2024-06-09 09:00:00+00:00,28.8818,33.2659,36.1841,87.9400,17.1221
2024-06-09 10:00:00+00:00,21.7600,25.9923,24.7378,71.8651,41.4859
2024-06-09 11:00:00+00:00,9.0655,13.5917,11.4357,37.7271,23.1574
2024-06-09 12:00:00+00:00,7.0113,3.3396,2.9011,14.3465,10.8544
2024-06-09 13:00:00+00:00,5.5074,2.7974,3.1133,6.8106,33.2684
2024-06-09 14:00:00+00:00,1.7139,1.4698,2.6101,1.0557,35.3803
2024-06-09 15:00:00+00:00,10.6556,14.3900,18.0785,26.6561,65.7657
2024-06-09 16:00:00+00:00,17.5552,25.9835,22.4980,65.9543,77.0544
2024-06-09 17:00:00+00:00,37.1978,34.1876,40.9314,110.2906,79.4649
2024-06-09 18:00:00+00:00,22.2604,25.6714,21.3459,65.7523,79.4786
2024-06-09 19:00:00+00:00,53.9700,77.0797,67.4457,198.3484,79.6163
2024-06-09 20:00:00+00:00,34.0457,34.5752,32.4417,101.2782,79.1533
2024-06-09 21:00:00+00:00,21.0029,24.5140,27.5055,73.9256,78.5959
2024-06-09 22:00:00+00:00,23.0548,28.8782,26.8804,75.3834,77.6416
2024-06-09 23:00:00+00:00,34.0318,37.6373,40.6157,90.0346,77.1294
2024-06-10 00:00:00+00:00,33.6410,45.3008,44.0160,122.1266,50.1542
2024-06-10 01:00:00+00:00,47.5384,60.5909,58.2299,174.6658,72.3285
2024-06-10 02:00:00+00:00,45.7923,51.2706,53.8229,141.9720,78.7300
2024-06-10 03:00:00+00:00,41.0490,49.2590,45.4445,145.0603,78.6690
2024-06-10 04:00:00+00:00,50.1354,57.4443,68.2540,149.9206,78.7034
2024-06-10 05:00:00+00:00,51.3948,59.0624,60.2051,168.6133,77.7971
2024-06-10 06:00:00+00:00,70.2708,79.4240,82.6020,205.0015,77.2223
2024-06-10 07:00:00+00:00,63.1938,71.7067,70.3427,202.1079,65.6971
2024-06-10 08:00:00+00:00,48.6605,56.3840,56.8405,154.8126,70.8412
2024-06-10 09:00:00+00:00,48.4070,54.8902,53.8105,155.2467,60.3520
2024-06-10 10:00:00+00:00,56.3382,72.6994,73.7328,172.6014,51.6669
2024-06-10 11:00:00+00:00,42.8706,49.0409,43.2061,141.5689,56.6877
2024-06-10 12:00:00+00:00,26.1647,28.5167,31.3187,82.7940,70.3119
2024-06-10 13:00:00+00:00,24.1957,31.6323,34.3226,68.9248,36.8749
2024-06-10 14:00:00+00:00,31.3435,41.1791,34.9278,117.7591,26.3356
2024-06-10 15:00:00+00:00,41.2030,50.2940,48.3922,136.1130,8.7489
2024-06-10 16:00:00+00:00,41.6722,43.4641,44.5023,120.8725,18.7621
2024-06-10 17:00:00+00:00,21.6045,24.8475,23.7005,68.8347,8.8993
2024-06-10 18:00:00+00:00,24.4830,26.1669,25.3725,77.5723,14.7728
2024-06-10 19:00:00+00:00,32.9634,33.8091,35.3625,92.9607,14.0560
2024-06-10 20:00:00+00:00,23.5876,30.0104,29.1859,81.0589,26.3346
2024-06-10 21:00:00+00:00,31.5842,34.7328,35.5397,91.2653,26.0693
2024-06-10 22:00:00+00:00,27.5225,29.5612,28.4851,85.2666,17.5243
2024-06-10 23:00:00+00:00,29.8991,35.9666,34.0314,98.7405,7.3965
2024-06-11 00:00:00+00:00,28.7884,34.2360,34.1345,93.9353,16.3990
2024-06-11 01:00:00+00:00,43.2053,46.3458,41.8288,140.7802,9.9011
2024-06-11 02:00:00+00:00,23.3039,23.4382,21.2846,82.1339,25.2902
2024-06-11 03:00:00+00:00,18.4264,19.8933,18.2925,62.8817,10.4195
2024-06-11 04:00:00+00:00,19.3962,20.8250,19.0615,66.0323,0.0000
2024-06-11 05:00:00+00:00,12.9888,12.9837,11.3323,44.4513,0.0000
2024-06-11 06:00:00+00:00,7.5891,9.2137,7.7686,30.6840,0.0000
2024-06-11 07:00:00+00:00,9.6992,11.3875,10.0640,38.2138,0.5623
2024-06-11 08:00:00+00:00,8.7314,9.6334,6.9287,37.5111,0.0000
2024-06-11 09:00:00+00:00,6.2046,10.0977,8.6330,30.6142,0.0000
2024-06-11 10:00:00+00:00,2.1245,3.2984,2.2189,13.0810,0.0000
2024-06-11 11:00:00+00:00,3.4179,4.1899,3.0251,14.8709,0.0000
2024-06-11 12:00:00+00:00,2.3650,3.2407,2.5724,9.0569,0.0000
2024-06-11 13:00:00+00:00,0.0000,0.0000,0.0000,0.0000,0.0000
2024-06-11 14:00:00+00:00,0.0000,0.0000,0.0000,0.0000,0.0000
2024-06-11 15:00:00+00:00,0.0638,0.8100,0.5062,1.5318,0.0000
2024-06-11 16:00:00+00:00,0.9893,1.3613,0.6503,4.5740,0.0606
2024-06-11 17:00:00+00:00,1.5224,1.8460,1.3528,5.7633,0.0450
2024-06-11 18:00:00+00:00,2.8957,3.1683,2.7298,9.3889,2.8540
2024-06-11 19:00:00+00:00,1.3740,0.8352,0.3455,4.5063,2.6246
2024-06-11 20:00:00+00:00,0.4985,0.1088,0.0000,1.6709,0.2557
2024-06-11 21:00:00+00:00,0.0000,0.0000,0.0000,0.0000,0.9456
2024-06-11 22:00:00+00:00,0.0000,0.0000,0.0000,0.0000,0.1326
2024-06-11 23:00:00+00:00,0.0000,0.0000,0.0000,0.0000,0.0000
2024-06-12 00:00:00+00:00,0.0000,0.0000,0.0000,0.1808,0.3608
2024-06-12 01:00:00+00:00,0.0000,0.0000,0.0000,0.0000,5.5488
2024-06-12 02:00:00+00:00,0.0000,0.0389,0.0000,3.6263,5.3339
2024-06-12 03:00:00+00:00,0.0000,0.0000,0.0000,1.6930,3.5831
2024-06-12 04:00:00+00:00,1.4015,1.6601,0.8313,5.6974,0.0000
2024-06-12 05:00:00+00:00,1.1411,2.8045,1.6846,10.1200,0.0000
2024-06-12 06:00:00+00:00,1.2333,2.0802,1.6707,7.6573,0.0000
2024-06-12 07:00:00+00:00,0.0000,0.0000,0.0000,0.0000,0.0000
2024-06-12 08:00:00+00:00,0.0000,0.0000,0.0000,0.0000,0.0000
2024-06-12 09:00:00+00:00,0.0000,0.0000,0.0000,0.0000,0.0000
2024-06-12 10:00:00+00:00,0.0000,0.0000,0.0000,0.0000,0.0000
2024-06-12 11:00:00+00:00,0.0000,0.0000,0.0000,0.0000,0.0000
2024-06-12 12:00:00+00:00,0.0000,0.0000,0.0000,0.0000,0.0000
2024-06-12 13:00:00+00:00,0.0000,0.0000,0.0000,0.0000,0.1392
2024-06-12 14:00:00+00:00,0.0010,0.0000,0.1115,0.0171,0.0000
2024-06-12 15:00:00+00:00,3.2001,3.4426,4.2864,5.8640,1.1519
2024-06-12 16:00:00+00:00,6.1541,6.7503,6.8696,15.8228,1.4641
2024-06-12 17:00:00+00:00,4.1566,4.1158,4.0035,11.9488,0.0000
2024-06-12 18:00:00+00:00,5.2321,6.0142,5.6232,18.1082,0.0000
2024-06-12 19:00:00+00:00,2.5774,3.2904,3.4405,8.6688,0.0000
2024-06-12 20:00:00+00:00,3.1833,4.6686,5.0510,10.7501,0.0000
2024-06-12 21:00:00+00:00,5.3153,8.0528,7.6040,18.5308,0.8194
2024-06-12 22:00:00+00:00,4.9851,6.4275,6.2218,17.0584,1.5695
2024-06-12 23:00:00+00:00,3.4431,4.2509,3.9162,12.4041,2.7588
2024-06-13 00:00:00+00:00,5.7846,4.7109,5.1908,13.4473,0.0000
2024-06-13 01:00:00+00:00,8.7683,10.0146,8.2167,34.1069,0.0000
2024-06-13 02:00:00+00:00,10.2626,11.4172,10.8240,35.3185,2.9054
2024-06-13 03:00:00+00:00,21.1018,28.3069,26.1712,77.9832,13.1334
2024-06-13 04:00:00+00:00,14.3645,17.9129,16.1050,52.0588,15.0794
2024-06-13 05:00:00+00:00,16.1819,19.2153,16.7181,58.2729,19.4604
2024-06-13 06:00:00+00:00,13.9861,18.9114,17.8771,47.9181,18.7778
2024-06-13 07:00:00+00:00,8.1445,9.6774,10.7120,24.6794,19.4013
2024-06-13 08:00:00+00:00,16.2871,17.6946,16.1527,45.9563,39.6817
2024-06-13 09:00:00+00:00,14.1183,15.7074,13.4265,42.2104,53.1779
2024-06-13 10:00:00+00:00,8.5859,9.9069,9.0532,29.5213,44.4968
2024-06-13 11:00:00+00:00,12.3918,14.2286,13.3749,38.5711,43.1846
2024-06-13 12:00:00+00:00,19.4918,17.3991,14.4828,43.6445,38.0813
2024-06-13 13:00:00+00:00,13.5874,12.1376,13.0909,26.4544,8.8061
2024-06-13 14:00:00+00:00,15.5180,14.5750,18.9974,30.8192,13.8101
2024-06-13 15:00:00+00:00,16.7103,18.1256,21.7766,36.9568,43.5896
2024-06-13 16:00:00+00:00,17.2434,17.7528,21.5159,36.2941,71.4946
2024-06-13 17:00:00+00:00,26.1722,25.5410,29.6309,61.3116,64.1686
2024-06-13 18:00:00+00:00,32.5677,35.9946,42.2183,81.1858,77.1748
2024-06-13 19:00:00+00:00,37.3547,39.6496,46.3763,93.8260,78.5810
2024-06-13 20:00:00+00:00,27.4839,32.9398,36.5629,70.2673,42.6328
2024-06-13 21:00:00+00:00,21.7389,16.2384,23.5024,38.1311,50.5451
2024-06-13 22:00:00+00:00,19.3311,11.7160,19.3856,29.0825,55.0984
2024-06-13 23:00:00+00:00,12.4068,11.8207,15.7095,25.4638,38.4946
2024-06-14 00:00:00+00:00,9.6051,13.7739,13.0398,45.2263,43.6131
2024-06-14 01:00:00+00:00,78.5807,78.5309,96.9071,179.2781,76.5174
2024-06-14 02:00:00+00:00,65.9412,57.2832,68.7541,166.5386,79.4653
2024-06-14 03:00:00+00:00,77.6993,87.7334,97.8779,210.5492,79.3581
2024-06-14 04:00:00+00:00,50.9696,75.0045,78.7948,172.9813,15.7125
2024-06-14 05:00:00+00:00,37.8878,35.4844,56.8331,95.5522,5.4635
2024-06-14 06:00:00+00:00,68.0330,98.0862,93.4953,213.5538,18.1980
2024-06-14 07:00:00+00:00,81.0000,100.5000,106.5000,215.2000,8.2229
2024-06-14 08:00:00+00:00,80.7243,100.2680,106.2789,215.2000,3.7296
2024-06-14 09:00:00+00:00,80.6577,100.4090,106.5000,214.9689,8.4039
2024-06-14 10:00:00+00:00,39.8557,46.5577,54.7460,110.7309,28.0765
2024-06-14 11:00:00+00:00,26.1445,29.7236,35.8834,81.6207,19.4348
2024-06-14 12:00:00+00:00,22.4492,29.5681,33.5800,70.1794,24.6140
2024-06-14 13:00:00+00:00,31.1718,38.9388,42.3386,93.5808,27.3196
2024-06-14 14:00:00+00:00,28.5722,30.1283,30.9137,83.3298,24.8111
2024-06-14 15:00:00+00:00,28.1109,34.3533,35.5154,86.1752,33.9885
2024-06-14 16:00:00+00:00,42.3126,48.1761,50.0096,125.8375,12.7889
2024-06-14 17:00:00+00:00,23.3785,24.9684,24.9963,68.5126,13.7243
2024-06-14 18:00:00+00:00,15.1995,14.7654,16.4043,41.6027,12.5611
2024-06-14 19:00:00+00:00,15.9751,15.6594,14.4878,49.6307,34.1688
2024-06-14 20:00:00+00:00,20.9004,23.0738,22.8540,56.8727,36.9175
2024-06-14 21:00:00+00:00,21.7907,21.4007,24.0047,59.4040,15.2717
2024-06-14 22:00:00+00:00,12.0702,16.6998,18.0196,41.9014,19.3420
2024-06-14 23:00:00+00:00,8.0518,8.0206,10.1685,23.1323,22.4657
2024-06-15 00:00:00+00:00,8.1123,8.4044,8.7116,27.1125,0.0213
2024-06-15 01:00:00+00:00,13.3184,10.8520,10.9206,44.3378,0.0000
2024-06-15 02:00:00+00:00,10.6684,15.3645,19.2707,47.4654,5.3878
2024-06-15 03:00:00+00:00,9.9503,12.3407,11.0361,49.4227,12.2744
2024-06-15 04:00:00+00:00,6.1027,5.1767,3.2767,26.6061,8.9271
2024-06-15 05:00:00+00:00,3.4976,3.3907,2.1197,14.1924,3.3852
2024-06-15 06:00:00+00:00,8.4572,4.4378,2.5967,23.3958,1.3465
2024-06-15 07:00:00+00:00,1.7951,1.8536,1.6370,5.1024,1.2010
2024-06-15 08:00:00+00:00,3.6149,1.8963,2.6366,10.8749,3.5544
2024-06-15 09:00:00+00:00,4.4949,3.6625,3.6254,14.7781,0.0000
2024-06-15 10:00:00+00:00,0.1008,0.0000,0.0000,0.2609,0.0000
2024-06-15 11:00:00+00:00,0.0416,0.0000,0.0000,0.0000,0.3399
2024-06-15 12:00:00+00:00,1.4048,0.1549,0.6075,1.9091,1.5167
2024-06-15 13:00:00+00:00,4.1554,3.7574,3.6878,12.5694,2.6332
2024-06-15 14:00:00+00:00,3.1308,2.7747,2.9237,8.4960,4.6393
2024-06-15 15:00:00+00:00,6.4993,6.1299,6.0504,18.7687,7.4322
2024-06-15 16:00:00+00:00,8.6410,8.2175,8.6012,22.6408,7.1658
2024-06-15 17:00:00+00:00,6.9559,7.2736,7.2573,19.2130,7.9196
2024-06-15 18:00:00+00:00,17.2301,17.0941,18.3608,45.3707,16.4555
2024-06-15 19:00:00+00:00,18.1448,19.2678,20.5933,49.2239,31.6336
2024-06-15 20:00:00+00:00,24.3353,26.9015,27.8369,64.1147,22.1509
2024-06-15 21:00:00+00:00,11.2238,10.6270,11.1456,30.5741,15.7312
2024-06-15 22:00:00+00:00,10.8877,12.1283,11.5393,31.1138,11.6496
2024-06-15 23:00:00+00:00,7.8325,7.6559,9.6553,21.7152,9.8674
2024-06-16 00:00:00+00:00,7.7315,8.4957,9.0444,23.5473,9.0453
2024-06-16 01:00:00+00:00,8.8039,9.1141,7.9733,35.8263,2.5637
2024-06-16 02:00:00+00:00,5.4883,5.4437,3.2451,27.9453,0.0000
2024-06-16 03:00:00+00:00,6.2467,3.4418,2.5037,22.4821,0.0000
2024-06-16 04:00:00+00:00,1.1868,1.8851,0.4468,8.9886,0.0000
2024-06-16 05:00:00+00:00,1.6714,2.0536,0.7190,8.8361,0.0000
2024-06-16 06:00:00+00:00,0.0000,0.0000,0.0000,0.0000,0.0247
2024-06-16 07:00:00+00:00,0.1465,0.0000,0.0000,0.0000,0.0000
2024-06-16 08:00:00+00:00,0.0584,0.0000,0.0498,0.0000,0.0000
2024-06-16 09:00:00+00:00,0.7955,0.4846,1.1736,0.3585,0.0000
2024-06-16 10:00:00+00:00,0.0000,0.0143,0.6722,0.0000,0.0000
2024-06-16 11:00:00+00:00,0.0000,0.0662,0.6250,0.7928,1.1593
2024-06-16 12:00:00+00:00,0.0000,0.0000,0.0000,0.0000,1.9214
2024-06-16 13:00:00+00:00,0.0000,0.0000,0.0000,0.0000,1.5469
2024-06-16 14:00:00+00:00,0.0000,0.0000,0.0000,0.0000,3.0656
2024-06-16 15:00:00+00:00,0.0000,0.0000,0.0000,0.0000,2.5686
2024-06-16 16:00:00+00:00,0.0000,0.0000,0.0000,0.1082,3.3206
2024-06-16 17:00:00+00:00,0.0000,0.0000,0.0000,0.0000,5.3156
2024-06-16 18:00:00+00:00,0.0000,0.0000,0.0000,0.0000,0.0000
2024-06-16 19:00:00+00:00,0.0000,0.0000,0.0000,0.0000,0.6855
2024-06-16 20:00:00+00:00,0.0000,0.0000,0.0000,0.0000,0.1229
2024-06-16 21:00:00+00:00,0.0000,0.0000,0.0000,0.0000,0.0000
2024-06-16 22:00:00+00:00,0.0000,0.0000,0.0000,0.0000,0.0000
2024-06-16 23:00:00+00:00,0.0000,0.0000,0.0000,0.0000,4.0964
2024-06-17 00:00:00+00:00,0.0000,0.0000,0.0000,0.0000,0.0873
2024-06-17 01:00:00+00:00,1.0117,5.8254,4.7155,9.9561,8.3572
2024-06-17 02:00:00+00:00,3.0623,4.5214,4.5504,10.5050,44.7525
2024-06-17 03:00:00+00:00,8.2276,7.8638,11.0425,14.1263,53.8136
2024-06-17 04:00:00+00:00,32.2661,23.1505,25.7689,45.5972,52.2565
2024-06-17 05:00:00+00:00,44.0059,77.0490,78.9524,126.5617,72.1132
2024-06-17 06:00:00+00:00,42.8077,44.8190,41.8874,101.5901,76.1837
2024-06-17 07:00:00+00:00,46.5077,48.5862,39.1422,137.3121,78.5071
2024-06-17 08:00:00+00:00,47.5757,57.9476,42.3867,162.7951,70.7751
2024-06-17 09:00:00+00:00,72.5057,74.7820,81.4081,174.3275,77.4058
2024-06-17 10:00:00+00:00,48.4700,62.8888,58.8496,168.1001,77.1680
2024-06-17 11:00:00+00:00,38.6548,52.2943,57.0356,120.8340,76.4687
2024-06-17 12:00:00+00:00,14.8725,13.8765,23.0097,39.4469,47.4721
2024-06-17 13:00:00+00:00,12.7558,15.5242,15.1602,37.7840,15.8658
2024-06-17 14:00:00+00:00,3.6859,1.5439,1.8919,5.5877,18.0130
2024-06-17 15:00:00+00:00,16.1747,17.1535,24.3378,28.4494,9.1527
2024-06-17 16:00:00+00:00,12.6506,12.3779,13.6525,28.4427,22.1447
2024-06-17 17:00:00+00:00,17.4187,21.3272,24.5931,42.2558,26.3341
2024-06-17 18:00:00+00:00,11.0447,13.0008,13.5305,29.3764,28.6565
2024-06-17 19:00:00+00:00,9.0262,8.4223,11.1790,17.4191,42.6818
2024-06-17 20:00:00+00:00,8.4992,5.7924,9.1452,12.6718,49.1384
2024-06-17 21:00:00+00:00,3.8243,2.6634,3.2207,6.6096,35.2278
2024-06-17 22:00:00+00:00,1.6505,2.6508,3.0791,5.2742,10.0393
2024-06-17 23:00:00+00:00,0.9729,1.4334,1.5107,3.1322,2.8615
2024-06-18 00:00:00+00:00,2.1889,2.7812,2.8850,9.7064,11.8613
2024-06-18 01:00:00+00:00,9.6362,13.0570,11.3124,35.6479,21.8558
2024-06-18 02:00:00+00:00,11.6914,12.7947,12.7072,37.9085,37.6538
2024-06-18 03:00:00+00:00,10.7626,14.8425,12.9474,43.2689,44.2254
2024-06-18 04:00:00+00:00,8.5969,11.7579,11.7912,34.8344,70.6499
2024-06-18 05:00:00+00:00,19.2894,24.5372,21.3490,74.9456,75.7781
2024-06-18 06:00:00+00:00,31.7966,39.1153,32.8662,120.6578,76.0977
2024-06-18 07:00:00+00:00,39.8876,48.1826,46.4803,121.7114,79.1871
2024-06-18 08:00:00+00:00,33.3513,38.1130,35.5592,119.6569,77.1067
2024-06-18 09:00:00+00:00,30.3617,31.2431,31.2647,93.9063,77.3231
2024-06-18 10:00:00+00:00,25.1227,28.0406,26.6208,80.2920,6.7151
2024-06-18 11:00:00+00:00,14.9552,17.5174,16.9075,52.9520,1.0841
2024-06-18 12:00:00+00:00,5.2307,3.6526,3.6398,9.2403,7.0758
2024-06-18 13:00:00+00:00,4.8683,2.6435,3.7945,7.9498,8.8806
2024-06-18 14:00:00+00:00,6.2148,7.0384,6.8385,14.8926,7.5517
2024-06-18 15:00:00+00:00,3.9735,4.7269,5.6457,6.9288,11.3249
2024-06-18 16:00:00+00:00,3.7141,3.6477,5.1203,4.5450,28.2545
2024-06-18 17:00:00+00:00,1.9282,2.7783,3.0942,5.0650,13.0159
2024-06-18 18:00:00+00:00,0.7549,0.0320,0.0024,2.0899,4.4084
2024-06-18 19:00:00+00:00,0.0000,0.0000,0.0000,0.0000,1.5825
2024-06-18 20:00:00+00:00,0.6579,0.1445,0.0248,0.9680,3.8633
2024-06-18 21:00:00+00:00,2.7503,3.2577,3.4225,6.7066,3.2047
2024-06-18 22:00:00+00:00,1.7538,2.3872,1.8993,6.3653,0.3834
2024-06-18 23:00:00+00:00,1.8531,1.9823,1.7908,5.7087,4.6176
2024-06-19 00:00:00+00:00,1.2949,1.2874,1.0898,4.8830,4.2418
2024-06-19 01:00:00+00:00,2.3361,3.7112,3.4565,13.3919,7.3733
2024-06-19 02:00:00+00:00,3.6031,6.6425,5.7219,19.0700,22.4144
2024-06-19 03:00:00+00:00,10.5163,12.7011,10.3358,39.0313,42.7025
2024-06-19 04:00:00+00:00,16.8953,19.1189,17.8300,59.8448,64.5004
2024-06-19 05:00:00+00:00,23.6158,27.5052,24.2202,86.7069,71.4470
2024-06-19 06:00:00+00:00,16.0672,13.7859,12.7616,45.0888,53.2442
2024-06-19 07:00:00+00:00,16.1951,16.7166,20.2970,48.1339,44.6243
2024-06-19 08:00:00+00:00,26.6174,29.2332,28.2716,91.1574,37.5961
2024-06-19 09:00:00+00:00,28.7301,34.5559,29.0071,114.9042,39.1298
2024-06-19 10:00:00+00:00,29.6068,33.9131,30.9092,98.8242,36.6481
2024-06-19 11:00:00+00:00,7.9290,10.4093,12.7085,24.6586,25.7737
2024-06-19 12:00:00+00:00,0.1461,0.1909,0.0000,5.8813,22.1269
2024-06-19 13:00:00+00:00,6.6709,8.2600,8.7011,19.7449,2.8270
2024-06-19 14:00:00+00:00,4.5930,4.8571,4.7865,15.3346,11.1566
2024-06-19 15:00:00+00:00,4.6351,4.6890,5.5766,10.1836,15.6400
2024-06-19 16:00:00+00:00,2.6287,3.4178,4.1472,8.0117,25.6371
2024-06-19 17:00:00+00:00,6.9430,6.9230,8.1974,16.7275,17.3915
2024-06-19 18:00:00+00:00,7.3570,5.3924,8.9330,12.7670,20.9648
2024-06-19 19:00:00+00:00,4.0390,6.2333,6.5110,15.4803,13.1572
2024-06-19 20:00:00+00:00,5.1416,5.2490,6.6672,11.5374,12.0340
2024-06-19 21:00:00+00:00,6.8647,10.4084,11.3330,22.6368,8.8255
2024-06-19 22:00:00+00:00,8.2090,9.4580,12.6302,25.3921,3.1215
2024-06-19 23:00:00+00:00,18.2583,16.7553,19.3001,45.2583,6.5850
2024-06-20 00:00:00+00:00,33.8498,36.3461,37.3579,99.0192,13.4108
2024-06-20 01:00:00+00:00,35.2897,39.7495,38.2105,123.5830,24.4078
2024-06-20 02:00:00+00:00,46.3359,55.8886,51.5423,165.8144,32.1533
2024-06-20 03:00:00+00:00,54.7727,60.4732,59.9893,177.1739,28.9982
2024-06-20 04:00:00+00:00,54.1207,61.4694,59.8755,181.0043,25.7124
2024-06-20 05:00:00+00:00,44.3284,49.8396,49.0329,150.9521,23.9674
2024-06-20 06:00:00+00:00,58.3008,65.9013,68.5543,187.2277,59.0138
2024-06-20 07:00:00+00:00,53.0225,65.0258,82.8131,115.0932,30.2361
2024-06-20 08:00:00+00:00,38.3072,30.8281,64.1533,59.5532,52.0210
2024-06-20 09:00:00+00:00,22.2746,26.1992,36.3163,39.0456,72.1843
2024-06-20 10:00:00+00:00,20.5971,25.5676,26.6018,73.9861,23.3376
2024-06-20 11:00:00+00:00,11.0753,14.2338,12.4900,42.7599,20.9517
2024-06-20 12:00:00+00:00,6.4417,9.7510,9.2816,21.1603,44.1175
2024-06-20 13:00:00+00:00,7.0624,9.8192,10.4075,21.1859,20.2643
2024-06-20 14:00:00+00:00,10.5585,12.4236,13.3297,29.3400,0.5081
2024-06-20 15:00:00+00:00,10.4799,12.5797,12.1853,33.7353,0.0000
2024-06-20 16:00:00+00:00,9.4343,13.2390,13.3616,32.2224,1.5184
2024-06-20 17:00:00+00:00,6.6977,9.1530,10.2687,21.3370,8.4510
2024-06-20 18:00:00+00:00,17.2215,17.2427,18.4921,44.4000,19.9872
2024-06-20 19:00:00+00:00,10.5598,12.1229,13.9469,33.6660,6.0891
2024-06-20 20:00:00+00:00,5.4370,7.3984,9.5642,15.3557,7.6704
2024-06-20 21:00:00+00:00,2.6307,1.0030,1.4388,10.5152,10.6393
2024-06-20 22:00:00+00:00,5.7775,3.0827,4.6575,11.9994,19.6877
2024-06-20 23:00:00+00:00,0.9652,0.0060,0.0000,1.5753,8.4168
2024-06-21 00:00:00+00:00,3.3050,0.5450,1.4464,4.9300,1.0325
2024-06-21 01:00:00+00:00,2.8924,3.5723,1.0290,17.8804,0.7970
2024-06-21 02:00:00+00:00,1.7359,0.5555,0.9538,4.1521,0.0000
2024-06-21 03:00:00+00:00,0.0724,1.1331,0.0000,8.0345,0.0000
2024-06-21 04:00:00+00:00,2.5186,2.1545,0.0000,16.3001,0.0000
2024-06-21 05:00:00+00:00,0.0236,0.0000,0.0000,0.1142,0.0000
2024-06-21 06:00:00+00:00,0.0000,0.0000,0.0000,0.0000,0.0000
2024-06-21 07:00:00+00:00,0.0000,0.0000,0.0000,0.0000,0.0000
2024-06-21 08:00:00+00:00,0.0000,0.0000,0.0000,0.0000,0.0000
2024-06-21 09:00:00+00:00,0.5123,1.5314,1.5393,2.7198,0.0000
2024-06-21 10:00:00+00:00,1.0999,0.4217,1.7681,0.3808,0.0000
2024-06-21 11:00:00+00:00,0.2801,0.0199,0.7627,0.0000,0.0000
2024-06-21 12:00:00+00:00,0.1638,0.0000,0.0168,0.0000,0.0000
2024-06-21 13:00:00+00:00,0.0000,0.0000,0.0000,0.0000,0.0000
2024-06-21 14:00:00+00:00,0.0000,0.0000,0.0000,0.0000,0.0486
2024-06-21 15:00:00+00:00,1.4823,1.1598,1.3788,3.1177,0.0000
2024-06-21 16:00:00+00:00,0.0000,0.1475,0.0000,1.6554,0.0000
2024-06-21 17:00:00+00:00,1.1435,1.8363,2.0616,2.8131,0.7253
2024-06-21 18:00:00+00:00,0.7787,0.9635,1.3079,1.7142,0.0000
2024-06-21 19:00:00+00:00,0.0830,0.0007,0.1645,0.1323,0.0000
2024-06-21 20:00:00+00:00,0.2944,0.1783,0.4732,0.0941,0.0000
2024-06-21 21:00:00+00:00,0.0000,0.0000,0.0000,0.0000,1.3396
2024-06-21 22:00:00+00:00,0.0000,0.7386,0.0474,2.0079,0.0000
2024-06-21 23:00:00+00:00,2.1679,3.1273,3.3861,5.1619,6.1658
2024-06-22 00:00:00+00:00,8.0582,6.9968,9.5178,14.7283,3.0333
2024-06-22 01:00:00+00:00,6.0797,10.9067,13.8262,14.5888,7.0271
2024-06-22 02:00:00+00:00,6.1593,9.2212,10.9640,16.0438,0.0000
2024-06-22 03:00:00+00:00,3.4054,6.4525,9.5344,11.4758,0.0000
2024-06-22 04:00:00+00:00,2.9162,6.8719,9.9369,9.1191,0.0000
2024-06-22 05:00:00+00:00,1.7946,4.0963,4.8506,7.7115,0.0000
2024-06-22 06:00:00+00:00,2.2278,8.2646,7.4387,11.9540,0.0000
2024-06-22 07:00:00+00:00,0.5552,1.6641,2.6486,1.9111,0.0000
2024-06-22 08:00:00+00:00,0.1431,0.0000,0.0061,0.6051,2.7084
2024-06-22 09:00:00+00:00,1.4816,4.1689,6.0179,2.5884,2.4427
2024-06-22 10:00:00+00:00,0.0000,0.0000,0.0030,0.0000,0.0000
2024-06-22 11:00:00+00:00,0.0000,0.0000,0.0000,0.0000,0.0000
2024-06-22 12:00:00+00:00,0.0000,0.0000,0.0000,0.0000,0.0000
2024-06-22 13:00:00+00:00,0.0000,0.0000,0.0000,0.0000,0.9753
2024-06-22 14:00:00+00:00,0.0000,0.0000,0.0000,0.0000,3.9827
2024-06-22 15:00:00+00:00,0.0000,0.0000,0.0000,0.0000,0.0000
2024-06-22 16:00:00+00:00,0.0000,0.0000,0.0000,0.0000,0.0000
2024-06-22 17:00:00+00:00,0.0000,0.0000,0.0000,0.0000,0.0000
2024-06-22 18:00:00+00:00,0.0000,0.0000,0.0000,0.0000,0.0000
2024-06-22 19:00:00+00:00,0.1008,0.3493,0.2424,0.2892,0.0000
2024-06-22 20:00:00+00:00,0.0000,0.0000,0.0000,0.0000,0.0000
2024-06-22 21:00:00+00:00,0.0000,0.0000,0.0000,0.0000,0.0000
2024-06-22 22:00:00+00:00,0.0000,0.2381,0.0000,1.2829,0.0000
2024-06-22 23:00:00+00:00,0.0000,0.0000,0.0000,0.0000,7.9418
2024-06-23 00:00:00+00:00,5.2688,8.8282,9.7058,17.7345,2.1853
2024-06-23 01:00:00+00:00,3.4308,6.4794,8.0231,13.9335,2.2062
2024-06-23 02:00:00+00:00,9.0248,16.7798,18.8860,29.4104,0.0984
2024-06-23 03:00:00+00:00,11.3031,14.5467,18.9385,28.7421,6.6515
2024-06-23 04:00:00+00:00,25.6503,22.4972,37.5410,41.4348,27.5984
2024-06-23 05:00:00+00:00,19.2680,23.1887,30.7614,28.5574,31.1655
2024-06-23 06:00:00+00:00,44.6936,40.4967,44.8575,53.7440,72.2315
2024-06-23 07:00:00+00:00,25.7569,20.7482,17.7090,51.3081,79.3578
2024-06-23 08:00:00+00:00,75.3625,18.3383,28.7019,59.7897,3.7961
2024-06-23 09:00:00+00:00,76.8537,48.8733,86.6855,69.5074,37.0376
2024-06-23 10:00:00+00:00,67.7220,91.9146,99.5049,207.2976,35.5102
2024-06-23 11:00:00+00:00,44.8687,55.4805,62.2216,131.5205,56.9488
2024-06-23 12:00:00+00:00,46.8094,31.3276,51.9591,78.1200,76.8075
2024-06-23 13:00:00+00:00,42.8367,41.3534,46.5032,115.1357,73.0437
2024-06-23 14:00:00+00:00,43.1289,41.6814,49.2957,99.1057,78.1610
2024-06-23 15:00:00+00:00,31.9108,38.2812,41.1491,89.4580,78.0728
2024-06-23 16:00:00+00:00,50.5024,71.6763,74.5517,152.5160,78.9028
2024-06-23 17:00:00+00:00,55.2433,54.5836,63.5609,130.3811,75.0612
2024-06-23 18:00:00+00:00,53.9292,81.8049,90.9727,185.6989,79.4745
2024-06-23 19:00:00+00:00,68.9377,54.9212,65.0292,159.9729,79.9000
2024-06-23 20:00:00+00:00,78.0369,95.5728,101.8191,210.1361,79.6074
2024-06-23 21:00:00+00:00,80.3229,99.1527,105.3581,215.0936,77.6065
2024-06-23 22:00:00+00:00,76.9815,95.7740,101.2285,209.2654,79.8032
2024-06-23 23:00:00+00:00,77.2344,95.8294,100.9318,212.2190,79.5474
2024-06-24 00:00:00+00:00,76.2608,89.7208,97.0907,205.6564,79.9000
2024-06-24 01:00:00+00:00,55.3452,72.6663,80.1110,169.3381,79.3120
2024-06-24 02:00:00+00:00,77.3529,78.2975,76.1416,204.7202,79.8748
2024-06-24 03:00:00+00:00,80.7391,99.2320,104.7422,214.6310,77.0138
2024-06-24 04:00:00+00:00,37.3738,32.5515,44.0982,77.3020,76.7097
2024-06-24 05:00:00+00:00,47.1367,45.3176,44.4539,128.8931,79.8493
2024-06-24 06:00:00+00:00,26.7352,36.3542,28.3265,125.1301,79.3661
2024-06-24 07:00:00+00:00,27.4697,27.7026,27.9833,84.9979,77.3906
2024-06-24 08:00:00+00:00,47.3905,57.1502,51.9216,142.1159,79.8714
2024-06-24 09:00:00+00:00,19.6749,16.1760,21.3595,34.8219,79.8555
2024-06-24 10:00:00+00:00,13.0317,6.1690,12.7169,12.3563,77.1185
2024-06-24 11:00:00+00:00,0.3002,0.0000,0.0003,0.9185,55.3499
2024-06-24 12:00:00+00:00,0.6230,3.9752,2.6053,9.8034,52.8566
2024-06-24 13:00:00+00:00,9.5803,25.8621,27.7665,47.7412,78.2493
2024-06-24 14:00:00+00:00,36.9449,73.9738,74.4763,138.7912,79.9000
2024-06-24 15:00:00+00:00,23.3389,34.7797,36.2318,86.6647,79.9000
2024-06-24 16:00:00+00:00,69.5300,48.4233,52.8475,174.9706,79.9000
2024-06-24 17:00:00+00:00,39.4428,34.8885,31.3317,100.4977,79.1848
2024-06-24 18:00:00+00:00,36.3290,32.1044,37.8697,89.7275,79.3198
2024-06-24 19:00:00+00:00,19.9727,22.1239,23.8497,51.8494,61.2406
2024-06-24 20:00:00+00:00,12.4995,7.3948,8.1400,28.1999,39.2382
2024-06-24 21:00:00+00:00,15.9976,12.5541,10.1062,45.3262,34.5801
2024-06-24 22:00:00+00:00,10.8160,9.0614,8.4062,32.1246,31.1194
2024-06-24 23:00:00+00:00,10.6059,8.5043,8.2784,35.5376,43.2494
2024-06-25 00:00:00+00:00,13.3264,14.4153,17.0755,36.9913,19.3592
2024-06-25 01:00:00+00:00,12.6138,10.9243,9.9532,45.1989,14.9226
2024-06-25 02:00:00+00:00,23.1500,21.6452,21.4507,73.6522,28.8595
2024-06-25 03:00:00+00:00,20.6640,21.0289,23.7898,61.3530,65.9569
2024-06-25 04:00:00+00:00,18.9741,30.3067,37.0778,75.6995,65.0647
2024-06-25 05:00:00+00:00,29.3151,31.6965,29.0579,100.2886,76.3050
2024-06-25 06:00:00+00:00,30.7339,30.9607,32.4903,100.0547,59.4367
2024-06-25 07:00:00+00:00,29.5041,29.2722,29.8117,95.7783,49.3125
2024-06-25 08:00:00+00:00,29.1488,29.6630,30.3154,89.3893,42.7547
2024-06-25 09:00:00+00:00,12.0754,15.7899,17.0371,42.3487,25.6352
2024-06-25 10:00:00+00:00,16.6882,18.6924,18.3302,58.7629,12.8186
2024-06-25 11:00:00+00:00,8.4817,9.9354,8.9810,31.0220,4.1214
2024-06-25 12:00:00+00:00,9.8556,11.2205,10.9963,33.8674,28.0324
2024-06-25 13:00:00+00:00,3.5437,4.0734,3.6075,17.0744,29.1958
2024-06-25 14:00:00+00:00,7.1373,9.5769,9.3011,26.1253,28.5219
2024-06-25 15:00:00+00:00,9.7229,12.2440,13.3679,29.6913,14.0956
2024-06-25 16:00:00+00:00,7.3576,10.2535,11.5028,20.9825,42.2485
2024-06-25 17:00:00+00:00,33.4211,41.7686,44.7464,94.0177,34.5078
2024-06-25 18:00:00+00:00,20.4352,28.5413,29.7939,61.7811,24.4127
2024-06-25 19:00:00+00:00,19.0424,26.0230,27.7433,55.4612,28.6377
2024-06-25 20:00:00+00:00,15.1445,18.0584,20.1375,40.9831,34.2843
2024-06-25 21:00:00+00:00,28.6481,36.3312,37.6272,82.6833,8.5162
2024-06-25 22:00:00+00:00,21.0596,25.0868,25.0632,68.6711,6.8557
2024-06-25 23:00:00+00:00,16.3819,29.7756,31.5072,56.7504,16.4437
2024-06-26 00:00:00+00:00,26.6172,30.5576,27.6573,78.6925,64.2978
2024-06-26 01:00:00+00:00,80.6058,68.6152,95.1079,138.2615,41.5114
2024-06-26 02:00:00+00:00,80.9923,100.4926,106.2565,215.2000,69.4706
2024-06-26 03:00:00+00:00,77.5007,91.5823,97.2133,208.8793,36.8506
2024-06-26 04:00:00+00:00,78.9850,90.6094,99.5727,205.9360,77.1150
2024-06-26 05:00:00+00:00,79.6799,98.6844,105.2791,213.4264,79.6584
2024-06-26 06:00:00+00:00,77.3333,95.5395,99.2787,209.5018,79.8725
2024-06-26 07:00:00+00:00,78.7734,97.1485,101.9969,214.6140,79.8978
2024-06-26 08:00:00+00:00,79.1982,97.7539,103.2769,214.3343,78.5644
2024-06-26 09:00:00+00:00,66.5991,82.6103,83.0767,205.7045,77.4183
2024-06-26 10:00:00+00:00,53.7950,67.4686,69.6953,186.2238,63.1429
2024-06-26 11:00:00+00:00,54.2427,58.3707,56.5376,176.3642,50.9016
2024-06-26 12:00:00+00:00,25.3907,28.6885,28.4346,77.4238,54.4105
2024-06-26 13:00:00+00:00,19.9421,23.4875,23.0613,60.2734,47.1590
2024-06-26 14:00:00+00:00,32.9594,36.2751,37.4535,94.9525,35.0539
2024-06-26 15:00:00+00:00,32.6237,34.2162,38.4954,85.1629,64.5484
2024-06-26 16:00:00+00:00,50.3308,61.4022,61.8915,166.4953,54.6409
2024-06-26 17:00:00+00:00,31.7972,29.1449,36.6218,70.7111,40.9564
2024-06-26 18:00:00+00:00,40.2885,42.6141,45.8757,100.4843,42.3512
2024-06-26 19:00:00+00:00,34.4556,42.9726,44.0541,97.5682,28.2353
2024-06-26 20:00:00+00:00,39.6933,44.9822,46.0559,111.0554,39.1536
2024-06-26 21:00:00+00:00,42.8513,45.0916,50.3340,113.1427,57.2968
2024-06-26 22:00:00+00:00,33.8302,35.7975,37.4710,80.8316,36.6074
2024-06-26 23:00:00+00:00,22.5285,19.5651,16.3376,62.0858,15.7807
2024-06-27 00:00:00+00:00,3.4961,4.3417,6.3735,10.6917,62.2652
2024-06-27 01:00:00+00:00,13.5520,19.6415,19.7098,50.5206,11.8380
2024-06-27 02:00:00+00:00,13.4749,20.3928,24.4096,37.0591,2.2165
2024-06-27 03:00:00+00:00,0.6495,10.6604,5.0644,26.1883,18.3989
2024-06-27 04:00:00+00:00,12.3315,22.5908,19.7332,54.7088,26.7895
2024-06-27 05:00:00+00:00,8.0203,7.8013,4.5112,38.4764,22.3644
2024-06-27 06:00:00+00:00,14.2222,14.2925,12.3057,43.8783,5.6424
2024-06-27 07:00:00+00:00,9.0601,8.9547,9.1632,26.9642,14.3574
2024-06-27 08:00:00+00:00,1.8959,1.4682,0.1536,11.1716,16.7175
2024-06-27 09:00:00+00:00,1.5841,2.7824,1.8073,10.1859,27.1119
2024-06-27 10:00:00+00:00,1.3511,0.5423,0.1672,2.9303,47.7849
2024-06-27 11:00:00+00:00,13.6002,10.6868,11.4301,31.2456,40.3061
2024-06-27 12:00:00+00:00,10.8899,8.1734,9.2073,26.7946,17.6367
2024-06-27 13:00:00+00:00,15.1367,16.7276,18.7642,43.5387,13.6641
2024-06-27 14:00:00+00:00,12.0025,12.4192,12.0463,33.7944,19.1276
2024-06-27 15:00:00+00:00,17.3264,19.6069,22.7952,50.0137,34.1808
2024-06-27 16:00:00+00:00,69.3081,80.8456,81.0270,189.3846,36.3358
2024-06-27 17:00:00+00:00,55.3189,62.4403,68.6805,152.1490,42.1744
2024-06-27 18:00:00+00:00,58.8686,67.5477,67.5935,177.6306,40.3281
2024-06-27 19:00:00+00:00,67.6875,79.3710,77.2121,199.6603,21.4606
2024-06-27 20:00:00+00:00,65.1086,76.0997,81.5120,193.7702,27.7712
2024-06-27 21:00:00+00:00,60.3471,74.1179,75.6183,186.9385,51.9288
2024-06-27 22:00:00+00:00,39.6026,47.8066,50.7438,116.9312,38.1453
2024-06-27 23:00:00+00:00,40.0588,50.2429,55.0937,115.9438,32.5148
2024-06-28 00:00:00+00:00,23.4162,35.6688,35.2942,87.0261,0.0000
2024-06-28 01:00:00+00:00,23.4504,22.5398,25.0780,58.9804,0.0000
2024-06-28 02:00:00+00:00,17.1502,16.0685,21.4657,48.6468,0.0000
2024-06-28 03:00:00+00:00,9.2750,8.9221,8.4674,19.9611,1.3786
2024-06-28 04:00:00+00:00,6.5103,6.9146,6.7640,20.1871,9.2104
2024-06-28 05:00:00+00:00,14.9624,13.6243,15.1683,40.0020,5.2738
2024-06-28 06:00:00+00:00,9.3442,8.6419,11.3301,28.3827,0.0000
2024-06-28 07:00:00+00:00,15.1558,15.5918,14.9568,50.8845,0.0000
2024-06-28 08:00:00+00:00,12.7283,16.4891,15.2280,49.0699,0.0000
2024-06-28 09:00:00+00:00,11.9822,11.8815,10.3785,43.4604,0.0000
2024-06-28 10:00:00+00:00,7.3200,9.0221,7.0527,34.0235,0.0000
2024-06-28 11:00:00+00:00,1.9836,3.7970,3.4268,11.5825,0.0000
2024-06-28 12:00:00+00:00,0.5990,0.3771,0.0000,5.2324,0.0000
2024-06-28 13:00:00+00:00,0.0000,0.0000,0.0000,0.0000,1.3149
2024-06-28 14:00:00+00:00,0.0000,0.0000,0.0000,0.0000,0.0000
2024-06-28 15:00:00+00:00,0.2720,0.0000,0.0000,0.4095,0.0000
2024-06-28 16:00:00+00:00,0.0000,0.0000,0.0000,0.0000,0.0000
2024-06-28 17:00:00+00:00,0.0032,0.0000,0.0394,0.0000,0.0000
2024-06-28 18:00:00+00:00,0.9507,1.3254,1.2472,3.1941,0.0000
2024-06-28 19:00:00+00:00,0.0000,0.0000,0.0000,0.0000,1.3240
2024-06-28 20:00:00+00:00,0.0000,0.0000,0.0000,0.0000,2.5646
2024-06-28 21:00:00+00:00,0.0000,0.0000,0.0000,0.0000,4.5718
2024-06-28 22:00:00+00:00,0.0000,0.0000,0.0000,0.0000,10.5811
2024-06-28 23:00:00+00:00,0.0000,0.0132,0.3918,0.0000,6.3243
2024-06-29 00:00:00+00:00,5.8969,7.6325,10.1230,14.6129,8.0711
2024-06-29 01:00:00+00:00,7.6105,9.4062,13.5520,19.3597,14.5689
2024-06-29 02:00:00+00:00,15.3304,28.5648,25.7000,62.1756,19.5329
2024-06-29 03:00:00+00:00,7.5013,8.8687,7.4899,26.7918,47.5851
2024-06-29 04:00:00+00:00,12.9944,16.8414,15.4737,34.2123,76.0356
2024-06-29 05:00:00+00:00,10.4894,11.8155,11.4626,22.3149,78.2199
2024-06-29 06:00:00+00:00,28.7108,33.3457,40.4126,44.2965,79.8411
2024-06-29 07:00:00+00:00,47.0439,70.3384,70.1831,118.8107,79.8540
2024-06-29 08:00:00+00:00,77.3651,96.5104,102.1125,211.6505,69.4574
2024-06-29 09:00:00+00:00,80.0334,96.6381,103.9796,211.8036,68.7208
2024-06-29 10:00:00+00:00,80.9136,98.3379,104.5610,213.3922,65.1926
2024-06-29 11:00:00+00:00,78.3879,91.1905,100.3372,200.7485,69.2435
2024-06-29 12:00:00+00:00,77.3389,82.8834,74.3404,203.9083,70.3270
2024-06-29 13:00:00+00:00,42.5555,46.7864,48.1740,95.4972,73.8890
2024-06-29 14:00:00+00:00,60.8973,74.5044,71.1032,167.4180,76.1849
2024-06-29 15:00:00+00:00,41.5232,32.8563,36.9388,87.8176,68.7408
2024-06-29 16:00:00+00:00,46.6835,43.5686,56.8872,69.3317,79.4222
2024-06-29 17:00:00+00:00,75.3074,48.8343,72.6929,92.1241,79.8940
2024-06-29 18:00:00+00:00,80.0348,44.4474,75.0806,94.0316,79.9000
2024-06-29 19:00:00+00:00,80.8556,96.0338,105.0275,184.5960,79.7205
2024-06-29 20:00:00+00:00,81.0000,99.5441,106.5000,211.7877,79.9000
2024-06-29 21:00:00+00:00,81.0000,98.2556,105.3431,210.8566,79.8566
2024-06-29 22:00:00+00:00,81.0000,98.9166,105.5834,211.3200,79.7756
2024-06-29 23:00:00+00:00,79.2517,96.5101,101.1574,212.2179,77.8191
2024-06-30 00:00:00+00:00,78.7600,92.4089,96.9875,206.7480,77.9610
2024-06-30 01:00:00+00:00,63.8214,82.7758,76.4777,206.6269,79.8127
2024-06-30 02:00:00+00:00,69.5776,87.7611,76.7221,208.4730,78.6577
2024-06-30 03:00:00+00:00,51.8859,44.0258,46.8983,147.1525,77.3305
2024-06-30 04:00:00+00:00,35.4641,45.8343,45.1416,142.5118,50.4133
2024-06-30 05:00:00+00:00,35.5357,57.6546,56.7899,154.4015,73.3522
2024-06-30 06:00:00+00:00,31.6551,38.6699,45.8981,122.3364,45.3505
2024-06-30 07:00:00+00:00,73.6477,90.7220,103.6980,195.6656,49.3097
2024-06-30 08:00:00+00:00,45.7781,65.8493,62.8673,161.7980,57.0277
2024-06-30 09:00:00+00:00,52.7078,64.1725,78.7807,150.2555,60.9193
2024-06-30 10:00:00+00:00,21.1392,21.0804,26.3750,53.4552,43.5639
2024-06-30 11:00:00+00:00,28.0665,28.9320,30.3791,76.8317,68.6173
2024-06-30 12:00:00+00:00,17.8224,16.6239,22.9688,39.2288,57.7944
2024-06-30 13:00:00+00:00,41.9043,50.8744,51.0547,113.3136,47.4740
2024-06-30 14:00:00+00:00,48.6111,56.9247,64.2066,130.6042,47.0943
2024-06-30 15:00:00+00:00,43.7882,45.5213,54.0103,115.4289,75.0885
2024-06-30 16:00:00+00:00,61.5992,63.3482,79.5169,136.5798,76.6201
2024-06-30 17:00:00+00:00,38.2990,45.1034,46.6459,98.2406,60.2491
2024-06-30 18:00:00+00:00,28.5000,26.6658,33.7391,66.2646,63.9445
2024-06-30 19:00:00+00:00,38.9240,47.3541,47.5348,118.2205,74.2467
2024-06-30 20:00:00+00:00,43.3152,52.3215,51.8336,138.2116,76.5997
2024-06-30 21:00:00+00:00,20.4328,29.8961,31.5178,71.1333,76.5728
2024-06-30 22:00:00+00:00,28.4372,28.4747,25.6737,78.3056,79.8949
2024-06-30 23:00:00+00:00,10.3191,15.9136,15.0603,44.4800,78.7234
2024-07-01 00:00:00+00:00,16.6555,18.0650,18.5151,39.9386,64.1445
2024-07-01 01:00:00+00:00,6.6474,6.2499,6.7984,19.7536,52.7472
2024-07-01 02:00:00+00:00,8.6044,11.7790,10.8425,33.8652,42.8371
2024-07-01 03:00:00+00:00,17.5681,11.7387,11.9397,47.4530,49.0285
2024-07-01 04:00:00+00:00,24.6294,18.8105,20.2404,63.4079,37.4966
2024-07-01 05:00:00+00:00,20.7006,19.2401,18.3307,63.1878,20.1926
2024-07-01 06:00:00+00:00,12.0613,11.4784,12.1394,35.3917,25.6161
2024-07-01 07:00:00+00:00,11.9190,11.6758,10.9064,44.9831,21.6134
2024-07-01 08:00:00+00:00,9.4194,5.8736,6.6507,24.6114,24.8126
2024-07-01 09:00:00+00:00,8.4574,5.7669,5.9716,22.2967,24.4577
2024-07-01 10:00:00+00:00,2.1882,2.2882,2.5523,6.2967,21.8632
2024-07-01 11:00:00+00:00,4.1162,4.0253,4.6584,10.7401,9.8665
2024-07-01 12:00:00+00:00,4.8823,3.4797,3.5597,12.7793,7.2192
2024-07-01 13:00:00+00:00,1.6982,1.4325,0.8989,6.3060,6.0577
2024-07-01 14:00:00+00:00,2.0442,1.2547,0.9507,6.2816,2.4361
2024-07-01 15:00:00+00:00,2.0341,1.6931,1.7455,5.3509,4.3037
2024-07-01 16:00:00+00:00,3.8275,2.9480,3.2787,9.2913,9.4850
2024-07-01 17:00:00+00:00,2.9078,2.2145,2.3760,6.8287,10.3156
2024-07-01 18:00:00+00:00,4.2861,3.3699,3.6465,10.4667,12.4458
2024-07-01 19:00:00+00:00,3.2851,1.9404,2.1868,7.2258,11.0088
2024-07-01 20:00:00+00:00,1.7399,0.5555,0.7678,3.7832,6.9598
2024-07-01 21:00:00+00:00,1.8696,0.6428,0.7694,5.2816,4.4383
2024-07-01 22:00:00+00:00,3.3240,2.5139,2.5840,8.5848,5.7941
2024-07-01 23:00:00+00:00,1.7577,0.7535,1.0807,4.3353,9.4813
2024-07-02 00:00:00+00:00,3.2065,3.5369,2.8082,12.5919,2.8707
2024-07-02 01:00:00+00:00,7.2700,7.4690,6.8858,30.3496,17.0408
2024-07-02 02:00:00+00:00,2.6905,3.2467,2.5906,12.9243,12.6572
2024-07-02 03:00:00+00:00,4.6340,6.4277,6.0970,19.7242,15.1992
2024-07-02 04:00:00+00:00,2.6078,4.0076,2.6931,16.4453,0.7879
2024-07-02 05:00:00+00:00,1.8743,4.0386,3.4987,13.8606,5.9539
2024-07-02 06:00:00+00:00,1.1362,2.0721,1.5516,8.6105,3.2674
2024-07-02 07:00:00+00:00,3.1293,5.2053,3.9552,18.6173,0.0000
2024-07-02 08:00:00+00:00,0.0000,0.0000,0.0000,0.0000,0.0000
2024-07-02 09:00:00+00:00,0.0000,0.0000,0.0000,0.0000,0.0000
2024-07-02 10:00:00+00:00,0.0505,0.3996,0.0000,2.2082,0.0000
2024-07-02 11:00:00+00:00,0.3552,1.7860,0.6893,7.1427,0.2330
2024-07-02 12:00:00+00:00,0.0000,0.0000,0.0000,0.0000,0.0000
2024-07-02 13:00:00+00:00,0.0000,0.0000,0.0000,0.0000,0.0000
2024-07-02 14:00:00+00:00,0.0000,0.0000,0.0000,0.0000,0.0000
2024-07-02 15:00:00+00:00,0.0000,0.0000,0.0000,0.0000,0.0000
2024-07-02 16:00:00+00:00,0.0000,0.0000,0.0000,0.0000,0.0000
2024-07-02 17:00:00+00:00,0.0000,0.0000,0.0000,0.0000,0.0000
2024-07-02 18:00:00+00:00,0.0152,0.0000,0.0000,0.0000,0.2222
2024-07-02 19:00:00+00:00,0.0000,0.0000,0.0000,0.0000,0.0000
2024-07-02 20:00:00+00:00,0.0000,0.0000,0.0000,0.0000,0.5725
2024-07-02 21:00:00+00:00,0.0000,0.0000,0.0000,0.0000,1.0468
2024-07-02 22:00:00+00:00,0.0000,0.0000,0.0000,0.0000,1.2626
2024-07-02 23:00:00+00:00,0.0000,0.0000,0.0000,0.0000,2.3558
2024-07-03 00:00:00+00:00,0.0000,0.0000,0.0000,0.0000,5.4586
2024-07-03 01:00:00+00:00,0.0000,0.0000,0.3198,0.0081,16.5714
2024-07-03 02:00:00+00:00,0.0000,0.0000,0.0679,0.0000,19.5807
2024-07-03 03:00:00+00:00,2.9779,6.8179,8.1648,15.7936,32.9872
2024-07-03 04:00:00+00:00,10.9514,9.9218,12.4183,22.6827,41.5960
2024-07-03 05:00:00+00:00,13.3526,16.5850,13.4316,51.3801,46.7100
2024-07-03 06:00:00+00:00,42.5109,43.8567,44.7606,88.5718,51.6085
2024-07-03 07:00:00+00:00,55.2674,64.0547,51.3006,194.9054,46.5802
2024-07-03 08:00:00+00:00,62.9198,83.2756,68.5144,199.4245,44.0340
2024-07-03 09:00:00+00:00,57.7155,73.1956,59.7171,190.4638,56.9326
2024-07-03 10:00:00+00:00,44.5043,55.4807,46.0749,145.6242,47.4481
2024-07-03 11:00:00+00:00,39.0424,43.8132,35.7695,126.7070,55.8562
2024-07-03 12:00:00+00:00,28.9108,28.8820,22.5952,74.5805,60.7262
2024-07-03 13:00:00+00:00,19.4180,23.0572,20.8753,56.0340,68.9770
2024-07-03 14:00:00+00:00,17.7527,22.1182,25.1146,54.5792,74.6495
2024-07-03 15:00:00+00:00,28.6098,27.4847,34.8021,65.5077,76.4901
2024-07-03 16:00:00+00:00,42.1974,43.3519,54.5125,90.0769,78.4899
2024-07-03 17:00:00+00:00,54.2114,57.1023,65.4676,122.4691,78.6268
2024-07-03 18:00:00+00:00,48.8119,54.3858,61.4051,124.4851,77.3872
2024-07-03 19:00:00+00:00,42.8441,48.9790,52.9630,111.0785,77.5632
2024-07-03 20:00:00+00:00,41.9676,51.2255,59.4162,108.5715,79.5999
2024-07-03 21:00:00+00:00,48.8798,56.0523,60.2311,142.9148,78.5075
2024-07-03 22:00:00+00:00,26.8031,24.4310,27.7393,62.6606,76.1801
2024-07-03 23:00:00+00:00,44.9286,34.7755,41.3633,88.9624,76.7954
2024-07-04 00:00:00+00:00,76.4007,66.0269,81.6060,182.4953,77.7733
2024-07-04 01:00:00+00:00,77.3124,95.5199,101.8085,206.6326,33.0868
2024-07-04 02:00:00+00:00,51.2085,41.8613,56.7431,133.0370,64.6414
2024-07-04 03:00:00+00:00,79.2365,84.7943,100.7393,183.5176,3.2117
2024-07-04 04:00:00+00:00,58.4808,51.6925,66.4186,131.2702,41.6424
2024-07-04 05:00:00+00:00,76.9059,82.7775,95.6404,197.6278,3.1258
2024-07-04 06:00:00+00:00,77.5528,85.1247,98.3965,203.6169,30.7237
2024-07-04 07:00:00+00:00,65.6834,66.9902,68.2109,193.0600,24.9179
2024-07-04 08:00:00+00:00,25.7586,28.9236,28.2554,81.5876,9.2306
2024-07-04 09:00:00+00:00,20.1479,24.8501,23.2209,71.5256,7.0073
2024-07-04 10:00:00+00:00,14.6251,17.0900,16.3108,49.2858,5.0295
2024-07-04 11:00:00+00:00,8.4991,8.9739,7.6551,30.8739,2.1555
2024-07-04 12:00:00+00:00,7.4765,7.6504,6.7244,25.1419,0.0000
2024-07-04 13:00:00+00:00,4.6621,4.8968,4.3170,15.5656,0.0000
2024-07-04 14:00:00+00:00,3.5388,4.4915,3.8429,12.1535,0.0000
2024-07-04 15:00:00+00:00,5.1190,5.9276,5.4681,17.1503,0.0000
2024-07-04 16:00:00+00:00,3.9671,4.6885,4.2945,13.4714,0.0000
2024-07-04 17:00:00+00:00,3.0825,3.6840,3.8315,8.6351,4.4409
2024-07-04 18:00:00+00:00,10.7315,14.6130,14.8918,34.0951,11.4992
2024-07-04 19:00:00+00:00,3.7105,5.6854,5.6861,14.4314,16.7351
2024-07-04 20:00:00+00:00,2.7242,6.2759,5.6751,16.0343,14.3483
2024-07-04 21:00:00+00:00,6.1889,8.4654,8.7332,18.3009,8.7029
2024-07-04 22:00:00+00:00,3.0892,5.3114,4.8291,15.2299,1.2528
2024-07-04 23:00:00+00:00,0.7773,1.1713,0.6343,4.2807,0.6924
2024-07-05 00:00:00+00:00,1.5078,1.3439,1.3144,4.2394,0.0000
2024-07-05 01:00:00+00:00,3.1922,3.7643,3.5278,9.7608,3.2935
2024-07-05 02:00:00+00:00,11.6426,14.3009,13.2330,41.7050,14.5982
2024-07-05 03:00:00+00:00,7.9115,11.6857,9.6953,35.0747,6.5484
2024-07-05 04:00:00+00:00,18.5386,19.1132,21.2464,53.8720,12.9584
2024-07-05 05:00:00+00:00,10.7535,10.9508,9.6796,43.9064,7.5184
2024-07-05 06:00:00+00:00,6.4226,7.8303,7.2501,25.5453,3.9094
2024-07-05 07:00:00+00:00,11.9734,13.1760,13.4604,46.6389,1.6696
2024-07-05 08:00:00+00:00,6.2497,9.0084,7.6109,29.0127,2.5478
2024-07-05 09:00:00+00:00,4.8931,4.8598,4.9547,11.7881,0.0000
2024-07-05 10:00:00+00:00,1.2095,0.1047,0.0000,2.8760,1.6135
2024-07-05 11:00:00+00:00,0.0000,0.0000,0.0000,0.0000,0.0000
2024-07-05 12:00:00+00:00,0.0000,0.0000,0.0000,0.0000,0.0000
2024-07-05 13:00:00+00:00,0.0000,0.0000,0.0000,0.0000,0.0000
2024-07-05 14:00:00+00:00,0.0000,0.0000,0.0000,0.0000,0.0000
2024-07-05 15:00:00+00:00,0.0000,0.0000,0.0000,0.0000,0.0000
2024-07-05 16:00:00+00:00,0.0000,0.0000,0.0000,0.0000,0.0000
2024-07-05 17:00:00+00:00,0.0000,0.0000,0.0000,0.0000,0.0000
2024-07-05 18:00:00+00:00,0.3601,0.5517,0.0000,7.2101,0.0000
2024-07-05 19:00:00+00:00,9.3791,1.9455,2.9194,7.1101,0.0150
2024-07-05 20:00:00+00:00,0.0000,2.2157,1.0030,1.3425,0.0000
2024-07-05 21:00:00+00:00,0.0000,0.0000,0.0000,0.0000,0.0000
2024-07-05 22:00:00+00:00,0.0000,0.0000,0.0000,0.0000,0.0000
2024-07-05 23:00:00+00:00,0.0000,0.0000,0.0000,0.0000,0.0000
2024-07-06 00:00:00+00:00,0.0000,0.0000,0.0000,0.0000,1.8828
2024-07-06 01:00:00+00:00,0.0000,0.0000,0.0000,0.0000,0.0000
2024-07-06 02:00:00+00:00,0.0000,0.0000,0.0000,0.0000,0.0000
2024-07-06 03:00:00+00:00,0.0000,0.0000,0.0000,0.0000,5.4461
2024-07-06 04:00:00+00:00,0.7912,0.4635,0.3579,0.9890,15.0716
2024-07-06 05:00:00+00:00,11.1086,16.3527,20.4404,30.0987,7.7456
2024-07-06 06:00:00+00:00,5.5401,7.0810,7.3091,12.2437,45.9623
2024-07-06 07:00:00+00:00,1.5439,0.3973,0.3969,1.2552,16.1124
2024-07-06 08:00:00+00:00,2.1598,0.1092,0.0665,0.6835,19.4546
2024-07-06 09:00:00+00:00,0.0000,1.8903,0.0113,6.1871,3.5176
2024-07-06 10:00:00+00:00,0.0000,1.5603,0.0000,1.1859,0.0000
2024-07-06 11:00:00+00:00,0.0000,0.5306,0.0000,0.7615,1.9431
2024-07-06 12:00:00+00:00,2.6113,0.7948,2.3030,1.7633,0.8120
2024-07-06 13:00:00+00:00,0.0000,0.0090,0.8349,0.0000,1.2541
2024-07-06 14:00:00+00:00,0.0000,0.0000,0.0000,0.0000,3.9328
2024-07-06 15:00:00+00:00,0.0000,0.0000,0.0000,0.0000,3.0114
2024-07-06 16:00:00+00:00,2.1723,2.1886,3.0402,4.2289,0.0000
2024-07-06 17:00:00+00:00,1.1830,0.5771,0.2850,2.5688,0.0000
2024-07-06 18:00:00+00:00,1.5686,0.7800,0.8091,3.6943,2.2162
2024-07-06 19:00:00+00:00,0.4374,0.1044,0.0000,1.3837,15.0568
2024-07-06 20:00:00+00:00,0.0000,0.0000,0.0000,0.0000,25.4035
2024-07-06 21:00:00+00:00,0.0000,0.0000,0.0000,0.0000,29.5068
2024-07-06 22:00:00+00:00,0.0000,0.0000,0.0000,0.0000,13.0992
2024-07-06 23:00:00+00:00,0.1308,0.0000,0.0061,0.0000,30.7330
2024-07-07 00:00:00+00:00,5.6851,2.9883,7.9468,3.9749,25.4651
2024-07-07 01:00:00+00:00,2.0483,2.4456,5.1689,1.6270,24.9705
2024-07-07 02:00:00+00:00,10.8234,11.4888,15.9958,22.9683,23.4319
2024-07-07 03:00:00+00:00,4.7645,4.0661,3.0114,15.8618,25.8691
2024-07-07 04:00:00+00:00,0.0000,0.0069,0.0000,1.7695,28.8367
2024-07-07 05:00:00+00:00,2.3197,1.3858,3.0049,2.8223,38.1363
2024-07-07 06:00:00+00:00,8.2944,10.2074,9.1508,26.6155,40.1917
2024-07-07 07:00:00+00:00,16.1999,19.8979,20.3044,57.2496,44.7355
2024-07-07 08:00:00+00:00,22.3181,28.9028,28.0206,87.1818,28.0340
2024-07-07 09:00:00+00:00,20.4981,25.0687,23.5619,85.9265,22.3382
2024-07-07 10:00:00+00:00,13.2684,17.6339,16.3967,57.6146,16.7159
2024-07-07 11:00:00+00:00,7.9796,8.1534,7.5945,27.1376,10.3232
2024-07-07 12:00:00+00:00,0.0046,0.0078,0.0000,1.4315,6.6863
2024-07-07 13:00:00+00:00,4.1807,4.5853,4.5727,12.6937,5.7179
2024-07-07 14:00:00+00:00,5.2320,8.1851,8.7078,16.4916,5.8708
2024-07-07 15:00:00+00:00,3.5497,4.9489,5.4785,11.1106,7.3541
2024-07-07 16:00:00+00:00,4.0434,5.8827,6.4992,11.1064,5.1809
2024-07-07 17:00:00+00:00,4.1177,5.9622,6.8629,12.2606,5.7833
2024-07-07 18:00:00+00:00,4.4955,5.7605,6.1580,11.5274,5.5234
2024-07-07 19:00:00+00:00,3.1816,4.6237,5.1632,9.9288,12.5996
2024-07-07 20:00:00+00:00,4.0878,5.1065,6.0544,10.9502,13.8792
2024-07-07 21:00:00+00:00,6.3416,8.0588,8.2920,21.5707,10.1624
2024-07-07 22:00:00+00:00,6.6928,6.5877,7.3303,16.9973,6.5101
2024-07-07 23:00:00+00:00,5.3285,6.9918,7.3005,17.4492,1.4497
2024-07-08 00:00:00+00:00,3.2312,2.8531,4.5695,10.3881,2.1449
2024-07-08 01:00:00+00:00,9.7098,10.3155,10.8005,30.6778,1.3879
2024-07-08 02:00:00+00:00,8.6433,11.5136,11.0459,31.8080,0.0000
2024-07-08 03:00:00+00:00,11.6503,13.0578,15.2392,37.9874,0.0000
2024-07-08 04:00:00+00:00,9.4619,10.5483,10.0922,37.1411,0.0934
2024-07-08 05:00:00+00:00,1.6671,2.2800,1.9438,9.0246,3.2316
2024-07-08 06:00:00+00:00,2.9135,4.4307,3.8133,14.9897,2.0995
2024-07-08 07:00:00+00:00,3.4365,4.3612,3.5355,14.8294,1.5421
2024-07-08 08:00:00+00:00,5.1777,7.1876,6.0488,21.3786,1.2777
2024-07-08 09:00:00+00:00,4.4078,7.5104,6.4161,22.4427,0.8410
2024-07-08 10:00:00+00:00,3.4538,4.8955,4.1544,16.2595,0.2413
2024-07-08 11:00:00+00:00,2.2053,2.2349,2.8399,5.0914,0.0705
2024-07-08 12:00:00+00:00,1.0966,0.3690,1.5221,0.4836,0.2402
2024-07-08 13:00:00+00:00,0.1106,0.0000,0.0000,0.0176,0.9837
2024-07-08 14:00:00+00:00,1.4355,1.7796,1.8191,3.8746,0.0000
2024-07-08 15:00:00+00:00,1.0309,1.6212,1.7224,4.1894,0.0000
2024-07-08 16:00:00+00:00,0.4565,1.4385,1.5097,2.9243,2.5004
2024-07-08 17:00:00+00:00,0.0000,0.0000,0.1597,0.0000,4.5591
2024-07-08 18:00:00+00:00,1.0223,3.1628,6.4373,4.5887,7.4159
2024-07-08 19:00:00+00:00,1.1895,3.9926,3.1604,12.1445,4.7829
2024-07-08 20:00:00+00:00,5.0377,4.8440,7.1936,12.1413,9.3458
2024-07-08 21:00:00+00:00,0.0325,0.7339,1.4574,0.0896,14.7078
2024-07-08 22:00:00+00:00,1.0164,2.5319,1.6274,6.0513,9.8418
2024-07-08 23:00:00+00:00,0.0000,0.2015,0.2226,0.8390,6.4613
2024-07-09 00:00:00+00:00,0.0000,0.0000,0.0000,0.0000,2.4477
2024-07-09 01:00:00+00:00,0.0000,0.0000,0.0000,0.0000,3.2229
2024-07-09 02:00:00+00:00,0.0006,1.2143,0.6189,5.7954,6.0337
2024-07-09 03:00:00+00:00,3.1869,5.2434,5.0613,16.1245,14.1579
2024-07-09 04:00:00+00:00,7.8349,8.9391,9.3031,23.5717,18.0958
2024-07-09 05:00:00+00:00,8.9772,10.2082,10.3307,27.4627,11.4865
2024-07-09 06:00:00+00:00,12.2866,11.1107,13.3435,25.6457,19.8115
2024-07-09 07:00:00+00:00,6.4936,7.2511,8.2157,21.7513,13.3936
2024-07-09 08:00:00+00:00,5.1686,5.9513,5.6154,19.0589,5.6572
2024-07-09 09:00:00+00:00,4.6545,5.5445,4.8482,17.0932,4.1789
2024-07-09 10:00:00+00:00,1.5211,1.6927,1.5950,6.6621,0.2149
2024-07-09 11:00:00+00:00,0.0000,0.0000,0.0239,0.1429,7.2652
2024-07-09 12:00:00+00:00,0.0000,0.0000,0.0000,0.0000,11.3603
2024-07-09 13:00:00+00:00,1.0287,0.0320,0.0000,0.7756,7.7232
2024-07-09 14:00:00+00:00,3.0811,1.2758,2.2537,3.7635,10.4188
2024-07-09 15:00:00+00:00,8.9017,7.3528,7.8612,20.6969,8.9924
2024-07-09 16:00:00+00:00,6.3792,5.1532,6.2835,13.9713,9.8834
2024-07-09 17:00:00+00:00,5.4694,7.0278,8.0014,14.8529,15.5425
2024-07-09 18:00:00+00:00,5.6584,6.9595,7.2805,15.7887,21.1728
2024-07-09 19:00:00+00:00,4.8351,7.3762,7.1460,19.0780,24.3656
2024-07-09 20:00:00+00:00,19.3297,23.1730,25.5265,53.8735,28.3061
2024-07-09 21:00:00+00:00,22.7160,32.4808,36.1286,54.8530,17.4289
2024-07-09 22:00:00+00:00,22.0865,23.0722,29.3723,58.8862,8.7117
2024-07-09 23:00:00+00:00,11.2391,17.4704,17.3014,33.8646,32.3852
2024-07-10 00:00:00+00:00,16.1650,14.7792,16.5688,46.5482,17.8599
2024-07-10 01:00:00+00:00,17.2948,12.4484,15.5714,38.9293,19.3724
2024-07-10 02:00:00+00:00,21.0752,15.1026,20.4251,41.9994,35.9259
2024-07-10 03:00:00+00:00,23.6127,24.6460,25.0860,70.8111,33.1145
2024-07-10 04:00:00+00:00,27.0443,24.4082,27.1377,70.1481,20.5231
2024-07-10 05:00:00+00:00,26.6510,29.5409,30.6154,86.7215,8.2577
2024-07-10 06:00:00+00:00,21.5548,22.8478,22.8866,69.5573,9.7220
2024-07-10 07:00:00+00:00,13.6952,13.2829,13.1307,43.2559,8.0502
2024-07-10 08:00:00+00:00,7.8741,7.9186,7.0669,30.2552,3.2614
2024-07-10 09:00:00+00:00,3.9103,4.2241,4.4176,14.4235,0.0067
2024-07-10 10:00:00+00:00,4.3757,6.6520,5.1712,19.4035,0.7149
2024-07-10 11:00:00+00:00,0.7544,0.1027,0.0000,0.8643,12.9968
2024-07-10 12:00:00+00:00,0.5076,0.0230,0.0379,0.1211,10.0958
2024-07-10 13:00:00+00:00,3.1572,4.0627,4.1433,10.2493,0.0540
2024-07-10 14:00:00+00:00,6.1002,1.1298,3.3488,3.1312,11.7711
2024-07-10 15:00:00+00:00,0.0000,0.0000,0.0000,0.0000,67.2117
2024-07-10 16:00:00+00:00,0.2688,0.4320,0.0557,4.4984,7.3117
2024-07-10 17:00:00+00:00,5.9882,5.1442,6.6517,8.4280,36.7086
2024-07-10 18:00:00+00:00,3.5279,15.6606,10.9156,36.4588,11.7849
2024-07-10 19:00:00+00:00,43.2721,49.6411,65.3352,101.4441,10.6233
2024-07-10 20:00:00+00:00,4.8634,3.1447,7.9206,12.6707,1.0977
2024-07-10 21:00:00+00:00,16.6371,21.0109,29.9768,28.8852,0.0446
2024-07-10 22:00:00+00:00,8.1029,10.8466,14.3432,36.9012,0.0000
2024-07-10 23:00:00+00:00,0.4412,2.7045,1.4679,6.3449,5.1290
2024-07-11 00:00:00+00:00,4.5145,20.7827,24.4073,18.9978,1.3329
2024-07-11 01:00:00+00:00,14.6497,14.6804,21.4861,22.4375,0.0000
2024-07-11 02:00:00+00:00,15.4183,15.1914,21.0140,37.4851,0.0000
2024-07-11 03:00:00+00:00,6.4600,10.0228,10.4697,22.1085,0.2340
2024-07-11 04:00:00+00:00,10.1295,15.4331,12.7094,31.6925,2.7198
2024-07-11 05:00:00+00:00,6.5573,9.6508,13.9423,10.7927,0.0000
2024-07-11 06:00:00+00:00,4.0011,3.9229,5.9524,7.4181,0.0000
2024-07-11 07:00:00+00:00,0.0000,0.1701,0.6215,0.0682,2.2286
2024-07-11 08:00:00+00:00,0.0904,0.0000,0.0000,0.0000,0.0022
2024-07-11 09:00:00+00:00,0.0000,0.0000,0.0000,0.0932,0.3699
2024-07-11 10:00:00+00:00,0.0982,1.2686,0.8519,2.7925,30.7921
2024-07-11 11:00:00+00:00,2.9001,2.7933,4.0448,4.8027,29.3890
2024-07-11 12:00:00+00:00,0.0000,0.0000,0.0000,0.0000,7.2406
2024-07-11 13:00:00+00:00,0.0000,0.0000,0.0000,0.0000,5.7986
2024-07-11 14:00:00+00:00,0.0000,0.0000,0.0000,0.0000,5.3314
2024-07-11 15:00:00+00:00,0.0000,0.0000,0.0000,0.0000,7.9520
2024-07-11 16:00:00+00:00,0.0000,0.0000,0.0000,0.0000,3.3325
2024-07-11 17:00:00+00:00,0.4047,0.0000,0.0000,0.2934,4.4379
2024-07-11 18:00:00+00:00,5.7507,4.4040,5.1332,15.6814,5.9085
2024-07-11 19:00:00+00:00,4.7400,3.1706,2.9165,12.2485,2.3709
2024-07-11 20:00:00+00:00,1.9980,1.2900,1.1448,5.7602,3.8203
2024-07-11 21:00:00+00:00,4.1863,3.5419,2.2402,14.5256,6.1875
2024-07-11 22:00:00+00:00,3.9095,4.0655,3.2010,13.6993,7.5565
2024-07-11 23:00:00+00:00,1.9586,2.3845,1.8481,7.0201,7.6200
2024-07-12 00:00:00+00:00,0.0000,0.0000,0.0000,0.0000,12.5606
2024-07-12 01:00:00+00:00,0.0000,0.0000,0.0000,0.0000,7.3467
2024-07-12 02:00:00+00:00,0.0000,0.0000,0.0000,0.0000,5.1716
2024-07-12 03:00:00+00:00,0.0000,0.0000,0.0000,0.2790,0.0000
2024-07-12 04:00:00+00:00,0.0000,0.4055,0.0000,3.4033,0.0000
2024-07-12 05:00:00+00:00,0.0000,0.0000,0.0000,0.0000,0.0000
2024-07-12 06:00:00+00:00,0.0000,0.0000,0.0000,0.0000,0.0000
2024-07-12 07:00:00+00:00,0.0000,0.0000,0.0000,0.0000,0.0000
2024-07-12 08:00:00+00:00,0.0000,0.0000,0.0000,0.0000,0.3309
2024-07-12 09:00:00+00:00,0.0000,0.0000,0.0000,0.0000,0.0000
2024-07-12 10:00:00+00:00,0.0000,0.0000,0.0000,0.0000,0.0000
2024-07-12 11:00:00+00:00,0.0000,0.0000,0.0000,0.0000,1.8916
2024-07-12 12:00:00+00:00,0.0000,0.0000,0.0000,0.0000,0.0000
2024-07-12 13:00:00+00:00,0.0000,0.0000,0.0000,0.0000,3.7928
2024-07-12 14:00:00+00:00,0.0000,0.0000,0.0000,0.0000,2.4078
2024-07-12 15:00:00+00:00,0.0000,0.0000,0.0000,0.0000,0.0000
2024-07-12 16:00:00+00:00,0.0000,0.0000,0.0000,0.0000,3.0588
2024-07-12 17:00:00+00:00,0.0000,0.0000,0.0000,0.0000,3.0117
2024-07-12 18:00:00+00:00,0.0000,0.5754,0.0540,2.1222,2.5963
2024-07-12 19:00:00+00:00,0.0000,0.0000,0.0000,0.0000,2.8310
2024-07-12 20:00:00+00:00,0.0000,0.0000,0.0000,0.0000,1.2098
2024-07-12 21:00:00+00:00,1.0830,1.1693,2.0062,0.3448,1.7472
2024-07-12 22:00:00+00:00,0.0000,0.0000,0.0000,0.0000,0.0173
2024-07-12 23:00:00+00:00,0.6806,0.2405,0.1950,0.6821,0.0026
2024-07-13 00:00:00+00:00,0.6156,1.6873,0.9954,3.5397,0.1817
2024-07-13 01:00:00+00:00,0.4340,0.8596,0.0000,3.6071,6.8320
2024-07-13 02:00:00+00:00,3.4120,3.6079,3.5177,9.4903,14.9134
2024-07-13 03:00:00+00:00,10.9216,14.8432,12.5248,44.0360,16.1546
2024-07-13 04:00:00+00:00,11.8126,14.1177,13.4868,43.9622,6.6084
2024-07-13 05:00:00+00:00,9.7869,13.1863,12.1177,43.8474,13.1521
2024-07-13 06:00:00+00:00,17.5464,22.0373,21.5247,63.0611,21.7266
2024-07-13 07:00:00+00:00,15.7167,21.1831,19.2983,64.6183,48.6481
2024-07-13 08:00:00+00:00,16.9346,18.4649,17.3913,61.7217,17.9086
2024-07-13 09:00:00+00:00,12.2294,13.8483,13.7909,44.8040,19.2346
2024-07-13 10:00:00+00:00,6.4797,7.6280,7.3825,24.2253,2.2354
2024-07-13 11:00:00+00:00,5.4073,7.2306,6.8692,22.5677,0.0000
2024-07-13 12:00:00+00:00,3.9451,3.7348,3.1087,13.7580,0.0000
2024-07-13 13:00:00+00:00,1.0177,1.2413,0.6748,4.9044,0.0000
2024-07-13 14:00:00+00:00,0.0418,0.0075,0.2306,0.7028,0.0275
2024-07-13 15:00:00+00:00,0.3225,0.0558,0.1605,0.1835,3.8239
2024-07-13 16:00:00+00:00,2.6891,2.7844,3.3416,5.6308,6.8501
2024-07-13 17:00:00+00:00,2.3213,2.6771,3.1511,5.7625,11.8784
2024-07-13 18:00:00+00:00,6.4171,7.9984,7.9036,19.5618,13.6980
2024-07-13 19:00:00+00:00,7.6088,9.9770,9.9121,22.8952,17.0556
2024-07-13 20:00:00+00:00,12.8017,14.9817,15.9958,34.7411,15.6616
2024-07-13 21:00:00+00:00,14.4687,14.7489,15.0181,38.5943,13.7083
2024-07-13 22:00:00+00:00,5.2166,5.6735,5.8436,16.9010,10.2472
2024-07-13 23:00:00+00:00,0.0000,0.0000,0.0000,0.0188,10.0143
2024-07-14 00:00:00+00:00,3.2627,3.8140,4.1971,7.5575,14.7082
2024-07-14 01:00:00+00:00,0.3234,1.4692,2.0428,2.5623,30.9755
2024-07-14 02:00:00+00:00,12.5042,18.8888,17.1116,52.2758,34.8196
2024-07-14 03:00:00+00:00,12.9415,13.6249,15.1776,38.3188,20.2484
2024-07-14 04:00:00+00:00,26.8118,32.0100,36.1057,87.1815,21.0462
2024-07-14 05:00:00+00:00,16.7068,19.9706,19.1101,67.1727,21.8820
2024-07-14 06:00:00+00:00,7.9808,11.0912,10.6711,42.8427,22.1318
2024-07-14 07:00:00+00:00,10.5701,17.7657,15.9129,64.0859,31.6613
2024-07-14 08:00:00+00:00,14.4036,17.5187,15.2369,60.9852,13.9379
2024-07-14 09:00:00+00:00,14.2335,20.0439,18.4170,64.6489,11.4488
2024-07-14 10:00:00+00:00,10.7958,15.1968,12.8597,50.9884,13.9392
2024-07-14 11:00:00+00:00,3.3587,6.6603,4.5111,24.7184,15.0976
2024-07-14 12:00:00+00:00,2.4657,4.0065,3.6023,9.8244,4.5065
2024-07-14 13:00:00+00:00,1.0300,1.1496,0.1378,4.2241,2.3976
2024-07-14 14:00:00+00:00,1.7218,3.5423,3.9024,6.4837,6.2522
2024-07-14 15:00:00+00:00,3.6011,4.4213,4.7191,11.4210,10.1087
2024-07-14 16:00:00+00:00,10.7464,13.6630,14.4714,30.6117,10.4522
2024-07-14 17:00:00+00:00,10.2482,13.8207,15.6101,30.1528,4.8449
2024-07-14 18:00:00+00:00,9.9004,14.0606,14.7522,30.1864,6.1679
2024-07-14 19:00:00+00:00,3.1628,5.0497,5.3285,10.9426,7.2732
2024-07-14 20:00:00+00:00,1.7665,2.5309,2.4545,7.7912,7.4363
2024-07-14 21:00:00+00:00,3.1714,5.1952,6.5000,12.1653,5.5529
2024-07-14 22:00:00+00:00,5.2959,7.8272,6.6480,20.4794,7.2824
2024-07-14 23:00:00+00:00,1.6773,1.1235,1.3805,5.2449,4.5196
2024-07-15 00:00:00+00:00,3.6967,4.7111,4.6816,13.0127,4.8506
2024-07-15 01:00:00+00:00,8.0283,6.5325,7.1863,21.2489,12.8286
2024-07-15 02:00:00+00:00,17.0671,18.1237,20.0044,47.6989,54.1306
2024-07-15 03:00:00+00:00,28.1015,33.8775,34.8685,86.5689,13.0340
2024-07-15 04:00:00+00:00,23.4316,28.0579,26.1870,79.0711,15.7907
2024-07-15 05:00:00+00:00,30.9101,34.3690,34.4962,93.8814,44.6632
2024-07-15 06:00:00+00:00,25.2449,26.3771,25.1849,82.6316,59.7995
2024-07-15 07:00:00+00:00,23.0730,28.9490,26.6153,82.5438,41.2202
2024-07-15 08:00:00+00:00,42.0596,44.8233,45.3111,118.2942,36.8195
2024-07-15 09:00:00+00:00,17.4837,27.5484,22.5568,75.6466,50.1648
2024-07-15 10:00:00+00:00,18.8123,17.4488,20.1839,43.3479,40.7319
2024-07-15 11:00:00+00:00,13.4586,13.8082,13.9423,34.4886,38.7863
2024-07-15 12:00:00+00:00,7.6523,7.8102,7.9260,20.9795,21.5573
2024-07-15 13:00:00+00:00,3.6369,4.4997,4.1010,12.3727,18.4046
2024-07-15 14:00:00+00:00,6.1810,7.5038,7.7071,17.2491,21.8815
2024-07-15 15:00:00+00:00,8.3433,9.9788,10.9928,21.4356,24.7766
2024-07-15 16:00:00+00:00,10.8100,13.5431,14.7730,29.6366,19.0893
2024-07-15 17:00:00+00:00,10.9057,14.1610,14.8458,29.4171,23.5596
2024-07-15 18:00:00+00:00,13.3273,13.7974,16.3473,28.6040,20.1399
2024-07-15 19:00:00+00:00,16.4992,20.1449,21.7863,46.2998,6.5958
2024-07-15 20:00:00+00:00,8.4288,11.5751,10.2657,30.8153,3.5237
2024-07-15 21:00:00+00:00,3.1525,3.4287,3.7848,8.8261,0.0000
2024-07-15 22:00:00+00:00,0.0206,0.0011,0.0000,0.8708,0.0000
2024-07-15 23:00:00+00:00,0.0000,0.0000,0.0000,0.0000,4.9051
2024-07-16 00:00:00+00:00,0.0000,0.0000,0.0000,0.0403,16.1086
2024-07-16 01:00:00+00:00,1.6812,5.9305,7.2266,2.0140,13.8551
2024-07-16 02:00:00+00:00,43.5793,36.8104,25.3509,151.1209,8.5308
2024-07-16 03:00:00+00:00,0.0000,0.0000,0.0000,0.0000,0.4000
2024-07-16 04:00:00+00:00,2.2036,1.2044,0.4397,11.0233,2.3100
2024-07-16 05:00:00+00:00,0.0000,0.5923,0.3278,0.0000,7.0022
2024-07-16 06:00:00+00:00,2.8506,0.5895,3.0270,2.4473,39.2334
2024-07-16 07:00:00+00:00,6.1697,4.0284,4.8709,11.8331,38.1609
2024-07-16 08:00:00+00:00,9.9496,7.7135,7.2336,23.6458,73.0441
2024-07-16 09:00:00+00:00,20.4776,22.9071,21.4218,65.8495,39.0924
2024-07-16 10:00:00+00:00,26.8038,34.9938,34.4336,83.1060,14.8785
2024-07-16 11:00:00+00:00,26.2182,31.3677,29.2540,85.4725,4.5756
2024-07-16 12:00:00+00:00,14.8387,16.0417,14.9253,45.1158,0.1870
2024-07-16 13:00:00+00:00,10.7822,12.5947,11.8570,32.2476,0.9898
2024-07-16 14:00:00+00:00,10.9073,12.8852,11.6531,33.5150,3.6982
2024-07-16 15:00:00+00:00,9.0330,9.8109,9.7460,23.1446,9.9202
2024-07-16 16:00:00+00:00,4.3907,3.4823,4.6345,7.3143,11.0337
2024-07-16 17:00:00+00:00,5.6679,5.7366,5.8807,12.6090,13.7556
2024-07-16 18:00:00+00:00,1.5637,0.0784,0.2550,0.7605,30.8798
2024-07-16 19:00:00+00:00,0.0000,0.0000,0.0000,0.0000,2.5857
2024-07-16 20:00:00+00:00,0.0000,0.0997,0.1130,0.6482,15.5253
2024-07-16 21:00:00+00:00,0.0000,0.0000,0.0000,0.0000,5.0279
2024-07-16 22:00:00+00:00,0.0000,0.0000,0.0000,3.7600,63.8220
2024-07-16 23:00:00+00:00,6.5700,6.0579,3.9873,18.8071,46.7476
2024-07-17 00:00:00+00:00,1.1336,1.2056,2.6367,0.4381,76.5283
2024-07-17 01:00:00+00:00,1.2582,2.9387,1.1581,12.5592,49.5640
2024-07-17 02:00:00+00:00,9.4388,7.6986,8.0595,24.7021,29.8304
2024-07-17 03:00:00+00:00,20.6772,23.8552,24.3405,62.5990,22.3462
2024-07-17 04:00:00+00:00,55.3218,66.6504,68.2181,174.7066,47.9678
2024-07-17 05:00:00+00:00,41.7768,49.6692,51.5994,142.8683,47.9677
2024-07-17 06:00:00+00:00,38.3067,51.4389,51.6297,134.9621,38.2987
2024-07-17 07:00:00+00:00,41.5519,54.5604,53.2805,143.1900,42.7049
2024-07-17 08:00:00+00:00,32.7905,40.0449,40.2015,102.0909,52.4794
2024-07-17 09:00:00+00:00,31.6853,42.2447,46.5685,89.8467,48.3013
2024-07-17 10:00:00+00:00,32.2786,37.8475,40.1999,89.0404,27.1388
2024-07-17 11:00:00+00:00,25.3609,31.6452,29.5642,83.7668,19.5860
2024-07-17 12:00:00+00:00,23.1696,24.2958,25.4504,60.2625,23.1260
2024-07-17 13:00:00+00:00,12.5648,12.8450,14.9495,28.9508,21.5160
2024-07-17 14:00:00+00:00,6.5981,7.3409,7.6967,17.7621,16.4253
2024-07-17 15:00:00+00:00,10.9497,14.1824,13.8901,34.1265,26.5843
2024-07-17 16:00:00+00:00,2.3950,3.9080,3.9785,13.3097,35.6251
2024-07-17 17:00:00+00:00,6.8025,7.7679,10.1003,17.2522,25.3854
2024-07-17 18:00:00+00:00,17.8556,20.6482,24.7541,41.4492,29.8200
2024-07-17 19:00:00+00:00,23.5798,27.5194,29.8073,63.0656,26.2378
2024-07-17 20:00:00+00:00,14.5728,16.4652,18.1477,40.0054,35.5443
2024-07-17 21:00:00+00:00,11.3418,15.7940,15.9561,35.7338,21.3432
2024-07-17 22:00:00+00:00,6.0486,5.5779,6.1252,17.1458,11.1037
2024-07-17 23:00:00+00:00,9.9390,13.1231,14.4127,28.0099,13.1257
2024-07-18 00:00:00+00:00,15.2577,20.2549,21.9576,50.5821,17.0133
2024-07-18 01:00:00+00:00,19.3666,19.3922,21.9978,58.2285,15.4960
2024-07-18 02:00:00+00:00,21.3156,20.4240,17.4801,82.0006,15.8521
2024-07-18 03:00:00+00:00,10.6032,11.7050,12.5862,38.7406,36.7598
2024-07-18 04:00:00+00:00,30.6867,37.1637,40.3067,104.0963,23.4226
2024-07-18 05:00:00+00:00,26.9650,33.1204,35.3065,90.7555,27.9648
2024-07-18 06:00:00+00:00,33.7924,40.5256,37.6177,123.3995,16.4531
2024-07-18 07:00:00+00:00,31.6592,34.5569,31.0791,105.9608,24.9957
2024-07-18 08:00:00+00:00,25.3239,28.3354,25.9373,85.3550,9.5585
2024-07-18 09:00:00+00:00,35.4421,39.2957,38.3201,112.7071,4.8816
2024-07-18 10:00:00+00:00,19.1792,21.9156,19.6329,62.9041,3.7142
2024-07-18 11:00:00+00:00,16.1987,21.3229,19.6510,55.0096,5.0279
2024-07-18 12:00:00+00:00,21.5766,30.1944,27.5465,73.8145,2.7448
2024-07-18 13:00:00+00:00,30.7685,41.3971,38.5309,102.9782,6.3545
2024-07-18 14:00:00+00:00,25.7535,29.8510,27.5930,82.8069,10.7083
2024-07-18 15:00:00+00:00,32.8023,35.7585,34.8091,95.3592,12.9917
2024-07-18 16:00:00+00:00,33.7602,34.8938,35.4445,93.1321,37.7932
2024-07-18 17:00:00+00:00,38.7361,35.6108,43.0114,89.1991,24.8992
2024-07-18 18:00:00+00:00,42.6595,50.4933,48.8605,140.6724,17.9198
2024-07-18 19:00:00+00:00,43.8961,47.6299,48.6280,129.8610,24.7414
2024-07-18 20:00:00+00:00,41.8501,41.3549,45.9929,112.1333,28.3229
2024-07-18 21:00:00+00:00,29.9478,29.7001,28.5028,89.3907,30.1437
2024-07-18 22:00:00+00:00,28.0963,29.7577,30.6022,82.7992,29.3185
2024-07-18 23:00:00+00:00,26.0815,25.9244,25.0629,78.5325,31.9587
2024-07-19 00:00:00+00:00,24.4609,22.5504,23.9667,64.6843,5.5839
2024-07-19 01:00:00+00:00,21.5261,20.4235,20.5807,69.2682,2.5250
2024-07-19 02:00:00+00:00,17.8604,16.9019,17.4620,58.0215,2.3215
2024-07-19 03:00:00+00:00,16.7658,16.2047,14.9699,56.9220,0.0000
2024-07-19 04:00:00+00:00,9.5321,11.2005,10.0442,37.0803,0.0000
2024-07-19 05:00:00+00:00,12.0162,11.4402,9.7391,46.5883,0.0000
2024-07-19 06:00:00+00:00,7.8542,8.0623,6.1625,33.0080,0.0000
2024-07-19 07:00:00+00:00,6.5680,8.0266,7.4046,26.0278,0.0000
2024-07-19 08:00:00+00:00,12.1757,11.8767,10.8432,45.1338,7.3196
2024-07-19 09:00:00+00:00,12.5177,10.6161,10.7128,43.1864,13.1009
2024-07-19 10:00:00+00:00,9.5159,10.2014,8.6876,40.0379,3.6503
2024-07-19 11:00:00+00:00,3.5164,7.0206,6.5754,22.1688,3.2203
2024-07-19 12:00:00+00:00,3.8640,4.7977,4.2867,15.7823,5.3643
2024-07-19 13:00:00+00:00,4.5146,6.5126,5.8334,16.9034,1.3987
2024-07-19 14:00:00+00:00,3.0111,4.9970,4.5325,13.4697,3.5516
2024-07-19 15:00:00+00:00,5.5447,7.9659,8.3242,19.5023,2.3453
2024-07-19 16:00:00+00:00,9.6252,13.0809,13.1913,31.8126,1.4960
2024-07-19 17:00:00+00:00,8.1548,8.8012,9.1740,23.6770,3.6660
2024-07-19 18:00:00+00:00,5.2827,5.8365,5.5984,15.8222,9.8698
2024-07-19 19:00:00+00:00,4.5241,7.1556,7.3621,14.9372,14.9643
2024-07-19 20:00:00+00:00,6.4077,8.7196,7.2860,24.9070,16.4706
2024-07-19 21:00:00+00:00,6.5006,8.9654,9.8125,22.1150,16.7558
2024-07-19 22:00:00+00:00,5.8995,7.6462,7.2911,21.4194,17.0307
2024-07-19 23:00:00+00:00,5.0482,8.5216,7.1614,23.2996,12.8675
2024-07-20 00:00:00+00:00,7.7159,8.7026,9.3703,23.9572,11.8118
2024-07-20 01:00:00+00:00,9.9343,14.6506,14.3535,39.6174,14.2060
2024-07-20 02:00:00+00:00,17.4754,25.3547,26.8970,60.7458,11.6618
2024-07-20 03:00:00+00:00,29.1251,36.4665,35.1775,102.4978,17.5175
2024-07-20 04:00:00+00:00,30.3697,40.4827,38.3824,114.4425,35.7443
2024-07-20 05:00:00+00:00,29.7311,37.1683,35.1585,108.1844,45.5092
2024-07-20 06:00:00+00:00,21.0468,27.3307,27.7613,72.9006,48.3910
2024-07-20 07:00:00+00:00,26.4151,35.1140,35.3884,93.5430,45.7763
2024-07-20 08:00:00+00:00,30.3426,37.0032,35.6293,111.5034,37.7935
2024-07-20 09:00:00+00:00,27.7456,33.7062,31.4444,101.3160,30.6678
2024-07-20 10:00:00+00:00,22.8322,28.2637,26.7317,81.3455,40.7029
2024-07-20 11:00:00+00:00,25.2659,29.3873,28.8921,80.3915,28.7648
2024-07-20 12:00:00+00:00,17.2988,21.0823,21.5698,52.0188,25.3019
2024-07-20 13:00:00+00:00,17.9202,21.2010,21.7709,53.0070,14.2715
2024-07-20 14:00:00+00:00,19.2527,24.4065,25.2879,57.7516,11.4363
2024-07-20 15:00:00+00:00,18.7062,21.1970,22.6228,52.6229,19.3295
2024-07-20 16:00:00+00:00,22.4610,26.9540,28.0680,65.1933,14.5907
2024-07-20 17:00:00+00:00,20.9881,26.1064,28.0051,61.8482,12.1308
2024-07-20 18:00:00+00:00,16.6905,20.9179,21.4681,51.7608,12.3216
2024-07-20 19:00:00+00:00,19.1839,23.1336,25.1920,49.8268,20.6704
2024-07-20 20:00:00+00:00,17.5638,20.8119,21.5698,48.6505,31.6454
2024-07-20 21:00:00+00:00,18.5469,24.2309,25.3473,56.9591,27.3025
2024-07-20 22:00:00+00:00,9.8464,12.6268,13.2085,31.8767,14.7567
2024-07-20 23:00:00+00:00,11.6939,13.1908,14.0075,35.5109,25.5921
2024-07-21 00:00:00+00:00,19.2363,26.6961,29.3704,58.7625,45.7761
2024-07-21 01:00:00+00:00,4.8521,1.7534,1.3513,11.2872,57.9033
2024-07-21 02:00:00+00:00,4.2003,6.4557,3.4533,31.1589,38.3197
2024-07-21 03:00:00+00:00,13.3842,8.9004,6.9559,43.0276,41.6353
2024-07-21 04:00:00+00:00,0.5133,0.0123,0.0000,4.3781,36.0006
2024-07-21 05:00:00+00:00,3.2550,0.0805,0.0000,7.0153,28.8867
2024-07-21 06:00:00+00:00,0.6159,0.0000,0.0000,2.9449,16.4561
2024-07-21 07:00:00+00:00,0.3072,0.0157,0.0000,1.1081,4.6772
2024-07-21 08:00:00+00:00,2.7985,1.0930,2.7618,3.7298,4.0471
2024-07-21 09:00:00+00:00,0.0891,0.0000,0.0000,0.0000,1.5048
2024-07-21 10:00:00+00:00,0.0000,0.0000,0.0000,0.0088,1.5317
2024-07-21 11:00:00+00:00,0.0000,0.0000,0.0000,0.0000,0.0000
2024-07-21 12:00:00+00:00,0.0000,0.0000,0.0000,0.0000,0.0000
2024-07-21 13:00:00+00:00,0.0000,0.0000,0.0000,0.0000,0.0000
2024-07-21 14:00:00+00:00,0.0000,0.0000,0.0000,0.0000,0.0000
2024-07-21 15:00:00+00:00,0.0006,0.0000,0.0000,0.0138,0.0000
2024-07-21 16:00:00+00:00,0.8643,0.0533,0.2620,0.4905,0.0000
2024-07-21 17:00:00+00:00,1.2115,0.0554,0.0922,1.1773,1.9325
2024-07-21 18:00:00+00:00,1.5052,0.0827,0.1098,2.1131,5.7200
2024-07-21 19:00:00+00:00,4.2964,2.6089,3.6678,8.0002,1.9195
2024-07-21 20:00:00+00:00,4.0335,4.3333,3.3160,10.9171,9.4450
2024-07-21 21:00:00+00:00,4.7019,5.2584,5.2577,12.2696,13.4513
2024-07-21 22:00:00+00:00,3.4488,3.5267,3.6674,8.6686,13.1081
2024-07-21 23:00:00+00:00,4.6152,3.1740,3.6149,9.6246,9.4057
2024-07-22 00:00:00+00:00,1.5262,0.9859,1.1681,4.6827,5.0433
2024-07-22 01:00:00+00:00,0.2454,0.0000,0.0000,1.7974,0.0000
2024-07-22 02:00:00+00:00,0.4887,0.7376,0.0000,10.4819,0.0000
2024-07-22 03:00:00+00:00,4.7199,5.9398,4.7819,20.1174,0.0000
2024-07-22 04:00:00+00:00,4.2328,3.5995,1.5811,22.0855,0.0000
2024-07-22 05:00:00+00:00,0.0000,0.0000,0.0000,0.0000,0.0000
2024-07-22 06:00:00+00:00,0.8514,1.9300,1.5947,3.2257,0.0000
2024-07-22 07:00:00+00:00,5.2855,8.0853,7.0810,27.3511,0.0000
2024-07-22 08:00:00+00:00,4.1309,5.6005,3.7581,26.2473,0.0581
2024-07-22 09:00:00+00:00,2.9198,3.7693,2.6930,15.5251,8.8750
2024-07-22 10:00:00+00:00,2.1565,1.3110,2.6651,3.2748,31.7009
2024-07-22 11:00:00+00:00,1.8515,1.2255,1.9799,4.1037,11.0839
2024-07-22 12:00:00+00:00,2.4161,0.4305,0.1663,3.2388,2.3148
2024-07-22 13:00:00+00:00,0.0305,0.0000,0.0000,0.0000,0.0451
2024-07-22 14:00:00+00:00,0.0061,0.0000,0.0000,0.0000,0.6776
2024-07-22 15:00:00+00:00,0.6139,0.0304,0.0000,0.2998,0.0705
2024-07-22 16:00:00+00:00,1.4994,1.0043,0.7983,3.0861,0.0667
2024-07-22 17:00:00+00:00,2.6185,1.3459,2.0716,3.8268,0.0000
2024-07-22 18:00:00+00:00,2.0527,1.5133,1.0841,5.2090,0.0000
2024-07-22 19:00:00+00:00,0.0000,0.0000,0.0000,0.0000,0.0000
2024-07-22 20:00:00+00:00,0.0000,0.0000,0.0000,0.2927,0.0000
2024-07-22 21:00:00+00:00,0.0000,0.0000,0.0000,0.0000,0.0000
2024-07-22 22:00:00+00:00,0.0000,0.0000,0.0000,0.0000,0.0000
2024-07-22 23:00:00+00:00,0.0000,0.0000,0.0000,0.0000,0.2405
2024-07-23 00:00:00+00:00,0.0000,0.0000,0.0000,0.0000,1.9078
2024-07-23 01:00:00+00:00,0.0000,0.3915,0.0000,0.8947,4.3317
2024-07-23 02:00:00+00:00,0.6444,0.0000,0.0448,0.0000,16.1536
2024-07-23 03:00:00+00:00,0.1733,0.0000,0.0431,0.0000,7.0770
2024-07-23 04:00:00+00:00,0.0000,0.4812,0.1691,0.1834,31.8047
2024-07-23 05:00:00+00:00,0.0000,1.5249,0.6259,0.9771,31.8201
2024-07-23 06:00:00+00:00,0.0000,0.0000,0.0000,0.0000,33.1838
2024-07-23 07:00:00+00:00,0.0000,0.0000,0.0000,0.0000,26.4327
2024-07-23 08:00:00+00:00,0.0000,0.0000,0.0000,0.0000,13.7323
2024-07-23 09:00:00+00:00,0.0000,0.0000,0.0000,0.0000,2.2296
2024-07-23 10:00:00+00:00,0.0000,0.0000,0.0000,0.0000,0.0000
2024-07-23 11:00:00+00:00,0.0909,0.1537,0.0077,1.0532,0.9220
2024-07-23 12:00:00+00:00,0.0000,0.0000,0.0000,0.0000,0.1199
2024-07-23 13:00:00+00:00,0.0222,0.0000,0.0000,0.0703,0.0000
2024-07-23 14:00:00+00:00,0.0000,0.0000,0.0000,0.0000,0.0000
2024-07-23 15:00:00+00:00,0.0000,0.0000,0.0000,0.0000,3.1487
2024-07-23 16:00:00+00:00,0.0000,0.0000,0.0000,0.0000,0.0000
2024-07-23 17:00:00+00:00,0.0000,0.0000,0.0000,0.0000,0.0000
2024-07-23 18:00:00+00:00,0.0000,0.0000,0.0000,0.0000,0.0000
2024-07-23 19:00:00+00:00,0.0000,0.0000,0.0000,0.0000,0.0000
2024-07-23 20:00:00+00:00,0.0000,0.0000,0.0000,0.0000,0.0000
2024-07-23 21:00:00+00:00,0.0000,0.0000,0.0000,0.0000,0.0000
2024-07-23 22:00:00+00:00,0.0000,0.0000,0.0000,0.0000,0.0000
2024-07-23 23:00:00+00:00,1.3641,1.0022,1.7523,1.9335,2.5850
2024-07-24 00:00:00+00:00,0.0939,1.0063,1.1614,0.7965,0.0000
2024-07-24 01:00:00+00:00,0.4852,1.3497,3.3659,0.7616,1.7633
2024-07-24 02:00:00+00:00,2.5320,4.7843,5.4428,8.6206,0.0496
2024-07-24 03:00:00+00:00,5.0864,12.4592,13.9248,19.8730,3.5911
2024-07-24 04:00:00+00:00,4.7017,7.9283,9.5096,14.9088,7.4879
2024-07-24 05:00:00+00:00,3.4990,3.4214,5.3247,4.7447,8.3514
2024-07-24 06:00:00+00:00,2.5394,2.6873,4.7693,2.9467,15.1586
2024-07-24 07:00:00+00:00,1.2817,0.3925,2.3364,0.7443,33.2984
2024-07-24 08:00:00+00:00,0.9656,2.2007,3.0251,2.0405,28.2874
2024-07-24 09:00:00+00:00,2.0583,2.2646,2.9780,3.4902,34.6843
2024-07-24 10:00:00+00:00,1.3771,0.7351,2.4863,0.5479,30.5674
2024-07-24 11:00:00+00:00,1.6797,2.2596,4.8000,3.7965,14.1035
2024-07-24 12:00:00+00:00,0.5734,2.2848,2.4580,5.1075,28.2013
2024-07-24 13:00:00+00:00,0.6347,2.1506,0.7435,6.1505,35.9799
2024-07-24 14:00:00+00:00,0.0361,0.2015,0.0000,4.1333,16.1977
2024-07-24 15:00:00+00:00,0.1781,0.0000,0.0513,1.0708,23.5245
2024-07-24 16:00:00+00:00,2.8982,3.8433,5.8825,6.9470,31.2618
2024-07-24 17:00:00+00:00,3.8696,2.6958,4.2876,5.4117,33.6708
2024-07-24 18:00:00+00:00,5.6146,4.8789,5.6436,13.6960,35.2138
2024-07-24 19:00:00+00:00,13.1829,15.8787,14.3882,56.5115,30.5457
2024-07-24 20:00:00+00:00,10.0723,9.7980,13.2787,20.4999,25.7852
2024-07-24 21:00:00+00:00,1.4123,0.0118,0.0772,0.6088,27.9407
2024-07-24 22:00:00+00:00,3.4363,0.4347,0.7826,5.0965,10.6940
2024-07-24 23:00:00+00:00,8.6279,1.7833,3.3815,7.7871,9.3267
2024-07-25 00:00:00+00:00,3.2316,0.9660,0.0000,7.3519,12.6133
2024-07-25 01:00:00+00:00,5.1078,0.1337,0.0000,4.6525,13.8515
2024-07-25 02:00:00+00:00,18.2835,10.0914,9.7223,27.2140,17.8303
2024-07-25 03:00:00+00:00,23.0263,22.0709,17.5663,45.9868,24.5490
2024-07-25 04:00:00+00:00,48.5409,54.7596,61.4238,152.1017,51.4011
2024-07-25 05:00:00+00:00,42.3400,49.7631,66.7475,124.1211,67.5582
2024-07-25 06:00:00+00:00,30.0145,37.2857,45.4379,106.5244,50.4629
2024-07-25 07:00:00+00:00,49.0001,56.5562,72.4545,127.9589,51.1430
2024-07-25 08:00:00+00:00,43.9122,47.8025,55.5243,121.6262,36.7914
2024-07-25 09:00:00+00:00,63.0642,75.6582,77.0026,171.7142,34.4400
2024-07-25 10:00:00+00:00,51.1216,55.6059,54.2535,140.5630,43.7224
2024-07-25 11:00:00+00:00,37.8442,41.5750,41.0141,105.1515,74.0120
2024-07-25 12:00:00+00:00,36.1878,45.7305,43.4802,120.7027,49.9143
2024-07-25 13:00:00+00:00,33.1051,38.6195,38.5527,99.8810,67.5963
2024-07-25 14:00:00+00:00,46.8030,58.8112,61.2785,138.9072,77.7830
2024-07-25 15:00:00+00:00,57.3051,74.2118,71.4112,189.8855,71.1158
2024-07-25 16:00:00+00:00,52.4578,65.5024,66.7856,157.6812,70.7603
2024-07-25 17:00:00+00:00,70.0227,73.2171,76.2209,191.7543,42.7032
2024-07-25 18:00:00+00:00,55.2170,63.0729,68.2618,156.6271,56.5899
2024-07-25 19:00:00+00:00,63.4996,71.6542,75.5748,183.0910,44.3281
2024-07-25 20:00:00+00:00,55.6423,60.5623,59.4677,181.7180,43.0802
2024-07-25 21:00:00+00:00,77.4816,72.9562,79.5363,203.9367,68.9074
2024-07-25 22:00:00+00:00,58.0581,61.1039,61.2089,182.7746,52.3705
2024-07-25 23:00:00+00:00,67.9885,61.9382,60.5760,189.4408,62.9653
2024-07-26 00:00:00+00:00,68.8366,84.5428,76.1771,206.6577,40.7524
2024-07-26 01:00:00+00:00,76.8198,80.0066,80.9420,201.7654,38.6278
2024-07-26 02:00:00+00:00,78.2054,80.3416,81.6107,207.3797,37.8954
2024-07-26 03:00:00+00:00,69.1564,56.7730,58.9286,189.8112,11.6720
2024-07-26 04:00:00+00:00,59.1979,49.4169,50.5903,169.5477,15.4152
2024-07-26 05:00:00+00:00,20.3969,19.2604,15.7395,76.5300,27.8239
2024-07-26 06:00:00+00:00,33.6552,36.8431,36.8247,106.9725,13.1581
2024-07-26 07:00:00+00:00,33.2592,29.6156,28.6515,103.4879,67.3673
2024-07-26 08:00:00+00:00,23.7106,22.0758,21.5224,77.0839,45.5760
2024-07-26 09:00:00+00:00,14.6478,14.7470,12.8962,52.1340,60.2489
2024-07-26 10:00:00+00:00,9.7629,8.9054,7.5482,34.9963,29.4502
2024-07-26 11:00:00+00:00,7.7457,8.3250,7.1371,30.4100,22.9263
2024-07-26 12:00:00+00:00,4.8460,5.2534,3.5400,22.3450,5.5386
2024-07-26 13:00:00+00:00,3.9682,6.6342,5.6352,17.6297,2.2755
2024-07-26 14:00:00+00:00,11.3484,12.3417,11.0093,38.4966,3.1380
2024-07-26 15:00:00+00:00,7.5362,9.1616,8.2887,26.6919,2.6108
2024-07-26 16:00:00+00:00,7.1265,6.4641,6.1352,21.9543,5.3687
2024-07-26 17:00:00+00:00,11.5491,13.3273,11.9599,37.7032,4.6053
2024-07-26 18:00:00+00:00,8.1998,9.4190,9.5493,25.3983,6.3748
2024-07-26 19:00:00+00:00,16.9426,21.4812,22.1052,55.8827,12.4529
2024-07-26 20:00:00+00:00,23.6085,25.3707,25.4734,70.2500,17.9503
2024-07-26 21:00:00+00:00,16.9654,18.1901,18.8426,50.1539,19.6765
2024-07-26 22:00:00+00:00,15.1374,18.0659,19.0221,47.5906,17.9995
2024-07-26 23:00:00+00:00,8.4578,8.7309,9.0534,25.7344,26.1540
2024-07-27 00:00:00+00:00,11.8288,13.3957,14.7865,37.8120,31.1646
2024-07-27 01:00:00+00:00,6.8627,9.5915,6.1558,44.1060,24.9559
2024-07-27 02:00:00+00:00,7.1219,7.2298,6.9532,30.3328,31.6921
2024-07-27 03:00:00+00:00,3.8523,2.6364,4.8301,12.2588,36.6925
2024-07-27 04:00:00+00:00,17.4919,19.4978,21.4754,48.0079,41.4129
2024-07-27 05:00:00+00:00,26.8972,33.0532,32.5828,105.0048,60.2272
2024-07-27 06:00:00+00:00,40.8554,46.2362,46.6931,141.6710,49.9012
2024-07-27 07:00:00+00:00,34.4312,28.2169,34.7297,99.3193,17.9025
2024-07-27 08:00:00+00:00,15.4278,20.3139,19.2443,67.8312,37.0151
2024-07-27 09:00:00+00:00,19.8365,19.5873,18.8986,70.1846,34.6496
2024-07-27 10:00:00+00:00,14.4532,16.6733,15.6512,52.2504,17.0559
2024-07-27 11:00:00+00:00,15.0867,17.2849,15.7108,55.5821,10.6585
2024-07-27 12:00:00+00:00,9.4187,6.9393,6.0620,26.6517,1.9506
2024-07-27 13:00:00+00:00,4.7309,5.2201,4.2783,16.0603,0.0198
2024-07-27 14:00:00+00:00,0.9974,1.6875,0.9515,4.3657,0.0000
2024-07-27 15:00:00+00:00,2.9753,3.6641,3.4762,8.7970,2.0994
2024-07-27 16:00:00+00:00,2.7431,2.7419,2.6199,6.8484,11.7323
2024-07-27 17:00:00+00:00,3.3749,3.0978,3.0852,8.2278,7.0419
2024-07-27 18:00:00+00:00,5.5473,5.6166,5.0435,15.2438,3.7498
2024-07-27 19:00:00+00:00,4.3283,5.1509,4.9985,13.3626,5.0504
2024-07-27 20:00:00+00:00,1.8807,2.0469,2.0647,6.1686,0.3226
2024-07-27 21:00:00+00:00,0.0359,0.1286,0.0112,2.6434,4.1991
2024-07-27 22:00:00+00:00,1.5479,1.7940,1.7967,4.1984,9.5544
2024-07-27 23:00:00+00:00,0.0000,0.0000,0.0460,0.0000,12.8670
2024-07-28 00:00:00+00:00,1.0538,1.3463,1.6446,3.8584,13.3105
2024-07-28 01:00:00+00:00,6.6166,7.7009,6.3575,25.8546,17.4116
2024-07-28 02:00:00+00:00,2.2283,2.1974,3.0977,7.4846,18.0299
2024-07-28 03:00:00+00:00,6.2249,8.8775,8.3581,27.8486,7.3668
2024-07-28 04:00:00+00:00,7.0370,10.4518,9.9875,27.1146,1.5540
2024-07-28 05:00:00+00:00,11.5921,14.3308,13.6658,39.7714,0.4426
2024-07-28 06:00:00+00:00,9.4136,12.3994,10.0464,42.6876,9.1139
2024-07-28 07:00:00+00:00,9.7707,13.1968,11.9624,40.4949,5.6826
2024-07-28 08:00:00+00:00,7.8845,11.1687,9.5742,34.3561,0.2068
2024-07-28 09:00:00+00:00,4.3073,7.4779,5.6550,25.9577,4.4319
2024-07-28 10:00:00+00:00,10.8985,15.0308,12.2547,50.3521,0.0000
2024-07-28 11:00:00+00:00,9.7859,12.5316,10.5546,38.7826,0.0000
2024-07-28 12:00:00+00:00,3.6682,4.5087,3.3034,12.9358,0.1010
2024-07-28 13:00:00+00:00,0.3843,0.9707,0.6136,2.0479,0.0000
2024-07-28 14:00:00+00:00,0.0000,0.0000,0.0000,0.0000,0.0000
2024-07-28 15:00:00+00:00,0.0000,0.0000,0.0000,0.0000,0.0000
2024-07-28 16:00:00+00:00,0.0000,0.0000,0.0000,0.0093,0.0000
2024-07-28 17:00:00+00:00,0.0000,0.0000,0.0000,0.0000,0.0000
2024-07-28 18:00:00+00:00,0.0000,0.0000,0.0000,0.0671,0.0000
2024-07-28 19:00:00+00:00,0.0000,0.0000,0.0000,0.0000,0.0000
2024-07-28 20:00:00+00:00,0.0000,0.0000,0.0000,0.0000,0.0000
2024-07-28 21:00:00+00:00,0.0000,0.0000,0.0000,0.0000,0.0000
2024-07-28 22:00:00+00:00,0.0000,0.0000,0.0000,0.0000,2.0233
2024-07-28 23:00:00+00:00,0.0000,0.0000,0.0000,0.0000,6.2326
2024-07-29 00:00:00+00:00,0.0000,0.0000,0.0000,0.0000,0.0000
2024-07-29 01:00:00+00:00,0.0000,0.0000,0.0000,0.0000,0.0000
2024-07-29 02:00:00+00:00,0.0333,0.0000,0.0000,0.0000,3.6463
2024-07-29 03:00:00+00:00,0.7466,0.0484,0.0000,0.3638,7.7682
2024-07-29 04:00:00+00:00,4.9016,3.8457,3.0203,13.3410,0.0000
2024-07-29 05:00:00+00:00,5.2727,3.5209,2.3638,18.5582,0.0000
2024-07-29 06:00:00+00:00,5.4638,8.3649,6.6776,28.1450,0.0000
2024-07-29 07:00:00+00:00,4.1291,5.1938,3.7975,19.3898,3.6094
2024-07-29 08:00:00+00:00,1.4273,2.6572,2.1135,6.8530,8.4449
2024-07-29 09:00:00+00:00,0.0000,0.0000,0.0000,0.0000,9.1694
2024-07-29 10:00:00+00:00,0.0000,0.0000,0.0000,0.0000,0.0000
2024-07-29 11:00:00+00:00,0.0000,0.0000,0.0000,0.0000,0.0000
2024-07-29 12:00:00+00:00,0.0000,0.0000,0.0000,0.0000,0.0000
2024-07-29 13:00:00+00:00,0.0000,0.0000,0.0000,0.0000,0.0000
2024-07-29 14:00:00+00:00,0.0000,0.0000,0.0000,0.0000,0.0000
2024-07-29 15:00:00+00:00,0.0000,0.0000,0.0000,0.0000,0.0000
2024-07-29 16:00:00+00:00,0.0000,0.0000,0.0000,0.0000,0.0000
2024-07-29 17:00:00+00:00,0.0000,0.0000,0.0000,0.0000,0.0000
2024-07-29 18:00:00+00:00,0.0000,0.0000,0.0000,0.0000,0.0000
2024-07-29 19:00:00+00:00,0.0000,0.0052,0.0000,0.3073,3.3024
2024-07-29 20:00:00+00:00,0.0000,0.0000,0.0000,0.0000,4.5225
2024-07-29 21:00:00+00:00,0.0000,0.0000,0.0000,0.0000,6.3890
2024-07-29 22:00:00+00:00,0.0000,0.0000,0.0000,0.0000,1.4464
2024-07-29 23:00:00+00:00,0.0000,0.0000,0.0000,0.0000,0.0000
2024-07-30 00:00:00+00:00,0.0000,0.0000,0.0000,0.0000,0.0000
2024-07-30 01:00:00+00:00,0.0000,0.0000,0.0000,0.0000,0.0000
2024-07-30 02:00:00+00:00,0.0000,0.0000,0.0000,0.0000,0.0000
2024-07-30 03:00:00+00:00,0.0000,0.0000,0.0000,2.3080,6.3273
2024-07-30 04:00:00+00:00,0.0000,0.0000,0.0000,0.0000,26.3572
2024-07-30 05:00:00+00:00,0.0000,0.0000,0.0000,0.0000,28.6789
2024-07-30 06:00:00+00:00,3.0365,3.8684,2.0647,19.6373,30.6065
2024-07-30 07:00:00+00:00,4.4013,4.1955,3.5249,14.2356,11.1351
2024-07-30 08:00:00+00:00,4.3329,3.2113,4.0442,9.3706,2.1001
2024-07-30 09:00:00+00:00,14.6019,12.2070,13.3033,34.6577,10.8227
2024-07-30 10:00:00+00:00,15.4589,15.4463,12.0540,51.0119,9.5423
2024-07-30 11:00:00+00:00,6.3674,6.2217,4.9497,22.2944,1.5479
2024-07-30 12:00:00+00:00,1.2960,0.2213,0.0000,2.8072,3.2814
2024-07-30 13:00:00+00:00,0.1792,0.0000,0.0000,0.0000,0.0507
2024-07-30 14:00:00+00:00,0.0000,0.0000,0.0000,0.0000,0.0353
2024-07-30 15:00:00+00:00,0.0000,0.0000,0.0000,0.0000,4.1049
2024-07-30 16:00:00+00:00,0.0000,0.0000,0.0000,0.0000,3.3432
2024-07-30 17:00:00+00:00,2.4525,0.8753,1.2837,4.0517,2.4175
2024-07-30 18:00:00+00:00,1.5468,0.0831,0.0546,2.1754,8.4873
2024-07-30 19:00:00+00:00,0.0000,0.0000,0.0000,0.0000,6.6896
2024-07-30 20:00:00+00:00,0.0000,0.0000,0.0000,0.0000,11.5958
2024-07-30 21:00:00+00:00,0.0000,0.0000,0.0000,0.0000,22.5514
2024-07-30 22:00:00+00:00,0.0272,0.0000,0.0000,0.0000,16.6105
2024-07-30 23:00:00+00:00,4.5867,2.7663,6.4290,7.0878,1.3209
2024-07-31 00:00:00+00:00,44.9934,20.3544,39.0622,57.2416,0.0000
2024-07-31 01:00:00+00:00,9.4866,18.1453,19.8813,33.6307,5.5644
2024-07-31 02:00:00+00:00,2.0758,9.7571,5.6700,15.3264,7.3584
2024-07-31 03:00:00+00:00,4.6716,1.0933,4.5149,5.6559,33.6732
2024-07-31 04:00:00+00:00,33.0560,29.8142,25.9639,98.7583,30.6321
2024-07-31 05:00:00+00:00,6.4316,6.6356,8.2576,14.8095,21.7714
2024-07-31 06:00:00+00:00,15.5570,20.3511,19.0541,33.0148,38.6548
2024-07-31 07:00:00+00:00,25.2078,24.6256,31.4980,33.4673,32.4069
2024-07-31 08:00:00+00:00,47.2263,56.4419,49.9264,133.1691,18.4879
2024-07-31 09:00:00+00:00,46.6177,63.0980,53.1352,163.9246,30.3030
2024-07-31 10:00:00+00:00,28.2193,28.2148,23.8183,81.2942,23.3900
2024-07-31 11:00:00+00:00,15.6761,9.7483,9.6154,23.0623,17.3633
2024-07-31 12:00:00+00:00,12.7027,14.7213,15.6393,26.0930,8.7660
2024-07-31 13:00:00+00:00,5.0515,1.7462,4.5776,1.8722,5.3001
2024-07-31 14:00:00+00:00,0.2652,0.0000,0.0000,0.2162,9.2871
2024-07-31 15:00:00+00:00,6.9940,3.6111,7.3704,6.0560,7.6573
2024-07-31 16:00:00+00:00,3.2471,2.1250,1.4023,9.3575,4.2147
2024-07-31 17:00:00+00:00,7.3525,9.4706,9.6351,18.5752,12.1112
2024-07-31 18:00:00+00:00,5.3494,0.4314,0.8514,4.6037,11.6334
2024-07-31 19:00:00+00:00,6.3731,4.2265,5.6265,11.4986,28.2129
2024-07-31 20:00:00+00:00,1.6970,1.6818,2.0266,5.0027,35.8455
2024-07-31 21:00:00+00:00,3.3250,1.1659,5.0316,2.5610,35.8331
2024-07-31 22:00:00+00:00,2.3456,1.5805,1.9236,5.8215,38.1183
2024-07-31 23:00:00+00:00,2.8786,2.6625,3.8265,7.4284,11.8527
2024-08-01 00:00:00+00:00,9.4913,11.9534,13.2457,27.2817,5.0206
2024-08-01 01:00:00+00:00,6.8360,8.5143,6.9910,30.5675,16.4847
2024-08-01 02:00:00+00:00,17.3111,19.4986,21.8767,56.8520,13.0905
2024-08-01 03:00:00+00:00,15.8029,14.5497,14.8490,54.2706,19.5815
2024-08-01 04:00:00+00:00,17.7127,18.1513,19.7079,60.3130,8.3605
2024-08-01 05:00:00+00:00,26.6143,34.4510,30.5846,99.5034,61.0693
2024-08-01 06:00:00+00:00,30.9147,36.6869,34.2378,115.1899,43.4829
2024-08-01 07:00:00+00:00,30.2535,30.8066,30.7838,97.0351,27.1615
2024-08-01 08:00:00+00:00,24.1814,29.4141,30.3373,82.4830,38.4257
2024-08-01 09:00:00+00:00,22.9743,24.4792,24.1624,77.7759,54.2550
2024-08-01 10:00:00+00:00,22.9766,26.2093,23.5055,84.1946,41.7300
2024-08-01 11:00:00+00:00,16.7171,16.9546,15.2651,60.3740,19.8797
2024-08-01 12:00:00+00:00,8.0528,9.0324,7.6004,29.9150,3.4381
2024-08-01 13:00:00+00:00,6.6085,6.8105,6.3964,21.5318,1.0081
2024-08-01 14:00:00+00:00,2.8095,3.5329,2.9850,11.1082,2.2720
2024-08-01 15:00:00+00:00,5.8963,6.2832,5.6024,18.8394,3.8963
2024-08-01 16:00:00+00:00,5.5783,6.2231,6.1051,15.7961,4.6266
2024-08-01 17:00:00+00:00,11.2930,10.9502,11.6245,28.7068,5.6750
2024-08-01 18:00:00+00:00,6.7574,6.3976,8.4151,20.5526,7.5927
2024-08-01 19:00:00+00:00,9.2570,18.6075,13.1778,27.9098,16.8063
2024-08-01 20:00:00+00:00,8.9677,9.1500,9.4382,23.5921,8.7437
2024-08-01 21:00:00+00:00,6.8254,5.7340,9.2625,12.3885,11.2379
2024-08-01 22:00:00+00:00,1.1529,2.0225,2.3887,3.2378,5.9717
2024-08-01 23:00:00+00:00,0.9365,3.1982,0.6059,6.9752,0.0000
2024-08-02 00:00:00+00:00,0.0707,0.0000,0.2240,0.8451,0.0000
2024-08-02 01:00:00+00:00,4.3249,3.9589,2.8053,11.9149,2.0577
2024-08-02 02:00:00+00:00,1.7053,0.9169,3.2519,3.5438,0.0000
2024-08-02 03:00:00+00:00,8.8624,12.1375,11.4457,28.2609,0.0000
2024-08-02 04:00:00+00:00,8.5725,12.4476,14.1132,29.8137,0.0000
2024-08-02 05:00:00+00:00,16.4897,22.1315,19.9137,70.6375,2.8751
2024-08-02 06:00:00+00:00,16.9657,17.6545,16.6347,62.3202,5.4003
2024-08-02 07:00:00+00:00,7.7990,10.6965,9.4529,36.0664,9.1568
2024-08-02 08:00:00+00:00,7.6672,12.0606,9.8450,39.2006,14.5779
2024-08-02 09:00:00+00:00,9.1475,12.9474,11.0570,39.9494,8.0420
2024-08-02 10:00:00+00:00,3.3697,5.9736,4.5310,21.5940,2.1693
2024-08-02 11:00:00+00:00,0.1633,0.3040,0.0239,3.5802,2.0872
2024-08-02 12:00:00+00:00,0.0000,0.0010,0.0470,0.0000,1.0694
2024-08-02 13:00:00+00:00,0.0000,0.0000,0.0000,0.0000,0.7256
2024-08-02 14:00:00+00:00,0.0000,0.0000,0.0000,0.0000,0.2071
2024-08-02 15:00:00+00:00,0.0000,0.0000,0.0000,0.0000,0.0000
2024-08-02 16:00:00+00:00,0.0000,0.0000,0.0000,0.0000,0.0000
2024-08-02 17:00:00+00:00,0.0000,0.0000,0.0000,0.0000,0.0307
2024-08-02 18:00:00+00:00,0.0000,0.0000,0.0000,0.0000,0.0000
2024-08-02 19:00:00+00:00,0.0000,0.0000,0.0000,0.2177,0.0000
2024-08-02 20:00:00+00:00,0.0000,0.0719,0.3405,0.0000,0.2690
2024-08-02 21:00:00+00:00,0.0000,0.0000,0.0000,0.0000,4.8949
2024-08-02 22:00:00+00:00,0.0000,0.0000,0.0000,0.0000,0.0000
2024-08-02 23:00:00+00:00,0.0000,0.0000,0.0000,0.0000,0.0000
2024-08-03 00:00:00+00:00,0.0000,0.0000,0.0000,0.0000,8.3714
2024-08-03 01:00:00+00:00,0.0000,0.0795,0.0000,0.7581,31.1722
2024-08-03 02:00:00+00:00,0.0000,0.0000,0.0000,0.1524,19.0426
2024-08-03 03:00:00+00:00,0.0000,0.0000,0.0000,0.2405,39.7469
2024-08-03 04:00:00+00:00,5.2208,4.6639,4.9159,13.8565,10.9220
2024-08-03 05:00:00+00:00,7.6131,7.8235,6.1522,26.5959,0.9904
2024-08-03 06:00:00+00:00,4.6261,4.8423,4.9413,14.0462,3.0345
2024-08-03 07:00:00+00:00,5.2741,4.5914,4.1015,23.3348,0.0000
2024-08-03 08:00:00+00:00,6.0109,8.2877,6.9528,24.4217,0.0000
2024-08-03 09:00:00+00:00,4.2856,2.3563,2.8147,9.0340,2.9480
2024-08-03 10:00:00+00:00,6.6149,3.4988,1.1600,32.5413,2.1625
2024-08-03 11:00:00+00:00,12.3938,12.4217,10.0535,49.9263,3.5798
2024-08-03 12:00:00+00:00,9.4250,9.1472,8.1141,30.5746,3.3107
2024-08-03 13:00:00+00:00,6.9244,11.7497,9.5809,31.3284,0.0000
2024-08-03 14:00:00+00:00,1.2585,3.5713,2.5698,8.8313,0.0000
2024-08-03 15:00:00+00:00,2.2803,5.2844,4.8498,11.6130,0.0000
2024-08-03 16:00:00+00:00,4.8242,7.6737,7.1280,17.3922,0.5014
2024-08-03 17:00:00+00:00,1.8211,3.4366,3.3347,6.9857,3.7438
2024-08-03 18:00:00+00:00,3.3250,5.7639,5.7157,8.2348,12.1675
2024-08-03 19:00:00+00:00,5.3125,7.2997,7.2555,19.3724,8.6245
2024-08-03 20:00:00+00:00,13.8669,18.4146,18.4735,44.3640,4.0870
2024-08-03 21:00:00+00:00,12.6739,14.2735,13.4323,40.4047,4.3436
2024-08-03 22:00:00+00:00,7.1658,9.3118,8.5043,26.7427,6.6806
2024-08-03 23:00:00+00:00,10.3500,12.3551,11.7058,37.1543,3.9145
2024-08-04 00:00:00+00:00,17.9484,18.3813,18.4040,56.4610,4.7266
2024-08-04 01:00:00+00:00,24.1484,24.6697,22.9519,89.4352,12.6378
2024-08-04 02:00:00+00:00,29.0080,35.4833,36.7380,100.4168,7.1773
2024-08-04 03:00:00+00:00,13.8333,12.7063,11.1530,51.6853,4.9714
2024-08-04 04:00:00+00:00,12.9368,14.2529,14.2807,43.3480,6.4107
2024-08-04 05:00:00+00:00,10.2807,12.0549,10.5895,36.3248,9.8892
2024-08-04 06:00:00+00:00,6.5496,7.7277,6.5794,27.0721,8.6950
2024-08-04 07:00:00+00:00,12.9666,18.2674,18.7450,55.3703,19.1474
2024-08-04 08:00:00+00:00,8.1013,9.3953,8.0777,36.6478,13.0009
2024-08-04 09:00:00+00:00,13.5916,16.2874,10.4878,54.1978,17.7016
2024-08-04 10:00:00+00:00,13.2388,17.2539,14.5740,56.1136,13.8093
2024-08-04 11:00:00+00:00,7.4204,8.9538,5.2991,36.1004,33.5929
2024-08-04 12:00:00+00:00,2.8236,4.3371,2.9407,15.1483,22.1716
2024-08-04 13:00:00+00:00,1.9447,2.4951,2.0556,6.6612,12.0086
2024-08-04 14:00:00+00:00,1.2444,1.6612,1.7303,3.6796,7.0703
2024-08-04 15:00:00+00:00,0.0000,0.0000,0.0870,0.0000,10.7989
2024-08-04 16:00:00+00:00,0.0000,0.5800,0.0000,4.3208,11.5059
2024-08-04 17:00:00+00:00,0.0000,0.0000,0.3453,0.0000,20.9200
2024-08-04 18:00:00+00:00,1.2989,0.9321,2.8657,0.5968,26.6345
2024-08-04 19:00:00+00:00,4.9298,8.0335,5.6598,19.9514,48.2873
2024-08-04 20:00:00+00:00,6.9037,3.4908,4.8795,20.7312,69.1992
2024-08-04 21:00:00+00:00,14.1460,11.3626,10.8236,51.4508,40.8262
2024-08-04 22:00:00+00:00,13.1675,12.3580,12.5655,34.3301,27.2320
2024-08-04 23:00:00+00:00,3.7313,4.2912,4.2568,12.1796,36.6259
2024-08-05 00:00:00+00:00,14.3381,9.4991,15.3892,27.1704,76.1519
2024-08-05 01:00:00+00:00,2.5800,4.8743,3.6347,7.4205,77.5629
2024-08-05 02:00:00+00:00,4.2882,4.7680,7.2160,6.7941,76.6818
2024-08-05 03:00:00+00:00,1.2817,0.6423,0.0000,7.2399,77.8630
2024-08-05 04:00:00+00:00,1.5682,3.0915,0.7385,15.9803,67.0105
2024-08-05 05:00:00+00:00,3.9870,6.9923,6.2554,25.0404,23.6116
2024-08-05 06:00:00+00:00,3.4081,2.3571,1.2080,14.5481,14.5397
2024-08-05 07:00:00+00:00,3.0277,2.4070,1.0968,13.6554,1.7372
2024-08-05 08:00:00+00:00,2.5430,1.1975,0.8651,8.6056,0.5735
2024-08-05 09:00:00+00:00,0.1859,0.1045,0.0000,3.1080,0.0000
2024-08-05 10:00:00+00:00,0.0000,0.0279,0.0000,0.1382,5.5729
2024-08-05 11:00:00+00:00,0.0000,0.0000,0.0000,0.0000,8.2467
2024-08-05 12:00:00+00:00,0.0000,0.0000,0.0000,0.0000,0.0000
2024-08-05 13:00:00+00:00,0.0000,0.0000,0.1292,0.0003,0.0000
2024-08-05 14:00:00+00:00,0.0000,0.3009,0.0000,1.8075,0.0544
2024-08-05 15:00:00+00:00,1.8325,0.8033,1.7385,2.0381,0.9206
2024-08-05 16:00:00+00:00,2.3820,0.4171,0.2669,2.0443,0.0094
2024-08-05 17:00:00+00:00,2.4160,1.7835,0.6794,5.9905,2.0126
2024-08-05 18:00:00+00:00,0.0000,0.0000,0.0000,0.0000,0.0000
2024-08-05 19:00:00+00:00,2.0799,1.6942,1.9724,4.1751,0.1523
2024-08-05 20:00:00+00:00,0.0000,0.0000,0.0000,0.0000,13.6063
2024-08-05 21:00:00+00:00,0.3993,3.3535,3.5028,2.5812,46.0945
2024-08-05 22:00:00+00:00,3.5889,2.9057,3.7625,8.4054,39.2809
2024-08-05 23:00:00+00:00,2.0123,5.5539,5.9324,12.0762,23.1999
2024-08-06 00:00:00+00:00,5.5765,6.1285,6.2942,16.2717,32.9152
2024-08-06 01:00:00+00:00,6.2840,8.3928,6.1551,25.2518,13.8271
2024-08-06 02:00:00+00:00,0.7572,0.0000,0.0000,3.7466,6.8600
2024-08-06 03:00:00+00:00,0.1641,0.0000,0.0000,0.5948,0.8290
2024-08-06 04:00:00+00:00,0.0000,0.0000,0.0000,0.0000,0.0000
2024-08-06 05:00:00+00:00,0.0000,0.0000,0.0000,0.0000,1.7882
2024-08-06 06:00:00+00:00,0.9632,0.1702,1.0922,0.2508,1.9610
2024-08-06 07:00:00+00:00,0.0000,0.0000,0.0000,0.0000,3.4157
2024-08-06 08:00:00+00:00,0.0000,0.0000,0.0000,0.0000,3.9572
2024-08-06 09:00:00+00:00,0.0000,0.0000,0.0000,0.0000,10.2082
2024-08-06 10:00:00+00:00,0.0000,0.0000,0.0000,0.0000,7.3211
2024-08-06 11:00:00+00:00,0.0000,0.0000,0.0000,0.0000,5.8189
2024-08-06 12:00:00+00:00,0.0000,0.0000,0.0000,0.0000,0.0515
2024-08-06 13:00:00+00:00,0.0000,0.0000,0.0000,0.0508,1.2877
2024-08-06 14:00:00+00:00,0.0000,0.0000,0.0000,0.0000,0.1765
2024-08-06 15:00:00+00:00,0.0000,0.0000,0.0000,0.0000,0.0481
2024-08-06 16:00:00+00:00,0.0000,0.0000,0.0000,0.0000,0.0064
2024-08-06 17:00:00+00:00,0.0000,0.0000,0.0000,0.0000,0.0000
2024-08-06 18:00:00+00:00,0.0000,0.0000,0.0000,0.0000,1.2647
2024-08-06 19:00:00+00:00,0.0131,0.0000,0.0000,0.0938,0.0000
2024-08-06 20:00:00+00:00,0.8224,0.1925,0.0000,2.3260,2.2298
2024-08-06 21:00:00+00:00,0.0000,0.0000,0.0000,0.0000,3.9186
2024-08-06 22:00:00+00:00,0.0000,0.0000,0.0000,0.0000,5.6614
2024-08-06 23:00:00+00:00,0.0000,0.0000,0.0000,0.0000,7.0650
2024-08-07 00:00:00+00:00,0.0000,0.0000,0.0000,0.0000,4.3157
2024-08-07 01:00:00+00:00,0.0000,0.0000,0.0000,0.0236,21.7512
2024-08-07 02:00:00+00:00,0.4789,1.1673,0.4322,4.3173,8.7472
2024-08-07 03:00:00+00:00,0.0629,0.0000,0.0000,0.3278,4.8192
2024-08-07 04:00:00+00:00,0.0000,0.0000,0.0000,0.0000,0.4832
2024-08-07 05:00:00+00:00,2.7575,3.3079,2.3189,15.4931,1.1192
2024-08-07 06:00:00+00:00,0.5404,0.1122,0.0000,5.8782,0.4550
2024-08-07 07:00:00+00:00,0.0000,0.1532,0.0000,4.1963,11.1443
2024-08-07 08:00:00+00:00,2.2502,0.5656,0.0050,8.2705,5.7349
2024-08-07 09:00:00+00:00,0.0384,0.0000,0.0000,1.7656,3.0178
2024-08-07 10:00:00+00:00,3.7196,3.1168,1.2102,14.2100,0.0000
2024-08-07 11:00:00+00:00,1.1883,0.4661,0.2522,2.3496,0.0535
2024-08-07 12:00:00+00:00,0.0000,0.0000,0.0000,0.0000,0.0000
2024-08-07 13:00:00+00:00,0.0000,0.0000,0.0000,0.0000,0.0000
2024-08-07 14:00:00+00:00,0.0000,0.0000,0.0000,0.0000,1.0410
2024-08-07 15:00:00+00:00,0.0000,0.0000,0.0000,0.0000,2.4779
2024-08-07 16:00:00+00:00,0.0000,0.0000,0.0000,0.0000,3.9418
2024-08-07 17:00:00+00:00,0.0000,0.0000,0.0000,0.0000,0.0000
2024-08-07 18:00:00+00:00,0.0000,0.0000,0.0000,0.0000,0.8442
2024-08-07 19:00:00+00:00,0.0000,0.0000,0.0000,0.0000,1.7612
2024-08-07 20:00:00+00:00,0.0000,0.0000,0.0000,0.0000,7.0135
2024-08-07 21:00:00+00:00,0.0000,0.0000,0.0000,0.0000,6.6994
2024-08-07 22:00:00+00:00,0.0000,0.0000,0.0000,0.0000,10.6710
2024-08-07 23:00:00+00:00,0.0000,0.0000,0.0000,0.0000,19.9961
2024-08-08 00:00:00+00:00,0.0000,0.0000,0.0554,0.0000,17.8092
2024-08-08 01:00:00+00:00,0.0000,0.0000,0.0000,0.0000,10.5908
2024-08-08 02:00:00+00:00,1.6249,2.2758,4.2061,2.9406,3.8852
2024-08-08 03:00:00+00:00,1.8712,3.1259,5.2599,1.3797,0.0515
2024-08-08 04:00:00+00:00,10.5303,14.2561,18.5565,24.8903,0.0000
2024-08-08 05:00:00+00:00,12.5190,31.0351,30.8399,63.4716,10.3837
2024-08-08 06:00:00+00:00,12.9236,23.8570,24.4062,51.2700,11.3891
2024-08-08 07:00:00+00:00,13.8251,25.2237,27.8198,52.6057,33.6236
2024-08-08 08:00:00+00:00,10.9004,18.1833,25.7612,21.5638,34.3166
2024-08-08 09:00:00+00:00,1.9121,5.2030,6.2196,11.3082,34.7699
2024-08-08 10:00:00+00:00,5.4643,8.3434,10.0766,17.0639,45.3206
2024-08-08 11:00:00+00:00,8.7086,15.6107,16.4113,25.8214,44.1175
2024-08-08 12:00:00+00:00,4.9973,8.6347,11.0877,19.1853,34.8052
2024-08-08 13:00:00+00:00,4.5482,5.7466,6.2473,12.8794,28.9517
2024-08-08 14:00:00+00:00,6.3820,6.1019,5.6137,17.2997,62.3186
2024-08-08 15:00:00+00:00,5.5613,4.3196,4.5297,13.8557,62.1211
2024-08-08 16:00:00+00:00,10.4366,7.8057,9.5415,27.3749,70.9425
2024-08-08 17:00:00+00:00,23.2698,22.1865,24.2781,62.0588,30.7107
2024-08-08 18:00:00+00:00,24.8430,29.2398,29.3433,79.8399,42.6052
2024-08-08 19:00:00+00:00,17.6565,16.5020,17.7953,49.9503,58.7104
2024-08-08 20:00:00+00:00,8.3233,9.1300,8.9592,24.2666,77.2394
2024-08-08 21:00:00+00:00,11.6706,16.0115,16.1793,37.1642,72.7712
2024-08-08 22:00:00+00:00,8.4208,8.4594,9.9528,26.1952,63.5768
2024-08-08 23:00:00+00:00,17.5758,52.5931,46.3688,129.4473,62.1254
2024-08-09 00:00:00+00:00,20.3003,26.1480,17.8015,74.4173,77.8170
2024-08-09 01:00:00+00:00,29.1285,15.3969,19.0618,45.0084,73.9318
2024-08-09 02:00:00+00:00,32.3928,33.4469,36.7952,83.3013,75.8326
2024-08-09 03:00:00+00:00,27.0792,39.5478,46.9799,89.0979,47.2719
2024-08-09 04:00:00+00:00,43.6013,43.7394,69.6899,92.2204,58.0000
2024-08-09 05:00:00+00:00,26.5805,29.0665,44.8037,34.6816,64.3225
2024-08-09 06:00:00+00:00,73.4182,46.6688,73.2867,69.0396,76.4838
2024-08-09 07:00:00+00:00,67.2276,55.1418,75.7759,78.1621,64.5854
2024-08-09 08:00:00+00:00,73.8269,77.5657,74.2553,172.6552,44.6449
2024-08-09 09:00:00+00:00,69.8576,91.3412,83.9130,117.4346,42.0624
2024-08-09 10:00:00+00:00,53.3889,47.1837,49.5250,87.1537,65.3078
2024-08-09 11:00:00+00:00,74.0069,20.2402,26.8731,40.7927,53.6050
2024-08-09 12:00:00+00:00,15.2174,0.2498,0.0000,6.1383,47.1778
2024-08-09 13:00:00+00:00,8.1436,2.4230,4.9012,7.0934,73.5375
2024-08-09 14:00:00+00:00,6.8832,0.8021,0.5095,6.6281,45.4797
2024-08-09 15:00:00+00:00,9.1752,4.8107,11.0024,8.2268,50.6765
2024-08-09 16:00:00+00:00,13.0016,6.5752,7.0850,25.6964,45.9442
2024-08-09 17:00:00+00:00,13.1448,12.2558,9.4969,50.9797,35.1933
2024-08-09 18:00:00+00:00,22.8350,26.1843,27.0439,73.8369,51.7058
2024-08-09 19:00:00+00:00,13.2843,31.7508,27.8971,82.9500,11.2639
2024-08-09 20:00:00+00:00,13.3964,41.9562,34.2670,86.6373,72.9180
2024-08-09 21:00:00+00:00,70.2972,100.1971,106.5000,204.3809,19.7713
2024-08-09 22:00:00+00:00,77.2909,100.4187,106.2169,213.6422,38.0960
2024-08-09 23:00:00+00:00,20.8732,29.1528,25.8973,43.2798,26.9412
2024-08-10 00:00:00+00:00,59.1278,42.3165,38.4866,157.7358,51.9314
2024-08-10 01:00:00+00:00,57.1506,51.8018,50.9858,144.2688,75.6871
2024-08-10 02:00:00+00:00,44.5100,41.1517,49.7175,105.8562,40.7941
2024-08-10 03:00:00+00:00,29.0438,42.4071,47.3428,91.3548,67.6440
2024-08-10 04:00:00+00:00,22.8952,33.2834,35.1065,81.8642,63.0690
2024-08-10 05:00:00+00:00,41.8886,61.1124,63.5814,148.7506,68.2081
2024-08-10 06:00:00+00:00,75.8642,90.1858,91.1741,204.9884,49.4500
2024-08-10 07:00:00+00:00,60.7453,72.4351,68.3357,189.5845,26.8151
2024-08-10 08:00:00+00:00,30.3310,34.4780,30.3219,110.2699,54.9218
2024-08-10 09:00:00+00:00,34.0759,38.2443,43.5773,101.0653,50.9679
2024-08-10 10:00:00+00:00,52.4449,64.9476,65.8538,160.6550,31.9443
2024-08-10 11:00:00+00:00,34.0954,40.7181,40.7657,106.7315,27.6722
2024-08-10 12:00:00+00:00,50.1723,60.2129,59.0847,143.2408,12.2942
2024-08-10 13:00:00+00:00,46.2800,53.0363,51.6675,131.4971,10.4234
2024-08-10 14:00:00+00:00,45.8939,49.8360,51.9666,119.6303,16.6642
2024-08-10 15:00:00+00:00,47.4904,54.1455,57.2583,128.5571,24.2140
2024-08-10 16:00:00+00:00,55.9051,63.4242,63.7220,156.7824,35.0468
2024-08-10 17:00:00+00:00,63.3256,71.8779,74.2795,169.6293,55.0779
2024-08-10 18:00:00+00:00,63.0828,66.9484,69.9626,167.0790,72.8849
2024-08-10 19:00:00+00:00,43.7817,52.3835,55.5774,115.9233,78.4947
2024-08-10 20:00:00+00:00,74.5235,89.4369,81.5399,206.7695,71.5294
2024-08-10 21:00:00+00:00,28.6957,34.8413,38.5535,82.7560,77.6757
2024-08-10 22:00:00+00:00,28.3217,33.0192,32.6498,85.4687,68.6264
2024-08-10 23:00:00+00:00,39.5472,54.2188,52.5747,130.1676,56.8596
2024-08-11 00:00:00+00:00,52.0182,73.0956,71.0218,180.8657,19.7962
2024-08-11 01:00:00+00:00,39.1634,42.7289,44.0377,116.8228,26.2740
2024-08-11 02:00:00+00:00,40.8899,42.9914,44.5405,118.9136,36.9047
2024-08-11 03:00:00+00:00,39.9001,44.3972,43.5055,126.5928,39.0227
2024-08-11 04:00:00+00:00,36.4409,39.2696,38.6643,124.2867,55.2657
2024-08-11 05:00:00+00:00,23.8930,27.3653,27.2792,83.3739,16.4652
2024-08-11 06:00:00+00:00,32.0083,36.4492,38.0002,100.3366,25.5641
2024-08-11 07:00:00+00:00,16.9965,20.3029,20.0400,57.7046,11.3295
2024-08-11 08:00:00+00:00,18.4022,21.6453,21.8351,58.3067,7.0772
2024-08-11 09:00:00+00:00,18.2820,22.9834,21.3703,62.9936,24.4131
2024-08-11 10:00:00+00:00,17.2424,20.1723,19.4940,54.6094,8.3850
2024-08-11 11:00:00+00:00,15.4722,18.1375,18.5371,47.8256,14.1569
2024-08-11 12:00:00+00:00,12.1481,13.7496,14.6416,33.3593,5.8628
2024-08-11 13:00:00+00:00,16.8470,16.5116,16.6583,42.7688,15.3520
2024-08-11 14:00:00+00:00,18.6121,20.3211,22.4310,47.4982,27.3566
2024-08-11 15:00:00+00:00,20.8956,20.5297,22.4820,52.7117,20.7041
2024-08-11 16:00:00+00:00,17.7097,19.4305,18.9367,49.0494,15.5220
2024-08-11 17:00:00+00:00,12.2700,14.8038,14.8637,32.6257,74.4785
2024-08-11 18:00:00+00:00,16.8755,15.2312,21.1838,39.3762,39.3211
2024-08-11 19:00:00+00:00,23.2668,26.4943,30.0219,68.7432,57.4421
2024-08-11 20:00:00+00:00,19.2670,23.4155,26.1815,57.2595,38.8463
2024-08-11 21:00:00+00:00,26.6582,31.5044,37.4465,69.1235,50.1769
2024-08-11 22:00:00+00:00,33.6855,39.1763,57.0829,76.0342,54.9512
2024-08-11 23:00:00+00:00,20.1957,11.9357,17.5827,34.8497,47.1066
2024-08-12 00:00:00+00:00,11.2121,7.5689,13.4719,13.6072,29.4210
2024-08-12 01:00:00+00:00,9.2459,3.9928,6.9200,14.3380,42.3097
2024-08-12 02:00:00+00:00,21.0209,23.2808,27.2603,51.8856,31.9887
2024-08-12 03:00:00+00:00,39.7625,45.1845,44.6102,124.6269,27.4434
2024-08-12 04:00:00+00:00,10.6579,9.2895,8.8333,41.6546,34.8911
2024-08-12 05:00:00+00:00,12.7065,14.7808,11.7439,53.5167,35.2017
2024-08-12 06:00:00+00:00,14.0980,16.9361,13.9115,62.3457,32.0265
2024-08-12 07:00:00+00:00,25.1211,26.2271,26.9135,71.0924,49.0689
2024-08-12 08:00:00+00:00,29.9580,33.4066,32.6615,95.9216,44.1621
2024-08-12 09:00:00+00:00,24.2890,28.3362,28.4051,79.5393,22.1091
2024-08-12 10:00:00+00:00,26.7541,31.4713,29.2012,94.3075,8.5210
2024-08-12 11:00:00+00:00,24.6634,31.2514,29.6192,86.3423,8.9449
2024-08-12 12:00:00+00:00,21.7358,22.3877,20.7059,70.1330,0.0000
2024-08-12 13:00:00+00:00,14.0734,13.9629,13.7498,38.9438,4.6938
2024-08-12 14:00:00+00:00,15.7439,15.5590,15.3152,45.4783,5.4241
2024-08-12 15:00:00+00:00,12.6871,13.0528,12.2847,39.1785,6.4577
2024-08-12 16:00:00+00:00,15.3630,17.0012,16.3982,46.1333,9.2926
2024-08-12 17:00:00+00:00,11.5113,12.3298,12.4487,34.2700,14.3149
2024-08-12 18:00:00+00:00,10.8073,9.6213,10.8170,28.3174,13.9143
2024-08-12 19:00:00+00:00,20.5712,21.6831,22.2278,56.7848,17.4805
2024-08-12 20:00:00+00:00,15.5230,15.1598,17.0457,37.9836,27.1224
2024-08-12 21:00:00+00:00,16.6241,20.1722,20.4932,42.5143,25.5038
2024-08-12 22:00:00+00:00,16.1304,11.9996,14.1813,37.5115,17.8756
2024-08-12 23:00:00+00:00,16.2895,16.1594,15.2632,54.8824,12.4289
2024-08-13 00:00:00+00:00,20.6850,23.1052,24.0147,70.1614,13.9614
2024-08-13 01:00:00+00:00,28.5422,32.3926,34.2761,87.2440,9.2817
2024-08-13 02:00:00+00:00,29.3437,30.0536,38.1954,77.5453,8.8060
2024-08-13 03:00:00+00:00,25.4719,23.6909,26.0843,76.1251,17.1876
2024-08-13 04:00:00+00:00,21.6741,18.9197,20.3257,68.8767,3.5850
2024-08-13 05:00:00+00:00,19.3835,20.1533,20.3444,64.0733,2.6716
2024-08-13 06:00:00+00:00,18.7519,20.7661,18.6719,69.8736,0.0000
2024-08-13 07:00:00+00:00,10.7311,13.8152,14.1513,39.3308,3.8154
2024-08-13 08:00:00+00:00,18.9048,19.1733,18.1651,64.9986,3.9817
2024-08-13 09:00:00+00:00,17.6195,22.7716,21.2639,67.4196,5.4804
2024-08-13 10:00:00+00:00,19.5881,20.3220,18.5598,68.1489,1.9265
2024-08-13 11:00:00+00:00,15.9326,15.7181,14.5709,54.8684,4.7052
2024-08-13 12:00:00+00:00,7.8314,8.0918,7.0197,29.1191,3.4575
2024-08-13 13:00:00+00:00,7.2697,9.1151,7.8774,28.3457,3.1428
2024-08-13 14:00:00+00:00,10.0944,12.0236,10.6062,39.4603,6.8741
2024-08-13 15:00:00+00:00,11.2825,12.3298,11.1599,37.6040,7.2992
2024-08-13 16:00:00+00:00,7.8683,9.0827,8.4062,26.3932,5.6154
2024-08-13 17:00:00+00:00,9.0597,11.8753,12.2150,30.5041,10.3020
2024-08-13 18:00:00+00:00,11.5502,13.9182,13.6308,37.3043,13.9578
2024-08-13 19:00:00+00:00,10.1907,12.2274,11.5818,33.7813,14.0161
2024-08-13 20:00:00+00:00,9.9092,10.5446,10.7936,29.2596,7.7530
2024-08-13 21:00:00+00:00,11.0346,10.9539,10.4698,31.7380,8.3877
2024-08-13 22:00:00+00:00,6.5498,6.6165,6.7686,18.7541,11.1510
2024-08-13 23:00:00+00:00,5.2481,5.3858,5.7382,16.2986,17.9028
2024-08-14 00:00:00+00:00,4.2457,4.6037,5.3531,10.8146,23.9095
2024-08-14 01:00:00+00:00,3.4432,2.1704,2.1964,12.9818,22.4445
2024-08-14 02:00:00+00:00,5.1590,4.5618,5.0343,18.3606,25.8422
2024-08-14 03:00:00+00:00,6.1751,5.1894,5.2410,17.3758,30.5236
2024-08-14 04:00:00+00:00,7.0529,5.1848,4.9758,27.1391,25.9020
2024-08-14 05:00:00+00:00,8.7621,11.3374,10.1053,39.4945,26.8306
2024-08-14 06:00:00+00:00,20.8837,22.5752,24.4719,73.9596,30.7836
2024-08-14 07:00:00+00:00,21.1005,21.4943,19.3152,75.5710,16.8543
2024-08-14 08:00:00+00:00,23.7513,23.9285,22.0794,86.0031,4.7285
2024-08-14 09:00:00+00:00,14.3390,16.7419,17.5640,59.7566,1.5904
2024-08-14 10:00:00+00:00,16.9116,20.3676,20.7199,62.0425,0.9738
2024-08-14 11:00:00+00:00,15.6730,18.7755,17.7916,57.0842,4.4895
2024-08-14 12:00:00+00:00,4.4594,7.2857,6.2925,22.5478,1.8979
2024-08-14 13:00:00+00:00,2.7106,5.1960,4.2015,13.7123,1.5307
2024-08-14 14:00:00+00:00,2.0832,3.7670,2.9137,11.8086,3.2366
2024-08-14 15:00:00+00:00,2.5877,3.0248,2.3431,9.1166,4.9308
2024-08-14 16:00:00+00:00,3.8071,4.5524,4.1494,12.6152,4.7533
2024-08-14 17:00:00+00:00,5.7247,6.3085,5.5845,20.4687,7.5313
2024-08-14 18:00:00+00:00,6.8084,7.7665,7.5178,23.6395,9.8582
2024-08-14 19:00:00+00:00,8.3640,7.2967,7.1271,25.0343,7.9783
2024-08-14 20:00:00+00:00,6.5984,6.7428,7.1833,22.0962,28.8617
2024-08-14 21:00:00+00:00,9.3081,9.9452,8.7695,32.0059,14.1200
2024-08-14 22:00:00+00:00,4.5428,4.6855,3.2391,18.0984,13.8670
2024-08-14 23:00:00+00:00,1.6317,2.3825,1.3397,7.9657,24.2706
2024-08-15 00:00:00+00:00,3.2980,3.5904,0.9078,19.0909,30.7255
2024-08-15 01:00:00+00:00,20.3003,17.9169,19.8503,53.2138,34.4303
2024-08-15 02:00:00+00:00,15.3013,19.3051,19.9415,60.5368,35.0748
2024-08-15 03:00:00+00:00,10.4741,18.0419,19.4755,56.4525,51.5191
2024-08-15 04:00:00+00:00,31.1295,28.1681,28.9565,101.2616,57.7362
2024-08-15 05:00:00+00:00,16.1799,20.4583,18.1536,69.1567,33.6207
2024-08-15 06:00:00+00:00,24.1801,30.4409,28.9081,99.9528,29.0321
2024-08-15 07:00:00+00:00,15.2506,17.4572,18.1257,62.3731,25.8342
2024-08-15 08:00:00+00:00,12.1493,11.9245,10.2429,47.0296,2.6001
2024-08-15 09:00:00+00:00,10.6443,15.5562,12.4232,54.3811,23.0447
2024-08-15 10:00:00+00:00,11.9539,16.5538,15.0671,50.0484,10.5748
2024-08-15 11:00:00+00:00,14.9298,16.9003,15.6592,52.4732,10.7983
2024-08-15 12:00:00+00:00,3.6499,6.3918,5.6254,18.9914,4.3523
2024-08-15 13:00:00+00:00,1.3945,4.0616,3.4167,5.8134,4.8482
2024-08-15 14:00:00+00:00,2.3014,5.3546,4.9388,10.7089,11.4880
2024-08-15 15:00:00+00:00,5.3938,8.2555,10.5726,14.7831,15.6149
2024-08-15 16:00:00+00:00,9.1875,9.3508,9.8028,25.3381,22.3476
2024-08-15 17:00:00+00:00,8.2555,7.2687,7.8739,21.6832,25.0841
2024-08-15 18:00:00+00:00,3.3861,3.3745,3.5868,9.5802,33.6179
2024-08-15 19:00:00+00:00,3.6708,2.9519,3.1573,8.9337,27.3920
2024-08-15 20:00:00+00:00,3.2407,2.3957,1.9746,8.9385,20.0448
2024-08-15 21:00:00+00:00,1.7052,0.6474,0.8144,2.8967,17.5329
2024-08-15 22:00:00+00:00,1.1382,0.5107,0.9013,2.0919,26.3783
2024-08-15 23:00:00+00:00,1.5724,0.2663,0.4491,2.6024,39.2665
2024-08-16 00:00:00+00:00,0.0000,0.0000,0.0000,0.0000,21.0548
2024-08-16 01:00:00+00:00,0.0000,0.0000,0.0000,0.0000,19.2520
2024-08-16 02:00:00+00:00,0.0463,0.0000,0.0000,0.2102,16.7015
2024-08-16 03:00:00+00:00,0.0000,0.0000,0.0000,0.0000,29.5426
2024-08-16 04:00:00+00:00,0.3242,1.0497,2.1547,0.4916,17.2624
2024-08-16 05:00:00+00:00,6.0490,7.8966,8.3476,22.3647,11.3530
2024-08-16 06:00:00+00:00,7.2577,8.9896,10.2403,24.7357,19.8963
2024-08-16 07:00:00+00:00,14.7611,18.9229,17.0581,56.5551,19.5166
2024-08-16 08:00:00+00:00,15.8898,17.7670,16.4540,60.9463,17.6782
2024-08-16 09:00:00+00:00,16.1583,21.4858,18.8170,73.5317,13.6739
2024-08-16 10:00:00+00:00,10.4203,10.9460,12.8025,45.9910,16.6950
2024-08-16 11:00:00+00:00,9.8176,12.1861,12.2573,36.5622,1.1160
2024-08-16 12:00:00+00:00,1.0802,1.7683,0.9862,5.8231,0.0000
2024-08-16 13:00:00+00:00,0.0000,0.0000,0.0000,0.0000,0.0000
2024-08-16 14:00:00+00:00,0.0000,0.0000,0.0000,0.0000,0.0000
2024-08-16 15:00:00+00:00,0.0000,0.0000,0.0000,0.0000,0.0000
2024-08-16 16:00:00+00:00,0.0000,0.0000,0.0000,0.0000,0.0000
2024-08-16 17:00:00+00:00,0.0000,0.0000,0.0000,0.0000,0.0000
2024-08-16 18:00:00+00:00,0.0000,0.0000,0.0000,0.0000,0.7121
2024-08-16 19:00:00+00:00,2.9825,0.8650,0.7245,2.4844,0.0000
2024-08-16 20:00:00+00:00,0.0000,0.0000,0.0000,0.0000,1.8699
2024-08-16 21:00:00+00:00,0.3215,0.0290,0.0000,0.1588,2.2758
2024-08-16 22:00:00+00:00,0.0000,0.0000,0.0000,0.0000,18.0233
2024-08-16 23:00:00+00:00,0.0000,0.0000,0.0000,0.2520,14.8688
2024-08-17 00:00:00+00:00,0.0000,1.5166,0.7083,5.5788,12.2062
2024-08-17 01:00:00+00:00,6.2066,11.2114,12.4286,23.0024,11.1080
2024-08-17 02:00:00+00:00,9.9466,11.6925,12.9420,25.7163,21.4429
2024-08-17 03:00:00+00:00,20.1190,26.6203,23.6439,58.0492,40.0907
2024-08-17 04:00:00+00:00,27.7257,37.0265,29.6973,108.6037,35.5425
2024-08-17 05:00:00+00:00,18.3672,25.4973,20.9960,74.7505,41.0983
2024-08-17 06:00:00+00:00,17.7748,22.5187,19.4928,56.4714,26.3156
2024-08-17 07:00:00+00:00,24.8070,27.8936,31.4205,61.0379,45.6745
2024-08-17 08:00:00+00:00,24.4721,32.3062,32.3412,71.8306,39.1185
2024-08-17 09:00:00+00:00,34.3792,34.3950,38.3378,81.4225,36.1583
2024-08-17 10:00:00+00:00,41.5806,56.8763,56.6214,105.2580,25.1490
2024-08-17 11:00:00+00:00,24.6244,44.5537,41.0136,85.9591,67.1869
2024-08-17 12:00:00+00:00,20.5417,40.2380,35.5459,71.9310,78.0273
2024-08-17 13:00:00+00:00,12.2928,14.0335,16.4000,20.9182,77.8832
2024-08-17 14:00:00+00:00,7.6375,7.4991,10.1385,16.9939,75.4048
2024-08-17 15:00:00+00:00,10.6282,3.4909,4.6164,19.2331,75.9471
2024-08-17 16:00:00+00:00,5.0397,2.1577,3.7086,5.4168,50.6103
2024-08-17 17:00:00+00:00,10.2280,7.2615,14.2612,12.7740,75.8200
2024-08-17 18:00:00+00:00,13.3824,13.2758,21.4514,28.1051,63.3719
2024-08-17 19:00:00+00:00,24.9975,16.6487,29.3212,42.1651,75.0916
2024-08-17 20:00:00+00:00,28.7059,27.4821,32.2410,69.0228,70.9459
2024-08-17 21:00:00+00:00,14.3761,12.3870,14.4326,37.4045,75.9638
2024-08-17 22:00:00+00:00,8.5926,6.4905,9.4506,14.3147,75.5036
2024-08-17 23:00:00+00:00,11.5846,11.7699,13.5805,31.2829,76.7711
2024-08-18 00:00:00+00:00,29.2708,29.0755,30.5658,81.7210,71.5960
2024-08-18 01:00:00+00:00,72.0398,67.8173,80.7126,142.4044,70.2868
2024-08-18 02:00:00+00:00,61.5277,55.2878,72.9958,106.1073,68.7723
2024-08-18 03:00:00+00:00,69.9046,52.3552,65.2564,104.5700,64.8443
2024-08-18 04:00:00+00:00,77.5832,92.7317,101.4620,140.9995,61.8809
2024-08-18 05:00:00+00:00,79.7643,88.5761,102.2332,139.9775,59.2146
2024-08-18 06:00:00+00:00,75.6874,52.0531,79.8908,86.6177,58.8524
2024-08-18 07:00:00+00:00,73.3043,48.6048,67.0125,85.3627,59.7878
2024-08-18 08:00:00+00:00,72.0460,50.2676,70.5001,68.8303,68.5951
2024-08-18 09:00:00+00:00,74.6091,64.1403,68.1947,118.6985,68.2225
2024-08-18 10:00:00+00:00,58.7206,40.7953,46.0142,87.7577,47.7802
2024-08-18 11:00:00+00:00,72.3698,85.6834,78.5146,129.0241,61.4842
2024-08-18 12:00:00+00:00,37.3484,41.1213,36.6277,105.3825,62.4130
2024-08-18 13:00:00+00:00,23.7234,23.7155,23.7289,49.8759,46.4287
2024-08-18 14:00:00+00:00,10.6437,4.9941,9.1297,12.4650,42.7549
2024-08-18 15:00:00+00:00,7.9269,4.5079,7.7944,10.4345,60.5283
2024-08-18 16:00:00+00:00,8.5910,7.0781,10.3507,11.4697,58.9708
2024-08-18 17:00:00+00:00,6.8652,4.4178,5.7584,11.5916,56.7052
2024-08-18 18:00:00+00:00,8.4294,5.9502,7.2870,19.8772,52.1711
2024-08-18 19:00:00+00:00,6.7254,3.9882,5.4088,14.2814,49.8719
2024-08-18 20:00:00+00:00,9.5883,5.8051,7.8716,16.2614,37.3984
2024-08-18 21:00:00+00:00,4.2783,3.3759,4.4435,9.3396,19.0297
2024-08-18 22:00:00+00:00,5.6453,4.1898,4.6470,16.3780,19.7131
2024-08-18 23:00:00+00:00,11.6295,6.3101,7.7671,22.4012,21.1650
2024-08-19 00:00:00+00:00,22.1808,19.3054,27.3433,37.6504,63.2199
2024-08-19 01:00:00+00:00,25.7976,26.2715,29.2226,50.6965,44.9528
2024-08-19 02:00:00+00:00,25.7756,31.7027,40.7205,41.2458,39.7501
2024-08-19 03:00:00+00:00,24.9782,32.4160,32.5320,65.2083,41.3119
2024-08-19 04:00:00+00:00,49.8142,53.3616,57.2903,107.1666,18.4444
2024-08-19 05:00:00+00:00,60.2313,46.3259,46.9915,124.3608,25.8306
2024-08-19 06:00:00+00:00,40.9283,20.1142,18.2764,84.0516,3.0989
2024-08-19 07:00:00+00:00,21.2229,5.6346,8.2114,26.1913,0.8320
2024-08-19 08:00:00+00:00,15.2641,9.0297,9.9682,18.0004,0.0207
2024-08-19 09:00:00+00:00,10.4904,2.1975,2.0649,7.4972,0.0000
2024-08-19 10:00:00+00:00,10.4020,4.2413,2.3906,17.7345,3.2846
2024-08-19 11:00:00+00:00,6.0135,1.6528,3.4155,5.0929,1.8029
2024-08-19 12:00:00+00:00,0.3731,0.0000,0.0000,0.5754,21.6850
2024-08-19 13:00:00+00:00,0.0000,0.1414,1.0271,0.0000,23.0471
2024-08-19 14:00:00+00:00,0.0097,0.0000,0.0000,0.0000,23.9091
2024-08-19 15:00:00+00:00,0.0000,0.9524,2.2898,0.0000,20.9511
2024-08-19 16:00:00+00:00,7.6745,3.5071,5.9211,14.7329,21.2633
2024-08-19 17:00:00+00:00,6.8188,3.5477,4.2036,17.3527,36.3870
2024-08-19 18:00:00+00:00,8.2098,7.0478,6.8568,26.5402,55.9034
2024-08-19 19:00:00+00:00,8.6782,11.2775,11.1982,30.0136,39.2852
2024-08-19 20:00:00+00:00,13.2377,11.8190,8.3281,48.9889,37.4992
2024-08-19 21:00:00+00:00,10.6679,13.1183,14.8553,32.9886,52.6925
2024-08-19 22:00:00+00:00,12.8265,12.1463,12.4599,37.5484,43.2728
2024-08-19 23:00:00+00:00,8.7829,20.7786,24.2728,34.4343,37.5167
2024-08-20 00:00:00+00:00,15.7152,10.7317,14.8548,34.7151,21.2191
2024-08-20 01:00:00+00:00,25.0465,24.3459,27.8827,65.5346,35.1852
2024-08-20 02:00:00+00:00,20.3028,21.7766,18.6995,67.6766,19.1340
2024-08-20 03:00:00+00:00,8.7382,6.3128,7.0661,22.6601,24.8051
2024-08-20 04:00:00+00:00,3.9879,2.0591,1.4784,11.4426,8.5095
2024-08-20 05:00:00+00:00,12.8298,6.0201,6.2052,26.6917,35.3742
2024-08-20 06:00:00+00:00,9.2999,4.8522,4.6291,23.6063,37.0949
2024-08-20 07:00:00+00:00,4.1511,2.0474,0.8899,12.1626,30.5451
2024-08-20 08:00:00+00:00,15.0105,14.6198,13.3287,51.1308,28.0209
2024-08-20 09:00:00+00:00,16.2526,12.3341,11.9328,47.2908,19.2246
2024-08-20 10:00:00+00:00,12.7783,11.5604,11.3397,39.3698,28.7583
2024-08-20 11:00:00+00:00,14.6378,14.4745,15.6273,44.0364,21.6869
2024-08-20 12:00:00+00:00,8.3033,5.8286,5.7296,23.7859,15.2545
2024-08-20 13:00:00+00:00,11.8578,10.8722,9.0607,37.9950,19.9540
2024-08-20 14:00:00+00:00,9.7245,8.6670,9.7639,25.9842,13.3305
2024-08-20 15:00:00+00:00,11.8447,12.1226,12.3630,33.9929,33.7324
2024-08-20 16:00:00+00:00,7.3110,8.1372,8.9024,23.2395,4.6428
2024-08-20 17:00:00+00:00,10.6014,11.0078,12.2226,28.7104,14.5993
2024-08-20 18:00:00+00:00,11.2372,11.7572,12.3646,27.9899,23.9695
2024-08-20 19:00:00+00:00,7.9186,9.2232,7.4943,25.9010,34.5718
2024-08-20 20:00:00+00:00,7.9525,7.3049,9.3265,15.4634,17.6165
2024-08-20 21:00:00+00:00,11.3901,7.1833,8.4354,24.4866,23.6229
2024-08-20 22:00:00+00:00,11.6869,10.6180,11.4900,34.4236,19.0452
2024-08-20 23:00:00+00:00,7.0990,6.6898,7.7076,17.7079,7.6043
2024-08-21 00:00:00+00:00,13.6089,7.8106,4.9831,46.7342,19.0175
2024-08-21 01:00:00+00:00,7.5459,4.7566,4.5927,21.2628,7.8230
2024-08-21 02:00:00+00:00,3.0706,0.6073,0.8441,5.0159,10.1637
2024-08-21 03:00:00+00:00,2.7317,2.3602,2.0754,7.6792,30.5110
2024-08-21 04:00:00+00:00,1.2762,0.3183,0.0243,3.2476,27.2737
2024-08-21 05:00:00+00:00,0.0000,0.0000,0.0000,0.6474,16.5012
2024-08-21 06:00:00+00:00,1.4024,2.2197,1.4765,7.8521,14.0726
2024-08-21 07:00:00+00:00,4.1356,5.0380,3.7095,15.7294,10.8776
2024-08-21 08:00:00+00:00,3.5887,1.7610,1.7564,9.4267,20.8963
2024-08-21 09:00:00+00:00,3.5762,1.5716,2.2196,7.1340,18.3129
2024-08-21 10:00:00+00:00,3.0179,2.7513,2.8215,8.8967,11.1060
2024-08-21 11:00:00+00:00,8.8629,5.0200,6.9605,15.1011,6.1535
2024-08-21 12:00:00+00:00,15.3221,15.0276,17.7715,35.3332,7.3041
2024-08-21 13:00:00+00:00,12.0628,10.0352,8.8942,38.4468,8.3785
2024-08-21 14:00:00+00:00,10.1456,6.9678,6.4961,23.2995,16.3978
2024-08-21 15:00:00+00:00,5.6836,4.7002,5.0279,15.9240,7.7462
2024-08-21 16:00:00+00:00,8.4491,5.1641,4.3809,17.0398,7.4924
2024-08-21 17:00:00+00:00,11.4331,9.2719,9.8034,26.3062,7.1968
2024-08-21 18:00:00+00:00,7.8777,11.5510,10.3045,32.5258,23.4592
2024-08-21 19:00:00+00:00,6.5835,4.4350,7.0020,13.3053,24.5467
2024-08-21 20:00:00+00:00,10.0283,7.1612,4.4048,22.9183,7.0943
2024-08-21 21:00:00+00:00,0.6670,1.6390,0.0000,5.3437,9.1852
2024-08-21 22:00:00+00:00,4.0484,4.1076,4.6695,9.5678,16.3668
2024-08-21 23:00:00+00:00,6.7482,7.2606,5.0295,22.9116,13.7645
2024-08-22 00:00:00+00:00,8.3139,8.2959,10.1299,27.5387,8.4375
2024-08-22 01:00:00+00:00,6.4121,5.2561,4.6277,24.3263,2.3672
2024-08-22 02:00:00+00:00,8.4738,6.8771,5.5823,24.7434,22.9117
2024-08-22 03:00:00+00:00,7.8427,4.9215,5.8909,18.5864,33.9706
2024-08-22 04:00:00+00:00,2.9931,2.3948,4.1757,6.8338,27.7315
2024-08-22 05:00:00+00:00,1.4557,0.0859,0.0244,4.4996,37.1655
2024-08-22 06:00:00+00:00,3.7731,2.4105,1.7891,12.8023,17.6406
2024-08-22 07:00:00+00:00,10.4220,9.9460,9.5186,37.7914,8.6263
2024-08-22 08:00:00+00:00,11.5716,10.5886,10.6461,34.7827,10.0329
2024-08-22 09:00:00+00:00,7.2424,9.3764,11.7287,27.7715,14.3993
2024-08-22 10:00:00+00:00,17.6820,18.9050,18.1203,58.7053,18.7595
2024-08-22 11:00:00+00:00,19.3647,21.9813,20.6621,69.0505,15.8974
2024-08-22 12:00:00+00:00,9.6072,11.3361,11.4518,32.1172,5.3328
2024-08-22 13:00:00+00:00,12.4387,13.9359,13.0464,39.7052,0.1145
2024-08-22 14:00:00+00:00,11.2512,9.6891,9.9880,29.6345,2.3408
2024-08-22 15:00:00+00:00,13.9479,13.6054,11.1069,49.5465,22.2919
2024-08-22 16:00:00+00:00,25.3131,23.5821,22.1824,72.6174,42.3406
2024-08-22 17:00:00+00:00,19.4824,15.3874,16.2211,46.2774,28.8326
2024-08-22 18:00:00+00:00,18.1429,16.0098,18.1275,44.8116,25.9279
2024-08-22 19:00:00+00:00,4.8551,3.2332,4.6030,11.1911,21.2693
2024-08-22 20:00:00+00:00,3.0271,1.1529,2.2075,4.6724,11.9766
2024-08-22 21:00:00+00:00,3.8113,2.2294,2.4778,10.6213,36.7877
2024-08-22 22:00:00+00:00,0.0000,0.0000,0.0000,0.0000,30.0835
2024-08-22 23:00:00+00:00,3.6379,2.6728,8.0416,5.4078,40.3710
2024-08-23 00:00:00+00:00,6.3797,4.4922,5.7410,19.5435,40.4507
2024-08-23 01:00:00+00:00,14.6363,12.4242,13.6491,45.7759,38.9226
2024-08-23 02:00:00+00:00,9.2507,8.0297,7.6812,29.8061,39.1348
2024-08-23 03:00:00+00:00,14.8539,13.4995,16.4142,38.5536,45.4480
2024-08-23 04:00:00+00:00,21.4201,20.1186,23.3374,59.7633,56.0473
2024-08-23 05:00:00+00:00,16.9969,13.6642,14.6749,50.4119,76.5115
2024-08-23 06:00:00+00:00,23.0047,22.1312,23.9555,77.8019,78.1993
2024-08-23 07:00:00+00:00,28.9133,31.3419,30.0755,98.1749,66.3723
2024-08-23 08:00:00+00:00,18.7011,15.4514,14.2863,59.9013,51.6901
2024-08-23 09:00:00+00:00,11.2375,9.9299,8.6501,40.0016,50.0152
2024-08-23 10:00:00+00:00,6.0494,6.3839,5.9955,22.6949,50.1617
2024-08-23 11:00:00+00:00,7.9170,10.8826,9.2375,38.9131,42.6984
2024-08-23 12:00:00+00:00,9.1576,7.9121,7.7228,30.3943,20.9907
2024-08-23 13:00:00+00:00,12.6198,14.6973,12.0115,46.1274,16.8189
2024-08-23 14:00:00+00:00,3.7748,4.3352,4.0432,13.4646,10.4279
2024-08-23 15:00:00+00:00,3.3927,3.5927,3.9144,10.0267,9.2580
2024-08-23 16:00:00+00:00,4.0267,3.6188,4.1283,10.3352,5.2393
2024-08-23 17:00:00+00:00,5.0654,6.7825,6.6656,17.0124,7.6698
2024-08-23 18:00:00+00:00,5.0502,5.5248,5.8526,14.0694,8.0206
2024-08-23 19:00:00+00:00,5.0164,5.3390,6.0032,12.9481,13.3427
2024-08-23 20:00:00+00:00,6.2119,8.2596,8.5727,18.2821,19.0042
2024-08-23 21:00:00+00:00,8.9848,11.0836,12.3967,24.3508,14.9366
2024-08-23 22:00:00+00:00,3.3301,4.2798,4.5668,10.7958,19.9009
2024-08-23 23:00:00+00:00,3.7260,5.1542,5.1563,13.7755,21.5740
2024-08-24 00:00:00+00:00,8.4871,10.3674,9.1847,31.9011,34.4135
2024-08-24 01:00:00+00:00,14.0639,17.4561,17.3496,52.2503,28.2715
2024-08-24 02:00:00+00:00,20.4621,27.0117,26.5423,76.0070,26.2375
2024-08-24 03:00:00+00:00,25.8893,37.6937,34.5538,105.3366,23.6873
2024-08-24 04:00:00+00:00,19.3566,26.9423,23.5952,81.2940,29.2189
2024-08-24 05:00:00+00:00,19.7704,27.5050,24.3534,87.6069,34.1049
2024-08-24 06:00:00+00:00,15.5155,19.7292,21.1710,59.8845,20.2467
2024-08-24 07:00:00+00:00,9.4881,13.5261,13.6177,45.3997,20.0480
2024-08-24 08:00:00+00:00,15.9240,21.2815,21.2158,62.1486,20.7142
2024-08-24 09:00:00+00:00,13.0752,18.3555,16.9584,59.8066,30.8826
2024-08-24 10:00:00+00:00,16.6785,23.1925,21.4632,69.6951,28.1606
2024-08-24 11:00:00+00:00,14.2165,18.5309,16.4820,61.4338,21.9280
2024-08-24 12:00:00+00:00,7.8866,9.5596,7.8588,33.5086,15.1429
2024-08-24 13:00:00+00:00,4.1672,5.8488,4.6197,16.6364,7.3039
2024-08-24 14:00:00+00:00,5.0260,8.0065,8.0168,18.9147,5.8088
2024-08-24 15:00:00+00:00,4.7687,5.8837,6.2116,15.1434,6.9007
2024-08-24 16:00:00+00:00,3.6264,4.1230,4.2084,9.7842,3.8325
2024-08-24 17:00:00+00:00,5.7064,7.8738,8.4240,16.4781,6.8635
2024-08-24 18:00:00+00:00,5.0783,7.2170,6.9653,16.6124,11.3309
2024-08-24 19:00:00+00:00,2.9914,4.4243,4.4694,10.0570,7.2677
2024-08-24 20:00:00+00:00,2.2062,2.3773,3.6089,5.3102,7.3862
2024-08-24 21:00:00+00:00,5.7445,6.8394,7.6916,14.8467,6.2996
2024-08-24 22:00:00+00:00,2.9665,3.4780,3.4610,10.4424,1.1428
2024-08-24 23:00:00+00:00,4.7127,6.5658,7.1653,17.6877,1.9407
2024-08-25 00:00:00+00:00,5.9776,7.3351,6.3065,23.1878,0.0000
2024-08-25 01:00:00+00:00,2.2694,3.1779,2.7261,11.1448,4.1602
2024-08-25 02:00:00+00:00,6.5029,9.4122,9.2927,25.9370,1.5731
2024-08-25 03:00:00+00:00,5.1644,7.7488,7.5547,21.5894,0.4622
2024-08-25 04:00:00+00:00,9.1487,11.5162,10.5275,32.2738,2.5340
2024-08-25 05:00:00+00:00,5.3698,7.5800,6.2112,23.7723,13.9485
2024-08-25 06:00:00+00:00,5.5314,8.4219,7.1755,25.7455,15.9958
2024-08-25 07:00:00+00:00,5.0584,6.1447,5.5648,21.9310,8.9904
2024-08-25 08:00:00+00:00,5.3696,7.1596,7.4106,19.3392,10.4947
2024-08-25 09:00:00+00:00,9.2499,13.3801,12.5313,32.4787,2.0024
2024-08-25 10:00:00+00:00,3.6892,5.7509,4.4991,22.4959,0.1747
2024-08-25 11:00:00+00:00,2.7981,4.3612,4.0850,13.1745,1.5252
2024-08-25 12:00:00+00:00,0.0652,0.0000,0.0000,0.2343,0.0510
2024-08-25 13:00:00+00:00,0.0000,0.0000,0.0000,0.0000,0.0000
2024-08-25 14:00:00+00:00,0.0000,0.0000,0.1595,0.0000,0.0000
2024-08-25 15:00:00+00:00,0.0000,0.0839,0.7000,0.0000,0.0000
2024-08-25 16:00:00+00:00,1.7618,1.9754,2.4812,3.2798,0.0000
2024-08-25 17:00:00+00:00,1.5134,2.4975,2.8911,3.3032,0.0000
2024-08-25 18:00:00+00:00,2.0933,0.5362,0.3569,3.7874,0.0000
2024-08-25 19:00:00+00:00,1.9755,2.0919,2.4441,5.3743,0.0000
2024-08-25 20:00:00+00:00,0.0000,0.0000,0.0000,0.0000,0.0000
2024-08-25 21:00:00+00:00,0.0000,0.0000,0.0000,0.0000,0.2274
2024-08-25 22:00:00+00:00,0.0059,0.0000,0.0000,0.0000,0.0000
2024-08-25 23:00:00+00:00,2.6149,2.9676,3.5949,1.4578,3.0539
2024-08-26 00:00:00+00:00,0.0000,0.0000,0.0000,0.2377,5.6540
2024-08-26 01:00:00+00:00,0.0000,0.0000,0.0000,0.0000,5.1137
2024-08-26 02:00:00+00:00,2.0602,1.5949,1.5508,6.4802,4.5969
2024-08-26 03:00:00+00:00,0.0000,0.0000,0.1010,0.0000,2.4716
2024-08-26 04:00:00+00:00,1.5708,3.6064,4.7909,2.8544,0.0000
2024-08-26 05:00:00+00:00,3.4045,3.4454,3.4683,7.9613,0.0000
2024-08-26 06:00:00+00:00,5.8874,8.7472,7.7795,23.5086,0.0000
2024-08-26 07:00:00+00:00,8.4438,8.5973,8.7426,26.3384,0.0000
2024-08-26 08:00:00+00:00,2.0015,3.2247,3.2887,6.8711,0.0000
2024-08-26 09:00:00+00:00,1.6450,4.2269,4.6810,6.3668,0.1802
2024-08-26 10:00:00+00:00,2.6841,3.6217,2.9853,12.8898,6.3718
2024-08-26 11:00:00+00:00,1.6985,1.8024,1.2813,6.8945,16.2042
2024-08-26 12:00:00+00:00,0.4025,0.2407,0.0668,1.4541,3.6496
2024-08-26 13:00:00+00:00,0.0000,0.0000,0.0000,0.1352,0.0000
2024-08-26 14:00:00+00:00,0.0000,0.0000,0.0000,0.0000,0.0000
2024-08-26 15:00:00+00:00,0.0000,0.0000,0.0000,0.0000,0.0000
2024-08-26 16:00:00+00:00,0.0000,0.0000,0.0000,0.0000,0.0000
2024-08-26 17:00:00+00:00,0.0000,0.0000,0.0000,0.0000,0.0000
2024-08-26 18:00:00+00:00,0.0000,0.0000,0.0000,0.0000,0.0000
2024-08-26 19:00:00+00:00,0.7966,0.0279,0.0169,0.3816,0.0000
2024-08-26 20:00:00+00:00,0.0000,0.0000,0.0000,0.0000,6.6442
2024-08-26 21:00:00+00:00,0.0000,0.0000,0.0000,0.0000,8.4102
2024-08-26 22:00:00+00:00,0.0000,0.0000,0.0000,0.0000,1.1003
2024-08-26 23:00:00+00:00,0.0000,0.0000,0.0000,0.0000,7.2387
2024-08-27 00:00:00+00:00,0.0000,0.0000,0.0000,0.0000,1.1101
2024-08-27 01:00:00+00:00,0.0000,0.0000,0.0000,0.0000,0.0000
2024-08-27 02:00:00+00:00,1.4847,2.2716,1.4052,6.9626,0.0000
2024-08-27 03:00:00+00:00,2.9813,5.8907,4.8809,14.8366,0.0000
2024-08-27 04:00:00+00:00,4.9329,7.6803,7.1065,19.7022,0.0000
2024-08-27 05:00:00+00:00,3.7175,5.6712,5.3126,13.7962,0.0000
2024-08-27 06:00:00+00:00,1.8785,3.3740,3.8904,5.8098,0.0000
2024-08-27 07:00:00+00:00,2.1817,2.8759,2.7831,7.0759,0.0029
2024-08-27 08:00:00+00:00,4.7370,4.4810,4.9258,14.3148,0.6853
2024-08-27 09:00:00+00:00,3.1859,2.9226,3.6959,9.7017,1.1508
2024-08-27 10:00:00+00:00,3.8725,4.4015,4.2603,13.0905,1.4354
2024-08-27 11:00:00+00:00,6.6850,6.7381,6.0467,20.8785,7.7036
2024-08-27 12:00:00+00:00,6.4411,8.9127,8.8049,22.0512,4.2222
2024-08-27 13:00:00+00:00,3.6390,5.8580,5.0508,15.4591,2.7015
2024-08-27 14:00:00+00:00,2.0851,4.0031,3.9416,7.6812,1.1396
2024-08-27 15:00:00+00:00,5.2861,6.6199,7.1344,11.7651,2.1523
2024-08-27 16:00:00+00:00,5.4983,5.8670,6.9895,13.1426,3.7688
2024-08-27 17:00:00+00:00,3.4491,3.5433,4.3213,7.1059,8.8142
2024-08-27 18:00:00+00:00,4.4056,4.6830,5.5521,10.5293,19.4355
2024-08-27 19:00:00+00:00,2.5417,2.0479,2.7003,3.7255,22.5704
2024-08-27 20:00:00+00:00,1.8698,0.9739,1.9807,2.1406,17.6717
2024-08-27 21:00:00+00:00,2.7484,1.0261,2.1505,3.4433,26.6520
2024-08-27 22:00:00+00:00,3.4603,2.0420,2.4697,4.9700,24.1336
2024-08-27 23:00:00+00:00,6.0421,5.2223,6.4077,13.6712,46.1388
2024-08-28 00:00:00+00:00,13.8186,10.5471,11.9740,30.9583,53.8310
2024-08-28 01:00:00+00:00,38.1029,42.9835,49.1624,90.9428,74.7004
2024-08-28 02:00:00+00:00,48.4654,58.1889,60.9748,167.5084,79.1987
2024-08-28 03:00:00+00:00,50.6884,54.5422,79.6789,113.0250,78.6535
2024-08-28 04:00:00+00:00,77.8178,99.7367,105.2123,213.1478,79.8556
2024-08-28 05:00:00+00:00,76.9981,98.7366,104.2896,211.5074,78.9888
2024-08-28 06:00:00+00:00,79.7832,86.0985,98.4194,207.5056,78.6242
2024-08-28 07:00:00+00:00,79.9338,97.0531,102.9709,213.5369,60.5287
2024-08-28 08:00:00+00:00,79.3177,96.7693,102.0338,213.0207,26.0132
2024-08-28 09:00:00+00:00,77.7342,78.0064,84.7730,191.5291,22.6620
2024-08-28 10:00:00+00:00,40.6410,32.8282,33.5417,112.2054,9.6903
2024-08-28 11:00:00+00:00,42.4812,36.1370,43.5152,103.1700,17.3085
2024-08-28 12:00:00+00:00,29.6973,29.2877,30.7946,76.7560,22.9358
2024-08-28 13:00:00+00:00,4.2282,2.1605,3.4063,7.6313,12.7780
2024-08-28 14:00:00+00:00,1.4208,1.3754,0.9015,5.8653,10.4255
2024-08-28 15:00:00+00:00,1.6192,1.7019,1.7740,4.2709,11.2462
2024-08-28 16:00:00+00:00,0.6395,0.0285,0.0272,0.3281,5.0987
2024-08-28 17:00:00+00:00,0.0000,0.0000,0.0000,0.0000,3.6278
2024-08-28 18:00:00+00:00,0.5835,0.0443,0.0000,0.6400,2.9480
2024-08-28 19:00:00+00:00,0.0283,0.0000,0.0000,0.6014,3.8687
2024-08-28 20:00:00+00:00,0.0000,0.0000,0.0000,0.0000,4.6051
2024-08-28 21:00:00+00:00,1.1973,0.1747,0.5723,0.4679,6.9383
2024-08-28 22:00:00+00:00,1.1122,0.0625,0.2193,0.6569,5.8868
2024-08-28 23:00:00+00:00,0.0063,0.0000,0.0000,0.1796,7.3640
2024-08-29 00:00:00+00:00,0.1340,0.0000,0.0033,0.0000,13.9066
2024-08-29 01:00:00+00:00,0.0000,0.0000,0.0000,0.0000,6.7018
2024-08-29 02:00:00+00:00,2.5367,0.7925,2.2494,3.2250,6.4107
2024-08-29 03:00:00+00:00,3.7010,1.8354,3.4126,4.8959,11.0183
2024-08-29 04:00:00+00:00,1.6849,2.9492,5.1021,2.1063,7.4745
2024-08-29 05:00:00+00:00,9.5092,15.9699,22.7578,23.5573,7.0743
2024-08-29 06:00:00+00:00,5.7662,11.7524,12.4153,25.8029,1.6046
2024-08-29 07:00:00+00:00,8.9983,14.8135,20.3364,26.1338,4.5669
2024-08-29 08:00:00+00:00,13.9086,19.3371,23.3645,40.1620,6.6897
2024-08-29 09:00:00+00:00,11.1602,15.1678,18.7320,29.4617,3.3691
2024-08-29 10:00:00+00:00,6.7351,8.8917,10.1963,18.6454,2.7794
2024-08-29 11:00:00+00:00,5.0613,7.3639,8.3593,15.3564,1.6313
2024-08-29 12:00:00+00:00,6.3281,8.4665,9.8547,16.0095,0.5717
2024-08-29 13:00:00+00:00,4.6816,5.5201,6.9024,10.2280,0.0263
2024-08-29 14:00:00+00:00,4.4657,4.6197,6.0029,8.3397,0.0000
2024-08-29 15:00:00+00:00,3.0036,2.8987,3.8348,4.9273,0.0000
2024-08-29 16:00:00+00:00,0.9245,0.2311,0.5316,0.4836,0.0000
2024-08-29 17:00:00+00:00,1.4075,1.1586,1.6264,2.2159,0.0000
2024-08-29 18:00:00+00:00,0.5725,0.1838,0.4091,0.5006,0.0000
2024-08-29 19:00:00+00:00,0.6962,0.2264,0.6502,0.5099,0.5504
2024-08-29 20:00:00+00:00,2.3565,2.6321,3.0285,5.0613,0.0000
2024-08-29 21:00:00+00:00,4.4278,5.0083,5.8552,10.0527,0.0000
2024-08-29 22:00:00+00:00,2.8941,3.1795,3.9145,6.4728,0.0000
2024-08-29 23:00:00+00:00,5.8083,7.0137,8.0230,15.7317,11.1673
2024-08-30 00:00:00+00:00,8.0238,12.9391,14.2872,28.3955,6.6160
2024-08-30 01:00:00+00:00,10.6692,15.9004,21.4231,27.7190,0.0795
2024-08-30 02:00:00+00:00,16.2418,21.8918,29.9549,40.2968,0.0000
2024-08-30 03:00:00+00:00,9.9817,19.6404,23.6450,36.1730,2.2040
2024-08-30 04:00:00+00:00,6.9717,18.6136,19.3545,31.5853,34.1803
2024-08-30 05:00:00+00:00,7.1232,19.4022,16.7640,45.3403,27.7879
2024-08-30 06:00:00+00:00,10.3805,21.0675,21.3672,42.6063,24.7571
2024-08-30 07:00:00+00:00,9.6309,14.4557,21.8607,34.1902,36.9842
2024-08-30 08:00:00+00:00,16.1922,15.5223,29.1095,25.9170,43.1509
2024-08-30 09:00:00+00:00,17.3313,21.0517,22.2577,40.4246,32.3272
2024-08-30 10:00:00+00:00,32.8053,46.8947,46.6058,100.8228,27.5668
2024-08-30 11:00:00+00:00,19.5109,21.2230,25.0403,42.9057,23.3693
2024-08-30 12:00:00+00:00,11.3133,9.2454,11.6631,18.4644,28.0796
2024-08-30 13:00:00+00:00,3.5743,1.4493,4.8791,2.5949,47.6518
2024-08-30 14:00:00+00:00,4.2715,2.3679,5.3741,3.1614,68.0990
2024-08-30 15:00:00+00:00,4.8043,1.5847,2.6654,3.0012,72.1761
2024-08-30 16:00:00+00:00,1.2640,0.0670,0.0125,0.6890,56.1391
2024-08-30 17:00:00+00:00,0.1549,0.0016,0.0000,0.0379,56.7496
2024-08-30 18:00:00+00:00,0.0000,0.0000,0.0000,0.0000,44.2143
2024-08-30 19:00:00+00:00,0.0201,0.0000,0.0000,0.0000,38.5975
2024-08-30 20:00:00+00:00,1.1311,0.0388,0.0516,1.5064,44.7812
2024-08-30 21:00:00+00:00,5.9261,2.1817,4.4938,6.1588,44.5899
2024-08-30 22:00:00+00:00,12.2601,8.0190,9.6445,22.0257,50.2296
2024-08-30 23:00:00+00:00,29.8386,20.5484,22.2171,58.7864,51.2187
2024-08-31 00:00:00+00:00,36.4348,31.6794,36.3449,71.3544,63.4539
2024-08-31 01:00:00+00:00,66.0849,66.2672,74.7297,134.2732,76.3253
2024-08-31 02:00:00+00:00,76.9958,89.1241,91.3477,188.9147,77.9479
2024-08-31 03:00:00+00:00,77.9707,94.8762,90.4920,200.9284,77.9386
2024-08-31 04:00:00+00:00,79.5622,94.5947,97.9695,207.9297,75.7122
2024-08-31 05:00:00+00:00,79.8100,91.3947,101.1802,188.6182,69.1361
2024-08-31 06:00:00+00:00,80.0424,97.6763,103.0249,211.5318,65.4276
2024-08-31 07:00:00+00:00,77.0518,91.0343,88.7280,191.1539,64.2923
2024-08-31 08:00:00+00:00,78.5537,88.9048,94.8340,191.0119,66.1007
2024-08-31 09:00:00+00:00,69.3190,44.0439,55.1781,133.2083,71.7552
2024-08-31 10:00:00+00:00,75.6035,70.1736,75.8432,167.4797,72.2103
2024-08-31 11:00:00+00:00,80.0983,89.5615,84.9897,201.7197,49.0949
2024-08-31 12:00:00+00:00,68.2271,41.5161,63.0641,126.6169,63.5341
2024-08-31 13:00:00+00:00,54.3339,55.1767,72.3035,135.3161,49.5675
2024-08-31 14:00:00+00:00,37.7356,39.1233,45.3475,89.5528,56.9637
2024-08-31 15:00:00+00:00,38.8357,41.0151,42.6140,106.4878,79.0572
2024-08-31 16:00:00+00:00,17.1942,16.6978,21.3526,32.9103,62.8145
2024-08-31 17:00:00+00:00,30.0341,18.0247,16.5879,57.4089,60.9116
2024-08-31 18:00:00+00:00,10.3677,2.9990,4.3154,14.6368,54.0865
2024-08-31 19:00:00+00:00,23.6357,21.5573,27.3404,47.0103,45.8777
2024-08-31 20:00:00+00:00,38.3876,27.7330,38.5274,67.7718,56.6705
2024-08-31 21:00:00+00:00,15.2830,5.4225,6.1221,23.5003,39.6463
2024-08-31 22:00:00+00:00,50.4361,33.3582,41.0633,103.4851,34.6879
2024-08-31 23:00:00+00:00,21.8509,14.2609,18.8835,42.6969,37.4148
2024-09-01 00:00:00+00:00,20.7739,23.9506,26.2012,48.2050,42.3842
2024-09-01 01:00:00+00:00,19.9620,27.6912,27.6642,77.0230,29.5323
2024-09-01 02:00:00+00:00,16.0645,17.0358,18.2529,52.2282,42.8262
2024-09-01 03:00:00+00:00,10.5198,14.0817,14.6546,45.1248,35.7066
2024-09-01 04:00:00+00:00,11.4457,13.2631,15.3802,37.3144,31.0641
2024-09-01 05:00:00+00:00,35.1724,38.6785,39.1915,93.9187,27.7290
2024-09-01 06:00:00+00:00,10.4124,13.8029,15.5735,33.7205,44.3169
2024-09-01 07:00:00+00:00,13.6615,16.1233,15.6754,52.2217,37.4824
2024-09-01 08:00:00+00:00,25.5975,27.7946,29.4618,75.9594,39.3247
2024-09-01 09:00:00+00:00,26.5121,29.2581,35.1223,71.4857,35.9013
2024-09-01 10:00:00+00:00,10.4123,10.1442,23.3207,20.4641,36.0073
2024-09-01 11:00:00+00:00,25.5268,28.8825,38.6121,60.9515,25.8937
2024-09-01 12:00:00+00:00,31.5136,34.8451,40.7235,81.2834,29.9387
2024-09-01 13:00:00+00:00,31.1909,34.4409,40.4671,72.1421,26.2181
2024-09-01 14:00:00+00:00,38.7039,41.3393,42.4131,96.7176,70.5900
2024-09-01 15:00:00+00:00,40.0722,41.5191,44.0203,95.7570,72.6597
2024-09-01 16:00:00+00:00,51.0054,58.0103,59.1699,139.3960,75.0414
2024-09-01 17:00:00+00:00,39.4831,49.3798,49.2447,128.6784,79.0531
2024-09-01 18:00:00+00:00,63.3073,80.5328,87.9923,190.5473,77.9872
2024-09-01 19:00:00+00:00,75.0101,84.8003,92.7840,202.7601,78.2678
2024-09-01 20:00:00+00:00,42.9295,63.8637,66.1324,140.0918,76.9758
2024-09-01 21:00:00+00:00,12.0229,10.2503,12.5895,46.6929,59.6481
2024-09-01 22:00:00+00:00,7.6652,7.8198,7.8821,24.2318,35.6035
2024-09-01 23:00:00+00:00,0.8453,1.6173,1.5102,10.4521,46.5844
2024-09-02 00:00:00+00:00,3.6090,2.1187,3.1069,9.2062,70.3493
2024-09-02 01:00:00+00:00,5.8181,7.2695,5.7479,23.5930,49.7368
2024-09-02 02:00:00+00:00,3.0452,2.4772,1.4130,10.9565,22.5513
2024-09-02 03:00:00+00:00,6.2030,9.6002,9.7270,16.6059,7.1089
2024-09-02 04:00:00+00:00,1.3370,0.0371,0.0000,2.5724,2.5942
2024-09-02 05:00:00+00:00,3.1356,1.9024,1.1434,11.5299,4.0204
2024-09-02 06:00:00+00:00,4.5764,4.5943,4.1708,16.1639,3.0535
2024-09-02 07:00:00+00:00,4.1588,4.0447,3.7344,16.5625,9.7020
2024-09-02 08:00:00+00:00,1.3367,0.3186,0.0000,7.7667,20.7898
2024-09-02 09:00:00+00:00,13.6971,14.8298,15.1793,46.2980,19.3702
2024-09-02 10:00:00+00:00,14.4581,14.2925,14.0708,47.9222,8.5269
2024-09-02 11:00:00+00:00,7.8049,8.3557,7.2493,30.1421,5.7242
2024-09-02 12:00:00+00:00,4.9489,4.7678,4.6026,16.7225,14.2383
2024-09-02 13:00:00+00:00,5.2567,4.1184,4.1346,13.8248,14.7972
2024-09-02 14:00:00+00:00,8.3885,6.7378,7.3416,20.3534,12.8249
2024-09-02 15:00:00+00:00,20.0307,21.4370,23.5488,50.9559,12.0980
2024-09-02 16:00:00+00:00,10.7148,13.1892,14.3545,32.9992,14.8389
2024-09-02 17:00:00+00:00,17.4216,18.8796,19.0661,46.8873,26.5276
2024-09-02 18:00:00+00:00,36.0421,39.8551,43.2804,93.3770,32.7705
2024-09-02 19:00:00+00:00,37.5952,44.1097,45.4642,116.5905,29.4230
2024-09-02 20:00:00+00:00,30.3697,30.0167,32.6626,76.1633,29.4556
2024-09-02 21:00:00+00:00,23.1341,20.5332,21.9199,57.4846,22.3073
2024-09-02 22:00:00+00:00,13.4373,12.9718,13.7057,33.1520,9.6844
2024-09-02 23:00:00+00:00,7.3395,5.4737,8.0181,15.5675,5.9813
2024-09-03 00:00:00+00:00,9.3683,10.2822,10.3046,29.3233,10.3550
2024-09-03 01:00:00+00:00,13.6379,15.1969,14.1885,46.0739,22.0156
2024-09-03 02:00:00+00:00,7.2151,8.5356,7.5358,32.2876,17.8673
2024-09-03 03:00:00+00:00,8.9486,10.5647,10.0805,32.6961,13.4770
2024-09-03 04:00:00+00:00,11.5487,17.4568,16.9405,44.4087,16.7412
2024-09-03 05:00:00+00:00,17.4150,19.6453,20.7991,57.5770,8.6975
2024-09-03 06:00:00+00:00,20.0312,21.0718,20.5459,70.3831,26.2134
2024-09-03 07:00:00+00:00,19.1995,19.2200,18.5515,62.6943,10.0918
2024-09-03 08:00:00+00:00,10.3778,11.2233,10.5336,36.9383,10.0522
2024-09-03 09:00:00+00:00,10.5889,13.7742,13.6048,40.9494,16.6476
2024-09-03 10:00:00+00:00,16.5894,18.6825,17.7374,58.5248,9.5502
2024-09-03 11:00:00+00:00,9.0480,9.5378,8.9360,29.8211,9.6407
2024-09-03 12:00:00+00:00,3.1452,5.0658,4.9362,12.5363,20.5164
2024-09-03 13:00:00+00:00,2.2055,2.8345,1.7729,11.0132,10.3186
2024-09-03 14:00:00+00:00,8.9432,7.9586,8.5961,21.7814,9.8216
2024-09-03 15:00:00+00:00,8.9714,10.4003,11.1176,24.8605,11.6371
2024-09-03 16:00:00+00:00,10.7351,9.6379,10.2266,29.0106,17.6299
2024-09-03 17:00:00+00:00,20.3393,24.6604,27.6757,55.5313,11.1162
2024-09-03 18:00:00+00:00,23.8553,24.1133,25.5363,60.1952,11.6667
2024-09-03 19:00:00+00:00,22.8666,22.7019,23.5194,59.1350,24.3526
2024-09-03 20:00:00+00:00,17.1656,17.4860,17.1771,48.8173,31.4117
2024-09-03 21:00:00+00:00,15.1135,15.3678,18.2740,38.6426,23.4337
2024-09-03 22:00:00+00:00,11.3615,12.7896,11.8433,33.5552,17.5026
2024-09-03 23:00:00+00:00,8.1051,10.2568,8.9840,27.8216,33.2854
2024-09-04 00:00:00+00:00,23.7730,26.4028,25.5396,87.2434,38.2882
2024-09-04 01:00:00+00:00,21.4944,25.3738,24.8305,73.0230,35.7759
2024-09-04 02:00:00+00:00,36.5610,51.6308,49.9240,122.6797,27.5198
2024-09-04 03:00:00+00:00,46.8732,57.3237,58.2802,162.7876,17.5326
2024-09-04 04:00:00+00:00,27.9795,33.7634,32.5748,104.2046,14.5510
2024-09-04 05:00:00+00:00,24.8346,32.6786,30.5110,98.5744,14.7695
2024-09-04 06:00:00+00:00,32.3482,38.5544,36.3176,117.3674,14.0321
2024-09-04 07:00:00+00:00,32.8790,36.4861,34.4616,115.5013,15.6432
2024-09-04 08:00:00+00:00,21.1701,24.4113,23.1757,84.0532,11.6674
2024-09-04 09:00:00+00:00,22.3446,24.5720,19.1030,93.2789,7.9302
2024-09-04 10:00:00+00:00,12.8275,15.5526,10.3112,66.4240,10.5372
2024-09-04 11:00:00+00:00,2.7634,4.7360,2.9917,22.9916,8.5653
2024-09-04 12:00:00+00:00,5.4341,7.5544,6.8741,21.6258,4.4804
2024-09-04 13:00:00+00:00,8.9091,5.5359,5.3841,12.3091,1.1773
2024-09-04 14:00:00+00:00,6.6365,7.0358,7.4513,17.0913,0.0000
2024-09-04 15:00:00+00:00,4.3716,5.4678,5.5105,12.4490,0.0000
2024-09-04 16:00:00+00:00,2.7854,5.1015,4.9996,10.7470,0.2951
2024-09-04 17:00:00+00:00,3.2885,5.9215,5.1206,14.2839,0.8474
2024-09-04 18:00:00+00:00,2.3119,3.2804,2.9139,9.1554,0.0000
2024-09-04 19:00:00+00:00,0.7215,0.3662,0.1731,1.1523,0.0332
2024-09-04 20:00:00+00:00,0.0565,0.0025,0.0000,0.0919,0.0980
2024-09-04 21:00:00+00:00,0.6584,1.0903,1.1577,1.0389,0.2593
2024-09-04 22:00:00+00:00,0.0000,0.0000,0.0000,0.0058,0.0710
2024-09-04 23:00:00+00:00,0.0000,0.0000,0.0000,0.0577,2.9481
2024-09-05 00:00:00+00:00,0.0000,0.0000,0.0000,0.0000,0.0000
2024-09-05 01:00:00+00:00,0.0000,0.0000,0.0000,0.0000,0.0731
2024-09-05 02:00:00+00:00,4.0541,3.8644,3.7509,12.7167,10.0332
2024-09-05 03:00:00+00:00,6.5579,7.3520,6.7298,19.2500,31.4954
2024-09-05 04:00:00+00:00,7.3078,7.3826,6.1482,20.6554,34.6118
2024-09-05 05:00:00+00:00,9.4581,6.6504,7.9870,14.5547,32.9658
2024-09-05 06:00:00+00:00,26.5528,17.8319,21.0857,41.9157,27.6543
2024-09-05 07:00:00+00:00,28.6184,38.5864,34.4771,107.7796,30.8645
2024-09-05 08:00:00+00:00,26.2467,26.9069,25.2805,73.5841,26.7694
2024-09-05 09:00:00+00:00,26.5842,28.5948,24.6748,75.5097,48.2788
2024-09-05 10:00:00+00:00,27.8206,27.7182,24.0980,79.0396,32.4556
2024-09-05 11:00:00+00:00,23.8386,30.4744,28.2174,79.9716,34.8154
2024-09-05 12:00:00+00:00,23.8868,25.9253,23.7429,66.8790,33.1681
2024-09-05 13:00:00+00:00,10.5788,16.0803,14.4329,35.8174,11.5073
2024-09-05 14:00:00+00:00,5.7760,5.5912,5.8187,13.8115,10.7904
2024-09-05 15:00:00+00:00,1.6951,1.0254,1.9449,1.9734,9.6791
2024-09-05 16:00:00+00:00,1.2948,1.1798,2.1235,1.5732,8.4381
2024-09-05 17:00:00+00:00,2.4182,1.4227,2.6692,3.1457,14.2866
2024-09-05 18:00:00+00:00,2.3701,1.1444,1.7676,3.6680,22.9767
2024-09-05 19:00:00+00:00,3.5423,1.9271,2.8755,6.1453,22.4519
2024-09-05 20:00:00+00:00,4.6916,4.4217,4.3883,12.1690,22.6994
2024-09-05 21:00:00+00:00,3.1968,5.5961,5.4357,13.1725,20.7080
2024-09-05 22:00:00+00:00,4.2633,2.5227,2.6413,14.0116,17.7613
2024-09-05 23:00:00+00:00,8.7837,9.3608,8.4792,30.3278,14.2088
2024-09-06 00:00:00+00:00,12.8991,16.9544,20.7700,34.7951,13.9110
2024-09-06 01:00:00+00:00,25.4504,19.9918,18.8287,61.2567,30.3936
2024-09-06 02:00:00+00:00,43.9618,44.1075,38.1254,128.9038,42.0462
2024-09-06 03:00:00+00:00,42.7735,49.3389,43.8406,120.6155,31.9369
2024-09-06 04:00:00+00:00,64.6812,78.3715,68.9087,179.0382,47.5981
2024-09-06 05:00:00+00:00,64.1318,68.3402,57.1201,176.3582,38.8158
2024-09-06 06:00:00+00:00,63.4366,66.2110,56.9632,168.7397,44.0167
2024-09-06 07:00:00+00:00,71.1569,80.5297,65.0599,200.8962,40.1942
2024-09-06 08:00:00+00:00,74.3134,94.3882,79.7783,204.8074,54.7033
2024-09-06 09:00:00+00:00,70.1324,78.4448,60.2454,197.7584,61.3645
2024-09-06 10:00:00+00:00,54.0556,59.0128,46.5188,156.5548,56.8802
2024-09-06 11:00:00+00:00,45.2175,53.8668,49.2798,135.4148,58.4114
2024-09-06 12:00:00+00:00,45.9646,52.0241,48.1790,124.3890,61.3286
2024-09-06 13:00:00+00:00,24.3820,28.6835,28.8795,50.1174,55.0781
2024-09-06 14:00:00+00:00,11.6005,14.1237,18.4353,17.7766,53.3553
2024-09-06 15:00:00+00:00,8.7292,11.1446,17.1398,12.8638,37.0060
2024-09-06 16:00:00+00:00,7.3703,5.2833,9.1003,11.4217,33.2027
2024-09-06 17:00:00+00:00,7.4177,4.9713,5.6146,12.1731,21.4955
2024-09-06 18:00:00+00:00,6.3001,4.2829,8.2269,9.3185,28.6488
2024-09-06 19:00:00+00:00,6.2930,5.2543,7.3980,10.4942,31.5641
2024-09-06 20:00:00+00:00,5.5617,3.8444,5.6958,9.6688,26.6737
2024-09-06 21:00:00+00:00,7.6984,5.7822,7.2653,13.2669,29.5019
2024-09-06 22:00:00+00:00,9.4335,6.7326,7.6698,17.9492,11.3196
2024-09-06 23:00:00+00:00,17.3287,19.1583,21.1023,38.9576,22.9675
2024-09-07 00:00:00+00:00,13.0105,11.0523,12.6581,24.7301,10.7222
2024-09-07 01:00:00+00:00,10.8472,9.6393,8.7224,36.9902,45.9258
2024-09-07 02:00:00+00:00,10.0492,7.0264,8.5472,23.5611,46.3455
2024-09-07 03:00:00+00:00,39.7578,46.9628,46.6314,112.6167,44.8725
2024-09-07 04:00:00+00:00,41.0434,58.1751,53.3821,139.5101,62.0720
2024-09-07 05:00:00+00:00,33.6323,44.4943,45.2691,94.8650,48.7751
2024-09-07 06:00:00+00:00,56.0987,73.3759,67.1548,152.1812,42.5623
2024-09-07 07:00:00+00:00,70.4379,88.7542,78.4356,191.4244,12.7155
2024-09-07 08:00:00+00:00,62.8850,77.1425,65.9232,181.0276,11.7391
2024-09-07 09:00:00+00:00,66.5012,72.2773,54.8044,180.9875,31.8783
2024-09-07 10:00:00+00:00,69.4189,80.5457,67.2575,185.3718,69.3200
2024-09-07 11:00:00+00:00,73.4818,89.2934,82.2722,196.9747,78.5259
2024-09-07 12:00:00+00:00,68.3859,78.0533,74.1004,131.2500,72.9653
2024-09-07 13:00:00+00:00,38.9762,36.9061,43.9900,57.2705,24.8813
2024-09-07 14:00:00+00:00,41.2763,21.1853,30.5246,51.6010,10.4980
2024-09-07 15:00:00+00:00,35.9906,19.9821,31.0441,42.6942,0.0000
2024-09-07 16:00:00+00:00,32.5222,32.9698,45.0562,67.6176,15.2154
2024-09-07 17:00:00+00:00,22.9392,21.2586,20.2090,50.5435,28.4800
2024-09-07 18:00:00+00:00,5.2291,9.2090,4.9392,34.8764,29.9452
2024-09-07 19:00:00+00:00,3.5938,2.6167,4.8803,10.8147,54.4773
2024-09-07 20:00:00+00:00,1.4741,0.1943,0.2605,2.3151,79.5964
2024-09-07 21:00:00+00:00,5.1660,1.4701,2.4359,8.0207,79.6196
2024-09-07 22:00:00+00:00,14.2466,12.8788,13.1277,40.5179,77.8359
2024-09-07 23:00:00+00:00,22.4166,24.0456,34.1131,64.9959,56.2079
2024-09-08 00:00:00+00:00,15.9721,32.8131,34.0213,53.7908,58.2230
2024-09-08 01:00:00+00:00,4.9080,3.9758,4.5376,11.4225,35.9566
2024-09-08 02:00:00+00:00,18.6619,24.2984,27.1763,52.0199,75.0186
2024-09-08 03:00:00+00:00,31.9386,36.6398,39.2042,88.6374,40.3792
2024-09-08 04:00:00+00:00,21.6945,22.0051,22.0981,62.1781,43.1417
2024-09-08 05:00:00+00:00,23.8815,31.2039,30.9706,88.5689,18.3147
2024-09-08 06:00:00+00:00,45.0276,49.0346,53.9346,109.0108,20.8861
2024-09-08 07:00:00+00:00,49.5716,47.7953,55.4755,109.3902,34.6605
2024-09-08 08:00:00+00:00,56.2814,61.7854,57.4056,166.7327,55.3635
2024-09-08 09:00:00+00:00,49.4108,55.2356,50.5988,151.9739,53.5826
2024-09-08 10:00:00+00:00,46.5506,46.0930,45.8416,124.8907,67.3136
2024-09-08 11:00:00+00:00,38.1525,52.4153,50.5921,113.5268,44.2137
2024-09-08 12:00:00+00:00,35.5760,32.1919,35.7545,81.2246,27.5242
2024-09-08 13:00:00+00:00,61.8529,69.6824,79.1126,153.7490,11.5793
2024-09-08 14:00:00+00:00,73.5847,82.8786,87.0084,194.8727,46.6527
2024-09-08 15:00:00+00:00,54.5964,56.5668,62.1108,152.8211,73.1156
2024-09-08 16:00:00+00:00,78.5770,96.0517,102.4827,209.1505,79.9000
2024-09-08 17:00:00+00:00,78.4271,97.6950,104.3588,207.5168,78.4758
2024-09-08 18:00:00+00:00,79.7582,97.9378,103.6783,212.5956,79.6918
2024-09-08 19:00:00+00:00,78.3484,96.3717,102.3754,208.2991,79.2551
2024-09-08 20:00:00+00:00,77.2734,95.4969,100.9613,206.9306,78.4122
2024-09-08 21:00:00+00:00,78.7171,97.2193,102.9825,210.4079,79.4552
2024-09-08 22:00:00+00:00,65.0812,70.2501,78.4089,167.6879,72.5835
2024-09-08 23:00:00+00:00,66.0714,78.6625,78.5223,196.8013,69.4002
2024-09-09 00:00:00+00:00,51.5889,70.7572,69.9957,173.8930,42.8744
2024-09-09 01:00:00+00:00,79.2640,96.5729,102.8623,211.1108,21.1094
2024-09-09 02:00:00+00:00,81.0000,100.1821,105.9646,214.9887,56.0775
2024-09-09 03:00:00+00:00,78.2983,85.9831,85.9787,209.8778,38.0325
2024-09-09 04:00:00+00:00,80.2755,78.0451,94.8166,205.9175,53.8172
2024-09-09 05:00:00+00:00,73.6971,73.1423,69.1726,205.9444,74.8838
2024-09-09 06:00:00+00:00,76.7014,80.5246,83.4476,206.7112,72.7620
2024-09-09 07:00:00+00:00,61.9632,69.8497,78.6850,187.9783,43.8967
2024-09-09 08:00:00+00:00,57.7909,74.9640,71.9739,190.5725,54.8838
2024-09-09 09:00:00+00:00,42.4672,50.5361,51.2967,140.7591,59.6325
2024-09-09 10:00:00+00:00,49.7505,55.8190,56.6531,153.7230,63.3364
2024-09-09 11:00:00+00:00,34.0305,36.9784,39.3206,100.5856,52.6929
2024-09-09 12:00:00+00:00,25.4852,25.8329,25.5921,76.2688,37.6397
2024-09-09 13:00:00+00:00,21.5305,21.0866,22.2093,56.7884,28.6232
2024-09-09 14:00:00+00:00,14.5755,15.1745,16.1847,41.2968,28.3940
2024-09-09 15:00:00+00:00,29.1866,31.0693,37.6934,61.8787,45.1998
2024-09-09 16:00:00+00:00,32.6207,32.4336,37.4454,71.6806,63.6846
2024-09-09 17:00:00+00:00,25.9930,27.3268,29.0765,68.8218,63.9740
2024-09-09 18:00:00+00:00,33.4996,31.1379,35.4299,70.6540,70.0428
2024-09-09 19:00:00+00:00,15.4286,17.7351,17.8676,51.8477,25.4000
2024-09-09 20:00:00+00:00,26.8940,20.8909,28.3477,50.8918,11.5066
2024-09-09 21:00:00+00:00,16.3599,14.1348,18.2163,35.1826,2.3831
2024-09-09 22:00:00+00:00,8.6958,10.8667,10.5583,27.1652,9.4800
2024-09-09 23:00:00+00:00,14.3340,16.2127,15.9543,44.1042,11.2293
2024-09-10 00:00:00+00:00,14.6004,12.2876,12.9118,40.7530,30.9313
2024-09-10 01:00:00+00:00,13.5961,13.2518,13.4206,44.6609,13.8235
2024-09-10 02:00:00+00:00,8.3277,11.2541,9.0559,38.2151,9.0356
2024-09-10 03:00:00+00:00,12.5755,15.3061,13.4509,48.6479,16.8599
2024-09-10 04:00:00+00:00,9.0995,8.5811,7.9003,34.6177,10.3329
2024-09-10 05:00:00+00:00,6.8680,5.8411,6.1608,23.4426,3.4092
2024-09-10 06:00:00+00:00,8.7417,9.5494,9.0302,37.3222,17.0751
2024-09-10 07:00:00+00:00,10.6298,11.1461,12.1915,36.9031,14.0275
2024-09-10 08:00:00+00:00,4.9949,4.7385,3.5368,19.2447,5.5008
2024-09-10 09:00:00+00:00,17.3532,17.0797,19.0222,46.0553,0.1933
2024-09-10 10:00:00+00:00,9.3115,9.7882,9.5808,29.4205,0.0000
2024-09-10 11:00:00+00:00,13.4184,12.8102,11.7797,44.3683,0.3253
2024-09-10 12:00:00+00:00,5.9612,6.4018,6.1222,19.8058,0.0000
2024-09-10 13:00:00+00:00,5.4133,8.3060,7.3085,23.1163,0.0000
2024-09-10 14:00:00+00:00,7.5781,8.7965,7.7239,27.9176,0.0620
2024-09-10 15:00:00+00:00,17.1547,17.8981,16.9790,51.4292,6.3631
2024-09-10 16:00:00+00:00,20.2031,22.5408,22.7351,57.0474,10.3849
2024-09-10 17:00:00+00:00,33.0799,32.9233,34.3409,89.3126,13.3633
2024-09-10 18:00:00+00:00,42.9290,45.5999,46.8752,115.4284,16.5396
2024-09-10 19:00:00+00:00,44.4806,45.2761,46.1889,123.3258,19.9877
2024-09-10 20:00:00+00:00,31.1913,29.2809,32.6219,76.0388,26.1700
2024-09-10 21:00:00+00:00,29.8269,29.9272,30.2108,83.5839,18.9320
2024-09-10 22:00:00+00:00,12.7054,11.9254,11.7962,39.9037,16.0794
2024-09-10 23:00:00+00:00,9.6014,12.5935,9.7098,41.6194,20.3722
2024-09-11 00:00:00+00:00,9.7758,7.9196,6.6746,34.7754,21.4105
2024-09-11 01:00:00+00:00,11.5658,8.4081,8.8388,31.6738,21.8287
2024-09-11 02:00:00+00:00,11.6656,10.7452,7.7691,47.2169,16.1587
2024-09-11 03:00:00+00:00,13.2015,19.5056,20.3272,44.5758,10.0268
2024-09-11 04:00:00+00:00,10.5005,13.7821,12.7350,42.0414,14.8574
2024-09-11 05:00:00+00:00,10.7928,15.4611,13.7283,48.2448,25.0272
2024-09-11 06:00:00+00:00,15.4536,19.6814,17.8773,58.1676,9.2871
2024-09-11 07:00:00+00:00,18.8043,24.3822,23.0796,76.6886,8.1584
2024-09-11 08:00:00+00:00,21.3330,25.7556,22.8985,85.9229,11.1201
2024-09-11 09:00:00+00:00,22.3980,28.4220,25.3721,89.8346,9.7209
2024-09-11 10:00:00+00:00,15.8876,21.0003,18.7912,67.0118,3.0630
2024-09-11 11:00:00+00:00,13.9292,18.9079,14.9810,67.1729,4.4356
2024-09-11 12:00:00+00:00,10.3180,13.7444,10.6029,48.0356,0.9668
2024-09-11 13:00:00+00:00,3.0940,4.3175,2.7503,15.3196,0.0764
2024-09-11 14:00:00+00:00,1.4241,2.3992,2.2334,6.2379,0.0511
2024-09-11 15:00:00+00:00,1.2813,2.3195,2.5194,4.4367,0.0000
2024-09-11 16:00:00+00:00,2.1391,2.5951,2.9753,6.2122,0.9911
2024-09-11 17:00:00+00:00,2.2571,3.0662,3.4117,5.6343,0.0000
2024-09-11 18:00:00+00:00,4.8912,7.5243,7.7417,15.2593,0.0000
2024-09-11 19:00:00+00:00,5.7699,7.9986,7.1935,20.7188,0.0000
2024-09-11 20:00:00+00:00,1.7145,2.7786,2.2734,7.6772,0.0000
2024-09-11 21:00:00+00:00,0.0000,0.2881,0.0752,1.4948,0.0000
2024-09-11 22:00:00+00:00,0.0000,0.0000,0.0000,0.0000,0.0000
2024-09-11 23:00:00+00:00,0.0000,0.0000,0.0000,0.0000,4.0438
2024-09-12 00:00:00+00:00,0.0000,0.0000,0.0000,0.3610,0.0000
2024-09-12 01:00:00+00:00,0.2133,1.8475,0.8394,7.4469,0.0000
2024-09-12 02:00:00+00:00,6.4467,6.1695,5.5373,17.3789,1.2592
2024-09-12 03:00:00+00:00,7.6069,9.8272,9.2164,26.4680,3.6212
2024-09-12 04:00:00+00:00,5.6768,6.9017,5.4314,26.1369,4.9584
2024-09-12 05:00:00+00:00,1.6180,2.1913,1.6455,6.4624,35.9885
2024-09-12 06:00:00+00:00,4.4045,6.6993,4.6992,18.1532,21.0567
2024-09-12 07:00:00+00:00,15.0791,15.2479,12.5441,39.6581,17.8762
2024-09-12 08:00:00+00:00,14.1409,16.7217,15.1330,44.9286,10.6736
2024-09-12 09:00:00+00:00,12.7507,15.4395,14.3846,40.6596,12.3537
2024-09-12 10:00:00+00:00,2.8447,3.2674,3.5882,8.0284,3.8989
2024-09-12 11:00:00+00:00,1.5396,2.3633,1.9790,6.0894,4.8048
2024-09-12 12:00:00+00:00,0.8834,0.5396,1.5967,1.0743,2.6259
2024-09-12 13:00:00+00:00,0.0039,0.0000,0.0000,0.0911,3.5463
2024-09-12 14:00:00+00:00,0.0000,0.0000,0.0000,0.0000,0.0379
2024-09-12 15:00:00+00:00,0.0000,0.0000,0.0000,0.0000,0.0000
2024-09-12 16:00:00+00:00,0.0000,0.0000,0.0000,0.0000,0.0000
2024-09-12 17:00:00+00:00,0.0000,0.0000,0.0000,0.0000,0.5422
2024-09-12 18:00:00+00:00,0.0000,0.0000,0.0000,0.0000,0.0000
2024-09-12 19:00:00+00:00,0.0000,0.0000,0.0000,0.0000,0.0000
2024-09-12 20:00:00+00:00,0.0000,0.0000,0.0000,0.0000,0.0000
2024-09-12 21:00:00+00:00,0.0000,0.0000,0.0000,0.0000,0.0000
2024-09-12 22:00:00+00:00,0.0000,0.0000,0.0000,0.0000,0.0000
2024-09-12 23:00:00+00:00,0.0000,0.0000,0.0000,0.0000,0.0000
2024-09-13 00:00:00+00:00,0.0000,0.0000,0.0000,0.4247,0.0000
2024-09-13 01:00:00+00:00,4.7778,4.0445,3.6895,11.4721,0.0045
2024-09-13 02:00:00+00:00,8.9161,7.8358,6.7539,24.3788,5.5953
2024-09-13 03:00:00+00:00,6.9209,4.1354,3.5663,16.7336,15.5995
2024-09-13 04:00:00+00:00,3.3725,2.2567,1.7244,9.5898,19.5707
2024-09-13 05:00:00+00:00,5.7073,7.6782,7.1770,21.6506,13.8559
2024-09-13 06:00:00+00:00,6.0235,3.4024,4.2288,12.7454,13.5544
2024-09-13 07:00:00+00:00,6.0062,7.3487,6.4517,26.2179,24.9075
2024-09-13 08:00:00+00:00,4.7056,5.1698,3.5574,24.1721,22.9098
2024-09-13 09:00:00+00:00,5.9092,5.7997,6.2149,16.2803,25.4661
2024-09-13 10:00:00+00:00,0.0000,0.0000,0.0000,0.0000,17.4982
2024-09-13 11:00:00+00:00,0.0000,0.0000,0.0000,0.0000,10.7850
2024-09-13 12:00:00+00:00,0.0295,0.0000,0.0000,0.1169,2.4436
2024-09-13 13:00:00+00:00,0.0000,0.0000,0.0000,0.0000,0.1152
2024-09-13 14:00:00+00:00,0.0000,0.0000,0.0000,0.0000,0.0000
2024-09-13 15:00:00+00:00,0.0000,0.0000,0.0000,0.0000,0.0000
2024-09-13 16:00:00+00:00,0.0000,0.0000,0.0000,0.0000,0.0000
2024-09-13 17:00:00+00:00,0.0000,0.0000,0.0000,0.0000,0.0000
2024-09-13 18:00:00+00:00,0.0000,0.0000,0.0000,0.0000,0.0000
2024-09-13 19:00:00+00:00,0.0145,0.0000,0.0000,0.0695,0.5586
2024-09-13 20:00:00+00:00,0.0000,0.0000,0.0000,0.0000,0.4034
2024-09-13 21:00:00+00:00,0.0000,0.0000,0.0000,0.0000,1.5031
2024-09-13 22:00:00+00:00,0.0000,0.0000,0.0000,0.0000,0.1686
2024-09-13 23:00:00+00:00,0.0000,0.0000,0.0000,0.0000,2.0597
2024-09-14 00:00:00+00:00,0.0000,0.0000,0.0000,0.0000,3.5192
2024-09-14 01:00:00+00:00,1.1029,0.4396,0.0000,5.2283,2.1079
2024-09-14 02:00:00+00:00,0.0449,0.0000,0.0000,2.7366,0.0000
2024-09-14 03:00:00+00:00,0.0013,0.0000,0.0000,1.9879,0.0000
2024-09-14 04:00:00+00:00,0.0000,0.0000,0.0000,0.0000,0.0000
2024-09-14 05:00:00+00:00,0.0000,0.0000,0.0000,0.0242,0.0000
2024-09-14 06:00:00+00:00,0.0000,0.0000,0.0000,0.0000,0.0000
2024-09-14 07:00:00+00:00,0.0000,0.0000,0.0000,0.0000,0.1344
2024-09-14 08:00:00+00:00,0.0306,0.0000,0.0190,0.0000,3.1298
2024-09-14 09:00:00+00:00,0.0000,0.0000,0.0000,0.0000,0.0000
2024-09-14 10:00:00+00:00,0.0000,0.0000,0.0000,0.0000,0.0000
2024-09-14 11:00:00+00:00,0.0000,0.0000,0.0000,0.0000,3.5239
2024-09-14 12:00:00+00:00,1.2639,0.1051,0.6087,0.5958,3.0630
2024-09-14 13:00:00+00:00,0.0000,0.0000,0.0000,0.0000,1.8618
2024-09-14 14:00:00+00:00,0.0000,0.0000,0.0000,0.0000,0.0000
2024-09-14 15:00:00+00:00,0.0000,0.0000,0.0000,0.0000,0.0000
2024-09-14 16:00:00+00:00,0.0000,0.0000,0.0000,0.0000,0.0000
2024-09-14 17:00:00+00:00,0.0000,0.0000,0.0000,0.0000,0.0000
2024-09-14 18:00:00+00:00,0.0000,0.0000,0.0000,0.0000,0.0000
2024-09-14 19:00:00+00:00,0.0000,0.0000,0.0000,0.0000,0.0000
2024-09-14 20:00:00+00:00,0.0000,0.0000,0.0000,0.0000,0.0741
2024-09-14 21:00:00+00:00,0.0000,0.0000,0.0000,0.0000,2.6623
2024-09-14 22:00:00+00:00,0.0099,0.0000,0.0000,0.0566,2.6058
2024-09-14 23:00:00+00:00,0.0305,0.0000,0.0225,0.0000,4.2808
2024-09-15 00:00:00+00:00,1.5528,1.8016,3.2507,1.9258,7.9173
2024-09-15 01:00:00+00:00,0.8971,2.1798,3.3082,1.3171,1.9219
2024-09-15 02:00:00+00:00,1.2821,4.7269,5.9546,4.0243,0.3399
2024-09-15 03:00:00+00:00,0.0000,0.7186,1.3442,0.0214,0.0000
2024-09-15 04:00:00+00:00,0.6851,3.4640,3.1691,6.1982,0.0000
2024-09-15 05:00:00+00:00,0.6580,3.3880,4.2365,5.2027,0.0000
2024-09-15 06:00:00+00:00,4.7118,5.9466,8.4664,9.1816,0.0000
2024-09-15 07:00:00+00:00,8.6048,8.4385,12.7053,9.9291,6.2865
2024-09-15 08:00:00+00:00,3.3850,4.4741,5.1707,10.1169,14.6261
2024-09-15 09:00:00+00:00,3.5588,5.3661,6.3363,10.8468,37.9552
2024-09-15 10:00:00+00:00,2.7492,4.6072,8.0559,7.2089,20.3059
2024-09-15 11:00:00+00:00,4.4038,4.5252,7.9271,6.0443,25.9793
2024-09-15 12:00:00+00:00,2.7036,3.7324,6.0257,6.1767,39.5231
2024-09-15 13:00:00+00:00,3.2340,3.3559,5.1902,7.2221,14.2291
2024-09-15 14:00:00+00:00,0.0000,0.0000,0.0000,0.0000,3.6048
2024-09-15 15:00:00+00:00,0.0000,0.0000,0.0000,0.0000,0.0000
2024-09-15 16:00:00+00:00,0.0000,0.0000,0.0000,0.0000,0.0000
2024-09-15 17:00:00+00:00,0.0000,0.0000,0.0000,0.0000,0.0027
2024-09-15 18:00:00+00:00,0.0000,1.8835,1.6771,3.2858,1.7789
2024-09-15 19:00:00+00:00,0.0000,0.0000,0.0000,0.0331,0.0000
2024-09-15 20:00:00+00:00,0.0000,0.0000,0.0000,0.0000,0.5055
2024-09-15 21:00:00+00:00,0.0000,0.0000,0.0000,0.0000,0.2612
2024-09-15 22:00:00+00:00,0.0000,0.0000,0.0000,0.0000,0.2630
2024-09-15 23:00:00+00:00,0.0000,0.0000,0.0000,0.2328,2.7106
2024-09-16 00:00:00+00:00,0.0000,0.3988,1.4000,0.0000,0.0000
2024-09-16 01:00:00+00:00,0.0000,1.6285,1.6596,2.1606,0.0000
2024-09-16 02:00:00+00:00,0.5707,0.4650,1.5058,1.7028,0.0000
2024-09-16 03:00:00+00:00,1.3221,1.2777,2.1948,1.0363,0.0051
2024-09-16 04:00:00+00:00,10.7120,13.5771,17.8244,29.6680,0.4576
2024-09-16 05:00:00+00:00,19.1874,22.6784,22.9358,54.8104,12.3569
2024-09-16 06:00:00+00:00,16.8703,18.9348,15.1406,57.2360,14.7039
2024-09-16 07:00:00+00:00,15.0937,19.4502,16.9912,59.0521,11.1588
2024-09-16 08:00:00+00:00,13.2828,16.4282,15.5449,51.2127,10.1050
2024-09-16 09:00:00+00:00,17.1746,21.8317,23.2481,59.3063,7.0976
2024-09-16 10:00:00+00:00,10.1769,12.9686,13.7295,35.9845,4.9207
2024-09-16 11:00:00+00:00,4.3945,4.4947,5.1059,10.3728,7.5118
2024-09-16 12:00:00+00:00,2.4556,2.4618,2.5826,4.5394,9.7766
2024-09-16 13:00:00+00:00,1.3917,0.2778,0.7123,0.6039,1.8778
2024-09-16 14:00:00+00:00,0.0000,0.0000,0.0000,0.0000,0.0000
2024-09-16 15:00:00+00:00,0.0000,0.0000,0.0000,0.0000,0.0000
2024-09-16 16:00:00+00:00,0.0831,0.7113,0.2673,1.8701,0.0000
2024-09-16 17:00:00+00:00,2.5229,2.7368,2.4609,7.9228,0.0000
2024-09-16 18:00:00+00:00,1.9169,3.0397,3.5429,5.6842,0.0000
2024-09-16 19:00:00+00:00,0.0024,0.0000,0.0081,0.1625,0.0000
2024-09-16 20:00:00+00:00,0.0023,0.7943,0.8048,2.3728,0.0000
2024-09-16 21:00:00+00:00,0.0000,0.0000,0.0000,0.0337,0.0000
2024-09-16 22:00:00+00:00,0.0000,0.0000,0.0000,0.0874,0.0000
2024-09-16 23:00:00+00:00,0.2521,0.0798,0.0000,4.9470,3.2493
2024-09-17 00:00:00+00:00,0.0000,0.0000,0.0000,2.0813,4.0084
2024-09-17 01:00:00+00:00,1.1190,1.0462,0.1102,8.4111,1.4946
2024-09-17 02:00:00+00:00,0.0065,0.0369,0.0000,3.3033,0.7937
2024-09-17 03:00:00+00:00,0.9514,1.4764,0.3546,7.4551,0.0000
2024-09-17 04:00:00+00:00,0.0000,0.0000,0.0000,0.3885,0.0000
2024-09-17 05:00:00+00:00,1.5158,2.3642,2.1892,5.6148,0.0000
2024-09-17 06:00:00+00:00,3.5548,10.7686,6.0684,30.4396,0.5744
2024-09-17 07:00:00+00:00,2.1356,3.5864,2.1409,14.2329,0.0073
2024-09-17 08:00:00+00:00,1.0049,0.0579,0.0000,3.2496,2.7371
2024-09-17 09:00:00+00:00,1.2184,0.2308,0.0000,2.0605,10.8037
2024-09-17 10:00:00+00:00,0.0097,0.0000,0.0000,1.6060,3.9761
2024-09-17 11:00:00+00:00,0.1025,0.0980,0.0000,3.2155,0.9496
2024-09-17 12:00:00+00:00,0.0164,0.0000,0.0000,0.1298,0.8865
2024-09-17 13:00:00+00:00,0.0000,0.0000,0.0000,0.0000,0.7412
2024-09-17 14:00:00+00:00,0.0000,0.0000,0.0000,0.0000,0.0000
2024-09-17 15:00:00+00:00,0.0000,0.0000,0.0000,0.0000,0.0000
2024-09-17 16:00:00+00:00,0.0000,0.0000,0.0000,0.0000,0.0000
2024-09-17 17:00:00+00:00,0.0000,0.0000,0.0000,0.0000,0.0000
2024-09-17 18:00:00+00:00,0.0000,0.0000,0.0000,0.0000,0.0000
2024-09-17 19:00:00+00:00,0.0000,0.0000,0.0000,0.0000,0.0000
2024-09-17 20:00:00+00:00,0.0000,0.0000,0.0000,0.0000,0.0000
2024-09-17 21:00:00+00:00,0.0000,0.0000,0.0000,0.0000,0.0000
2024-09-17 22:00:00+00:00,0.0000,0.0000,0.0000,0.0000,0.0000
2024-09-17 23:00:00+00:00,0.0000,0.0000,0.0000,0.0000,1.0484
2024-09-18 00:00:00+00:00,0.0000,0.0000,0.0000,0.0000,0.0000
2024-09-18 01:00:00+00:00,0.0000,0.0000,0.0000,0.0000,0.0000
2024-09-18 02:00:00+00:00,0.0000,0.0000,0.0000,0.0000,1.7313
2024-09-18 03:00:00+00:00,0.0000,0.0000,0.1069,0.2427,0.0000
2024-09-18 04:00:00+00:00,2.1484,3.1886,3.6151,7.3957,0.0000
2024-09-18 05:00:00+00:00,0.7225,1.9783,1.8990,4.6199,0.0000
2024-09-18 06:00:00+00:00,0.0697,1.9589,0.4650,6.9787,0.0000
2024-09-18 07:00:00+00:00,0.0000,0.0188,0.0000,1.0370,0.0000
2024-09-18 08:00:00+00:00,0.0000,0.0000,0.0000,0.0000,3.0104
2024-09-18 09:00:00+00:00,0.0000,0.0000,0.0000,0.0000,10.2186
2024-09-18 10:00:00+00:00,0.0000,0.0000,0.0000,0.0000,4.7974
2024-09-18 11:00:00+00:00,0.0256,1.0554,1.9938,0.4692,2.3497
2024-09-18 12:00:00+00:00,1.8169,3.2462,4.6398,6.1177,3.8061
2024-09-18 13:00:00+00:00,4.8041,4.6749,5.0573,12.4504,0.5142
2024-09-18 14:00:00+00:00,0.0000,0.0000,0.0000,0.0000,0.0000
2024-09-18 15:00:00+00:00,0.0000,0.0000,0.0000,0.0000,0.0000
2024-09-18 16:00:00+00:00,0.0000,0.0000,0.0000,0.0000,0.0000
2024-09-18 17:00:00+00:00,0.0000,0.0000,0.0000,0.0000,0.0000
2024-09-18 18:00:00+00:00,0.0000,0.0000,0.0000,0.0000,0.0000
2024-09-18 19:00:00+00:00,0.0000,0.0000,0.0000,0.0000,0.0000
2024-09-18 20:00:00+00:00,0.0000,0.0000,0.0000,0.0000,0.0000
2024-09-18 21:00:00+00:00,0.0000,0.0000,0.0000,0.0000,0.0000
2024-09-18 22:00:00+00:00,0.0000,0.0000,0.0000,0.0000,0.0000
2024-09-18 23:00:00+00:00,0.0000,0.0000,0.0000,0.0000,2.9440
2024-09-19 00:00:00+00:00,0.0000,0.0000,0.0000,0.0000,3.4645
2024-09-19 01:00:00+00:00,0.0000,0.0000,0.0000,0.0000,0.0000
2024-09-19 02:00:00+00:00,0.0000,0.0000,0.0000,0.0000,0.0000
2024-09-19 03:00:00+00:00,0.0001,0.0000,0.0000,0.0000,0.0000
2024-09-19 04:00:00+00:00,0.0000,0.0000,0.0000,0.0000,0.0000
2024-09-19 05:00:00+00:00,0.0000,0.6182,0.1838,3.1106,2.3276
2024-09-19 06:00:00+00:00,0.0000,0.0000,0.0000,0.0812,0.0659
2024-09-19 07:00:00+00:00,0.0000,0.0000,0.0000,0.0000,0.0000
2024-09-19 08:00:00+00:00,0.0000,0.0000,0.0000,0.0000,0.0000
2024-09-19 09:00:00+00:00,0.0000,0.0000,0.0000,0.0000,0.5977
2024-09-19 10:00:00+00:00,0.0000,0.0000,0.0000,0.0000,2.8617
2024-09-19 11:00:00+00:00,0.6248,0.0607,0.5597,0.1673,1.5816
2024-09-19 12:00:00+00:00,1.1227,0.8397,2.2831,0.4071,0.0000
2024-09-19 13:00:00+00:00,0.0090,0.0000,0.0000,0.0000,0.0000
2024-09-19 14:00:00+00:00,0.0000,0.0000,0.0000,0.0000,0.0000
2024-09-19 15:00:00+00:00,0.0000,0.0000,0.0000,0.0000,1.1581
2024-09-19 16:00:00+00:00,0.0000,0.0000,0.0000,0.0000,0.0598
2024-09-19 17:00:00+00:00,0.0000,0.0000,0.0000,0.0000,0.0000
2024-09-19 18:00:00+00:00,0.0000,0.0000,0.0000,0.0000,0.9271
2024-09-19 19:00:00+00:00,0.6283,0.0243,0.0081,0.5594,0.0000
2024-09-19 20:00:00+00:00,0.5607,0.0863,0.1283,0.8391,3.9968
2024-09-19 21:00:00+00:00,1.1307,0.1586,0.6904,1.4658,10.9021
2024-09-19 22:00:00+00:00,0.6514,0.0186,0.0175,0.8136,9.3489
2024-09-19 23:00:00+00:00,1.0431,0.0738,0.4841,0.4918,20.1467
2024-09-20 00:00:00+00:00,0.0000,0.5590,0.0000,0.4703,15.0019
2024-09-20 01:00:00+00:00,0.1769,3.6849,2.7629,7.9169,8.5298
2024-09-20 02:00:00+00:00,6.2252,13.4872,10.1639,32.0478,2.7179
2024-09-20 03:00:00+00:00,7.6724,8.2994,10.2650,28.0980,2.7458
2024-09-20 04:00:00+00:00,2.6215,6.4437,6.6038,13.9578,0.0952
2024-09-20 05:00:00+00:00,1.4701,0.4168,0.8671,2.3142,0.0598
2024-09-20 06:00:00+00:00,0.0097,0.0000,0.0000,0.0000,1.6089
2024-09-20 07:00:00+00:00,0.6914,0.7549,1.4066,0.4784,3.5609
2024-09-20 08:00:00+00:00,0.0000,0.0000,0.0000,0.0000,7.2675
2024-09-20 09:00:00+00:00,1.0173,2.1843,2.6130,2.7148,8.4468
2024-09-20 10:00:00+00:00,5.6179,12.4007,15.8259,14.4425,6.6303
2024-09-20 11:00:00+00:00,2.4208,12.4142,13.4828,13.1281,0.5559
2024-09-20 12:00:00+00:00,3.2845,12.1155,11.2776,21.3884,8.2809
2024-09-20 13:00:00+00:00,0.8139,2.1339,0.9044,5.6298,8.0387
2024-09-20 14:00:00+00:00,0.3301,1.4239,0.3864,3.1291,0.3805
2024-09-20 15:00:00+00:00,0.6289,1.5557,1.3077,2.8817,4.2141
2024-09-20 16:00:00+00:00,1.7984,1.5391,1.6115,4.0300,8.0915
2024-09-20 17:00:00+00:00,3.6746,3.2202,3.8531,7.1190,6.1637
2024-09-20 18:00:00+00:00,5.0153,4.3002,4.5555,10.4958,3.1440
2024-09-20 19:00:00+00:00,4.9219,6.2601,7.0023,12.9163,1.7794
2024-09-20 20:00:00+00:00,2.2071,3.0978,3.1851,6.7801,1.4730
2024-09-20 21:00:00+00:00,6.2910,7.3393,8.9163,14.7631,1.4490
2024-09-20 22:00:00+00:00,5.6621,6.5014,7.6222,14.5332,0.0000
2024-09-20 23:00:00+00:00,7.2065,8.5146,10.5296,19.6320,3.7486
2024-09-21 00:00:00+00:00,6.5004,10.9471,12.4708,24.5857,0.9688
2024-09-21 01:00:00+00:00,5.8473,9.2137,13.3289,14.5772,6.1808
2024-09-21 02:00:00+00:00,7.8356,12.6525,16.1631,25.6882,13.7849
2024-09-21 03:00:00+00:00,3.3876,8.0875,11.1075,15.1337,21.8978
2024-09-21 04:00:00+00:00,2.7160,6.0858,10.1419,5.2102,23.4843
2024-09-21 05:00:00+00:00,1.7321,5.1884,5.0298,9.8065,50.1597
2024-09-21 06:00:00+00:00,14.6728,11.2528,15.2206,27.3768,56.1150
2024-09-21 07:00:00+00:00,18.5337,19.0212,19.5432,55.9298,56.6762
2024-09-21 08:00:00+00:00,13.3960,8.1037,4.9302,37.1665,50.0681
2024-09-21 09:00:00+00:00,11.4478,5.6902,3.5798,25.7937,51.3148
2024-09-21 10:00:00+00:00,10.1709,12.2869,12.4091,33.0903,58.3164
2024-09-21 11:00:00+00:00,0.8650,0.3697,2.8661,1.9639,67.3675
2024-09-21 12:00:00+00:00,0.0000,0.0000,0.0000,0.0000,52.8537
2024-09-21 13:00:00+00:00,0.4953,0.0347,0.0000,0.1469,31.2042
2024-09-21 14:00:00+00:00,2.9086,3.3538,3.8001,6.7604,25.8754
2024-09-21 15:00:00+00:00,2.9119,2.4546,2.5530,7.0931,21.4298
2024-09-21 16:00:00+00:00,1.1792,0.4143,0.2280,3.0156,17.7512
2024-09-21 17:00:00+00:00,1.1712,1.7152,2.0937,3.2935,10.8774
2024-09-21 18:00:00+00:00,2.6849,4.5072,4.0506,10.1160,17.8659
2024-09-21 19:00:00+00:00,2.1936,4.4360,3.5246,11.8787,10.8353
2024-09-21 20:00:00+00:00,2.0431,4.0838,3.4819,9.2074,8.5038
2024-09-21 21:00:00+00:00,4.9310,8.8647,8.3255,17.0732,7.8130
2024-09-21 22:00:00+00:00,5.9901,9.0723,10.4040,16.5370,9.7563
2024-09-21 23:00:00+00:00,4.3635,6.4331,7.8342,13.6395,12.9450
2024-09-22 00:00:00+00:00,8.4382,12.9012,16.2150,27.1623,3.3832
2024-09-22 01:00:00+00:00,8.7592,14.1833,17.6492,28.0505,12.3247
2024-09-22 02:00:00+00:00,4.5625,9.3332,11.1930,18.2243,19.3662
2024-09-22 03:00:00+00:00,3.4294,9.9812,13.1510,12.4894,25.8825
2024-09-22 04:00:00+00:00,0.2617,2.8495,2.9594,4.5751,25.0874
2024-09-22 05:00:00+00:00,0.0000,0.4829,0.1245,1.6451,16.5033
2024-09-22 06:00:00+00:00,0.0000,0.0563,0.0000,0.0000,31.7902
2024-09-22 07:00:00+00:00,0.0000,0.0000,0.0000,0.2030,32.8619
2024-09-22 08:00:00+00:00,0.2553,3.3438,2.6397,4.3323,25.3443
2024-09-22 09:00:00+00:00,0.0000,2.8211,2.5257,3.5999,23.2858
2024-09-22 10:00:00+00:00,1.0897,3.6810,4.1519,3.3719,27.4669
2024-09-22 11:00:00+00:00,0.8535,2.6502,2.5585,4.5628,13.5882
2024-09-22 12:00:00+00:00,0.2875,3.5614,2.4168,6.4474,7.4617
2024-09-22 13:00:00+00:00,0.0000,0.0000,0.0000,0.0000,1.8037
2024-09-22 14:00:00+00:00,0.0000,0.0000,0.0000,0.0000,0.2390
2024-09-22 15:00:00+00:00,0.0000,0.0157,0.0000,0.7113,1.7893
2024-09-22 16:00:00+00:00,1.3444,2.6612,2.2159,6.0047,0.0000
2024-09-22 17:00:00+00:00,2.5360,4.9340,2.5756,19.4651,0.5244
2024-09-22 18:00:00+00:00,1.9441,3.9358,1.6565,16.2329,1.5292
2024-09-22 19:00:00+00:00,5.6101,11.0587,6.5527,27.9587,0.4067
2024-09-22 20:00:00+00:00,8.1289,13.0383,9.7676,35.8992,0.0000
2024-09-22 21:00:00+00:00,14.5681,22.4844,21.6600,53.6533,0.0000
2024-09-22 22:00:00+00:00,14.5832,24.3044,24.2684,55.6862,0.0000
2024-09-22 23:00:00+00:00,13.8935,37.1313,34.7239,79.8738,25.6188
2024-09-23 00:00:00+00:00,18.1122,36.4285,35.9716,85.7862,27.4254
2024-09-23 01:00:00+00:00,17.3541,21.4612,30.5179,62.8739,15.7392
2024-09-23 02:00:00+00:00,56.3083,52.4370,84.9449,91.9859,65.5195
2024-09-23 03:00:00+00:00,57.0796,66.2343,78.3976,120.8185,74.8474
2024-09-23 04:00:00+00:00,53.6483,58.9925,65.6851,113.0614,77.9099
2024-09-23 05:00:00+00:00,34.9013,29.2582,42.4085,50.9136,78.3861
2024-09-23 06:00:00+00:00,42.3235,36.8564,54.5744,51.1117,77.8223
2024-09-23 07:00:00+00:00,39.9842,34.4837,56.1525,53.7092,76.5709
2024-09-23 08:00:00+00:00,41.3914,39.7414,65.9674,53.0010,67.8512
2024-09-23 09:00:00+00:00,28.4519,20.1657,28.9390,29.5635,51.2232
2024-09-23 10:00:00+00:00,21.6693,4.5415,17.0471,7.9280,65.8095
2024-09-23 11:00:00+00:00,19.4587,13.1534,33.6279,18.6343,66.7439
2024-09-23 12:00:00+00:00,15.1149,17.5687,35.6476,18.5990,68.4349
2024-09-23 13:00:00+00:00,1.9319,0.8393,3.1093,3.3679,53.2853
2024-09-23 14:00:00+00:00,0.0000,0.0000,0.0000,0.4038,61.7911
2024-09-23 15:00:00+00:00,0.0000,0.0000,0.0000,0.0000,76.0019
2024-09-23 16:00:00+00:00,0.0000,0.0000,0.0000,0.0000,42.3152
2024-09-23 17:00:00+00:00,0.0000,0.0000,0.0000,0.0000,48.4978
2024-09-23 18:00:00+00:00,0.0000,0.0000,0.0000,0.2978,36.1522
2024-09-23 19:00:00+00:00,0.0000,0.8984,0.1504,5.2072,29.3250
2024-09-23 20:00:00+00:00,0.8988,1.5973,0.1586,10.7204,26.2922
2024-09-23 21:00:00+00:00,0.2865,0.0735,0.0000,7.0136,31.8312
2024-09-23 22:00:00+00:00,1.7292,1.2003,0.0173,10.2240,28.0958
2024-09-23 23:00:00+00:00,1.3948,3.7483,1.2848,18.2839,32.0519
2024-09-24 00:00:00+00:00,6.4989,5.0603,5.7638,17.1666,38.0180
2024-09-24 01:00:00+00:00,7.8959,6.7558,5.9699,18.5618,38.1390
2024-09-24 02:00:00+00:00,3.6772,2.0650,3.5468,4.7493,56.3427
2024-09-24 03:00:00+00:00,2.7862,1.1523,0.9712,5.8076,53.4225
2024-09-24 04:00:00+00:00,3.0337,0.3932,0.0659,3.7081,61.0727
2024-09-24 05:00:00+00:00,2.7895,0.6286,2.9638,1.0195,43.9482
2024-09-24 06:00:00+00:00,1.7502,0.1579,1.4988,0.4845,40.9630
2024-09-24 07:00:00+00:00,1.1225,0.0889,0.3473,0.4829,37.1458
2024-09-24 08:00:00+00:00,0.0963,0.0000,0.1045,0.2479,34.2393
2024-09-24 09:00:00+00:00,0.0000,0.0760,0.0147,0.9487,31.5122
2024-09-24 10:00:00+00:00,0.0000,0.0129,0.8305,0.0000,41.3260
2024-09-24 11:00:00+00:00,0.2525,1.7461,2.8388,0.6782,40.6873
2024-09-24 12:00:00+00:00,1.0117,1.8254,1.5338,4.0163,38.7766
2024-09-24 13:00:00+00:00,2.4847,0.7977,1.4898,3.2133,39.6288
2024-09-24 14:00:00+00:00,14.4289,13.9123,14.4117,45.2743,71.7887
2024-09-24 15:00:00+00:00,14.2662,17.4600,16.4107,51.5856,55.3759
2024-09-24 16:00:00+00:00,18.0291,20.1220,19.6625,58.0028,55.9560
2024-09-24 17:00:00+00:00,14.5338,18.8923,18.3444,48.7367,46.1434
2024-09-24 18:00:00+00:00,15.3106,19.5787,18.7804,52.9236,38.4745
2024-09-24 19:00:00+00:00,15.3912,20.1717,19.3601,51.9409,35.3563
2024-09-24 20:00:00+00:00,16.6906,22.3331,21.5908,59.8010,33.4673
2024-09-24 21:00:00+00:00,19.0828,26.5189,26.0761,68.0726,35.6640
2024-09-24 22:00:00+00:00,11.4305,16.7894,17.5155,39.5937,50.3622
2024-09-24 23:00:00+00:00,16.8347,29.3678,27.6831,69.5257,47.1181
2024-09-25 00:00:00+00:00,11.5504,16.0907,17.4933,41.8562,68.0283
2024-09-25 01:00:00+00:00,18.7909,31.3191,37.1933,78.8001,77.9916
2024-09-25 02:00:00+00:00,33.2471,47.9747,51.2236,106.6360,79.8139
2024-09-25 03:00:00+00:00,41.5724,38.2789,61.8073,100.1942,79.9000
2024-09-25 04:00:00+00:00,50.3321,55.2220,88.7263,105.8761,79.9000
2024-09-25 05:00:00+00:00,75.4213,93.8147,103.8647,179.7561,79.8764
2024-09-25 06:00:00+00:00,58.2418,45.2781,61.5009,110.9804,79.2526
2024-09-25 07:00:00+00:00,16.4278,1.8578,3.0070,27.4028,79.9000
2024-09-25 08:00:00+00:00,1.9129,0.0000,0.0000,7.0489,79.9000
2024-09-25 09:00:00+00:00,3.9412,0.1911,1.4352,2.1522,79.9000
2024-09-25 10:00:00+00:00,27.8393,5.0487,14.0015,20.6579,79.9000
2024-09-25 11:00:00+00:00,27.7698,18.6388,25.6968,73.5466,79.9000
2024-09-25 12:00:00+00:00,34.7715,24.8689,29.4501,82.9469,79.9000
2024-09-25 13:00:00+00:00,30.9076,23.1460,33.8820,74.5692,79.8466
2024-09-25 14:00:00+00:00,52.1289,25.5636,48.0301,84.9933,79.8532
2024-09-25 15:00:00+00:00,23.0723,9.6656,18.9806,49.1985,79.9000
2024-09-25 16:00:00+00:00,6.4135,1.5187,0.8522,25.9344,76.8546
2024-09-25 17:00:00+00:00,18.0344,12.9262,9.2574,56.1434,78.8999
2024-09-25 18:00:00+00:00,21.3097,8.3883,18.8161,38.6538,79.9000
2024-09-25 19:00:00+00:00,22.9009,6.9075,17.1537,37.7417,76.7052
2024-09-25 20:00:00+00:00,30.2389,13.7946,21.7067,67.9367,78.9543
2024-09-25 21:00:00+00:00,33.9947,17.8191,28.1007,83.8255,79.5210
2024-09-25 22:00:00+00:00,78.1695,33.7719,70.7881,101.5106,79.5168
2024-09-25 23:00:00+00:00,80.5938,31.6650,66.4522,91.0774,76.8401
2024-09-26 00:00:00+00:00,76.7814,82.0151,101.2016,130.1697,78.7128
2024-09-26 01:00:00+00:00,76.4567,88.8876,101.8444,146.8372,79.1727
2024-09-26 02:00:00+00:00,76.3242,35.5097,54.5299,99.2479,79.0445
2024-09-26 03:00:00+00:00,71.7954,63.3124,72.2650,104.1085,78.1405
2024-09-26 04:00:00+00:00,80.4822,94.7045,101.8962,147.2156,70.9464
2024-09-26 05:00:00+00:00,80.4708,100.3366,106.3829,171.7578,63.8362
2024-09-26 06:00:00+00:00,77.7893,95.8110,100.5250,191.0232,37.4104
2024-09-26 07:00:00+00:00,79.3901,95.5261,100.6567,196.7055,32.2707
2024-09-26 08:00:00+00:00,74.9042,90.7475,84.7920,187.9924,25.3774
2024-09-26 09:00:00+00:00,75.4785,77.3470,68.7124,169.7046,22.4248
2024-09-26 10:00:00+00:00,68.0677,75.9810,73.7555,164.7044,29.1597
2024-09-26 11:00:00+00:00,48.5125,56.6338,51.0534,147.3530,26.9625
2024-09-26 12:00:00+00:00,28.5291,17.6532,24.6884,40.9686,21.4320
2024-09-26 13:00:00+00:00,13.3110,10.2384,9.5232,20.2147,4.0540
2024-09-26 14:00:00+00:00,1.4794,0.0635,0.9095,3.3978,2.0369
2024-09-26 15:00:00+00:00,13.1788,14.2102,14.3066,33.2337,10.5281
2024-09-26 16:00:00+00:00,23.7031,23.7799,28.6874,52.2555,6.1626
2024-09-26 17:00:00+00:00,9.5141,17.1583,15.3196,36.7230,8.9542
2024-09-26 18:00:00+00:00,17.3742,18.7357,17.8594,55.2665,4.6811
2024-09-26 19:00:00+00:00,18.0356,21.3030,26.3061,46.3447,9.7799
2024-09-26 20:00:00+00:00,17.3800,20.4915,23.7262,45.3653,12.7839
2024-09-26 21:00:00+00:00,14.5641,12.7393,16.6138,30.3859,8.9209
2024-09-26 22:00:00+00:00,7.7786,9.1003,10.6075,17.7025,8.1303
2024-09-26 23:00:00+00:00,6.6940,9.7449,8.3500,30.2581,10.7829
2024-09-27 00:00:00+00:00,6.6094,7.5123,6.3817,25.5383,20.9762
2024-09-27 01:00:00+00:00,1.4331,0.0542,0.0047,2.7430,22.0779
2024-09-27 02:00:00+00:00,2.2923,1.7157,1.2092,8.7383,26.1271
2024-09-27 03:00:00+00:00,4.4463,7.8025,7.3497,20.9438,20.4613
2024-09-27 04:00:00+00:00,9.2147,13.0629,11.4520,37.3290,17.1745
2024-09-27 05:00:00+00:00,13.7636,15.8349,15.7890,50.0006,12.5118
2024-09-27 06:00:00+00:00,14.8736,18.8136,16.9431,63.8733,20.1352
2024-09-27 07:00:00+00:00,8.9067,12.1507,11.0056,38.5917,10.2549
2024-09-27 08:00:00+00:00,23.1704,25.8600,25.5417,81.9503,4.6297
2024-09-27 09:00:00+00:00,17.6245,18.0679,17.0580,68.5619,2.7522
2024-09-27 10:00:00+00:00,14.1280,10.5007,9.7004,46.8374,0.0346
2024-09-27 11:00:00+00:00,5.2831,4.5061,2.6949,24.7225,0.0000
2024-09-27 12:00:00+00:00,2.4501,2.7758,2.2218,11.1118,0.0000
2024-09-27 13:00:00+00:00,0.0000,0.4483,0.0474,3.5895,0.0000
2024-09-27 14:00:00+00:00,6.9397,6.0644,5.5079,19.7361,0.0000
2024-09-27 15:00:00+00:00,9.6229,10.4903,9.8283,27.8818,0.0000
2024-09-27 16:00:00+00:00,3.7206,4.2739,3.6779,11.7205,0.0000
2024-09-27 17:00:00+00:00,7.2579,8.1130,7.3829,23.3226,0.0000
2024-09-27 18:00:00+00:00,6.6108,8.7633,7.8964,21.6341,0.0000
2024-09-27 19:00:00+00:00,3.5276,2.9775,3.3246,8.9611,0.0000
2024-09-27 20:00:00+00:00,0.1945,0.0000,0.0141,0.7918,0.0000
2024-09-27 21:00:00+00:00,0.0000,0.0000,0.0000,0.0000,0.0000
2024-09-27 22:00:00+00:00,0.0000,0.0000,0.0000,0.0000,0.1387
2024-09-27 23:00:00+00:00,0.0000,0.0000,0.0000,0.0000,1.4858
2024-09-28 00:00:00+00:00,1.7242,3.3510,4.1015,5.4086,0.8167
2024-09-28 01:00:00+00:00,0.9090,1.0168,3.1396,0.2922,1.1054
2024-09-28 02:00:00+00:00,0.0000,1.5919,1.5268,1.1767,1.0855
2024-09-28 03:00:00+00:00,0.0000,0.2724,0.2206,0.0000,0.0084
2024-09-28 04:00:00+00:00,2.2179,3.6282,2.9997,8.7428,2.1478
2024-09-28 05:00:00+00:00,6.8667,10.9309,11.9767,27.2031,15.9499
2024-09-28 06:00:00+00:00,1.2202,1.2942,2.2120,2.9667,23.6931
2024-09-28 07:00:00+00:00,0.0000,0.0000,0.0000,0.0000,24.3272
2024-09-28 08:00:00+00:00,0.2895,5.0281,1.8907,8.1473,27.3005
2024-09-28 09:00:00+00:00,6.5272,13.1947,17.3964,19.7296,28.6256
2024-09-28 10:00:00+00:00,9.7262,14.9944,19.6241,23.8176,20.0190
2024-09-28 11:00:00+00:00,4.5193,8.3413,11.2600,9.9229,16.4441
2024-09-28 12:00:00+00:00,1.5673,4.2872,3.9898,6.8217,13.8816
2024-09-28 13:00:00+00:00,1.5559,7.0275,4.7989,12.5788,4.1593
2024-09-28 14:00:00+00:00,2.4236,4.2878,5.2206,7.3575,0.0305
2024-09-28 15:00:00+00:00,4.2292,4.8028,4.9229,11.1430,4.1788
2024-09-28 16:00:00+00:00,11.3392,13.4898,14.4404,27.6750,6.7037
2024-09-28 17:00:00+00:00,11.7407,13.1832,15.6213,26.2502,0.9032
2024-09-28 18:00:00+00:00,5.2076,6.3719,7.5923,12.0211,2.1150
2024-09-28 19:00:00+00:00,5.9247,5.1651,7.5016,10.9141,3.8022
2024-09-28 20:00:00+00:00,3.5956,3.6567,4.6988,6.8670,2.3222
2024-09-28 21:00:00+00:00,5.4686,5.9126,7.4353,11.4190,2.4267
2024-09-28 22:00:00+00:00,6.7086,7.7817,10.3195,14.7867,1.5527
2024-09-28 23:00:00+00:00,7.2714,10.4069,12.9170,21.1265,22.8565
2024-09-29 00:00:00+00:00,6.9084,11.3427,15.5960,18.0648,14.2475
2024-09-29 01:00:00+00:00,5.8956,9.4087,13.7040,16.7775,10.9910
2024-09-29 02:00:00+00:00,9.9918,19.9650,24.2759,32.3555,5.7857
2024-09-29 03:00:00+00:00,4.0958,9.6959,12.2809,12.1204,14.4760
2024-09-29 04:00:00+00:00,2.7474,5.6159,5.6023,9.1378,28.7400
2024-09-29 05:00:00+00:00,0.2603,0.0036,0.2109,0.0401,63.2942
2024-09-29 06:00:00+00:00,0.2216,0.0000,0.0042,0.0000,49.3032
2024-09-29 07:00:00+00:00,2.2212,0.5452,0.6228,1.8048,34.7418
2024-09-29 08:00:00+00:00,0.0434,0.0000,0.0000,0.1923,27.5364
2024-09-29 09:00:00+00:00,2.8408,2.3629,1.5384,5.8435,6.0418
2024-09-29 10:00:00+00:00,4.6950,4.1745,4.8720,11.9305,2.1085
2024-09-29 11:00:00+00:00,3.7454,3.6707,3.2168,11.4402,2.7031
2024-09-29 12:00:00+00:00,0.0000,0.0000,0.0000,0.0000,19.7586
2024-09-29 13:00:00+00:00,0.0000,0.0000,0.0000,0.0000,4.1959
2024-09-29 14:00:00+00:00,0.0000,0.0000,0.0000,0.0000,1.1355
2024-09-29 15:00:00+00:00,0.0000,0.0000,0.0000,0.0000,0.0000
2024-09-29 16:00:00+00:00,0.0000,0.0000,0.0000,0.0000,0.0000
2024-09-29 17:00:00+00:00,0.0000,0.0000,0.0000,0.0000,0.0000
2024-09-29 18:00:00+00:00,0.0000,0.0000,0.0000,0.0000,0.0000
2024-09-29 19:00:00+00:00,0.4160,0.0000,0.0273,0.2072,0.0000
2024-09-29 20:00:00+00:00,0.0617,0.0000,0.0000,0.0404,0.0994
2024-09-29 21:00:00+00:00,0.0000,0.0000,0.0000,0.0000,2.1491
2024-09-29 22:00:00+00:00,0.0000,0.0000,0.0000,0.0000,12.1565
2024-09-29 23:00:00+00:00,0.0000,0.0000,0.0000,0.0000,11.8950
2024-09-30 00:00:00+00:00,1.4674,0.3481,0.0000,5.6420,6.3309
2024-09-30 01:00:00+00:00,0.8591,0.0000,0.0000,3.9368,3.1846
2024-09-30 02:00:00+00:00,0.0000,0.0000,0.0000,0.0000,0.0683
2024-09-30 03:00:00+00:00,1.6507,1.7412,0.3527,10.7349,0.0000
2024-09-30 04:00:00+00:00,0.6950,0.0000,0.0000,2.6778,0.0761
2024-09-30 05:00:00+00:00,0.0000,0.0000,0.0000,0.5360,0.8581
2024-09-30 06:00:00+00:00,2.3926,3.3791,2.3961,13.3083,0.6381
2024-09-30 07:00:00+00:00,1.2501,0.0248,0.0000,3.8479,0.0808
2024-09-30 08:00:00+00:00,0.1384,0.0000,0.0000,0.0629,2.0222
2024-09-30 09:00:00+00:00,0.0000,0.0000,0.0000,0.0547,2.7727
2024-09-30 10:00:00+00:00,0.0000,0.0000,0.0000,0.0000,0.0000
2024-09-30 11:00:00+00:00,1.4752,4.3125,4.6984,6.5020,0.0000
2024-09-30 12:00:00+00:00,4.2772,9.7773,12.3587,11.8204,0.0794
2024-09-30 13:00:00+00:00,2.8172,4.4124,6.5909,7.5482,0.0714
2024-09-30 14:00:00+00:00,2.2990,3.9429,4.5503,6.9529,0.0000
2024-09-30 15:00:00+00:00,1.4863,1.5723,2.2100,2.1679,0.1863
2024-09-30 16:00:00+00:00,1.6848,1.0936,1.6496,2.3017,0.0000
2024-09-30 17:00:00+00:00,1.5985,0.6016,1.1959,1.7970,0.3067
2024-09-30 18:00:00+00:00,2.2669,1.4008,2.1415,2.6988,0.3785
2024-09-30 19:00:00+00:00,2.9400,2.4830,3.0667,5.3345,0.0000
2024-09-30 20:00:00+00:00,3.2186,2.8500,3.8672,5.4269,0.3656
2024-09-30 21:00:00+00:00,2.9254,2.5307,3.5519,4.3603,0.1664
2024-09-30 22:00:00+00:00,4.0220,4.0913,5.7377,7.1956,1.9946
2024-09-30 23:00:00+00:00,6.6821,9.1395,12.8048,16.0797,3.6278
2024-10-01 00:00:00+00:00,6.3922,10.2677,14.1015,17.7808,0.0000
2024-10-01 01:00:00+00:00,8.0174,14.9470,21.4517,19.6128,1.7540
2024-10-01 02:00:00+00:00,16.5666,19.6315,29.7956,30.8014,1.4228
2024-10-01 03:00:00+00:00,14.4208,24.8935,32.1832,41.0652,9.9286
2024-10-01 04:00:00+00:00,8.1074,20.5095,26.4006,25.2207,23.4871
2024-10-01 05:00:00+00:00,15.8100,31.8208,32.7866,51.5947,16.1482
2024-10-01 06:00:00+00:00,28.4610,46.4582,46.7837,103.8110,25.2321
2024-10-01 07:00:00+00:00,33.0574,33.7504,34.2513,75.5121,31.8038
2024-10-01 08:00:00+00:00,32.8046,29.8161,30.9760,69.9714,24.8809
2024-10-01 09:00:00+00:00,39.6937,33.7699,37.2204,71.4066,24.4157
2024-10-01 10:00:00+00:00,24.6796,32.1152,29.8696,66.9570,23.0447
2024-10-01 11:00:00+00:00,24.9494,32.6051,31.7391,62.8655,19.7200
2024-10-01 12:00:00+00:00,24.9347,30.3067,28.9884,67.6387,31.9278
2024-10-01 13:00:00+00:00,15.5984,19.4933,18.9592,41.8748,18.2172
2024-10-01 14:00:00+00:00,3.8117,4.5668,4.7308,6.8558,19.4332
2024-10-01 15:00:00+00:00,1.9460,3.4371,4.0931,3.4818,34.4960
2024-10-01 16:00:00+00:00,2.4561,2.2552,3.5090,4.4646,46.0805
2024-10-01 17:00:00+00:00,1.2894,0.4822,1.3163,2.8744,42.4592
2024-10-01 18:00:00+00:00,0.0442,0.0007,0.0329,0.1122,37.4279
2024-10-01 19:00:00+00:00,3.0174,4.2113,6.0687,6.7161,28.4515
2024-10-01 20:00:00+00:00,6.2421,7.6097,9.4794,18.1973,17.2094
2024-10-01 21:00:00+00:00,7.6512,7.6464,8.5093,19.1581,19.6831
2024-10-01 22:00:00+00:00,12.0338,15.0152,19.5579,32.9683,18.2261
2024-10-01 23:00:00+00:00,15.9679,20.1470,22.2419,50.3711,27.4889
2024-10-02 00:00:00+00:00,27.1470,36.9756,42.3542,86.7741,56.0504
2024-10-02 01:00:00+00:00,43.5919,54.0519,59.9541,118.9885,77.1770
2024-10-02 02:00:00+00:00,50.0248,65.8499,72.1016,135.8230,74.7030
2024-10-02 03:00:00+00:00,46.7616,61.6801,64.4732,127.1088,71.8304
2024-10-02 04:00:00+00:00,48.9975,65.8417,64.9293,139.4625,46.5823
2024-10-02 05:00:00+00:00,47.5122,60.5249,48.2706,147.0688,52.6501
2024-10-02 06:00:00+00:00,55.2505,57.9584,42.4057,157.6307,63.0292
2024-10-02 07:00:00+00:00,61.6875,69.3164,53.6016,182.7098,48.9452
2024-10-02 08:00:00+00:00,56.6808,67.6468,48.8149,173.6943,38.9998
2024-10-02 09:00:00+00:00,65.9118,82.0512,62.4894,199.0550,31.7383
2024-10-02 10:00:00+00:00,64.2573,75.9774,67.9550,156.0229,38.4553
2024-10-02 11:00:00+00:00,67.7329,83.3134,67.4672,184.6901,47.9096
2024-10-02 12:00:00+00:00,63.6937,77.1343,60.2085,191.2480,39.7923
2024-10-02 13:00:00+00:00,38.1962,50.2462,42.1119,127.0433,44.6035
2024-10-02 14:00:00+00:00,27.9680,34.3736,33.7969,77.6093,52.7181
2024-10-02 15:00:00+00:00,18.3962,16.3905,18.7533,33.7247,54.2452
2024-10-02 16:00:00+00:00,7.6987,5.4290,9.3931,8.1627,42.9272
2024-10-02 17:00:00+00:00,6.8779,2.2430,3.8958,7.6869,29.0897
2024-10-02 18:00:00+00:00,4.2081,2.5096,4.4178,5.9830,10.0905
2024-10-02 19:00:00+00:00,5.0797,3.3501,4.2536,6.8512,6.1088
2024-10-02 20:00:00+00:00,5.0361,1.2398,0.5980,10.0861,10.9738
2024-10-02 21:00:00+00:00,10.4486,5.5924,8.5470,14.9049,11.1007
2024-10-02 22:00:00+00:00,8.3180,4.1949,4.3152,10.4144,14.7591
2024-10-02 23:00:00+00:00,2.2754,4.8023,4.5590,10.3301,21.3970
2024-10-03 00:00:00+00:00,8.6438,9.0022,8.3372,25.2132,17.3022
2024-10-03 01:00:00+00:00,5.6822,6.8368,6.1327,20.8025,20.9062
2024-10-03 02:00:00+00:00,11.7986,16.0500,15.7956,39.9320,14.1448
2024-10-03 03:00:00+00:00,14.0315,14.9481,14.1338,43.7721,7.9886
2024-10-03 04:00:00+00:00,7.8678,9.3954,8.3563,29.7364,8.8675
2024-10-03 05:00:00+00:00,3.6121,5.1003,4.5966,13.8472,15.4537
2024-10-03 06:00:00+00:00,6.2517,7.1899,6.0603,21.8318,17.5129
2024-10-03 07:00:00+00:00,4.5315,6.3200,4.7088,21.1400,19.5320
2024-10-03 08:00:00+00:00,4.1363,4.6879,3.3583,18.8823,19.9482
2024-10-03 09:00:00+00:00,3.0124,1.7251,2.5614,7.9383,17.3659
2024-10-03 10:00:00+00:00,5.4115,3.3040,3.7502,10.9544,12.2453
2024-10-03 11:00:00+00:00,4.8795,4.4834,6.0964,10.1705,18.1516
2024-10-03 12:00:00+00:00,3.9084,5.1164,5.8404,12.6326,26.6904
2024-10-03 13:00:00+00:00,9.2280,10.4758,8.7742,27.1001,15.8190
2024-10-03 14:00:00+00:00,6.2326,6.6301,6.4537,16.5614,8.1061
2024-10-03 15:00:00+00:00,8.7640,10.4583,11.6522,20.8130,9.7159
2024-10-03 16:00:00+00:00,10.3912,10.6316,11.8323,24.5358,7.4055
2024-10-03 17:00:00+00:00,11.4988,12.4533,13.8678,28.0727,4.8128
2024-10-03 18:00:00+00:00,8.8924,9.6877,10.4017,22.5846,6.9252
2024-10-03 19:00:00+00:00,7.7722,7.7680,8.2734,19.5515,4.7520
2024-10-03 20:00:00+00:00,9.2626,8.4257,9.7366,20.9940,6.4417
2024-10-03 21:00:00+00:00,9.4252,6.8146,7.6604,20.0038,6.3726
2024-10-03 22:00:00+00:00,5.1689,2.3763,2.6259,9.0891,6.7473
2024-10-03 23:00:00+00:00,2.7936,0.6274,1.1673,3.5561,8.0927
2024-10-04 00:00:00+00:00,4.5593,3.1226,3.4461,9.7778,13.8264
2024-10-04 01:00:00+00:00,8.9382,9.9681,9.6501,29.6074,23.4082
2024-10-04 02:00:00+00:00,14.4445,15.0492,14.5610,47.9557,30.6784
2024-10-04 03:00:00+00:00,16.5157,19.3139,19.8509,49.9835,27.9663
2024-10-04 04:00:00+00:00,23.5002,26.9768,26.7621,76.2612,31.0627
2024-10-04 05:00:00+00:00,18.1917,22.3302,20.5356,68.5321,33.9035
2024-10-04 06:00:00+00:00,11.9132,15.0298,12.9417,47.3170,24.3544
2024-10-04 07:00:00+00:00,9.6781,14.2553,12.3856,44.0405,20.8263
2024-10-04 08:00:00+00:00,9.2870,15.2411,13.2400,45.4442,28.9135
2024-10-04 09:00:00+00:00,10.9449,15.5676,14.1717,49.1544,15.3586
2024-10-04 10:00:00+00:00,3.0427,3.5481,3.1187,12.4476,4.9705
2024-10-04 11:00:00+00:00,0.9197,1.7021,1.7276,5.5103,8.6799
2024-10-04 12:00:00+00:00,1.0354,0.6617,0.4978,4.6785,10.3978
2024-10-04 13:00:00+00:00,2.6063,3.8670,5.6297,6.3993,1.5229
2024-10-04 14:00:00+00:00,0.0000,0.0000,0.0000,0.0000,0.0000
2024-10-04 15:00:00+00:00,0.0000,0.0000,0.0000,0.0000,0.0000
2024-10-04 16:00:00+00:00,0.0000,0.0000,0.0000,0.0000,0.5155
2024-10-04 17:00:00+00:00,0.1573,0.0237,0.9622,0.0381,2.5090
2024-10-04 18:00:00+00:00,0.0000,0.0000,0.0000,0.0000,2.8374
2024-10-04 19:00:00+00:00,0.0000,0.0000,0.0000,0.0000,11.7702
2024-10-04 20:00:00+00:00,1.9601,0.7767,0.7008,2.6415,17.1268
2024-10-04 21:00:00+00:00,2.0310,1.7084,3.1941,2.1895,9.5929
2024-10-04 22:00:00+00:00,1.7751,0.4049,0.2386,4.6737,7.2971
2024-10-04 23:00:00+00:00,1.6936,1.2291,0.6050,7.0495,18.8858
2024-10-05 00:00:00+00:00,0.0000,0.0000,0.0000,0.0000,36.1818
2024-10-05 01:00:00+00:00,4.3398,7.1270,6.2837,18.3888,9.5697
2024-10-05 02:00:00+00:00,10.1718,6.3283,4.5746,42.2449,1.9596
2024-10-05 03:00:00+00:00,23.4545,22.6633,26.1642,75.6013,0.0000
2024-10-05 04:00:00+00:00,10.7032,10.8771,7.8773,35.6199,0.0000
2024-10-05 05:00:00+00:00,7.6373,7.6979,6.8918,31.4999,0.0000
2024-10-05 06:00:00+00:00,8.1526,10.0051,7.5960,33.6723,0.1111
2024-10-05 07:00:00+00:00,18.0574,21.0386,20.6832,63.6616,2.5486
2024-10-05 08:00:00+00:00,11.1194,11.0356,9.0944,41.0035,0.0000
2024-10-05 09:00:00+00:00,10.3221,10.6418,9.3742,37.9520,0.0000
2024-10-05 10:00:00+00:00,1.2394,2.3519,1.3837,12.3026,0.0000
2024-10-05 11:00:00+00:00,5.2868,9.8711,8.9944,28.4605,0.0000
2024-10-05 12:00:00+00:00,3.9029,4.6588,3.6742,16.5407,9.6899
2024-10-05 13:00:00+00:00,0.0000,0.0000,0.0000,1.1330,0.0597
2024-10-05 14:00:00+00:00,6.2992,5.4861,4.4911,20.6739,0.0000
2024-10-05 15:00:00+00:00,3.4621,3.7630,4.1777,10.2999,0.0000
2024-10-05 16:00:00+00:00,4.2864,4.5140,4.3810,14.8250,2.9258
2024-10-05 17:00:00+00:00,3.6737,2.8384,3.1341,9.4816,2.5489
2024-10-05 18:00:00+00:00,6.0809,5.7769,5.7830,18.0324,3.0080
2024-10-05 19:00:00+00:00,8.2840,10.8437,10.3504,27.6061,0.8492
2024-10-05 20:00:00+00:00,6.3266,4.9174,5.5794,15.5109,2.4540
2024-10-05 21:00:00+00:00,5.5819,4.5157,6.0475,7.6453,3.1943
2024-10-05 22:00:00+00:00,3.4775,2.6843,3.9318,4.9505,1.1016
2024-10-05 23:00:00+00:00,11.4247,11.6909,11.2557,30.6095,2.6014
2024-10-06 00:00:00+00:00,4.5741,4.5668,2.9585,24.5795,26.9279
2024-10-06 01:00:00+00:00,1.2477,3.1433,2.4556,5.3430,3.2591
2024-10-06 02:00:00+00:00,0.0000,2.0493,1.1379,1.5066,0.0000
2024-10-06 03:00:00+00:00,0.0000,0.0046,0.0000,2.9433,0.0000
2024-10-06 04:00:00+00:00,0.0000,0.0000,0.0000,0.0904,0.0033
2024-10-06 05:00:00+00:00,2.9434,2.2002,6.5518,1.6191,0.0000
2024-10-06 06:00:00+00:00,0.7899,0.7684,2.1185,0.2768,6.2271
2024-10-06 07:00:00+00:00,0.2384,0.0186,0.8741,0.0292,13.6749
2024-10-06 08:00:00+00:00,1.6795,0.8514,3.3106,0.7376,15.4415
2024-10-06 09:00:00+00:00,2.7306,2.2385,4.1476,1.5785,19.7788
2024-10-06 10:00:00+00:00,6.6900,5.7426,8.8218,7.7516,44.7538
2024-10-06 11:00:00+00:00,6.9728,11.2917,12.3833,17.1925,48.8284
2024-10-06 12:00:00+00:00,1.3837,5.4663,2.9147,13.0661,41.0542
2024-10-06 13:00:00+00:00,0.9014,1.6301,1.8561,4.8321,23.2154
2024-10-06 14:00:00+00:00,0.0000,0.9520,0.0000,6.6374,20.6073
2024-10-06 15:00:00+00:00,0.0000,0.0046,0.0000,2.9673,41.4697
2024-10-06 16:00:00+00:00,0.0000,0.0000,0.0133,2.3288,33.8827
2024-10-06 17:00:00+00:00,3.2993,2.0026,3.3656,5.7881,34.6367
2024-10-06 18:00:00+00:00,4.4014,6.0617,8.4745,13.7099,46.2117
2024-10-06 19:00:00+00:00,8.7037,10.5326,13.3220,28.4421,69.7426
2024-10-06 20:00:00+00:00,6.8540,8.6028,9.7496,26.1211,77.0420
2024-10-06 21:00:00+00:00,20.1515,25.0837,26.3366,76.8367,79.8422
2024-10-06 22:00:00+00:00,18.7881,24.1868,23.0095,69.2370,79.3563
2024-10-06 23:00:00+00:00,67.5254,32.6537,56.0095,95.5857,79.9000
2024-10-07 00:00:00+00:00,76.3307,11.5863,26.1550,59.4496,79.9000
2024-10-07 01:00:00+00:00,14.6387,6.5573,8.4575,36.6163,71.6549
2024-10-07 02:00:00+00:00,0.0084,0.8404,0.9634,9.0200,45.4721
2024-10-07 03:00:00+00:00,78.4384,45.8069,74.9714,105.4148,19.8748
2024-10-07 04:00:00+00:00,77.3735,82.6485,86.8120,156.4899,69.4364
2024-10-07 05:00:00+00:00,70.3366,79.6132,90.1062,180.8219,71.2008
2024-10-07 06:00:00+00:00,62.9579,63.8283,65.8998,164.8625,48.2481
2024-10-07 07:00:00+00:00,58.9933,68.5938,54.4291,194.0214,47.5380
2024-10-07 08:00:00+00:00,29.3195,30.4002,29.6673,100.9583,37.6175
2024-10-07 09:00:00+00:00,21.7539,29.3691,27.0942,94.4254,22.5502
2024-10-07 10:00:00+00:00,21.5304,23.4178,21.0488,76.6416,38.8264
2024-10-07 11:00:00+00:00,26.2878,34.7856,38.1852,79.6587,29.9071
2024-10-07 12:00:00+00:00,39.2221,44.4215,42.4332,126.5658,23.7710
2024-10-07 13:00:00+00:00,29.9599,35.2999,33.9658,101.4716,10.9888
2024-10-07 14:00:00+00:00,18.3408,20.8748,16.6140,74.6673,5.6852
2024-10-07 15:00:00+00:00,22.2368,27.7781,26.9309,77.5174,6.3546
2024-10-07 16:00:00+00:00,27.1514,31.8924,31.7379,82.0471,9.5538
2024-10-07 17:00:00+00:00,22.7681,25.6987,25.3569,68.9565,32.4730
2024-10-07 18:00:00+00:00,23.8829,28.4337,28.6669,74.0516,62.1029
2024-10-07 19:00:00+00:00,34.7868,50.5908,49.0174,111.4170,40.5795
2024-10-07 20:00:00+00:00,21.8670,25.0744,24.1048,70.9632,68.8833
2024-10-07 21:00:00+00:00,12.6599,13.8746,13.3238,37.9583,56.9853
2024-10-07 22:00:00+00:00,14.9103,20.3579,22.8974,48.8791,32.2677
2024-10-07 23:00:00+00:00,17.7723,23.0697,22.2996,64.7358,19.4301
2024-10-08 00:00:00+00:00,19.2508,17.5316,16.5471,60.7626,20.0026
2024-10-08 01:00:00+00:00,19.3493,19.0339,17.1268,65.2519,20.3860
2024-10-08 02:00:00+00:00,13.4542,14.2957,13.0156,51.0308,36.7311
2024-10-08 03:00:00+00:00,22.1322,21.5577,20.5890,75.6596,40.5182
2024-10-08 04:00:00+00:00,12.2378,9.8540,9.6861,40.8062,24.8985
2024-10-08 05:00:00+00:00,6.6055,6.1653,5.9036,24.1199,9.8366
2024-10-08 06:00:00+00:00,3.8498,4.1451,2.7454,17.0975,7.3374
2024-10-08 07:00:00+00:00,2.9703,4.8236,3.8460,15.9956,4.1657
2024-10-08 08:00:00+00:00,3.6105,6.9981,6.9880,13.8592,12.6122
2024-10-08 09:00:00+00:00,0.2656,2.4619,2.7621,6.8569,5.1732
2024-10-08 10:00:00+00:00,0.3761,2.0034,1.7410,7.0181,11.7483
2024-10-08 11:00:00+00:00,5.6423,7.8224,8.8706,17.7247,23.5261
2024-10-08 12:00:00+00:00,3.8916,3.4436,3.9929,12.5202,22.8646
2024-10-08 13:00:00+00:00,4.6700,5.6865,3.5416,21.1104,23.1929
2024-10-08 14:00:00+00:00,4.3562,2.7648,2.4755,10.3476,11.0300
2024-10-08 15:00:00+00:00,12.6048,18.6585,20.7064,36.1180,11.5013
2024-10-08 16:00:00+00:00,7.7390,10.9217,12.5292,22.0959,17.1801
2024-10-08 17:00:00+00:00,10.5192,13.6921,13.4847,35.6004,19.4830
2024-10-08 18:00:00+00:00,5.2524,7.0412,6.0257,21.9916,30.6974
2024-10-08 19:00:00+00:00,7.5861,9.1116,9.4847,22.3062,20.9560
2024-10-08 20:00:00+00:00,4.2118,4.0293,4.1884,11.3351,18.1519
2024-10-08 21:00:00+00:00,3.8801,4.1480,4.1001,6.8132,25.9424
2024-10-08 22:00:00+00:00,11.7858,15.4140,20.5315,22.2055,18.9627
2024-10-08 23:00:00+00:00,0.0000,0.0000,0.0000,0.2062,45.0678
2024-10-09 00:00:00+00:00,3.6175,5.4533,2.4346,17.9609,55.0249
2024-10-09 01:00:00+00:00,10.9394,19.0489,11.3833,54.3429,36.5638
2024-10-09 02:00:00+00:00,5.0098,12.0821,9.1023,32.5254,15.9705
2024-10-09 03:00:00+00:00,18.3011,10.6887,10.2977,46.0752,17.0291
2024-10-09 04:00:00+00:00,24.5378,23.5863,23.3113,66.4305,22.2121
2024-10-09 05:00:00+00:00,10.2663,13.7982,12.8579,49.3226,19.8000
2024-10-09 06:00:00+00:00,4.3340,8.9094,7.3609,24.3721,16.2946
2024-10-09 07:00:00+00:00,7.6415,11.0225,10.7275,28.3039,20.1993
2024-10-09 08:00:00+00:00,10.3819,13.4940,13.4156,40.7806,24.9917
2024-10-09 09:00:00+00:00,17.2994,22.5555,19.8989,69.5964,32.1395
2024-10-09 10:00:00+00:00,16.6623,18.5429,16.9280,62.0510,16.7984
2024-10-09 11:00:00+00:00,18.7282,21.9599,21.7364,70.7325,18.8008
2024-10-09 12:00:00+00:00,16.8403,19.8294,18.3237,61.7997,2.5569
2024-10-09 13:00:00+00:00,5.4426,7.3946,5.2078,25.1941,2.4985
2024-10-09 14:00:00+00:00,9.8931,13.6677,12.9457,34.7465,0.2644
2024-10-09 15:00:00+00:00,10.1685,11.6226,10.9263,33.8452,2.0942
2024-10-09 16:00:00+00:00,15.2638,20.3327,21.1612,48.1395,16.7817
2024-10-09 17:00:00+00:00,22.1337,31.1179,30.7628,88.7640,29.8858
2024-10-09 18:00:00+00:00,9.0964,11.9836,11.3854,34.1482,39.4811
2024-10-09 19:00:00+00:00,11.4964,15.2621,17.3900,31.3425,24.0319
2024-10-09 20:00:00+00:00,10.2268,9.1443,9.8704,28.1531,10.9830
2024-10-09 21:00:00+00:00,10.4835,9.2107,10.3449,22.7271,24.1240
2024-10-09 22:00:00+00:00,5.0745,5.9448,6.4041,15.8255,22.2061
2024-10-09 23:00:00+00:00,5.7529,5.7353,5.3257,21.8234,10.0113
2024-10-10 00:00:00+00:00,13.2749,15.5910,13.5928,50.8600,28.9540
2024-10-10 01:00:00+00:00,18.6686,19.0771,18.4296,61.9305,9.7791
2024-10-10 02:00:00+00:00,23.9440,23.5616,22.8022,80.3080,11.4764
2024-10-10 03:00:00+00:00,22.5142,25.6602,26.7411,70.8416,21.9700
2024-10-10 04:00:00+00:00,23.8725,26.5953,26.7056,75.7439,16.7815
2024-10-10 05:00:00+00:00,21.4603,21.4949,20.9649,67.5977,10.6829
2024-10-10 06:00:00+00:00,22.8968,23.1600,21.6055,77.6422,7.2877
2024-10-10 07:00:00+00:00,29.1317,30.5602,28.1198,102.6926,11.8133
2024-10-10 08:00:00+00:00,29.8115,31.4048,28.4131,106.9078,13.4801
2024-10-10 09:00:00+00:00,39.4418,39.8637,40.1943,130.5519,11.6569
2024-10-10 10:00:00+00:00,25.5702,28.3315,28.0851,83.8712,6.8100
2024-10-10 11:00:00+00:00,34.8032,38.7568,38.2158,113.4215,11.4387
2024-10-10 12:00:00+00:00,53.0063,60.7809,60.5117,169.9868,11.4056
2024-10-10 13:00:00+00:00,24.2461,24.0297,24.7956,70.6841,15.1437
2024-10-10 14:00:00+00:00,40.2929,45.1404,43.2752,128.4425,6.7513
2024-10-10 15:00:00+00:00,32.6042,37.7246,35.8119,110.0112,5.0142
2024-10-10 16:00:00+00:00,34.3168,41.8564,39.5720,119.0232,18.8290
2024-10-10 17:00:00+00:00,41.0467,48.9062,45.6955,130.2131,21.1372
2024-10-10 18:00:00+00:00,31.3442,33.6250,33.4598,98.0781,22.8852
2024-10-10 19:00:00+00:00,32.9268,37.6728,37.1695,103.1249,18.1017
2024-10-10 20:00:00+00:00,35.0485,39.6946,39.7264,108.1349,14.1272
2024-10-10 21:00:00+00:00,39.3869,44.4517,45.0874,125.4164,20.4129
2024-10-10 22:00:00+00:00,47.3277,54.9991,57.6758,142.5382,24.7246
2024-10-10 23:00:00+00:00,49.1026,55.1199,59.2817,150.7076,28.3241
2024-10-11 00:00:00+00:00,60.0297,66.7010,67.7318,190.0265,26.7789
2024-10-11 01:00:00+00:00,52.2245,54.2934,54.5776,157.8668,9.0426
2024-10-11 02:00:00+00:00,28.7983,31.1085,33.2391,90.7528,3.3393
2024-10-11 03:00:00+00:00,31.1001,32.9677,24.2249,102.7369,9.1457
2024-10-11 04:00:00+00:00,46.7020,52.7207,50.4202,154.6919,16.5076
2024-10-11 05:00:00+00:00,33.8845,34.8385,36.0837,106.1530,12.0000
2024-10-11 06:00:00+00:00,37.8133,38.7578,39.9273,118.6728,16.4855
2024-10-11 07:00:00+00:00,23.5427,24.4995,23.9146,80.3048,12.8259
2024-10-11 08:00:00+00:00,27.1445,31.0106,29.4210,93.1474,10.1883
2024-10-11 09:00:00+00:00,32.8391,37.5447,35.4964,114.8255,14.8436
2024-10-11 10:00:00+00:00,26.9996,30.8662,29.2040,93.6735,14.9623
2024-10-11 11:00:00+00:00,35.3536,40.6766,39.3514,117.1255,28.1398
2024-10-11 12:00:00+00:00,37.8835,40.7963,38.7960,125.9698,47.3779
2024-10-11 13:00:00+00:00,31.1629,33.6628,30.6070,102.8753,34.4488
2024-10-11 14:00:00+00:00,26.7694,29.4800,26.5234,84.2326,26.6216
2024-10-11 15:00:00+00:00,38.1826,43.4051,43.9253,114.1239,41.2508
2024-10-11 16:00:00+00:00,60.5512,73.0572,73.9857,180.6584,49.7124
2024-10-11 17:00:00+00:00,46.4567,56.6163,57.1311,140.9668,57.7505
2024-10-11 18:00:00+00:00,47.4433,60.6844,62.2924,140.7902,71.6383
2024-10-11 19:00:00+00:00,55.8138,69.4425,70.8345,168.5691,76.9766
2024-10-11 20:00:00+00:00,67.7308,88.0930,91.7810,201.8892,78.5168
2024-10-11 21:00:00+00:00,71.0764,85.3622,86.4866,206.4314,79.3255
2024-10-11 22:00:00+00:00,77.3058,94.3244,99.0712,209.2393,66.6857
2024-10-11 23:00:00+00:00,79.9710,97.5838,104.0442,213.4124,63.4866
2024-10-12 00:00:00+00:00,81.0000,100.5000,106.5000,215.2000,79.3704
2024-10-12 01:00:00+00:00,81.0000,100.5000,106.5000,215.2000,79.9000
2024-10-12 02:00:00+00:00,80.8734,100.4812,105.7300,215.2000,79.9000
2024-10-12 03:00:00+00:00,81.0000,100.0249,106.1251,215.2000,79.9000
2024-10-12 04:00:00+00:00,80.8878,99.4451,105.1649,215.2000,79.9000
2024-10-12 05:00:00+00:00,81.0000,100.5000,106.5000,215.2000,79.9000
2024-10-12 06:00:00+00:00,81.0000,100.5000,106.5000,215.2000,79.9000
2024-10-12 07:00:00+00:00,81.0000,100.5000,106.5000,215.2000,79.9000
2024-10-12 08:00:00+00:00,81.0000,100.5000,106.5000,215.2000,79.7097
2024-10-12 09:00:00+00:00,81.0000,100.4443,106.5000,215.2000,79.9000
2024-10-12 10:00:00+00:00,81.0000,100.2362,105.7024,215.1760,77.7823
2024-10-12 11:00:00+00:00,81.0000,98.1939,103.5185,213.4454,56.2105
2024-10-12 12:00:00+00:00,81.0000,98.5792,104.9655,214.7542,41.2879
2024-10-12 13:00:00+00:00,81.0000,99.8466,106.2357,215.0181,53.4318
2024-10-12 14:00:00+00:00,81.0000,99.7334,104.5052,215.2000,45.3311
2024-10-12 15:00:00+00:00,80.7730,97.7968,102.9586,215.0206,38.3880
2024-10-12 16:00:00+00:00,79.8134,96.4220,101.8446,213.4036,25.7800
2024-10-12 17:00:00+00:00,80.0355,97.6270,103.0970,214.9524,27.5620
2024-10-12 18:00:00+00:00,77.1306,88.1963,91.0656,207.0820,18.5874
2024-10-12 19:00:00+00:00,66.3340,75.5632,74.6023,193.4991,20.6059
2024-10-12 20:00:00+00:00,54.7582,59.4718,61.6946,158.1415,25.7770
2024-10-12 21:00:00+00:00,56.4563,64.7866,67.5453,164.7921,21.0831
2024-10-12 22:00:00+00:00,30.2597,31.0448,29.9714,96.7956,17.0506
2024-10-12 23:00:00+00:00,30.4518,32.6082,33.0743,94.3565,21.3495
2024-10-13 00:00:00+00:00,28.7841,31.6097,31.0597,98.5005,19.3599
2024-10-13 01:00:00+00:00,26.3898,27.9644,29.3493,80.0763,22.0518
2024-10-13 02:00:00+00:00,22.2426,27.3803,24.6017,84.6466,10.8514
2024-10-13 03:00:00+00:00,25.3696,29.7943,26.3902,86.3355,4.1869
2024-10-13 04:00:00+00:00,26.2958,22.7225,23.1263,71.9455,1.5868
2024-10-13 05:00:00+00:00,25.9216,23.3963,23.8659,76.3180,1.1364
2024-10-13 06:00:00+00:00,15.2485,13.7431,13.1713,48.6172,0.0000
2024-10-13 07:00:00+00:00,11.9452,13.2814,12.1039,42.8036,0.0000
2024-10-13 08:00:00+00:00,3.4289,3.5659,2.9142,14.8206,3.5004
2024-10-13 09:00:00+00:00,1.0793,1.0547,0.2171,5.9943,9.2641
2024-10-13 10:00:00+00:00,0.0000,0.0000,0.0000,0.0000,10.2166
2024-10-13 11:00:00+00:00,0.0000,0.0000,0.0000,0.0000,4.1653
2024-10-13 12:00:00+00:00,0.1137,0.5091,0.3302,2.4150,1.6489
2024-10-13 13:00:00+00:00,0.7286,0.0385,0.0033,0.5368,0.0695
2024-10-13 14:00:00+00:00,0.0000,0.0000,0.0000,0.0000,0.0000
2024-10-13 15:00:00+00:00,0.0000,0.0000,0.0000,0.0000,1.4669
2024-10-13 16:00:00+00:00,0.0000,0.0000,0.0000,0.0000,8.3298
2024-10-13 17:00:00+00:00,0.0000,0.0000,0.0000,0.0000,1.9611
2024-10-13 18:00:00+00:00,1.0606,0.7649,0.7921,3.8602,2.7399
2024-10-13 19:00:00+00:00,4.7783,2.7620,3.4037,7.1142,7.9390
2024-10-13 20:00:00+00:00,4.6942,6.5372,8.1703,10.3938,8.5279
2024-10-13 21:00:00+00:00,3.2918,4.4587,4.8958,9.7676,11.0026
2024-10-13 22:00:00+00:00,3.1916,5.1629,4.4586,14.5588,25.8086
2024-10-13 23:00:00+00:00,4.1522,5.0843,5.9329,10.7472,12.1618
2024-10-14 00:00:00+00:00,8.8143,8.2873,11.8950,18.1940,19.6723
2024-10-14 01:00:00+00:00,5.3275,9.2308,10.8778,15.4464,7.9641
2024-10-14 02:00:00+00:00,5.8882,10.3935,13.8111,13.6224,16.3298
2024-10-14 03:00:00+00:00,6.8066,10.1370,13.4617,17.9991,9.4992
2024-10-14 04:00:00+00:00,6.2765,9.4919,9.1612,27.1285,19.4857
2024-10-14 05:00:00+00:00,10.6476,13.7442,15.0211,29.4467,21.0328
2024-10-14 06:00:00+00:00,11.1924,16.0144,17.8608,29.9812,24.0092
2024-10-14 07:00:00+00:00,10.5970,14.3675,14.9585,32.5971,24.9219
2024-10-14 08:00:00+00:00,10.3751,16.4352,17.5207,41.4508,25.5127
2024-10-14 09:00:00+00:00,12.7951,16.0163,17.1688,34.7271,23.4429
2024-10-14 10:00:00+00:00,14.4676,15.8824,18.0709,34.6850,42.5088
2024-10-14 11:00:00+00:00,22.0636,26.1601,27.5649,66.6785,55.3536
2024-10-14 12:00:00+00:00,15.3266,16.6084,18.3268,46.5272,60.6889
2024-10-14 13:00:00+00:00,17.3860,16.9085,21.5265,41.3785,56.5997
2024-10-14 14:00:00+00:00,11.3566,10.2439,12.3903,27.2162,53.8050
2024-10-14 15:00:00+00:00,12.5377,14.9071,14.9156,38.1671,47.2406
2024-10-14 16:00:00+00:00,10.4956,13.2361,15.1682,34.5417,52.6648
2024-10-14 17:00:00+00:00,16.0101,18.5883,21.5322,46.2025,65.0089
2024-10-14 18:00:00+00:00,18.1962,30.6266,31.6294,64.9780,57.9386
2024-10-14 19:00:00+00:00,28.9180,39.8121,42.8625,88.6683,43.3632
2024-10-14 20:00:00+00:00,22.3929,22.1578,18.6581,71.5112,39.9878
2024-10-14 21:00:00+00:00,14.7805,8.0614,8.5033,27.2584,27.9691
2024-10-14 22:00:00+00:00,7.6696,2.8980,3.3536,14.4044,30.6813
2024-10-14 23:00:00+00:00,4.8937,1.3334,1.6681,8.0882,45.6969
2024-10-15 00:00:00+00:00,18.8346,14.2239,17.2817,46.8062,34.2459
2024-10-15 01:00:00+00:00,20.5390,15.9779,18.5892,54.3897,29.6035
2024-10-15 02:00:00+00:00,17.0429,14.4645,17.8227,46.3415,50.4083
2024-10-15 03:00:00+00:00,20.8245,22.1622,26.0743,60.9746,50.6985
2024-10-15 04:00:00+00:00,17.1882,17.0786,19.2427,52.0301,46.8100
2024-10-15 05:00:00+00:00,18.6099,18.1832,18.7398,56.3035,36.5444
2024-10-15 06:00:00+00:00,16.8627,15.5507,14.9859,54.2179,20.9123
2024-10-15 07:00:00+00:00,15.9211,17.7447,17.9780,52.9140,15.6736
2024-10-15 08:00:00+00:00,19.1242,23.1370,22.8099,65.6292,13.3548
2024-10-15 09:00:00+00:00,26.4163,28.4775,28.7657,84.9433,11.6722
2024-10-15 10:00:00+00:00,29.9863,31.9169,30.9074,94.0771,10.4205
2024-10-15 11:00:00+00:00,27.3751,27.6209,26.3091,86.8720,17.7399
2024-10-15 12:00:00+00:00,30.2608,35.1433,33.8058,107.4464,16.9786
2024-10-15 13:00:00+00:00,30.0503,31.3641,31.7799,97.4273,17.0856
2024-10-15 14:00:00+00:00,40.7262,37.2434,36.6789,124.9624,23.3576
2024-10-15 15:00:00+00:00,42.3246,41.7714,44.2494,129.0675,16.7400
2024-10-15 16:00:00+00:00,49.7607,45.0848,50.3636,123.0400,21.8760
2024-10-15 17:00:00+00:00,47.5924,48.5175,48.4062,136.5997,30.3492
2024-10-15 18:00:00+00:00,62.0931,71.4526,70.1980,200.2614,22.5582
2024-10-15 19:00:00+00:00,51.4612,54.8936,57.3290,156.5225,27.3298
2024-10-15 20:00:00+00:00,77.6355,94.9231,101.0490,203.1797,42.8276
2024-10-15 21:00:00+00:00,51.2266,91.2148,82.7000,202.0904,39.9753
2024-10-15 22:00:00+00:00,48.2125,47.2043,62.9008,116.9619,34.2005
2024-10-15 23:00:00+00:00,49.8518,57.7742,60.6252,155.4490,31.4493
2024-10-16 00:00:00+00:00,41.5066,44.9375,61.8476,121.1375,52.6703
2024-10-16 01:00:00+00:00,46.3978,42.4751,48.4154,124.0795,65.8942
2024-10-16 02:00:00+00:00,39.5402,43.5135,50.6591,91.3474,75.9568
2024-10-16 03:00:00+00:00,20.9297,18.8077,18.0950,61.8287,64.0651
2024-10-16 04:00:00+00:00,34.2928,29.7756,30.6905,102.4986,33.7957
2024-10-16 05:00:00+00:00,29.4864,27.5683,31.5120,73.4290,39.1080
2024-10-16 06:00:00+00:00,35.2527,38.4469,42.0019,95.6614,45.7951
2024-10-16 07:00:00+00:00,17.0655,12.6706,13.0939,58.3012,66.9653
2024-10-16 08:00:00+00:00,41.7745,37.1521,49.1400,99.9358,61.1541
2024-10-16 09:00:00+00:00,40.0680,37.3888,42.2360,114.1031,40.5110
2024-10-16 10:00:00+00:00,38.9050,37.5457,40.2927,111.1919,41.4722
2024-10-16 11:00:00+00:00,47.2859,43.8864,46.5248,132.0256,26.9050
2024-10-16 12:00:00+00:00,51.6217,47.3112,48.9878,148.0221,36.8288
2024-10-16 13:00:00+00:00,33.5459,29.9207,31.3831,90.2895,28.3172
2024-10-16 14:00:00+00:00,26.4934,25.9951,25.9326,76.5789,20.1138
2024-10-16 15:00:00+00:00,22.6869,24.0410,22.9003,71.9471,20.9298
2024-10-16 16:00:00+00:00,34.3190,36.5634,38.9137,97.7282,19.9807
2024-10-16 17:00:00+00:00,35.8771,39.3986,40.8660,105.9038,20.7733
2024-10-16 18:00:00+00:00,37.9780,42.4500,41.9501,116.0724,36.0175
2024-10-16 19:00:00+00:00,41.7438,44.9907,48.4681,119.0122,15.9558
2024-10-16 20:00:00+00:00,29.8524,34.3544,34.5204,95.0145,12.3136
2024-10-16 21:00:00+00:00,30.0515,33.3996,36.1573,88.1885,9.8232
2024-10-16 22:00:00+00:00,37.1797,37.9405,40.1278,102.7150,5.1217
2024-10-16 23:00:00+00:00,28.4083,30.9177,31.1086,86.4769,3.5499
2024-10-17 00:00:00+00:00,23.3447,23.6475,28.1752,68.0924,7.5359
2024-10-17 01:00:00+00:00,29.5836,29.0467,30.3857,92.3880,8.6376
2024-10-17 02:00:00+00:00,29.3242,31.7536,32.6698,104.0515,1.8746
2024-10-17 03:00:00+00:00,19.8905,21.8553,19.7075,76.1564,0.0000
2024-10-17 04:00:00+00:00,14.0380,17.7213,16.1370,57.6478,0.0000
2024-10-17 05:00:00+00:00,12.7952,17.3900,15.2000,57.9479,0.0000
2024-10-17 06:00:00+00:00,13.5983,17.0776,15.1204,61.5632,0.0000
2024-10-17 07:00:00+00:00,7.0742,8.4656,7.1799,30.2722,0.0000
2024-10-17 08:00:00+00:00,3.6553,3.7188,2.8400,16.0596,0.0000
2024-10-17 09:00:00+00:00,4.0497,7.1374,5.5739,26.1777,0.0000
2024-10-17 10:00:00+00:00,6.5065,9.5808,7.3832,37.0080,0.0000
2024-10-17 11:00:00+00:00,5.4332,5.8788,4.6376,24.8895,0.0000
2024-10-17 12:00:00+00:00,2.8562,5.3435,3.8690,17.9172,0.0515
2024-10-17 13:00:00+00:00,0.0393,0.8414,0.3112,3.9654,0.0000
2024-10-17 14:00:00+00:00,1.1770,3.0698,2.2702,8.7849,0.0539
2024-10-17 15:00:00+00:00,1.0315,3.6019,3.2377,7.4041,0.0000
2024-10-17 16:00:00+00:00,3.2999,5.5879,5.0725,12.9807,1.5258
2024-10-17 17:00:00+00:00,4.6735,6.3283,5.3562,17.4720,2.8776
2024-10-17 18:00:00+00:00,7.1383,8.2728,7.7639,22.9398,5.0358
2024-10-17 19:00:00+00:00,5.4139,5.7532,5.1572,17.1520,2.4901
2024-10-17 20:00:00+00:00,2.2929,3.3417,2.7506,9.0595,0.0358
2024-10-17 21:00:00+00:00,4.5769,6.3998,5.3996,18.2280,0.3172
2024-10-17 22:00:00+00:00,5.4597,6.6744,5.7223,23.1031,8.3942
2024-10-17 23:00:00+00:00,9.0801,9.5667,8.3830,34.8107,14.3560
2024-10-18 00:00:00+00:00,18.1818,21.7839,19.2129,74.6651,6.4127
2024-10-18 01:00:00+00:00,8.3610,9.0292,7.4140,36.1933,10.0788
2024-10-18 02:00:00+00:00,6.7375,7.9755,6.4754,30.3912,14.2977
2024-10-18 03:00:00+00:00,10.6916,11.1711,9.8802,43.6839,10.0545
2024-10-18 04:00:00+00:00,18.4718,13.8009,12.4763,60.5326,25.1671
2024-10-18 05:00:00+00:00,22.9131,15.5733,12.9255,72.1376,26.8749
2024-10-18 06:00:00+00:00,18.4672,17.4265,14.6229,71.8279,4.4053
2024-10-18 07:00:00+00:00,16.6197,16.2795,14.7323,64.3512,1.2101
2024-10-18 08:00:00+00:00,8.2358,14.3175,11.8777,44.5379,0.0122
2024-10-18 09:00:00+00:00,17.1313,18.1455,17.2965,61.6721,0.4896
2024-10-18 10:00:00+00:00,7.9667,5.5819,4.7452,26.5189,0.1556
2024-10-18 11:00:00+00:00,0.5351,0.0036,0.0000,4.3711,0.0071
2024-10-18 12:00:00+00:00,0.0000,0.0000,0.0000,0.0000,0.1699
2024-10-18 13:00:00+00:00,0.0000,0.0000,0.0000,0.1877,6.7086
2024-10-18 14:00:00+00:00,0.0000,0.0000,0.0000,0.0000,5.2232
2024-10-18 15:00:00+00:00,0.0000,0.0000,0.0000,0.0000,2.0724
2024-10-18 16:00:00+00:00,0.0000,0.0097,0.0232,0.0551,0.3734
2024-10-18 17:00:00+00:00,2.4792,3.2551,3.5956,6.4885,3.5265
2024-10-18 18:00:00+00:00,5.3273,6.3982,6.1716,16.2865,5.2955
2024-10-18 19:00:00+00:00,7.4666,8.9383,8.4050,24.3051,4.0503
2024-10-18 20:00:00+00:00,4.7182,7.4881,6.9313,18.7687,3.6489
2024-10-18 21:00:00+00:00,5.2320,6.7048,6.3714,19.5744,4.3655
2024-10-18 22:00:00+00:00,5.1317,5.8492,5.1763,20.5072,6.0332
2024-10-18 23:00:00+00:00,9.2359,10.2115,9.6518,33.3855,4.2723
2024-10-19 00:00:00+00:00,18.1535,22.6848,18.1040,77.8933,5.8906
2024-10-19 01:00:00+00:00,21.0979,29.3841,26.4316,82.5376,3.8135
2024-10-19 02:00:00+00:00,14.3297,20.9522,17.8143,62.7684,1.9267
2024-10-19 03:00:00+00:00,21.2535,24.0484,21.4822,82.1192,0.0000
2024-10-19 04:00:00+00:00,20.0418,27.7819,24.1685,78.6283,3.1242
2024-10-19 05:00:00+00:00,19.1884,27.1688,23.5925,81.5594,2.1206
2024-10-19 06:00:00+00:00,14.2540,19.5585,17.2387,60.5549,4.8410
2024-10-19 07:00:00+00:00,8.4886,10.5170,6.9086,41.4151,15.4469
2024-10-19 08:00:00+00:00,6.7702,6.0977,4.9385,23.5430,16.1685
2024-10-19 09:00:00+00:00,3.3288,2.6470,3.1562,7.9898,26.3378
2024-10-19 10:00:00+00:00,19.7228,25.6098,22.5511,70.2211,8.9935
2024-10-19 11:00:00+00:00,12.2065,18.9292,17.4949,55.9263,9.1112
2024-10-19 12:00:00+00:00,15.7706,23.2108,20.9636,70.3311,7.1886
2024-10-19 13:00:00+00:00,15.2035,22.9262,16.7109,68.7088,4.1732
2024-10-19 14:00:00+00:00,9.1648,11.7186,6.6860,28.3313,0.0000
2024-10-19 15:00:00+00:00,1.6528,4.4758,3.2304,9.7732,0.0000
2024-10-19 16:00:00+00:00,1.7484,3.7382,3.3758,8.3122,0.2418
2024-10-19 17:00:00+00:00,6.2264,7.7137,7.6315,18.5546,1.7659
2024-10-19 18:00:00+00:00,5.6420,7.4131,7.7910,17.6659,1.1491
2024-10-19 19:00:00+00:00,4.7550,5.1829,5.0533,14.2840,1.2714
2024-10-19 20:00:00+00:00,5.9895,6.3111,6.5467,15.9818,3.9115
2024-10-19 21:00:00+00:00,6.7423,7.9423,8.2387,19.5205,6.2969
2024-10-19 22:00:00+00:00,9.6095,14.7900,13.3560,42.1321,11.7964
2024-10-19 23:00:00+00:00,20.7021,26.0964,23.4425,76.2726,19.3492
2024-10-20 00:00:00+00:00,30.3257,39.1522,34.7926,121.5342,32.8266
2024-10-20 01:00:00+00:00,36.8410,45.1367,35.4959,158.7431,29.1759
2024-10-20 02:00:00+00:00,34.5174,39.4701,33.4855,169.4219,23.5572
2024-10-20 03:00:00+00:00,40.5951,49.3111,34.0154,188.6057,21.4908
2024-10-20 04:00:00+00:00,29.2682,39.2711,24.5779,181.7090,27.9740
2024-10-20 05:00:00+00:00,37.9324,50.0916,43.3273,167.3016,24.4186
2024-10-20 06:00:00+00:00,40.3292,52.6621,46.5122,172.5120,27.0275
2024-10-20 07:00:00+00:00,28.5658,35.6771,33.3447,113.5254,27.4229
2024-10-20 08:00:00+00:00,23.1517,34.6320,30.4684,104.7294,44.3249
2024-10-20 09:00:00+00:00,27.2859,35.9759,33.4741,106.1798,33.3282
2024-10-20 10:00:00+00:00,35.2863,42.3288,40.7369,116.5442,32.0543
2024-10-20 11:00:00+00:00,30.2769,38.3347,38.6218,108.7494,40.7098
2024-10-20 12:00:00+00:00,34.4160,40.3924,41.5990,108.7561,34.9502
2024-10-20 13:00:00+00:00,19.9427,19.6661,17.1530,74.6415,43.0291
2024-10-20 14:00:00+00:00,8.2122,10.0032,10.9488,37.9855,24.9022
2024-10-20 15:00:00+00:00,12.5088,15.8926,15.1738,40.0253,25.0010
2024-10-20 16:00:00+00:00,10.9644,13.0488,12.6959,31.6286,23.4968
2024-10-20 17:00:00+00:00,17.7153,17.9764,18.3092,44.2010,20.8528
2024-10-20 18:00:00+00:00,32.3141,32.0083,34.3987,76.7854,34.8868
2024-10-20 19:00:00+00:00,34.3461,42.5026,43.6418,105.0297,50.7297
2024-10-20 20:00:00+00:00,39.1688,44.3978,46.6346,122.9114,54.4544
2024-10-20 21:00:00+00:00,61.8125,60.2326,65.0195,176.7487,58.4212
2024-10-20 22:00:00+00:00,74.8953,75.9791,79.9735,205.7271,47.2491
2024-10-20 23:00:00+00:00,77.4393,83.6992,88.6295,208.3193,40.5966
2024-10-21 00:00:00+00:00,78.7073,96.6802,101.5905,214.1987,47.7980
2024-10-21 01:00:00+00:00,79.7802,98.1911,103.3492,215.2000,50.7057
2024-10-21 02:00:00+00:00,78.6926,96.9835,101.6569,214.5427,65.9722
2024-10-21 03:00:00+00:00,78.1997,96.4415,101.2334,213.3500,74.9071
2024-10-21 04:00:00+00:00,77.4362,96.0170,99.5075,212.2637,77.6366
2024-10-21 05:00:00+00:00,73.6631,88.7229,85.9384,208.4807,77.6068
2024-10-21 06:00:00+00:00,55.6502,66.5932,63.1308,192.0921,77.4212
2024-10-21 07:00:00+00:00,50.0591,60.4384,58.6174,169.5274,77.4975
2024-10-21 08:00:00+00:00,42.9077,59.6853,57.4227,162.9644,79.5439
2024-10-21 09:00:00+00:00,57.8462,73.3636,72.2559,192.8467,79.3978
2024-10-21 10:00:00+00:00,39.8985,51.2694,49.6398,141.2484,77.8031
2024-10-21 11:00:00+00:00,34.8134,42.6986,42.1346,120.6756,78.3918
2024-10-21 12:00:00+00:00,36.9311,43.3537,43.0842,124.2730,78.3873
2024-10-21 13:00:00+00:00,32.0650,38.9121,39.1766,109.4348,65.9049
2024-10-21 14:00:00+00:00,20.8827,27.2725,26.0576,74.9562,66.1196
2024-10-21 15:00:00+00:00,13.2014,15.1775,14.8649,41.2692,50.2293
2024-10-21 16:00:00+00:00,18.1731,23.1699,24.6276,52.6928,56.2483
2024-10-21 17:00:00+00:00,29.0088,34.6939,37.3908,77.0025,56.9155
2024-10-21 18:00:00+00:00,30.7806,37.9239,39.4446,92.0185,57.5285
2024-10-21 19:00:00+00:00,34.9200,41.6557,42.6774,108.0462,74.4782
2024-10-21 20:00:00+00:00,29.6538,35.2469,37.7056,89.4869,71.8913
2024-10-21 21:00:00+00:00,38.5002,49.7809,51.3170,127.3986,68.3932
2024-10-21 22:00:00+00:00,27.5168,36.0059,35.4324,101.9005,74.6513
2024-10-21 23:00:00+00:00,37.6798,42.4001,41.4979,126.8611,73.3656
2024-10-22 00:00:00+00:00,29.7807,31.6717,31.7205,100.6235,77.0102
2024-10-22 01:00:00+00:00,32.1148,39.1599,36.6889,116.9474,74.2789
2024-10-22 02:00:00+00:00,15.5583,23.4111,21.1829,72.6756,72.3051
2024-10-22 03:00:00+00:00,21.3028,28.3870,27.7886,80.7599,61.9594
2024-10-22 04:00:00+00:00,16.1037,22.9202,20.5622,69.6401,50.7546
2024-10-22 05:00:00+00:00,9.4247,12.6226,10.5761,43.3026,27.9101
2024-10-22 06:00:00+00:00,1.7916,2.7954,1.6951,16.6504,15.4423
2024-10-22 07:00:00+00:00,0.0000,0.0000,0.0000,0.0000,28.5582
2024-10-22 08:00:00+00:00,0.0000,0.0000,0.0000,0.0000,31.7315
2024-10-22 09:00:00+00:00,0.0000,0.0000,0.2429,0.0000,30.3893
2024-10-22 10:00:00+00:00,0.2915,0.4007,3.2948,0.0694,13.5616
2024-10-22 11:00:00+00:00,0.3963,1.0029,1.4611,0.5730,4.9988
2024-10-22 12:00:00+00:00,7.7406,8.8085,10.9716,15.3879,2.9274
2024-10-22 13:00:00+00:00,8.3699,7.7006,10.3190,14.5383,14.4137
2024-10-22 14:00:00+00:00,3.9239,0.3692,1.9047,1.2725,7.6683
2024-10-22 15:00:00+00:00,3.1720,0.2485,1.1347,1.0522,3.4970
2024-10-22 16:00:00+00:00,3.3944,0.4390,0.5055,1.7366,1.8509
2024-10-22 17:00:00+00:00,3.3284,0.9103,2.5514,2.2720,7.9138
2024-10-22 18:00:00+00:00,7.0903,3.1146,6.0806,5.9899,2.1316
2024-10-22 19:00:00+00:00,5.3377,1.8513,2.8793,6.6669,9.8971
2024-10-22 20:00:00+00:00,5.5262,0.6746,0.7928,6.8534,9.8830
2024-10-22 21:00:00+00:00,1.1778,0.0000,0.0000,0.8539,8.7338
2024-10-22 22:00:00+00:00,3.4144,0.7125,0.6674,4.5429,6.4408
2024-10-22 23:00:00+00:00,8.6799,6.0228,5.4964,17.9510,15.1066
2024-10-23 00:00:00+00:00,7.6287,4.3093,4.2446,12.5178,27.7776
2024-10-23 01:00:00+00:00,31.2020,27.3102,26.2984,64.8278,50.9147
2024-10-23 02:00:00+00:00,55.5725,59.6984,38.5699,176.6990,49.8669
2024-10-23 03:00:00+00:00,69.6413,79.6832,63.5461,181.0714,33.6123
2024-10-23 04:00:00+00:00,72.1824,87.0255,62.5869,176.4451,46.6694
2024-10-23 05:00:00+00:00,68.8563,87.7101,54.3023,203.0952,62.5435
2024-10-23 06:00:00+00:00,75.9782,83.7902,55.0101,204.2654,79.0340
2024-10-23 07:00:00+00:00,79.9777,99.0778,105.1178,215.2000,79.8057
2024-10-23 08:00:00+00:00,79.5810,98.4241,105.1924,215.1030,79.9000
2024-10-23 09:00:00+00:00,79.4883,98.1993,105.0891,214.9892,79.9000
2024-10-23 10:00:00+00:00,79.3448,97.9171,105.3433,214.4927,79.9000
2024-10-23 11:00:00+00:00,79.9906,99.4820,103.9688,214.8013,79.9000
2024-10-23 12:00:00+00:00,76.2477,89.7253,88.9300,209.7130,79.9000
2024-10-23 13:00:00+00:00,78.1251,95.9798,102.3993,214.1695,79.8632
2024-10-23 14:00:00+00:00,78.0866,96.9271,103.5212,212.5405,77.4164
2024-10-23 15:00:00+00:00,68.5224,88.1140,92.4515,205.3545,76.5521
2024-10-23 16:00:00+00:00,40.3030,48.2446,51.1877,131.5566,76.2032
2024-10-23 17:00:00+00:00,34.2184,35.5968,44.0486,94.3819,77.7254
2024-10-23 18:00:00+00:00,53.3181,58.7531,74.1884,137.7107,77.3968
2024-10-23 19:00:00+00:00,54.7408,78.2140,90.0310,169.7735,76.6054
2024-10-23 20:00:00+00:00,40.0469,42.8118,57.3154,100.1408,41.8937
2024-10-23 21:00:00+00:00,31.4762,39.9828,59.6205,77.5704,34.8223
2024-10-23 22:00:00+00:00,34.1085,48.3992,62.5467,115.1731,41.7327
2024-10-23 23:00:00+00:00,29.3948,51.7846,51.3448,128.9045,34.6047
2024-10-24 00:00:00+00:00,42.6490,44.8208,60.3489,122.9044,14.6598
2024-10-24 01:00:00+00:00,35.7288,48.0823,47.4841,132.2029,58.7403
2024-10-24 02:00:00+00:00,20.6925,34.3246,36.0473,84.1160,45.3762
2024-10-24 03:00:00+00:00,72.9837,53.8855,63.7549,159.9790,32.3822
2024-10-24 04:00:00+00:00,30.6999,50.4710,39.2285,138.0414,38.1362
2024-10-24 05:00:00+00:00,27.6854,27.0675,28.2766,76.0131,66.8858
2024-10-24 06:00:00+00:00,25.6651,23.2883,22.9425,75.6956,55.0426
2024-10-24 07:00:00+00:00,25.0176,24.4448,24.9385,84.5810,51.2603
2024-10-24 08:00:00+00:00,30.3888,26.1051,23.1475,96.8327,12.4734
2024-10-24 09:00:00+00:00,21.0345,22.6849,21.0309,71.6113,15.6680
2024-10-24 10:00:00+00:00,17.4562,15.2322,14.1130,55.5045,15.8622
2024-10-24 11:00:00+00:00,13.8734,16.6531,15.2289,50.0765,17.7722
2024-10-24 12:00:00+00:00,12.9210,13.0821,13.1224,38.8663,5.6413
2024-10-24 13:00:00+00:00,5.8724,5.4109,5.0218,18.0469,9.5236
2024-10-24 14:00:00+00:00,3.2073,2.5349,2.4658,8.7239,1.6899
2024-10-24 15:00:00+00:00,2.7886,1.5649,1.6111,7.7711,0.6638
2024-10-24 16:00:00+00:00,1.4935,1.6602,1.4578,5.1874,0.0000
2024-10-24 17:00:00+00:00,4.2025,4.9881,5.1595,11.8587,3.9181
2024-10-24 18:00:00+00:00,6.7694,7.6678,7.5160,21.3634,4.9379
2024-10-24 19:00:00+00:00,10.4787,10.0112,10.5758,28.8197,19.6830
2024-10-24 20:00:00+00:00,4.1596,4.9754,4.4170,14.5602,9.6657
2024-10-24 21:00:00+00:00,2.2664,2.9373,3.1994,6.6797,5.9058
2024-10-24 22:00:00+00:00,3.9482,5.2941,4.9445,13.4958,0.6347
2024-10-24 23:00:00+00:00,9.8061,11.3415,11.9537,34.5316,6.2518
2024-10-25 00:00:00+00:00,18.1579,20.5037,20.2432,66.5259,0.0661
2024-10-25 01:00:00+00:00,16.0265,17.7186,18.2051,53.6537,1.0624
2024-10-25 02:00:00+00:00,16.5994,15.3315,14.4435,57.1988,0.0000
2024-10-25 03:00:00+00:00,12.0970,11.1628,9.9103,43.6749,1.9500
2024-10-25 04:00:00+00:00,4.9149,4.8174,4.2840,19.1396,0.0000
2024-10-25 05:00:00+00:00,6.3263,8.7029,8.0006,28.3062,1.0609
2024-10-25 06:00:00+00:00,3.5494,5.8224,4.0326,21.7343,0.0000
2024-10-25 07:00:00+00:00,4.8970,7.9281,6.7596,25.2676,1.1071
2024-10-25 08:00:00+00:00,1.0074,1.8925,1.3233,8.7254,1.6874
2024-10-25 09:00:00+00:00,0.0000,1.3980,0.5941,5.9834,1.0256
2024-10-25 10:00:00+00:00,0.0000,0.0000,0.0000,0.0000,0.0000
2024-10-25 11:00:00+00:00,0.1019,0.0000,0.0000,0.0000,0.0000
2024-10-25 12:00:00+00:00,9.8663,8.0912,14.2022,13.4955,0.8452
2024-10-25 13:00:00+00:00,1.4181,2.7104,4.2849,1.7643,1.6617
2024-10-25 14:00:00+00:00,0.0000,0.0000,0.0000,0.0000,0.5611
2024-10-25 15:00:00+00:00,0.0000,0.0000,0.0000,0.0000,0.0000
2024-10-25 16:00:00+00:00,0.0000,0.0000,0.0000,0.0000,0.5413
2024-10-25 17:00:00+00:00,0.0000,0.0000,0.0000,0.0000,0.0000
2024-10-25 18:00:00+00:00,0.0000,0.0000,0.0000,0.0000,0.0000
2024-10-25 19:00:00+00:00,0.0000,0.0000,0.0000,0.0000,0.0000
2024-10-25 20:00:00+00:00,0.0000,0.0000,0.0000,0.0000,6.7373
2024-10-25 21:00:00+00:00,0.0081,0.0000,0.0000,0.0483,4.8664
2024-10-25 22:00:00+00:00,0.0000,0.0000,0.0000,0.0000,1.3199
2024-10-25 23:00:00+00:00,0.0000,0.0000,0.0000,0.0000,9.9421
2024-10-26 00:00:00+00:00,0.0000,0.0000,0.0000,0.0000,5.9728
2024-10-26 01:00:00+00:00,0.0047,0.0000,0.0000,0.0000,34.7178
2024-10-26 02:00:00+00:00,0.0634,0.0000,0.0000,0.0000,48.2920
2024-10-26 03:00:00+00:00,3.9356,1.2378,1.4782,5.8246,47.7440
2024-10-26 04:00:00+00:00,22.8459,27.5227,28.2798,64.3945,75.1126
2024-10-26 05:00:00+00:00,43.6882,56.8488,48.2342,160.5538,57.9875
2024-10-26 06:00:00+00:00,62.4357,69.7465,83.5476,160.0245,63.1105
2024-10-26 07:00:00+00:00,26.5736,33.3750,38.6785,76.8638,77.1493
2024-10-26 08:00:00+00:00,54.8221,66.8493,79.7733,140.6726,74.5085
2024-10-26 09:00:00+00:00,78.2311,96.5793,102.4370,210.4231,76.8156
2024-10-26 10:00:00+00:00,77.0627,89.2821,98.4010,206.0001,71.0188
2024-10-26 11:00:00+00:00,79.2105,96.2146,99.7073,214.0581,75.9373
2024-10-26 12:00:00+00:00,79.0875,94.1237,101.4535,209.8380,75.9701
2024-10-26 13:00:00+00:00,78.1441,93.2495,101.3786,205.0144,52.2092
2024-10-26 14:00:00+00:00,76.8537,84.5329,90.8633,205.6014,77.0115
2024-10-26 15:00:00+00:00,62.3240,69.1302,69.6149,185.5882,57.8036
2024-10-26 16:00:00+00:00,56.8060,68.7533,69.3389,172.4933,49.8842
2024-10-26 17:00:00+00:00,55.5396,58.6203,58.2329,167.7375,58.0371
2024-10-26 18:00:00+00:00,46.1891,50.5508,50.0671,140.7686,44.0247
2024-10-26 19:00:00+00:00,51.5771,54.6461,56.8015,145.0391,45.9003
2024-10-26 20:00:00+00:00,56.7649,55.9943,64.9899,146.7779,44.6503
2024-10-26 21:00:00+00:00,42.8089,52.6397,49.6295,145.6913,50.9884
2024-10-26 22:00:00+00:00,47.1483,53.3349,60.5989,128.4568,34.8615
2024-10-26 23:00:00+00:00,41.1236,36.7797,33.8458,102.5837,60.1137
2024-10-27 00:00:00+00:00,67.6524,76.2948,77.2412,193.4297,50.0537
2024-10-27 01:00:00+00:00,61.3020,66.5071,64.2344,179.8474,19.7632
2024-10-27 02:00:00+00:00,58.1336,52.7599,54.0847,153.7505,42.6002
2024-10-27 03:00:00+00:00,45.7449,40.5314,42.4380,116.2306,50.2649
2024-10-27 04:00:00+00:00,18.9342,17.6892,15.5094,68.6652,27.2369
2024-10-27 05:00:00+00:00,26.5255,22.5370,23.9348,66.8760,23.1679
2024-10-27 06:00:00+00:00,28.5615,30.9065,30.9166,93.1421,5.9198
2024-10-27 07:00:00+00:00,44.0530,45.0264,43.7914,144.5988,0.0000
2024-10-27 08:00:00+00:00,30.4876,34.8012,33.3279,109.7774,0.0000
2024-10-27 09:00:00+00:00,34.9814,42.6061,38.2891,130.7069,8.2886
2024-10-27 10:00:00+00:00,22.8958,26.1322,24.3750,82.0314,21.9992
2024-10-27 11:00:00+00:00,26.9638,33.9054,32.9739,91.5658,24.4391
2024-10-27 12:00:00+00:00,40.3808,56.5280,54.5803,151.3151,37.7244
2024-10-27 13:00:00+00:00,57.6885,79.0771,77.0174,195.8419,27.8746
2024-10-27 14:00:00+00:00,76.3393,94.9732,97.0504,208.5956,28.4069
2024-10-27 15:00:00+00:00,78.5755,85.9311,96.8426,197.8802,36.2182
2024-10-27 16:00:00+00:00,72.3188,69.0124,73.6176,188.5983,44.9651
2024-10-27 17:00:00+00:00,59.1973,62.8334,71.0727,170.0887,58.9131
2024-10-27 18:00:00+00:00,61.6653,84.5297,74.4051,203.8827,64.4121
2024-10-27 19:00:00+00:00,57.1504,61.2190,61.2851,180.1114,72.6475
2024-10-27 20:00:00+00:00,60.5468,67.7376,68.0758,183.3501,76.2075
2024-10-27 21:00:00+00:00,43.3477,44.5331,62.9972,104.9974,56.9777
2024-10-27 22:00:00+00:00,38.1492,40.2978,43.2828,111.1066,48.9919
2024-10-27 23:00:00+00:00,21.8187,19.0914,18.3014,75.9994,43.1319
2024-10-28 00:00:00+00:00,6.4867,5.1711,6.0589,18.0449,15.1560
2024-10-28 01:00:00+00:00,1.2041,6.1986,1.3565,18.8388,3.8358
2024-10-28 02:00:00+00:00,13.3309,13.3333,14.6872,38.2762,2.6840
2024-10-28 03:00:00+00:00,2.1961,2.0889,0.5903,9.8438,0.0000
2024-10-28 04:00:00+00:00,0.0000,2.9462,0.0000,14.2541,0.0000
2024-10-28 05:00:00+00:00,0.0000,0.0000,0.0000,0.9217,0.0638
2024-10-28 06:00:00+00:00,0.3902,0.0000,0.0000,1.7626,0.1421
2024-10-28 07:00:00+00:00,0.0000,0.0000,0.0000,0.0000,0.0034
2024-10-28 08:00:00+00:00,0.0000,0.1435,0.0000,1.9838,0.7716
2024-10-28 09:00:00+00:00,0.0000,0.0011,0.0359,0.0000,0.4737
2024-10-28 10:00:00+00:00,0.0000,0.0000,0.0000,0.0000,0.9599
2024-10-28 11:00:00+00:00,0.0000,0.0000,0.0000,0.0000,2.9343
2024-10-28 12:00:00+00:00,0.0000,0.0000,0.0000,0.0000,2.9669
2024-10-28 13:00:00+00:00,0.0000,0.0000,0.0000,0.0000,0.0439
2024-10-28 14:00:00+00:00,0.0000,0.0000,0.0000,0.0000,0.0500
2024-10-28 15:00:00+00:00,0.0000,0.0000,0.0000,0.0000,0.0000
2024-10-28 16:00:00+00:00,0.0000,0.0000,0.0000,0.0000,0.0000
2024-10-28 17:00:00+00:00,0.0000,0.0000,0.0000,0.0000,0.0000
2024-10-28 18:00:00+00:00,0.0000,0.0000,0.0000,0.0000,0.0000
2024-10-28 19:00:00+00:00,0.0000,0.0000,0.0000,0.0000,0.0000
2024-10-28 20:00:00+00:00,0.0000,0.0000,0.0000,0.5415,0.0000
2024-10-28 21:00:00+00:00,0.7144,1.3187,0.8467,4.9063,0.0000
2024-10-28 22:00:00+00:00,2.4540,6.2350,4.8965,16.9526,0.8964
2024-10-28 23:00:00+00:00,4.4311,11.5666,10.0631,26.8959,4.3515
2024-10-29 00:00:00+00:00,10.0740,19.0876,20.2260,46.3239,3.5766
2024-10-29 01:00:00+00:00,8.4531,16.6258,17.3066,41.6125,5.9460
2024-10-29 02:00:00+00:00,4.3381,11.3816,12.7206,41.6257,70.7472
2024-10-29 03:00:00+00:00,6.7731,19.5223,17.8923,63.7158,77.3122
2024-10-29 04:00:00+00:00,10.9162,16.4687,19.5962,54.3218,74.9821
2024-10-29 05:00:00+00:00,10.4155,13.6881,19.4096,33.3295,71.6932
2024-10-29 06:00:00+00:00,9.9105,11.8024,17.9794,25.6171,64.7325
2024-10-29 07:00:00+00:00,12.6474,13.5370,24.9645,29.8612,70.4809
2024-10-29 08:00:00+00:00,39.3245,43.9165,61.5231,45.8850,65.0613
2024-10-29 09:00:00+00:00,75.6546,90.1862,90.3410,166.0341,71.7573
2024-10-29 10:00:00+00:00,75.6976,83.7349,72.9895,171.5837,69.2812
2024-10-29 11:00:00+00:00,73.9394,80.4687,59.5686,205.5153,68.9402
2024-10-29 12:00:00+00:00,72.9066,82.7573,64.0511,202.9980,73.0359
2024-10-29 13:00:00+00:00,73.5737,84.1941,63.7569,198.6305,73.8718
2024-10-29 14:00:00+00:00,50.0172,48.8514,39.7367,133.3692,65.3514
2024-10-29 15:00:00+00:00,40.1694,40.5199,38.5072,100.8448,51.0777
2024-10-29 16:00:00+00:00,20.6420,25.4873,29.4462,48.4160,60.8322
2024-10-29 17:00:00+00:00,25.2152,27.7347,33.6712,53.2474,73.3388
2024-10-29 18:00:00+00:00,20.5198,15.9334,22.6250,35.8098,74.4758
2024-10-29 19:00:00+00:00,14.9273,6.5484,12.5170,18.4622,72.4875
2024-10-29 20:00:00+00:00,21.0837,15.9442,23.1913,37.3562,74.4480
2024-10-29 21:00:00+00:00,28.2693,15.4555,26.9250,26.4837,69.0791
2024-10-29 22:00:00+00:00,67.7144,48.6875,76.9786,72.2307,79.8608
2024-10-29 23:00:00+00:00,76.6608,77.1849,99.7913,120.7342,79.9000
2024-10-30 00:00:00+00:00,52.8773,22.8607,27.5741,42.4458,79.9000
2024-10-30 01:00:00+00:00,80.8699,81.3647,104.6584,128.9094,79.9000
2024-10-30 02:00:00+00:00,81.0000,95.3469,106.5000,175.0904,79.9000
2024-10-30 03:00:00+00:00,81.0000,100.4945,106.2159,195.3853,79.9000
2024-10-30 04:00:00+00:00,81.0000,100.4964,106.5000,215.1489,79.7003
2024-10-30 05:00:00+00:00,81.0000,96.8561,106.1249,191.0664,79.8624
2024-10-30 06:00:00+00:00,80.7422,50.1124,77.7573,111.9138,79.7400
2024-10-30 07:00:00+00:00,80.7663,72.9334,104.6931,153.7343,78.1029
2024-10-30 08:00:00+00:00,80.1935,78.3093,103.5034,152.0570,78.7109
2024-10-30 09:00:00+00:00,80.2410,64.1970,101.1932,142.6642,78.6730
2024-10-30 10:00:00+00:00,76.5840,93.8472,96.2397,191.7998,68.4118
2024-10-30 11:00:00+00:00,74.8133,84.7123,83.8844,200.4106,76.7101
2024-10-30 12:00:00+00:00,74.3776,91.3144,86.1691,207.1977,66.6216
2024-10-30 13:00:00+00:00,68.8596,81.6931,82.5136,205.6253,79.1006
2024-10-30 14:00:00+00:00,46.4719,57.6752,64.4092,151.3844,79.6863
2024-10-30 15:00:00+00:00,53.7915,62.9508,78.1562,141.5768,78.7539
2024-10-30 16:00:00+00:00,62.6358,72.3447,81.6749,158.8009,76.8855
2024-10-30 17:00:00+00:00,53.5367,53.9644,56.7013,139.7927,78.0224
2024-10-30 18:00:00+00:00,43.1697,41.5372,48.3274,98.9632,77.4728
2024-10-30 19:00:00+00:00,46.4555,48.1334,58.1562,106.6212,71.6212
2024-10-30 20:00:00+00:00,55.7658,59.8293,72.3473,130.0986,69.1868
2024-10-30 21:00:00+00:00,57.5617,64.1688,72.6730,141.1104,66.9189
2024-10-30 22:00:00+00:00,57.2238,73.4192,79.4985,174.7470,75.2422
2024-10-30 23:00:00+00:00,76.0049,95.1679,100.1486,207.4308,70.2369
2024-10-31 00:00:00+00:00,80.9157,99.5195,105.6976,215.2000,71.9499
2024-10-31 01:00:00+00:00,78.8849,97.0308,102.7105,213.6139,70.5348
2024-10-31 02:00:00+00:00,79.8436,100.3949,106.2790,214.9375,79.2871
2024-10-31 03:00:00+00:00,77.7784,99.2782,104.3526,213.9423,79.8568
2024-10-31 04:00:00+00:00,77.7185,97.8237,102.1037,214.0769,79.8949
2024-10-31 05:00:00+00:00,74.1025,85.0228,85.6353,207.1712,79.4006
2024-10-31 06:00:00+00:00,62.9493,88.5860,83.5717,207.2903,79.9000
2024-10-31 07:00:00+00:00,76.4717,96.5250,101.6221,211.4711,79.9000
2024-10-31 08:00:00+00:00,75.2402,95.5039,97.7893,210.6139,78.7044
2024-10-31 09:00:00+00:00,78.1582,96.7978,102.1680,213.0749,79.0241
2024-10-31 10:00:00+00:00,57.6834,77.3400,81.6445,197.8618,77.0285
2024-10-31 11:00:00+00:00,54.7425,82.7930,77.3691,199.0276,77.9699
2024-10-31 12:00:00+00:00,44.6394,53.1829,49.3282,155.7845,78.1607
2024-10-31 13:00:00+00:00,47.2463,54.0763,54.4565,145.8626,78.0722
2024-10-31 14:00:00+00:00,47.5646,56.2921,57.5363,144.1717,76.2666
2024-10-31 15:00:00+00:00,46.0322,54.1940,57.2738,129.3904,53.1798
2024-10-31 16:00:00+00:00,55.8570,64.6336,73.4833,144.9233,68.1607
2024-10-31 17:00:00+00:00,65.7775,79.4187,86.6613,183.5115,73.8709
2024-10-31 18:00:00+00:00,67.5967,83.0999,89.9916,186.6170,67.4518
2024-10-31 19:00:00+00:00,67.8602,76.5984,84.3360,182.2921,74.4401
2024-10-31 20:00:00+00:00,61.6056,68.7455,74.8532,171.0566,71.2641
2024-10-31 21:00:00+00:00,71.8537,79.3053,86.8473,189.4281,49.3274
2024-10-31 22:00:00+00:00,59.7966,65.0935,69.5769,174.7322,59.3075
2024-10-31 23:00:00+00:00,69.0733,76.2786,80.2853,201.3502,71.0864
2024-11-01 00:00:00+00:00,66.3526,80.2545,85.3469,204.3388,66.4573
2024-11-01 01:00:00+00:00,46.5581,54.6279,61.8934,157.7060,77.9164
2024-11-01 02:00:00+00:00,75.1496,97.2820,105.8716,208.3751,65.9033
2024-11-01 03:00:00+00:00,80.8578,99.7439,106.4252,215.1505,54.8275
2024-11-01 04:00:00+00:00,80.9714,100.5000,106.5000,215.2000,49.3673
2024-11-01 05:00:00+00:00,80.7673,100.5000,106.4554,215.1899,77.7990
2024-11-01 06:00:00+00:00,80.5931,99.9824,106.5000,212.9769,79.9000
2024-11-01 07:00:00+00:00,79.0169,97.2913,104.0354,210.9680,79.8942
2024-11-01 08:00:00+00:00,37.3662,58.8130,62.9339,147.3670,79.8998
2024-11-01 09:00:00+00:00,79.8524,98.9581,104.7913,214.6960,79.8853
2024-11-01 10:00:00+00:00,80.3907,99.7617,105.9592,214.6149,76.5968
2024-11-01 11:00:00+00:00,80.7746,100.4994,106.1730,214.9888,78.7430
2024-11-01 12:00:00+00:00,80.9363,100.5000,106.5000,215.2000,77.1983
2024-11-01 13:00:00+00:00,81.0000,100.5000,106.4322,215.2000,79.9000
2024-11-01 14:00:00+00:00,81.0000,100.5000,106.5000,215.2000,79.9000
2024-11-01 15:00:00+00:00,81.0000,100.5000,106.5000,215.2000,79.9000
2024-11-01 16:00:00+00:00,81.0000,100.3048,106.5000,213.5264,79.7481
2024-11-01 17:00:00+00:00,81.0000,100.2114,105.7209,215.2000,79.9000
2024-11-01 18:00:00+00:00,81.0000,100.5000,106.4844,215.2000,79.8911
2024-11-01 19:00:00+00:00,77.8247,95.4731,97.2446,210.8807,78.9453
2024-11-01 20:00:00+00:00,50.7450,69.8220,74.5479,163.5103,78.2723
2024-11-01 21:00:00+00:00,28.6064,31.4124,38.8261,86.0107,75.8597
2024-11-01 22:00:00+00:00,26.6957,29.5159,31.3705,80.0570,68.1153
2024-11-01 23:00:00+00:00,15.9620,15.2876,12.8298,51.9840,50.8960
2024-11-02 00:00:00+00:00,10.1477,9.6876,7.2163,38.0539,30.8931
2024-11-02 01:00:00+00:00,7.7727,7.0195,7.9016,18.7518,15.8513
2024-11-02 02:00:00+00:00,8.3537,7.3201,8.2481,20.3215,9.4643
2024-11-02 03:00:00+00:00,4.8925,3.2541,4.4982,7.3581,12.8769
2024-11-02 04:00:00+00:00,0.1358,0.0000,0.5207,0.1765,5.3566
2024-11-02 05:00:00+00:00,6.0945,7.7316,7.3606,19.4524,19.4798
2024-11-02 06:00:00+00:00,1.5062,2.4651,1.9918,7.0097,17.4893
2024-11-02 07:00:00+00:00,1.2824,1.8925,1.6730,5.4480,8.7023
2024-11-02 08:00:00+00:00,0.0131,0.2638,0.0000,2.7007,5.6938
2024-11-02 09:00:00+00:00,0.0000,0.0000,0.0000,0.0000,7.6936
2024-11-02 10:00:00+00:00,0.0000,0.0000,0.0000,0.0000,6.2205
2024-11-02 11:00:00+00:00,4.5584,5.6831,6.8661,7.0907,6.9497
2024-11-02 12:00:00+00:00,3.8169,4.5789,5.5741,10.0738,6.2886
2024-11-02 13:00:00+00:00,11.8532,11.3929,10.8721,36.9598,8.3554
2024-11-02 14:00:00+00:00,7.8746,6.9114,7.2166,21.8489,6.5359
2024-11-02 15:00:00+00:00,5.7608,6.1080,6.2934,15.4495,2.4544
2024-11-02 16:00:00+00:00,9.1879,10.2021,10.2119,27.3169,3.9249
2024-11-02 17:00:00+00:00,7.4155,8.3254,9.1462,19.3930,1.0840
2024-11-02 18:00:00+00:00,8.7072,9.0373,8.9721,24.5980,0.0000
2024-11-02 19:00:00+00:00,9.3478,10.0166,10.0542,25.7471,0.5333
2024-11-02 20:00:00+00:00,9.4856,9.4518,9.6963,25.5824,1.3159
2024-11-02 21:00:00+00:00,9.7303,9.7528,10.2911,26.5821,6.4098
2024-11-02 22:00:00+00:00,6.4551,8.0312,6.9742,24.1335,4.5400
2024-11-02 23:00:00+00:00,5.2455,6.1509,5.4529,24.0593,3.1114
2024-11-03 00:00:00+00:00,8.5990,12.3595,10.1555,36.2366,2.0256
2024-11-03 01:00:00+00:00,10.6326,14.2068,12.8951,39.0476,0.0540
2024-11-03 02:00:00+00:00,13.5649,16.8380,17.4736,43.1626,0.2667
2024-11-03 03:00:00+00:00,13.0365,9.4017,9.3480,34.5377,0.0000
2024-11-03 04:00:00+00:00,3.7606,3.1731,2.4281,12.4515,1.2044
2024-11-03 05:00:00+00:00,6.1555,6.1822,5.9628,19.2291,0.5543
2024-11-03 06:00:00+00:00,10.8042,10.1125,8.6709,35.5151,1.9288
2024-11-03 07:00:00+00:00,7.4086,6.0346,5.2993,22.3385,2.4350
2024-11-03 08:00:00+00:00,2.2796,2.1347,1.6993,8.9090,0.0000
2024-11-03 09:00:00+00:00,1.1739,1.2789,0.9504,3.9707,0.0000
2024-11-03 10:00:00+00:00,0.0000,0.0000,0.0000,0.0170,0.0000
2024-11-03 11:00:00+00:00,0.0000,0.0000,0.0000,0.0000,0.0000
2024-11-03 12:00:00+00:00,0.0000,0.0000,0.0000,0.0000,0.0000
2024-11-03 13:00:00+00:00,0.0000,0.0000,0.0000,0.0000,0.0000
2024-11-03 14:00:00+00:00,0.0000,0.0000,0.0000,0.0000,0.0000
2024-11-03 15:00:00+00:00,0.0000,0.0000,0.0000,0.0000,0.0000
2024-11-03 16:00:00+00:00,0.0000,0.0000,0.0000,0.0000,0.0000
2024-11-03 17:00:00+00:00,0.0000,0.0000,0.0000,0.0000,0.0000
2024-11-03 18:00:00+00:00,0.0000,0.0000,0.0000,0.0000,0.0000
2024-11-03 19:00:00+00:00,0.0000,0.0000,0.0000,0.0000,0.0000
2024-11-03 20:00:00+00:00,0.0000,0.0000,0.0000,0.0000,0.0000
2024-11-03 21:00:00+00:00,0.0000,0.0000,0.0000,0.0000,0.0058
2024-11-03 22:00:00+00:00,0.0000,0.0000,0.0000,0.0000,2.7629
2024-11-03 23:00:00+00:00,0.0000,0.0000,0.0000,0.0000,0.1651
2024-11-04 00:00:00+00:00,0.0000,0.0000,0.0000,0.0000,0.7242
2024-11-04 01:00:00+00:00,0.0000,0.2126,0.0000,0.1512,0.2349
2024-11-04 02:00:00+00:00,0.9405,4.2852,3.4620,7.5109,0.0579
2024-11-04 03:00:00+00:00,0.2956,3.9377,1.3630,9.9994,2.6132
2024-11-04 04:00:00+00:00,0.1998,0.4174,0.0439,4.1780,19.8301
2024-11-04 05:00:00+00:00,0.3816,1.7976,1.9678,5.0778,37.7098
2024-11-04 06:00:00+00:00,1.1836,3.9983,4.5662,15.6254,54.9787
2024-11-04 07:00:00+00:00,3.0422,5.6436,9.5590,17.3853,62.9481
2024-11-04 08:00:00+00:00,7.2011,7.0173,12.5940,17.5330,58.6010
2024-11-04 09:00:00+00:00,3.9265,7.4553,11.8979,8.7486,36.7958
2024-11-04 10:00:00+00:00,8.2401,6.0679,11.5837,9.2106,41.6410
2024-11-04 11:00:00+00:00,17.2166,5.6710,10.3971,22.6249,74.4214
2024-11-04 12:00:00+00:00,3.2586,2.9417,2.5568,14.7384,72.5674
2024-11-04 13:00:00+00:00,4.9379,10.0019,10.1781,14.9214,79.9000
2024-11-04 14:00:00+00:00,0.0000,0.0144,0.0000,3.5139,79.8015
2024-11-04 15:00:00+00:00,0.0000,0.0000,0.0000,0.0000,79.2335
2024-11-04 16:00:00+00:00,0.0000,0.0000,0.0000,0.0000,64.0305
2024-11-04 17:00:00+00:00,0.0000,0.0000,0.0000,0.0000,76.2874
2024-11-04 18:00:00+00:00,4.1614,6.3493,5.7196,12.9793,75.2787
2024-11-04 19:00:00+00:00,0.2511,6.2619,2.0261,18.0490,50.5664
2024-11-04 20:00:00+00:00,20.9440,4.5472,10.6513,22.1056,62.2548
2024-11-04 21:00:00+00:00,43.9909,38.9880,53.5792,60.9198,78.9640
2024-11-04 22:00:00+00:00,67.5379,41.3031,54.5138,70.2042,77.6391
2024-11-04 23:00:00+00:00,75.1738,18.9444,31.4878,48.8619,79.2631
2024-11-05 00:00:00+00:00,80.9390,94.3472,106.5000,149.5923,79.8691
2024-11-05 01:00:00+00:00,81.0000,100.5000,106.5000,214.4586,79.9000
2024-11-05 02:00:00+00:00,81.0000,92.3503,106.5000,176.5842,79.9000
2024-11-05 03:00:00+00:00,81.0000,36.9560,61.2525,129.2343,79.4862
2024-11-05 04:00:00+00:00,38.8012,11.6996,14.8755,47.8589,79.2470
2024-11-05 05:00:00+00:00,80.7750,72.8721,101.0046,161.2725,78.7939
2024-11-05 06:00:00+00:00,80.8397,99.1289,106.0971,185.7408,78.6377
2024-11-05 07:00:00+00:00,80.7814,99.5130,105.6931,204.6817,78.8632
2024-11-05 08:00:00+00:00,80.2655,99.7308,105.1554,215.1225,78.3834
2024-11-05 09:00:00+00:00,79.0184,98.3257,104.8535,212.8384,78.9988
2024-11-05 10:00:00+00:00,78.7071,96.2009,103.6343,206.3286,79.0057
2024-11-05 11:00:00+00:00,80.3734,98.9890,106.0957,211.6521,69.9252
2024-11-05 12:00:00+00:00,78.6703,96.1470,103.4730,204.3592,60.0804
2024-11-05 13:00:00+00:00,67.2604,80.9987,92.4450,188.8093,70.0629
2024-11-05 14:00:00+00:00,71.5178,90.9997,99.8786,202.5394,74.3747
2024-11-05 15:00:00+00:00,42.3108,42.9122,42.1113,123.3917,60.2697
2024-11-05 16:00:00+00:00,57.2597,70.2100,72.3221,166.9306,77.5230
2024-11-05 17:00:00+00:00,50.1903,61.3050,64.6222,165.1357,68.8649
2024-11-05 18:00:00+00:00,57.4452,58.3780,62.3087,152.7038,70.8226
2024-11-05 19:00:00+00:00,52.4068,50.6841,58.6879,133.2868,76.6550
2024-11-05 20:00:00+00:00,54.3869,46.5041,58.4595,120.8545,78.6503
2024-11-05 21:00:00+00:00,62.8711,55.9930,70.8563,149.7043,73.1564
2024-11-05 22:00:00+00:00,62.2530,67.3602,79.2160,173.8241,56.3199
2024-11-05 23:00:00+00:00,59.7345,74.8498,83.8945,191.7296,59.4343
2024-11-06 00:00:00+00:00,68.3058,82.0903,98.8451,200.9775,77.7259
2024-11-06 01:00:00+00:00,75.5209,94.8845,102.3410,208.7034,73.4715
2024-11-06 02:00:00+00:00,78.2059,97.4570,104.0694,213.0685,78.2708
2024-11-06 03:00:00+00:00,78.7647,99.7485,106.1861,214.8246,78.3497
2024-11-06 04:00:00+00:00,80.2288,100.3984,106.5000,215.0628,79.8990
2024-11-06 05:00:00+00:00,80.3465,100.2060,106.5000,215.2000,79.8940
2024-11-06 06:00:00+00:00,80.9936,100.5000,106.5000,215.2000,79.8735
2024-11-06 07:00:00+00:00,80.5716,100.5000,106.5000,214.8503,79.8481
2024-11-06 08:00:00+00:00,80.7262,100.4920,106.5000,214.9356,79.8817
2024-11-06 09:00:00+00:00,81.0000,100.5000,106.5000,215.2000,79.8993
2024-11-06 10:00:00+00:00,80.9423,100.5000,106.5000,215.2000,79.8116
2024-11-06 11:00:00+00:00,81.0000,100.5000,106.5000,215.2000,77.6653
2024-11-06 12:00:00+00:00,81.0000,100.5000,106.5000,215.2000,71.7530
2024-11-06 13:00:00+00:00,81.0000,100.5000,106.5000,215.2000,58.8123
2024-11-06 14:00:00+00:00,81.0000,100.5000,106.5000,215.2000,77.2414
2024-11-06 15:00:00+00:00,81.0000,100.5000,106.5000,215.2000,70.5203
2024-11-06 16:00:00+00:00,81.0000,100.5000,106.5000,215.2000,74.2836
2024-11-06 17:00:00+00:00,81.0000,100.5000,106.5000,215.2000,74.1313
2024-11-06 18:00:00+00:00,79.4701,97.9863,103.6065,214.1437,58.5310
2024-11-06 19:00:00+00:00,77.3263,89.0126,95.2983,203.8961,67.1332
2024-11-06 20:00:00+00:00,49.5084,60.1365,53.8994,164.3526,55.2194
2024-11-06 21:00:00+00:00,37.0850,40.7101,44.9894,94.1438,60.0564
2024-11-06 22:00:00+00:00,43.8151,58.9165,61.4160,126.1426,62.6979
2024-11-06 23:00:00+00:00,40.6908,30.0321,46.2811,64.2255,63.1778
2024-11-07 00:00:00+00:00,13.9943,13.2692,15.8503,43.9974,45.9174
2024-11-07 01:00:00+00:00,21.3062,14.0850,17.8576,50.6522,35.6756
2024-11-07 02:00:00+00:00,5.4405,5.0551,6.4149,15.5020,27.0055
2024-11-07 03:00:00+00:00,3.9857,3.0644,3.7606,10.3808,13.7611
2024-11-07 04:00:00+00:00,2.8597,1.7818,2.6260,4.6487,9.2083
2024-11-07 05:00:00+00:00,5.2312,4.3742,5.9339,8.6725,20.4066
2024-11-07 06:00:00+00:00,4.5584,5.6133,7.1715,11.7028,19.7833
2024-11-07 07:00:00+00:00,9.5539,8.4000,10.0522,22.0649,23.1503
2024-11-07 08:00:00+00:00,15.3715,14.4835,15.6277,38.3289,40.7187
2024-11-07 09:00:00+00:00,11.6944,14.9561,14.4464,39.6986,46.5781
2024-11-07 10:00:00+00:00,13.0658,12.4781,12.5015,34.7039,36.9862
2024-11-07 11:00:00+00:00,21.2432,23.7950,23.6376,64.1558,35.4329
2024-11-07 12:00:00+00:00,43.5240,49.5658,54.2339,126.7421,35.1001
2024-11-07 13:00:00+00:00,34.6203,38.6845,37.9231,109.0677,12.6058
2024-11-07 14:00:00+00:00,23.3540,24.9882,25.4851,70.7238,19.6999
2024-11-07 15:00:00+00:00,10.8902,12.6571,11.7891,35.5389,10.7076
2024-11-07 16:00:00+00:00,17.4366,20.7348,20.7622,51.4680,4.1748
2024-11-07 17:00:00+00:00,26.0587,30.7857,30.7278,77.2714,3.2444
2024-11-07 18:00:00+00:00,38.0958,45.0743,44.6605,114.4554,4.9435
2024-11-07 19:00:00+00:00,33.2106,39.8082,40.0209,101.8115,9.6716
2024-11-07 20:00:00+00:00,38.4486,49.0496,50.8340,119.4114,26.0207
2024-11-07 21:00:00+00:00,41.6656,51.7391,55.6858,122.6711,56.7219
2024-11-07 22:00:00+00:00,29.2669,37.5667,41.0306,91.6097,59.4323
2024-11-07 23:00:00+00:00,38.9503,49.0281,51.9768,125.0569,67.8866
2024-11-08 00:00:00+00:00,46.0132,60.6851,65.0533,143.2527,68.8368
2024-11-08 01:00:00+00:00,48.4356,65.4312,68.1451,147.0333,65.0918
2024-11-08 02:00:00+00:00,52.3762,74.7094,75.8870,180.5285,48.4629
2024-11-08 03:00:00+00:00,41.3910,61.8239,60.3864,149.2366,50.9298
2024-11-08 04:00:00+00:00,64.8656,84.4201,82.9005,201.5671,75.9855
2024-11-08 05:00:00+00:00,73.8564,95.1033,93.0592,207.4911,66.4198
2024-11-08 06:00:00+00:00,74.3395,95.0942,96.5446,206.1353,75.2449
2024-11-08 07:00:00+00:00,66.2715,90.3517,92.0532,200.8938,74.8080
2024-11-08 08:00:00+00:00,79.2357,99.5976,104.9300,214.4881,78.6738
2024-11-08 09:00:00+00:00,80.9653,100.5000,106.5000,215.2000,79.2022
2024-11-08 10:00:00+00:00,80.9307,100.5000,106.4978,215.2000,77.8927
2024-11-08 11:00:00+00:00,81.0000,100.5000,106.5000,215.2000,77.4350
2024-11-08 12:00:00+00:00,81.0000,100.5000,106.5000,215.2000,79.8431
2024-11-08 13:00:00+00:00,81.0000,100.5000,106.5000,215.2000,79.6331
2024-11-08 14:00:00+00:00,81.0000,100.5000,106.5000,215.2000,79.8018
2024-11-08 15:00:00+00:00,81.0000,100.4986,106.5000,215.2000,79.8887
2024-11-08 16:00:00+00:00,81.0000,100.5000,106.5000,215.2000,79.9000
2024-11-08 17:00:00+00:00,81.0000,99.3822,106.1768,215.1338,79.9000
2024-11-08 18:00:00+00:00,81.0000,99.2327,106.0136,215.1262,79.9000
2024-11-08 19:00:00+00:00,81.0000,100.5000,106.5000,215.2000,79.9000
2024-11-08 20:00:00+00:00,81.0000,100.4737,106.5000,215.2000,79.9000
2024-11-08 21:00:00+00:00,79.5837,95.5050,102.5106,212.0634,79.4012
2024-11-08 22:00:00+00:00,77.5597,86.2254,92.1096,206.6819,79.9000
2024-11-08 23:00:00+00:00,79.7331,96.9335,102.2747,214.7589,77.4665
2024-11-09 00:00:00+00:00,79.7663,97.1875,101.6531,212.1159,79.9000
2024-11-09 01:00:00+00:00,80.2343,96.9986,102.4884,214.7870,79.9000
2024-11-09 02:00:00+00:00,80.9980,99.5498,106.5000,213.8223,77.1441
2024-11-09 03:00:00+00:00,68.7743,75.0109,69.1598,202.9900,77.8861
2024-11-09 04:00:00+00:00,77.2593,77.7897,82.3746,201.2983,78.3337
2024-11-09 05:00:00+00:00,79.4885,93.6423,97.5349,209.1234,43.5327
2024-11-09 06:00:00+00:00,76.2338,75.8688,88.6480,190.4893,71.0348
2024-11-09 07:00:00+00:00,77.4902,81.9886,81.0832,203.2737,45.1738
2024-11-09 08:00:00+00:00,71.6100,68.1627,74.1912,179.8583,43.8366
2024-11-09 09:00:00+00:00,50.7943,53.6561,56.5635,152.1698,39.7008
2024-11-09 10:00:00+00:00,47.1453,45.5575,47.6805,134.3057,41.3283
2024-11-09 11:00:00+00:00,40.2664,42.5954,45.1862,125.8574,29.1322
2024-11-09 12:00:00+00:00,34.5955,40.4906,43.7950,113.3310,18.3791
2024-11-09 13:00:00+00:00,27.7829,30.9953,31.7195,89.1559,11.2461
2024-11-09 14:00:00+00:00,21.5143,22.4431,23.1768,65.5958,11.2653
2024-11-09 15:00:00+00:00,13.8133,14.1205,14.2668,39.7917,8.7152
2024-11-09 16:00:00+00:00,9.3704,9.9256,10.6706,26.1270,2.3998
2024-11-09 17:00:00+00:00,9.2676,9.9115,10.0511,26.7308,0.1840
2024-11-09 18:00:00+00:00,9.6678,10.3312,9.8547,28.6786,3.4039
2024-11-09 19:00:00+00:00,13.8911,14.5288,16.0336,37.8566,3.8362
2024-11-09 20:00:00+00:00,10.9463,11.2173,10.9912,32.4495,3.9436
2024-11-09 21:00:00+00:00,9.6230,10.6102,9.3923,30.5755,3.1680
2024-11-09 22:00:00+00:00,8.8786,9.1250,9.5095,27.4894,0.1863
2024-11-09 23:00:00+00:00,8.0053,7.9523,8.1562,27.0717,0.0000
2024-11-10 00:00:00+00:00,7.8413,9.0355,8.4727,28.4154,0.0000
2024-11-10 01:00:00+00:00,4.9690,6.8051,5.7452,21.2477,0.0000
2024-11-10 02:00:00+00:00,8.1437,10.8830,10.3392,30.8962,0.0000
2024-11-10 03:00:00+00:00,8.2154,10.2076,9.4417,30.1868,4.1028
2024-11-10 04:00:00+00:00,7.2002,9.3005,8.9444,23.6814,14.5942
2024-11-10 05:00:00+00:00,5.5097,5.4037,5.0700,17.8091,15.1492
2024-11-10 06:00:00+00:00,9.3960,6.0384,6.9343,18.7046,22.3202
2024-11-10 07:00:00+00:00,7.9285,6.5283,6.3998,13.7214,22.6121
2024-11-10 08:00:00+00:00,7.7377,5.1101,7.1991,7.6708,23.7900
2024-11-10 09:00:00+00:00,9.3914,7.5680,9.7306,15.4562,25.8935
2024-11-10 10:00:00+00:00,10.0065,12.6292,11.7165,26.4071,32.5867
2024-11-10 11:00:00+00:00,19.9533,14.6506,17.5559,35.9464,27.0934
2024-11-10 12:00:00+00:00,35.1237,27.3552,31.3701,59.0158,29.8183
2024-11-10 13:00:00+00:00,44.9313,44.3422,42.4208,107.3797,30.2566
2024-11-10 14:00:00+00:00,20.1004,14.8430,14.6938,35.5619,19.6119
2024-11-10 15:00:00+00:00,11.4656,6.6709,10.4979,13.4214,18.6675
2024-11-10 16:00:00+00:00,13.1829,6.0703,9.2460,14.5771,33.0106
2024-11-10 17:00:00+00:00,5.4601,1.5776,2.9751,4.7804,17.3431
2024-11-10 18:00:00+00:00,3.2939,0.5469,0.9551,2.2997,37.0904
2024-11-10 19:00:00+00:00,0.0000,0.0000,0.0000,0.0000,26.4431
2024-11-10 20:00:00+00:00,0.0000,0.0000,0.0000,0.0000,16.8103
2024-11-10 21:00:00+00:00,0.2671,0.0000,0.0000,0.0000,48.3718
2024-11-10 22:00:00+00:00,3.3870,1.9876,2.9870,5.7895,68.0652
2024-11-10 23:00:00+00:00,16.0011,3.9735,10.5227,8.5969,67.9549
2024-11-11 00:00:00+00:00,39.5656,38.4506,34.4226,100.9673,52.4127
2024-11-11 01:00:00+00:00,22.3774,3.6160,3.0918,16.1760,70.1673
2024-11-11 02:00:00+00:00,6.5449,5.3274,5.1495,9.9546,63.2227
2024-11-11 03:00:00+00:00,13.1852,1.4123,6.5835,7.5335,60.2217
2024-11-11 04:00:00+00:00,4.8975,0.7238,1.7202,1.4565,55.0617
2024-11-11 05:00:00+00:00,41.3001,11.9053,19.0467,27.9037,57.3274
2024-11-11 06:00:00+00:00,50.2443,15.1839,30.4623,28.8644,63.3120
2024-11-11 07:00:00+00:00,72.1936,52.2001,78.6426,150.9963,78.5993
2024-11-11 08:00:00+00:00,79.9365,96.4367,106.4970,200.7068,79.8842
2024-11-11 09:00:00+00:00,77.5124,91.8882,106.0619,198.5634,79.9000
2024-11-11 10:00:00+00:00,80.0362,99.7888,106.3974,210.4383,79.9000
2024-11-11 11:00:00+00:00,81.0000,100.5000,106.5000,215.2000,79.9000
2024-11-11 12:00:00+00:00,81.0000,99.3987,105.5911,215.0806,79.8906
2024-11-11 13:00:00+00:00,81.0000,100.5000,106.5000,215.2000,78.2452
2024-11-11 14:00:00+00:00,80.0269,99.6304,104.7307,215.1364,69.9485
2024-11-11 15:00:00+00:00,81.0000,100.5000,106.4975,215.2000,78.9801
2024-11-11 16:00:00+00:00,79.9848,98.0678,103.8696,213.7500,79.7739
2024-11-11 17:00:00+00:00,79.8589,98.6783,104.1614,214.5180,79.8892
2024-11-11 18:00:00+00:00,77.7517,97.1614,102.2902,211.2088,79.7202
2024-11-11 19:00:00+00:00,78.2844,98.1456,104.0798,210.8027,66.1974
2024-11-11 20:00:00+00:00,68.8976,93.9063,98.3827,203.1253,70.2445
2024-11-11 21:00:00+00:00,44.8384,68.8434,66.7284,177.2196,55.5838
2024-11-11 22:00:00+00:00,63.8701,77.4225,84.0723,190.3304,37.8377
2024-11-11 23:00:00+00:00,72.9895,94.7771,101.3882,209.4471,42.8776
2024-11-12 00:00:00+00:00,48.9396,79.1295,85.1853,189.3193,79.5308
2024-11-12 01:00:00+00:00,60.7969,69.5384,82.7152,193.4098,79.9000
2024-11-12 02:00:00+00:00,71.5958,89.6275,90.4092,208.4743,79.9000
2024-11-12 03:00:00+00:00,81.0000,100.4471,106.5000,215.2000,79.7970
2024-11-12 04:00:00+00:00,78.3261,92.2879,100.6817,206.8019,79.9000
2024-11-12 05:00:00+00:00,73.6535,78.1606,83.6181,201.3247,79.3495
2024-11-12 06:00:00+00:00,61.6809,68.3107,73.1709,182.5060,77.5034
2024-11-12 07:00:00+00:00,77.6872,92.5387,99.0745,208.1615,77.5482
2024-11-12 08:00:00+00:00,70.5990,74.5667,82.8797,194.7183,76.5178
2024-11-12 09:00:00+00:00,76.7931,90.4807,100.1201,205.6919,79.5441
2024-11-12 10:00:00+00:00,78.6239,96.2348,102.5052,209.7822,77.3863
2024-11-12 11:00:00+00:00,63.8407,71.1139,79.3498,179.3680,78.0539
2024-11-12 12:00:00+00:00,68.7199,65.4657,70.5319,185.7181,77.0857
2024-11-12 13:00:00+00:00,58.6203,56.4121,61.8379,161.6212,76.8659
2024-11-12 14:00:00+00:00,48.6970,52.3139,58.5908,125.4167,76.5110
2024-11-12 15:00:00+00:00,42.4437,41.6418,43.8437,120.4532,73.8307
2024-11-12 16:00:00+00:00,44.5300,45.4845,53.4856,118.1640,74.6591
2024-11-12 17:00:00+00:00,44.4808,49.3757,52.5439,130.6754,71.6023
2024-11-12 18:00:00+00:00,51.0865,57.8688,64.2523,141.8992,77.1472
2024-11-12 19:00:00+00:00,49.6913,56.4825,62.2344,145.9395,71.7078
2024-11-12 20:00:00+00:00,43.6309,48.7575,51.4883,124.8438,55.5753
2024-11-12 21:00:00+00:00,42.5553,49.0556,49.0349,143.8326,39.5837
2024-11-12 22:00:00+00:00,52.7783,64.8835,72.8213,168.2220,36.8454
2024-11-12 23:00:00+00:00,28.3483,28.0219,35.4305,74.8106,47.5839
2024-11-13 00:00:00+00:00,20.6724,18.5568,20.8845,58.7102,21.2257
2024-11-13 01:00:00+00:00,18.5343,15.1761,18.7994,44.8631,19.5504
2024-11-13 02:00:00+00:00,9.6280,6.7953,8.9259,23.2374,27.2731
2024-11-13 03:00:00+00:00,7.3386,7.5380,8.2026,21.1374,11.3192
2024-11-13 04:00:00+00:00,3.2369,1.4136,1.8034,5.5954,4.3428
2024-11-13 05:00:00+00:00,0.7686,0.0000,0.0000,2.4823,6.8392
2024-11-13 06:00:00+00:00,1.2678,0.1875,0.0048,4.1822,8.0386
2024-11-13 07:00:00+00:00,1.9953,0.4732,0.6173,4.4672,4.1078
2024-11-13 08:00:00+00:00,0.0155,0.0000,0.0000,0.0803,2.0653
2024-11-13 09:00:00+00:00,0.0157,0.0000,0.0000,0.1517,1.5817
2024-11-13 10:00:00+00:00,0.2246,0.0000,0.0196,0.1050,2.2647
2024-11-13 11:00:00+00:00,4.5221,4.7004,6.4819,11.4488,2.7661
2024-11-13 12:00:00+00:00,7.8224,9.6817,13.0936,19.6396,1.1874
2024-11-13 13:00:00+00:00,2.0366,1.8099,3.7887,3.3646,1.1482
2024-11-13 14:00:00+00:00,4.8624,4.8087,6.6571,9.4259,2.1949
2024-11-13 15:00:00+00:00,7.3720,7.1067,8.6032,15.4172,0.0388
2024-11-13 16:00:00+00:00,3.9358,3.5820,4.9663,6.3446,3.3893
2024-11-13 17:00:00+00:00,1.5605,0.6104,1.1405,1.6400,1.6288
2024-11-13 18:00:00+00:00,0.8606,0.1595,0.6396,0.4961,0.0000
2024-11-13 19:00:00+00:00,2.2200,2.0270,2.4513,4.3038,0.0124
2024-11-13 20:00:00+00:00,4.5374,4.2340,4.9305,9.1493,0.5777
2024-11-13 21:00:00+00:00,4.9175,5.1994,6.5980,9.9131,1.2815
2024-11-13 22:00:00+00:00,6.9544,7.7552,9.8572,17.6843,5.4009
2024-11-13 23:00:00+00:00,10.2560,12.7899,15.3154,26.3681,2.9566
2024-11-14 00:00:00+00:00,19.6839,23.0164,28.6518,46.0167,0.0694
2024-11-14 01:00:00+00:00,20.8925,25.1371,29.1444,51.2141,0.0000
2024-11-14 02:00:00+00:00,19.1741,21.7518,28.0687,42.6746,0.2429
2024-11-14 03:00:00+00:00,16.4464,22.3630,28.1368,39.0642,0.2833
2024-11-14 04:00:00+00:00,17.4358,21.1990,23.4011,45.8677,28.2334
2024-11-14 05:00:00+00:00,11.9065,20.4328,20.6832,38.9913,61.3028
2024-11-14 06:00:00+00:00,10.4023,17.1493,16.6171,33.3917,76.6091
2024-11-14 07:00:00+00:00,16.5385,26.5104,33.8474,44.1370,75.2097
2024-11-14 08:00:00+00:00,18.7054,36.7144,43.1231,56.4232,41.4377
2024-11-14 09:00:00+00:00,12.0357,28.9928,25.9362,52.0015,15.1315
2024-11-14 10:00:00+00:00,8.8987,18.5157,18.8866,35.2642,59.6195
2024-11-14 11:00:00+00:00,1.2039,3.2119,1.6559,6.3633,55.2202
2024-11-14 12:00:00+00:00,0.0123,0.0000,0.0000,0.0144,57.4140
2024-11-14 13:00:00+00:00,4.4608,11.9362,10.1624,23.2060,59.0510
2024-11-14 14:00:00+00:00,9.0431,21.2173,18.6985,43.9838,41.9524
2024-11-14 15:00:00+00:00,5.0647,12.5194,6.5639,28.4757,32.5033
2024-11-14 16:00:00+00:00,5.4437,8.6596,5.7697,22.1492,24.4236
2024-11-14 17:00:00+00:00,6.5852,10.7962,8.2772,25.1951,18.2107
2024-11-14 18:00:00+00:00,10.9272,19.6285,16.3015,41.3200,36.0419
2024-11-14 19:00:00+00:00,14.8016,23.9656,22.5647,47.6005,32.2955
2024-11-14 20:00:00+00:00,9.9980,15.6619,15.6561,31.4578,36.2365
2024-11-14 21:00:00+00:00,18.2320,26.1590,30.6409,47.3677,50.0483
2024-11-14 22:00:00+00:00,22.2218,31.8722,38.3970,62.9672,70.8358
2024-11-14 23:00:00+00:00,15.4865,21.6993,27.4068,43.6682,57.8370
2024-11-15 00:00:00+00:00,21.8002,29.7564,40.6627,58.9359,44.4956
2024-11-15 01:00:00+00:00,21.7370,38.0501,45.8042,63.8542,49.3880
2024-11-15 02:00:00+00:00,24.9615,39.0284,45.7895,72.5773,48.9668
2024-11-15 03:00:00+00:00,12.1720,19.9418,23.4839,31.2530,31.3899
2024-11-15 04:00:00+00:00,2.4545,7.7735,6.8814,12.4675,37.8526
2024-11-15 05:00:00+00:00,2.1170,10.4665,8.2126,15.4458,22.8381
2024-11-15 06:00:00+00:00,3.2352,8.5580,10.4393,10.1758,14.1155
2024-11-15 07:00:00+00:00,5.8793,11.7230,16.2168,14.7686,0.3085
2024-11-15 08:00:00+00:00,2.4009,2.7365,5.4730,1.4462,0.0650
2024-11-15 09:00:00+00:00,1.5941,2.9968,4.0545,9.2523,2.1538
2024-11-15 10:00:00+00:00,8.0174,13.5336,18.1772,19.8034,1.2793
2024-11-15 11:00:00+00:00,11.6929,17.0210,25.6045,20.9512,0.2048
2024-11-15 12:00:00+00:00,15.7440,21.2272,29.4733,27.3106,0.0000
2024-11-15 13:00:00+00:00,5.7611,8.1489,13.4122,7.8721,0.0000
2024-11-15 14:00:00+00:00,1.7651,0.3862,0.9559,0.5215,0.0000
2024-11-15 15:00:00+00:00,0.0000,0.0000,0.0000,0.0000,0.0000
2024-11-15 16:00:00+00:00,0.3098,0.0000,0.0000,1.6474,3.0178
2024-11-15 17:00:00+00:00,0.9055,0.4051,0.0000,6.1556,3.2422
2024-11-15 18:00:00+00:00,3.4889,3.8308,2.5680,14.6043,6.3919
2024-11-15 19:00:00+00:00,7.7811,7.7956,6.4994,26.3440,8.6403
2024-11-15 20:00:00+00:00,16.2585,17.3276,15.5147,55.8868,18.3258
2024-11-15 21:00:00+00:00,24.9648,26.2146,23.9265,86.4747,19.4461
2024-11-15 22:00:00+00:00,48.2864,48.1098,44.6155,164.7907,14.9013
2024-11-15 23:00:00+00:00,41.9656,43.3135,40.4381,145.5980,8.2346
2024-11-16 00:00:00+00:00,31.4028,29.8069,28.9874,102.8667,24.9505
2024-11-16 01:00:00+00:00,28.2205,28.1284,27.2865,92.6657,24.6009
2024-11-16 02:00:00+00:00,24.0601,26.9365,25.4945,90.1818,35.2827
2024-11-16 03:00:00+00:00,32.0247,35.6353,32.6736,118.6699,37.5469
2024-11-16 04:00:00+00:00,34.6875,34.1121,31.1272,116.0988,26.9723
2024-11-16 05:00:00+00:00,38.5447,41.0204,38.4571,133.8639,71.1333
2024-11-16 06:00:00+00:00,42.4323,43.8317,43.3350,139.7888,57.5545
2024-11-16 07:00:00+00:00,49.7479,46.9100,44.0201,157.8892,75.0285
2024-11-16 08:00:00+00:00,45.0829,49.1133,47.9957,150.6718,72.5953
2024-11-16 09:00:00+00:00,58.7008,67.3793,62.4985,194.4793,79.2419
2024-11-16 10:00:00+00:00,64.5803,66.8882,62.9340,199.9617,77.2140
2024-11-16 11:00:00+00:00,75.1190,83.6388,79.2079,209.5172,78.9237
2024-11-16 12:00:00+00:00,73.1205,78.5559,73.7925,209.2501,65.7060
2024-11-16 13:00:00+00:00,73.5720,77.0970,73.3444,208.5318,46.9067
2024-11-16 14:00:00+00:00,44.5287,48.0815,45.6829,146.7779,31.1794
2024-11-16 15:00:00+00:00,44.5139,52.2862,45.0467,165.2780,36.4454
2024-11-16 16:00:00+00:00,53.7777,53.4140,48.5282,175.9649,21.2032
2024-11-16 17:00:00+00:00,50.4656,52.5914,45.6694,169.1298,22.4294
2024-11-16 18:00:00+00:00,44.3140,44.9817,40.9834,144.3608,36.2773
2024-11-16 19:00:00+00:00,39.9763,45.2458,43.9053,130.8282,38.1684
2024-11-16 20:00:00+00:00,46.7793,56.0806,52.8773,161.5499,30.4797
2024-11-16 21:00:00+00:00,70.8153,73.9708,71.3484,206.4733,76.3349
2024-11-16 22:00:00+00:00,72.3213,75.9626,74.1054,206.2356,77.8525
2024-11-16 23:00:00+00:00,61.1578,58.8485,58.9300,185.8114,75.4247
2024-11-17 00:00:00+00:00,58.4748,54.2400,55.0519,176.2787,67.3950
2024-11-17 01:00:00+00:00,37.4416,32.3226,33.0286,111.3593,32.6033
2024-11-17 02:00:00+00:00,23.8251,23.5158,23.5276,73.5925,20.9432
2024-11-17 03:00:00+00:00,28.9867,31.1735,30.1459,94.8284,16.1412
2024-11-17 04:00:00+00:00,26.1100,26.5663,27.3914,76.4421,14.9594
2024-11-17 05:00:00+00:00,38.7564,36.6063,36.8559,125.9131,23.5543
2024-11-17 06:00:00+00:00,39.7740,42.8128,41.9649,130.0615,27.7568
2024-11-17 07:00:00+00:00,39.0083,39.2722,37.9526,127.3526,13.0945
2024-11-17 08:00:00+00:00,19.4397,20.7933,18.3910,71.1629,7.6668
2024-11-17 09:00:00+00:00,16.1775,20.9015,17.5442,70.3029,1.4702
2024-11-17 10:00:00+00:00,8.3739,14.2613,13.8735,37.6265,0.0000
2024-11-17 11:00:00+00:00,4.4814,11.3587,10.4414,29.6775,0.0000
2024-11-17 12:00:00+00:00,0.0410,3.8848,3.5505,9.2967,0.0000
2024-11-17 13:00:00+00:00,7.0517,16.5987,15.4093,47.9186,0.0268
2024-11-17 14:00:00+00:00,4.4844,7.4950,5.7748,22.1724,2.8128
2024-11-17 15:00:00+00:00,3.7514,6.0699,5.3731,14.9702,0.0000
2024-11-17 16:00:00+00:00,4.1296,5.9363,5.1903,15.0742,2.5633
2024-11-17 17:00:00+00:00,9.0803,11.6134,11.3259,28.9365,2.2619
2024-11-17 18:00:00+00:00,6.6009,8.2372,7.3265,23.6578,3.1668
2024-11-17 19:00:00+00:00,4.5836,4.7591,4.0945,14.7712,0.0000
2024-11-17 20:00:00+00:00,2.3003,2.3168,2.1955,7.0119,0.0000
2024-11-17 21:00:00+00:00,0.1618,0.0105,0.0000,0.1543,0.0129
2024-11-17 22:00:00+00:00,1.8013,0.1606,0.7784,0.6169,3.0374
2024-11-17 23:00:00+00:00,2.7872,0.1322,0.0279,1.4298,18.6267
2024-11-18 00:00:00+00:00,1.3449,0.0465,0.0000,0.8630,31.8154
2024-11-18 01:00:00+00:00,3.1997,0.2886,1.5253,1.3512,11.6984
2024-11-18 02:00:00+00:00,18.3531,11.3746,13.4808,38.1729,0.6592
2024-11-18 03:00:00+00:00,4.1405,2.6638,2.8046,10.9819,7.0514
2024-11-18 04:00:00+00:00,1.9726,0.2590,0.3264,1.1544,9.6936
2024-11-18 05:00:00+00:00,9.0123,4.0562,5.6827,11.3891,69.1065
2024-11-18 06:00:00+00:00,17.7058,23.4534,17.8459,73.9752,60.9270
2024-11-18 07:00:00+00:00,40.0668,39.3420,35.8370,123.1330,53.8645
2024-11-18 08:00:00+00:00,38.6749,45.0736,40.8226,144.2090,67.5505
2024-11-18 09:00:00+00:00,35.9153,38.2087,36.5817,120.6515,57.9465
2024-11-18 10:00:00+00:00,32.1210,39.7753,37.1492,104.4255,36.4178
2024-11-18 11:00:00+00:00,34.4677,39.1797,40.8983,111.3396,30.5926
2024-11-18 12:00:00+00:00,24.3650,30.5864,29.3638,84.5017,36.8868
2024-11-18 13:00:00+00:00,23.0281,30.3476,28.7723,82.7690,33.4649
2024-11-18 14:00:00+00:00,13.1238,16.9303,16.9731,45.3117,25.9587
2024-11-18 15:00:00+00:00,23.4011,29.6199,31.8452,68.3885,76.9940
2024-11-18 16:00:00+00:00,44.2897,45.0360,47.9467,117.5113,70.4418
2024-11-18 17:00:00+00:00,59.2071,56.6051,62.4391,150.1553,75.7544
2024-11-18 18:00:00+00:00,57.7075,53.1258,59.6535,149.2588,71.7821
2024-11-18 19:00:00+00:00,52.2083,44.2795,52.9019,120.6313,66.3570
2024-11-18 20:00:00+00:00,49.7141,44.7499,50.5849,124.7795,33.5000
2024-11-18 21:00:00+00:00,59.1408,59.9940,63.8435,150.5020,24.1134
2024-11-18 22:00:00+00:00,50.9154,51.7859,58.8634,126.2850,18.4798
2024-11-18 23:00:00+00:00,49.0184,44.3646,52.5249,128.7033,22.9760
2024-11-19 00:00:00+00:00,55.9452,54.4423,63.0856,146.3665,47.1421
2024-11-19 01:00:00+00:00,40.1537,36.1781,44.8243,96.8154,45.5983
2024-11-19 02:00:00+00:00,48.5845,48.7143,56.8749,142.1576,38.1134
2024-11-19 03:00:00+00:00,23.2502,22.3926,22.4024,88.4802,55.3596
2024-11-19 04:00:00+00:00,23.8393,23.2541,30.8541,62.7949,13.2229
2024-11-19 05:00:00+00:00,21.0435,20.1801,22.8744,60.9720,20.2341
2024-11-19 06:00:00+00:00,12.5926,11.4163,12.0159,38.6690,29.1395
2024-11-19 07:00:00+00:00,17.4996,14.4728,14.9380,48.3152,19.8561
2024-11-19 08:00:00+00:00,15.8677,17.7883,13.7120,57.5641,5.0494
2024-11-19 09:00:00+00:00,20.7649,20.1215,18.3924,69.3638,1.9248
2024-11-19 10:00:00+00:00,18.3931,12.4163,9.9400,57.6932,2.5168
2024-11-19 11:00:00+00:00,9.3465,7.2757,7.1690,30.9164,7.3229
2024-11-19 12:00:00+00:00,15.4384,15.4760,15.8232,51.1176,0.5110
2024-11-19 13:00:00+00:00,12.2504,11.6184,12.1219,37.1169,0.9246
2024-11-19 14:00:00+00:00,0.5990,0.0000,0.0000,1.2751,0.0568
2024-11-19 15:00:00+00:00,0.0000,0.0000,0.0000,0.0000,0.0631
2024-11-19 16:00:00+00:00,0.0000,0.0000,0.0000,0.0000,6.1296
2024-11-19 17:00:00+00:00,0.0000,0.0000,0.0000,0.0175,3.7572
2024-11-19 18:00:00+00:00,0.0000,0.0000,0.0000,0.0000,1.6195
2024-11-19 19:00:00+00:00,0.4271,0.0051,0.0000,1.8835,0.8871
2024-11-19 20:00:00+00:00,1.6459,1.5361,1.1762,5.8946,0.0000
2024-11-19 21:00:00+00:00,1.1160,0.7844,0.2738,5.5537,0.0000
2024-11-19 22:00:00+00:00,0.0000,0.0000,0.0000,1.1647,0.0545
2024-11-19 23:00:00+00:00,0.0581,0.0173,0.0000,3.8054,7.4881
2024-11-20 00:00:00+00:00,1.1476,1.9369,0.3607,10.9790,2.3717
2024-11-20 01:00:00+00:00,0.0000,0.0778,0.0000,5.1914,3.5525
2024-11-20 02:00:00+00:00,0.0000,0.0000,0.0000,0.0000,2.5160
2024-11-20 03:00:00+00:00,0.0000,0.0000,0.0000,0.0000,6.4027
2024-11-20 04:00:00+00:00,0.0000,0.0000,0.0000,0.0000,6.0388
2024-11-20 05:00:00+00:00,0.0000,0.0000,0.0000,0.0000,11.5765
2024-11-20 06:00:00+00:00,2.8256,2.9224,5.1110,2.6298,5.8543
2024-11-20 07:00:00+00:00,0.0000,0.0000,0.4721,0.0000,16.4024
2024-11-20 08:00:00+00:00,0.0000,0.0000,0.0601,0.0000,23.4040
2024-11-20 09:00:00+00:00,2.2760,5.0464,3.4886,10.3785,28.8732
2024-11-20 10:00:00+00:00,7.9911,19.8361,20.9405,31.0443,15.8912
2024-11-20 11:00:00+00:00,11.3260,22.1853,23.6278,41.2537,11.8112
2024-11-20 12:00:00+00:00,47.9340,61.6235,89.4560,94.6285,17.0703
2024-11-20 13:00:00+00:00,25.7230,36.0331,46.2908,57.8770,11.8648
2024-11-20 14:00:00+00:00,14.3281,20.3302,25.8689,30.3192,8.5570
2024-11-20 15:00:00+00:00,13.1303,16.4291,22.5852,25.8876,3.6582
2024-11-20 16:00:00+00:00,5.6207,6.2640,10.3366,9.4730,3.6096
2024-11-20 17:00:00+00:00,5.5937,6.0439,8.4476,10.7253,3.3861
2024-11-20 18:00:00+00:00,12.3239,12.5762,16.9721,22.6475,2.6366
2024-11-20 19:00:00+00:00,10.4115,11.0471,14.3277,21.6922,3.5528
2024-11-20 20:00:00+00:00,15.7276,20.1053,25.1746,36.6215,5.7478
2024-11-20 21:00:00+00:00,27.9359,37.8702,46.1050,66.9816,12.8194
2024-11-20 22:00:00+00:00,30.9765,39.2134,54.5159,67.1715,16.4084
2024-11-20 23:00:00+00:00,39.6963,39.8143,60.8765,92.2015,35.1450
2024-11-21 00:00:00+00:00,44.4996,67.7195,82.0000,139.7015,66.4081
2024-11-21 01:00:00+00:00,46.1701,76.4473,92.9961,143.0208,52.2855
2024-11-21 02:00:00+00:00,33.6457,81.2411,88.0904,146.2318,66.0155
2024-11-21 03:00:00+00:00,20.6639,51.9505,52.6915,92.8211,77.5253
2024-11-21 04:00:00+00:00,18.8708,55.1380,49.8131,100.6425,79.5735
2024-11-21 05:00:00+00:00,25.3535,46.3128,50.5036,90.8346,74.0569
2024-11-21 06:00:00+00:00,17.8572,48.6632,41.0965,107.1211,37.0212
2024-11-21 07:00:00+00:00,14.9062,45.8621,35.9803,108.6994,22.9006
2024-11-21 08:00:00+00:00,16.9538,35.0990,29.2754,108.2163,42.1059
2024-11-21 09:00:00+00:00,14.1666,11.0811,6.3957,57.0878,23.0209
2024-11-21 10:00:00+00:00,2.7225,7.9110,1.6674,40.3389,9.6956
2024-11-21 11:00:00+00:00,0.0000,1.5836,0.0000,12.7973,2.0575
2024-11-21 12:00:00+00:00,6.2648,6.7149,1.2063,21.2507,2.2446
2024-11-21 13:00:00+00:00,11.6759,12.8075,17.8039,25.2610,3.3442
2024-11-21 14:00:00+00:00,10.7662,15.4371,15.0368,39.2598,0.2191
2024-11-21 15:00:00+00:00,3.7778,5.3471,3.4509,14.0711,0.0000
2024-11-21 16:00:00+00:00,1.6295,0.3180,0.0000,1.4068,0.0000
2024-11-21 17:00:00+00:00,1.1917,0.7949,0.0669,5.0019,0.0000
2024-11-21 18:00:00+00:00,5.5168,6.6845,7.3723,14.4070,0.8576
2024-11-21 19:00:00+00:00,7.1780,7.3183,8.9754,16.8877,1.4814
2024-11-21 20:00:00+00:00,16.4428,17.1040,18.7427,38.7889,0.3250
2024-11-21 21:00:00+00:00,13.8593,18.2908,15.6076,46.2818,1.4604
2024-11-21 22:00:00+00:00,26.5742,27.9542,29.4211,59.8063,3.1507
2024-11-21 23:00:00+00:00,37.5386,40.2953,40.7003,101.6970,3.6121
2024-11-22 00:00:00+00:00,27.6792,37.0891,40.4854,79.9758,0.0000
2024-11-22 01:00:00+00:00,30.0165,45.1191,40.3717,112.6566,2.0893
2024-11-22 02:00:00+00:00,19.8455,26.4886,28.9630,66.7118,2.3062
2024-11-22 03:00:00+00:00,17.8898,24.2261,25.1330,63.2671,0.5597
2024-11-22 04:00:00+00:00,26.0989,23.3020,26.4613,61.9310,0.0000
2024-11-22 05:00:00+00:00,21.9220,26.2707,24.0709,66.1816,0.0000
2024-11-22 06:00:00+00:00,31.3776,41.1359,39.2547,97.6675,4.1546
2024-11-22 07:00:00+00:00,36.3646,52.4247,51.5354,121.6045,8.1265
2024-11-22 08:00:00+00:00,29.6510,48.5408,41.1748,108.1587,16.2662
2024-11-22 09:00:00+00:00,57.1514,57.9572,71.1856,125.8089,15.5050
2024-11-22 10:00:00+00:00,66.4525,80.2392,83.7300,186.2309,17.0274
2024-11-22 11:00:00+00:00,66.3448,79.7282,94.7207,189.8550,59.5314
2024-11-22 12:00:00+00:00,55.4785,67.5681,72.5015,175.7979,60.3781
2024-11-22 13:00:00+00:00,70.4387,91.2059,87.5799,203.9770,67.1936
2024-11-22 14:00:00+00:00,77.8954,95.9228,95.1453,210.1317,73.6455
2024-11-22 15:00:00+00:00,72.7862,94.8197,93.4142,205.9097,54.1864
2024-11-22 16:00:00+00:00,74.7058,93.1482,93.5419,202.6957,57.4753
2024-11-22 17:00:00+00:00,68.6245,81.6821,88.9695,194.7239,65.1060
2024-11-22 18:00:00+00:00,52.2171,62.3461,66.3258,146.3037,40.9799
2024-11-22 19:00:00+00:00,28.9590,36.0106,43.8335,82.2115,72.6248
2024-11-22 20:00:00+00:00,20.0921,29.0154,33.9888,62.3956,36.3464
2024-11-22 21:00:00+00:00,6.2553,7.8385,11.7054,18.0348,40.4474
2024-11-22 22:00:00+00:00,9.5114,19.2903,18.8455,51.7533,56.3441
2024-11-22 23:00:00+00:00,12.1298,40.8696,39.1352,82.3033,60.2724
2024-11-23 00:00:00+00:00,5.0251,12.7137,12.2468,41.6705,22.0640
2024-11-23 01:00:00+00:00,8.0099,19.1707,14.8923,57.7774,30.6398
2024-11-23 02:00:00+00:00,2.7834,8.1075,6.5284,30.8235,6.3267
2024-11-23 03:00:00+00:00,5.5147,12.2308,7.2843,42.1110,5.0291
2024-11-23 04:00:00+00:00,3.1120,6.4574,6.6604,12.9510,23.3749
2024-11-23 05:00:00+00:00,3.2058,3.6873,4.2303,8.3704,35.5664
2024-11-23 06:00:00+00:00,1.6487,2.6125,2.3090,6.2703,9.1642
2024-11-23 07:00:00+00:00,2.6495,2.9747,3.8570,6.9904,3.9077
2024-11-23 08:00:00+00:00,13.5170,15.1141,16.0213,40.3975,10.6747
2024-11-23 09:00:00+00:00,9.3220,9.2210,10.3031,25.0094,9.3150
2024-11-23 10:00:00+00:00,13.3013,13.6078,14.9480,40.5501,17.6669
2024-11-23 11:00:00+00:00,11.8968,11.4631,11.4785,35.7352,19.6632
2024-11-23 12:00:00+00:00,17.7357,14.8303,16.6989,47.8046,19.1955
2024-11-23 13:00:00+00:00,14.9427,12.3608,13.0522,38.3426,22.8133
2024-11-23 14:00:00+00:00,10.6982,8.3247,9.6786,25.4169,22.5394
2024-11-23 15:00:00+00:00,10.5424,5.7971,8.0825,18.0504,39.3936
2024-11-23 16:00:00+00:00,21.7057,18.0500,20.2542,54.2725,50.3884
2024-11-23 17:00:00+00:00,37.1366,32.6432,33.2523,101.8648,48.5135
2024-11-23 18:00:00+00:00,41.4674,44.3105,42.0710,128.2694,56.2496
2024-11-23 19:00:00+00:00,62.2709,62.7753,64.4967,170.8734,59.5961
2024-11-23 20:00:00+00:00,43.4277,40.3796,41.9796,120.4217,59.3722
2024-11-23 21:00:00+00:00,70.3394,67.0617,65.0086,196.1090,57.8243
2024-11-23 22:00:00+00:00,76.4432,85.5590,91.8157,203.7185,60.9202
2024-11-23 23:00:00+00:00,75.7853,81.1577,83.8446,206.1233,77.3920
2024-11-24 00:00:00+00:00,78.6023,87.1954,97.2527,204.9232,74.3000
2024-11-24 01:00:00+00:00,77.4337,82.4950,88.4209,202.7367,79.2120
2024-11-24 02:00:00+00:00,76.0976,84.5024,94.6908,201.3744,79.9000
2024-11-24 03:00:00+00:00,60.0352,61.0210,60.4283,180.6565,79.9000
2024-11-24 04:00:00+00:00,80.9890,98.5877,106.0886,212.8337,79.8892
2024-11-24 05:00:00+00:00,80.7779,99.1873,105.5042,215.2000,79.9000
2024-11-24 06:00:00+00:00,80.9399,98.6508,105.6927,213.7280,79.9000
2024-11-24 07:00:00+00:00,80.7989,97.7905,103.5685,214.2824,78.7249
2024-11-24 08:00:00+00:00,80.8103,98.6157,104.0939,215.1639,79.8887
2024-11-24 09:00:00+00:00,81.0000,99.7172,105.9663,215.1652,79.2336
2024-11-24 10:00:00+00:00,81.0000,100.4005,106.5000,215.2000,78.6785
2024-11-24 11:00:00+00:00,81.0000,99.9137,106.3346,215.2000,78.6908
2024-11-24 12:00:00+00:00,81.0000,99.2751,104.8209,215.2000,76.8124
2024-11-24 13:00:00+00:00,81.0000,99.1873,104.9997,215.1011,76.9367
2024-11-24 14:00:00+00:00,80.8383,98.0260,103.5776,214.7679,77.9026
2024-11-24 15:00:00+00:00,80.5939,98.6785,103.3598,215.1497,77.1844
2024-11-24 16:00:00+00:00,80.8203,98.3017,104.2134,214.8133,78.0233
2024-11-24 17:00:00+00:00,81.0000,100.2132,106.1485,215.1893,77.1041
2024-11-24 18:00:00+00:00,80.9647,98.5469,104.1876,214.9442,76.5570
2024-11-24 19:00:00+00:00,79.2177,97.1781,101.8213,213.4855,76.5475
2024-11-24 20:00:00+00:00,80.6037,97.5177,103.8000,214.5576,78.9116
2024-11-24 21:00:00+00:00,81.0000,99.5525,105.0138,214.7125,79.7024
2024-11-24 22:00:00+00:00,81.0000,98.7186,103.9362,214.7392,76.3620
2024-11-24 23:00:00+00:00,81.0000,99.3381,105.4732,215.1956,76.9005
2024-11-25 00:00:00+00:00,80.9682,98.4579,104.4581,214.9923,55.7302
2024-11-25 01:00:00+00:00,79.6161,96.4275,101.9507,213.6077,30.9624
2024-11-25 02:00:00+00:00,79.4611,96.1116,100.6204,213.6233,22.7645
2024-11-25 03:00:00+00:00,79.8050,95.8807,101.1633,213.3074,30.6805
2024-11-25 04:00:00+00:00,80.3110,95.7818,100.8980,213.5762,20.8569
2024-11-25 05:00:00+00:00,79.1447,94.8741,99.2538,212.4217,8.2940
2024-11-25 06:00:00+00:00,77.2833,85.1143,85.7985,208.2398,4.8002
2024-11-25 07:00:00+00:00,59.8764,62.8801,61.3512,186.4374,1.8961
2024-11-25 08:00:00+00:00,43.1865,46.3768,44.9270,137.0868,6.2403
2024-11-25 09:00:00+00:00,44.1459,50.0594,47.0798,147.7744,3.5979
2024-11-25 10:00:00+00:00,51.3675,57.3350,54.8583,164.6037,15.6565
2024-11-25 11:00:00+00:00,42.9839,47.3108,44.3714,141.8996,31.5747
2024-11-25 12:00:00+00:00,44.0481,47.5124,42.7423,144.9785,22.4810
2024-11-25 13:00:00+00:00,41.8275,40.7011,36.2064,135.6252,6.0521
2024-11-25 14:00:00+00:00,29.6173,31.0177,26.9902,99.7111,0.0000
2024-11-25 15:00:00+00:00,22.7914,26.8874,24.5377,77.1024,0.0000
2024-11-25 16:00:00+00:00,15.5315,19.9810,17.7334,55.6629,0.0000
2024-11-25 17:00:00+00:00,15.6023,16.7035,15.8155,48.8939,0.5305
2024-11-25 18:00:00+00:00,10.4468,11.1456,9.8665,33.8219,3.9717
2024-11-25 19:00:00+00:00,12.4416,12.5008,11.7899,38.0036,0.0000
2024-11-25 20:00:00+00:00,8.0588,8.2412,7.0451,25.9830,0.0000
2024-11-25 21:00:00+00:00,4.4319,4.0327,3.8275,14.2302,0.0000
2024-11-25 22:00:00+00:00,6.1219,5.0376,4.4632,20.4114,0.0000
2024-11-25 23:00:00+00:00,1.6888,1.2411,0.2958,8.8060,0.0000
2024-11-26 00:00:00+00:00,0.0000,0.0231,0.0000,3.5713,1.2173
2024-11-26 01:00:00+00:00,0.0000,0.0000,0.0000,0.0000,3.2830
2024-11-26 02:00:00+00:00,0.0000,0.0000,0.0000,0.0000,11.4976
2024-11-26 03:00:00+00:00,2.0959,0.9697,2.6050,1.3075,23.2605
2024-11-26 04:00:00+00:00,2.5119,2.0000,1.9995,6.0209,30.8169
2024-11-26 05:00:00+00:00,4.9776,15.6768,11.8907,34.3263,42.1948
2024-11-26 06:00:00+00:00,0.4560,10.2623,5.1317,35.3586,39.8480
2024-11-26 07:00:00+00:00,1.5949,13.5703,10.5267,40.5815,28.7661
2024-11-26 08:00:00+00:00,10.6900,15.9365,21.6241,41.0324,34.1328
2024-11-26 09:00:00+00:00,10.9050,21.0841,32.0658,43.9076,31.6083
2024-11-26 10:00:00+00:00,9.0615,17.1847,24.1448,50.0382,54.7592
2024-11-26 11:00:00+00:00,26.8072,40.3537,53.6245,79.2335,14.9101
2024-11-26 12:00:00+00:00,14.3285,19.1389,17.0424,46.8294,47.7731
2024-11-26 13:00:00+00:00,1.4270,7.6133,1.9907,48.4788,50.6277
2024-11-26 14:00:00+00:00,36.2814,10.0671,28.6959,32.5541,50.3732
2024-11-26 15:00:00+00:00,32.3196,4.4277,4.9012,17.1166,78.2030
2024-11-26 16:00:00+00:00,4.2608,0.1356,0.0472,1.7884,79.1484
2024-11-26 17:00:00+00:00,46.8677,15.4286,30.7204,44.8532,79.8946
2024-11-26 18:00:00+00:00,77.4221,65.2432,85.5262,148.9167,79.9000
2024-11-26 19:00:00+00:00,80.8505,99.7169,106.1138,208.7948,79.9000
2024-11-26 20:00:00+00:00,79.9639,91.6098,102.2414,197.5249,79.9000
2024-11-26 21:00:00+00:00,79.3027,99.6195,103.2699,213.3651,79.8837
2024-11-26 22:00:00+00:00,79.3500,98.1832,102.8844,215.1221,79.3339
2024-11-26 23:00:00+00:00,81.0000,100.5000,106.5000,215.2000,37.7752
2024-11-27 00:00:00+00:00,75.6283,92.1075,91.7791,204.4405,78.5088
2024-11-27 01:00:00+00:00,68.4787,87.3193,86.8205,205.2935,55.1781
2024-11-27 02:00:00+00:00,75.6731,96.5941,101.9370,211.1365,68.8975
2024-11-27 03:00:00+00:00,70.9518,94.1633,99.2297,206.8953,75.5427
2024-11-27 04:00:00+00:00,66.2420,94.8231,95.6707,206.3594,58.9849
2024-11-27 05:00:00+00:00,57.5378,88.3885,99.8806,181.5252,41.7084
2024-11-27 06:00:00+00:00,80.3962,100.2271,106.3256,214.7060,41.5071
2024-11-27 07:00:00+00:00,73.7705,96.1257,102.3492,204.8410,31.9677
2024-11-27 08:00:00+00:00,80.5881,100.4685,105.9777,214.9173,48.2655
2024-11-27 09:00:00+00:00,68.7713,83.2937,92.9773,193.0331,77.8141
2024-11-27 10:00:00+00:00,71.9124,85.2988,91.0800,201.9375,76.6736
2024-11-27 11:00:00+00:00,79.2718,99.7110,105.5136,214.0399,78.3890
2024-11-27 12:00:00+00:00,78.6169,98.3316,103.9311,213.7545,76.4053
2024-11-27 13:00:00+00:00,78.0275,97.2960,102.8628,211.9247,51.0389
2024-11-27 14:00:00+00:00,78.1937,97.2209,102.5064,212.8779,72.4287
2024-11-27 15:00:00+00:00,80.1666,98.9822,104.2109,215.1747,69.9987
2024-11-27 16:00:00+00:00,79.3976,97.7575,103.2542,213.8696,60.1178
2024-11-27 17:00:00+00:00,79.1359,97.0449,102.8040,212.4548,62.8867
2024-11-27 18:00:00+00:00,69.1195,83.7585,86.0808,200.6126,58.9932
2024-11-27 19:00:00+00:00,75.4165,94.0974,100.3028,203.4743,67.6963
2024-11-27 20:00:00+00:00,65.4330,86.0258,85.9987,201.6100,68.2809
2024-11-27 21:00:00+00:00,46.5343,63.9829,68.0838,157.3833,44.2651
2024-11-27 22:00:00+00:00,48.8309,51.8472,58.9195,127.3549,14.7611
2024-11-27 23:00:00+00:00,37.7881,49.5294,54.6652,116.3726,8.0004
2024-11-28 00:00:00+00:00,34.3666,42.9590,46.7947,107.4989,16.5271
2024-11-28 01:00:00+00:00,17.8473,28.6641,29.3918,67.7782,5.8264
2024-11-28 02:00:00+00:00,23.8591,34.5888,36.0693,82.6153,11.9130
2024-11-28 03:00:00+00:00,24.6336,37.0610,39.1617,81.6009,3.9617
2024-11-28 04:00:00+00:00,16.6268,27.8437,25.8015,65.3224,3.9821
2024-11-28 05:00:00+00:00,13.4256,24.8238,21.7542,56.4262,8.1969
2024-11-28 06:00:00+00:00,9.2801,13.9893,12.5424,34.2547,7.0377
2024-11-28 07:00:00+00:00,5.8100,9.8267,9.8017,22.4908,17.1677
2024-11-28 08:00:00+00:00,3.7181,3.6489,2.8735,9.4440,9.4537
2024-11-28 09:00:00+00:00,4.9853,1.9961,1.8688,5.1401,9.4688
2024-11-28 10:00:00+00:00,7.6845,1.2702,1.9328,4.4821,7.6997
2024-11-28 11:00:00+00:00,6.7205,4.3323,5.4016,10.4757,3.3833
2024-11-28 12:00:00+00:00,1.7369,0.1042,0.0000,0.9580,8.9928
2024-11-28 13:00:00+00:00,0.2136,0.0022,0.0683,0.0890,13.3398
2024-11-28 14:00:00+00:00,0.1216,0.0000,0.0000,0.0000,10.3445
2024-11-28 15:00:00+00:00,0.6638,0.0245,0.0000,0.1016,4.6286
2024-11-28 16:00:00+00:00,1.0957,2.6825,0.9312,8.2668,0.1766
2024-11-28 17:00:00+00:00,0.5080,1.8542,0.4796,5.2849,0.5315
2024-11-28 18:00:00+00:00,1.3295,3.7025,2.6306,8.5937,0.0000
2024-11-28 19:00:00+00:00,2.2501,5.2468,4.4608,12.4562,0.6720
2024-11-28 20:00:00+00:00,2.1005,3.0719,3.6288,6.0777,8.3542
2024-11-28 21:00:00+00:00,0.4344,0.0522,0.1339,0.7740,12.3139
2024-11-28 22:00:00+00:00,0.0000,0.0000,0.0407,0.0000,17.8926
2024-11-28 23:00:00+00:00,1.5977,1.7882,2.1890,5.0217,16.0772
2024-11-29 00:00:00+00:00,6.5617,4.1863,3.8485,17.3205,9.7054
2024-11-29 01:00:00+00:00,18.1545,14.6006,15.0609,46.4355,1.8627
2024-11-29 02:00:00+00:00,18.7521,16.5763,14.8867,58.6859,0.0000
2024-11-29 03:00:00+00:00,18.1159,16.5795,16.4413,54.4356,2.2520
2024-11-29 04:00:00+00:00,20.0370,21.5977,19.5514,65.2093,0.0149
2024-11-29 05:00:00+00:00,20.3628,25.7725,25.4070,63.8842,2.3342
2024-11-29 06:00:00+00:00,31.4419,33.7856,33.0420,99.1472,4.5731
2024-11-29 07:00:00+00:00,26.3097,29.8288,28.3544,81.6433,5.1800
2024-11-29 08:00:00+00:00,14.1254,16.4530,16.1630,45.8037,5.0549
2024-11-29 09:00:00+00:00,6.1584,6.5414,6.1450,21.9741,6.7911
2024-11-29 10:00:00+00:00,6.3630,6.6372,6.7736,19.8460,5.1713
2024-11-29 11:00:00+00:00,18.8879,21.5232,20.0780,70.2818,17.4569
2024-11-29 12:00:00+00:00,12.6988,16.8079,16.8188,39.6541,30.9100
2024-11-29 13:00:00+00:00,7.3842,7.8290,8.1787,22.7010,25.7447
2024-11-29 14:00:00+00:00,11.0002,11.0001,13.0678,23.4842,8.9782
2024-11-29 15:00:00+00:00,21.8790,22.0692,27.2982,48.1470,61.3945
2024-11-29 16:00:00+00:00,24.6461,26.0951,27.5720,59.4382,15.6186
2024-11-29 17:00:00+00:00,28.8543,29.4266,32.5473,65.2211,47.3901
2024-11-29 18:00:00+00:00,18.0469,22.5202,23.6275,58.2164,66.0788
2024-11-29 19:00:00+00:00,14.3351,22.0028,21.0108,52.2586,74.1085
2024-11-29 20:00:00+00:00,20.7924,25.0782,27.5590,59.7708,69.8217
2024-11-29 21:00:00+00:00,27.9642,35.2477,36.9999,85.2138,56.2577
2024-11-29 22:00:00+00:00,29.3534,33.2294,38.0152,75.4789,35.5289
2024-11-29 23:00:00+00:00,28.9294,34.5666,39.8292,83.9852,25.4392
2024-11-30 00:00:00+00:00,44.4545,56.0684,55.6395,142.5840,10.7787
2024-11-30 01:00:00+00:00,48.2127,60.8251,58.0821,160.6134,41.6881
2024-11-30 02:00:00+00:00,43.8592,53.0318,54.8412,135.5737,62.1156
2024-11-30 03:00:00+00:00,55.6189,68.5146,71.2183,171.9135,42.1224
2024-11-30 04:00:00+00:00,58.9656,77.5584,81.9100,187.2943,37.0702
2024-11-30 05:00:00+00:00,53.1242,77.4047,79.5383,190.7603,73.7130
2024-11-30 06:00:00+00:00,60.7903,83.2876,83.1315,202.5443,71.8599
2024-11-30 07:00:00+00:00,76.0930,96.1062,101.1483,210.3101,71.1104
2024-11-30 08:00:00+00:00,71.9840,94.4757,94.9877,208.9178,65.8878
2024-11-30 09:00:00+00:00,67.6802,87.4145,89.9659,206.3568,79.8760
2024-11-30 10:00:00+00:00,36.4319,56.3571,61.3018,125.8198,77.9501
2024-11-30 11:00:00+00:00,48.1576,72.9012,75.8752,165.1181,71.1154
2024-11-30 12:00:00+00:00,48.9498,62.1324,62.8363,149.8725,69.5570
2024-11-30 13:00:00+00:00,30.0089,35.3403,39.6512,84.3759,79.2053
2024-11-30 14:00:00+00:00,68.9200,82.6525,96.3340,172.1474,78.8799
2024-11-30 15:00:00+00:00,70.9731,83.3651,96.0112,182.7712,71.3458
2024-11-30 16:00:00+00:00,56.5915,68.9315,74.5183,162.6339,48.9954
2024-11-30 17:00:00+00:00,39.3333,39.5973,44.2181,105.3923,76.4703
2024-11-30 18:00:00+00:00,43.4515,50.0670,51.4243,127.8085,53.8630
2024-11-30 19:00:00+00:00,46.1067,49.0734,50.3873,126.1339,56.7485
2024-11-30 20:00:00+00:00,39.6066,38.2291,40.8534,101.0984,64.5488
2024-11-30 21:00:00+00:00,24.5105,32.5475,34.5419,76.5991,77.4789
2024-11-30 22:00:00+00:00,28.4559,42.3774,43.0427,100.1776,79.9000
2024-11-30 23:00:00+00:00,28.8833,53.2344,45.9059,134.7997,77.5678
2024-12-01 00:00:00+00:00,37.1790,50.2034,53.5490,112.3206,76.8742
2024-12-01 01:00:00+00:00,39.8816,72.2886,61.2792,179.3582,75.6201
2024-12-01 02:00:00+00:00,34.4771,62.2804,62.7889,150.8693,79.5044
2024-12-01 03:00:00+00:00,35.6080,43.4765,47.1189,111.7421,79.0660
2024-12-01 04:00:00+00:00,59.5179,72.9994,74.5888,186.1814,79.9000
2024-12-01 05:00:00+00:00,51.2417,64.7242,66.5494,164.6990,79.8028
2024-12-01 06:00:00+00:00,55.3761,62.6613,65.0312,173.8192,79.8333
2024-12-01 07:00:00+00:00,53.8247,62.7421,61.5796,176.6582,79.5882
2024-12-01 08:00:00+00:00,52.8207,54.8861,53.7042,160.0000,79.6745
2024-12-01 09:00:00+00:00,60.6490,68.5260,66.4945,195.1958,78.1279
2024-12-01 10:00:00+00:00,49.8724,55.8918,58.8487,141.3666,77.1329
2024-12-01 11:00:00+00:00,57.5334,63.5310,67.8910,170.6923,73.4543
2024-12-01 12:00:00+00:00,60.4571,62.5045,73.5986,163.8544,68.9621
2024-12-01 13:00:00+00:00,57.8680,60.8427,70.6299,165.7921,75.2645
2024-12-01 14:00:00+00:00,62.3621,68.8542,72.9175,185.6214,74.4089
2024-12-01 15:00:00+00:00,43.2626,41.1961,45.3560,115.1414,79.8597
2024-12-01 16:00:00+00:00,42.3873,43.1573,48.5735,104.6435,76.8204
2024-12-01 17:00:00+00:00,19.6605,22.4796,23.6692,52.1294,68.1078
2024-12-01 18:00:00+00:00,14.8145,16.2090,16.7691,40.8941,57.5732
2024-12-01 19:00:00+00:00,21.3134,23.7697,25.0171,56.8171,37.7168
2024-12-01 20:00:00+00:00,15.9514,16.4897,17.1557,40.1228,32.5549
2024-12-01 21:00:00+00:00,16.0851,16.6177,19.4224,38.9161,63.2776
2024-12-01 22:00:00+00:00,9.4872,11.5095,12.5894,26.2789,38.6279
2024-12-01 23:00:00+00:00,18.4550,17.3963,19.2381,44.5147,76.6897
2024-12-02 00:00:00+00:00,21.0448,10.4311,13.7460,38.1035,78.7893
2024-12-02 01:00:00+00:00,10.6607,6.8641,11.0095,18.2102,52.5685
2024-12-02 02:00:00+00:00,7.9049,7.2503,7.2045,18.4682,50.4661
2024-12-02 03:00:00+00:00,2.1767,2.9089,1.9030,10.4184,19.8964
2024-12-02 04:00:00+00:00,0.0000,0.0937,0.0000,4.6112,30.3946
2024-12-02 05:00:00+00:00,5.0767,6.7466,4.6805,24.5243,24.5538
2024-12-02 06:00:00+00:00,10.3175,11.0203,9.3964,40.0391,28.3964
2024-12-02 07:00:00+00:00,12.4448,13.0245,12.4165,43.6897,3.3696
2024-12-02 08:00:00+00:00,11.1159,10.9149,10.8929,41.1513,0.0000
2024-12-02 09:00:00+00:00,16.1298,23.3326,19.8954,71.2998,1.1410
2024-12-02 10:00:00+00:00,17.1178,21.1580,18.1195,66.2936,1.0662
2024-12-02 11:00:00+00:00,19.3776,21.4831,19.2026,68.9542,0.4676
2024-12-02 12:00:00+00:00,13.7370,14.1192,12.3807,48.8824,0.5936
2024-12-02 13:00:00+00:00,7.7116,9.5096,8.1601,32.0915,0.0000
2024-12-02 14:00:00+00:00,6.2594,6.8735,5.6610,21.9171,2.5927
2024-12-02 15:00:00+00:00,11.2074,11.2302,11.6258,29.1569,23.9999
2024-12-02 16:00:00+00:00,13.8598,15.9881,15.9600,40.2389,10.1832
2024-12-02 17:00:00+00:00,18.4521,19.4450,19.0874,52.8113,7.6816
2024-12-02 18:00:00+00:00,15.9520,17.6799,17.5033,46.6971,8.2763
2024-12-02 19:00:00+00:00,17.7287,20.1222,20.7388,51.6179,13.8292
2024-12-02 20:00:00+00:00,22.2364,24.5078,23.9955,64.6202,13.0833
2024-12-02 21:00:00+00:00,19.4487,20.6602,20.9723,56.7477,3.9523
2024-12-02 22:00:00+00:00,23.2125,22.5071,22.3164,68.6352,1.4413
2024-12-02 23:00:00+00:00,26.1161,24.7118,23.8795,77.6761,1.1425
2024-12-03 00:00:00+00:00,18.1179,19.7840,20.1386,57.9601,0.1769
2024-12-03 01:00:00+00:00,18.3521,19.7042,17.2829,68.3265,2.3845
2024-12-03 02:00:00+00:00,15.0166,18.1749,17.6755,53.8190,15.2242
2024-12-03 03:00:00+00:00,16.1400,18.1955,15.8654,60.3722,7.2041
2024-12-03 04:00:00+00:00,19.1238,17.9654,18.0450,57.2785,4.3115
2024-12-03 05:00:00+00:00,22.2858,18.0372,18.8049,60.1062,2.5643
2024-12-03 06:00:00+00:00,15.7900,18.5575,18.9250,53.5217,1.9421
2024-12-03 07:00:00+00:00,16.5319,18.0218,17.3746,56.2062,4.8093
2024-12-03 08:00:00+00:00,13.4628,14.6681,16.5534,41.0376,1.4122
2024-12-03 09:00:00+00:00,21.7236,21.2931,21.5702,61.1652,5.1027
2024-12-03 10:00:00+00:00,12.5972,11.5677,10.3432,45.1724,5.5245
2024-12-03 11:00:00+00:00,11.7170,11.0054,11.3240,35.9153,2.6574
2024-12-03 12:00:00+00:00,14.0782,10.4378,11.7540,37.3692,0.3765
2024-12-03 13:00:00+00:00,7.4042,3.8254,3.6137,20.2441,1.2479
2024-12-03 14:00:00+00:00,5.2893,4.7298,5.1062,15.2791,3.5077
2024-12-03 15:00:00+00:00,9.3264,8.7862,8.5745,26.7225,0.0000
2024-12-03 16:00:00+00:00,7.5853,7.8787,8.1782,20.6440,3.1518
2024-12-03 17:00:00+00:00,9.0047,8.4187,9.5354,21.7042,2.9845
2024-12-03 18:00:00+00:00,10.1229,9.9762,10.6003,25.3213,6.6862
2024-12-03 19:00:00+00:00,9.8367,10.6523,11.0491,27.4804,15.1831
2024-12-03 20:00:00+00:00,9.7931,10.0346,10.8578,27.5390,14.2484
2024-12-03 21:00:00+00:00,7.7058,12.1825,12.8494,28.8227,18.7771
2024-12-03 22:00:00+00:00,11.2838,13.3176,13.0135,37.7931,23.3398
2024-12-03 23:00:00+00:00,14.3405,14.1297,14.6105,40.3774,3.9359
2024-12-04 00:00:00+00:00,9.2059,8.6204,8.9487,28.3274,17.1348
2024-12-04 01:00:00+00:00,9.0779,6.9112,7.2339,24.0688,8.4824
2024-12-04 02:00:00+00:00,14.3507,11.1653,10.9364,38.6512,0.0000
2024-12-04 03:00:00+00:00,7.9275,5.5876,5.7559,23.5211,16.2479
2024-12-04 04:00:00+00:00,14.1058,14.4691,13.9121,45.0292,13.7771
2024-12-04 05:00:00+00:00,14.1677,16.4323,15.3164,47.5385,15.1534
2024-12-04 06:00:00+00:00,14.2760,19.0957,17.0094,51.8935,56.0607
2024-12-04 07:00:00+00:00,9.4935,11.5186,10.2773,35.9659,75.4925
2024-12-04 08:00:00+00:00,4.0663,4.7251,4.9302,16.7968,60.1485
2024-12-04 09:00:00+00:00,16.5687,15.0755,15.1444,35.3797,51.5992
2024-12-04 10:00:00+00:00,26.4827,27.0009,25.5814,78.9676,52.9822
2024-12-04 11:00:00+00:00,58.7224,59.4750,50.7800,164.6382,68.9085
2024-12-04 12:00:00+00:00,77.4587,91.0311,78.4984,209.9050,79.7642
2024-12-04 13:00:00+00:00,72.9639,83.6535,57.9574,207.6748,79.4737
2024-12-04 14:00:00+00:00,53.3877,58.6852,52.8437,185.8808,77.3085
2024-12-04 15:00:00+00:00,47.4208,53.3558,59.8014,143.5647,75.7439
2024-12-04 16:00:00+00:00,65.5208,72.0732,85.2628,191.6054,78.1393
2024-12-04 17:00:00+00:00,43.4968,52.4716,54.7700,121.6993,78.2250
2024-12-04 18:00:00+00:00,42.1450,40.8513,43.2127,105.5959,78.6482
2024-12-04 19:00:00+00:00,51.6239,40.5295,45.0725,103.6422,79.8800
2024-12-04 20:00:00+00:00,77.4085,71.7933,87.2100,167.9129,79.3477
2024-12-04 21:00:00+00:00,77.9299,93.4560,101.4139,194.2937,79.8919
2024-12-04 22:00:00+00:00,79.8753,97.6720,104.2408,186.9530,79.9000
2024-12-04 23:00:00+00:00,78.4065,98.3629,104.0951,197.1521,79.8935
2024-12-05 00:00:00+00:00,77.2551,90.1747,100.5316,189.8471,79.9000
2024-12-05 01:00:00+00:00,77.4079,95.4741,101.5516,200.8569,76.7084
2024-12-05 02:00:00+00:00,80.0286,97.1311,102.2780,210.6518,71.1402
2024-12-05 03:00:00+00:00,78.9752,97.9081,103.7595,211.2475,65.7408
2024-12-05 04:00:00+00:00,61.5214,71.2445,81.4150,133.6130,58.7514
2024-12-05 05:00:00+00:00,57.4291,71.7506,75.6975,137.1693,55.7956
2024-12-05 06:00:00+00:00,40.3410,55.0461,54.7030,108.3202,45.5145
2024-12-05 07:00:00+00:00,29.7788,34.9119,36.1569,72.2652,56.1992
2024-12-05 08:00:00+00:00,34.4252,35.0480,35.1553,75.5233,50.5701
2024-12-05 09:00:00+00:00,45.0416,45.5318,47.9693,79.2406,52.0250
2024-12-05 10:00:00+00:00,36.8655,40.0723,36.1077,75.1746,76.5702
2024-12-05 11:00:00+00:00,63.8857,61.9221,58.2148,128.5976,78.0154
2024-12-05 12:00:00+00:00,57.5857,52.7269,47.1758,146.8540,51.0487
2024-12-05 13:00:00+00:00,52.1789,51.4034,53.4445,147.3080,16.8772
2024-12-05 14:00:00+00:00,39.0674,46.1600,47.0969,132.7042,38.3456
2024-12-05 15:00:00+00:00,22.5040,24.5123,25.9225,57.5656,32.1074
2024-12-05 16:00:00+00:00,30.8852,37.3650,41.6275,85.8461,53.8110
2024-12-05 17:00:00+00:00,54.7958,65.4038,77.1298,136.0478,66.0485
2024-12-05 18:00:00+00:00,67.6570,68.3216,78.2404,166.2459,79.9000
2024-12-05 19:00:00+00:00,49.1848,56.2448,61.7934,151.1762,79.7803
2024-12-05 20:00:00+00:00,55.0626,62.4019,57.0198,192.7348,79.9000
2024-12-05 21:00:00+00:00,79.2992,98.7747,105.1019,213.0031,79.9000
2024-12-05 22:00:00+00:00,80.0271,97.0192,103.5732,212.2585,79.8916
2024-12-05 23:00:00+00:00,77.1838,84.8557,102.3816,204.5090,79.9000
2024-12-06 00:00:00+00:00,80.9092,96.7779,103.9012,212.1493,79.9000
2024-12-06 01:00:00+00:00,80.9961,98.8301,105.9310,214.5785,79.9000
2024-12-06 02:00:00+00:00,80.9937,99.8120,106.3520,215.0417,79.9000
2024-12-06 03:00:00+00:00,80.8892,98.6521,103.8468,215.1862,79.9000
2024-12-06 04:00:00+00:00,81.0000,99.1954,104.7105,215.0311,79.9000
2024-12-06 05:00:00+00:00,79.7496,96.5110,101.7486,214.3352,79.9000
2024-12-06 06:00:00+00:00,80.1742,97.1338,102.1044,213.9279,78.7929
2024-12-06 07:00:00+00:00,81.0000,99.9233,105.9158,215.1786,79.1802
2024-12-06 08:00:00+00:00,79.9899,98.2072,103.6100,214.8539,77.5189
2024-12-06 09:00:00+00:00,80.8904,99.9586,106.1699,215.1386,78.0517
2024-12-06 10:00:00+00:00,80.9624,100.0959,105.9510,215.1842,77.7317
2024-12-06 11:00:00+00:00,80.1399,97.8736,103.4080,215.0508,78.3805
2024-12-06 12:00:00+00:00,80.6559,99.2606,104.3851,215.1912,75.6312
2024-12-06 13:00:00+00:00,79.1814,96.9453,101.9872,214.3526,74.6294
2024-12-06 14:00:00+00:00,76.8504,88.5021,89.8424,207.5631,72.7164
2024-12-06 15:00:00+00:00,68.3272,75.2725,76.8392,199.0978,31.9194
2024-12-06 16:00:00+00:00,65.1232,74.0131,74.0376,198.6163,30.2432
2024-12-06 17:00:00+00:00,76.5083,90.1292,90.7910,207.1136,35.1364
2024-12-06 18:00:00+00:00,76.5654,90.5371,92.4252,207.0361,44.7167
2024-12-06 19:00:00+00:00,65.2617,77.4078,72.9500,203.5152,50.5347
2024-12-06 20:00:00+00:00,57.3136,64.3098,64.0876,171.3452,58.7903
2024-12-06 21:00:00+00:00,65.5055,72.1326,74.7591,183.5075,30.4363
2024-12-06 22:00:00+00:00,50.4782,56.9509,52.9157,167.8170,5.7156
2024-12-06 23:00:00+00:00,26.8593,21.3387,21.4602,77.7363,2.3697
2024-12-07 00:00:00+00:00,17.4173,13.8285,13.7656,44.0766,16.8939
2024-12-07 01:00:00+00:00,16.1068,12.8744,12.9418,41.1528,8.0413
2024-12-07 02:00:00+00:00,20.2945,10.6494,13.4758,38.2531,20.0720
2024-12-07 03:00:00+00:00,23.5110,11.4642,19.7996,34.5163,57.9313
2024-12-07 04:00:00+00:00,19.5629,9.6347,13.9300,35.2054,62.5856
2024-12-07 05:00:00+00:00,10.8891,3.9226,6.3902,17.6942,62.7344
2024-12-07 06:00:00+00:00,19.4016,16.3972,19.1021,46.2142,29.8126
2024-12-07 07:00:00+00:00,11.5370,14.2375,14.2521,33.1822,60.4025
2024-12-07 08:00:00+00:00,10.4470,12.9568,10.7850,36.5278,7.2867
2024-12-07 09:00:00+00:00,11.9519,11.3790,10.8061,35.9900,35.8218
2024-12-07 10:00:00+00:00,3.4945,2.9397,2.9234,8.8793,42.9379
2024-12-07 11:00:00+00:00,1.8604,1.8068,2.2811,4.6062,22.3521
2024-12-07 12:00:00+00:00,7.7864,6.2507,9.1174,14.8135,3.1698
2024-12-07 13:00:00+00:00,2.4365,1.7744,0.8777,8.1823,26.4443
2024-12-07 14:00:00+00:00,3.5608,1.9946,1.6928,8.5843,0.9589
2024-12-07 15:00:00+00:00,6.3777,3.5403,4.1907,11.4113,0.0000
2024-12-07 16:00:00+00:00,0.0088,0.0000,0.0000,0.0000,0.0000
2024-12-07 17:00:00+00:00,0.4719,0.0163,0.0000,0.1924,0.3284
2024-12-07 18:00:00+00:00,1.7595,0.5665,0.5504,3.3420,3.3533
2024-12-07 19:00:00+00:00,0.0163,0.0000,0.0000,0.0077,4.8132
2024-12-07 20:00:00+00:00,0.0000,0.0000,0.0000,0.0000,16.0820
2024-12-07 21:00:00+00:00,0.0000,0.0000,0.0000,0.0000,46.0861
2024-12-07 22:00:00+00:00,0.0305,0.0082,0.0000,1.8714,74.5903
2024-12-07 23:00:00+00:00,3.6859,12.5992,11.4172,29.5448,76.1420
2024-12-08 00:00:00+00:00,10.1362,14.3620,20.1966,28.4625,61.8221
2024-12-08 01:00:00+00:00,32.0653,27.5654,35.0855,39.4313,61.7015
2024-12-08 02:00:00+00:00,40.2564,36.3451,34.4047,98.4827,63.8693
2024-12-08 03:00:00+00:00,26.9345,21.9691,25.6841,49.1765,70.1815
2024-12-08 04:00:00+00:00,55.0980,41.9946,50.4478,105.3078,69.4514
2024-12-08 05:00:00+00:00,75.0685,70.8208,77.4156,131.5072,70.7852
2024-12-08 06:00:00+00:00,76.6800,83.8394,86.4826,171.1708,71.3380
2024-12-08 07:00:00+00:00,78.5333,79.1850,81.7850,177.2453,71.5521
2024-12-08 08:00:00+00:00,78.9727,95.7599,102.6798,203.6487,55.2130
2024-12-08 09:00:00+00:00,80.8524,100.2572,106.5000,214.4320,62.9801
2024-12-08 10:00:00+00:00,80.9945,100.0938,106.5000,214.5975,78.9514
2024-12-08 11:00:00+00:00,81.0000,100.5000,106.5000,215.2000,79.8727
2024-12-08 12:00:00+00:00,80.9670,99.2015,105.4867,215.2000,79.5761
2024-12-08 13:00:00+00:00,81.0000,100.4996,106.3976,215.2000,79.9000
2024-12-08 14:00:00+00:00,81.0000,100.5000,106.5000,215.2000,79.9000
2024-12-08 15:00:00+00:00,80.8027,99.0187,104.1646,215.1390,79.9000
2024-12-08 16:00:00+00:00,77.7051,96.1954,100.5262,210.9496,79.9000
2024-12-08 17:00:00+00:00,80.9629,98.7262,104.5083,214.4507,79.9000
2024-12-08 18:00:00+00:00,80.0038,95.9712,101.8800,212.4469,79.9000
2024-12-08 19:00:00+00:00,77.4994,79.1547,82.1710,202.1995,79.4829
2024-12-08 20:00:00+00:00,77.5782,80.4361,83.9368,202.2411,67.5507
2024-12-08 21:00:00+00:00,78.9939,78.4132,88.8267,208.4527,48.4058
2024-12-08 22:00:00+00:00,74.7619,73.3924,74.3677,202.0868,74.4281
2024-12-08 23:00:00+00:00,43.7032,52.6107,51.1867,138.8311,76.7379
2024-12-09 00:00:00+00:00,16.1742,24.9923,22.4655,68.3374,15.1160
2024-12-09 01:00:00+00:00,14.7940,15.3341,16.8847,41.5684,12.6781
2024-12-09 02:00:00+00:00,10.8316,14.9332,13.2005,41.1944,10.0511
2024-12-09 03:00:00+00:00,4.9644,4.5207,4.2234,18.1613,4.6822
2024-12-09 04:00:00+00:00,4.5825,3.4208,3.0151,14.1198,1.1789
2024-12-09 05:00:00+00:00,2.1710,0.9803,0.6312,7.1963,1.4611
2024-12-09 06:00:00+00:00,0.7599,0.5606,0.0698,3.0231,1.2307
2024-12-09 07:00:00+00:00,0.0000,0.0000,0.0000,0.0000,1.4616
2024-12-09 08:00:00+00:00,0.0000,0.0000,0.0000,0.0597,0.1797
2024-12-09 09:00:00+00:00,0.0000,0.0000,0.0000,0.0000,0.2722
2024-12-09 10:00:00+00:00,0.4890,0.4244,0.5415,2.9663,4.2208
2024-12-09 11:00:00+00:00,8.4431,10.7500,12.9647,24.1202,0.0764
2024-12-09 12:00:00+00:00,9.5307,14.1141,19.5851,23.2109,7.0591
2024-12-09 13:00:00+00:00,20.1819,29.6233,34.8225,55.6524,13.2133
2024-12-09 14:00:00+00:00,22.4388,34.6866,43.5625,59.0813,14.7451
2024-12-09 15:00:00+00:00,26.2418,37.9255,46.7215,67.5416,10.7867
2024-12-09 16:00:00+00:00,23.6745,32.3660,41.5067,50.7670,46.9913
2024-12-09 17:00:00+00:00,29.4926,40.0986,51.0180,65.5405,70.0291
2024-12-09 18:00:00+00:00,53.2309,70.2015,89.6129,124.4133,77.4399
2024-12-09 19:00:00+00:00,50.6862,69.5788,92.1352,120.8374,74.7551
2024-12-09 20:00:00+00:00,41.0020,49.5288,72.0312,86.3635,73.1066
2024-12-09 21:00:00+00:00,56.0990,75.9271,99.9274,122.1798,78.1962
2024-12-09 22:00:00+00:00,64.8182,92.0145,104.4227,153.3586,78.6173
2024-12-09 23:00:00+00:00,55.4075,84.7295,102.9287,113.1428,78.7070
2024-12-10 00:00:00+00:00,51.8166,92.4159,101.4383,138.4458,76.5180
2024-12-10 01:00:00+00:00,38.3678,85.9169,74.0894,138.2112,53.2390
2024-12-10 02:00:00+00:00,16.3548,33.7533,16.4267,86.2406,41.3005
2024-12-10 03:00:00+00:00,12.8952,51.8180,27.3376,118.5030,57.2822
2024-12-10 04:00:00+00:00,30.9037,23.4626,37.5044,89.5798,58.5599
2024-12-10 05:00:00+00:00,47.1284,14.4010,31.6099,64.5699,47.4771
2024-12-10 06:00:00+00:00,30.4850,2.5654,6.5101,12.8810,63.4355
2024-12-10 07:00:00+00:00,11.8483,0.5176,0.0980,3.2919,58.0275
2024-12-10 08:00:00+00:00,22.2764,1.9312,1.3762,10.0483,52.3575
2024-12-10 09:00:00+00:00,45.6552,8.8259,8.8267,32.9281,50.2408
2024-12-10 10:00:00+00:00,60.5707,26.4615,30.6895,94.1909,36.8440
2024-12-10 11:00:00+00:00,46.5741,10.4624,11.9044,69.7601,28.8569
2024-12-10 12:00:00+00:00,40.7082,13.6219,22.1424,43.1736,38.1733
2024-12-10 13:00:00+00:00,42.9116,25.4307,32.2947,70.8445,26.2003
2024-12-10 14:00:00+00:00,51.2045,77.3427,68.8393,174.5291,48.3263
2024-12-10 15:00:00+00:00,51.0450,80.6177,73.2832,175.3777,49.8406
2024-12-10 16:00:00+00:00,26.4316,28.7129,26.4511,76.6417,37.4110
2024-12-10 17:00:00+00:00,18.3085,17.8519,20.6660,45.8784,20.7181
2024-12-10 18:00:00+00:00,20.3112,23.4503,25.8675,37.0461,29.8780
2024-12-10 19:00:00+00:00,4.7423,6.4051,15.1562,5.0100,53.1381
2024-12-10 20:00:00+00:00,17.1931,23.9710,31.3402,57.4345,76.9107
2024-12-10 21:00:00+00:00,40.4475,43.9747,66.0258,94.2773,79.3850
2024-12-10 22:00:00+00:00,44.8886,65.1282,82.0603,112.0276,79.9000
2024-12-10 23:00:00+00:00,67.2413,88.7520,98.4225,161.5914,79.9000
2024-12-11 00:00:00+00:00,77.8867,69.3593,84.0879,142.8424,79.9000
2024-12-11 01:00:00+00:00,78.6235,45.0772,63.0062,143.6336,79.9000
2024-12-11 02:00:00+00:00,78.8467,75.6046,85.6327,165.4234,78.8737
2024-12-11 03:00:00+00:00,77.9494,87.1153,105.6057,148.5396,79.3471
2024-12-11 04:00:00+00:00,80.6666,93.1831,106.3771,192.4719,79.9000
2024-12-11 05:00:00+00:00,79.8234,97.8899,103.5045,186.8870,79.4153
2024-12-11 06:00:00+00:00,80.9291,100.4780,106.5000,208.6038,75.1434
2024-12-11 07:00:00+00:00,78.4701,98.4225,106.0032,186.5198,66.6886
2024-12-11 08:00:00+00:00,79.3823,86.2070,103.3788,187.0343,68.3670
2024-12-11 09:00:00+00:00,71.4101,64.9103,78.9466,169.4149,53.7962
2024-12-11 10:00:00+00:00,77.4245,67.1520,80.2602,192.9215,41.5515
2024-12-11 11:00:00+00:00,72.6221,63.5477,42.6499,152.9859,46.9787
2024-12-11 12:00:00+00:00,56.3508,72.7593,57.8680,123.6803,60.7909
2024-12-11 13:00:00+00:00,53.9680,73.4781,55.5079,161.4839,24.1894
2024-12-11 14:00:00+00:00,30.7481,23.3549,23.9433,53.9139,9.7219
2024-12-11 15:00:00+00:00,2.6468,9.3197,12.6329,12.6813,1.9372
2024-12-11 16:00:00+00:00,1.4828,2.1213,2.0198,6.8960,23.8082
2024-12-11 17:00:00+00:00,0.1287,0.0000,0.0000,2.4708,26.4080
2024-12-11 18:00:00+00:00,0.0000,0.0000,0.0000,0.0000,29.9993
2024-12-11 19:00:00+00:00,0.0000,0.0000,0.0000,0.0000,8.3373
2024-12-11 20:00:00+00:00,2.0583,4.4359,2.9261,13.1332,20.2009
2024-12-11 21:00:00+00:00,0.0000,0.0000,0.0000,0.1054,52.4137
2024-12-11 22:00:00+00:00,11.6647,18.9379,19.1020,43.4489,71.9310
2024-12-11 23:00:00+00:00,39.5971,43.1762,43.2517,107.2953,75.3020
2024-12-12 00:00:00+00:00,51.5130,60.2324,51.0394,189.8418,52.9593
2024-12-12 01:00:00+00:00,51.0664,62.5173,53.4631,180.2614,70.1082
2024-12-12 02:00:00+00:00,65.7526,77.3787,77.6433,204.1954,77.1460
2024-12-12 03:00:00+00:00,70.5225,82.4372,97.1047,201.4515,79.2833
2024-12-12 04:00:00+00:00,79.6618,100.1840,106.4324,213.7997,65.5913
2024-12-12 05:00:00+00:00,80.9275,100.5000,106.5000,215.2000,79.9000
2024-12-12 06:00:00+00:00,81.0000,100.5000,106.5000,215.2000,79.6278
2024-12-12 07:00:00+00:00,81.0000,100.5000,106.5000,215.2000,79.2014
2024-12-12 08:00:00+00:00,81.0000,100.5000,106.5000,215.2000,56.6235
2024-12-12 09:00:00+00:00,81.0000,100.5000,106.5000,215.2000,79.5616
2024-12-12 10:00:00+00:00,80.5247,99.1161,104.5642,215.0880,79.8512
2024-12-12 11:00:00+00:00,78.1471,96.8638,102.7153,211.7981,79.8881
2024-12-12 12:00:00+00:00,58.5509,81.3463,80.2584,200.8057,79.8883
2024-12-12 13:00:00+00:00,52.6772,73.7350,79.7434,178.9364,79.9000
2024-12-12 14:00:00+00:00,77.0807,95.1978,99.4147,208.8295,79.9000
2024-12-12 15:00:00+00:00,79.2564,98.5851,104.3373,214.4977,79.9000
2024-12-12 16:00:00+00:00,81.0000,100.5000,106.5000,215.2000,79.9000
2024-12-12 17:00:00+00:00,79.0589,100.0618,105.8872,214.5503,79.9000
2024-12-12 18:00:00+00:00,80.8704,100.3700,106.5000,215.2000,79.9000
2024-12-12 19:00:00+00:00,81.0000,100.5000,106.5000,215.2000,79.9000
2024-12-12 20:00:00+00:00,80.9996,100.5000,106.5000,215.2000,79.9000
2024-12-12 21:00:00+00:00,81.0000,100.5000,106.5000,215.2000,79.6736
2024-12-12 22:00:00+00:00,78.0094,96.8236,101.8896,212.5449,78.0312
2024-12-12 23:00:00+00:00,76.7961,95.4633,97.9634,211.3013,68.7799
2024-12-13 00:00:00+00:00,79.0597,97.7008,103.6242,213.9691,59.3602
2024-12-13 01:00:00+00:00,66.3389,93.7637,91.3282,206.1390,61.0527
2024-12-13 02:00:00+00:00,74.6283,85.9024,97.6046,199.6417,44.7909
2024-12-13 03:00:00+00:00,19.1512,19.2280,18.3320,66.5597,34.6200
2024-12-13 04:00:00+00:00,13.5853,16.4787,18.9678,38.6962,18.6192
2024-12-13 05:00:00+00:00,23.8125,17.5799,22.0182,54.1489,18.4515
2024-12-13 06:00:00+00:00,10.0044,10.5072,11.1051,32.9786,7.0480
2024-12-13 07:00:00+00:00,7.0998,7.3542,7.7975,24.9910,5.6040
2024-12-13 08:00:00+00:00,9.6804,7.2789,8.8235,20.5556,59.6936
2024-12-13 09:00:00+00:00,16.9775,15.3717,16.9435,42.3472,67.8206
2024-12-13 10:00:00+00:00,21.6594,21.9326,20.0167,68.0538,26.7223
2024-12-13 11:00:00+00:00,40.8574,28.5821,37.6566,84.1709,68.1373
2024-12-13 12:00:00+00:00,30.1691,40.8601,45.8660,96.7551,29.3274
2024-12-13 13:00:00+00:00,37.7830,33.4208,40.4249,92.9614,21.9203
2024-12-13 14:00:00+00:00,39.5679,48.0983,53.1087,106.9844,19.1335
2024-12-13 15:00:00+00:00,64.1536,69.1247,81.8000,159.3381,11.3308
2024-12-13 16:00:00+00:00,54.3504,57.4065,60.4034,157.8980,5.0889
2024-12-13 17:00:00+00:00,54.4349,62.2476,62.6480,157.6929,19.9241
2024-12-13 18:00:00+00:00,54.1221,62.0332,64.2084,161.5034,51.5731
2024-12-13 19:00:00+00:00,59.2918,73.2502,71.1925,186.9555,45.8337
2024-12-13 20:00:00+00:00,57.8486,67.8129,67.6995,168.8938,31.0156
2024-12-13 21:00:00+00:00,65.9891,72.5454,74.4522,188.2848,19.6126
2024-12-13 22:00:00+00:00,50.3699,52.1107,50.3165,147.7709,6.8228
2024-12-13 23:00:00+00:00,31.6036,33.5061,31.8640,97.4786,10.7503
2024-12-14 00:00:00+00:00,16.4191,11.3706,10.9525,47.6134,51.5145
2024-12-14 01:00:00+00:00,22.7100,21.3563,22.6958,64.7762,22.5433
2024-12-14 02:00:00+00:00,23.8544,25.0662,23.3549,78.6662,13.9403
2024-12-14 03:00:00+00:00,24.7855,19.4687,23.1435,55.0802,14.3099
2024-12-14 04:00:00+00:00,17.2037,17.1327,17.6184,50.7457,11.3902
2024-12-14 05:00:00+00:00,14.7137,7.3755,18.2267,20.0679,13.3793
2024-12-14 06:00:00+00:00,6.7177,6.3667,6.9969,21.8283,8.9083
2024-12-14 07:00:00+00:00,5.5811,4.8007,5.6966,12.9719,16.9461
2024-12-14 08:00:00+00:00,7.2668,7.3830,8.3515,19.2772,3.0196
2024-12-14 09:00:00+00:00,4.8349,3.1943,2.0398,16.3300,4.4204
2024-12-14 10:00:00+00:00,3.8523,5.0726,4.5001,16.8023,0.0000
2024-12-14 11:00:00+00:00,4.3315,5.0439,4.1873,16.7309,0.0000
2024-12-14 12:00:00+00:00,7.0443,6.2920,5.9373,22.1499,0.0000
2024-12-14 13:00:00+00:00,6.4932,5.1514,3.8284,23.7274,0.0000
2024-12-14 14:00:00+00:00,0.3412,0.1049,0.0000,4.6327,0.0000
2024-12-14 15:00:00+00:00,0.5671,0.0870,0.0000,2.9029,1.7124
2024-12-14 16:00:00+00:00,0.0000,0.0000,0.0000,0.5705,1.4482
2024-12-14 17:00:00+00:00,0.9329,0.3841,0.0000,3.1279,0.0000
2024-12-14 18:00:00+00:00,0.6163,0.2450,0.0000,2.7557,0.0000
2024-12-14 19:00:00+00:00,0.0000,0.0000,0.0000,0.2839,0.0000
2024-12-14 20:00:00+00:00,0.0000,0.0000,0.0000,0.0000,0.0000
2024-12-14 21:00:00+00:00,0.0000,0.0000,0.0000,0.0000,0.0000
2024-12-14 22:00:00+00:00,0.0000,0.0000,0.0000,0.0000,0.0000
2024-12-14 23:00:00+00:00,0.0000,0.0000,0.0000,0.0000,0.0000
2024-12-15 00:00:00+00:00,0.0000,0.0000,0.0000,0.0000,0.0000
2024-12-15 01:00:00+00:00,0.0000,0.0000,0.0000,0.0000,0.0000
2024-12-15 02:00:00+00:00,0.0000,0.0000,0.0000,0.0860,3.5014
2024-12-15 03:00:00+00:00,0.0000,0.0000,0.0000,0.0000,13.7597
2024-12-15 04:00:00+00:00,0.0000,0.0000,0.0000,0.0000,59.7081
2024-12-15 05:00:00+00:00,0.2966,1.6807,1.2105,3.2876,67.8607
2024-12-15 06:00:00+00:00,1.1002,3.8990,3.5551,9.9376,57.7460
2024-12-15 07:00:00+00:00,4.1065,12.1666,11.6099,30.0195,66.0072
2024-12-15 08:00:00+00:00,4.5650,15.4149,14.2546,34.1138,77.3900
2024-12-15 09:00:00+00:00,9.6473,21.9225,23.5424,47.0104,77.8262
2024-12-15 10:00:00+00:00,9.2929,9.5441,22.8848,27.0889,75.4131
2024-12-15 11:00:00+00:00,15.1763,17.3660,33.4229,24.2700,69.6671
2024-12-15 12:00:00+00:00,15.7989,10.6044,18.6902,12.4923,61.5187
2024-12-15 13:00:00+00:00,5.6617,7.7560,13.0978,11.2466,62.8227
2024-12-15 14:00:00+00:00,4.3998,2.7622,5.6549,4.5775,59.0919
2024-12-15 15:00:00+00:00,4.2357,1.0079,4.1716,3.8290,54.8547
2024-12-15 16:00:00+00:00,1.4006,0.0704,0.0581,0.8915,57.8668
2024-12-15 17:00:00+00:00,0.0000,0.0000,0.0000,0.1366,58.8347
2024-12-15 18:00:00+00:00,0.0000,0.0000,0.0000,0.0000,51.7926
2024-12-15 19:00:00+00:00,0.0000,0.0000,0.0000,0.0000,61.6007
2024-12-15 20:00:00+00:00,0.0000,1.2509,0.5024,3.2544,71.2529
2024-12-15 21:00:00+00:00,0.6842,3.6614,3.5843,7.6639,67.8106
2024-12-15 22:00:00+00:00,4.3537,0.8756,2.4082,1.6523,74.2977
2024-12-15 23:00:00+00:00,12.8791,0.7978,1.1171,3.6995,64.3918
2024-12-16 00:00:00+00:00,7.4764,0.3969,0.0209,2.0108,69.6018
2024-12-16 01:00:00+00:00,28.1845,3.6045,0.7475,14.3508,68.8679
2024-12-16 02:00:00+00:00,28.5907,3.4280,3.5448,9.0104,79.0037
2024-12-16 03:00:00+00:00,9.1021,0.4833,0.0425,2.1361,79.1341
2024-12-16 04:00:00+00:00,36.2779,4.7291,4.7653,17.7623,78.1118
2024-12-16 05:00:00+00:00,12.0452,0.8406,3.9544,2.9818,78.9500
2024-12-16 06:00:00+00:00,2.9840,4.6148,4.8727,7.4511,76.8659
2024-12-16 07:00:00+00:00,2.1354,0.0803,0.0000,0.8244,50.4393
2024-12-16 08:00:00+00:00,14.7663,1.8148,5.7329,5.0936,52.6713
2024-12-16 09:00:00+00:00,22.3958,3.7390,8.0939,12.0518,62.4123
2024-12-16 10:00:00+00:00,45.2896,21.2299,27.4561,69.9728,73.0314
2024-12-16 11:00:00+00:00,40.8314,27.9800,33.9580,83.0060,73.4489
2024-12-16 12:00:00+00:00,40.6739,37.0183,43.5987,83.9523,76.0536
2024-12-16 13:00:00+00:00,20.0756,23.1413,24.9431,40.6878,75.6067
2024-12-16 14:00:00+00:00,25.7413,31.5940,34.1659,45.2510,75.4081
2024-12-16 15:00:00+00:00,17.7174,10.6827,12.8460,24.0869,39.0389
2024-12-16 16:00:00+00:00,19.0203,4.9702,10.9688,15.0224,61.9636
2024-12-16 17:00:00+00:00,18.3796,4.4541,8.2351,14.0601,75.6472
2024-12-16 18:00:00+00:00,21.6374,11.3291,17.7633,22.6623,76.7927
2024-12-16 19:00:00+00:00,20.1322,9.0666,13.3588,26.1417,78.1619
2024-12-16 20:00:00+00:00,15.0817,3.2039,4.7187,11.4045,77.6068
2024-12-16 21:00:00+00:00,56.9596,10.4277,22.8469,32.6825,78.0193
2024-12-16 22:00:00+00:00,76.3958,68.1642,83.2785,115.6463,79.5029
2024-12-16 23:00:00+00:00,78.9689,97.5992,102.4879,182.8110,79.9000
2024-12-17 00:00:00+00:00,77.6107,80.3358,105.7837,123.3891,79.9000
2024-12-17 01:00:00+00:00,80.9817,97.1912,106.5000,192.0045,79.9000
2024-12-17 02:00:00+00:00,81.0000,100.5000,106.5000,213.2167,79.9000
2024-12-17 03:00:00+00:00,81.0000,100.5000,106.5000,215.1555,79.9000
2024-12-17 04:00:00+00:00,81.0000,100.5000,106.5000,213.9468,79.9000
2024-12-17 05:00:00+00:00,81.0000,100.5000,106.5000,215.2000,79.9000
2024-12-17 06:00:00+00:00,81.0000,100.5000,106.5000,214.0765,79.8356
2024-12-17 07:00:00+00:00,81.0000,100.5000,106.5000,215.2000,79.9000
2024-12-17 08:00:00+00:00,81.0000,100.5000,106.5000,215.2000,79.9000
2024-12-17 09:00:00+00:00,81.0000,100.5000,106.5000,215.2000,79.9000
2024-12-17 10:00:00+00:00,81.0000,100.5000,106.5000,215.2000,79.9000
2024-12-17 11:00:00+00:00,81.0000,100.5000,106.5000,215.2000,79.9000
2024-12-17 12:00:00+00:00,80.9402,100.5000,106.5000,215.2000,79.9000
2024-12-17 13:00:00+00:00,81.0000,100.4735,106.4987,215.2000,79.9000
2024-12-17 14:00:00+00:00,78.9032,98.7740,102.6925,214.8201,79.9000
2024-12-17 15:00:00+00:00,81.0000,100.5000,106.5000,215.2000,79.8103
2024-12-17 16:00:00+00:00,81.0000,100.5000,106.4467,215.2000,79.9000
2024-12-17 17:00:00+00:00,81.0000,100.5000,106.5000,215.2000,78.8789
2024-12-17 18:00:00+00:00,80.9737,100.4892,105.8538,215.2000,78.8690
2024-12-17 19:00:00+00:00,81.0000,100.5000,106.5000,215.2000,75.3546
2024-12-17 20:00:00+00:00,81.0000,100.5000,106.5000,215.2000,67.2619
2024-12-17 21:00:00+00:00,81.0000,100.5000,106.5000,215.2000,63.2298
2024-12-17 22:00:00+00:00,80.9010,100.5000,106.3865,215.1756,70.3696
2024-12-17 23:00:00+00:00,80.9548,100.5000,106.5000,215.2000,70.5709
2024-12-18 00:00:00+00:00,80.5297,97.5236,103.8780,213.1524,53.3747
2024-12-18 01:00:00+00:00,79.2114,97.8758,103.5189,212.6691,64.4556
2024-12-18 02:00:00+00:00,76.9090,96.0233,101.6851,209.3544,69.7012
2024-12-18 03:00:00+00:00,76.3380,93.0497,99.3321,206.8947,66.7274
2024-12-18 04:00:00+00:00,64.2901,74.4505,81.0915,182.4742,53.7170
2024-12-18 05:00:00+00:00,46.9050,66.7473,64.4854,155.4522,70.8165
2024-12-18 06:00:00+00:00,44.5703,53.8108,56.7869,135.4845,48.7663
2024-12-18 07:00:00+00:00,35.8225,48.0357,48.8477,116.4118,38.3381
2024-12-18 08:00:00+00:00,25.3057,33.8023,34.8767,84.4490,16.5714
2024-12-18 09:00:00+00:00,26.0322,34.8300,33.9624,91.0900,20.7843
2024-12-18 10:00:00+00:00,23.1377,32.8242,34.7468,74.2203,20.5980
2024-12-18 11:00:00+00:00,30.1280,39.5229,38.9075,97.3556,22.0472
2024-12-18 12:00:00+00:00,19.0525,25.3071,24.7406,63.5327,12.7613
2024-12-18 13:00:00+00:00,20.3494,25.8676,25.7719,62.9048,15.0271
2024-12-18 14:00:00+00:00,17.7854,25.3250,23.7326,57.4394,8.8575
2024-12-18 15:00:00+00:00,13.1482,17.0751,17.7408,37.5927,11.0997
2024-12-18 16:00:00+00:00,9.8885,13.9459,14.3990,30.2309,5.3518
2024-12-18 17:00:00+00:00,7.1600,7.7535,7.7011,20.4927,3.3171
2024-12-18 18:00:00+00:00,9.7354,7.9451,9.0771,18.9800,4.1298
2024-12-18 19:00:00+00:00,9.0816,5.0311,6.6848,12.2944,12.0673
2024-12-18 20:00:00+00:00,6.0577,5.6347,5.7975,12.6669,15.2953
2024-12-18 21:00:00+00:00,2.5540,1.2026,1.2432,3.3741,16.5825
2024-12-18 22:00:00+00:00,0.9746,0.0841,0.2487,0.3015,19.2268
2024-12-18 23:00:00+00:00,0.0000,0.0000,0.0000,0.0000,2.5115
2024-12-19 00:00:00+00:00,0.0000,0.0000,0.0000,0.0000,1.0004
2024-12-19 01:00:00+00:00,1.4587,1.8249,1.7660,3.1868,1.7537
2024-12-19 02:00:00+00:00,5.5603,7.2430,7.9209,14.9023,6.0654
2024-12-19 03:00:00+00:00,14.4544,16.0404,15.5947,38.5947,12.7641
2024-12-19 04:00:00+00:00,13.6692,13.9632,13.4940,37.8533,18.3351
2024-12-19 05:00:00+00:00,15.7357,16.6857,17.1818,38.7201,43.8088
2024-12-19 06:00:00+00:00,12.6746,15.2367,16.8015,33.3755,39.0122
2024-12-19 07:00:00+00:00,24.6971,31.9798,31.7119,82.1729,52.2507
2024-12-19 08:00:00+00:00,42.3886,46.2187,46.4865,129.1290,56.0935
2024-12-19 09:00:00+00:00,49.3041,51.1342,51.7328,144.6611,48.4137
2024-12-19 10:00:00+00:00,43.8766,44.1084,44.5948,126.3599,34.5940
2024-12-19 11:00:00+00:00,27.2502,25.5701,26.6339,77.8947,39.7955
2024-12-19 12:00:00+00:00,19.8173,16.7578,20.1539,51.9771,43.8826
2024-12-19 13:00:00+00:00,10.3623,9.7014,9.0317,36.9624,32.8181
2024-12-19 14:00:00+00:00,45.4189,44.5497,51.8155,118.0293,24.3284
2024-12-19 15:00:00+00:00,24.7508,24.7580,24.4330,73.5337,4.1007
2024-12-19 16:00:00+00:00,18.0754,16.9149,15.5308,57.7687,14.1515
2024-12-19 17:00:00+00:00,16.7117,17.5177,15.3446,55.8178,6.1391
2024-12-19 18:00:00+00:00,21.6429,22.2991,21.4262,63.2064,7.7355
2024-12-19 19:00:00+00:00,19.2659,23.5237,23.3018,63.5447,2.0107
2024-12-19 20:00:00+00:00,26.9336,24.7044,25.9679,72.6748,0.0000
2024-12-19 21:00:00+00:00,24.1706,22.1452,22.2477,63.4035,6.4931
2024-12-19 22:00:00+00:00,15.4130,16.7827,14.9890,50.8605,6.0291
2024-12-19 23:00:00+00:00,7.3494,6.9647,5.8104,25.1797,9.0291
2024-12-20 00:00:00+00:00,1.8708,2.1127,1.5985,7.7832,4.4528
2024-12-20 01:00:00+00:00,0.0000,0.0000,0.0000,0.0000,2.9041
2024-12-20 02:00:00+00:00,0.0000,0.0000,0.0000,0.0000,1.6189
2024-12-20 03:00:00+00:00,0.0000,0.0000,0.0000,0.0000,2.2528
2024-12-20 04:00:00+00:00,0.0000,0.0000,0.0000,0.0000,2.1830
2024-12-20 05:00:00+00:00,0.0000,0.0000,0.0000,0.0000,0.0204
2024-12-20 06:00:00+00:00,0.0000,0.0000,0.0000,0.0000,0.0379
2024-12-20 07:00:00+00:00,0.0000,0.0000,0.0000,0.0000,0.6614
2024-12-20 08:00:00+00:00,1.2089,1.2892,1.2220,3.6762,4.2388
2024-12-20 09:00:00+00:00,2.3482,3.3048,3.4618,7.5518,5.9546
2024-12-20 10:00:00+00:00,4.7096,6.2839,8.4200,11.0468,1.2018
2024-12-20 11:00:00+00:00,8.1540,12.9560,17.7107,18.6051,1.1177
2024-12-20 12:00:00+00:00,9.1452,19.9079,24.6394,24.7908,0.9460
2024-12-20 13:00:00+00:00,11.7775,22.3155,30.1517,29.7374,0.2315
2024-12-20 14:00:00+00:00,6.3444,14.9285,16.3110,19.9067,1.1617
2024-12-20 15:00:00+00:00,4.4592,7.2557,8.6875,9.6066,0.0092
2024-12-20 16:00:00+00:00,3.9686,4.4646,6.1203,7.6458,0.0619
2024-12-20 17:00:00+00:00,3.8304,3.8393,5.2990,7.0207,0.0145
2024-12-20 18:00:00+00:00,6.5395,7.6607,10.0099,13.5651,2.2392
2024-12-20 19:00:00+00:00,2.5174,2.8304,3.9347,4.8853,0.5466
2024-12-20 20:00:00+00:00,1.9650,2.2547,3.0195,4.3649,1.9850
2024-12-20 21:00:00+00:00,4.8960,4.3567,6.8927,8.8091,6.4087
2024-12-20 22:00:00+00:00,2.5856,3.2049,4.3151,7.4237,14.6703
2024-12-20 23:00:00+00:00,6.0525,6.9469,9.3687,13.2851,16.1774
2024-12-21 00:00:00+00:00,2.5008,3.0357,5.2749,5.4399,11.6304
2024-12-21 01:00:00+00:00,5.5103,7.1227,8.3188,19.8283,16.5739
2024-12-21 02:00:00+00:00,7.3275,8.8457,10.1091,22.0101,24.0740
2024-12-21 03:00:00+00:00,5.1489,5.6986,6.0254,17.4250,32.5480
2024-12-21 04:00:00+00:00,5.9848,4.1561,4.7950,13.7552,21.8344
2024-12-21 05:00:00+00:00,0.7885,0.3233,0.1475,2.9327,13.7352
2024-12-21 06:00:00+00:00,1.9348,2.0898,2.0931,7.2773,21.8347
2024-12-21 07:00:00+00:00,3.1518,1.8763,2.6339,6.9910,18.3939
2024-12-21 08:00:00+00:00,6.9295,5.9199,6.4369,18.7202,19.6377
2024-12-21 09:00:00+00:00,2.6120,0.4776,0.3620,6.7530,28.1612
2024-12-21 10:00:00+00:00,5.3531,3.9548,4.1657,15.4601,15.8526
2024-12-21 11:00:00+00:00,10.9619,10.0820,10.8091,31.5557,21.7244
2024-12-21 12:00:00+00:00,12.0690,9.7921,9.8266,31.8995,23.7090
2024-12-21 13:00:00+00:00,11.5821,11.2946,12.2817,35.7794,19.6818
2024-12-21 14:00:00+00:00,21.6151,19.8148,21.7408,55.2307,25.4644
2024-12-21 15:00:00+00:00,20.2550,17.9303,18.6816,50.0763,27.7532
2024-12-21 16:00:00+00:00,24.3703,22.7587,23.4507,65.3773,25.3443
2024-12-21 17:00:00+00:00,24.7154,24.8226,24.6434,71.7275,32.1588
2024-12-21 18:00:00+00:00,38.6006,39.7097,40.7126,107.8287,39.1061
2024-12-21 19:00:00+00:00,44.9333,45.1843,45.6354,130.1529,25.4145
2024-12-21 20:00:00+00:00,60.4943,63.6593,66.6970,174.3544,22.4313
2024-12-21 21:00:00+00:00,59.4991,64.2101,65.0181,178.2528,27.1968
2024-12-21 22:00:00+00:00,61.4811,66.5448,62.5744,194.7665,35.7904
2024-12-21 23:00:00+00:00,70.1005,77.2479,69.1499,204.5723,36.8290
2024-12-22 00:00:00+00:00,69.6791,67.1830,67.3791,196.0343,43.7614
2024-12-22 01:00:00+00:00,61.0044,61.9260,61.5939,172.3115,27.8819
2024-12-22 02:00:00+00:00,49.2879,46.3903,47.9737,138.7372,32.5335
2024-12-22 03:00:00+00:00,34.1885,31.1316,32.0582,97.4427,22.3792
2024-12-22 04:00:00+00:00,31.4286,30.6390,30.3430,93.8870,12.2150
2024-12-22 05:00:00+00:00,28.6415,30.1714,28.6140,90.8801,20.0255
2024-12-22 06:00:00+00:00,22.0244,21.8732,22.6523,66.9372,27.1235
2024-12-22 07:00:00+00:00,18.8010,19.0860,19.0867,60.2052,9.2742
2024-12-22 08:00:00+00:00,18.5905,20.0569,19.5839,60.3026,6.3260
2024-12-22 09:00:00+00:00,18.7604,19.8376,19.7506,60.4204,10.4911
2024-12-22 10:00:00+00:00,26.7125,25.9170,26.6421,77.8252,29.3073
2024-12-22 11:00:00+00:00,14.3613,12.3392,11.9508,44.0142,26.1582
2024-12-22 12:00:00+00:00,6.0270,4.7097,4.3420,19.7980,11.7286
2024-12-22 13:00:00+00:00,4.4266,3.4268,2.9674,16.5817,4.4547
2024-12-22 14:00:00+00:00,2.9655,2.8366,2.4773,10.9267,0.7972
2024-12-22 15:00:00+00:00,2.0835,2.2438,1.3541,9.0679,0.0000
2024-12-22 16:00:00+00:00,1.0177,1.8881,1.1557,6.2157,0.0000
2024-12-22 17:00:00+00:00,2.4471,3.8321,3.0413,10.6895,0.0000
2024-12-22 18:00:00+00:00,2.4895,4.2803,3.2251,12.3051,0.0000
2024-12-22 19:00:00+00:00,0.6609,2.0635,0.9423,6.5583,0.0000
2024-12-22 20:00:00+00:00,1.9038,3.4294,2.3142,10.8097,0.0000
2024-12-22 21:00:00+00:00,4.7037,5.9755,4.3517,21.0669,0.0000
2024-12-22 22:00:00+00:00,5.5438,7.0238,4.7439,27.4415,0.0000
2024-12-22 23:00:00+00:00,5.1904,7.0185,5.2332,26.3807,0.0000
2024-12-23 00:00:00+00:00,3.3948,6.9167,5.9139,21.2038,0.0000
2024-12-23 01:00:00+00:00,0.0393,1.8729,0.5780,9.1743,0.0500
2024-12-23 02:00:00+00:00,0.0000,0.1544,0.0000,1.6126,0.1370
2024-12-23 03:00:00+00:00,0.0000,0.0000,0.0000,0.4439,3.8650
2024-12-23 04:00:00+00:00,0.0000,0.0000,0.0228,0.0681,21.5088
2024-12-23 05:00:00+00:00,4.3640,3.5577,5.3505,7.3744,20.9819
2024-12-23 06:00:00+00:00,4.9250,5.4332,10.2610,10.2668,8.6089
2024-12-23 07:00:00+00:00,5.1177,5.4516,8.3965,10.0199,3.8612
2024-12-23 08:00:00+00:00,3.6882,2.6803,6.3379,5.2375,1.1114
2024-12-23 09:00:00+00:00,4.5428,2.8261,7.8422,6.0697,8.5400
2024-12-23 10:00:00+00:00,0.0929,0.0003,0.4603,0.4717,13.3921
2024-12-23 11:00:00+00:00,0.0000,0.0000,0.0000,0.0000,13.4154
2024-12-23 12:00:00+00:00,0.3481,0.0085,0.8564,0.4766,26.9268
2024-12-23 13:00:00+00:00,3.1818,2.3460,1.5967,6.3880,18.0128
2024-12-23 14:00:00+00:00,4.4659,0.8538,0.8505,8.6892,23.2486
2024-12-23 15:00:00+00:00,3.9912,0.6918,1.1842,4.0520,15.1745
2024-12-23 16:00:00+00:00,0.0171,0.0000,0.0000,0.0000,14.7528
2024-12-23 17:00:00+00:00,0.2285,0.0000,0.0000,0.1970,12.8291
2024-12-23 18:00:00+00:00,0.2676,0.0258,0.0000,2.8867,19.2204
2024-12-23 19:00:00+00:00,0.1517,0.0099,0.0000,1.4135,21.5142
2024-12-23 20:00:00+00:00,0.3265,0.0302,0.0000,3.6437,41.7701
2024-12-23 21:00:00+00:00,4.6116,0.8917,0.4001,8.1821,51.5165
2024-12-23 22:00:00+00:00,10.6481,2.0699,1.1963,6.4462,63.9508
2024-12-23 23:00:00+00:00,41.7341,11.4010,20.1206,18.3560,48.8404
2024-12-24 00:00:00+00:00,72.4594,41.7927,51.4355,73.1125,76.6085
2024-12-24 01:00:00+00:00,62.4771,21.5271,22.0255,53.7372,79.8706
2024-12-24 02:00:00+00:00,32.5672,3.6718,5.1231,20.4732,78.7628
2024-12-24 03:00:00+00:00,25.3328,4.5683,12.6512,13.4596,77.2824
2024-12-24 04:00:00+00:00,45.9505,25.2144,36.9150,53.3499,58.0543
2024-12-24 05:00:00+00:00,27.7200,13.7321,16.8897,34.9091,77.9671
2024-12-24 06:00:00+00:00,11.1803,1.8265,2.1285,9.1019,70.8870
2024-12-24 07:00:00+00:00,7.0150,0.6930,0.7831,4.9313,74.0914
2024-12-24 08:00:00+00:00,0.4941,0.0000,0.0000,0.0000,77.1507
2024-12-24 09:00:00+00:00,1.7824,0.0965,0.0000,0.3711,56.1699
2024-12-24 10:00:00+00:00,1.7969,0.1368,0.2514,0.5975,39.9823
2024-12-24 11:00:00+00:00,0.0000,0.0000,0.0000,0.0000,36.3894
2024-12-24 12:00:00+00:00,0.0416,0.0000,0.0000,0.0536,39.4926
2024-12-24 13:00:00+00:00,0.0000,0.0000,0.0000,0.0000,34.0539
2024-12-24 14:00:00+00:00,0.0000,0.0000,0.0000,0.5766,3.9733
2024-12-24 15:00:00+00:00,0.0000,0.0000,0.0000,0.0000,0.0000
2024-12-24 16:00:00+00:00,0.0000,0.0000,0.0000,0.0000,0.0000
2024-12-24 17:00:00+00:00,0.0000,0.0000,0.0000,0.0000,0.2198
2024-12-24 18:00:00+00:00,0.0000,0.0000,0.0000,0.0000,3.7377
2024-12-24 19:00:00+00:00,1.0248,0.2395,0.0000,2.6195,3.2369
2024-12-24 20:00:00+00:00,1.8475,0.6352,0.0718,6.1793,5.0473
2024-12-24 21:00:00+00:00,2.7589,1.7535,0.8827,8.9917,2.7241
2024-12-24 22:00:00+00:00,0.3518,0.0000,0.0000,0.9151,4.8815
2024-12-24 23:00:00+00:00,0.2954,0.2272,0.4094,1.5445,0.3673
2024-12-25 00:00:00+00:00,3.1567,1.3808,1.9220,6.7006,5.6461
2024-12-25 01:00:00+00:00,5.5247,3.9446,5.3056,10.0231,3.2779
2024-12-25 02:00:00+00:00,3.4632,3.6094,5.3185,8.3831,8.0379
2024-12-25 03:00:00+00:00,0.0000,0.0067,0.0000,1.7702,7.5876
2024-12-25 04:00:00+00:00,0.0000,0.1659,0.0000,0.6121,0.2729
2024-12-25 05:00:00+00:00,0.0000,0.7307,0.0000,0.2889,0.8548
2024-12-25 06:00:00+00:00,5.6998,11.5163,13.5800,20.8530,0.0356
2024-12-25 07:00:00+00:00,2.4116,6.2996,9.4182,9.3160,0.0331
2024-12-25 08:00:00+00:00,0.3984,0.1554,1.5384,0.1749,0.0000
2024-12-25 09:00:00+00:00,0.0560,0.2196,0.2691,2.6554,0.0000
2024-12-25 10:00:00+00:00,0.4413,0.0418,0.1607,0.2602,0.0000
2024-12-25 11:00:00+00:00,2.2056,2.3265,5.5295,3.0773,0.0086
2024-12-25 12:00:00+00:00,0.8082,0.0352,0.0400,0.3512,0.0000
2024-12-25 13:00:00+00:00,3.3814,0.5008,0.8572,3.3250,0.0835
2024-12-25 14:00:00+00:00,0.7513,3.5296,3.8794,6.0722,0.1092
2024-12-25 15:00:00+00:00,0.9053,0.8785,0.9189,1.3377,0.0000
2024-12-25 16:00:00+00:00,0.0000,0.0000,0.0000,0.0000,0.0342
2024-12-25 17:00:00+00:00,0.0000,0.0000,0.0000,0.0000,0.0000
2024-12-25 18:00:00+00:00,0.0000,0.0000,0.0000,0.0000,0.0000
2024-12-25 19:00:00+00:00,0.0000,0.0000,0.0000,0.0000,0.0000
2024-12-25 20:00:00+00:00,0.0000,0.0000,0.0000,0.0000,0.0000
2024-12-25 21:00:00+00:00,0.0000,0.0000,0.0000,0.0000,0.0000
2024-12-25 22:00:00+00:00,0.0000,0.0000,0.0000,0.0000,0.0000
2024-12-25 23:00:00+00:00,0.0000,0.0000,0.0000,0.0000,1.2316
2024-12-26 00:00:00+00:00,0.0000,1.1759,0.3198,1.7695,0.0000
2024-12-26 01:00:00+00:00,2.1659,5.2741,3.0746,11.9070,2.3236
2024-12-26 02:00:00+00:00,9.7555,13.5339,13.5249,42.2413,9.7696
2024-12-26 03:00:00+00:00,3.0903,4.6214,5.4666,12.9319,10.6230
2024-12-26 04:00:00+00:00,4.9737,8.1885,3.4806,35.8080,26.4375
2024-12-26 05:00:00+00:00,2.6681,3.9899,2.8849,18.9412,9.7612
2024-12-26 06:00:00+00:00,0.0000,0.0000,0.0000,0.0000,3.0928
2024-12-26 07:00:00+00:00,0.1871,0.0000,0.0000,1.0062,0.6043
2024-12-26 08:00:00+00:00,0.0000,0.0000,0.0000,0.0885,0.0000
2024-12-26 09:00:00+00:00,1.1208,0.6208,2.5588,3.3955,3.9440
2024-12-26 10:00:00+00:00,0.0000,0.0000,0.0000,0.0000,5.1315
2024-12-26 11:00:00+00:00,2.7485,2.5812,1.5525,11.9783,1.0615
2024-12-26 12:00:00+00:00,0.0000,0.0000,0.0000,0.0000,0.0688
2024-12-26 13:00:00+00:00,1.0936,0.8229,0.3987,1.3791,2.8312
2024-12-26 14:00:00+00:00,2.8658,3.3430,4.5504,8.0810,0.0000
2024-12-26 15:00:00+00:00,3.8097,1.6220,3.1249,4.4600,1.7506
2024-12-26 16:00:00+00:00,0.0000,0.0000,0.0000,0.0000,1.3543
2024-12-26 17:00:00+00:00,0.0000,0.0000,0.0000,0.0000,0.0000
2024-12-26 18:00:00+00:00,0.0000,0.0000,0.0000,0.0000,0.0000
2024-12-26 19:00:00+00:00,0.0000,0.0000,0.0000,0.0000,0.0000
2024-12-26 20:00:00+00:00,0.0000,0.3268,0.4526,0.3929,0.0181
2024-12-26 21:00:00+00:00,0.0000,0.0000,0.0000,0.0000,0.0000
2024-12-26 22:00:00+00:00,0.0000,0.0000,0.0000,0.7489,0.0000
2024-12-26 23:00:00+00:00,3.0782,2.3274,2.5217,9.2900,0.0000
2024-12-27 00:00:00+00:00,1.4182,1.8231,0.8047,8.6389,0.0000
2024-12-27 01:00:00+00:00,1.3541,2.0401,1.4230,5.3862,0.0000
2024-12-27 02:00:00+00:00,0.0000,0.0000,0.0000,0.0000,2.2655
2024-12-27 03:00:00+00:00,0.0000,3.3384,0.7165,8.6098,3.7701
2024-12-27 04:00:00+00:00,2.0504,1.7543,0.5062,5.1955,4.5376
2024-12-27 05:00:00+00:00,4.0117,3.6338,3.8047,8.6453,4.0053
2024-12-27 06:00:00+00:00,21.2662,23.1081,20.8840,59.5514,0.2523
2024-12-27 07:00:00+00:00,13.6739,5.6482,4.9963,35.6364,9.0048
2024-12-27 08:00:00+00:00,3.4496,0.9747,0.6513,9.8303,5.4629
2024-12-27 09:00:00+00:00,0.1163,0.0000,0.0000,0.5758,3.5792
2024-12-27 10:00:00+00:00,0.0000,0.0000,0.0000,0.0000,5.7435
2024-12-27 11:00:00+00:00,0.0000,0.0222,0.0000,1.8814,2.2968
2024-12-27 12:00:00+00:00,0.0000,0.0000,0.0000,0.1065,1.4387
2024-12-27 13:00:00+00:00,0.0000,0.0000,0.0000,0.0000,1.2675
2024-12-27 14:00:00+00:00,0.0000,0.0000,0.0000,0.0000,0.7332
2024-12-27 15:00:00+00:00,0.0000,1.4688,1.0557,1.9286,10.6685
2024-12-27 16:00:00+00:00,0.0000,0.7848,0.0000,5.6084,2.1553
2024-12-27 17:00:00+00:00,0.0000,0.0000,0.0000,0.0000,5.8065
2024-12-27 18:00:00+00:00,0.8982,0.0542,0.0093,0.3391,1.5843
2024-12-27 19:00:00+00:00,0.0000,0.0000,0.0000,0.0000,4.4715
2024-12-27 20:00:00+00:00,0.0000,0.0000,0.0000,0.0000,3.8326
2024-12-27 21:00:00+00:00,0.0000,0.0000,0.0000,0.0000,7.0478
2024-12-27 22:00:00+00:00,0.0000,0.0000,0.0000,0.0000,33.0084
2024-12-27 23:00:00+00:00,3.3856,5.7019,6.3203,9.8245,18.1810
2024-12-28 00:00:00+00:00,2.0245,4.1221,3.4464,9.0238,18.0814
2024-12-28 01:00:00+00:00,1.0492,2.4219,0.0000,10.2973,28.5740
2024-12-28 02:00:00+00:00,1.0496,9.3729,4.2425,17.8651,40.0435
2024-12-28 03:00:00+00:00,2.3741,10.9867,7.8387,19.8011,56.2133
2024-12-28 04:00:00+00:00,2.0888,0.1008,0.0256,0.7272,30.3509
2024-12-28 05:00:00+00:00,0.2742,0.0000,0.0000,1.2535,36.9779
2024-12-28 06:00:00+00:00,2.4397,2.8673,0.0000,10.6284,55.9001
2024-12-28 07:00:00+00:00,15.9040,9.8571,8.9749,24.4301,70.3108
2024-12-28 08:00:00+00:00,5.3608,7.2762,3.2045,25.1071,60.1810
2024-12-28 09:00:00+00:00,8.8516,10.4189,6.4083,32.2143,36.0793
2024-12-28 10:00:00+00:00,34.9445,10.1893,12.2345,26.8195,36.5025
2024-12-28 11:00:00+00:00,31.6906,8.8032,16.0905,16.5813,37.0414
2024-12-28 12:00:00+00:00,22.1671,8.2861,8.7157,18.1676,44.2866
2024-12-28 13:00:00+00:00,23.0893,5.5987,10.2247,11.9359,37.4247
2024-12-28 14:00:00+00:00,25.0765,6.4958,13.1754,12.1273,37.3386
2024-12-28 15:00:00+00:00,14.1171,5.9798,8.1297,12.5794,38.8505
2024-12-28 16:00:00+00:00,0.8829,0.2277,0.0000,0.3817,58.3555
2024-12-28 17:00:00+00:00,0.7562,0.0000,0.0000,0.2390,54.4622
2024-12-28 18:00:00+00:00,4.1619,0.2772,0.0000,2.5719,65.1138
2024-12-28 19:00:00+00:00,4.1675,0.2590,0.0402,1.2895,78.0565
2024-12-28 20:00:00+00:00,4.1942,0.2697,0.7661,1.0744,78.2295
2024-12-28 21:00:00+00:00,25.9520,7.7399,17.5454,13.0958,75.0035
2024-12-28 22:00:00+00:00,37.0246,23.9523,35.3000,36.8359,78.5236
2024-12-28 23:00:00+00:00,47.4862,45.0297,46.9972,105.7545,77.5098
2024-12-29 00:00:00+00:00,57.1977,52.0667,56.5681,133.3540,78.6321
2024-12-29 01:00:00+00:00,49.1517,56.7555,60.5227,130.4611,76.9394
2024-12-29 02:00:00+00:00,61.6117,85.9469,82.9318,181.4259,77.7925
2024-12-29 03:00:00+00:00,56.2391,67.4149,63.1402,172.0109,78.5576
2024-12-29 04:00:00+00:00,54.4320,62.9141,58.8001,161.4734,76.7930
2024-12-29 05:00:00+00:00,36.6100,45.4882,42.8921,136.1484,68.6457
2024-12-29 06:00:00+00:00,60.1725,81.5986,74.0784,200.5027,48.4129
2024-12-29 07:00:00+00:00,56.4550,62.5116,57.8155,182.4893,34.4154
2024-12-29 08:00:00+00:00,69.2408,85.1604,80.1343,199.8563,58.6033
2024-12-29 09:00:00+00:00,71.0800,88.6725,83.0023,195.4081,60.0571
2024-12-29 10:00:00+00:00,51.7222,36.7452,37.0711,133.1037,60.1811
2024-12-29 11:00:00+00:00,52.7696,80.5048,71.9364,185.2072,40.7768
2024-12-29 12:00:00+00:00,56.5887,61.3537,67.3898,157.2564,44.0117
2024-12-29 13:00:00+00:00,30.6984,33.5421,37.1969,83.8415,55.1885
2024-12-29 14:00:00+00:00,16.0972,18.4367,17.7695,48.0167,69.3609
2024-12-29 15:00:00+00:00,2.2897,3.0404,3.6774,7.1063,78.8759
2024-12-29 16:00:00+00:00,9.4808,4.8476,5.8763,10.0583,79.9000
2024-12-29 17:00:00+00:00,8.5337,10.8173,13.1909,19.1890,77.1407
2024-12-29 18:00:00+00:00,3.0505,13.4719,7.0169,40.3569,79.4926
2024-12-29 19:00:00+00:00,17.2339,15.7396,19.4208,31.2259,79.9000
2024-12-29 20:00:00+00:00,27.0879,27.6563,41.7567,56.8882,79.9000
2024-12-29 21:00:00+00:00,79.2818,46.2654,82.7283,118.8634,79.9000
2024-12-29 22:00:00+00:00,80.3788,49.7563,83.4265,108.3660,79.9000
2024-12-29 23:00:00+00:00,81.0000,43.1414,70.1001,117.5237,79.9000
2024-12-30 00:00:00+00:00,80.9016,26.1217,49.0089,77.2225,79.9000
2024-12-30 01:00:00+00:00,80.9366,44.0212,69.1926,109.5164,79.9000
2024-12-30 02:00:00+00:00,81.0000,7.1776,19.8157,56.9500,79.9000
2024-12-30 03:00:00+00:00,81.0000,58.9629,96.6540,114.5471,79.7815
2024-12-30 04:00:00+00:00,81.0000,57.8842,79.7489,136.6946,79.9000
2024-12-30 05:00:00+00:00,81.0000,100.4152,105.4266,215.2000,79.9000
2024-12-30 06:00:00+00:00,81.0000,100.5000,106.5000,212.8884,79.5899
2024-12-30 07:00:00+00:00,80.8652,100.5000,106.1982,212.6028,79.3344
2024-12-30 08:00:00+00:00,77.8357,54.8077,80.9221,125.1549,79.9000
2024-12-30 09:00:00+00:00,80.9020,69.1336,105.1624,129.2951,71.5683
2024-12-30 10:00:00+00:00,80.8062,70.9187,96.5984,112.1610,74.5291
2024-12-30 11:00:00+00:00,80.8671,95.1545,105.3483,172.4709,76.2993
2024-12-30 12:00:00+00:00,79.5341,98.1176,100.0123,214.6311,58.1375
2024-12-30 13:00:00+00:00,80.5138,100.4982,105.4922,213.9231,48.1013
2024-12-30 14:00:00+00:00,17.1744,17.0792,17.8123,50.3880,26.6725
2024-12-30 15:00:00+00:00,30.6361,19.0105,23.0388,65.9766,33.4250
2024-12-30 16:00:00+00:00,18.6243,15.0485,12.8084,37.4939,38.2203
2024-12-30 17:00:00+00:00,51.6554,43.3950,40.1775,94.1301,70.1178
2024-12-30 18:00:00+00:00,19.0730,15.7027,20.9807,29.3718,62.2115
2024-12-30 19:00:00+00:00,56.2411,51.1256,57.3098,139.1761,72.7462
2024-12-30 20:00:00+00:00,66.5634,49.9370,62.1495,120.9525,78.7376
2024-12-30 21:00:00+00:00,61.2914,60.1729,83.1032,111.7691,77.6167
2024-12-30 22:00:00+00:00,70.8054,63.7506,78.2647,162.3759,79.8348
2024-12-30 23:00:00+00:00,76.0498,71.9383,93.3318,185.1065,79.9000
2024-12-31 00:00:00+00:00,78.9992,92.2904,102.0891,198.8337,79.9000
2024-12-31 01:00:00+00:00,79.5036,97.5485,104.1860,209.6091,79.8720
2024-12-31 02:00:00+00:00,80.9718,98.3398,104.3951,213.4715,79.9000
2024-12-31 03:00:00+00:00,80.9134,100.4883,105.9662,215.1823,79.9000
2024-12-31 04:00:00+00:00,80.9450,100.4968,106.2780,215.2000,79.9000
2024-12-31 05:00:00+00:00,78.9390,98.1913,103.8537,213.1997,79.9000
2024-12-31 06:00:00+00:00,76.8519,97.2641,102.9748,209.6740,79.8912
2024-12-31 07:00:00+00:00,65.8213,90.6802,92.2594,202.0394,79.9000
2024-12-31 08:00:00+00:00,54.0545,77.5689,79.7807,177.6600,79.0094
2024-12-31 09:00:00+00:00,76.3927,96.2298,101.6539,208.1903,67.9873
2024-12-31 10:00:00+00:00,63.9348,80.6469,85.1359,194.7346,54.9181
2024-12-31 11:00:00+00:00,62.4606,70.7460,74.5878,171.1235,30.6111
2024-12-31 12:00:00+00:00,48.9652,59.9476,60.6083,141.4256,15.2691
2024-12-31 13:00:00+00:00,39.2639,53.6819,54.9188,126.5361,6.9593
2024-12-31 14:00:00+00:00,35.0482,41.9039,43.9862,101.8654,3.0580
2024-12-31 15:00:00+00:00,25.1323,27.8810,29.5279,68.9547,0.0269
2024-12-31 16:00:00+00:00,9.9430,10.6318,10.8465,26.6694,0.7898
2024-12-31 17:00:00+00:00,8.1041,9.5352,8.6669,23.4135,2.1104
2024-12-31 18:00:00+00:00,3.0572,2.9939,3.6332,5.3821,2.6242
2024-12-31 19:00:00+00:00,1.1003,0.0821,0.5893,0.4556,7.9670
2024-12-31 20:00:00+00:00,0.0000,0.0000,0.0000,0.0000,19.4081
2024-12-31 21:00:00+00:00,0.0000,0.0000,0.0000,0.0000,46.9467
2024-12-31 22:00:00+00:00,1.8868,2.7215,2.6259,5.9770,43.6048
2024-12-31 23:00:00+00:00,6.0516,10.6835,14.2895,19.7230,75.5319
