Time,wind_323604,wind_323605,wind_323614,wind_323696,wind_323753
2020-01-01 00:00:00+00:00,17.3779,22.9483,19.7180,44.0500,63.3701
2020-01-01 01:00:00+00:00,23.4128,29.2870,26.7125,54.9429,52.0517
2020-01-01 02:00:00+00:00,33.1364,34.2933,36.3570,80.1572,56.9524
2020-01-01 03:00:00+00:00,48.4873,51.3589,46.3391,126.4030,38.8772
2020-01-01 04:00:00+00:00,51.2639,53.2433,47.1004,147.6798,56.7674
2020-01-01 05:00:00+00:00,51.9341,49.1521,50.8215,143.7435,48.1033
2020-01-01 06:00:00+00:00,28.2101,36.1996,36.8191,60.4106,71.0514
2020-01-01 07:00:00+00:00,50.2610,51.8550,61.5917,106.8528,63.6254
2020-01-01 08:00:00+00:00,54.8163,54.0582,62.2915,136.7421,71.9920
2020-01-01 09:00:00+00:00,63.1183,69.3714,73.6800,165.8669,66.4729
2020-01-01 10:00:00+00:00,64.6115,76.7923,79.9483,167.4331,79.2248
2020-01-01 11:00:00+00:00,58.5697,65.3998,67.9679,164.9823,78.8041
2020-01-01 12:00:00+00:00,41.4556,43.7172,46.5389,107.7399,76.1887
2020-01-01 13:00:00+00:00,52.6553,51.8206,56.7559,139.8130,76.1474
2020-01-01 14:00:00+00:00,60.5126,62.7338,67.4551,170.1698,75.3164
2020-01-01 15:00:00+00:00,54.4449,61.6188,58.1660,161.2577,74.4931
2020-01-01 16:00:00+00:00,55.5471,56.1932,58.1706,161.9805,79.9000
2020-01-01 17:00:00+00:00,42.9365,42.7873,47.7689,114.7055,79.9000
2020-01-01 18:00:00+00:00,44.2723,43.2550,52.9993,106.8084,79.9000
2020-01-01 19:00:00+00:00,52.1978,52.5847,61.1298,124.4571,79.9000
2020-01-01 20:00:00+00:00,54.2132,58.3619,65.3266,132.5898,77.3351
2020-01-01 21:00:00+00:00,48.6143,47.9904,54.5667,126.4424,73.9979
2020-01-01 22:00:00+00:00,71.3874,82.4714,85.2075,186.8270,50.3186
2020-01-01 23:00:00+00:00,77.0571,94.0274,98.3820,201.0328,42.5204
2020-01-02 00:00:00+00:00,76.8473,95.1373,93.6429,204.4040,35.0873
2020-01-02 01:00:00+00:00,78.6708,96.4541,101.8849,208.1800,54.4896
2020-01-02 02:00:00+00:00,70.9440,73.1987,79.9541,174.9894,54.2186
2020-01-02 03:00:00+00:00,78.1061,95.7552,100.6540,205.9562,32.8107
2020-01-02 04:00:00+00:00,79.9249,97.8943,102.7862,211.8957,6.7860
2020-01-02 05:00:00+00:00,78.9566,95.2940,97.3434,209.6915,3.0023
2020-01-02 06:00:00+00:00,78.6540,89.7647,96.5092,208.8620,4.6593
2020-01-02 07:00:00+00:00,65.9029,63.8366,66.4766,168.6018,6.3270
2020-01-02 08:00:00+00:00,59.1524,56.1356,57.6573,121.2460,5.5680
2020-01-02 09:00:00+00:00,57.4586,45.1485,51.6510,114.7965,3.8240
2020-01-02 10:00:00+00:00,47.2600,36.5841,43.1403,84.8414,13.5317
2020-01-02 11:00:00+00:00,46.3902,50.0263,48.4646,89.8655,38.9301
2020-01-02 12:00:00+00:00,42.3812,47.3019,46.6955,84.4274,76.3452
2020-01-02 13:00:00+00:00,42.5716,45.4769,47.7588,76.7866,77.0907
2020-01-02 14:00:00+00:00,50.9700,49.2622,55.9108,96.9781,65.0272
2020-01-02 15:00:00+00:00,25.9478,22.7311,25.3439,48.9619,38.4093
2020-01-02 16:00:00+00:00,26.0009,19.6715,26.9793,46.1298,32.4051
2020-01-02 17:00:00+00:00,19.0686,14.7541,20.4883,34.6313,30.7616
2020-01-02 18:00:00+00:00,19.7371,14.1609,20.7784,29.2751,16.8102
2020-01-02 19:00:00+00:00,20.3188,17.4548,20.3631,28.1727,11.6616
2020-01-02 20:00:00+00:00,30.2243,29.2473,28.8609,38.6040,14.8643
2020-01-02 21:00:00+00:00,51.9040,54.1805,47.1301,78.8326,16.7074
2020-01-02 22:00:00+00:00,58.1403,50.8163,47.8179,116.8610,23.0208
2020-01-02 23:00:00+00:00,53.7832,46.4979,47.6100,92.4211,16.5885
2020-01-03 00:00:00+00:00,72.7455,67.8773,72.1509,161.3262,17.0029
2020-01-03 01:00:00+00:00,79.9638,96.9489,102.7280,210.3906,50.7782
2020-01-03 02:00:00+00:00,79.4401,85.3834,101.4582,207.4663,70.9282
2020-01-03 03:00:00+00:00,81.0000,96.1270,105.5135,212.7947,74.5109
2020-01-03 04:00:00+00:00,80.3426,96.9724,103.7492,210.8012,71.4205
2020-01-03 05:00:00+00:00,79.5792,96.5883,102.3760,210.1706,54.5240
2020-01-03 06:00:00+00:00,79.2069,96.4666,101.7451,209.2215,43.7860
2020-01-03 07:00:00+00:00,78.4757,96.1615,100.6403,208.3612,38.6003
2020-01-03 08:00:00+00:00,78.3119,96.2709,99.8532,208.8873,28.3249
2020-01-03 09:00:00+00:00,76.9095,94.8384,85.0634,204.7827,7.8722
2020-01-03 10:00:00+00:00,75.8501,86.9659,86.3360,193.6776,9.0621
2020-01-03 11:00:00+00:00,50.0112,55.7736,52.6804,120.2275,8.0589
2020-01-03 12:00:00+00:00,41.9731,49.6537,43.8363,105.8293,11.2325
2020-01-03 13:00:00+00:00,53.3849,62.3911,55.8788,136.5575,4.5557
2020-01-03 14:00:00+00:00,44.6597,47.7349,41.8681,110.6204,5.1698
2020-01-03 15:00:00+00:00,44.0453,38.7288,35.5134,108.1032,12.1557
2020-01-03 16:00:00+00:00,32.9663,30.1786,25.5592,84.9951,17.3103
2020-01-03 17:00:00+00:00,31.3120,30.9947,24.6182,88.1965,24.9842
2020-01-03 18:00:00+00:00,26.6199,22.7712,20.4611,68.7571,18.8859
2020-01-03 19:00:00+00:00,20.1269,20.6413,17.9597,51.5492,12.9843
2020-01-03 20:00:00+00:00,17.8387,16.2879,15.1907,40.4955,16.0393
2020-01-03 21:00:00+00:00,18.7255,18.8730,18.1315,43.8549,17.2504
2020-01-03 22:00:00+00:00,18.4828,21.9235,19.5759,44.3669,6.9746
2020-01-03 23:00:00+00:00,36.0705,32.6563,38.7821,83.6443,6.8815
2020-01-04 00:00:00+00:00,31.8364,30.6108,35.6432,73.8251,4.2077
2020-01-04 01:00:00+00:00,38.9026,29.2152,43.1917,86.1333,8.5153
2020-01-04 02:00:00+00:00,21.7802,23.6308,23.5200,52.1078,6.7286
2020-01-04 03:00:00+00:00,20.7690,22.2550,22.1183,47.0297,0.3437
2020-01-04 04:00:00+00:00,17.9010,16.1800,19.1455,45.7749,1.1432
2020-01-04 05:00:00+00:00,7.9058,6.9078,8.1344,20.6599,0.0000
2020-01-04 06:00:00+00:00,2.1911,0.8850,1.8971,6.2363,0.0000
2020-01-04 07:00:00+00:00,0.4434,0.0000,0.0000,0.7913,0.0000
2020-01-04 08:00:00+00:00,0.0000,0.0000,0.0000,0.0000,0.0000
2020-01-04 09:00:00+00:00,0.0000,0.0000,0.0000,0.0000,0.0000
2020-01-04 10:00:00+00:00,0.0000,0.0000,0.0000,0.0000,0.0000
2020-01-04 11:00:00+00:00,0.0000,0.0000,0.0000,0.0000,0.0000
2020-01-04 12:00:00+00:00,0.0000,0.0000,0.0000,0.0000,0.0000
2020-01-04 13:00:00+00:00,0.0000,0.0000,0.0000,0.0000,0.0000
2020-01-04 14:00:00+00:00,0.0000,0.0000,0.0000,0.0000,3.4192
2020-01-04 15:00:00+00:00,0.7767,0.7659,1.5875,0.0000,4.6356
2020-01-04 16:00:00+00:00,0.8809,0.0000,1.7942,0.0000,3.8847
2020-01-04 17:00:00+00:00,1.5166,1.0330,2.7917,0.0000,6.4594
2020-01-04 18:00:00+00:00,2.8890,2.0715,4.8936,3.0167,4.5785
2020-01-04 19:00:00+00:00,1.3161,1.1170,2.4986,0.3760,18.0119
2020-01-04 20:00:00+00:00,0.0000,0.0796,1.0859,0.0000,15.8748
2020-01-04 21:00:00+00:00,0.1980,1.4816,1.2592,0.0000,12.5130
2020-01-04 22:00:00+00:00,0.2835,1.4063,1.2872,0.0000,19.4518
2020-01-04 23:00:00+00:00,1.3528,1.9682,1.9850,3.8041,24.5624
2020-01-05 00:00:00+00:00,0.0000,0.0000,0.0000,0.6228,21.9557
2020-01-05 01:00:00+00:00,1.1587,0.8730,1.3750,3.6561,37.6281
2020-01-05 02:00:00+00:00,1.0967,0.0000,1.1063,2.0016,30.0070
2020-01-05 03:00:00+00:00,0.0000,0.0000,0.0000,0.0000,27.3904
2020-01-05 04:00:00+00:00,0.0000,0.0000,0.0000,0.0000,20.0527
2020-01-05 05:00:00+00:00,0.0000,0.0000,0.0000,0.0000,21.8101
2020-01-05 06:00:00+00:00,4.6822,0.9501,3.9535,10.8187,24.6346
2020-01-05 07:00:00+00:00,8.5376,4.5678,7.2607,20.9778,33.3854
2020-01-05 08:00:00+00:00,33.5748,32.7295,39.4720,71.4832,41.6671
2020-01-05 09:00:00+00:00,52.5606,52.5344,59.9343,136.0764,39.5788
2020-01-05 10:00:00+00:00,60.1588,59.9948,69.7330,159.0758,43.4450
2020-01-05 11:00:00+00:00,58.0252,51.1095,66.4767,152.4619,52.4502
2020-01-05 12:00:00+00:00,64.6682,60.9213,74.7710,180.2471,44.6401
2020-01-05 13:00:00+00:00,60.7555,59.0141,67.7267,173.0937,54.5977
2020-01-05 14:00:00+00:00,61.2565,59.0072,65.8526,182.7461,60.6510
2020-01-05 15:00:00+00:00,67.7979,63.0760,70.7790,201.9028,44.2809
2020-01-05 16:00:00+00:00,69.0304,61.6255,71.6949,201.2999,50.6513
2020-01-05 17:00:00+00:00,72.5762,69.2203,75.6751,204.3729,57.9510
2020-01-05 18:00:00+00:00,77.0450,77.8841,84.8883,206.5158,41.9675
2020-01-05 19:00:00+00:00,66.3212,62.6555,71.3569,187.1206,37.0147
2020-01-05 20:00:00+00:00,62.6627,56.2317,62.9310,176.7142,34.1552
2020-01-05 21:00:00+00:00,44.2612,40.0291,43.8292,123.1040,17.1523
2020-01-05 22:00:00+00:00,38.7336,29.6833,35.9368,103.0097,10.8186
2020-01-05 23:00:00+00:00,30.3561,18.7889,27.9190,74.3741,3.7292
2020-01-06 00:00:00+00:00,16.7929,7.2104,15.5470,36.9849,0.0000
2020-01-06 01:00:00+00:00,12.7399,6.0282,11.5279,34.5610,0.0000
2020-01-06 02:00:00+00:00,10.0081,6.1993,8.4962,30.9940,0.0000
2020-01-06 03:00:00+00:00,8.7234,2.9636,4.8480,20.7059,0.0000
2020-01-06 04:00:00+00:00,9.9937,2.5151,4.8653,20.1407,0.0000
2020-01-06 05:00:00+00:00,15.9437,5.8801,9.5629,36.1012,0.0000
2020-01-06 06:00:00+00:00,4.9247,0.0000,1.7417,9.8165,0.0000
2020-01-06 07:00:00+00:00,0.0000,0.0000,0.0000,0.0000,3.9572
2020-01-06 08:00:00+00:00,0.4585,0.4323,2.5088,0.0000,8.0347
2020-01-06 09:00:00+00:00,2.7118,0.8209,4.3221,6.2905,10.5197
2020-01-06 10:00:00+00:00,4.2772,4.4622,6.9871,3.8850,12.6222
2020-01-06 11:00:00+00:00,9.7072,6.3131,11.1745,6.2322,9.0044
2020-01-06 12:00:00+00:00,6.5415,5.3192,7.2935,0.0000,7.8210
2020-01-06 13:00:00+00:00,6.8907,8.7431,11.2007,0.0000,11.2611
2020-01-06 14:00:00+00:00,7.9164,15.9710,14.0256,5.6768,21.6598
2020-01-06 15:00:00+00:00,8.4989,14.6390,14.0312,3.7103,41.3620
2020-01-06 16:00:00+00:00,23.3412,12.9502,25.5896,3.3110,76.7142
2020-01-06 17:00:00+00:00,24.4402,13.2654,22.4342,41.0099,79.9000
2020-01-06 18:00:00+00:00,37.5860,36.2812,45.8114,77.0962,79.9000
2020-01-06 19:00:00+00:00,60.4871,47.4255,67.2399,150.4715,79.9000
2020-01-06 20:00:00+00:00,56.6018,39.6037,60.1912,138.6237,79.9000
2020-01-06 21:00:00+00:00,45.1919,21.4163,45.0357,107.3383,79.9000
2020-01-06 22:00:00+00:00,78.3687,13.7368,96.7474,181.6628,75.9878
2020-01-06 23:00:00+00:00,78.3008,51.3854,101.8856,205.6205,32.1249
2020-01-07 00:00:00+00:00,64.3315,67.6939,74.8920,170.1589,14.0702
2020-01-07 01:00:00+00:00,60.5351,61.5463,68.0691,172.1317,71.2678
2020-01-07 02:00:00+00:00,38.0236,36.7707,41.1479,100.4296,32.8115
2020-01-07 03:00:00+00:00,66.5614,57.8416,71.8551,153.3637,79.8075
2020-01-07 04:00:00+00:00,77.4511,95.7825,99.7530,198.0831,79.8174
2020-01-07 05:00:00+00:00,80.5456,98.5412,105.0707,213.2329,76.0710
2020-01-07 06:00:00+00:00,75.3328,75.1564,87.2994,199.1366,54.4131
2020-01-07 07:00:00+00:00,79.6203,97.1638,103.4241,210.7533,31.6149
2020-01-07 08:00:00+00:00,78.1581,91.2067,101.1194,207.1158,18.0297
2020-01-07 09:00:00+00:00,77.9621,94.1563,100.8692,205.0456,21.4350
2020-01-07 10:00:00+00:00,38.0335,44.2586,45.9264,103.4233,19.1764
2020-01-07 11:00:00+00:00,19.8519,21.8095,23.2084,49.7351,21.5848
2020-01-07 12:00:00+00:00,5.7409,5.4456,6.2389,10.3092,25.5650
2020-01-07 13:00:00+00:00,15.6430,5.9329,18.5670,12.1905,10.6652
2020-01-07 14:00:00+00:00,8.7661,6.1019,9.6988,9.6031,3.2484
2020-01-07 15:00:00+00:00,8.0373,6.2213,8.8248,9.4579,0.0000
2020-01-07 16:00:00+00:00,3.2220,2.3891,3.1172,4.5907,0.0000
2020-01-07 17:00:00+00:00,5.2823,3.7085,5.0406,9.1142,5.5078
2020-01-07 18:00:00+00:00,9.6292,7.5384,10.2245,17.3502,2.6140
2020-01-07 19:00:00+00:00,5.4878,4.1751,5.3155,9.5262,0.7703
2020-01-07 20:00:00+00:00,1.3825,0.0000,0.1057,0.0000,8.4255
2020-01-07 21:00:00+00:00,1.8677,0.0000,0.2944,0.0000,0.0000
2020-01-07 22:00:00+00:00,7.1121,0.8815,2.8955,0.0000,0.0000
2020-01-07 23:00:00+00:00,11.8263,3.7018,6.0228,16.6738,2.3431
2020-01-08 00:00:00+00:00,13.7502,4.1557,8.6148,18.9922,3.4427
2020-01-08 01:00:00+00:00,15.4710,6.0334,8.9841,23.3790,9.6428
2020-01-08 02:00:00+00:00,17.4812,5.2105,11.1514,26.7250,16.6308
2020-01-08 03:00:00+00:00,31.2513,29.6996,20.9483,79.6635,18.0726
2020-01-08 04:00:00+00:00,26.9726,24.5353,20.9628,64.2497,18.4010
2020-01-08 05:00:00+00:00,23.1688,20.0444,16.5604,61.0224,8.1300
2020-01-08 06:00:00+00:00,15.0046,11.8873,10.5758,33.9128,7.7484
2020-01-08 07:00:00+00:00,14.6917,13.6386,10.6186,36.1721,5.5454
2020-01-08 08:00:00+00:00,24.0358,26.0511,24.9801,52.8764,16.9184
2020-01-08 09:00:00+00:00,25.0110,27.5811,25.7446,57.1629,60.8349
2020-01-08 10:00:00+00:00,23.5298,27.9306,21.2188,65.1528,17.6731
2020-01-08 11:00:00+00:00,23.5998,25.2423,28.1845,50.5013,14.4706
2020-01-08 12:00:00+00:00,26.7451,29.9055,26.4393,68.3678,3.6282
2020-01-08 13:00:00+00:00,18.5618,23.3767,19.5097,47.5359,6.8656
2020-01-08 14:00:00+00:00,37.6558,43.9374,41.7444,106.4874,6.4701
2020-01-08 15:00:00+00:00,28.2258,32.7082,30.7058,78.5698,74.2643
2020-01-08 16:00:00+00:00,40.1993,42.2297,48.5301,107.6443,75.8943
2020-01-08 17:00:00+00:00,38.9150,37.9471,45.9252,96.2648,76.9110
2020-01-08 18:00:00+00:00,54.4506,60.1354,64.9343,148.7335,78.6532
2020-01-08 19:00:00+00:00,78.0975,95.2426,101.2969,207.8112,79.9000
2020-01-08 20:00:00+00:00,77.2281,92.8676,96.7601,205.5337,79.9000
2020-01-08 21:00:00+00:00,79.9158,97.7662,104.0022,212.4595,79.9000
2020-01-08 22:00:00+00:00,79.8666,97.0726,103.7427,211.9663,79.9000
2020-01-08 23:00:00+00:00,81.0000,100.5000,106.5000,215.2000,79.9000
2020-01-09 00:00:00+00:00,81.0000,99.1423,106.2212,215.2000,79.9000
2020-01-09 01:00:00+00:00,81.0000,99.5656,106.5000,215.2000,79.9000
2020-01-09 02:00:00+00:00,78.1980,90.7693,100.7915,209.6259,79.9000
2020-01-09 03:00:00+00:00,80.4445,98.1019,103.5369,215.2000,77.9239
2020-01-09 04:00:00+00:00,81.0000,98.9425,104.8337,215.2000,78.8466
2020-01-09 05:00:00+00:00,79.3546,96.7714,101.5601,213.7946,64.5650
2020-01-09 06:00:00+00:00,80.5904,98.2212,103.2045,215.2000,43.5235
2020-01-09 07:00:00+00:00,80.2246,97.7819,102.5105,215.2000,43.0135
2020-01-09 08:00:00+00:00,77.8291,95.4392,93.2060,210.4413,24.3268
2020-01-09 09:00:00+00:00,62.9039,70.0052,62.8641,194.9919,17.4906
2020-01-09 10:00:00+00:00,64.7763,68.6583,67.1892,199.9627,8.4567
2020-01-09 11:00:00+00:00,38.6874,40.9475,37.0140,126.3090,7.2681
2020-01-09 12:00:00+00:00,29.8870,25.6671,26.7622,97.3531,0.0000
2020-01-09 13:00:00+00:00,19.4831,15.9983,16.9366,75.9282,0.0000
2020-01-09 14:00:00+00:00,10.7140,8.9957,7.6185,41.5331,0.0000
2020-01-09 15:00:00+00:00,4.6710,4.1396,3.0401,15.5980,0.0000
2020-01-09 16:00:00+00:00,0.0000,0.0000,0.0000,0.3323,0.0000
2020-01-09 17:00:00+00:00,0.9954,0.5647,0.0000,1.9769,0.0000
2020-01-09 18:00:00+00:00,0.0000,0.0000,0.0000,0.0000,0.0000
2020-01-09 19:00:00+00:00,0.0000,0.0000,0.0000,0.0000,4.5066
2020-01-09 20:00:00+00:00,0.0000,0.0000,0.0000,0.0000,15.1371
2020-01-09 21:00:00+00:00,3.1900,5.4603,2.6058,13.2783,34.7415
2020-01-09 22:00:00+00:00,5.8756,16.4842,7.3066,24.8093,34.3556
2020-01-09 23:00:00+00:00,10.2613,14.5799,17.1517,10.7860,71.4382
2020-01-10 00:00:00+00:00,26.8407,15.4195,49.2641,5.8229,75.9796
2020-01-10 01:00:00+00:00,80.7548,44.0546,103.2241,25.1818,58.6126
2020-01-10 02:00:00+00:00,81.0000,80.3606,103.1355,75.0145,78.7436
2020-01-10 03:00:00+00:00,81.0000,97.9292,104.6536,127.0567,79.9000
2020-01-10 04:00:00+00:00,81.0000,100.5000,106.5000,214.1345,79.9000
2020-01-10 05:00:00+00:00,81.0000,100.5000,106.1120,215.2000,79.9000
2020-01-10 06:00:00+00:00,81.0000,72.2325,106.5000,215.2000,78.3908
2020-01-10 07:00:00+00:00,81.0000,8.5762,106.5000,215.2000,77.6566
2020-01-10 08:00:00+00:00,81.0000,17.8925,106.5000,215.2000,77.0781
2020-01-10 09:00:00+00:00,81.0000,71.9122,106.5000,215.2000,76.5266
2020-01-10 10:00:00+00:00,81.0000,100.5000,106.5000,215.2000,51.8039
2020-01-10 11:00:00+00:00,81.0000,100.5000,106.5000,215.2000,41.0863
2020-01-10 12:00:00+00:00,81.0000,100.5000,106.5000,215.2000,21.0044
2020-01-10 13:00:00+00:00,81.0000,100.5000,106.5000,215.2000,48.6869
2020-01-10 14:00:00+00:00,81.0000,100.5000,106.5000,213.1617,58.5447
2020-01-10 15:00:00+00:00,81.0000,100.5000,106.5000,211.9856,36.3353
2020-01-10 16:00:00+00:00,78.2744,97.7452,103.0171,210.8742,54.6748
2020-01-10 17:00:00+00:00,78.8673,99.1637,104.0770,214.6498,22.3373
2020-01-10 18:00:00+00:00,76.7883,95.6065,102.3995,205.4669,20.4037
2020-01-10 19:00:00+00:00,52.9701,63.0947,71.5009,152.6116,20.4790
2020-01-10 20:00:00+00:00,41.0306,54.2978,50.8892,128.4881,11.1004
2020-01-10 21:00:00+00:00,41.8389,52.4680,49.2179,123.9111,11.1752
2020-01-10 22:00:00+00:00,59.0058,59.6821,62.3721,143.2358,8.9561
2020-01-10 23:00:00+00:00,70.0008,72.5902,79.3865,172.7545,12.4695
2020-01-11 00:00:00+00:00,58.4695,63.9620,56.3720,166.0205,12.4297
2020-01-11 01:00:00+00:00,59.3928,64.6244,52.7969,176.1606,16.2069
2020-01-11 02:00:00+00:00,56.5888,64.3231,50.4626,162.4726,7.3152
2020-01-11 03:00:00+00:00,44.5265,45.5592,44.0646,138.5880,5.8401
2020-01-11 04:00:00+00:00,33.1496,26.3968,27.5929,73.9720,5.4560
2020-01-11 05:00:00+00:00,49.5095,28.1764,35.5687,90.7986,8.5883
2020-01-11 06:00:00+00:00,25.5400,20.7307,19.3804,83.0560,12.9756
2020-01-11 07:00:00+00:00,28.8253,20.7922,21.7124,37.0202,24.0687
2020-01-11 08:00:00+00:00,34.6075,23.7320,20.4359,101.2255,17.6508
2020-01-11 09:00:00+00:00,72.4163,60.6701,49.5074,205.1264,32.5101
2020-01-11 10:00:00+00:00,79.2417,84.9469,80.4363,214.9523,41.2756
2020-01-11 11:00:00+00:00,81.0000,95.1739,106.5000,213.9829,51.8996
2020-01-11 12:00:00+00:00,81.0000,99.0345,106.5000,209.3767,66.0587
2020-01-11 13:00:00+00:00,81.0000,100.5000,106.5000,215.2000,79.4685
2020-01-11 14:00:00+00:00,81.0000,100.5000,106.5000,215.2000,79.0084
2020-01-11 15:00:00+00:00,81.0000,100.5000,106.5000,215.2000,79.9000
2020-01-11 16:00:00+00:00,81.0000,100.5000,106.5000,215.2000,79.9000
2020-01-11 17:00:00+00:00,81.0000,100.5000,106.5000,215.2000,79.9000
2020-01-11 18:00:00+00:00,81.0000,100.5000,106.5000,215.2000,79.9000
2020-01-11 19:00:00+00:00,81.0000,31.5332,106.5000,215.2000,79.9000
2020-01-11 20:00:00+00:00,11.8913,2.1835,9.1160,27.1395,79.9000
2020-01-11 21:00:00+00:00,12.1640,6.9061,13.6119,36.2119,54.3265
2020-01-11 22:00:00+00:00,9.0902,10.5828,11.4284,34.4676,0.0000
2020-01-11 23:00:00+00:00,7.5658,11.9569,10.9374,26.5283,0.0000
2020-01-12 00:00:00+00:00,33.9031,45.2000,52.4834,83.6916,6.2301
2020-01-12 01:00:00+00:00,17.6830,26.5266,32.5253,29.4249,4.6927
2020-01-12 02:00:00+00:00,42.0087,44.0176,73.5919,64.6940,6.9603
2020-01-12 03:00:00+00:00,52.9833,43.5082,87.4422,66.4178,5.6802
2020-01-12 04:00:00+00:00,65.0051,48.4908,99.1886,98.5826,8.0239
2020-01-12 05:00:00+00:00,65.9174,56.6916,101.1807,103.7253,0.0000
2020-01-12 06:00:00+00:00,66.0508,49.5141,101.1810,98.3729,0.0000
2020-01-12 07:00:00+00:00,51.7833,41.0317,86.4317,71.5795,0.0000
2020-01-12 08:00:00+00:00,62.5549,58.4124,101.2760,88.7136,0.0000
2020-01-12 09:00:00+00:00,64.4370,68.0431,102.3777,86.8628,0.0000
2020-01-12 10:00:00+00:00,68.2823,67.9580,102.3432,88.7766,7.2732
2020-01-12 11:00:00+00:00,77.6263,87.5006,105.3546,106.7746,59.9247
2020-01-12 12:00:00+00:00,54.2143,62.4129,93.0121,74.8211,39.2865
2020-01-12 13:00:00+00:00,4.8721,17.6383,4.9169,20.1192,79.9000
2020-01-12 14:00:00+00:00,3.6915,15.5525,3.2977,13.1556,79.9000
2020-01-12 15:00:00+00:00,17.8605,0.3372,24.2946,3.7834,79.9000
2020-01-12 16:00:00+00:00,48.7165,12.2438,45.3228,107.8278,79.9000
2020-01-12 17:00:00+00:00,75.2964,59.6330,83.4089,196.1305,79.9000
2020-01-12 18:00:00+00:00,79.7236,90.4281,102.7462,209.8369,79.9000
2020-01-12 19:00:00+00:00,68.0212,61.1961,79.0025,145.7755,79.1501
2020-01-12 20:00:00+00:00,60.9360,59.8699,70.0062,138.7269,63.2961
2020-01-12 21:00:00+00:00,39.8840,39.7387,43.8477,92.1005,38.8021
2020-01-12 22:00:00+00:00,26.6095,26.4063,29.9942,65.9342,45.0107
2020-01-12 23:00:00+00:00,36.3010,38.9264,39.4846,93.0390,32.1632
2020-01-13 00:00:00+00:00,30.5300,29.1282,29.5942,85.3950,15.7056
2020-01-13 01:00:00+00:00,20.0918,17.8933,18.4397,59.7824,18.2002
2020-01-13 02:00:00+00:00,9.5809,6.1218,7.6951,26.6733,9.4088
2020-01-13 03:00:00+00:00,1.6743,0.2077,1.1843,5.9251,6.9986
2020-01-13 04:00:00+00:00,0.0000,0.0000,0.0000,0.0000,1.6106
2020-01-13 05:00:00+00:00,0.0000,0.0000,0.0000,0.0000,0.0000
2020-01-13 06:00:00+00:00,0.0000,0.0000,0.0000,0.0000,0.0000
2020-01-13 07:00:00+00:00,1.4502,0.0000,1.4090,0.0000,0.0000
2020-01-13 08:00:00+00:00,6.1788,8.4407,7.8345,4.2568,0.0000
2020-01-13 09:00:00+00:00,6.1908,11.4665,9.4416,3.5877,1.1164
2020-01-13 10:00:00+00:00,8.5421,17.3017,14.3757,9.9966,0.0000
2020-01-13 11:00:00+00:00,6.5388,21.8592,12.6455,15.8890,5.7740
2020-01-13 12:00:00+00:00,3.9842,14.7967,7.9848,13.3144,6.8191
2020-01-13 13:00:00+00:00,5.1927,6.4597,8.0707,5.5502,15.6741
2020-01-13 14:00:00+00:00,0.1713,4.2276,0.0000,3.2581,11.7707
2020-01-13 15:00:00+00:00,0.0000,0.8301,0.0000,2.5360,16.0897
2020-01-13 16:00:00+00:00,0.0000,0.0000,0.0000,2.2596,12.3694
2020-01-13 17:00:00+00:00,0.0000,0.1581,0.0000,2.3076,19.5394
2020-01-13 18:00:00+00:00,0.0000,0.0000,0.0000,0.0000,10.6885
2020-01-13 19:00:00+00:00,0.0000,0.0000,0.0000,0.0000,0.0000
2020-01-13 20:00:00+00:00,0.0000,0.0000,0.0000,0.0000,0.0000
2020-01-13 21:00:00+00:00,0.0000,0.0000,0.0000,0.0000,0.0000
2020-01-13 22:00:00+00:00,0.0000,0.0000,0.0000,0.0000,0.0000
2020-01-13 23:00:00+00:00,1.3145,0.0000,0.0000,0.0000,4.0071
2020-01-14 00:00:00+00:00,2.5560,0.0000,0.0000,1.8003,3.8857
2020-01-14 01:00:00+00:00,4.2295,0.0000,2.2099,7.2167,1.0106
2020-01-14 02:00:00+00:00,4.6751,0.0000,2.2818,10.2904,0.0000
2020-01-14 03:00:00+00:00,2.6685,0.0000,0.5398,5.1882,0.0000
2020-01-14 04:00:00+00:00,1.3364,0.0000,0.0000,1.4908,0.0000
2020-01-14 05:00:00+00:00,2.3548,0.0000,0.8648,5.1232,0.0000
2020-01-14 06:00:00+00:00,2.9983,0.0000,1.8521,7.8534,1.0122
2020-01-14 07:00:00+00:00,2.3878,0.0000,1.3356,7.9104,1.5326
2020-01-14 08:00:00+00:00,1.6533,0.0000,0.0000,6.4220,2.4124
2020-01-14 09:00:00+00:00,0.8677,0.0000,0.0000,3.5871,3.3475
2020-01-14 10:00:00+00:00,1.2080,0.0000,0.0000,5.3542,3.1841
2020-01-14 11:00:00+00:00,0.0000,0.0000,0.0000,0.0000,0.0000
2020-01-14 12:00:00+00:00,0.0000,0.0000,0.0000,0.0000,0.0000
2020-01-14 13:00:00+00:00,0.9849,0.0000,0.0000,0.0000,0.0000
2020-01-14 14:00:00+00:00,4.9103,6.0344,4.4240,14.0336,2.8241
2020-01-14 15:00:00+00:00,4.5192,8.9615,4.9895,11.6232,5.1887
2020-01-14 16:00:00+00:00,0.5304,2.5413,0.0000,4.0107,16.0075
2020-01-14 17:00:00+00:00,0.0000,0.7514,0.0000,3.9179,15.0714
2020-01-14 18:00:00+00:00,1.8282,3.9710,1.3208,10.6837,11.1343
2020-01-14 19:00:00+00:00,7.4604,13.7331,8.9356,24.6453,25.2831
2020-01-14 20:00:00+00:00,10.1790,20.3952,13.0713,29.7962,18.7328
2020-01-14 21:00:00+00:00,10.8948,29.8780,16.0101,34.3041,19.3309
2020-01-14 22:00:00+00:00,9.2611,38.2643,15.0389,43.0710,30.2963
2020-01-14 23:00:00+00:00,8.2459,31.5325,13.1520,36.7584,24.0181
2020-01-15 00:00:00+00:00,9.8309,24.5921,15.3724,21.4818,30.2560
2020-01-15 01:00:00+00:00,42.2515,9.5449,52.1660,4.3178,22.5619
2020-01-15 02:00:00+00:00,53.9619,8.6156,41.0073,11.0228,45.5923
2020-01-15 03:00:00+00:00,48.3023,5.2383,26.6477,30.9692,54.2437
2020-01-15 04:00:00+00:00,35.6951,7.9408,23.5737,76.0952,76.1137
2020-01-15 05:00:00+00:00,22.9796,8.5773,21.0442,41.4598,69.5160
2020-01-15 06:00:00+00:00,40.7645,19.7272,38.6536,101.2877,37.2576
2020-01-15 07:00:00+00:00,47.5987,30.4054,42.9065,124.3300,60.7726
2020-01-15 08:00:00+00:00,48.5480,38.5472,46.8347,114.8402,60.5469
2020-01-15 09:00:00+00:00,44.0268,40.1787,47.8880,93.4905,42.8994
2020-01-15 10:00:00+00:00,48.8838,43.2615,51.8614,114.7440,25.7017
2020-01-15 11:00:00+00:00,57.1974,46.2336,56.9892,140.1209,41.2939
2020-01-15 12:00:00+00:00,63.4150,44.1163,61.0237,171.9291,34.4371
2020-01-15 13:00:00+00:00,76.7031,56.5304,75.2599,205.7867,29.6873
2020-01-15 14:00:00+00:00,39.3836,39.6124,39.4548,106.7752,32.0367
2020-01-15 15:00:00+00:00,19.2002,18.1180,19.2796,45.1645,27.8065
2020-01-15 16:00:00+00:00,17.3377,13.3343,20.2345,31.7972,19.0009
2020-01-15 17:00:00+00:00,16.1267,14.4207,17.6607,28.6937,11.8784
2020-01-15 18:00:00+00:00,9.8604,8.7870,9.9410,24.3568,25.1930
2020-01-15 19:00:00+00:00,7.9135,6.4923,8.1866,18.2978,21.7992
2020-01-15 20:00:00+00:00,7.7424,8.6330,7.8992,18.9605,15.0272
2020-01-15 21:00:00+00:00,11.3881,10.6374,11.8516,26.1430,4.1111
2020-01-15 22:00:00+00:00,10.0345,9.6251,10.9517,21.6757,0.0000
2020-01-15 23:00:00+00:00,9.6756,9.2746,10.5704,20.0607,0.0000
2020-01-16 00:00:00+00:00,4.9352,3.7960,4.4709,10.5592,0.0000
2020-01-16 01:00:00+00:00,0.8497,0.0000,0.0000,0.0000,0.0000
2020-01-16 02:00:00+00:00,0.0000,0.0000,0.0000,0.0000,0.0000
2020-01-16 03:00:00+00:00,0.0000,0.0000,0.0000,0.0000,4.8081
2020-01-16 04:00:00+00:00,0.0000,0.0000,0.0000,0.0000,11.2415
2020-01-16 05:00:00+00:00,0.0000,0.0000,0.0000,0.0000,4.6997
2020-01-16 06:00:00+00:00,0.0000,0.0000,0.0000,0.0000,12.1827
2020-01-16 07:00:00+00:00,0.0000,0.0000,0.0000,0.0000,4.0007
2020-01-16 08:00:00+00:00,1.1914,2.1467,1.6717,4.3119,0.0000
2020-01-16 09:00:00+00:00,2.7710,3.9397,4.5209,7.2926,2.0344
2020-01-16 10:00:00+00:00,5.4242,5.3161,7.3788,14.0351,2.6172
2020-01-16 11:00:00+00:00,8.6935,7.5250,11.5589,19.5007,8.5657
2020-01-16 12:00:00+00:00,5.6040,4.3351,7.9495,9.1691,17.2873
2020-01-16 13:00:00+00:00,2.9390,3.6603,4.2433,5.6391,23.4425
2020-01-16 14:00:00+00:00,6.7599,8.3591,8.8052,19.5332,50.7550
2020-01-16 15:00:00+00:00,13.5176,13.9422,15.4109,36.9214,39.1263
2020-01-16 16:00:00+00:00,29.5868,27.5429,34.2728,76.4996,30.4960
2020-01-16 17:00:00+00:00,33.9371,36.2755,41.1785,84.2628,47.0245
2020-01-16 18:00:00+00:00,39.9667,35.9826,47.2590,97.8302,49.5582
2020-01-16 19:00:00+00:00,48.3964,45.2557,58.2390,119.4734,77.6579
2020-01-16 20:00:00+00:00,74.0468,72.1641,89.1205,185.2012,78.5170
2020-01-16 21:00:00+00:00,76.6764,69.7901,91.0328,203.1505,78.3581
2020-01-16 22:00:00+00:00,79.6121,90.2539,102.6343,212.1717,76.5994
2020-01-16 23:00:00+00:00,79.2902,90.4312,102.1689,212.2179,65.5931
2020-01-17 00:00:00+00:00,76.9192,72.1138,94.1456,204.5667,60.5867
2020-01-17 01:00:00+00:00,77.2718,75.6834,100.9660,204.7394,69.1328
2020-01-17 02:00:00+00:00,76.8800,72.5849,93.6755,201.5613,76.1471
2020-01-17 03:00:00+00:00,72.0582,67.5921,84.5961,189.1696,79.9000
2020-01-17 04:00:00+00:00,72.5280,64.8690,84.0316,196.3899,79.5473
2020-01-17 05:00:00+00:00,72.9482,64.2756,83.0962,197.6461,78.4740
2020-01-17 06:00:00+00:00,76.9116,71.9281,89.3061,205.6138,79.2811
2020-01-17 07:00:00+00:00,76.6339,68.9369,83.3223,205.2560,78.1520
2020-01-17 08:00:00+00:00,63.1334,56.4502,71.3371,175.2867,77.6256
2020-01-17 09:00:00+00:00,47.2624,43.4349,52.4463,132.9411,76.4390
2020-01-17 10:00:00+00:00,47.4002,47.0476,51.8847,142.4093,76.0993
2020-01-17 11:00:00+00:00,43.8217,44.2940,45.0826,131.7632,49.9183
2020-01-17 12:00:00+00:00,55.5473,56.6770,56.9250,168.0092,38.8486
2020-01-17 13:00:00+00:00,41.4819,39.1115,40.6804,126.8675,30.3752
2020-01-17 14:00:00+00:00,61.2594,47.2549,51.7708,193.0951,29.9205
2020-01-17 15:00:00+00:00,50.7593,42.0635,44.4092,163.8977,20.3519
2020-01-17 16:00:00+00:00,48.6109,43.1020,43.3974,149.7558,17.0318
2020-01-17 17:00:00+00:00,49.6930,47.7368,46.4439,153.6083,15.4458
2020-01-17 18:00:00+00:00,44.5520,43.3106,41.0214,135.0342,19.5900
2020-01-17 19:00:00+00:00,41.8758,41.5482,38.5295,127.8693,11.2207
2020-01-17 20:00:00+00:00,34.7308,34.7319,31.3398,103.9073,3.0445
2020-01-17 21:00:00+00:00,31.9288,31.6072,27.9453,103.5534,0.0000
2020-01-17 22:00:00+00:00,27.5173,26.9962,22.8457,89.5761,1.4172
2020-01-17 23:00:00+00:00,41.3459,46.4657,43.0137,134.6056,2.6364
2020-01-18 00:00:00+00:00,35.5815,43.4041,37.7979,119.4023,2.2067
2020-01-18 01:00:00+00:00,39.1974,49.3999,40.8261,127.0493,2.4903
2020-01-18 02:00:00+00:00,49.9606,54.2264,50.9969,147.7281,2.6800
2020-01-18 03:00:00+00:00,44.5034,43.6917,42.1771,136.2168,0.0000
2020-01-18 04:00:00+00:00,24.5902,24.4213,23.0350,80.2112,0.0000
2020-01-18 05:00:00+00:00,8.8047,10.5929,8.4476,34.5616,0.0000
2020-01-18 06:00:00+00:00,3.9447,4.8906,3.1526,18.9993,0.0000
2020-01-18 07:00:00+00:00,3.7265,5.7665,3.9028,14.7853,0.0000
2020-01-18 08:00:00+00:00,5.6090,7.2787,5.6983,18.6149,0.0000
2020-01-18 09:00:00+00:00,3.8517,3.8156,3.1283,13.9043,2.7363
2020-01-18 10:00:00+00:00,3.6525,3.6451,3.0712,13.9396,6.7692
2020-01-18 11:00:00+00:00,0.0000,0.0000,0.0000,0.0000,21.9546
2020-01-18 12:00:00+00:00,0.0000,0.0000,0.0000,0.0000,29.8017
2020-01-18 13:00:00+00:00,0.0000,0.0000,0.0000,0.0000,30.2275
2020-01-18 14:00:00+00:00,5.8539,10.1819,8.8135,11.9409,34.9721
2020-01-18 15:00:00+00:00,8.3140,17.8807,13.2950,19.9246,41.6439
2020-01-18 16:00:00+00:00,13.5301,27.2224,20.1298,39.7139,57.8402
2020-01-18 17:00:00+00:00,15.8898,28.6467,22.1707,43.8830,75.3750
2020-01-18 18:00:00+00:00,20.7506,49.6238,31.4473,59.9328,76.9627
2020-01-18 19:00:00+00:00,17.8934,54.5995,25.3797,59.7399,76.6987
2020-01-18 20:00:00+00:00,23.1734,69.8656,31.0025,77.6692,79.9000
2020-01-18 21:00:00+00:00,46.3878,95.0955,65.9384,81.7493,79.9000
2020-01-18 22:00:00+00:00,57.7471,98.0177,83.3339,107.8451,79.9000
2020-01-18 23:00:00+00:00,51.3963,94.4274,54.3407,99.8300,79.9000
2020-01-19 00:00:00+00:00,23.7565,29.4169,19.9765,56.9253,79.9000
2020-01-19 01:00:00+00:00,10.0087,36.7235,10.1973,45.2714,79.9000
2020-01-19 02:00:00+00:00,9.1010,12.3382,11.0649,16.4912,77.9072
2020-01-19 03:00:00+00:00,10.2854,12.5303,13.4096,13.0686,75.5615
2020-01-19 04:00:00+00:00,17.0103,12.4631,24.8140,7.1158,53.5529
2020-01-19 05:00:00+00:00,52.1329,6.8037,44.1931,2.8624,43.1516
2020-01-19 06:00:00+00:00,65.4522,9.2567,46.5104,20.9408,42.2980
2020-01-19 07:00:00+00:00,23.4111,0.0000,11.0718,7.0180,41.4642
2020-01-19 08:00:00+00:00,2.2381,0.0000,2.1931,0.0000,74.1704
2020-01-19 09:00:00+00:00,9.2119,0.0000,5.4255,7.7756,77.9567
2020-01-19 10:00:00+00:00,24.4894,0.4465,15.5135,29.3406,78.4915
2020-01-19 11:00:00+00:00,24.6874,5.3295,18.4558,58.6777,75.6269
2020-01-19 12:00:00+00:00,24.6103,8.4942,19.6253,74.0028,78.2179
2020-01-19 13:00:00+00:00,40.0369,14.0304,36.5738,107.7315,74.6721
2020-01-19 14:00:00+00:00,17.4854,8.3168,13.2116,66.9325,71.4561
2020-01-19 15:00:00+00:00,21.3009,12.0801,16.3593,75.4589,61.4533
2020-01-19 16:00:00+00:00,21.7113,17.8623,20.3920,64.9382,37.5180
2020-01-19 17:00:00+00:00,20.2356,20.0961,21.8938,57.0273,18.7014
2020-01-19 18:00:00+00:00,10.6504,10.2251,11.6936,30.3474,16.1399
2020-01-19 19:00:00+00:00,10.9981,11.6170,12.5920,29.9597,17.5162
2020-01-19 20:00:00+00:00,9.8513,10.2450,11.2083,26.8744,23.5041
2020-01-19 21:00:00+00:00,16.9297,16.9306,19.8363,47.0056,36.8421
2020-01-19 22:00:00+00:00,22.0240,20.8030,24.5749,57.6647,27.6187
2020-01-19 23:00:00+00:00,25.5652,26.5732,27.2899,76.1361,30.4190
2020-01-20 00:00:00+00:00,35.6025,34.7906,39.7362,102.9801,46.3831
2020-01-20 01:00:00+00:00,23.1375,15.7800,25.7010,59.3340,59.6143
2020-01-20 02:00:00+00:00,6.8987,4.7625,7.9653,18.6051,75.8214
2020-01-20 03:00:00+00:00,7.1735,5.5372,7.1434,24.1081,63.2712
2020-01-20 04:00:00+00:00,9.8506,7.2441,8.9507,36.2791,51.8996
2020-01-20 05:00:00+00:00,16.3405,12.9914,16.5750,55.6871,75.4744
2020-01-20 06:00:00+00:00,22.5339,17.7765,22.7504,77.6800,58.3443
2020-01-20 07:00:00+00:00,17.1725,11.1489,16.1370,60.0733,58.2971
2020-01-20 08:00:00+00:00,13.4898,9.3944,12.2714,53.3213,47.6880
2020-01-20 09:00:00+00:00,12.0296,8.9698,10.4686,49.6744,43.8653
2020-01-20 10:00:00+00:00,11.5286,11.4290,11.3591,47.1139,48.1991
2020-01-20 11:00:00+00:00,11.4830,13.9912,12.0330,47.9532,33.0178
2020-01-20 12:00:00+00:00,19.6197,23.5198,22.2981,72.1090,19.1617
2020-01-20 13:00:00+00:00,30.8779,34.9666,33.7409,98.1268,21.3512
2020-01-20 14:00:00+00:00,30.6248,32.6633,29.1696,93.1986,11.9907
2020-01-20 15:00:00+00:00,32.3862,36.7648,30.7550,102.3415,3.9526
2020-01-20 16:00:00+00:00,42.3807,44.0930,38.4436,134.2517,2.0490
2020-01-20 17:00:00+00:00,47.7187,47.2584,41.3833,154.4082,2.3388
2020-01-20 18:00:00+00:00,50.8638,53.5829,46.4468,161.2274,8.2932
2020-01-20 19:00:00+00:00,47.0227,49.3703,44.8316,135.6935,23.0304
2020-01-20 20:00:00+00:00,56.6232,62.1140,55.5683,162.8827,28.2239
2020-01-20 21:00:00+00:00,69.2685,70.1336,68.5838,188.9773,25.1637
2020-01-20 22:00:00+00:00,76.8050,80.1604,74.8175,204.9739,35.1381
2020-01-20 23:00:00+00:00,80.0175,96.4868,101.8388,212.5591,61.9512
2020-01-21 00:00:00+00:00,79.1754,94.9783,100.9603,209.3460,75.0050
2020-01-21 01:00:00+00:00,78.8123,95.4298,100.7102,208.4798,75.5330
2020-01-21 02:00:00+00:00,70.3093,74.6052,79.8913,168.6763,74.9816
2020-01-21 03:00:00+00:00,56.4541,58.1465,61.8202,139.7582,75.9722
2020-01-21 04:00:00+00:00,62.3126,66.2420,69.8480,171.6829,58.1524
2020-01-21 05:00:00+00:00,37.9329,37.7968,42.8467,115.6643,51.4417
2020-01-21 06:00:00+00:00,24.6919,21.3058,27.1785,78.9650,44.4232
2020-01-21 07:00:00+00:00,19.2822,16.0852,19.4308,66.9355,30.0623
2020-01-21 08:00:00+00:00,13.9410,12.4586,13.9572,52.2266,15.7424
2020-01-21 09:00:00+00:00,9.6383,9.0789,9.5275,37.8987,5.6423
2020-01-21 10:00:00+00:00,16.3477,13.3221,15.0489,59.4562,6.0819
2020-01-21 11:00:00+00:00,8.4848,6.4006,7.2227,34.7589,0.0000
2020-01-21 12:00:00+00:00,5.6252,4.4959,4.6113,23.7141,0.0000
2020-01-21 13:00:00+00:00,10.0436,9.5179,8.7350,34.0692,0.0000
2020-01-21 14:00:00+00:00,19.3872,17.7239,17.0642,55.7098,0.0000
2020-01-21 15:00:00+00:00,18.2900,14.3315,13.9024,50.2414,2.5581
2020-01-21 16:00:00+00:00,19.4037,17.2582,15.4595,53.9693,0.0000
2020-01-21 17:00:00+00:00,17.8164,16.7394,16.1082,45.7892,0.0000
2020-01-21 18:00:00+00:00,21.0167,21.2308,20.7182,48.6248,5.2109
2020-01-21 19:00:00+00:00,21.2568,19.9714,21.5041,46.0102,12.5284
2020-01-21 20:00:00+00:00,21.8651,19.5729,21.2436,42.9064,19.1479
2020-01-21 21:00:00+00:00,29.5074,23.0646,28.5788,53.8894,22.0955
2020-01-21 22:00:00+00:00,65.1473,59.4308,66.8560,119.4641,11.5640
2020-01-21 23:00:00+00:00,77.2188,76.5202,84.9621,170.3443,8.4440
2020-01-22 00:00:00+00:00,79.0530,94.5198,100.7739,206.0933,9.2649
2020-01-22 01:00:00+00:00,78.3114,85.7294,89.4675,207.0136,9.1731
2020-01-22 02:00:00+00:00,77.7783,81.5924,86.4752,205.0895,8.5928
2020-01-22 03:00:00+00:00,77.8267,85.8784,87.5176,205.4533,13.1607
2020-01-22 04:00:00+00:00,78.0802,95.2811,92.1842,207.0595,12.6386
2020-01-22 05:00:00+00:00,77.8985,95.5049,95.7129,206.7463,9.4772
2020-01-22 06:00:00+00:00,77.7912,91.3527,93.7788,206.0882,8.7930
2020-01-22 07:00:00+00:00,77.3253,84.1753,88.5582,204.2388,10.7586
2020-01-22 08:00:00+00:00,70.8297,68.8444,71.9633,177.1078,8.3983
2020-01-22 09:00:00+00:00,73.1513,66.4536,71.5852,180.7178,7.4660
2020-01-22 10:00:00+00:00,72.2961,68.5085,71.0394,172.1244,2.2854
2020-01-22 11:00:00+00:00,61.0874,56.0043,56.5251,144.7173,0.0000
2020-01-22 12:00:00+00:00,55.1668,47.3621,51.3341,118.9837,1.2442
2020-01-22 13:00:00+00:00,45.9169,41.7019,39.1941,119.1529,4.2402
2020-01-22 14:00:00+00:00,45.9611,39.1389,35.8429,87.3486,3.5525
2020-01-22 15:00:00+00:00,53.9653,48.0834,49.9969,125.5631,13.4717
2020-01-22 16:00:00+00:00,56.0475,51.1268,53.0174,135.6457,13.1925
2020-01-22 17:00:00+00:00,41.2276,39.1602,41.7810,94.3330,15.8699
2020-01-22 18:00:00+00:00,39.0568,38.0563,42.7461,80.4602,18.3254
2020-01-22 19:00:00+00:00,39.3924,35.3046,43.7628,74.8024,19.6243
2020-01-22 20:00:00+00:00,42.0723,31.1100,48.3370,66.9676,16.0863
2020-01-22 21:00:00+00:00,33.6491,21.8612,33.2405,47.0023,0.0000
2020-01-22 22:00:00+00:00,53.8824,34.5916,46.5152,76.4625,0.0000
2020-01-22 23:00:00+00:00,77.5678,61.3855,79.6956,136.4673,6.6568
2020-01-23 00:00:00+00:00,80.7276,94.3029,102.0841,204.1274,9.1534
2020-01-23 01:00:00+00:00,81.0000,100.4602,106.5000,214.6728,11.8634
2020-01-23 02:00:00+00:00,81.0000,98.5637,105.6189,214.7011,7.7579
2020-01-23 03:00:00+00:00,81.0000,92.1638,103.3395,208.4716,5.3730
2020-01-23 04:00:00+00:00,81.0000,96.8981,105.5808,209.8067,5.0827
2020-01-23 05:00:00+00:00,81.0000,98.2192,105.3196,211.9790,6.4578
2020-01-23 06:00:00+00:00,81.0000,97.9588,105.2100,213.6267,6.5149
2020-01-23 07:00:00+00:00,81.0000,98.8015,105.8953,215.2000,4.0939
2020-01-23 08:00:00+00:00,81.0000,99.1810,105.4639,215.2000,5.0077
2020-01-23 09:00:00+00:00,79.9756,95.8393,101.9262,208.6214,9.0644
2020-01-23 10:00:00+00:00,80.1113,95.5527,101.9488,212.5282,15.6191
2020-01-23 11:00:00+00:00,77.5985,86.0863,91.5287,207.2786,8.4020
2020-01-23 12:00:00+00:00,67.4358,72.3059,73.6802,192.9375,5.9720
2020-01-23 13:00:00+00:00,44.5608,53.6648,48.9507,122.8186,5.3731
2020-01-23 14:00:00+00:00,14.0390,23.5371,15.6565,36.8090,3.4474
2020-01-23 15:00:00+00:00,5.2497,10.1334,5.5734,12.1586,3.1784
2020-01-23 16:00:00+00:00,8.0246,7.8145,6.7560,19.3809,0.0000
2020-01-23 17:00:00+00:00,6.6241,3.8814,4.4805,11.7271,0.0000
2020-01-23 18:00:00+00:00,3.7490,1.8505,2.5640,5.3451,0.0000
2020-01-23 19:00:00+00:00,4.8166,2.5441,3.6392,10.2375,0.0000
2020-01-23 20:00:00+00:00,4.9223,3.5637,4.1963,14.7887,0.0000
2020-01-23 21:00:00+00:00,10.8416,8.0202,8.7379,31.5691,0.0000
2020-01-23 22:00:00+00:00,5.0626,3.7343,3.2147,16.8279,0.0000
2020-01-23 23:00:00+00:00,4.6834,2.6249,1.6244,11.7216,0.0000
2020-01-24 00:00:00+00:00,4.1419,0.9579,1.2496,7.4203,0.0000
2020-01-24 01:00:00+00:00,5.0391,1.7459,2.6452,8.6335,0.0000
2020-01-24 02:00:00+00:00,0.0000,0.0000,0.0000,0.0000,0.0000
2020-01-24 03:00:00+00:00,0.0000,0.0000,0.0000,0.0000,0.0000
2020-01-24 04:00:00+00:00,0.0000,0.0000,0.0000,0.0000,0.0000
2020-01-24 05:00:00+00:00,0.0000,0.0000,0.0000,0.0000,0.0000
2020-01-24 06:00:00+00:00,2.2082,4.7361,4.1200,2.7640,10.3024
2020-01-24 07:00:00+00:00,1.4436,3.6594,2.3366,0.9072,17.7176
2020-01-24 08:00:00+00:00,3.7319,6.2423,6.4857,4.5178,21.3512
2020-01-24 09:00:00+00:00,6.9342,8.7313,8.7606,11.6055,19.9743
2020-01-24 10:00:00+00:00,15.6240,23.3749,23.8504,24.4644,25.4401
2020-01-24 11:00:00+00:00,25.7841,39.4974,42.3745,43.7630,19.5446
2020-01-24 12:00:00+00:00,40.3026,60.0090,69.4519,71.4834,21.3429
2020-01-24 13:00:00+00:00,43.8924,68.1542,79.7134,70.9187,30.7258
2020-01-24 14:00:00+00:00,31.3197,44.8102,55.5625,47.4810,42.9106
2020-01-24 15:00:00+00:00,29.9297,46.3375,54.3150,50.1941,32.8465
2020-01-24 16:00:00+00:00,24.4364,44.5414,45.4477,42.0872,29.4112
2020-01-24 17:00:00+00:00,16.2281,33.4611,28.7411,34.2284,32.1977
2020-01-24 18:00:00+00:00,11.0735,22.1982,17.4385,23.7904,29.5608
2020-01-24 19:00:00+00:00,9.9114,18.6463,15.6075,24.8568,38.1098
2020-01-24 20:00:00+00:00,13.3131,18.7709,19.7565,35.4341,45.5336
2020-01-24 21:00:00+00:00,22.6459,50.6849,43.5253,47.3687,50.8727
2020-01-24 22:00:00+00:00,19.2451,70.8801,44.3597,44.0439,47.4085
2020-01-24 23:00:00+00:00,19.6180,55.1648,40.3586,17.8328,50.1521
2020-01-25 00:00:00+00:00,26.4267,39.0495,55.9335,7.9116,53.2162
2020-01-25 01:00:00+00:00,72.0291,55.1393,101.5568,14.9875,68.2099
2020-01-25 02:00:00+00:00,70.5251,51.2661,99.0933,15.2901,77.4271
2020-01-25 03:00:00+00:00,78.0750,82.1249,100.9539,84.0451,71.6964
2020-01-25 04:00:00+00:00,77.6540,83.1190,95.3975,107.0250,76.3950
2020-01-25 05:00:00+00:00,78.6694,94.5008,100.9266,195.7870,77.0916
2020-01-25 06:00:00+00:00,77.0261,86.1143,86.6697,192.7055,78.0693
2020-01-25 07:00:00+00:00,59.3405,71.7294,84.2929,122.5117,79.9000
2020-01-25 08:00:00+00:00,45.6429,61.3675,71.6218,124.9174,79.9000
2020-01-25 09:00:00+00:00,52.4047,71.1825,83.0582,125.1949,79.9000
2020-01-25 10:00:00+00:00,59.7103,79.7632,87.8705,173.2965,79.9000
2020-01-25 11:00:00+00:00,76.1781,85.8325,85.4111,205.5362,79.9000
2020-01-25 12:00:00+00:00,76.6471,86.7527,101.8315,201.4875,79.9000
2020-01-25 13:00:00+00:00,77.7865,95.7794,97.5443,206.6391,79.9000
2020-01-25 14:00:00+00:00,79.1766,97.0574,101.5682,74.4844,77.6143
2020-01-25 15:00:00+00:00,81.0000,96.4950,106.5000,86.0381,77.7248
2020-01-25 16:00:00+00:00,81.0000,97.3979,106.5000,155.8271,79.9000
2020-01-25 17:00:00+00:00,81.0000,48.7819,106.5000,210.6822,46.4315
2020-01-25 18:00:00+00:00,81.0000,49.8956,106.5000,215.2000,24.2366
2020-01-25 19:00:00+00:00,81.0000,49.8821,106.5000,204.1592,20.1222
2020-01-25 20:00:00+00:00,69.0648,33.9533,91.4996,29.3195,0.0000
2020-01-25 21:00:00+00:00,19.8077,32.9101,30.7978,57.3721,0.0000
2020-01-25 22:00:00+00:00,52.6440,97.4757,94.7713,121.6396,0.0000
2020-01-25 23:00:00+00:00,78.2721,95.8520,102.7492,136.9701,0.0000
2020-01-26 00:00:00+00:00,78.5205,97.4925,105.8733,143.1186,20.8677
2020-01-26 01:00:00+00:00,80.5418,96.3518,106.5000,162.1420,17.6370
2020-01-26 02:00:00+00:00,19.3446,16.6801,2.8896,30.5124,6.3303
2020-01-26 03:00:00+00:00,0.0000,0.0000,0.0000,0.0000,7.1157
2020-01-26 04:00:00+00:00,0.0000,0.8350,0.0000,0.0000,17.2363
2020-01-26 05:00:00+00:00,1.7337,3.4106,3.6634,3.1360,33.8743
2020-01-26 06:00:00+00:00,1.1560,5.5342,2.6343,4.4044,53.9761
2020-01-26 07:00:00+00:00,4.6387,4.5238,6.1565,0.0000,59.1843
2020-01-26 08:00:00+00:00,18.2433,15.1859,23.1763,17.5260,58.8410
2020-01-26 09:00:00+00:00,15.9446,14.8870,15.8210,31.4085,60.5367
2020-01-26 10:00:00+00:00,31.8356,28.6527,31.8421,72.1040,50.1389
2020-01-26 11:00:00+00:00,36.2524,36.7639,34.2117,90.0067,27.7897
2020-01-26 12:00:00+00:00,52.6325,51.6709,48.0338,137.8459,31.6854
2020-01-26 13:00:00+00:00,59.9033,65.3531,58.7921,171.8383,61.0990
2020-01-26 14:00:00+00:00,59.7314,63.6983,60.4824,173.7928,54.5789
2020-01-26 15:00:00+00:00,75.1088,86.8312,78.1496,205.5685,43.1538
2020-01-26 16:00:00+00:00,71.3748,83.2895,77.6226,189.9132,54.7087
2020-01-26 17:00:00+00:00,68.7269,80.2411,75.8263,181.6170,42.0897
2020-01-26 18:00:00+00:00,65.8724,79.8122,67.5688,193.8495,47.5228
2020-01-26 19:00:00+00:00,51.0481,60.4064,52.3262,155.7920,76.4040
2020-01-26 20:00:00+00:00,54.2514,51.7856,52.8790,148.2476,79.9000
2020-01-26 21:00:00+00:00,48.2967,49.1546,50.8336,130.9676,78.3107
2020-01-26 22:00:00+00:00,44.4893,53.4679,51.5827,114.7086,70.8862
2020-01-26 23:00:00+00:00,54.4930,63.9033,63.7950,141.0193,77.2081
2020-01-27 00:00:00+00:00,76.7227,78.1673,91.7346,196.0418,34.1016
2020-01-27 01:00:00+00:00,79.6505,97.1113,103.4008,210.9996,29.6021
2020-01-27 02:00:00+00:00,78.6974,96.6994,102.4074,208.7492,51.9519
2020-01-27 03:00:00+00:00,74.7536,76.8378,86.0712,194.5037,49.1454
2020-01-27 04:00:00+00:00,60.2078,67.8905,67.8291,154.9506,50.4780
2020-01-27 05:00:00+00:00,60.7001,71.1779,67.8686,161.6313,47.6414
2020-01-27 06:00:00+00:00,56.4868,61.1863,64.0719,146.2043,37.1829
2020-01-27 07:00:00+00:00,34.6871,37.8929,37.5882,91.2746,35.0023
2020-01-27 08:00:00+00:00,30.4418,31.4993,32.2887,81.2186,19.3015
2020-01-27 09:00:00+00:00,27.0990,28.2681,28.5438,72.1263,6.9119
2020-01-27 10:00:00+00:00,23.7583,23.9464,24.7436,63.8107,11.6580
2020-01-27 11:00:00+00:00,18.9374,19.5394,20.5403,49.0929,5.4433
2020-01-27 12:00:00+00:00,14.7794,15.3560,15.7391,44.0236,3.9375
2020-01-27 13:00:00+00:00,14.0202,12.9384,15.2852,37.1002,10.0666
2020-01-27 14:00:00+00:00,13.2312,14.6222,13.9409,37.7149,12.5772
2020-01-27 15:00:00+00:00,18.1707,19.7574,19.4297,48.8935,12.7536
2020-01-27 16:00:00+00:00,23.5636,22.0230,27.2648,60.1591,13.5938
2020-01-27 17:00:00+00:00,17.9446,15.3549,19.2709,46.7374,18.2215
2020-01-27 18:00:00+00:00,13.2526,13.1194,14.5209,35.0623,13.7826
2020-01-27 19:00:00+00:00,18.1495,18.8241,19.4052,48.3878,18.5596
2020-01-27 20:00:00+00:00,30.4901,31.7818,33.0732,79.9972,27.8852
2020-01-27 21:00:00+00:00,40.0761,37.0251,41.2957,112.4800,21.1993
2020-01-27 22:00:00+00:00,49.8878,42.4458,54.9164,134.0104,23.2090
2020-01-27 23:00:00+00:00,47.9271,41.7955,52.4210,132.0159,18.9971
2020-01-28 00:00:00+00:00,37.3186,32.4612,40.0092,101.7385,15.3925
2020-01-28 01:00:00+00:00,30.7614,25.2509,33.9933,80.1794,11.4210
2020-01-28 02:00:00+00:00,18.7895,14.8487,20.4755,47.7797,15.0384
2020-01-28 03:00:00+00:00,19.9570,16.9878,22.0320,58.3561,19.3217
2020-01-28 04:00:00+00:00,15.0048,11.7938,14.7589,42.3615,15.4819
2020-01-28 05:00:00+00:00,12.7863,10.2080,13.1897,32.7809,17.9961
2020-01-28 06:00:00+00:00,14.8946,13.1031,17.4480,30.8434,18.3186
2020-01-28 07:00:00+00:00,16.8430,17.2662,19.5510,41.8479,19.8244
2020-01-28 08:00:00+00:00,17.0817,15.2969,18.1630,42.1962,20.5960
2020-01-28 09:00:00+00:00,14.3530,12.3372,15.1671,35.1888,18.3099
2020-01-28 10:00:00+00:00,14.8342,12.5620,17.3145,33.8537,19.1893
2020-01-28 11:00:00+00:00,14.2288,12.7430,16.0099,32.2014,26.1155
2020-01-28 12:00:00+00:00,15.4044,11.6358,16.9503,35.7123,16.3535
2020-01-28 13:00:00+00:00,19.9965,15.6962,21.9048,47.5079,23.3940
2020-01-28 14:00:00+00:00,19.8198,17.3020,21.8086,50.9801,12.7381
2020-01-28 15:00:00+00:00,16.9124,15.9887,19.1280,44.3849,12.4483
2020-01-28 16:00:00+00:00,19.2703,18.0378,21.9538,49.6268,11.7052
2020-01-28 17:00:00+00:00,26.8155,26.8331,30.4238,68.9530,11.7459
2020-01-28 18:00:00+00:00,21.7464,20.6026,23.7058,56.9002,15.5800
2020-01-28 19:00:00+00:00,19.2469,18.5955,21.2963,51.6851,20.2380
2020-01-28 20:00:00+00:00,19.1652,19.4664,21.9753,51.7763,20.5970
2020-01-28 21:00:00+00:00,24.6018,25.0540,27.7132,68.4552,23.2299
2020-01-28 22:00:00+00:00,24.6823,26.4841,27.8883,67.7376,14.4407
2020-01-28 23:00:00+00:00,22.0559,21.6196,23.9438,62.8022,7.3812
2020-01-29 00:00:00+00:00,23.3862,19.1511,23.7591,65.3377,8.2375
2020-01-29 01:00:00+00:00,25.2903,21.8063,25.9333,70.1236,6.6749
2020-01-29 02:00:00+00:00,23.3781,22.2380,24.8009,71.3590,8.7294
2020-01-29 03:00:00+00:00,25.4699,25.0016,27.8968,78.4015,7.3251
2020-01-29 04:00:00+00:00,22.5621,24.0139,24.6339,74.1304,10.4952
2020-01-29 05:00:00+00:00,21.1571,22.4236,22.9162,78.1132,9.0143
2020-01-29 06:00:00+00:00,19.5562,18.7519,19.7680,68.9741,13.9449
2020-01-29 07:00:00+00:00,17.9551,10.3914,17.4379,48.1152,20.3473
2020-01-29 08:00:00+00:00,14.0752,11.0874,12.3604,42.0292,16.6769
2020-01-29 09:00:00+00:00,15.1389,12.5332,13.5723,44.6104,15.1975
2020-01-29 10:00:00+00:00,19.7522,17.3246,17.6505,61.9609,10.7901
2020-01-29 11:00:00+00:00,18.0662,16.4979,16.9020,51.6066,9.6250
2020-01-29 12:00:00+00:00,15.3800,13.7869,15.4816,50.8037,6.8140
2020-01-29 13:00:00+00:00,8.3129,7.9519,8.7681,34.2332,8.5883
2020-01-29 14:00:00+00:00,5.3063,4.2326,5.5170,15.5899,6.0556
2020-01-29 15:00:00+00:00,1.6293,1.0542,1.4876,5.7960,4.0486
2020-01-29 16:00:00+00:00,1.4007,0.0000,1.6131,3.9416,3.3319
2020-01-29 17:00:00+00:00,2.7082,2.0414,3.2244,7.3186,6.1502
2020-01-29 18:00:00+00:00,5.0850,3.8352,5.7886,13.7939,5.4977
2020-01-29 19:00:00+00:00,4.2626,3.4262,4.3750,12.1115,6.3080
2020-01-29 20:00:00+00:00,3.0406,2.3130,3.0955,9.2316,5.2762
2020-01-29 21:00:00+00:00,2.1022,1.5806,2.1027,6.6262,4.3456
2020-01-29 22:00:00+00:00,1.8811,0.7991,1.4108,8.3115,4.5751
2020-01-29 23:00:00+00:00,1.8102,0.7846,1.0157,7.9777,4.2315
2020-01-30 00:00:00+00:00,1.4425,0.0000,0.0000,7.8759,5.2190
2020-01-30 01:00:00+00:00,0.0000,0.0000,0.0000,4.4448,4.7512
2020-01-30 02:00:00+00:00,0.0000,0.0000,0.0000,3.9719,3.4752
2020-01-30 03:00:00+00:00,0.0000,0.0000,0.0000,0.0000,0.0000
2020-01-30 04:00:00+00:00,0.0000,0.0000,0.0000,0.0000,0.0000
2020-01-30 05:00:00+00:00,0.6361,0.0000,0.0000,0.0000,0.0000
2020-01-30 06:00:00+00:00,0.5744,0.0000,0.0000,0.0000,0.0000
2020-01-30 07:00:00+00:00,0.0000,0.0000,0.0000,0.0000,0.0000
2020-01-30 08:00:00+00:00,2.4306,1.1104,3.6288,0.0000,0.0000
2020-01-30 09:00:00+00:00,2.9229,1.6437,4.8666,1.0598,0.0000
2020-01-30 10:00:00+00:00,0.0000,0.0000,0.0000,0.0000,0.0000
2020-01-30 11:00:00+00:00,1.0903,0.0000,2.2490,0.0000,0.0000
2020-01-30 12:00:00+00:00,2.5924,3.9626,4.8274,0.0000,0.0000
2020-01-30 13:00:00+00:00,3.4732,7.5920,6.6736,3.2563,4.7397
2020-01-30 14:00:00+00:00,1.7788,4.5395,3.3847,0.1021,9.7635
2020-01-30 15:00:00+00:00,4.9221,7.0532,7.1423,6.4095,5.1879
2020-01-30 16:00:00+00:00,4.1608,4.4854,5.8299,4.6142,0.0000
2020-01-30 17:00:00+00:00,0.1568,0.0000,0.0000,0.0000,0.0000
2020-01-30 18:00:00+00:00,0.0000,0.0000,0.0000,0.0000,0.0000
2020-01-30 19:00:00+00:00,0.0000,0.0000,0.0000,0.0000,0.0000
2020-01-30 20:00:00+00:00,0.0000,0.0000,0.0000,0.0000,0.0000
2020-01-30 21:00:00+00:00,0.0000,0.0000,0.0000,1.1048,0.0000
2020-01-30 22:00:00+00:00,1.1400,2.9151,0.2226,5.6443,0.0000
2020-01-30 23:00:00+00:00,0.8939,5.3507,0.9132,0.0000,0.0000
2020-01-31 00:00:00+00:00,2.2077,1.6684,2.9143,0.0000,0.0000
2020-01-31 01:00:00+00:00,2.4865,0.0000,2.7271,0.6023,3.7965
2020-01-31 02:00:00+00:00,3.7768,0.0000,2.5911,7.2350,5.8105
2020-01-31 03:00:00+00:00,4.3699,0.0000,2.4934,8.4305,12.8148
2020-01-31 04:00:00+00:00,4.4702,0.0000,2.8350,7.2255,10.7651
2020-01-31 05:00:00+00:00,5.0718,0.0000,3.4140,7.0405,8.7290
2020-01-31 06:00:00+00:00,8.1306,1.5233,7.0673,11.7133,12.0247
2020-01-31 07:00:00+00:00,12.6397,4.2053,12.6362,19.2906,19.5278
2020-01-31 08:00:00+00:00,18.7628,11.5046,20.3306,32.7689,17.3506
2020-01-31 09:00:00+00:00,21.9714,18.0644,23.4616,43.8636,13.3621
2020-01-31 10:00:00+00:00,23.6681,25.8406,28.2089,47.5190,7.4833
2020-01-31 11:00:00+00:00,18.8188,22.0656,21.2856,41.8210,3.6279
2020-01-31 12:00:00+00:00,12.1164,13.9475,13.8412,27.8015,2.4112
2020-01-31 13:00:00+00:00,7.6917,9.8368,9.1529,19.1071,3.3145
2020-01-31 14:00:00+00:00,4.9152,6.3519,6.0195,13.4063,0.0000
2020-01-31 15:00:00+00:00,1.7151,1.4796,1.5398,4.4102,0.0000
2020-01-31 16:00:00+00:00,0.6474,0.0000,0.0000,0.0000,0.0000
2020-01-31 17:00:00+00:00,0.0000,0.0000,0.0000,0.0000,0.0000
2020-01-31 18:00:00+00:00,0.0000,0.0000,0.0000,0.0000,0.0000
2020-01-31 19:00:00+00:00,0.0000,0.0000,0.0000,0.0000,1.3661
2020-01-31 20:00:00+00:00,0.0000,0.0000,0.0000,0.0000,0.0000
2020-01-31 21:00:00+00:00,0.0000,0.0000,0.0000,0.0000,0.0000
2020-01-31 22:00:00+00:00,1.9715,1.7453,2.4138,4.4604,0.0000
2020-01-31 23:00:00+00:00,2.1149,5.4645,3.8297,3.0616,0.0000
2020-02-01 00:00:00+00:00,2.2111,2.5686,2.6230,0.0000,2.3136
2020-02-01 01:00:00+00:00,3.3725,2.8671,5.3323,0.0000,0.0000
2020-02-01 02:00:00+00:00,0.0000,0.0000,0.0000,0.0000,0.0000
2020-02-01 03:00:00+00:00,0.0000,0.0000,0.0000,0.0000,0.0000
2020-02-01 04:00:00+00:00,0.0000,0.0000,0.0000,0.0000,0.0000
2020-02-01 05:00:00+00:00,0.0000,0.0000,0.0000,0.0000,0.0000
2020-02-01 06:00:00+00:00,0.0000,0.0000,0.0000,0.0000,0.0000
2020-02-01 07:00:00+00:00,0.0000,0.0000,0.0000,0.0000,0.0000
2020-02-01 08:00:00+00:00,0.0000,0.0000,0.0000,0.0000,0.0000
2020-02-01 09:00:00+00:00,0.0000,0.0000,0.0000,0.0000,0.0000
2020-02-01 10:00:00+00:00,1.7554,0.0000,0.0000,5.7971,0.0000
2020-02-01 11:00:00+00:00,1.3988,0.0996,0.1434,5.3273,0.0000
2020-02-01 12:00:00+00:00,1.8257,0.4589,0.2936,7.1369,0.0000
2020-02-01 13:00:00+00:00,3.1332,1.4603,1.8054,10.0064,0.0000
2020-02-01 14:00:00+00:00,1.6819,0.0000,0.0000,5.6190,0.0000
2020-02-01 15:00:00+00:00,1.0419,0.0000,0.0000,0.8625,0.0000
2020-02-01 16:00:00+00:00,0.0000,0.0000,0.0000,0.0000,0.0000
2020-02-01 17:00:00+00:00,0.0000,0.0000,0.0000,0.0000,0.0000
2020-02-01 18:00:00+00:00,0.0000,0.0000,0.0000,0.0000,0.0000
2020-02-01 19:00:00+00:00,0.0000,0.0000,0.0000,0.0000,0.0000
2020-02-01 20:00:00+00:00,0.0000,0.0000,0.0000,0.0000,0.0000
2020-02-01 21:00:00+00:00,0.0000,0.0000,0.0000,0.0000,0.0000
2020-02-01 22:00:00+00:00,0.0000,0.0000,0.0000,0.0000,0.0000
2020-02-01 23:00:00+00:00,0.0000,0.0000,0.0000,0.0000,0.0000
2020-02-02 00:00:00+00:00,0.0000,0.0000,0.0000,0.0000,0.0000
2020-02-02 01:00:00+00:00,0.0000,0.0000,0.0000,0.0000,0.0000
2020-02-02 02:00:00+00:00,0.0000,0.0000,0.0000,0.0000,0.0000
2020-02-02 03:00:00+00:00,0.0000,0.0000,0.0000,0.0000,0.0000
2020-02-02 04:00:00+00:00,0.0000,0.0000,0.0000,0.0000,0.0000
2020-02-02 05:00:00+00:00,0.0000,0.0000,0.0000,0.0000,0.0000
2020-02-02 06:00:00+00:00,0.0000,0.0000,0.0000,0.0000,0.0000
2020-02-02 07:00:00+00:00,0.0000,0.0000,0.0000,0.0000,0.0000
2020-02-02 08:00:00+00:00,0.0000,0.0000,0.0000,0.0000,0.0000
2020-02-02 09:00:00+00:00,0.0000,0.0000,0.0000,0.0000,3.9570
2020-02-02 10:00:00+00:00,0.0000,0.0000,0.0000,0.0000,16.9936
2020-02-02 11:00:00+00:00,0.0000,0.0000,0.0000,0.0000,7.2022
2020-02-02 12:00:00+00:00,0.0000,0.0000,0.0000,0.0000,2.9118
2020-02-02 13:00:00+00:00,0.0000,0.0000,0.0000,0.0000,2.4215
2020-02-02 14:00:00+00:00,0.0000,0.0000,0.0000,0.0000,0.0000
2020-02-02 15:00:00+00:00,0.0000,0.0000,0.0000,0.0000,4.6082
2020-02-02 16:00:00+00:00,0.0000,0.0000,0.0000,0.0000,4.9199
2020-02-02 17:00:00+00:00,0.0000,0.0000,0.0000,0.0000,9.2651
2020-02-02 18:00:00+00:00,0.0000,0.0000,0.0000,0.0000,8.8575
2020-02-02 19:00:00+00:00,0.0000,0.0000,0.0000,0.0000,5.0396
2020-02-02 20:00:00+00:00,0.0000,0.0000,0.0000,0.0000,4.1306
2020-02-02 21:00:00+00:00,0.0000,0.0000,0.0000,0.0000,0.0000
2020-02-02 22:00:00+00:00,0.0000,0.0000,0.0000,0.0000,0.0000
2020-02-02 23:00:00+00:00,0.0000,0.0000,0.0000,0.0000,0.0000
2020-02-03 00:00:00+00:00,2.5816,1.0656,2.5690,3.1252,0.0000
2020-02-03 01:00:00+00:00,1.5173,0.1721,0.9043,0.0000,0.0000
2020-02-03 02:00:00+00:00,3.1622,1.5740,2.4431,5.6064,0.0000
2020-02-03 03:00:00+00:00,3.7743,2.2387,3.2759,5.5003,0.0000
2020-02-03 04:00:00+00:00,3.7661,1.4771,3.1121,6.9086,0.0000
2020-02-03 05:00:00+00:00,3.7049,1.0803,3.0887,9.5690,0.0000
2020-02-03 06:00:00+00:00,5.1229,3.7821,4.5297,16.5252,1.1289
2020-02-03 07:00:00+00:00,4.7823,4.1687,4.6280,16.1438,0.0000
2020-02-03 08:00:00+00:00,5.9548,6.6276,5.9939,21.2366,0.0000
2020-02-03 09:00:00+00:00,4.8343,4.2751,4.6757,14.8786,28.8221
2020-02-03 10:00:00+00:00,9.8636,8.9958,9.4584,26.2167,20.2557
2020-02-03 11:00:00+00:00,12.7420,11.8690,12.7513,29.2280,38.3987
2020-02-03 12:00:00+00:00,17.9821,19.4951,20.7162,41.0054,20.8716
2020-02-03 13:00:00+00:00,28.5419,31.4830,31.1173,71.2079,57.2160
2020-02-03 14:00:00+00:00,35.9299,31.4066,38.2780,84.9695,68.1640
2020-02-03 15:00:00+00:00,76.5744,60.3022,85.5416,188.4373,75.8666
2020-02-03 16:00:00+00:00,79.0632,95.7603,101.9421,211.2946,77.9517
2020-02-03 17:00:00+00:00,77.9373,95.1681,97.8845,209.2385,77.1268
2020-02-03 18:00:00+00:00,77.9141,95.5255,98.1363,208.6633,78.3392
2020-02-03 19:00:00+00:00,72.3762,74.9466,80.2813,200.0103,77.6096
2020-02-03 20:00:00+00:00,78.4394,94.7417,101.1996,209.5475,75.4627
2020-02-03 21:00:00+00:00,80.3555,97.6619,103.6305,215.0423,37.6517
2020-02-03 22:00:00+00:00,80.9878,98.6115,104.0813,215.2000,22.3948
2020-02-03 23:00:00+00:00,77.2017,82.3840,87.7868,206.0079,12.5077
2020-02-04 00:00:00+00:00,61.3718,56.2393,68.5254,149.4830,11.5946
2020-02-04 01:00:00+00:00,25.0653,25.4763,29.8458,56.2959,13.8671
2020-02-04 02:00:00+00:00,6.0234,5.7728,6.2804,15.3372,11.2127
2020-02-04 03:00:00+00:00,0.0000,0.0000,0.0000,0.0000,0.0000
2020-02-04 04:00:00+00:00,0.0000,0.0000,0.0000,0.0000,0.0000
2020-02-04 05:00:00+00:00,0.0000,0.0000,0.0000,0.0000,2.6483
2020-02-04 06:00:00+00:00,0.0000,0.0000,0.0000,0.0000,6.7340
2020-02-04 07:00:00+00:00,0.0000,0.0000,0.0000,0.0000,10.7905
2020-02-04 08:00:00+00:00,0.0000,0.0000,0.0000,0.0000,13.3083
2020-02-04 09:00:00+00:00,0.0000,0.0000,0.0000,0.0000,8.2825
2020-02-04 10:00:00+00:00,0.0000,0.0000,0.0000,0.0000,7.2650
2020-02-04 11:00:00+00:00,2.7476,3.6818,4.3980,3.8904,13.6140
2020-02-04 12:00:00+00:00,4.7596,7.0289,6.6109,6.9736,15.8138
2020-02-04 13:00:00+00:00,1.7414,1.8289,2.6539,0.0000,0.0000
2020-02-04 14:00:00+00:00,2.2923,4.5937,4.1819,0.0000,0.0000
2020-02-04 15:00:00+00:00,0.0000,1.6907,0.0000,0.0000,0.4493
2020-02-04 16:00:00+00:00,0.0000,0.0000,0.0000,0.0000,3.5566
2020-02-04 17:00:00+00:00,0.0000,0.0000,0.0000,0.0000,8.3080
2020-02-04 18:00:00+00:00,4.3785,0.0518,4.6028,0.5540,9.5316
2020-02-04 19:00:00+00:00,6.5930,2.5119,5.9881,13.2265,20.2307
2020-02-04 20:00:00+00:00,13.4713,9.6261,13.2014,35.5765,17.7604
2020-02-04 21:00:00+00:00,24.1417,19.9060,24.5552,64.2395,25.8219
2020-02-04 22:00:00+00:00,31.7316,32.0444,34.6504,82.1271,35.4384
2020-02-04 23:00:00+00:00,42.0386,45.6324,46.0001,102.7553,48.3807
2020-02-05 00:00:00+00:00,42.1017,46.8154,45.6115,100.7585,55.9622
2020-02-05 01:00:00+00:00,47.9416,48.6288,53.2814,122.9763,65.9977
2020-02-05 02:00:00+00:00,34.7625,34.1842,40.9499,89.1259,72.4819
2020-02-05 03:00:00+00:00,28.1989,28.9522,32.0620,73.4642,57.6547
2020-02-05 04:00:00+00:00,24.2996,22.1192,28.0697,60.7361,56.3852
2020-02-05 05:00:00+00:00,20.1095,18.3250,23.0577,51.3509,57.8956
2020-02-05 06:00:00+00:00,18.9148,20.3277,22.1869,51.0362,38.7639
2020-02-05 07:00:00+00:00,33.3337,40.9146,41.9123,92.9837,29.2259
2020-02-05 08:00:00+00:00,37.6882,42.7156,44.9365,104.7842,39.2841
2020-02-05 09:00:00+00:00,33.0859,38.7184,39.3671,82.7926,53.9710
2020-02-05 10:00:00+00:00,23.8956,27.9052,29.5419,63.7386,46.7833
2020-02-05 11:00:00+00:00,31.2453,41.9009,40.5679,83.0380,30.8116
2020-02-05 12:00:00+00:00,39.1219,51.2776,51.2510,112.9537,25.3206
2020-02-05 13:00:00+00:00,12.5958,14.1837,14.5387,38.1770,25.6155
2020-02-05 14:00:00+00:00,11.9822,12.1351,13.9976,36.0073,17.7070
2020-02-05 15:00:00+00:00,10.7270,12.3483,12.3102,31.0540,12.4867
2020-02-05 16:00:00+00:00,8.5610,9.6441,9.7325,24.8978,4.2144
2020-02-05 17:00:00+00:00,11.0185,12.1842,12.4137,31.2462,1.7477
2020-02-05 18:00:00+00:00,7.8998,8.2219,8.5688,21.3804,0.0000
2020-02-05 19:00:00+00:00,5.6743,5.3004,5.5623,16.5418,0.0000
2020-02-05 20:00:00+00:00,3.1280,3.0538,2.8914,9.6585,0.0000
2020-02-05 21:00:00+00:00,1.8640,1.0743,1.2895,5.9459,0.0000
2020-02-05 22:00:00+00:00,0.9890,0.0000,0.0000,4.0419,0.0000
2020-02-05 23:00:00+00:00,0.0000,0.0000,0.0000,0.0000,0.0000
2020-02-06 00:00:00+00:00,0.0000,0.0000,0.0000,0.0000,0.0000
2020-02-06 01:00:00+00:00,0.0000,0.0000,0.0000,0.0000,0.0000
2020-02-06 02:00:00+00:00,2.9192,0.0000,2.3917,0.0000,0.0000
2020-02-06 03:00:00+00:00,3.6814,0.0000,2.7765,0.0000,0.0000
2020-02-06 04:00:00+00:00,10.6873,5.2021,10.3830,11.5509,0.0000
2020-02-06 05:00:00+00:00,12.5823,5.7225,9.1154,13.7539,2.1790
2020-02-06 06:00:00+00:00,19.0164,5.5260,11.6273,20.2884,16.3605
2020-02-06 07:00:00+00:00,9.4233,3.2089,5.8135,15.9567,2.4249
2020-02-06 08:00:00+00:00,6.2223,1.7569,3.6814,8.4502,0.0000
2020-02-06 09:00:00+00:00,6.8187,2.5733,7.4278,2.2530,0.0000
2020-02-06 10:00:00+00:00,6.7953,0.9232,7.9485,0.0000,0.0000
2020-02-06 11:00:00+00:00,3.0991,5.6476,5.7431,0.0000,0.0000
2020-02-06 12:00:00+00:00,5.8571,17.5130,11.4658,13.6158,4.0837
2020-02-06 13:00:00+00:00,5.5611,24.8645,11.4243,19.2786,2.7033
2020-02-06 14:00:00+00:00,8.9270,21.7705,14.0865,29.5059,0.0000
2020-02-06 15:00:00+00:00,12.6054,17.5650,16.5416,35.2588,0.0000
2020-02-06 16:00:00+00:00,14.1540,16.3248,21.3981,26.1974,0.0000
2020-02-06 17:00:00+00:00,7.6169,9.0091,13.7427,11.7630,0.0000
2020-02-06 18:00:00+00:00,7.5643,8.6420,14.3934,11.2590,3.2346
2020-02-06 19:00:00+00:00,8.9601,9.5418,17.0717,13.6270,6.5488
2020-02-06 20:00:00+00:00,10.2404,9.9547,20.7344,12.3438,2.8789
2020-02-06 21:00:00+00:00,9.9590,9.6633,20.9932,8.5943,0.0000
2020-02-06 22:00:00+00:00,6.1872,5.8868,13.8920,4.9072,1.9998
2020-02-06 23:00:00+00:00,8.1903,7.5673,18.2345,8.9212,0.0000
2020-02-07 00:00:00+00:00,22.3665,22.3172,42.8655,30.2032,3.8146
2020-02-07 01:00:00+00:00,6.7783,6.1642,14.1681,6.7858,2.5120
2020-02-07 02:00:00+00:00,2.5228,1.9756,6.2078,0.0000,3.4084
2020-02-07 03:00:00+00:00,8.6860,7.0054,18.7883,5.7588,1.7801
2020-02-07 04:00:00+00:00,11.0549,9.3837,22.5971,9.8178,0.0000
2020-02-07 05:00:00+00:00,22.1425,20.7430,42.4009,25.5648,0.0000
2020-02-07 06:00:00+00:00,13.6793,9.3880,22.0998,17.7365,18.6304
2020-02-07 07:00:00+00:00,6.8391,6.6711,11.2648,7.5214,6.6629
2020-02-07 08:00:00+00:00,7.8477,9.6995,14.8209,9.8292,0.0000
2020-02-07 09:00:00+00:00,15.8342,14.9419,30.8850,17.0011,6.3229
2020-02-07 10:00:00+00:00,10.7914,8.7532,20.4683,9.3010,11.1391
2020-02-07 11:00:00+00:00,10.4551,10.3676,19.9725,12.5732,18.6035
2020-02-07 12:00:00+00:00,9.1660,13.4582,17.3216,16.8380,0.2468
2020-02-07 13:00:00+00:00,8.7814,13.5699,17.0821,14.0308,12.1240
2020-02-07 14:00:00+00:00,8.2842,9.2539,18.1268,9.3143,29.2704
2020-02-07 15:00:00+00:00,7.1864,12.4982,12.8127,13.0633,56.8859
2020-02-07 16:00:00+00:00,3.9992,8.2033,7.6296,8.3948,76.4983
2020-02-07 17:00:00+00:00,4.4580,8.6549,7.5479,11.6009,78.7035
2020-02-07 18:00:00+00:00,19.5324,19.4840,23.7230,57.4173,77.5883
2020-02-07 19:00:00+00:00,48.9034,52.2298,62.7066,133.3353,79.9000
2020-02-07 20:00:00+00:00,50.4327,51.6734,63.9601,131.3819,79.9000
2020-02-07 21:00:00+00:00,53.9336,49.2375,65.0682,139.5674,79.4528
2020-02-07 22:00:00+00:00,67.0319,63.4241,79.6711,173.7080,78.0878
2020-02-07 23:00:00+00:00,68.2879,64.4977,80.6117,193.9278,65.5548
2020-02-08 00:00:00+00:00,78.4204,86.4191,101.8153,208.6741,75.5870
2020-02-08 01:00:00+00:00,80.6058,96.9090,104.1651,215.2000,77.2867
2020-02-08 02:00:00+00:00,78.2641,92.1403,99.7457,211.4837,75.6119
2020-02-08 03:00:00+00:00,78.0394,86.2996,100.7866,208.7043,68.5342
2020-02-08 04:00:00+00:00,79.0272,86.2051,100.7484,212.0850,60.2497
2020-02-08 05:00:00+00:00,80.2227,95.9308,102.3009,215.2000,63.7602
2020-02-08 06:00:00+00:00,79.9068,95.6629,101.4332,214.3235,47.7857
2020-02-08 07:00:00+00:00,81.0000,97.8498,103.4224,215.2000,40.2299
2020-02-08 08:00:00+00:00,81.0000,100.1276,105.4067,215.2000,30.6546
2020-02-08 09:00:00+00:00,81.0000,99.3818,104.5676,215.2000,30.4596
2020-02-08 10:00:00+00:00,80.3094,96.0729,101.2595,215.2000,22.2043
2020-02-08 11:00:00+00:00,78.5423,91.0624,90.2365,212.9868,21.8942
2020-02-08 12:00:00+00:00,76.9532,77.6282,76.9465,207.9649,27.4592
2020-02-08 13:00:00+00:00,77.1962,79.8508,80.7763,208.7525,25.8919
2020-02-08 14:00:00+00:00,72.1516,67.2499,68.0010,205.7177,14.4612
2020-02-08 15:00:00+00:00,71.1810,67.4144,68.5486,204.6069,3.7346
2020-02-08 16:00:00+00:00,76.7344,78.7129,76.0992,207.6694,3.4478
2020-02-08 17:00:00+00:00,72.5467,74.1049,69.2621,206.5321,4.7593
2020-02-08 18:00:00+00:00,59.0713,59.7618,56.0868,189.6317,4.1107
2020-02-08 19:00:00+00:00,41.5436,39.8592,38.8793,130.9955,3.8514
2020-02-08 20:00:00+00:00,30.9245,31.0694,29.2903,96.4828,2.3246
2020-02-08 21:00:00+00:00,27.6222,28.4944,26.4968,84.8613,0.0000
2020-02-08 22:00:00+00:00,25.1494,24.5840,22.2518,76.6789,0.0000
2020-02-08 23:00:00+00:00,34.9454,28.5824,28.7340,114.3194,0.0000
2020-02-09 00:00:00+00:00,33.4999,32.6362,30.0373,110.7320,0.0000
2020-02-09 01:00:00+00:00,46.0957,45.9743,43.4527,149.3315,0.0000
2020-02-09 02:00:00+00:00,30.2917,29.4058,28.3298,99.1092,0.0000
2020-02-09 03:00:00+00:00,25.9585,26.3960,24.7643,86.5542,0.0000
2020-02-09 04:00:00+00:00,11.1320,10.5521,9.7146,40.3648,0.0000
2020-02-09 05:00:00+00:00,6.0378,5.7518,4.4090,23.0153,0.0000
2020-02-09 06:00:00+00:00,1.6943,1.7704,0.5174,6.8136,0.0000
2020-02-09 07:00:00+00:00,0.0000,0.0000,0.0000,0.0000,0.0000
2020-02-09 08:00:00+00:00,0.0000,0.0000,0.0000,0.0000,0.0000
2020-02-09 09:00:00+00:00,0.0000,0.0000,0.0000,0.0000,0.0000
2020-02-09 10:00:00+00:00,1.5082,0.0000,3.2728,0.0000,0.0000
2020-02-09 11:00:00+00:00,5.8054,0.4310,5.5138,12.2129,2.5044
2020-02-09 12:00:00+00:00,6.0155,1.4491,4.3660,13.2517,4.1223
2020-02-09 13:00:00+00:00,7.4902,4.5991,6.5844,12.6814,10.4267
2020-02-09 14:00:00+00:00,6.0720,5.5390,5.3878,9.5422,8.2107
2020-02-09 15:00:00+00:00,9.2283,6.4109,8.1017,17.1247,6.9244
2020-02-09 16:00:00+00:00,5.3303,0.0000,3.4273,4.5353,3.7096
2020-02-09 17:00:00+00:00,3.4259,0.0000,2.0952,0.6887,4.9614
2020-02-09 18:00:00+00:00,1.1093,0.0000,0.0000,0.0000,8.2856
2020-02-09 19:00:00+00:00,0.0000,0.0000,0.0000,0.0000,16.0913
2020-02-09 20:00:00+00:00,0.0000,0.0000,0.0000,0.0000,16.7299
2020-02-09 21:00:00+00:00,0.0000,0.7048,0.0000,0.0000,19.9644
2020-02-09 22:00:00+00:00,2.9015,7.2496,3.2679,0.0000,15.8220
2020-02-09 23:00:00+00:00,16.0305,13.1278,13.9427,20.9408,10.4859
2020-02-10 00:00:00+00:00,26.0003,19.1051,21.6900,55.8172,24.9906
2020-02-10 01:00:00+00:00,44.7148,39.4998,39.5944,93.8590,24.9743
2020-02-10 02:00:00+00:00,61.6871,55.9756,58.7538,106.7492,31.2771
2020-02-10 03:00:00+00:00,76.7904,69.2914,69.8264,132.8710,56.7197
2020-02-10 04:00:00+00:00,78.4366,88.8187,86.7560,171.5156,53.2824
2020-02-10 05:00:00+00:00,79.5808,95.0079,90.1884,197.7680,31.8678
2020-02-10 06:00:00+00:00,78.3823,92.8303,67.5703,205.6330,43.8154
2020-02-10 07:00:00+00:00,52.1411,46.8333,37.8871,132.0177,76.1516
2020-02-10 08:00:00+00:00,76.5780,71.2004,80.5376,141.9012,79.9000
2020-02-10 09:00:00+00:00,81.0000,100.1125,106.5000,215.2000,79.9000
2020-02-10 10:00:00+00:00,81.0000,59.2828,106.5000,215.2000,79.9000
2020-02-10 11:00:00+00:00,80.4434,35.7766,105.2839,208.3521,79.9000
2020-02-10 12:00:00+00:00,76.1144,24.1871,93.9443,150.0018,79.8280
2020-02-10 13:00:00+00:00,45.6535,5.6286,47.8488,70.5481,78.0072
2020-02-10 14:00:00+00:00,29.3185,10.1496,33.1511,58.6455,77.4911
2020-02-10 15:00:00+00:00,15.2219,1.4200,15.4196,26.2838,76.9580
2020-02-10 16:00:00+00:00,7.3824,0.0000,6.4658,11.2005,58.5671
2020-02-10 17:00:00+00:00,7.9576,1.3744,6.8825,13.8520,34.4545
2020-02-10 18:00:00+00:00,10.5573,2.7648,8.9821,24.1782,33.6339
2020-02-10 19:00:00+00:00,13.6941,6.5639,12.3493,38.9620,33.6592
2020-02-10 20:00:00+00:00,12.4194,8.8275,12.3624,33.5790,27.3018
2020-02-10 21:00:00+00:00,12.6597,12.2332,13.1463,33.8954,12.1972
2020-02-10 22:00:00+00:00,19.9477,19.3782,21.1295,51.8938,15.0175
2020-02-10 23:00:00+00:00,15.7098,14.3286,13.7384,46.1099,6.5330
2020-02-11 00:00:00+00:00,10.6647,11.6553,9.1898,32.5985,4.8614
2020-02-11 01:00:00+00:00,15.4672,15.4981,13.9458,52.0688,2.9498
2020-02-11 02:00:00+00:00,13.3742,14.2697,11.6099,45.7790,0.0000
2020-02-11 03:00:00+00:00,6.4877,4.6626,4.2825,21.7137,0.0000
2020-02-11 04:00:00+00:00,6.7494,6.0850,5.8227,21.0739,0.0000
2020-02-11 05:00:00+00:00,7.2252,9.3124,7.1573,20.7245,0.0000
2020-02-11 06:00:00+00:00,5.9680,8.3035,5.9979,13.0733,0.0000
2020-02-11 07:00:00+00:00,9.9587,17.9285,8.7714,29.3597,0.0000
2020-02-11 08:00:00+00:00,6.9975,10.7349,6.1861,21.2997,0.0000
2020-02-11 09:00:00+00:00,3.1947,4.3381,2.7700,11.6252,0.0000
2020-02-11 10:00:00+00:00,1.6401,1.8764,1.3342,6.8617,0.0000
2020-02-11 11:00:00+00:00,0.0076,0.0000,0.0000,2.9242,0.0000
2020-02-11 12:00:00+00:00,0.0000,0.0000,0.0000,0.0000,0.0000
2020-02-11 13:00:00+00:00,0.0000,0.0000,0.0000,0.0000,0.0000
2020-02-11 14:00:00+00:00,0.0000,0.0000,0.0000,0.0000,0.0000
2020-02-11 15:00:00+00:00,0.0000,0.0000,0.0000,0.0000,0.0000
2020-02-11 16:00:00+00:00,0.9138,0.0000,0.0000,0.0000,0.0000
2020-02-11 17:00:00+00:00,0.0000,0.0000,0.0000,0.0000,0.0000
2020-02-11 18:00:00+00:00,5.9099,5.4770,6.0437,15.0118,3.2795
2020-02-11 19:00:00+00:00,12.5444,12.3198,13.4144,31.3598,9.0883
2020-02-11 20:00:00+00:00,14.8514,12.9539,15.3270,36.3159,12.1429
2020-02-11 21:00:00+00:00,12.5412,8.7048,11.4955,25.8278,11.8109
2020-02-11 22:00:00+00:00,39.0010,39.2348,41.2615,84.8464,20.6618
2020-02-11 23:00:00+00:00,39.2367,38.9074,35.9845,96.9875,16.1977
2020-02-12 00:00:00+00:00,56.8810,58.8457,58.4203,145.4696,29.7686
2020-02-12 01:00:00+00:00,77.0912,93.4973,92.0440,205.7187,41.5846
2020-02-12 02:00:00+00:00,77.5415,90.8021,97.3090,206.6327,60.4716
2020-02-12 03:00:00+00:00,75.3675,83.4343,85.2720,204.4409,73.5779
2020-02-12 04:00:00+00:00,76.8115,89.6051,90.6925,204.4190,79.9000
2020-02-12 05:00:00+00:00,77.5276,95.6064,100.7768,205.9463,79.9000
2020-02-12 06:00:00+00:00,81.0000,100.0008,106.5000,215.2000,79.9000
2020-02-12 07:00:00+00:00,81.0000,100.2845,106.5000,215.2000,79.9000
2020-02-12 08:00:00+00:00,81.0000,100.2771,106.5000,215.2000,79.7619
2020-02-12 09:00:00+00:00,80.9436,98.5382,104.0377,215.2000,78.7326
2020-02-12 10:00:00+00:00,79.3494,97.3696,103.1140,211.8646,78.9803
2020-02-12 11:00:00+00:00,77.9389,94.9789,100.7723,207.9999,74.4405
2020-02-12 12:00:00+00:00,76.5958,81.0447,88.1132,204.4085,44.0540
2020-02-12 13:00:00+00:00,64.6178,73.9946,72.0843,182.1355,38.7922
2020-02-12 14:00:00+00:00,46.6153,46.1241,54.1788,111.8928,25.6076
2020-02-12 15:00:00+00:00,29.9214,33.9074,34.6529,75.6416,11.1810
2020-02-12 16:00:00+00:00,25.2134,29.6816,28.8240,59.6072,5.7449
2020-02-12 17:00:00+00:00,27.3321,31.3279,29.9821,65.2601,8.6217
2020-02-12 18:00:00+00:00,17.5622,19.1633,19.5443,36.1486,24.2540
2020-02-12 19:00:00+00:00,22.6599,22.6922,25.9334,41.8314,61.5361
2020-02-12 20:00:00+00:00,25.0299,24.4512,28.8536,48.9777,75.9740
2020-02-12 21:00:00+00:00,31.8059,32.6976,35.3768,75.4540,36.3035
2020-02-12 22:00:00+00:00,36.8928,39.7015,38.0358,98.9928,24.6666
2020-02-12 23:00:00+00:00,39.8193,45.0150,41.8854,106.0058,43.2386
2020-02-13 00:00:00+00:00,50.8266,58.5675,55.2306,158.2012,46.1155
2020-02-13 01:00:00+00:00,73.6487,91.0528,85.3089,204.8633,64.7184
2020-02-13 02:00:00+00:00,76.6637,95.2008,85.4676,206.4073,56.5068
2020-02-13 03:00:00+00:00,72.7063,82.2649,75.4039,205.0755,38.5336
2020-02-13 04:00:00+00:00,68.7485,65.5722,65.0712,195.9289,78.8001
2020-02-13 05:00:00+00:00,72.7527,63.4777,73.9619,191.4001,66.3184
2020-02-13 06:00:00+00:00,77.2785,65.1508,90.2134,176.0015,0.0000
2020-02-13 07:00:00+00:00,70.0580,94.4284,77.9404,191.8901,0.0000
2020-02-13 08:00:00+00:00,39.2762,44.5424,36.6542,103.7734,0.0000
2020-02-13 09:00:00+00:00,17.5726,20.5889,17.6322,46.0313,0.0000
2020-02-13 10:00:00+00:00,11.0990,11.4039,10.9133,30.2672,0.0000
2020-02-13 11:00:00+00:00,1.0155,0.0000,0.0000,0.4838,0.0000
2020-02-13 12:00:00+00:00,1.8390,2.2134,1.7481,3.4422,0.0000
2020-02-13 13:00:00+00:00,0.0000,0.0000,0.0000,0.0000,3.4328
2020-02-13 14:00:00+00:00,0.0000,0.0000,0.0000,0.0000,3.6076
2020-02-13 15:00:00+00:00,0.7234,0.0000,0.0000,1.2220,0.0000
2020-02-13 16:00:00+00:00,1.2483,0.5350,0.7387,3.4311,4.7200
2020-02-13 17:00:00+00:00,3.6211,2.9679,3.5065,9.7645,6.0196
2020-02-13 18:00:00+00:00,2.8955,2.9568,2.9102,7.9718,2.4100
2020-02-13 19:00:00+00:00,5.9718,5.3497,7.2104,14.4835,27.4922
2020-02-13 20:00:00+00:00,16.4549,18.9556,20.5085,43.0713,38.6168
2020-02-13 21:00:00+00:00,22.0359,21.9480,24.6511,58.6811,41.2389
2020-02-13 22:00:00+00:00,25.1720,22.1185,27.6112,62.4717,40.6911
2020-02-13 23:00:00+00:00,28.2423,27.1312,32.0408,72.2844,30.2926
2020-02-14 00:00:00+00:00,18.2591,17.3105,18.8779,46.9088,26.2355
2020-02-14 01:00:00+00:00,28.7884,28.9660,31.7509,76.4351,47.0683
2020-02-14 02:00:00+00:00,18.5798,17.6108,20.5176,50.9648,47.3672
2020-02-14 03:00:00+00:00,13.5789,12.3098,14.6479,32.6164,22.4930
2020-02-14 04:00:00+00:00,7.0765,6.4707,7.8434,15.8414,19.8233
2020-02-14 05:00:00+00:00,10.3860,9.7854,12.7183,24.3460,34.5458
2020-02-14 06:00:00+00:00,12.5316,12.4793,14.8662,35.0441,29.3066
2020-02-14 07:00:00+00:00,14.8893,16.2510,16.1804,45.8433,26.8652
2020-02-14 08:00:00+00:00,16.8536,19.0409,17.8816,55.5125,29.9091
2020-02-14 09:00:00+00:00,15.2955,13.2591,17.1118,41.0339,29.6044
2020-02-14 10:00:00+00:00,12.4717,11.3692,13.2810,37.5173,27.7220
2020-02-14 11:00:00+00:00,8.8595,5.7288,8.9882,26.8068,29.1701
2020-02-14 12:00:00+00:00,5.3907,3.7795,5.2326,19.1816,19.2453
2020-02-14 13:00:00+00:00,2.7711,1.4637,2.6061,11.3390,11.6985
2020-02-14 14:00:00+00:00,3.8992,2.3191,3.1083,9.6252,5.6993
2020-02-14 15:00:00+00:00,6.4498,5.7276,5.9244,16.4284,0.0000
2020-02-14 16:00:00+00:00,12.6427,12.9115,12.8854,33.7374,0.2396
2020-02-14 17:00:00+00:00,16.2433,17.5280,16.8293,43.1354,4.4661
2020-02-14 18:00:00+00:00,15.8118,16.3984,16.5267,44.4194,7.9011
2020-02-14 19:00:00+00:00,14.7289,14.2336,14.7340,38.1832,11.9107
2020-02-14 20:00:00+00:00,20.1687,20.5896,21.3311,52.2570,13.6184
2020-02-14 21:00:00+00:00,21.7270,21.0165,22.5976,56.3820,12.0195
2020-02-14 22:00:00+00:00,23.0636,23.3921,23.9021,61.1295,8.7511
2020-02-14 23:00:00+00:00,29.4148,25.4331,26.2773,77.4326,13.9835
2020-02-15 00:00:00+00:00,46.7018,42.3053,46.3027,133.2408,17.4514
2020-02-15 01:00:00+00:00,38.7480,39.0602,39.3006,114.8109,11.3709
2020-02-15 02:00:00+00:00,53.1015,51.8664,55.3137,151.3478,12.4922
2020-02-15 03:00:00+00:00,32.9484,37.7056,34.3572,103.0994,4.2153
2020-02-15 04:00:00+00:00,36.7380,39.2327,38.6411,112.3012,0.0000
2020-02-15 05:00:00+00:00,24.7136,27.9801,26.6451,71.2271,0.0000
2020-02-15 06:00:00+00:00,13.0032,18.2084,13.7198,40.0650,27.3160
2020-02-15 07:00:00+00:00,22.3978,31.1244,27.5984,65.4296,40.8199
2020-02-15 08:00:00+00:00,28.9531,34.0856,33.8849,83.2892,35.3830
2020-02-15 09:00:00+00:00,30.4380,33.8105,34.2681,89.1945,36.2895
2020-02-15 10:00:00+00:00,30.7168,35.2154,36.3258,85.4041,21.7693
2020-02-15 11:00:00+00:00,26.0600,31.8282,30.5755,66.7218,20.3475
2020-02-15 12:00:00+00:00,20.4247,25.7103,25.2675,52.1564,26.5608
2020-02-15 13:00:00+00:00,13.7000,20.3914,17.7021,33.1222,30.1044
2020-02-15 14:00:00+00:00,22.3358,18.9625,20.0125,44.6447,20.6458
2020-02-15 15:00:00+00:00,24.1512,17.3195,21.6848,40.8875,36.5019
2020-02-15 16:00:00+00:00,42.5716,35.9736,45.0957,65.3185,69.0496
2020-02-15 17:00:00+00:00,32.5046,23.7058,32.8741,48.2938,47.9113
2020-02-15 18:00:00+00:00,16.1964,8.9091,15.2514,17.1468,38.7484
2020-02-15 19:00:00+00:00,13.4145,8.3476,13.4462,13.8687,47.6066
2020-02-15 20:00:00+00:00,15.4329,9.6731,14.4024,19.4661,48.4845
2020-02-15 21:00:00+00:00,17.1276,7.8716,12.6266,17.0313,71.5595
2020-02-15 22:00:00+00:00,20.3724,7.7702,10.1234,9.4560,67.9518
2020-02-15 23:00:00+00:00,42.4483,11.1328,18.4278,22.0241,61.0131
2020-02-16 00:00:00+00:00,78.9604,14.5749,50.6397,99.0980,47.7868
2020-02-16 01:00:00+00:00,81.0000,96.4892,91.7458,215.2000,48.0849
2020-02-16 02:00:00+00:00,81.0000,99.2003,100.6734,215.2000,37.8449
2020-02-16 03:00:00+00:00,80.8297,97.3986,103.5336,215.2000,25.5861
2020-02-16 04:00:00+00:00,81.0000,100.5000,106.5000,215.2000,36.0202
2020-02-16 05:00:00+00:00,81.0000,100.5000,106.5000,214.3898,50.8483
2020-02-16 06:00:00+00:00,81.0000,100.5000,106.5000,212.1264,23.4932
2020-02-16 07:00:00+00:00,81.0000,100.5000,106.5000,213.2180,18.2316
2020-02-16 08:00:00+00:00,81.0000,100.5000,106.5000,215.2000,14.4829
2020-02-16 09:00:00+00:00,81.0000,100.5000,106.5000,215.2000,16.1926
2020-02-16 10:00:00+00:00,77.3415,93.1907,100.9449,205.1234,46.8899
2020-02-16 11:00:00+00:00,76.6229,95.3753,93.1932,205.0566,67.2519
2020-02-16 12:00:00+00:00,46.2241,57.2649,49.9077,139.4360,51.1318
2020-02-16 13:00:00+00:00,44.6031,53.4216,47.3649,132.5082,40.2073
2020-02-16 14:00:00+00:00,30.3339,41.6400,32.8336,91.1772,47.2688
2020-02-16 15:00:00+00:00,17.7296,21.8207,17.5027,44.5231,59.8770
2020-02-16 16:00:00+00:00,23.0308,29.3486,23.4341,58.3804,54.2479
2020-02-16 17:00:00+00:00,23.9922,34.5274,25.5416,65.3714,39.9123
2020-02-16 18:00:00+00:00,34.4737,45.6609,35.8463,101.9753,40.8688
2020-02-16 19:00:00+00:00,30.7088,37.2295,32.9325,78.0063,39.3943
2020-02-16 20:00:00+00:00,32.7870,37.0044,37.3250,78.6267,58.9422
2020-02-16 21:00:00+00:00,42.3357,40.4647,44.3588,107.7948,72.4660
2020-02-16 22:00:00+00:00,51.0406,54.3577,62.3115,127.3589,67.3733
2020-02-16 23:00:00+00:00,42.4087,41.6356,47.6526,106.0115,39.7337
2020-02-17 00:00:00+00:00,48.0773,50.2789,53.5363,107.8855,22.8727
2020-02-17 01:00:00+00:00,68.9673,79.8193,80.3403,177.8419,36.5322
2020-02-17 02:00:00+00:00,77.0910,93.9939,96.5907,195.0279,32.7411
2020-02-17 03:00:00+00:00,79.3058,96.9209,102.8961,207.9354,56.1762
2020-02-17 04:00:00+00:00,73.4088,95.6106,83.6568,201.7813,65.8869
2020-02-17 05:00:00+00:00,72.5876,81.5994,89.9430,190.2250,45.2431
2020-02-17 06:00:00+00:00,58.4010,66.2743,68.9351,154.7075,25.1505
2020-02-17 07:00:00+00:00,57.0973,56.7217,67.8700,142.6915,15.2622
2020-02-17 08:00:00+00:00,21.1965,19.5630,23.8221,57.2557,12.2937
2020-02-17 09:00:00+00:00,18.9183,19.3061,22.7331,54.0355,8.2082
2020-02-17 10:00:00+00:00,6.6474,5.9896,7.5079,23.3210,8.4687
2020-02-17 11:00:00+00:00,8.7741,8.9169,10.1199,30.8108,5.1453
2020-02-17 12:00:00+00:00,12.5993,13.2190,14.5064,45.0644,3.3567
2020-02-17 13:00:00+00:00,15.3072,12.3774,17.6251,50.9391,2.9017
2020-02-17 14:00:00+00:00,10.8976,11.0636,12.4217,33.6189,2.6043
2020-02-17 15:00:00+00:00,13.3973,12.8984,14.7306,38.8681,0.0000
2020-02-17 16:00:00+00:00,13.5363,12.6820,14.9170,36.8362,0.3973
2020-02-17 17:00:00+00:00,10.5490,9.0299,11.2674,28.4315,3.2144
2020-02-17 18:00:00+00:00,4.5081,3.5799,4.3117,12.0477,1.4451
2020-02-17 19:00:00+00:00,4.0773,3.3836,3.7518,11.2249,0.0000
2020-02-17 20:00:00+00:00,1.2467,0.0000,0.1333,3.9339,0.0000
2020-02-17 21:00:00+00:00,0.0000,0.0000,0.0000,0.0000,0.0000
2020-02-17 22:00:00+00:00,0.0000,0.0000,0.0000,1.2105,0.0000
2020-02-17 23:00:00+00:00,0.0000,0.0000,0.0000,0.0000,0.0000
2020-02-18 00:00:00+00:00,0.0000,0.0000,0.0000,0.0000,0.0000
2020-02-18 01:00:00+00:00,0.0000,0.0000,0.0000,0.0000,0.0000
2020-02-18 02:00:00+00:00,0.0000,0.0000,0.0000,0.0000,0.0000
2020-02-18 03:00:00+00:00,0.1894,0.5774,2.1255,0.0000,0.0000
2020-02-18 04:00:00+00:00,3.4855,7.7368,9.1068,3.8470,3.3664
2020-02-18 05:00:00+00:00,6.3509,22.4672,13.7503,11.0427,23.4964
2020-02-18 06:00:00+00:00,15.0831,30.4594,23.6866,18.1000,75.6040
2020-02-18 07:00:00+00:00,18.3202,33.6044,26.7407,19.3372,78.6662
2020-02-18 08:00:00+00:00,31.5897,46.2597,40.9389,27.2121,77.0808
2020-02-18 09:00:00+00:00,33.2644,50.9922,49.0826,22.6318,79.9000
2020-02-18 10:00:00+00:00,30.0153,26.5500,59.9973,8.8794,79.9000
2020-02-18 11:00:00+00:00,79.3307,37.8089,106.4170,7.8280,79.9000
2020-02-18 12:00:00+00:00,81.0000,100.5000,106.5000,200.0924,79.9000
2020-02-18 13:00:00+00:00,76.4568,98.1357,100.9085,206.0388,79.9000
2020-02-18 14:00:00+00:00,80.2976,95.9285,106.5000,190.0952,79.9000
2020-02-18 15:00:00+00:00,81.0000,100.4360,106.5000,215.2000,79.9000
2020-02-18 16:00:00+00:00,81.0000,100.5000,106.5000,215.2000,79.9000
2020-02-18 17:00:00+00:00,81.0000,100.5000,106.5000,215.2000,79.9000
2020-02-18 18:00:00+00:00,81.0000,100.5000,106.5000,215.2000,79.9000
2020-02-18 19:00:00+00:00,81.0000,100.5000,106.5000,215.2000,79.9000
2020-02-18 20:00:00+00:00,81.0000,100.5000,106.5000,215.2000,79.9000
2020-02-18 21:00:00+00:00,81.0000,100.5000,106.5000,215.2000,79.9000
2020-02-18 22:00:00+00:00,81.0000,100.5000,106.5000,215.2000,79.9000
2020-02-18 23:00:00+00:00,81.0000,100.5000,106.5000,214.0238,79.9000
2020-02-19 00:00:00+00:00,80.1846,98.9021,105.2280,207.7473,79.9000
2020-02-19 01:00:00+00:00,81.0000,100.5000,106.5000,215.2000,79.9000
2020-02-19 02:00:00+00:00,81.0000,100.5000,106.5000,215.2000,79.9000
2020-02-19 03:00:00+00:00,81.0000,100.5000,106.5000,215.2000,79.9000
2020-02-19 04:00:00+00:00,81.0000,100.5000,106.5000,215.2000,79.9000
2020-02-19 05:00:00+00:00,81.0000,100.5000,106.5000,215.2000,79.9000
2020-02-19 06:00:00+00:00,81.0000,100.5000,106.5000,215.2000,79.9000
2020-02-19 07:00:00+00:00,81.0000,100.5000,106.5000,215.2000,79.9000
2020-02-19 08:00:00+00:00,81.0000,100.5000,106.5000,215.2000,79.9000
2020-02-19 09:00:00+00:00,81.0000,100.5000,106.5000,215.2000,79.9000
2020-02-19 10:00:00+00:00,81.0000,100.5000,106.5000,215.2000,79.9000
2020-02-19 11:00:00+00:00,81.0000,100.5000,106.5000,215.2000,79.9000
2020-02-19 12:00:00+00:00,81.0000,100.5000,106.5000,215.2000,79.9000
2020-02-19 13:00:00+00:00,81.0000,100.5000,106.5000,215.2000,79.9000
2020-02-19 14:00:00+00:00,81.0000,97.8723,105.4342,215.2000,79.9000
2020-02-19 15:00:00+00:00,81.0000,98.8276,106.0579,215.2000,79.9000
2020-02-19 16:00:00+00:00,81.0000,99.0172,106.3501,215.2000,79.9000
2020-02-19 17:00:00+00:00,81.0000,99.6315,106.5000,215.2000,79.9000
2020-02-19 18:00:00+00:00,81.0000,99.8048,106.3770,215.2000,79.9000
2020-02-19 19:00:00+00:00,80.2553,96.7246,103.4780,214.1196,79.9000
2020-02-19 20:00:00+00:00,79.6367,96.3535,102.8393,212.4479,79.9000
2020-02-19 21:00:00+00:00,80.0741,97.1828,103.2241,215.1623,79.9000
2020-02-19 22:00:00+00:00,77.7092,87.4100,93.6019,210.0380,79.9000
2020-02-19 23:00:00+00:00,76.6459,69.5927,79.0369,205.6882,78.5632
2020-02-20 00:00:00+00:00,72.4051,70.9120,76.2204,202.7302,77.2135
2020-02-20 01:00:00+00:00,72.6339,61.8892,76.4354,197.8737,77.3603
2020-02-20 02:00:00+00:00,17.5475,11.8338,16.3999,51.2516,68.9324
2020-02-20 03:00:00+00:00,6.4128,4.1845,5.3746,22.7249,63.1185
2020-02-20 04:00:00+00:00,0.0000,0.0000,0.0000,0.0000,62.4101
2020-02-20 05:00:00+00:00,0.0000,0.0000,0.0000,0.0000,38.2601
2020-02-20 06:00:00+00:00,0.0000,0.0000,0.0000,0.0000,38.8239
2020-02-20 07:00:00+00:00,4.1720,0.0000,3.4047,4.6771,12.8846
2020-02-20 08:00:00+00:00,8.8862,5.2127,8.8678,18.4875,11.4546
2020-02-20 09:00:00+00:00,6.2004,2.7647,6.0381,11.2130,9.9012
2020-02-20 10:00:00+00:00,0.0000,0.0000,0.0000,0.0000,10.2763
2020-02-20 11:00:00+00:00,0.9578,3.9990,2.7789,1.5440,13.6100
2020-02-20 12:00:00+00:00,4.4188,11.1476,9.2353,17.0875,20.7805
2020-02-20 13:00:00+00:00,12.6758,18.2818,18.9635,46.3301,49.0401
2020-02-20 14:00:00+00:00,4.0872,6.3090,5.9237,17.2756,21.5395
2020-02-20 15:00:00+00:00,0.9209,0.7938,0.3402,4.2995,8.4680
2020-02-20 16:00:00+00:00,6.6505,6.6460,6.9713,18.4208,11.1273
2020-02-20 17:00:00+00:00,13.4611,13.3039,14.9715,35.9278,20.4963
2020-02-20 18:00:00+00:00,17.4592,16.4623,19.1118,43.8776,17.2731
2020-02-20 19:00:00+00:00,16.9786,17.1018,18.5676,44.0890,19.5717
2020-02-20 20:00:00+00:00,20.4403,21.5444,23.3169,51.6506,22.2514
2020-02-20 21:00:00+00:00,31.0286,33.2804,36.0485,78.5830,24.4882
2020-02-20 22:00:00+00:00,43.8882,47.9589,49.3522,112.8311,38.6315
2020-02-20 23:00:00+00:00,39.3655,38.3022,41.6948,104.4036,24.7796
2020-02-21 00:00:00+00:00,34.8119,31.8852,34.2229,107.4409,11.0791
2020-02-21 01:00:00+00:00,24.4123,16.5618,21.0155,82.5940,10.8425
2020-02-21 02:00:00+00:00,16.6041,11.4923,12.1675,57.3714,29.5021
2020-02-21 03:00:00+00:00,13.9662,8.0750,9.2518,50.6034,37.9408
2020-02-21 04:00:00+00:00,17.2347,11.3522,13.3253,59.5958,43.1589
2020-02-21 05:00:00+00:00,15.4537,11.3510,12.7184,54.6488,55.5422
2020-02-21 06:00:00+00:00,13.4821,9.6070,10.9147,47.7610,33.4729
2020-02-21 07:00:00+00:00,12.9774,10.1462,11.0627,45.5491,17.4643
2020-02-21 08:00:00+00:00,10.5917,8.0160,8.7189,37.8079,11.6132
2020-02-21 09:00:00+00:00,8.1007,5.2918,5.6322,27.0951,10.8676
2020-02-21 10:00:00+00:00,22.7570,22.0547,23.3047,60.9852,9.1473
2020-02-21 11:00:00+00:00,24.0848,25.7189,26.5128,75.4959,10.9117
2020-02-21 12:00:00+00:00,20.2995,26.7465,27.0668,62.5040,8.1670
2020-02-21 13:00:00+00:00,37.9138,46.5155,49.7876,93.9325,30.1806
2020-02-21 14:00:00+00:00,54.2579,49.2068,58.4739,107.0797,22.4928
2020-02-21 15:00:00+00:00,74.7490,73.0454,80.3116,169.8396,49.6968
2020-02-21 16:00:00+00:00,63.3452,64.7495,66.1227,150.0685,69.0622
2020-02-21 17:00:00+00:00,64.7291,71.7114,70.2366,146.7617,70.2226
2020-02-21 18:00:00+00:00,56.0779,66.5345,62.1780,124.5352,61.2714
2020-02-21 19:00:00+00:00,64.9386,73.4187,71.3663,138.3329,76.0498
2020-02-21 20:00:00+00:00,67.5249,74.3075,75.6786,143.8183,73.0479
2020-02-21 21:00:00+00:00,76.6564,85.6006,82.7854,170.0664,70.4473
2020-02-21 22:00:00+00:00,78.7543,96.0671,100.8039,205.8739,41.8048
2020-02-21 23:00:00+00:00,81.0000,98.3315,104.0241,213.9668,6.8362
2020-02-22 00:00:00+00:00,81.0000,100.5000,106.5000,215.2000,7.1063
2020-02-22 01:00:00+00:00,81.0000,100.5000,106.5000,215.2000,6.7552
2020-02-22 02:00:00+00:00,81.0000,100.5000,106.5000,215.2000,12.2181
2020-02-22 03:00:00+00:00,81.0000,100.5000,106.5000,215.2000,43.3157
2020-02-22 04:00:00+00:00,81.0000,100.5000,106.5000,215.2000,75.6733
2020-02-22 05:00:00+00:00,81.0000,100.5000,106.5000,215.2000,77.1930
2020-02-22 06:00:00+00:00,81.0000,100.5000,106.5000,215.2000,47.8017
2020-02-22 07:00:00+00:00,81.0000,100.5000,106.5000,215.2000,42.2331
2020-02-22 08:00:00+00:00,81.0000,100.5000,106.5000,215.2000,60.4703
2020-02-22 09:00:00+00:00,81.0000,100.5000,106.5000,215.2000,61.9582
2020-02-22 10:00:00+00:00,81.0000,100.5000,106.5000,215.2000,29.7893
2020-02-22 11:00:00+00:00,80.4859,100.5000,104.9690,211.4686,41.9475
2020-02-22 12:00:00+00:00,79.0199,98.5405,102.8814,207.3690,29.7391
2020-02-22 13:00:00+00:00,75.1725,94.0568,90.1603,175.5514,22.1506
2020-02-22 14:00:00+00:00,74.9488,80.7093,86.2645,172.4665,21.2193
2020-02-22 15:00:00+00:00,55.9057,64.5354,64.1847,125.2465,56.0998
2020-02-22 16:00:00+00:00,59.2112,70.7832,69.3460,138.2919,74.5818
2020-02-22 17:00:00+00:00,58.9723,71.6841,68.3855,137.0846,76.2140
2020-02-22 18:00:00+00:00,58.6661,67.2096,67.2592,137.3618,76.1361
2020-02-22 19:00:00+00:00,54.4049,65.6787,61.1532,131.1480,75.5785
2020-02-22 20:00:00+00:00,72.0746,86.4132,82.5944,176.7716,72.7678
2020-02-22 21:00:00+00:00,77.9640,96.1161,101.0605,205.5946,58.7337
2020-02-22 22:00:00+00:00,78.7813,97.3398,101.7235,208.3619,58.7098
2020-02-22 23:00:00+00:00,77.8388,95.6233,97.4974,205.1028,30.5706
2020-02-23 00:00:00+00:00,79.9466,98.1602,102.3715,211.4160,21.0273
2020-02-23 01:00:00+00:00,80.3130,97.5628,102.5212,212.1223,32.1074
2020-02-23 02:00:00+00:00,79.6504,96.5546,101.3219,210.1501,21.1343
2020-02-23 03:00:00+00:00,81.0000,97.8835,102.9947,215.1329,18.9415
2020-02-23 04:00:00+00:00,81.0000,98.1949,102.8050,214.8600,13.1437
2020-02-23 05:00:00+00:00,81.0000,98.2985,103.4393,214.1002,15.8030
2020-02-23 06:00:00+00:00,81.0000,98.1508,103.3464,212.2301,15.8747
2020-02-23 07:00:00+00:00,80.1958,96.6654,101.7022,208.2034,14.2359
2020-02-23 08:00:00+00:00,78.4955,89.5195,90.8983,202.7155,29.4885
2020-02-23 09:00:00+00:00,77.7361,81.3941,84.7476,194.9598,36.4265
2020-02-23 10:00:00+00:00,77.1097,76.2136,81.1630,182.2101,20.4111
2020-02-23 11:00:00+00:00,77.2212,71.7215,81.0027,182.9184,28.7211
2020-02-23 12:00:00+00:00,77.0982,69.2962,81.6069,177.4532,29.4875
2020-02-23 13:00:00+00:00,79.3520,94.9916,101.9205,205.9157,23.2145
2020-02-23 14:00:00+00:00,74.8883,65.3217,73.0314,154.2189,13.3355
2020-02-23 15:00:00+00:00,52.1056,47.3313,52.8934,120.7733,18.4771
2020-02-23 16:00:00+00:00,35.9050,34.1025,37.6049,79.5298,33.4852
2020-02-23 17:00:00+00:00,31.6113,30.4529,34.5793,67.1342,32.1237
2020-02-23 18:00:00+00:00,27.9634,25.4635,28.6511,56.1127,19.9835
2020-02-23 19:00:00+00:00,27.4750,22.7081,28.6269,52.9636,22.4420
2020-02-23 20:00:00+00:00,25.6241,21.2750,27.9828,47.6918,9.8118
2020-02-23 21:00:00+00:00,31.2871,34.8330,36.6928,65.0825,7.5922
2020-02-23 22:00:00+00:00,45.9678,51.2359,50.0170,100.9887,10.5431
2020-02-23 23:00:00+00:00,39.2409,39.7159,39.9158,80.9966,9.1189
2020-02-24 00:00:00+00:00,39.0038,38.8101,34.3778,95.5914,9.2422
2020-02-24 01:00:00+00:00,44.6577,48.9270,44.4787,110.1937,13.7910
2020-02-24 02:00:00+00:00,24.7236,22.8246,24.2113,48.7016,19.7375
2020-02-24 03:00:00+00:00,32.2852,29.3999,35.1762,46.5821,30.5300
2020-02-24 04:00:00+00:00,54.5840,54.3560,56.8480,91.0317,51.5583
2020-02-24 05:00:00+00:00,64.3988,68.3826,72.5949,117.9468,75.9878
2020-02-24 06:00:00+00:00,74.2642,81.2389,82.7168,131.5838,55.4829
2020-02-24 07:00:00+00:00,77.2032,86.8303,86.3954,146.4790,47.5245
2020-02-24 08:00:00+00:00,77.3388,84.8112,86.6479,145.7525,44.0808
2020-02-24 09:00:00+00:00,76.5507,74.8234,75.6635,135.1231,57.4623
2020-02-24 10:00:00+00:00,77.3652,85.9405,80.7707,186.2839,76.0771
2020-02-24 11:00:00+00:00,72.6677,77.4140,64.2726,154.4482,76.6175
2020-02-24 12:00:00+00:00,77.2039,87.7604,68.6161,205.9345,76.7196
2020-02-24 13:00:00+00:00,81.0000,99.0389,102.2832,215.2000,77.0774
2020-02-24 14:00:00+00:00,81.0000,97.1568,102.7928,215.2000,78.3158
2020-02-24 15:00:00+00:00,78.0984,60.8258,81.8923,211.7939,77.1823
2020-02-24 16:00:00+00:00,45.4598,41.0899,41.5622,154.7345,75.2320
2020-02-24 17:00:00+00:00,34.5023,40.2950,35.5878,115.4298,54.6594
2020-02-24 18:00:00+00:00,33.2125,40.4174,35.8561,107.9023,39.1920
2020-02-24 19:00:00+00:00,22.8377,25.3598,22.9434,70.7318,23.4088
2020-02-24 20:00:00+00:00,21.5949,24.2585,20.7331,58.6580,12.0156
2020-02-24 21:00:00+00:00,42.4897,45.0111,41.6859,108.6353,16.8753
2020-02-24 22:00:00+00:00,41.3457,40.2451,40.9876,89.8857,17.8065
2020-02-24 23:00:00+00:00,21.4968,19.8267,20.8829,40.5655,11.0737
2020-02-25 00:00:00+00:00,14.5879,16.6355,15.4840,30.8354,14.7060
2020-02-25 01:00:00+00:00,17.6204,16.4226,18.3676,49.5813,25.1555
2020-02-25 02:00:00+00:00,11.1109,9.6820,10.1552,34.9507,2.7696
2020-02-25 03:00:00+00:00,3.8651,3.2539,2.5467,11.7455,0.0000
2020-02-25 04:00:00+00:00,1.6020,0.0000,0.0000,3.5109,0.0000
2020-02-25 05:00:00+00:00,0.7179,0.0000,0.0000,0.8150,0.0000
2020-02-25 06:00:00+00:00,0.0000,0.0000,0.0000,0.0000,0.0000
2020-02-25 07:00:00+00:00,0.0000,0.0000,0.0000,0.0000,0.0000
2020-02-25 08:00:00+00:00,0.0000,0.0000,0.0000,0.0000,0.0000
2020-02-25 09:00:00+00:00,0.0000,0.0000,0.0000,0.0000,0.0000
2020-02-25 10:00:00+00:00,0.0000,0.0000,0.0000,0.0000,0.0000
2020-02-25 11:00:00+00:00,0.0000,0.0000,0.0000,0.0000,0.0000
2020-02-25 12:00:00+00:00,0.0000,0.0000,0.0000,0.0000,3.3992
2020-02-25 13:00:00+00:00,4.0544,6.5795,6.1746,9.0715,8.9103
2020-02-25 14:00:00+00:00,2.4419,6.2486,4.8043,5.7795,0.0000
2020-02-25 15:00:00+00:00,2.6404,5.7024,5.8292,5.2489,0.0000
2020-02-25 16:00:00+00:00,2.4898,4.3530,5.9184,3.1214,0.0000
2020-02-25 17:00:00+00:00,1.4649,2.0437,3.5334,0.0000,0.0000
2020-02-25 18:00:00+00:00,0.0000,0.0000,0.0000,0.0000,0.0000
2020-02-25 19:00:00+00:00,0.0000,0.0000,0.0000,0.0000,0.0000
2020-02-25 20:00:00+00:00,0.0000,0.0000,0.0000,0.0000,0.0000
2020-02-25 21:00:00+00:00,1.4316,0.8413,3.1793,0.0000,3.1961
2020-02-25 22:00:00+00:00,1.4182,1.8048,2.6845,1.0930,4.3484
2020-02-25 23:00:00+00:00,1.9525,2.0638,3.8384,1.4913,9.5951
2020-02-26 00:00:00+00:00,2.5834,3.1230,5.2309,1.5258,10.6043
2020-02-26 01:00:00+00:00,5.1152,10.1459,11.6738,5.8316,7.9992
2020-02-26 02:00:00+00:00,7.0425,8.0301,11.7362,10.3112,12.7906
2020-02-26 03:00:00+00:00,8.9436,11.8850,14.5648,15.1789,11.7027
2020-02-26 04:00:00+00:00,21.4220,31.9344,34.2656,46.1158,15.7266
2020-02-26 05:00:00+00:00,23.4332,33.0054,38.2658,45.4074,11.1637
2020-02-26 06:00:00+00:00,27.2970,38.2157,44.8984,55.9441,3.5664
2020-02-26 07:00:00+00:00,32.2632,44.4123,52.4437,69.9098,0.0000
2020-02-26 08:00:00+00:00,32.5296,46.2185,54.4134,68.7814,0.0000
2020-02-26 09:00:00+00:00,41.6593,60.4581,69.2282,92.3760,0.0000
2020-02-26 10:00:00+00:00,40.5549,63.5485,68.5659,93.5075,1.6448
2020-02-26 11:00:00+00:00,34.6441,51.7160,62.1956,69.2739,0.0000
2020-02-26 12:00:00+00:00,30.4919,47.7098,56.5615,58.9937,0.0000
2020-02-26 13:00:00+00:00,25.4195,32.7066,50.8003,35.2773,0.0000
2020-02-26 14:00:00+00:00,17.3018,17.1590,32.2633,20.7179,0.0000
2020-02-26 15:00:00+00:00,17.6130,17.8722,30.8388,24.7004,0.0000
2020-02-26 16:00:00+00:00,16.5581,14.6508,27.3044,22.0193,0.0000
2020-02-26 17:00:00+00:00,12.1798,12.2291,21.4811,15.2374,0.0000
2020-02-26 18:00:00+00:00,9.8188,9.5231,17.0988,11.8691,0.0000
2020-02-26 19:00:00+00:00,9.5825,10.2454,16.9405,12.4075,0.0000
2020-02-26 20:00:00+00:00,13.2465,12.8628,23.3151,18.2432,4.0826
2020-02-26 21:00:00+00:00,26.3510,26.9550,46.1592,41.0826,14.8801
2020-02-26 22:00:00+00:00,36.4652,58.2397,68.8360,59.2096,34.6740
2020-02-26 23:00:00+00:00,24.0112,58.3005,44.7106,54.4475,49.2503
2020-02-27 00:00:00+00:00,19.0552,47.8826,35.3845,44.6379,75.8262
2020-02-27 01:00:00+00:00,28.0395,61.3904,47.8064,41.8827,76.7613
2020-02-27 02:00:00+00:00,28.7482,64.4026,53.9833,40.9199,76.9434
2020-02-27 03:00:00+00:00,54.9703,67.0601,77.6928,37.2022,75.6002
2020-02-27 04:00:00+00:00,64.0078,59.3057,98.2747,43.1524,75.4569
2020-02-27 05:00:00+00:00,74.4000,95.5866,104.7778,97.4485,79.9000
2020-02-27 06:00:00+00:00,79.9467,100.5000,106.5000,99.9084,79.9000
2020-02-27 07:00:00+00:00,81.0000,100.5000,106.5000,83.2479,79.9000
2020-02-27 08:00:00+00:00,79.6560,100.5000,106.5000,102.9350,79.9000
2020-02-27 09:00:00+00:00,77.0754,100.5000,105.6098,99.9947,79.5240
2020-02-27 10:00:00+00:00,81.0000,100.5000,106.5000,200.9541,79.9000
2020-02-27 11:00:00+00:00,73.3247,100.5000,103.0786,145.7428,5.9642
2020-02-27 12:00:00+00:00,80.8194,100.5000,106.3595,205.5885,79.9000
2020-02-27 13:00:00+00:00,81.0000,100.5000,106.5000,210.8480,79.9000
2020-02-27 14:00:00+00:00,6.4860,4.5380,4.4394,30.7457,79.9000
2020-02-27 15:00:00+00:00,11.0607,3.9731,14.0848,14.2084,79.9000
2020-02-27 16:00:00+00:00,79.4019,98.8095,104.6913,207.6322,79.9000
2020-02-27 17:00:00+00:00,80.7383,100.3231,104.7869,215.2000,79.9000
2020-02-27 18:00:00+00:00,81.0000,100.5000,106.5000,215.2000,79.9000
2020-02-27 19:00:00+00:00,81.0000,100.5000,106.5000,215.2000,79.9000
2020-02-27 20:00:00+00:00,81.0000,100.5000,106.5000,215.2000,79.9000
2020-02-27 21:00:00+00:00,81.0000,100.5000,106.5000,215.2000,79.9000
2020-02-27 22:00:00+00:00,81.0000,100.5000,106.5000,215.2000,79.9000
2020-02-27 23:00:00+00:00,81.0000,100.5000,106.5000,215.2000,79.9000
2020-02-28 00:00:00+00:00,81.0000,100.5000,106.5000,215.2000,79.9000
2020-02-28 01:00:00+00:00,81.0000,100.5000,106.5000,215.2000,79.9000
2020-02-28 02:00:00+00:00,81.0000,100.5000,106.5000,215.2000,79.9000
2020-02-28 03:00:00+00:00,81.0000,100.5000,106.5000,215.2000,79.9000
2020-02-28 04:00:00+00:00,81.0000,100.5000,106.5000,215.2000,79.9000
2020-02-28 05:00:00+00:00,81.0000,100.5000,106.5000,215.2000,79.9000
2020-02-28 06:00:00+00:00,81.0000,100.5000,106.5000,215.2000,79.9000
2020-02-28 07:00:00+00:00,81.0000,100.5000,106.5000,215.2000,79.9000
2020-02-28 08:00:00+00:00,81.0000,100.5000,106.5000,215.2000,79.9000
2020-02-28 09:00:00+00:00,81.0000,100.5000,106.5000,215.2000,79.9000
2020-02-28 10:00:00+00:00,81.0000,100.5000,106.5000,215.2000,25.8885
2020-02-28 11:00:00+00:00,81.0000,100.5000,106.5000,215.2000,29.2369
2020-02-28 12:00:00+00:00,81.0000,100.5000,106.5000,215.2000,3.8773
2020-02-28 13:00:00+00:00,81.0000,100.4781,106.5000,215.2000,0.0000
2020-02-28 14:00:00+00:00,81.0000,100.2639,106.4286,214.5234,79.9000
2020-02-28 15:00:00+00:00,80.4672,98.2348,104.6808,211.1516,79.9000
2020-02-28 16:00:00+00:00,80.1806,97.8020,104.3844,210.0535,79.9000
2020-02-28 17:00:00+00:00,78.1075,95.7744,101.9079,206.2449,79.9000
2020-02-28 18:00:00+00:00,54.1889,70.4647,66.6634,136.5991,77.6878
2020-02-28 19:00:00+00:00,35.5260,43.5049,43.2127,88.4863,78.6985
2020-02-28 20:00:00+00:00,18.7337,18.9547,21.7796,41.7807,79.0818
2020-02-28 21:00:00+00:00,30.7884,13.7376,36.6732,42.7321,79.9000
2020-02-28 22:00:00+00:00,63.3171,26.0640,67.3082,123.5181,77.6415
2020-02-28 23:00:00+00:00,75.4332,15.4099,80.9879,134.0703,77.6848
2020-02-29 00:00:00+00:00,20.5356,2.6451,14.9344,22.8491,75.5749
2020-02-29 01:00:00+00:00,6.9379,5.7332,9.0391,15.8716,29.0336
2020-02-29 02:00:00+00:00,1.2505,1.1900,1.3676,4.6308,5.1381
2020-02-29 03:00:00+00:00,1.7087,2.0475,2.5738,7.6423,16.4596
2020-02-29 04:00:00+00:00,1.9224,2.7031,3.0297,7.2769,30.9789
2020-02-29 05:00:00+00:00,1.2352,2.0333,1.4499,6.3646,12.3812
2020-02-29 06:00:00+00:00,2.0597,2.0804,2.0794,9.9127,0.0000
2020-02-29 07:00:00+00:00,2.8214,2.6101,2.2989,12.1186,4.4633
2020-02-29 08:00:00+00:00,4.9209,6.0432,5.6254,16.0730,8.6473
2020-02-29 09:00:00+00:00,6.0298,7.2982,6.9476,18.5413,14.6143
2020-02-29 10:00:00+00:00,10.5106,13.9209,11.5723,33.0449,7.0885
2020-02-29 11:00:00+00:00,15.8605,22.3628,17.3472,48.5439,2.7404
2020-02-29 12:00:00+00:00,23.4565,28.9956,25.0632,70.3856,3.9097
2020-02-29 13:00:00+00:00,36.9286,33.3592,33.3912,94.7136,12.4809
2020-02-29 14:00:00+00:00,33.4995,30.0912,31.6720,93.5528,14.5479
2020-02-29 15:00:00+00:00,44.2881,42.0842,42.8410,123.0251,16.2119
2020-02-29 16:00:00+00:00,45.0116,45.7321,45.0923,126.0275,29.9082
2020-02-29 17:00:00+00:00,48.6526,53.0894,50.8492,136.1138,37.0970
2020-02-29 18:00:00+00:00,48.8733,53.5455,51.7238,138.1090,37.2229
2020-02-29 19:00:00+00:00,47.7443,52.6640,50.3651,139.5200,53.0723
2020-02-29 20:00:00+00:00,55.6098,57.3062,56.0259,162.1354,47.0318
2020-02-29 21:00:00+00:00,49.7414,52.2448,49.1201,149.5020,49.0948
2020-02-29 22:00:00+00:00,65.6726,64.6251,65.9938,198.8286,51.4613
2020-02-29 23:00:00+00:00,54.8540,45.7690,48.4500,170.0955,35.4925
2020-03-01 00:00:00+00:00,60.0786,52.4503,55.1506,183.5361,43.3771
2020-03-01 01:00:00+00:00,78.0416,87.7754,90.6775,209.3774,54.3599
2020-03-01 02:00:00+00:00,59.9203,59.1037,61.4730,168.8983,75.7131
2020-03-01 03:00:00+00:00,31.8990,31.8854,30.3383,92.0776,75.7736
2020-03-01 04:00:00+00:00,13.2728,15.2072,12.0431,40.3522,58.1007
2020-03-01 05:00:00+00:00,23.7105,29.3123,24.9147,68.9448,51.7821
2020-03-01 06:00:00+00:00,30.2604,34.8117,33.6441,93.4713,45.5478
2020-03-01 07:00:00+00:00,33.0277,35.2195,35.4543,107.7574,43.3599
2020-03-01 08:00:00+00:00,26.5870,26.6610,27.5567,89.0083,24.4585
2020-03-01 09:00:00+00:00,20.1534,18.7653,20.0846,68.6890,15.3153
2020-03-01 10:00:00+00:00,27.8414,31.5324,31.2235,88.5888,6.3319
2020-03-01 11:00:00+00:00,25.5372,24.1529,25.2114,84.2637,10.4605
2020-03-01 12:00:00+00:00,19.6909,16.7484,17.6368,66.0179,29.1090
2020-03-01 13:00:00+00:00,24.8400,16.8602,20.7531,69.2930,38.8540
2020-03-01 14:00:00+00:00,25.9369,20.7889,26.5950,74.4997,30.4135
2020-03-01 15:00:00+00:00,22.2466,19.7660,22.7380,59.7772,17.4769
2020-03-01 16:00:00+00:00,20.0544,17.5858,21.5606,52.2428,22.3335
2020-03-01 17:00:00+00:00,16.6795,15.3008,18.2913,41.0629,17.4181
2020-03-01 18:00:00+00:00,11.9939,10.0235,12.7886,28.7654,15.1266
2020-03-01 19:00:00+00:00,11.8930,9.9113,13.1740,26.2277,10.6618
2020-03-01 20:00:00+00:00,8.5588,7.8913,9.9825,18.0334,6.6450
2020-03-01 21:00:00+00:00,6.0783,5.8713,6.5820,13.6152,7.4884
2020-03-01 22:00:00+00:00,6.8121,6.0740,6.5424,15.5735,8.6130
2020-03-01 23:00:00+00:00,5.6321,4.0039,4.6467,12.5010,1.1094
2020-03-02 00:00:00+00:00,4.1938,2.3587,2.1748,8.2758,3.5771
2020-03-02 01:00:00+00:00,5.2273,0.0000,2.5956,6.2182,9.7588
2020-03-02 02:00:00+00:00,5.8257,1.6013,5.2235,8.1993,15.1936
2020-03-02 03:00:00+00:00,10.2202,7.0120,9.9127,24.0841,17.5283
2020-03-02 04:00:00+00:00,13.0780,10.4713,14.3067,31.8967,24.2944
2020-03-02 05:00:00+00:00,10.6746,8.2707,11.5079,21.4031,15.7135
2020-03-02 06:00:00+00:00,15.6431,12.2229,12.9121,37.5557,39.2364
2020-03-02 07:00:00+00:00,28.1041,14.6083,26.0838,26.5999,62.6984
2020-03-02 08:00:00+00:00,76.5639,43.2369,94.3609,33.2355,55.1508
2020-03-02 09:00:00+00:00,80.6085,91.0045,104.7043,70.9753,76.4159
2020-03-02 10:00:00+00:00,81.0000,99.4690,105.6905,186.0623,76.1301
2020-03-02 11:00:00+00:00,81.0000,99.8673,104.4169,215.2000,67.5841
2020-03-02 12:00:00+00:00,81.0000,99.7114,102.5585,215.2000,59.2752
2020-03-02 13:00:00+00:00,77.2383,76.7805,54.1525,206.8193,50.6245
2020-03-02 14:00:00+00:00,59.3481,50.1836,39.9284,174.7553,19.2340
2020-03-02 15:00:00+00:00,77.5425,72.0961,69.4489,205.7687,48.6874
2020-03-02 16:00:00+00:00,77.6070,82.1635,72.3648,209.6612,35.7854
2020-03-02 17:00:00+00:00,77.1280,95.1457,76.1893,211.0640,25.8290
2020-03-02 18:00:00+00:00,50.2200,66.7901,60.6023,183.0610,15.8705
2020-03-02 19:00:00+00:00,73.2498,62.4121,100.9049,162.4196,19.4991
2020-03-02 20:00:00+00:00,79.2610,95.8105,105.3335,205.5891,27.1397
2020-03-02 21:00:00+00:00,81.0000,100.5000,106.5000,209.3176,5.1449
2020-03-02 22:00:00+00:00,81.0000,100.5000,106.5000,215.2000,5.2082
2020-03-02 23:00:00+00:00,78.1695,92.5283,102.8383,181.3490,4.9868
2020-03-03 00:00:00+00:00,62.6023,83.9914,88.8568,159.1126,43.8853
2020-03-03 01:00:00+00:00,54.3152,57.8842,79.4464,114.2487,48.3427
2020-03-03 02:00:00+00:00,76.9079,79.1717,89.2298,198.8517,10.9974
2020-03-03 03:00:00+00:00,67.2181,75.7118,82.5568,201.6620,15.0812
2020-03-03 04:00:00+00:00,44.4500,58.1247,55.5580,129.3448,4.6350
2020-03-03 05:00:00+00:00,35.7890,49.6692,39.5138,127.0562,0.0000
2020-03-03 06:00:00+00:00,30.9627,39.3066,30.3125,104.2294,5.4991
2020-03-03 07:00:00+00:00,23.3364,22.8044,22.7145,61.8847,13.0757
2020-03-03 08:00:00+00:00,13.4628,11.7932,12.9528,32.6592,9.9985
2020-03-03 09:00:00+00:00,9.9463,8.3668,10.3250,22.8166,3.5235
2020-03-03 10:00:00+00:00,6.9481,9.7516,8.6266,12.4618,0.6120
2020-03-03 11:00:00+00:00,6.3103,6.2179,5.6640,9.2258,2.2905
2020-03-03 12:00:00+00:00,8.2134,6.0183,7.1602,13.6311,0.2538
2020-03-03 13:00:00+00:00,9.5950,6.4835,6.1957,15.7663,2.5663
2020-03-03 14:00:00+00:00,21.9390,9.5701,15.8797,33.1194,3.7724
2020-03-03 15:00:00+00:00,15.2833,6.3887,11.5336,26.5998,8.1430
2020-03-03 16:00:00+00:00,1.5253,0.0000,0.0000,0.0000,8.0394
2020-03-03 17:00:00+00:00,0.0000,0.0000,0.0000,0.0000,3.9279
2020-03-03 18:00:00+00:00,0.1919,1.9486,0.6807,1.7229,8.4058
2020-03-03 19:00:00+00:00,1.3924,6.2713,3.4271,3.2006,14.7180
2020-03-03 20:00:00+00:00,5.3639,17.5148,10.5721,16.5827,55.2124
2020-03-03 21:00:00+00:00,10.6254,35.1255,19.9311,30.3712,34.3862
2020-03-03 22:00:00+00:00,7.6961,39.6377,17.2642,27.8452,45.3980
2020-03-03 23:00:00+00:00,7.4772,39.3157,17.2165,26.4798,68.4570
2020-03-04 00:00:00+00:00,29.0980,41.8139,52.5689,19.2667,62.1942
2020-03-04 01:00:00+00:00,29.5596,40.5118,46.1689,17.7504,15.0425
2020-03-04 02:00:00+00:00,43.7391,26.5863,58.3598,26.1558,76.9781
2020-03-04 03:00:00+00:00,78.5867,95.0548,101.0936,133.1805,79.9000
2020-03-04 04:00:00+00:00,78.5324,93.6704,99.7330,203.3217,79.9000
2020-03-04 05:00:00+00:00,81.0000,100.5000,106.5000,215.2000,79.9000
2020-03-04 06:00:00+00:00,81.0000,100.5000,106.5000,215.2000,79.9000
2020-03-04 07:00:00+00:00,81.0000,100.5000,106.5000,215.2000,79.9000
2020-03-04 08:00:00+00:00,81.0000,100.5000,106.5000,215.2000,79.9000
2020-03-04 09:00:00+00:00,81.0000,100.5000,106.5000,215.2000,79.9000
2020-03-04 10:00:00+00:00,81.0000,100.5000,106.5000,215.2000,79.9000
2020-03-04 11:00:00+00:00,81.0000,100.5000,106.5000,215.2000,79.9000
2020-03-04 12:00:00+00:00,81.0000,98.2345,104.9410,215.2000,79.5906
2020-03-04 13:00:00+00:00,81.0000,99.2346,106.2599,215.2000,76.1078
2020-03-04 14:00:00+00:00,64.8617,73.3649,77.1461,172.5741,76.1057
2020-03-04 15:00:00+00:00,78.8113,96.6282,102.4397,209.5728,79.9000
2020-03-04 16:00:00+00:00,81.0000,99.3652,105.0892,215.2000,79.9000
2020-03-04 17:00:00+00:00,81.0000,100.5000,106.5000,215.2000,79.9000
2020-03-04 18:00:00+00:00,81.0000,100.5000,106.5000,215.2000,79.9000
2020-03-04 19:00:00+00:00,80.0918,98.3112,103.7678,213.4146,76.1557
2020-03-04 20:00:00+00:00,81.0000,99.0581,105.6193,214.5358,74.8665
2020-03-04 21:00:00+00:00,81.0000,100.5000,106.5000,215.2000,49.7100
2020-03-04 22:00:00+00:00,81.0000,99.9001,106.5000,215.2000,49.7650
2020-03-04 23:00:00+00:00,77.9719,96.7159,100.8464,209.7581,52.0407
2020-03-05 00:00:00+00:00,78.2425,95.4267,100.8197,208.4247,67.8614
2020-03-05 01:00:00+00:00,76.6342,80.9716,81.6814,204.5162,49.5820
2020-03-05 02:00:00+00:00,75.2281,72.0537,82.4356,186.6729,51.4999
2020-03-05 03:00:00+00:00,70.0039,65.5385,75.6401,178.9728,68.5979
2020-03-05 04:00:00+00:00,64.7676,64.4118,72.3217,170.6975,76.5160
2020-03-05 05:00:00+00:00,59.6656,64.2705,67.9944,163.9303,77.2626
2020-03-05 06:00:00+00:00,63.2649,67.7216,73.5671,176.1052,78.8999
2020-03-05 07:00:00+00:00,74.1522,75.8779,82.8296,201.7119,79.2749
2020-03-05 08:00:00+00:00,65.0633,65.1751,72.5012,181.3548,78.5506
2020-03-05 09:00:00+00:00,60.0285,57.8702,64.6338,166.9614,77.2473
2020-03-05 10:00:00+00:00,45.3543,45.3028,49.0031,134.0935,60.7800
2020-03-05 11:00:00+00:00,38.8982,39.5391,43.0744,112.0348,54.0319
2020-03-05 12:00:00+00:00,33.1683,36.9842,36.6848,98.7988,70.2170
2020-03-05 13:00:00+00:00,34.7066,36.9666,35.9014,99.9678,48.7118
2020-03-05 14:00:00+00:00,39.3086,45.1592,41.9561,116.0549,29.2290
2020-03-05 15:00:00+00:00,36.5503,42.7580,38.7770,108.5125,18.8736
2020-03-05 16:00:00+00:00,37.6841,43.3008,40.9274,111.1917,13.8326
2020-03-05 17:00:00+00:00,33.1607,36.8737,35.1726,98.4578,12.8261
2020-03-05 18:00:00+00:00,31.6266,36.8143,33.9728,89.8619,8.2746
2020-03-05 19:00:00+00:00,21.9837,27.2923,25.0258,63.2328,6.9315
2020-03-05 20:00:00+00:00,14.1975,17.4912,15.2152,41.8400,2.6927
2020-03-05 21:00:00+00:00,21.1946,25.6094,22.8239,60.3783,0.0000
2020-03-05 22:00:00+00:00,10.9726,12.0313,12.3339,28.2043,0.0000
2020-03-05 23:00:00+00:00,6.8347,4.5090,6.2011,21.2620,0.0000
2020-03-06 00:00:00+00:00,4.2423,3.5753,3.7498,14.1418,0.0000
2020-03-06 01:00:00+00:00,5.0283,4.0841,4.0543,18.2717,0.0000
2020-03-06 02:00:00+00:00,0.5938,0.1312,0.0000,3.3480,0.0000
2020-03-06 03:00:00+00:00,0.0000,0.0000,0.0000,0.0000,1.8597
2020-03-06 04:00:00+00:00,0.0000,0.0000,0.0000,0.0000,3.4740
2020-03-06 05:00:00+00:00,0.0000,0.0000,0.0000,0.0000,8.1159
2020-03-06 06:00:00+00:00,0.0000,0.0000,0.0000,0.0000,18.7372
2020-03-06 07:00:00+00:00,1.1357,0.8100,1.5014,0.0000,31.5558
2020-03-06 08:00:00+00:00,6.0706,6.7502,8.3595,8.3045,40.6302
2020-03-06 09:00:00+00:00,7.6627,8.8471,11.3497,10.0900,51.0578
2020-03-06 10:00:00+00:00,25.5526,28.9326,39.1188,44.3608,57.1807
2020-03-06 11:00:00+00:00,35.7708,44.2370,56.3864,59.7944,55.1218
2020-03-06 12:00:00+00:00,43.8214,51.5826,68.6524,85.3526,53.3352
2020-03-06 13:00:00+00:00,33.4304,33.9822,52.3270,67.2081,33.8536
2020-03-06 14:00:00+00:00,25.0190,25.2973,38.5249,52.9998,18.2518
2020-03-06 15:00:00+00:00,24.2991,30.0632,35.1592,53.1107,11.5757
2020-03-06 16:00:00+00:00,33.6906,41.0908,50.5328,72.8008,8.9666
2020-03-06 17:00:00+00:00,44.2237,50.5404,68.2619,95.3062,0.0000
2020-03-06 18:00:00+00:00,38.2264,42.7958,59.5031,83.8829,0.0000
2020-03-06 19:00:00+00:00,28.8760,32.9102,44.9848,61.8716,7.7201
2020-03-06 20:00:00+00:00,28.2214,34.5962,41.1412,62.0071,75.7127
2020-03-06 21:00:00+00:00,23.3322,29.2077,34.2383,52.9275,38.4814
2020-03-06 22:00:00+00:00,34.1997,42.1852,50.3504,78.2535,69.5552
2020-03-06 23:00:00+00:00,25.5698,32.3612,36.9351,58.2095,77.8925
2020-03-07 00:00:00+00:00,30.3854,31.5679,41.5805,68.6120,78.0929
2020-03-07 01:00:00+00:00,32.4418,33.7928,43.3542,78.5439,79.2523
2020-03-07 02:00:00+00:00,42.0076,44.6036,55.9834,106.3568,76.7766
2020-03-07 03:00:00+00:00,32.3713,34.7089,41.1569,91.8606,76.5049
2020-03-07 04:00:00+00:00,46.5884,55.1682,57.2165,137.2205,75.5023
2020-03-07 05:00:00+00:00,55.4483,45.9315,61.7460,168.6406,75.3862
2020-03-07 06:00:00+00:00,59.1089,50.5190,69.9570,171.7268,67.8088
2020-03-07 07:00:00+00:00,59.2779,44.6595,68.1858,160.3613,72.3001
2020-03-07 08:00:00+00:00,51.9949,37.4933,58.7867,149.9901,58.4496
2020-03-07 09:00:00+00:00,49.6856,29.2135,55.1985,146.5941,45.7204
2020-03-07 10:00:00+00:00,36.3803,23.4488,46.0746,99.6692,32.1451
2020-03-07 11:00:00+00:00,21.0795,13.1607,26.9183,62.1243,16.9879
2020-03-07 12:00:00+00:00,13.2858,9.3768,16.7773,41.9019,13.2212
2020-03-07 13:00:00+00:00,6.0698,4.5343,7.0880,21.9970,20.0727
2020-03-07 14:00:00+00:00,2.4817,1.5303,1.8689,8.4678,16.8189
2020-03-07 15:00:00+00:00,4.7564,4.3769,5.0268,16.0680,14.6241
2020-03-07 16:00:00+00:00,5.6149,5.0846,5.5509,17.7484,14.8672
2020-03-07 17:00:00+00:00,8.7471,8.2433,8.8457,25.6508,14.4802
2020-03-07 18:00:00+00:00,13.9208,12.7989,14.0633,39.9943,12.7767
2020-03-07 19:00:00+00:00,13.6222,11.7201,13.1754,38.6463,14.6776
2020-03-07 20:00:00+00:00,12.8202,11.6799,12.3479,34.2118,17.6601
2020-03-07 21:00:00+00:00,21.5247,20.8010,20.4450,61.5855,26.5224
2020-03-07 22:00:00+00:00,27.8896,29.1681,26.1140,86.3989,28.6991
2020-03-07 23:00:00+00:00,35.5083,24.7290,26.7786,113.5371,33.9843
2020-03-08 00:00:00+00:00,59.8650,39.6116,52.6315,197.3888,56.1463
2020-03-08 01:00:00+00:00,64.2322,42.6982,55.9832,200.5402,66.9803
2020-03-08 02:00:00+00:00,78.0347,71.9498,85.2980,211.0047,58.0933
2020-03-08 03:00:00+00:00,76.6959,71.2904,70.1863,207.0733,43.0029
2020-03-08 04:00:00+00:00,79.2856,95.8249,100.8168,211.8000,32.3654
2020-03-08 05:00:00+00:00,78.4469,89.5504,93.2374,209.4316,28.9900
2020-03-08 06:00:00+00:00,78.5097,86.1015,92.9309,208.3673,21.8909
2020-03-08 07:00:00+00:00,79.4088,95.4124,101.2719,211.7917,23.7174
2020-03-08 08:00:00+00:00,79.7429,95.1020,101.9407,210.3407,17.6268
2020-03-08 09:00:00+00:00,80.4472,96.7123,103.1958,212.1778,15.8073
2020-03-08 10:00:00+00:00,78.9457,92.2197,101.4933,207.2287,42.8613
2020-03-08 11:00:00+00:00,75.1850,72.5770,84.4622,173.1623,51.7425
2020-03-08 12:00:00+00:00,47.2693,37.5410,51.2159,102.6615,68.0704
2020-03-08 13:00:00+00:00,29.5544,28.8976,31.1197,62.7545,72.8186
2020-03-08 14:00:00+00:00,27.1204,29.9737,30.4506,69.9234,75.8651
2020-03-08 15:00:00+00:00,26.5163,28.2670,28.2717,67.0127,76.1407
2020-03-08 16:00:00+00:00,17.3681,16.7724,18.1712,39.3008,67.8686
2020-03-08 17:00:00+00:00,16.5438,14.9809,17.5411,35.7180,39.4765
2020-03-08 18:00:00+00:00,14.8443,13.4026,15.5100,32.5298,40.0443
2020-03-08 19:00:00+00:00,17.0974,15.1052,18.6033,33.4753,47.1712
2020-03-08 20:00:00+00:00,16.9854,13.2898,17.6420,29.6404,10.5568
2020-03-08 21:00:00+00:00,15.3865,10.7222,14.4838,24.9378,2.0127
2020-03-08 22:00:00+00:00,14.9453,6.7356,13.9408,18.0663,0.0000
2020-03-08 23:00:00+00:00,18.8497,9.7206,16.0933,22.0505,2.1135
2020-03-09 00:00:00+00:00,31.4007,19.0053,26.9039,49.4889,1.3722
2020-03-09 01:00:00+00:00,67.5885,59.6357,68.5619,148.8139,7.9665
2020-03-09 02:00:00+00:00,81.0000,97.1027,105.7066,214.4162,13.3839
2020-03-09 03:00:00+00:00,81.0000,99.6936,106.5000,215.2000,76.8661
2020-03-09 04:00:00+00:00,81.0000,100.5000,106.5000,215.2000,79.9000
2020-03-09 05:00:00+00:00,81.0000,100.5000,106.5000,215.2000,79.9000
2020-03-09 06:00:00+00:00,81.0000,99.6280,106.5000,215.2000,79.9000
2020-03-09 07:00:00+00:00,81.0000,100.5000,106.5000,215.2000,79.9000
2020-03-09 08:00:00+00:00,81.0000,100.5000,106.5000,215.2000,79.9000
2020-03-09 09:00:00+00:00,81.0000,100.5000,106.5000,215.2000,79.9000
2020-03-09 10:00:00+00:00,81.0000,100.5000,106.5000,215.2000,79.9000
2020-03-09 11:00:00+00:00,81.0000,100.5000,106.5000,215.2000,79.9000
2020-03-09 12:00:00+00:00,81.0000,100.5000,106.5000,215.2000,79.9000
2020-03-09 13:00:00+00:00,81.0000,97.7926,105.2355,215.2000,79.6620
2020-03-09 14:00:00+00:00,79.7945,83.5262,100.9303,211.2204,77.4723
2020-03-09 15:00:00+00:00,76.9069,55.3995,69.4865,204.3937,75.9627
2020-03-09 16:00:00+00:00,39.7786,32.1819,32.6700,97.6996,55.2175
2020-03-09 17:00:00+00:00,27.5596,30.1259,29.2317,57.9853,31.0991
2020-03-09 18:00:00+00:00,18.0773,17.9124,23.0409,27.7354,25.5139
2020-03-09 19:00:00+00:00,13.7267,17.5526,17.7079,15.2629,40.5241
2020-03-09 20:00:00+00:00,6.6452,11.0864,9.9409,5.7553,39.4255
2020-03-09 21:00:00+00:00,7.3051,18.5806,11.0820,12.7835,55.9865
2020-03-09 22:00:00+00:00,12.4165,0.0000,9.5090,11.8888,49.0562
2020-03-09 23:00:00+00:00,8.8525,0.0000,8.5677,8.4307,17.0133
2020-03-10 00:00:00+00:00,9.4090,0.0000,10.1938,10.5991,33.2565
2020-03-10 01:00:00+00:00,3.3303,0.0000,2.0951,0.0000,77.1945
2020-03-10 02:00:00+00:00,27.7169,5.5371,30.2697,18.3092,79.9000
2020-03-10 03:00:00+00:00,63.3222,27.9315,65.2352,111.5479,79.9000
2020-03-10 04:00:00+00:00,55.6565,28.3713,49.8683,133.2621,79.9000
2020-03-10 05:00:00+00:00,78.6622,88.8114,100.7930,208.6986,78.7719
2020-03-10 06:00:00+00:00,76.5480,69.0605,77.1660,206.0019,76.9221
2020-03-10 07:00:00+00:00,55.7052,43.0371,49.2656,159.2571,43.0565
2020-03-10 08:00:00+00:00,38.5683,25.8212,36.6540,76.4970,33.6940
2020-03-10 09:00:00+00:00,22.8068,22.4180,28.1590,45.4227,27.2972
2020-03-10 10:00:00+00:00,32.7765,33.2473,38.8863,72.4824,31.8510
2020-03-10 11:00:00+00:00,52.1166,59.0868,54.1341,134.6616,77.2140
2020-03-10 12:00:00+00:00,56.8975,57.2861,57.4887,149.8611,69.8131
2020-03-10 13:00:00+00:00,68.0368,53.2688,64.6208,161.1994,40.0432
2020-03-10 14:00:00+00:00,53.2591,46.6560,42.0594,133.8657,62.2040
2020-03-10 15:00:00+00:00,78.4163,70.7507,91.0367,213.3812,77.5582
2020-03-10 16:00:00+00:00,76.6834,85.3260,102.3029,210.2259,76.0645
2020-03-10 17:00:00+00:00,78.9183,96.0414,105.9384,211.2615,77.0742
2020-03-10 18:00:00+00:00,78.1114,80.2496,102.8807,201.9040,75.0901
2020-03-10 19:00:00+00:00,78.7819,56.8803,104.9763,201.1214,76.2600
2020-03-10 20:00:00+00:00,35.4939,29.3047,35.7113,65.0274,50.2086
2020-03-10 21:00:00+00:00,37.6466,72.5125,78.9903,58.4377,50.8516
2020-03-10 22:00:00+00:00,32.3712,37.6810,42.5646,58.0446,79.0894
2020-03-10 23:00:00+00:00,54.0215,50.2533,66.3287,136.4629,78.8836
2020-03-11 00:00:00+00:00,60.3739,60.7717,79.1101,154.9654,58.5442
2020-03-11 01:00:00+00:00,68.8113,60.6556,75.4226,189.1710,68.3559
2020-03-11 02:00:00+00:00,78.3494,70.0065,94.7889,209.8555,51.3452
2020-03-11 03:00:00+00:00,78.6470,78.2566,93.2552,212.1433,51.6795
2020-03-11 04:00:00+00:00,79.4285,84.6974,96.9876,215.2000,55.2784
2020-03-11 05:00:00+00:00,77.8824,74.9961,83.2891,211.4065,45.4679
2020-03-11 06:00:00+00:00,73.1555,63.5888,68.1647,205.8868,39.4286
2020-03-11 07:00:00+00:00,70.4735,64.5919,69.3814,204.7242,25.2271
2020-03-11 08:00:00+00:00,48.1437,44.7177,48.2679,148.2792,18.8472
2020-03-11 09:00:00+00:00,32.3938,27.9266,31.6712,96.2912,7.7393
2020-03-11 10:00:00+00:00,18.8798,15.4376,19.6151,54.1235,0.0000
2020-03-11 11:00:00+00:00,11.7110,10.4243,13.6354,34.9741,0.0000
2020-03-11 12:00:00+00:00,7.5935,6.5884,8.8704,27.1897,0.0000
2020-03-11 13:00:00+00:00,6.5631,3.0265,5.0841,22.6367,0.0000
2020-03-11 14:00:00+00:00,8.6060,5.7959,7.8487,25.8241,0.0000
2020-03-11 15:00:00+00:00,4.6480,2.8516,4.4312,11.5624,0.0000
2020-03-11 16:00:00+00:00,0.9661,0.0000,0.3819,0.9233,0.0000
2020-03-11 17:00:00+00:00,0.0000,0.0000,0.0000,0.0000,0.0000
2020-03-11 18:00:00+00:00,0.0000,0.0000,0.0000,0.0000,0.0000
2020-03-11 19:00:00+00:00,0.0000,0.0000,0.0000,0.0000,0.0000
2020-03-11 20:00:00+00:00,0.0000,0.0000,0.0000,0.0000,0.0000
2020-03-11 21:00:00+00:00,0.0000,0.0000,0.0000,0.0000,0.0000
2020-03-11 22:00:00+00:00,0.0000,0.0000,0.0000,0.0000,0.0000
2020-03-11 23:00:00+00:00,0.0000,0.0000,0.0000,0.0000,0.0000
2020-03-12 00:00:00+00:00,0.0000,0.0000,0.0000,0.0000,0.0000
2020-03-12 01:00:00+00:00,0.0000,0.0000,0.0000,0.0000,0.0000
2020-03-12 02:00:00+00:00,0.0000,0.0000,0.0000,0.0000,0.0000
2020-03-12 03:00:00+00:00,0.0000,0.0000,0.0000,0.0000,0.0000
2020-03-12 04:00:00+00:00,1.3820,3.7793,2.5787,3.1809,0.0000
2020-03-12 05:00:00+00:00,3.3648,6.8292,5.8763,6.6291,0.0000
2020-03-12 06:00:00+00:00,6.8669,14.1205,11.9593,13.8170,0.3700
2020-03-12 07:00:00+00:00,8.9897,21.3161,16.4334,17.7761,11.4906
2020-03-12 08:00:00+00:00,9.8150,28.9692,18.2918,20.9879,17.3200
2020-03-12 09:00:00+00:00,9.8581,32.8441,18.8355,21.5656,14.4704
2020-03-12 10:00:00+00:00,16.7088,44.0887,31.0998,34.4046,15.2583
2020-03-12 11:00:00+00:00,14.8339,39.8729,28.4585,35.5590,16.9930
2020-03-12 12:00:00+00:00,16.0579,39.7445,29.1461,36.8848,22.3412
2020-03-12 13:00:00+00:00,11.0810,26.5061,20.4421,17.0796,13.4023
2020-03-12 14:00:00+00:00,7.3258,17.7088,12.9288,20.0137,7.4921
2020-03-12 15:00:00+00:00,5.7206,15.1849,9.6854,15.7791,7.4218
2020-03-12 16:00:00+00:00,4.9660,13.6219,7.6303,14.8560,9.8116
2020-03-12 17:00:00+00:00,3.6824,10.6439,5.3741,12.1627,13.4952
2020-03-12 18:00:00+00:00,0.4805,4.2804,0.5940,5.6313,7.8410
2020-03-12 19:00:00+00:00,0.0410,3.5121,0.0000,4.0829,6.7719
2020-03-12 20:00:00+00:00,3.4789,8.1206,4.5767,12.1998,2.0411
2020-03-12 21:00:00+00:00,5.2485,14.1872,9.4938,14.4226,6.3074
2020-03-12 22:00:00+00:00,9.2775,28.9831,18.1436,26.1986,23.6939
2020-03-12 23:00:00+00:00,10.6736,41.9544,21.4141,32.5992,56.6990
2020-03-13 00:00:00+00:00,10.2250,30.6910,18.2422,9.4767,76.6757
2020-03-13 01:00:00+00:00,28.3544,23.9190,31.9988,23.3339,75.9838
2020-03-13 02:00:00+00:00,29.0682,26.8688,36.6090,13.7379,53.7386
2020-03-13 03:00:00+00:00,46.7159,39.2096,56.5806,59.1697,76.9931
2020-03-13 04:00:00+00:00,77.7799,69.1953,102.5205,114.0743,79.9000
2020-03-13 05:00:00+00:00,79.8700,72.2961,105.1932,90.0791,79.9000
2020-03-13 06:00:00+00:00,81.0000,95.6709,106.5000,146.0260,79.9000
2020-03-13 07:00:00+00:00,81.0000,100.5000,106.5000,215.2000,79.9000
2020-03-13 08:00:00+00:00,81.0000,100.5000,106.5000,215.2000,79.9000
2020-03-13 09:00:00+00:00,81.0000,100.5000,106.5000,215.2000,79.9000
2020-03-13 10:00:00+00:00,81.0000,100.5000,106.5000,215.2000,79.9000
2020-03-13 11:00:00+00:00,81.0000,100.5000,106.5000,215.2000,79.9000
2020-03-13 12:00:00+00:00,81.0000,100.5000,106.5000,215.2000,79.9000
2020-03-13 13:00:00+00:00,81.0000,100.5000,106.5000,215.2000,79.9000
2020-03-13 14:00:00+00:00,81.0000,100.5000,106.5000,215.2000,79.9000
2020-03-13 15:00:00+00:00,81.0000,100.5000,106.5000,215.2000,79.9000
2020-03-13 16:00:00+00:00,81.0000,100.5000,106.5000,215.2000,79.9000
2020-03-13 17:00:00+00:00,81.0000,100.5000,106.5000,215.2000,79.9000
2020-03-13 18:00:00+00:00,81.0000,100.5000,106.5000,215.2000,79.9000
2020-03-13 19:00:00+00:00,81.0000,100.3455,106.0900,215.2000,79.9000
2020-03-13 20:00:00+00:00,81.0000,100.5000,106.5000,215.2000,79.9000
2020-03-13 21:00:00+00:00,81.0000,100.5000,106.5000,215.2000,79.9000
2020-03-13 22:00:00+00:00,81.0000,100.5000,106.5000,215.2000,79.9000
2020-03-13 23:00:00+00:00,81.0000,100.5000,106.5000,215.2000,79.9000
2020-03-14 00:00:00+00:00,81.0000,100.5000,106.5000,215.2000,79.9000
2020-03-14 01:00:00+00:00,81.0000,100.5000,106.5000,215.2000,79.9000
2020-03-14 02:00:00+00:00,81.0000,100.5000,106.5000,215.2000,79.9000
2020-03-14 03:00:00+00:00,81.0000,100.5000,106.5000,215.2000,79.9000
2020-03-14 04:00:00+00:00,81.0000,100.5000,106.5000,215.2000,79.9000
2020-03-14 05:00:00+00:00,81.0000,100.5000,106.5000,215.2000,79.9000
2020-03-14 06:00:00+00:00,81.0000,100.5000,106.5000,215.2000,79.9000
2020-03-14 07:00:00+00:00,81.0000,100.5000,106.5000,215.2000,79.9000
2020-03-14 08:00:00+00:00,81.0000,100.5000,106.5000,215.2000,79.9000
2020-03-14 09:00:00+00:00,81.0000,100.5000,106.5000,215.2000,79.9000
2020-03-14 10:00:00+00:00,81.0000,100.5000,106.5000,215.2000,79.9000
2020-03-14 11:00:00+00:00,81.0000,100.5000,106.5000,215.2000,78.0372
2020-03-14 12:00:00+00:00,81.0000,98.7069,105.9742,215.2000,77.5845
2020-03-14 13:00:00+00:00,81.0000,100.5000,106.5000,215.2000,77.5946
2020-03-14 14:00:00+00:00,81.0000,99.3149,105.9172,215.2000,76.7689
2020-03-14 15:00:00+00:00,81.0000,98.2852,104.5621,215.2000,71.9210
2020-03-14 16:00:00+00:00,77.8935,86.7911,95.6977,207.3666,65.3988
2020-03-14 17:00:00+00:00,78.8181,95.8236,102.0060,207.9565,76.8283
2020-03-14 18:00:00+00:00,66.8060,66.2467,73.6163,165.0378,78.0321
2020-03-14 19:00:00+00:00,79.2523,96.0098,102.5645,208.7539,77.9739
2020-03-14 20:00:00+00:00,78.8783,95.6795,102.0917,208.2071,79.6084
2020-03-14 21:00:00+00:00,77.0587,84.8066,97.8753,199.5941,79.9000
2020-03-14 22:00:00+00:00,65.3681,75.8419,81.0246,167.5158,79.9000
2020-03-14 23:00:00+00:00,45.4188,54.1142,55.8279,117.7310,76.1696
2020-03-15 00:00:00+00:00,26.9693,29.8310,32.1911,75.1476,56.9057
2020-03-15 01:00:00+00:00,8.7350,9.5345,9.9063,27.2862,28.6070
2020-03-15 02:00:00+00:00,14.3654,15.1783,15.6987,44.1941,33.0885
2020-03-15 03:00:00+00:00,11.2662,13.4983,12.9719,35.8284,31.1173
2020-03-15 04:00:00+00:00,18.1809,20.3545,21.7827,51.1839,21.3881
2020-03-15 05:00:00+00:00,18.2945,22.1777,23.7578,50.5194,17.9320
2020-03-15 06:00:00+00:00,13.0540,15.6378,17.2718,34.3780,19.0962
2020-03-15 07:00:00+00:00,11.5642,13.7826,15.4482,29.7309,17.4131
2020-03-15 08:00:00+00:00,7.4690,8.7311,10.4933,19.5909,23.9343
2020-03-15 09:00:00+00:00,6.9351,7.8914,9.4368,19.3573,25.8939
2020-03-15 10:00:00+00:00,5.2999,6.3164,7.2240,14.7232,24.9829
2020-03-15 11:00:00+00:00,6.7449,8.8865,9.4813,19.5948,23.9392
2020-03-15 12:00:00+00:00,5.7870,6.9420,7.6672,18.2788,30.0572
2020-03-15 13:00:00+00:00,2.8311,4.3921,4.0724,9.2343,27.8658
2020-03-15 14:00:00+00:00,0.0000,0.0000,0.0000,0.0000,14.4190
2020-03-15 15:00:00+00:00,0.0000,0.0000,0.0000,0.0000,11.4346
2020-03-15 16:00:00+00:00,1.0490,0.0000,1.3632,2.2256,11.9899
2020-03-15 17:00:00+00:00,1.2738,0.8600,1.8964,2.7456,9.5534
2020-03-15 18:00:00+00:00,2.2980,1.3687,2.8609,4.0982,7.5110
2020-03-15 19:00:00+00:00,3.7156,2.8031,4.3986,6.6706,6.6624
2020-03-15 20:00:00+00:00,5.4356,5.8703,6.7863,11.2274,7.9675
2020-03-15 21:00:00+00:00,4.6824,5.7791,6.3444,8.6596,8.1863
2020-03-15 22:00:00+00:00,7.8028,8.4940,9.8062,17.6891,18.8008
2020-03-15 23:00:00+00:00,13.6527,15.2483,17.4240,32.8816,20.8994
2020-03-16 00:00:00+00:00,9.3082,7.6923,10.6875,24.8548,20.3373
2020-03-16 01:00:00+00:00,3.4854,2.6133,3.6172,10.2379,13.4194
2020-03-16 02:00:00+00:00,2.4214,2.0778,1.9732,9.2566,1.2337
2020-03-16 03:00:00+00:00,0.9608,0.0000,0.0000,4.6740,0.0000
2020-03-16 04:00:00+00:00,0.0000,0.0000,0.0000,2.8495,0.0000
2020-03-16 05:00:00+00:00,0.7292,0.0000,0.0000,3.3926,0.0000
2020-03-16 06:00:00+00:00,3.9973,4.3706,3.5152,14.3756,0.0000
2020-03-16 07:00:00+00:00,9.8043,12.7376,15.6318,18.8656,0.0000
2020-03-16 08:00:00+00:00,14.0800,18.3230,24.1951,22.3428,0.0000
2020-03-16 09:00:00+00:00,11.7464,13.6666,21.6718,16.0412,0.3446
2020-03-16 10:00:00+00:00,7.5632,10.1285,13.4875,7.1804,2.7827
2020-03-16 11:00:00+00:00,8.4627,15.2647,15.4795,10.2792,5.4863
2020-03-16 12:00:00+00:00,7.5605,16.2571,13.1482,8.3456,12.4103
2020-03-16 13:00:00+00:00,4.2541,7.4611,6.9040,3.2831,18.5352
2020-03-16 14:00:00+00:00,3.2730,5.2253,4.3909,8.8173,7.6738
2020-03-16 15:00:00+00:00,2.2783,3.8136,2.6405,7.0046,6.0087
2020-03-16 16:00:00+00:00,3.0472,4.4208,3.2318,10.2684,7.4530
2020-03-16 17:00:00+00:00,2.8822,5.5612,3.5289,9.8710,15.7374
2020-03-16 18:00:00+00:00,0.8605,1.8694,1.2638,1.3431,17.4605
2020-03-16 19:00:00+00:00,1.8015,2.4191,1.9148,4.8623,18.9107
2020-03-16 20:00:00+00:00,3.0452,3.9855,3.6156,7.8627,16.7215
2020-03-16 21:00:00+00:00,1.6190,2.8366,1.3910,5.1435,20.1142
2020-03-16 22:00:00+00:00,0.0000,3.0963,0.0000,4.9656,22.1092
2020-03-16 23:00:00+00:00,1.8321,3.0899,1.9343,1.3290,28.1137
2020-03-17 00:00:00+00:00,18.5632,3.3772,16.3282,8.7999,69.9442
2020-03-17 01:00:00+00:00,62.0120,25.0036,54.1620,75.1069,76.3295
2020-03-17 02:00:00+00:00,81.0000,96.8945,102.3907,212.0253,53.3272
2020-03-17 03:00:00+00:00,81.0000,99.6325,104.5081,215.2000,50.1950
2020-03-17 04:00:00+00:00,81.0000,98.6687,103.6428,215.2000,76.0035
2020-03-17 05:00:00+00:00,81.0000,97.9124,103.3978,213.5788,78.1618
2020-03-17 06:00:00+00:00,81.0000,99.4623,104.7092,215.2000,54.6615
2020-03-17 07:00:00+00:00,81.0000,100.5000,106.5000,215.2000,76.2375
2020-03-17 08:00:00+00:00,81.0000,100.5000,106.5000,215.2000,77.1659
2020-03-17 09:00:00+00:00,81.0000,100.5000,106.5000,215.2000,77.1173
2020-03-17 10:00:00+00:00,81.0000,100.5000,106.5000,215.2000,78.5608
2020-03-17 11:00:00+00:00,81.0000,100.5000,106.5000,215.2000,63.3725
2020-03-17 12:00:00+00:00,81.0000,100.5000,104.0876,215.2000,46.9443
2020-03-17 13:00:00+00:00,67.4917,87.5617,62.9019,204.9065,47.0136
2020-03-17 14:00:00+00:00,78.4770,95.4978,101.8618,212.5595,57.1043
2020-03-17 15:00:00+00:00,79.5469,97.0678,106.1078,205.2191,54.3047
2020-03-17 16:00:00+00:00,79.3436,96.2042,104.4678,204.6569,59.5362
2020-03-17 17:00:00+00:00,78.0181,95.8965,101.8093,188.6822,47.0623
2020-03-17 18:00:00+00:00,79.0264,97.1115,103.3915,207.7041,55.9670
2020-03-17 19:00:00+00:00,79.0283,96.4367,102.7911,207.8335,75.6903
2020-03-17 20:00:00+00:00,79.8356,97.9082,103.8515,210.8461,78.4891
2020-03-17 21:00:00+00:00,79.4471,97.8273,103.7090,209.7381,78.9429
2020-03-17 22:00:00+00:00,77.2189,84.8302,100.9707,198.6464,76.8266
2020-03-17 23:00:00+00:00,78.5157,94.9384,102.4534,206.3014,75.5677
2020-03-18 00:00:00+00:00,80.4173,98.3271,104.5112,213.9010,76.4220
2020-03-18 01:00:00+00:00,81.0000,97.1777,105.5775,215.2000,64.2779
2020-03-18 02:00:00+00:00,77.0307,70.8840,96.7079,183.0690,76.2562
2020-03-18 03:00:00+00:00,76.9608,79.9795,98.7974,191.5367,77.1254
2020-03-18 04:00:00+00:00,62.6965,66.1285,78.8516,140.9715,76.3793
2020-03-18 05:00:00+00:00,53.9184,59.4820,65.9357,127.0389,45.7019
2020-03-18 06:00:00+00:00,50.7687,56.4739,60.7686,121.5922,31.8831
2020-03-18 07:00:00+00:00,33.4588,33.9059,41.2900,82.0363,24.5384
2020-03-18 08:00:00+00:00,7.2292,5.9906,8.5290,16.7868,17.7080
2020-03-18 09:00:00+00:00,1.4401,0.1571,1.1915,4.0001,12.6087
2020-03-18 10:00:00+00:00,1.3753,0.5683,0.9920,3.9171,10.6671
2020-03-18 11:00:00+00:00,0.0000,0.0000,0.0000,0.0000,8.4944
2020-03-18 12:00:00+00:00,0.0000,0.0000,0.0000,0.0000,6.9354
2020-03-18 13:00:00+00:00,0.0000,0.0000,0.0000,0.0000,2.0057
2020-03-18 14:00:00+00:00,0.0000,0.0000,0.0000,0.0000,0.0000
2020-03-18 15:00:00+00:00,0.0000,0.0000,0.0000,0.0000,0.0000
2020-03-18 16:00:00+00:00,0.0000,0.0000,0.0000,0.0000,0.0000
2020-03-18 17:00:00+00:00,0.0000,0.0000,0.0000,0.0000,0.0000
2020-03-18 18:00:00+00:00,0.8155,0.0000,0.7367,1.3004,0.2296
2020-03-18 19:00:00+00:00,0.0000,0.0000,0.0000,0.0000,0.0000
2020-03-18 20:00:00+00:00,0.5332,0.0000,0.0000,0.0000,0.0000
2020-03-18 21:00:00+00:00,1.5800,0.0000,1.2931,0.0000,0.0000
2020-03-18 22:00:00+00:00,0.0000,0.0000,0.0000,0.0000,0.0000
2020-03-18 23:00:00+00:00,0.0000,0.0000,0.0000,0.0000,0.0000
2020-03-19 00:00:00+00:00,0.0000,0.0000,0.0000,0.0000,0.0000
2020-03-19 01:00:00+00:00,1.6099,5.1086,2.4320,1.7781,4.5614
2020-03-19 02:00:00+00:00,10.4827,23.1567,16.3509,26.7330,6.4188
2020-03-19 03:00:00+00:00,17.3107,31.4327,29.7212,32.1791,10.2372
2020-03-19 04:00:00+00:00,14.0566,31.4183,23.3158,29.9544,14.1451
2020-03-19 05:00:00+00:00,12.7096,32.6607,20.4598,32.4115,15.5624
2020-03-19 06:00:00+00:00,11.3481,38.5131,18.7612,46.0754,33.3264
2020-03-19 07:00:00+00:00,7.4398,43.2597,14.9745,37.5112,34.6324
2020-03-19 08:00:00+00:00,9.7490,25.7614,20.9032,15.7631,55.7270
2020-03-19 09:00:00+00:00,29.6334,10.5724,31.1979,0.0000,47.1442
2020-03-19 10:00:00+00:00,36.1768,29.7454,36.7018,60.7974,30.6416
2020-03-19 11:00:00+00:00,28.7085,25.1240,31.5964,46.3053,29.8357
2020-03-19 12:00:00+00:00,15.5994,12.6635,16.2777,41.1565,27.7815
2020-03-19 13:00:00+00:00,21.7699,13.1732,22.3927,35.2688,35.2561
2020-03-19 14:00:00+00:00,8.1318,0.0000,4.4266,0.0970,40.4386
2020-03-19 15:00:00+00:00,0.0000,0.0000,0.0000,0.0000,46.5148
2020-03-19 16:00:00+00:00,0.0000,0.0000,0.0000,0.0000,34.8320
2020-03-19 17:00:00+00:00,2.4470,2.9333,2.7440,3.1431,24.0419
2020-03-19 18:00:00+00:00,2.1533,0.0000,1.8392,0.0000,13.5672
2020-03-19 19:00:00+00:00,1.7983,1.3509,1.7588,3.0169,9.6659
2020-03-19 20:00:00+00:00,1.9841,1.9485,2.2669,4.1677,16.2330
2020-03-19 21:00:00+00:00,1.4830,0.5444,1.3865,2.1139,17.5569
2020-03-19 22:00:00+00:00,3.7291,5.1351,3.6966,8.0721,12.0070
2020-03-19 23:00:00+00:00,11.6554,15.7071,11.5147,21.1546,16.5754
2020-03-20 00:00:00+00:00,14.2915,15.5996,14.7924,17.7054,22.8744
2020-03-20 01:00:00+00:00,24.5522,16.6697,36.4931,16.5552,39.6556
2020-03-20 02:00:00+00:00,40.7612,30.5357,52.2311,30.7528,36.9572
2020-03-20 03:00:00+00:00,63.6191,43.5447,78.3367,52.0956,43.6913
2020-03-20 04:00:00+00:00,76.6050,51.4312,89.3273,80.4814,45.0525
2020-03-20 05:00:00+00:00,77.0808,66.1249,61.7906,168.5849,65.2408
2020-03-20 06:00:00+00:00,76.9550,52.7953,59.5748,80.4085,78.4628
2020-03-20 07:00:00+00:00,77.6830,13.2587,96.0374,12.7868,78.7673
2020-03-20 08:00:00+00:00,81.0000,0.0000,78.6417,152.6848,50.9688
2020-03-20 09:00:00+00:00,78.3266,96.4135,77.5278,212.7983,78.4210
2020-03-20 10:00:00+00:00,80.6872,97.0656,104.6860,213.9569,59.6008
2020-03-20 11:00:00+00:00,81.0000,100.5000,106.5000,215.2000,9.9219
2020-03-20 12:00:00+00:00,81.0000,100.5000,106.5000,210.5659,39.0316
2020-03-20 13:00:00+00:00,81.0000,100.5000,106.5000,215.2000,79.9000
2020-03-20 14:00:00+00:00,81.0000,100.5000,106.5000,215.2000,79.9000
2020-03-20 15:00:00+00:00,81.0000,100.5000,106.5000,215.2000,79.9000
2020-03-20 16:00:00+00:00,81.0000,100.5000,106.5000,215.2000,79.9000
2020-03-20 17:00:00+00:00,81.0000,100.5000,106.5000,215.2000,79.9000
2020-03-20 18:00:00+00:00,81.0000,100.5000,106.5000,215.2000,79.9000
2020-03-20 19:00:00+00:00,81.0000,100.5000,106.5000,215.2000,79.9000
2020-03-20 20:00:00+00:00,81.0000,100.5000,106.5000,215.2000,79.9000
2020-03-20 21:00:00+00:00,81.0000,100.5000,106.5000,215.2000,79.9000
2020-03-20 22:00:00+00:00,81.0000,100.5000,106.5000,215.2000,79.9000
2020-03-20 23:00:00+00:00,81.0000,100.5000,106.5000,215.2000,79.9000
2020-03-21 00:00:00+00:00,81.0000,100.5000,106.5000,215.2000,79.9000
2020-03-21 01:00:00+00:00,81.0000,100.5000,106.5000,215.2000,79.9000
2020-03-21 02:00:00+00:00,81.0000,100.5000,106.5000,215.2000,79.9000
2020-03-21 03:00:00+00:00,81.0000,100.5000,106.5000,215.2000,79.9000
2020-03-21 04:00:00+00:00,81.0000,98.5144,104.8358,215.2000,79.9000
2020-03-21 05:00:00+00:00,80.5145,97.2103,104.3464,212.9030,78.1368
2020-03-21 06:00:00+00:00,71.7349,77.7780,86.4744,183.2653,76.1887
2020-03-21 07:00:00+00:00,76.7980,82.2766,96.2953,202.6894,75.9542
2020-03-21 08:00:00+00:00,71.7804,74.2766,85.1264,198.2672,68.5484
2020-03-21 09:00:00+00:00,54.3687,57.1424,64.2811,154.1951,39.8340
2020-03-21 10:00:00+00:00,40.2651,43.2689,47.6145,116.7318,36.6485
2020-03-21 11:00:00+00:00,32.5769,33.5729,36.3855,98.9260,42.4915
2020-03-21 12:00:00+00:00,24.3074,24.8970,24.6541,82.0854,32.7886
2020-03-21 13:00:00+00:00,25.5784,24.2153,25.6895,83.7083,33.4489
2020-03-21 14:00:00+00:00,23.1661,21.5809,24.9483,70.7253,17.2465
2020-03-21 15:00:00+00:00,15.3167,16.4288,17.3419,43.2676,10.1426
2020-03-21 16:00:00+00:00,18.5645,22.7193,23.1524,52.6131,9.6889
2020-03-21 17:00:00+00:00,18.7339,23.1264,22.6111,51.2604,8.9058
2020-03-21 18:00:00+00:00,16.0729,20.7229,20.9314,41.9698,8.9908
2020-03-21 19:00:00+00:00,21.1626,24.9849,26.9448,56.3306,7.0248
2020-03-21 20:00:00+00:00,16.1237,20.3734,19.9037,44.6587,7.3578
2020-03-21 21:00:00+00:00,13.7030,16.8778,16.7568,37.2340,4.3796
2020-03-21 22:00:00+00:00,18.5922,20.9191,22.2272,50.4988,7.4745
2020-03-21 23:00:00+00:00,24.0199,25.1976,29.0241,63.8580,15.0076
2020-03-22 00:00:00+00:00,19.9265,18.2393,23.4041,55.0360,23.8895
2020-03-22 01:00:00+00:00,8.9290,7.1138,9.4951,25.4624,20.7435
2020-03-22 02:00:00+00:00,4.0477,3.4196,3.9426,12.2686,4.8403
2020-03-22 03:00:00+00:00,2.9521,1.6359,2.5379,8.4707,0.0000
2020-03-22 04:00:00+00:00,3.7648,2.5388,3.7490,12.1020,0.0000
2020-03-22 05:00:00+00:00,3.9601,1.9398,4.2545,9.3429,0.0000
2020-03-22 06:00:00+00:00,1.6371,0.0000,1.9346,1.2749,0.0000
2020-03-22 07:00:00+00:00,2.1014,0.0000,2.5773,3.9392,0.0000
2020-03-22 08:00:00+00:00,2.2822,0.0000,2.3942,4.2296,0.0000
2020-03-22 09:00:00+00:00,1.0686,0.0000,0.6788,0.3736,0.3243
2020-03-22 10:00:00+00:00,0.0000,0.0000,0.0000,0.0000,0.0000
2020-03-22 11:00:00+00:00,0.0000,0.0000,0.0000,0.0000,0.0000
2020-03-22 12:00:00+00:00,0.0000,0.0000,0.0000,0.0000,0.0000
2020-03-22 13:00:00+00:00,1.9842,0.2502,2.7501,2.8082,3.5194
2020-03-22 14:00:00+00:00,2.5692,1.5560,3.5209,3.9820,6.2271
2020-03-22 15:00:00+00:00,1.4458,0.0000,2.0377,0.0000,7.2502
2020-03-22 16:00:00+00:00,0.1066,0.0000,0.1152,0.0000,4.2561
2020-03-22 17:00:00+00:00,0.0000,0.0000,0.0000,0.0000,2.9016
2020-03-22 18:00:00+00:00,0.0000,0.0000,0.0000,0.0000,2.1544
2020-03-22 19:00:00+00:00,0.0000,0.0000,0.0000,0.0000,0.0000
2020-03-22 20:00:00+00:00,0.0000,0.0000,0.0000,0.0000,0.0000
2020-03-22 21:00:00+00:00,1.2785,0.8306,1.7220,0.0000,1.4384
2020-03-22 22:00:00+00:00,2.8092,2.5479,3.7743,4.6500,7.0315
2020-03-22 23:00:00+00:00,5.6113,5.6213,7.6771,11.2161,15.9866
2020-03-23 00:00:00+00:00,11.8602,10.7882,16.2950,24.1843,9.1255
2020-03-23 01:00:00+00:00,16.7183,15.0863,25.5728,27.5818,13.2519
2020-03-23 02:00:00+00:00,21.2735,19.8163,35.6087,30.7511,20.0950
2020-03-23 03:00:00+00:00,23.0735,34.2448,40.1892,40.7500,37.6785
2020-03-23 04:00:00+00:00,21.4037,39.8085,39.1419,32.4229,61.3417
2020-03-23 05:00:00+00:00,30.6544,40.5063,48.2891,19.4093,76.2158
2020-03-23 06:00:00+00:00,76.9070,49.1269,101.0652,39.2685,59.0503
2020-03-23 07:00:00+00:00,80.1621,95.5875,103.8236,159.0731,60.2267
2020-03-23 08:00:00+00:00,81.0000,97.7872,103.3311,205.1942,76.7324
2020-03-23 09:00:00+00:00,81.0000,98.5536,104.1243,211.9795,79.8450
2020-03-23 10:00:00+00:00,81.0000,100.5000,106.5000,215.2000,79.9000
2020-03-23 11:00:00+00:00,81.0000,100.2316,106.4652,191.7961,79.9000
2020-03-23 12:00:00+00:00,81.0000,100.5000,106.5000,206.2281,79.9000
2020-03-23 13:00:00+00:00,81.0000,100.5000,106.5000,211.0017,79.9000
2020-03-23 14:00:00+00:00,78.6769,97.1041,102.7652,172.1407,79.9000
2020-03-23 15:00:00+00:00,76.5890,76.3356,95.0002,120.5632,79.9000
2020-03-23 16:00:00+00:00,77.0307,63.9729,101.4052,121.5743,79.9000
2020-03-23 17:00:00+00:00,78.6815,55.3937,104.0704,144.4382,79.9000
2020-03-23 18:00:00+00:00,78.9703,17.9917,101.7619,100.7370,79.9000
2020-03-23 19:00:00+00:00,49.4466,9.9016,57.8119,39.0120,79.9000
2020-03-23 20:00:00+00:00,19.0970,4.5202,20.6908,16.5580,79.9000
2020-03-23 21:00:00+00:00,25.2316,5.8595,28.8877,15.8486,48.4863
2020-03-23 22:00:00+00:00,14.2691,1.8791,13.6964,4.5928,28.5906
2020-03-23 23:00:00+00:00,4.1215,1.3256,6.1129,0.0000,27.8155
2020-03-24 00:00:00+00:00,5.9939,0.4734,6.3001,0.0000,8.7944
2020-03-24 01:00:00+00:00,18.2283,1.9025,21.7373,3.6460,9.9078
2020-03-24 02:00:00+00:00,34.4899,2.6657,34.4784,16.1928,8.4849
2020-03-24 03:00:00+00:00,48.0713,0.0000,29.1711,32.2917,6.3720
2020-03-24 04:00:00+00:00,13.2041,0.0000,0.0000,9.3699,0.0000
2020-03-24 05:00:00+00:00,2.0073,0.0000,0.0000,5.6537,0.0000
2020-03-24 06:00:00+00:00,2.6152,0.2891,0.4770,7.6571,3.4575
2020-03-24 07:00:00+00:00,3.9913,1.5250,1.8004,13.2369,3.6504
2020-03-24 08:00:00+00:00,4.6958,2.2943,3.2276,17.0299,3.5945
2020-03-24 09:00:00+00:00,5.3619,2.4729,4.2400,19.2934,9.7598
2020-03-24 10:00:00+00:00,3.5056,1.2197,2.6923,12.6052,7.2039
2020-03-24 11:00:00+00:00,4.4834,2.5856,4.1227,13.6119,7.2123
2020-03-24 12:00:00+00:00,3.7864,2.1838,3.4746,10.7468,6.6088
2020-03-24 13:00:00+00:00,5.6518,4.5331,5.8440,15.4318,8.3898
2020-03-24 14:00:00+00:00,2.9905,1.8464,2.6982,9.1514,7.7221
2020-03-24 15:00:00+00:00,2.6302,2.0232,2.3557,7.3428,8.3174
2020-03-24 16:00:00+00:00,2.7290,2.7892,2.8332,7.1509,2.7463
2020-03-24 17:00:00+00:00,2.6743,2.5851,2.8407,8.0995,1.6959
2020-03-24 18:00:00+00:00,2.1769,2.9393,2.6518,5.3666,0.0000
2020-03-24 19:00:00+00:00,1.4359,1.3396,1.3897,3.8383,0.0000
2020-03-24 20:00:00+00:00,1.2737,1.5065,1.2726,3.0490,0.0000
2020-03-24 21:00:00+00:00,1.5486,2.0580,1.7129,3.2389,0.0000
2020-03-24 22:00:00+00:00,2.1467,2.3793,2.2797,5.4863,0.0000
2020-03-24 23:00:00+00:00,1.1014,1.6642,0.7988,3.6197,0.0000
2020-03-25 00:00:00+00:00,0.0000,0.0000,0.0000,0.4848,0.0000
2020-03-25 01:00:00+00:00,0.0000,0.0000,0.0000,0.0000,0.0000
2020-03-25 02:00:00+00:00,0.0000,0.0000,0.0000,0.0000,0.0000
2020-03-25 03:00:00+00:00,0.0000,0.0000,0.0000,0.0000,0.0000
2020-03-25 04:00:00+00:00,0.0000,0.0000,0.0000,0.0000,0.0000
2020-03-25 05:00:00+00:00,0.0000,0.0000,0.0000,0.0000,4.2476
2020-03-25 06:00:00+00:00,0.0000,0.0000,0.9553,0.0000,7.5651
2020-03-25 07:00:00+00:00,1.0524,1.6049,3.2514,0.0000,5.4156
2020-03-25 08:00:00+00:00,3.3689,4.3122,6.0806,3.9337,7.0748
2020-03-25 09:00:00+00:00,5.8208,6.2937,7.9868,5.2503,12.0233
2020-03-25 10:00:00+00:00,9.5341,8.8795,12.7230,11.9344,29.3456
2020-03-25 11:00:00+00:00,25.9122,20.5216,32.8709,23.8948,38.6400
2020-03-25 12:00:00+00:00,22.6790,22.4559,37.7073,18.8041,41.8314
2020-03-25 13:00:00+00:00,23.1650,25.6421,37.5785,16.8073,39.6809
2020-03-25 14:00:00+00:00,17.6917,25.7484,23.3358,18.3395,37.0361
2020-03-25 15:00:00+00:00,9.3110,13.8772,14.4305,11.9869,65.8927
2020-03-25 16:00:00+00:00,20.1353,11.0126,29.2539,12.1963,56.8598
2020-03-25 17:00:00+00:00,22.8951,10.9439,23.5623,20.5709,62.3719
2020-03-25 18:00:00+00:00,15.3775,8.7655,14.9782,19.9557,56.9654
2020-03-25 19:00:00+00:00,10.2876,5.5466,9.2449,19.1271,43.7171
2020-03-25 20:00:00+00:00,4.3704,1.5909,3.2717,9.3551,26.7961
2020-03-25 21:00:00+00:00,3.2539,1.3168,2.4488,7.1286,26.8846
2020-03-25 22:00:00+00:00,5.4094,2.9911,4.6826,11.0167,36.5615
2020-03-25 23:00:00+00:00,5.2381,2.0403,4.3171,4.9194,23.4887
2020-03-26 00:00:00+00:00,12.2111,4.1396,9.8015,11.0202,30.1323
2020-03-26 01:00:00+00:00,24.8371,16.9012,21.2627,43.5215,23.5309
2020-03-26 02:00:00+00:00,22.5067,18.4480,19.8106,54.3581,21.0584
2020-03-26 03:00:00+00:00,16.7507,15.7218,13.8307,53.4318,20.5097
2020-03-26 04:00:00+00:00,13.1661,12.9934,11.5731,36.5355,19.2594
2020-03-26 05:00:00+00:00,10.0383,9.9248,8.7970,28.0527,21.6478
2020-03-26 06:00:00+00:00,7.4830,8.9459,7.8140,22.1924,30.9143
2020-03-26 07:00:00+00:00,8.8193,11.2677,10.2057,25.7683,23.1972
2020-03-26 08:00:00+00:00,7.2780,10.3508,10.3562,19.6805,9.9679
2020-03-26 09:00:00+00:00,5.9711,10.8551,8.9212,16.9070,11.7145
2020-03-26 10:00:00+00:00,6.5335,9.1512,9.7577,19.9796,22.0024
2020-03-26 11:00:00+00:00,8.3821,8.1976,10.1628,24.9434,22.4099
2020-03-26 12:00:00+00:00,8.6331,6.7710,9.4092,24.8338,15.1541
2020-03-26 13:00:00+00:00,5.5199,2.8012,3.4372,14.3796,10.4852
2020-03-26 14:00:00+00:00,3.0343,0.0000,1.1547,6.4892,9.9218
2020-03-26 15:00:00+00:00,8.2066,2.9390,6.5486,10.7609,16.2249
2020-03-26 16:00:00+00:00,16.7124,12.1537,16.8032,24.3120,32.8619
2020-03-26 17:00:00+00:00,22.5725,16.6857,23.9167,25.8482,60.2264
2020-03-26 18:00:00+00:00,13.5841,8.6150,13.8164,16.5149,70.6707
2020-03-26 19:00:00+00:00,8.7330,8.0858,8.8953,18.1878,48.4078
2020-03-26 20:00:00+00:00,27.4817,29.5417,35.3852,63.5863,58.0129
2020-03-26 21:00:00+00:00,35.6149,31.7724,48.7327,71.3277,26.4031
2020-03-26 22:00:00+00:00,73.1155,74.0078,98.3969,160.9971,17.9385
2020-03-26 23:00:00+00:00,71.3122,37.0880,71.1029,169.5123,19.6684
2020-03-27 00:00:00+00:00,33.6881,19.4416,39.0820,74.3420,27.1578
2020-03-27 01:00:00+00:00,72.2371,82.4240,86.7471,204.3516,38.6750
2020-03-27 02:00:00+00:00,77.3366,85.6094,92.6239,208.9639,40.9263
2020-03-27 03:00:00+00:00,67.5002,68.2568,68.3395,205.0275,54.1125
2020-03-27 04:00:00+00:00,72.4505,68.0611,69.8934,205.8076,30.0672
2020-03-27 05:00:00+00:00,65.4938,60.7887,62.3488,200.3302,14.9302
2020-03-27 06:00:00+00:00,64.8542,59.3403,63.1275,198.3981,11.7726
2020-03-27 07:00:00+00:00,57.3881,51.3852,57.2416,166.8732,9.2087
2020-03-27 08:00:00+00:00,46.4395,41.2781,46.3050,139.1782,12.0263
2020-03-27 09:00:00+00:00,29.5743,27.5297,29.5679,92.0084,11.7127
2020-03-27 10:00:00+00:00,43.5709,38.2349,41.2907,144.7889,13.5638
2020-03-27 11:00:00+00:00,36.8052,33.2169,34.0729,126.1075,13.7792
2020-03-27 12:00:00+00:00,31.1030,28.9566,29.7065,103.4741,12.3546
2020-03-27 13:00:00+00:00,34.8166,33.0351,33.5475,107.0956,9.9890
2020-03-27 14:00:00+00:00,29.7410,29.2098,29.6959,85.7684,5.2126
2020-03-27 15:00:00+00:00,19.3415,22.2510,20.2109,57.7931,4.8023
2020-03-27 16:00:00+00:00,11.7438,13.5994,12.5349,35.5024,1.5553
2020-03-27 17:00:00+00:00,14.8177,17.0801,17.2506,40.4834,0.0000
2020-03-27 18:00:00+00:00,18.5869,20.6706,21.8892,49.4098,0.0000
2020-03-27 19:00:00+00:00,19.2736,21.1344,22.0544,51.4761,2.5536
2020-03-27 20:00:00+00:00,22.0787,24.1103,26.1256,57.8949,4.1959
2020-03-27 21:00:00+00:00,16.9236,18.8459,19.8230,45.5216,0.0000
2020-03-27 22:00:00+00:00,20.1052,23.2178,25.1436,52.7221,4.2808
2020-03-27 23:00:00+00:00,14.8343,18.1180,18.1380,39.8843,2.2902
2020-03-28 00:00:00+00:00,8.1820,6.7044,7.9177,25.7466,0.0000
2020-03-28 01:00:00+00:00,7.4182,4.8481,5.8740,29.3444,0.0000
2020-03-28 02:00:00+00:00,3.8159,2.1640,2.1918,21.0677,0.0000
2020-03-28 03:00:00+00:00,1.4257,0.0000,0.0000,11.4519,0.0000
2020-03-28 04:00:00+00:00,1.2322,0.0000,0.0000,8.3865,0.0000
2020-03-28 05:00:00+00:00,0.2688,0.0000,0.0000,4.6432,0.0000
2020-03-28 06:00:00+00:00,0.0000,0.0000,0.0000,0.0000,0.0000
2020-03-28 07:00:00+00:00,0.0000,0.0000,0.0000,0.0000,2.3650
2020-03-28 08:00:00+00:00,0.0000,0.0000,0.0000,0.0000,5.0059
2020-03-28 09:00:00+00:00,0.0000,0.0000,0.0000,0.0000,5.6244
2020-03-28 10:00:00+00:00,0.0000,0.7775,2.3713,0.0000,12.0816
2020-03-28 11:00:00+00:00,1.1126,4.1752,3.5108,0.0000,22.4206
2020-03-28 12:00:00+00:00,3.1478,8.1297,6.6045,4.1152,24.7946
2020-03-28 13:00:00+00:00,5.7270,4.6141,8.3340,6.5994,27.4782
2020-03-28 14:00:00+00:00,6.5171,5.3234,8.8795,3.5570,38.7412
2020-03-28 15:00:00+00:00,5.2495,5.2189,8.1933,0.0000,33.3630
2020-03-28 16:00:00+00:00,7.3919,5.7245,9.9822,0.0000,25.7340
2020-03-28 17:00:00+00:00,6.9207,4.2855,8.4323,0.0000,27.7076
2020-03-28 18:00:00+00:00,7.1561,3.8080,9.4713,0.0000,38.6257
2020-03-28 19:00:00+00:00,8.1399,4.9129,10.9944,3.7764,60.1128
2020-03-28 20:00:00+00:00,8.1064,9.1851,13.2123,4.7221,75.8249
2020-03-28 21:00:00+00:00,4.2969,4.8861,5.3009,0.8533,76.0906
2020-03-28 22:00:00+00:00,1.9772,2.0401,2.3232,1.3928,31.6155
2020-03-28 23:00:00+00:00,3.0087,1.4655,3.6204,0.0000,18.2849
2020-03-29 00:00:00+00:00,3.6414,3.0469,4.1199,1.7548,8.6600
2020-03-29 01:00:00+00:00,5.6757,4.5738,7.0563,0.6015,26.5579
2020-03-29 02:00:00+00:00,6.2834,9.9186,10.2703,4.6048,24.9706
2020-03-29 03:00:00+00:00,9.6703,16.7022,17.3066,13.4866,34.4924
2020-03-29 04:00:00+00:00,11.3842,19.3755,19.3616,15.1302,69.7399
2020-03-29 05:00:00+00:00,16.6861,20.1891,25.9562,13.7695,76.0966
2020-03-29 06:00:00+00:00,16.0069,19.1551,26.6326,10.0995,76.3536
2020-03-29 07:00:00+00:00,29.6081,34.5669,52.8486,23.0028,77.6843
2020-03-29 08:00:00+00:00,36.4846,57.0687,71.3095,34.4129,77.6335
2020-03-29 09:00:00+00:00,45.0772,53.6583,77.9377,37.0090,75.8827
2020-03-29 10:00:00+00:00,48.1367,54.5938,81.0512,33.8910,79.9000
2020-03-29 11:00:00+00:00,60.7821,73.1447,101.4275,40.2763,79.9000
2020-03-29 12:00:00+00:00,77.2484,97.0995,105.6716,65.6827,79.9000
2020-03-29 13:00:00+00:00,78.8735,99.4545,104.8094,73.6924,79.9000
2020-03-29 14:00:00+00:00,76.7424,75.3271,95.4388,90.6924,79.9000
2020-03-29 15:00:00+00:00,81.0000,100.5000,106.5000,143.1894,79.9000
2020-03-29 16:00:00+00:00,81.0000,100.5000,106.5000,184.9342,79.9000
2020-03-29 17:00:00+00:00,81.0000,100.5000,106.5000,215.2000,79.9000
2020-03-29 18:00:00+00:00,81.0000,100.5000,106.5000,215.2000,79.9000
2020-03-29 19:00:00+00:00,81.0000,100.5000,106.5000,215.2000,79.9000
2020-03-29 20:00:00+00:00,81.0000,100.5000,106.5000,215.2000,79.9000
2020-03-29 21:00:00+00:00,81.0000,100.5000,106.5000,215.2000,79.9000
2020-03-29 22:00:00+00:00,81.0000,100.5000,106.5000,215.2000,77.8103
2020-03-29 23:00:00+00:00,81.0000,100.5000,106.5000,215.2000,36.4129
2020-03-30 00:00:00+00:00,81.0000,100.5000,106.5000,215.2000,55.4988
2020-03-30 01:00:00+00:00,81.0000,100.5000,106.5000,215.2000,51.3214
2020-03-30 02:00:00+00:00,81.0000,100.5000,106.5000,215.2000,29.0635
2020-03-30 03:00:00+00:00,81.0000,100.5000,106.5000,215.2000,46.3596
2020-03-30 04:00:00+00:00,79.2478,97.9343,99.2919,212.2503,5.6125
2020-03-30 05:00:00+00:00,56.9675,58.4288,41.9296,152.9516,8.7538
2020-03-30 06:00:00+00:00,49.7878,47.6714,40.9158,112.9717,11.5128
2020-03-30 07:00:00+00:00,48.8902,46.8984,43.2780,91.4713,6.4678
2020-03-30 08:00:00+00:00,44.6788,41.9543,40.7546,82.3674,8.0096
2020-03-30 09:00:00+00:00,40.6825,40.0918,40.7993,75.5833,10.4160
2020-03-30 10:00:00+00:00,47.0140,45.3634,47.1662,72.3668,41.2508
2020-03-30 11:00:00+00:00,56.1937,54.6173,50.5886,92.4188,32.3839
2020-03-30 12:00:00+00:00,54.7597,48.6256,43.1390,90.2031,24.1198
2020-03-30 13:00:00+00:00,48.4349,38.5086,44.2469,107.2093,38.3593
2020-03-30 14:00:00+00:00,31.0373,27.9928,30.2658,87.1765,35.6487
2020-03-30 15:00:00+00:00,17.0696,16.6589,19.5752,36.4567,30.5531
2020-03-30 16:00:00+00:00,6.1645,6.5820,5.6097,11.8003,23.8838
2020-03-30 17:00:00+00:00,9.9430,3.9599,10.2849,9.4888,11.3433
2020-03-30 18:00:00+00:00,2.4593,2.2764,3.6298,0.0000,13.3546
2020-03-30 19:00:00+00:00,3.8495,4.6293,4.1086,9.3302,11.2896
2020-03-30 20:00:00+00:00,5.1748,4.4965,4.8832,13.8454,16.8048
2020-03-30 21:00:00+00:00,6.6656,9.0526,6.7664,11.1560,13.3606
2020-03-30 22:00:00+00:00,7.7317,8.4185,8.3563,12.8675,9.1712
2020-03-30 23:00:00+00:00,5.5234,4.8692,5.1654,8.0873,0.0000
2020-03-31 00:00:00+00:00,3.3121,2.2494,2.4553,0.0000,0.0000
2020-03-31 01:00:00+00:00,7.6971,4.3631,8.7652,5.4813,0.0000
2020-03-31 02:00:00+00:00,5.1599,3.8863,6.4183,0.0000,0.0000
2020-03-31 03:00:00+00:00,1.7473,3.5289,3.1129,0.0000,0.0000
2020-03-31 04:00:00+00:00,1.8927,9.1462,3.3846,5.0324,0.0000
2020-03-31 05:00:00+00:00,3.6147,15.5443,5.9559,10.5016,2.4860
2020-03-31 06:00:00+00:00,7.3355,25.1232,12.2684,25.3949,2.2579
2020-03-31 07:00:00+00:00,11.8504,33.4170,20.8445,37.4223,0.0000
2020-03-31 08:00:00+00:00,12.7075,27.5879,22.0002,34.7406,0.0000
2020-03-31 09:00:00+00:00,21.3169,29.2552,31.9892,47.5049,0.0000
2020-03-31 10:00:00+00:00,15.8719,19.8499,23.2835,36.1858,0.0000
2020-03-31 11:00:00+00:00,20.4048,22.5087,31.1275,42.6305,0.0000
2020-03-31 12:00:00+00:00,14.4293,18.0005,23.9493,26.0592,0.6133
2020-03-31 13:00:00+00:00,12.7108,14.3631,18.8277,27.3025,0.6754
2020-03-31 14:00:00+00:00,10.7997,10.1760,14.0537,21.7887,0.0000
2020-03-31 15:00:00+00:00,7.4991,7.7944,9.2965,18.3207,0.0000
2020-03-31 16:00:00+00:00,7.6150,7.7623,9.9654,18.9719,0.0000
2020-03-31 17:00:00+00:00,8.9500,10.9367,11.9810,21.4413,2.8476
2020-03-31 18:00:00+00:00,10.4310,13.3524,13.9945,26.2174,4.1455
2020-03-31 19:00:00+00:00,11.3351,18.3090,15.6424,32.0914,6.1988
2020-03-31 20:00:00+00:00,13.1909,18.9845,17.1918,34.8674,5.1904
2020-03-31 21:00:00+00:00,19.6369,28.1375,26.7107,52.1717,8.7665
2020-03-31 22:00:00+00:00,16.0289,22.4995,20.9286,44.0337,12.5652
2020-03-31 23:00:00+00:00,12.2122,17.2847,16.5847,31.1634,19.0321
2020-04-01 00:00:00+00:00,15.6528,12.1814,17.7853,43.7961,22.7945
2020-04-01 01:00:00+00:00,15.5332,14.5027,17.7825,45.9554,22.7849
2020-04-01 02:00:00+00:00,14.1906,22.7323,23.4538,31.9761,15.3759
2020-04-01 03:00:00+00:00,8.6967,16.8719,16.7363,15.7611,8.1189
2020-04-01 04:00:00+00:00,5.0930,9.9052,10.3723,8.0338,5.5832
2020-04-01 05:00:00+00:00,4.8237,11.2780,9.6094,9.3284,0.0000
2020-04-01 06:00:00+00:00,6.4677,14.0751,12.9894,13.8948,0.0000
2020-04-01 07:00:00+00:00,5.2944,11.7835,11.3351,10.5002,0.0000
2020-04-01 08:00:00+00:00,3.5661,7.2272,8.2161,2.8024,0.0000
2020-04-01 09:00:00+00:00,1.9213,3.0666,5.1168,0.0000,0.0000
2020-04-01 10:00:00+00:00,1.5275,2.1353,3.8455,0.0000,0.0000
2020-04-01 11:00:00+00:00,1.2712,2.5453,3.5040,0.0000,0.0000
2020-04-01 12:00:00+00:00,1.7038,2.7010,3.9920,2.2273,0.0000
2020-04-01 13:00:00+00:00,3.5071,3.5987,5.9212,5.8010,0.0000
2020-04-01 14:00:00+00:00,2.8876,2.7930,4.2767,5.3863,7.0812
2020-04-01 15:00:00+00:00,3.0071,2.9940,4.3224,5.1803,10.8338
2020-04-01 16:00:00+00:00,4.7567,4.5200,6.7297,9.9370,14.0687
2020-04-01 17:00:00+00:00,4.9063,6.2032,6.8224,11.6716,16.7524
2020-04-01 18:00:00+00:00,6.6119,9.5865,8.5182,21.2090,15.0729
2020-04-01 19:00:00+00:00,12.7147,14.3562,15.6342,35.7519,20.2237
2020-04-01 20:00:00+00:00,9.1255,10.0209,10.9446,25.6963,24.4544
2020-04-01 21:00:00+00:00,6.0802,7.2604,7.2700,16.3449,24.0934
2020-04-01 22:00:00+00:00,6.0172,7.1677,7.9959,15.8354,21.9565
2020-04-01 23:00:00+00:00,5.8689,7.0714,7.5113,14.9939,22.1989
2020-04-02 00:00:00+00:00,7.4846,7.3829,9.0725,18.3613,16.4272
2020-04-02 01:00:00+00:00,5.7998,4.8421,6.4705,14.5270,26.7146
2020-04-02 02:00:00+00:00,6.0785,5.5570,7.0133,15.3604,11.8953
2020-04-02 03:00:00+00:00,5.1007,3.8249,5.9109,14.0281,8.7337
2020-04-02 04:00:00+00:00,6.3183,5.8269,7.2951,18.8407,7.4534
2020-04-02 05:00:00+00:00,4.4993,3.4617,4.8348,13.8928,5.5225
2020-04-02 06:00:00+00:00,3.4189,1.9505,3.0596,9.8175,7.4747
2020-04-02 07:00:00+00:00,5.3531,3.3467,4.7955,15.4545,19.6808
2020-04-02 08:00:00+00:00,6.0335,4.2246,6.1068,15.2840,35.0275
2020-04-02 09:00:00+00:00,4.2571,2.3558,4.2777,7.8355,48.4282
2020-04-02 10:00:00+00:00,2.8670,1.8933,2.7284,9.7988,33.4088
2020-04-02 11:00:00+00:00,3.2814,2.3575,3.1537,10.9200,36.2875
2020-04-02 12:00:00+00:00,4.9376,3.3826,4.9772,16.6152,23.6658
2020-04-02 13:00:00+00:00,6.7039,5.8747,7.1519,21.3978,22.0375
2020-04-02 14:00:00+00:00,13.5955,13.3209,15.3999,37.5711,37.8772
2020-04-02 15:00:00+00:00,15.3392,15.4500,18.7255,40.3624,48.7238
2020-04-02 16:00:00+00:00,15.4206,14.6466,19.4105,41.8850,58.3149
2020-04-02 17:00:00+00:00,14.0703,13.1141,17.2133,37.4020,57.4915
2020-04-02 18:00:00+00:00,15.6589,14.5080,18.0529,41.4302,54.7498
2020-04-02 19:00:00+00:00,22.6043,19.9014,27.9649,52.7845,69.4553
2020-04-02 20:00:00+00:00,27.9332,25.8638,34.7794,63.7526,76.8930
2020-04-02 21:00:00+00:00,35.7345,34.0606,43.0607,88.9953,77.8599
2020-04-02 22:00:00+00:00,24.7852,23.7238,29.2003,62.7939,75.9496
2020-04-02 23:00:00+00:00,28.0901,28.0825,34.4038,75.7085,51.7041
2020-04-03 00:00:00+00:00,29.0039,27.4935,35.1716,73.2052,42.7205
2020-04-03 01:00:00+00:00,17.7263,14.5200,20.4692,48.9244,53.3111
2020-04-03 02:00:00+00:00,18.4189,14.3004,19.5286,56.6922,61.8276
2020-04-03 03:00:00+00:00,11.5373,8.5966,11.6494,40.3541,53.6806
2020-04-03 04:00:00+00:00,8.9795,7.2866,9.3372,35.9602,62.0465
2020-04-03 05:00:00+00:00,12.0806,9.0473,12.7975,46.7010,53.2864
2020-04-03 06:00:00+00:00,12.7127,11.6884,15.7069,35.0606,41.3794
2020-04-03 07:00:00+00:00,10.0195,11.5539,14.7894,25.1291,57.7692
2020-04-03 08:00:00+00:00,16.1789,14.7338,20.9778,38.1176,57.5198
2020-04-03 09:00:00+00:00,33.5893,35.9601,42.5263,89.1414,47.1363
2020-04-03 10:00:00+00:00,45.9857,43.3144,63.5668,106.1994,53.3727
2020-04-03 11:00:00+00:00,31.8908,28.2664,44.3859,72.2713,43.4036
2020-04-03 12:00:00+00:00,32.7054,29.2130,41.3836,78.7970,24.3262
2020-04-03 13:00:00+00:00,24.2913,24.5175,30.9963,56.7392,39.2595
2020-04-03 14:00:00+00:00,30.3965,31.7674,39.0178,67.8202,40.7650
2020-04-03 15:00:00+00:00,34.5128,34.6149,45.3433,76.1148,29.9372
2020-04-03 16:00:00+00:00,30.6683,32.3704,40.2515,72.1792,21.7333
2020-04-03 17:00:00+00:00,35.5521,39.9420,46.5187,83.3839,22.2645
2020-04-03 18:00:00+00:00,33.7426,36.3251,41.6009,85.7693,17.3639
2020-04-03 19:00:00+00:00,24.9706,28.9565,31.8506,65.4777,16.7932
2020-04-03 20:00:00+00:00,25.0515,31.7611,32.6440,66.8494,13.6631
2020-04-03 21:00:00+00:00,19.1193,23.1232,26.8847,43.8304,10.5428
2020-04-03 22:00:00+00:00,9.9902,13.1639,14.1631,26.4158,14.5657
2020-04-03 23:00:00+00:00,9.1328,9.9455,12.2077,26.2667,14.1812
2020-04-04 00:00:00+00:00,12.1582,10.7030,11.5251,35.8711,6.6731
2020-04-04 01:00:00+00:00,17.1190,18.1823,17.9686,48.8557,4.3725
2020-04-04 02:00:00+00:00,12.4623,12.5730,14.5490,30.6595,0.0000
2020-04-04 03:00:00+00:00,13.3890,14.5193,15.7362,34.9531,0.0000
2020-04-04 04:00:00+00:00,8.8751,9.1140,12.4299,17.8334,0.0000
2020-04-04 05:00:00+00:00,10.9665,7.7196,14.5525,18.4073,0.0000
2020-04-04 06:00:00+00:00,7.2553,6.8366,11.8700,10.7405,0.0000
2020-04-04 07:00:00+00:00,12.8267,14.7807,24.1663,14.3353,0.0000
2020-04-04 08:00:00+00:00,15.3472,22.2934,30.3040,18.0926,0.7082
2020-04-04 09:00:00+00:00,13.6821,21.4756,25.8421,18.1719,3.3595
2020-04-04 10:00:00+00:00,1.8029,3.9106,3.5309,5.3792,0.0000
2020-04-04 11:00:00+00:00,0.9200,2.6528,3.0645,2.7454,0.0000
2020-04-04 12:00:00+00:00,0.0000,0.0000,0.0000,0.0000,0.0000
2020-04-04 13:00:00+00:00,0.0000,0.0000,0.0000,0.0000,0.0000
2020-04-04 14:00:00+00:00,0.0000,0.0000,0.0000,0.0000,0.0000
2020-04-04 15:00:00+00:00,0.0000,0.0000,0.0000,0.0000,0.0000
2020-04-04 16:00:00+00:00,0.0000,0.0000,0.0000,0.0000,0.0000
2020-04-04 17:00:00+00:00,1.0163,1.4514,1.3485,2.3152,0.0000
2020-04-04 18:00:00+00:00,0.0000,0.2594,0.0925,0.0000,2.4141
2020-04-04 19:00:00+00:00,0.0000,0.0000,0.0000,0.0000,2.1683
2020-04-04 20:00:00+00:00,0.0000,0.0000,0.0000,0.0000,2.3406
2020-04-04 21:00:00+00:00,0.0000,0.0000,0.0000,0.0000,0.9149
2020-04-04 22:00:00+00:00,0.0000,0.0000,0.0000,0.0000,0.0000
2020-04-04 23:00:00+00:00,0.0000,0.0000,0.0000,0.0000,0.0000
2020-04-05 00:00:00+00:00,0.0000,0.0000,0.0000,0.0000,6.5258
2020-04-05 01:00:00+00:00,0.0000,0.0000,0.0000,0.0000,34.0856
2020-04-05 02:00:00+00:00,0.0000,0.0000,0.0000,0.0000,39.7282
2020-04-05 03:00:00+00:00,0.0000,0.0000,0.0000,0.0000,37.2999
2020-04-05 04:00:00+00:00,0.0000,0.0000,0.0000,0.0000,30.9957
2020-04-05 05:00:00+00:00,0.0000,0.0000,0.0000,0.0000,12.5056
2020-04-05 06:00:00+00:00,2.9506,0.3006,3.4525,4.5184,2.8835
2020-04-05 07:00:00+00:00,7.1778,7.5668,8.3163,16.8827,0.0000
2020-04-05 08:00:00+00:00,8.9440,9.3481,9.1592,29.2184,0.0000
2020-04-05 09:00:00+00:00,6.0917,5.8104,6.1479,20.7899,0.0000
2020-04-05 10:00:00+00:00,6.7411,4.5448,5.1767,22.0690,0.0000
2020-04-05 11:00:00+00:00,2.3096,2.0183,1.8196,6.8237,0.0000
2020-04-05 12:00:00+00:00,0.1507,0.0000,0.0000,0.0000,0.0000
2020-04-05 13:00:00+00:00,1.4384,0.0000,0.3586,1.6639,5.5971
2020-04-05 14:00:00+00:00,1.3402,1.4750,1.4252,0.0000,10.4153
2020-04-05 15:00:00+00:00,4.0204,3.3423,4.1587,5.0943,9.0801
2020-04-05 16:00:00+00:00,6.4638,5.2736,6.6161,11.3442,9.9579
2020-04-05 17:00:00+00:00,11.0281,8.8793,10.9376,24.6901,17.7822
2020-04-05 18:00:00+00:00,12.3103,14.5237,14.3930,27.8609,22.4429
2020-04-05 19:00:00+00:00,20.7442,18.8120,24.8757,48.3875,37.6704
2020-04-05 20:00:00+00:00,25.0598,22.3338,27.5702,54.9023,53.5168
2020-04-05 21:00:00+00:00,26.6318,25.7560,30.1680,68.3640,37.0204
2020-04-05 22:00:00+00:00,26.2697,29.1724,35.2400,62.0910,60.7583
2020-04-05 23:00:00+00:00,36.4786,35.4728,42.1616,96.4850,64.8489
2020-04-06 00:00:00+00:00,24.9943,24.7280,28.1135,73.8628,32.5276
2020-04-06 01:00:00+00:00,34.4034,34.0127,39.1055,87.0708,26.6860
2020-04-06 02:00:00+00:00,24.9070,25.9663,27.9018,69.3158,12.6854
2020-04-06 03:00:00+00:00,27.3643,25.8511,28.6112,77.3589,14.9189
2020-04-06 04:00:00+00:00,26.2970,24.0291,27.1880,77.6964,16.1470
2020-04-06 05:00:00+00:00,20.6717,16.8508,21.4112,63.9745,5.9633
2020-04-06 06:00:00+00:00,11.8185,8.1901,11.9253,39.4810,6.2317
2020-04-06 07:00:00+00:00,6.4710,4.1205,5.4565,25.5586,7.4450
2020-04-06 08:00:00+00:00,5.6066,4.0261,4.1271,24.6256,3.3527
2020-04-06 09:00:00+00:00,4.1574,3.0394,2.8245,20.4937,0.0000
2020-04-06 10:00:00+00:00,2.8662,4.1895,1.8402,13.7376,0.0000
2020-04-06 11:00:00+00:00,4.1226,5.8006,3.0466,15.5322,0.0000
2020-04-06 12:00:00+00:00,3.8078,4.9951,2.6833,16.6580,0.0000
2020-04-06 13:00:00+00:00,9.3936,11.5429,9.2445,30.7958,0.0000
2020-04-06 14:00:00+00:00,8.0415,9.7910,8.2456,26.0790,0.0000
2020-04-06 15:00:00+00:00,10.1929,12.6689,11.5711,29.2746,0.0000
2020-04-06 16:00:00+00:00,14.7288,19.2058,17.5899,39.3525,3.9338
2020-04-06 17:00:00+00:00,21.6495,28.5442,27.8626,54.8907,13.8901
2020-04-06 18:00:00+00:00,28.4398,33.9536,35.4771,72.9451,29.4138
2020-04-06 19:00:00+00:00,36.7227,45.6633,45.7495,93.1550,51.0012
2020-04-06 20:00:00+00:00,62.8209,64.6331,77.2095,142.9439,60.5958
2020-04-06 21:00:00+00:00,55.1907,64.6623,67.0431,114.2506,54.4159
2020-04-06 22:00:00+00:00,30.6463,43.3733,34.9311,68.0783,46.5397
2020-04-06 23:00:00+00:00,44.2632,56.3388,54.6850,127.1222,57.7001
2020-04-07 00:00:00+00:00,8.7480,18.0050,8.0214,35.9191,75.6261
2020-04-07 01:00:00+00:00,44.4341,61.6914,54.5319,126.5993,77.4473
2020-04-07 02:00:00+00:00,58.1874,76.0561,69.2517,166.4926,78.0308
2020-04-07 03:00:00+00:00,56.3613,69.6008,68.4453,151.9895,79.3329
2020-04-07 04:00:00+00:00,41.7283,47.2705,48.1449,103.7756,79.9000
2020-04-07 05:00:00+00:00,31.2818,35.1136,36.2440,79.3456,79.9000
2020-04-07 06:00:00+00:00,28.0508,31.0276,31.0797,89.7862,78.1591
2020-04-07 07:00:00+00:00,15.9694,16.3635,16.8924,54.6436,65.8596
2020-04-07 08:00:00+00:00,11.5704,11.0103,11.8983,43.7675,44.2402
2020-04-07 09:00:00+00:00,6.9786,6.8092,7.3756,27.8370,18.9122
2020-04-07 10:00:00+00:00,4.6875,5.5613,5.0941,16.8804,11.7107
2020-04-07 11:00:00+00:00,10.0375,10.0118,9.9282,30.2974,4.3809
2020-04-07 12:00:00+00:00,13.6171,10.3850,10.3158,42.7482,4.7708
2020-04-07 13:00:00+00:00,11.1987,11.0943,11.2101,34.0565,3.9411
2020-04-07 14:00:00+00:00,14.8242,14.9783,17.8128,38.3084,8.4680
2020-04-07 15:00:00+00:00,16.4656,17.1677,20.4383,39.3835,8.4490
2020-04-07 16:00:00+00:00,23.4927,24.4243,28.6444,52.4825,17.3784
2020-04-07 17:00:00+00:00,36.5049,35.5087,40.7155,94.2087,23.6015
2020-04-07 18:00:00+00:00,16.6347,12.4236,23.8031,33.1790,14.3880
2020-04-07 19:00:00+00:00,18.6621,16.7554,23.7002,42.7693,17.3175
2020-04-07 20:00:00+00:00,23.7277,28.2056,26.7129,57.3960,14.1686
2020-04-07 21:00:00+00:00,21.7365,29.3557,27.2343,51.2074,7.9233
2020-04-07 22:00:00+00:00,20.2214,26.0311,25.3895,51.9728,7.0898
2020-04-07 23:00:00+00:00,13.9335,18.0074,17.3028,36.2684,1.5315
2020-04-08 00:00:00+00:00,5.0614,5.2411,6.2250,13.2507,0.0000
2020-04-08 01:00:00+00:00,5.3972,4.6983,6.0539,14.6459,5.0055
2020-04-08 02:00:00+00:00,0.9717,1.5712,0.0237,4.0088,0.0000
2020-04-08 03:00:00+00:00,0.0000,0.0000,0.0000,0.0000,6.8639
2020-04-08 04:00:00+00:00,0.0000,0.0000,0.0000,0.0000,0.0000
2020-04-08 05:00:00+00:00,0.0000,0.0000,0.0000,0.0000,1.3301
2020-04-08 06:00:00+00:00,0.0000,0.0000,0.0000,0.0000,0.0592
2020-04-08 07:00:00+00:00,0.0000,0.0676,1.1768,0.0000,0.0000
2020-04-08 08:00:00+00:00,1.0086,2.5960,2.7747,0.0000,2.2054
2020-04-08 09:00:00+00:00,3.1463,10.1667,7.4466,5.1029,3.8502
2020-04-08 10:00:00+00:00,13.0072,22.0632,28.9206,17.2639,0.0000
2020-04-08 11:00:00+00:00,13.5863,17.1117,29.9460,14.7778,0.0000
2020-04-08 12:00:00+00:00,7.1409,8.1322,15.4796,5.7418,0.0000
2020-04-08 13:00:00+00:00,3.7850,4.7059,8.0071,3.6236,0.0000
2020-04-08 14:00:00+00:00,0.7150,0.3167,1.7174,0.0000,0.0000
2020-04-08 15:00:00+00:00,0.0000,0.0000,0.0000,0.0000,0.0000
2020-04-08 16:00:00+00:00,0.0000,0.0000,0.0000,0.0000,0.0000
2020-04-08 17:00:00+00:00,0.0000,0.0000,0.0000,0.0000,0.0000
2020-04-08 18:00:00+00:00,0.0000,0.0000,0.0000,0.0000,4.5292
2020-04-08 19:00:00+00:00,0.0000,0.0000,0.0000,0.0000,13.0840
2020-04-08 20:00:00+00:00,0.0000,0.0000,0.0000,0.0000,29.0212
2020-04-08 21:00:00+00:00,0.0000,0.0000,0.0000,0.0000,34.2060
2020-04-08 22:00:00+00:00,0.0000,0.0000,0.0000,0.0000,11.4328
2020-04-08 23:00:00+00:00,0.0000,0.0000,0.0000,0.0000,12.6266
2020-04-09 00:00:00+00:00,0.0000,0.0000,0.0000,0.0000,22.5965
2020-04-09 01:00:00+00:00,0.0000,0.0000,0.0000,0.0000,9.5934
2020-04-09 02:00:00+00:00,0.0000,0.0000,0.0000,0.0000,7.7679
2020-04-09 03:00:00+00:00,0.6093,0.0000,0.0000,0.7695,6.9520
2020-04-09 04:00:00+00:00,0.5864,0.0000,0.0000,0.0000,10.7235
2020-04-09 05:00:00+00:00,0.8043,0.0000,0.0000,0.0000,0.0000
2020-04-09 06:00:00+00:00,0.0952,0.0000,0.0000,0.0000,3.0551
2020-04-09 07:00:00+00:00,0.4017,0.0000,0.0000,0.0000,14.8216
2020-04-09 08:00:00+00:00,2.8580,0.0000,2.3356,3.5207,13.6006
2020-04-09 09:00:00+00:00,0.4713,0.0000,0.0000,0.0000,15.4934
2020-04-09 10:00:00+00:00,8.9733,0.0000,8.0252,5.3230,23.2857
2020-04-09 11:00:00+00:00,5.3442,5.9198,8.9153,2.7985,28.4852
2020-04-09 12:00:00+00:00,8.7269,8.1418,10.8025,10.0146,19.0217
2020-04-09 13:00:00+00:00,3.2360,1.6772,3.9989,0.0000,32.9366
2020-04-09 14:00:00+00:00,10.4465,5.2748,12.7803,16.5005,39.0992
2020-04-09 15:00:00+00:00,17.6747,9.7661,25.6118,25.4693,76.1140
2020-04-09 16:00:00+00:00,10.8862,16.2903,15.9447,28.1790,78.9404
2020-04-09 17:00:00+00:00,10.8023,31.4476,17.5037,33.3556,75.9100
2020-04-09 18:00:00+00:00,3.2167,3.1236,11.1349,0.0000,79.9000
2020-04-09 19:00:00+00:00,79.2738,98.5706,103.6655,209.2744,78.5317
2020-04-09 20:00:00+00:00,76.7586,71.8900,83.1047,206.3605,79.9000
2020-04-09 21:00:00+00:00,81.0000,99.0018,106.2792,215.2000,79.9000
2020-04-09 22:00:00+00:00,79.9065,95.0897,101.4102,215.2000,79.9000
2020-04-09 23:00:00+00:00,35.7187,31.3851,34.6810,112.4061,79.9000
2020-04-10 00:00:00+00:00,23.8229,27.0019,26.0824,74.6239,79.6477
2020-04-10 01:00:00+00:00,58.3994,48.7963,75.8007,109.9461,79.9000
2020-04-10 02:00:00+00:00,78.2832,89.6397,101.8363,206.8295,79.9000
2020-04-10 03:00:00+00:00,80.3713,97.4078,104.7005,211.5535,79.9000
2020-04-10 04:00:00+00:00,80.1955,97.1378,104.1973,211.5563,79.9000
2020-04-10 05:00:00+00:00,78.6581,89.9130,101.4230,209.6105,79.9000
2020-04-10 06:00:00+00:00,78.6455,95.1317,101.5023,209.6250,79.9000
2020-04-10 07:00:00+00:00,80.5924,97.5607,104.0966,214.9786,79.9000
2020-04-10 08:00:00+00:00,80.9587,97.3995,104.7271,215.2000,79.9000
2020-04-10 09:00:00+00:00,80.2455,97.9481,103.7385,215.2000,79.1999
2020-04-10 10:00:00+00:00,77.4966,89.8795,99.9303,207.4750,78.6766
2020-04-10 11:00:00+00:00,76.4540,78.8661,89.3818,202.9966,79.9000
2020-04-10 12:00:00+00:00,58.1783,59.6536,67.5679,155.2684,79.3894
2020-04-10 13:00:00+00:00,51.9978,46.1106,58.3629,138.6583,79.9000
2020-04-10 14:00:00+00:00,52.8136,45.6211,66.4142,115.6232,79.9000
2020-04-10 15:00:00+00:00,36.4158,35.7241,47.7035,73.7232,79.2227
2020-04-10 16:00:00+00:00,16.3948,16.3561,21.7447,38.4363,79.9000
2020-04-10 17:00:00+00:00,39.5077,42.9828,41.4097,108.3454,79.9000
2020-04-10 18:00:00+00:00,42.2498,45.5846,47.1054,109.3763,78.9718
2020-04-10 19:00:00+00:00,46.1066,69.3114,70.1108,93.1215,79.9000
2020-04-10 20:00:00+00:00,58.3668,73.0036,88.8636,82.0570,79.9000
2020-04-10 21:00:00+00:00,68.7302,71.3646,81.8734,167.3224,76.5498
2020-04-10 22:00:00+00:00,59.0259,69.6739,76.6048,157.0403,71.5578
2020-04-10 23:00:00+00:00,34.4410,41.0419,43.2212,79.0836,62.5748
2020-04-11 00:00:00+00:00,29.5888,38.4465,45.1949,55.3960,45.6679
2020-04-11 01:00:00+00:00,72.9264,77.5350,95.8485,159.8763,51.7794
2020-04-11 02:00:00+00:00,55.1775,49.2973,65.7746,140.2133,70.6344
2020-04-11 03:00:00+00:00,71.4322,69.1181,83.2295,197.6028,35.1860
2020-04-11 04:00:00+00:00,66.7397,57.3630,77.7759,174.2721,75.7910
2020-04-11 05:00:00+00:00,60.7673,56.4340,71.4722,155.7400,76.6793
2020-04-11 06:00:00+00:00,72.2001,66.8501,82.6237,203.7980,73.1957
2020-04-11 07:00:00+00:00,62.7041,59.7978,71.0606,183.0644,69.7742
2020-04-11 08:00:00+00:00,65.0762,63.2034,74.1381,186.0337,56.6949
2020-04-11 09:00:00+00:00,51.2639,52.0286,58.5132,143.2624,43.8053
2020-04-11 10:00:00+00:00,51.3252,54.2909,59.8709,143.9560,52.1767
2020-04-11 11:00:00+00:00,47.6346,52.0196,58.2187,127.2065,44.7630
2020-04-11 12:00:00+00:00,54.5441,60.2600,65.2002,146.4556,45.9750
2020-04-11 13:00:00+00:00,58.4182,61.6475,68.6604,154.0304,39.6320
2020-04-11 14:00:00+00:00,50.5528,53.5920,59.0075,130.1495,41.1980
2020-04-11 15:00:00+00:00,67.1329,75.2956,82.3247,169.1265,30.0789
2020-04-11 16:00:00+00:00,59.3147,63.6229,71.0709,148.3934,59.5994
2020-04-11 17:00:00+00:00,60.6963,67.9504,74.3707,151.9377,78.8500
2020-04-11 18:00:00+00:00,60.5348,66.3399,75.5326,148.9505,79.6286
2020-04-11 19:00:00+00:00,65.7572,76.1762,79.4428,163.7532,79.9000
2020-04-11 20:00:00+00:00,75.2255,95.0109,91.8441,193.3367,79.8416
2020-04-11 21:00:00+00:00,71.0861,89.7280,92.2252,184.8711,76.5804
2020-04-11 22:00:00+00:00,69.9541,82.0581,87.1827,178.6656,75.9972
2020-04-11 23:00:00+00:00,64.7704,76.5442,80.0660,164.7218,75.5628
2020-04-12 00:00:00+00:00,40.4848,37.4214,42.8652,112.3649,76.1103
2020-04-12 01:00:00+00:00,11.7674,14.1365,9.8403,42.3433,77.6453
2020-04-12 02:00:00+00:00,28.1046,35.8860,32.3927,69.6998,76.9563
2020-04-12 03:00:00+00:00,47.7641,58.0272,58.5438,109.2737,73.4708
2020-04-12 04:00:00+00:00,56.0697,76.7264,69.6218,143.5245,57.6648
2020-04-12 05:00:00+00:00,54.7516,74.1993,64.7289,140.5865,40.5467
2020-04-12 06:00:00+00:00,46.1775,55.1989,51.7239,115.0606,36.0381
2020-04-12 07:00:00+00:00,38.6344,48.0890,44.6261,91.7282,22.3885
2020-04-12 08:00:00+00:00,31.2445,37.6980,35.2080,79.9361,17.4593
2020-04-12 09:00:00+00:00,22.6359,31.9521,26.4039,57.2202,27.2523
2020-04-12 10:00:00+00:00,23.8929,33.8946,26.3599,50.7202,38.2161
2020-04-12 11:00:00+00:00,19.1060,28.9961,19.5194,41.2379,38.1701
2020-04-12 12:00:00+00:00,15.9400,15.9332,11.1588,33.2356,26.7121
2020-04-12 13:00:00+00:00,25.4300,26.3264,28.4572,65.4577,40.6350
2020-04-12 14:00:00+00:00,29.2236,29.3799,34.6870,67.6249,47.6765
2020-04-12 15:00:00+00:00,21.1602,22.3986,25.3996,46.8312,39.9475
2020-04-12 16:00:00+00:00,27.3449,27.7636,33.3632,62.3326,57.7035
2020-04-12 17:00:00+00:00,23.4702,26.7627,29.2240,56.1986,47.7185
2020-04-12 18:00:00+00:00,20.8396,26.3607,26.2187,52.1043,32.5881
2020-04-12 19:00:00+00:00,22.9109,25.7190,28.8848,54.7882,34.7160
2020-04-12 20:00:00+00:00,15.5521,16.2483,19.7630,33.9519,39.6804
2020-04-12 21:00:00+00:00,10.9808,10.6574,13.9975,21.7939,53.5431
2020-04-12 22:00:00+00:00,2.9965,3.2900,3.9913,3.8969,22.8337
2020-04-12 23:00:00+00:00,3.7295,4.9017,5.1487,6.0806,19.4308
2020-04-13 00:00:00+00:00,19.6256,10.4987,19.8153,17.0305,28.1062
2020-04-13 01:00:00+00:00,57.0700,52.8449,62.7775,73.1001,57.0334
2020-04-13 02:00:00+00:00,51.1803,49.8678,47.8395,91.5807,62.7092
2020-04-13 03:00:00+00:00,77.2399,88.5891,79.0906,147.7296,58.9734
2020-04-13 04:00:00+00:00,79.3659,96.1987,90.2711,187.9179,64.9052
2020-04-13 05:00:00+00:00,80.5512,98.0077,92.5687,211.6597,72.7456
2020-04-13 06:00:00+00:00,80.2866,97.2136,88.3430,208.4751,65.2540
2020-04-13 07:00:00+00:00,78.8247,95.4235,84.4177,161.0143,56.8505
2020-04-13 08:00:00+00:00,78.7392,95.7813,100.7181,145.4161,79.2543
2020-04-13 09:00:00+00:00,72.8399,81.0174,85.9713,107.4756,78.5251
2020-04-13 10:00:00+00:00,77.5438,99.3618,103.9800,149.1866,79.9000
2020-04-13 11:00:00+00:00,78.6286,96.8287,104.3866,176.1833,79.9000
2020-04-13 12:00:00+00:00,76.9259,95.6057,102.3411,132.2485,79.9000
2020-04-13 13:00:00+00:00,81.0000,100.5000,106.5000,215.2000,79.9000
2020-04-13 14:00:00+00:00,81.0000,100.5000,106.5000,215.2000,79.9000
2020-04-13 15:00:00+00:00,81.0000,100.5000,106.5000,215.2000,79.7599
2020-04-13 16:00:00+00:00,81.0000,100.5000,106.5000,215.2000,79.9000
2020-04-13 17:00:00+00:00,81.0000,100.5000,106.5000,215.2000,79.9000
2020-04-13 18:00:00+00:00,79.8845,100.4821,104.6741,211.8301,77.8429
2020-04-13 19:00:00+00:00,78.0887,96.6718,101.3925,207.2677,75.7250
2020-04-13 20:00:00+00:00,69.0170,93.0640,94.0632,164.3891,37.9647
2020-04-13 21:00:00+00:00,79.3886,95.0397,102.9385,211.1062,79.9000
2020-04-13 22:00:00+00:00,52.6446,39.6102,53.9424,121.4071,79.9000
2020-04-13 23:00:00+00:00,81.0000,100.5000,106.5000,215.2000,79.9000
2020-04-14 00:00:00+00:00,81.0000,100.5000,106.5000,215.2000,79.9000
2020-04-14 01:00:00+00:00,81.0000,100.5000,106.5000,215.2000,79.9000
2020-04-14 02:00:00+00:00,81.0000,100.5000,106.5000,215.2000,79.9000
2020-04-14 03:00:00+00:00,81.0000,100.5000,106.5000,215.2000,79.9000
2020-04-14 04:00:00+00:00,81.0000,100.5000,106.5000,215.2000,79.9000
2020-04-14 05:00:00+00:00,81.0000,100.5000,106.5000,215.2000,79.3222
2020-04-14 06:00:00+00:00,81.0000,100.5000,106.5000,215.2000,61.4709
2020-04-14 07:00:00+00:00,81.0000,100.5000,106.5000,215.2000,36.4245
2020-04-14 08:00:00+00:00,81.0000,100.5000,106.5000,215.2000,73.9393
2020-04-14 09:00:00+00:00,81.0000,100.5000,106.5000,215.2000,77.6232
2020-04-14 10:00:00+00:00,81.0000,100.5000,106.5000,215.2000,75.9701
2020-04-14 11:00:00+00:00,81.0000,100.4427,106.5000,212.4998,54.4555
2020-04-14 12:00:00+00:00,78.5763,97.2215,104.4117,205.3244,72.7100
2020-04-14 13:00:00+00:00,77.7066,97.1777,103.3545,205.3482,77.3250
2020-04-14 14:00:00+00:00,77.1364,96.2018,102.1556,204.0449,77.0461
2020-04-14 15:00:00+00:00,69.3892,87.0545,94.1259,175.8540,67.5422
2020-04-14 16:00:00+00:00,60.1152,76.1961,80.4255,147.8899,54.9709
2020-04-14 17:00:00+00:00,70.4864,84.0693,92.9483,165.9695,58.2055
2020-04-14 18:00:00+00:00,57.1057,80.5679,81.9937,141.8209,41.9052
2020-04-14 19:00:00+00:00,60.7048,79.1148,85.9989,147.2550,37.6076
2020-04-14 20:00:00+00:00,43.2788,56.8016,60.4769,115.9242,29.8561
2020-04-14 21:00:00+00:00,29.0814,40.6321,35.1278,83.8475,24.8731
2020-04-14 22:00:00+00:00,37.3573,51.2051,49.9128,93.8793,15.8799
2020-04-14 23:00:00+00:00,34.9431,48.1474,48.3974,90.4273,14.3377
2020-04-15 00:00:00+00:00,23.5364,35.9320,32.8358,65.3095,1.7789
2020-04-15 01:00:00+00:00,16.0897,23.7211,20.3450,52.9538,1.5911
2020-04-15 02:00:00+00:00,19.2775,23.6305,26.9787,51.6491,20.9132
2020-04-15 03:00:00+00:00,37.2590,42.6619,50.5031,92.4233,75.7132
2020-04-15 04:00:00+00:00,47.3954,53.8711,68.4040,100.7594,75.5270
2020-04-15 05:00:00+00:00,51.9200,59.9468,69.7110,120.6909,53.8709
2020-04-15 06:00:00+00:00,57.8156,67.1848,74.1843,148.5300,39.3431
2020-04-15 07:00:00+00:00,57.0821,62.1320,75.3409,146.6477,41.8823
2020-04-15 08:00:00+00:00,52.7949,62.6369,69.9876,141.6423,18.7426
2020-04-15 09:00:00+00:00,56.6902,71.2750,74.1792,159.2258,16.2176
2020-04-15 10:00:00+00:00,45.3376,58.5574,57.8332,133.2938,12.2298
2020-04-15 11:00:00+00:00,38.0659,50.7887,46.9881,119.0111,10.1882
2020-04-15 12:00:00+00:00,34.3921,44.7608,41.0103,100.7435,8.1548
2020-04-15 13:00:00+00:00,40.5834,52.3777,49.4909,108.9444,15.0076
2020-04-15 14:00:00+00:00,42.9883,56.1573,53.0603,113.2769,16.4675
2020-04-15 15:00:00+00:00,47.6852,62.7182,58.1041,128.1181,20.7763
2020-04-15 16:00:00+00:00,47.8899,65.5945,62.4712,127.6465,23.9719
2020-04-15 17:00:00+00:00,45.0298,54.3954,64.9994,93.7306,62.4163
2020-04-15 18:00:00+00:00,40.4952,61.8923,43.8169,147.1952,15.3087
2020-04-15 19:00:00+00:00,59.7117,56.4448,68.7950,151.7233,48.2139
2020-04-15 20:00:00+00:00,59.0113,56.6766,101.3835,122.2417,75.7431
2020-04-15 21:00:00+00:00,29.0653,36.5316,36.3601,77.3464,75.4863
2020-04-15 22:00:00+00:00,17.5823,26.8689,22.6440,44.5008,70.5390
2020-04-15 23:00:00+00:00,17.8694,14.4337,24.2985,43.9973,63.2912
2020-04-16 00:00:00+00:00,9.1102,11.0193,11.1243,25.1715,38.9785
2020-04-16 01:00:00+00:00,8.9932,8.4529,10.2162,25.8915,31.7726
2020-04-16 02:00:00+00:00,9.3480,12.4337,8.5216,38.1033,25.7637
2020-04-16 03:00:00+00:00,14.0536,15.4550,17.2033,39.4407,15.5593
2020-04-16 04:00:00+00:00,13.6602,13.5997,14.2215,39.5573,15.5116
2020-04-16 05:00:00+00:00,8.0371,11.3804,8.3047,26.0663,18.1534
2020-04-16 06:00:00+00:00,8.2284,9.3092,7.0515,24.2312,21.2739
2020-04-16 07:00:00+00:00,9.1153,12.3284,9.2528,27.2353,24.9691
2020-04-16 08:00:00+00:00,8.1664,12.2465,9.0412,25.1436,26.4744
2020-04-16 09:00:00+00:00,8.0110,9.7705,7.3573,24.9821,23.6315
2020-04-16 10:00:00+00:00,8.6829,4.8380,6.4505,32.8869,19.5680
2020-04-16 11:00:00+00:00,15.4608,10.4098,13.5636,50.7476,20.8037
2020-04-16 12:00:00+00:00,14.0740,16.1602,14.4777,44.9980,23.8009
2020-04-16 13:00:00+00:00,17.4472,21.9483,19.8646,50.6773,36.8526
2020-04-16 14:00:00+00:00,17.8703,26.2687,23.5944,47.1035,35.4912
2020-04-16 15:00:00+00:00,28.4098,37.2860,36.0434,71.6061,43.3598
2020-04-16 16:00:00+00:00,36.1176,44.9349,42.7046,102.6530,53.2522
2020-04-16 17:00:00+00:00,37.5341,59.6863,43.8799,112.9767,76.5883
2020-04-16 18:00:00+00:00,81.0000,100.5000,104.6606,214.5326,77.9401
2020-04-16 19:00:00+00:00,32.3909,32.4375,38.8963,80.2188,76.2324
2020-04-16 20:00:00+00:00,35.3128,64.9997,49.9406,72.2965,70.5636
2020-04-16 21:00:00+00:00,36.4492,29.5548,48.4116,92.2548,69.7041
2020-04-16 22:00:00+00:00,79.0106,95.5523,102.9863,206.9608,79.0340
2020-04-16 23:00:00+00:00,69.6297,74.5567,89.6059,185.0886,79.9000
2020-04-17 00:00:00+00:00,45.1974,64.5514,45.8878,171.3406,72.8387
2020-04-17 01:00:00+00:00,33.2056,39.9580,40.4815,86.5693,73.7018
2020-04-17 02:00:00+00:00,46.2349,58.0853,55.9226,127.4343,58.1263
2020-04-17 03:00:00+00:00,66.0618,81.9966,79.3626,189.8575,37.2846
2020-04-17 04:00:00+00:00,58.2739,72.7573,69.0954,164.7535,16.5525
2020-04-17 05:00:00+00:00,50.3320,64.3611,59.5727,145.5801,32.9388
2020-04-17 06:00:00+00:00,41.7413,57.0121,49.6520,123.8366,37.1857
2020-04-17 07:00:00+00:00,51.2638,68.9889,60.3126,151.4445,33.7135
2020-04-17 08:00:00+00:00,39.4631,53.8165,46.8379,117.2915,35.1821
2020-04-17 09:00:00+00:00,25.7649,38.6846,30.7268,76.7362,37.1861
2020-04-17 10:00:00+00:00,19.0304,28.9754,22.7198,54.8606,35.5983
2020-04-17 11:00:00+00:00,20.7118,33.4747,25.5034,59.0178,40.0498
2020-04-17 12:00:00+00:00,27.0815,35.4213,34.5097,72.4445,26.6588
2020-04-17 13:00:00+00:00,32.7203,42.3032,42.2238,82.0120,44.6643
2020-04-17 14:00:00+00:00,37.2014,44.7344,45.7231,89.7517,45.1280
2020-04-17 15:00:00+00:00,30.5735,34.5117,37.0198,76.7631,40.1767
2020-04-17 16:00:00+00:00,34.3524,34.1386,43.2116,77.9639,33.9902
2020-04-17 17:00:00+00:00,44.8759,56.7976,57.1931,111.0819,66.8604
2020-04-17 18:00:00+00:00,53.3012,72.6058,69.1333,131.3045,65.7897
2020-04-17 19:00:00+00:00,53.7065,74.2744,63.7727,170.6022,50.8969
2020-04-17 20:00:00+00:00,26.3352,29.7656,29.4147,70.4553,36.2661
2020-04-17 21:00:00+00:00,12.7576,27.1439,17.0364,43.7526,21.4767
2020-04-17 22:00:00+00:00,14.1978,15.3020,19.1881,36.5840,9.8042
2020-04-17 23:00:00+00:00,13.6975,22.6736,16.9808,42.4099,2.8816
2020-04-18 00:00:00+00:00,11.4979,16.9790,15.5873,20.3565,0.0000
2020-04-18 01:00:00+00:00,2.4497,1.9491,2.6543,4.0555,0.0000
2020-04-18 02:00:00+00:00,0.0000,0.0000,0.0000,2.7523,4.3531
2020-04-18 03:00:00+00:00,0.0000,0.0000,0.0000,0.0000,0.0000
2020-04-18 04:00:00+00:00,0.0000,0.0000,0.0000,0.0000,0.0000
2020-04-18 05:00:00+00:00,0.0000,0.0000,0.0000,0.0000,0.0000
2020-04-18 06:00:00+00:00,0.0000,0.0000,0.0000,0.0000,0.0000
2020-04-18 07:00:00+00:00,0.0000,0.0000,0.0000,0.0000,0.0000
2020-04-18 08:00:00+00:00,0.0000,0.0000,0.0000,0.0000,0.0000
2020-04-18 09:00:00+00:00,0.0000,1.0279,0.0000,0.0000,0.0000
2020-04-18 10:00:00+00:00,0.0000,0.0000,0.0000,0.0000,0.0000
2020-04-18 11:00:00+00:00,0.0000,0.0000,0.0000,0.0000,3.5491
2020-04-18 12:00:00+00:00,0.0000,0.0000,0.0000,0.0000,0.0000
2020-04-18 13:00:00+00:00,0.0000,0.0000,0.0000,0.0000,0.0000
2020-04-18 14:00:00+00:00,0.0000,0.0000,0.0000,0.0000,1.2747
2020-04-18 15:00:00+00:00,0.0000,0.0000,0.0000,0.0000,0.0000
2020-04-18 16:00:00+00:00,0.0000,0.0000,0.0000,0.0000,2.0026
2020-04-18 17:00:00+00:00,0.0000,0.0000,0.0000,0.0000,7.7689
2020-04-18 18:00:00+00:00,0.7191,4.0704,2.4414,0.0000,13.7145
2020-04-18 19:00:00+00:00,3.2320,6.2627,5.9100,4.1692,28.5205
2020-04-18 20:00:00+00:00,5.8733,10.2549,9.6423,11.6439,60.9513
2020-04-18 21:00:00+00:00,8.3412,11.8317,12.4393,19.9329,57.6157
2020-04-18 22:00:00+00:00,9.3311,10.9075,12.3606,21.8743,52.5350
2020-04-18 23:00:00+00:00,14.7615,19.0557,20.3263,37.5023,68.3821
2020-04-19 00:00:00+00:00,15.6815,21.3974,21.0845,38.3520,51.7441
2020-04-19 01:00:00+00:00,36.6186,44.3360,44.5509,92.0682,65.1182
2020-04-19 02:00:00+00:00,43.3853,49.9544,49.8438,108.4677,73.6835
2020-04-19 03:00:00+00:00,51.1683,56.4776,56.4662,128.2410,75.8790
2020-04-19 04:00:00+00:00,56.3249,58.0498,59.6890,148.4315,76.4378
2020-04-19 05:00:00+00:00,68.1796,69.1038,73.0382,171.6474,75.7393
2020-04-19 06:00:00+00:00,64.5410,65.5957,70.3431,158.6175,72.5756
2020-04-19 07:00:00+00:00,77.1183,83.2049,89.2376,201.5903,71.5139
2020-04-19 08:00:00+00:00,77.8926,92.2805,98.3232,205.2291,76.5118
2020-04-19 09:00:00+00:00,78.1824,95.5885,101.1002,204.9114,77.9071
2020-04-19 10:00:00+00:00,77.9198,95.5787,101.2743,199.2035,75.5523
2020-04-19 11:00:00+00:00,77.4855,92.7865,97.8098,195.1856,77.6372
2020-04-19 12:00:00+00:00,63.8406,66.2176,72.9391,142.8079,78.1518
2020-04-19 13:00:00+00:00,68.6942,78.1786,79.6600,190.4537,79.9000
2020-04-19 14:00:00+00:00,57.1217,70.2128,71.1468,158.6169,77.6840
2020-04-19 15:00:00+00:00,60.1595,78.8139,81.4488,160.8652,75.8593
2020-04-19 16:00:00+00:00,44.7676,58.0982,62.6108,111.6508,74.5205
2020-04-19 17:00:00+00:00,51.7456,64.7703,72.9832,117.2648,70.1388
2020-04-19 18:00:00+00:00,73.6355,95.2486,96.8491,166.5167,75.5071
2020-04-19 19:00:00+00:00,55.2358,64.4696,69.1718,136.2690,73.0454
2020-04-19 20:00:00+00:00,77.5370,92.4614,100.7391,205.2053,78.9713
2020-04-19 21:00:00+00:00,68.8765,81.1740,87.2977,192.0704,79.9000
2020-04-19 22:00:00+00:00,77.1973,76.4380,97.9849,198.9574,79.9000
2020-04-19 23:00:00+00:00,78.8269,95.3792,102.0445,208.2491,78.7887
2020-04-20 00:00:00+00:00,77.7150,86.8038,100.6937,205.8629,79.9000
2020-04-20 01:00:00+00:00,79.2405,98.1342,103.0000,211.2012,79.1102
2020-04-20 02:00:00+00:00,70.3610,68.8479,82.1692,178.4654,71.6485
2020-04-20 03:00:00+00:00,80.9099,97.7307,104.9577,214.0066,72.3381
2020-04-20 04:00:00+00:00,81.0000,97.8585,104.7320,215.2000,68.2773
2020-04-20 05:00:00+00:00,78.2445,93.0089,101.4084,207.0592,75.4776
2020-04-20 06:00:00+00:00,54.8635,59.5936,69.0182,133.3956,39.9511
2020-04-20 07:00:00+00:00,15.4365,16.3635,18.4860,46.0715,15.1642
2020-04-20 08:00:00+00:00,8.8544,8.2958,9.7209,28.5191,7.1969
2020-04-20 09:00:00+00:00,8.3677,7.7408,9.1662,25.7859,3.4150
2020-04-20 10:00:00+00:00,4.4973,4.6806,4.9819,14.5403,2.8439
2020-04-20 11:00:00+00:00,3.1322,3.2912,3.6227,10.2841,0.9846
2020-04-20 12:00:00+00:00,2.6251,3.1226,3.3819,7.6035,3.3719
2020-04-20 13:00:00+00:00,0.0000,0.0000,0.0000,0.0000,3.9073
2020-04-20 14:00:00+00:00,0.0000,0.0000,0.0000,0.0000,3.4780
2020-04-20 15:00:00+00:00,0.0000,0.0000,0.0000,0.0000,0.0000
2020-04-20 16:00:00+00:00,0.0000,0.0000,0.0000,0.0000,0.0000
2020-04-20 17:00:00+00:00,0.0000,0.0000,0.0000,0.0000,1.0306
2020-04-20 18:00:00+00:00,0.0000,0.0000,0.0000,0.0000,0.0000
2020-04-20 19:00:00+00:00,0.0000,0.0000,0.0000,0.0000,0.0000
2020-04-20 20:00:00+00:00,0.0000,0.0000,0.0000,0.0000,0.0000
2020-04-20 21:00:00+00:00,0.0000,0.0000,0.0000,0.0000,0.0000
2020-04-20 22:00:00+00:00,0.0000,0.0000,0.0000,0.0000,0.0000
2020-04-20 23:00:00+00:00,0.0000,0.0000,0.0000,0.0000,1.2927
2020-04-21 00:00:00+00:00,0.0000,0.0000,0.0000,0.0000,5.1610
2020-04-21 01:00:00+00:00,0.0000,0.0000,0.0000,0.0000,3.3001
2020-04-21 02:00:00+00:00,0.0000,0.3436,0.0007,0.0000,11.3733
2020-04-21 03:00:00+00:00,2.6903,1.8066,4.0166,0.0000,9.3941
2020-04-21 04:00:00+00:00,8.5295,6.7581,9.3689,11.0112,9.2338
2020-04-21 05:00:00+00:00,8.2600,7.8185,8.9394,15.7310,16.5733
2020-04-21 06:00:00+00:00,7.7876,7.0761,9.1743,13.3531,28.7090
2020-04-21 07:00:00+00:00,23.9758,16.2112,25.2507,26.4622,25.2825
2020-04-21 08:00:00+00:00,75.4861,51.7293,68.6720,127.1029,35.4576
2020-04-21 09:00:00+00:00,76.7791,84.5682,68.9790,175.2231,40.8003
2020-04-21 10:00:00+00:00,78.8824,89.9802,82.0893,203.8049,68.4126
2020-04-21 11:00:00+00:00,81.0000,98.8049,101.1472,211.0648,75.6748
2020-04-21 12:00:00+00:00,81.0000,100.5000,103.7803,215.2000,78.3846
2020-04-21 13:00:00+00:00,77.9726,98.4566,100.9641,206.0634,79.9000
2020-04-21 14:00:00+00:00,60.5510,65.6358,88.2428,127.1890,79.9000
2020-04-21 15:00:00+00:00,77.1512,88.2126,101.3007,199.2548,79.9000
2020-04-21 16:00:00+00:00,79.5207,98.7798,105.3743,208.4910,79.9000
2020-04-21 17:00:00+00:00,81.0000,100.5000,106.5000,215.2000,79.9000
2020-04-21 18:00:00+00:00,77.8659,97.3767,102.9467,203.5138,79.9000
2020-04-21 19:00:00+00:00,77.4136,85.2789,102.7363,206.8869,79.9000
2020-04-21 20:00:00+00:00,47.7441,52.8520,69.9939,106.5744,79.9000
2020-04-21 21:00:00+00:00,81.0000,100.5000,106.5000,215.2000,79.9000
2020-04-21 22:00:00+00:00,80.6412,100.5000,105.6650,213.3365,79.9000
2020-04-21 23:00:00+00:00,77.3885,96.7535,101.5694,205.7670,79.9000
2020-04-22 00:00:00+00:00,63.7521,89.5838,75.4997,169.8065,79.9000
2020-04-22 01:00:00+00:00,56.0091,53.7289,63.3929,134.7882,79.9000
2020-04-22 02:00:00+00:00,63.5848,73.7444,81.0551,160.0674,79.9000
2020-04-22 03:00:00+00:00,77.3477,84.8456,96.4232,206.7899,79.9000
2020-04-22 04:00:00+00:00,77.8791,94.8772,101.3659,207.3959,79.9000
2020-04-22 05:00:00+00:00,77.5036,94.5787,100.8502,206.8450,79.9000
2020-04-22 06:00:00+00:00,78.6704,96.1840,102.1911,210.2873,79.9000
2020-04-22 07:00:00+00:00,79.9897,98.5917,103.9010,213.3476,79.9000
2020-04-22 08:00:00+00:00,81.0000,100.5000,106.5000,215.2000,79.9000
2020-04-22 09:00:00+00:00,81.0000,100.5000,105.9574,215.2000,79.9000
2020-04-22 10:00:00+00:00,81.0000,100.5000,106.5000,215.2000,78.6319
2020-04-22 11:00:00+00:00,81.0000,100.3327,106.3085,215.2000,78.0540
2020-04-22 12:00:00+00:00,81.0000,99.1346,104.8831,215.2000,79.9000
2020-04-22 13:00:00+00:00,81.0000,98.7045,104.8125,215.2000,79.9000
2020-04-22 14:00:00+00:00,81.0000,100.5000,106.5000,215.2000,79.9000
2020-04-22 15:00:00+00:00,81.0000,100.5000,106.5000,215.2000,79.9000
2020-04-22 16:00:00+00:00,81.0000,100.5000,106.5000,215.2000,79.9000
2020-04-22 17:00:00+00:00,81.0000,100.5000,106.5000,215.2000,79.9000
2020-04-22 18:00:00+00:00,81.0000,100.5000,106.5000,215.2000,79.9000
2020-04-22 19:00:00+00:00,81.0000,100.5000,106.5000,215.2000,79.9000
2020-04-22 20:00:00+00:00,81.0000,100.5000,106.5000,215.2000,79.9000
2020-04-22 21:00:00+00:00,81.0000,100.5000,106.5000,215.2000,79.9000
2020-04-22 22:00:00+00:00,81.0000,100.4979,106.5000,215.2000,79.9000
2020-04-22 23:00:00+00:00,80.9347,98.2682,104.9703,214.1246,78.3192
2020-04-23 00:00:00+00:00,78.4804,83.4323,100.7597,208.7936,67.2798
2020-04-23 01:00:00+00:00,78.3460,68.6178,97.8766,207.9002,49.4919
2020-04-23 02:00:00+00:00,76.6671,70.0984,85.5168,204.5443,55.0044
2020-04-23 03:00:00+00:00,78.5164,90.4772,101.0345,209.9273,56.4284
2020-04-23 04:00:00+00:00,76.9707,68.7012,85.3610,206.2447,56.1034
2020-04-23 05:00:00+00:00,65.6392,52.0970,68.0003,188.0891,37.5542
2020-04-23 06:00:00+00:00,63.8645,52.9520,65.9513,178.9706,31.7638
2020-04-23 07:00:00+00:00,54.8484,46.8028,59.2479,154.2253,23.7120
2020-04-23 08:00:00+00:00,52.1740,45.1601,58.7039,140.3238,14.9766
2020-04-23 09:00:00+00:00,47.8270,41.8846,53.5366,122.4035,18.3480
2020-04-23 10:00:00+00:00,39.3704,35.5465,43.1583,102.2421,10.7366
2020-04-23 11:00:00+00:00,52.7751,49.8856,57.7184,134.7370,7.4431
2020-04-23 12:00:00+00:00,46.5476,46.1305,51.5902,124.9661,0.0000
2020-04-23 13:00:00+00:00,28.3642,32.1718,32.1871,78.1939,0.0000
2020-04-23 14:00:00+00:00,26.5620,29.3318,30.0080,71.3591,0.0000
2020-04-23 15:00:00+00:00,24.5425,28.7577,28.3131,67.4855,0.0000
2020-04-23 16:00:00+00:00,23.0041,28.0122,27.1949,64.1717,0.0000
2020-04-23 17:00:00+00:00,27.1577,31.0940,31.6866,73.7863,0.0000
2020-04-23 18:00:00+00:00,29.5131,35.1308,35.6434,82.9493,0.0000
2020-04-23 19:00:00+00:00,21.6369,25.2955,26.6102,57.0910,0.0000
2020-04-23 20:00:00+00:00,19.9211,23.7616,24.8892,54.5135,0.0000
2020-04-23 21:00:00+00:00,10.5241,13.3045,12.9545,29.7842,0.0000
2020-04-23 22:00:00+00:00,4.1468,5.4871,4.6180,11.9534,0.0000
2020-04-23 23:00:00+00:00,2.4581,3.3267,2.5642,7.7438,0.0000
2020-04-24 00:00:00+00:00,1.1727,1.2066,0.4981,3.8670,0.0000
2020-04-24 01:00:00+00:00,0.0000,0.0000,0.0000,0.0000,0.0000
2020-04-24 02:00:00+00:00,0.0000,0.0000,0.0000,0.0000,0.0000
2020-04-24 03:00:00+00:00,0.0000,0.0000,0.0000,0.0000,0.0000
2020-04-24 04:00:00+00:00,0.0000,0.0000,0.0000,0.0000,0.0000
2020-04-24 05:00:00+00:00,0.0000,0.0000,0.0000,0.0000,0.0000
2020-04-24 06:00:00+00:00,0.0000,1.0220,1.1755,0.0000,0.0000
2020-04-24 07:00:00+00:00,2.1293,3.6797,4.4157,0.0000,0.5393
2020-04-24 08:00:00+00:00,4.4848,7.1928,7.8753,4.4093,3.3893
2020-04-24 09:00:00+00:00,4.3607,7.7400,7.7786,4.6367,5.1937
2020-04-24 10:00:00+00:00,10.1960,17.2594,18.8601,13.7657,12.8573
2020-04-24 11:00:00+00:00,16.1841,24.6386,30.8834,20.0807,11.3273
2020-04-24 12:00:00+00:00,15.1578,20.7909,29.7884,16.9646,3.0265
2020-04-24 13:00:00+00:00,10.8749,14.1444,19.2044,16.9288,0.0000
2020-04-24 14:00:00+00:00,8.5859,8.6893,12.7676,16.3087,0.5750
2020-04-24 15:00:00+00:00,9.4777,8.6314,13.3777,19.6635,2.0139
2020-04-24 16:00:00+00:00,4.9829,4.1455,6.7918,9.5511,0.0000
2020-04-24 17:00:00+00:00,3.6603,3.4559,4.7233,6.6562,0.0000
2020-04-24 18:00:00+00:00,2.3010,2.8528,3.0541,4.5895,0.0000
2020-04-24 19:00:00+00:00,3.1971,5.1333,4.7262,6.8900,5.3688
2020-04-24 20:00:00+00:00,2.7483,4.1259,4.1073,6.2538,12.3315
2020-04-24 21:00:00+00:00,1.7165,2.3482,2.4262,4.5447,15.9382
2020-04-24 22:00:00+00:00,0.5582,0.4545,0.7543,1.1384,19.7150
2020-04-24 23:00:00+00:00,0.0000,0.0000,0.0000,0.0000,18.5262
2020-04-25 00:00:00+00:00,0.0000,0.0000,0.0000,0.0000,13.7204
2020-04-25 01:00:00+00:00,0.1764,0.0000,0.0000,2.7071,15.5409
2020-04-25 02:00:00+00:00,0.0000,0.0000,0.0000,0.0000,0.0000
2020-04-25 03:00:00+00:00,0.0000,0.0000,0.0000,0.0000,0.0000
2020-04-25 04:00:00+00:00,0.0000,0.0000,0.0000,0.0000,0.0000
2020-04-25 05:00:00+00:00,0.0000,0.0000,0.0000,1.6733,0.0000
2020-04-25 06:00:00+00:00,1.6587,3.4423,1.7742,4.6392,1.3525
2020-04-25 07:00:00+00:00,5.9475,6.4244,5.3639,20.9325,3.1247
2020-04-25 08:00:00+00:00,7.1294,7.0006,6.5036,28.8978,3.5131
2020-04-25 09:00:00+00:00,11.2323,13.1239,11.5203,43.7175,0.0000
2020-04-25 10:00:00+00:00,4.7602,2.4973,3.6760,12.1666,0.0000
2020-04-25 11:00:00+00:00,4.8350,2.3093,4.1133,11.2297,0.0000
2020-04-25 12:00:00+00:00,1.5648,0.0000,0.0000,1.7957,0.0000
2020-04-25 13:00:00+00:00,1.3775,0.0000,0.0000,3.5067,0.0000
2020-04-25 14:00:00+00:00,0.0000,0.0000,0.0000,0.0000,0.0000
2020-04-25 15:00:00+00:00,0.0000,0.0000,0.0000,0.0000,0.0000
2020-04-25 16:00:00+00:00,0.0000,0.0000,0.0000,0.0000,0.0000
2020-04-25 17:00:00+00:00,0.0000,0.0000,0.0000,0.0000,0.0000
2020-04-25 18:00:00+00:00,0.0000,0.0000,0.0000,0.0000,0.0000
2020-04-25 19:00:00+00:00,0.0000,0.0000,0.0000,0.0000,0.0000
2020-04-25 20:00:00+00:00,0.0000,0.0000,0.0000,0.0000,0.0000
2020-04-25 21:00:00+00:00,0.0000,0.0000,0.0000,0.0000,0.0000
2020-04-25 22:00:00+00:00,0.0000,0.0000,0.0000,0.0000,0.0000
2020-04-25 23:00:00+00:00,0.0000,0.0000,0.0000,0.0000,2.4168
2020-04-26 00:00:00+00:00,0.0000,0.0000,0.0000,0.0000,3.6329
2020-04-26 01:00:00+00:00,0.0000,0.0000,0.0000,0.0000,2.1351
2020-04-26 02:00:00+00:00,0.0000,0.0000,0.0000,0.0000,0.0000
2020-04-26 03:00:00+00:00,0.0000,0.0000,0.0000,0.0000,2.8980
2020-04-26 04:00:00+00:00,0.0000,0.0000,0.0000,0.0000,2.8236
2020-04-26 05:00:00+00:00,0.0000,0.0000,0.0000,0.0000,0.0000
2020-04-26 06:00:00+00:00,0.0000,0.0000,0.0000,0.0000,4.0398
2020-04-26 07:00:00+00:00,2.3134,4.1154,4.3729,0.0000,0.0000
2020-04-26 08:00:00+00:00,9.0356,14.8731,18.7703,8.3757,9.6673
2020-04-26 09:00:00+00:00,18.6814,31.7330,38.5144,19.9398,19.3878
2020-04-26 10:00:00+00:00,25.3832,44.7654,54.3726,33.2043,14.6945
2020-04-26 11:00:00+00:00,27.7608,42.2958,58.6133,33.3538,11.6434
2020-04-26 12:00:00+00:00,21.3416,28.8843,49.5802,18.6569,17.3165
2020-04-26 13:00:00+00:00,18.7723,22.8589,36.8233,25.8657,10.9261
2020-04-26 14:00:00+00:00,23.1483,24.2399,37.6101,41.7328,3.7061
2020-04-26 15:00:00+00:00,17.6935,19.1714,24.0868,37.4928,0.1572
2020-04-26 16:00:00+00:00,21.2061,25.4397,29.0653,46.4122,4.1531
2020-04-26 17:00:00+00:00,27.1200,29.0341,37.0385,61.4520,1.7808
2020-04-26 18:00:00+00:00,22.7944,28.6671,28.9252,56.9328,11.8109
2020-04-26 19:00:00+00:00,24.7845,35.9176,33.3793,67.0428,16.1476
2020-04-26 20:00:00+00:00,37.1786,44.5808,50.6556,90.6600,24.0352
2020-04-26 21:00:00+00:00,34.4341,38.5538,45.4367,82.2301,37.9060
2020-04-26 22:00:00+00:00,50.9454,53.7257,67.2359,118.2055,18.3827
2020-04-26 23:00:00+00:00,43.5001,44.6477,58.2269,100.4918,0.0000
2020-04-27 00:00:00+00:00,25.9329,31.3051,36.3275,62.4535,7.7152
2020-04-27 01:00:00+00:00,35.7493,41.4750,48.1711,86.0268,18.8822
2020-04-27 02:00:00+00:00,16.6958,42.5906,30.8418,42.3762,65.4623
2020-04-27 03:00:00+00:00,19.6483,51.0082,32.4990,52.6882,60.1137
2020-04-27 04:00:00+00:00,13.2830,28.9806,19.3033,27.6466,49.5912
2020-04-27 05:00:00+00:00,42.9215,38.3835,54.2960,95.9084,31.4439
2020-04-27 06:00:00+00:00,58.8211,55.0566,71.5774,142.8675,41.2397
2020-04-27 07:00:00+00:00,64.6598,68.4920,88.0644,148.0192,29.9659
2020-04-27 08:00:00+00:00,51.1687,51.6287,69.5313,109.4947,27.7008
2020-04-27 09:00:00+00:00,35.5407,32.2858,47.1262,77.7143,21.6923
2020-04-27 10:00:00+00:00,27.1229,26.1758,32.7979,58.2056,25.1272
2020-04-27 11:00:00+00:00,28.2194,25.7041,34.5622,73.0265,29.0690
2020-04-27 12:00:00+00:00,18.3717,24.1109,27.3278,43.9592,25.2593
2020-04-27 13:00:00+00:00,10.0233,14.3736,16.2448,22.2139,15.8605
2020-04-27 14:00:00+00:00,8.1180,13.0052,12.8132,19.7296,14.7382
2020-04-27 15:00:00+00:00,11.9527,16.0036,17.7548,29.1344,23.7580
2020-04-27 16:00:00+00:00,9.9825,9.0455,15.4199,16.6782,24.0807
2020-04-27 17:00:00+00:00,15.0816,18.4129,20.1998,37.2496,22.1014
2020-04-27 18:00:00+00:00,19.0450,26.7038,23.0840,64.8162,17.4187
2020-04-27 19:00:00+00:00,8.1586,11.1290,11.1693,11.3774,18.3648
2020-04-27 20:00:00+00:00,1.6811,4.4740,2.9335,3.1366,14.7787
2020-04-27 21:00:00+00:00,6.5533,9.3399,8.9748,14.5830,18.5037
2020-04-27 22:00:00+00:00,5.5570,7.6861,7.7473,15.2193,18.8463
2020-04-27 23:00:00+00:00,6.0601,7.6164,8.0170,16.2633,10.3910
2020-04-28 00:00:00+00:00,4.9205,3.5672,5.3073,12.3613,3.6704
2020-04-28 01:00:00+00:00,14.9404,13.9165,19.2576,32.5639,0.0000
2020-04-28 02:00:00+00:00,4.1003,4.3829,6.0313,5.6158,0.0000
2020-04-28 03:00:00+00:00,5.3784,5.6047,7.2897,8.1794,0.0000
2020-04-28 04:00:00+00:00,4.3287,3.5471,5.5955,5.4174,0.0000
2020-04-28 05:00:00+00:00,0.0000,0.0000,0.0000,0.0000,0.0000
2020-04-28 06:00:00+00:00,0.0000,0.1585,0.0000,0.0000,0.0000
2020-04-28 07:00:00+00:00,5.0127,9.1914,4.9569,17.1547,0.0000
2020-04-28 08:00:00+00:00,6.1429,10.0164,8.8399,16.0057,0.0000
2020-04-28 09:00:00+00:00,3.8335,4.5009,3.4984,12.3574,0.0000
2020-04-28 10:00:00+00:00,0.0000,0.0000,0.0000,2.1816,0.0000
2020-04-28 11:00:00+00:00,1.5542,0.0000,0.0000,5.1577,0.0000
2020-04-28 12:00:00+00:00,0.6862,0.0000,0.0000,3.1977,0.0000
2020-04-28 13:00:00+00:00,2.2868,1.7138,2.7791,6.1982,0.0000
2020-04-28 14:00:00+00:00,3.5055,3.4163,4.5969,7.8873,0.0000
2020-04-28 15:00:00+00:00,4.1419,4.6729,5.4557,9.3298,0.0000
2020-04-28 16:00:00+00:00,3.2157,3.3728,4.0227,6.5119,0.0000
2020-04-28 17:00:00+00:00,4.0152,4.2690,5.3037,7.9203,0.0000
2020-04-28 18:00:00+00:00,2.2549,2.2685,2.7742,3.5504,0.0000
2020-04-28 19:00:00+00:00,1.5843,1.4941,1.8648,1.7200,0.0000
2020-04-28 20:00:00+00:00,0.8325,0.0373,0.4628,0.0000,0.0000
2020-04-28 21:00:00+00:00,0.3186,0.0000,0.1327,0.0000,0.0000
2020-04-28 22:00:00+00:00,0.0000,0.0000,0.0000,0.0000,0.0000
2020-04-28 23:00:00+00:00,0.0000,0.0000,0.0000,0.0000,4.1165
2020-04-29 00:00:00+00:00,1.9111,2.5418,2.2633,5.8430,1.0781
2020-04-29 01:00:00+00:00,3.5276,8.0452,6.2989,9.1218,0.0000
2020-04-29 02:00:00+00:00,3.1190,6.6343,6.1080,4.3112,0.0000
2020-04-29 03:00:00+00:00,1.9320,4.8880,4.9394,0.0000,0.0000
2020-04-29 04:00:00+00:00,1.0951,2.9087,3.0576,0.0000,0.0000
2020-04-29 05:00:00+00:00,2.0580,4.4751,4.1809,0.0000,2.7077
2020-04-29 06:00:00+00:00,5.9044,9.2249,10.2656,5.7901,15.5741
2020-04-29 07:00:00+00:00,9.6405,15.7730,15.9964,12.7583,44.3585
2020-04-29 08:00:00+00:00,13.2848,19.8943,20.8046,17.4855,75.9476
2020-04-29 09:00:00+00:00,15.1606,20.1033,23.1370,13.9907,78.9956
2020-04-29 10:00:00+00:00,10.8345,16.2511,18.4225,7.8413,60.7804
2020-04-29 11:00:00+00:00,13.8555,35.5917,26.0628,26.5186,75.4841
2020-04-29 12:00:00+00:00,11.7703,40.2373,23.3276,25.9155,59.2452
2020-04-29 13:00:00+00:00,14.1813,38.6689,25.2531,29.4766,61.3641
2020-04-29 14:00:00+00:00,16.4609,41.1989,30.3720,29.5929,75.8110
2020-04-29 15:00:00+00:00,14.8356,31.8176,26.2178,28.4716,78.0516
2020-04-29 16:00:00+00:00,22.8655,41.4788,34.8654,57.9575,79.9000
2020-04-29 17:00:00+00:00,32.1749,51.6252,46.4433,83.9007,79.9000
2020-04-29 18:00:00+00:00,30.1529,45.0181,41.3831,73.7484,79.9000
2020-04-29 19:00:00+00:00,37.0798,47.1390,50.8717,83.8083,79.9000
2020-04-29 20:00:00+00:00,48.9517,54.0199,68.6154,104.7573,79.9000
2020-04-29 21:00:00+00:00,76.6183,89.2170,101.3533,164.0013,79.9000
2020-04-29 22:00:00+00:00,77.8650,96.2152,102.1690,172.5998,79.9000
2020-04-29 23:00:00+00:00,81.0000,97.0463,106.5000,203.4989,79.9000
2020-04-30 00:00:00+00:00,81.0000,100.5000,106.5000,215.2000,79.9000
2020-04-30 01:00:00+00:00,81.0000,100.5000,106.5000,215.2000,79.9000
2020-04-30 02:00:00+00:00,81.0000,100.4321,106.5000,215.2000,79.9000
2020-04-30 03:00:00+00:00,81.0000,2.9305,106.5000,204.1327,79.9000
2020-04-30 04:00:00+00:00,0.0000,0.0000,0.0000,0.0000,79.9000
2020-04-30 05:00:00+00:00,26.3108,6.0991,12.7771,6.3577,79.9000
2020-04-30 06:00:00+00:00,81.0000,34.1477,106.5000,215.2000,79.9000
2020-04-30 07:00:00+00:00,81.0000,100.5000,106.5000,215.2000,79.9000
2020-04-30 08:00:00+00:00,81.0000,100.5000,106.5000,215.2000,79.9000
2020-04-30 09:00:00+00:00,81.0000,100.5000,106.5000,215.2000,79.9000
2020-04-30 10:00:00+00:00,81.0000,100.5000,106.5000,215.2000,79.9000
2020-04-30 11:00:00+00:00,81.0000,100.5000,106.5000,215.2000,79.9000
2020-04-30 12:00:00+00:00,81.0000,100.5000,106.5000,215.2000,79.9000
2020-04-30 13:00:00+00:00,80.9789,100.5000,106.5000,211.2923,79.9000
2020-04-30 14:00:00+00:00,81.0000,99.7647,106.5000,214.5390,79.9000
2020-04-30 15:00:00+00:00,79.2399,97.2475,104.1986,207.8117,79.9000
2020-04-30 16:00:00+00:00,80.3469,100.5000,105.7942,207.6306,79.9000
2020-04-30 17:00:00+00:00,81.0000,100.5000,106.5000,213.9554,79.9000
2020-04-30 18:00:00+00:00,81.0000,100.5000,106.5000,215.2000,79.9000
2020-04-30 19:00:00+00:00,81.0000,100.5000,106.5000,215.2000,79.9000
2020-04-30 20:00:00+00:00,81.0000,100.5000,106.5000,215.2000,79.9000
2020-04-30 21:00:00+00:00,81.0000,100.5000,106.5000,215.2000,79.9000
2020-04-30 22:00:00+00:00,81.0000,100.5000,106.5000,215.2000,79.9000
2020-04-30 23:00:00+00:00,81.0000,100.5000,106.5000,215.2000,79.9000
2020-05-01 00:00:00+00:00,81.0000,100.5000,106.5000,215.2000,79.9000
2020-05-01 01:00:00+00:00,81.0000,100.5000,106.5000,215.2000,79.9000
2020-05-01 02:00:00+00:00,81.0000,100.5000,106.5000,215.2000,77.2780
2020-05-01 03:00:00+00:00,81.0000,100.5000,106.5000,215.2000,77.6718
2020-05-01 04:00:00+00:00,81.0000,100.5000,106.5000,215.2000,79.9000
2020-05-01 05:00:00+00:00,81.0000,100.4374,106.5000,215.2000,79.3120
2020-05-01 06:00:00+00:00,81.0000,100.5000,106.5000,206.7119,5.0557
2020-05-01 07:00:00+00:00,81.0000,100.5000,106.5000,210.8503,3.7052
2020-05-01 08:00:00+00:00,81.0000,100.2718,105.4701,201.4411,10.1980
2020-05-01 09:00:00+00:00,77.9707,96.9599,98.9831,177.8593,6.9954
2020-05-01 10:00:00+00:00,77.6726,88.8906,73.7502,204.5670,49.3235
2020-05-01 11:00:00+00:00,30.4859,27.5769,30.6655,74.0064,33.9687
2020-05-01 12:00:00+00:00,21.5537,19.8519,21.4271,46.4359,16.4017
2020-05-01 13:00:00+00:00,17.7693,21.7277,19.2626,46.1942,11.2220
2020-05-01 14:00:00+00:00,18.6657,28.1276,23.1547,49.7861,3.6027
2020-05-01 15:00:00+00:00,27.6782,34.7202,30.7905,74.5375,4.5114
2020-05-01 16:00:00+00:00,24.7835,32.2561,28.3009,67.6121,9.6682
2020-05-01 17:00:00+00:00,17.2825,21.4133,20.4869,50.2070,12.9526
2020-05-01 18:00:00+00:00,18.9537,23.7219,22.8352,53.3257,15.7944
2020-05-01 19:00:00+00:00,32.7496,41.0459,37.8583,94.2411,22.7070
2020-05-01 20:00:00+00:00,45.5582,50.7775,52.8544,120.6640,35.4436
2020-05-01 21:00:00+00:00,38.9330,45.3877,45.2495,106.8039,30.1350
2020-05-01 22:00:00+00:00,44.1562,48.1524,51.0702,127.0972,21.2858
2020-05-01 23:00:00+00:00,36.3751,38.0307,41.5939,98.1741,11.8713
2020-05-02 00:00:00+00:00,29.2881,29.5445,32.8677,82.5309,9.4799
2020-05-02 01:00:00+00:00,25.7377,23.8669,29.8327,68.7238,23.4578
2020-05-02 02:00:00+00:00,15.6347,12.0612,17.3768,39.3767,51.9128
2020-05-02 03:00:00+00:00,14.7963,11.1646,17.5168,30.3850,52.3968
2020-05-02 04:00:00+00:00,19.0591,17.6105,22.9029,46.1255,33.9784
2020-05-02 05:00:00+00:00,14.3430,12.7497,16.2576,37.6025,22.2530
2020-05-02 06:00:00+00:00,13.2679,10.1445,13.4309,38.8384,16.8309
2020-05-02 07:00:00+00:00,7.1306,5.3580,6.0275,26.3869,6.0726
2020-05-02 08:00:00+00:00,6.4866,5.2933,6.0556,24.9728,0.0000
2020-05-02 09:00:00+00:00,4.5814,3.7188,3.7711,19.1677,0.0000
2020-05-02 10:00:00+00:00,4.6650,6.0504,4.4370,20.1363,0.0000
2020-05-02 11:00:00+00:00,5.8991,7.3681,5.8274,19.8330,10.8871
2020-05-02 12:00:00+00:00,5.8025,8.5322,5.6412,20.9992,8.6466
2020-05-02 13:00:00+00:00,3.6816,5.0750,3.6424,13.3794,11.2335
2020-05-02 14:00:00+00:00,5.3086,6.4008,6.1328,15.1981,14.0799
2020-05-02 15:00:00+00:00,3.6030,4.0125,4.3223,9.6108,22.7806
2020-05-02 16:00:00+00:00,3.1427,3.0674,3.4514,7.3292,30.6482
2020-05-02 17:00:00+00:00,4.5643,4.9671,5.1773,10.2093,29.8445
2020-05-02 18:00:00+00:00,8.7229,10.2479,11.1410,20.7069,32.0907
2020-05-02 19:00:00+00:00,11.7508,13.3240,15.2860,28.2172,28.9508
2020-05-02 20:00:00+00:00,13.3415,14.4857,17.1957,31.0242,45.6287
2020-05-02 21:00:00+00:00,17.8964,21.0296,24.0868,39.3887,48.0112
2020-05-02 22:00:00+00:00,25.9073,32.5847,32.2169,64.7735,24.7893
2020-05-02 23:00:00+00:00,22.1126,26.8769,28.3654,55.8455,16.6336
2020-05-03 00:00:00+00:00,21.0703,24.0428,25.4586,53.6227,43.8111
2020-05-03 01:00:00+00:00,37.5008,44.2434,44.3904,96.5493,6.5576
2020-05-03 02:00:00+00:00,53.0956,65.3856,60.2554,151.7771,21.6301
2020-05-03 03:00:00+00:00,74.5374,84.7188,88.6748,205.0033,43.2123
2020-05-03 04:00:00+00:00,16.6833,19.3396,15.4594,48.2051,59.4835
2020-05-03 05:00:00+00:00,18.1128,15.2584,21.7278,34.4935,57.5996
2020-05-03 06:00:00+00:00,8.9705,9.8480,10.7439,15.6453,63.6001
2020-05-03 07:00:00+00:00,42.6472,41.9884,50.2229,72.2139,70.8335
2020-05-03 08:00:00+00:00,24.3612,31.8146,31.7064,44.9522,49.7224
2020-05-03 09:00:00+00:00,36.3558,29.0253,38.3774,40.3562,36.1303
2020-05-03 10:00:00+00:00,34.1529,42.7690,35.7798,73.4785,75.8106
2020-05-03 11:00:00+00:00,43.7193,45.3573,47.1512,92.6996,76.6942
2020-05-03 12:00:00+00:00,30.8075,31.4864,31.2667,81.5935,71.0608
2020-05-03 13:00:00+00:00,37.4051,39.9949,41.2236,97.3872,70.0999
2020-05-03 14:00:00+00:00,30.5593,34.5501,34.7158,75.1523,55.5693
2020-05-03 15:00:00+00:00,49.4936,59.9417,61.4123,126.1214,32.9321
2020-05-03 16:00:00+00:00,55.7034,64.8739,67.8566,149.8706,31.6534
2020-05-03 17:00:00+00:00,49.5572,54.4527,59.8828,130.9145,28.6848
2020-05-03 18:00:00+00:00,55.1314,61.3757,67.3469,144.7484,21.0051
2020-05-03 19:00:00+00:00,53.5708,59.8575,68.1815,130.1633,23.5975
2020-05-03 20:00:00+00:00,68.6532,83.3487,87.8948,169.6339,50.2028
2020-05-03 21:00:00+00:00,63.8616,70.8374,77.4889,160.9878,78.8258
2020-05-03 22:00:00+00:00,62.2818,69.4594,79.1817,153.5130,78.6337
2020-05-03 23:00:00+00:00,77.5579,94.9587,101.4898,204.4852,78.2877
2020-05-04 00:00:00+00:00,77.3204,95.6834,101.1583,204.3569,77.2935
2020-05-04 01:00:00+00:00,76.6815,76.1523,93.1468,202.1210,77.4687
2020-05-04 02:00:00+00:00,56.5999,62.0445,67.3803,152.3273,78.9324
2020-05-04 03:00:00+00:00,50.8200,50.6203,58.4199,144.2272,62.4370
2020-05-04 04:00:00+00:00,35.3053,36.8229,41.5116,95.6693,43.6154
2020-05-04 05:00:00+00:00,23.9276,24.5499,30.5537,57.6795,35.1897
2020-05-04 06:00:00+00:00,15.1107,16.3799,18.7038,38.7530,14.7921
2020-05-04 07:00:00+00:00,11.4542,11.9763,13.1597,33.0136,17.6956
2020-05-04 08:00:00+00:00,14.6348,14.6696,15.9463,43.0865,18.6241
2020-05-04 09:00:00+00:00,17.3176,17.6881,18.5427,48.6728,24.6354
2020-05-04 10:00:00+00:00,17.6907,16.0129,18.9548,51.6123,26.0140
2020-05-04 11:00:00+00:00,16.3210,15.7472,17.3819,47.5314,10.0513
2020-05-04 12:00:00+00:00,25.3341,27.0728,27.0252,76.0658,15.6041
2020-05-04 13:00:00+00:00,30.8617,35.1367,36.5059,86.0550,16.5183
2020-05-04 14:00:00+00:00,36.1079,38.1254,43.6398,97.2688,28.9658
2020-05-04 15:00:00+00:00,31.6087,28.9003,34.6430,92.9004,27.1978
2020-05-04 16:00:00+00:00,38.9821,31.5701,40.6784,108.8557,33.9630
2020-05-04 17:00:00+00:00,33.2201,22.2529,37.2418,71.0451,39.4280
2020-05-04 18:00:00+00:00,45.1083,42.6045,49.5776,124.2465,38.0719
2020-05-04 19:00:00+00:00,34.3723,36.3793,47.6075,72.6433,30.6462
2020-05-04 20:00:00+00:00,41.4384,46.9651,53.3305,105.9833,29.2694
2020-05-04 21:00:00+00:00,51.2048,55.6044,61.0063,136.2878,27.2095
2020-05-04 22:00:00+00:00,48.7942,55.2766,59.2558,129.9464,20.7785
2020-05-04 23:00:00+00:00,42.5734,42.3603,52.2330,95.7567,22.7023
2020-05-05 00:00:00+00:00,48.7326,56.4376,61.7718,125.5535,22.2996
2020-05-05 01:00:00+00:00,49.6742,49.2796,58.5690,131.5298,45.3842
2020-05-05 02:00:00+00:00,46.2733,44.4585,52.8985,130.1906,38.9647
2020-05-05 03:00:00+00:00,45.8440,41.9879,52.1473,131.1165,54.7383
2020-05-05 04:00:00+00:00,28.6458,26.6975,30.2540,87.1671,66.9121
2020-05-05 05:00:00+00:00,25.7637,21.7302,28.2541,74.9302,67.4593
2020-05-05 06:00:00+00:00,25.3934,23.5536,28.4815,71.3802,64.4270
2020-05-05 07:00:00+00:00,26.3110,25.6129,30.4732,73.2757,63.5025
2020-05-05 08:00:00+00:00,25.9762,27.9102,31.0872,71.8720,69.6979
2020-05-05 09:00:00+00:00,27.2232,27.6832,31.6056,73.4465,48.6372
2020-05-05 10:00:00+00:00,29.8400,30.5081,33.9374,86.5907,36.2755
2020-05-05 11:00:00+00:00,30.2385,30.8324,34.4429,91.8112,23.5951
2020-05-05 12:00:00+00:00,22.8985,24.1451,25.9450,70.0309,21.3873
2020-05-05 13:00:00+00:00,19.1918,19.7013,22.3280,57.3761,11.0714
2020-05-05 14:00:00+00:00,16.7921,17.2143,19.0104,47.6950,9.3688
2020-05-05 15:00:00+00:00,13.1191,14.2925,16.2481,33.0719,4.8797
2020-05-05 16:00:00+00:00,15.2127,15.0543,18.1657,37.7458,5.6859
2020-05-05 17:00:00+00:00,12.9335,12.0718,15.3108,31.1889,6.0276
2020-05-05 18:00:00+00:00,11.5896,10.5842,14.1032,30.3034,6.1076
2020-05-05 19:00:00+00:00,10.8717,9.4944,12.4906,27.0415,8.8672
2020-05-05 20:00:00+00:00,12.2836,11.6742,14.1489,30.0844,13.8944
2020-05-05 21:00:00+00:00,9.5308,9.5912,11.3659,23.0436,15.6774
2020-05-05 22:00:00+00:00,7.5047,7.4664,9.1977,18.2130,12.1188
2020-05-05 23:00:00+00:00,3.7443,3.4130,4.4739,8.4814,7.9441
2020-05-06 00:00:00+00:00,1.8703,1.3618,2.3651,3.5156,9.6125
2020-05-06 01:00:00+00:00,1.4711,0.1028,1.5891,3.1785,5.2552
2020-05-06 02:00:00+00:00,2.5006,3.2286,2.9400,6.5167,2.7245
2020-05-06 03:00:00+00:00,1.3223,0.6740,0.7408,4.2439,0.0000
2020-05-06 04:00:00+00:00,0.0000,0.0000,0.0000,0.0000,0.0000
2020-05-06 05:00:00+00:00,0.0000,0.0000,0.0000,0.0000,0.0000
2020-05-06 06:00:00+00:00,0.0000,0.0000,0.0000,0.0000,0.0000
2020-05-06 07:00:00+00:00,0.0000,0.0000,0.0000,0.0000,0.0000
2020-05-06 08:00:00+00:00,0.0000,0.0000,0.0000,0.0000,0.0000
2020-05-06 09:00:00+00:00,0.0000,0.0000,0.0000,0.0000,0.0000
2020-05-06 10:00:00+00:00,0.0000,0.0000,0.0000,0.0000,0.0000
2020-05-06 11:00:00+00:00,0.0000,0.0000,0.0000,0.0000,0.0000
2020-05-06 12:00:00+00:00,0.0000,0.0000,0.0000,0.0000,0.0000
2020-05-06 13:00:00+00:00,0.0000,0.0000,0.0000,0.0000,0.0000
2020-05-06 14:00:00+00:00,0.0000,0.0000,0.0000,0.0000,0.0000
2020-05-06 15:00:00+00:00,0.0000,0.0000,0.0000,0.0000,0.0000
2020-05-06 16:00:00+00:00,0.0000,0.0000,0.0000,0.0000,0.0000
2020-05-06 17:00:00+00:00,0.0000,0.0000,0.0000,0.0000,0.0000
2020-05-06 18:00:00+00:00,1.1530,2.4433,1.8741,0.0000,2.1170
2020-05-06 19:00:00+00:00,0.6571,1.7744,1.4726,0.0000,4.4249
2020-05-06 20:00:00+00:00,0.1723,1.1674,0.6535,0.0000,7.0083
2020-05-06 21:00:00+00:00,0.0000,0.0000,0.0000,0.0000,6.5512
2020-05-06 22:00:00+00:00,0.0000,0.0000,0.0000,0.0000,12.1932
2020-05-06 23:00:00+00:00,0.0000,0.0000,0.0000,0.0000,11.7726
2020-05-07 00:00:00+00:00,0.0000,0.0000,0.0000,0.0000,10.0545
2020-05-07 01:00:00+00:00,0.0000,0.0000,0.0000,0.0000,6.1876
2020-05-07 02:00:00+00:00,0.0000,0.0000,0.0000,0.0000,34.3331
2020-05-07 03:00:00+00:00,0.0000,0.0000,0.0000,3.2792,37.9625
2020-05-07 04:00:00+00:00,0.0000,0.0000,0.0000,0.0000,30.4459
2020-05-07 05:00:00+00:00,0.6396,0.0000,0.0000,4.8750,36.2446
2020-05-07 06:00:00+00:00,0.0000,0.0000,0.0000,1.9679,34.2020
2020-05-07 07:00:00+00:00,0.0000,0.0000,0.0000,3.0886,21.3035
2020-05-07 08:00:00+00:00,0.0000,0.0000,0.0000,0.0000,32.5284
2020-05-07 09:00:00+00:00,0.0000,0.0000,0.0000,0.0000,30.8998
2020-05-07 10:00:00+00:00,0.0000,0.0000,0.0000,0.0000,16.8009
2020-05-07 11:00:00+00:00,0.0000,0.0000,0.0000,0.0000,20.1377
2020-05-07 12:00:00+00:00,0.0000,0.0000,0.0000,0.0000,18.2024
2020-05-07 13:00:00+00:00,0.0000,0.0000,0.0000,0.0000,55.9832
2020-05-07 14:00:00+00:00,0.0000,0.0000,0.0000,0.0000,43.3364
2020-05-07 15:00:00+00:00,2.0585,0.2262,3.2152,3.1278,36.9451
2020-05-07 16:00:00+00:00,7.7220,5.5479,15.4123,3.3523,44.4363
2020-05-07 17:00:00+00:00,35.6640,47.5388,48.4151,82.7167,75.9332
2020-05-07 18:00:00+00:00,32.7894,32.1246,54.2605,68.4535,62.2148
2020-05-07 19:00:00+00:00,36.1503,38.8171,48.7069,53.1298,45.9653
2020-05-07 20:00:00+00:00,37.1164,28.3484,62.9483,50.9598,28.2955
2020-05-07 21:00:00+00:00,44.0542,58.7822,55.2212,144.3310,28.8767
2020-05-07 22:00:00+00:00,66.6874,84.3989,86.6062,171.9281,16.1616
2020-05-07 23:00:00+00:00,29.5104,32.9693,37.6479,79.7466,34.7561
2020-05-08 00:00:00+00:00,37.5165,92.8828,48.4686,104.3453,5.8797
2020-05-08 01:00:00+00:00,7.8331,8.6702,7.3319,27.8048,2.6136
2020-05-08 02:00:00+00:00,6.5578,6.6693,5.1125,26.0803,5.1195
2020-05-08 03:00:00+00:00,13.8904,12.7275,12.7755,49.8166,9.7243
2020-05-08 04:00:00+00:00,18.7270,18.5609,18.6668,57.4887,10.0059
2020-05-08 05:00:00+00:00,32.7923,36.7796,38.1829,90.5457,11.5840
2020-05-08 06:00:00+00:00,21.7829,24.9902,24.6015,62.7725,17.2904
2020-05-08 07:00:00+00:00,8.6661,10.8568,9.4412,25.9069,36.7115
2020-05-08 08:00:00+00:00,2.4263,3.1333,2.9763,7.9448,41.0743
2020-05-08 09:00:00+00:00,3.3552,5.0289,4.3787,8.8223,52.8029
2020-05-08 10:00:00+00:00,4.4228,3.3862,4.7253,8.5461,65.7756
2020-05-08 11:00:00+00:00,3.8544,1.1978,5.0736,3.3182,76.6122
2020-05-08 12:00:00+00:00,4.4874,0.0000,4.8480,0.0000,76.4594
2020-05-08 13:00:00+00:00,19.8156,0.0000,21.7707,26.0172,76.4406
2020-05-08 14:00:00+00:00,18.1373,0.0000,14.5782,23.2810,75.5213
2020-05-08 15:00:00+00:00,27.8272,2.7480,31.7279,29.6564,54.5808
2020-05-08 16:00:00+00:00,70.2033,32.4340,87.6155,142.0092,51.9331
2020-05-08 17:00:00+00:00,48.8751,36.3083,64.5413,108.0166,46.3407
2020-05-08 18:00:00+00:00,12.6804,14.7362,15.7199,34.6133,52.5647
2020-05-08 19:00:00+00:00,5.3540,7.2294,7.1342,15.0108,46.4534
2020-05-08 20:00:00+00:00,13.2292,12.2474,14.1887,28.1656,49.7046
2020-05-08 21:00:00+00:00,9.8992,6.8956,11.0413,24.0006,68.7784
2020-05-08 22:00:00+00:00,3.8010,1.3901,3.0494,12.1726,53.2854
2020-05-08 23:00:00+00:00,3.4069,2.9124,3.7634,10.0766,42.7844
2020-05-09 00:00:00+00:00,1.5161,1.7689,0.0707,9.3143,9.9089
2020-05-09 01:00:00+00:00,0.5445,2.5875,0.0000,4.4265,3.6137
2020-05-09 02:00:00+00:00,0.0000,1.8758,0.0000,1.9377,6.8136
2020-05-09 03:00:00+00:00,5.3555,13.4977,6.8034,16.6343,14.1641
2020-05-09 04:00:00+00:00,11.3599,12.5381,12.8684,31.6013,27.7191
2020-05-09 05:00:00+00:00,9.9223,9.0277,11.5841,30.4230,23.1763
2020-05-09 06:00:00+00:00,5.6661,3.5610,5.6154,18.0499,64.0502
2020-05-09 07:00:00+00:00,16.9749,16.2209,20.4635,48.7849,71.9023
2020-05-09 08:00:00+00:00,30.0434,24.9612,37.0279,80.5758,72.6196
2020-05-09 09:00:00+00:00,50.6405,44.9101,59.9611,138.6934,39.3221
2020-05-09 10:00:00+00:00,55.7356,45.2690,61.3164,152.5369,67.6747
2020-05-09 11:00:00+00:00,38.8434,36.6104,43.7577,108.5676,56.3244
2020-05-09 12:00:00+00:00,41.0141,43.0255,47.7206,113.3540,61.5183
2020-05-09 13:00:00+00:00,50.3032,49.6791,59.7352,122.7725,68.6203
2020-05-09 14:00:00+00:00,56.3662,58.3775,65.8480,143.6983,59.6146
2020-05-09 15:00:00+00:00,51.8160,60.0976,63.0437,142.7354,68.7084
2020-05-09 16:00:00+00:00,59.6368,69.1326,85.1251,154.1425,69.9677
2020-05-09 17:00:00+00:00,79.0450,98.6475,104.4881,206.5659,75.6226
2020-05-09 18:00:00+00:00,79.2066,100.0179,103.7117,211.8152,79.9000
2020-05-09 19:00:00+00:00,79.6733,99.1566,104.1975,212.1204,79.5552
2020-05-09 20:00:00+00:00,77.7723,95.3683,101.7520,207.5007,79.0691
2020-05-09 21:00:00+00:00,61.4951,62.8926,71.5019,109.8780,55.9872
2020-05-09 22:00:00+00:00,78.2213,97.5440,101.6564,209.6566,77.2168
2020-05-09 23:00:00+00:00,73.0353,92.0851,90.1793,185.3863,79.9000
2020-05-10 00:00:00+00:00,48.7737,51.5034,57.7342,130.3513,76.1612
2020-05-10 01:00:00+00:00,14.1233,21.1007,16.9025,39.3459,78.6239
2020-05-10 02:00:00+00:00,42.9102,32.8979,56.4611,77.7201,79.8995
2020-05-10 03:00:00+00:00,76.8097,80.3488,93.5333,204.3920,78.7603
2020-05-10 04:00:00+00:00,80.0574,97.6104,104.1415,212.4741,75.5637
2020-05-10 05:00:00+00:00,81.0000,97.9824,105.0085,215.2000,57.6814
2020-05-10 06:00:00+00:00,77.2900,86.1628,98.4549,205.2242,50.7397
2020-05-10 07:00:00+00:00,71.0498,58.6507,86.9389,159.7454,44.6668
2020-05-10 08:00:00+00:00,75.6727,76.5671,94.0844,189.3913,60.7036
2020-05-10 09:00:00+00:00,57.4882,69.6956,70.3340,157.3464,56.6473
2020-05-10 10:00:00+00:00,76.8040,88.3535,95.9329,201.8538,36.0005
2020-05-10 11:00:00+00:00,74.4052,88.6295,92.7551,197.9421,38.4675
2020-05-10 12:00:00+00:00,70.8877,79.4060,82.9222,186.3406,43.3845
2020-05-10 13:00:00+00:00,72.0788,78.8519,87.1238,183.7814,52.7722
2020-05-10 14:00:00+00:00,71.0454,81.9198,84.3608,182.3682,55.9215
2020-05-10 15:00:00+00:00,68.2140,80.2738,84.2698,177.0118,58.1444
2020-05-10 16:00:00+00:00,57.8348,70.1949,70.4508,153.7029,49.3356
2020-05-10 17:00:00+00:00,71.8383,86.1158,93.2922,176.1992,76.5137
2020-05-10 18:00:00+00:00,73.3775,83.3672,92.9313,182.7483,76.9478
2020-05-10 19:00:00+00:00,76.6570,87.2071,97.6365,187.6770,77.5241
2020-05-10 20:00:00+00:00,76.6880,83.6723,96.9547,185.3575,75.6343
2020-05-10 21:00:00+00:00,63.9785,70.2669,79.1847,153.6725,70.7189
2020-05-10 22:00:00+00:00,74.7838,89.3928,95.6592,179.3865,76.1809
2020-05-10 23:00:00+00:00,77.4098,96.6444,101.5548,204.5466,48.1032
2020-05-11 00:00:00+00:00,77.6446,97.0264,101.5325,205.7253,21.6621
2020-05-11 01:00:00+00:00,66.4634,82.0888,82.3360,169.0287,13.1940
2020-05-11 02:00:00+00:00,41.9492,48.0043,47.5616,108.6031,14.6715
2020-05-11 03:00:00+00:00,35.9309,41.5624,39.5483,91.1356,15.4944
2020-05-11 04:00:00+00:00,37.8419,44.4216,41.6776,97.4207,12.5448
2020-05-11 05:00:00+00:00,33.8688,38.5383,36.7063,87.6986,11.5955
2020-05-11 06:00:00+00:00,31.8004,34.8326,33.8380,88.7279,3.9035
2020-05-11 07:00:00+00:00,25.1314,29.5375,26.3961,70.8626,0.0000
2020-05-11 08:00:00+00:00,18.5209,18.4102,19.6333,51.6650,0.2519
2020-05-11 09:00:00+00:00,7.9216,6.3372,7.8261,23.4925,0.0000
2020-05-11 10:00:00+00:00,2.3342,1.2558,1.6745,11.4885,0.0000
2020-05-11 11:00:00+00:00,0.0000,0.0000,0.0000,4.1986,0.0000
2020-05-11 12:00:00+00:00,0.0000,0.0000,0.0000,0.0000,0.0000
2020-05-11 13:00:00+00:00,0.0000,0.0000,0.0000,0.0000,2.7617
2020-05-11 14:00:00+00:00,0.0000,0.0000,0.0000,0.0000,7.3244
2020-05-11 15:00:00+00:00,0.0000,0.0000,0.0000,0.0000,6.6768
2020-05-11 16:00:00+00:00,0.0000,0.0000,0.0000,0.0000,15.6122
2020-05-11 17:00:00+00:00,0.0000,1.1898,0.0000,0.0000,32.4883
2020-05-11 18:00:00+00:00,1.5839,2.1226,2.3552,4.8199,30.2998
2020-05-11 19:00:00+00:00,5.9571,9.9184,8.4158,13.9064,19.3995
2020-05-11 20:00:00+00:00,4.1687,3.8878,4.1596,11.8200,12.9168
2020-05-11 21:00:00+00:00,1.5849,0.6651,0.5560,7.1481,8.6641
2020-05-11 22:00:00+00:00,6.0262,4.1232,4.0461,21.8795,14.1182
2020-05-11 23:00:00+00:00,7.8177,11.9870,7.1291,27.4157,38.8282
2020-05-12 00:00:00+00:00,25.1487,28.6579,26.3417,78.5818,76.1224
2020-05-12 01:00:00+00:00,33.7281,37.6152,36.9536,101.7331,75.2441
2020-05-12 02:00:00+00:00,42.3817,46.6528,43.7015,129.4349,79.1576
2020-05-12 03:00:00+00:00,59.6533,66.4269,66.8325,178.1068,79.9000
2020-05-12 04:00:00+00:00,48.0238,51.8092,51.4693,158.0100,78.4686
2020-05-12 05:00:00+00:00,43.8158,40.4233,46.5535,146.7290,41.0938
2020-05-12 06:00:00+00:00,24.8240,21.0882,27.5960,76.8307,33.3013
2020-05-12 07:00:00+00:00,6.1121,4.9168,6.4090,20.5739,21.3514
2020-05-12 08:00:00+00:00,2.9505,2.1202,2.8033,10.6214,20.1087
2020-05-12 09:00:00+00:00,0.7664,0.1176,0.4880,4.0093,16.3185
2020-05-12 10:00:00+00:00,1.5925,1.1014,1.5064,5.1715,23.1045
2020-05-12 11:00:00+00:00,8.0438,7.8991,9.7415,20.8381,20.7128
2020-05-12 12:00:00+00:00,10.5839,10.2445,11.8360,28.5390,11.2548
2020-05-12 13:00:00+00:00,22.6845,23.3078,27.1560,57.4971,15.1969
2020-05-12 14:00:00+00:00,49.1967,47.5634,58.8104,122.2429,23.0418
2020-05-12 15:00:00+00:00,50.9282,49.2799,60.6608,129.9798,30.6209
2020-05-12 16:00:00+00:00,46.5427,45.7744,56.4190,125.8210,35.2826
2020-05-12 17:00:00+00:00,35.8876,37.5624,45.0958,102.9151,55.1391
2020-05-12 18:00:00+00:00,29.1079,38.5004,35.2227,72.9933,73.2541
2020-05-12 19:00:00+00:00,34.7611,34.0869,46.7012,95.8330,77.6416
2020-05-12 20:00:00+00:00,40.8497,25.3902,44.9225,116.8134,79.9000
2020-05-12 21:00:00+00:00,62.8500,45.1352,64.6596,152.7249,48.5015
2020-05-12 22:00:00+00:00,44.4049,66.6156,55.2813,136.7692,69.2283
2020-05-12 23:00:00+00:00,21.7411,24.5943,25.9127,58.6786,11.7475
2020-05-13 00:00:00+00:00,22.2067,28.3701,27.6876,63.2701,28.5599
2020-05-13 01:00:00+00:00,25.7949,29.1918,29.2573,80.8222,44.4731
2020-05-13 02:00:00+00:00,24.9170,30.8045,28.2954,77.5901,41.0542
2020-05-13 03:00:00+00:00,40.2016,48.1981,45.0219,115.8187,35.2818
2020-05-13 04:00:00+00:00,36.9028,42.9339,42.6915,104.3868,31.1067
2020-05-13 05:00:00+00:00,39.3772,45.9377,46.1366,109.9074,25.4507
2020-05-13 06:00:00+00:00,25.5762,32.4935,29.1519,77.0721,26.4616
2020-05-13 07:00:00+00:00,9.1663,14.2128,10.0428,32.2831,40.3034
2020-05-13 08:00:00+00:00,3.3980,5.5482,2.9977,13.4198,41.9849
2020-05-13 09:00:00+00:00,2.8210,5.1927,2.6190,11.0700,35.8262
2020-05-13 10:00:00+00:00,10.4347,12.2913,10.1017,34.3775,34.5932
2020-05-13 11:00:00+00:00,9.3202,11.6505,9.2531,31.9974,19.0443
2020-05-13 12:00:00+00:00,10.3694,11.2670,10.0272,31.8349,11.0610
2020-05-13 13:00:00+00:00,16.9344,15.6921,18.0480,49.5860,7.4621
2020-05-13 14:00:00+00:00,24.5984,23.8123,28.2701,63.3778,13.7971
2020-05-13 15:00:00+00:00,32.7902,35.7283,38.5044,84.4059,23.8892
2020-05-13 16:00:00+00:00,39.3908,47.6791,47.7739,104.0043,45.2707
2020-05-13 17:00:00+00:00,37.2484,45.3202,47.0255,102.4343,32.1565
2020-05-13 18:00:00+00:00,35.7046,46.1639,45.0589,96.5322,34.2923
2020-05-13 19:00:00+00:00,34.9963,43.3904,45.2517,90.9830,43.7321
2020-05-13 20:00:00+00:00,38.0337,42.1761,48.0778,103.3665,48.9934
2020-05-13 21:00:00+00:00,42.1292,46.9891,52.0611,109.4028,45.8583
2020-05-13 22:00:00+00:00,39.6905,44.5478,49.0399,100.4748,41.1170
2020-05-13 23:00:00+00:00,36.0227,40.1812,43.3225,95.0571,54.9735
2020-05-14 00:00:00+00:00,29.9248,31.8652,36.0057,77.9935,52.8816
2020-05-14 01:00:00+00:00,36.9345,42.1522,45.8022,92.3986,75.3901
2020-05-14 02:00:00+00:00,53.9962,65.7049,65.0764,139.0890,61.0183
2020-05-14 03:00:00+00:00,66.4364,74.7953,74.9973,184.6397,66.6619
2020-05-14 04:00:00+00:00,31.4967,34.1650,33.8661,81.5421,56.7572
2020-05-14 05:00:00+00:00,38.1573,40.7707,41.1067,96.5606,69.6147
2020-05-14 06:00:00+00:00,38.9883,39.2382,41.1611,102.5072,46.4608
2020-05-14 07:00:00+00:00,48.2658,54.5778,52.4429,127.4742,16.4313
2020-05-14 08:00:00+00:00,29.4226,33.4184,31.6358,75.4483,2.5123
2020-05-14 09:00:00+00:00,29.6309,30.8538,31.4008,84.3126,0.0000
2020-05-14 10:00:00+00:00,14.8642,18.5091,15.2206,54.4110,1.3953
2020-05-14 11:00:00+00:00,7.3353,7.3588,6.4332,28.1299,0.0000
2020-05-14 12:00:00+00:00,2.7431,3.2412,1.5704,11.3234,0.0000
2020-05-14 13:00:00+00:00,2.2707,3.2047,2.0947,7.5896,0.0000
2020-05-14 14:00:00+00:00,2.0605,2.4049,2.4731,4.7951,0.0000
2020-05-14 15:00:00+00:00,3.3671,4.4886,3.9635,8.7499,0.0000
2020-05-14 16:00:00+00:00,1.8615,2.6605,2.0643,4.7455,3.3069
2020-05-14 17:00:00+00:00,0.6028,0.9427,0.1509,0.0304,4.4289
2020-05-14 18:00:00+00:00,1.6027,2.0258,1.6288,2.9484,3.6780
2020-05-14 19:00:00+00:00,1.4996,2.2146,1.6567,3.2846,3.5730
2020-05-14 20:00:00+00:00,0.3555,1.0855,0.1982,0.0000,3.9494
2020-05-14 21:00:00+00:00,0.0000,0.0000,0.0000,0.0000,0.9657
2020-05-14 22:00:00+00:00,0.0000,0.0000,0.0000,0.0000,0.0000
2020-05-14 23:00:00+00:00,0.0000,0.0000,0.0000,0.0000,0.0000
2020-05-15 00:00:00+00:00,0.0000,0.0000,0.0000,0.0000,4.5971
2020-05-15 01:00:00+00:00,0.0000,0.0000,0.0000,0.0000,21.2869
2020-05-15 02:00:00+00:00,0.0488,0.4012,0.7271,0.0000,29.6890
2020-05-15 03:00:00+00:00,6.3501,12.8901,10.6682,9.5514,55.5711
2020-05-15 04:00:00+00:00,6.3514,20.9427,13.2318,9.5733,23.1925
2020-05-15 05:00:00+00:00,18.1499,14.7682,24.9795,11.6096,8.7192
2020-05-15 06:00:00+00:00,26.6208,24.6683,20.9994,41.9568,3.3472
2020-05-15 07:00:00+00:00,31.8162,28.0930,22.3698,89.5504,2.5492
2020-05-15 08:00:00+00:00,27.6781,33.2178,28.0321,70.4973,0.0000
2020-05-15 09:00:00+00:00,19.9496,18.5979,18.4964,47.8902,3.4129
2020-05-15 10:00:00+00:00,9.6511,9.5467,8.7546,14.8412,0.0000
2020-05-15 11:00:00+00:00,8.4471,6.4867,7.5061,14.6181,1.7346
2020-05-15 12:00:00+00:00,7.4227,2.3137,6.3494,12.2813,10.8037
2020-05-15 13:00:00+00:00,6.3308,0.0000,4.9556,6.5294,7.1496
2020-05-15 14:00:00+00:00,4.3955,0.0000,1.6028,3.0576,9.5173
2020-05-15 15:00:00+00:00,0.3742,0.0000,0.0000,0.0000,6.4633
2020-05-15 16:00:00+00:00,0.0000,0.0000,0.0000,0.0000,5.5846
2020-05-15 17:00:00+00:00,0.0000,0.0000,0.0000,0.0000,4.9509
2020-05-15 18:00:00+00:00,1.1077,0.0000,1.4821,0.0000,30.3943
2020-05-15 19:00:00+00:00,0.0000,0.0000,0.0000,0.0000,4.7242
2020-05-15 20:00:00+00:00,0.3029,0.4975,0.1939,0.0000,12.8918
2020-05-15 21:00:00+00:00,1.3844,5.4517,4.2046,9.8057,37.3886
2020-05-15 22:00:00+00:00,48.1822,37.6089,74.2627,97.4311,34.1120
2020-05-15 23:00:00+00:00,2.1216,1.9065,4.7881,0.0000,12.1646
2020-05-16 00:00:00+00:00,1.0602,4.3949,2.4297,2.4641,0.0000
2020-05-16 01:00:00+00:00,10.1190,8.6001,11.3281,32.1240,5.5810
2020-05-16 02:00:00+00:00,13.9559,9.9042,13.7533,45.9194,45.0102
2020-05-16 03:00:00+00:00,20.3647,12.5384,18.5239,67.4470,17.5058
2020-05-16 04:00:00+00:00,17.8422,13.7010,16.8417,60.0353,3.3893
2020-05-16 05:00:00+00:00,26.9055,24.7842,26.7271,87.4820,3.4932
2020-05-16 06:00:00+00:00,34.0930,31.7444,37.3461,105.1381,9.7381
2020-05-16 07:00:00+00:00,24.9548,21.4990,26.6428,73.9958,17.5285
2020-05-16 08:00:00+00:00,20.0260,15.7188,20.7689,54.0441,14.2840
2020-05-16 09:00:00+00:00,19.9655,15.9311,20.1888,54.0887,22.9623
2020-05-16 10:00:00+00:00,19.9570,14.6938,20.3529,63.5904,12.7286
2020-05-16 11:00:00+00:00,14.6106,10.0984,14.4005,46.0669,10.5834
2020-05-16 12:00:00+00:00,11.9303,8.7265,11.6287,37.6180,11.0718
2020-05-16 13:00:00+00:00,15.4795,13.1274,16.9160,43.8497,20.9915
2020-05-16 14:00:00+00:00,15.8409,13.7905,16.8123,47.0370,16.3605
2020-05-16 15:00:00+00:00,11.0725,11.3060,12.8151,32.3112,7.6234
2020-05-16 16:00:00+00:00,6.6252,7.1868,7.6220,18.8434,4.6453
2020-05-16 17:00:00+00:00,5.7619,6.0397,6.6509,15.3949,5.0504
2020-05-16 18:00:00+00:00,5.6783,6.4198,6.7527,14.5473,2.6802
2020-05-16 19:00:00+00:00,4.9243,5.7318,5.7997,13.8917,5.1713
2020-05-16 20:00:00+00:00,2.7877,2.9971,3.2624,7.6221,3.1582
2020-05-16 21:00:00+00:00,2.2308,2.5366,2.5200,5.7555,3.3277
2020-05-16 22:00:00+00:00,0.2048,0.0000,0.0000,0.6108,0.7980
2020-05-16 23:00:00+00:00,0.1887,0.0000,0.0000,1.2537,0.0000
2020-05-17 00:00:00+00:00,1.2199,1.0531,0.3743,4.3352,0.0000
2020-05-17 01:00:00+00:00,1.2372,1.3362,0.0000,5.7090,0.0000
2020-05-17 02:00:00+00:00,2.0977,2.8414,1.6608,8.2318,0.0000
2020-05-17 03:00:00+00:00,1.8570,3.1119,1.2837,8.3913,0.0000
2020-05-17 04:00:00+00:00,3.0723,4.9349,2.6858,12.2608,0.0000
2020-05-17 05:00:00+00:00,2.2677,3.1981,1.4441,10.9402,0.0000
2020-05-17 06:00:00+00:00,0.7308,0.9234,0.0000,6.9179,0.0000
2020-05-17 07:00:00+00:00,0.0000,0.0000,0.0000,0.0000,0.0000
2020-05-17 08:00:00+00:00,0.0000,0.0000,0.0000,0.0000,0.0000
2020-05-17 09:00:00+00:00,0.0000,0.0000,0.0000,4.1772,1.5037
2020-05-17 10:00:00+00:00,0.0000,0.0000,0.0000,3.5142,0.0000
2020-05-17 11:00:00+00:00,0.0000,0.0000,0.0000,0.0000,1.6959
2020-05-17 12:00:00+00:00,0.0000,0.0000,0.0000,0.0000,0.0000
2020-05-17 13:00:00+00:00,0.0000,0.0000,0.0000,0.0000,0.0000
2020-05-17 14:00:00+00:00,0.0509,0.0000,0.0000,0.0000,0.0000
2020-05-17 15:00:00+00:00,0.0795,0.0000,0.2033,0.0000,0.0000
2020-05-17 16:00:00+00:00,1.1900,0.0000,1.5345,1.1136,0.0000
2020-05-17 17:00:00+00:00,2.2140,2.6990,3.3768,4.3878,0.0000
2020-05-17 18:00:00+00:00,2.3701,2.6119,3.6275,4.5804,0.0000
2020-05-17 19:00:00+00:00,1.8497,1.9614,2.8709,3.4986,0.0000
2020-05-17 20:00:00+00:00,0.5202,0.0000,1.0929,0.0000,0.0000
2020-05-17 21:00:00+00:00,1.1020,0.0000,1.5662,0.0000,0.0000
2020-05-17 22:00:00+00:00,0.5455,0.0000,1.1640,0.0000,0.0000
2020-05-17 23:00:00+00:00,0.9800,0.0000,1.5930,0.0000,0.0000
2020-05-18 00:00:00+00:00,1.5343,2.2544,2.9948,0.0000,9.1329
2020-05-18 01:00:00+00:00,1.9123,3.9545,4.8455,0.0000,6.5568
2020-05-18 02:00:00+00:00,2.0026,5.4433,4.6182,0.0000,0.3149
2020-05-18 03:00:00+00:00,1.5746,3.6760,3.4324,0.0000,4.6063
2020-05-18 04:00:00+00:00,1.1744,3.5805,3.1831,0.0000,7.8543
2020-05-18 05:00:00+00:00,0.7914,2.6611,2.3566,0.0000,4.4412
2020-05-18 06:00:00+00:00,2.1817,1.5270,4.0227,0.0000,0.0000
2020-05-18 07:00:00+00:00,43.6396,59.8117,65.6617,118.9720,4.8823
2020-05-18 08:00:00+00:00,33.1564,42.3518,62.9429,64.7756,12.6370
2020-05-18 09:00:00+00:00,36.6985,44.8170,70.8513,60.2371,4.4476
2020-05-18 10:00:00+00:00,31.0361,41.5483,61.7726,48.4885,3.8663
2020-05-18 11:00:00+00:00,25.3441,28.9889,55.8078,31.8954,8.1527
2020-05-18 12:00:00+00:00,17.1169,20.6054,35.1949,22.7857,10.7614
2020-05-18 13:00:00+00:00,14.4118,14.7218,28.3610,18.7976,4.2650
2020-05-18 14:00:00+00:00,10.5909,9.0487,17.6763,16.7726,6.3699
2020-05-18 15:00:00+00:00,9.8489,8.8762,14.4677,18.0810,1.7244
2020-05-18 16:00:00+00:00,7.1479,6.5371,10.7317,13.4309,2.6666
2020-05-18 17:00:00+00:00,5.1705,5.2173,7.6001,9.6872,3.2553
2020-05-18 18:00:00+00:00,4.1430,4.4091,5.7402,8.1268,2.7710
2020-05-18 19:00:00+00:00,1.7970,1.9748,2.7154,2.9443,1.3425
2020-05-18 20:00:00+00:00,3.9550,4.5194,5.7177,7.8930,3.0559
2020-05-18 21:00:00+00:00,4.0795,4.3049,6.0404,8.1687,0.0000
2020-05-18 22:00:00+00:00,9.9518,11.2729,14.2198,21.6805,0.4961
2020-05-18 23:00:00+00:00,10.8818,13.6017,15.7480,26.7926,0.0000
2020-05-19 00:00:00+00:00,15.0230,16.8475,20.5412,36.5099,12.4059
2020-05-19 01:00:00+00:00,34.9250,35.3287,46.0137,83.4115,9.8619
2020-05-19 02:00:00+00:00,49.4190,65.8403,72.1618,113.6748,10.1922
2020-05-19 03:00:00+00:00,56.2761,94.9639,85.7436,124.5707,18.3366
2020-05-19 04:00:00+00:00,68.2666,95.0603,101.1715,151.8458,10.7549
2020-05-19 05:00:00+00:00,62.5345,89.7818,100.3101,118.2226,7.8920
2020-05-19 06:00:00+00:00,70.3561,96.1778,101.9198,129.2742,9.9089
2020-05-19 07:00:00+00:00,72.6567,96.1994,102.3754,137.0552,0.0000
2020-05-19 08:00:00+00:00,48.9492,80.7205,82.4580,80.9538,0.9417
2020-05-19 09:00:00+00:00,33.4706,64.4499,60.7651,59.3927,0.0000
2020-05-19 10:00:00+00:00,37.8721,66.4234,72.7519,69.2252,0.0000
2020-05-19 11:00:00+00:00,24.0105,38.3935,49.7906,35.2481,0.0000
2020-05-19 12:00:00+00:00,20.0033,29.6588,36.9907,33.8137,0.0000
2020-05-19 13:00:00+00:00,18.8373,22.7814,30.2759,34.4464,0.0000
2020-05-19 14:00:00+00:00,18.1350,19.1964,26.4095,35.9769,2.3259
2020-05-19 15:00:00+00:00,15.8275,15.4656,21.6962,32.8114,6.4317
2020-05-19 16:00:00+00:00,10.4430,9.8642,13.9892,21.8011,9.0779
2020-05-19 17:00:00+00:00,9.9656,9.9577,12.6308,24.1465,6.4108
2020-05-19 18:00:00+00:00,10.8711,9.6915,13.9652,24.3631,5.8459
2020-05-19 19:00:00+00:00,5.3160,5.4064,6.9894,10.9035,1.1557
2020-05-19 20:00:00+00:00,5.9483,7.1311,7.7231,13.7646,0.0000
2020-05-19 21:00:00+00:00,5.6719,8.3468,8.3031,13.7530,0.0000
2020-05-19 22:00:00+00:00,1.8508,2.3621,2.9033,3.2200,3.5569
2020-05-19 23:00:00+00:00,1.2297,2.6917,2.2429,3.0883,6.3868
2020-05-20 00:00:00+00:00,1.8599,7.8312,3.5262,8.0095,9.9550
2020-05-20 01:00:00+00:00,10.0212,16.5494,15.7609,34.9557,16.9588
2020-05-20 02:00:00+00:00,9.6877,17.0373,18.6804,20.6077,22.1871
2020-05-20 03:00:00+00:00,11.4729,26.5524,25.9851,16.3066,18.0925
2020-05-20 04:00:00+00:00,7.0811,18.8726,17.0077,8.1699,37.0538
2020-05-20 05:00:00+00:00,0.0000,4.0636,1.5205,0.0000,38.8907
2020-05-20 06:00:00+00:00,0.0000,0.0000,0.0000,0.0000,29.4383
2020-05-20 07:00:00+00:00,9.1039,6.7372,8.9498,24.4081,46.9523
2020-05-20 08:00:00+00:00,26.0449,32.7453,26.4710,77.5750,49.2205
2020-05-20 09:00:00+00:00,21.4233,33.3494,24.7590,60.6253,38.2245
2020-05-20 10:00:00+00:00,10.2709,13.2547,10.9610,32.3775,5.0604
2020-05-20 11:00:00+00:00,11.5826,13.7186,12.0286,35.7696,3.3077
2020-05-20 12:00:00+00:00,6.6552,6.0550,5.4250,22.7411,3.6846
2020-05-20 13:00:00+00:00,3.4201,1.8570,2.3408,11.2985,7.0336
2020-05-20 14:00:00+00:00,0.4407,0.1652,0.1333,0.0788,9.8305
2020-05-20 15:00:00+00:00,0.0000,0.0000,0.0000,0.0000,11.7547
2020-05-20 16:00:00+00:00,0.0000,0.0000,0.0000,0.0000,10.0894
2020-05-20 17:00:00+00:00,0.0000,0.4634,0.0000,0.0000,6.2472
2020-05-20 18:00:00+00:00,0.0000,0.0000,0.0000,0.0000,3.7754
2020-05-20 19:00:00+00:00,0.0000,0.0000,0.0000,0.0000,4.5273
2020-05-20 20:00:00+00:00,0.0000,0.0000,0.0000,0.0000,2.2617
2020-05-20 21:00:00+00:00,0.0000,0.0000,0.0000,0.0000,6.0087
2020-05-20 22:00:00+00:00,0.7440,0.0000,0.7754,0.0000,3.3233
2020-05-20 23:00:00+00:00,1.6859,1.1172,2.1650,3.5387,0.0000
2020-05-21 00:00:00+00:00,0.0000,0.0000,0.0000,0.0000,9.1796
2020-05-21 01:00:00+00:00,1.2271,1.5781,2.5125,0.0000,8.6556
2020-05-21 02:00:00+00:00,16.4328,12.1927,18.8636,16.1681,19.8177
2020-05-21 03:00:00+00:00,65.9470,60.6708,54.3234,176.7731,35.8155
2020-05-21 04:00:00+00:00,66.0726,59.5601,74.1872,159.7618,28.0643
2020-05-21 05:00:00+00:00,68.4745,77.8550,82.1192,182.8158,76.1078
2020-05-21 06:00:00+00:00,61.7526,67.6811,70.7929,154.5592,79.9000
2020-05-21 07:00:00+00:00,61.4243,67.8427,70.2140,143.2253,78.2464
2020-05-21 08:00:00+00:00,63.3303,71.7825,72.7541,149.9044,48.1811
2020-05-21 09:00:00+00:00,73.4117,80.1890,82.1429,188.2269,13.4756
2020-05-21 10:00:00+00:00,50.3108,56.4076,53.5148,133.2354,8.6584
2020-05-21 11:00:00+00:00,28.5606,26.0305,25.8975,78.9175,2.4371
2020-05-21 12:00:00+00:00,25.1068,28.9141,24.2983,82.2698,0.0000
2020-05-21 13:00:00+00:00,22.3399,27.7806,24.6347,63.4139,0.0000
2020-05-21 14:00:00+00:00,14.8040,20.9198,17.7508,40.0472,0.0000
2020-05-21 15:00:00+00:00,7.8373,11.4633,9.9864,19.1233,0.0000
2020-05-21 16:00:00+00:00,2.8614,4.4901,3.7840,6.7780,0.0000
2020-05-21 17:00:00+00:00,0.9103,1.6507,1.1076,0.7040,0.0000
2020-05-21 18:00:00+00:00,1.2720,2.1728,1.5361,2.2953,1.9304
2020-05-21 19:00:00+00:00,1.5934,2.3576,1.8881,3.8353,1.7632
2020-05-21 20:00:00+00:00,2.0564,2.9941,2.5039,5.2302,2.3092
2020-05-21 21:00:00+00:00,2.6785,3.8645,3.3135,7.4519,0.0000
2020-05-21 22:00:00+00:00,2.7768,4.0274,3.4428,7.2415,0.0000
2020-05-21 23:00:00+00:00,3.9946,5.6206,5.2763,10.4903,0.0000
2020-05-22 00:00:00+00:00,4.2879,4.7118,5.0900,11.8455,0.0000
2020-05-22 01:00:00+00:00,10.9205,14.9239,13.2425,29.5556,0.0000
2020-05-22 02:00:00+00:00,18.6475,20.4579,20.1136,53.3685,3.0522
2020-05-22 03:00:00+00:00,26.2385,28.4662,27.6573,72.6984,26.0268
2020-05-22 04:00:00+00:00,23.2780,23.8486,22.8525,62.9321,73.3942
2020-05-22 05:00:00+00:00,30.5003,29.3652,31.3759,80.6027,75.7283
2020-05-22 06:00:00+00:00,56.0333,55.9111,61.6431,139.4457,68.5925
2020-05-22 07:00:00+00:00,73.7551,77.5632,81.7396,191.9972,79.1362
2020-05-22 08:00:00+00:00,77.5367,93.4030,97.3000,205.5819,79.9000
2020-05-22 09:00:00+00:00,79.0272,96.3032,101.5178,210.4946,79.9000
2020-05-22 10:00:00+00:00,77.0554,88.9980,87.6623,204.8741,79.9000
2020-05-22 11:00:00+00:00,47.2147,44.9002,44.3638,135.2563,77.1877
2020-05-22 12:00:00+00:00,36.4868,40.9538,36.0762,123.1424,75.7362
2020-05-22 13:00:00+00:00,25.2509,29.1518,24.9225,86.0036,28.5900
2020-05-22 14:00:00+00:00,15.6611,18.5625,15.5672,56.4039,2.0919
2020-05-22 15:00:00+00:00,9.4508,11.9531,9.9536,31.0407,0.0000
2020-05-22 16:00:00+00:00,8.6252,10.8001,10.8480,25.3705,0.0000
2020-05-22 17:00:00+00:00,7.3552,9.9871,9.9808,19.1210,0.0000
2020-05-22 18:00:00+00:00,7.9894,11.7163,10.8224,20.2433,0.0000
2020-05-22 19:00:00+00:00,3.5448,5.6968,5.0978,9.2140,0.0000
2020-05-22 20:00:00+00:00,3.3773,5.4247,4.5235,9.4023,0.0000
2020-05-22 21:00:00+00:00,4.9277,7.3358,6.2823,13.8149,0.0000
2020-05-22 22:00:00+00:00,4.1318,5.5191,5.2519,11.1521,1.7622
2020-05-22 23:00:00+00:00,3.9926,4.8973,4.4845,11.4380,0.0000
2020-05-23 00:00:00+00:00,6.3824,6.8033,6.7995,19.0764,0.0000
2020-05-23 01:00:00+00:00,6.4601,9.0432,6.1168,22.4127,0.0000
2020-05-23 02:00:00+00:00,11.0172,14.5247,10.4909,38.8864,0.0000
2020-05-23 03:00:00+00:00,18.4389,23.8184,18.0932,61.6015,0.0000
2020-05-23 04:00:00+00:00,34.5408,40.6917,37.0147,112.2809,0.0000
2020-05-23 05:00:00+00:00,13.6328,17.6509,13.0853,49.4480,3.8374
2020-05-23 06:00:00+00:00,9.7156,7.2668,8.8629,32.4026,2.8005
2020-05-23 07:00:00+00:00,4.4693,1.8480,4.9685,12.9672,24.1493
2020-05-23 08:00:00+00:00,3.8395,7.5113,4.0499,13.7881,19.6265
2020-05-23 09:00:00+00:00,21.4906,44.8861,39.1987,64.1683,11.7612
2020-05-23 10:00:00+00:00,47.2897,69.5147,76.0035,111.3160,0.0000
2020-05-23 11:00:00+00:00,29.8508,45.9424,58.3190,57.0944,0.0000
2020-05-23 12:00:00+00:00,32.1711,39.1431,59.3881,59.8106,0.0000
2020-05-23 13:00:00+00:00,28.6011,32.0255,45.9955,54.6371,0.0000
2020-05-23 14:00:00+00:00,24.4926,25.5556,36.4714,51.9393,2.5465
2020-05-23 15:00:00+00:00,18.4807,18.8921,25.2868,38.9071,2.1368
2020-05-23 16:00:00+00:00,15.8967,17.4167,20.6328,37.6036,4.1137
2020-05-23 17:00:00+00:00,10.8389,13.8938,14.4175,26.1983,4.1215
2020-05-23 18:00:00+00:00,9.2344,13.4681,12.9228,24.0076,5.6966
2020-05-23 19:00:00+00:00,8.2456,11.7533,11.3447,20.8230,22.2060
2020-05-23 20:00:00+00:00,6.1613,9.5156,9.2848,15.2144,32.1667
2020-05-23 21:00:00+00:00,7.4017,11.2700,11.0283,18.7600,29.1539
2020-05-23 22:00:00+00:00,8.4201,11.7623,12.3161,21.1194,28.5932
2020-05-23 23:00:00+00:00,8.6289,10.5856,13.0008,20.0203,18.0560
2020-05-24 00:00:00+00:00,11.2757,12.2022,16.7500,27.1182,20.1822
2020-05-24 01:00:00+00:00,21.5452,26.6457,35.9202,43.1687,6.4153
2020-05-24 02:00:00+00:00,31.0057,40.2741,56.5830,53.2733,0.0000
2020-05-24 03:00:00+00:00,23.5722,33.6012,47.2432,28.8656,17.7166
2020-05-24 04:00:00+00:00,13.1938,23.3152,27.7763,12.1064,36.4828
2020-05-24 05:00:00+00:00,6.8563,15.3287,14.0330,4.4090,53.2118
2020-05-24 06:00:00+00:00,54.5103,26.5682,46.8407,77.0567,52.9953
2020-05-24 07:00:00+00:00,77.8568,62.4481,64.0734,207.4294,52.1682
2020-05-24 08:00:00+00:00,78.3635,72.2326,60.8020,208.6082,44.8647
2020-05-24 09:00:00+00:00,77.1225,51.6105,46.9035,203.3783,37.0024
2020-05-24 10:00:00+00:00,48.9347,35.7070,32.9295,120.6988,28.5694
2020-05-24 11:00:00+00:00,19.6904,12.3595,10.3325,34.6885,21.0258
2020-05-24 12:00:00+00:00,1.3933,0.0000,0.0000,0.0000,30.1563
2020-05-24 13:00:00+00:00,0.0000,0.0000,0.0000,0.0000,21.5314
2020-05-24 14:00:00+00:00,0.0000,0.0000,0.0000,0.0000,25.3035
2020-05-24 15:00:00+00:00,0.0000,0.0000,0.0000,0.0000,20.8922
2020-05-24 16:00:00+00:00,0.0000,0.0000,0.0000,0.0000,13.9833
2020-05-24 17:00:00+00:00,0.0000,0.0000,0.0000,0.0000,11.8441
2020-05-24 18:00:00+00:00,0.0000,0.0000,0.0000,0.0000,10.3207
2020-05-24 19:00:00+00:00,0.0000,0.0000,0.0000,2.4176,20.4582
2020-05-24 20:00:00+00:00,2.0242,2.2399,0.8578,8.7777,21.8033
2020-05-24 21:00:00+00:00,7.7541,8.6921,7.8979,22.9805,25.5844
2020-05-24 22:00:00+00:00,12.3342,15.1186,15.0477,24.5383,31.6796
2020-05-24 23:00:00+00:00,15.6021,18.4335,20.2587,30.6656,33.4530
2020-05-25 00:00:00+00:00,25.0291,20.9539,32.3356,32.7611,25.5368
2020-05-25 01:00:00+00:00,39.5462,32.9683,35.5445,83.0043,16.6811
2020-05-25 02:00:00+00:00,59.3262,57.9985,48.8812,156.6603,31.0702
2020-05-25 03:00:00+00:00,73.7123,73.7902,60.5036,192.2175,42.6225
2020-05-25 04:00:00+00:00,77.6657,84.2407,69.9743,204.7926,36.1678
2020-05-25 05:00:00+00:00,79.5088,95.4553,78.0434,210.8229,23.6589
2020-05-25 06:00:00+00:00,78.3885,91.9019,69.2069,208.2321,31.0284
2020-05-25 07:00:00+00:00,78.9923,95.0797,71.3972,209.7437,25.7395
2020-05-25 08:00:00+00:00,80.5280,96.2427,84.1413,211.8994,31.5775
2020-05-25 09:00:00+00:00,81.0000,97.2705,92.6438,215.2000,19.2381
2020-05-25 10:00:00+00:00,78.6886,76.1090,64.7924,205.0205,30.3651
2020-05-25 11:00:00+00:00,76.8210,65.3057,53.2917,183.2757,13.1547
2020-05-25 12:00:00+00:00,32.9404,22.1876,24.8633,66.6542,50.4495
2020-05-25 13:00:00+00:00,10.2385,2.4160,7.3233,11.0389,13.6910
2020-05-25 14:00:00+00:00,2.2927,0.0000,0.9435,0.0000,18.7986
2020-05-25 15:00:00+00:00,1.7944,0.0000,0.7983,0.0000,21.3105
2020-05-25 16:00:00+00:00,1.1892,1.5539,1.3041,0.2131,12.5262
2020-05-25 17:00:00+00:00,2.1836,0.0000,1.6320,1.4753,11.3716
2020-05-25 18:00:00+00:00,5.5604,2.2696,5.4391,12.9612,7.7180
2020-05-25 19:00:00+00:00,0.0000,0.0000,0.0000,0.0000,4.2809
2020-05-25 20:00:00+00:00,0.0000,0.0000,0.0000,0.0000,3.2193
2020-05-25 21:00:00+00:00,0.0000,0.0000,0.0000,0.0000,0.0000
2020-05-25 22:00:00+00:00,0.0000,0.0000,0.0000,0.0000,2.6761
2020-05-25 23:00:00+00:00,0.0000,0.0000,0.0000,0.0000,1.8883
2020-05-26 00:00:00+00:00,0.0000,0.0000,0.0000,0.0000,3.0680
2020-05-26 01:00:00+00:00,0.0000,0.0000,0.0000,0.0000,0.0000
2020-05-26 02:00:00+00:00,0.0000,0.0000,0.0000,0.0000,5.2061
2020-05-26 03:00:00+00:00,0.4910,0.0000,0.4753,0.0000,2.2689
2020-05-26 04:00:00+00:00,5.5742,2.6064,4.7485,8.2641,0.8693
2020-05-26 05:00:00+00:00,10.9790,5.9432,9.7876,21.9478,3.0960
2020-05-26 06:00:00+00:00,14.8307,9.9636,14.9516,37.1998,4.1142
2020-05-26 07:00:00+00:00,12.1722,10.1303,11.6789,33.8269,4.8989
2020-05-26 08:00:00+00:00,9.2347,8.8933,9.7315,27.1424,2.4571
2020-05-26 09:00:00+00:00,3.9760,4.1319,4.1183,13.8047,1.0559
2020-05-26 10:00:00+00:00,4.7359,7.4638,6.4954,16.0334,0.0000
2020-05-26 11:00:00+00:00,2.1834,2.8749,2.4126,5.8717,0.0000
2020-05-26 12:00:00+00:00,0.0000,0.0000,0.0000,0.0000,2.3303
2020-05-26 13:00:00+00:00,0.0000,0.0000,0.0000,0.0000,2.5592
2020-05-26 14:00:00+00:00,0.0000,0.0000,0.0000,0.0000,0.0000
2020-05-26 15:00:00+00:00,0.0000,0.0000,0.0000,0.0000,0.0000
2020-05-26 16:00:00+00:00,0.0000,0.0000,0.0000,0.0000,0.0000
2020-05-26 17:00:00+00:00,0.0000,0.0000,0.0000,0.0000,0.0000
2020-05-26 18:00:00+00:00,0.0000,0.0000,0.0000,0.0000,1.1703
2020-05-26 19:00:00+00:00,1.2616,1.1226,1.7618,0.0000,1.7186
2020-05-26 20:00:00+00:00,0.1780,0.1407,0.6499,0.0000,2.2868
2020-05-26 21:00:00+00:00,0.0000,0.0735,0.0461,0.0000,0.1721
2020-05-26 22:00:00+00:00,0.0000,0.0000,0.0000,0.0000,0.5044
2020-05-26 23:00:00+00:00,0.0000,0.0000,0.0000,0.0000,0.0000
2020-05-27 00:00:00+00:00,0.0000,0.0000,0.0000,0.0000,0.0000
2020-05-27 01:00:00+00:00,0.0000,0.0000,0.0000,0.0000,0.0000
2020-05-27 02:00:00+00:00,0.0000,0.0000,0.0000,0.0000,0.0000
2020-05-27 03:00:00+00:00,0.0000,0.0000,0.0000,0.0000,8.0596
2020-05-27 04:00:00+00:00,0.0000,0.0000,0.0000,0.0000,11.1074
2020-05-27 05:00:00+00:00,3.6892,3.7659,2.5357,11.9921,23.1005
2020-05-27 06:00:00+00:00,10.1355,12.0502,9.8396,33.6057,24.2558
2020-05-27 07:00:00+00:00,20.4378,23.8175,24.4160,59.6491,52.2263
2020-05-27 08:00:00+00:00,21.2381,23.3197,23.1356,56.9409,42.8845
2020-05-27 09:00:00+00:00,21.1318,23.6300,22.3959,56.0128,33.5334
2020-05-27 10:00:00+00:00,20.6802,26.1093,22.1513,51.1209,13.2527
2020-05-27 11:00:00+00:00,11.5283,12.8004,11.2511,27.5837,6.0405
2020-05-27 12:00:00+00:00,5.7767,5.1670,4.4645,16.7903,3.0330
2020-05-27 13:00:00+00:00,2.9603,2.8421,2.2325,7.8709,1.3811
2020-05-27 14:00:00+00:00,1.1593,0.7725,0.8796,0.4290,2.6036
2020-05-27 15:00:00+00:00,0.0000,0.0000,0.0000,0.0000,2.5689
2020-05-27 16:00:00+00:00,0.1599,0.0000,0.0000,0.0000,3.1543
2020-05-27 17:00:00+00:00,0.1079,0.0000,0.0000,0.0000,3.1358
2020-05-27 18:00:00+00:00,0.0000,0.0000,0.0000,0.0000,3.5707
2020-05-27 19:00:00+00:00,0.0000,0.0000,0.0000,0.0000,4.5780
2020-05-27 20:00:00+00:00,0.0000,0.7564,0.0000,0.0000,3.8512
2020-05-27 21:00:00+00:00,3.6904,2.3481,3.9106,3.9522,9.0444
2020-05-27 22:00:00+00:00,0.0000,21.7603,6.3122,0.0000,9.3012
2020-05-27 23:00:00+00:00,0.8370,0.0000,0.0000,2.9033,12.5243
2020-05-28 00:00:00+00:00,0.0000,0.0000,0.0000,0.0000,12.3557
2020-05-28 01:00:00+00:00,0.0000,0.0000,0.0000,0.0000,19.0274
2020-05-28 02:00:00+00:00,13.0631,11.6749,9.8361,40.2588,50.3829
2020-05-28 03:00:00+00:00,22.7964,23.3757,20.7744,68.3948,53.0839
2020-05-28 04:00:00+00:00,22.7789,26.9338,23.6078,70.1953,59.6126
2020-05-28 05:00:00+00:00,24.6384,30.1864,25.7560,68.6293,46.2137
2020-05-28 06:00:00+00:00,26.1537,29.5395,27.3377,78.4679,27.5048
2020-05-28 07:00:00+00:00,31.0097,33.3352,30.4309,84.8288,13.2654
2020-05-28 08:00:00+00:00,43.3683,48.9015,42.9402,116.9325,7.6652
2020-05-28 09:00:00+00:00,42.9830,47.6994,52.7095,104.8350,4.3415
2020-05-28 10:00:00+00:00,36.6500,40.0863,38.4621,87.5399,4.0920
2020-05-28 11:00:00+00:00,22.5778,22.9413,22.8190,56.9699,5.8104
2020-05-28 12:00:00+00:00,17.2936,19.1737,18.0311,45.3189,14.3008
2020-05-28 13:00:00+00:00,13.7606,15.6152,15.4002,33.8060,32.5968
2020-05-28 14:00:00+00:00,9.4043,9.4101,12.1900,16.7503,50.5678
2020-05-28 15:00:00+00:00,7.6565,9.4015,10.2409,14.3672,46.8269
2020-05-28 16:00:00+00:00,5.1769,4.2502,6.6344,8.7124,34.3358
2020-05-28 17:00:00+00:00,5.3466,4.3693,7.9415,9.2609,29.8892
2020-05-28 18:00:00+00:00,6.6961,5.6656,9.2971,11.6557,32.6066
2020-05-28 19:00:00+00:00,6.3491,5.2120,8.2994,12.4136,27.9386
2020-05-28 20:00:00+00:00,5.0727,3.8915,7.1749,8.5229,54.5256
2020-05-28 21:00:00+00:00,4.5813,3.8134,6.6014,6.9579,75.5803
2020-05-28 22:00:00+00:00,5.7950,2.7773,7.3864,9.7272,76.8994
2020-05-28 23:00:00+00:00,15.8299,11.9132,18.7703,27.6289,79.7381
2020-05-29 00:00:00+00:00,50.8386,48.0481,57.8084,107.1856,76.1356
2020-05-29 01:00:00+00:00,66.5276,73.0725,76.8149,134.7527,53.5464
2020-05-29 02:00:00+00:00,77.3300,95.0583,101.0178,176.8879,45.7560
2020-05-29 03:00:00+00:00,76.5750,86.5921,100.0601,174.0764,54.7396
2020-05-29 04:00:00+00:00,55.9819,57.2135,72.4901,118.4421,24.8331
2020-05-29 05:00:00+00:00,65.6038,61.8781,91.4830,141.1197,17.5084
2020-05-29 06:00:00+00:00,48.8584,43.0247,72.4532,104.5382,12.7742
2020-05-29 07:00:00+00:00,38.7282,21.3140,53.1676,71.3655,31.8622
2020-05-29 08:00:00+00:00,36.0967,19.6122,49.5735,51.4699,58.0362
2020-05-29 09:00:00+00:00,41.9553,32.5664,58.5505,50.2222,48.1653
2020-05-29 10:00:00+00:00,46.7866,47.4010,59.0641,73.9228,47.8065
2020-05-29 11:00:00+00:00,46.5852,46.3386,59.5227,81.0875,30.8270
2020-05-29 12:00:00+00:00,43.2160,46.5208,51.6040,86.3561,46.7126
2020-05-29 13:00:00+00:00,43.7929,45.0720,50.5656,91.3175,32.5872
2020-05-29 14:00:00+00:00,45.0134,46.3565,56.8046,93.8555,21.4132
2020-05-29 15:00:00+00:00,24.7601,30.4042,32.0835,55.7284,11.7895
2020-05-29 16:00:00+00:00,23.6164,28.7577,32.3096,54.1859,11.7614
2020-05-29 17:00:00+00:00,11.9643,16.1345,16.8444,24.0133,9.8946
2020-05-29 18:00:00+00:00,17.7577,18.9000,21.1748,47.7112,2.4496
2020-05-29 19:00:00+00:00,10.2635,10.7329,13.1143,20.1986,29.4918
2020-05-29 20:00:00+00:00,7.7054,7.5252,11.2232,13.1040,0.0000
2020-05-29 21:00:00+00:00,4.5141,4.4933,5.9951,8.5507,6.2727
2020-05-29 22:00:00+00:00,8.6468,9.9663,10.5340,21.2471,20.0693
2020-05-29 23:00:00+00:00,13.6385,17.0279,14.6550,34.2925,18.2745
2020-05-30 00:00:00+00:00,19.1596,20.5305,21.4572,47.9728,53.5335
2020-05-30 01:00:00+00:00,39.2129,51.5315,40.7140,124.7892,20.6521
2020-05-30 02:00:00+00:00,34.0456,49.8538,44.5893,122.6272,17.1312
2020-05-30 03:00:00+00:00,43.0883,56.6998,46.3064,149.8056,41.2372
2020-05-30 04:00:00+00:00,36.8736,39.7502,36.7799,130.6991,54.9067
2020-05-30 05:00:00+00:00,38.4836,48.8674,39.8330,124.9696,77.1709
2020-05-30 06:00:00+00:00,58.4313,74.9247,59.0975,199.4347,79.3450
2020-05-30 07:00:00+00:00,78.1872,98.8099,92.5841,215.2000,79.9000
2020-05-30 08:00:00+00:00,81.0000,100.5000,104.1144,215.2000,78.2147
2020-05-30 09:00:00+00:00,79.5670,96.3973,102.1185,210.9736,77.2659
2020-05-30 10:00:00+00:00,68.3610,64.4745,71.0795,191.0446,50.1362
2020-05-30 11:00:00+00:00,48.6119,48.7210,53.2615,136.4939,36.9674
2020-05-30 12:00:00+00:00,30.7014,32.5061,32.4953,90.7124,22.9135
2020-05-30 13:00:00+00:00,21.9559,23.2861,23.9769,69.0937,12.6226
2020-05-30 14:00:00+00:00,16.1116,17.3222,16.5663,51.2617,12.6641
2020-05-30 15:00:00+00:00,11.6605,13.1761,12.0691,34.3128,7.6520
2020-05-30 16:00:00+00:00,12.1009,13.4045,14.1007,34.2285,6.3199
2020-05-30 17:00:00+00:00,8.7709,10.4171,11.6691,21.4700,11.8750
2020-05-30 18:00:00+00:00,9.1415,10.7640,11.4484,22.5594,7.9778
2020-05-30 19:00:00+00:00,9.5796,9.6778,12.2699,22.8703,12.8271
2020-05-30 20:00:00+00:00,8.7533,8.8859,11.5352,19.4804,15.1812
2020-05-30 21:00:00+00:00,9.7193,10.0050,13.5584,19.2479,22.9196
2020-05-30 22:00:00+00:00,19.9426,22.3926,27.6038,42.4999,66.4011
2020-05-30 23:00:00+00:00,40.6775,47.3857,50.1414,111.6274,75.7291
2020-05-31 00:00:00+00:00,31.0154,38.4746,35.6887,92.9312,75.9474
2020-05-31 01:00:00+00:00,27.3329,59.3162,42.2643,79.7339,79.9000
2020-05-31 02:00:00+00:00,40.8523,73.0067,47.5680,112.5614,67.4735
2020-05-31 03:00:00+00:00,59.2754,64.8786,65.9305,169.7742,61.3848
2020-05-31 04:00:00+00:00,58.1113,55.3910,61.7487,172.9485,43.0761
2020-05-31 05:00:00+00:00,49.2586,46.2795,55.0905,143.9611,32.6863
2020-05-31 06:00:00+00:00,29.0261,30.0284,32.9581,85.8901,25.1545
2020-05-31 07:00:00+00:00,21.7713,22.4003,25.4854,62.8252,13.5773
2020-05-31 08:00:00+00:00,14.5940,13.9932,16.3660,42.8250,7.7961
2020-05-31 09:00:00+00:00,12.2210,12.3524,14.0380,37.1442,3.8323
2020-05-31 10:00:00+00:00,6.5966,6.4166,6.3222,25.2558,0.8951
2020-05-31 11:00:00+00:00,4.5535,4.7481,4.3918,16.9283,0.0000
2020-05-31 12:00:00+00:00,7.5574,8.2232,8.4802,22.8123,3.0562
2020-05-31 13:00:00+00:00,15.3307,16.7592,18.5406,42.3514,7.0334
2020-05-31 14:00:00+00:00,17.9588,19.9654,21.8092,47.7568,9.3862
2020-05-31 15:00:00+00:00,16.9071,19.8771,21.3259,43.3185,4.9989
2020-05-31 16:00:00+00:00,14.2971,15.2413,17.6491,36.0687,6.4869
2020-05-31 17:00:00+00:00,27.7617,31.5806,32.2436,70.8393,9.9098
2020-05-31 18:00:00+00:00,30.8640,33.0008,37.1479,78.9204,10.4960
2020-05-31 19:00:00+00:00,28.2433,27.0597,30.9797,73.9028,17.1750
2020-05-31 20:00:00+00:00,14.9144,12.1123,17.5218,37.1991,29.3608
2020-05-31 21:00:00+00:00,9.3412,9.4051,11.9108,21.2930,20.0291
2020-05-31 22:00:00+00:00,12.6534,13.1288,16.1907,31.5898,40.5871
2020-05-31 23:00:00+00:00,12.6674,12.4492,15.6175,30.6050,25.9607
2020-06-01 00:00:00+00:00,8.2971,8.0106,10.1284,18.7025,17.6987
2020-06-01 01:00:00+00:00,9.5287,9.7899,11.2414,21.7077,0.0000
2020-06-01 02:00:00+00:00,7.1763,2.4131,7.8895,8.6752,0.0000
2020-06-01 03:00:00+00:00,0.0000,0.0000,0.0000,0.5844,0.0000
2020-06-01 04:00:00+00:00,1.3985,0.6340,0.4948,5.5820,0.0000
2020-06-01 05:00:00+00:00,6.8079,5.3785,5.9927,23.8998,0.0000
2020-06-01 06:00:00+00:00,7.1857,4.3871,5.1228,27.0685,0.0000
2020-06-01 07:00:00+00:00,3.2390,1.4021,1.8835,14.1116,0.3479
2020-06-01 08:00:00+00:00,3.2495,1.4502,1.9391,14.4564,15.4062
2020-06-01 09:00:00+00:00,1.5425,0.0000,0.0000,8.8307,15.2203
2020-06-01 10:00:00+00:00,0.0000,0.0000,0.0000,0.0000,0.0000
2020-06-01 11:00:00+00:00,0.0000,1.9211,0.0000,2.4268,0.0000
2020-06-01 12:00:00+00:00,1.5683,2.4913,1.8245,3.9734,0.0000
2020-06-01 13:00:00+00:00,2.5809,3.2530,3.0236,6.0517,0.7036
2020-06-01 14:00:00+00:00,8.0359,9.7249,10.5007,19.0995,13.6594
2020-06-01 15:00:00+00:00,8.7558,10.6056,11.6581,20.4888,19.3848
2020-06-01 16:00:00+00:00,17.3899,18.8203,21.6263,43.9811,13.2472
2020-06-01 17:00:00+00:00,18.3062,18.7908,20.2649,50.5221,19.4655
2020-06-01 18:00:00+00:00,27.7891,28.4326,36.1256,63.6927,14.7083
2020-06-01 19:00:00+00:00,12.9429,13.1406,10.2423,46.8095,11.1958
2020-06-01 20:00:00+00:00,7.6748,5.4412,7.2399,19.9242,30.8716
2020-06-01 21:00:00+00:00,5.9024,2.3627,6.6699,12.1528,44.5951
2020-06-01 22:00:00+00:00,2.2832,0.0000,2.3857,3.9298,51.0428
2020-06-01 23:00:00+00:00,0.0000,0.0000,0.0000,0.0000,43.9576
2020-06-02 00:00:00+00:00,0.0000,0.0000,0.0000,0.0000,48.8657
2020-06-02 01:00:00+00:00,2.6493,5.6323,5.8556,4.7992,77.9657
2020-06-02 02:00:00+00:00,1.4447,5.9877,4.1601,0.0000,78.6640
2020-06-02 03:00:00+00:00,0.0000,0.1935,0.1627,0.0000,77.4280
2020-06-02 04:00:00+00:00,0.0000,0.0000,0.0000,0.0000,78.1601
2020-06-02 05:00:00+00:00,0.0000,0.0000,0.0000,0.0000,79.2807
2020-06-02 06:00:00+00:00,0.0000,0.0000,0.0000,0.0000,77.6949
2020-06-02 07:00:00+00:00,0.0000,0.3609,0.0000,0.0000,79.3594
2020-06-02 08:00:00+00:00,0.0000,2.4191,0.0000,0.0000,78.3556
2020-06-02 09:00:00+00:00,0.0000,2.5674,2.5307,1.4860,78.0982
2020-06-02 10:00:00+00:00,0.0000,0.0000,0.0000,0.0000,39.3472
2020-06-02 11:00:00+00:00,0.0000,0.0000,0.0000,0.4439,61.9018
2020-06-02 12:00:00+00:00,0.0000,0.0000,0.0000,0.0000,56.0783
2020-06-02 13:00:00+00:00,0.0000,0.0000,0.0000,0.0000,75.7779
2020-06-02 14:00:00+00:00,1.2926,0.0000,1.2460,0.0000,68.2655
2020-06-02 15:00:00+00:00,4.0982,1.3938,5.0359,3.7117,55.8717
2020-06-02 16:00:00+00:00,2.1367,0.0000,1.8512,2.8929,31.7327
2020-06-02 17:00:00+00:00,1.8133,0.0000,1.6649,2.1489,15.0209
2020-06-02 18:00:00+00:00,1.0975,0.0000,0.6329,0.4438,6.6117
2020-06-02 19:00:00+00:00,1.4160,0.0000,1.2552,4.2632,10.6608
2020-06-02 20:00:00+00:00,1.5196,2.1818,0.7468,9.7496,6.5919
2020-06-02 21:00:00+00:00,0.0000,0.0000,0.0000,0.0000,5.2970
2020-06-02 22:00:00+00:00,0.7843,0.3166,0.6934,0.0000,2.0975
2020-06-02 23:00:00+00:00,1.1976,1.6101,1.5541,3.4071,0.0000
2020-06-03 00:00:00+00:00,0.0000,0.0000,0.0000,0.0000,3.6405
2020-06-03 01:00:00+00:00,0.0000,0.0000,0.0000,0.0000,9.4591
2020-06-03 02:00:00+00:00,1.6837,0.0000,1.7088,0.0000,9.9954
2020-06-03 03:00:00+00:00,4.6630,1.2016,3.5742,0.0000,4.4864
2020-06-03 04:00:00+00:00,4.0574,0.0000,2.3251,0.0000,2.8019
2020-06-03 05:00:00+00:00,3.1397,0.0000,3.2416,0.0000,4.0834
2020-06-03 06:00:00+00:00,6.3482,3.5095,6.2997,3.7834,0.0000
2020-06-03 07:00:00+00:00,8.7193,9.3106,9.0297,20.1778,0.8240
2020-06-03 08:00:00+00:00,7.5028,6.0304,7.0563,19.5522,0.0000
2020-06-03 09:00:00+00:00,5.4131,2.9897,4.7548,13.7862,0.0000
2020-06-03 10:00:00+00:00,0.0000,0.0000,0.0000,0.0000,2.5706
2020-06-03 11:00:00+00:00,0.0000,0.0000,0.0000,0.0000,0.0000
2020-06-03 12:00:00+00:00,0.0000,0.0000,0.0000,0.0000,0.0000
2020-06-03 13:00:00+00:00,0.0000,0.0000,0.0000,0.0000,0.0000
2020-06-03 14:00:00+00:00,0.0000,0.0000,0.0000,0.0000,0.0000
2020-06-03 15:00:00+00:00,0.0000,0.0000,0.0000,0.0000,0.0000
2020-06-03 16:00:00+00:00,0.0000,0.0000,0.0000,0.0000,4.1850
2020-06-03 17:00:00+00:00,0.0000,0.0000,0.0000,0.0000,35.5829
2020-06-03 18:00:00+00:00,0.0000,0.0000,0.0933,0.0000,33.7785
2020-06-03 19:00:00+00:00,3.9105,1.7290,4.3827,5.8536,20.7393
2020-06-03 20:00:00+00:00,8.6452,3.5466,8.9472,12.8581,18.0623
2020-06-03 21:00:00+00:00,9.4921,5.3807,10.2145,17.8537,14.1913
2020-06-03 22:00:00+00:00,10.4642,5.4965,12.1572,16.3753,10.2445
2020-06-03 23:00:00+00:00,22.0913,11.5073,24.9771,39.9774,10.0511
2020-06-04 00:00:00+00:00,6.8959,2.1640,6.3731,9.5278,22.5488
2020-06-04 01:00:00+00:00,4.8322,1.9341,4.4224,7.5666,2.0709
2020-06-04 02:00:00+00:00,7.5714,4.2235,7.4422,16.6737,4.3287
2020-06-04 03:00:00+00:00,8.8120,4.6598,9.6106,15.1867,0.0000
2020-06-04 04:00:00+00:00,20.8463,13.1564,21.9421,47.9431,3.8216
2020-06-04 05:00:00+00:00,22.8165,17.5039,24.1322,60.8332,0.0000
2020-06-04 06:00:00+00:00,14.4952,13.8700,14.6574,43.3852,0.0000
2020-06-04 07:00:00+00:00,16.0361,14.2418,16.8767,49.8306,2.5207
2020-06-04 08:00:00+00:00,11.4423,10.6267,12.1331,33.8703,1.3122
2020-06-04 09:00:00+00:00,11.5265,13.2835,12.0507,32.5913,9.5211
2020-06-04 10:00:00+00:00,16.1607,21.5034,18.6506,39.8004,41.6297
2020-06-04 11:00:00+00:00,13.6333,16.1381,14.8056,34.7511,28.6914
2020-06-04 12:00:00+00:00,13.1269,13.0369,13.4962,32.9767,68.1557
2020-06-04 13:00:00+00:00,12.2348,11.3372,13.1640,28.0511,35.7934
2020-06-04 14:00:00+00:00,7.2861,6.6208,7.8159,18.4410,40.0977
2020-06-04 15:00:00+00:00,6.6548,3.2824,8.1371,9.4605,25.6248
2020-06-04 16:00:00+00:00,11.6263,12.5659,14.5832,25.2744,22.2211
2020-06-04 17:00:00+00:00,14.9342,17.4323,18.5029,34.8778,27.9290
2020-06-04 18:00:00+00:00,26.9175,32.3027,33.1717,68.7053,29.8088
2020-06-04 19:00:00+00:00,23.5781,30.1862,29.4156,60.8647,21.1361
2020-06-04 20:00:00+00:00,26.4591,34.2563,32.5807,72.3552,19.3080
2020-06-04 21:00:00+00:00,26.4655,36.1678,31.9735,72.9734,20.8586
2020-06-04 22:00:00+00:00,19.5058,24.2497,23.5917,51.0729,9.4297
2020-06-04 23:00:00+00:00,14.0629,15.1594,16.8016,35.4726,6.3877
2020-06-05 00:00:00+00:00,5.7420,5.1660,6.7126,13.6042,8.6149
2020-06-05 01:00:00+00:00,3.8604,1.9602,3.8851,8.5110,31.5499
2020-06-05 02:00:00+00:00,0.0000,0.0000,0.0000,0.0000,31.4599
2020-06-05 03:00:00+00:00,0.0000,0.0000,0.0000,0.0000,23.2801
2020-06-05 04:00:00+00:00,0.0000,0.0000,0.0000,0.0000,37.0307
2020-06-05 05:00:00+00:00,0.0000,0.0000,0.6126,0.0000,45.6533
2020-06-05 06:00:00+00:00,0.0000,0.0000,0.0000,0.0000,34.3665
2020-06-05 07:00:00+00:00,1.0302,0.0000,1.9002,0.0000,22.2802
2020-06-05 08:00:00+00:00,8.8488,8.7639,11.0506,15.9608,12.4369
2020-06-05 09:00:00+00:00,11.9597,11.2221,13.4715,27.4692,10.6616
2020-06-05 10:00:00+00:00,5.5729,5.3912,6.2170,12.6767,11.7092
2020-06-05 11:00:00+00:00,8.3843,8.9912,8.6967,16.3426,13.4025
2020-06-05 12:00:00+00:00,14.1807,13.6813,16.7831,29.7909,12.8206
2020-06-05 13:00:00+00:00,14.4031,13.1335,15.3696,34.8523,10.5277
2020-06-05 14:00:00+00:00,19.3627,20.4742,22.3576,44.4388,6.6228
2020-06-05 15:00:00+00:00,20.5717,24.8112,25.3311,49.5105,5.5182
2020-06-05 16:00:00+00:00,21.2310,24.1054,25.7870,51.4513,6.3322
2020-06-05 17:00:00+00:00,19.7221,20.7301,24.0700,46.8416,8.0964
2020-06-05 18:00:00+00:00,16.0314,16.6661,20.0882,38.9805,7.0658
2020-06-05 19:00:00+00:00,14.8094,16.3557,19.0524,36.0531,7.9518
2020-06-05 20:00:00+00:00,12.5577,14.0446,16.1627,27.9803,8.0383
2020-06-05 21:00:00+00:00,10.7101,13.1659,13.7715,25.4738,7.0759
2020-06-05 22:00:00+00:00,3.8579,4.4055,5.4022,9.4311,7.9266
2020-06-05 23:00:00+00:00,2.4744,1.7820,3.5548,5.0682,5.8897
2020-06-06 00:00:00+00:00,1.6354,0.7218,1.9831,2.0908,2.2613
2020-06-06 01:00:00+00:00,1.7902,1.7381,1.8084,4.1146,0.0000
2020-06-06 02:00:00+00:00,4.7082,8.3961,6.2783,12.7797,5.5158
2020-06-06 03:00:00+00:00,0.0000,0.0000,0.0000,0.0000,18.9137
2020-06-06 04:00:00+00:00,2.3398,2.7414,3.5004,5.4607,7.9731
2020-06-06 05:00:00+00:00,9.9060,3.6910,9.5371,23.2619,25.3888
2020-06-06 06:00:00+00:00,0.0000,0.2349,0.0000,4.7954,2.3480
2020-06-06 07:00:00+00:00,21.0115,0.0000,15.2261,0.0000,9.9246
2020-06-06 08:00:00+00:00,0.3617,0.0000,1.1912,0.0000,42.6836
2020-06-06 09:00:00+00:00,2.8305,0.0000,2.4230,0.0000,42.1066
2020-06-06 10:00:00+00:00,26.1784,25.9625,25.5252,85.9709,23.6815
2020-06-06 11:00:00+00:00,9.1176,6.0892,6.9739,32.8779,7.8566
2020-06-06 12:00:00+00:00,2.4108,1.3106,0.9184,11.5498,5.0068
2020-06-06 13:00:00+00:00,0.8708,0.0000,0.0000,3.6564,8.1454
2020-06-06 14:00:00+00:00,7.5703,7.9684,8.8117,19.3854,8.3605
2020-06-06 15:00:00+00:00,7.3039,7.3478,8.5353,18.6777,11.5371
2020-06-06 16:00:00+00:00,8.9824,10.9504,11.1587,23.7329,15.0690
2020-06-06 17:00:00+00:00,14.9762,20.4435,19.0297,40.1752,17.7862
2020-06-06 18:00:00+00:00,17.3647,20.8304,22.9958,41.7135,51.9478
2020-06-06 19:00:00+00:00,27.0194,28.7206,31.0104,54.4562,73.2783
2020-06-06 20:00:00+00:00,43.7405,57.5264,49.6591,83.4953,46.2773
2020-06-06 21:00:00+00:00,46.1378,30.2661,46.0700,133.5644,48.0740
2020-06-06 22:00:00+00:00,10.3429,11.8532,9.3878,35.6455,4.2839
2020-06-06 23:00:00+00:00,15.7418,19.6814,17.6303,47.7330,9.6196
2020-06-07 00:00:00+00:00,21.7398,24.5835,23.9138,65.3368,8.3629
2020-06-07 01:00:00+00:00,3.1828,3.0462,4.2057,4.1345,16.2404
2020-06-07 02:00:00+00:00,23.8151,24.4528,32.4586,50.2244,38.8614
2020-06-07 03:00:00+00:00,8.2562,6.1712,8.8551,19.4613,30.7106
2020-06-07 04:00:00+00:00,5.3472,6.8866,9.0686,7.5386,39.3860
2020-06-07 05:00:00+00:00,1.8746,0.0000,0.0000,5.6565,42.1253
2020-06-07 06:00:00+00:00,0.3544,0.0000,0.0000,3.7891,32.6171
2020-06-07 07:00:00+00:00,3.6861,1.2764,2.6602,15.3605,31.3454
2020-06-07 08:00:00+00:00,4.1124,1.7485,3.1369,17.3908,37.1750
2020-06-07 09:00:00+00:00,0.8672,0.0000,0.0000,8.0403,30.3438
2020-06-07 10:00:00+00:00,0.0000,0.0000,0.0000,5.6051,18.7112
2020-06-07 11:00:00+00:00,0.0000,0.0000,0.0000,0.0000,7.9162
2020-06-07 12:00:00+00:00,0.0000,0.0000,0.0000,0.0000,4.9029
2020-06-07 13:00:00+00:00,1.0667,1.2153,1.5694,2.7958,3.4440
2020-06-07 14:00:00+00:00,2.7499,1.8412,3.1966,7.6836,4.5692
2020-06-07 15:00:00+00:00,3.3165,2.7370,3.7249,9.1217,3.7796
2020-06-07 16:00:00+00:00,5.2417,5.4069,6.1588,13.0930,6.3903
2020-06-07 17:00:00+00:00,8.7229,8.8310,10.8272,20.8122,14.1462
2020-06-07 18:00:00+00:00,9.5272,9.8886,10.9260,20.5073,15.5888
2020-06-07 19:00:00+00:00,7.0029,7.1379,7.9679,15.6131,18.0489
2020-06-07 20:00:00+00:00,11.7606,14.1124,13.7778,27.2022,27.2996
2020-06-07 21:00:00+00:00,9.9680,13.3273,12.7857,24.1804,21.4356
2020-06-07 22:00:00+00:00,15.5287,17.5414,20.1095,37.3217,33.9031
2020-06-07 23:00:00+00:00,10.5867,13.1741,13.7088,24.9758,25.9960
2020-06-08 00:00:00+00:00,11.3363,14.2368,15.1268,25.7093,33.0506
2020-06-08 01:00:00+00:00,11.4925,12.8936,12.7217,33.1020,32.7619
2020-06-08 02:00:00+00:00,17.0903,16.7068,18.4216,50.6494,34.0912
2020-06-08 03:00:00+00:00,19.1432,16.8931,19.5352,58.1902,27.5715
2020-06-08 04:00:00+00:00,17.2508,12.5878,16.1222,57.5366,16.1401
2020-06-08 05:00:00+00:00,9.7779,5.8563,7.9835,37.6732,14.7027
2020-06-08 06:00:00+00:00,5.4745,2.4952,3.5863,27.4022,10.9524
2020-06-08 07:00:00+00:00,2.0947,0.0000,0.0000,14.9083,19.5775
2020-06-08 08:00:00+00:00,0.7593,0.7821,0.0000,8.3911,18.7225
2020-06-08 09:00:00+00:00,1.0337,3.1242,1.4726,7.1654,11.0217
2020-06-08 10:00:00+00:00,2.3533,5.4066,3.2438,12.5685,7.1513
2020-06-08 11:00:00+00:00,1.9291,2.8659,1.7128,8.7320,0.3111
2020-06-08 12:00:00+00:00,7.4024,7.5553,7.2181,26.6897,0.0000
2020-06-08 13:00:00+00:00,6.5967,6.0922,6.8426,20.7250,1.5676
2020-06-08 14:00:00+00:00,8.1112,7.5471,9.1642,22.1942,4.9920
2020-06-08 15:00:00+00:00,8.1940,8.2270,9.5576,21.1245,5.1014
2020-06-08 16:00:00+00:00,10.9656,11.3004,12.5207,28.5501,6.5255
2020-06-08 17:00:00+00:00,9.8706,10.6246,11.4179,24.5544,4.5039
2020-06-08 18:00:00+00:00,9.3227,10.0945,10.8021,23.9578,1.2599
2020-06-08 19:00:00+00:00,6.9963,7.5198,8.3265,18.3227,5.3985
2020-06-08 20:00:00+00:00,5.4992,5.7790,6.4324,13.6546,8.6204
2020-06-08 21:00:00+00:00,7.0655,8.1611,8.5677,18.1309,6.5897
2020-06-08 22:00:00+00:00,8.4938,10.6441,10.8284,21.7799,8.8264
2020-06-08 23:00:00+00:00,5.8605,6.7550,6.7806,16.0677,4.7323
2020-06-09 00:00:00+00:00,3.3586,2.9648,3.4723,8.1580,3.1683
2020-06-09 01:00:00+00:00,1.2715,1.5671,1.1529,4.0729,7.0722
2020-06-09 02:00:00+00:00,0.3525,1.6561,0.0000,1.3102,15.6243
2020-06-09 03:00:00+00:00,1.7388,2.6426,1.7791,4.7694,19.1635
2020-06-09 04:00:00+00:00,6.3264,8.2415,8.4123,14.1792,12.5880
2020-06-09 05:00:00+00:00,15.8498,18.7472,18.5655,43.3720,7.2543
2020-06-09 06:00:00+00:00,7.4882,6.6556,7.4633,20.0294,8.5037
2020-06-09 07:00:00+00:00,3.7446,1.3805,3.4660,10.2676,15.3715
2020-06-09 08:00:00+00:00,0.0000,0.0000,0.0000,0.0000,30.0166
2020-06-09 09:00:00+00:00,0.0000,0.0000,0.0000,0.0000,37.3047
2020-06-09 10:00:00+00:00,3.9640,0.0000,3.8093,0.0418,19.1878
2020-06-09 11:00:00+00:00,16.9675,14.4064,15.9121,33.5804,7.9324
2020-06-09 12:00:00+00:00,26.4115,30.5468,22.6545,90.4351,5.2230
2020-06-09 13:00:00+00:00,17.1822,17.0900,15.9549,49.8569,7.3783
2020-06-09 14:00:00+00:00,4.3693,2.3321,3.9886,10.4300,7.0524
2020-06-09 15:00:00+00:00,1.7954,1.0918,1.8349,4.4013,10.8326
2020-06-09 16:00:00+00:00,0.0000,0.0000,0.0000,0.0000,9.6985
2020-06-09 17:00:00+00:00,0.0000,0.0000,0.0000,0.0000,10.9904
2020-06-09 18:00:00+00:00,0.0000,0.0000,0.0000,0.0000,9.3991
2020-06-09 19:00:00+00:00,0.0000,0.0000,0.0000,0.0000,4.2635
2020-06-09 20:00:00+00:00,0.0000,0.0000,0.0000,0.0000,4.6827
2020-06-09 21:00:00+00:00,0.0000,0.0000,0.0000,0.0000,5.5125
2020-06-09 22:00:00+00:00,0.0000,0.0000,0.0000,0.0000,0.5408
2020-06-09 23:00:00+00:00,0.0000,0.0000,0.0000,0.0000,3.4228
2020-06-10 00:00:00+00:00,0.0000,0.0000,0.0000,0.0000,3.9940
2020-06-10 01:00:00+00:00,1.6372,1.5544,2.0827,3.6170,2.7020
2020-06-10 02:00:00+00:00,1.8682,3.5059,3.3672,0.7213,0.0000
2020-06-10 03:00:00+00:00,5.7430,7.6566,8.5139,8.5890,0.4555
2020-06-10 04:00:00+00:00,12.6904,16.0565,18.2116,20.8440,8.5127
2020-06-10 05:00:00+00:00,19.4531,26.6516,28.9874,35.6768,26.1153
2020-06-10 06:00:00+00:00,24.4681,41.6690,38.2150,53.9298,49.8282
2020-06-10 07:00:00+00:00,27.8303,49.8096,45.7068,46.4276,76.1478
2020-06-10 08:00:00+00:00,36.6060,51.0540,47.5457,32.9617,77.8269
2020-06-10 09:00:00+00:00,29.8729,29.9537,42.5331,11.3947,76.8860
2020-06-10 10:00:00+00:00,48.4292,28.0056,66.5710,12.5281,75.5079
2020-06-10 11:00:00+00:00,33.3576,17.1492,46.4565,6.7055,52.5749
2020-06-10 12:00:00+00:00,20.9711,12.9754,32.1164,5.5273,49.2093
2020-06-10 13:00:00+00:00,14.0297,11.2545,22.0681,8.7045,73.5868
2020-06-10 14:00:00+00:00,16.9777,11.0895,25.6939,18.8234,44.8934
2020-06-10 15:00:00+00:00,23.1448,9.5992,29.6782,21.0393,30.4259
2020-06-10 16:00:00+00:00,26.6076,10.8629,28.1901,24.0307,56.6204
2020-06-10 17:00:00+00:00,25.6435,12.2569,26.7798,31.7898,56.9007
2020-06-10 18:00:00+00:00,50.8275,32.7164,59.6020,82.9542,67.2244
2020-06-10 19:00:00+00:00,59.4278,58.6703,77.7666,118.8960,75.7315
2020-06-10 20:00:00+00:00,78.4267,95.5595,102.7348,177.9463,77.2111
2020-06-10 21:00:00+00:00,79.2812,96.7775,102.5088,206.3502,77.3007
2020-06-10 22:00:00+00:00,80.5205,97.1751,104.4984,205.7999,77.3409
2020-06-10 23:00:00+00:00,81.0000,100.5000,106.5000,215.2000,79.4374
2020-06-11 00:00:00+00:00,81.0000,100.5000,106.5000,215.2000,79.9000
2020-06-11 01:00:00+00:00,81.0000,100.5000,106.5000,215.2000,79.7313
2020-06-11 02:00:00+00:00,81.0000,100.5000,106.5000,215.2000,76.3726
2020-06-11 03:00:00+00:00,81.0000,100.5000,106.5000,215.2000,69.5569
2020-06-11 04:00:00+00:00,81.0000,100.5000,106.5000,215.2000,67.9771
2020-06-11 05:00:00+00:00,81.0000,100.5000,106.5000,215.2000,79.9000
2020-06-11 06:00:00+00:00,81.0000,100.5000,106.5000,215.2000,79.9000
2020-06-11 07:00:00+00:00,81.0000,100.5000,106.5000,215.2000,60.0446
2020-06-11 08:00:00+00:00,81.0000,100.4197,105.2172,215.2000,36.3113
2020-06-11 09:00:00+00:00,77.4675,96.0116,94.3208,206.7598,9.2587
2020-06-11 10:00:00+00:00,54.2044,91.9914,80.3529,139.5327,7.8249
2020-06-11 11:00:00+00:00,65.7519,91.8535,83.5263,179.6735,39.7039
2020-06-11 12:00:00+00:00,44.5674,57.1499,54.7796,130.5186,54.8146
2020-06-11 13:00:00+00:00,41.9757,72.9516,55.8379,137.2349,59.7304
2020-06-11 14:00:00+00:00,40.0034,55.7046,43.2439,132.3649,79.9000
2020-06-11 15:00:00+00:00,69.6098,91.2023,72.2319,201.9035,79.9000
2020-06-11 16:00:00+00:00,78.7539,99.0166,102.7858,213.3704,79.9000
2020-06-11 17:00:00+00:00,78.4625,99.3950,103.4520,212.3083,79.9000
2020-06-11 18:00:00+00:00,79.3868,99.7007,104.9507,214.0814,79.6223
2020-06-11 19:00:00+00:00,79.1215,99.0231,104.3505,213.9011,77.4964
2020-06-11 20:00:00+00:00,77.9171,98.1211,102.6851,209.8203,77.2630
2020-06-11 21:00:00+00:00,68.0504,95.6229,85.0980,204.1555,76.9663
2020-06-11 22:00:00+00:00,40.6104,51.4322,45.5570,109.4355,75.5235
2020-06-11 23:00:00+00:00,52.7431,60.0918,61.1248,122.5423,59.8450
2020-06-12 00:00:00+00:00,53.1471,60.1895,58.0840,129.1048,29.2838
2020-06-12 01:00:00+00:00,55.1868,56.9922,54.3961,137.2580,13.0999
2020-06-12 02:00:00+00:00,49.2799,44.6703,47.2462,89.1256,26.7665
2020-06-12 03:00:00+00:00,47.4854,45.5123,47.9300,91.0837,45.2040
2020-06-12 04:00:00+00:00,46.4447,42.8602,48.8198,85.0007,75.7254
2020-06-12 05:00:00+00:00,41.3226,38.2437,41.6134,84.1110,75.8316
2020-06-12 06:00:00+00:00,31.4056,27.8964,33.9736,67.9928,76.6937
2020-06-12 07:00:00+00:00,23.7716,25.9144,30.0265,51.0465,75.9158
2020-06-12 08:00:00+00:00,34.2757,41.1918,41.4504,73.3489,71.5633
2020-06-12 09:00:00+00:00,45.2715,55.5921,52.1066,119.1057,71.8712
2020-06-12 10:00:00+00:00,39.9113,48.4549,50.3156,111.2938,56.5396
2020-06-12 11:00:00+00:00,30.9898,33.1199,40.6668,84.4435,54.9646
2020-06-12 12:00:00+00:00,39.4001,39.2961,49.0791,112.5013,43.7186
2020-06-12 13:00:00+00:00,40.7905,49.1723,56.0500,110.3340,52.9032
2020-06-12 14:00:00+00:00,43.5049,52.0759,57.9880,126.3139,60.9498
2020-06-12 15:00:00+00:00,45.1553,55.5977,60.3507,123.4052,75.7673
2020-06-12 16:00:00+00:00,64.3542,76.8630,82.8943,167.2149,76.4820
2020-06-12 17:00:00+00:00,63.1471,75.0760,77.8695,161.3547,75.4611
2020-06-12 18:00:00+00:00,36.6535,43.1364,47.3727,93.5123,76.1004
2020-06-12 19:00:00+00:00,48.9460,59.9657,62.7097,129.2047,76.1691
2020-06-12 20:00:00+00:00,48.1721,56.4145,59.6557,123.4704,75.9603
2020-06-12 21:00:00+00:00,35.2434,43.3564,42.3036,89.7182,75.7730
2020-06-12 22:00:00+00:00,31.6469,38.8101,39.0284,85.5885,63.1155
2020-06-12 23:00:00+00:00,21.7620,26.4589,26.1194,60.0681,71.1410
2020-06-13 00:00:00+00:00,18.3321,22.6908,22.7370,47.8643,75.6556
2020-06-13 01:00:00+00:00,21.8591,26.9028,26.6921,57.6827,30.0379
2020-06-13 02:00:00+00:00,16.6124,18.5597,20.2827,42.4265,25.8732
2020-06-13 03:00:00+00:00,18.6624,19.9924,23.7286,46.5152,40.6497
2020-06-13 04:00:00+00:00,18.9151,20.5451,23.8170,49.6005,39.3141
2020-06-13 05:00:00+00:00,19.9064,20.8360,24.3688,50.5054,40.4764
2020-06-13 06:00:00+00:00,19.1943,20.4817,22.7323,51.3160,22.9638
2020-06-13 07:00:00+00:00,17.2501,20.2816,20.9259,41.7989,25.1266
2020-06-13 08:00:00+00:00,20.5047,24.3209,25.6304,52.0377,22.2512
2020-06-13 09:00:00+00:00,15.6516,16.7419,18.9072,41.9381,20.8519
2020-06-13 10:00:00+00:00,7.0515,7.4605,7.8131,21.8186,7.3531
2020-06-13 11:00:00+00:00,2.8108,3.0838,2.8276,9.4964,4.3085
2020-06-13 12:00:00+00:00,3.2598,3.3966,3.3407,9.6188,3.1808
2020-06-13 13:00:00+00:00,4.1611,4.6790,4.6422,11.2197,2.4436
2020-06-13 14:00:00+00:00,8.3895,10.5785,9.7997,21.3604,1.9956
2020-06-13 15:00:00+00:00,7.6894,8.1902,9.1908,20.7603,6.2122
2020-06-13 16:00:00+00:00,3.5576,4.7774,4.5820,8.9893,2.3241
2020-06-13 17:00:00+00:00,4.2955,5.0469,5.7117,10.6418,3.6587
2020-06-13 18:00:00+00:00,2.9208,2.5572,3.2385,7.6692,3.1633
2020-06-13 19:00:00+00:00,2.2159,2.7753,2.7200,5.2548,3.4615
2020-06-13 20:00:00+00:00,3.0696,3.9935,4.0550,6.9927,6.5398
2020-06-13 21:00:00+00:00,1.6474,1.9425,2.1795,3.7228,7.0678
2020-06-13 22:00:00+00:00,0.0000,0.0000,0.0000,0.0000,4.4971
2020-06-13 23:00:00+00:00,0.0000,0.0000,0.0000,0.0000,4.1111
2020-06-14 00:00:00+00:00,0.0000,0.0000,0.0000,0.0000,2.4311
2020-06-14 01:00:00+00:00,0.0000,0.0000,0.0000,0.0000,0.8368
2020-06-14 02:00:00+00:00,0.0000,0.0000,0.0000,0.0000,0.0000
2020-06-14 03:00:00+00:00,0.0000,0.0000,0.0000,0.0000,0.0000
2020-06-14 04:00:00+00:00,0.0000,0.0000,0.0000,0.0000,0.0000
2020-06-14 05:00:00+00:00,0.0000,0.0000,0.0000,0.0000,0.0000
2020-06-14 06:00:00+00:00,0.0000,0.0000,0.0000,0.0000,0.0000
2020-06-14 07:00:00+00:00,0.0000,0.0000,0.0000,0.0000,0.0000
2020-06-14 08:00:00+00:00,0.0000,0.0000,0.0000,0.0000,0.0000
2020-06-14 09:00:00+00:00,1.0362,0.0000,0.0000,4.9888,0.0000
2020-06-14 10:00:00+00:00,1.9200,4.1575,4.5666,0.0000,0.0000
2020-06-14 11:00:00+00:00,0.3229,1.4218,2.1712,0.0000,0.0000
2020-06-14 12:00:00+00:00,0.0000,0.0000,0.0000,0.0000,0.0000
2020-06-14 13:00:00+00:00,0.9709,0.0000,1.3262,0.5426,0.0000
2020-06-14 14:00:00+00:00,2.7219,2.2306,3.3345,5.9977,3.8298
2020-06-14 15:00:00+00:00,3.6573,2.6680,4.2677,7.7343,7.9938
2020-06-14 16:00:00+00:00,4.7398,3.2708,5.9118,10.0235,9.8510
2020-06-14 17:00:00+00:00,5.0732,3.0969,6.1372,9.7889,11.3637
2020-06-14 18:00:00+00:00,4.7209,3.1558,5.9161,9.2040,8.9563
2020-06-14 19:00:00+00:00,7.8004,5.7836,9.5381,15.9811,10.1080
2020-06-14 20:00:00+00:00,5.3652,3.4356,6.6354,8.8929,7.0289
2020-06-14 21:00:00+00:00,4.8249,3.5777,6.1340,9.9307,10.4798
2020-06-14 22:00:00+00:00,2.7286,2.5888,3.3175,6.0182,3.1934
2020-06-14 23:00:00+00:00,2.9573,2.6557,3.7084,7.2922,2.5856
2020-06-15 00:00:00+00:00,1.0599,0.0386,1.2720,1.5588,3.2846
2020-06-15 01:00:00+00:00,1.0345,0.3562,1.5042,2.3520,3.5946
2020-06-15 02:00:00+00:00,0.0000,0.0000,0.0000,0.0000,0.0000
2020-06-15 03:00:00+00:00,0.0000,0.0000,0.0000,0.0000,0.0000
2020-06-15 04:00:00+00:00,0.0000,0.5258,0.0000,0.0000,0.0000
2020-06-15 05:00:00+00:00,0.0000,0.0000,0.0000,0.0000,0.0000
2020-06-15 06:00:00+00:00,0.0000,0.0000,0.0000,0.0000,0.0000
2020-06-15 07:00:00+00:00,0.0000,0.0000,0.0000,0.0000,0.0000
2020-06-15 08:00:00+00:00,0.0000,0.0000,0.0000,0.0000,0.0000
2020-06-15 09:00:00+00:00,0.0000,0.0000,0.0000,0.0000,0.0000
2020-06-15 10:00:00+00:00,0.0000,0.0000,0.0000,0.0000,0.0000
2020-06-15 11:00:00+00:00,0.0000,0.0000,0.0000,0.0000,0.0000
2020-06-15 12:00:00+00:00,0.0000,0.0000,0.0000,0.0000,0.0000
2020-06-15 13:00:00+00:00,0.0000,0.0000,0.0000,0.0000,0.0000
2020-06-15 14:00:00+00:00,1.2503,0.6915,1.8674,1.7079,0.0000
2020-06-15 15:00:00+00:00,2.8601,2.3902,3.7547,6.7658,2.0985
2020-06-15 16:00:00+00:00,2.9678,2.0314,3.7238,6.3751,0.0000
2020-06-15 17:00:00+00:00,1.2453,0.0000,1.3683,1.9817,0.0000
2020-06-15 18:00:00+00:00,0.0000,0.0000,0.0000,0.0000,0.0000
2020-06-15 19:00:00+00:00,0.0000,0.0000,0.0000,0.0000,0.0000
2020-06-15 20:00:00+00:00,0.6733,0.0000,0.2949,0.0000,0.0000
2020-06-15 21:00:00+00:00,1.0860,0.0000,1.2750,0.1839,0.0000
2020-06-15 22:00:00+00:00,0.0000,0.0000,0.0000,0.0000,0.0000
2020-06-15 23:00:00+00:00,0.0000,0.0000,0.0000,0.0000,0.0000
2020-06-16 00:00:00+00:00,0.0000,0.0000,0.0000,0.0000,2.5711
2020-06-16 01:00:00+00:00,0.0000,0.0000,0.0000,0.0000,7.2671
2020-06-16 02:00:00+00:00,0.0000,0.0000,0.0000,0.0000,0.9416
2020-06-16 03:00:00+00:00,0.0000,0.0000,0.0000,0.0000,0.0000
2020-06-16 04:00:00+00:00,0.0000,0.0000,0.5970,0.0000,0.0000
2020-06-16 05:00:00+00:00,0.0000,0.0000,0.0000,0.0000,0.0000
2020-06-16 06:00:00+00:00,0.0000,0.0000,0.0000,0.0000,0.0000
2020-06-16 07:00:00+00:00,0.0000,0.0000,0.0000,0.0000,2.1060
2020-06-16 08:00:00+00:00,0.0000,0.0000,0.0000,0.0000,0.8156
2020-06-16 09:00:00+00:00,0.0000,0.0000,0.0000,0.0000,0.0000
2020-06-16 10:00:00+00:00,0.0000,0.0000,0.0000,0.0000,0.0000
2020-06-16 11:00:00+00:00,0.0000,0.0000,0.0000,0.0000,0.0000
2020-06-16 12:00:00+00:00,0.0000,0.0000,0.0000,0.0000,0.0000
2020-06-16 13:00:00+00:00,0.0000,0.0000,0.0000,0.0000,0.0000
2020-06-16 14:00:00+00:00,0.0000,0.0000,0.0000,0.0000,0.0000
2020-06-16 15:00:00+00:00,0.0000,0.0000,0.0000,0.0000,0.0000
2020-06-16 16:00:00+00:00,0.0000,0.0000,0.0000,0.0000,0.0000
2020-06-16 17:00:00+00:00,0.0000,0.0000,0.0000,0.0000,0.0000
2020-06-16 18:00:00+00:00,0.0000,0.0000,0.0000,0.0000,0.0000
2020-06-16 19:00:00+00:00,0.0000,0.0000,0.0000,0.0000,0.0000
2020-06-16 20:00:00+00:00,0.0000,0.0000,0.0000,0.0000,0.0000
2020-06-16 21:00:00+00:00,0.0000,0.0000,0.0000,0.0000,2.2010
2020-06-16 22:00:00+00:00,0.3821,0.0000,1.1932,0.0000,11.5050
2020-06-16 23:00:00+00:00,0.5076,0.0000,0.6881,0.0577,9.5130
2020-06-17 00:00:00+00:00,0.0000,0.0000,0.0000,0.9406,6.5503
2020-06-17 01:00:00+00:00,0.9561,0.0000,1.0379,1.8988,2.4780
2020-06-17 02:00:00+00:00,0.0000,0.0000,0.0000,0.0000,2.9107
2020-06-17 03:00:00+00:00,0.0000,0.0000,0.0000,0.0000,0.0000
2020-06-17 04:00:00+00:00,0.0000,0.0000,0.0000,0.0000,0.0000
2020-06-17 05:00:00+00:00,0.0000,0.0000,0.0000,0.0000,0.0000
2020-06-17 06:00:00+00:00,0.0000,0.0000,0.0000,0.0000,2.9206
2020-06-17 07:00:00+00:00,0.0000,0.0000,0.0000,0.0000,2.9198
2020-06-17 08:00:00+00:00,0.0000,0.0000,0.0000,0.0000,3.8683
2020-06-17 09:00:00+00:00,0.0000,0.0000,0.0000,0.0000,4.6712
2020-06-17 10:00:00+00:00,0.0000,0.0000,0.0000,0.0000,3.1676
2020-06-17 11:00:00+00:00,0.0000,0.0000,0.0000,0.0000,2.2719
2020-06-17 12:00:00+00:00,0.0000,0.0000,0.0000,0.0000,2.1770
2020-06-17 13:00:00+00:00,0.0000,0.0000,0.0000,0.0000,0.0000
2020-06-17 14:00:00+00:00,0.0000,0.0000,0.0000,0.0000,0.0000
2020-06-17 15:00:00+00:00,0.0000,0.0000,0.0000,0.0000,0.0000
2020-06-17 16:00:00+00:00,0.0000,0.0000,0.0000,0.0000,0.0000
2020-06-17 17:00:00+00:00,0.0000,0.0000,0.0000,0.0000,0.0000
2020-06-17 18:00:00+00:00,0.0000,0.0000,0.0000,0.0000,0.0000
2020-06-17 19:00:00+00:00,0.0000,0.0000,0.0000,0.0000,0.0000
2020-06-17 20:00:00+00:00,0.0000,0.0000,0.0000,0.0000,0.0000
2020-06-17 21:00:00+00:00,0.0000,0.0000,0.0000,0.0000,0.0000
2020-06-17 22:00:00+00:00,0.0000,0.0000,0.0000,0.0000,4.7464
2020-06-17 23:00:00+00:00,0.0000,0.0000,0.0000,0.0000,2.6632
2020-06-18 00:00:00+00:00,0.0000,0.0000,0.0000,0.0000,2.3815
2020-06-18 01:00:00+00:00,0.0000,0.0000,0.0000,0.0000,3.9554
2020-06-18 02:00:00+00:00,0.0000,0.0000,0.0000,0.0000,2.5525
2020-06-18 03:00:00+00:00,0.0000,0.0000,0.0000,0.0000,0.0000
2020-06-18 04:00:00+00:00,0.0000,0.0000,0.0000,0.0000,0.0000
2020-06-18 05:00:00+00:00,0.0000,0.0000,0.0000,0.0000,3.2337
2020-06-18 06:00:00+00:00,0.0000,0.0000,0.0000,0.0000,8.0920
2020-06-18 07:00:00+00:00,0.0000,0.0000,0.0000,1.3185,10.0200
2020-06-18 08:00:00+00:00,0.0000,1.3784,0.0000,4.3379,10.5935
2020-06-18 09:00:00+00:00,0.0567,1.2372,0.0000,4.2203,11.1416
2020-06-18 10:00:00+00:00,0.0000,0.0000,0.0000,0.0000,4.9018
2020-06-18 11:00:00+00:00,0.0000,0.0000,0.0000,0.0000,5.0152
2020-06-18 12:00:00+00:00,0.0000,0.0000,0.0000,0.0000,0.0000
2020-06-18 13:00:00+00:00,0.0000,0.0000,0.0000,0.0000,0.0000
2020-06-18 14:00:00+00:00,0.0000,0.0000,0.0000,0.0000,0.0000
2020-06-18 15:00:00+00:00,0.0000,0.0000,0.0000,0.0000,0.0000
2020-06-18 16:00:00+00:00,0.0000,0.0000,0.0000,0.0000,0.0000
2020-06-18 17:00:00+00:00,0.0000,0.0000,0.0000,0.0000,0.0000
2020-06-18 18:00:00+00:00,0.0000,0.0000,0.0000,0.0000,0.0000
2020-06-18 19:00:00+00:00,0.0000,0.0000,0.0000,0.0000,3.9170
2020-06-18 20:00:00+00:00,0.0000,0.0000,0.0000,0.0000,1.7819
2020-06-18 21:00:00+00:00,0.0000,0.0000,0.0000,0.0000,2.2017
2020-06-18 22:00:00+00:00,0.0000,0.0000,0.0000,0.0000,0.0000
2020-06-18 23:00:00+00:00,1.6022,0.3339,1.3293,4.6326,0.0000
2020-06-19 00:00:00+00:00,0.1900,0.0000,0.0000,1.6219,0.0000
2020-06-19 01:00:00+00:00,2.3337,1.1331,1.8486,9.3344,1.9960
2020-06-19 02:00:00+00:00,0.5070,0.0000,0.0000,4.2433,34.1921
2020-06-19 03:00:00+00:00,0.9838,0.0000,0.0000,5.2468,10.9826
2020-06-19 04:00:00+00:00,0.6396,0.0000,0.0000,5.1188,2.6534
2020-06-19 05:00:00+00:00,0.0000,0.0000,0.0000,4.1270,1.4691
2020-06-19 06:00:00+00:00,2.0094,3.6180,2.1662,8.1502,5.2286
2020-06-19 07:00:00+00:00,18.1303,26.9368,24.2594,47.5602,6.3969
2020-06-19 08:00:00+00:00,30.5588,39.7013,36.9383,78.3976,7.2751
2020-06-19 09:00:00+00:00,28.0794,38.3490,32.0684,74.8648,8.7933
2020-06-19 10:00:00+00:00,35.7343,42.6473,41.0844,82.9717,4.4259
2020-06-19 11:00:00+00:00,20.0479,20.1590,21.7003,47.9471,2.2525
2020-06-19 12:00:00+00:00,12.5443,12.0900,13.0392,33.6905,4.8748
2020-06-19 13:00:00+00:00,9.3465,9.4570,9.8133,24.9826,6.1602
2020-06-19 14:00:00+00:00,4.0068,4.1177,4.2918,10.0205,0.0000
2020-06-19 15:00:00+00:00,1.2644,1.2788,1.2752,3.0089,0.0000
2020-06-19 16:00:00+00:00,0.9949,0.3985,0.7571,0.0000,0.0000
2020-06-19 17:00:00+00:00,0.0000,0.0000,0.0000,0.0000,1.2553
2020-06-19 18:00:00+00:00,0.0000,0.0000,0.0000,0.0000,3.1498
2020-06-19 19:00:00+00:00,0.0000,0.0000,0.0000,0.0000,3.8522
2020-06-19 20:00:00+00:00,0.3586,0.0000,0.0000,0.0000,2.7808
2020-06-19 21:00:00+00:00,0.0000,0.0000,0.0000,0.0000,0.0000
2020-06-19 22:00:00+00:00,0.0000,0.0000,0.0000,0.0000,0.0000
2020-06-19 23:00:00+00:00,1.7775,1.4765,2.6121,3.0868,0.0000
2020-06-20 00:00:00+00:00,2.1497,2.6189,2.4943,7.8725,0.0000
2020-06-20 01:00:00+00:00,2.2611,1.3544,4.4710,3.6485,2.1686
2020-06-20 02:00:00+00:00,6.7720,7.1620,8.0629,19.5550,0.0000
2020-06-20 03:00:00+00:00,12.0016,12.3058,12.1323,39.8966,0.0000
2020-06-20 04:00:00+00:00,12.1984,12.3674,12.4715,40.7124,3.5148
2020-06-20 05:00:00+00:00,15.3850,16.4124,17.8296,47.9159,4.2731
2020-06-20 06:00:00+00:00,16.6382,16.7681,19.2134,50.1869,6.6560
2020-06-20 07:00:00+00:00,13.9388,14.6564,14.8427,44.7196,16.1115
2020-06-20 08:00:00+00:00,14.3224,15.8331,15.1946,45.1090,7.5783
2020-06-20 09:00:00+00:00,13.9521,16.0286,14.6768,44.5562,3.8759
2020-06-20 10:00:00+00:00,10.0324,11.0891,9.3106,33.9479,0.3901
2020-06-20 11:00:00+00:00,3.9849,3.2584,2.9155,11.6233,0.4933
2020-06-20 12:00:00+00:00,1.3998,1.4452,0.9063,3.9421,0.0000
2020-06-20 13:00:00+00:00,0.0000,0.0000,0.0000,0.0000,0.0000
2020-06-20 14:00:00+00:00,0.0000,0.0000,0.0000,0.0000,0.0000
2020-06-20 15:00:00+00:00,0.0000,0.0000,0.0000,0.0000,0.0000
2020-06-20 16:00:00+00:00,0.0000,0.0000,0.0000,0.0000,0.4935
2020-06-20 17:00:00+00:00,0.0000,0.0000,0.0000,0.0000,3.6755
2020-06-20 18:00:00+00:00,0.0000,0.0000,0.0000,0.0000,6.3488
2020-06-20 19:00:00+00:00,0.0000,0.0000,0.0000,0.0000,6.0200
2020-06-20 20:00:00+00:00,1.3448,0.0000,0.7555,6.8572,3.0333
2020-06-20 21:00:00+00:00,2.1934,1.1866,2.9335,0.0000,2.0012
2020-06-20 22:00:00+00:00,0.0000,0.0000,0.0000,0.0000,2.9927
2020-06-20 23:00:00+00:00,0.0000,0.0000,0.0000,0.0000,1.7722
2020-06-21 00:00:00+00:00,0.0000,0.1823,0.0000,0.0000,0.0000
2020-06-21 01:00:00+00:00,6.0016,6.9423,6.2833,14.1375,0.0000
2020-06-21 02:00:00+00:00,4.7640,5.6903,5.1933,10.8451,0.0000
2020-06-21 03:00:00+00:00,9.2105,8.8336,8.9867,23.8095,0.0000
2020-06-21 04:00:00+00:00,8.5970,9.5618,7.8101,21.9452,5.5082
2020-06-21 05:00:00+00:00,5.0378,5.4517,4.0621,14.1160,4.8648
2020-06-21 06:00:00+00:00,3.5745,3.7776,3.7117,9.6912,8.3194
2020-06-21 07:00:00+00:00,3.4356,3.2288,4.3274,8.6653,11.5397
2020-06-21 08:00:00+00:00,3.7046,3.4940,5.0030,9.3904,7.6695
2020-06-21 09:00:00+00:00,3.2874,2.6452,4.2495,8.5096,6.6759
2020-06-21 10:00:00+00:00,0.0000,0.0000,0.0000,0.0000,5.6338
2020-06-21 11:00:00+00:00,0.0000,0.0000,0.0000,0.0000,3.1325
2020-06-21 12:00:00+00:00,0.0000,0.0000,0.0000,0.0000,1.7929
2020-06-21 13:00:00+00:00,0.0000,0.0000,0.0000,0.0000,0.0000
2020-06-21 14:00:00+00:00,0.0000,0.0000,0.0000,0.0000,2.9216
2020-06-21 15:00:00+00:00,0.0000,0.0000,0.0000,0.0000,4.2976
2020-06-21 16:00:00+00:00,0.0000,0.0000,0.0000,0.0000,6.2423
2020-06-21 17:00:00+00:00,0.0000,0.0000,0.0000,0.0000,8.3993
2020-06-21 18:00:00+00:00,0.0000,0.0000,0.0000,0.0000,10.0948
2020-06-21 19:00:00+00:00,0.0000,0.0000,0.0000,0.0000,12.4028
2020-06-21 20:00:00+00:00,0.0000,0.0000,0.0000,0.0000,8.6002
2020-06-21 21:00:00+00:00,2.2161,0.0000,3.3554,0.0000,3.1101
2020-06-21 22:00:00+00:00,70.8716,68.9520,51.9174,87.0296,4.4234
2020-06-21 23:00:00+00:00,0.1040,0.0000,0.5019,0.0000,4.0851
2020-06-22 00:00:00+00:00,0.0000,0.0000,0.0000,0.0000,2.2116
2020-06-22 01:00:00+00:00,1.3510,2.1740,0.2377,5.3624,0.6937
2020-06-22 02:00:00+00:00,0.0000,0.9062,0.0000,1.9313,4.0988
2020-06-22 03:00:00+00:00,0.0000,0.0000,0.0000,0.0000,12.4995
2020-06-22 04:00:00+00:00,0.0000,0.0000,0.0000,0.0000,25.9072
2020-06-22 05:00:00+00:00,0.0000,0.0000,0.0000,0.0000,26.1011
2020-06-22 06:00:00+00:00,0.3176,0.0000,1.6368,0.0000,22.1729
2020-06-22 07:00:00+00:00,3.2687,3.4585,5.4155,6.7403,15.2553
2020-06-22 08:00:00+00:00,5.4535,6.2464,5.8513,16.2645,14.5521
2020-06-22 09:00:00+00:00,7.6602,11.8398,8.2446,23.4274,20.5492
2020-06-22 10:00:00+00:00,5.1799,9.2209,7.0145,15.3624,5.2374
2020-06-22 11:00:00+00:00,2.7323,3.8633,2.7040,7.6530,0.0000
2020-06-22 12:00:00+00:00,0.3980,0.0000,0.0686,0.0000,0.0000
2020-06-22 13:00:00+00:00,0.0000,0.0000,0.0000,0.0000,0.0000
2020-06-22 14:00:00+00:00,0.0000,0.0000,0.0000,0.0000,0.0000
2020-06-22 15:00:00+00:00,0.0000,0.0000,0.0000,0.0000,0.0000
2020-06-22 16:00:00+00:00,0.0000,0.0000,0.0000,0.0000,0.0000
2020-06-22 17:00:00+00:00,0.0000,0.0000,0.0000,0.0000,2.9392
2020-06-22 18:00:00+00:00,0.6377,0.0000,0.9099,0.0000,1.6193
2020-06-22 19:00:00+00:00,0.0000,0.0000,0.0000,0.0000,0.0000
2020-06-22 20:00:00+00:00,0.0000,0.0000,0.0000,0.0000,0.0000
2020-06-22 21:00:00+00:00,0.0000,0.0000,0.0000,0.0000,0.0000
2020-06-22 22:00:00+00:00,0.6859,0.0000,0.9885,0.0000,0.0000
2020-06-22 23:00:00+00:00,0.0000,0.0000,0.0000,0.0000,0.0000
2020-06-23 00:00:00+00:00,0.0000,0.0000,0.0000,0.0000,0.0000
2020-06-23 01:00:00+00:00,8.2351,3.6425,6.3844,28.8844,0.0000
2020-06-23 02:00:00+00:00,5.2697,0.7554,2.8561,14.7113,0.0000
2020-06-23 03:00:00+00:00,11.4507,8.9523,10.5003,26.9454,0.0000
2020-06-23 04:00:00+00:00,16.0681,15.8707,14.6304,38.6247,0.0000
2020-06-23 05:00:00+00:00,17.7016,15.6155,15.0288,41.8961,0.7552
2020-06-23 06:00:00+00:00,22.6728,23.3837,21.3561,55.5494,9.0140
2020-06-23 07:00:00+00:00,26.2519,28.1026,22.6813,76.6725,14.9399
2020-06-23 08:00:00+00:00,14.9346,17.8868,14.0095,46.5763,1.7642
2020-06-23 09:00:00+00:00,11.1318,12.9717,9.9212,31.5879,0.0000
2020-06-23 10:00:00+00:00,5.8642,4.9598,4.7266,14.5537,6.7047
2020-06-23 11:00:00+00:00,1.9412,1.3818,0.4659,3.1022,3.0843
2020-06-23 12:00:00+00:00,1.8550,0.0000,0.9462,0.0000,6.4899
2020-06-23 13:00:00+00:00,2.3167,0.0000,2.6521,0.0000,10.4238
2020-06-23 14:00:00+00:00,5.2668,2.9574,7.3866,8.9145,11.2615
2020-06-23 15:00:00+00:00,6.7196,5.8029,7.1575,16.8750,9.8148
2020-06-23 16:00:00+00:00,7.2188,7.4648,9.1688,18.4861,16.9573
2020-06-23 17:00:00+00:00,7.1422,11.9717,9.0085,25.4771,25.3992
2020-06-23 18:00:00+00:00,4.6662,3.8954,4.8028,16.9064,25.4486
2020-06-23 19:00:00+00:00,3.6816,4.7445,4.3739,12.9876,28.9362
2020-06-23 20:00:00+00:00,6.1100,6.0483,9.4281,20.5028,31.2507
2020-06-23 21:00:00+00:00,28.6376,41.4029,41.3425,77.3345,35.5775
2020-06-23 22:00:00+00:00,22.3095,29.2019,28.1600,64.2646,25.9193
2020-06-23 23:00:00+00:00,30.3983,34.9148,40.2338,72.4790,29.4483
2020-06-24 00:00:00+00:00,10.8394,12.2317,14.3354,24.1612,30.6842
2020-06-24 01:00:00+00:00,16.4723,18.9670,20.9260,32.0312,15.7392
2020-06-24 02:00:00+00:00,23.6944,29.8528,30.5102,41.2914,11.8447
2020-06-24 03:00:00+00:00,42.4252,46.7621,44.1849,91.6810,31.0245
2020-06-24 04:00:00+00:00,49.9197,44.3169,47.5270,114.9447,4.6008
2020-06-24 05:00:00+00:00,29.7159,24.0911,30.0715,67.8906,15.3459
2020-06-24 06:00:00+00:00,6.5060,1.0391,6.9357,9.6447,29.4704
2020-06-24 07:00:00+00:00,12.1221,1.2758,8.5798,14.9287,37.6011
2020-06-24 08:00:00+00:00,8.5024,4.8235,10.4715,11.5002,72.6507
2020-06-24 09:00:00+00:00,11.9988,4.8040,10.0049,20.3202,77.2347
2020-06-24 10:00:00+00:00,16.7953,11.7489,13.2718,31.5043,76.9812
2020-06-24 11:00:00+00:00,17.1750,16.2170,16.7674,29.5715,75.5229
2020-06-24 12:00:00+00:00,24.3212,20.4576,22.7477,53.1641,76.0993
2020-06-24 13:00:00+00:00,36.6512,36.3675,42.6833,83.7790,77.3061
2020-06-24 14:00:00+00:00,47.6797,44.2338,54.1727,113.8116,71.5203
2020-06-24 15:00:00+00:00,45.4308,49.7074,54.3358,107.5578,74.2025
2020-06-24 16:00:00+00:00,43.8591,50.8177,55.6285,102.1665,75.0262
2020-06-24 17:00:00+00:00,44.7326,51.3829,56.5801,100.2580,76.2495
2020-06-24 18:00:00+00:00,41.5005,49.0010,54.1844,93.7058,76.0481
2020-06-24 19:00:00+00:00,47.3028,56.0574,59.2472,107.7587,76.5967
2020-06-24 20:00:00+00:00,61.2923,72.9174,79.9343,136.5277,75.5101
2020-06-24 21:00:00+00:00,67.5218,77.6216,84.5497,149.5270,58.3136
2020-06-24 22:00:00+00:00,57.2169,62.6397,72.9918,122.9966,56.7590
2020-06-24 23:00:00+00:00,44.7261,48.5354,55.2663,98.1524,50.1712
2020-06-25 00:00:00+00:00,36.1931,38.4751,44.0068,79.4589,35.2399
2020-06-25 01:00:00+00:00,26.1984,28.0706,32.7510,51.7725,17.4360
2020-06-25 02:00:00+00:00,31.2462,39.3137,38.7641,61.5834,9.7006
2020-06-25 03:00:00+00:00,42.5300,48.4142,49.4893,88.6157,19.1953
2020-06-25 04:00:00+00:00,43.6535,46.8914,45.8175,88.9673,38.9271
2020-06-25 05:00:00+00:00,43.0763,44.3031,42.1020,89.3520,32.0579
2020-06-25 06:00:00+00:00,47.2204,46.1103,45.7406,100.0556,35.1380
2020-06-25 07:00:00+00:00,49.2620,46.6906,46.3547,106.3829,37.3559
2020-06-25 08:00:00+00:00,56.2558,52.7101,56.2740,114.0108,54.7873
2020-06-25 09:00:00+00:00,58.3057,56.4654,60.6409,109.0560,64.5201
2020-06-25 10:00:00+00:00,47.2280,47.7204,46.6181,102.3446,57.0002
2020-06-25 11:00:00+00:00,43.8522,48.8782,49.9965,103.1424,43.1257
2020-06-25 12:00:00+00:00,41.9887,46.6502,46.8546,104.2777,28.3118
2020-06-25 13:00:00+00:00,45.0587,48.6505,52.7964,101.6588,27.7938
2020-06-25 14:00:00+00:00,37.4973,40.9274,47.1464,88.6024,22.1371
2020-06-25 15:00:00+00:00,35.8111,38.0420,44.4581,84.8722,36.0373
2020-06-25 16:00:00+00:00,29.6854,32.7288,37.9169,73.7148,45.8270
2020-06-25 17:00:00+00:00,33.1236,39.4081,43.5347,79.8459,43.5141
2020-06-25 18:00:00+00:00,26.3725,33.5444,34.0357,69.5548,38.7232
2020-06-25 19:00:00+00:00,17.9855,22.7713,23.3329,39.4257,42.5657
2020-06-25 20:00:00+00:00,27.4344,31.5292,37.0231,60.9136,31.6208
2020-06-25 21:00:00+00:00,27.5763,29.6129,37.6282,61.6569,18.0598
2020-06-25 22:00:00+00:00,24.1327,30.3936,31.8495,56.6329,11.9170
2020-06-25 23:00:00+00:00,14.3666,17.0391,18.6149,32.1613,9.9639
2020-06-26 00:00:00+00:00,6.9812,7.9839,9.6200,16.2104,9.1039
2020-06-26 01:00:00+00:00,5.9987,5.1216,6.7250,11.9677,4.6869
2020-06-26 02:00:00+00:00,10.5168,11.0564,12.9228,21.3700,4.4228
2020-06-26 03:00:00+00:00,14.3170,16.8785,17.7547,31.5024,18.0816
2020-06-26 04:00:00+00:00,26.5915,30.4423,30.6465,66.0395,52.8506
2020-06-26 05:00:00+00:00,33.6464,39.1381,39.7293,83.1326,60.5913
2020-06-26 06:00:00+00:00,27.7740,34.0254,33.8591,65.3521,47.6149
2020-06-26 07:00:00+00:00,26.7147,36.1935,34.0649,65.0489,47.6770
2020-06-26 08:00:00+00:00,29.9376,37.2304,35.6051,67.5592,54.2364
2020-06-26 09:00:00+00:00,34.2007,38.5233,40.7810,71.2641,65.3201
2020-06-26 10:00:00+00:00,38.1697,35.4094,39.4432,99.9968,39.8319
2020-06-26 11:00:00+00:00,21.8126,20.6908,21.3440,59.7297,45.2583
2020-06-26 12:00:00+00:00,18.0413,17.6188,18.9897,46.5029,29.2428
2020-06-26 13:00:00+00:00,19.7634,21.6896,23.5715,47.8979,23.1824
2020-06-26 14:00:00+00:00,18.3467,21.5946,23.8175,41.8737,28.3850
2020-06-26 15:00:00+00:00,19.4145,23.9237,24.8004,46.3970,30.9426
2020-06-26 16:00:00+00:00,23.8021,30.3926,30.2359,60.9714,32.4147
2020-06-26 17:00:00+00:00,26.7404,32.8229,32.7340,66.5965,32.9511
2020-06-26 18:00:00+00:00,23.3410,28.0946,27.4231,56.6149,33.8257
2020-06-26 19:00:00+00:00,16.2656,20.3979,22.0498,32.1131,41.0756
2020-06-26 20:00:00+00:00,21.5828,24.9270,26.4951,45.5803,35.2160
2020-06-26 21:00:00+00:00,16.4997,12.6879,21.2721,26.4744,30.9340
2020-06-26 22:00:00+00:00,1.4051,1.5409,1.1259,4.9128,32.7797
2020-06-26 23:00:00+00:00,3.3309,4.4953,4.0667,7.2362,29.2266
2020-06-27 00:00:00+00:00,11.4762,13.0407,13.4252,30.6415,34.9552
2020-06-27 01:00:00+00:00,18.2001,20.6830,20.3830,42.0008,24.8126
2020-06-27 02:00:00+00:00,20.8228,24.0242,24.9604,50.9193,29.7973
2020-06-27 03:00:00+00:00,33.8834,38.4750,40.9374,75.1232,37.4324
2020-06-27 04:00:00+00:00,50.5214,56.3487,61.1809,113.5408,49.0903
2020-06-27 05:00:00+00:00,50.2105,51.2654,56.0793,117.2841,38.0131
2020-06-27 06:00:00+00:00,38.9689,35.8881,41.6874,95.2600,28.1711
2020-06-27 07:00:00+00:00,41.8196,43.3792,45.4021,103.2865,20.7719
2020-06-27 08:00:00+00:00,30.9028,37.5122,38.4893,72.8181,16.5015
2020-06-27 09:00:00+00:00,23.2578,35.3725,29.4579,62.0006,18.6199
2020-06-27 10:00:00+00:00,13.7160,21.3857,17.2226,34.0229,7.7627
2020-06-27 11:00:00+00:00,6.8975,7.3561,5.3626,16.7957,9.0432
2020-06-27 12:00:00+00:00,4.9294,3.1087,3.5570,12.3097,9.0042
2020-06-27 13:00:00+00:00,11.7933,7.8746,15.1125,27.8448,21.6203
2020-06-27 14:00:00+00:00,14.6488,13.2488,18.1753,39.3621,76.4777
2020-06-27 15:00:00+00:00,10.1117,8.1462,12.0007,24.6837,52.7474
2020-06-27 16:00:00+00:00,6.5062,4.6085,9.0149,13.5385,32.6783
2020-06-27 17:00:00+00:00,9.8486,5.2744,13.1754,20.2996,40.8394
2020-06-27 18:00:00+00:00,19.5462,22.5884,27.4648,44.0072,20.2617
2020-06-27 19:00:00+00:00,10.4297,11.1760,14.4136,25.4550,10.7762
2020-06-27 20:00:00+00:00,1.7107,1.5720,2.2801,4.3099,9.2932
2020-06-27 21:00:00+00:00,1.0722,0.0000,0.6398,0.2706,8.2235
2020-06-27 22:00:00+00:00,0.3077,0.0000,0.0000,0.0000,12.6144
2020-06-27 23:00:00+00:00,0.0000,0.0000,0.0000,0.0000,22.5089
2020-06-28 00:00:00+00:00,0.9251,0.1620,1.7472,0.0000,20.3864
2020-06-28 01:00:00+00:00,1.4700,0.0000,0.4736,0.0000,32.2171
2020-06-28 02:00:00+00:00,2.0034,0.0000,1.2270,0.0000,0.0000
2020-06-28 03:00:00+00:00,7.5781,2.1989,7.5943,5.6907,9.1751
2020-06-28 04:00:00+00:00,11.4702,6.6105,9.8238,21.1023,28.7573
2020-06-28 05:00:00+00:00,13.6753,14.5195,15.5819,30.4076,37.3948
2020-06-28 06:00:00+00:00,13.4046,15.7768,14.7679,37.7847,32.0088
2020-06-28 07:00:00+00:00,9.4175,9.5506,9.5784,27.4436,18.8604
2020-06-28 08:00:00+00:00,4.7808,3.9241,5.0483,11.6361,13.4705
2020-06-28 09:00:00+00:00,1.5984,1.4498,1.4643,3.4702,11.3176
2020-06-28 10:00:00+00:00,1.8902,0.7608,1.6603,3.5425,11.2951
2020-06-28 11:00:00+00:00,0.7875,0.0000,0.0000,0.0000,4.4454
2020-06-28 12:00:00+00:00,1.5933,0.7441,1.6257,1.2125,0.0000
2020-06-28 13:00:00+00:00,1.0534,0.0000,0.6428,0.0000,0.4736
2020-06-28 14:00:00+00:00,0.0000,0.0000,0.0000,0.0000,0.0000
2020-06-28 15:00:00+00:00,0.0000,0.0000,0.0000,0.0000,0.0000
2020-06-28 16:00:00+00:00,0.0000,0.0000,0.0000,0.0000,3.7365
2020-06-28 17:00:00+00:00,0.0000,0.0000,0.0000,0.0000,11.1431
2020-06-28 18:00:00+00:00,0.0000,0.0000,0.0000,0.9141,8.7342
2020-06-28 19:00:00+00:00,0.0000,0.0000,0.0000,0.0000,2.5690
2020-06-28 20:00:00+00:00,0.0000,0.0000,0.0000,0.0000,7.4249
2020-06-28 21:00:00+00:00,0.0000,0.0000,0.0000,0.0000,6.5351
2020-06-28 22:00:00+00:00,0.0000,0.0000,0.0000,0.0000,32.4155
2020-06-28 23:00:00+00:00,4.0182,2.9828,4.4796,7.4311,6.7235
2020-06-29 00:00:00+00:00,0.0000,0.0000,0.0000,0.0000,4.2511
2020-06-29 01:00:00+00:00,0.0000,0.0000,0.0000,0.0000,0.0000
2020-06-29 02:00:00+00:00,0.0000,0.0000,0.0000,0.0000,9.5641
2020-06-29 03:00:00+00:00,0.0000,0.0000,0.0000,0.0000,4.0711
2020-06-29 04:00:00+00:00,0.0000,0.0000,0.0000,0.0000,3.4150
2020-06-29 05:00:00+00:00,0.2562,0.0000,0.0000,4.9315,0.0000
2020-06-29 06:00:00+00:00,0.0000,0.0000,0.0000,0.0000,0.0000
2020-06-29 07:00:00+00:00,0.0000,0.0000,0.0000,3.6466,0.0000
2020-06-29 08:00:00+00:00,0.0000,0.0000,0.0000,0.0000,0.0000
2020-06-29 09:00:00+00:00,0.0000,0.0000,0.0000,0.0000,0.0000
2020-06-29 10:00:00+00:00,3.1180,2.5258,3.2410,7.6376,0.0000
2020-06-29 11:00:00+00:00,3.1295,2.4558,2.9649,7.9211,0.0000
2020-06-29 12:00:00+00:00,2.5751,2.5146,3.0520,6.2770,0.0000
2020-06-29 13:00:00+00:00,2.6839,2.4009,3.0028,5.4043,0.0000
2020-06-29 14:00:00+00:00,1.4813,0.9396,2.1301,1.4235,0.0000
2020-06-29 15:00:00+00:00,2.0982,1.3780,2.9867,4.0095,0.0000
2020-06-29 16:00:00+00:00,2.7948,1.4126,3.3014,4.6910,6.3118
2020-06-29 17:00:00+00:00,5.5541,4.2664,7.5088,13.1643,11.8304
2020-06-29 18:00:00+00:00,4.4351,3.0934,6.1781,7.6793,12.8035
2020-06-29 19:00:00+00:00,12.4273,9.8466,17.5451,18.3790,16.6275
2020-06-29 20:00:00+00:00,6.0785,3.7755,6.2406,15.1556,20.4942
2020-06-29 21:00:00+00:00,5.3920,4.0806,6.9534,10.5926,23.8534
2020-06-29 22:00:00+00:00,5.1294,4.5757,7.7067,9.0853,31.1099
2020-06-29 23:00:00+00:00,3.9871,4.1525,4.9201,11.2060,25.1277
2020-06-30 00:00:00+00:00,3.8915,2.7877,4.3505,13.1330,17.3263
2020-06-30 01:00:00+00:00,9.9199,8.0910,11.4875,25.2435,16.0312
2020-06-30 02:00:00+00:00,12.7986,16.6161,17.2463,34.9040,5.7063
2020-06-30 03:00:00+00:00,25.3097,34.5079,34.4109,67.8866,0.0000
2020-06-30 04:00:00+00:00,27.6905,33.4117,37.7301,67.2386,2.6855
2020-06-30 05:00:00+00:00,15.1228,15.8799,21.7659,27.5296,6.9719
2020-06-30 06:00:00+00:00,16.5219,15.8949,24.1702,29.4215,11.3209
2020-06-30 07:00:00+00:00,10.6370,9.4929,15.0856,17.8989,10.2376
2020-06-30 08:00:00+00:00,9.9002,9.4922,13.6953,17.5648,11.1922
2020-06-30 09:00:00+00:00,10.1963,11.1280,13.7199,23.3746,7.9865
2020-06-30 10:00:00+00:00,14.3958,16.4994,18.6446,37.5360,11.6247
2020-06-30 11:00:00+00:00,11.7852,12.4212,15.5428,28.7196,11.6143
2020-06-30 12:00:00+00:00,5.5199,5.6321,7.2797,12.3906,14.2559
2020-06-30 13:00:00+00:00,1.9326,2.7525,3.0423,4.3207,9.5706
2020-06-30 14:00:00+00:00,2.4175,2.5949,3.1919,6.1267,8.0249
2020-06-30 15:00:00+00:00,7.4510,7.3184,9.8514,17.1228,10.8243
2020-06-30 16:00:00+00:00,7.6422,7.6740,12.5014,16.2530,11.6913
2020-06-30 17:00:00+00:00,5.7339,7.6453,8.8261,14.4169,13.9047
2020-06-30 18:00:00+00:00,6.3631,6.1434,8.6700,17.9878,17.2532
2020-06-30 19:00:00+00:00,6.0818,7.3639,8.0782,18.4267,15.6460
2020-06-30 20:00:00+00:00,6.1702,9.1462,8.7954,18.6976,8.1295
2020-06-30 21:00:00+00:00,4.1390,3.7445,5.6070,9.9665,9.9149
2020-06-30 22:00:00+00:00,1.7397,1.0982,2.2616,3.4634,12.0759
2020-06-30 23:00:00+00:00,2.6443,2.4302,3.7243,6.2658,15.1928
2020-07-01 00:00:00+00:00,3.0360,2.5099,3.8398,8.6888,13.4806
2020-07-01 01:00:00+00:00,1.0901,0.0000,1.2076,0.0000,12.1916
2020-07-01 02:00:00+00:00,4.6406,5.2168,4.1426,13.5798,2.9707
2020-07-01 03:00:00+00:00,8.4907,14.2348,10.7839,22.6539,0.0000
2020-07-01 04:00:00+00:00,7.9006,17.1016,14.3305,13.4137,0.0000
2020-07-01 05:00:00+00:00,4.9434,11.1410,10.9614,5.6802,0.0000
2020-07-01 06:00:00+00:00,2.6891,5.4581,6.7410,0.0000,0.0000
2020-07-01 07:00:00+00:00,0.0000,0.2930,0.4380,0.0000,0.0000
2020-07-01 08:00:00+00:00,0.0000,0.0000,0.0000,0.0000,0.0000
2020-07-01 09:00:00+00:00,0.0000,0.0000,0.0000,0.0000,0.0000
2020-07-01 10:00:00+00:00,1.8870,0.5819,2.2738,3.7415,0.0000
2020-07-01 11:00:00+00:00,0.0000,0.0000,0.0000,0.0000,0.0000
2020-07-01 12:00:00+00:00,0.0000,0.0000,0.0000,0.0000,0.0000
2020-07-01 13:00:00+00:00,1.0127,0.0000,1.0455,2.1950,0.0000
2020-07-01 14:00:00+00:00,1.4723,0.8692,1.9517,3.5046,2.0003
2020-07-01 15:00:00+00:00,1.6873,1.4593,2.4174,3.2007,7.4534
2020-07-01 16:00:00+00:00,1.9911,1.7567,2.9972,3.4422,4.9333
2020-07-01 17:00:00+00:00,2.4812,2.2831,3.7748,4.8599,3.9579
2020-07-01 18:00:00+00:00,1.7380,1.3075,2.4909,1.8660,4.1400
2020-07-01 19:00:00+00:00,1.9511,1.4301,3.3445,3.2065,5.3828
2020-07-01 20:00:00+00:00,0.0000,0.0000,0.0000,0.0000,7.8431
2020-07-01 21:00:00+00:00,0.7626,0.0000,1.2330,0.0000,6.6498
2020-07-01 22:00:00+00:00,1.5008,1.3092,1.9933,1.0553,8.4280
2020-07-01 23:00:00+00:00,1.3485,1.4729,1.7832,0.9876,7.6118
2020-07-02 00:00:00+00:00,1.7347,1.5029,2.1175,3.7372,5.7937
2020-07-02 01:00:00+00:00,2.8675,1.4873,3.0979,6.2783,0.0000
2020-07-02 02:00:00+00:00,3.3602,1.1215,2.9447,9.9593,14.0222
2020-07-02 03:00:00+00:00,3.7066,2.0066,3.5215,11.5422,19.1159
2020-07-02 04:00:00+00:00,6.4486,5.8785,6.1272,23.4972,21.1860
2020-07-02 05:00:00+00:00,8.1311,7.5526,7.7957,27.3999,19.0985
2020-07-02 06:00:00+00:00,8.6081,9.2131,8.6742,28.7958,16.6998
2020-07-02 07:00:00+00:00,16.8986,20.5058,19.2070,53.4971,15.4489
2020-07-02 08:00:00+00:00,29.6280,33.3248,32.6988,94.3723,21.1742
2020-07-02 09:00:00+00:00,34.8592,35.1867,37.1033,111.0027,34.0045
2020-07-02 10:00:00+00:00,22.0656,21.9568,21.6374,71.8071,32.9458
2020-07-02 11:00:00+00:00,13.1215,13.8379,10.6502,51.0766,18.0828
2020-07-02 12:00:00+00:00,7.7218,9.0332,6.2862,27.7067,5.1019
2020-07-02 13:00:00+00:00,7.3493,7.7116,6.3517,25.5931,4.7019
2020-07-02 14:00:00+00:00,5.2191,7.0111,5.2056,17.1971,7.0711
2020-07-02 15:00:00+00:00,7.5456,8.8692,8.4718,21.7762,8.9073
2020-07-02 16:00:00+00:00,10.4685,10.2541,12.2883,31.0709,14.0109
2020-07-02 17:00:00+00:00,14.2956,13.5717,16.4906,41.5709,15.6351
2020-07-02 18:00:00+00:00,18.5958,18.4803,22.6503,52.9068,22.8585
2020-07-02 19:00:00+00:00,6.0967,5.7805,7.1037,16.9559,18.7076
2020-07-02 20:00:00+00:00,3.4814,4.2528,4.6573,9.8534,29.9408
2020-07-02 21:00:00+00:00,3.2394,2.3544,3.3912,10.5664,41.2117
2020-07-02 22:00:00+00:00,9.7903,10.3049,12.5105,21.9118,32.5342
2020-07-02 23:00:00+00:00,13.9491,14.0422,17.6230,34.7934,27.9879
2020-07-03 00:00:00+00:00,25.5838,22.2162,29.2139,77.5641,35.8771
2020-07-03 01:00:00+00:00,4.4660,2.1581,3.7396,16.9224,19.6728
2020-07-03 02:00:00+00:00,3.1873,3.1998,2.3701,13.7339,0.0000
2020-07-03 03:00:00+00:00,6.4922,6.9026,6.6410,23.2789,0.0000
2020-07-03 04:00:00+00:00,8.7151,10.1895,9.1434,30.2512,5.8739
2020-07-03 05:00:00+00:00,9.3391,7.5699,9.0999,32.9464,2.6304
2020-07-03 06:00:00+00:00,1.4574,0.0000,0.2214,6.2649,0.0000
2020-07-03 07:00:00+00:00,0.0000,0.0000,0.0000,0.0000,0.0000
2020-07-03 08:00:00+00:00,0.0000,0.0000,0.0000,0.0000,0.0000
2020-07-03 09:00:00+00:00,1.4188,3.1330,3.6702,0.0000,0.0000
2020-07-03 10:00:00+00:00,0.0000,0.0000,0.0000,0.0000,3.3990
2020-07-03 11:00:00+00:00,0.0000,0.0000,0.0000,0.0000,2.5427
2020-07-03 12:00:00+00:00,0.0000,0.0000,0.0000,0.0000,0.0000
2020-07-03 13:00:00+00:00,0.0000,0.0000,0.0000,0.0000,0.0000
2020-07-03 14:00:00+00:00,0.0000,0.0000,0.0000,0.0000,0.0000
2020-07-03 15:00:00+00:00,0.2721,0.0000,1.0392,0.0000,0.0000
2020-07-03 16:00:00+00:00,1.5381,1.2083,2.4351,2.8365,4.0487
2020-07-03 17:00:00+00:00,3.3272,2.3405,4.3953,6.3069,5.9566
2020-07-03 18:00:00+00:00,2.0038,1.0856,2.7087,3.2356,8.8445
2020-07-03 19:00:00+00:00,2.1429,1.1217,3.1051,3.3544,15.8756
2020-07-03 20:00:00+00:00,1.1440,0.0000,1.7562,0.0000,18.0254
2020-07-03 21:00:00+00:00,0.0000,0.0000,0.0000,0.0000,18.3160
2020-07-03 22:00:00+00:00,0.0000,0.0000,0.0000,0.0000,10.2302
2020-07-03 23:00:00+00:00,0.0000,0.0000,0.0148,0.0000,10.2169
2020-07-04 00:00:00+00:00,1.1071,0.1248,0.7809,2.5195,3.8096
2020-07-04 01:00:00+00:00,1.5518,1.1650,1.6109,4.5716,2.2532
2020-07-04 02:00:00+00:00,1.4167,0.0000,0.0000,9.0406,0.0000
2020-07-04 03:00:00+00:00,1.1283,0.0000,0.0000,6.7191,0.0000
2020-07-04 04:00:00+00:00,0.0000,0.0000,0.0000,1.4501,0.0000
2020-07-04 05:00:00+00:00,0.0000,0.0000,0.0000,0.0000,0.0000
2020-07-04 06:00:00+00:00,0.0000,0.0000,0.0000,4.5262,0.0000
2020-07-04 07:00:00+00:00,1.6047,0.9075,0.0000,11.7937,0.0000
2020-07-04 08:00:00+00:00,2.0219,2.1301,1.2586,13.9412,0.0000
2020-07-04 09:00:00+00:00,1.4262,1.6442,0.9070,10.4899,0.0000
2020-07-04 10:00:00+00:00,3.6732,3.2930,2.7902,18.8425,2.0319
2020-07-04 11:00:00+00:00,0.0000,0.0000,0.0000,0.0000,0.0000
2020-07-04 12:00:00+00:00,0.0000,0.0000,0.0000,0.0000,0.0000
2020-07-04 13:00:00+00:00,0.0000,0.0000,0.0000,0.0000,0.0000
2020-07-04 14:00:00+00:00,0.0000,0.0000,0.0000,0.0000,1.0692
2020-07-04 15:00:00+00:00,0.5277,0.0000,0.1005,0.0000,3.1515
2020-07-04 16:00:00+00:00,3.6442,1.8161,4.1161,8.0414,6.8467
2020-07-04 17:00:00+00:00,4.9776,3.2692,5.9156,12.0607,7.9130
2020-07-04 18:00:00+00:00,4.0801,1.9396,4.5423,9.4362,4.3811
2020-07-04 19:00:00+00:00,1.6888,0.0000,1.8828,5.5733,9.3780
2020-07-04 20:00:00+00:00,2.2328,1.4639,3.5458,5.5792,10.3994
2020-07-04 21:00:00+00:00,1.6392,0.0000,2.1418,4.9170,12.4265
2020-07-04 22:00:00+00:00,3.2182,2.3560,3.8630,8.8330,17.0643
2020-07-04 23:00:00+00:00,3.4332,4.2841,4.0087,8.2037,13.0005
2020-07-05 00:00:00+00:00,3.9028,4.7420,4.9949,10.3470,7.0420
2020-07-05 01:00:00+00:00,4.8991,6.1138,6.0217,14.4375,10.9838
2020-07-05 02:00:00+00:00,3.8536,3.0942,3.0266,16.5360,6.4382
2020-07-05 03:00:00+00:00,3.8863,3.2133,2.7589,17.7257,4.1412
2020-07-05 04:00:00+00:00,5.4439,4.3474,4.7420,23.4998,2.5312
2020-07-05 05:00:00+00:00,2.3972,1.1482,1.2695,13.2118,0.0000
2020-07-05 06:00:00+00:00,0.0000,0.0000,0.0000,3.7723,0.0000
2020-07-05 07:00:00+00:00,0.0000,0.0000,0.0000,2.5876,0.0000
2020-07-05 08:00:00+00:00,2.1822,3.8144,1.9827,9.9326,0.0000
2020-07-05 09:00:00+00:00,6.3699,7.4095,5.5791,23.7055,0.0000
2020-07-05 10:00:00+00:00,7.4299,10.1666,7.3245,29.0311,0.0000
2020-07-05 11:00:00+00:00,5.2712,5.2430,4.3982,15.4206,0.0000
2020-07-05 12:00:00+00:00,1.3471,0.3381,0.0000,3.7675,0.0000
2020-07-05 13:00:00+00:00,3.2506,2.7415,2.8653,9.4585,0.0000
2020-07-05 14:00:00+00:00,4.5344,4.3928,4.8696,11.9607,0.0000
2020-07-05 15:00:00+00:00,4.6279,4.4014,5.5300,12.3270,7.9797
2020-07-05 16:00:00+00:00,5.4506,5.2087,6.8374,12.2746,17.9734
2020-07-05 17:00:00+00:00,9.7258,9.8495,12.3433,21.8653,23.8369
2020-07-05 18:00:00+00:00,10.2577,9.6335,12.1972,23.1710,25.8143
2020-07-05 19:00:00+00:00,9.5678,8.1654,11.3122,18.3208,27.1213
2020-07-05 20:00:00+00:00,9.5206,9.6974,12.5022,20.1380,21.3291
2020-07-05 21:00:00+00:00,7.3720,7.8462,10.4507,14.4281,21.7878
2020-07-05 22:00:00+00:00,6.8515,8.4846,9.4338,11.6983,15.1030
2020-07-05 23:00:00+00:00,6.4417,11.1727,11.9125,10.8139,5.6707
2020-07-06 00:00:00+00:00,0.2232,0.0000,0.0000,0.0000,17.4911
2020-07-06 01:00:00+00:00,5.8684,9.1828,7.8123,21.3369,5.2041
2020-07-06 02:00:00+00:00,13.1362,17.2104,21.8272,26.7973,0.0000
2020-07-06 03:00:00+00:00,8.1234,11.9951,18.4381,6.5827,0.0000
2020-07-06 04:00:00+00:00,3.3193,6.0667,8.0144,0.0000,0.0000
2020-07-06 05:00:00+00:00,0.0000,0.4473,1.2502,0.0000,0.0000
2020-07-06 06:00:00+00:00,0.0000,0.0000,0.0000,0.0000,0.0000
2020-07-06 07:00:00+00:00,0.0000,0.0000,0.0000,0.0000,0.0000
2020-07-06 08:00:00+00:00,0.1027,1.5732,1.6963,0.0000,0.0000
2020-07-06 09:00:00+00:00,0.9878,2.3056,2.5067,0.0000,0.0000
2020-07-06 10:00:00+00:00,0.1301,0.5067,1.7879,0.0000,0.0000
2020-07-06 11:00:00+00:00,1.0758,1.3985,2.5959,0.0000,0.0000
2020-07-06 12:00:00+00:00,0.0698,0.0000,1.4725,0.0000,0.0000
2020-07-06 13:00:00+00:00,0.8964,0.0000,1.5480,0.0000,0.0000
2020-07-06 14:00:00+00:00,0.5487,0.0000,0.4473,0.0000,0.0000
2020-07-06 15:00:00+00:00,1.2861,0.0000,1.3696,0.4015,0.0000
2020-07-06 16:00:00+00:00,1.2391,0.0000,0.8014,3.0083,0.0000
2020-07-06 17:00:00+00:00,0.0000,0.0000,0.0000,0.0000,0.3958
2020-07-06 18:00:00+00:00,0.0000,0.0000,0.0000,0.0000,2.4660
2020-07-06 19:00:00+00:00,0.4202,0.0000,0.0000,1.1539,3.0456
2020-07-06 20:00:00+00:00,0.0000,0.0000,0.0000,2.5920,5.1422
2020-07-06 21:00:00+00:00,2.0885,0.1568,1.9944,6.3884,4.7586
2020-07-06 22:00:00+00:00,1.6491,2.3792,1.6130,6.0608,4.4712
2020-07-06 23:00:00+00:00,3.8416,3.8188,4.3262,11.2930,2.6482
2020-07-07 00:00:00+00:00,4.5952,4.3465,5.6139,12.8789,2.2236
2020-07-07 01:00:00+00:00,3.3864,4.2691,5.2418,6.4287,1.0793
2020-07-07 02:00:00+00:00,9.8832,12.9985,15.8396,13.0672,0.0000
2020-07-07 03:00:00+00:00,13.0207,19.1929,20.1342,20.1439,0.0000
2020-07-07 04:00:00+00:00,14.3583,19.9657,21.8862,26.7851,14.6177
2020-07-07 05:00:00+00:00,13.0743,19.3550,19.8985,18.6610,31.2831
2020-07-07 06:00:00+00:00,16.2296,22.6773,23.4627,16.1717,32.5356
2020-07-07 07:00:00+00:00,23.7559,35.1181,31.8782,33.5075,24.4208
2020-07-07 08:00:00+00:00,37.8825,45.9903,50.7221,71.8728,10.6022
2020-07-07 09:00:00+00:00,46.6772,55.9703,49.3640,100.7277,9.1938
2020-07-07 10:00:00+00:00,26.4991,26.4730,21.9988,76.6517,12.3640
2020-07-07 11:00:00+00:00,13.7160,9.5912,8.3445,36.8196,16.6799
2020-07-07 12:00:00+00:00,2.2878,0.2953,1.3300,4.0000,18.3743
2020-07-07 13:00:00+00:00,0.0000,0.0000,0.0000,0.0000,16.9666
2020-07-07 14:00:00+00:00,0.0000,0.0000,0.0000,0.0000,11.7367
2020-07-07 15:00:00+00:00,0.0000,0.0000,0.0000,0.0000,15.0919
2020-07-07 16:00:00+00:00,0.0000,0.0000,0.0000,0.0000,15.2871
2020-07-07 17:00:00+00:00,0.0000,0.0000,0.0000,0.0000,19.3853
2020-07-07 18:00:00+00:00,1.1318,0.0000,0.0000,0.0000,18.3734
2020-07-07 19:00:00+00:00,3.1243,0.0000,1.7581,2.6051,15.3187
2020-07-07 20:00:00+00:00,7.2640,0.0000,8.7041,13.3148,14.9526
2020-07-07 21:00:00+00:00,7.8125,1.6564,9.6399,23.6131,15.9438
2020-07-07 22:00:00+00:00,4.2249,3.5320,7.6997,12.0075,39.4045
2020-07-07 23:00:00+00:00,16.9200,14.1331,20.0979,43.8668,46.4977
2020-07-08 00:00:00+00:00,21.5887,24.9667,29.6664,51.7082,34.0779
2020-07-08 01:00:00+00:00,23.3890,21.1915,24.9999,55.5011,43.2280
2020-07-08 02:00:00+00:00,47.9498,50.7948,46.6676,131.5200,32.9326
2020-07-08 03:00:00+00:00,35.6280,34.5509,29.1143,99.1902,38.3286
2020-07-08 04:00:00+00:00,51.2693,52.1574,44.8638,137.1992,29.9892
2020-07-08 05:00:00+00:00,48.4789,52.2069,49.2673,127.5893,25.9610
2020-07-08 06:00:00+00:00,39.7649,43.0209,42.2572,100.9594,54.6093
2020-07-08 07:00:00+00:00,41.7126,43.7190,44.2109,101.0690,60.8905
2020-07-08 08:00:00+00:00,47.3606,49.6890,52.0982,111.3038,33.5043
2020-07-08 09:00:00+00:00,43.5602,46.2378,50.5303,95.5609,9.2640
2020-07-08 10:00:00+00:00,20.7923,11.8251,21.3749,36.9059,3.4320
2020-07-08 11:00:00+00:00,11.4363,5.0418,11.0685,24.0495,6.8466
2020-07-08 12:00:00+00:00,9.1371,5.1938,9.3236,20.4956,6.9259
2020-07-08 13:00:00+00:00,7.7631,7.8128,9.3872,17.1160,6.1470
2020-07-08 14:00:00+00:00,4.0616,4.6110,5.2715,9.1966,3.8017
2020-07-08 15:00:00+00:00,3.2540,3.8279,4.6443,6.4313,3.8515
2020-07-08 16:00:00+00:00,4.1499,6.6463,7.1427,8.7265,3.3166
2020-07-08 17:00:00+00:00,7.6385,11.1934,13.4531,16.0956,6.3535
2020-07-08 18:00:00+00:00,8.6004,10.8537,13.6727,19.5854,6.3222
2020-07-08 19:00:00+00:00,6.5816,7.6441,10.3970,14.0106,9.2257
2020-07-08 20:00:00+00:00,16.3890,22.4841,21.4268,38.3733,9.5776
2020-07-08 21:00:00+00:00,1.8330,0.7553,2.0596,4.1765,11.0335
2020-07-08 22:00:00+00:00,0.0000,0.0000,0.0000,0.0000,11.5434
2020-07-08 23:00:00+00:00,0.0000,0.0000,0.0000,0.0000,8.1520
2020-07-09 00:00:00+00:00,0.0000,0.0000,0.0000,0.0000,6.2469
2020-07-09 01:00:00+00:00,1.0235,3.4041,1.3245,0.0000,8.6279
2020-07-09 02:00:00+00:00,9.6187,10.8207,11.1230,25.0363,8.9499
2020-07-09 03:00:00+00:00,7.1195,8.3160,9.1391,17.7435,23.1640
2020-07-09 04:00:00+00:00,2.5341,4.0390,3.7838,9.9073,10.9877
2020-07-09 05:00:00+00:00,2.2521,3.7862,3.0523,7.4169,2.0203
2020-07-09 06:00:00+00:00,4.7994,4.5599,5.3290,14.7785,0.0000
2020-07-09 07:00:00+00:00,3.7445,4.4124,4.4172,12.6663,4.4574
2020-07-09 08:00:00+00:00,4.6340,6.6226,5.3075,15.8671,7.4584
2020-07-09 09:00:00+00:00,3.7893,5.6251,4.2657,13.0131,4.0196
2020-07-09 10:00:00+00:00,2.1718,3.1677,2.2531,7.9829,4.1152
2020-07-09 11:00:00+00:00,0.0000,0.0000,0.0000,0.4494,0.1073
2020-07-09 12:00:00+00:00,0.0000,0.0000,0.0000,0.0000,0.0000
2020-07-09 13:00:00+00:00,0.0000,0.0000,0.0000,0.0000,0.0000
2020-07-09 14:00:00+00:00,0.0000,0.0000,0.0000,0.0000,0.0000
2020-07-09 15:00:00+00:00,0.0000,0.0000,0.0000,0.0000,1.0175
2020-07-09 16:00:00+00:00,0.0000,0.0000,0.0000,0.0000,0.8497
2020-07-09 17:00:00+00:00,0.0000,0.0000,0.0000,0.0000,1.2086
2020-07-09 18:00:00+00:00,0.0000,0.0000,0.0000,0.0000,2.0135
2020-07-09 19:00:00+00:00,0.0000,0.0000,0.0000,0.0000,2.2903
2020-07-09 20:00:00+00:00,0.0000,0.0000,0.0000,0.0000,0.0000
2020-07-09 21:00:00+00:00,0.0000,0.0000,0.1188,0.0000,0.0000
2020-07-09 22:00:00+00:00,2.0977,1.0239,3.2334,0.0000,3.6547
2020-07-09 23:00:00+00:00,0.0000,0.0000,0.0000,0.0000,0.7418
2020-07-10 00:00:00+00:00,0.0000,0.0000,0.0000,0.0000,1.9019
2020-07-10 01:00:00+00:00,0.1708,1.8819,1.6733,0.0000,2.2823
2020-07-10 02:00:00+00:00,0.0000,0.0000,0.0000,0.0000,0.0000
2020-07-10 03:00:00+00:00,2.1558,1.1002,3.1481,4.6292,0.4791
2020-07-10 04:00:00+00:00,9.4896,9.6624,8.9920,24.7606,8.9219
2020-07-10 05:00:00+00:00,15.6833,18.3430,12.6210,46.0504,12.0765
2020-07-10 06:00:00+00:00,13.2412,15.6559,11.0115,39.6577,13.1250
2020-07-10 07:00:00+00:00,22.2178,24.4015,17.6555,60.8597,9.7852
2020-07-10 08:00:00+00:00,23.0707,25.5223,17.0443,64.9789,8.6244
2020-07-10 09:00:00+00:00,16.6092,21.3379,12.7892,49.6079,6.7970
2020-07-10 10:00:00+00:00,12.5978,14.6263,11.5633,34.8392,11.9673
2020-07-10 11:00:00+00:00,7.2153,6.7021,6.1741,16.4192,7.2731
2020-07-10 12:00:00+00:00,2.8389,0.0000,2.0007,1.5000,7.0017
2020-07-10 13:00:00+00:00,2.3018,0.0000,2.3624,1.4207,9.2678
2020-07-10 14:00:00+00:00,1.6871,0.0000,2.0610,3.0165,9.0143
2020-07-10 15:00:00+00:00,1.7397,0.0000,1.8982,4.8539,9.2024
2020-07-10 16:00:00+00:00,2.4981,0.3927,2.6061,6.6774,11.3732
2020-07-10 17:00:00+00:00,5.9373,3.6276,7.1092,15.3490,17.6362
2020-07-10 18:00:00+00:00,9.0960,8.5881,13.9637,23.0863,33.4932
2020-07-10 19:00:00+00:00,14.8770,21.6482,24.8924,38.1175,42.2450
2020-07-10 20:00:00+00:00,14.3142,24.3271,22.1305,35.1755,40.5472
2020-07-10 21:00:00+00:00,11.2319,17.8005,18.2672,27.0082,51.3334
2020-07-10 22:00:00+00:00,13.4457,19.3373,20.0102,31.9711,45.2118
2020-07-10 23:00:00+00:00,15.4733,20.3377,21.5376,35.7614,40.8799
2020-07-11 00:00:00+00:00,28.3820,36.8996,37.0742,65.9477,33.8724
2020-07-11 01:00:00+00:00,32.0930,41.0573,42.7815,67.4411,27.0893
2020-07-11 02:00:00+00:00,40.0355,50.4183,50.9923,72.2808,10.1202
2020-07-11 03:00:00+00:00,39.2992,46.7370,51.1990,63.7763,6.1719
2020-07-11 04:00:00+00:00,41.0419,50.2896,54.1605,55.0893,0.0000
2020-07-11 05:00:00+00:00,31.6031,37.5069,44.9975,35.6917,0.0000
2020-07-11 06:00:00+00:00,32.3523,31.2460,45.0524,31.6065,0.8659
2020-07-11 07:00:00+00:00,20.4555,21.9200,29.1863,27.9948,2.4558
2020-07-11 08:00:00+00:00,29.2250,43.2958,42.1392,66.5707,0.0000
2020-07-11 09:00:00+00:00,29.6442,30.5010,43.4270,48.1271,10.5674
2020-07-11 10:00:00+00:00,28.2497,25.9411,32.4615,50.7126,4.9520
2020-07-11 11:00:00+00:00,22.8661,27.3735,28.7013,49.4870,4.1548
2020-07-11 12:00:00+00:00,14.9622,17.8850,20.9502,32.6627,1.6919
2020-07-11 13:00:00+00:00,6.1228,10.0376,9.2804,14.9127,0.0000
2020-07-11 14:00:00+00:00,11.9249,15.4466,13.7466,31.8923,1.3503
2020-07-11 15:00:00+00:00,3.5147,8.0329,3.7709,12.0624,2.1476
2020-07-11 16:00:00+00:00,1.4733,8.1256,2.4980,6.9052,12.6337
2020-07-11 17:00:00+00:00,4.0907,2.3614,6.3255,4.8531,25.1859
2020-07-11 18:00:00+00:00,6.7337,0.4705,4.3594,3.9404,9.9967
2020-07-11 19:00:00+00:00,21.6727,17.9559,21.9096,59.7634,4.4303
2020-07-11 20:00:00+00:00,16.3162,15.3973,19.7815,36.3272,0.0000
2020-07-11 21:00:00+00:00,6.4264,10.2272,5.6347,22.5724,0.5428
2020-07-11 22:00:00+00:00,4.8183,1.6601,4.7456,8.4047,13.5999
2020-07-11 23:00:00+00:00,4.2622,1.3714,5.3039,7.9961,0.0000
2020-07-12 00:00:00+00:00,2.9599,3.2072,1.7746,8.2477,0.0000
2020-07-12 01:00:00+00:00,7.3735,6.3824,8.4430,17.2668,0.0000
2020-07-12 02:00:00+00:00,4.8303,4.2741,7.0361,8.3707,0.0000
2020-07-12 03:00:00+00:00,1.9788,2.8655,3.0290,4.5043,11.2067
2020-07-12 04:00:00+00:00,4.0435,3.7935,3.2746,8.8973,46.0402
2020-07-12 05:00:00+00:00,3.1659,2.7433,2.5917,8.0766,39.7904
2020-07-12 06:00:00+00:00,3.2316,2.8984,3.0501,11.0564,36.7480
2020-07-12 07:00:00+00:00,5.1650,5.1254,5.3233,18.4976,27.7896
2020-07-12 08:00:00+00:00,0.0000,1.0808,0.0000,0.0963,23.6530
2020-07-12 09:00:00+00:00,6.8287,5.3446,8.6672,13.2906,15.8716
2020-07-12 10:00:00+00:00,12.6588,12.7145,11.6967,49.2252,42.0477
2020-07-12 11:00:00+00:00,21.7735,19.8373,24.5301,49.2825,70.7235
2020-07-12 12:00:00+00:00,24.2740,24.1479,24.9428,69.9065,67.2303
2020-07-12 13:00:00+00:00,45.1485,42.1446,50.6758,109.2734,49.4121
2020-07-12 14:00:00+00:00,67.5548,74.5675,78.1698,174.3936,35.6582
2020-07-12 15:00:00+00:00,51.6575,49.4332,57.1266,135.3102,34.7716
2020-07-12 16:00:00+00:00,57.3889,55.1032,65.9887,145.2520,38.4605
2020-07-12 17:00:00+00:00,63.8582,66.2007,74.2746,163.4022,38.5337
2020-07-12 18:00:00+00:00,50.2441,52.5144,57.6416,139.8565,23.1366
2020-07-12 19:00:00+00:00,42.4404,43.3816,47.8315,114.1605,14.2054
2020-07-12 20:00:00+00:00,31.4076,33.7771,36.9536,87.3843,24.4270
2020-07-12 21:00:00+00:00,21.6846,25.6289,25.6410,59.8096,19.7020
2020-07-12 22:00:00+00:00,17.7448,18.2644,19.6714,48.9921,11.3593
2020-07-12 23:00:00+00:00,10.1200,10.5370,11.5781,27.7441,3.3996
2020-07-13 00:00:00+00:00,4.1160,4.4199,4.1336,12.6092,1.3350
2020-07-13 01:00:00+00:00,2.6919,1.2765,2.8023,5.8830,1.8560
2020-07-13 02:00:00+00:00,3.6089,2.7213,4.3712,7.3256,5.1596
2020-07-13 03:00:00+00:00,7.4445,5.9212,7.9674,18.2002,10.3989
2020-07-13 04:00:00+00:00,2.4903,1.0262,2.2331,7.5978,13.5682
2020-07-13 05:00:00+00:00,0.0000,0.0000,0.0000,0.5491,7.9224
2020-07-13 06:00:00+00:00,0.0000,0.0000,0.0000,0.0000,3.2850
2020-07-13 07:00:00+00:00,0.0000,0.0000,0.0000,0.0000,2.1366
2020-07-13 08:00:00+00:00,0.0000,0.0000,0.0000,0.0000,6.4874
2020-07-13 09:00:00+00:00,0.0000,0.0000,0.0000,0.0000,6.1088
2020-07-13 10:00:00+00:00,0.9491,0.0000,0.0000,3.0000,10.7097
2020-07-13 11:00:00+00:00,0.0000,0.0000,0.0000,0.3046,4.2971
2020-07-13 12:00:00+00:00,0.0000,0.0000,0.0000,0.0000,0.0000
2020-07-13 13:00:00+00:00,2.2760,0.0000,1.5042,6.2431,2.9446
2020-07-13 14:00:00+00:00,2.7295,3.4951,3.1015,8.7776,11.9514
2020-07-13 15:00:00+00:00,2.8849,3.3081,3.6643,9.2558,3.1153
2020-07-13 16:00:00+00:00,1.6020,2.4446,1.9609,5.5076,1.6116
2020-07-13 17:00:00+00:00,2.3470,4.4196,3.2298,6.1512,15.5163
2020-07-13 18:00:00+00:00,0.0000,0.9879,0.2812,0.0000,8.7241
2020-07-13 19:00:00+00:00,0.0000,0.0000,0.0000,0.0000,5.1487
2020-07-13 20:00:00+00:00,0.2173,1.5878,0.7916,0.0000,7.4684
2020-07-13 21:00:00+00:00,2.6099,3.9477,3.0264,6.7141,10.8430
2020-07-13 22:00:00+00:00,2.9208,4.1987,3.4399,9.0596,10.3000
2020-07-13 23:00:00+00:00,2.0384,3.5874,2.5092,6.0835,2.6966
2020-07-14 00:00:00+00:00,5.0482,6.3049,5.7558,14.6941,6.3460
2020-07-14 01:00:00+00:00,1.6270,1.5938,1.6616,5.9521,8.1340
2020-07-14 02:00:00+00:00,1.2916,0.3444,0.2844,4.8339,10.8409
2020-07-14 03:00:00+00:00,1.0605,0.0000,0.9948,3.7691,11.1521
2020-07-14 04:00:00+00:00,4.2166,3.9688,4.2683,14.7125,9.0964
2020-07-14 05:00:00+00:00,6.6538,6.9113,7.4058,22.3475,9.3464
2020-07-14 06:00:00+00:00,5.8266,5.5293,6.4692,19.7768,12.0931
2020-07-14 07:00:00+00:00,2.3696,1.6619,2.4219,9.0176,9.3948
2020-07-14 08:00:00+00:00,0.0000,0.0000,0.0000,0.0000,5.8329
2020-07-14 09:00:00+00:00,0.0000,0.0000,0.0000,0.0000,2.6448
2020-07-14 10:00:00+00:00,4.2448,2.4015,3.3717,16.1855,4.7453
2020-07-14 11:00:00+00:00,1.2761,0.0001,0.2699,5.2593,2.1622
2020-07-14 12:00:00+00:00,0.0000,0.0000,0.0000,0.0000,0.0000
2020-07-14 13:00:00+00:00,0.0000,0.0000,0.0000,0.0000,0.0000
2020-07-14 14:00:00+00:00,0.0000,0.0000,0.0000,0.0000,0.0000
2020-07-14 15:00:00+00:00,0.0000,0.0000,0.0000,0.0000,0.0000
2020-07-14 16:00:00+00:00,0.1390,1.4988,1.2644,1.6148,4.4889
2020-07-14 17:00:00+00:00,3.7044,5.2415,4.7675,10.0640,15.0756
2020-07-14 18:00:00+00:00,6.6476,10.0996,9.6524,17.3744,14.7317
2020-07-14 19:00:00+00:00,7.6614,10.5789,10.8140,17.2020,9.9177
2020-07-14 20:00:00+00:00,3.7149,5.5490,5.6643,7.5342,7.7456
2020-07-14 21:00:00+00:00,1.2828,1.6440,2.0826,1.2745,6.3521
2020-07-14 22:00:00+00:00,1.0687,0.6095,1.4147,0.4558,7.6870
2020-07-14 23:00:00+00:00,1.0587,0.3567,1.4025,1.5846,6.5739
2020-07-15 00:00:00+00:00,0.4614,0.0000,0.8235,0.0000,2.5531
2020-07-15 01:00:00+00:00,2.1449,2.3629,2.6487,4.7793,3.3210
2020-07-15 02:00:00+00:00,0.0000,0.0000,0.0000,0.0000,9.4459
2020-07-15 03:00:00+00:00,0.0000,0.0000,0.0000,0.0000,5.0794
2020-07-15 04:00:00+00:00,0.5726,1.9456,1.2866,1.8087,0.0000
2020-07-15 05:00:00+00:00,0.0000,0.0000,0.0000,0.0000,0.0000
2020-07-15 06:00:00+00:00,0.0000,2.5463,1.2944,0.0000,0.0000
2020-07-15 07:00:00+00:00,1.3191,6.6155,4.0062,0.0000,0.0000
2020-07-15 08:00:00+00:00,0.0000,3.2728,1.8564,0.0000,0.0000
2020-07-15 09:00:00+00:00,0.1054,2.4306,1.9815,0.0000,0.0000
2020-07-15 10:00:00+00:00,6.2477,11.2046,14.1676,3.8818,0.0000
2020-07-15 11:00:00+00:00,4.7624,5.8926,10.0742,0.0000,0.0000
2020-07-15 12:00:00+00:00,2.2911,2.0722,5.1465,0.0000,0.0000
2020-07-15 13:00:00+00:00,3.5519,3.3889,6.0388,5.2123,0.0000
2020-07-15 14:00:00+00:00,3.1522,2.7702,4.5140,6.1293,0.0000
2020-07-15 15:00:00+00:00,1.9447,1.8174,2.5650,4.2511,0.0000
2020-07-15 16:00:00+00:00,0.7007,0.1657,0.9916,0.0000,0.0000
2020-07-15 17:00:00+00:00,0.0000,0.0000,0.0000,0.0000,0.0000
2020-07-15 18:00:00+00:00,0.0000,0.0000,0.0000,0.0000,0.0000
2020-07-15 19:00:00+00:00,0.0000,0.0000,0.0000,0.2187,0.0000
2020-07-15 20:00:00+00:00,0.0000,0.0000,0.0000,0.0000,0.0000
2020-07-15 21:00:00+00:00,0.0000,0.0000,0.0000,0.0000,0.0000
2020-07-15 22:00:00+00:00,0.0000,0.0000,0.0000,0.0000,0.0000
2020-07-15 23:00:00+00:00,0.0000,0.0000,0.0000,0.0000,0.0000
2020-07-16 00:00:00+00:00,1.9727,2.2400,2.5273,5.4871,0.0000
2020-07-16 01:00:00+00:00,5.7275,8.5409,8.6228,12.6304,0.0000
2020-07-16 02:00:00+00:00,9.7309,16.8969,16.4760,15.1081,0.0000
2020-07-16 03:00:00+00:00,9.9133,22.6587,18.4625,14.6380,0.0000
2020-07-16 04:00:00+00:00,11.7607,20.9388,19.2910,9.9619,6.2456
2020-07-16 05:00:00+00:00,14.9779,20.8681,21.3400,8.4486,22.8231
2020-07-16 06:00:00+00:00,29.6347,28.1675,34.5323,33.3891,27.4810
2020-07-16 07:00:00+00:00,62.3800,61.9013,80.3588,102.1233,23.4772
2020-07-16 08:00:00+00:00,79.0971,96.3515,98.3247,202.3769,22.7746
2020-07-16 09:00:00+00:00,79.2869,96.9907,84.8747,209.3248,28.1728
2020-07-16 10:00:00+00:00,80.3739,97.9836,89.1965,212.2507,36.2789
2020-07-16 11:00:00+00:00,77.5365,94.9438,63.6220,206.0883,48.4717
2020-07-16 12:00:00+00:00,67.5508,66.7061,50.9516,169.5887,66.8335
2020-07-16 13:00:00+00:00,55.9144,58.4574,51.4829,146.5698,75.7426
2020-07-16 14:00:00+00:00,71.6922,58.8407,76.9059,155.9752,77.1215
2020-07-16 15:00:00+00:00,36.7174,20.3560,39.2811,70.0197,76.2927
2020-07-16 16:00:00+00:00,33.5508,24.9554,41.1362,68.6164,76.7191
2020-07-16 17:00:00+00:00,26.2140,26.9196,32.8805,59.0146,78.0888
2020-07-16 18:00:00+00:00,17.1460,18.8367,21.7544,45.1756,76.6554
2020-07-16 19:00:00+00:00,22.8813,22.7508,28.1937,55.7925,24.6286
2020-07-16 20:00:00+00:00,23.9752,23.1474,29.1822,52.6930,28.9152
2020-07-16 21:00:00+00:00,37.2948,32.7724,43.9527,85.4741,38.2568
2020-07-16 22:00:00+00:00,26.9181,22.5976,32.2381,46.5492,69.3594
2020-07-16 23:00:00+00:00,21.5399,18.2334,25.7088,36.6700,77.0566
2020-07-17 00:00:00+00:00,17.2512,17.7104,21.0503,21.2838,76.2328
2020-07-17 01:00:00+00:00,26.2935,25.8412,31.9472,37.9053,79.5279
2020-07-17 02:00:00+00:00,47.2769,45.7443,56.5864,65.9246,66.3787
2020-07-17 03:00:00+00:00,55.3197,63.3864,61.8540,99.1056,46.2810
2020-07-17 04:00:00+00:00,77.8184,95.6215,93.3529,165.9725,75.7017
2020-07-17 05:00:00+00:00,75.5067,75.5511,74.5268,158.4361,76.7711
2020-07-17 06:00:00+00:00,59.1507,54.7645,58.8417,113.5175,76.9881
2020-07-17 07:00:00+00:00,76.6461,55.2220,85.6847,127.7024,75.7642
2020-07-17 08:00:00+00:00,77.5034,94.4897,100.4455,128.9775,40.4183
2020-07-17 09:00:00+00:00,74.6373,81.8276,75.6750,127.4894,34.7872
2020-07-17 10:00:00+00:00,81.0000,99.7950,104.1577,213.6222,37.6333
2020-07-17 11:00:00+00:00,77.9102,95.9424,90.3342,208.2251,12.5749
2020-07-17 12:00:00+00:00,61.2851,61.8234,58.6469,154.2934,18.0553
2020-07-17 13:00:00+00:00,75.6116,80.5163,97.2295,171.4051,34.6516
2020-07-17 14:00:00+00:00,53.9379,51.7761,57.0940,110.4645,16.3104
2020-07-17 15:00:00+00:00,44.6619,42.0492,44.9102,98.1367,27.2152
2020-07-17 16:00:00+00:00,33.6103,36.1275,36.1084,89.0755,35.6015
2020-07-17 17:00:00+00:00,18.6099,13.8707,18.6960,52.0735,28.1671
2020-07-17 18:00:00+00:00,13.4789,12.0706,14.1452,38.5410,29.9384
2020-07-17 19:00:00+00:00,9.9591,9.3335,10.5323,22.9703,25.5825
2020-07-17 20:00:00+00:00,10.4789,11.9819,13.3062,26.5326,24.2188
2020-07-17 21:00:00+00:00,10.1577,10.6086,11.5924,26.2770,22.8443
2020-07-17 22:00:00+00:00,11.7213,14.0930,14.0945,32.2177,25.5456
2020-07-17 23:00:00+00:00,8.2775,9.7450,9.7986,22.7469,24.9017
2020-07-18 00:00:00+00:00,5.6780,6.1383,5.5738,18.0056,30.2400
2020-07-18 01:00:00+00:00,7.8474,9.1347,8.3122,20.5032,37.0756
2020-07-18 02:00:00+00:00,28.8007,33.2562,33.0522,75.5287,41.3829
2020-07-18 03:00:00+00:00,45.5366,50.8126,53.2762,110.4592,27.8791
2020-07-18 04:00:00+00:00,50.9348,51.2510,54.4708,125.9202,25.9905
2020-07-18 05:00:00+00:00,37.5229,37.6421,38.5107,100.1224,32.3964
2020-07-18 06:00:00+00:00,33.9026,32.5811,34.6761,90.5350,41.1989
2020-07-18 07:00:00+00:00,29.5147,29.8184,31.2021,81.0953,36.7890
2020-07-18 08:00:00+00:00,23.6429,25.0428,25.1357,63.4143,38.3747
2020-07-18 09:00:00+00:00,21.1312,21.0921,21.7801,56.4267,32.8781
2020-07-18 10:00:00+00:00,23.0443,22.6453,23.0407,61.1798,13.1840
2020-07-18 11:00:00+00:00,17.1542,16.9064,14.8617,53.0025,5.1825
2020-07-18 12:00:00+00:00,8.1628,8.4057,7.6335,24.2642,0.0000
2020-07-18 13:00:00+00:00,12.1720,12.8114,13.4387,31.5582,0.0000
2020-07-18 14:00:00+00:00,13.0371,14.5209,14.4516,34.4077,10.7940
2020-07-18 15:00:00+00:00,10.7657,12.7678,12.8849,27.1910,6.2321
2020-07-18 16:00:00+00:00,9.9942,12.2154,12.7855,24.4827,11.8834
2020-07-18 17:00:00+00:00,9.9590,13.4381,13.1479,24.2900,15.6321
2020-07-18 18:00:00+00:00,9.0326,12.4780,13.3278,19.7144,16.0430
2020-07-18 19:00:00+00:00,11.4295,15.4266,16.9925,23.9230,18.5611
2020-07-18 20:00:00+00:00,16.1434,23.8146,21.5564,38.5150,21.5848
2020-07-18 21:00:00+00:00,19.6047,28.1964,27.4867,41.2013,24.7607
2020-07-18 22:00:00+00:00,16.2969,20.9710,22.0857,37.7971,22.7098
2020-07-18 23:00:00+00:00,8.8418,11.6432,11.8890,19.5335,17.5687
2020-07-19 00:00:00+00:00,6.5499,6.6812,7.8515,15.5711,6.6184
2020-07-19 01:00:00+00:00,6.8236,7.1424,8.2424,14.4335,0.0000
2020-07-19 02:00:00+00:00,18.9011,20.2305,22.2910,44.4923,7.4283
2020-07-19 03:00:00+00:00,33.2647,32.9755,38.2265,76.6431,9.0885
2020-07-19 04:00:00+00:00,38.8273,41.9250,44.3564,86.1468,6.5269
2020-07-19 05:00:00+00:00,34.1890,37.4981,39.2635,75.7032,6.3789
2020-07-19 06:00:00+00:00,33.9380,36.2926,37.5326,78.7625,2.1342
2020-07-19 07:00:00+00:00,28.0117,34.1785,32.2757,61.5026,7.0281
2020-07-19 08:00:00+00:00,23.6915,30.7852,25.3521,51.9064,7.3850
2020-07-19 09:00:00+00:00,25.1873,35.6075,26.2695,64.1475,10.9698
2020-07-19 10:00:00+00:00,26.9492,33.4546,31.5662,58.6774,9.6576
2020-07-19 11:00:00+00:00,21.2392,24.4374,23.3688,43.9379,11.3168
2020-07-19 12:00:00+00:00,23.5388,34.8932,33.0103,50.2738,22.6653
2020-07-19 13:00:00+00:00,33.1786,34.7003,36.5738,94.9548,24.2011
2020-07-19 14:00:00+00:00,27.4493,25.7636,32.1705,69.2514,27.7289
2020-07-19 15:00:00+00:00,22.5628,23.3697,28.1852,54.4881,29.3986
2020-07-19 16:00:00+00:00,23.5994,24.0912,28.9866,57.1746,25.5116
2020-07-19 17:00:00+00:00,28.7576,32.9696,35.4889,70.1967,32.1983
2020-07-19 18:00:00+00:00,29.2047,30.5616,36.0784,71.0689,35.5966
2020-07-19 19:00:00+00:00,31.0406,30.3689,37.2666,71.8331,33.4061
2020-07-19 20:00:00+00:00,31.9532,30.0580,39.2781,77.3221,18.6761
2020-07-19 21:00:00+00:00,28.6302,27.9840,34.6459,76.3945,10.4893
2020-07-19 22:00:00+00:00,11.1096,8.8366,11.5770,28.8426,14.7169
2020-07-19 23:00:00+00:00,7.9452,9.5479,10.6473,18.2316,75.7765
2020-07-20 00:00:00+00:00,17.3366,22.6519,22.1492,45.8434,70.5164
2020-07-20 01:00:00+00:00,41.3249,43.9058,48.9733,91.1606,45.8492
2020-07-20 02:00:00+00:00,70.9586,79.3459,87.3896,171.6219,40.1699
2020-07-20 03:00:00+00:00,76.8048,87.4671,92.0671,205.1523,31.8639
2020-07-20 04:00:00+00:00,68.0672,72.5809,80.4550,189.6554,47.1600
2020-07-20 05:00:00+00:00,62.4236,71.7266,76.4547,171.3881,76.2062
2020-07-20 06:00:00+00:00,73.5022,93.7751,100.6784,189.9978,75.7463
2020-07-20 07:00:00+00:00,60.7807,70.7623,78.2364,149.7965,71.3594
2020-07-20 08:00:00+00:00,28.7756,39.4358,31.0427,78.8342,67.4911
2020-07-20 09:00:00+00:00,44.8609,45.0123,50.5186,115.4183,75.7202
2020-07-20 10:00:00+00:00,27.2928,32.6853,31.5125,73.4253,51.1411
2020-07-20 11:00:00+00:00,24.6000,23.2539,25.4806,70.8968,30.3059
2020-07-20 12:00:00+00:00,16.3941,14.0080,15.7146,41.7610,26.4580
2020-07-20 13:00:00+00:00,21.2022,20.2082,21.8597,50.4300,20.3027
2020-07-20 14:00:00+00:00,19.6465,21.0321,22.5640,47.5367,15.0862
2020-07-20 15:00:00+00:00,24.4039,28.0408,29.3909,57.5753,25.3704
2020-07-20 16:00:00+00:00,31.4198,36.5213,38.2107,78.6517,28.4637
2020-07-20 17:00:00+00:00,35.1618,42.8777,45.9346,85.0138,42.5362
2020-07-20 18:00:00+00:00,39.5693,45.1537,52.2289,93.5024,62.7958
2020-07-20 19:00:00+00:00,39.4461,45.2821,51.1928,92.9627,76.1628
2020-07-20 20:00:00+00:00,45.8362,51.8606,58.9897,104.6700,77.5865
2020-07-20 21:00:00+00:00,46.4795,55.9386,59.2393,112.0760,76.8689
2020-07-20 22:00:00+00:00,36.6297,45.7445,44.3582,99.9963,75.9967
2020-07-20 23:00:00+00:00,30.9552,30.3172,36.4125,78.4704,62.5258
2020-07-21 00:00:00+00:00,20.5393,19.3539,23.6358,50.5039,42.4607
2020-07-21 01:00:00+00:00,16.8216,17.1907,20.3001,39.1437,24.6335
2020-07-21 02:00:00+00:00,10.2328,9.5707,13.0321,23.2243,20.0206
2020-07-21 03:00:00+00:00,7.8723,8.0971,9.6352,19.0875,18.8339
2020-07-21 04:00:00+00:00,9.2751,9.6841,10.9783,24.5285,26.3119
2020-07-21 05:00:00+00:00,5.4224,4.2334,5.8966,16.0645,24.1496
2020-07-21 06:00:00+00:00,1.8398,1.4015,1.8514,5.5343,14.3507
2020-07-21 07:00:00+00:00,0.4617,0.0000,0.0000,2.9427,6.8772
2020-07-21 08:00:00+00:00,0.0000,0.0000,0.0000,2.2043,4.0205
2020-07-21 09:00:00+00:00,0.0000,0.0000,0.0000,1.4920,1.3427
2020-07-21 10:00:00+00:00,0.0000,0.0000,0.0000,0.6906,0.2902
2020-07-21 11:00:00+00:00,0.0000,0.0000,0.0000,0.0000,0.0000
2020-07-21 12:00:00+00:00,0.0000,0.0000,0.0000,0.0000,0.0000
2020-07-21 13:00:00+00:00,0.0000,0.0000,0.0000,0.0000,0.0000
2020-07-21 14:00:00+00:00,0.0000,0.0000,0.0000,0.0000,0.0000
2020-07-21 15:00:00+00:00,1.1707,0.0693,0.9153,0.9029,0.0000
2020-07-21 16:00:00+00:00,0.0634,0.0000,0.0000,0.0000,0.0000
2020-07-21 17:00:00+00:00,1.9428,2.9120,2.6141,5.2747,0.0000
2020-07-21 18:00:00+00:00,4.2434,6.1713,5.9231,10.2221,2.2976
2020-07-21 19:00:00+00:00,5.9584,8.7238,8.2628,16.7760,2.9384
2020-07-21 20:00:00+00:00,4.9802,7.0120,6.6361,14.5647,4.4167
2020-07-21 21:00:00+00:00,3.6984,4.6920,4.7102,11.0317,2.3449
2020-07-21 22:00:00+00:00,3.6075,4.8968,4.6188,10.1546,2.6998
2020-07-21 23:00:00+00:00,0.3858,0.2849,0.0000,1.3526,0.0000
2020-07-22 00:00:00+00:00,0.0000,0.0000,0.0000,0.0000,0.0000
2020-07-22 01:00:00+00:00,0.0000,0.0000,0.0000,0.0000,0.0000
2020-07-22 02:00:00+00:00,0.0000,0.0000,0.0000,0.0000,0.0000
2020-07-22 03:00:00+00:00,0.0000,0.0000,0.0000,0.0000,0.0000
2020-07-22 04:00:00+00:00,0.0000,0.0000,0.0000,0.0000,0.0000
2020-07-22 05:00:00+00:00,0.0000,0.0000,0.0811,0.0000,0.0000
2020-07-22 06:00:00+00:00,0.0000,0.7117,2.2636,0.0000,0.0000
2020-07-22 07:00:00+00:00,0.9798,1.0881,2.9224,0.0000,0.0000
2020-07-22 08:00:00+00:00,0.2042,0.0000,2.0597,0.0000,0.0000
2020-07-22 09:00:00+00:00,1.2301,0.0000,2.9588,0.0000,0.0000
2020-07-22 10:00:00+00:00,0.0000,0.0000,0.0000,0.0000,0.0000
2020-07-22 11:00:00+00:00,0.0000,0.0000,0.0000,0.0000,1.6625
2020-07-22 12:00:00+00:00,0.0000,0.0000,0.0000,0.0000,2.2457
2020-07-22 13:00:00+00:00,0.0000,0.0000,0.0000,0.0000,0.0000
2020-07-22 14:00:00+00:00,0.0000,0.0000,0.0000,0.0000,0.0000
2020-07-22 15:00:00+00:00,0.0000,0.0000,0.0000,0.0000,1.0340
2020-07-22 16:00:00+00:00,0.0000,0.0000,0.0000,0.0000,3.1115
2020-07-22 17:00:00+00:00,0.0000,0.0000,0.0000,0.0000,9.3596
2020-07-22 18:00:00+00:00,0.0000,0.0000,0.0000,0.0000,5.0905
2020-07-22 19:00:00+00:00,0.0000,0.0000,0.0000,0.0000,0.0000
2020-07-22 20:00:00+00:00,0.0000,0.0000,0.0000,0.0000,0.0000
2020-07-22 21:00:00+00:00,0.0000,0.0000,0.0000,0.0000,0.0000
2020-07-22 22:00:00+00:00,2.7011,2.4769,3.6426,4.5607,2.9415
2020-07-22 23:00:00+00:00,0.0000,0.0000,0.0000,0.0000,5.0409
2020-07-23 00:00:00+00:00,0.0000,0.0000,0.0000,0.0000,0.4394
2020-07-23 01:00:00+00:00,0.0000,0.0000,0.0000,0.0000,0.0000
2020-07-23 02:00:00+00:00,0.0000,0.0000,0.0000,0.0000,0.0000
2020-07-23 03:00:00+00:00,2.1813,4.4206,4.1827,0.0000,7.3390
2020-07-23 04:00:00+00:00,4.9927,2.8173,7.2634,0.0000,15.5321
2020-07-23 05:00:00+00:00,10.2831,3.0455,7.2553,19.0775,12.3059
2020-07-23 06:00:00+00:00,10.8576,6.8387,11.0052,28.7516,14.1219
2020-07-23 07:00:00+00:00,12.5980,7.7761,12.7719,32.0493,6.6046
2020-07-23 08:00:00+00:00,12.0756,7.3772,10.4290,34.1962,0.9157
2020-07-23 09:00:00+00:00,6.6011,3.7882,4.6705,21.5684,2.5007
2020-07-23 10:00:00+00:00,0.0000,0.0000,0.0000,0.0000,0.6120
2020-07-23 11:00:00+00:00,0.0000,0.0000,0.0000,0.0000,0.0000
2020-07-23 12:00:00+00:00,0.0000,0.0000,0.0000,0.0000,0.0000
2020-07-23 13:00:00+00:00,0.0000,0.0000,0.0000,0.0000,1.2898
2020-07-23 14:00:00+00:00,0.0000,0.0000,0.0000,0.0000,0.6506
2020-07-23 15:00:00+00:00,0.0000,0.0000,0.0000,0.0000,2.0006
2020-07-23 16:00:00+00:00,0.0000,0.0000,0.0000,0.0000,3.0829
2020-07-23 17:00:00+00:00,0.0000,0.0000,0.0000,0.0000,6.7209
2020-07-23 18:00:00+00:00,0.0000,3.2797,3.5087,0.0000,13.9959
2020-07-23 19:00:00+00:00,0.0000,0.0000,0.0000,0.0000,12.0337
2020-07-23 20:00:00+00:00,0.7380,1.5453,2.3198,0.0000,5.8975
2020-07-23 21:00:00+00:00,2.7745,0.8439,3.0252,6.9264,3.2910
2020-07-23 22:00:00+00:00,1.6732,1.9333,2.8183,3.8429,2.5898
2020-07-23 23:00:00+00:00,1.3234,1.5265,2.0256,2.6992,3.3669
2020-07-24 00:00:00+00:00,0.1020,0.5472,0.5836,0.0000,10.9791
2020-07-24 01:00:00+00:00,1.7249,1.6463,2.0217,4.7129,2.3551
2020-07-24 02:00:00+00:00,0.0000,0.0000,0.0000,0.0000,8.1771
2020-07-24 03:00:00+00:00,0.0000,0.0000,0.0000,0.0000,4.9923
2020-07-24 04:00:00+00:00,0.0000,0.0000,0.0000,0.0000,3.8686
2020-07-24 05:00:00+00:00,0.0000,0.0000,0.0000,0.9454,0.0000
2020-07-24 06:00:00+00:00,0.0000,0.0000,0.0000,0.0000,0.0000
2020-07-24 07:00:00+00:00,0.0000,0.0000,0.0000,0.0000,0.0000
2020-07-24 08:00:00+00:00,0.0000,0.0000,0.0000,0.0000,0.0000
2020-07-24 09:00:00+00:00,0.0000,0.0000,0.0000,0.0000,0.0000
2020-07-24 10:00:00+00:00,0.0000,0.0000,0.0000,0.0000,0.0000
2020-07-24 11:00:00+00:00,0.0000,0.0000,0.0000,0.0000,0.0000
2020-07-24 12:00:00+00:00,0.0000,0.0000,0.0000,0.0000,0.0000
2020-07-24 13:00:00+00:00,0.0000,0.0000,0.0000,0.0000,0.0000
2020-07-24 14:00:00+00:00,0.0000,0.0000,0.0000,0.0000,0.0000
2020-07-24 15:00:00+00:00,0.0000,0.0000,0.0000,0.0000,0.8607
2020-07-24 16:00:00+00:00,0.0000,0.0000,0.0000,0.0000,2.1525
2020-07-24 17:00:00+00:00,0.0000,0.0000,0.0000,0.0000,2.6225
2020-07-24 18:00:00+00:00,0.0000,0.0000,0.0000,0.0000,0.8339
2020-07-24 19:00:00+00:00,0.0000,0.0000,0.0000,0.0000,0.0000
2020-07-24 20:00:00+00:00,0.0000,0.0000,0.0000,0.0000,0.1180
2020-07-24 21:00:00+00:00,0.0000,0.0000,0.0000,0.0000,0.0000
2020-07-24 22:00:00+00:00,0.0000,0.0000,0.0000,0.0000,0.0000
2020-07-24 23:00:00+00:00,0.0000,0.0000,0.0000,0.0000,0.9667
2020-07-25 00:00:00+00:00,0.0000,0.0000,0.0000,0.0000,0.9820
2020-07-25 01:00:00+00:00,0.0000,0.0000,0.0000,0.0000,0.0000
2020-07-25 02:00:00+00:00,0.0000,0.0000,0.0000,0.0000,0.0000
2020-07-25 03:00:00+00:00,0.0000,0.0000,0.0000,0.0000,0.0000
2020-07-25 04:00:00+00:00,0.0000,0.0000,0.3013,0.0000,0.0000
2020-07-25 05:00:00+00:00,0.0000,0.0000,0.0000,0.0000,0.0000
2020-07-25 06:00:00+00:00,0.0000,0.6965,0.0000,0.0000,0.0000
2020-07-25 07:00:00+00:00,0.0000,0.0000,0.0000,0.0000,0.0000
2020-07-25 08:00:00+00:00,0.0000,0.0000,0.0000,0.0000,0.0000
2020-07-25 09:00:00+00:00,0.0000,0.0000,0.0000,0.0000,0.0000
2020-07-25 10:00:00+00:00,0.0000,0.8861,0.0000,4.0045,0.0000
2020-07-25 11:00:00+00:00,2.2047,2.9548,1.4112,12.0189,0.0000
2020-07-25 12:00:00+00:00,1.1041,0.0000,0.0000,6.8297,0.0000
2020-07-25 13:00:00+00:00,0.5419,0.0000,0.0000,3.8162,0.0000
2020-07-25 14:00:00+00:00,0.0000,0.0000,0.0000,0.0000,0.0000
2020-07-25 15:00:00+00:00,0.7683,0.9788,1.0025,0.9770,0.0000
2020-07-25 16:00:00+00:00,1.8624,3.1343,2.4664,3.4700,0.5012
2020-07-25 17:00:00+00:00,1.7789,4.2201,2.6566,4.0527,2.5531
2020-07-25 18:00:00+00:00,1.0184,2.5582,0.9375,1.1843,2.6280
2020-07-25 19:00:00+00:00,2.1886,3.8869,2.1993,5.5073,6.6088
2020-07-25 20:00:00+00:00,3.6168,7.1014,4.9515,10.0263,13.2908
2020-07-25 21:00:00+00:00,4.4220,7.2479,6.6824,10.0456,22.1731
2020-07-25 22:00:00+00:00,8.6560,14.3339,13.0458,17.8083,18.6758
2020-07-25 23:00:00+00:00,12.2227,16.6935,16.3494,26.6187,16.1858
2020-07-26 00:00:00+00:00,14.2031,18.7695,18.2160,35.2047,13.8758
2020-07-26 01:00:00+00:00,20.8297,25.4695,24.9157,50.5654,24.9437
2020-07-26 02:00:00+00:00,44.8300,48.1360,50.0256,101.5525,56.3054
2020-07-26 03:00:00+00:00,46.4234,49.4924,51.3524,102.0335,56.0523
2020-07-26 04:00:00+00:00,46.0932,48.9957,50.1392,106.2476,59.5080
2020-07-26 05:00:00+00:00,53.2970,56.6833,58.2637,127.5314,66.8768
2020-07-26 06:00:00+00:00,51.3782,53.6196,55.0885,126.8883,57.9547
2020-07-26 07:00:00+00:00,47.7449,48.0498,52.0667,109.3853,59.0347
2020-07-26 08:00:00+00:00,53.8978,56.6561,59.9288,123.8593,38.7745
2020-07-26 09:00:00+00:00,62.3556,66.3428,69.8469,146.7118,46.4842
2020-07-26 10:00:00+00:00,67.2401,70.8006,72.7039,172.4880,48.2156
2020-07-26 11:00:00+00:00,52.6518,55.1412,57.0532,135.4133,60.1532
2020-07-26 12:00:00+00:00,35.5779,38.0916,39.9850,89.5190,76.3287
2020-07-26 13:00:00+00:00,40.8925,44.9032,46.2504,102.8983,72.3085
2020-07-26 14:00:00+00:00,34.2444,39.3960,40.2028,84.7123,70.0771
2020-07-26 15:00:00+00:00,40.7869,47.3090,49.2664,100.8490,48.8721
2020-07-26 16:00:00+00:00,47.3474,58.7723,58.6391,119.5245,63.1450
2020-07-26 17:00:00+00:00,46.2607,56.6637,57.0703,117.5701,71.0135
2020-07-26 18:00:00+00:00,41.4370,52.8499,53.1468,104.2211,68.9301
2020-07-26 19:00:00+00:00,46.1896,61.0055,59.9281,117.3120,76.0408
2020-07-26 20:00:00+00:00,63.0276,80.4602,79.7194,159.6098,78.0202
2020-07-26 21:00:00+00:00,53.3207,70.4880,65.3865,139.4224,77.8717
2020-07-26 22:00:00+00:00,51.9856,69.6886,65.3079,135.6211,79.9000
2020-07-26 23:00:00+00:00,66.6182,84.3615,85.3396,174.9419,79.3843
2020-07-27 00:00:00+00:00,76.7289,88.6783,98.4075,199.9439,78.3502
2020-07-27 01:00:00+00:00,76.6842,83.2153,94.9380,200.2634,77.2220
2020-07-27 02:00:00+00:00,76.7989,79.4728,93.9436,199.7417,77.3860
2020-07-27 03:00:00+00:00,67.6747,63.4013,79.4914,166.6943,78.1539
2020-07-27 04:00:00+00:00,53.4270,50.5092,62.9514,136.8641,77.7522
2020-07-27 05:00:00+00:00,49.9638,48.1666,57.9217,121.9375,78.4365
2020-07-27 06:00:00+00:00,41.0137,42.6798,46.8480,106.3360,76.6493
2020-07-27 07:00:00+00:00,28.1959,40.4362,31.6094,75.3457,75.3913
2020-07-27 08:00:00+00:00,40.7705,48.7628,47.0759,111.4623,72.4831
2020-07-27 09:00:00+00:00,33.5548,37.5461,37.1524,92.7551,69.3004
2020-07-27 10:00:00+00:00,35.4226,40.4219,38.3379,104.4624,57.9020
2020-07-27 11:00:00+00:00,35.2678,46.8516,36.5127,123.4184,57.3316
2020-07-27 12:00:00+00:00,32.9539,33.4313,30.9857,90.4261,49.1178
2020-07-27 13:00:00+00:00,33.6984,32.4487,34.7755,90.7003,36.5121
2020-07-27 14:00:00+00:00,23.7476,23.8082,26.0912,61.7727,36.1539
2020-07-27 15:00:00+00:00,21.5334,20.5714,25.4481,49.1119,47.6478
2020-07-27 16:00:00+00:00,26.3451,26.2709,32.4373,59.9093,54.9538
2020-07-27 17:00:00+00:00,28.8072,31.5855,36.0476,66.1014,48.7941
2020-07-27 18:00:00+00:00,48.3311,59.2958,64.1959,112.5939,57.2139
2020-07-27 19:00:00+00:00,72.5979,85.7474,94.0114,172.8591,69.1884
2020-07-27 20:00:00+00:00,63.3837,90.4077,82.5550,168.1346,63.3080
2020-07-27 21:00:00+00:00,45.8435,51.1708,59.9553,109.2126,65.7995
2020-07-27 22:00:00+00:00,21.2147,28.6675,26.6343,64.9667,60.6489
2020-07-27 23:00:00+00:00,20.4238,25.4384,23.6168,60.9503,65.7317
2020-07-28 00:00:00+00:00,8.8117,9.6733,8.8485,34.5468,46.4578
2020-07-28 01:00:00+00:00,19.5287,24.2425,20.6899,60.5150,42.4541
2020-07-28 02:00:00+00:00,30.6886,35.3145,33.0935,85.6530,64.0983
2020-07-28 03:00:00+00:00,19.4589,22.2492,19.7855,54.9460,58.2379
2020-07-28 04:00:00+00:00,26.9921,31.8617,26.6740,75.9078,53.7760
2020-07-28 05:00:00+00:00,33.5993,38.9376,34.5555,98.7389,47.3855
2020-07-28 06:00:00+00:00,33.8219,43.7002,36.6963,108.0708,32.1884
2020-07-28 07:00:00+00:00,30.1023,41.4628,31.2916,101.3145,10.3483
2020-07-28 08:00:00+00:00,29.4238,39.1991,31.5191,93.1788,8.6433
2020-07-28 09:00:00+00:00,29.3632,38.7727,34.1346,84.2609,20.6802
2020-07-28 10:00:00+00:00,19.2198,23.9517,20.8512,52.0493,26.0944
2020-07-28 11:00:00+00:00,23.2502,26.3609,24.1739,58.2286,40.9545
2020-07-28 12:00:00+00:00,23.4049,26.8585,25.9275,55.1182,31.0082
2020-07-28 13:00:00+00:00,32.5951,37.4085,36.8206,82.1534,48.2293
2020-07-28 14:00:00+00:00,24.6948,28.2158,29.0913,57.7658,34.9351
2020-07-28 15:00:00+00:00,30.6543,36.5106,37.9948,75.4707,38.7102
2020-07-28 16:00:00+00:00,36.8098,42.9283,45.7539,91.6438,47.4983
2020-07-28 17:00:00+00:00,37.0522,42.3647,46.9098,93.6632,57.5963
2020-07-28 18:00:00+00:00,36.2003,41.4953,46.1547,92.4190,75.7048
2020-07-28 19:00:00+00:00,30.1227,35.6109,37.9918,78.1910,69.4564
2020-07-28 20:00:00+00:00,31.8148,42.0720,40.9113,86.7541,47.5195
2020-07-28 21:00:00+00:00,27.0177,35.0690,32.1141,76.5597,32.6369
2020-07-28 22:00:00+00:00,17.5817,21.9776,21.2376,46.5357,46.3986
2020-07-28 23:00:00+00:00,12.5560,15.5170,14.8503,31.3151,46.2869
2020-07-29 00:00:00+00:00,14.2536,15.5180,19.1091,30.4568,42.9818
2020-07-29 01:00:00+00:00,17.4625,22.5727,22.3256,41.6300,27.7301
2020-07-29 02:00:00+00:00,28.3716,34.7087,33.9582,66.8088,17.8688
2020-07-29 03:00:00+00:00,36.0097,41.2710,40.6786,90.0649,19.4489
2020-07-29 04:00:00+00:00,32.5377,33.5239,36.5753,80.1607,27.3048
2020-07-29 05:00:00+00:00,23.2680,24.9115,27.1892,55.3288,35.7192
2020-07-29 06:00:00+00:00,22.5804,25.2837,28.5741,52.2093,45.8985
2020-07-29 07:00:00+00:00,21.2073,23.1474,25.2541,47.1343,23.9101
2020-07-29 08:00:00+00:00,23.8292,23.4571,26.6845,52.0984,29.6749
2020-07-29 09:00:00+00:00,23.7942,23.1363,26.3931,53.5286,33.0818
2020-07-29 10:00:00+00:00,17.1211,15.6873,19.1996,47.3175,28.7712
2020-07-29 11:00:00+00:00,10.7576,10.6071,12.3537,30.3760,24.1099
2020-07-29 12:00:00+00:00,6.3301,6.0388,6.9473,15.9566,13.3361
2020-07-29 13:00:00+00:00,4.2949,3.3994,4.6613,8.6118,14.9444
2020-07-29 14:00:00+00:00,3.4569,2.1685,4.0563,6.2596,19.4360
2020-07-29 15:00:00+00:00,5.0953,3.5446,6.3110,11.2300,20.4291
2020-07-29 16:00:00+00:00,9.4957,6.1925,11.9090,20.6941,19.4753
2020-07-29 17:00:00+00:00,2.2182,2.9103,3.5787,1.9012,32.3248
2020-07-29 18:00:00+00:00,8.6988,2.0315,9.4815,26.5220,34.2093
2020-07-29 19:00:00+00:00,5.9240,4.2131,7.0970,13.0783,35.2278
2020-07-29 20:00:00+00:00,1.6959,0.0000,1.4171,4.7735,16.6977
2020-07-29 21:00:00+00:00,5.3444,1.7559,6.7766,8.3594,26.7895
2020-07-29 22:00:00+00:00,0.0000,0.0000,8.0094,4.9199,21.0656
2020-07-29 23:00:00+00:00,0.0000,0.0000,4.4275,0.0000,23.8394
2020-07-30 00:00:00+00:00,0.0000,0.0000,0.0000,0.0000,10.6562
2020-07-30 01:00:00+00:00,3.1028,0.0000,4.5794,0.0000,8.1041
2020-07-30 02:00:00+00:00,10.3156,10.8090,11.6689,30.4124,18.7633
2020-07-30 03:00:00+00:00,1.4304,0.0000,0.1047,5.5433,34.1420
2020-07-30 04:00:00+00:00,0.0000,0.0000,0.0000,0.0000,30.1403
2020-07-30 05:00:00+00:00,3.7030,1.2178,3.4313,3.8098,35.2371
2020-07-30 06:00:00+00:00,11.5541,5.7985,12.1144,21.2716,24.2066
2020-07-30 07:00:00+00:00,18.3990,14.7910,19.3549,46.4216,22.4838
2020-07-30 08:00:00+00:00,22.2928,19.2746,22.6507,59.6419,19.6017
2020-07-30 09:00:00+00:00,16.5549,14.5360,16.7504,49.3336,10.5763
2020-07-30 10:00:00+00:00,14.4115,13.8980,15.3040,42.9676,17.9732
2020-07-30 11:00:00+00:00,13.2169,12.1916,13.3297,37.5921,18.3549
2020-07-30 12:00:00+00:00,6.1859,4.9870,5.4843,18.7528,16.4175
2020-07-30 13:00:00+00:00,1.7685,1.4556,1.6425,4.8688,10.2933
2020-07-30 14:00:00+00:00,1.6104,1.4882,1.8179,3.8839,10.8733
2020-07-30 15:00:00+00:00,3.3542,3.5412,4.4191,7.3130,12.6337
2020-07-30 16:00:00+00:00,4.8703,5.9686,6.4758,11.8275,15.8034
2020-07-30 17:00:00+00:00,5.0636,7.5278,6.9979,12.4271,18.7302
2020-07-30 18:00:00+00:00,6.8678,10.5844,9.3921,20.0885,18.2209
2020-07-30 19:00:00+00:00,12.3282,14.2958,14.9387,24.0122,16.5625
2020-07-30 20:00:00+00:00,0.7703,0.0000,0.0000,3.7519,14.9627
2020-07-30 21:00:00+00:00,0.0000,0.1801,0.0000,0.0000,9.6487
2020-07-30 22:00:00+00:00,3.9960,5.9382,6.1889,11.6068,17.6537
2020-07-30 23:00:00+00:00,3.9752,4.9992,4.6205,11.5331,12.1782
2020-07-31 00:00:00+00:00,1.1954,1.6101,0.3264,5.0277,12.6159
2020-07-31 01:00:00+00:00,2.4497,2.3922,1.8523,9.6172,6.9697
2020-07-31 02:00:00+00:00,3.7402,4.2358,2.9074,16.1070,5.7899
2020-07-31 03:00:00+00:00,4.2565,5.8916,4.1262,17.3544,8.9279
2020-07-31 04:00:00+00:00,6.0171,8.2072,6.1585,23.4839,3.8663
2020-07-31 05:00:00+00:00,7.4407,8.7132,7.0158,32.5050,0.0000
2020-07-31 06:00:00+00:00,5.5867,4.7349,4.4643,25.7926,0.0000
2020-07-31 07:00:00+00:00,2.9774,2.5314,1.9174,16.1881,0.0000
2020-07-31 08:00:00+00:00,2.0826,2.4452,1.7596,13.1042,0.0000
2020-07-31 09:00:00+00:00,0.0000,0.0000,0.0000,4.8990,0.0000
2020-07-31 10:00:00+00:00,0.0000,0.0000,0.0000,6.0673,0.0000
2020-07-31 11:00:00+00:00,0.0000,0.0000,0.0000,0.6368,0.0000
2020-07-31 12:00:00+00:00,0.0000,0.0000,0.0000,0.0000,0.0000
2020-07-31 13:00:00+00:00,0.0000,0.0000,0.0000,0.0000,0.0000
2020-07-31 14:00:00+00:00,0.0000,0.0000,0.0000,0.0000,0.0000
2020-07-31 15:00:00+00:00,1.2761,1.0990,1.3956,2.4651,0.0000
2020-07-31 16:00:00+00:00,2.5014,2.4275,3.1712,5.1881,3.2552
2020-07-31 17:00:00+00:00,3.0558,3.4927,4.1839,6.2332,4.6866
2020-07-31 18:00:00+00:00,3.1153,3.4835,4.4732,5.7279,3.8689
2020-07-31 19:00:00+00:00,2.5145,2.5999,3.8126,3.7019,6.3001
2020-07-31 20:00:00+00:00,1.0960,1.3772,2.1463,0.0000,7.0475
2020-07-31 21:00:00+00:00,0.5606,1.9982,2.1869,0.0000,6.8496
2020-07-31 22:00:00+00:00,3.4686,4.0242,4.7133,7.0144,8.4976
2020-07-31 23:00:00+00:00,1.7159,0.2268,2.3864,2.2530,8.6216
2020-08-01 00:00:00+00:00,0.0000,0.0000,0.0000,0.0000,5.1983
2020-08-01 01:00:00+00:00,0.0000,0.0000,0.0000,0.0000,2.1024
2020-08-01 02:00:00+00:00,0.0000,0.0000,0.0000,0.0000,0.0000
2020-08-01 03:00:00+00:00,0.0000,0.0000,0.0000,0.0000,0.0000
2020-08-01 04:00:00+00:00,0.0000,0.0000,0.0000,0.0000,0.0000
2020-08-01 05:00:00+00:00,0.0000,0.0000,0.0000,0.0000,0.0000
2020-08-01 06:00:00+00:00,0.0000,0.0000,0.0000,0.0000,0.0000
2020-08-01 07:00:00+00:00,0.0000,0.0000,0.0000,0.0000,0.0000
2020-08-01 08:00:00+00:00,0.0000,0.0000,0.0000,0.0000,0.0000
2020-08-01 09:00:00+00:00,0.0000,0.0000,0.0000,0.0000,0.0000
2020-08-01 10:00:00+00:00,0.0000,1.4832,0.0000,5.0703,0.0000
2020-08-01 11:00:00+00:00,0.3863,1.5365,0.0000,5.5524,0.0000
2020-08-01 12:00:00+00:00,0.0000,0.0000,0.0000,0.7890,0.0000
2020-08-01 13:00:00+00:00,0.0000,0.0000,0.0000,0.0000,0.0000
2020-08-01 14:00:00+00:00,0.0000,0.0000,0.0000,0.0000,0.0000
2020-08-01 15:00:00+00:00,0.0000,0.0000,0.0000,0.0000,0.0000
2020-08-01 16:00:00+00:00,0.0000,0.0000,0.0000,0.0000,0.0000
2020-08-01 17:00:00+00:00,0.0000,0.0000,0.3073,0.0000,0.0000
2020-08-01 18:00:00+00:00,0.0000,0.0000,0.0000,0.0000,0.0000
2020-08-01 19:00:00+00:00,0.0000,0.0000,0.0000,0.0000,0.0000
2020-08-01 20:00:00+00:00,0.0000,0.0000,0.0000,0.0000,0.0000
2020-08-01 21:00:00+00:00,0.0000,0.0000,0.0000,0.0000,0.6490
2020-08-01 22:00:00+00:00,0.0000,0.0000,0.0000,0.0000,0.0000
2020-08-01 23:00:00+00:00,0.0000,0.0000,0.0000,0.0000,0.0000
2020-08-02 00:00:00+00:00,0.0000,0.0000,0.0000,0.0000,0.0000
2020-08-02 01:00:00+00:00,3.3110,4.6689,5.4826,5.8982,0.0000
2020-08-02 02:00:00+00:00,4.7114,8.9641,7.9654,7.8580,0.0000
2020-08-02 03:00:00+00:00,4.5680,8.3600,7.5278,6.5358,0.0000
2020-08-02 04:00:00+00:00,7.9421,12.0043,12.7285,9.8516,0.0000
2020-08-02 05:00:00+00:00,11.5933,14.6130,17.9104,9.7714,6.1336
2020-08-02 06:00:00+00:00,16.6001,19.4230,22.9507,16.6097,21.1149
2020-08-02 07:00:00+00:00,27.3717,26.5894,35.2755,35.6784,32.2956
2020-08-02 08:00:00+00:00,24.6536,25.2276,25.2074,49.1143,15.2283
2020-08-02 09:00:00+00:00,15.9450,19.0983,15.1678,40.3985,16.5461
2020-08-02 10:00:00+00:00,19.1838,21.1194,18.2285,49.6582,31.2059
2020-08-02 11:00:00+00:00,20.2396,18.4521,19.6275,45.5415,59.4608
2020-08-02 12:00:00+00:00,32.7189,21.0728,27.4929,49.6805,68.5813
2020-08-02 13:00:00+00:00,5.9796,7.7051,7.7450,10.7995,79.0982
2020-08-02 14:00:00+00:00,4.8168,2.8451,4.6147,7.6689,78.5027
2020-08-02 15:00:00+00:00,20.4164,19.0907,24.4838,34.1962,55.4507
2020-08-02 16:00:00+00:00,20.4583,18.1305,24.7160,35.4945,59.3369
2020-08-02 17:00:00+00:00,53.1852,25.4997,58.1604,63.6468,76.9870
2020-08-02 18:00:00+00:00,54.4290,33.0005,55.8875,105.1040,76.2810
2020-08-02 19:00:00+00:00,57.4037,49.6260,66.2045,117.4918,77.7069
2020-08-02 20:00:00+00:00,58.7951,54.8690,71.8102,142.0271,75.8210
2020-08-02 21:00:00+00:00,52.1915,51.5212,64.8338,137.3998,63.6758
2020-08-02 22:00:00+00:00,65.2161,66.5687,91.5385,168.4747,77.1815
2020-08-02 23:00:00+00:00,27.6761,18.9539,30.6946,71.0403,75.7241
2020-08-03 00:00:00+00:00,20.7895,0.0000,7.3058,42.4322,32.2373
2020-08-03 01:00:00+00:00,9.5879,0.0000,1.3751,26.0477,43.1077
2020-08-03 02:00:00+00:00,9.5111,10.5040,11.2823,19.1191,40.2071
2020-08-03 03:00:00+00:00,21.0539,21.2006,25.1174,49.1638,31.8144
2020-08-03 04:00:00+00:00,20.5155,20.0796,25.4345,37.0959,75.7797
2020-08-03 05:00:00+00:00,16.3789,14.7448,20.9588,13.6929,79.9000
2020-08-03 06:00:00+00:00,9.7266,10.9518,14.7044,4.0630,79.9000
2020-08-03 07:00:00+00:00,12.1922,9.7381,16.3099,13.0747,79.9000
2020-08-03 08:00:00+00:00,43.0701,31.3675,47.0966,30.6017,79.9000
2020-08-03 09:00:00+00:00,78.5653,68.3492,95.6001,164.8099,79.9000
2020-08-03 10:00:00+00:00,80.0774,96.2775,103.0783,207.8385,79.2748
2020-08-03 11:00:00+00:00,81.0000,98.3806,105.9060,212.3587,77.0192
2020-08-03 12:00:00+00:00,79.9563,98.3965,103.3958,209.2010,54.9532
2020-08-03 13:00:00+00:00,80.7233,99.4385,103.9834,212.6039,52.2355
2020-08-03 14:00:00+00:00,77.5998,95.8583,97.8873,206.2840,49.8510
2020-08-03 15:00:00+00:00,76.9146,92.2037,89.8338,205.3018,36.0387
2020-08-03 16:00:00+00:00,68.6122,76.4214,77.0003,186.1264,39.2870
2020-08-03 17:00:00+00:00,56.8659,56.4104,62.0603,149.0337,24.8147
2020-08-03 18:00:00+00:00,22.2644,25.4655,23.2685,68.8062,11.3578
2020-08-03 19:00:00+00:00,17.0990,18.6187,17.6066,50.5149,12.6419
2020-08-03 20:00:00+00:00,13.8847,14.2985,14.5749,38.8925,7.1104
2020-08-03 21:00:00+00:00,7.0940,8.5520,7.9165,19.6044,4.7028
2020-08-03 22:00:00+00:00,2.2350,3.0148,2.3487,6.6712,0.4184
2020-08-03 23:00:00+00:00,0.0000,0.0000,0.0000,0.0000,0.0000
2020-08-04 00:00:00+00:00,0.0000,0.0000,0.0000,0.0000,0.0000
2020-08-04 01:00:00+00:00,0.0000,0.0000,0.0000,0.0000,0.0000
2020-08-04 02:00:00+00:00,0.0000,0.0000,0.0000,0.0000,0.0000
2020-08-04 03:00:00+00:00,0.0000,0.0000,0.0000,0.0000,4.7242
2020-08-04 04:00:00+00:00,1.3213,2.7468,2.8298,0.0000,13.1586
2020-08-04 05:00:00+00:00,4.9474,8.1096,8.0191,5.7914,29.4974
2020-08-04 06:00:00+00:00,13.3075,18.1828,20.5185,15.3972,18.4950
2020-08-04 07:00:00+00:00,15.2113,29.7940,28.6079,26.3558,26.4284
2020-08-04 08:00:00+00:00,15.9619,39.0310,30.4137,39.2544,34.4584
2020-08-04 09:00:00+00:00,16.1114,47.3647,33.0361,33.9679,33.8118
2020-08-04 10:00:00+00:00,31.3162,23.5232,40.5789,6.7482,39.6558
2020-08-04 11:00:00+00:00,36.2104,31.1747,37.7559,35.8616,25.3294
2020-08-04 12:00:00+00:00,32.9551,28.2613,45.4808,44.3616,12.4800
2020-08-04 13:00:00+00:00,14.1940,18.4280,21.3128,20.9244,9.4871
2020-08-04 14:00:00+00:00,12.2084,10.6881,17.3305,10.0589,32.4308
2020-08-04 15:00:00+00:00,9.4129,11.9457,14.8080,8.2572,19.6929
2020-08-04 16:00:00+00:00,3.6903,4.1262,4.1846,2.8099,10.7008
2020-08-04 17:00:00+00:00,2.3632,2.7801,2.5957,5.4716,22.7894
2020-08-04 18:00:00+00:00,9.3935,10.0586,8.7041,21.5777,6.9342
2020-08-04 19:00:00+00:00,12.3258,18.7637,13.6943,24.5582,0.0000
2020-08-04 20:00:00+00:00,5.8392,11.3896,6.5597,18.8143,0.0000
2020-08-04 21:00:00+00:00,7.0111,12.6341,10.0071,18.8998,0.4341
2020-08-04 22:00:00+00:00,16.6483,15.4072,22.8929,31.5273,4.0359
2020-08-04 23:00:00+00:00,3.8365,4.0486,6.5770,9.3009,12.5621
2020-08-05 00:00:00+00:00,17.2050,24.1718,21.5141,56.0845,9.8336
2020-08-05 01:00:00+00:00,76.7662,87.4649,98.3794,184.5678,4.1018
2020-08-05 02:00:00+00:00,58.8396,57.8948,54.8705,204.6597,13.0466
2020-08-05 03:00:00+00:00,20.3233,12.2347,16.0348,75.6324,17.8118
2020-08-05 04:00:00+00:00,7.4783,5.3130,5.3539,29.5727,7.5123
2020-08-05 05:00:00+00:00,15.1163,15.7178,14.7459,47.9526,13.5133
2020-08-05 06:00:00+00:00,29.0660,33.8961,31.2418,75.4057,7.6588
2020-08-05 07:00:00+00:00,39.4771,39.9681,39.4954,109.8056,6.6388
2020-08-05 08:00:00+00:00,40.0140,37.6149,46.4168,92.8643,25.2489
2020-08-05 09:00:00+00:00,42.2094,38.5706,43.5240,80.4028,32.8735
2020-08-05 10:00:00+00:00,37.7872,27.2168,30.0791,70.4368,10.3229
2020-08-05 11:00:00+00:00,23.9652,33.5323,20.7447,61.8692,16.1415
2020-08-05 12:00:00+00:00,25.9461,32.9886,25.4351,99.1788,45.4444
2020-08-05 13:00:00+00:00,27.9582,29.4017,25.6607,111.3833,31.8670
2020-08-05 14:00:00+00:00,42.0518,48.0102,43.3390,127.1122,72.8327
2020-08-05 15:00:00+00:00,67.8643,75.1083,75.8582,172.3537,54.6757
2020-08-05 16:00:00+00:00,53.1857,55.6337,61.0607,134.3685,47.8916
2020-08-05 17:00:00+00:00,48.7913,53.9618,60.7182,116.6052,49.7720
2020-08-05 18:00:00+00:00,47.8536,52.7268,56.3889,113.4962,52.2524
2020-08-05 19:00:00+00:00,42.3399,53.2919,54.7057,101.2691,55.2599
2020-08-05 20:00:00+00:00,43.8485,48.2991,52.5422,107.5517,62.8789
2020-08-05 21:00:00+00:00,28.5050,33.6152,34.0886,74.7154,55.4943
2020-08-05 22:00:00+00:00,26.4740,28.3094,32.4238,66.0107,50.4717
2020-08-05 23:00:00+00:00,28.0243,30.5832,35.3967,64.3909,48.4130
2020-08-06 00:00:00+00:00,28.6106,33.2374,33.8033,69.4432,22.6250
2020-08-06 01:00:00+00:00,19.9303,22.6441,20.6423,50.3696,18.8287
2020-08-06 02:00:00+00:00,32.8596,35.6190,32.0371,79.3023,24.4239
2020-08-06 03:00:00+00:00,31.7457,35.9955,31.2581,93.0132,25.5668
2020-08-06 04:00:00+00:00,38.4235,43.5112,39.2623,114.9135,28.3570
2020-08-06 05:00:00+00:00,20.4624,24.9416,21.6052,59.6360,22.5579
2020-08-06 06:00:00+00:00,22.6115,24.6472,22.2395,63.7010,12.8966
2020-08-06 07:00:00+00:00,25.4498,27.0986,25.8919,66.9567,15.1661
2020-08-06 08:00:00+00:00,28.4958,30.4338,30.7926,71.6854,11.9660
2020-08-06 09:00:00+00:00,24.1703,27.1345,27.8215,59.4715,8.4863
2020-08-06 10:00:00+00:00,18.4018,20.1578,19.0889,50.4445,8.1922
2020-08-06 11:00:00+00:00,17.2940,16.5391,15.7377,47.8662,9.0508
2020-08-06 12:00:00+00:00,14.4144,15.6964,14.9566,43.2639,4.1620
2020-08-06 13:00:00+00:00,15.9418,17.0398,17.1403,45.9114,4.7169
2020-08-06 14:00:00+00:00,17.8995,20.4114,19.9152,49.4523,4.7107
2020-08-06 15:00:00+00:00,17.0909,17.9766,18.9061,46.6766,2.5332
2020-08-06 16:00:00+00:00,14.7411,15.9467,16.6757,40.1453,0.0000
2020-08-06 17:00:00+00:00,14.9916,17.1328,18.1035,39.9818,1.3940
2020-08-06 18:00:00+00:00,9.5238,10.3109,11.2171,26.5129,2.2595
2020-08-06 19:00:00+00:00,5.5906,6.7329,6.7083,14.2383,2.6466
2020-08-06 20:00:00+00:00,2.2196,3.0364,2.7230,5.1065,1.5406
2020-08-06 21:00:00+00:00,1.1628,1.7849,1.3780,2.5832,0.0000
2020-08-06 22:00:00+00:00,0.2792,0.6909,0.3865,0.0000,0.0000
2020-08-06 23:00:00+00:00,0.0000,0.0000,0.0000,0.0000,0.0000
2020-08-07 00:00:00+00:00,0.0000,0.0000,0.0000,0.0000,0.0000
2020-08-07 01:00:00+00:00,0.0000,0.0000,0.0000,0.0000,0.5763
2020-08-07 02:00:00+00:00,0.0000,0.0000,0.0000,0.0000,0.0000
2020-08-07 03:00:00+00:00,0.0000,0.0000,0.0000,0.0000,0.0000
2020-08-07 04:00:00+00:00,0.0000,0.0000,0.0000,0.6958,0.0000
2020-08-07 05:00:00+00:00,0.0000,0.0000,0.0000,0.0000,0.0000
2020-08-07 06:00:00+00:00,0.0000,0.0000,0.0000,0.0000,0.0000
2020-08-07 07:00:00+00:00,0.0000,0.0000,0.0000,0.0000,0.0000
2020-08-07 08:00:00+00:00,0.0000,0.0000,0.0000,0.0000,0.0000
2020-08-07 09:00:00+00:00,0.0000,0.0000,0.0000,0.0000,0.0000
2020-08-07 10:00:00+00:00,0.3531,0.1705,1.5254,0.0000,0.0000
2020-08-07 11:00:00+00:00,1.2528,1.3025,2.5738,0.0000,0.0000
2020-08-07 12:00:00+00:00,1.4073,0.0000,2.2748,0.0000,0.0000
2020-08-07 13:00:00+00:00,0.0000,0.0000,0.0000,0.0000,3.6934
2020-08-07 14:00:00+00:00,0.0000,0.0000,0.0000,0.0000,0.0000
2020-08-07 15:00:00+00:00,0.0000,0.0000,0.0000,0.0000,0.0000
2020-08-07 16:00:00+00:00,0.0000,0.0000,0.0000,2.9296,5.7919
2020-08-07 17:00:00+00:00,0.1772,0.0000,0.0000,3.2730,5.7997
2020-08-07 18:00:00+00:00,0.1451,0.0000,0.0000,3.1125,3.0686
2020-08-07 19:00:00+00:00,0.4352,0.3325,0.0000,3.9618,0.0000
2020-08-07 20:00:00+00:00,1.2054,1.1568,0.6551,4.4664,0.0000
2020-08-07 21:00:00+00:00,1.6882,1.2499,1.7597,5.1570,0.0000
2020-08-07 22:00:00+00:00,0.0000,0.0000,0.0000,1.4124,0.0000
2020-08-07 23:00:00+00:00,1.2672,0.8763,0.9760,3.8657,0.0000
2020-08-08 00:00:00+00:00,0.0000,0.0000,0.0000,0.0000,1.0155
2020-08-08 01:00:00+00:00,0.0000,0.1598,0.0000,0.0000,1.4585
2020-08-08 02:00:00+00:00,1.8674,3.3952,3.2474,0.0000,0.0000
2020-08-08 03:00:00+00:00,2.3216,2.6394,4.1787,3.1486,0.0000
2020-08-08 04:00:00+00:00,1.8437,1.9265,3.1256,5.0453,0.0000
2020-08-08 05:00:00+00:00,0.0000,0.0000,0.0000,0.1579,0.0000
2020-08-08 06:00:00+00:00,0.0000,0.0000,0.0000,0.0000,0.0000
2020-08-08 07:00:00+00:00,0.0000,0.0000,0.0000,0.0000,0.0000
2020-08-08 08:00:00+00:00,0.0000,0.0000,0.0000,0.0000,0.0000
2020-08-08 09:00:00+00:00,0.0000,0.0000,0.0000,0.0000,0.0000
2020-08-08 10:00:00+00:00,0.0000,0.0000,0.0000,0.0000,0.0000
2020-08-08 11:00:00+00:00,0.0000,0.0000,0.0000,0.0000,0.0000
2020-08-08 12:00:00+00:00,0.0000,0.0000,0.0000,0.0000,0.0000
2020-08-08 13:00:00+00:00,0.0000,0.0000,0.0000,0.0000,0.0000
2020-08-08 14:00:00+00:00,0.0000,0.0000,0.0000,0.0000,0.0000
2020-08-08 15:00:00+00:00,0.0000,0.0000,0.0000,0.0000,0.0000
2020-08-08 16:00:00+00:00,0.0000,0.0000,0.0000,0.0000,0.0000
2020-08-08 17:00:00+00:00,0.0000,0.0000,0.0000,0.0000,0.0000
2020-08-08 18:00:00+00:00,0.0000,0.0000,0.0000,0.0000,2.2837
2020-08-08 19:00:00+00:00,0.0000,0.0000,0.0000,0.0000,2.5950
2020-08-08 20:00:00+00:00,0.4201,1.7198,1.4311,0.0000,2.0581
2020-08-08 21:00:00+00:00,0.0000,1.1282,0.1386,0.0000,2.7549
2020-08-08 22:00:00+00:00,0.0000,0.0000,0.0000,0.0000,0.6083
2020-08-08 23:00:00+00:00,0.0000,0.0000,0.0000,0.0000,0.0000
2020-08-09 00:00:00+00:00,0.0000,0.0000,0.0000,0.0000,0.0000
2020-08-09 01:00:00+00:00,0.0000,0.0000,0.0000,0.0000,4.1995
2020-08-09 02:00:00+00:00,0.0000,0.0000,0.0000,0.0000,17.6777
2020-08-09 03:00:00+00:00,1.5802,0.2957,3.1061,0.0000,20.3589
2020-08-09 04:00:00+00:00,2.7164,3.6352,4.8489,4.2664,22.0663
2020-08-09 05:00:00+00:00,3.1870,4.5002,4.1338,8.6390,24.2965
2020-08-09 06:00:00+00:00,4.6157,7.6023,5.9312,14.2920,18.5097
2020-08-09 07:00:00+00:00,6.0862,11.2626,8.1192,20.1612,21.2582
2020-08-09 08:00:00+00:00,4.1886,7.8602,5.7521,17.2902,25.6581
2020-08-09 09:00:00+00:00,13.5843,11.8939,18.4877,26.2752,34.4503
2020-08-09 10:00:00+00:00,18.0911,19.0076,18.7375,57.9778,29.8956
2020-08-09 11:00:00+00:00,17.3938,19.8807,19.2270,55.5368,25.3368
2020-08-09 12:00:00+00:00,10.1322,10.9264,10.8763,31.6698,14.2049
2020-08-09 13:00:00+00:00,7.1430,7.6755,8.0361,19.9177,7.9894
2020-08-09 14:00:00+00:00,3.9119,4.2136,4.5081,9.8161,8.7050
2020-08-09 15:00:00+00:00,1.9324,2.0343,2.2560,3.9157,12.2511
2020-08-09 16:00:00+00:00,1.4966,1.5650,1.8369,2.5888,11.9291
2020-08-09 17:00:00+00:00,1.0011,1.0134,1.0042,0.0000,9.3829
2020-08-09 18:00:00+00:00,0.0000,0.0000,0.0000,0.0000,9.4113
2020-08-09 19:00:00+00:00,2.5877,2.2637,3.1058,4.8680,10.6639
2020-08-09 20:00:00+00:00,6.1766,7.0584,5.6054,20.0296,8.9195
2020-08-09 21:00:00+00:00,0.0000,0.0000,0.0000,0.0000,10.1259
2020-08-09 22:00:00+00:00,5.5341,5.2893,8.2955,7.5518,6.4389
2020-08-09 23:00:00+00:00,18.6739,17.1529,19.8616,36.3596,10.3042
2020-08-10 00:00:00+00:00,15.2444,15.2451,14.8720,32.0703,6.9278
2020-08-10 01:00:00+00:00,14.9112,16.8468,14.2167,28.9417,7.8196
2020-08-10 02:00:00+00:00,13.4973,16.0697,13.6190,29.1792,18.1740
2020-08-10 03:00:00+00:00,9.9470,11.3854,11.4336,19.1476,19.8051
2020-08-10 04:00:00+00:00,8.2696,8.3708,9.2020,16.2956,22.6282
2020-08-10 05:00:00+00:00,10.8784,9.1329,11.5335,20.1513,21.6240
2020-08-10 06:00:00+00:00,7.7880,5.9026,8.5027,15.5555,16.5304
2020-08-10 07:00:00+00:00,3.2995,1.3803,2.9925,9.1938,17.7221
2020-08-10 08:00:00+00:00,2.1476,0.0000,1.8501,4.7903,21.9553
2020-08-10 09:00:00+00:00,3.4484,2.4958,3.1908,9.4861,28.2867
2020-08-10 10:00:00+00:00,5.1083,5.0520,4.5614,16.2699,15.6382
2020-08-10 11:00:00+00:00,4.4547,3.7252,3.6910,13.8247,8.3864
2020-08-10 12:00:00+00:00,1.4616,0.0000,0.0000,3.5931,2.1194
2020-08-10 13:00:00+00:00,1.3364,0.0000,0.0486,2.6878,2.2557
2020-08-10 14:00:00+00:00,0.0000,0.0000,0.0000,0.0000,2.3884
2020-08-10 15:00:00+00:00,0.0000,0.0000,0.0000,0.0000,3.7798
2020-08-10 16:00:00+00:00,0.0000,0.0000,0.0000,0.0000,3.5662
2020-08-10 17:00:00+00:00,0.0000,0.0000,0.0000,0.0000,6.0168
2020-08-10 18:00:00+00:00,1.7368,0.8127,2.2981,1.7811,11.9764
2020-08-10 19:00:00+00:00,2.0721,1.3480,2.5865,2.9852,22.1013
2020-08-10 20:00:00+00:00,2.7753,2.1198,3.1541,5.1960,19.8522
2020-08-10 21:00:00+00:00,0.0000,0.0000,0.0000,0.0000,12.6771
2020-08-10 22:00:00+00:00,0.0000,0.0000,0.0000,0.0000,11.4645
2020-08-10 23:00:00+00:00,0.5819,0.0000,0.0000,3.8574,7.8727
2020-08-11 00:00:00+00:00,0.0000,0.0000,0.0000,0.0000,1.2789
2020-08-11 01:00:00+00:00,0.0000,0.0000,0.0000,0.0000,1.5725
2020-08-11 02:00:00+00:00,10.8322,11.4523,13.7047,13.7059,8.5499
2020-08-11 03:00:00+00:00,15.5674,14.6228,13.8676,35.1274,7.6900
2020-08-11 04:00:00+00:00,16.3808,19.8584,14.8340,39.2839,4.9587
2020-08-11 05:00:00+00:00,19.6782,25.8452,21.3861,44.8000,7.0199
2020-08-11 06:00:00+00:00,17.7134,21.5932,19.7921,41.9359,7.9541
2020-08-11 07:00:00+00:00,18.8967,22.8813,21.8274,46.8702,11.8366
2020-08-11 08:00:00+00:00,14.3854,19.1810,15.6034,39.8483,5.7132
2020-08-11 09:00:00+00:00,12.8362,14.3483,12.8561,32.3885,3.0526
2020-08-11 10:00:00+00:00,14.3224,17.5443,14.5790,41.6033,6.3001
2020-08-11 11:00:00+00:00,16.6435,18.2941,16.4121,44.4328,8.3902
2020-08-11 12:00:00+00:00,10.9733,10.1371,8.3665,27.1656,4.3392
2020-08-11 13:00:00+00:00,8.5863,4.8642,5.8013,15.0142,8.2171
2020-08-11 14:00:00+00:00,5.2045,1.1291,5.0956,7.2268,10.3503
2020-08-11 15:00:00+00:00,7.1177,3.7338,9.0461,13.2727,18.5091
2020-08-11 16:00:00+00:00,9.4643,9.5344,13.0396,21.4418,26.5577
2020-08-11 17:00:00+00:00,11.8650,11.9040,16.4232,25.7442,36.2469
2020-08-11 18:00:00+00:00,14.2988,13.4591,19.8930,30.7054,42.6795
2020-08-11 19:00:00+00:00,17.8691,16.5890,25.0488,37.1017,47.5250
2020-08-11 20:00:00+00:00,29.9455,30.5616,40.8008,62.8334,20.2854
2020-08-11 21:00:00+00:00,20.1259,21.0149,26.6443,44.4232,54.9823
2020-08-11 22:00:00+00:00,13.3579,7.8584,15.7384,28.5472,41.3767
2020-08-11 23:00:00+00:00,4.1324,4.4639,4.2807,14.1638,35.8985
2020-08-12 00:00:00+00:00,5.3357,5.4341,5.3081,15.0638,31.1566
2020-08-12 01:00:00+00:00,20.9526,21.1222,21.7977,51.4795,28.4023
2020-08-12 02:00:00+00:00,34.2433,37.4037,33.9133,78.2870,37.9398
2020-08-12 03:00:00+00:00,17.9178,21.3813,19.6323,44.1478,39.3336
2020-08-12 04:00:00+00:00,22.8244,26.2437,25.4556,65.7754,32.7493
2020-08-12 05:00:00+00:00,17.7430,19.6399,18.4490,57.9437,20.0244
2020-08-12 06:00:00+00:00,12.3725,13.6007,12.9213,38.3334,10.1345
2020-08-12 07:00:00+00:00,9.6528,10.2087,9.6555,30.3023,8.5024
2020-08-12 08:00:00+00:00,9.8238,9.9864,10.9173,31.7747,10.8016
2020-08-12 09:00:00+00:00,12.3094,13.8192,14.4178,37.8156,13.2080
2020-08-12 10:00:00+00:00,9.3238,11.6151,9.5615,31.9673,12.2670
2020-08-12 11:00:00+00:00,7.3996,8.9233,7.1650,25.3572,8.3023
2020-08-12 12:00:00+00:00,4.6214,4.8439,4.0128,15.1668,2.8341
2020-08-12 13:00:00+00:00,4.1710,5.1847,4.5625,13.2373,0.0000
2020-08-12 14:00:00+00:00,4.7532,5.8077,5.7100,12.5854,2.8201
2020-08-12 15:00:00+00:00,4.6690,5.8188,5.9842,11.5521,4.1733
2020-08-12 16:00:00+00:00,7.4174,9.0804,9.5029,18.0744,4.9922
2020-08-12 17:00:00+00:00,7.9139,10.3331,10.4652,20.2242,4.1340
2020-08-12 18:00:00+00:00,6.0340,8.2583,7.9941,15.9326,5.5971
2020-08-12 19:00:00+00:00,7.0855,9.2129,9.0327,17.9135,7.6768
2020-08-12 20:00:00+00:00,4.1055,5.9890,5.4330,11.3912,8.5487
2020-08-12 21:00:00+00:00,4.3924,5.8101,5.5187,11.6104,9.2345
2020-08-12 22:00:00+00:00,3.2870,4.1127,3.8425,8.6848,5.3696
2020-08-12 23:00:00+00:00,2.8480,3.2299,3.1256,7.4129,2.3784
2020-08-13 00:00:00+00:00,0.8547,0.0619,0.2119,2.7043,8.2963
2020-08-13 01:00:00+00:00,1.0198,1.3058,0.1999,2.9755,23.9871
2020-08-13 02:00:00+00:00,1.5917,2.1390,1.3058,7.7277,20.6589
2020-08-13 03:00:00+00:00,0.3035,0.4736,0.0000,4.6598,16.3289
2020-08-13 04:00:00+00:00,1.0162,2.1202,1.2329,4.5792,0.0000
2020-08-13 05:00:00+00:00,4.4704,7.6405,5.3467,17.5525,0.0000
2020-08-13 06:00:00+00:00,4.4623,6.4212,4.7388,17.5801,0.0000
2020-08-13 07:00:00+00:00,3.4109,5.1082,3.7410,15.0168,0.0000
2020-08-13 08:00:00+00:00,3.0042,4.7137,3.2408,13.0572,0.0000
2020-08-13 09:00:00+00:00,2.1333,3.9000,2.1328,11.0824,0.0000
2020-08-13 10:00:00+00:00,2.5183,2.8880,1.6400,14.4651,0.0000
2020-08-13 11:00:00+00:00,2.2456,2.2780,1.5162,11.6041,0.0000
2020-08-13 12:00:00+00:00,0.1734,0.0000,0.0000,3.9744,0.0000
2020-08-13 13:00:00+00:00,0.0000,0.0000,0.0000,0.0000,0.0000
2020-08-13 14:00:00+00:00,0.0000,0.0000,0.0000,0.0000,0.0000
2020-08-13 15:00:00+00:00,0.0000,0.0000,0.0000,0.0000,0.0000
2020-08-13 16:00:00+00:00,0.0000,0.0000,0.0000,0.0000,0.0000
2020-08-13 17:00:00+00:00,0.4641,0.2508,0.2215,1.0683,0.0000
2020-08-13 18:00:00+00:00,1.0779,1.0581,1.6926,1.6236,0.8430
2020-08-13 19:00:00+00:00,0.8839,0.0000,1.3007,0.0000,2.7542
2020-08-13 20:00:00+00:00,1.6916,1.2591,2.4339,2.8776,5.4048
2020-08-13 21:00:00+00:00,0.5836,0.0000,1.1957,0.0000,6.3298
2020-08-13 22:00:00+00:00,0.0000,0.0000,0.0000,0.0000,11.7650
2020-08-13 23:00:00+00:00,0.0000,0.0000,0.0000,0.0000,11.5707
2020-08-14 00:00:00+00:00,0.0457,0.0000,0.2121,0.0000,10.1959
2020-08-14 01:00:00+00:00,1.1839,0.0000,1.4134,2.9693,8.2216
2020-08-14 02:00:00+00:00,0.0000,0.0000,0.0000,0.0000,8.3995
2020-08-14 03:00:00+00:00,0.0000,0.0000,0.0000,0.0000,2.4310
2020-08-14 04:00:00+00:00,0.0000,0.0000,0.0000,0.0000,1.3768
2020-08-14 05:00:00+00:00,0.0000,0.0000,0.0000,0.0000,0.0000
2020-08-14 06:00:00+00:00,0.0000,0.0000,0.4786,0.0000,0.0000
2020-08-14 07:00:00+00:00,0.0000,0.0000,0.0000,0.0000,0.0000
2020-08-14 08:00:00+00:00,0.0000,0.0000,0.0000,0.0000,0.0000
2020-08-14 09:00:00+00:00,0.0000,0.0000,0.0000,0.0000,0.0000
2020-08-14 10:00:00+00:00,0.0000,1.5131,0.3799,0.0000,0.0000
2020-08-14 11:00:00+00:00,1.2818,4.2322,3.1874,0.0000,0.0000
2020-08-14 12:00:00+00:00,0.0000,0.0000,0.0000,0.0000,0.0000
2020-08-14 13:00:00+00:00,0.0000,0.0000,0.8146,0.0000,0.0000
2020-08-14 14:00:00+00:00,2.0508,2.5143,3.0324,4.4638,1.8047
2020-08-14 15:00:00+00:00,4.4562,4.8989,6.2931,10.0445,6.5411
2020-08-14 16:00:00+00:00,4.0500,4.4488,5.6990,9.0297,10.8374
2020-08-14 17:00:00+00:00,4.8251,5.1853,6.7338,10.5836,12.0383
2020-08-14 18:00:00+00:00,4.0344,4.2882,5.6501,8.9096,13.8064
2020-08-14 19:00:00+00:00,3.0400,2.9463,4.2855,5.9850,24.7781
2020-08-14 20:00:00+00:00,2.6165,2.1685,3.5060,5.3367,31.9186
2020-08-14 21:00:00+00:00,2.8649,2.3382,3.9960,5.3983,39.8525
2020-08-14 22:00:00+00:00,5.3466,4.4351,7.5362,9.6673,48.7229
2020-08-14 23:00:00+00:00,2.4019,1.8372,3.4919,3.6679,33.0263
2020-08-15 00:00:00+00:00,1.0007,0.0000,1.5446,0.0000,21.1837
2020-08-15 01:00:00+00:00,0.3761,0.3828,1.4096,0.0000,13.9487
2020-08-15 02:00:00+00:00,0.0262,1.2559,1.3368,0.0000,5.1129
2020-08-15 03:00:00+00:00,1.8037,2.8084,3.9796,0.0000,0.0000
2020-08-15 04:00:00+00:00,2.8594,4.0890,5.5325,0.0000,0.0000
2020-08-15 05:00:00+00:00,4.4181,5.8392,8.5505,0.0000,0.0000
2020-08-15 06:00:00+00:00,4.1611,4.9533,8.0851,0.0000,0.0000
2020-08-15 07:00:00+00:00,4.1637,4.0480,7.1868,0.0000,5.1257
2020-08-15 08:00:00+00:00,4.4268,5.9995,7.9455,1.0501,12.0257
2020-08-15 09:00:00+00:00,3.4410,5.6380,6.5191,0.0000,20.5646
2020-08-15 10:00:00+00:00,1.2223,2.5398,3.2456,0.0000,30.1972
2020-08-15 11:00:00+00:00,1.0917,1.8568,2.9158,0.0000,29.9297
2020-08-15 12:00:00+00:00,0.5125,0.4212,1.7209,0.0000,18.6868
2020-08-15 13:00:00+00:00,0.0000,0.0000,0.0000,0.0000,9.0841
2020-08-15 14:00:00+00:00,0.7003,0.1294,0.0000,4.4490,4.8094
2020-08-15 15:00:00+00:00,2.3608,2.8514,2.4741,9.5269,4.6817
2020-08-15 16:00:00+00:00,5.2179,7.1179,6.5132,15.8652,14.2158
2020-08-15 17:00:00+00:00,5.5373,6.8115,6.2133,17.1161,18.8799
2020-08-15 18:00:00+00:00,8.7403,11.5727,11.1236,25.5847,21.8195
2020-08-15 19:00:00+00:00,8.6790,11.8588,11.4517,23.8902,17.6231
2020-08-15 20:00:00+00:00,10.0226,13.3129,13.3008,25.9879,10.3303
2020-08-15 21:00:00+00:00,8.9317,12.0133,11.7882,22.7895,11.3514
2020-08-15 22:00:00+00:00,7.0613,9.3261,8.8770,19.4567,17.3629
2020-08-15 23:00:00+00:00,6.6238,9.2593,9.0747,16.9404,18.4897
2020-08-16 00:00:00+00:00,5.1691,8.9989,7.4133,13.3681,18.8002
2020-08-16 01:00:00+00:00,7.6342,14.7368,14.5036,13.9457,30.8224
2020-08-16 02:00:00+00:00,6.1306,10.3467,10.4607,6.5326,39.8389
2020-08-16 03:00:00+00:00,7.2176,10.4318,9.4727,8.8230,41.5898
2020-08-16 04:00:00+00:00,25.3414,26.5891,22.6986,53.0577,33.6703
2020-08-16 05:00:00+00:00,40.1999,37.1492,34.5582,89.0580,33.9558
2020-08-16 06:00:00+00:00,42.2015,35.2668,38.4810,89.8734,34.0884
2020-08-16 07:00:00+00:00,50.8329,43.3621,44.4465,114.8976,35.6905
2020-08-16 08:00:00+00:00,53.5252,48.1224,47.4341,126.9477,37.0702
2020-08-16 09:00:00+00:00,49.8709,47.1407,42.7062,124.7173,36.0122
2020-08-16 10:00:00+00:00,30.2528,29.2223,28.6339,77.3878,25.8060
2020-08-16 11:00:00+00:00,20.0289,19.4245,21.7598,49.7538,32.0224
2020-08-16 12:00:00+00:00,10.9893,7.1048,10.6255,19.0278,30.2764
2020-08-16 13:00:00+00:00,8.2974,4.5869,10.5606,10.7075,34.9359
2020-08-16 14:00:00+00:00,3.4324,2.3474,4.3683,6.7871,27.6060
2020-08-16 15:00:00+00:00,4.7989,3.9424,4.7310,12.9671,19.1536
2020-08-16 16:00:00+00:00,6.9555,6.5025,7.8997,18.7208,18.2957
2020-08-16 17:00:00+00:00,8.2591,9.2149,10.6614,22.7942,13.7533
2020-08-16 18:00:00+00:00,6.6201,8.5246,9.2885,18.2965,20.3533
2020-08-16 19:00:00+00:00,10.8234,13.3788,14.6194,27.8219,10.9847
2020-08-16 20:00:00+00:00,13.2166,18.0448,19.5185,33.2618,11.3670
2020-08-16 21:00:00+00:00,13.7825,18.5600,19.4007,34.8989,10.7086
2020-08-16 22:00:00+00:00,20.4960,26.4267,27.1393,52.0387,13.9270
2020-08-16 23:00:00+00:00,21.3200,26.7464,29.9656,47.3388,12.2141
2020-08-17 00:00:00+00:00,29.1271,28.1095,39.1648,52.6819,5.3063
2020-08-17 01:00:00+00:00,23.5875,12.3141,21.0705,40.1594,12.5067
2020-08-17 02:00:00+00:00,22.5732,12.4686,18.4658,36.2843,21.1073
2020-08-17 03:00:00+00:00,41.3077,36.3583,40.7601,73.6548,17.0759
2020-08-17 04:00:00+00:00,47.1480,39.2632,44.1859,91.0174,23.0217
2020-08-17 05:00:00+00:00,35.1386,31.7162,30.8042,77.6875,19.4333
2020-08-17 06:00:00+00:00,30.2916,27.6016,24.5812,78.3007,14.8853
2020-08-17 07:00:00+00:00,23.7415,20.9938,17.8887,63.6396,2.8565
2020-08-17 08:00:00+00:00,2.7743,4.1372,0.0000,12.1984,3.9538
2020-08-17 09:00:00+00:00,2.0785,0.0000,0.0000,5.3740,5.0526
2020-08-17 10:00:00+00:00,6.0554,0.4538,2.9339,0.0000,2.5645
2020-08-17 11:00:00+00:00,5.2415,2.7918,4.6606,2.3835,0.0000
2020-08-17 12:00:00+00:00,4.0102,1.9796,4.0754,7.3946,0.4263
2020-08-17 13:00:00+00:00,1.9887,1.2472,1.7942,4.1341,0.0000
2020-08-17 14:00:00+00:00,0.0000,0.0000,0.0000,0.0000,0.0000
2020-08-17 15:00:00+00:00,0.4554,0.0000,0.1891,0.0000,5.1392
2020-08-17 16:00:00+00:00,0.0000,0.0000,0.0000,3.6167,0.4011
2020-08-17 17:00:00+00:00,5.4708,6.5334,6.2555,5.3949,7.8963
2020-08-17 18:00:00+00:00,0.0000,0.3343,0.0000,0.0000,12.2247
2020-08-17 19:00:00+00:00,0.0000,0.0000,0.0000,0.0000,23.5453
2020-08-17 20:00:00+00:00,0.9220,1.9893,1.6173,0.0000,21.1716
2020-08-17 21:00:00+00:00,0.0000,0.0000,0.0000,0.0000,16.2122
2020-08-17 22:00:00+00:00,0.0000,0.0000,0.0000,0.0000,19.7002
2020-08-17 23:00:00+00:00,0.0000,0.0000,0.0000,0.0000,29.6049
2020-08-18 00:00:00+00:00,0.0000,0.0000,0.0000,0.0000,29.8864
2020-08-18 01:00:00+00:00,0.0000,0.0000,0.0000,0.0000,29.8237
2020-08-18 02:00:00+00:00,0.0000,0.0000,0.0000,0.0000,15.8392
2020-08-18 03:00:00+00:00,0.9737,1.5049,0.2261,4.3155,12.2671
2020-08-18 04:00:00+00:00,3.9546,2.9217,4.3501,9.1693,0.0000
2020-08-18 05:00:00+00:00,6.1108,5.0556,6.3859,16.2504,4.8490
2020-08-18 06:00:00+00:00,10.5022,10.1988,10.1062,29.9800,2.7564
2020-08-18 07:00:00+00:00,7.3809,7.0647,6.8688,18.8132,8.3384
2020-08-18 08:00:00+00:00,5.3525,5.6210,4.5671,14.9534,8.1224
2020-08-18 09:00:00+00:00,7.2485,7.7057,7.0787,16.8354,14.6969
2020-08-18 10:00:00+00:00,13.5605,14.8707,11.8187,41.8177,24.8895
2020-08-18 11:00:00+00:00,20.0885,22.1429,17.8937,61.9395,21.7212
2020-08-18 12:00:00+00:00,15.9090,17.0047,13.9455,51.8692,13.6160
2020-08-18 13:00:00+00:00,11.4415,13.1192,11.1758,38.0601,16.1854
2020-08-18 14:00:00+00:00,10.2625,11.9326,11.4380,30.5238,14.3089
2020-08-18 15:00:00+00:00,8.8465,10.6371,10.8596,22.4650,12.8772
2020-08-18 16:00:00+00:00,13.9161,17.0668,17.3960,34.5626,20.0368
2020-08-18 17:00:00+00:00,22.7730,24.4214,28.6426,53.4986,18.8880
2020-08-18 18:00:00+00:00,14.6125,19.3524,18.6431,41.6406,21.3963
2020-08-18 19:00:00+00:00,10.6518,12.0746,13.5688,27.4634,25.7778
2020-08-18 20:00:00+00:00,13.9893,17.8415,17.9083,38.3559,21.4011
2020-08-18 21:00:00+00:00,13.5902,20.9251,17.3939,37.2309,16.2679
2020-08-18 22:00:00+00:00,10.5118,10.6809,12.1108,25.8469,20.2063
2020-08-18 23:00:00+00:00,5.4151,5.8975,5.9008,16.4096,5.9328
2020-08-19 00:00:00+00:00,3.4278,2.9798,3.1258,11.3140,0.0000
2020-08-19 01:00:00+00:00,3.6422,3.0806,3.1547,11.6772,3.2639
2020-08-19 02:00:00+00:00,3.1968,4.5476,3.8921,10.3128,0.0000
2020-08-19 03:00:00+00:00,11.4392,11.8026,13.5390,30.9947,1.7982
2020-08-19 04:00:00+00:00,12.2175,14.4558,14.0732,35.7918,2.2647
2020-08-19 05:00:00+00:00,9.1009,9.8263,9.7821,31.7228,0.0000
2020-08-19 06:00:00+00:00,9.6121,9.1272,9.6244,31.3891,0.0000
2020-08-19 07:00:00+00:00,11.5736,10.0803,11.2792,39.7187,0.0000
2020-08-19 08:00:00+00:00,7.8997,6.0357,7.4562,28.4272,0.0000
2020-08-19 09:00:00+00:00,4.6452,3.5100,3.9412,19.4533,0.4323
2020-08-19 10:00:00+00:00,8.8075,9.3246,8.2490,29.1988,0.0000
2020-08-19 11:00:00+00:00,6.5815,6.1336,5.6779,21.2444,0.0000
2020-08-19 12:00:00+00:00,4.4760,4.0273,3.9072,12.9544,0.5609
2020-08-19 13:00:00+00:00,7.5735,6.8406,7.5947,20.6423,0.0000
2020-08-19 14:00:00+00:00,7.5184,7.6158,8.0400,20.4447,0.0000
2020-08-19 15:00:00+00:00,9.2671,9.6092,10.5254,24.6272,3.8463
2020-08-19 16:00:00+00:00,14.8760,15.4705,17.9044,38.6802,7.5864
2020-08-19 17:00:00+00:00,12.4314,12.6852,14.7946,33.5482,11.8336
2020-08-19 18:00:00+00:00,11.3927,11.7787,13.1481,30.4656,14.5852
2020-08-19 19:00:00+00:00,12.9672,17.1014,16.9472,35.8041,13.9612
2020-08-19 20:00:00+00:00,11.8755,12.9169,13.8181,33.0902,14.3582
2020-08-19 21:00:00+00:00,11.1217,12.3518,12.8606,30.3897,14.7420
2020-08-19 22:00:00+00:00,10.8035,11.6897,12.4950,30.4544,16.8668
2020-08-19 23:00:00+00:00,7.3914,7.6408,7.8892,21.2800,9.5974
2020-08-20 00:00:00+00:00,4.4314,4.4271,4.7613,12.9399,6.4477
2020-08-20 01:00:00+00:00,4.4885,3.6785,4.5150,13.0826,4.6055
2020-08-20 02:00:00+00:00,7.2807,5.8953,7.7876,21.9103,0.0000
2020-08-20 03:00:00+00:00,6.7794,4.9264,6.6425,22.8161,0.0000
2020-08-20 04:00:00+00:00,3.8901,2.5196,3.2121,16.7533,0.0000
2020-08-20 05:00:00+00:00,2.2369,1.6028,1.5086,11.4698,0.0000
2020-08-20 06:00:00+00:00,1.0757,0.0000,0.0000,7.0859,0.0000
2020-08-20 07:00:00+00:00,0.0000,0.0000,0.0000,0.0000,0.0000
2020-08-20 08:00:00+00:00,0.0000,0.0000,0.0000,0.0000,0.0000
2020-08-20 09:00:00+00:00,0.0000,0.0000,0.0000,0.0000,0.0568
2020-08-20 10:00:00+00:00,0.0000,0.0000,0.0000,0.0000,0.0000
2020-08-20 11:00:00+00:00,0.0000,0.0000,0.0000,0.0000,0.0000
2020-08-20 12:00:00+00:00,0.0000,0.0000,0.0000,0.0000,0.0000
2020-08-20 13:00:00+00:00,0.0000,0.0000,0.0000,0.0000,0.0000
2020-08-20 14:00:00+00:00,0.0000,0.0000,0.0000,0.0000,0.0000
2020-08-20 15:00:00+00:00,0.0000,0.0000,0.0000,0.0000,1.6661
2020-08-20 16:00:00+00:00,0.0000,0.0000,0.0000,0.0000,7.0020
2020-08-20 17:00:00+00:00,1.7670,2.0393,1.9548,3.8017,9.1153
2020-08-20 18:00:00+00:00,0.0000,0.0000,0.0000,0.0000,8.4283
2020-08-20 19:00:00+00:00,0.0000,0.0000,0.0000,0.0000,18.9316
2020-08-20 20:00:00+00:00,0.0000,0.0000,0.0000,0.0000,24.1269
2020-08-20 21:00:00+00:00,0.0000,0.0000,0.0000,0.0000,14.9714
2020-08-20 22:00:00+00:00,0.0000,0.0000,0.0000,0.0000,6.8804
2020-08-20 23:00:00+00:00,0.0000,0.0000,0.0000,0.0000,1.5476
2020-08-21 00:00:00+00:00,0.0000,0.0000,0.0000,0.0000,0.0000
2020-08-21 01:00:00+00:00,1.4187,1.1923,0.2177,0.0000,0.0000
2020-08-21 02:00:00+00:00,5.1922,4.0252,4.2277,7.5614,13.9045
2020-08-21 03:00:00+00:00,10.7734,10.3980,10.1435,20.3436,13.8514
2020-08-21 04:00:00+00:00,17.7043,18.9760,17.6220,37.1443,14.5112
2020-08-21 05:00:00+00:00,40.1150,47.0269,42.1630,92.6336,12.5280
2020-08-21 06:00:00+00:00,71.5763,68.0320,76.6302,168.1214,11.2894
2020-08-21 07:00:00+00:00,58.0469,56.9490,59.3727,161.8354,7.2233
2020-08-21 08:00:00+00:00,36.8417,30.4210,38.7905,84.2334,6.3933
2020-08-21 09:00:00+00:00,32.3167,26.3873,34.8413,70.3173,12.1173
2020-08-21 10:00:00+00:00,58.8083,57.1357,59.8918,157.6086,22.6895
2020-08-21 11:00:00+00:00,62.4641,61.0871,61.9919,172.3960,31.5381
2020-08-21 12:00:00+00:00,34.1959,38.7061,32.9170,108.0528,33.2862
2020-08-21 13:00:00+00:00,36.3649,33.1907,33.4135,107.7704,21.9106
2020-08-21 14:00:00+00:00,28.5599,29.6852,30.2568,78.8006,14.4622
2020-08-21 15:00:00+00:00,25.5112,29.5561,26.3473,73.4848,13.5368
2020-08-21 16:00:00+00:00,23.4158,26.1684,25.2606,69.3681,20.8244
2020-08-21 17:00:00+00:00,15.1478,17.8134,15.4042,42.6942,30.2270
2020-08-21 18:00:00+00:00,10.5760,10.3029,10.2785,30.0545,12.6325
2020-08-21 19:00:00+00:00,11.1223,10.7139,10.2274,34.9536,13.7827
2020-08-21 20:00:00+00:00,11.5877,10.7307,12.0252,31.0420,18.6447
2020-08-21 21:00:00+00:00,4.6475,4.5762,4.7715,13.2338,22.3092
2020-08-21 22:00:00+00:00,3.2853,2.7211,2.8302,9.1531,16.4240
2020-08-21 23:00:00+00:00,1.1304,0.5355,1.2106,2.6857,13.6555
2020-08-22 00:00:00+00:00,0.0000,0.0000,0.0000,0.0000,7.5516
2020-08-22 01:00:00+00:00,0.0000,0.0000,0.0000,0.0000,0.0000
2020-08-22 02:00:00+00:00,0.0000,0.0000,0.0000,0.0000,0.0000
2020-08-22 03:00:00+00:00,0.0000,0.0000,0.0000,0.0000,0.0000
2020-08-22 04:00:00+00:00,0.2708,0.5579,0.0000,2.7754,0.0000
2020-08-22 05:00:00+00:00,0.9722,0.7806,0.0000,3.8970,0.0000
2020-08-22 06:00:00+00:00,0.2735,0.0428,0.0000,1.0467,0.0000
2020-08-22 07:00:00+00:00,0.4989,0.4961,0.0000,2.8831,1.5674
2020-08-22 08:00:00+00:00,0.9137,0.7524,0.7049,3.4452,7.5884
2020-08-22 09:00:00+00:00,0.0000,0.0000,0.0000,0.0000,5.4129
2020-08-22 10:00:00+00:00,0.0000,0.0000,0.0000,1.3731,2.1440
2020-08-22 11:00:00+00:00,0.0000,0.0000,0.0000,0.0000,5.2803
2020-08-22 12:00:00+00:00,0.0000,0.0000,0.0000,0.0000,2.4975
2020-08-22 13:00:00+00:00,0.0000,0.0000,0.0000,0.0000,0.0000
2020-08-22 14:00:00+00:00,0.0000,0.0000,0.0000,0.0000,0.0000
2020-08-22 15:00:00+00:00,1.5085,1.3082,1.6812,3.1963,0.0000
2020-08-22 16:00:00+00:00,2.1196,2.5323,2.5580,4.7766,0.0000
2020-08-22 17:00:00+00:00,2.5777,4.9786,3.6985,6.0840,3.8260
2020-08-22 18:00:00+00:00,1.8019,3.2431,2.5559,3.9859,7.7013
2020-08-22 19:00:00+00:00,1.9655,3.7841,2.8691,4.8055,9.3347
2020-08-22 20:00:00+00:00,2.9124,4.4038,4.0642,7.9028,12.1787
2020-08-22 21:00:00+00:00,3.0328,4.4237,3.9187,8.4527,7.3727
2020-08-22 22:00:00+00:00,0.7283,0.0000,0.4046,1.4967,6.7719
2020-08-22 23:00:00+00:00,0.0000,0.0000,0.0000,0.0000,2.1660
2020-08-23 00:00:00+00:00,0.0000,0.0000,0.0000,0.0000,0.0000
2020-08-23 01:00:00+00:00,0.0000,0.0000,0.0000,0.0000,0.0000
2020-08-23 02:00:00+00:00,0.0000,0.0000,0.0000,0.0000,0.0000
2020-08-23 03:00:00+00:00,0.0000,0.0000,0.0000,0.0000,0.0000
2020-08-23 04:00:00+00:00,0.0000,1.1911,2.0471,2.0934,0.0000
2020-08-23 05:00:00+00:00,1.9743,3.5101,3.3471,7.5507,0.7894
2020-08-23 06:00:00+00:00,1.0142,2.5085,1.2909,6.7102,4.0240
2020-08-23 07:00:00+00:00,1.6407,2.6561,3.0511,6.6904,15.9616
2020-08-23 08:00:00+00:00,0.0000,0.0000,1.3662,2.1808,19.1104
2020-08-23 09:00:00+00:00,2.1871,2.4271,3.6491,8.4541,21.7130
2020-08-23 10:00:00+00:00,2.1916,3.8793,2.1501,11.8490,8.5028
2020-08-23 11:00:00+00:00,6.5454,5.5685,5.7740,20.7110,11.9303
2020-08-23 12:00:00+00:00,9.5038,15.4690,5.4906,29.5433,4.1269
2020-08-23 13:00:00+00:00,10.5035,10.4162,7.2536,38.9121,0.0000
2020-08-23 14:00:00+00:00,7.4347,6.8544,4.9466,19.3831,0.0000
2020-08-23 15:00:00+00:00,5.0968,3.1645,3.4982,12.7961,0.0000
2020-08-23 16:00:00+00:00,4.6140,3.7792,4.1386,11.2582,2.1557
2020-08-23 17:00:00+00:00,3.5324,3.7674,3.6112,8.9296,8.0610
2020-08-23 18:00:00+00:00,3.3868,3.3194,3.9702,7.8614,10.3535
2020-08-23 19:00:00+00:00,1.5975,1.7194,1.8017,3.5209,11.8203
2020-08-23 20:00:00+00:00,1.5427,1.8342,1.9192,3.7738,15.0923
2020-08-23 21:00:00+00:00,1.5833,1.9262,1.7963,4.1798,8.0418
2020-08-23 22:00:00+00:00,0.0000,0.0000,0.0000,0.0000,3.5881
2020-08-23 23:00:00+00:00,0.0000,0.0000,0.0000,0.0000,0.7621
2020-08-24 00:00:00+00:00,0.0000,0.0000,0.0000,0.0000,0.0000
2020-08-24 01:00:00+00:00,0.0000,0.0000,0.0000,0.0000,0.0000
2020-08-24 02:00:00+00:00,0.0000,0.0000,0.0000,0.0000,0.2064
2020-08-24 03:00:00+00:00,5.5666,3.9898,7.9580,9.4301,5.0221
2020-08-24 04:00:00+00:00,5.5881,6.8702,7.6727,11.6984,4.9602
2020-08-24 05:00:00+00:00,0.0000,0.0000,1.6368,0.0000,7.0614
2020-08-24 06:00:00+00:00,0.0000,2.4424,0.0000,0.0000,2.9878
2020-08-24 07:00:00+00:00,12.5965,15.6241,19.0800,29.0511,0.8901
2020-08-24 08:00:00+00:00,12.3480,7.6058,16.8607,23.2532,9.7975
2020-08-24 09:00:00+00:00,0.0000,0.0000,0.0000,2.2890,19.6181
2020-08-24 10:00:00+00:00,2.3869,0.0000,2.5813,0.0000,13.8435
2020-08-24 11:00:00+00:00,7.5402,2.9962,7.2026,9.4376,17.4189
2020-08-24 12:00:00+00:00,2.7809,0.8299,1.7979,11.0394,9.7856
2020-08-24 13:00:00+00:00,1.4162,0.0000,0.4266,0.0000,5.8758
2020-08-24 14:00:00+00:00,2.8773,1.0457,2.8837,0.0000,12.2682
2020-08-24 15:00:00+00:00,3.4712,1.6455,3.5625,4.9465,14.0937
2020-08-24 16:00:00+00:00,3.3703,2.0444,3.4572,6.0677,19.2120
2020-08-24 17:00:00+00:00,3.7142,2.7662,4.4543,7.1916,27.0398
2020-08-24 18:00:00+00:00,8.3964,8.1425,10.7089,18.5300,24.1652
2020-08-24 19:00:00+00:00,1.1819,1.1094,1.6454,1.5938,25.0301
2020-08-24 20:00:00+00:00,1.2824,0.0000,1.7883,0.0000,33.8575
2020-08-24 21:00:00+00:00,5.4983,2.1590,6.8802,8.7958,31.4994
2020-08-24 22:00:00+00:00,0.0000,0.0000,0.0000,0.0000,34.8304
2020-08-24 23:00:00+00:00,0.0000,0.0000,0.0000,0.0000,30.8787
2020-08-25 00:00:00+00:00,0.0000,0.0000,0.0000,0.0000,15.6593
2020-08-25 01:00:00+00:00,0.6046,0.0000,0.0000,0.0000,26.3713
2020-08-25 02:00:00+00:00,2.0283,2.1767,1.0775,6.2673,31.5064
2020-08-25 03:00:00+00:00,14.7962,0.8826,10.5877,0.0000,35.1521
2020-08-25 04:00:00+00:00,41.7750,72.7884,68.8130,56.8735,67.0407
2020-08-25 05:00:00+00:00,72.8672,70.8050,81.2566,184.8552,59.9686
2020-08-25 06:00:00+00:00,73.5989,67.1721,79.7593,189.6583,43.9922
2020-08-25 07:00:00+00:00,66.5656,59.2620,73.3224,163.6301,54.1860
2020-08-25 08:00:00+00:00,56.6623,55.4602,61.9304,141.8221,41.4054
2020-08-25 09:00:00+00:00,61.5464,65.7954,67.1988,169.7553,76.4320
2020-08-25 10:00:00+00:00,47.7275,49.5860,50.0547,133.1126,75.7085
2020-08-25 11:00:00+00:00,62.9429,62.7025,65.0766,171.7474,75.0485
2020-08-25 12:00:00+00:00,59.0666,64.9602,65.4754,158.8260,75.5695
2020-08-25 13:00:00+00:00,76.6316,79.3040,83.4850,204.4997,77.0694
2020-08-25 14:00:00+00:00,70.0372,70.2873,72.8603,200.4142,61.0139
2020-08-25 15:00:00+00:00,34.2258,33.5858,39.0524,92.8224,75.6716
2020-08-25 16:00:00+00:00,39.5108,34.9947,46.6382,90.7171,76.0285
2020-08-25 17:00:00+00:00,54.2111,56.0305,66.2462,130.6133,76.1656
2020-08-25 18:00:00+00:00,47.9729,59.6602,58.9747,128.7411,72.9693
2020-08-25 19:00:00+00:00,68.2919,81.3501,87.6476,171.3405,77.0711
2020-08-25 20:00:00+00:00,70.4404,80.1191,88.5046,179.2762,78.2126
2020-08-25 21:00:00+00:00,61.7808,74.2299,79.4680,158.0437,77.3645
2020-08-25 22:00:00+00:00,59.4695,74.4217,77.5750,153.1638,78.8566
2020-08-25 23:00:00+00:00,63.6700,71.3635,78.5473,168.3333,77.3116
2020-08-26 00:00:00+00:00,47.6728,52.4768,57.2761,131.0378,59.8218
2020-08-26 01:00:00+00:00,43.7408,45.6985,51.6472,119.3389,76.6116
2020-08-26 02:00:00+00:00,25.2058,25.0832,27.5804,74.4081,40.3390
2020-08-26 03:00:00+00:00,15.6959,12.6741,17.8385,40.0639,23.1858
2020-08-26 04:00:00+00:00,17.5790,15.9512,21.2148,44.1513,28.3888
2020-08-26 05:00:00+00:00,18.6171,18.4588,22.3003,49.6895,28.2437
2020-08-26 06:00:00+00:00,15.8889,17.6130,18.9733,44.6342,16.1618
2020-08-26 07:00:00+00:00,14.5081,16.0621,17.2009,42.0038,11.8733
2020-08-26 08:00:00+00:00,12.3890,14.2791,14.7690,34.2623,14.1144
2020-08-26 09:00:00+00:00,17.0957,19.2420,21.0993,44.4227,21.6111
2020-08-26 10:00:00+00:00,16.5752,20.5435,19.5529,45.6301,15.4786
2020-08-26 11:00:00+00:00,13.0732,15.2391,15.4494,35.3447,20.3706
2020-08-26 12:00:00+00:00,17.8647,19.0078,21.0962,51.6168,8.7353
2020-08-26 13:00:00+00:00,17.2392,17.9038,19.8373,46.2746,10.2171
2020-08-26 14:00:00+00:00,17.4710,19.4599,20.5260,46.8803,9.0207
2020-08-26 15:00:00+00:00,26.5627,30.9255,31.7377,71.5823,13.7643
2020-08-26 16:00:00+00:00,29.6723,34.6495,35.6180,82.0303,15.4176
2020-08-26 17:00:00+00:00,34.8985,40.9117,42.0876,96.3960,17.9918
2020-08-26 18:00:00+00:00,41.6003,47.8527,50.4101,112.5210,20.2136
2020-08-26 19:00:00+00:00,46.2687,51.2305,55.0689,120.5217,16.7514
2020-08-26 20:00:00+00:00,39.3349,45.1175,48.5621,106.8403,15.3598
2020-08-26 21:00:00+00:00,34.0432,37.8245,41.0076,91.9513,16.8378
2020-08-26 22:00:00+00:00,22.3989,25.2633,26.5977,60.4273,15.7246
2020-08-26 23:00:00+00:00,14.4607,16.4997,17.3765,40.3484,10.3293
2020-08-27 00:00:00+00:00,9.7612,9.8399,10.7286,26.3909,11.0923
2020-08-27 01:00:00+00:00,8.7535,9.3766,9.9377,21.8538,14.6166
2020-08-27 02:00:00+00:00,7.4049,6.0222,7.5972,22.3116,25.1283
2020-08-27 03:00:00+00:00,2.6281,2.2243,2.1187,9.4473,9.2798
2020-08-27 04:00:00+00:00,1.3467,1.2586,0.3635,7.4287,0.0417
2020-08-27 05:00:00+00:00,0.0000,0.0000,0.0000,0.0000,0.0000
2020-08-27 06:00:00+00:00,0.0000,0.0000,0.0000,0.0000,0.5893
2020-08-27 07:00:00+00:00,0.7899,1.3318,0.6441,3.8435,2.1297
2020-08-27 08:00:00+00:00,1.5310,2.1562,2.2224,5.3620,5.2031
2020-08-27 09:00:00+00:00,1.4490,1.7798,1.8333,4.4056,3.4557
2020-08-27 10:00:00+00:00,0.0000,0.0000,0.0000,0.0000,6.8398
2020-08-27 11:00:00+00:00,0.0000,0.0000,0.0000,0.0000,7.4501
2020-08-27 12:00:00+00:00,0.0000,0.0000,0.0000,0.0000,6.2289
2020-08-27 13:00:00+00:00,0.0000,0.0000,0.0000,0.0000,0.0000
2020-08-27 14:00:00+00:00,0.0000,0.0000,0.0000,0.0000,4.1873
2020-08-27 15:00:00+00:00,0.0000,0.0000,0.0000,0.0000,4.3522
2020-08-27 16:00:00+00:00,0.0000,0.0000,0.0000,0.0000,0.0000
2020-08-27 17:00:00+00:00,0.0000,0.0000,0.0000,0.0000,0.0000
2020-08-27 18:00:00+00:00,0.0000,0.0000,0.0000,0.0000,0.0000
2020-08-27 19:00:00+00:00,0.0000,0.0000,0.0000,0.0000,0.0000
2020-08-27 20:00:00+00:00,0.0000,0.0000,0.0000,0.0000,0.0000
2020-08-27 21:00:00+00:00,0.0000,0.0000,0.0000,0.0000,0.0000
2020-08-27 22:00:00+00:00,0.0000,0.0000,0.0000,0.0000,0.0000
2020-08-27 23:00:00+00:00,0.0000,0.0000,0.0000,0.0000,0.0000
2020-08-28 00:00:00+00:00,0.0000,0.0000,0.0000,0.0000,0.0000
2020-08-28 01:00:00+00:00,0.0000,0.0000,0.0000,0.0000,4.0457
2020-08-28 02:00:00+00:00,0.0000,0.0000,0.0000,3.1241,8.5869
2020-08-28 03:00:00+00:00,0.0000,0.0000,0.0000,0.0000,6.7755
2020-08-28 04:00:00+00:00,0.0000,0.0000,0.0000,3.2084,3.1512
2020-08-28 05:00:00+00:00,2.9914,3.3522,2.4406,13.6242,2.9688
2020-08-28 06:00:00+00:00,5.9968,6.6258,5.7167,24.7036,3.6344
2020-08-28 07:00:00+00:00,6.3665,7.0401,5.8456,25.5479,1.6577
2020-08-28 08:00:00+00:00,5.8141,6.3397,5.2605,22.9749,1.0108
2020-08-28 09:00:00+00:00,5.5196,6.3111,5.1277,21.6247,0.0000
2020-08-28 10:00:00+00:00,12.2496,14.3510,12.2880,42.4565,0.2753
2020-08-28 11:00:00+00:00,16.3550,19.3073,16.2525,55.7379,2.2792
2020-08-28 12:00:00+00:00,16.7317,18.4104,15.1088,56.4954,0.0000
2020-08-28 13:00:00+00:00,14.9952,15.4908,13.6675,48.8903,0.0000
2020-08-28 14:00:00+00:00,9.2214,9.3568,8.1670,30.0422,0.0000
2020-08-28 15:00:00+00:00,7.2709,8.1941,7.2566,22.5372,4.3053
2020-08-28 16:00:00+00:00,5.7547,7.3438,6.3340,16.9778,2.7849
2020-08-28 17:00:00+00:00,4.9633,6.8339,5.9501,14.5230,0.0000
2020-08-28 18:00:00+00:00,2.9831,3.9643,3.4747,8.4420,0.0000
2020-08-28 19:00:00+00:00,2.2604,3.0373,2.5786,6.3636,0.0000
2020-08-28 20:00:00+00:00,2.0150,2.9338,2.2869,5.6341,0.0000
2020-08-28 21:00:00+00:00,0.8904,1.6671,0.3394,3.0717,0.0000
2020-08-28 22:00:00+00:00,1.0515,1.5658,1.0761,3.8775,0.0000
2020-08-28 23:00:00+00:00,0.0000,0.0000,0.0000,0.0000,0.0000
2020-08-29 00:00:00+00:00,0.0000,0.0000,0.0000,0.0000,0.0000
2020-08-29 01:00:00+00:00,0.0000,0.0000,0.0000,0.0000,0.0000
2020-08-29 02:00:00+00:00,0.0000,0.0000,0.0000,0.0000,0.0000
2020-08-29 03:00:00+00:00,0.0000,0.0000,0.0000,0.0000,0.0000
2020-08-29 04:00:00+00:00,0.2645,0.0000,1.5193,0.0000,0.0000
2020-08-29 05:00:00+00:00,12.6846,19.7310,18.5149,24.8981,5.8254
2020-08-29 06:00:00+00:00,13.0633,22.0254,20.6465,20.1659,25.5934
2020-08-29 07:00:00+00:00,18.4289,33.2533,31.6678,29.8609,34.7667
2020-08-29 08:00:00+00:00,20.3206,30.9562,32.0538,17.6729,56.3536
2020-08-29 09:00:00+00:00,8.1462,30.4648,20.1929,17.5334,23.6530
2020-08-29 10:00:00+00:00,37.7744,66.2152,45.2259,27.0937,12.3949
2020-08-29 11:00:00+00:00,50.9462,41.1077,54.6852,70.0461,8.9198
2020-08-29 12:00:00+00:00,79.1762,89.2534,101.3956,198.0282,5.6474
2020-08-29 13:00:00+00:00,76.6602,57.5453,100.9176,132.5316,10.3949
2020-08-29 14:00:00+00:00,69.4771,69.5803,62.9309,107.7557,7.4910
2020-08-29 15:00:00+00:00,23.3938,18.0626,23.4102,46.2463,27.8561
2020-08-29 16:00:00+00:00,9.9926,7.1547,12.9706,15.7503,28.5095
2020-08-29 17:00:00+00:00,22.4370,19.7450,27.0821,40.9059,51.2773
2020-08-29 18:00:00+00:00,23.6842,11.5641,28.6626,42.3959,42.4017
2020-08-29 19:00:00+00:00,43.7723,43.8932,52.1614,82.5783,67.6240
2020-08-29 20:00:00+00:00,60.9100,18.7547,79.9161,113.1120,71.2136
2020-08-29 21:00:00+00:00,43.5276,34.5762,47.4293,149.3817,79.4148
2020-08-29 22:00:00+00:00,30.3880,3.8848,29.3756,58.0706,79.9000
2020-08-29 23:00:00+00:00,26.4055,0.0000,20.0820,48.9140,79.9000
2020-08-30 00:00:00+00:00,18.6209,14.7209,22.2492,35.2633,79.9000
2020-08-30 01:00:00+00:00,79.8161,98.6524,105.4298,213.8853,79.9000
2020-08-30 02:00:00+00:00,81.0000,100.5000,106.5000,215.2000,79.3738
2020-08-30 03:00:00+00:00,80.7023,96.8870,102.9890,215.2000,59.1422
2020-08-30 04:00:00+00:00,80.1019,97.8577,102.9904,215.2000,52.7010
2020-08-30 05:00:00+00:00,80.7609,98.2859,103.7822,215.2000,62.5083
2020-08-30 06:00:00+00:00,79.8934,97.4877,102.3341,214.9837,40.9413
2020-08-30 07:00:00+00:00,81.0000,99.0785,104.9630,215.2000,44.0706
2020-08-30 08:00:00+00:00,80.4423,97.1906,103.4160,215.2000,34.7555
2020-08-30 09:00:00+00:00,76.6431,83.4651,88.3506,206.0489,39.5532
2020-08-30 10:00:00+00:00,50.4721,50.7262,56.5650,142.1175,32.8059
2020-08-30 11:00:00+00:00,44.9131,44.5969,52.2610,123.7729,29.2560
2020-08-30 12:00:00+00:00,46.5805,50.2920,55.4475,130.9631,31.5581
2020-08-30 13:00:00+00:00,43.8920,49.9770,52.3686,120.5511,37.2902
2020-08-30 14:00:00+00:00,43.1516,50.3135,52.1705,120.6503,34.0458
2020-08-30 15:00:00+00:00,42.3641,47.6991,51.5464,113.1006,27.5203
2020-08-30 16:00:00+00:00,38.6525,43.0471,47.0840,102.7975,26.9595
2020-08-30 17:00:00+00:00,40.5681,43.9749,50.0199,105.6350,23.1026
2020-08-30 18:00:00+00:00,34.3644,36.6742,42.1940,87.4072,14.9437
2020-08-30 19:00:00+00:00,33.2383,35.0417,40.4504,86.4114,12.3527
2020-08-30 20:00:00+00:00,35.2852,37.2270,43.3706,90.6960,14.8577
2020-08-30 21:00:00+00:00,33.2237,35.9583,39.8694,87.1189,13.7088
2020-08-30 22:00:00+00:00,23.3302,25.5489,28.3091,61.6092,7.7901
2020-08-30 23:00:00+00:00,23.1648,24.8235,28.3173,58.7397,8.9842
2020-08-31 00:00:00+00:00,17.0942,17.7849,19.4678,44.3034,7.3707
2020-08-31 01:00:00+00:00,17.2053,20.1766,20.2174,44.8191,6.4159
2020-08-31 02:00:00+00:00,11.0006,10.0207,12.4334,29.7759,7.9058
2020-08-31 03:00:00+00:00,6.2656,4.1722,5.9574,18.4253,2.8251
2020-08-31 04:00:00+00:00,2.8065,1.2950,2.0961,9.4215,0.0000
2020-08-31 05:00:00+00:00,2.2418,0.8371,1.8291,8.6732,0.0000
2020-08-31 06:00:00+00:00,1.3447,0.3765,0.6319,6.7706,0.0000
2020-08-31 07:00:00+00:00,1.0221,0.0000,0.0000,6.3979,0.0000
2020-08-31 08:00:00+00:00,0.0000,0.0000,0.0000,4.2546,0.0000
2020-08-31 09:00:00+00:00,0.0000,0.0000,0.0000,0.0000,0.0000
2020-08-31 10:00:00+00:00,0.0000,0.0000,0.0000,0.0000,0.0000
2020-08-31 11:00:00+00:00,0.0000,0.0000,0.0000,0.0000,0.0000
2020-08-31 12:00:00+00:00,0.0000,0.0000,0.0000,0.0000,2.5577
2020-08-31 13:00:00+00:00,0.0000,0.0000,0.0000,0.0000,0.0000
2020-08-31 14:00:00+00:00,0.0000,0.0000,0.0000,0.0000,0.0000
2020-08-31 15:00:00+00:00,0.0000,0.0000,0.0000,0.0000,0.0000
2020-08-31 16:00:00+00:00,0.0000,0.0000,0.0000,0.0000,0.0000
2020-08-31 17:00:00+00:00,0.0000,0.0000,0.0000,0.0000,0.0000
2020-08-31 18:00:00+00:00,0.0000,0.0000,0.0000,0.0000,0.0000
2020-08-31 19:00:00+00:00,0.0000,0.0000,0.0000,0.0000,0.0000
2020-08-31 20:00:00+00:00,0.0000,0.0000,0.0000,0.0000,8.7086
2020-08-31 21:00:00+00:00,0.0000,0.0000,0.0000,0.0000,7.4223
2020-08-31 22:00:00+00:00,0.0000,0.0000,0.0000,0.0000,8.0265
2020-08-31 23:00:00+00:00,3.4612,2.7243,3.8937,8.7030,11.9964
2020-09-01 00:00:00+00:00,3.9812,8.1215,7.3085,7.6077,16.4277
2020-09-01 01:00:00+00:00,9.5688,11.0827,13.5755,6.8221,29.9502
2020-09-01 02:00:00+00:00,16.9692,22.7257,24.5816,25.3131,37.8598
2020-09-01 03:00:00+00:00,18.3144,24.6205,26.9930,30.2963,57.8856
2020-09-01 04:00:00+00:00,26.7642,32.5058,36.3942,38.8717,47.3112
2020-09-01 05:00:00+00:00,57.0940,58.4075,60.4118,87.7791,22.5030
2020-09-01 06:00:00+00:00,58.7850,61.2158,48.8690,169.0646,17.8561
2020-09-01 07:00:00+00:00,49.8702,47.5271,42.6831,153.5730,12.7559
2020-09-01 08:00:00+00:00,53.0245,53.1401,46.0896,140.8066,15.6065
2020-09-01 09:00:00+00:00,61.2612,65.1058,61.7811,158.3612,20.9627
2020-09-01 10:00:00+00:00,71.2802,78.8666,54.6272,203.7773,22.4134
2020-09-01 11:00:00+00:00,61.5270,58.6553,44.6697,159.7253,20.4965
2020-09-01 12:00:00+00:00,37.2719,30.4858,21.3366,95.2613,26.0611
2020-09-01 13:00:00+00:00,19.7496,25.2875,18.5349,56.9305,22.5262
2020-09-01 14:00:00+00:00,25.8497,24.8079,19.8616,65.5347,22.0128
2020-09-01 15:00:00+00:00,32.4026,31.6698,32.4040,73.8161,37.1198
2020-09-01 16:00:00+00:00,30.0495,25.2863,32.6964,63.3172,44.2305
2020-09-01 17:00:00+00:00,35.0114,27.6738,38.4701,71.4743,58.5725
2020-09-01 18:00:00+00:00,47.0071,41.0025,55.9882,94.9396,43.9797
2020-09-01 19:00:00+00:00,37.1382,38.9963,48.0407,70.9318,54.5501
2020-09-01 20:00:00+00:00,38.9518,37.1687,47.7335,75.3811,39.6673
2020-09-01 21:00:00+00:00,33.9370,33.3152,42.9494,66.8304,33.3883
2020-09-01 22:00:00+00:00,35.1205,36.4578,44.8358,60.7527,32.3502
2020-09-01 23:00:00+00:00,37.8282,25.4539,40.1917,55.8641,36.2208
2020-09-02 00:00:00+00:00,33.0239,18.6539,34.3900,31.9687,26.3990
2020-09-02 01:00:00+00:00,58.3100,37.6935,56.8654,62.5674,26.6104
2020-09-02 02:00:00+00:00,69.4934,61.8261,62.5697,125.2751,36.9403
2020-09-02 03:00:00+00:00,62.6969,57.0720,53.0946,127.4802,44.0117
2020-09-02 04:00:00+00:00,63.2343,57.8536,54.1359,132.3591,36.8352
2020-09-02 05:00:00+00:00,60.2838,56.2215,50.2606,118.3965,40.2575
2020-09-02 06:00:00+00:00,59.0436,55.7666,50.9326,123.9877,43.7216
2020-09-02 07:00:00+00:00,66.2853,64.9679,57.7641,126.5767,36.3608
2020-09-02 08:00:00+00:00,53.8854,50.2327,50.1868,95.7979,50.0805
2020-09-02 09:00:00+00:00,45.7266,36.5134,39.8552,78.8614,31.8945
2020-09-02 10:00:00+00:00,76.1597,89.5241,76.1284,157.7664,45.7077
2020-09-02 11:00:00+00:00,79.3004,95.1555,98.2683,156.9962,42.3252
2020-09-02 12:00:00+00:00,79.6845,97.8644,99.4874,201.9588,74.8507
2020-09-02 13:00:00+00:00,73.1358,95.5884,72.8640,181.3702,76.3561
2020-09-02 14:00:00+00:00,79.9346,98.1161,101.7668,208.4388,79.8588
2020-09-02 15:00:00+00:00,81.0000,99.9895,104.0224,215.2000,79.8986
2020-09-02 16:00:00+00:00,80.4991,97.1015,102.4734,210.7692,79.4321
2020-09-02 17:00:00+00:00,80.1865,96.3382,103.6622,209.3433,79.1191
2020-09-02 18:00:00+00:00,79.7314,96.7026,104.0986,207.8978,77.7925
2020-09-02 19:00:00+00:00,79.9996,97.1052,104.6621,207.9725,77.0185
2020-09-02 20:00:00+00:00,78.7522,95.0745,102.4799,204.6514,76.2557
2020-09-02 21:00:00+00:00,78.0414,95.3881,101.5741,200.0751,31.8740
2020-09-02 22:00:00+00:00,80.6258,98.4116,104.4411,210.5712,43.1082
2020-09-02 23:00:00+00:00,77.9251,95.0113,94.7385,207.2551,41.1925
2020-09-03 00:00:00+00:00,60.2580,48.0033,58.3990,164.5618,49.0173
2020-09-03 01:00:00+00:00,28.9398,41.9906,29.5999,86.0188,22.8412
2020-09-03 02:00:00+00:00,51.9474,56.1857,58.2251,142.1826,31.4714
2020-09-03 03:00:00+00:00,19.7482,25.2569,24.6090,53.0553,38.6126
2020-09-03 04:00:00+00:00,17.3324,21.8669,19.7983,45.4158,32.2936
2020-09-03 05:00:00+00:00,16.6455,18.4308,17.6070,46.3209,22.5025
2020-09-03 06:00:00+00:00,14.2323,15.1040,14.6893,44.6063,11.5056
2020-09-03 07:00:00+00:00,14.8379,15.0281,14.3112,48.1871,7.6528
2020-09-03 08:00:00+00:00,7.9124,6.5508,6.7235,29.7062,3.0061
2020-09-03 09:00:00+00:00,6.8268,6.7856,6.3070,24.8237,0.0000
2020-09-03 10:00:00+00:00,7.0398,8.0199,7.4235,25.7016,0.0000
2020-09-03 11:00:00+00:00,4.9346,6.3477,5.2466,17.2513,0.0000
2020-09-03 12:00:00+00:00,1.7651,2.0210,1.4279,5.7763,0.0000
2020-09-03 13:00:00+00:00,0.0000,0.0000,0.0000,0.0000,0.0000
2020-09-03 14:00:00+00:00,0.0000,0.0000,0.0000,0.0000,0.0000
2020-09-03 15:00:00+00:00,0.0000,0.0000,0.0000,0.0000,0.0000
2020-09-03 16:00:00+00:00,0.0000,0.0000,0.0000,0.0000,3.8173
2020-09-03 17:00:00+00:00,0.0000,0.0000,0.0000,0.0000,8.8811
2020-09-03 18:00:00+00:00,0.3790,0.0000,0.0000,0.0000,18.9257
2020-09-03 19:00:00+00:00,0.0000,0.0000,0.0000,0.0000,13.7446
2020-09-03 20:00:00+00:00,1.0392,0.0000,0.3062,0.0000,17.3985
2020-09-03 21:00:00+00:00,2.8139,1.1825,3.1210,4.0633,11.4730
2020-09-03 22:00:00+00:00,8.5994,9.4142,11.7114,19.5481,24.9470
2020-09-03 23:00:00+00:00,10.5299,13.1758,14.3453,22.6840,17.7895
2020-09-04 00:00:00+00:00,11.0228,12.5223,14.2150,17.1803,16.4509
2020-09-04 01:00:00+00:00,32.2856,31.2796,35.5935,54.9689,23.7117
2020-09-04 02:00:00+00:00,39.3452,31.4374,34.9010,66.5670,34.0743
2020-09-04 03:00:00+00:00,53.0859,51.3328,42.9582,146.2075,44.2789
2020-09-04 04:00:00+00:00,54.7704,57.7318,62.3425,166.9801,53.2305
2020-09-04 05:00:00+00:00,77.1593,86.7791,102.1263,191.2031,30.3361
2020-09-04 06:00:00+00:00,58.1147,74.7523,87.7317,124.6313,17.1236
2020-09-04 07:00:00+00:00,50.6079,62.0163,74.7280,119.3147,22.1067
2020-09-04 08:00:00+00:00,46.4737,54.0993,65.2107,131.8819,25.3396
2020-09-04 09:00:00+00:00,43.1998,61.5765,63.0296,134.0874,29.9192
2020-09-04 10:00:00+00:00,43.4094,56.0097,57.2806,130.7652,17.1749
2020-09-04 11:00:00+00:00,32.5746,34.9743,37.9558,95.1696,18.7964
2020-09-04 12:00:00+00:00,28.7133,34.3834,31.7011,80.8952,13.5295
2020-09-04 13:00:00+00:00,28.6443,34.7899,32.4040,77.5075,12.4026
2020-09-04 14:00:00+00:00,25.9100,31.0513,29.4428,68.7659,14.7236
2020-09-04 15:00:00+00:00,28.9072,34.3914,33.7306,78.0647,31.0994
2020-09-04 16:00:00+00:00,30.8868,36.3252,36.2967,86.2483,60.5124
2020-09-04 17:00:00+00:00,27.4758,34.0298,32.5041,81.2088,71.3333
2020-09-04 18:00:00+00:00,21.8034,27.3758,27.1263,61.2171,76.8335
2020-09-04 19:00:00+00:00,25.7485,29.4634,33.4459,66.1782,76.2914
2020-09-04 20:00:00+00:00,24.0455,32.9260,31.5016,64.5074,69.8069
2020-09-04 21:00:00+00:00,32.7646,44.8993,43.9502,92.3326,50.2431
2020-09-04 22:00:00+00:00,22.7387,25.4933,29.2642,59.8265,43.5517
2020-09-04 23:00:00+00:00,26.3407,25.0176,35.0443,62.9670,42.8404
2020-09-05 00:00:00+00:00,18.0454,13.3503,23.1618,44.2049,24.0666
2020-09-05 01:00:00+00:00,12.7259,14.2617,15.5910,33.7554,25.2822
2020-09-05 02:00:00+00:00,19.5576,23.4710,22.0148,53.5913,50.8802
2020-09-05 03:00:00+00:00,26.6042,29.4056,30.1970,66.2490,28.5934
2020-09-05 04:00:00+00:00,25.2822,29.1964,28.6393,64.1448,23.6711
2020-09-05 05:00:00+00:00,18.7681,20.6588,21.2539,49.4118,17.1227
2020-09-05 06:00:00+00:00,17.0820,17.6192,19.5274,44.6387,7.6866
2020-09-05 07:00:00+00:00,20.8995,22.0840,25.2692,53.3213,5.0862
2020-09-05 08:00:00+00:00,24.1441,26.1799,28.4125,60.3914,2.3017
2020-09-05 09:00:00+00:00,26.2928,28.0221,29.8251,63.2611,2.9886
2020-09-05 10:00:00+00:00,12.5001,13.6871,14.0747,32.6434,44.8798
2020-09-05 11:00:00+00:00,10.5426,13.0906,13.0817,30.8577,33.0468
2020-09-05 12:00:00+00:00,11.9192,13.2654,12.9391,31.1672,53.1914
2020-09-05 13:00:00+00:00,17.9627,20.3922,20.3986,47.7464,37.0200
2020-09-05 14:00:00+00:00,25.3192,27.0868,30.2880,65.9060,19.6835
2020-09-05 15:00:00+00:00,32.1765,36.1038,40.3447,81.3397,12.1335
2020-09-05 16:00:00+00:00,38.2614,45.1694,48.1324,100.5643,17.1292
2020-09-05 17:00:00+00:00,36.7799,46.4734,42.3187,108.3727,26.2900
2020-09-05 18:00:00+00:00,24.8877,32.5551,32.7612,66.5996,23.3507
2020-09-05 19:00:00+00:00,20.6966,24.6232,25.8347,51.1455,36.9583
2020-09-05 20:00:00+00:00,16.9187,21.1933,21.0736,45.3424,30.0782
2020-09-05 21:00:00+00:00,10.9055,14.5983,13.4252,30.0904,30.8092
2020-09-05 22:00:00+00:00,1.6231,3.4058,2.8367,2.9631,40.6606
2020-09-05 23:00:00+00:00,2.0062,4.8049,6.7361,4.2647,29.3930
2020-09-06 00:00:00+00:00,1.6099,2.9780,1.2001,12.5822,36.3599
2020-09-06 01:00:00+00:00,9.7663,7.1353,9.3111,31.8273,28.7208
2020-09-06 02:00:00+00:00,8.0603,7.1453,7.9489,24.7671,17.3692
2020-09-06 03:00:00+00:00,8.9116,9.0332,9.3734,27.9619,8.2549
2020-09-06 04:00:00+00:00,11.6981,16.1798,11.9548,44.7175,12.7829
2020-09-06 05:00:00+00:00,8.3227,8.7637,10.0547,25.7961,6.7406
2020-09-06 06:00:00+00:00,6.3760,7.1368,7.4548,21.2177,4.9960
2020-09-06 07:00:00+00:00,3.5518,4.0416,4.2512,12.3807,5.0950
2020-09-06 08:00:00+00:00,3.4158,3.8454,4.3911,10.4094,3.9578
2020-09-06 09:00:00+00:00,3.8081,4.7959,4.8748,11.6881,2.3091
2020-09-06 10:00:00+00:00,8.4112,11.1190,10.0410,28.6181,2.4611
2020-09-06 11:00:00+00:00,11.9804,14.3922,13.2452,40.7025,0.6333
2020-09-06 12:00:00+00:00,9.3133,9.2459,9.2491,26.8490,0.0000
2020-09-06 13:00:00+00:00,4.5706,4.8026,4.4412,13.9191,0.0000
2020-09-06 14:00:00+00:00,9.6822,9.6283,11.0086,23.1241,0.0000
2020-09-06 15:00:00+00:00,9.0569,9.9946,11.1260,22.4111,0.0000
2020-09-06 16:00:00+00:00,13.7842,15.2552,16.6734,35.3527,1.6276
2020-09-06 17:00:00+00:00,9.9186,10.9940,11.8332,25.0241,2.2878
2020-09-06 18:00:00+00:00,2.5013,2.6650,2.9436,6.2709,0.0000
2020-09-06 19:00:00+00:00,1.9799,2.2364,2.2076,4.8967,0.0000
2020-09-06 20:00:00+00:00,0.0000,0.0000,0.0000,0.0000,1.5506
2020-09-06 21:00:00+00:00,0.0000,0.0000,0.0000,0.0000,0.0000
2020-09-06 22:00:00+00:00,0.0000,0.0000,0.0000,0.0000,0.0000
2020-09-06 23:00:00+00:00,0.0000,0.0000,0.0000,0.0000,0.0000
2020-09-07 00:00:00+00:00,0.0000,0.0000,0.0000,0.0000,0.0000
2020-09-07 01:00:00+00:00,3.6698,6.5564,5.4154,2.9072,2.4899
2020-09-07 02:00:00+00:00,6.0621,8.7239,8.6998,5.3368,13.1317
2020-09-07 03:00:00+00:00,12.2549,17.6487,16.6132,16.6008,35.1962
2020-09-07 04:00:00+00:00,23.9938,27.2451,30.0911,30.6056,42.8432
2020-09-07 05:00:00+00:00,49.6997,46.7205,62.0253,52.8293,74.6928
2020-09-07 06:00:00+00:00,74.2792,75.9443,77.5042,105.7075,76.6713
2020-09-07 07:00:00+00:00,77.3658,94.0534,87.1593,143.8247,62.2507
2020-09-07 08:00:00+00:00,78.8407,96.2466,99.1373,131.4712,36.1719
2020-09-07 09:00:00+00:00,79.6963,96.2395,98.6559,157.0536,36.3195
2020-09-07 10:00:00+00:00,81.0000,97.5990,99.5010,215.2000,57.3509
2020-09-07 11:00:00+00:00,80.9405,96.8994,102.2858,215.2000,54.4552
2020-09-07 12:00:00+00:00,80.3686,97.5612,105.5525,215.2000,76.1363
2020-09-07 13:00:00+00:00,81.0000,100.5000,106.5000,215.2000,78.1834
2020-09-07 14:00:00+00:00,80.8335,100.2282,105.5990,215.1358,79.9000
2020-09-07 15:00:00+00:00,80.2314,97.4228,104.6189,214.1796,78.6072
2020-09-07 16:00:00+00:00,80.8874,99.4268,105.4282,214.7596,77.8334
2020-09-07 17:00:00+00:00,81.0000,100.0435,106.4944,215.2000,79.9000
2020-09-07 18:00:00+00:00,77.2520,83.2314,100.8923,201.7522,79.8869
2020-09-07 19:00:00+00:00,79.5170,96.5342,104.0236,210.0888,78.0848
2020-09-07 20:00:00+00:00,78.6433,95.5330,102.8730,209.1347,76.9344
2020-09-07 21:00:00+00:00,73.9435,78.0337,92.7301,198.2047,76.5535
2020-09-07 22:00:00+00:00,63.7834,60.5244,75.1302,154.8536,65.7127
2020-09-07 23:00:00+00:00,55.5569,50.0707,63.3656,128.7499,19.5235
2020-09-08 00:00:00+00:00,55.0835,49.1424,58.4731,112.6634,17.2590
2020-09-08 01:00:00+00:00,71.5919,13.1116,68.4113,136.6141,12.4031
2020-09-08 02:00:00+00:00,57.6746,31.7675,57.0227,103.1754,9.0994
2020-09-08 03:00:00+00:00,43.0719,30.2872,45.8318,76.3138,11.9629
2020-09-08 04:00:00+00:00,14.3957,14.5420,19.2262,26.4625,15.4156
2020-09-08 05:00:00+00:00,14.7543,20.8278,18.8483,39.8355,0.0000
2020-09-08 06:00:00+00:00,6.1429,11.5450,8.1685,14.2573,0.0000
2020-09-08 07:00:00+00:00,3.5720,4.4692,4.0408,9.9044,0.0000
2020-09-08 08:00:00+00:00,1.9421,3.5533,2.1936,3.8174,0.0000
2020-09-08 09:00:00+00:00,2.7783,4.1559,2.6485,7.8637,0.0000
2020-09-08 10:00:00+00:00,4.4574,5.1316,4.0003,17.0731,2.2813
2020-09-08 11:00:00+00:00,4.0510,3.7308,3.0847,15.5986,0.0000
2020-09-08 12:00:00+00:00,1.2974,0.0000,0.0000,4.3076,0.0000
2020-09-08 13:00:00+00:00,0.0000,0.0000,0.0000,0.0000,0.0000
2020-09-08 14:00:00+00:00,0.0000,0.0000,0.0000,0.0000,0.0000
2020-09-08 15:00:00+00:00,0.0000,0.0000,0.0000,0.0000,0.0000
2020-09-08 16:00:00+00:00,0.0000,0.0000,0.0000,0.0000,0.0000
2020-09-08 17:00:00+00:00,0.0000,0.0000,0.0000,0.0000,0.0000
2020-09-08 18:00:00+00:00,0.0000,0.0000,0.0000,0.0000,0.0000
2020-09-08 19:00:00+00:00,1.1493,1.5730,2.0311,2.1182,0.0000
2020-09-08 20:00:00+00:00,0.0000,0.0000,0.0000,0.0000,11.5378
2020-09-08 21:00:00+00:00,0.0000,0.0000,0.0000,0.0000,12.0007
2020-09-08 22:00:00+00:00,0.0000,0.0000,0.0000,0.0000,6.0010
2020-09-08 23:00:00+00:00,0.0000,0.0000,0.0000,0.0000,8.8584
2020-09-09 00:00:00+00:00,0.0407,0.0000,0.9540,0.4277,5.2358
2020-09-09 01:00:00+00:00,0.5427,0.0000,1.8453,0.0000,2.7074
2020-09-09 02:00:00+00:00,1.0006,0.0000,2.4469,0.0000,5.5726
2020-09-09 03:00:00+00:00,2.2575,1.5411,4.0430,0.0000,0.0000
2020-09-09 04:00:00+00:00,5.9698,4.3780,10.9181,6.1621,0.0000
2020-09-09 05:00:00+00:00,11.6878,13.3135,20.0733,14.4478,0.0000
2020-09-09 06:00:00+00:00,18.4903,25.3086,33.5221,29.0391,0.0000
2020-09-09 07:00:00+00:00,21.7085,36.0432,37.5951,31.9062,0.0000
2020-09-09 08:00:00+00:00,12.6237,24.0118,20.4732,28.1455,0.0000
2020-09-09 09:00:00+00:00,6.2789,11.2720,9.9721,14.5946,0.0000
2020-09-09 10:00:00+00:00,6.2849,14.2571,11.3055,10.5178,0.0000
2020-09-09 11:00:00+00:00,4.6145,15.5781,7.9776,11.1452,0.0000
2020-09-09 12:00:00+00:00,2.0389,3.4506,2.5975,0.0000,0.0000
2020-09-09 13:00:00+00:00,0.0000,0.0000,0.0000,0.0000,0.0000
2020-09-09 14:00:00+00:00,0.0000,0.0000,0.0000,0.0000,0.0000
2020-09-09 15:00:00+00:00,0.0000,0.0000,0.0000,0.0000,0.0000
2020-09-09 16:00:00+00:00,0.0000,2.1560,0.0000,0.4064,0.0000
2020-09-09 17:00:00+00:00,0.0000,0.0329,0.0000,0.0000,0.6798
2020-09-09 18:00:00+00:00,1.5841,2.8513,1.9386,5.9215,2.0160
2020-09-09 19:00:00+00:00,0.0000,1.1650,0.0000,0.0000,3.0559
2020-09-09 20:00:00+00:00,0.0000,0.0000,0.0000,0.0000,6.8883
2020-09-09 21:00:00+00:00,0.0000,1.3978,0.6660,0.0000,6.5914
2020-09-09 22:00:00+00:00,0.0000,0.5761,0.0000,0.0000,7.5715
2020-09-09 23:00:00+00:00,1.7109,2.4272,3.2086,1.9847,4.6757
2020-09-10 00:00:00+00:00,3.2648,3.7535,5.7820,4.1222,0.0000
2020-09-10 01:00:00+00:00,3.5888,3.9372,7.3367,4.0186,0.0000
2020-09-10 02:00:00+00:00,5.0465,5.0822,9.1665,5.8527,0.0000
2020-09-10 03:00:00+00:00,6.8826,6.8806,11.0100,7.5518,0.0000
2020-09-10 04:00:00+00:00,8.6910,10.7519,13.3423,15.1735,5.2033
2020-09-10 05:00:00+00:00,6.2187,7.8232,10.1851,8.2977,5.1387
2020-09-10 06:00:00+00:00,6.9492,7.6767,8.2149,4.6963,6.9359
2020-09-10 07:00:00+00:00,12.8454,8.2431,9.8808,3.5434,19.5993
2020-09-10 08:00:00+00:00,21.5176,2.7041,7.5364,0.0000,9.4080
2020-09-10 09:00:00+00:00,31.8450,3.7343,18.6160,10.3882,18.1980
2020-09-10 10:00:00+00:00,26.9426,15.8809,24.1492,34.1706,8.7570
2020-09-10 11:00:00+00:00,42.9590,39.6466,46.6327,71.9742,5.7973
2020-09-10 12:00:00+00:00,33.0451,26.2344,28.0101,61.4697,2.3002
2020-09-10 13:00:00+00:00,29.5810,21.6640,25.0912,69.0595,26.7903
2020-09-10 14:00:00+00:00,13.9836,7.4505,12.5468,33.6834,11.6286
2020-09-10 15:00:00+00:00,6.5005,2.1600,5.3357,15.0276,5.1064
2020-09-10 16:00:00+00:00,4.5351,1.1491,3.4776,9.4040,0.0000
2020-09-10 17:00:00+00:00,2.4099,1.2829,1.7755,7.6217,0.6395
2020-09-10 18:00:00+00:00,4.0730,3.5689,3.5692,12.4856,5.9136
2020-09-10 19:00:00+00:00,7.4353,7.9530,8.2819,24.7483,12.1566
2020-09-10 20:00:00+00:00,12.3643,10.6873,12.3594,37.9440,8.8304
2020-09-10 21:00:00+00:00,11.7039,9.9125,11.5517,36.4071,7.0318
2020-09-10 22:00:00+00:00,8.2861,8.9986,8.4480,27.9407,7.8125
2020-09-10 23:00:00+00:00,10.4043,12.5289,12.4083,31.0774,15.0716
2020-09-11 00:00:00+00:00,5.8414,5.6078,6.5515,16.7516,18.4994
2020-09-11 01:00:00+00:00,2.6663,1.2916,2.7526,6.9228,10.9049
2020-09-11 02:00:00+00:00,1.2702,0.9870,1.3684,3.1962,5.2349
2020-09-11 03:00:00+00:00,3.3306,5.0068,4.3268,8.7998,5.3248
2020-09-11 04:00:00+00:00,6.5147,4.3911,8.6004,14.5779,5.5373
2020-09-11 05:00:00+00:00,5.4000,4.2337,7.4148,11.1705,6.6838
2020-09-11 06:00:00+00:00,4.0446,5.0683,6.2656,9.4174,6.0256
2020-09-11 07:00:00+00:00,4.3201,5.3192,7.1105,10.0176,5.3931
2020-09-11 08:00:00+00:00,3.9236,4.2432,6.6554,8.5139,4.2390
2020-09-11 09:00:00+00:00,2.6508,2.0290,3.9294,5.6926,7.2904
2020-09-11 10:00:00+00:00,0.0000,0.0000,0.7445,0.0000,6.1145
2020-09-11 11:00:00+00:00,0.1411,0.0000,0.8138,0.0000,5.0628
2020-09-11 12:00:00+00:00,0.0000,0.0000,0.0000,0.0000,2.7918
2020-09-11 13:00:00+00:00,1.2279,0.0000,1.7893,2.7088,3.1364
2020-09-11 14:00:00+00:00,2.1946,1.6849,2.8246,5.9011,6.2006
2020-09-11 15:00:00+00:00,0.0000,0.0000,0.0000,0.0000,6.9506
2020-09-11 16:00:00+00:00,0.0000,0.0000,0.0000,0.0000,5.9985
2020-09-11 17:00:00+00:00,0.4399,0.0000,0.5336,0.0000,4.8214
2020-09-11 18:00:00+00:00,0.0000,0.0000,0.0000,0.0000,5.5027
2020-09-11 19:00:00+00:00,0.0000,0.0000,0.0000,0.0000,9.8428
2020-09-11 20:00:00+00:00,0.0000,0.0000,0.0000,0.0000,11.7347
2020-09-11 21:00:00+00:00,0.0000,0.0000,0.0000,0.0000,9.8208
2020-09-11 22:00:00+00:00,0.0000,0.0000,0.0000,0.0000,7.3966
2020-09-11 23:00:00+00:00,0.0000,0.0000,0.0000,0.0000,4.8309
2020-09-12 00:00:00+00:00,0.0000,0.0000,0.0000,0.0000,2.9280
2020-09-12 01:00:00+00:00,0.0000,0.0000,0.0000,0.0000,4.8363
2020-09-12 02:00:00+00:00,0.0000,0.0000,0.0000,0.0000,0.0000
2020-09-12 03:00:00+00:00,0.0000,0.0000,0.6838,0.0000,0.0000
2020-09-12 04:00:00+00:00,0.0000,0.0000,0.3281,0.0000,0.8383
2020-09-12 05:00:00+00:00,0.0000,0.0000,1.3191,0.0000,8.7509
2020-09-12 06:00:00+00:00,3.0746,1.5925,4.7559,0.5916,13.5379
2020-09-12 07:00:00+00:00,2.5871,1.7681,3.8406,0.0000,12.4451
2020-09-12 08:00:00+00:00,3.9306,3.0588,5.6095,3.0721,16.9404
2020-09-12 09:00:00+00:00,4.0758,3.2018,5.7286,3.5522,17.1857
2020-09-12 10:00:00+00:00,8.6273,11.4684,12.9366,11.7312,21.0168
2020-09-12 11:00:00+00:00,8.2289,12.1887,12.8935,8.3955,25.0946
2020-09-12 12:00:00+00:00,6.6851,9.2113,9.5450,4.7279,26.7009
2020-09-12 13:00:00+00:00,4.3296,6.0532,6.8278,0.0000,20.1241
2020-09-12 14:00:00+00:00,1.4873,2.2664,2.5164,0.6291,17.6727
2020-09-12 15:00:00+00:00,1.0757,1.5631,1.2401,2.8964,19.7230
2020-09-12 16:00:00+00:00,2.1859,2.6767,1.8237,7.3442,20.2877
2020-09-12 17:00:00+00:00,2.3572,1.9160,1.9867,7.1984,14.8249
2020-09-12 18:00:00+00:00,1.1336,0.0000,0.0000,4.7917,17.8700
2020-09-12 19:00:00+00:00,1.0491,0.0000,0.0000,4.4100,17.2870
2020-09-12 20:00:00+00:00,3.3336,2.8862,3.2155,13.2294,23.7465
2020-09-12 21:00:00+00:00,5.0711,4.3627,4.9989,16.5010,26.5384
2020-09-12 22:00:00+00:00,7.3136,5.8279,7.2377,20.0542,33.9451
2020-09-12 23:00:00+00:00,9.3331,6.8937,9.4255,19.1534,34.0861
2020-09-13 00:00:00+00:00,14.1172,8.0250,13.4809,16.4986,25.8142
2020-09-13 01:00:00+00:00,45.0535,28.3088,45.1349,48.9708,22.3385
2020-09-13 02:00:00+00:00,76.5482,60.0423,62.3843,154.5650,14.0802
2020-09-13 03:00:00+00:00,77.0278,74.5629,63.4339,182.9473,18.4113
2020-09-13 04:00:00+00:00,77.6525,81.7374,67.0034,187.0640,22.5608
2020-09-13 05:00:00+00:00,79.5529,95.1706,77.4702,207.7262,27.6285
2020-09-13 06:00:00+00:00,80.4421,95.0601,82.3010,210.9067,32.0140
2020-09-13 07:00:00+00:00,79.3811,79.0615,70.5864,208.0732,32.1385
2020-09-13 08:00:00+00:00,78.8702,76.4592,65.0473,206.1852,42.9965
2020-09-13 09:00:00+00:00,80.5428,89.3181,77.4335,210.2535,42.4997
2020-09-13 10:00:00+00:00,80.7943,94.8288,74.5686,211.7405,41.8290
2020-09-13 11:00:00+00:00,79.7566,79.9233,64.5572,210.5555,38.4546
2020-09-13 12:00:00+00:00,78.6353,74.4773,62.1812,210.2769,60.7677
2020-09-13 13:00:00+00:00,59.3367,53.1853,42.8821,175.5144,77.1887
2020-09-13 14:00:00+00:00,54.7499,41.7360,41.2987,130.3412,71.2107
2020-09-13 15:00:00+00:00,52.1585,38.3952,48.2821,115.4307,75.9945
2020-09-13 16:00:00+00:00,47.4269,54.6607,61.8058,111.0159,77.8409
2020-09-13 17:00:00+00:00,66.5621,83.3891,61.3464,178.3570,79.9000
2020-09-13 18:00:00+00:00,72.8997,85.5938,91.6336,205.5908,79.9000
2020-09-13 19:00:00+00:00,70.6070,86.4946,101.2621,193.0604,79.9000
2020-09-13 20:00:00+00:00,80.3666,97.7503,106.4246,207.6213,79.9000
2020-09-13 21:00:00+00:00,77.0746,95.3973,102.8248,208.6657,79.9000
2020-09-13 22:00:00+00:00,77.3265,95.8736,102.9704,209.2644,76.0483
2020-09-13 23:00:00+00:00,55.0026,59.2455,64.6609,178.5100,19.2881
2020-09-14 00:00:00+00:00,59.2580,61.3452,61.7106,154.1306,16.9279
2020-09-14 01:00:00+00:00,74.8881,82.5544,87.3419,176.1083,35.0963
2020-09-14 02:00:00+00:00,78.7782,97.7730,102.3424,208.4450,33.0535
2020-09-14 03:00:00+00:00,78.1619,95.7865,100.9630,207.3596,30.0309
2020-09-14 04:00:00+00:00,66.3286,74.2547,75.3438,169.6564,41.0873
2020-09-14 05:00:00+00:00,57.7448,61.2373,64.7053,159.5755,44.3002
2020-09-14 06:00:00+00:00,34.5444,40.5337,40.8726,91.3938,38.0022
2020-09-14 07:00:00+00:00,46.1404,50.3048,54.9013,116.8466,32.1585
2020-09-14 08:00:00+00:00,35.0243,37.1594,41.1960,94.7405,40.2786
2020-09-14 09:00:00+00:00,23.2953,22.9426,26.8753,62.4627,28.5568
2020-09-14 10:00:00+00:00,21.4007,20.7458,25.6114,58.0199,24.8317
2020-09-14 11:00:00+00:00,30.1417,29.5793,36.8599,83.8142,22.5061
2020-09-14 12:00:00+00:00,24.8532,28.7013,30.9701,67.9802,24.9948
2020-09-14 13:00:00+00:00,24.4919,25.7236,30.2339,68.3339,36.7452
2020-09-14 14:00:00+00:00,23.1671,24.2333,28.8806,62.4027,22.9782
2020-09-14 15:00:00+00:00,15.0195,15.8527,18.2005,39.8880,21.1347
2020-09-14 16:00:00+00:00,15.3119,16.4026,18.3465,40.1390,22.0223
2020-09-14 17:00:00+00:00,20.7622,24.5741,26.0858,56.0270,24.2893
2020-09-14 18:00:00+00:00,16.5824,19.0137,20.4775,41.6175,27.2610
2020-09-14 19:00:00+00:00,12.6571,14.0572,15.7052,33.0906,29.3244
2020-09-14 20:00:00+00:00,12.2834,14.0112,15.0357,32.0221,24.8168
2020-09-14 21:00:00+00:00,11.6935,13.5318,14.4843,31.3741,26.9095
2020-09-14 22:00:00+00:00,13.2607,15.1051,15.7945,35.8169,28.2685
2020-09-14 23:00:00+00:00,9.5860,10.0259,10.9663,27.5055,21.4554
2020-09-15 00:00:00+00:00,9.1150,8.4262,9.1474,27.3726,20.9054
2020-09-15 01:00:00+00:00,13.5622,13.3204,14.9856,38.3025,25.7634
2020-09-15 02:00:00+00:00,7.1336,4.9649,5.7188,24.9449,1.0041
2020-09-15 03:00:00+00:00,6.8696,5.5647,6.1045,25.1492,1.3857
2020-09-15 04:00:00+00:00,4.7041,3.2211,4.3819,19.3636,2.1734
2020-09-15 05:00:00+00:00,0.0000,0.0000,0.0000,5.0293,2.0047
2020-09-15 06:00:00+00:00,0.0000,0.0000,0.0000,1.1003,0.0000
2020-09-15 07:00:00+00:00,0.0000,0.0000,0.0000,0.0000,1.0459
2020-09-15 08:00:00+00:00,0.0000,0.0000,0.0000,1.3323,0.0000
2020-09-15 09:00:00+00:00,0.0000,0.0000,0.0000,0.0000,0.0000
2020-09-15 10:00:00+00:00,0.0000,0.0000,0.0000,0.0000,0.0000
2020-09-15 11:00:00+00:00,0.0000,0.0000,0.0000,0.0000,0.0000
2020-09-15 12:00:00+00:00,0.0000,0.0000,0.0000,0.0000,0.0000
2020-09-15 13:00:00+00:00,0.0000,0.0000,0.0000,0.0000,0.0000
2020-09-15 14:00:00+00:00,0.0000,0.0000,0.0000,0.0000,0.0000
2020-09-15 15:00:00+00:00,0.0000,0.0000,0.0000,0.0000,0.0000
2020-09-15 16:00:00+00:00,0.0000,0.0000,0.0000,0.0000,0.0000
2020-09-15 17:00:00+00:00,0.0000,0.0000,0.0000,0.0000,0.0000
2020-09-15 18:00:00+00:00,0.0000,0.0000,0.0000,0.0000,0.0000
2020-09-15 19:00:00+00:00,0.0000,0.0000,0.0000,0.0000,0.0000
2020-09-15 20:00:00+00:00,0.0000,0.0000,0.0000,0.0000,0.0000
2020-09-15 21:00:00+00:00,0.0000,0.0000,0.0000,0.0000,0.0000
2020-09-15 22:00:00+00:00,0.0000,0.0000,0.0000,0.0000,0.0000
2020-09-15 23:00:00+00:00,0.0000,0.0000,0.0000,0.0000,0.0000
2020-09-16 00:00:00+00:00,0.4390,1.0906,1.1103,1.0031,1.5719
2020-09-16 01:00:00+00:00,0.0000,2.1672,1.5099,0.0000,5.9878
2020-09-16 02:00:00+00:00,0.0425,7.1076,2.0277,0.0000,17.3429
2020-09-16 03:00:00+00:00,4.1566,3.8983,4.5775,0.0000,11.8101
2020-09-16 04:00:00+00:00,44.8108,28.0468,35.4556,71.2805,21.1071
2020-09-16 05:00:00+00:00,61.4221,51.7853,49.9522,113.9350,15.8907
2020-09-16 06:00:00+00:00,60.2211,62.8404,52.9373,123.6308,9.7741
2020-09-16 07:00:00+00:00,71.1606,79.6580,66.8260,172.7685,2.8850
2020-09-16 08:00:00+00:00,77.7235,93.1454,93.3029,205.0749,1.5138
2020-09-16 09:00:00+00:00,77.9259,95.1859,100.8373,205.5780,0.0000
2020-09-16 10:00:00+00:00,78.9728,96.3351,103.0031,205.9809,3.6070
2020-09-16 11:00:00+00:00,79.5637,96.6526,103.6737,208.3415,3.9108
2020-09-16 12:00:00+00:00,74.8248,85.0996,93.2742,185.0281,7.6946
2020-09-16 13:00:00+00:00,70.2523,80.6676,88.7505,192.1005,65.9484
2020-09-16 14:00:00+00:00,39.0092,45.3449,49.0829,112.4370,74.4838
2020-09-16 15:00:00+00:00,33.1024,38.3960,39.0148,96.8869,68.9812
2020-09-16 16:00:00+00:00,29.2927,34.9904,34.0105,86.9223,57.3303
2020-09-16 17:00:00+00:00,27.8399,31.9305,33.2949,79.5662,47.3234
2020-09-16 18:00:00+00:00,18.1625,21.2849,21.3254,54.3939,38.9528
2020-09-16 19:00:00+00:00,28.7190,33.5410,35.1493,83.7725,39.5858
2020-09-16 20:00:00+00:00,32.4526,39.4523,42.4384,96.6327,41.0885
2020-09-16 21:00:00+00:00,27.0169,33.2513,37.6271,79.5496,42.5231
2020-09-16 22:00:00+00:00,48.7582,60.6994,72.3322,134.5897,31.1413
2020-09-16 23:00:00+00:00,65.1768,78.1327,97.4590,178.2246,13.1956
2020-09-17 00:00:00+00:00,79.0977,97.3767,105.7657,208.2783,22.5381
2020-09-17 01:00:00+00:00,81.0000,100.0004,106.5000,210.3626,59.1483
2020-09-17 02:00:00+00:00,81.0000,100.4823,106.5000,211.7995,78.6760
2020-09-17 03:00:00+00:00,80.1497,99.1544,106.4774,209.7096,78.5535
2020-09-17 04:00:00+00:00,78.0617,95.0273,103.0195,206.5638,79.4106
2020-09-17 05:00:00+00:00,53.9382,29.4879,61.9123,150.2333,76.3654
2020-09-17 06:00:00+00:00,23.8761,30.0085,26.9693,80.0244,57.5936
2020-09-17 07:00:00+00:00,8.9724,6.1257,8.8067,29.2724,62.9371
2020-09-17 08:00:00+00:00,3.9243,4.8058,4.8136,12.9706,8.2926
2020-09-17 09:00:00+00:00,2.2004,2.3694,2.7622,7.1353,0.0000
2020-09-17 10:00:00+00:00,1.6400,0.5378,1.7655,6.0778,0.0000
2020-09-17 11:00:00+00:00,1.6390,1.6905,1.3699,6.0717,2.8389
2020-09-17 12:00:00+00:00,0.9684,1.2294,0.2564,4.8353,4.3714
2020-09-17 13:00:00+00:00,2.2765,3.4621,3.0190,6.8376,4.0637
2020-09-17 14:00:00+00:00,1.2113,2.1349,1.7629,3.3627,2.6229
2020-09-17 15:00:00+00:00,4.7951,7.1282,6.5985,13.7846,12.1289
2020-09-17 16:00:00+00:00,4.2907,6.8535,5.9003,12.3052,9.9201
2020-09-17 17:00:00+00:00,7.4754,11.1389,9.6341,21.3623,9.9797
2020-09-17 18:00:00+00:00,2.4411,3.0674,2.7502,8.5508,8.2063
2020-09-17 19:00:00+00:00,1.6208,0.4742,1.3311,6.3878,15.8988
2020-09-17 20:00:00+00:00,1.4507,1.6291,0.4523,5.9338,11.2093
2020-09-17 21:00:00+00:00,0.0000,0.0000,0.0000,0.0000,8.6827
2020-09-17 22:00:00+00:00,0.0000,0.0000,0.0000,0.0000,15.8752
2020-09-17 23:00:00+00:00,1.3295,0.0000,0.4021,4.6009,11.3452
2020-09-18 00:00:00+00:00,0.9613,0.1996,0.1780,5.9694,8.4671
2020-09-18 01:00:00+00:00,4.4583,3.2127,4.5009,17.9453,15.3127
2020-09-18 02:00:00+00:00,2.4558,0.4939,0.8192,14.0826,6.1447
2020-09-18 03:00:00+00:00,2.8116,1.3179,1.3792,14.7907,3.2284
2020-09-18 04:00:00+00:00,0.0000,0.0000,0.0000,4.3047,0.0000
2020-09-18 05:00:00+00:00,0.1693,0.5861,0.0000,8.1929,1.5621
2020-09-18 06:00:00+00:00,1.1624,0.7746,0.0000,11.1634,0.0000
2020-09-18 07:00:00+00:00,1.3071,1.3634,0.0000,7.9028,0.0000
2020-09-18 08:00:00+00:00,4.9632,6.3636,7.1520,8.7605,0.0000
2020-09-18 09:00:00+00:00,6.7824,9.9349,13.7759,7.8994,0.0000
2020-09-18 10:00:00+00:00,4.1256,6.4579,8.1841,6.0005,0.0000
2020-09-18 11:00:00+00:00,1.9161,3.2927,4.0725,0.4834,0.0000
2020-09-18 12:00:00+00:00,1.8251,1.8356,2.5011,3.3702,0.0000
2020-09-18 13:00:00+00:00,0.0000,0.0000,0.0000,0.0000,0.0000
2020-09-18 14:00:00+00:00,0.0000,0.0000,0.0000,0.0000,6.3599
2020-09-18 15:00:00+00:00,2.4784,1.7199,3.0883,5.2016,25.4816
2020-09-18 16:00:00+00:00,3.7560,4.2156,5.0671,8.2629,38.2842
2020-09-18 17:00:00+00:00,7.0380,7.7364,9.2929,16.7150,43.5989
2020-09-18 18:00:00+00:00,10.9522,10.5154,13.3531,26.3179,51.7231
2020-09-18 19:00:00+00:00,9.8736,13.9341,13.5954,24.1228,53.0652
2020-09-18 20:00:00+00:00,15.8048,19.0558,20.8958,34.9462,42.7332
2020-09-18 21:00:00+00:00,18.8174,21.7509,24.8365,44.9965,32.6821
2020-09-18 22:00:00+00:00,17.9554,21.1373,23.7041,46.5150,38.4709
2020-09-18 23:00:00+00:00,11.2193,11.8273,13.7429,30.3756,33.0487
2020-09-19 00:00:00+00:00,7.7458,5.0643,7.3261,26.3751,20.6869
2020-09-19 01:00:00+00:00,8.4444,4.7761,7.3283,29.9140,33.8538
2020-09-19 02:00:00+00:00,3.8113,1.4106,2.1414,16.7902,19.4699
2020-09-19 03:00:00+00:00,4.6249,1.3237,2.3806,22.7327,21.2135
2020-09-19 04:00:00+00:00,3.7314,0.0095,1.6115,21.3949,8.5417
2020-09-19 05:00:00+00:00,5.1043,0.8723,1.9856,27.2391,7.6371
2020-09-19 06:00:00+00:00,3.4332,0.0000,0.0000,20.2875,7.7073
2020-09-19 07:00:00+00:00,0.9342,0.0000,0.0000,8.7807,5.6204
2020-09-19 08:00:00+00:00,0.0000,0.0000,0.0000,0.0000,3.3473
2020-09-19 09:00:00+00:00,0.0000,0.0000,0.0000,0.0000,4.7442
2020-09-19 10:00:00+00:00,0.0000,0.0000,0.0000,0.8090,0.0000
2020-09-19 11:00:00+00:00,0.0000,0.0000,0.0000,0.0000,0.0000
2020-09-19 12:00:00+00:00,0.0000,0.0000,0.0000,0.0000,0.0000
2020-09-19 13:00:00+00:00,0.0000,0.0000,0.0000,0.0000,0.0000
2020-09-19 14:00:00+00:00,0.0000,0.0000,0.0000,0.0000,0.0000
2020-09-19 15:00:00+00:00,0.0000,0.0000,0.0000,0.0000,0.0000
2020-09-19 16:00:00+00:00,2.3365,2.6778,2.9936,5.3656,0.0000
2020-09-19 17:00:00+00:00,2.8256,2.9755,3.4133,6.2099,0.0000
2020-09-19 18:00:00+00:00,2.3816,2.7957,3.1500,5.6607,0.0000
2020-09-19 19:00:00+00:00,3.2883,3.5712,4.0173,7.5723,1.2712
2020-09-19 20:00:00+00:00,5.8266,6.4460,7.6961,14.5491,3.7747
2020-09-19 21:00:00+00:00,3.5295,3.7378,4.3111,8.6554,4.9247
2020-09-19 22:00:00+00:00,2.0926,1.8889,2.4913,5.0690,5.3983
2020-09-19 23:00:00+00:00,0.0000,0.0000,0.0000,0.0000,2.6946
2020-09-20 00:00:00+00:00,0.0000,0.0000,0.0000,0.0000,2.6686
2020-09-20 01:00:00+00:00,0.0000,0.0000,0.0000,0.0000,2.4700
2020-09-20 02:00:00+00:00,0.0000,0.0000,0.0000,3.6282,0.0000
2020-09-20 03:00:00+00:00,1.1363,1.0803,0.0000,8.7930,0.0000
2020-09-20 04:00:00+00:00,1.2216,0.8829,0.0000,8.6778,0.0000
2020-09-20 05:00:00+00:00,1.3249,1.0132,0.0000,9.2736,0.0000
2020-09-20 06:00:00+00:00,3.0335,2.1754,1.8803,16.0958,0.0000
2020-09-20 07:00:00+00:00,2.5308,1.6122,1.9140,12.5222,0.0000
2020-09-20 08:00:00+00:00,0.0000,0.0000,0.0000,3.4244,0.0000
2020-09-20 09:00:00+00:00,0.0000,0.0000,0.0000,0.0000,0.0000
2020-09-20 10:00:00+00:00,0.0000,0.0000,0.0000,4.7740,0.0000
2020-09-20 11:00:00+00:00,0.0000,0.0000,0.0000,0.0000,0.0000
2020-09-20 12:00:00+00:00,0.0000,0.0000,0.0000,0.0000,0.0000
2020-09-20 13:00:00+00:00,0.0000,0.0000,0.0000,0.0000,0.0000
2020-09-20 14:00:00+00:00,0.0000,0.0000,0.0000,0.0000,0.0000
2020-09-20 15:00:00+00:00,0.0000,0.0000,0.0000,0.0000,0.0000
2020-09-20 16:00:00+00:00,0.0000,0.0000,0.0000,0.0000,0.0000
2020-09-20 17:00:00+00:00,1.4288,1.0369,1.8908,2.0129,1.2653
2020-09-20 18:00:00+00:00,0.3767,0.1351,0.9208,0.0000,2.3797
2020-09-20 19:00:00+00:00,0.1063,0.1849,0.3444,0.0000,1.1782
2020-09-20 20:00:00+00:00,0.8521,0.4586,1.4138,0.3420,2.9370
2020-09-20 21:00:00+00:00,0.0000,0.0000,0.0000,0.0000,2.2423
2020-09-20 22:00:00+00:00,0.0000,0.0000,0.0000,0.0000,1.1613
2020-09-20 23:00:00+00:00,0.0000,0.0000,0.0000,0.0000,2.6163
2020-09-21 00:00:00+00:00,0.0000,0.0000,0.0000,0.0000,0.0000
2020-09-21 01:00:00+00:00,0.0000,0.0000,0.0000,0.0000,0.8219
2020-09-21 02:00:00+00:00,0.0000,0.0000,0.0000,0.0000,0.0000
2020-09-21 03:00:00+00:00,0.0000,0.5551,0.9490,0.0000,0.0000
2020-09-21 04:00:00+00:00,1.4655,3.2493,4.2226,0.0000,0.0000
2020-09-21 05:00:00+00:00,2.3163,4.1773,5.9515,2.7191,4.4714
2020-09-21 06:00:00+00:00,2.3602,4.3084,6.3890,3.3117,7.0690
2020-09-21 07:00:00+00:00,1.7045,2.8103,4.7298,0.0000,7.0942
2020-09-21 08:00:00+00:00,0.0000,0.0000,2.2977,0.0000,5.3113
2020-09-21 09:00:00+00:00,0.0000,0.0000,1.7112,0.0000,4.8505
2020-09-21 10:00:00+00:00,0.0000,0.0000,0.0000,0.0000,0.0000
2020-09-21 11:00:00+00:00,1.4941,1.7130,2.3022,0.0000,0.0000
2020-09-21 12:00:00+00:00,2.2474,2.3808,3.5887,0.0000,0.0000
2020-09-21 13:00:00+00:00,0.0000,0.0000,0.0000,0.0000,0.0000
2020-09-21 14:00:00+00:00,0.0000,0.0000,0.0000,0.0000,0.0000
2020-09-21 15:00:00+00:00,0.0000,0.0000,0.0000,0.0000,0.0000
2020-09-21 16:00:00+00:00,0.0000,0.0000,0.0000,0.0000,0.0000
2020-09-21 17:00:00+00:00,0.0000,0.0000,0.0000,0.0000,0.0000
2020-09-21 18:00:00+00:00,0.0000,0.0000,0.0000,0.0000,0.0000
2020-09-21 19:00:00+00:00,0.0000,0.0000,0.0000,0.0000,0.0000
2020-09-21 20:00:00+00:00,0.0000,0.0000,0.0000,0.0000,0.0000
2020-09-21 21:00:00+00:00,0.0000,0.0000,0.0000,0.0000,0.0000
2020-09-21 22:00:00+00:00,0.0000,0.0000,0.0000,0.0000,0.0000
2020-09-21 23:00:00+00:00,0.0000,0.0000,0.0000,0.0000,2.6866
2020-09-22 00:00:00+00:00,0.4424,1.4956,1.9356,0.0000,6.5888
2020-09-22 01:00:00+00:00,2.4269,5.7958,4.6483,0.4276,5.0107
2020-09-22 02:00:00+00:00,3.2842,5.1163,6.7800,1.6375,0.0000
2020-09-22 03:00:00+00:00,3.1362,3.9582,6.7579,4.3729,0.0000
2020-09-22 04:00:00+00:00,0.4950,1.7438,3.5189,1.8618,0.0000
2020-09-22 05:00:00+00:00,0.0000,0.0000,1.4887,0.0000,0.0000
2020-09-22 06:00:00+00:00,0.0000,0.0000,0.0000,0.0000,0.0000
2020-09-22 07:00:00+00:00,0.0000,0.0000,0.0000,0.0000,0.0000
2020-09-22 08:00:00+00:00,0.0000,0.0000,0.0000,0.0000,0.0000
2020-09-22 09:00:00+00:00,0.0000,0.0000,0.0000,0.0000,0.0000
2020-09-22 10:00:00+00:00,0.0000,0.0000,0.0000,0.0000,0.0000
2020-09-22 11:00:00+00:00,0.0000,0.0000,0.0000,0.0000,0.0000
2020-09-22 12:00:00+00:00,0.0000,0.0000,0.0000,0.0000,0.0000
2020-09-22 13:00:00+00:00,0.0000,0.0000,0.0000,0.0000,0.0000
2020-09-22 14:00:00+00:00,0.0000,0.0000,0.0000,0.0000,0.0000
2020-09-22 15:00:00+00:00,0.0000,0.0000,0.0000,0.0000,0.0000
2020-09-22 16:00:00+00:00,0.0000,0.0000,0.0000,0.0000,3.1672
2020-09-22 17:00:00+00:00,2.3157,2.0266,3.0631,4.9659,8.0401
2020-09-22 18:00:00+00:00,2.3316,2.5874,3.0527,5.2582,9.3491
2020-09-22 19:00:00+00:00,3.5717,4.2085,5.0616,7.7614,13.5572
2020-09-22 20:00:00+00:00,4.4544,4.2910,5.4673,10.7029,12.7515
2020-09-22 21:00:00+00:00,4.1729,3.6362,4.5242,11.1051,10.7824
2020-09-22 22:00:00+00:00,6.1639,5.9785,6.5483,17.5109,12.1027
2020-09-22 23:00:00+00:00,5.6619,5.7498,5.5785,17.9054,12.2770
2020-09-23 00:00:00+00:00,10.9224,11.7521,10.9727,37.5440,25.9151
2020-09-23 01:00:00+00:00,13.9628,16.7103,15.1246,46.0909,36.2452
2020-09-23 02:00:00+00:00,20.3558,22.2625,21.5227,65.4221,50.5289
2020-09-23 03:00:00+00:00,35.2774,36.1594,37.5159,104.0609,58.1577
2020-09-23 04:00:00+00:00,54.7584,57.6110,61.0154,152.4500,75.8036
2020-09-23 05:00:00+00:00,48.8424,57.1951,55.7894,130.0716,75.5707
2020-09-23 06:00:00+00:00,34.8280,36.5438,37.3532,96.7599,66.0515
2020-09-23 07:00:00+00:00,38.6435,44.3612,44.3704,108.8310,71.4063
2020-09-23 08:00:00+00:00,33.7651,38.5088,38.5738,96.2572,62.8335
2020-09-23 09:00:00+00:00,22.4974,25.8133,24.3546,69.7833,52.4008
2020-09-23 10:00:00+00:00,25.8874,30.5682,27.7081,82.7588,42.6364
2020-09-23 11:00:00+00:00,29.9854,34.1500,33.2206,91.9075,44.2127
2020-09-23 12:00:00+00:00,28.5015,27.3503,26.6976,89.7915,35.4449
2020-09-23 13:00:00+00:00,25.2498,25.2430,24.4465,77.5066,19.0844
2020-09-23 14:00:00+00:00,24.9786,24.6687,25.4160,73.0778,15.0031
2020-09-23 15:00:00+00:00,30.4612,32.5278,32.6811,90.1045,17.9294
2020-09-23 16:00:00+00:00,34.3263,36.3103,37.6752,99.6625,27.8081
2020-09-23 17:00:00+00:00,31.4133,32.9906,35.9065,90.0912,31.6511
2020-09-23 18:00:00+00:00,24.3959,24.7932,27.5505,68.9695,35.4233
2020-09-23 19:00:00+00:00,24.2010,26.6963,28.8139,63.4218,38.5312
2020-09-23 20:00:00+00:00,26.2982,28.5156,30.6434,72.4403,41.9702
2020-09-23 21:00:00+00:00,34.4805,36.8885,41.5683,86.7810,37.9180
2020-09-23 22:00:00+00:00,34.0842,35.5587,42.0860,85.4545,40.0730
2020-09-23 23:00:00+00:00,34.2977,38.3264,42.4061,86.1431,39.8639
2020-09-24 00:00:00+00:00,42.3680,49.9108,51.5521,111.3135,60.0466
2020-09-24 01:00:00+00:00,37.1845,38.0718,44.9212,95.9982,75.5172
2020-09-24 02:00:00+00:00,24.1385,22.4245,27.8847,60.3955,67.2682
2020-09-24 03:00:00+00:00,15.2971,12.1627,15.9769,43.3604,50.9897
2020-09-24 04:00:00+00:00,8.8701,6.2151,8.8240,29.2974,51.2786
2020-09-24 05:00:00+00:00,4.8361,3.7205,4.2224,17.5959,30.4600
2020-09-24 06:00:00+00:00,3.9575,3.0178,3.3678,16.1807,19.4212
2020-09-24 07:00:00+00:00,3.8821,4.9049,3.8277,15.0551,16.0553
2020-09-24 08:00:00+00:00,9.4438,12.6710,10.2143,33.9392,9.3878
2020-09-24 09:00:00+00:00,10.8870,14.8248,12.8689,36.9279,8.6860
2020-09-24 10:00:00+00:00,18.9575,21.5943,20.0418,57.7066,0.0000
2020-09-24 11:00:00+00:00,26.1140,28.2108,26.6013,80.5236,18.6739
2020-09-24 12:00:00+00:00,28.4534,26.0655,26.0069,89.7236,24.3326
2020-09-24 13:00:00+00:00,22.3007,22.8811,20.9603,70.9617,6.9416
2020-09-24 14:00:00+00:00,19.3433,22.0744,21.3775,57.0859,3.2164
2020-09-24 15:00:00+00:00,16.5279,18.1233,18.8993,45.4582,4.9890
2020-09-24 16:00:00+00:00,13.6472,14.1572,15.7104,34.7523,5.6365
2020-09-24 17:00:00+00:00,10.1157,10.9684,11.9929,26.9447,3.9808
2020-09-24 18:00:00+00:00,8.2128,9.8571,10.6164,22.9507,6.0367
2020-09-24 19:00:00+00:00,6.7551,8.5665,8.3759,20.4283,12.7997
2020-09-24 20:00:00+00:00,4.8468,5.2215,4.9626,16.9289,13.0661
2020-09-24 21:00:00+00:00,2.4504,2.6911,2.1601,9.3468,11.5137
2020-09-24 22:00:00+00:00,3.1736,2.5122,2.7413,11.9387,4.1901
2020-09-24 23:00:00+00:00,1.1747,0.0000,0.0000,5.4169,0.0000
2020-09-25 00:00:00+00:00,0.3701,0.0000,0.0000,4.7361,0.0000
2020-09-25 01:00:00+00:00,0.0000,0.0000,0.0000,0.0000,0.0000
2020-09-25 02:00:00+00:00,0.0000,0.0000,0.0000,0.0000,0.0000
2020-09-25 03:00:00+00:00,0.0000,0.0000,0.0000,0.0000,0.0000
2020-09-25 04:00:00+00:00,1.4238,4.9750,2.1175,7.7393,0.0000
2020-09-25 05:00:00+00:00,9.7764,16.3541,17.1262,23.8088,0.0000
2020-09-25 06:00:00+00:00,8.2627,17.4284,20.5961,13.2163,0.0000
2020-09-25 07:00:00+00:00,10.0454,23.0917,22.8226,11.5644,0.0000
2020-09-25 08:00:00+00:00,8.5096,22.6938,18.9483,10.7598,3.6995
2020-09-25 09:00:00+00:00,6.6588,21.7223,13.5862,11.4439,7.2201
2020-09-25 10:00:00+00:00,7.7270,16.7048,13.7486,11.6308,5.0131
2020-09-25 11:00:00+00:00,11.1697,26.4479,22.1806,16.1773,1.2793
2020-09-25 12:00:00+00:00,10.9855,28.7291,19.5340,18.3540,2.3730
2020-09-25 13:00:00+00:00,2.6899,9.7342,4.6339,2.7289,0.0000
2020-09-25 14:00:00+00:00,0.0000,0.0000,0.0000,0.0000,0.0000
2020-09-25 15:00:00+00:00,0.0000,0.0000,0.0000,0.0000,2.9879
2020-09-25 16:00:00+00:00,0.0000,0.0000,0.0000,0.4620,6.0047
2020-09-25 17:00:00+00:00,0.0000,0.0000,0.0000,3.2395,4.7404
2020-09-25 18:00:00+00:00,0.0000,0.0000,0.0000,3.9933,3.9623
2020-09-25 19:00:00+00:00,0.0000,0.0000,0.0000,4.6460,5.0416
2020-09-25 20:00:00+00:00,0.0000,0.0000,0.0000,1.8769,4.6307
2020-09-25 21:00:00+00:00,0.0000,0.0000,0.0000,0.0000,1.4691
2020-09-25 22:00:00+00:00,0.0000,0.0000,0.0000,0.0000,0.0000
2020-09-25 23:00:00+00:00,0.0000,0.0000,0.0000,0.0000,0.0000
2020-09-26 00:00:00+00:00,0.6467,3.4409,1.6617,0.0000,0.0000
2020-09-26 01:00:00+00:00,0.1583,4.0482,1.6099,0.0000,0.0000
2020-09-26 02:00:00+00:00,2.4219,2.6907,3.9553,3.5966,0.0000
2020-09-26 03:00:00+00:00,5.9888,7.4046,7.7380,17.4398,2.0253
2020-09-26 04:00:00+00:00,8.6869,9.7215,9.7255,22.8589,6.0725
2020-09-26 05:00:00+00:00,12.8727,12.5465,12.4080,31.9770,10.2972
2020-09-26 06:00:00+00:00,18.1312,16.8242,16.8252,45.3348,14.8592
2020-09-26 07:00:00+00:00,19.4115,17.0729,17.4858,48.1779,25.8468
2020-09-26 08:00:00+00:00,19.7947,18.9625,17.7705,51.6463,15.1158
2020-09-26 09:00:00+00:00,19.0227,18.7758,18.2355,48.8089,16.1732
2020-09-26 10:00:00+00:00,17.1304,17.0318,16.9642,45.0339,15.4339
2020-09-26 11:00:00+00:00,23.0939,20.8200,21.3304,49.9740,10.6489
2020-09-26 12:00:00+00:00,17.3028,15.1658,14.8050,38.0462,8.3989
2020-09-26 13:00:00+00:00,15.9476,10.4459,11.7879,31.6696,11.0883
2020-09-26 14:00:00+00:00,8.6457,4.1264,7.8746,15.0055,11.5068
2020-09-26 15:00:00+00:00,6.2123,2.4652,6.8890,9.1735,14.9756
2020-09-26 16:00:00+00:00,5.6180,3.6108,7.0926,9.2282,16.5993
2020-09-26 17:00:00+00:00,6.3721,5.3613,8.1683,12.5502,23.8890
2020-09-26 18:00:00+00:00,6.8736,6.9249,8.3648,15.9788,18.8676
2020-09-26 19:00:00+00:00,5.1295,5.2652,6.1052,13.0172,12.4404
2020-09-26 20:00:00+00:00,5.0142,4.2675,6.3992,13.0933,16.4809
2020-09-26 21:00:00+00:00,8.9090,8.4577,11.2723,24.0987,16.3322
2020-09-26 22:00:00+00:00,11.3844,12.4262,13.9422,27.6220,14.9298
2020-09-26 23:00:00+00:00,11.4112,11.6122,12.7951,21.9445,15.0661
2020-09-27 00:00:00+00:00,31.4438,31.6736,34.1596,66.2826,24.6320
2020-09-27 01:00:00+00:00,43.1606,40.2695,43.4154,85.5123,40.5180
2020-09-27 02:00:00+00:00,62.8495,52.5379,54.2931,128.7223,40.5999
2020-09-27 03:00:00+00:00,64.6432,57.8716,61.8051,139.7923,26.3269
2020-09-27 04:00:00+00:00,71.9547,68.9187,77.4541,167.6065,24.3692
2020-09-27 05:00:00+00:00,62.8589,64.9560,69.9996,145.0299,16.7660
2020-09-27 06:00:00+00:00,62.0297,60.4241,67.3151,138.1774,33.1532
2020-09-27 07:00:00+00:00,51.5994,49.8705,55.4532,113.1463,39.0456
2020-09-27 08:00:00+00:00,53.0968,50.1775,55.3062,114.9819,27.0165
2020-09-27 09:00:00+00:00,52.6032,51.8724,50.2563,119.5173,17.7849
2020-09-27 10:00:00+00:00,63.4398,53.2071,53.0940,110.0004,24.5943
2020-09-27 11:00:00+00:00,73.5013,63.2810,59.0292,111.2249,35.9071
2020-09-27 12:00:00+00:00,63.7501,51.3830,45.9400,100.4490,27.0075
2020-09-27 13:00:00+00:00,61.5077,52.0175,49.3635,127.9153,46.7023
2020-09-27 14:00:00+00:00,50.9187,40.2753,45.1481,83.2872,48.2991
2020-09-27 15:00:00+00:00,48.9983,40.3184,48.9012,78.7850,52.2414
2020-09-27 16:00:00+00:00,41.6736,35.0983,43.0825,69.5812,46.3636
2020-09-27 17:00:00+00:00,35.6243,30.0812,38.6058,62.8008,47.0910
2020-09-27 18:00:00+00:00,29.8720,26.0319,34.0541,55.8917,45.5789
2020-09-27 19:00:00+00:00,25.3949,21.6409,28.8646,46.5916,39.0719
2020-09-27 20:00:00+00:00,25.3494,21.7785,30.1112,47.6201,43.5741
2020-09-27 21:00:00+00:00,22.4837,19.3392,25.7535,41.2480,45.1549
2020-09-27 22:00:00+00:00,32.1053,28.1987,34.5933,52.6344,35.7268
2020-09-27 23:00:00+00:00,20.3818,14.4556,22.2948,19.2171,18.0320
2020-09-28 00:00:00+00:00,33.9116,24.2110,34.0868,42.2754,34.5139
2020-09-28 01:00:00+00:00,55.2298,43.5637,51.1024,106.4906,42.3215
2020-09-28 02:00:00+00:00,69.6540,60.6230,65.1463,149.8536,39.6615
2020-09-28 03:00:00+00:00,55.5509,49.9664,48.0725,132.8609,33.7648
2020-09-28 04:00:00+00:00,63.4856,59.4367,53.1235,154.7190,29.1683
2020-09-28 05:00:00+00:00,67.7938,63.0116,54.1793,173.0013,16.2828
2020-09-28 06:00:00+00:00,67.4845,61.6641,51.6488,183.0244,16.9910
2020-09-28 07:00:00+00:00,53.5991,50.9447,36.6969,146.9994,8.5141
2020-09-28 08:00:00+00:00,48.7123,42.0805,26.4778,122.6849,8.7426
2020-09-28 09:00:00+00:00,34.7551,27.4837,18.6971,82.8784,10.3166
2020-09-28 10:00:00+00:00,22.8012,22.1291,17.5223,64.6459,13.6062
2020-09-28 11:00:00+00:00,17.9736,19.7714,15.5473,50.4459,17.9889
2020-09-28 12:00:00+00:00,8.2209,8.7991,6.9185,20.4112,6.6769
2020-09-28 13:00:00+00:00,3.0751,1.9738,2.0057,4.5678,0.0000
2020-09-28 14:00:00+00:00,1.8583,1.7193,3.1040,0.0000,7.4575
2020-09-28 15:00:00+00:00,0.0000,0.0000,0.0000,0.0000,6.9364
2020-09-28 16:00:00+00:00,2.0492,0.1654,2.5468,3.1456,9.5719
2020-09-28 17:00:00+00:00,5.1098,3.1291,5.4866,10.1162,19.3199
2020-09-28 18:00:00+00:00,1.3105,0.0000,1.6472,0.0000,25.9637
2020-09-28 19:00:00+00:00,14.1788,10.0056,17.0361,20.9436,29.4454
2020-09-28 20:00:00+00:00,13.1889,13.0439,17.4333,23.7788,25.6803
2020-09-28 21:00:00+00:00,19.0603,20.7769,26.5614,38.6793,35.6966
2020-09-28 22:00:00+00:00,20.5981,21.8762,27.8945,42.8677,30.9481
2020-09-28 23:00:00+00:00,19.5193,16.2235,25.3806,33.4767,29.0563
2020-09-29 00:00:00+00:00,47.0469,48.2691,50.7425,96.5720,50.8090
2020-09-29 01:00:00+00:00,55.9141,63.1692,56.2055,117.1561,74.5510
2020-09-29 02:00:00+00:00,72.4906,78.5533,68.2698,183.2794,54.9949
2020-09-29 03:00:00+00:00,70.8959,81.9783,70.0211,199.9395,53.0430
2020-09-29 04:00:00+00:00,76.5437,89.3294,90.6561,201.1868,68.7503
2020-09-29 05:00:00+00:00,75.5618,89.1820,90.5829,194.8382,76.2279
2020-09-29 06:00:00+00:00,76.6567,84.7998,89.2439,198.5926,78.8788
2020-09-29 07:00:00+00:00,79.6065,97.2631,103.1915,210.5383,78.7497
2020-09-29 08:00:00+00:00,79.7502,97.9759,102.9229,212.9233,77.4646
2020-09-29 09:00:00+00:00,79.0167,96.8202,101.9055,210.6087,60.8839
2020-09-29 10:00:00+00:00,78.1382,96.0508,100.8871,207.0670,28.5965
2020-09-29 11:00:00+00:00,78.3570,95.6499,100.7151,206.4311,10.7783
2020-09-29 12:00:00+00:00,73.9687,79.9835,80.6269,172.6591,28.6698
2020-09-29 13:00:00+00:00,54.9043,57.7965,64.4716,127.8390,28.4836
2020-09-29 14:00:00+00:00,57.9188,42.9903,59.9005,113.8719,14.1094
2020-09-29 15:00:00+00:00,22.5007,26.5984,24.4725,51.2647,10.7018
2020-09-29 16:00:00+00:00,9.8307,10.0129,10.2700,22.5605,3.5819
2020-09-29 17:00:00+00:00,5.1582,5.0221,6.0929,9.1579,0.0000
2020-09-29 18:00:00+00:00,3.8121,3.7791,4.5421,6.1746,0.0000
2020-09-29 19:00:00+00:00,2.9338,1.6757,1.6695,8.7363,0.0000
2020-09-29 20:00:00+00:00,12.1151,10.3579,9.6363,38.5559,0.0000
2020-09-29 21:00:00+00:00,14.1794,12.3360,11.4680,29.0744,0.0000
2020-09-29 22:00:00+00:00,14.5139,8.9582,11.1826,24.8947,0.0000
2020-09-29 23:00:00+00:00,8.0112,5.9727,7.0306,7.2971,0.0000
2020-09-30 00:00:00+00:00,2.4704,2.1046,3.2679,3.1480,0.0000
2020-09-30 01:00:00+00:00,6.9483,5.5622,7.1693,11.4892,0.0000
2020-09-30 02:00:00+00:00,4.7602,3.5789,4.4742,7.1739,0.0000
2020-09-30 03:00:00+00:00,0.6764,0.0000,0.0000,0.0000,0.0000
2020-09-30 04:00:00+00:00,0.0000,0.0000,0.0000,0.0000,0.0000
2020-09-30 05:00:00+00:00,0.0000,0.0000,0.0000,0.0000,0.0000
2020-09-30 06:00:00+00:00,1.5232,0.7329,0.4902,7.4186,0.7793
2020-09-30 07:00:00+00:00,0.0000,0.0000,0.0000,0.0000,0.0000
2020-09-30 08:00:00+00:00,4.5685,5.1561,5.3348,14.4735,0.0000
2020-09-30 09:00:00+00:00,4.7270,4.7530,4.2514,14.9223,0.0000
2020-09-30 10:00:00+00:00,12.4557,13.9240,14.1736,37.0736,0.0000
2020-09-30 11:00:00+00:00,29.7045,29.9166,31.8256,94.4908,15.9808
2020-09-30 12:00:00+00:00,18.5395,20.9898,17.7027,59.5114,13.3647
2020-09-30 13:00:00+00:00,45.0316,48.1811,50.2281,121.9469,7.7354
2020-09-30 14:00:00+00:00,18.0690,16.0002,17.0765,60.7363,30.3906
2020-09-30 15:00:00+00:00,22.3946,22.7164,22.9058,50.6407,5.4748
2020-09-30 16:00:00+00:00,35.9456,37.9800,38.9858,112.2946,70.0092
2020-09-30 17:00:00+00:00,60.1099,62.7907,68.9091,167.4473,76.0063
2020-09-30 18:00:00+00:00,52.9341,60.2066,67.9069,144.3267,73.7131
2020-09-30 19:00:00+00:00,58.4946,80.0866,80.1966,172.1590,75.3378
2020-09-30 20:00:00+00:00,58.1182,68.0529,76.5918,146.2304,79.9000
2020-09-30 21:00:00+00:00,40.1453,45.0599,54.7645,94.0991,79.8450
2020-09-30 22:00:00+00:00,46.2766,53.5456,66.0930,99.8107,51.8388
2020-09-30 23:00:00+00:00,39.5025,42.8865,56.1936,82.0769,37.7917
2020-10-01 00:00:00+00:00,26.6902,33.8680,41.8117,55.7379,37.3050
2020-10-01 01:00:00+00:00,30.1589,37.4261,42.1826,79.8500,53.7574
2020-10-01 02:00:00+00:00,39.1170,47.9906,46.8659,124.7638,79.9000
2020-10-01 03:00:00+00:00,34.7647,35.3041,41.8946,92.4074,40.4541
2020-10-01 04:00:00+00:00,47.0288,43.9727,59.0041,135.3387,4.8096
2020-10-01 05:00:00+00:00,43.2529,43.5306,64.7119,123.2451,3.2784
2020-10-01 06:00:00+00:00,44.6743,44.4284,47.7650,169.1431,9.5669
2020-10-01 07:00:00+00:00,46.4270,49.9542,40.1873,176.7174,35.2801
2020-10-01 08:00:00+00:00,58.1312,67.0094,63.5096,204.4922,77.1002
2020-10-01 09:00:00+00:00,46.7981,55.0401,64.4628,148.6979,58.1741
2020-10-01 10:00:00+00:00,38.5662,38.8281,50.9692,109.0563,76.1294
2020-10-01 11:00:00+00:00,38.3236,39.6025,53.8557,107.6428,60.5023
2020-10-01 12:00:00+00:00,26.5978,31.7204,30.3875,99.7702,21.6949
2020-10-01 13:00:00+00:00,24.1546,33.3791,21.2188,113.2455,46.3546
2020-10-01 14:00:00+00:00,20.7359,24.1068,22.4196,79.9178,35.2833
2020-10-01 15:00:00+00:00,26.9144,32.5144,28.1111,96.4143,27.7263
2020-10-01 16:00:00+00:00,23.5653,27.5207,25.3509,81.8186,34.7030
2020-10-01 17:00:00+00:00,23.9836,30.9130,28.2889,78.3470,34.4698
2020-10-01 18:00:00+00:00,17.5563,22.6663,21.7636,49.8693,27.6531
2020-10-01 19:00:00+00:00,28.7125,37.9336,37.0939,77.1499,22.9323
2020-10-01 20:00:00+00:00,21.8224,29.5244,25.6195,60.8498,18.8041
2020-10-01 21:00:00+00:00,20.5075,24.2631,24.0820,48.4019,14.8626
2020-10-01 22:00:00+00:00,15.7355,16.1821,17.8895,32.9594,11.1331
2020-10-01 23:00:00+00:00,17.7558,19.7696,21.6886,36.2932,4.2625
2020-10-02 00:00:00+00:00,13.5564,15.7986,15.8581,30.4571,2.9266
2020-10-02 01:00:00+00:00,15.7188,17.3662,17.1230,41.6431,3.7332
2020-10-02 02:00:00+00:00,16.9348,18.7801,20.1089,42.3181,4.1866
2020-10-02 03:00:00+00:00,17.5123,23.8563,21.4959,46.0613,2.7958
2020-10-02 04:00:00+00:00,13.8892,20.6442,15.3064,39.0600,0.0000
2020-10-02 05:00:00+00:00,11.9332,18.3380,13.7613,35.4682,0.0000
2020-10-02 06:00:00+00:00,10.1847,13.6506,12.2779,32.2078,0.0000
2020-10-02 07:00:00+00:00,5.6236,7.7160,6.3514,18.4017,0.0000
2020-10-02 08:00:00+00:00,2.2918,3.3462,2.3397,7.9205,0.0000
2020-10-02 09:00:00+00:00,1.6802,2.9481,1.7858,6.4637,0.0000
2020-10-02 10:00:00+00:00,0.0000,0.0000,0.0000,0.0000,5.0111
2020-10-02 11:00:00+00:00,0.0000,0.0000,0.0000,0.0000,4.3759
2020-10-02 12:00:00+00:00,0.0000,0.0000,0.0000,0.0000,11.0851
2020-10-02 13:00:00+00:00,0.0000,0.0000,0.0000,0.0000,9.6733
2020-10-02 14:00:00+00:00,0.0000,0.0000,0.0000,0.0000,0.0000
2020-10-02 15:00:00+00:00,0.0000,0.0000,0.0000,0.0000,0.0000
2020-10-02 16:00:00+00:00,0.0000,0.0000,0.0000,0.0000,0.1398
2020-10-02 17:00:00+00:00,2.6525,1.4731,3.2770,3.9842,2.0389
2020-10-02 18:00:00+00:00,3.8243,3.2491,3.0365,14.3436,13.1798
2020-10-02 19:00:00+00:00,4.4704,3.4503,4.6928,12.0598,4.9837
2020-10-02 20:00:00+00:00,4.5165,5.0626,5.6253,9.5020,5.6207
2020-10-02 21:00:00+00:00,8.9399,10.0740,10.9042,24.5177,14.8387
2020-10-02 22:00:00+00:00,1.6846,3.2509,2.1859,5.8811,9.5305
2020-10-02 23:00:00+00:00,3.4646,1.8795,2.7274,8.2606,3.6094
2020-10-03 00:00:00+00:00,4.9119,3.6306,5.0294,10.6387,20.1550
2020-10-03 01:00:00+00:00,10.4409,11.9144,10.6209,27.8019,21.3456
2020-10-03 02:00:00+00:00,3.6793,2.9537,3.3523,12.8484,2.1031
2020-10-03 03:00:00+00:00,5.4837,7.9923,8.2006,3.8455,0.0000
2020-10-03 04:00:00+00:00,4.7937,1.5013,3.8961,15.7942,0.0000
2020-10-03 05:00:00+00:00,4.4050,6.6089,7.6700,0.0000,0.0000
2020-10-03 06:00:00+00:00,1.1441,1.0170,0.6958,4.7383,0.0000
2020-10-03 07:00:00+00:00,0.0000,0.0000,0.0000,0.0000,0.0000
2020-10-03 08:00:00+00:00,0.0000,0.0000,0.0000,0.0000,0.0000
2020-10-03 09:00:00+00:00,0.0000,0.0000,0.0000,0.0000,0.0000
2020-10-03 10:00:00+00:00,2.0684,1.6169,1.9065,4.8319,0.0000
2020-10-03 11:00:00+00:00,1.1619,1.1814,0.4005,4.4696,0.0000
2020-10-03 12:00:00+00:00,1.2823,1.6390,0.2726,6.7690,0.0000
2020-10-03 13:00:00+00:00,0.0000,0.0000,0.0000,0.0000,0.0000
2020-10-03 14:00:00+00:00,0.0000,0.0000,0.0000,0.0000,0.0000
2020-10-03 15:00:00+00:00,0.0000,0.0000,0.0000,0.0000,3.1063
2020-10-03 16:00:00+00:00,0.0000,0.0000,0.0000,0.0000,16.0937
2020-10-03 17:00:00+00:00,0.0000,0.0000,0.0000,0.0000,20.3986
2020-10-03 18:00:00+00:00,0.3901,0.6264,0.1547,0.1306,28.8718
2020-10-03 19:00:00+00:00,0.4770,0.0000,0.0000,4.4558,17.7818
2020-10-03 20:00:00+00:00,0.0000,0.0000,0.0000,0.2510,13.2472
2020-10-03 21:00:00+00:00,0.0000,0.0000,0.0000,0.0000,9.6211
2020-10-03 22:00:00+00:00,0.0000,0.0000,0.0000,0.0000,4.9372
2020-10-03 23:00:00+00:00,0.0000,0.0000,0.0000,0.0000,5.5078
2020-10-04 00:00:00+00:00,0.0000,0.0000,0.0000,0.0000,6.7228
2020-10-04 01:00:00+00:00,0.0000,0.0000,0.0000,0.0000,4.4220
2020-10-04 02:00:00+00:00,0.0000,0.0000,0.0000,0.0000,2.8499
2020-10-04 03:00:00+00:00,0.0000,0.0000,0.0000,0.0000,4.2619
2020-10-04 04:00:00+00:00,0.0000,0.0000,0.0000,0.0000,10.4594
2020-10-04 05:00:00+00:00,0.0000,0.0000,0.0000,0.0000,15.1010
2020-10-04 06:00:00+00:00,0.0000,0.0000,0.0000,0.0000,16.3545
2020-10-04 07:00:00+00:00,1.6165,0.9244,4.1610,3.8732,12.2254
2020-10-04 08:00:00+00:00,3.2000,3.3042,6.4998,7.0080,11.9041
2020-10-04 09:00:00+00:00,3.9598,4.8088,7.3770,7.6661,12.2315
2020-10-04 10:00:00+00:00,7.9705,5.4718,10.1469,11.0038,31.1366
2020-10-04 11:00:00+00:00,11.8802,8.4256,13.6113,17.4253,23.8071
2020-10-04 12:00:00+00:00,13.1766,10.1476,12.3722,22.2819,22.5602
2020-10-04 13:00:00+00:00,4.9039,2.1623,2.1850,10.0930,8.9927
2020-10-04 14:00:00+00:00,0.0000,0.0000,0.0000,0.0000,6.1064
2020-10-04 15:00:00+00:00,0.0000,0.0000,0.0000,0.0000,4.8590
2020-10-04 16:00:00+00:00,0.0000,0.0000,0.0000,0.0000,3.7176
2020-10-04 17:00:00+00:00,0.0000,0.0000,0.0000,0.0000,3.7278
2020-10-04 18:00:00+00:00,0.0000,0.0000,0.0000,0.0000,8.0396
2020-10-04 19:00:00+00:00,0.7166,0.0000,0.3969,0.0000,9.0527
2020-10-04 20:00:00+00:00,0.0000,0.0000,0.0000,0.0000,4.9048
2020-10-04 21:00:00+00:00,0.0000,0.0000,0.0000,0.0000,5.6235
2020-10-04 22:00:00+00:00,0.0000,0.0000,0.0000,0.0000,7.7706
2020-10-04 23:00:00+00:00,0.0000,0.0000,0.0000,0.0000,7.4341
2020-10-05 00:00:00+00:00,0.0000,0.0000,0.0000,0.0000,15.3851
2020-10-05 01:00:00+00:00,2.3317,0.0000,2.6402,4.7219,30.8277
2020-10-05 02:00:00+00:00,13.6410,7.9175,11.2468,31.2765,21.8750
2020-10-05 03:00:00+00:00,21.0021,19.7242,18.8108,56.8359,21.5177
2020-10-05 04:00:00+00:00,19.1179,23.3602,18.8943,53.8138,17.5686
2020-10-05 05:00:00+00:00,15.4720,18.3048,15.1198,43.6804,13.3704
2020-10-05 06:00:00+00:00,16.2713,17.1394,15.8276,40.6704,12.4603
2020-10-05 07:00:00+00:00,12.2542,12.3579,11.7045,29.5770,11.2973
2020-10-05 08:00:00+00:00,10.9625,11.3195,10.0271,21.0432,17.1622
2020-10-05 09:00:00+00:00,8.8901,9.3043,8.0775,22.9882,11.9229
2020-10-05 10:00:00+00:00,18.7232,17.7512,15.3027,49.6939,14.1211
2020-10-05 11:00:00+00:00,20.8632,17.9726,17.6157,54.8624,17.8155
2020-10-05 12:00:00+00:00,18.4880,16.9207,19.0300,42.7109,10.5595
2020-10-05 13:00:00+00:00,5.6723,5.8337,6.1464,9.9503,3.4746
2020-10-05 14:00:00+00:00,5.1537,1.6709,3.9002,13.0442,5.4767
2020-10-05 15:00:00+00:00,3.9421,2.5402,3.9837,8.8685,4.1181
2020-10-05 16:00:00+00:00,2.1230,2.6115,2.5032,5.2081,4.4108
2020-10-05 17:00:00+00:00,2.7734,3.6205,3.5240,6.4526,8.3753
2020-10-05 18:00:00+00:00,1.5994,1.9502,1.9630,4.0380,12.1693
2020-10-05 19:00:00+00:00,2.2869,2.3513,2.9165,5.5916,12.1952
2020-10-05 20:00:00+00:00,1.2796,2.3707,1.7873,3.3541,11.3853
2020-10-05 21:00:00+00:00,1.8335,2.3147,2.6039,1.2412,6.7235
2020-10-05 22:00:00+00:00,5.0730,5.9048,6.0939,14.4363,7.0023
2020-10-05 23:00:00+00:00,2.6796,2.3065,2.6300,9.2711,8.6450
2020-10-06 00:00:00+00:00,0.3108,0.0000,0.0000,3.2190,12.6251
2020-10-06 01:00:00+00:00,0.0000,0.0000,0.0000,0.0000,13.9974
2020-10-06 02:00:00+00:00,4.5207,1.1017,3.4780,7.4643,14.9044
2020-10-06 03:00:00+00:00,11.7659,12.1142,11.6425,26.2710,7.9267
2020-10-06 04:00:00+00:00,18.8869,22.8993,19.7704,37.5813,7.3138
2020-10-06 05:00:00+00:00,27.8306,29.5822,26.8155,55.2884,9.2124
2020-10-06 06:00:00+00:00,32.0145,33.6189,30.2192,68.9016,18.5359
2020-10-06 07:00:00+00:00,31.4579,36.9704,32.1444,76.6168,13.5764
2020-10-06 08:00:00+00:00,24.5093,29.6489,25.7121,58.1579,13.2372
2020-10-06 09:00:00+00:00,28.6217,33.8795,31.0715,61.0057,16.1286
2020-10-06 10:00:00+00:00,28.9161,28.2017,29.3002,56.9917,7.4054
2020-10-06 11:00:00+00:00,35.5906,33.4874,36.0150,73.4462,9.0001
2020-10-06 12:00:00+00:00,33.8118,27.8257,35.0329,53.6833,8.2317
2020-10-06 13:00:00+00:00,25.7545,20.8929,26.5085,32.7791,12.3784
2020-10-06 14:00:00+00:00,30.6774,28.5032,35.6864,48.4105,38.0722
2020-10-06 15:00:00+00:00,39.5055,38.5986,45.9067,70.5266,44.9302
2020-10-06 16:00:00+00:00,34.2866,33.5854,38.7544,66.2345,43.2211
2020-10-06 17:00:00+00:00,26.2146,23.8768,29.9656,48.3007,42.8070
2020-10-06 18:00:00+00:00,24.1847,20.6381,27.7911,45.6492,35.2452
2020-10-06 19:00:00+00:00,34.8212,29.8769,40.4426,65.3616,38.4525
2020-10-06 20:00:00+00:00,27.6387,22.7344,31.3807,50.4636,28.5842
2020-10-06 21:00:00+00:00,22.9810,18.2558,23.8499,42.2695,30.1107
2020-10-06 22:00:00+00:00,15.7345,13.4084,15.9428,28.1638,12.4870
2020-10-06 23:00:00+00:00,21.6821,20.3056,20.5232,40.0724,16.3903
2020-10-07 00:00:00+00:00,34.2292,28.0650,30.1838,73.0183,31.5792
2020-10-07 01:00:00+00:00,48.4600,44.1985,45.5849,110.1694,27.7249
2020-10-07 02:00:00+00:00,56.8427,54.6781,54.1270,136.1323,17.9229
2020-10-07 03:00:00+00:00,49.5390,47.8914,47.5507,129.7508,26.7223
2020-10-07 04:00:00+00:00,38.6480,40.0901,39.5641,109.7754,49.4053
2020-10-07 05:00:00+00:00,37.7343,44.8907,50.2699,92.9739,62.2888
2020-10-07 06:00:00+00:00,43.9388,48.5386,52.9631,105.4878,42.0041
2020-10-07 07:00:00+00:00,48.2761,48.2381,50.8413,114.9627,43.0607
2020-10-07 08:00:00+00:00,34.6286,40.8197,38.3736,93.0130,53.1263
2020-10-07 09:00:00+00:00,32.9642,39.8022,35.2179,92.6252,50.6310
2020-10-07 10:00:00+00:00,25.6163,31.9604,26.4777,70.9953,66.7492
2020-10-07 11:00:00+00:00,30.8663,37.2530,32.8481,96.9645,73.1288
2020-10-07 12:00:00+00:00,33.5564,30.6360,46.9512,80.2292,61.0215
2020-10-07 13:00:00+00:00,53.5694,60.3236,82.2194,122.6320,78.8539
2020-10-07 14:00:00+00:00,37.7916,36.5224,50.3100,62.5787,79.9000
2020-10-07 15:00:00+00:00,55.7390,54.3827,79.9263,100.7345,79.9000
2020-10-07 16:00:00+00:00,72.4113,73.6572,96.7161,159.7197,79.9000
2020-10-07 17:00:00+00:00,78.9371,97.7318,104.9049,206.0303,78.7200
2020-10-07 18:00:00+00:00,80.9155,93.4061,104.2192,215.1946,79.1116
2020-10-07 19:00:00+00:00,81.0000,100.4955,106.5000,215.2000,79.9000
2020-10-07 20:00:00+00:00,60.3816,75.1990,69.7734,205.0021,79.9000
2020-10-07 21:00:00+00:00,81.0000,99.5646,106.5000,215.2000,79.9000
2020-10-07 22:00:00+00:00,81.0000,100.5000,106.5000,215.2000,79.9000
2020-10-07 23:00:00+00:00,81.0000,99.0617,106.5000,215.2000,79.9000
2020-10-08 00:00:00+00:00,81.0000,100.5000,106.5000,215.2000,79.9000
2020-10-08 01:00:00+00:00,81.0000,100.5000,106.5000,215.2000,79.8628
2020-10-08 02:00:00+00:00,81.0000,100.5000,106.5000,215.2000,79.4604
2020-10-08 03:00:00+00:00,81.0000,100.1821,106.5000,215.2000,78.7251
2020-10-08 04:00:00+00:00,81.0000,99.9204,106.5000,215.2000,78.2360
2020-10-08 05:00:00+00:00,80.4718,96.8841,104.0137,215.2000,66.0260
2020-10-08 06:00:00+00:00,73.3846,70.9641,82.7720,204.7249,51.4976
2020-10-08 07:00:00+00:00,78.8032,95.3560,101.9850,210.9910,63.3797
2020-10-08 08:00:00+00:00,61.2271,61.9226,69.7021,173.8576,45.5276
2020-10-08 09:00:00+00:00,46.9537,47.8936,53.8247,133.8881,34.3585
2020-10-08 10:00:00+00:00,49.0104,52.4866,59.5078,127.6036,24.6757
2020-10-08 11:00:00+00:00,54.0938,58.9983,64.7165,140.8121,32.1872
2020-10-08 12:00:00+00:00,62.5808,65.9233,74.0323,169.6500,19.9661
2020-10-08 13:00:00+00:00,52.7645,59.3159,63.5312,142.3982,34.4206
2020-10-08 14:00:00+00:00,69.1567,84.7026,81.2202,200.9531,45.9104
2020-10-08 15:00:00+00:00,52.1063,59.0870,59.8038,147.3003,59.6626
2020-10-08 16:00:00+00:00,59.9886,66.8580,70.6212,159.7521,68.6355
2020-10-08 17:00:00+00:00,62.8945,65.2273,74.2915,164.3097,58.5596
2020-10-08 18:00:00+00:00,50.4546,54.7971,61.4191,133.6360,56.5608
2020-10-08 19:00:00+00:00,69.1441,73.8090,85.0259,174.4494,74.0233
2020-10-08 20:00:00+00:00,64.9241,65.5719,78.2522,172.8011,48.7904
2020-10-08 21:00:00+00:00,53.0085,55.0442,63.4135,140.6165,35.4067
2020-10-08 22:00:00+00:00,39.1378,41.3545,46.5101,99.8822,19.3737
2020-10-08 23:00:00+00:00,22.8858,22.4453,27.4458,54.0069,11.6157
2020-10-09 00:00:00+00:00,20.6144,20.5457,26.2235,50.0625,14.1332
2020-10-09 01:00:00+00:00,17.2912,17.5464,21.6829,41.7987,7.5300
2020-10-09 02:00:00+00:00,7.5390,7.1920,7.9433,20.0930,3.7512
2020-10-09 03:00:00+00:00,3.5377,2.5600,3.3442,9.9124,0.3931
2020-10-09 04:00:00+00:00,0.0000,0.0000,0.0000,0.0000,0.0000
2020-10-09 05:00:00+00:00,0.0000,0.0000,0.0000,0.0000,0.0000
2020-10-09 06:00:00+00:00,0.0000,0.0000,0.0000,0.0000,0.0000
2020-10-09 07:00:00+00:00,0.0000,0.0000,0.0000,0.0000,0.0000
2020-10-09 08:00:00+00:00,0.0000,0.0000,0.0000,0.0000,2.7846
2020-10-09 09:00:00+00:00,0.0000,0.0000,0.0000,0.0000,3.1637
2020-10-09 10:00:00+00:00,0.2052,0.5667,0.0000,3.2979,0.0000
2020-10-09 11:00:00+00:00,4.0196,6.3380,4.8623,12.9373,0.0000
2020-10-09 12:00:00+00:00,13.7592,16.7480,16.3053,38.4970,0.0000
2020-10-09 13:00:00+00:00,10.9798,10.6618,10.3674,29.2077,2.6319
2020-10-09 14:00:00+00:00,11.9477,10.8563,12.6787,31.1618,0.0000
2020-10-09 15:00:00+00:00,12.7820,12.1706,14.0797,29.1182,2.8270
2020-10-09 16:00:00+00:00,12.3651,13.8197,14.9796,26.9427,6.4947
2020-10-09 17:00:00+00:00,11.8461,13.3923,15.1575,23.4153,8.7278
2020-10-09 18:00:00+00:00,15.3628,16.9248,19.7491,29.3765,7.5951
2020-10-09 19:00:00+00:00,27.3126,30.8394,34.8135,54.5805,9.1700
2020-10-09 20:00:00+00:00,15.8643,15.8628,19.0768,29.1565,6.5939
2020-10-09 21:00:00+00:00,11.5545,7.5416,14.1516,17.6467,2.4387
2020-10-09 22:00:00+00:00,4.8885,2.1740,6.1372,5.2137,2.4400
2020-10-09 23:00:00+00:00,6.7866,3.2249,5.9126,6.5332,8.0523
2020-10-10 00:00:00+00:00,16.0627,11.7569,11.6971,19.3336,11.2331
2020-10-10 01:00:00+00:00,36.1136,25.4521,25.8676,48.2710,13.7994
2020-10-10 02:00:00+00:00,50.4547,41.1650,41.7333,84.4345,28.2835
2020-10-10 03:00:00+00:00,77.0193,75.2764,86.1473,181.0945,40.0950
2020-10-10 04:00:00+00:00,80.5740,97.0103,104.7467,208.7808,79.9000
2020-10-10 05:00:00+00:00,81.0000,100.5000,106.5000,215.2000,79.9000
2020-10-10 06:00:00+00:00,81.0000,100.5000,106.5000,215.2000,79.9000
2020-10-10 07:00:00+00:00,81.0000,100.5000,106.5000,215.2000,79.9000
2020-10-10 08:00:00+00:00,81.0000,100.5000,106.5000,215.2000,79.9000
2020-10-10 09:00:00+00:00,81.0000,100.5000,106.5000,215.2000,79.9000
2020-10-10 10:00:00+00:00,81.0000,100.5000,106.5000,215.2000,79.9000
2020-10-10 11:00:00+00:00,81.0000,100.5000,106.5000,215.2000,79.9000
2020-10-10 12:00:00+00:00,81.0000,100.5000,106.5000,215.2000,79.2524
2020-10-10 13:00:00+00:00,79.2904,96.0264,103.2268,207.8006,76.2874
2020-10-10 14:00:00+00:00,77.2432,95.4576,101.3493,204.2659,77.4639
2020-10-10 15:00:00+00:00,77.1637,95.2063,101.8909,201.6827,76.6916
2020-10-10 16:00:00+00:00,77.7721,95.6069,103.0556,198.5842,77.3686
2020-10-10 17:00:00+00:00,77.5199,90.8383,101.9973,188.0903,76.7900
2020-10-10 18:00:00+00:00,79.7050,96.8864,104.5890,207.9125,78.6817
2020-10-10 19:00:00+00:00,80.6279,96.0007,104.1578,209.8784,79.9000
2020-10-10 20:00:00+00:00,64.8663,95.6530,88.1976,164.2247,79.9000
2020-10-10 21:00:00+00:00,81.0000,100.5000,106.5000,215.2000,79.9000
2020-10-10 22:00:00+00:00,81.0000,100.5000,106.5000,215.2000,79.9000
2020-10-10 23:00:00+00:00,81.0000,98.9467,106.5000,213.8976,79.9000
2020-10-11 00:00:00+00:00,79.2603,81.3880,101.8035,210.9773,64.5901
2020-10-11 01:00:00+00:00,78.1118,81.1365,99.1853,209.1332,76.1425
2020-10-11 02:00:00+00:00,77.6539,90.9692,101.4462,206.5364,76.9010
2020-10-11 03:00:00+00:00,57.2315,60.0724,70.8237,145.6291,50.7239
2020-10-11 04:00:00+00:00,41.4277,44.6085,52.2917,104.3021,43.1718
2020-10-11 05:00:00+00:00,25.9622,29.4873,32.8233,68.3525,34.8843
2020-10-11 06:00:00+00:00,13.6465,14.5594,17.4121,36.1202,16.0153
2020-10-11 07:00:00+00:00,8.5792,8.8352,10.5405,22.9538,19.5604
2020-10-11 08:00:00+00:00,6.1958,5.1863,7.1020,16.1569,23.4195
2020-10-11 09:00:00+00:00,3.8026,2.1488,3.4773,10.0988,16.8448
2020-10-11 10:00:00+00:00,2.7259,1.7878,2.6853,7.0309,12.7781
2020-10-11 11:00:00+00:00,5.6076,4.2548,6.9797,11.4992,6.7019
2020-10-11 12:00:00+00:00,5.7362,5.2948,8.0517,12.3784,3.9791
2020-10-11 13:00:00+00:00,8.1394,6.3059,10.6692,18.5410,3.2485
2020-10-11 14:00:00+00:00,6.4099,5.0196,8.2094,13.2963,3.2239
2020-10-11 15:00:00+00:00,2.6712,1.6222,3.3928,5.2522,0.5849
2020-10-11 16:00:00+00:00,1.6238,0.6613,1.8840,3.0232,4.1522
2020-10-11 17:00:00+00:00,1.0041,0.0000,0.8227,0.6585,9.8134
2020-10-11 18:00:00+00:00,1.4351,0.0999,1.7934,1.5756,11.1618
2020-10-11 19:00:00+00:00,2.9800,2.2877,3.7979,6.0013,8.9155
2020-10-11 20:00:00+00:00,3.4228,2.7384,4.5421,6.7771,8.9808
2020-10-11 21:00:00+00:00,1.3182,0.4701,1.8375,1.3859,11.7039
2020-10-11 22:00:00+00:00,2.5071,2.2604,3.7779,4.1615,7.0242
2020-10-11 23:00:00+00:00,6.6539,7.4314,10.9485,11.1206,4.9590
2020-10-12 00:00:00+00:00,12.2522,12.9227,20.4210,14.7503,2.1642
2020-10-12 01:00:00+00:00,22.7454,22.1893,35.9722,31.4848,0.0000
2020-10-12 02:00:00+00:00,34.1592,34.0323,53.3706,53.2600,8.7453
2020-10-12 03:00:00+00:00,37.6258,44.7627,58.8335,71.2201,34.1059
2020-10-12 04:00:00+00:00,43.4679,74.1356,74.1270,95.1710,54.7510
2020-10-12 05:00:00+00:00,37.3131,95.0333,73.9761,94.7385,75.6224
2020-10-12 06:00:00+00:00,34.2389,92.1531,74.4387,45.9389,78.3837
2020-10-12 07:00:00+00:00,60.2855,78.0171,81.9472,25.0740,79.9000
2020-10-12 08:00:00+00:00,77.0920,77.2558,95.0084,47.3786,79.9000
2020-10-12 09:00:00+00:00,74.5497,69.1546,77.1697,71.7858,79.9000
2020-10-12 10:00:00+00:00,79.9653,81.7137,100.8878,76.0171,79.9000
2020-10-12 11:00:00+00:00,79.4449,79.7086,99.4183,74.4495,79.9000
2020-10-12 12:00:00+00:00,73.0582,75.7895,92.2978,75.4717,79.8813
2020-10-12 13:00:00+00:00,46.1322,46.1688,58.6996,35.8568,78.8854
2020-10-12 14:00:00+00:00,19.7296,18.5173,37.2830,10.7808,76.2827
2020-10-12 15:00:00+00:00,7.9698,9.3133,13.2360,10.4671,75.5576
2020-10-12 16:00:00+00:00,9.8003,14.4635,10.6044,27.7795,76.0429
2020-10-12 17:00:00+00:00,9.9803,15.1117,8.3278,25.9648,72.0461
2020-10-12 18:00:00+00:00,10.6248,14.0635,11.1010,22.8001,70.6589
2020-10-12 19:00:00+00:00,19.8002,28.1908,25.4477,46.5073,66.3233
2020-10-12 20:00:00+00:00,21.7908,29.1358,27.9090,43.0823,58.2587
2020-10-12 21:00:00+00:00,16.1519,23.0909,19.0896,28.0739,63.9537
2020-10-12 22:00:00+00:00,15.0058,24.2496,18.1519,23.5127,67.6050
2020-10-12 23:00:00+00:00,18.3982,27.3478,23.1625,19.1164,76.4374
2020-10-13 00:00:00+00:00,35.1022,36.3707,35.7734,27.9989,79.9000
2020-10-13 01:00:00+00:00,46.9531,41.3844,48.3962,26.3427,79.9000
2020-10-13 02:00:00+00:00,61.6497,43.2077,99.0563,34.0345,79.9000
2020-10-13 03:00:00+00:00,79.5225,77.1019,106.5000,81.4696,79.9000
2020-10-13 04:00:00+00:00,81.0000,99.5189,106.5000,176.3871,79.9000
2020-10-13 05:00:00+00:00,81.0000,100.5000,106.5000,205.3717,79.9000
2020-10-13 06:00:00+00:00,81.0000,100.5000,106.5000,215.2000,79.9000
2020-10-13 07:00:00+00:00,81.0000,100.5000,106.5000,214.8525,79.9000
2020-10-13 08:00:00+00:00,81.0000,100.5000,106.5000,210.2743,79.9000
2020-10-13 09:00:00+00:00,81.0000,100.5000,106.5000,207.1374,79.9000
2020-10-13 10:00:00+00:00,81.0000,84.6367,106.5000,212.2685,79.9000
2020-10-13 11:00:00+00:00,81.0000,100.5000,106.5000,215.2000,79.9000
2020-10-13 12:00:00+00:00,81.0000,99.1275,106.5000,208.8266,79.9000
2020-10-13 13:00:00+00:00,79.9489,96.0451,103.7013,213.2634,79.9000
2020-10-13 14:00:00+00:00,81.0000,100.5000,106.5000,211.9283,76.1655
2020-10-13 15:00:00+00:00,81.0000,100.5000,104.0642,208.0652,54.6207
2020-10-13 16:00:00+00:00,79.1786,9.9645,55.7829,197.4417,37.5887
2020-10-13 17:00:00+00:00,77.2489,10.4163,47.4182,173.0949,32.8166
2020-10-13 18:00:00+00:00,53.3141,15.4999,51.5903,83.6863,26.9216
2020-10-13 19:00:00+00:00,42.5676,14.1957,31.1142,66.7069,29.0577
2020-10-13 20:00:00+00:00,22.2464,6.2332,19.7858,28.0970,35.9111
2020-10-13 21:00:00+00:00,7.3635,2.6073,6.6090,5.4956,42.4483
2020-10-13 22:00:00+00:00,3.2023,0.6190,2.6513,3.6499,44.5645
2020-10-13 23:00:00+00:00,3.5158,1.7382,2.9717,6.4262,22.9644
2020-10-14 00:00:00+00:00,7.1870,5.4536,6.6001,15.9405,22.5738
2020-10-14 01:00:00+00:00,17.6139,17.0724,20.5054,45.6618,25.9521
2020-10-14 02:00:00+00:00,12.6331,11.1144,11.7669,42.3853,24.7192
2020-10-14 03:00:00+00:00,3.0175,0.2737,1.5602,14.5885,28.9150
2020-10-14 04:00:00+00:00,3.6626,3.0964,3.1409,15.3243,40.9468
2020-10-14 05:00:00+00:00,11.1048,10.9230,11.8292,33.8922,54.3690
2020-10-14 06:00:00+00:00,15.9129,13.1909,16.3223,46.4605,35.1951
2020-10-14 07:00:00+00:00,20.6017,14.6969,21.0391,52.5741,20.9207
2020-10-14 08:00:00+00:00,12.6137,9.1109,11.3626,35.5881,10.2273
2020-10-14 09:00:00+00:00,10.1139,8.5973,8.6442,27.3859,11.7730
2020-10-14 10:00:00+00:00,3.3162,2.6349,2.6622,11.4082,12.7802
2020-10-14 11:00:00+00:00,4.6943,5.1963,5.1706,14.3068,37.9092
2020-10-14 12:00:00+00:00,5.1199,6.8197,6.7070,14.7176,39.6546
2020-10-14 13:00:00+00:00,4.7724,4.9650,5.2117,10.6623,32.6218
2020-10-14 14:00:00+00:00,6.7445,5.0027,8.7145,12.8645,40.0839
2020-10-14 15:00:00+00:00,17.0675,14.8520,18.9757,40.4029,24.3203
2020-10-14 16:00:00+00:00,26.4919,29.2586,33.1425,63.7339,24.9893
2020-10-14 17:00:00+00:00,40.4983,44.1556,51.9285,100.7966,29.6649
2020-10-14 18:00:00+00:00,35.3528,37.5585,44.5498,86.5431,32.2286
2020-10-14 19:00:00+00:00,35.6900,41.0878,45.0047,94.0644,28.1784
2020-10-14 20:00:00+00:00,41.4197,44.7428,50.1829,107.1205,16.1095
2020-10-14 21:00:00+00:00,23.4615,22.9820,27.9434,63.4485,13.5520
2020-10-14 22:00:00+00:00,5.6446,6.2568,5.9888,16.8813,10.2031
2020-10-14 23:00:00+00:00,0.0000,0.0000,0.0000,0.0000,14.6270
2020-10-15 00:00:00+00:00,0.0000,0.0000,0.0000,0.0000,14.4962
2020-10-15 01:00:00+00:00,3.7704,2.3071,5.1617,5.5509,9.4040
2020-10-15 02:00:00+00:00,17.4397,18.9958,20.3665,36.2408,15.1144
2020-10-15 03:00:00+00:00,10.0675,13.4920,10.1222,30.7686,25.2553
2020-10-15 04:00:00+00:00,9.1809,13.6953,13.2913,27.3271,38.0079
2020-10-15 05:00:00+00:00,14.8493,18.7680,20.2912,28.5686,38.1844
2020-10-15 06:00:00+00:00,29.7545,31.6788,38.9490,34.4044,33.8325
2020-10-15 07:00:00+00:00,60.3804,60.4213,72.1898,65.8033,64.7200
2020-10-15 08:00:00+00:00,75.8865,71.9686,76.5208,56.1192,53.5685
2020-10-15 09:00:00+00:00,79.2769,95.1275,78.6944,107.5384,58.3186
2020-10-15 10:00:00+00:00,81.0000,100.5000,105.1299,215.2000,55.2139
2020-10-15 11:00:00+00:00,81.0000,100.5000,106.5000,215.2000,65.1146
2020-10-15 12:00:00+00:00,81.0000,99.5347,104.5524,215.2000,43.0450
2020-10-15 13:00:00+00:00,79.8658,97.4399,105.7383,213.2966,64.7511
2020-10-15 14:00:00+00:00,79.1036,96.1418,105.4156,206.7149,79.9000
2020-10-15 15:00:00+00:00,79.2366,95.4967,104.4071,204.8878,79.9000
2020-10-15 16:00:00+00:00,71.3052,67.7906,93.6566,150.9493,79.9000
2020-10-15 17:00:00+00:00,70.8761,72.1064,99.8907,145.8667,79.9000
2020-10-15 18:00:00+00:00,69.9685,71.1565,95.2690,146.6368,78.3536
2020-10-15 19:00:00+00:00,53.0174,53.6477,70.7474,115.7154,52.2199
2020-10-15 20:00:00+00:00,43.7477,40.0119,53.6172,97.6282,77.1941
2020-10-15 21:00:00+00:00,16.8167,33.4655,30.3865,41.0031,71.4822
2020-10-15 22:00:00+00:00,29.7076,28.2858,39.0047,92.6003,76.4679
2020-10-15 23:00:00+00:00,8.0666,10.1639,7.1510,41.0127,79.9000
2020-10-16 00:00:00+00:00,27.5976,40.3752,32.1879,103.2416,58.7633
2020-10-16 01:00:00+00:00,33.9519,35.9279,37.7903,171.4462,30.3127
2020-10-16 02:00:00+00:00,11.1397,14.9368,12.0303,70.7734,9.2379
2020-10-16 03:00:00+00:00,14.2197,19.4742,11.8653,62.2745,1.0437
2020-10-16 04:00:00+00:00,8.9784,14.1880,6.7885,61.2875,1.9919
2020-10-16 05:00:00+00:00,11.1996,16.2884,7.5895,66.6045,4.7911
2020-10-16 06:00:00+00:00,5.2518,8.7024,4.7575,24.7617,3.0706
2020-10-16 07:00:00+00:00,2.5122,3.1040,1.9216,8.9109,2.7196
2020-10-16 08:00:00+00:00,0.6477,2.3679,1.6455,4.3053,0.0000
2020-10-16 09:00:00+00:00,1.9073,2.7351,2.9571,6.6791,0.0000
2020-10-16 10:00:00+00:00,0.0000,0.0000,0.0000,0.0000,44.3991
2020-10-16 11:00:00+00:00,0.0000,0.0000,0.0000,0.0000,21.7390
2020-10-16 12:00:00+00:00,1.2959,0.0000,0.0000,0.0000,12.5392
2020-10-16 13:00:00+00:00,7.8907,2.9695,11.5794,13.4336,16.2381
2020-10-16 14:00:00+00:00,13.1538,14.4767,15.6237,36.7527,32.3872
2020-10-16 15:00:00+00:00,13.7058,13.2026,14.1687,37.8674,26.0030
2020-10-16 16:00:00+00:00,6.4183,7.6048,5.9219,19.0677,13.1040
2020-10-16 17:00:00+00:00,3.8875,3.0207,3.4095,7.9366,23.0086
2020-10-16 18:00:00+00:00,4.0130,3.8475,4.9113,6.4458,36.4118
2020-10-16 19:00:00+00:00,9.2896,10.2023,10.1960,21.7836,25.0801
2020-10-16 20:00:00+00:00,8.0787,9.0715,8.7002,17.6241,17.5706
2020-10-16 21:00:00+00:00,10.6168,11.8821,12.3158,22.6614,18.5951
2020-10-16 22:00:00+00:00,7.6656,7.1607,8.4754,17.3913,21.9273
2020-10-16 23:00:00+00:00,5.1615,6.1414,6.0634,11.3565,19.2379
2020-10-17 00:00:00+00:00,10.1262,12.5822,11.9434,23.3947,19.9729
2020-10-17 01:00:00+00:00,11.5707,12.7939,11.3899,29.3485,16.8657
2020-10-17 02:00:00+00:00,10.9415,12.5693,11.6520,27.0052,19.2254
2020-10-17 03:00:00+00:00,8.6577,9.3189,9.7226,26.3664,8.2443
2020-10-17 04:00:00+00:00,3.2180,2.6582,3.0463,12.3389,4.8191
2020-10-17 05:00:00+00:00,4.5979,3.6692,4.2511,18.5642,23.1047
2020-10-17 06:00:00+00:00,5.9939,4.0307,5.6333,19.9535,17.9769
2020-10-17 07:00:00+00:00,3.2225,1.4840,2.1964,14.5476,13.0339
2020-10-17 08:00:00+00:00,2.5413,0.0000,1.3862,9.9345,5.6153
2020-10-17 09:00:00+00:00,1.0957,0.0000,0.0000,5.0152,3.8650
2020-10-17 10:00:00+00:00,0.2998,0.0000,0.0000,5.0755,3.6800
2020-10-17 11:00:00+00:00,0.0000,0.0000,0.0000,4.0608,3.0032
2020-10-17 12:00:00+00:00,1.4163,0.0000,0.0000,8.8847,0.0000
2020-10-17 13:00:00+00:00,0.0000,0.0000,0.0000,2.1748,0.0000
2020-10-17 14:00:00+00:00,0.0000,0.0000,0.0000,0.0918,0.0000
2020-10-17 15:00:00+00:00,0.0000,0.0000,0.0000,0.8048,0.9535
2020-10-17 16:00:00+00:00,2.3593,1.6863,2.2998,6.6474,14.6301
2020-10-17 17:00:00+00:00,9.3349,8.8626,10.5162,25.0899,13.9737
2020-10-17 18:00:00+00:00,10.0003,11.1579,12.1784,25.9044,11.6144
2020-10-17 19:00:00+00:00,10.6029,11.9594,13.5315,27.1733,17.3790
2020-10-17 20:00:00+00:00,12.1789,14.0114,16.3243,29.2717,19.2025
2020-10-17 21:00:00+00:00,18.7529,19.5501,25.4956,37.2354,12.3024
2020-10-17 22:00:00+00:00,15.3153,17.7520,20.5237,34.6668,2.2814
2020-10-17 23:00:00+00:00,15.0143,20.3078,17.9347,33.8463,0.0000
2020-10-18 00:00:00+00:00,16.1732,18.4633,17.3915,36.4258,0.0000
2020-10-18 01:00:00+00:00,11.8315,12.2305,12.5518,21.0237,6.7909
2020-10-18 02:00:00+00:00,12.2737,14.3896,14.1695,23.1616,19.9338
2020-10-18 03:00:00+00:00,13.6773,15.9971,16.7005,28.8847,30.4639
2020-10-18 04:00:00+00:00,20.4598,21.5600,22.4967,53.4694,44.4067
2020-10-18 05:00:00+00:00,29.6542,32.0442,30.1098,81.8112,39.4019
2020-10-18 06:00:00+00:00,33.1149,32.6437,33.0575,81.1621,35.9196
2020-10-18 07:00:00+00:00,45.7631,43.4241,45.9078,109.8667,41.0597
2020-10-18 08:00:00+00:00,54.8002,49.8713,42.5611,146.3992,36.0085
2020-10-18 09:00:00+00:00,62.0620,62.3530,45.4705,167.9692,27.2186
2020-10-18 10:00:00+00:00,76.7088,85.3769,59.9022,204.7660,26.5172
2020-10-18 11:00:00+00:00,77.7202,95.1363,67.9197,205.5964,39.9763
2020-10-18 12:00:00+00:00,77.6911,93.4910,70.8262,199.7149,47.6166
2020-10-18 13:00:00+00:00,78.0894,82.1653,70.2038,185.1471,38.9703
2020-10-18 14:00:00+00:00,63.7697,41.3633,51.7312,101.4482,51.1632
2020-10-18 15:00:00+00:00,76.0781,46.5605,77.1777,110.6375,68.2849
2020-10-18 16:00:00+00:00,67.9280,39.6860,76.5219,109.3680,77.7387
2020-10-18 17:00:00+00:00,47.6011,27.8774,54.3438,77.5431,79.9000
2020-10-18 18:00:00+00:00,30.8067,21.0580,36.9734,54.3501,79.9000
2020-10-18 19:00:00+00:00,33.6593,27.2204,40.5228,63.9345,79.9000
2020-10-18 20:00:00+00:00,33.4096,30.9833,41.3949,65.0314,76.7514
2020-10-18 21:00:00+00:00,36.9713,34.3770,46.0731,70.3619,61.2411
2020-10-18 22:00:00+00:00,44.8170,33.6590,49.9193,68.5402,53.2311
2020-10-18 23:00:00+00:00,58.3865,41.6018,61.8666,75.7475,66.1227
2020-10-19 00:00:00+00:00,80.5154,95.4041,103.0486,179.1206,48.7352
2020-10-19 01:00:00+00:00,81.0000,99.3985,104.6672,213.3987,54.6740
2020-10-19 02:00:00+00:00,80.7638,98.4970,102.8037,207.9324,76.7932
2020-10-19 03:00:00+00:00,80.7647,97.5079,103.2598,209.6154,79.9000
2020-10-19 04:00:00+00:00,81.0000,100.5000,106.5000,215.2000,79.6962
2020-10-19 05:00:00+00:00,81.0000,100.5000,106.5000,215.2000,75.4365
2020-10-19 06:00:00+00:00,80.5090,100.5000,102.7431,215.2000,32.3169
2020-10-19 07:00:00+00:00,78.4357,97.5946,100.7175,215.2000,34.4575
2020-10-19 08:00:00+00:00,67.4996,87.5749,78.8114,207.4061,30.3437
2020-10-19 09:00:00+00:00,57.8549,65.8931,52.4086,204.5741,16.2089
2020-10-19 10:00:00+00:00,49.4600,65.2600,48.9256,165.0614,20.2570
2020-10-19 11:00:00+00:00,35.2740,41.8240,29.0623,113.7959,27.3031
2020-10-19 12:00:00+00:00,41.4919,43.7812,34.0496,120.4326,27.3671
2020-10-19 13:00:00+00:00,28.8648,24.3650,22.8190,82.9319,28.9182
2020-10-19 14:00:00+00:00,10.9034,3.7510,8.1054,16.1203,17.1717
2020-10-19 15:00:00+00:00,2.6958,0.0000,1.3092,1.4818,12.4328
2020-10-19 16:00:00+00:00,3.4121,0.0000,1.7582,2.7472,6.4834
2020-10-19 17:00:00+00:00,0.0000,0.0000,0.0000,0.0000,0.0000
2020-10-19 18:00:00+00:00,0.0000,0.0000,0.0000,0.0000,0.0000
2020-10-19 19:00:00+00:00,0.0000,0.0000,0.0000,0.0000,0.0000
2020-10-19 20:00:00+00:00,1.5400,3.0703,2.5421,4.5930,0.0000
2020-10-19 21:00:00+00:00,1.4046,2.5819,2.0995,4.1921,0.0000
2020-10-19 22:00:00+00:00,0.0000,0.0000,0.0000,2.1113,0.0000
2020-10-19 23:00:00+00:00,0.0000,0.0000,0.0000,0.0000,0.0000
2020-10-20 00:00:00+00:00,0.9938,0.0000,1.6829,0.0000,0.0000
2020-10-20 01:00:00+00:00,3.8226,2.9151,5.5718,4.4106,0.0000
2020-10-20 02:00:00+00:00,6.0881,7.0442,10.2296,11.3496,0.0000
2020-10-20 03:00:00+00:00,5.4272,16.4786,8.7594,20.0901,12.2431
2020-10-20 04:00:00+00:00,2.3894,10.5597,5.1280,7.3467,20.3849
2020-10-20 05:00:00+00:00,10.5440,4.0497,12.2522,2.4487,24.7235
2020-10-20 06:00:00+00:00,40.4296,6.2887,34.2556,19.9277,11.1434
2020-10-20 07:00:00+00:00,60.6525,42.9840,56.7855,67.8679,10.0869
2020-10-20 08:00:00+00:00,47.6140,42.8496,64.8428,128.5506,0.0000
2020-10-20 09:00:00+00:00,61.6426,5.6681,65.8546,145.4741,0.0000
2020-10-20 10:00:00+00:00,15.4853,11.7505,18.4375,49.0132,2.7418
2020-10-20 11:00:00+00:00,11.7003,5.7119,7.5571,44.4551,2.0162
2020-10-20 12:00:00+00:00,5.0016,4.0707,4.1492,18.1356,3.6642
2020-10-20 13:00:00+00:00,5.3574,4.8541,4.6668,24.5420,0.0000
2020-10-20 14:00:00+00:00,7.7407,9.6556,7.6791,32.6402,0.0000
2020-10-20 15:00:00+00:00,11.2810,12.1153,9.7084,43.5326,2.0719
2020-10-20 16:00:00+00:00,12.1438,10.7640,8.6122,39.8128,0.0000
2020-10-20 17:00:00+00:00,9.4814,8.9378,8.0124,26.7669,0.0000
2020-10-20 18:00:00+00:00,7.9010,10.0989,8.1467,21.9722,0.0000
2020-10-20 19:00:00+00:00,4.2467,5.8984,4.4332,12.7550,1.7257
2020-10-20 20:00:00+00:00,4.8106,5.8115,4.9096,16.8372,6.7278
2020-10-20 21:00:00+00:00,2.7095,2.3533,2.3478,10.3172,5.8655
2020-10-20 22:00:00+00:00,1.8212,1.5540,1.2660,8.5964,5.6715
2020-10-20 23:00:00+00:00,1.1700,0.0000,0.0185,6.3265,2.9813
2020-10-21 00:00:00+00:00,0.0000,0.0000,0.0000,0.0000,0.0000
2020-10-21 01:00:00+00:00,0.0000,0.0000,0.0000,0.0000,0.0000
2020-10-21 02:00:00+00:00,6.8269,8.9691,8.8868,18.0410,0.0000
2020-10-21 03:00:00+00:00,14.1396,16.9564,20.0349,29.5153,0.0000
2020-10-21 04:00:00+00:00,26.7861,25.0241,43.8562,41.8297,0.0000
2020-10-21 05:00:00+00:00,33.6096,33.1438,55.4384,53.0721,0.0000
2020-10-21 06:00:00+00:00,34.6611,33.5133,53.9206,55.4774,5.2299
2020-10-21 07:00:00+00:00,31.1515,37.6075,50.7382,55.3457,15.6280
2020-10-21 08:00:00+00:00,33.2463,38.6568,47.0587,67.9520,26.9572
2020-10-21 09:00:00+00:00,18.5762,39.7920,25.6417,55.9501,66.5998
2020-10-21 10:00:00+00:00,23.0805,33.8650,42.6186,22.7257,75.8445
2020-10-21 11:00:00+00:00,59.0058,25.6723,85.7879,10.8103,76.5459
2020-10-21 12:00:00+00:00,80.8136,71.5220,105.3786,94.2420,59.6556
2020-10-21 13:00:00+00:00,81.0000,98.3179,104.5731,215.2000,76.3352
2020-10-21 14:00:00+00:00,78.2084,96.4705,102.6808,210.4184,79.9000
2020-10-21 15:00:00+00:00,61.0887,81.7840,90.0175,152.8602,76.7914
2020-10-21 16:00:00+00:00,73.3302,91.2833,102.3576,164.7734,79.4095
2020-10-21 17:00:00+00:00,81.0000,98.8170,106.5000,208.8182,77.5568
2020-10-21 18:00:00+00:00,81.0000,99.1250,106.5000,209.8863,77.1425
2020-10-21 19:00:00+00:00,81.0000,99.5783,106.5000,211.0697,55.4304
2020-10-21 20:00:00+00:00,66.1059,89.3397,97.2711,178.1546,23.0987
2020-10-21 21:00:00+00:00,58.3781,46.4574,81.7478,114.6060,68.1594
2020-10-21 22:00:00+00:00,40.2270,55.0935,63.8952,114.2131,33.6248
2020-10-21 23:00:00+00:00,57.3114,74.3507,87.0000,164.6183,17.8094
2020-10-22 00:00:00+00:00,67.0880,71.6807,81.4286,198.4112,29.5028
2020-10-22 01:00:00+00:00,58.8337,62.0670,67.6031,170.2174,17.2732
2020-10-22 02:00:00+00:00,39.6998,50.8808,45.6650,112.9575,6.4467
2020-10-22 03:00:00+00:00,31.0413,40.5118,34.5848,77.6608,0.2196
2020-10-22 04:00:00+00:00,28.2476,32.0467,30.8001,65.0069,0.0000
2020-10-22 05:00:00+00:00,22.3632,24.8202,24.1847,51.5452,2.4232
2020-10-22 06:00:00+00:00,12.6685,14.0849,12.6808,31.1258,0.0000
2020-10-22 07:00:00+00:00,8.0844,8.7408,8.0010,20.5883,0.0000
2020-10-22 08:00:00+00:00,7.0462,6.4107,6.5008,21.8911,0.0000
2020-10-22 09:00:00+00:00,7.5043,6.7968,6.9885,23.5907,0.0000
2020-10-22 10:00:00+00:00,2.7358,3.1655,2.5354,10.6343,0.0000
2020-10-22 11:00:00+00:00,1.6855,2.0377,1.1521,7.9831,0.0000
2020-10-22 12:00:00+00:00,0.1098,1.1772,0.0000,2.9999,0.0000
2020-10-22 13:00:00+00:00,0.0000,0.0000,0.0000,0.0000,0.0000
2020-10-22 14:00:00+00:00,0.0000,0.0000,0.0000,0.0000,0.0000
2020-10-22 15:00:00+00:00,0.0000,0.0000,0.0000,0.0000,0.0000
2020-10-22 16:00:00+00:00,0.0000,0.0000,0.0000,0.0000,0.0000
2020-10-22 17:00:00+00:00,0.0000,0.0000,0.0000,0.0000,0.0000
2020-10-22 18:00:00+00:00,0.0000,0.0000,0.0000,0.0000,0.0000
2020-10-22 19:00:00+00:00,0.0000,0.0000,0.0000,0.0000,0.0000
2020-10-22 20:00:00+00:00,0.0000,0.0000,0.0000,0.0000,0.0000
2020-10-22 21:00:00+00:00,0.0000,0.0000,0.0000,0.0000,0.0000
2020-10-22 22:00:00+00:00,0.0000,0.0000,0.0000,0.0000,0.0000
2020-10-22 23:00:00+00:00,0.0000,0.0000,0.0000,0.0000,0.0000
2020-10-23 00:00:00+00:00,1.1411,1.2317,1.4435,0.0000,0.0000
2020-10-23 01:00:00+00:00,3.5536,8.0836,6.1188,6.2513,0.0000
2020-10-23 02:00:00+00:00,2.3163,7.8812,5.1171,3.8158,7.3396
2020-10-23 03:00:00+00:00,2.8748,11.5984,6.7043,6.0308,18.4379
2020-10-23 04:00:00+00:00,4.5653,14.6177,10.3381,7.1868,26.9513
2020-10-23 05:00:00+00:00,4.1468,17.2725,9.5974,14.0463,40.9929
2020-10-23 06:00:00+00:00,6.0377,28.3581,11.0875,34.0964,54.7852
2020-10-23 07:00:00+00:00,5.8775,32.2086,12.1071,30.6867,53.1864
2020-10-23 08:00:00+00:00,19.6722,18.7492,28.5892,8.0031,29.2493
2020-10-23 09:00:00+00:00,76.8314,47.2693,61.9806,61.0512,20.7073
2020-10-23 10:00:00+00:00,77.7836,79.5405,67.9724,208.1226,14.7096
2020-10-23 11:00:00+00:00,72.3442,61.7173,69.5504,175.6120,17.3655
2020-10-23 12:00:00+00:00,77.5234,69.9407,92.6611,168.7474,15.3160
2020-10-23 13:00:00+00:00,63.0547,48.8481,69.1669,121.6933,12.3152
2020-10-23 14:00:00+00:00,50.8190,32.8357,49.3096,104.6991,38.4046
2020-10-23 15:00:00+00:00,51.3389,38.6588,59.5814,117.8158,40.1089
2020-10-23 16:00:00+00:00,41.0081,28.3909,47.8886,92.1507,43.6900
2020-10-23 17:00:00+00:00,33.1094,27.0610,38.9542,72.5090,45.1283
2020-10-23 18:00:00+00:00,28.1843,28.7553,33.5119,60.3999,52.1238
2020-10-23 19:00:00+00:00,36.0195,38.2998,44.3165,80.7925,51.5630
2020-10-23 20:00:00+00:00,40.6349,41.4209,48.8986,87.7192,40.1804
2020-10-23 21:00:00+00:00,44.5239,44.8768,52.7841,96.9561,24.2998
2020-10-23 22:00:00+00:00,44.2536,39.1565,49.2731,71.3323,27.2605
2020-10-23 23:00:00+00:00,51.5929,42.3787,49.5471,85.3279,20.3949
2020-10-24 00:00:00+00:00,54.9247,49.6677,51.5880,101.5309,29.3176
2020-10-24 01:00:00+00:00,78.8622,95.9855,101.0317,206.4478,77.4272
2020-10-24 02:00:00+00:00,79.9952,97.5315,103.1266,211.5411,79.9000
2020-10-24 03:00:00+00:00,81.0000,100.5000,106.5000,215.2000,79.9000
2020-10-24 04:00:00+00:00,81.0000,100.5000,106.5000,215.2000,79.9000
2020-10-24 05:00:00+00:00,81.0000,100.5000,106.5000,215.2000,79.9000
2020-10-24 06:00:00+00:00,81.0000,100.5000,106.5000,215.2000,79.9000
2020-10-24 07:00:00+00:00,80.5182,99.7950,105.5104,215.2000,77.3298
2020-10-24 08:00:00+00:00,72.5390,71.7113,82.6201,199.8165,77.1767
2020-10-24 09:00:00+00:00,68.9354,65.0566,75.7227,160.3403,42.4252
2020-10-24 10:00:00+00:00,28.8934,31.1795,36.8189,79.4558,77.7665
2020-10-24 11:00:00+00:00,78.6379,90.1623,102.5025,209.6629,75.7705
2020-10-24 12:00:00+00:00,67.5590,62.6473,68.9577,206.2394,74.8174
2020-10-24 13:00:00+00:00,76.7703,83.3895,80.3080,206.5950,70.8957
2020-10-24 14:00:00+00:00,69.1267,70.9149,68.7994,200.5398,41.3363
2020-10-24 15:00:00+00:00,53.4743,55.8307,58.4559,156.3216,30.6162
2020-10-24 16:00:00+00:00,32.8563,29.7733,33.6047,102.5922,20.2957
2020-10-24 17:00:00+00:00,25.4940,23.9829,25.9763,75.6857,20.1950
2020-10-24 18:00:00+00:00,16.8268,16.8306,16.8710,50.6246,14.0503
2020-10-24 19:00:00+00:00,24.6739,25.0016,27.0382,74.0522,12.2320
2020-10-24 20:00:00+00:00,29.0484,28.9161,32.2194,82.0081,15.8791
2020-10-24 21:00:00+00:00,24.1750,25.9541,28.7955,66.6569,22.8896
2020-10-24 22:00:00+00:00,24.4264,23.2816,27.4535,65.6874,26.7006
2020-10-24 23:00:00+00:00,16.4553,14.5264,18.4077,45.0049,21.4915
2020-10-25 00:00:00+00:00,17.4284,15.0131,19.9245,49.1263,19.4913
2020-10-25 01:00:00+00:00,15.3943,12.2454,17.2431,48.0321,19.0925
2020-10-25 02:00:00+00:00,10.4641,7.8593,10.8785,37.0354,12.7280
2020-10-25 03:00:00+00:00,14.2296,9.9482,15.4409,48.0547,12.4296
2020-10-25 04:00:00+00:00,12.1084,9.4787,12.9027,44.7725,8.4181
2020-10-25 05:00:00+00:00,10.3212,9.7594,11.0819,38.9893,18.6495
2020-10-25 06:00:00+00:00,9.3902,8.3902,10.6597,34.1872,18.9889
2020-10-25 07:00:00+00:00,6.9756,5.2924,7.5945,23.9307,10.2211
2020-10-25 08:00:00+00:00,3.8325,2.0094,3.9314,14.3204,13.3257
2020-10-25 09:00:00+00:00,3.4410,2.6067,3.6955,11.2672,8.0293
2020-10-25 10:00:00+00:00,1.6362,0.0816,1.3437,6.6693,9.2246
2020-10-25 11:00:00+00:00,1.9899,1.3250,1.7962,9.1432,9.1709
2020-10-25 12:00:00+00:00,1.2225,0.0000,0.6451,5.5994,3.3160
2020-10-25 13:00:00+00:00,0.9798,0.0000,0.7015,3.7427,0.0000
2020-10-25 14:00:00+00:00,1.0105,0.2954,1.3063,1.2669,0.0000
2020-10-25 15:00:00+00:00,0.7699,0.1753,1.0334,0.0000,2.1075
2020-10-25 16:00:00+00:00,0.0000,0.0000,0.0000,0.0000,0.0000
2020-10-25 17:00:00+00:00,1.3949,0.0000,1.7752,0.6764,2.8784
2020-10-25 18:00:00+00:00,1.1505,0.0000,1.4589,1.7377,4.2889
2020-10-25 19:00:00+00:00,3.0664,1.6100,3.5540,5.7393,5.5624
2020-10-25 20:00:00+00:00,3.6008,2.0967,4.2169,7.4294,5.9170
2020-10-25 21:00:00+00:00,4.4115,3.4694,5.0976,9.6242,5.4521
2020-10-25 22:00:00+00:00,10.0739,9.0392,12.7664,22.8516,3.6873
2020-10-25 23:00:00+00:00,12.1173,14.4957,16.9466,23.7559,5.0782
2020-10-26 00:00:00+00:00,18.1843,20.3630,25.7487,33.4199,0.0000
2020-10-26 01:00:00+00:00,19.3804,19.7174,28.7882,31.5985,0.0000
2020-10-26 02:00:00+00:00,26.8934,32.9097,43.2379,49.7344,12.0044
2020-10-26 03:00:00+00:00,30.6338,47.7139,50.8539,64.3866,20.1178
2020-10-26 04:00:00+00:00,29.8643,64.2690,50.8439,77.7572,31.5854
2020-10-26 05:00:00+00:00,28.6883,69.7977,51.2084,79.4265,39.3550
2020-10-26 06:00:00+00:00,18.9379,56.0451,36.1599,54.7112,29.1562
2020-10-26 07:00:00+00:00,14.6107,44.7419,26.0342,39.2531,26.6760
2020-10-26 08:00:00+00:00,3.8827,12.9673,2.9943,19.6328,34.6505
2020-10-26 09:00:00+00:00,11.9433,10.6223,20.1180,0.0000,41.2427
2020-10-26 10:00:00+00:00,14.8390,13.5552,18.6760,6.5777,25.7541
2020-10-26 11:00:00+00:00,10.7793,10.1963,11.0214,8.1236,27.9651
2020-10-26 12:00:00+00:00,22.1845,22.9755,31.2901,19.0530,31.0533
2020-10-26 13:00:00+00:00,43.1204,22.7524,68.9348,43.4719,40.6060
2020-10-26 14:00:00+00:00,62.6519,24.3406,99.7399,37.4844,62.6902
2020-10-26 15:00:00+00:00,66.9546,61.1629,86.3729,62.2727,60.8491
2020-10-26 16:00:00+00:00,63.7724,19.0143,52.3242,80.1016,35.2753
2020-10-26 17:00:00+00:00,40.0552,4.8396,20.1566,115.2642,19.6080
2020-10-26 18:00:00+00:00,16.6388,2.9095,14.1914,57.8271,9.8110
2020-10-26 19:00:00+00:00,10.9517,0.0000,4.2286,3.8354,3.6011
2020-10-26 20:00:00+00:00,2.4439,0.0000,0.7016,5.2673,0.0000
2020-10-26 21:00:00+00:00,3.3863,0.0000,1.2787,2.5058,0.0000
2020-10-26 22:00:00+00:00,2.5377,0.3622,1.6520,3.7462,4.8097
2020-10-26 23:00:00+00:00,2.7324,1.5798,1.8233,4.5741,9.0453
2020-10-27 00:00:00+00:00,4.2585,3.7858,4.4787,9.5021,7.3627
2020-10-27 01:00:00+00:00,12.0267,9.7368,13.2716,34.5803,11.0793
2020-10-27 02:00:00+00:00,12.1389,8.3120,11.3050,37.5480,9.4604
2020-10-27 03:00:00+00:00,11.1483,9.5365,11.4851,32.3523,11.9647
2020-10-27 04:00:00+00:00,12.6021,10.2708,12.0773,38.1275,10.5153
2020-10-27 05:00:00+00:00,10.0913,9.3421,10.2442,31.1425,6.0615
2020-10-27 06:00:00+00:00,7.1058,5.9874,6.8598,20.4873,0.0000
2020-10-27 07:00:00+00:00,8.5321,6.0923,7.4007,24.4204,0.0000
2020-10-27 08:00:00+00:00,9.8979,8.3203,9.6299,30.9921,2.8579
2020-10-27 09:00:00+00:00,11.0693,8.9218,11.4660,35.1814,3.8679
2020-10-27 10:00:00+00:00,7.9607,7.2128,8.6775,24.9021,0.0000
2020-10-27 11:00:00+00:00,6.6163,6.9230,6.7986,20.9198,0.0000
2020-10-27 12:00:00+00:00,7.6920,7.2762,8.0782,23.8352,2.0235
2020-10-27 13:00:00+00:00,5.3501,5.2594,5.6575,18.6435,2.8244
2020-10-27 14:00:00+00:00,2.6025,2.6091,2.6069,10.2453,0.0000
2020-10-27 15:00:00+00:00,2.7827,2.7145,2.7948,8.4622,0.0000
2020-10-27 16:00:00+00:00,1.8582,1.6602,1.5623,5.3172,0.0000
2020-10-27 17:00:00+00:00,2.5335,2.8171,2.9315,6.7031,0.0000
2020-10-27 18:00:00+00:00,2.0890,2.3587,2.2030,5.6408,0.0000
2020-10-27 19:00:00+00:00,1.5877,1.8288,1.6263,5.1713,0.0000
2020-10-27 20:00:00+00:00,0.0000,0.0000,0.0000,0.1516,0.0000
2020-10-27 21:00:00+00:00,1.6056,1.9462,1.9134,5.6171,0.0000
2020-10-27 22:00:00+00:00,1.5515,1.1822,0.8837,7.3565,0.0000
2020-10-27 23:00:00+00:00,0.0000,0.0000,0.0000,2.7138,0.0000
2020-10-28 00:00:00+00:00,0.0000,0.0000,0.0000,0.0000,4.7777
2020-10-28 01:00:00+00:00,0.0000,0.0000,0.0000,0.0000,2.7768
2020-10-28 02:00:00+00:00,0.0000,0.0000,0.0000,0.0000,2.9516
2020-10-28 03:00:00+00:00,0.1254,0.2592,1.0875,0.0000,8.2412
2020-10-28 04:00:00+00:00,3.2390,5.8750,5.6922,0.0000,3.7831
2020-10-28 05:00:00+00:00,4.8858,5.8416,6.9886,0.0000,3.7107
2020-10-28 06:00:00+00:00,4.2250,3.8798,5.5596,0.0000,0.0000
2020-10-28 07:00:00+00:00,7.9114,5.6857,10.7698,0.0000,13.4614
2020-10-28 08:00:00+00:00,13.1800,7.7589,14.9978,0.0000,8.3782
2020-10-28 09:00:00+00:00,16.1111,10.9592,17.7853,3.3631,8.7494
2020-10-28 10:00:00+00:00,12.6379,8.7648,11.2956,30.5505,1.2061
2020-10-28 11:00:00+00:00,12.8758,9.3607,11.1493,34.3089,2.9471
2020-10-28 12:00:00+00:00,13.5298,7.3669,10.7253,27.3010,4.5711
2020-10-28 13:00:00+00:00,6.7742,5.8679,6.0339,14.4399,4.2043
2020-10-28 14:00:00+00:00,9.1143,6.1466,10.2703,11.6309,7.1565
2020-10-28 15:00:00+00:00,22.8855,16.3249,22.9752,41.8208,10.2376
2020-10-28 16:00:00+00:00,12.9631,14.0866,12.8636,34.7109,10.7609
2020-10-28 17:00:00+00:00,6.8316,7.9894,8.4987,12.4899,11.8501
2020-10-28 18:00:00+00:00,3.9319,2.7429,4.4357,7.5375,9.3169
2020-10-28 19:00:00+00:00,3.8301,4.9934,6.3005,4.8413,39.0724
2020-10-28 20:00:00+00:00,13.1470,18.4955,17.3485,22.7242,63.7208
2020-10-28 21:00:00+00:00,34.3686,32.9083,39.8475,78.8102,69.9456
2020-10-28 22:00:00+00:00,44.4972,36.5646,51.5682,92.6767,55.2150
2020-10-28 23:00:00+00:00,38.2534,41.5363,46.0698,88.6712,17.8142
2020-10-29 00:00:00+00:00,46.7452,47.1739,50.8811,107.0747,23.5415
2020-10-29 01:00:00+00:00,51.8443,55.3783,59.9246,124.5413,27.0767
2020-10-29 02:00:00+00:00,77.3309,95.0132,94.0869,204.5392,36.9425
2020-10-29 03:00:00+00:00,69.5508,78.0067,78.1999,175.0397,48.8425
2020-10-29 04:00:00+00:00,57.8752,66.5606,67.4319,142.3416,30.7163
2020-10-29 05:00:00+00:00,41.2512,49.2152,45.5915,112.9490,16.6100
2020-10-29 06:00:00+00:00,31.0746,35.4475,34.0531,74.6331,5.3529
2020-10-29 07:00:00+00:00,28.7012,30.3780,32.2649,68.7282,5.5165
2020-10-29 08:00:00+00:00,17.4731,18.3510,19.9183,41.5827,2.7183
2020-10-29 09:00:00+00:00,6.7479,5.2583,7.5167,18.7241,0.0000
2020-10-29 10:00:00+00:00,4.2676,3.7178,4.7696,12.1478,0.0000
2020-10-29 11:00:00+00:00,1.6583,1.7542,1.4772,6.1312,0.0000
2020-10-29 12:00:00+00:00,0.0000,0.0000,0.0000,0.0000,0.0000
2020-10-29 13:00:00+00:00,0.0000,0.0000,0.0000,0.0000,0.0000
2020-10-29 14:00:00+00:00,0.0000,0.0000,0.0000,0.0000,0.0000
2020-10-29 15:00:00+00:00,0.0000,0.0000,0.0000,0.0000,0.0000
2020-10-29 16:00:00+00:00,0.0000,0.0000,0.0000,0.0000,0.0000
2020-10-29 17:00:00+00:00,1.5015,2.1414,2.3680,3.3170,0.0000
2020-10-29 18:00:00+00:00,1.9877,2.3762,3.0107,4.6885,0.0000
2020-10-29 19:00:00+00:00,4.9264,5.8970,6.3767,12.8977,2.7224
2020-10-29 20:00:00+00:00,12.8814,14.0185,16.6104,32.5028,5.9713
2020-10-29 21:00:00+00:00,19.2676,20.0369,28.6505,41.1853,5.7428
2020-10-29 22:00:00+00:00,18.1635,18.4763,27.0118,37.5756,13.2529
2020-10-29 23:00:00+00:00,20.1316,19.7997,29.8597,38.9158,19.5236
2020-10-30 00:00:00+00:00,20.8127,18.7597,30.7259,42.8771,27.6370
2020-10-30 01:00:00+00:00,34.0502,34.0228,47.5546,72.3762,26.1469
2020-10-30 02:00:00+00:00,42.1845,42.4703,59.6815,88.3398,25.0839
2020-10-30 03:00:00+00:00,49.0195,50.8692,71.3586,106.3473,23.0070
2020-10-30 04:00:00+00:00,40.5597,39.4992,59.4025,80.3711,25.7436
2020-10-30 05:00:00+00:00,35.4730,35.5145,51.4858,70.8900,28.2155
2020-10-30 06:00:00+00:00,36.5086,35.9939,51.0106,78.8396,25.1806
2020-10-30 07:00:00+00:00,27.9453,27.4569,38.1252,61.1288,23.6023
2020-10-30 08:00:00+00:00,30.5789,33.3575,41.6768,74.5109,20.0769
2020-10-30 09:00:00+00:00,24.5868,27.4551,34.3339,59.0147,27.0210
2020-10-30 10:00:00+00:00,14.4491,17.3317,20.7148,34.1700,17.1185
2020-10-30 11:00:00+00:00,6.7244,9.1286,10.0968,14.7320,20.1151
2020-10-30 12:00:00+00:00,5.9635,9.6043,9.0214,14.8434,25.4710
2020-10-30 13:00:00+00:00,9.3054,12.5847,13.1761,21.4053,26.1767
2020-10-30 14:00:00+00:00,12.2604,13.5651,16.6249,27.0838,20.4252
2020-10-30 15:00:00+00:00,11.9658,12.2806,15.4313,27.0466,18.6898
2020-10-30 16:00:00+00:00,9.5219,11.8586,12.6339,23.9604,17.6047
2020-10-30 17:00:00+00:00,9.1972,11.2413,12.4061,22.7156,14.8133
2020-10-30 18:00:00+00:00,4.4926,5.1937,6.1692,10.3316,17.9013
2020-10-30 19:00:00+00:00,3.5523,4.6453,4.9710,8.0594,17.9703
2020-10-30 20:00:00+00:00,2.0759,2.4304,2.9922,4.4736,14.6026
2020-10-30 21:00:00+00:00,2.2535,2.0706,2.9745,5.1812,15.0509
2020-10-30 22:00:00+00:00,0.0000,0.0000,0.0379,0.0000,11.3777
2020-10-30 23:00:00+00:00,0.0000,0.0000,0.0000,0.0000,9.2907
2020-10-31 00:00:00+00:00,0.0000,0.0000,0.0000,0.0000,6.0049
2020-10-31 01:00:00+00:00,0.0000,0.0000,0.0000,0.0000,4.3845
2020-10-31 02:00:00+00:00,0.0000,0.0000,0.0000,0.0000,3.3922
2020-10-31 03:00:00+00:00,0.0000,0.0000,0.0000,0.0000,1.4231
2020-10-31 04:00:00+00:00,0.0000,0.0000,0.0000,0.0000,0.0000
2020-10-31 05:00:00+00:00,1.1359,2.2048,1.6481,3.2633,0.0000
2020-10-31 06:00:00+00:00,4.7434,7.1341,6.0204,14.8669,0.0000
2020-10-31 07:00:00+00:00,4.0807,6.6150,5.0459,15.5962,0.0000
2020-10-31 08:00:00+00:00,3.3488,6.1715,4.2017,14.0075,0.0000
2020-10-31 09:00:00+00:00,3.2907,5.7535,4.2124,12.6682,0.0000
2020-10-31 10:00:00+00:00,5.2347,7.3406,6.3433,18.2444,0.0000
2020-10-31 11:00:00+00:00,3.8807,5.9796,4.6177,14.8422,0.0000
2020-10-31 12:00:00+00:00,2.6038,4.1871,3.0492,9.8677,0.0000
2020-10-31 13:00:00+00:00,4.7131,6.6553,5.7311,14.7750,0.0000
2020-10-31 14:00:00+00:00,4.5520,4.8707,4.7184,11.4073,3.3406
2020-10-31 15:00:00+00:00,1.5911,1.2756,1.4004,2.9316,0.4763
2020-10-31 16:00:00+00:00,3.4966,2.0887,3.5745,6.2036,5.1822
2020-10-31 17:00:00+00:00,3.0714,1.3092,3.0826,4.2136,7.1650
2020-10-31 18:00:00+00:00,3.1898,1.0614,3.0694,4.4332,10.8925
2020-10-31 19:00:00+00:00,2.6540,1.3537,3.0187,5.0255,11.2832
2020-10-31 20:00:00+00:00,3.4194,2.6138,3.9675,6.3153,11.3185
2020-10-31 21:00:00+00:00,5.0686,4.3990,6.1589,9.3877,16.3645
2020-10-31 22:00:00+00:00,7.9304,7.5289,9.3136,6.8193,5.9219
2020-10-31 23:00:00+00:00,12.9660,14.2229,14.3642,16.7132,7.4823
2020-11-01 00:00:00+00:00,10.6695,9.7778,9.8456,18.3134,13.2045
2020-11-01 01:00:00+00:00,24.8961,16.7507,21.8845,37.3830,19.0546
2020-11-01 02:00:00+00:00,62.5819,33.9036,51.6179,61.0253,27.9400
2020-11-01 03:00:00+00:00,78.5007,66.4594,71.3529,123.5793,26.6535
2020-11-01 04:00:00+00:00,79.3860,86.5425,66.3491,198.6785,22.8633
2020-11-01 05:00:00+00:00,81.0000,96.1573,83.2119,212.7352,32.1683
2020-11-01 06:00:00+00:00,80.5566,80.8924,72.5608,211.4708,39.1198
2020-11-01 07:00:00+00:00,78.9760,73.3201,63.9811,206.0658,59.1653
2020-11-01 08:00:00+00:00,78.4298,69.2147,67.3764,199.2174,62.1135
2020-11-01 09:00:00+00:00,78.6632,69.6402,70.3543,191.4771,60.5374
2020-11-01 10:00:00+00:00,81.0000,96.5819,102.2691,214.5821,72.2035
2020-11-01 11:00:00+00:00,81.0000,98.5492,103.6560,215.2000,76.0794
2020-11-01 12:00:00+00:00,81.0000,100.0946,104.5082,215.2000,79.2789
2020-11-01 13:00:00+00:00,81.0000,99.7520,104.2381,215.2000,79.9000
2020-11-01 14:00:00+00:00,81.0000,100.5000,103.1352,215.2000,79.9000
2020-11-01 15:00:00+00:00,81.0000,99.8746,101.2246,215.2000,79.9000
2020-11-01 16:00:00+00:00,81.0000,100.1829,104.9895,215.2000,79.9000
2020-11-01 17:00:00+00:00,81.0000,100.5000,106.5000,215.2000,79.9000
2020-11-01 18:00:00+00:00,78.8251,97.4898,103.6712,211.3066,79.9000
2020-11-01 19:00:00+00:00,77.5180,90.4268,102.3345,204.8327,79.9000
2020-11-01 20:00:00+00:00,81.0000,100.5000,106.5000,214.6616,79.9000
2020-11-01 21:00:00+00:00,78.1941,96.7866,104.1482,206.8881,79.8128
2020-11-01 22:00:00+00:00,74.9143,95.5129,101.3247,205.8615,79.9000
2020-11-01 23:00:00+00:00,64.3021,79.5158,96.9087,181.9023,77.8594
2020-11-02 00:00:00+00:00,67.4469,81.3253,81.5841,204.8825,78.1459
2020-11-02 01:00:00+00:00,81.0000,100.5000,105.2882,215.2000,77.6801
2020-11-02 02:00:00+00:00,81.0000,100.4058,104.2125,215.2000,65.3611
2020-11-02 03:00:00+00:00,77.9303,95.0909,95.1654,206.6925,67.3511
2020-11-02 04:00:00+00:00,72.3461,75.5163,80.1585,172.1398,23.2943
2020-11-02 05:00:00+00:00,66.3345,65.3979,71.8499,175.8930,56.0250
2020-11-02 06:00:00+00:00,64.9011,68.2891,69.6626,179.5333,51.6290
2020-11-02 07:00:00+00:00,70.5181,72.8242,77.0830,193.1333,76.6522
2020-11-02 08:00:00+00:00,69.1276,78.6209,80.7422,183.0659,79.9000
2020-11-02 09:00:00+00:00,73.3061,78.7693,91.9051,170.7798,79.9000
2020-11-02 10:00:00+00:00,81.0000,100.5000,106.5000,215.2000,79.9000
2020-11-02 11:00:00+00:00,81.0000,100.4853,106.5000,215.2000,79.9000
2020-11-02 12:00:00+00:00,81.0000,100.5000,106.5000,215.2000,79.9000
2020-11-02 13:00:00+00:00,81.0000,100.5000,106.5000,215.2000,79.9000
2020-11-02 14:00:00+00:00,81.0000,100.5000,106.5000,215.2000,79.9000
2020-11-02 15:00:00+00:00,81.0000,100.5000,106.5000,215.2000,79.9000
2020-11-02 16:00:00+00:00,81.0000,100.5000,106.5000,215.2000,79.9000
2020-11-02 17:00:00+00:00,81.0000,100.5000,106.5000,215.2000,79.9000
2020-11-02 18:00:00+00:00,81.0000,100.5000,106.5000,215.2000,79.5568
2020-11-02 19:00:00+00:00,81.0000,100.5000,106.5000,215.2000,79.9000
2020-11-02 20:00:00+00:00,80.7331,97.4613,104.4006,214.1386,79.9000
2020-11-02 21:00:00+00:00,81.0000,98.9918,105.6297,215.2000,79.9000
2020-11-02 22:00:00+00:00,80.8051,97.5875,104.0187,215.2000,75.1592
2020-11-02 23:00:00+00:00,79.0770,88.0847,101.8109,209.0368,10.9092
2020-11-03 00:00:00+00:00,79.8719,97.4250,103.1458,213.5154,6.8564
2020-11-03 01:00:00+00:00,62.0081,66.1010,66.6053,188.3724,61.6748
2020-11-03 02:00:00+00:00,81.0000,100.5000,106.5000,215.2000,76.5155
2020-11-03 03:00:00+00:00,81.0000,100.5000,106.5000,215.2000,79.6760
2020-11-03 04:00:00+00:00,81.0000,100.5000,106.5000,215.2000,79.9000
2020-11-03 05:00:00+00:00,81.0000,100.5000,106.5000,215.2000,79.9000
2020-11-03 06:00:00+00:00,78.5928,92.1980,101.8711,207.4964,79.9000
2020-11-03 07:00:00+00:00,77.6401,78.9859,100.5996,204.5438,71.8836
2020-11-03 08:00:00+00:00,54.6506,49.6836,59.8503,142.1107,31.9609
2020-11-03 09:00:00+00:00,59.8624,66.4693,79.8803,152.4014,54.6097
2020-11-03 10:00:00+00:00,73.4243,81.1068,90.2981,177.6589,77.4429
2020-11-03 11:00:00+00:00,60.1173,58.9177,68.2978,167.1668,77.4623
2020-11-03 12:00:00+00:00,52.0171,49.3409,59.3505,140.8755,50.1128
2020-11-03 13:00:00+00:00,62.7274,61.9611,71.0378,175.8326,43.1658
2020-11-03 14:00:00+00:00,52.3338,49.8342,61.0773,138.1874,28.3954
2020-11-03 15:00:00+00:00,46.8137,49.1098,55.6509,126.8229,21.4899
2020-11-03 16:00:00+00:00,35.4123,40.5513,42.8971,95.1284,24.3827
2020-11-03 17:00:00+00:00,30.7483,35.1804,38.8803,77.4604,23.1483
2020-11-03 18:00:00+00:00,23.6918,26.3056,29.7169,62.5114,16.4338
2020-11-03 19:00:00+00:00,18.1114,20.7848,22.5362,46.0090,11.8615
2020-11-03 20:00:00+00:00,18.1078,21.2977,22.4493,45.6692,7.5918
2020-11-03 21:00:00+00:00,15.3798,19.2078,19.6526,40.0189,3.9512
2020-11-03 22:00:00+00:00,6.3978,8.3130,8.0798,17.1781,0.0000
2020-11-03 23:00:00+00:00,1.8047,1.4159,1.3396,5.0464,0.0000
2020-11-04 00:00:00+00:00,1.0584,0.0000,0.0000,3.1344,0.0000
2020-11-04 01:00:00+00:00,0.0000,0.0000,0.0000,0.0000,0.0000
2020-11-04 02:00:00+00:00,0.0000,0.0000,0.0000,0.0000,3.7456
2020-11-04 03:00:00+00:00,0.0000,0.0000,0.0000,0.0000,11.2722
2020-11-04 04:00:00+00:00,0.0000,0.0000,0.0000,0.0000,20.8206
2020-11-04 05:00:00+00:00,1.5789,0.0000,1.7727,0.0000,22.4792
2020-11-04 06:00:00+00:00,9.9248,7.0239,13.2937,9.2321,34.7302
2020-11-04 07:00:00+00:00,32.6705,21.4058,45.2879,12.2862,43.1504
2020-11-04 08:00:00+00:00,47.2910,25.9330,52.5407,18.5694,54.6387
2020-11-04 09:00:00+00:00,54.3228,31.4525,45.2033,66.4465,41.9942
2020-11-04 10:00:00+00:00,42.3343,28.7565,32.8867,93.9235,32.2183
2020-11-04 11:00:00+00:00,66.2446,38.5624,44.1615,134.5990,23.0338
2020-11-04 12:00:00+00:00,76.2049,54.9118,54.0455,201.0050,32.8510
2020-11-04 13:00:00+00:00,58.7574,40.6435,33.3966,171.3110,25.1050
2020-11-04 14:00:00+00:00,21.6589,8.6926,9.5997,45.9490,23.3314
2020-11-04 15:00:00+00:00,11.3351,0.2437,6.6223,12.2440,17.1967
2020-11-04 16:00:00+00:00,14.0197,1.8742,11.4491,13.5700,20.9452
2020-11-04 17:00:00+00:00,17.3956,5.5045,17.1012,21.8791,15.0291
2020-11-04 18:00:00+00:00,27.9821,13.4082,28.3790,44.4540,16.0259
2020-11-04 19:00:00+00:00,26.8085,10.2552,26.2890,44.1588,22.0137
2020-11-04 20:00:00+00:00,39.2661,15.1808,40.0347,70.0830,21.8013
2020-11-04 21:00:00+00:00,44.4260,30.8799,39.4270,79.1754,11.2524
2020-11-04 22:00:00+00:00,78.4611,63.7544,69.2603,160.8279,28.2285
2020-11-04 23:00:00+00:00,80.9550,96.9957,102.4230,209.9361,54.4850
2020-11-05 00:00:00+00:00,80.9675,96.6193,103.0878,210.5093,75.6967
2020-11-05 01:00:00+00:00,81.0000,98.1160,104.7482,212.7835,78.6493
2020-11-05 02:00:00+00:00,81.0000,99.0665,105.5163,213.6642,76.2270
2020-11-05 03:00:00+00:00,81.0000,100.5000,106.5000,215.2000,77.7183
2020-11-05 04:00:00+00:00,81.0000,100.5000,106.5000,215.2000,79.9000
2020-11-05 05:00:00+00:00,81.0000,100.1753,106.2839,215.2000,79.9000
2020-11-05 06:00:00+00:00,81.0000,99.5013,106.4223,215.2000,79.9000
2020-11-05 07:00:00+00:00,81.0000,98.6756,106.0517,213.9423,78.4884
2020-11-05 08:00:00+00:00,81.0000,98.2763,105.8023,213.2696,75.9430
2020-11-05 09:00:00+00:00,81.0000,97.4905,104.8780,211.7554,49.2555
2020-11-05 10:00:00+00:00,80.7518,96.8704,103.7942,209.8513,34.9442
2020-11-05 11:00:00+00:00,80.3210,97.0126,103.5152,208.3509,32.0771
2020-11-05 12:00:00+00:00,80.4725,96.9536,103.2879,209.1682,43.6408
2020-11-05 13:00:00+00:00,77.4594,78.9367,86.4324,186.1471,38.3643
2020-11-05 14:00:00+00:00,77.2740,90.9763,101.8583,183.1389,65.6480
2020-11-05 15:00:00+00:00,77.3620,87.4684,102.0728,193.9560,78.4536
2020-11-05 16:00:00+00:00,76.6316,74.3514,94.3383,166.8493,79.2217
2020-11-05 17:00:00+00:00,77.2618,78.6601,91.2273,199.1188,78.2989
2020-11-05 18:00:00+00:00,77.8203,83.2545,94.7167,206.4612,77.4646
2020-11-05 19:00:00+00:00,60.2646,56.0892,61.8587,148.9884,76.6510
2020-11-05 20:00:00+00:00,58.8512,58.3514,67.9817,129.0774,76.8055
2020-11-05 21:00:00+00:00,46.2187,43.9050,52.7481,97.0405,74.3590
2020-11-05 22:00:00+00:00,41.3954,35.0144,44.5423,67.5303,75.8196
2020-11-05 23:00:00+00:00,64.5227,53.0721,66.9714,111.4785,78.2554
2020-11-06 00:00:00+00:00,75.7512,64.2257,81.5731,136.8721,78.7727
2020-11-06 01:00:00+00:00,66.6872,62.4571,77.6436,135.8474,79.3574
2020-11-06 02:00:00+00:00,76.7064,69.4977,84.5610,165.0464,77.3759
2020-11-06 03:00:00+00:00,69.0485,66.0221,76.4978,143.9766,75.7300
2020-11-06 04:00:00+00:00,58.7529,58.3606,63.9976,123.5160,49.3866
2020-11-06 05:00:00+00:00,49.9539,47.4679,53.8630,95.2200,12.2258
2020-11-06 06:00:00+00:00,54.8012,42.4177,51.8640,99.8692,12.0992
2020-11-06 07:00:00+00:00,54.5949,47.6769,49.4462,106.4983,39.5332
2020-11-06 08:00:00+00:00,51.8533,53.9718,45.8068,108.1900,32.1566
2020-11-06 09:00:00+00:00,65.6739,72.1551,59.7707,168.9425,18.0037
2020-11-06 10:00:00+00:00,73.4359,72.2027,67.0423,175.6041,5.3460
2020-11-06 11:00:00+00:00,73.2396,73.4870,67.2254,178.3158,5.6490
2020-11-06 12:00:00+00:00,74.4665,76.0416,68.8043,192.8372,2.8792
2020-11-06 13:00:00+00:00,71.7580,77.3979,70.1760,199.6734,7.6182
2020-11-06 14:00:00+00:00,73.0611,79.7796,79.2192,204.2661,49.7359
2020-11-06 15:00:00+00:00,73.1377,82.2940,79.3251,200.4276,68.9103
2020-11-06 16:00:00+00:00,62.8918,80.6860,74.0131,171.7373,66.8978
2020-11-06 17:00:00+00:00,51.5895,63.6828,61.6562,136.6301,57.2851
2020-11-06 18:00:00+00:00,43.2959,54.8003,52.0814,112.7810,60.6016
2020-11-06 19:00:00+00:00,52.4917,63.6895,63.5835,134.8753,75.4713
2020-11-06 20:00:00+00:00,57.2708,69.5117,68.5232,145.5139,76.2700
2020-11-06 21:00:00+00:00,45.2145,53.0882,53.0776,113.7712,59.7779
2020-11-06 22:00:00+00:00,75.5895,78.2153,85.6633,186.5722,48.5302
2020-11-06 23:00:00+00:00,80.7279,98.3591,104.2773,214.4784,74.3226
2020-11-07 00:00:00+00:00,78.9496,95.8810,101.6605,209.6460,78.4086
2020-11-07 01:00:00+00:00,80.3282,98.5520,103.5834,213.6921,79.9000
2020-11-07 02:00:00+00:00,80.8767,98.8619,104.1689,215.2000,79.9000
2020-11-07 03:00:00+00:00,81.0000,99.7731,104.8409,215.2000,79.9000
2020-11-07 04:00:00+00:00,81.0000,100.3074,105.5135,215.2000,79.9000
2020-11-07 05:00:00+00:00,80.1058,98.1218,102.4388,215.2000,76.4124
2020-11-07 06:00:00+00:00,79.3040,96.5754,100.9694,212.6349,73.1918
2020-11-07 07:00:00+00:00,77.0222,84.2151,79.4834,206.4706,51.5801
2020-11-07 08:00:00+00:00,69.5862,74.7442,67.9825,197.4536,44.6400
2020-11-07 09:00:00+00:00,77.2322,87.5652,82.4414,205.7010,44.0781
2020-11-07 10:00:00+00:00,60.6648,65.6049,58.7741,156.6659,15.4703
2020-11-07 11:00:00+00:00,56.3610,56.6321,53.3286,135.3552,16.1728
2020-11-07 12:00:00+00:00,62.4683,57.6723,57.7394,150.6087,26.1234
2020-11-07 13:00:00+00:00,56.3241,46.7013,46.9649,135.2836,42.8801
2020-11-07 14:00:00+00:00,49.0873,52.7125,47.3211,134.5783,45.8320
2020-11-07 15:00:00+00:00,52.3470,55.8511,53.9751,148.6418,48.6563
2020-11-07 16:00:00+00:00,50.8765,58.0433,56.4923,141.0132,46.7363
2020-11-07 17:00:00+00:00,49.1413,53.7509,56.0763,130.4349,44.9884
2020-11-07 18:00:00+00:00,43.1296,50.2074,49.3739,109.2894,46.0213
2020-11-07 19:00:00+00:00,41.2166,48.8149,49.0182,103.0381,45.6010
2020-11-07 20:00:00+00:00,45.6104,53.4448,54.0157,110.5468,37.1579
2020-11-07 21:00:00+00:00,46.1771,52.5684,54.1100,112.0815,27.0949
2020-11-07 22:00:00+00:00,49.3955,50.6471,50.8766,109.7903,20.7175
2020-11-07 23:00:00+00:00,72.1846,69.3738,74.1546,171.5061,32.3912
2020-11-08 00:00:00+00:00,77.7461,92.1917,91.7320,205.0312,14.9643
2020-11-08 01:00:00+00:00,77.6470,93.5221,91.3763,206.2839,4.7499
2020-11-08 02:00:00+00:00,78.8076,95.9149,99.7792,209.6727,10.4795
2020-11-08 03:00:00+00:00,77.7106,92.6951,87.9218,207.4763,12.1868
2020-11-08 04:00:00+00:00,75.8725,78.4340,75.2382,203.1587,24.0374
2020-11-08 05:00:00+00:00,70.7843,67.9414,67.8432,193.0164,36.8498
2020-11-08 06:00:00+00:00,69.4270,68.4425,68.2317,189.6007,44.9108
2020-11-08 07:00:00+00:00,48.0096,46.3385,47.0745,124.5554,42.4970
2020-11-08 08:00:00+00:00,42.0795,39.9165,42.1650,115.5296,39.6608
2020-11-08 09:00:00+00:00,34.7392,34.2798,36.3867,100.8593,27.3649
2020-11-08 10:00:00+00:00,34.1169,33.7749,35.4045,89.7393,9.5947
2020-11-08 11:00:00+00:00,31.5758,33.6905,34.0497,84.0417,10.7837
2020-11-08 12:00:00+00:00,25.3725,28.3098,26.8996,67.0785,10.2403
2020-11-08 13:00:00+00:00,23.4017,22.3828,23.0574,54.0003,9.5504
2020-11-08 14:00:00+00:00,11.1479,11.2564,9.9331,24.6984,4.7639
2020-11-08 15:00:00+00:00,8.7517,7.1804,8.4702,15.0700,0.0000
2020-11-08 16:00:00+00:00,5.1567,3.8729,5.3518,7.8541,2.7149
2020-11-08 17:00:00+00:00,4.2843,3.5136,4.6494,6.7002,3.3339
2020-11-08 18:00:00+00:00,4.2864,4.2682,5.3221,7.7142,4.1623
2020-11-08 19:00:00+00:00,4.5950,4.6385,5.6277,9.1714,4.4287
2020-11-08 20:00:00+00:00,4.4231,4.3031,5.4525,8.8724,3.3761
2020-11-08 21:00:00+00:00,2.6817,1.9002,2.7849,5.3528,2.2055
2020-11-08 22:00:00+00:00,4.9419,6.4378,5.2213,9.2646,7.4015
2020-11-08 23:00:00+00:00,13.8412,14.6760,13.7547,31.8508,11.3066
2020-11-09 00:00:00+00:00,25.3013,26.0724,23.6950,63.6182,7.4280
2020-11-09 01:00:00+00:00,44.1774,42.3149,43.9269,110.9659,9.8323
2020-11-09 02:00:00+00:00,58.9135,62.2367,60.1206,152.3497,9.8976
2020-11-09 03:00:00+00:00,50.7689,54.9385,51.3277,128.4376,5.8384
2020-11-09 04:00:00+00:00,50.1286,53.8121,52.3854,130.0837,3.4083
2020-11-09 05:00:00+00:00,35.4307,36.8247,36.0630,97.4139,1.5809
2020-11-09 06:00:00+00:00,22.1102,23.9506,23.8256,63.5818,0.0000
2020-11-09 07:00:00+00:00,17.9251,20.9449,19.7645,53.8536,0.0000
2020-11-09 08:00:00+00:00,15.2386,17.9771,16.4545,46.0572,0.0000
2020-11-09 09:00:00+00:00,11.8980,14.4535,13.3755,35.6849,0.0708
2020-11-09 10:00:00+00:00,21.5002,21.9209,21.7074,60.6415,4.5869
2020-11-09 11:00:00+00:00,19.9006,18.6084,18.5663,62.5053,2.5768
2020-11-09 12:00:00+00:00,14.4366,14.4331,12.6898,50.3466,1.7869
2020-11-09 13:00:00+00:00,12.3250,13.6448,12.3419,37.3143,2.0455
2020-11-09 14:00:00+00:00,8.5184,8.8809,7.7027,21.0251,0.0000
2020-11-09 15:00:00+00:00,3.6958,3.3114,2.5660,8.1065,0.0000
2020-11-09 16:00:00+00:00,2.3586,1.8400,2.2630,4.3495,0.0000
2020-11-09 17:00:00+00:00,2.0972,1.3608,1.9704,3.7137,0.0000
2020-11-09 18:00:00+00:00,1.8331,0.7057,1.8040,2.9093,0.0000
2020-11-09 19:00:00+00:00,1.0289,0.0000,0.6797,0.0000,0.0000
2020-11-09 20:00:00+00:00,0.0000,0.0000,0.0000,0.0000,0.0000
2020-11-09 21:00:00+00:00,0.0000,0.0000,0.0000,0.0000,5.0998
2020-11-09 22:00:00+00:00,0.0000,0.0000,0.0000,0.0000,8.7835
2020-11-09 23:00:00+00:00,0.0000,0.0000,0.0000,0.0000,11.8252
2020-11-10 00:00:00+00:00,2.0821,0.0000,0.0966,0.7986,18.2022
2020-11-10 01:00:00+00:00,11.5056,5.8619,7.0593,26.7089,26.2079
2020-11-10 02:00:00+00:00,28.4801,19.9813,20.1403,71.3789,42.0079
2020-11-10 03:00:00+00:00,39.7545,37.1200,31.1491,105.1966,33.1475
2020-11-10 04:00:00+00:00,51.2240,49.8927,39.5331,140.1916,25.1257
2020-11-10 05:00:00+00:00,62.5739,66.5340,54.6334,171.7403,24.2403
2020-11-10 06:00:00+00:00,64.9163,71.6843,61.4341,170.5927,15.3525
2020-11-10 07:00:00+00:00,69.3953,79.0171,62.6425,188.6385,14.1002
2020-11-10 08:00:00+00:00,67.8445,77.2830,60.6579,189.0732,10.2334
2020-11-10 09:00:00+00:00,59.1292,74.2777,57.0671,170.5373,7.3706
2020-11-10 10:00:00+00:00,49.5748,63.0336,46.1948,146.8616,6.5677
2020-11-10 11:00:00+00:00,48.0431,60.8966,46.7601,143.2210,11.2749
2020-11-10 12:00:00+00:00,45.8067,64.9250,50.2384,137.3140,9.8698
2020-11-10 13:00:00+00:00,39.1734,59.0182,44.6758,101.3711,11.9981
2020-11-10 14:00:00+00:00,26.8521,32.2802,25.9616,71.7125,4.8531
2020-11-10 15:00:00+00:00,22.4883,27.6863,29.6016,58.6528,5.7820
2020-11-10 16:00:00+00:00,23.4616,24.9957,29.2897,52.6411,11.5652
2020-11-10 17:00:00+00:00,21.1267,21.8389,26.8872,46.1907,14.4334
2020-11-10 18:00:00+00:00,20.0036,21.9579,25.8646,41.8517,13.0163
2020-11-10 19:00:00+00:00,16.3241,17.7317,19.7171,33.5880,13.7556
2020-11-10 20:00:00+00:00,12.8077,13.2385,16.2971,27.6612,16.9326
2020-11-10 21:00:00+00:00,11.1307,10.1795,13.1799,21.6925,18.5361
2020-11-10 22:00:00+00:00,18.1950,15.4895,17.4967,41.2896,26.2502
2020-11-10 23:00:00+00:00,40.1723,40.0063,39.9918,96.7086,48.3759
2020-11-11 00:00:00+00:00,61.1712,55.2504,58.2508,136.1334,70.0841
2020-11-11 01:00:00+00:00,77.1979,74.8169,87.6831,176.3867,76.4911
2020-11-11 02:00:00+00:00,77.7412,77.8334,90.5322,178.1995,78.6298
2020-11-11 03:00:00+00:00,79.4120,94.8956,101.1478,201.5938,78.3380
2020-11-11 04:00:00+00:00,81.0000,97.8704,103.0053,208.7771,77.3096
2020-11-11 05:00:00+00:00,81.0000,98.2950,102.4946,210.4094,75.6137
2020-11-11 06:00:00+00:00,80.0179,96.3443,87.0560,207.6761,75.6969
2020-11-11 07:00:00+00:00,79.7713,96.2858,84.2668,209.5807,77.5473
2020-11-11 08:00:00+00:00,79.3592,95.9575,76.8680,211.7558,78.9991
2020-11-11 09:00:00+00:00,79.5379,96.3238,78.9389,213.5223,78.2122
2020-11-11 10:00:00+00:00,78.5298,95.6143,64.4111,215.2000,66.5703
2020-11-11 11:00:00+00:00,77.3258,93.9362,66.9923,212.7129,46.0481
2020-11-11 12:00:00+00:00,76.4960,78.3541,59.5872,206.8218,45.4285
2020-11-11 13:00:00+00:00,48.0468,56.6538,49.2727,192.3799,57.0262
2020-11-11 14:00:00+00:00,55.2729,60.2553,76.4237,115.0528,66.4361
2020-11-11 15:00:00+00:00,47.9629,60.4907,67.0399,146.2188,73.1178
2020-11-11 16:00:00+00:00,48.0183,58.8826,68.4008,164.2577,79.7643
2020-11-11 17:00:00+00:00,78.3033,95.6232,103.0519,213.1901,79.9000
2020-11-11 18:00:00+00:00,77.4435,95.7075,103.2182,208.5751,78.7675
2020-11-11 19:00:00+00:00,68.0167,73.4257,100.6946,200.1822,47.2952
2020-11-11 20:00:00+00:00,74.5584,85.7768,102.6208,201.6470,36.0581
2020-11-11 21:00:00+00:00,31.8870,38.6835,49.5125,111.3394,16.5799
2020-11-11 22:00:00+00:00,32.7698,52.9515,50.3541,126.9635,76.3713
2020-11-11 23:00:00+00:00,48.5765,73.2459,84.5364,144.6365,76.1489
2020-11-12 00:00:00+00:00,54.1129,56.2754,74.4675,167.3223,38.2837
2020-11-12 01:00:00+00:00,58.9716,81.2878,81.7325,201.5146,39.7015
2020-11-12 02:00:00+00:00,64.0127,75.5067,75.8270,204.6472,29.7153
2020-11-12 03:00:00+00:00,68.0498,75.1430,75.9809,205.1475,30.2506
2020-11-12 04:00:00+00:00,56.6824,59.5368,58.4478,179.1583,19.9063
2020-11-12 05:00:00+00:00,52.7281,50.7671,54.1576,155.5610,23.0515
2020-11-12 06:00:00+00:00,32.4144,32.0483,35.1973,84.8939,18.3934
2020-11-12 07:00:00+00:00,32.2922,28.7424,35.1539,89.5106,17.7924
2020-11-12 08:00:00+00:00,21.2825,19.5765,22.4139,60.5099,14.1033
2020-11-12 09:00:00+00:00,,,,,
2020-11-12 10:00:00+00:00,22.0885,21.9460,23.3916,66.3392,12.5298
2020-11-12 11:00:00+00:00,20.0025,17.3693,19.6979,56.2570,12.7901
2020-11-12 12:00:00+00:00,12.3858,11.2061,12.0764,36.4581,6.2124
2020-11-12 13:00:00+00:00,16.2793,15.3366,16.3780,47.8676,19.6992
2020-11-12 14:00:00+00:00,30.6289,28.4589,32.3521,84.5422,13.9370
2020-11-12 15:00:00+00:00,26.2460,26.8724,28.8658,70.2160,9.6003
2020-11-12 16:00:00+00:00,24.8617,25.8746,27.2823,70.5276,17.8186
2020-11-12 17:00:00+00:00,23.6079,24.4306,26.6490,63.8250,15.8750
2020-11-12 18:00:00+00:00,14.6072,13.8064,15.3936,43.2972,4.8275
2020-11-12 19:00:00+00:00,7.0865,6.0468,6.9372,20.8464,5.4997
2020-11-12 20:00:00+00:00,6.3991,6.2685,6.7398,17.9441,5.7499
2020-11-12 21:00:00+00:00,5.7848,5.8946,6.0576,17.0178,5.0687
2020-11-12 22:00:00+00:00,4.2454,4.1042,3.7753,13.7542,2.7995
2020-11-12 23:00:00+00:00,0.0000,0.0000,0.0000,2.5797,0.0000
2020-11-13 00:00:00+00:00,0.0000,0.0000,0.0000,0.0000,0.0000
2020-11-13 01:00:00+00:00,0.0000,0.0000,0.0000,0.0000,0.0000
2020-11-13 02:00:00+00:00,0.0000,0.0000,0.0000,0.0000,0.0000
2020-11-13 03:00:00+00:00,0.0000,0.0000,0.0000,0.0000,0.0000
2020-11-13 04:00:00+00:00,0.0000,0.0000,0.0000,0.0000,0.0000
2020-11-13 05:00:00+00:00,0.9884,0.0000,1.3118,0.0000,0.0000
2020-11-13 06:00:00+00:00,9.2019,6.0933,12.7257,8.6447,0.0000
2020-11-13 07:00:00+00:00,13.4141,12.0731,19.5638,16.9811,1.9910
2020-11-13 08:00:00+00:00,15.1971,16.6267,23.2792,21.1988,8.8996
2020-11-13 09:00:00+00:00,21.5563,27.9462,32.2215,35.1570,22.0620
2020-11-13 10:00:00+00:00,36.6674,57.2814,58.4139,74.6435,35.2075
2020-11-13 11:00:00+00:00,39.6555,82.3668,68.4666,89.5870,47.0254
2020-11-13 12:00:00+00:00,35.1459,67.7751,61.5417,66.6429,59.3964
2020-11-13 13:00:00+00:00,30.1052,45.4222,48.5994,35.6324,41.4703
2020-11-13 14:00:00+00:00,10.4325,13.3628,13.7502,8.6923,28.3291
2020-11-13 15:00:00+00:00,5.7674,3.6050,8.4682,7.1845,30.0976
2020-11-13 16:00:00+00:00,12.9820,8.2126,15.0334,7.7335,32.3313
2020-11-13 17:00:00+00:00,17.3572,10.4013,19.4965,17.4714,16.1537
2020-11-13 18:00:00+00:00,18.4486,14.1641,22.1646,32.9536,8.9667
2020-11-13 19:00:00+00:00,18.4558,14.4751,20.8313,31.9540,7.1150
2020-11-13 20:00:00+00:00,9.3205,7.2461,10.3640,13.0552,25.8744
2020-11-13 21:00:00+00:00,33.5836,24.3671,37.1004,75.3476,38.1521
2020-11-13 22:00:00+00:00,21.9670,12.8920,20.9104,48.0778,33.5642
2020-11-13 23:00:00+00:00,13.6166,8.9015,12.5879,30.5490,29.6259
2020-11-14 00:00:00+00:00,22.1801,16.5330,23.1383,43.5218,23.4461
2020-11-14 01:00:00+00:00,43.9340,43.7964,50.9561,112.6381,17.3839
2020-11-14 02:00:00+00:00,42.3918,50.0532,48.4747,112.6705,13.2705
2020-11-14 03:00:00+00:00,43.9858,54.7867,51.0338,114.9803,19.3438
2020-11-14 04:00:00+00:00,42.6947,48.4544,47.5952,109.9256,26.7938
2020-11-14 05:00:00+00:00,35.2125,39.6368,37.9527,94.6146,33.8333
2020-11-14 06:00:00+00:00,30.5083,37.9954,35.3647,81.9340,30.8282
2020-11-14 07:00:00+00:00,32.7864,43.9674,40.8034,90.6682,33.9231
2020-11-14 08:00:00+00:00,32.6393,44.4328,41.8349,84.7370,51.7349
2020-11-14 09:00:00+00:00,45.1170,53.5225,53.0707,128.7152,39.8382
2020-11-14 10:00:00+00:00,51.9081,51.6249,59.1069,147.7118,32.4171
2020-11-14 11:00:00+00:00,55.1041,58.0032,62.9681,157.7646,26.7926
2020-11-14 12:00:00+00:00,56.7444,61.2311,63.4119,167.6667,24.2203
2020-11-14 13:00:00+00:00,56.6630,60.6509,63.1280,168.0910,17.0711
2020-11-14 14:00:00+00:00,39.2297,43.1495,45.2995,105.0931,23.2222
2020-11-14 15:00:00+00:00,39.4154,43.5082,45.2182,109.1552,18.8065
2020-11-14 16:00:00+00:00,40.9002,45.9359,48.2687,112.4137,16.4687
2020-11-14 17:00:00+00:00,37.5712,42.1527,43.2665,101.2780,18.2216
2020-11-14 18:00:00+00:00,34.2838,39.3132,41.2407,90.1775,21.7888
2020-11-14 19:00:00+00:00,23.9835,28.6715,28.4340,62.7213,17.4911
2020-11-14 20:00:00+00:00,28.9428,34.6692,35.4308,72.0642,12.4966
2020-11-14 21:00:00+00:00,25.7018,29.1820,29.7819,69.1107,10.6744
2020-11-14 22:00:00+00:00,16.5113,16.7758,18.0702,42.6496,12.5187
2020-11-14 23:00:00+00:00,16.6387,16.6883,17.7115,44.2161,15.2516
2020-11-15 00:00:00+00:00,10.7214,9.2508,10.8136,30.9180,12.0975
2020-11-15 01:00:00+00:00,11.3050,10.0317,11.1204,35.7802,0.0000
2020-11-15 02:00:00+00:00,7.9033,3.7477,5.5464,25.8158,0.0000
2020-11-15 03:00:00+00:00,0.0000,0.0000,0.0000,0.3216,0.0000
2020-11-15 04:00:00+00:00,0.0000,0.0000,0.0000,0.0000,0.3340
2020-11-15 05:00:00+00:00,0.0000,1.6899,0.5526,0.0000,5.2638
2020-11-15 06:00:00+00:00,3.0502,6.0675,4.7855,3.9880,17.9398
2020-11-15 07:00:00+00:00,2.5689,5.6730,5.3620,3.8186,44.9568
2020-11-15 08:00:00+00:00,9.5024,10.5008,14.9233,15.5024,73.1622
2020-11-15 09:00:00+00:00,14.6171,16.0345,21.0850,17.4835,76.9304
2020-11-15 10:00:00+00:00,30.2666,35.3356,35.8219,32.9759,79.9000
2020-11-15 11:00:00+00:00,56.7439,57.9528,59.6707,37.4999,79.9000
2020-11-15 12:00:00+00:00,78.8438,83.4522,99.4095,65.1562,79.9000
2020-11-15 13:00:00+00:00,78.5865,95.9626,100.9385,121.5644,79.9000
2020-11-15 14:00:00+00:00,77.8462,83.8702,102.6822,107.7220,79.9000
2020-11-15 15:00:00+00:00,81.0000,99.1748,106.5000,210.6203,79.9000
2020-11-15 16:00:00+00:00,80.1496,95.6650,99.8361,208.0398,79.9000
2020-11-15 17:00:00+00:00,79.9770,66.4226,104.9340,191.9072,79.9000
2020-11-15 18:00:00+00:00,81.0000,100.5000,106.5000,215.2000,79.9000
2020-11-15 19:00:00+00:00,81.0000,100.5000,106.5000,215.2000,79.9000
2020-11-15 20:00:00+00:00,81.0000,100.5000,106.5000,215.2000,79.9000
2020-11-15 21:00:00+00:00,81.0000,100.5000,106.5000,215.2000,79.9000
2020-11-15 22:00:00+00:00,81.0000,100.5000,106.5000,215.2000,79.9000
2020-11-15 23:00:00+00:00,81.0000,100.5000,106.5000,215.2000,79.9000
2020-11-16 00:00:00+00:00,80.8325,97.5558,106.0899,207.6591,79.9000
2020-11-16 01:00:00+00:00,77.5207,97.5973,102.3800,179.3273,79.9000
2020-11-16 02:00:00+00:00,81.0000,100.5000,106.5000,215.2000,79.9000
2020-11-16 03:00:00+00:00,59.9243,71.4923,83.1917,149.5706,77.9611
2020-11-16 04:00:00+00:00,78.6535,95.1241,103.5860,205.7061,79.0079
2020-11-16 05:00:00+00:00,81.0000,98.6317,106.5000,210.8519,79.9000
2020-11-16 06:00:00+00:00,81.0000,100.5000,106.5000,215.2000,79.9000
2020-11-16 07:00:00+00:00,81.0000,100.5000,106.5000,215.2000,79.9000
2020-11-16 08:00:00+00:00,81.0000,100.5000,106.5000,215.2000,79.9000
2020-11-16 09:00:00+00:00,81.0000,100.5000,106.5000,215.2000,79.9000
2020-11-16 10:00:00+00:00,81.0000,100.5000,106.5000,215.2000,79.3359
2020-11-16 11:00:00+00:00,81.0000,100.5000,106.5000,215.2000,55.5062
2020-11-16 12:00:00+00:00,81.0000,100.5000,106.5000,215.2000,63.5947
2020-11-16 13:00:00+00:00,81.0000,100.5000,106.5000,215.2000,79.9000
2020-11-16 14:00:00+00:00,81.0000,100.5000,106.5000,215.2000,79.6334
2020-11-16 15:00:00+00:00,81.0000,100.5000,106.5000,215.2000,79.9000
2020-11-16 16:00:00+00:00,81.0000,100.5000,106.5000,215.2000,79.9000
2020-11-16 17:00:00+00:00,81.0000,100.5000,106.5000,215.2000,79.9000
2020-11-16 18:00:00+00:00,81.0000,100.5000,106.5000,215.2000,79.9000
2020-11-16 19:00:00+00:00,81.0000,100.0045,106.5000,215.2000,79.9000
2020-11-16 20:00:00+00:00,81.0000,100.5000,106.5000,215.2000,79.9000
2020-11-16 21:00:00+00:00,80.8408,100.2468,105.6889,214.8061,79.9000
2020-11-16 22:00:00+00:00,81.0000,99.8329,105.6273,215.2000,79.9000
2020-11-16 23:00:00+00:00,80.1993,99.2067,104.3823,214.4358,74.9495
2020-11-17 00:00:00+00:00,78.5019,96.5339,101.9070,209.3370,44.1470
2020-11-17 01:00:00+00:00,81.0000,99.9779,106.5000,215.2000,35.1892
2020-11-17 02:00:00+00:00,81.0000,99.3884,106.5000,215.2000,71.8606
2020-11-17 03:00:00+00:00,77.8156,90.0699,101.3040,202.2406,34.4511
2020-11-17 04:00:00+00:00,60.1777,56.8042,69.5513,155.5649,50.4995
2020-11-17 05:00:00+00:00,61.1521,59.2625,65.4113,158.8657,40.6152
2020-11-17 06:00:00+00:00,77.5122,71.6664,97.4367,204.9213,45.7026
2020-11-17 07:00:00+00:00,62.8127,54.0128,68.6442,156.8026,29.5183
2020-11-17 08:00:00+00:00,35.4977,27.8078,39.8759,82.5698,23.7440
2020-11-17 09:00:00+00:00,25.0256,22.6175,28.2403,57.2277,15.4323
2020-11-17 10:00:00+00:00,15.9720,13.1221,18.0666,37.8240,9.7654
2020-11-17 11:00:00+00:00,14.2177,12.0104,14.8073,36.0527,8.0448
2020-11-17 12:00:00+00:00,11.6844,11.5378,14.4392,30.2369,1.1622
2020-11-17 13:00:00+00:00,7.5088,7.6933,7.6780,22.5673,4.8126
2020-11-17 14:00:00+00:00,8.8185,10.2492,9.9385,24.3769,12.0681
2020-11-17 15:00:00+00:00,14.7041,16.8579,17.1640,38.2329,9.6462
2020-11-17 16:00:00+00:00,24.9180,32.7058,35.5470,60.2908,6.1959
2020-11-17 17:00:00+00:00,34.7711,34.7678,40.8947,87.3657,14.1331
2020-11-17 18:00:00+00:00,37.7458,40.7698,48.8310,88.7578,27.3892
2020-11-17 19:00:00+00:00,21.2121,21.5628,23.6567,58.5568,41.4156
2020-11-17 20:00:00+00:00,25.6878,27.7704,33.0617,67.5153,75.9479
2020-11-17 21:00:00+00:00,39.3095,41.7416,48.6475,92.9559,38.9161
2020-11-17 22:00:00+00:00,29.3474,28.6186,34.1487,79.5142,29.9420
2020-11-17 23:00:00+00:00,36.7637,33.6888,42.0074,90.7053,37.4004
2020-11-18 00:00:00+00:00,34.3987,30.6248,38.2104,87.0564,59.8079
2020-11-18 01:00:00+00:00,39.7864,42.4652,46.2446,106.8214,42.5640
2020-11-18 02:00:00+00:00,40.3520,46.6633,48.5139,112.1904,27.2011
2020-11-18 03:00:00+00:00,33.9718,37.5200,41.3693,93.6913,28.6089
2020-11-18 04:00:00+00:00,33.1284,36.8090,39.6625,90.7334,28.0939
2020-11-18 05:00:00+00:00,41.6147,40.5704,47.6106,113.7283,20.6407
2020-11-18 06:00:00+00:00,28.9363,26.7897,31.0921,84.5503,30.1139
2020-11-18 07:00:00+00:00,37.8700,35.2061,40.5141,112.6901,29.8275
2020-11-18 08:00:00+00:00,32.1069,28.0330,33.8898,95.3502,21.6787
2020-11-18 09:00:00+00:00,27.9425,22.7918,28.2199,90.2744,18.6421
2020-11-18 10:00:00+00:00,23.2663,22.6494,25.8860,72.0245,26.9144
2020-11-18 11:00:00+00:00,17.5154,17.6111,19.2065,53.1512,21.2555
2020-11-18 12:00:00+00:00,22.5699,21.1923,25.8675,64.6346,16.0712
2020-11-18 13:00:00+00:00,23.0397,22.6134,25.8322,67.2892,10.2025
2020-11-18 14:00:00+00:00,22.3450,22.8415,25.0796,60.0497,13.2791
2020-11-18 15:00:00+00:00,19.5854,21.1598,23.0978,50.0591,7.5936
2020-11-18 16:00:00+00:00,23.1869,26.5218,27.7310,61.1566,6.9033
2020-11-18 17:00:00+00:00,21.6160,25.4176,26.4768,58.0743,5.8581
2020-11-18 18:00:00+00:00,19.4260,22.1728,23.6874,52.3793,10.3823
2020-11-18 19:00:00+00:00,17.6049,20.1584,20.6509,47.3882,8.1711
2020-11-18 20:00:00+00:00,17.9193,20.5399,20.9826,49.6649,7.8184
2020-11-18 21:00:00+00:00,14.5393,15.9476,16.2995,41.5687,5.3717
2020-11-18 22:00:00+00:00,7.7965,7.9735,8.2784,21.1794,0.0000
2020-11-18 23:00:00+00:00,6.9832,7.0764,7.0054,17.5186,0.0000
2020-11-19 00:00:00+00:00,6.4853,5.8085,5.8047,17.4092,0.0000
2020-11-19 01:00:00+00:00,7.8328,7.0599,7.0464,19.2940,0.0000
2020-11-19 02:00:00+00:00,11.0269,9.3144,11.1051,27.9465,0.0000
2020-11-19 03:00:00+00:00,12.4630,9.4089,12.4790,30.3218,4.4823
2020-11-19 04:00:00+00:00,12.0815,10.1074,12.5177,28.7910,8.2344
2020-11-19 05:00:00+00:00,9.9664,9.5386,11.4520,21.4339,9.8871
2020-11-19 06:00:00+00:00,10.2625,11.7191,12.1249,22.5037,10.6111
2020-11-19 07:00:00+00:00,11.4878,11.8983,13.2123,23.7505,7.9351
2020-11-19 08:00:00+00:00,13.2552,13.1781,13.9157,28.9757,9.0262
2020-11-19 09:00:00+00:00,19.0033,17.9377,17.9378,40.8319,15.2244
2020-11-19 10:00:00+00:00,30.1220,27.1643,25.9374,59.7446,27.2681
2020-11-19 11:00:00+00:00,44.9615,32.2121,37.4915,85.4460,29.5802
2020-11-19 12:00:00+00:00,64.0565,43.5127,47.1992,131.4331,42.0398
2020-11-19 13:00:00+00:00,77.7552,56.2971,65.6696,186.0613,48.0864
2020-11-19 14:00:00+00:00,77.8388,42.2754,49.8173,165.0854,75.7854
2020-11-19 15:00:00+00:00,77.1689,50.0912,60.4504,172.7738,78.7355
2020-11-19 16:00:00+00:00,79.3766,62.7187,98.2462,208.7189,79.9000
2020-11-19 17:00:00+00:00,76.9168,46.0445,78.7328,192.9448,76.9079
2020-11-19 18:00:00+00:00,53.1390,30.1615,50.6198,124.0895,78.1907
2020-11-19 19:00:00+00:00,27.6956,15.9497,24.4621,64.6398,60.0036
2020-11-19 20:00:00+00:00,56.7519,38.4959,56.7689,132.6527,38.3439
2020-11-19 21:00:00+00:00,67.4856,52.5278,71.7072,156.9040,27.5290
2020-11-19 22:00:00+00:00,81.0000,100.5000,106.5000,215.2000,42.0586
2020-11-19 23:00:00+00:00,81.0000,100.5000,106.5000,215.2000,37.6011
2020-11-20 00:00:00+00:00,80.8876,99.2927,105.2663,213.5033,21.3911
2020-11-20 01:00:00+00:00,81.0000,100.5000,106.5000,215.2000,27.0672
2020-11-20 02:00:00+00:00,81.0000,100.5000,106.5000,215.2000,74.7378
2020-11-20 03:00:00+00:00,81.0000,100.5000,106.5000,215.2000,49.9771
2020-11-20 04:00:00+00:00,80.7081,99.5608,104.9905,215.2000,67.3735
2020-11-20 05:00:00+00:00,81.0000,100.5000,106.5000,215.2000,71.3362
2020-11-20 06:00:00+00:00,81.0000,100.5000,106.5000,215.2000,77.1859
2020-11-20 07:00:00+00:00,81.0000,100.5000,106.5000,215.2000,77.6086
2020-11-20 08:00:00+00:00,81.0000,100.5000,106.5000,215.2000,78.5310
2020-11-20 09:00:00+00:00,80.6787,100.5000,105.4266,212.6270,77.2503
2020-11-20 10:00:00+00:00,81.0000,100.5000,106.5000,215.2000,76.8351
2020-11-20 11:00:00+00:00,81.0000,100.5000,106.0483,213.8272,51.2528
2020-11-20 12:00:00+00:00,78.9263,98.8363,103.4198,208.5179,61.5613
2020-11-20 13:00:00+00:00,77.3717,96.3435,101.2797,205.8954,37.1151
2020-11-20 14:00:00+00:00,67.0223,81.3883,79.1541,196.2457,24.2460
2020-11-20 15:00:00+00:00,60.5390,80.4099,68.0016,188.7030,33.8029
2020-11-20 16:00:00+00:00,56.8090,70.3742,60.8048,171.4339,52.7707
2020-11-20 17:00:00+00:00,47.9011,60.9519,56.6329,160.9744,40.5630
2020-11-20 18:00:00+00:00,37.4486,51.6996,51.1120,109.4303,33.6576
2020-11-20 19:00:00+00:00,71.1598,94.3534,101.0918,171.4726,69.1112
2020-11-20 20:00:00+00:00,81.0000,99.1559,106.5000,210.1633,74.2394
2020-11-20 21:00:00+00:00,81.0000,100.5000,106.5000,215.2000,14.7226
2020-11-20 22:00:00+00:00,81.0000,100.5000,106.5000,215.2000,8.5809
2020-11-20 23:00:00+00:00,81.0000,100.5000,106.5000,215.2000,78.4389
2020-11-21 00:00:00+00:00,79.7222,96.8677,103.0078,212.4834,79.9000
2020-11-21 01:00:00+00:00,81.0000,99.0559,105.3271,215.2000,79.9000
2020-11-21 02:00:00+00:00,81.0000,99.4003,105.9571,215.2000,79.9000
2020-11-21 03:00:00+00:00,81.0000,98.9731,105.5114,215.2000,79.9000
2020-11-21 04:00:00+00:00,81.0000,97.9988,105.1772,215.2000,75.6840
2020-11-21 05:00:00+00:00,80.2808,96.3782,103.6295,214.8527,59.2367
2020-11-21 06:00:00+00:00,77.2619,83.0050,95.4674,207.5349,41.7369
2020-11-21 07:00:00+00:00,77.6914,85.5474,98.9626,208.5920,50.8835
2020-11-21 08:00:00+00:00,77.5377,83.3765,98.3724,206.4749,52.5151
2020-11-21 09:00:00+00:00,66.4586,66.8915,77.4928,187.2868,61.9440
2020-11-21 10:00:00+00:00,66.7690,75.6372,77.8784,181.5352,51.5163
2020-11-21 11:00:00+00:00,56.7637,54.9341,62.7095,141.9798,35.4996
2020-11-21 12:00:00+00:00,57.6148,51.4558,69.0899,132.7264,34.0948
2020-11-21 13:00:00+00:00,38.2986,39.9804,47.5235,95.8323,32.9597
2020-11-21 14:00:00+00:00,31.9808,29.6485,39.3463,77.3514,38.9183
2020-11-21 15:00:00+00:00,19.2268,19.2969,22.1810,48.7702,28.3784
2020-11-21 16:00:00+00:00,12.1109,16.3015,16.1759,31.8499,18.6832
2020-11-21 17:00:00+00:00,16.8305,21.2216,21.1232,45.1236,10.1899
2020-11-21 18:00:00+00:00,15.4560,19.0468,18.7535,42.6491,9.3511
2020-11-21 19:00:00+00:00,13.2056,18.7103,16.8547,36.1271,9.2211
2020-11-21 20:00:00+00:00,15.7170,20.3755,19.1011,43.0687,10.7089
2020-11-21 21:00:00+00:00,13.1453,16.2319,15.4846,35.7403,13.4741
2020-11-21 22:00:00+00:00,9.3518,10.0257,10.9324,24.0360,13.3437
2020-11-21 23:00:00+00:00,6.3298,6.0750,7.6338,17.8981,3.2541
2020-11-22 00:00:00+00:00,5.4045,5.1366,5.7862,18.8191,5.7168
2020-11-22 01:00:00+00:00,3.0854,3.0839,3.1339,12.0980,4.9234
2020-11-22 02:00:00+00:00,0.0000,0.0000,0.0000,2.0919,0.0000
2020-11-22 03:00:00+00:00,0.0000,0.0000,0.0000,0.0000,0.0000
2020-11-22 04:00:00+00:00,0.0000,0.0000,0.0000,0.0000,0.0000
2020-11-22 05:00:00+00:00,0.0000,0.0000,0.0000,0.0000,0.0000
2020-11-22 06:00:00+00:00,0.0000,0.0000,0.0000,0.0000,0.0000
2020-11-22 07:00:00+00:00,0.0000,2.3866,0.0000,0.0000,0.0000
2020-11-22 08:00:00+00:00,0.0000,0.7016,0.0000,0.0000,0.0000
2020-11-22 09:00:00+00:00,0.0000,0.0000,0.0000,0.0000,0.0000
2020-11-22 10:00:00+00:00,0.0000,0.0000,0.0000,0.0000,0.0000
2020-11-22 11:00:00+00:00,0.0000,0.0000,0.0000,0.0000,0.0000
2020-11-22 12:00:00+00:00,0.0000,0.0000,0.0000,0.0000,0.0000
2020-11-22 13:00:00+00:00,0.0000,0.0000,0.0000,0.0000,0.0000
2020-11-22 14:00:00+00:00,0.0000,0.0000,0.0000,0.0000,0.0000
2020-11-22 15:00:00+00:00,0.0000,0.0000,0.0000,0.0000,0.0000
2020-11-22 16:00:00+00:00,0.0000,0.0000,0.0000,2.2015,4.4030
2020-11-22 17:00:00+00:00,0.0000,0.0000,0.0000,1.8258,6.6206
2020-11-22 18:00:00+00:00,0.7589,0.4440,0.0000,1.8310,6.0819
2020-11-22 19:00:00+00:00,2.9294,5.4166,3.2003,8.6513,3.5940
2020-11-22 20:00:00+00:00,4.3594,7.3344,5.1277,9.9843,10.2737
2020-11-22 21:00:00+00:00,10.4546,20.5580,16.9874,20.1878,19.3636
2020-11-22 22:00:00+00:00,19.6086,38.3537,31.4130,46.7973,76.0228
2020-11-22 23:00:00+00:00,33.5623,43.2586,49.6297,81.6349,79.9000
2020-11-23 00:00:00+00:00,40.3696,66.0571,60.5108,102.9040,79.9000
2020-11-23 01:00:00+00:00,77.3273,48.4946,95.6093,70.4594,79.9000
2020-11-23 02:00:00+00:00,81.0000,13.2224,106.5000,206.5130,79.9000
2020-11-23 03:00:00+00:00,81.0000,54.9537,106.5000,215.2000,79.9000
2020-11-23 04:00:00+00:00,81.0000,100.5000,106.5000,215.2000,79.9000
2020-11-23 05:00:00+00:00,81.0000,100.5000,106.5000,209.7055,79.9000
2020-11-23 06:00:00+00:00,81.0000,99.9773,106.5000,205.1523,79.6901
2020-11-23 07:00:00+00:00,81.0000,100.5000,106.5000,215.2000,79.9000
2020-11-23 08:00:00+00:00,81.0000,100.5000,106.5000,215.2000,71.9375
2020-11-23 09:00:00+00:00,81.0000,100.5000,106.5000,215.2000,14.9018
2020-11-23 10:00:00+00:00,79.8013,98.8535,102.5014,213.6322,79.9000
2020-11-23 11:00:00+00:00,76.7755,46.5372,90.9151,207.2321,79.9000
2020-11-23 12:00:00+00:00,22.3428,34.9296,27.5986,65.3948,76.9428
2020-11-23 13:00:00+00:00,79.6991,100.5000,102.1792,215.2000,79.3154
2020-11-23 14:00:00+00:00,81.0000,100.5000,104.5574,215.2000,79.1671
2020-11-23 15:00:00+00:00,81.0000,100.1457,104.0582,213.5588,77.0269
2020-11-23 16:00:00+00:00,81.0000,100.5000,106.5000,215.2000,70.8337
2020-11-23 17:00:00+00:00,81.0000,100.5000,106.5000,215.2000,63.4995
2020-11-23 18:00:00+00:00,81.0000,100.1878,105.1369,215.2000,66.8018
2020-11-23 19:00:00+00:00,80.8262,98.6510,103.8304,215.2000,72.5140
2020-11-23 20:00:00+00:00,80.6209,98.0299,103.9680,215.2000,50.6098
2020-11-23 21:00:00+00:00,80.6755,97.6015,103.4825,215.2000,38.4651
2020-11-23 22:00:00+00:00,79.2169,95.0849,101.9873,211.6469,30.6343
2020-11-23 23:00:00+00:00,78.6283,92.4143,101.1865,210.5671,31.6026
2020-11-24 00:00:00+00:00,76.8130,66.3314,85.3665,205.0005,28.3090
2020-11-24 01:00:00+00:00,78.7417,87.0889,101.1572,211.2199,16.7879
2020-11-24 02:00:00+00:00,77.6417,73.2056,93.2006,207.7343,21.5252
2020-11-24 03:00:00+00:00,70.7838,55.1760,74.8383,202.1638,17.4572
2020-11-24 04:00:00+00:00,72.6232,57.7001,76.6847,204.1106,26.0735
2020-11-24 05:00:00+00:00,74.1488,59.6614,81.9900,201.7376,26.0882
2020-11-24 06:00:00+00:00,51.9567,44.1509,56.8255,143.2414,35.1681
2020-11-24 07:00:00+00:00,45.8552,39.4792,49.9883,124.0080,28.4956
2020-11-24 08:00:00+00:00,48.7951,49.8706,59.2465,132.0747,36.0493
2020-11-24 09:00:00+00:00,46.0852,48.2003,55.1580,120.7507,43.8971
2020-11-24 10:00:00+00:00,58.1649,56.2678,71.5181,153.6876,47.5269
2020-11-24 11:00:00+00:00,55.8617,57.5654,69.8160,147.0061,58.9872
2020-11-24 12:00:00+00:00,28.5788,30.5935,35.6549,73.7802,39.3407
2020-11-24 13:00:00+00:00,24.9427,26.1698,30.4511,65.6655,36.1154
2020-11-24 14:00:00+00:00,22.1476,24.4708,26.6321,61.1435,20.1080
2020-11-24 15:00:00+00:00,14.8220,16.6582,17.7981,42.1017,9.4462
2020-11-24 16:00:00+00:00,18.1493,19.3472,20.9529,50.9444,9.5925
2020-11-24 17:00:00+00:00,9.2318,10.7719,10.6906,26.5021,3.8524
2020-11-24 18:00:00+00:00,10.3672,10.6442,12.3525,28.0445,4.8046
2020-11-24 19:00:00+00:00,4.9343,4.6837,5.3732,13.3147,2.7209
2020-11-24 20:00:00+00:00,2.9761,2.3301,3.0952,7.8347,0.0000
2020-11-24 21:00:00+00:00,0.0000,0.0000,0.0000,0.0000,0.0000
2020-11-24 22:00:00+00:00,0.0000,0.0000,0.0000,0.0000,0.0000
2020-11-24 23:00:00+00:00,0.0000,0.0000,0.0000,0.0000,0.0000
2020-11-25 00:00:00+00:00,0.0000,0.0000,0.0000,0.0000,0.0000
2020-11-25 01:00:00+00:00,2.2534,3.1566,3.8242,2.6847,0.0000
2020-11-25 02:00:00+00:00,2.8113,3.7457,4.2691,3.8642,0.0000
2020-11-25 03:00:00+00:00,7.1204,10.2086,10.2043,14.3588,7.7058
2020-11-25 04:00:00+00:00,10.4530,21.1230,17.3665,24.9039,25.5661
2020-11-25 05:00:00+00:00,10.9023,38.1380,18.3519,35.5105,14.3660
2020-11-25 06:00:00+00:00,9.9663,33.8178,17.8306,23.2363,35.0005
2020-11-25 07:00:00+00:00,10.6880,16.2674,22.7600,3.5188,28.5263
2020-11-25 08:00:00+00:00,19.5334,15.0014,28.5586,2.2592,24.2923
2020-11-25 09:00:00+00:00,28.3761,13.6784,37.4771,4.8326,43.1880
2020-11-25 10:00:00+00:00,73.5329,47.4599,78.4997,34.5363,66.8239
2020-11-25 11:00:00+00:00,77.4883,22.2267,100.6665,21.8283,72.1106
2020-11-25 12:00:00+00:00,81.0000,44.8454,100.8787,141.5940,76.6019
2020-11-25 13:00:00+00:00,80.5681,95.2658,101.6489,207.3337,62.8498
2020-11-25 14:00:00+00:00,76.9412,77.0139,73.7253,161.4880,75.6375
2020-11-25 15:00:00+00:00,60.4749,42.1476,51.7479,112.5782,79.8597
2020-11-25 16:00:00+00:00,58.3267,33.9765,45.1563,108.0167,76.8525
2020-11-25 17:00:00+00:00,40.4168,17.6764,32.7637,70.9783,68.5984
2020-11-25 18:00:00+00:00,34.1522,16.3746,27.5258,52.0436,68.6704
2020-11-25 19:00:00+00:00,50.2991,9.9467,37.0106,65.4841,69.3240
2020-11-25 20:00:00+00:00,37.8843,6.9447,25.1102,50.9604,37.8579
2020-11-25 21:00:00+00:00,57.8049,18.5817,36.6933,78.1458,18.8423
2020-11-25 22:00:00+00:00,71.5296,16.4437,47.1894,111.5749,18.4525
2020-11-25 23:00:00+00:00,57.2936,22.3781,46.9658,106.8284,17.6519
2020-11-26 00:00:00+00:00,31.9616,18.0180,29.1089,59.3413,13.5502
2020-11-26 01:00:00+00:00,27.6020,23.5251,24.2889,57.8259,5.3926
2020-11-26 02:00:00+00:00,18.3434,10.3831,18.8699,38.2027,4.8989
2020-11-26 03:00:00+00:00,18.4617,10.5273,19.6712,35.2264,6.4267
2020-11-26 04:00:00+00:00,16.7091,8.1763,18.2973,17.2537,9.7443
2020-11-26 05:00:00+00:00,28.5819,18.7480,23.5226,61.4580,18.0817
2020-11-26 06:00:00+00:00,30.1069,19.2700,20.2488,63.6483,24.6905
2020-11-26 07:00:00+00:00,26.0231,12.8594,18.9104,38.8929,32.0575
2020-11-26 08:00:00+00:00,24.9688,2.3593,14.9470,3.4532,27.8370
2020-11-26 09:00:00+00:00,19.4059,2.4470,15.6654,0.0000,22.2693
2020-11-26 10:00:00+00:00,78.7756,8.5867,90.1417,16.6900,21.3513
2020-11-26 11:00:00+00:00,71.9282,30.5061,57.3444,42.0294,22.0551
2020-11-26 12:00:00+00:00,60.1718,33.9936,47.4732,80.2496,17.5440
2020-11-26 13:00:00+00:00,41.1073,27.0403,29.9446,71.9966,24.2249
2020-11-26 14:00:00+00:00,38.2479,17.0245,20.1247,81.4465,6.0466
2020-11-26 15:00:00+00:00,40.8194,18.7937,25.6722,82.3652,20.0477
2020-11-26 16:00:00+00:00,32.7777,10.3043,18.9444,57.8566,43.3549
2020-11-26 17:00:00+00:00,17.9589,1.4829,9.4213,37.4397,33.8903
2020-11-26 18:00:00+00:00,12.1675,2.4037,8.1683,18.3123,12.1238
2020-11-26 19:00:00+00:00,8.6465,3.1052,4.6764,13.0294,10.0815
2020-11-26 20:00:00+00:00,14.2815,12.4840,12.6429,23.2847,0.0000
2020-11-26 21:00:00+00:00,19.0352,17.7817,16.4910,35.6726,3.4053
2020-11-26 22:00:00+00:00,23.6807,26.8316,26.9607,43.0100,15.8008
2020-11-26 23:00:00+00:00,21.5910,24.3764,19.8771,53.4633,60.7200
2020-11-27 00:00:00+00:00,19.0678,25.2389,20.7184,47.4749,43.3413
2020-11-27 01:00:00+00:00,5.3941,8.1618,6.5211,13.7356,75.4659
2020-11-27 02:00:00+00:00,13.9241,13.0309,11.8891,25.1230,57.0971
2020-11-27 03:00:00+00:00,24.0183,32.4071,27.2791,57.2611,47.0028
2020-11-27 04:00:00+00:00,42.1957,51.0411,47.2529,105.6708,49.1765
2020-11-27 05:00:00+00:00,42.2603,46.6321,46.8967,111.1349,33.8366
2020-11-27 06:00:00+00:00,42.8277,50.8059,48.6784,119.2981,27.8188
2020-11-27 07:00:00+00:00,46.9749,51.4196,52.9530,138.1359,29.9792
2020-11-27 08:00:00+00:00,26.7301,23.5779,27.8386,77.0801,32.7984
2020-11-27 09:00:00+00:00,16.3089,13.4483,16.7617,47.7277,25.3168
2020-11-27 10:00:00+00:00,14.9296,13.4319,15.7597,47.0136,7.0149
2020-11-27 11:00:00+00:00,9.3858,7.3357,9.2140,27.5633,4.3164
2020-11-27 12:00:00+00:00,3.1660,1.5363,2.8208,10.6764,0.3901
2020-11-27 13:00:00+00:00,0.0000,0.0000,0.0000,0.0895,0.0000
2020-11-27 14:00:00+00:00,0.0000,0.0000,0.0000,0.0000,0.0000
2020-11-27 15:00:00+00:00,0.0000,0.0000,0.0000,0.0000,0.0000
2020-11-27 16:00:00+00:00,0.0000,0.0000,0.0000,0.0000,0.0000
2020-11-27 17:00:00+00:00,1.9962,1.4916,2.0939,3.6496,0.0000
2020-11-27 18:00:00+00:00,1.9840,1.4144,1.6012,3.6949,5.4266
2020-11-27 19:00:00+00:00,2.0118,1.4133,2.3162,3.7195,13.8575
2020-11-27 20:00:00+00:00,0.7474,0.0000,0.0000,0.0000,8.1489
2020-11-27 21:00:00+00:00,0.0000,0.0000,0.0000,0.0000,4.8726
2020-11-27 22:00:00+00:00,0.0000,0.0000,0.0000,0.0000,6.6004
2020-11-27 23:00:00+00:00,0.0000,0.0000,0.0000,0.0000,0.0000
2020-11-28 00:00:00+00:00,0.0000,0.0000,0.0000,0.0000,0.0000
2020-11-28 01:00:00+00:00,10.5876,2.5702,12.2468,7.3195,0.0000
2020-11-28 02:00:00+00:00,15.0683,14.5948,16.0707,39.6866,3.6509
2020-11-28 03:00:00+00:00,8.5715,7.2592,8.7858,23.4701,3.2747
2020-11-28 04:00:00+00:00,8.6980,10.1695,9.4092,24.4094,0.9998
2020-11-28 05:00:00+00:00,7.6612,9.0668,8.4299,17.8813,1.6866
2020-11-28 06:00:00+00:00,7.6526,10.3817,8.6143,17.1941,1.0070
2020-11-28 07:00:00+00:00,6.9361,9.9683,6.7873,19.7220,0.0000
2020-11-28 08:00:00+00:00,5.1725,5.4800,5.1720,11.1997,4.7739
2020-11-28 09:00:00+00:00,4.7743,5.2793,5.6381,9.7644,6.2748
2020-11-28 10:00:00+00:00,7.5022,6.3447,7.7250,18.8861,5.7454
2020-11-28 11:00:00+00:00,6.7654,5.6319,6.7427,16.5381,15.4948
2020-11-28 12:00:00+00:00,7.6527,3.6805,6.7871,16.5246,11.0508
2020-11-28 13:00:00+00:00,8.2795,6.3769,8.8675,17.1073,20.6503
2020-11-28 14:00:00+00:00,7.6159,8.0812,7.5987,20.7819,8.2599
2020-11-28 15:00:00+00:00,9.5068,9.7544,10.7140,24.8138,19.1874
2020-11-28 16:00:00+00:00,9.7832,10.9941,12.0636,25.8210,44.5392
2020-11-28 17:00:00+00:00,13.9834,17.2252,16.4708,38.6176,43.1684
2020-11-28 18:00:00+00:00,19.2607,20.5290,22.0534,50.2799,63.1819
2020-11-28 19:00:00+00:00,17.6837,22.4291,21.3952,47.4094,64.3201
2020-11-28 20:00:00+00:00,25.4041,27.3840,28.7736,62.1375,70.0293
2020-11-28 21:00:00+00:00,46.7406,38.1158,52.4505,118.8371,62.6711
2020-11-28 22:00:00+00:00,12.4406,9.5774,13.4947,22.1667,53.0631
2020-11-28 23:00:00+00:00,46.7242,46.3363,53.0983,87.2558,41.1278
2020-11-29 00:00:00+00:00,61.8999,71.6020,71.3715,152.1445,32.3539
2020-11-29 01:00:00+00:00,68.4948,77.6113,80.4591,165.8848,27.4478
2020-11-29 02:00:00+00:00,73.6402,86.6074,86.3294,173.6507,52.5234
2020-11-29 03:00:00+00:00,76.6638,93.3384,89.6057,187.7027,60.4697
2020-11-29 04:00:00+00:00,77.3947,95.2827,95.8833,203.1025,64.4211
2020-11-29 05:00:00+00:00,78.1373,95.9309,101.2921,206.3287,48.8294
2020-11-29 06:00:00+00:00,78.8442,96.3793,102.0679,208.1621,40.2969
2020-11-29 07:00:00+00:00,67.3059,80.1906,78.2437,165.0784,17.3833
2020-11-29 08:00:00+00:00,51.6937,64.9449,58.5904,121.6704,12.8692
2020-11-29 09:00:00+00:00,47.5953,58.6350,52.2257,106.6320,14.8366
2020-11-29 10:00:00+00:00,48.8674,59.8047,54.6026,105.7568,10.7466
2020-11-29 11:00:00+00:00,42.3296,51.5599,47.1890,96.0652,6.6778
2020-11-29 12:00:00+00:00,41.8144,47.2554,44.5616,90.6682,3.3193
2020-11-29 13:00:00+00:00,38.2262,40.9293,38.2751,84.7253,2.4716
2020-11-29 14:00:00+00:00,26.8751,27.5874,26.4470,59.3330,4.7925
2020-11-29 15:00:00+00:00,22.6624,24.2928,24.1457,50.3972,13.0084
2020-11-29 16:00:00+00:00,24.4975,24.0094,26.8109,51.7223,14.8371
2020-11-29 17:00:00+00:00,18.5475,18.2833,20.3038,37.4534,14.6174
2020-11-29 18:00:00+00:00,18.1401,19.4551,20.6885,37.9759,16.3463
2020-11-29 19:00:00+00:00,15.6979,18.4048,19.8397,29.7715,16.7870
2020-11-29 20:00:00+00:00,8.5049,8.5200,9.8734,15.8422,15.4367
2020-11-29 21:00:00+00:00,4.4157,3.0313,4.4701,6.7640,4.0114
2020-11-29 22:00:00+00:00,0.0000,0.0000,0.0000,0.0000,2.3825
2020-11-29 23:00:00+00:00,1.9172,0.0000,2.0108,0.0000,20.8227
2020-11-30 00:00:00+00:00,4.0902,0.0000,3.0643,3.2030,17.5053
2020-11-30 01:00:00+00:00,10.1164,5.7594,8.4044,15.9572,23.9043
2020-11-30 02:00:00+00:00,15.9986,14.5537,15.7152,36.3105,39.2506
2020-11-30 03:00:00+00:00,17.4886,17.5428,17.8773,43.9270,46.2918
2020-11-30 04:00:00+00:00,24.1698,21.3683,25.4673,55.1224,41.6564
2020-11-30 05:00:00+00:00,30.2573,26.0921,33.6788,62.3887,31.8377
2020-11-30 06:00:00+00:00,27.1203,25.0744,26.6106,70.7307,23.6840
2020-11-30 07:00:00+00:00,28.6575,30.1433,27.8269,81.0858,23.2486
2020-11-30 08:00:00+00:00,28.6294,32.5906,25.5140,76.8773,21.8262
2020-11-30 09:00:00+00:00,27.0327,30.7400,25.6158,61.8721,20.6019
2020-11-30 10:00:00+00:00,54.7413,59.2521,46.8080,128.8857,25.4059
2020-11-30 11:00:00+00:00,63.8777,63.1317,48.4797,141.1503,25.9937
2020-11-30 12:00:00+00:00,76.6468,80.1586,54.3108,177.5103,28.5055
2020-11-30 13:00:00+00:00,58.2786,39.3573,33.7123,134.8729,44.4215
2020-11-30 14:00:00+00:00,65.0701,36.3482,42.2927,126.4384,61.2741
2020-11-30 15:00:00+00:00,75.1887,59.8920,56.2139,179.2117,45.4006
2020-11-30 16:00:00+00:00,69.2393,50.7072,64.1979,95.2698,28.1622
2020-11-30 17:00:00+00:00,51.0766,62.6143,74.7766,76.7004,24.4878
2020-11-30 18:00:00+00:00,40.0425,60.7510,52.0796,94.5566,58.4336
2020-11-30 19:00:00+00:00,33.9672,51.3078,46.7470,48.4009,17.5468
2020-11-30 20:00:00+00:00,46.4964,63.8479,64.8562,93.1171,3.4787
2020-11-30 21:00:00+00:00,78.7153,97.2977,106.1877,176.8354,14.7662
2020-11-30 22:00:00+00:00,68.5487,95.1064,104.1716,126.1847,76.0253
2020-11-30 23:00:00+00:00,61.5932,51.0998,92.5207,131.0153,36.2001
2020-12-01 00:00:00+00:00,58.3143,41.1735,89.1219,38.4071,44.1564
2020-12-01 01:00:00+00:00,42.2903,56.0836,72.7712,21.9370,13.4908
2020-12-01 02:00:00+00:00,18.4311,40.0614,34.3080,22.3675,10.9745
2020-12-01 03:00:00+00:00,50.5604,42.9167,92.6847,13.3149,0.0000
2020-12-01 04:00:00+00:00,76.7597,69.1661,98.0051,90.7034,0.0000
2020-12-01 05:00:00+00:00,37.1711,5.5078,37.1131,30.7953,0.0000
2020-12-01 06:00:00+00:00,13.2218,0.0000,0.0000,12.9384,0.0000
2020-12-01 07:00:00+00:00,1.7620,0.0000,0.4847,5.8588,0.0000
2020-12-01 08:00:00+00:00,0.0000,0.0000,0.0000,3.9683,0.0000
2020-12-01 09:00:00+00:00,0.0000,0.0000,0.0000,0.0000,0.0000
2020-12-01 10:00:00+00:00,0.0000,0.0000,0.0000,0.0000,0.0000
2020-12-01 11:00:00+00:00,0.0000,0.0000,0.0000,0.0000,0.0000
2020-12-01 12:00:00+00:00,0.9832,1.5795,1.1488,6.0661,0.0000
2020-12-01 13:00:00+00:00,0.0000,0.0000,0.0000,0.0000,0.0000
2020-12-01 14:00:00+00:00,0.3404,0.0000,0.0000,0.0000,7.4562
2020-12-01 15:00:00+00:00,5.7589,3.9788,5.9560,6.0305,3.2775
2020-12-01 16:00:00+00:00,3.2397,2.4199,3.6719,9.7822,28.9722
2020-12-01 17:00:00+00:00,1.1937,2.1126,0.0000,17.3561,21.0495
2020-12-01 18:00:00+00:00,2.5251,0.0000,0.0000,6.7445,11.7518
2020-12-01 19:00:00+00:00,0.6750,0.0000,0.0000,0.0000,12.8314
2020-12-01 20:00:00+00:00,0.0000,0.0000,0.0000,0.0000,19.0931
2020-12-01 21:00:00+00:00,0.0000,0.0000,0.0000,0.0000,40.6313
2020-12-01 22:00:00+00:00,0.0000,1.5671,0.9500,1.1495,76.3133
2020-12-01 23:00:00+00:00,1.8951,6.1271,1.8736,0.0000,68.7462
2020-12-02 00:00:00+00:00,10.7637,9.3829,9.0723,29.7505,26.3370
2020-12-02 01:00:00+00:00,30.0623,37.9584,33.9461,73.2138,11.3222
2020-12-02 02:00:00+00:00,29.1633,27.9076,32.4607,65.2417,21.1273
2020-12-02 03:00:00+00:00,25.7696,23.1481,30.8406,59.3962,38.4708
2020-12-02 04:00:00+00:00,19.6089,14.4927,19.1353,42.6564,15.1027
2020-12-02 05:00:00+00:00,11.6210,10.9313,12.7271,21.1377,15.0970
2020-12-02 06:00:00+00:00,7.6564,8.0515,8.3952,9.8839,19.8860
2020-12-02 07:00:00+00:00,2.8397,2.7853,3.8173,1.2378,37.3420
2020-12-02 08:00:00+00:00,3.6776,3.2457,4.8990,2.7674,31.0542
2020-12-02 09:00:00+00:00,7.1971,6.1591,9.1853,6.5449,44.9140
2020-12-02 10:00:00+00:00,10.0232,7.1781,10.7218,14.2362,62.4453
2020-12-02 11:00:00+00:00,14.3928,9.9427,15.0842,20.3849,56.2845
2020-12-02 12:00:00+00:00,27.1040,27.3456,30.5493,70.5678,49.0597
2020-12-02 13:00:00+00:00,27.1442,24.1665,29.9184,65.6290,54.0432
2020-12-02 14:00:00+00:00,32.3666,30.4869,41.4221,71.5898,25.5716
2020-12-02 15:00:00+00:00,22.8700,19.3891,23.0954,65.3291,13.4405
2020-12-02 16:00:00+00:00,31.5881,32.5161,39.3231,74.0294,36.9367
2020-12-02 17:00:00+00:00,26.2621,25.4550,31.7364,62.1140,49.7657
2020-12-02 18:00:00+00:00,13.7769,22.3367,22.1200,19.8598,19.7879
2020-12-02 19:00:00+00:00,13.6767,21.0354,21.6466,23.8220,42.3519
2020-12-02 20:00:00+00:00,51.0486,62.6086,63.4045,131.3050,75.5341
2020-12-02 21:00:00+00:00,48.2958,42.0604,52.9248,136.6815,76.9103
2020-12-02 22:00:00+00:00,63.3072,70.6714,77.9619,162.9377,79.9000
2020-12-02 23:00:00+00:00,77.1453,62.3800,93.5904,204.2862,79.7462
2020-12-03 00:00:00+00:00,76.6435,70.7434,83.4634,195.5662,79.9000
2020-12-03 01:00:00+00:00,59.1817,69.1452,74.2757,148.6436,79.9000
2020-12-03 02:00:00+00:00,79.6998,97.3929,102.9617,213.7019,79.9000
2020-12-03 03:00:00+00:00,79.4133,95.2429,102.8985,209.3665,63.2199
2020-12-03 04:00:00+00:00,79.1583,95.1259,102.2129,210.1617,78.0837
2020-12-03 05:00:00+00:00,77.2926,81.7281,91.0092,207.7568,77.1214
2020-12-03 06:00:00+00:00,70.9133,74.6378,79.1581,196.4942,71.1893
2020-12-03 07:00:00+00:00,72.5024,80.4861,80.9187,189.1971,36.1219
2020-12-03 08:00:00+00:00,70.7233,81.9272,83.2315,177.2750,20.1862
2020-12-03 09:00:00+00:00,55.7265,57.2299,62.9718,132.9519,15.1924
2020-12-03 10:00:00+00:00,63.7700,81.6661,75.3764,172.5244,28.6421
2020-12-03 11:00:00+00:00,51.3655,75.0352,65.7077,139.9071,7.0787
2020-12-03 12:00:00+00:00,67.1137,95.5825,99.5376,182.2095,30.3400
2020-12-03 13:00:00+00:00,67.0780,96.1478,100.7371,192.2280,41.6847
2020-12-03 14:00:00+00:00,77.1181,95.2668,101.4193,205.9133,76.7273
2020-12-03 15:00:00+00:00,67.3622,91.5589,89.0216,202.1872,75.5435
2020-12-03 16:00:00+00:00,48.6941,65.9741,64.7302,161.5881,79.3889
2020-12-03 17:00:00+00:00,45.1210,65.6489,57.6103,167.2571,79.9000
2020-12-03 18:00:00+00:00,39.7165,54.4437,52.3304,134.1393,77.6505
2020-12-03 19:00:00+00:00,59.7967,87.1020,85.2550,199.3641,62.6193
2020-12-03 20:00:00+00:00,61.4458,93.0987,89.6408,199.6828,46.4147
2020-12-03 21:00:00+00:00,42.7265,63.0027,74.2187,134.1478,2.8550
2020-12-03 22:00:00+00:00,35.6207,47.0846,68.0752,71.8529,0.4362
2020-12-03 23:00:00+00:00,27.9495,35.3761,56.4941,47.6861,0.5997
2020-12-04 00:00:00+00:00,35.9120,28.7048,67.1694,55.0942,1.1960
2020-12-04 01:00:00+00:00,5.7637,11.6985,18.1928,11.2407,4.6351
2020-12-04 02:00:00+00:00,13.1150,30.0382,34.1699,31.2480,29.5756
2020-12-04 03:00:00+00:00,10.0156,17.8674,14.5111,37.1257,12.0138
2020-12-04 04:00:00+00:00,14.6659,23.4289,17.3121,52.1398,13.6446
2020-12-04 05:00:00+00:00,25.0413,35.1372,29.1939,81.5643,11.2363
2020-12-04 06:00:00+00:00,41.9117,62.1178,71.6700,123.0940,13.9174
2020-12-04 07:00:00+00:00,59.5431,66.7229,100.6784,130.1089,18.0693
2020-12-04 08:00:00+00:00,35.7139,43.5769,62.8725,108.8180,6.9692
2020-12-04 09:00:00+00:00,28.0472,29.6381,49.7433,70.8704,7.0424
2020-12-04 10:00:00+00:00,25.0164,26.5576,38.1432,74.2099,58.6015
2020-12-04 11:00:00+00:00,41.4929,48.1555,63.0540,127.0207,22.4884
2020-12-04 12:00:00+00:00,43.6751,47.9372,64.2149,130.0094,37.2572
2020-12-04 13:00:00+00:00,33.4278,32.9194,49.8106,99.2896,48.7447
2020-12-04 14:00:00+00:00,39.1620,46.6289,60.2864,111.1643,48.9572
2020-12-04 15:00:00+00:00,24.0967,31.4324,30.1353,87.9525,33.0858
2020-12-04 16:00:00+00:00,29.2752,29.3050,29.8265,87.1572,23.9819
2020-12-04 17:00:00+00:00,28.2091,27.5276,29.2720,92.5794,11.8251
2020-12-04 18:00:00+00:00,18.8202,13.1193,24.6904,58.0428,35.6282
2020-12-04 19:00:00+00:00,8.0669,5.9928,10.9964,25.1783,51.3062
2020-12-04 20:00:00+00:00,7.5436,9.1083,11.0986,27.8361,15.1919
2020-12-04 21:00:00+00:00,2.5035,0.9263,2.8826,5.4870,5.3877
2020-12-04 22:00:00+00:00,7.7088,4.7773,10.6619,18.1780,6.3043
2020-12-04 23:00:00+00:00,15.2210,10.8918,20.3533,37.5573,4.1588
2020-12-05 00:00:00+00:00,9.8836,19.4875,17.9761,30.8251,0.0000
2020-12-05 01:00:00+00:00,12.6412,13.8113,10.9990,41.0017,2.4365
2020-12-05 02:00:00+00:00,27.9253,25.0979,30.7732,92.5468,4.3430
2020-12-05 03:00:00+00:00,7.8677,7.9161,6.3711,26.4312,0.0000
2020-12-05 04:00:00+00:00,3.5758,6.4595,4.5782,7.8361,4.5864
2020-12-05 05:00:00+00:00,4.2810,4.4857,4.6408,11.4205,2.5764
2020-12-05 06:00:00+00:00,4.6493,2.3372,3.7821,16.3173,0.0000
2020-12-05 07:00:00+00:00,1.9766,2.1712,1.7556,7.6717,0.0000
2020-12-05 08:00:00+00:00,2.4845,1.1931,1.8738,9.5635,0.0000
2020-12-05 09:00:00+00:00,0.5233,0.0000,0.0000,3.1650,0.0000
2020-12-05 10:00:00+00:00,0.1966,0.0000,0.0000,0.0000,4.6899
2020-12-05 11:00:00+00:00,1.2522,0.0000,1.1572,1.2916,2.3488
2020-12-05 12:00:00+00:00,0.8553,0.0000,1.3414,0.0000,2.6917
2020-12-05 13:00:00+00:00,1.5911,1.2447,1.8157,3.6397,8.7203
2020-12-05 14:00:00+00:00,4.1777,5.4267,5.7233,9.5753,12.2452
2020-12-05 15:00:00+00:00,6.1017,5.0222,8.4981,13.1879,13.4403
2020-12-05 16:00:00+00:00,5.2391,5.0617,7.1968,11.9395,19.5897
2020-12-05 17:00:00+00:00,5.1960,4.8735,7.2002,11.8191,38.1188
2020-12-05 18:00:00+00:00,9.4396,9.4109,13.3851,18.2759,43.6964
2020-12-05 19:00:00+00:00,7.1219,6.9454,8.5423,16.2079,50.4536
2020-12-05 20:00:00+00:00,20.7474,17.5923,24.7003,57.2220,65.6459
2020-12-05 21:00:00+00:00,32.0479,22.4833,36.1684,85.1941,58.5906
2020-12-05 22:00:00+00:00,32.7982,24.0868,34.2707,82.4045,55.5495
2020-12-05 23:00:00+00:00,33.9466,29.3458,41.7283,90.7802,54.0896
2020-12-06 00:00:00+00:00,38.0179,30.4303,43.2211,105.7794,39.7940
2020-12-06 01:00:00+00:00,41.3627,35.1099,51.4174,111.2812,44.8449
2020-12-06 02:00:00+00:00,45.3002,32.8667,49.0530,135.1604,50.6517
2020-12-06 03:00:00+00:00,31.7346,24.4522,35.9743,90.7414,55.4209
2020-12-06 04:00:00+00:00,45.3322,40.1007,55.0543,122.1723,55.1134
2020-12-06 05:00:00+00:00,46.0684,42.0292,56.0279,122.9161,48.7753
2020-12-06 06:00:00+00:00,29.4614,29.0043,35.7737,81.0502,49.1912
2020-12-06 07:00:00+00:00,37.3475,37.3127,42.9169,104.5580,36.1095
2020-12-06 08:00:00+00:00,44.6310,42.4916,49.7861,123.6575,28.3251
2020-12-06 09:00:00+00:00,38.9664,35.3595,43.9279,113.4822,32.6680
2020-12-06 10:00:00+00:00,51.3957,49.8294,60.2847,143.4565,48.9280
2020-12-06 11:00:00+00:00,50.5455,48.4822,55.4835,152.9993,49.9180
2020-12-06 12:00:00+00:00,55.2651,53.4604,59.7870,167.3122,56.7443
2020-12-06 13:00:00+00:00,53.6212,52.5993,60.2409,168.3852,56.8840
2020-12-06 14:00:00+00:00,41.7594,41.0700,42.9812,141.5628,58.7744
2020-12-06 15:00:00+00:00,58.4811,51.1194,59.4305,189.9482,42.6630
2020-12-06 16:00:00+00:00,73.2705,65.5463,73.6412,206.8550,38.6956
2020-12-06 17:00:00+00:00,77.6736,80.5665,91.6862,210.9721,38.9954
2020-12-06 18:00:00+00:00,79.9518,96.3526,102.7544,215.2000,39.2904
2020-12-06 19:00:00+00:00,78.6404,94.9398,101.2106,213.2494,49.5431
2020-12-06 20:00:00+00:00,78.9421,95.3698,101.4123,213.9187,50.4928
2020-12-06 21:00:00+00:00,79.3201,95.7364,101.9272,214.8399,36.8399
2020-12-06 22:00:00+00:00,79.6538,96.1593,101.9950,215.2000,30.6297
2020-12-06 23:00:00+00:00,81.0000,96.1818,103.4525,215.2000,37.9448
2020-12-07 00:00:00+00:00,78.6583,84.3787,100.6400,213.3047,38.0793
2020-12-07 01:00:00+00:00,77.4510,77.8224,90.6586,209.6904,41.1354
2020-12-07 02:00:00+00:00,77.1694,79.1494,87.4011,209.6984,34.6697
2020-12-07 03:00:00+00:00,74.4303,63.6879,75.1313,206.9211,29.1882
2020-12-07 04:00:00+00:00,73.7523,64.7641,80.1757,205.1912,25.1380
2020-12-07 05:00:00+00:00,54.9569,49.4216,60.3287,158.3813,17.4023
2020-12-07 06:00:00+00:00,63.6692,58.4642,69.4284,185.9020,15.3935
2020-12-07 07:00:00+00:00,51.5376,51.3696,57.6619,147.9091,9.2048
2020-12-07 08:00:00+00:00,58.4800,55.3836,63.2341,164.8197,8.8298
2020-12-07 09:00:00+00:00,53.3992,49.9440,59.7439,151.2857,9.9261
2020-12-07 10:00:00+00:00,35.7633,36.2823,40.0785,99.3984,12.9685
2020-12-07 11:00:00+00:00,28.8471,27.8781,31.0770,84.2256,9.3869
2020-12-07 12:00:00+00:00,30.1802,29.7930,33.3750,84.2576,7.8276
2020-12-07 13:00:00+00:00,14.5307,13.4089,15.0967,41.8875,7.1943
2020-12-07 14:00:00+00:00,12.2752,11.0682,12.6519,36.3554,4.4706
2020-12-07 15:00:00+00:00,15.5680,15.8241,17.5522,45.7960,4.6015
2020-12-07 16:00:00+00:00,18.2531,18.5552,20.1235,51.7720,0.0000
2020-12-07 17:00:00+00:00,14.6729,15.2000,16.4754,43.0647,1.9434
2020-12-07 18:00:00+00:00,14.0872,15.3335,15.2662,43.1775,6.6270
2020-12-07 19:00:00+00:00,11.3433,11.8432,12.0861,35.7252,9.9272
2020-12-07 20:00:00+00:00,10.8425,11.3721,11.4464,32.0838,5.0954
2020-12-07 21:00:00+00:00,10.8201,10.6838,11.0750,33.4019,4.1927
2020-12-07 22:00:00+00:00,13.2443,12.1263,13.7208,41.4476,6.2221
2020-12-07 23:00:00+00:00,12.1157,10.7868,11.9933,40.7477,7.1995
2020-12-08 00:00:00+00:00,6.5017,6.3426,6.0528,24.1873,10.5508
2020-12-08 01:00:00+00:00,4.4909,4.1601,4.2314,17.2282,11.6505
2020-12-08 02:00:00+00:00,7.4033,6.0921,6.9200,25.4098,5.5969
2020-12-08 03:00:00+00:00,7.9721,7.5029,8.1878,28.4574,5.5969
2020-12-08 04:00:00+00:00,6.7247,4.1110,6.9234,22.4754,4.7204
2020-12-08 05:00:00+00:00,3.9762,2.4122,4.3873,12.3257,7.8990
2020-12-08 06:00:00+00:00,2.6591,1.8686,2.9249,9.7848,13.9114
2020-12-08 07:00:00+00:00,1.8138,0.7471,1.6031,8.1039,10.2439
2020-12-08 08:00:00+00:00,0.9749,0.0000,0.0000,5.8732,7.4180
2020-12-08 09:00:00+00:00,1.7165,1.2076,1.7358,8.5958,5.0598
2020-12-08 10:00:00+00:00,6.3717,4.7214,7.1467,20.1557,3.6880
2020-12-08 11:00:00+00:00,6.2358,4.2769,6.2710,20.2512,6.9626
2020-12-08 12:00:00+00:00,9.1686,7.6944,9.9831,27.0535,13.3312
2020-12-08 13:00:00+00:00,7.7183,6.4175,7.7715,22.9973,23.8231
2020-12-08 14:00:00+00:00,7.1617,5.5503,7.8211,20.0043,7.3351
2020-12-08 15:00:00+00:00,8.7249,8.2099,9.7704,24.1854,6.5672
2020-12-08 16:00:00+00:00,8.8749,9.5156,10.4113,23.7293,3.1124
2020-12-08 17:00:00+00:00,21.0158,22.2315,25.4676,56.5749,9.9369
2020-12-08 18:00:00+00:00,15.7238,18.0713,18.2984,43.1457,7.7415
2020-12-08 19:00:00+00:00,22.1763,23.0426,24.1443,63.9653,4.8241
2020-12-08 20:00:00+00:00,18.4437,20.3626,19.9971,53.0821,4.0260
2020-12-08 21:00:00+00:00,21.2056,22.1420,20.9673,65.8285,4.2258
2020-12-08 22:00:00+00:00,27.7909,28.4226,27.3648,87.0568,9.0554
2020-12-08 23:00:00+00:00,37.7720,36.3927,37.0241,120.3528,4.1568
2020-12-09 00:00:00+00:00,30.7562,30.5523,30.2563,96.5131,0.0000
2020-12-09 01:00:00+00:00,45.4034,42.5255,45.1129,141.7740,5.9742
2020-12-09 02:00:00+00:00,48.4391,49.4666,49.4165,150.8727,15.8419
2020-12-09 03:00:00+00:00,47.6490,51.9490,49.4825,134.4375,30.9408
2020-12-09 04:00:00+00:00,57.8559,64.1331,60.5783,157.5859,19.7813
2020-12-09 05:00:00+00:00,31.3502,36.3209,31.5048,86.8578,24.6092
2020-12-09 06:00:00+00:00,33.8070,36.1102,35.5298,91.1712,24.8668
2020-12-09 07:00:00+00:00,18.8163,22.6278,20.0551,43.5925,30.8667
2020-12-09 08:00:00+00:00,20.2052,18.3030,22.3197,45.5352,17.7944
2020-12-09 09:00:00+00:00,12.3416,10.1529,12.8346,32.2496,11.8018
2020-12-09 10:00:00+00:00,19.0445,19.2284,20.8041,40.8370,25.1346
2020-12-09 11:00:00+00:00,31.3585,28.9277,28.3598,76.6482,18.7456
2020-12-09 12:00:00+00:00,43.0424,31.8636,40.6394,91.0104,28.2811
2020-12-09 13:00:00+00:00,28.7213,32.0009,32.8635,58.6992,53.2980
2020-12-09 14:00:00+00:00,31.4648,40.9934,37.9395,74.9860,69.6741
2020-12-09 15:00:00+00:00,29.2676,21.5427,34.1162,60.7238,59.0083
2020-12-09 16:00:00+00:00,23.2744,25.5757,29.2230,52.2916,62.6348
2020-12-09 17:00:00+00:00,33.7688,19.9957,39.7414,64.7465,64.3284
2020-12-09 18:00:00+00:00,42.1704,38.3348,49.2625,101.6166,63.4973
2020-12-09 19:00:00+00:00,31.7492,13.7305,33.4690,67.9041,76.4153
2020-12-09 20:00:00+00:00,20.0799,13.6098,23.0368,36.1839,75.5768
2020-12-09 21:00:00+00:00,18.9626,16.2059,20.3372,41.7020,33.7818
2020-12-09 22:00:00+00:00,14.8679,14.4880,16.2123,35.7361,33.9135
2020-12-09 23:00:00+00:00,19.0117,21.5404,21.5975,45.1309,20.9331
2020-12-10 00:00:00+00:00,23.8126,28.9481,27.1945,64.5423,19.1672
2020-12-10 01:00:00+00:00,17.8669,19.8062,21.7390,50.3411,45.3892
2020-12-10 02:00:00+00:00,21.0469,18.0822,23.0700,55.6675,41.4535
2020-12-10 03:00:00+00:00,33.3583,31.6688,38.1140,98.0392,60.6493
2020-12-10 04:00:00+00:00,32.4994,29.7157,33.4008,104.0276,77.4463
2020-12-10 05:00:00+00:00,51.7186,61.0209,52.8280,189.2958,75.6225
2020-12-10 06:00:00+00:00,36.3609,34.9224,42.4221,99.5188,75.5454
2020-12-10 07:00:00+00:00,50.7438,47.6459,60.3858,128.8666,71.3156
2020-12-10 08:00:00+00:00,52.4646,48.5138,62.5140,136.3807,70.9591
2020-12-10 09:00:00+00:00,60.0050,59.4585,72.0583,159.1901,75.8080
2020-12-10 10:00:00+00:00,63.7960,60.0453,73.8640,176.4703,40.2638
2020-12-10 11:00:00+00:00,65.1401,62.9734,74.2097,187.0711,30.3778
2020-12-10 12:00:00+00:00,66.6855,62.4369,75.0408,187.4435,30.3878
2020-12-10 13:00:00+00:00,76.5469,76.9825,84.0620,206.8959,31.6659
2020-12-10 14:00:00+00:00,49.1223,40.6968,54.9957,133.3108,14.3642
2020-12-10 15:00:00+00:00,36.9525,34.3237,43.5996,99.6861,10.2329
2020-12-10 16:00:00+00:00,62.3413,59.2849,67.6311,157.8313,11.2005
2020-12-10 17:00:00+00:00,64.3748,53.0860,67.7770,166.1524,9.3057
2020-12-10 18:00:00+00:00,60.3126,55.4723,61.5410,172.2179,12.0328
2020-12-10 19:00:00+00:00,43.7077,40.3688,46.2314,113.3158,11.1909
2020-12-10 20:00:00+00:00,39.3721,40.8431,45.1847,100.1052,8.0818
2020-12-10 21:00:00+00:00,48.2705,54.4529,55.4697,134.9358,4.2282
2020-12-10 22:00:00+00:00,27.5159,30.0828,30.2517,75.7843,0.0000
2020-12-10 23:00:00+00:00,23.0836,22.1189,23.7185,64.5959,0.0000
2020-12-11 00:00:00+00:00,10.3236,8.0273,9.1605,29.1399,0.0000
2020-12-11 01:00:00+00:00,9.1778,6.7539,6.5956,30.1487,0.0000
2020-12-11 02:00:00+00:00,12.0642,6.4166,8.1306,33.8240,0.0000
2020-12-11 03:00:00+00:00,21.4356,9.1984,20.4558,40.7882,0.0000
2020-12-11 04:00:00+00:00,18.1771,16.8802,18.3696,27.0908,4.6516
2020-12-11 05:00:00+00:00,15.5586,12.4661,13.1192,17.9376,2.1387
2020-12-11 06:00:00+00:00,11.3201,8.0472,10.5509,8.6016,4.4865
2020-12-11 07:00:00+00:00,19.6448,19.9676,18.4385,31.4059,13.4165
2020-12-11 08:00:00+00:00,10.9340,9.4151,7.9946,11.5523,19.0984
2020-12-11 09:00:00+00:00,7.5114,5.3086,5.0886,4.1889,14.7050
2020-12-11 10:00:00+00:00,18.6161,8.1356,12.1813,12.5072,14.0230
2020-12-11 11:00:00+00:00,43.7787,28.5388,29.8263,48.9493,17.2823
2020-12-11 12:00:00+00:00,55.9606,34.9398,33.9802,110.8540,12.8815
2020-12-11 13:00:00+00:00,66.2662,52.1884,42.1571,132.4894,6.1333
2020-12-11 14:00:00+00:00,36.6074,29.0478,21.1687,87.0408,4.7210
2020-12-11 15:00:00+00:00,18.0486,8.3398,10.5100,32.3234,5.6116
2020-12-11 16:00:00+00:00,12.4091,7.4292,11.5738,17.0689,2.3148
2020-12-11 17:00:00+00:00,10.4970,4.6192,10.6037,17.9573,3.4632
2020-12-11 18:00:00+00:00,9.2786,4.6352,8.4847,15.2214,6.8430
2020-12-11 19:00:00+00:00,8.6341,4.8841,8.2187,19.7574,9.8782
2020-12-11 20:00:00+00:00,5.2881,0.4077,3.9982,11.3389,4.9365
2020-12-11 21:00:00+00:00,0.2785,0.0000,0.0000,0.0000,0.0000
2020-12-11 22:00:00+00:00,0.0000,0.0000,0.0000,0.0000,4.8727
2020-12-11 23:00:00+00:00,0.0000,0.0000,0.0000,0.0000,10.3915
2020-12-12 00:00:00+00:00,1.7561,0.6932,1.3005,6.2592,10.2408
2020-12-12 01:00:00+00:00,0.0000,0.0000,0.0000,0.0000,12.5772
2020-12-12 02:00:00+00:00,0.0000,0.0000,0.0000,0.0000,0.0000
2020-12-12 03:00:00+00:00,0.0000,0.0000,0.0000,0.0000,0.0000
2020-12-12 04:00:00+00:00,0.0000,0.0000,0.0000,0.0000,0.0000
2020-12-12 05:00:00+00:00,0.0000,0.0000,0.0000,0.0000,0.0000
2020-12-12 06:00:00+00:00,1.9783,2.3778,3.8178,0.0000,0.0000
2020-12-12 07:00:00+00:00,4.0434,5.7165,7.7505,4.0921,0.0000
2020-12-12 08:00:00+00:00,7.1922,9.6316,14.1422,7.1534,0.0000
2020-12-12 09:00:00+00:00,16.4740,25.9034,32.1776,22.3209,0.0000
2020-12-12 10:00:00+00:00,22.1776,27.2579,37.4851,26.2608,0.0000
2020-12-12 11:00:00+00:00,23.7461,27.2957,42.7480,36.1683,0.0000
2020-12-12 12:00:00+00:00,28.2005,35.2379,51.6739,42.5646,2.9313
2020-12-12 13:00:00+00:00,27.9058,34.1193,49.7444,40.2156,10.7828
2020-12-12 14:00:00+00:00,31.0215,42.1491,54.6651,47.2718,22.3568
2020-12-12 15:00:00+00:00,35.6024,48.2117,63.0298,58.5408,17.7865
2020-12-12 16:00:00+00:00,28.4790,45.3940,50.8335,48.7624,53.6085
2020-12-12 17:00:00+00:00,30.3985,62.2367,46.4332,74.8764,41.9447
2020-12-12 18:00:00+00:00,34.0671,68.9028,48.3322,92.6675,52.8288
2020-12-12 19:00:00+00:00,27.3502,69.1085,39.1796,84.3827,76.0187
2020-12-12 20:00:00+00:00,29.7263,68.8719,41.6705,92.9733,75.8177
2020-12-12 21:00:00+00:00,17.4704,44.4015,22.9137,59.0023,78.3938
2020-12-12 22:00:00+00:00,25.0095,85.9064,46.5370,39.9332,79.9000
2020-12-12 23:00:00+00:00,79.0921,50.5087,101.8927,82.1126,78.6900
2020-12-13 00:00:00+00:00,78.1665,35.0305,101.5950,62.3626,76.4765
2020-12-13 01:00:00+00:00,61.4015,0.0000,29.9353,40.9661,39.4618
2020-12-13 02:00:00+00:00,76.9053,96.4743,78.3063,206.8034,48.6862
2020-12-13 03:00:00+00:00,78.8564,91.7348,87.0275,199.4354,66.2382
2020-12-13 04:00:00+00:00,78.1474,96.2453,100.6519,207.7385,52.0633
2020-12-13 05:00:00+00:00,76.9699,94.3276,93.4133,206.8828,79.1070
2020-12-13 06:00:00+00:00,51.8731,69.9082,75.5685,141.5277,79.9000
2020-12-13 07:00:00+00:00,51.1716,59.8512,75.6928,115.1018,76.7239
2020-12-13 08:00:00+00:00,21.5733,31.8831,34.1702,68.5712,10.0158
2020-12-13 09:00:00+00:00,46.4521,45.3710,80.8445,105.5066,6.6223
2020-12-13 10:00:00+00:00,23.8466,32.6822,42.4063,72.9379,9.8212
2020-12-13 11:00:00+00:00,18.4669,22.1907,22.7521,86.1311,4.4517
2020-12-13 12:00:00+00:00,16.0777,21.8935,36.8107,68.8992,14.5919
2020-12-13 13:00:00+00:00,52.9368,57.4141,101.9435,147.1246,61.8133
2020-12-13 14:00:00+00:00,46.9256,79.5201,89.2939,157.3128,79.9000
2020-12-13 15:00:00+00:00,78.2008,100.4052,106.5000,211.5061,75.9978
2020-12-13 16:00:00+00:00,81.0000,100.5000,106.5000,215.2000,76.0277
2020-12-13 17:00:00+00:00,81.0000,100.5000,106.5000,215.2000,78.4956
2020-12-13 18:00:00+00:00,81.0000,100.5000,106.5000,215.2000,78.8617
2020-12-13 19:00:00+00:00,81.0000,100.5000,106.5000,215.2000,77.7754
2020-12-13 20:00:00+00:00,81.0000,100.5000,106.5000,215.2000,75.6030
2020-12-13 21:00:00+00:00,81.0000,100.2780,106.5000,215.2000,63.0803
2020-12-13 22:00:00+00:00,80.8164,97.2924,103.4165,215.2000,58.3213
2020-12-13 23:00:00+00:00,79.4273,93.6323,101.7078,210.3711,63.7653
2020-12-14 00:00:00+00:00,73.5282,63.7229,79.0217,190.8867,44.4799
2020-12-14 01:00:00+00:00,51.1823,40.8335,52.7373,130.3501,31.6544
2020-12-14 02:00:00+00:00,37.5498,30.6082,38.7398,93.4922,35.3785
2020-12-14 03:00:00+00:00,29.6363,24.7078,30.8335,69.3533,28.9201
2020-12-14 04:00:00+00:00,44.9865,29.1433,47.8687,114.4950,16.3543
2020-12-14 05:00:00+00:00,37.0190,33.2962,40.1581,102.7883,3.9627
2020-12-14 06:00:00+00:00,24.0076,18.7133,25.9253,65.3997,0.0000
2020-12-14 07:00:00+00:00,18.8780,18.3014,20.2038,55.9446,0.0000
2020-12-14 08:00:00+00:00,15.8473,14.3390,15.6244,52.0269,0.0000
2020-12-14 09:00:00+00:00,7.4089,6.0678,6.5626,25.1089,0.0000
2020-12-14 10:00:00+00:00,5.1908,3.9791,4.4196,17.1876,0.0000
2020-12-14 11:00:00+00:00,0.3673,0.0000,0.0000,1.1806,0.0000
2020-12-14 12:00:00+00:00,0.0000,0.0000,0.0000,0.0000,0.0000
2020-12-14 13:00:00+00:00,0.0000,0.0000,0.0000,0.0000,0.0000
2020-12-14 14:00:00+00:00,0.0000,0.0000,0.0000,0.0000,0.1915
2020-12-14 15:00:00+00:00,0.0000,0.0000,0.0000,0.0000,0.0000
2020-12-14 16:00:00+00:00,0.0000,0.0000,0.0000,0.0000,0.0000
2020-12-14 17:00:00+00:00,0.0000,0.0000,0.0000,0.0000,3.0362
2020-12-14 18:00:00+00:00,1.1412,0.0000,0.0000,3.0915,26.1299
2020-12-14 19:00:00+00:00,0.0000,0.0000,0.0000,0.0000,42.6408
2020-12-14 20:00:00+00:00,2.1292,0.0000,1.4439,3.8816,51.9124
2020-12-14 21:00:00+00:00,0.0000,0.0000,0.0000,0.0000,38.0170
2020-12-14 22:00:00+00:00,0.0000,0.0000,0.0000,0.0000,34.6999
2020-12-14 23:00:00+00:00,17.7389,7.9707,22.1435,30.6909,48.0936
2020-12-15 00:00:00+00:00,55.7192,37.0873,65.8188,131.9796,79.9000
2020-12-15 01:00:00+00:00,63.1555,50.1378,74.2575,155.9546,79.9000
2020-12-15 02:00:00+00:00,80.8439,97.8617,105.4675,213.7579,79.9000
2020-12-15 03:00:00+00:00,81.0000,99.0171,106.5000,215.2000,79.8033
2020-12-15 04:00:00+00:00,81.0000,100.4602,106.5000,215.2000,79.9000
2020-12-15 05:00:00+00:00,81.0000,100.5000,106.5000,215.2000,79.9000
2020-12-15 06:00:00+00:00,81.0000,100.5000,106.5000,215.2000,79.9000
2020-12-15 07:00:00+00:00,81.0000,99.2126,106.5000,215.2000,79.8456
2020-12-15 08:00:00+00:00,80.5324,96.0893,104.4090,214.1098,79.9000
2020-12-15 09:00:00+00:00,77.4018,72.9275,96.5725,205.7696,79.9000
2020-12-15 10:00:00+00:00,81.0000,98.5025,105.7900,215.2000,75.6872
2020-12-15 11:00:00+00:00,81.0000,97.7437,105.3030,215.2000,66.1079
2020-12-15 12:00:00+00:00,80.7327,97.3186,103.7036,215.2000,62.5231
2020-12-15 13:00:00+00:00,78.9190,95.5962,101.9063,213.8654,73.0345
2020-12-15 14:00:00+00:00,74.7800,80.8054,81.6026,205.4311,67.0501
2020-12-15 15:00:00+00:00,70.2895,75.0526,78.8758,204.9773,63.7058
2020-12-15 16:00:00+00:00,44.9136,48.7651,49.2948,139.8879,39.4650
2020-12-15 17:00:00+00:00,48.1534,48.7157,53.5708,144.0917,26.0566
2020-12-15 18:00:00+00:00,43.8748,43.9780,49.7317,126.1957,14.9323
2020-12-15 19:00:00+00:00,46.0003,47.7134,52.1125,129.5713,9.9734
2020-12-15 20:00:00+00:00,43.7382,45.9853,48.2928,131.0560,5.2745
2020-12-15 21:00:00+00:00,36.5375,40.7557,40.7856,112.5136,2.2978
2020-12-15 22:00:00+00:00,41.1693,43.0573,46.3756,121.1318,4.3037
2020-12-15 23:00:00+00:00,36.3574,34.5955,39.7262,103.3675,6.4100
2020-12-16 00:00:00+00:00,34.9034,27.8488,37.0208,94.2337,6.6121
2020-12-16 01:00:00+00:00,17.8524,14.4845,17.1726,54.9057,0.8263
2020-12-16 02:00:00+00:00,21.5361,18.3678,19.8792,79.5749,1.0240
2020-12-16 03:00:00+00:00,15.3589,15.6215,14.4730,60.7598,3.5041
2020-12-16 04:00:00+00:00,11.8190,10.7319,11.8057,39.9065,2.7638
2020-12-16 05:00:00+00:00,4.6648,5.7710,5.2891,15.3442,0.4544
2020-12-16 06:00:00+00:00,0.1815,0.0000,0.0000,1.3106,0.0000
2020-12-16 07:00:00+00:00,0.0000,0.0000,0.0000,0.0000,1.1669
2020-12-16 08:00:00+00:00,0.0000,0.0000,0.0000,0.0000,0.0000
2020-12-16 09:00:00+00:00,0.0000,0.0000,0.0000,0.0000,0.0000
2020-12-16 10:00:00+00:00,0.0000,0.0000,0.0000,0.0000,0.0000
2020-12-16 11:00:00+00:00,3.5656,3.3081,4.7812,5.4952,0.0000
2020-12-16 12:00:00+00:00,3.2881,3.8934,5.1703,4.4311,0.0000
2020-12-16 13:00:00+00:00,6.6704,8.7795,10.0407,11.4871,0.0000
2020-12-16 14:00:00+00:00,10.9239,11.0992,14.7218,18.1235,0.0000
2020-12-16 15:00:00+00:00,6.3932,10.0706,8.3824,13.1472,0.0000
2020-12-16 16:00:00+00:00,13.8704,13.7455,15.4430,30.2737,0.0000
2020-12-16 17:00:00+00:00,19.1557,20.1884,24.6907,40.0103,0.0000
2020-12-16 18:00:00+00:00,22.9357,24.1179,30.2227,47.7537,0.0000
2020-12-16 19:00:00+00:00,20.0673,21.7856,26.3625,44.3060,0.0000
2020-12-16 20:00:00+00:00,26.6102,27.9713,36.0914,53.5238,0.0000
2020-12-16 21:00:00+00:00,36.8800,35.3899,52.2906,67.9885,0.0000
2020-12-16 22:00:00+00:00,43.6675,46.1706,68.1508,76.3743,0.0000
2020-12-16 23:00:00+00:00,60.6848,65.2106,97.1827,105.2883,2.4121
2020-12-17 00:00:00+00:00,76.6025,83.2390,103.4290,125.0390,7.8231
2020-12-17 01:00:00+00:00,58.8966,58.9879,100.7234,83.4432,12.3806
2020-12-17 02:00:00+00:00,51.6176,48.8667,85.3873,69.6118,8.6628
2020-12-17 03:00:00+00:00,45.3096,45.8751,76.8633,56.6145,14.6012
2020-12-17 04:00:00+00:00,32.7761,33.5464,55.4940,35.8503,13.3663
2020-12-17 05:00:00+00:00,35.7084,37.9036,63.3492,38.9196,4.1967
2020-12-17 06:00:00+00:00,33.4873,27.5695,54.1010,40.2745,0.0000
2020-12-17 07:00:00+00:00,23.9626,21.3000,43.0043,27.2406,0.0000
2020-12-17 08:00:00+00:00,20.9466,19.4044,32.9316,25.6922,4.1926
2020-12-17 09:00:00+00:00,19.8962,16.2750,30.9099,23.1583,6.7772
2020-12-17 10:00:00+00:00,13.1705,10.2333,20.1824,12.8616,5.7623
2020-12-17 11:00:00+00:00,11.5161,14.2484,17.6602,20.7715,10.6052
2020-12-17 12:00:00+00:00,7.0380,5.5544,10.8798,6.7466,8.5114
2020-12-17 13:00:00+00:00,7.9487,7.0421,13.7969,8.3698,2.7184
2020-12-17 14:00:00+00:00,8.7668,10.3810,15.2217,13.4088,0.0000
2020-12-17 15:00:00+00:00,3.8441,3.2065,6.9547,4.0430,0.0000
2020-12-17 16:00:00+00:00,4.3625,4.1169,6.8981,4.4290,0.0000
2020-12-17 17:00:00+00:00,2.3646,2.3922,3.1988,3.4202,0.0000
2020-12-17 18:00:00+00:00,3.0347,4.6360,4.1531,6.5365,0.0000
2020-12-17 19:00:00+00:00,6.5246,8.2228,8.3239,15.3528,3.5787
2020-12-17 20:00:00+00:00,6.2802,6.5001,7.7714,11.4977,4.2491
2020-12-17 21:00:00+00:00,9.4195,8.2470,12.9679,15.4434,8.4404
2020-12-17 22:00:00+00:00,5.7791,6.6840,8.6636,9.5774,9.8708
2020-12-17 23:00:00+00:00,7.5026,8.6180,11.3724,11.7920,4.5208
2020-12-18 00:00:00+00:00,8.3587,8.0256,12.3854,11.8482,5.5978
2020-12-18 01:00:00+00:00,19.1218,23.6059,32.2347,26.8813,0.0000
2020-12-18 02:00:00+00:00,12.3352,17.6830,21.2697,15.5740,0.0000
2020-12-18 03:00:00+00:00,10.1609,11.8854,18.9302,7.8343,0.0000
2020-12-18 04:00:00+00:00,8.4552,8.2019,15.2986,8.1162,0.0000
2020-12-18 05:00:00+00:00,5.6278,4.9524,10.4882,1.3014,0.0000
2020-12-18 06:00:00+00:00,5.9310,2.2842,10.0499,0.9647,0.0000
2020-12-18 07:00:00+00:00,4.0504,0.4392,6.2972,0.0000,0.0000
2020-12-18 08:00:00+00:00,8.7450,8.3692,17.2426,6.7380,0.0000
2020-12-18 09:00:00+00:00,11.2639,9.5359,21.2145,6.4882,5.8417
2020-12-18 10:00:00+00:00,13.3427,7.5235,22.6544,12.6688,0.0000
2020-12-18 11:00:00+00:00,14.9703,21.2523,28.2250,13.6337,0.0000
2020-12-18 12:00:00+00:00,14.1777,21.6099,25.1980,9.2632,0.0000
2020-12-18 13:00:00+00:00,2.2448,0.0000,3.0822,0.0000,0.0000
2020-12-18 14:00:00+00:00,0.0000,0.0000,0.0000,0.0000,0.0000
2020-12-18 15:00:00+00:00,0.0000,0.0000,0.0000,0.0000,0.0000
2020-12-18 16:00:00+00:00,0.0000,0.0000,0.0000,0.0000,0.0000
2020-12-18 17:00:00+00:00,0.0000,0.0000,0.0000,0.0000,0.0000
2020-12-18 18:00:00+00:00,0.0000,0.0000,0.0000,0.0000,5.0524
2020-12-18 19:00:00+00:00,0.0000,0.0000,0.0000,0.0000,0.8496
2020-12-18 20:00:00+00:00,0.0000,0.0000,0.0000,0.0000,2.5140
2020-12-18 21:00:00+00:00,0.0000,0.0000,0.0000,0.0000,2.9189
2020-12-18 22:00:00+00:00,0.0000,0.0000,0.0000,0.0000,0.0000
2020-12-18 23:00:00+00:00,0.0000,0.0000,0.0000,4.0578,0.0000
2020-12-19 00:00:00+00:00,1.9177,1.3028,0.4639,14.7895,0.0000
2020-12-19 01:00:00+00:00,0.0000,0.0000,0.0000,0.0000,0.0000
2020-12-19 02:00:00+00:00,0.0000,0.0000,0.0000,0.0000,0.0000
2020-12-19 03:00:00+00:00,0.0000,0.0000,0.0000,0.0000,0.0000
2020-12-19 04:00:00+00:00,0.0000,0.0000,0.0000,3.7260,0.0000
2020-12-19 05:00:00+00:00,1.4041,1.7466,0.0239,9.8930,0.0000
2020-12-19 06:00:00+00:00,0.0000,0.0000,0.0000,0.0000,6.9382
2020-12-19 07:00:00+00:00,0.0000,0.0000,0.0000,0.0000,2.9751
2020-12-19 08:00:00+00:00,0.0000,0.0000,0.0000,0.0000,1.4258
2020-12-19 09:00:00+00:00,0.0000,0.0000,0.0000,0.0000,0.0000
2020-12-19 10:00:00+00:00,0.0000,0.0000,0.0000,0.0000,0.0000
2020-12-19 11:00:00+00:00,0.0000,0.0000,1.4238,0.0000,0.0000
2020-12-19 12:00:00+00:00,2.4918,2.5103,1.0378,13.7819,0.0000
2020-12-19 13:00:00+00:00,10.8799,6.4531,14.4259,27.1448,0.0000
2020-12-19 14:00:00+00:00,8.3988,6.7170,8.2840,18.6768,0.0000
2020-12-19 15:00:00+00:00,5.1998,4.9116,4.9133,7.4474,4.1618
2020-12-19 16:00:00+00:00,5.1829,3.4886,4.5333,4.0113,0.5058
2020-12-19 17:00:00+00:00,0.0000,0.0000,0.0000,0.0000,0.8305
2020-12-19 18:00:00+00:00,0.0000,0.0000,0.0000,0.0000,1.2320
2020-12-19 19:00:00+00:00,0.0000,0.0000,0.0000,0.0000,3.6722
2020-12-19 20:00:00+00:00,0.0000,0.0000,0.0000,0.0000,7.8639
2020-12-19 21:00:00+00:00,1.6235,3.5772,0.0692,0.6636,8.5313
2020-12-19 22:00:00+00:00,4.7078,0.0000,1.3749,0.1128,12.3635
2020-12-19 23:00:00+00:00,1.9410,0.0000,0.0593,0.7790,19.5697
2020-12-20 00:00:00+00:00,0.0000,0.0000,0.0000,0.0000,14.2418
2020-12-20 01:00:00+00:00,0.0000,0.0000,0.0000,0.0000,19.3233
2020-12-20 02:00:00+00:00,0.1655,0.0000,1.8679,0.0000,34.9434
2020-12-20 03:00:00+00:00,1.6988,1.6067,3.0255,0.6083,28.1313
2020-12-20 04:00:00+00:00,0.0000,2.0282,0.0000,0.0000,23.0772
2020-12-20 05:00:00+00:00,9.9218,3.9046,11.2590,0.0000,20.9904
2020-12-20 06:00:00+00:00,43.8017,25.7564,29.2725,48.3136,17.6034
2020-12-20 07:00:00+00:00,17.9276,9.2189,7.3432,34.3780,32.3463
2020-12-20 08:00:00+00:00,20.9581,15.9878,14.9936,47.7322,46.6203
2020-12-20 09:00:00+00:00,18.5319,15.6457,13.0826,49.6004,52.7179
2020-12-20 10:00:00+00:00,36.6725,13.5710,22.2429,38.0015,30.9584
2020-12-20 11:00:00+00:00,50.8958,35.5927,36.7650,98.6028,43.9433
2020-12-20 12:00:00+00:00,76.1519,39.9570,49.4527,191.0941,40.9629
2020-12-20 13:00:00+00:00,43.0911,42.0101,37.8792,101.4703,42.9211
2020-12-20 14:00:00+00:00,58.3971,59.5319,57.1010,134.7156,33.7046
2020-12-20 15:00:00+00:00,23.3063,14.5444,15.2230,30.1777,36.2769
2020-12-20 16:00:00+00:00,27.5994,12.5663,29.6286,22.3142,30.3817
2020-12-20 17:00:00+00:00,27.6677,11.8424,28.3056,54.8374,32.5042
2020-12-20 18:00:00+00:00,42.7349,14.0648,35.5648,68.0752,48.2023
2020-12-20 19:00:00+00:00,18.4832,5.6465,18.1127,32.6088,22.3963
2020-12-20 20:00:00+00:00,51.1862,13.3224,50.1173,125.5954,17.0361
2020-12-20 21:00:00+00:00,62.6263,3.0242,37.7890,107.2293,11.6038
2020-12-20 22:00:00+00:00,59.0505,20.5938,50.4310,150.1827,7.3618
2020-12-20 23:00:00+00:00,50.5479,40.8119,46.8822,129.8144,18.5826
2020-12-21 00:00:00+00:00,58.1743,44.5656,53.3200,144.7163,78.0134
2020-12-21 01:00:00+00:00,52.4978,40.7697,49.2485,135.8036,74.1758
2020-12-21 02:00:00+00:00,49.8539,45.8936,55.4634,142.4019,61.2110
2020-12-21 03:00:00+00:00,42.2802,50.8760,53.2850,107.4613,25.0414
2020-12-21 04:00:00+00:00,38.3407,46.1926,43.9033,102.4459,16.3464
2020-12-21 05:00:00+00:00,36.8330,43.9318,42.1001,105.8108,26.5830
2020-12-21 06:00:00+00:00,23.9664,28.2204,21.9508,80.9171,29.9686
2020-12-21 07:00:00+00:00,18.7841,20.5068,17.1440,48.8183,17.8916
2020-12-21 08:00:00+00:00,22.1744,21.0374,20.5949,55.0700,16.3631
2020-12-21 09:00:00+00:00,28.1196,26.6808,27.7957,57.0731,6.3645
2020-12-21 10:00:00+00:00,20.1209,21.8019,20.0104,38.5546,8.3369
2020-12-21 11:00:00+00:00,13.5522,16.1408,12.4705,30.4512,12.3726
2020-12-21 12:00:00+00:00,12.8498,13.7681,13.2743,23.7340,12.3314
2020-12-21 13:00:00+00:00,20.0142,23.5608,21.3710,37.5229,5.4756
2020-12-21 14:00:00+00:00,14.6345,19.5724,16.5477,30.9231,4.6640
2020-12-21 15:00:00+00:00,7.3406,9.5240,8.5008,23.4386,6.6331
2020-12-21 16:00:00+00:00,2.4632,1.4867,2.6322,5.1542,4.3560
2020-12-21 17:00:00+00:00,2.8443,2.1353,4.2145,3.1193,7.8627
2020-12-21 18:00:00+00:00,1.0922,1.0424,1.1715,3.1121,5.7418
2020-12-21 19:00:00+00:00,0.0000,0.0000,0.0000,0.0000,6.3671
2020-12-21 20:00:00+00:00,0.0000,0.0000,0.0000,0.0000,8.5855
2020-12-21 21:00:00+00:00,0.0000,0.0000,0.0000,0.0000,0.0000
2020-12-21 22:00:00+00:00,0.0000,0.0000,0.0000,0.0000,0.0000
2020-12-21 23:00:00+00:00,0.0000,0.0000,0.0000,0.0000,0.0000
2020-12-22 00:00:00+00:00,0.0000,0.0000,0.0000,0.0000,0.0000
2020-12-22 01:00:00+00:00,0.0000,0.0000,0.0000,0.0000,6.0387
2020-12-22 02:00:00+00:00,0.0000,0.0000,0.0000,0.0000,21.1275
2020-12-22 03:00:00+00:00,0.0000,0.0000,0.0000,0.0000,10.9499
2020-12-22 04:00:00+00:00,0.0000,0.0000,0.0000,0.0000,16.5537
2020-12-22 05:00:00+00:00,0.0000,0.0000,0.0000,0.0000,1.6948
2020-12-22 06:00:00+00:00,3.1912,3.5157,4.0432,7.9880,0.0000
2020-12-22 07:00:00+00:00,2.3091,3.4432,2.7294,5.3731,0.0000
2020-12-22 08:00:00+00:00,1.2143,1.2490,0.8239,3.1364,8.5209
2020-12-22 09:00:00+00:00,4.4763,4.0221,4.2118,13.3100,8.7060
2020-12-22 10:00:00+00:00,9.7625,9.7452,12.3732,22.4213,17.6393
2020-12-22 11:00:00+00:00,13.6114,14.5252,15.4693,44.0426,31.4958
2020-12-22 12:00:00+00:00,18.0165,15.6739,19.9519,54.1372,36.0190
2020-12-22 13:00:00+00:00,17.2331,17.9994,20.8984,44.0846,28.1497
2020-12-22 14:00:00+00:00,30.2222,32.2924,34.8890,85.5631,24.7653
2020-12-22 15:00:00+00:00,31.5024,29.3328,34.4980,93.3127,24.7096
2020-12-22 16:00:00+00:00,30.7685,30.0671,32.8896,95.4287,55.2779
2020-12-22 17:00:00+00:00,38.9638,42.6985,46.6919,111.4154,72.5157
2020-12-22 18:00:00+00:00,54.2026,54.0674,62.3980,145.7839,78.9307
2020-12-22 19:00:00+00:00,31.3631,33.3971,37.4915,81.4730,79.9000
2020-12-22 20:00:00+00:00,69.7155,68.0731,82.9891,194.9361,79.3442
2020-12-22 21:00:00+00:00,78.0196,92.5752,101.2674,207.7258,79.9000
2020-12-22 22:00:00+00:00,80.0679,97.8477,104.2560,214.3481,79.9000
2020-12-22 23:00:00+00:00,81.0000,99.7205,105.9688,215.2000,79.9000
2020-12-23 00:00:00+00:00,81.0000,98.5901,105.2010,215.2000,79.9000
2020-12-23 01:00:00+00:00,78.5157,96.0610,101.5979,211.5940,79.9000
2020-12-23 02:00:00+00:00,81.0000,99.5961,105.9519,215.2000,79.9000
2020-12-23 03:00:00+00:00,81.0000,98.9745,106.0400,215.2000,75.6858
2020-12-23 04:00:00+00:00,78.9471,94.9625,101.0299,213.9372,70.4021
2020-12-23 05:00:00+00:00,79.3637,94.9536,101.7600,215.1920,42.1496
2020-12-23 06:00:00+00:00,76.7056,67.6970,82.4716,206.9123,16.3323
2020-12-23 07:00:00+00:00,65.8735,72.1600,70.0374,205.1489,2.7279
2020-12-23 08:00:00+00:00,39.9455,44.1884,41.6188,127.9239,0.0000
2020-12-23 09:00:00+00:00,26.8735,29.3356,28.2971,82.9720,0.0000
2020-12-23 10:00:00+00:00,15.9129,15.9116,15.0416,52.2480,0.0000
2020-12-23 11:00:00+00:00,14.2028,15.3478,13.9127,45.5151,0.0000
2020-12-23 12:00:00+00:00,13.8732,14.0209,12.6459,39.7415,6.5689
2020-12-23 13:00:00+00:00,11.4432,10.8793,14.2162,25.7121,3.2593
2020-12-23 14:00:00+00:00,6.8714,6.2832,6.7400,14.2000,2.8577
2020-12-23 15:00:00+00:00,3.0502,0.5366,2.4295,3.8916,7.0169
2020-12-23 16:00:00+00:00,0.0000,0.0000,0.0000,0.0000,6.7682
2020-12-23 17:00:00+00:00,0.0000,0.0000,0.0000,0.0000,11.2104
2020-12-23 18:00:00+00:00,0.0000,0.0000,0.0000,0.0000,12.5185
2020-12-23 19:00:00+00:00,5.6106,2.0560,7.3494,3.1878,27.0038
2020-12-23 20:00:00+00:00,12.2956,6.1112,15.2262,0.3663,43.2076
2020-12-23 21:00:00+00:00,20.4811,22.5232,40.8331,9.4475,78.7238
2020-12-23 22:00:00+00:00,81.0000,82.1661,106.5000,91.0210,79.9000
2020-12-23 23:00:00+00:00,81.0000,96.7140,103.0222,136.5514,79.9000
2020-12-24 00:00:00+00:00,81.0000,100.1024,106.2556,142.5421,79.9000
2020-12-24 01:00:00+00:00,81.0000,100.5000,106.5000,215.2000,79.9000
2020-12-24 02:00:00+00:00,81.0000,100.5000,106.5000,215.2000,79.9000
2020-12-24 03:00:00+00:00,81.0000,100.5000,106.5000,215.2000,79.9000
2020-12-24 04:00:00+00:00,81.0000,100.5000,106.5000,215.2000,79.9000
2020-12-24 05:00:00+00:00,81.0000,100.5000,105.0580,215.2000,79.9000
2020-12-24 06:00:00+00:00,81.0000,100.5000,106.5000,215.2000,79.9000
2020-12-24 07:00:00+00:00,81.0000,100.5000,106.2847,215.2000,79.9000
2020-12-24 08:00:00+00:00,81.0000,100.5000,106.5000,215.2000,79.9000
2020-12-24 09:00:00+00:00,81.0000,100.5000,106.5000,215.2000,79.9000
2020-12-24 10:00:00+00:00,81.0000,100.5000,106.5000,215.2000,79.9000
2020-12-24 11:00:00+00:00,81.0000,100.5000,106.5000,215.2000,79.9000
2020-12-24 12:00:00+00:00,81.0000,100.5000,106.5000,215.2000,79.9000
2020-12-24 13:00:00+00:00,81.0000,100.5000,106.5000,215.2000,75.7554
2020-12-24 14:00:00+00:00,81.0000,100.5000,106.5000,215.2000,79.9000
2020-12-24 15:00:00+00:00,81.0000,100.5000,106.5000,215.2000,79.9000
2020-12-24 16:00:00+00:00,81.0000,100.5000,106.5000,215.2000,79.9000
2020-12-24 17:00:00+00:00,81.0000,100.5000,106.5000,215.2000,79.9000
2020-12-24 18:00:00+00:00,81.0000,100.5000,106.5000,215.2000,79.9000
2020-12-24 19:00:00+00:00,81.0000,100.5000,106.5000,215.2000,79.9000
2020-12-24 20:00:00+00:00,81.0000,100.5000,106.5000,215.2000,79.9000
2020-12-24 21:00:00+00:00,81.0000,100.5000,106.5000,215.2000,79.9000
2020-12-24 22:00:00+00:00,81.0000,100.5000,106.5000,215.2000,76.0234
2020-12-24 23:00:00+00:00,81.0000,100.5000,106.5000,210.1410,23.0571
2020-12-25 00:00:00+00:00,81.0000,100.5000,106.5000,215.2000,51.9475
2020-12-25 01:00:00+00:00,81.0000,100.5000,106.5000,215.2000,79.6505
2020-12-25 02:00:00+00:00,81.0000,100.5000,106.5000,215.2000,77.9948
2020-12-25 03:00:00+00:00,81.0000,100.5000,106.5000,215.2000,19.3679
2020-12-25 04:00:00+00:00,81.0000,100.5000,106.5000,215.2000,27.1143
2020-12-25 05:00:00+00:00,81.0000,100.5000,106.5000,215.2000,63.4684
2020-12-25 06:00:00+00:00,81.0000,100.5000,106.5000,215.2000,79.9000
2020-12-25 07:00:00+00:00,81.0000,100.5000,106.5000,215.2000,79.9000
2020-12-25 08:00:00+00:00,81.0000,100.5000,106.5000,215.2000,79.9000
2020-12-25 09:00:00+00:00,81.0000,100.5000,106.5000,215.2000,79.9000
2020-12-25 10:00:00+00:00,81.0000,100.5000,106.5000,215.2000,5.8255
2020-12-25 11:00:00+00:00,81.0000,100.5000,106.5000,215.2000,1.7154
2020-12-25 12:00:00+00:00,81.0000,100.5000,106.5000,215.2000,47.3615
2020-12-25 13:00:00+00:00,56.1961,45.3977,62.9422,96.5101,31.7259
2020-12-25 14:00:00+00:00,18.6404,7.4281,25.4288,9.0174,78.3356
2020-12-25 15:00:00+00:00,78.2935,80.4969,102.1406,165.1146,79.9000
2020-12-25 16:00:00+00:00,69.6740,75.5520,98.7897,110.5902,31.0893
2020-12-25 17:00:00+00:00,1.5807,9.2271,0.0000,6.4378,24.2173
2020-12-25 18:00:00+00:00,0.0000,6.6719,2.2368,4.4806,17.0407
2020-12-25 19:00:00+00:00,4.1894,10.3122,4.4337,22.7068,6.6152
2020-12-25 20:00:00+00:00,0.0000,0.0000,0.0000,0.0000,15.3612
2020-12-25 21:00:00+00:00,3.9035,3.5928,3.2384,8.7723,39.2490
2020-12-25 22:00:00+00:00,16.2829,28.6893,18.4303,70.1138,12.8271
2020-12-25 23:00:00+00:00,31.4406,31.4383,38.6137,68.9019,33.4002
2020-12-26 00:00:00+00:00,5.2499,2.7481,7.5613,25.6725,51.6051
2020-12-26 01:00:00+00:00,76.6780,58.6142,76.8010,153.3525,61.8951
2020-12-26 02:00:00+00:00,66.3266,55.0559,71.0529,137.6720,73.2179
2020-12-26 03:00:00+00:00,60.3581,47.0199,76.5793,116.7411,79.9000
2020-12-26 04:00:00+00:00,50.2966,43.1033,54.7374,92.2684,79.9000
2020-12-26 05:00:00+00:00,55.0353,44.8382,67.1783,91.5060,77.7392
2020-12-26 06:00:00+00:00,79.0316,98.6401,104.1028,208.0051,50.8175
2020-12-26 07:00:00+00:00,53.9953,81.3785,72.4239,156.8425,77.1026
2020-12-26 08:00:00+00:00,58.4638,74.4426,74.6705,181.6367,76.0649
2020-12-26 09:00:00+00:00,77.5400,96.8845,102.0541,206.0855,70.8853
2020-12-26 10:00:00+00:00,70.6943,70.9513,80.9960,184.1587,79.9000
2020-12-26 11:00:00+00:00,77.2292,90.8766,95.1099,206.6333,79.9000
2020-12-26 12:00:00+00:00,76.7064,68.0171,85.6118,202.8743,79.9000
2020-12-26 13:00:00+00:00,79.0724,95.6302,102.3187,209.1741,79.9000
2020-12-26 14:00:00+00:00,78.9155,96.4723,102.6238,209.4808,79.9000
2020-12-26 15:00:00+00:00,65.1101,78.3261,87.7592,138.0027,47.0264
2020-12-26 16:00:00+00:00,77.2491,98.3573,102.4715,204.9373,78.7771
2020-12-26 17:00:00+00:00,79.2436,97.1431,103.9030,208.7025,78.2626
2020-12-26 18:00:00+00:00,60.6453,64.7000,75.8670,142.0750,79.9000
2020-12-26 19:00:00+00:00,56.1563,48.1793,62.3351,136.8446,79.9000
2020-12-26 20:00:00+00:00,56.1901,50.7571,63.9463,142.8339,79.9000
2020-12-26 21:00:00+00:00,52.2105,42.0999,62.1683,132.0402,78.1362
2020-12-26 22:00:00+00:00,28.3936,27.0832,32.4968,74.0850,76.5505
2020-12-26 23:00:00+00:00,16.3012,15.0607,17.8778,44.8820,77.2852
2020-12-27 00:00:00+00:00,24.3623,18.8928,26.6421,65.4567,54.6626
2020-12-27 01:00:00+00:00,9.1466,8.3477,9.4125,30.1423,38.6468
2020-12-27 02:00:00+00:00,17.5762,16.9422,18.1893,52.5764,22.2790
2020-12-27 03:00:00+00:00,22.6308,22.0978,25.8945,62.1893,18.6188
2020-12-27 04:00:00+00:00,18.3415,20.9460,21.7852,48.3232,26.9929
2020-12-27 05:00:00+00:00,19.4859,21.2055,20.7195,55.7032,6.6731
2020-12-27 06:00:00+00:00,27.9830,32.8131,31.1985,81.1384,2.9969
2020-12-27 07:00:00+00:00,25.8948,20.9610,27.8883,63.1571,0.7537
2020-12-27 08:00:00+00:00,27.3902,27.6616,28.9787,75.2716,4.4512
2020-12-27 09:00:00+00:00,24.6976,27.2746,27.0771,71.8494,0.0000
2020-12-27 10:00:00+00:00,23.2455,21.5241,24.6699,64.7524,0.0000
2020-12-27 11:00:00+00:00,17.3518,16.4498,17.1733,50.0111,0.0000
2020-12-27 12:00:00+00:00,11.1228,8.8813,11.0385,29.8274,0.0000
2020-12-27 13:00:00+00:00,12.2038,5.7459,10.7082,24.3593,1.5054
2020-12-27 14:00:00+00:00,24.8862,6.2399,22.9247,38.4453,0.0000
2020-12-27 15:00:00+00:00,26.3833,20.6146,27.2742,71.5708,0.0000
2020-12-27 16:00:00+00:00,16.3881,13.1755,17.3987,40.5596,0.0000
2020-12-27 17:00:00+00:00,19.6869,18.0544,22.0306,51.1818,0.0000
2020-12-27 18:00:00+00:00,13.0835,10.6065,14.0366,33.1333,0.0000
2020-12-27 19:00:00+00:00,14.2877,10.2510,15.8236,34.3360,3.5072
2020-12-27 20:00:00+00:00,11.1408,10.7074,12.5175,29.7163,2.0394
2020-12-27 21:00:00+00:00,1.1864,0.0000,0.4572,2.8341,9.6788
2020-12-27 22:00:00+00:00,0.0000,0.0000,0.0000,0.0000,28.9864
2020-12-27 23:00:00+00:00,2.4811,5.2757,3.0958,7.7543,58.3431
2020-12-28 00:00:00+00:00,6.9298,16.4183,9.2869,24.9798,75.5048
2020-12-28 01:00:00+00:00,10.5815,26.9122,16.6794,30.9505,78.7782
2020-12-28 02:00:00+00:00,14.4868,42.0209,23.6187,41.3039,79.1422
2020-12-28 03:00:00+00:00,12.6402,47.8163,19.5899,42.3707,76.9168
2020-12-28 04:00:00+00:00,22.6344,35.9904,37.1966,28.0676,65.5934
2020-12-28 05:00:00+00:00,61.0166,30.7439,91.8237,26.3585,79.9000
2020-12-28 06:00:00+00:00,79.1811,73.6187,102.6773,56.5392,79.9000
2020-12-28 07:00:00+00:00,81.0000,98.3374,102.5689,215.2000,79.9000
2020-12-28 08:00:00+00:00,81.0000,100.5000,103.0579,215.2000,79.9000
2020-12-28 09:00:00+00:00,81.0000,100.5000,106.5000,215.2000,79.9000
2020-12-28 10:00:00+00:00,81.0000,100.5000,106.5000,215.2000,79.9000
2020-12-28 11:00:00+00:00,81.0000,100.5000,106.5000,215.2000,79.9000
2020-12-28 12:00:00+00:00,81.0000,100.5000,106.5000,215.2000,79.9000
2020-12-28 13:00:00+00:00,81.0000,100.5000,106.5000,215.2000,79.9000
2020-12-28 14:00:00+00:00,81.0000,100.5000,106.5000,215.2000,79.9000
2020-12-28 15:00:00+00:00,81.0000,100.5000,106.5000,215.2000,79.9000
2020-12-28 16:00:00+00:00,81.0000,100.5000,106.5000,215.2000,79.9000
2020-12-28 17:00:00+00:00,81.0000,100.5000,106.5000,215.2000,79.9000
2020-12-28 18:00:00+00:00,81.0000,100.5000,106.5000,215.2000,47.0244
2020-12-28 19:00:00+00:00,81.0000,100.5000,106.5000,214.7968,26.3117
2020-12-28 20:00:00+00:00,81.0000,100.5000,106.5000,215.2000,79.9000
2020-12-28 21:00:00+00:00,81.0000,100.5000,106.5000,215.2000,5.2886
2020-12-28 22:00:00+00:00,81.0000,100.5000,106.5000,215.2000,3.6408
2020-12-28 23:00:00+00:00,81.0000,100.5000,106.5000,215.2000,34.1572
2020-12-29 00:00:00+00:00,81.0000,100.5000,106.5000,215.2000,34.4094
2020-12-29 01:00:00+00:00,79.1978,97.0997,103.9233,212.5693,77.3364
2020-12-29 02:00:00+00:00,60.8389,56.6394,80.5220,180.3050,75.2272
2020-12-29 03:00:00+00:00,26.3610,22.0802,33.9029,67.4106,79.9000
2020-12-29 04:00:00+00:00,29.3298,23.0588,35.9657,67.9870,77.2286
2020-12-29 05:00:00+00:00,59.4636,59.3357,76.5873,145.2498,79.6153
2020-12-29 06:00:00+00:00,76.7963,95.6419,99.5221,206.3625,75.4651
2020-12-29 07:00:00+00:00,76.9522,91.8626,94.8519,206.7971,50.9240
2020-12-29 08:00:00+00:00,71.5680,77.6865,80.4969,204.8527,59.5217
2020-12-29 09:00:00+00:00,39.7635,41.5636,42.6713,127.6411,66.6070
2020-12-29 10:00:00+00:00,31.4674,33.4525,36.7897,88.6307,27.9405
2020-12-29 11:00:00+00:00,25.8128,29.4378,29.9179,79.1562,16.7234
2020-12-29 12:00:00+00:00,46.4243,50.2395,51.2870,138.1608,19.9504
2020-12-29 13:00:00+00:00,39.8848,42.0126,45.8509,117.1584,16.0103
2020-12-29 14:00:00+00:00,47.5002,47.0102,52.7597,139.6346,13.3114
2020-12-29 15:00:00+00:00,52.1761,57.2877,60.9565,147.7264,13.0422
2020-12-29 16:00:00+00:00,41.3610,42.6113,46.6695,123.5804,9.0007
2020-12-29 17:00:00+00:00,21.6865,23.4538,24.2093,63.3651,18.4919
2020-12-29 18:00:00+00:00,23.8318,21.0379,26.6557,65.8705,25.2232
2020-12-29 19:00:00+00:00,28.6061,28.8827,32.4839,82.3624,30.9330
2020-12-29 20:00:00+00:00,38.9744,45.2918,45.1300,113.0765,24.6208
2020-12-29 21:00:00+00:00,44.6411,50.8141,49.1534,127.1220,11.5588
2020-12-29 22:00:00+00:00,30.1876,30.1884,30.7969,90.8394,8.6769
2020-12-29 23:00:00+00:00,49.2499,53.5297,50.6934,144.3042,2.2063
2020-12-30 00:00:00+00:00,42.0144,46.6566,43.7277,123.6377,12.5579
2020-12-30 01:00:00+00:00,61.7698,71.5231,65.0416,181.0921,9.8046
2020-12-30 02:00:00+00:00,78.6685,96.4576,101.2852,211.2988,15.1321
2020-12-30 03:00:00+00:00,79.5765,97.1411,102.2700,213.5256,5.8643
2020-12-30 04:00:00+00:00,76.7462,89.3482,80.9854,207.7452,7.2454
2020-12-30 05:00:00+00:00,62.9639,72.7015,65.7907,191.5178,8.1467
2020-12-30 06:00:00+00:00,44.0360,45.5441,41.6811,138.7042,4.9557
2020-12-30 07:00:00+00:00,44.1100,45.0145,44.8115,130.3627,2.1856
2020-12-30 08:00:00+00:00,28.3903,30.1098,27.9762,87.0376,6.0903
2020-12-30 09:00:00+00:00,25.1402,22.6977,22.2722,70.6539,4.7625
2020-12-30 10:00:00+00:00,19.3102,18.3735,19.4321,51.8137,16.2640
2020-12-30 11:00:00+00:00,4.4039,4.3137,4.1160,11.0128,36.1408
2020-12-30 12:00:00+00:00,2.5511,1.6515,3.5164,9.6219,46.9847
2020-12-30 13:00:00+00:00,9.7581,8.8909,14.6560,15.3827,75.2764
2020-12-30 14:00:00+00:00,2.9186,9.2539,4.6805,5.3548,63.2391
2020-12-30 15:00:00+00:00,4.1791,4.3017,6.2447,0.0000,73.4173
2020-12-30 16:00:00+00:00,60.1093,25.7783,71.2450,26.3252,79.9000
2020-12-30 17:00:00+00:00,79.1470,32.4427,76.9428,169.2487,79.9000
2020-12-30 18:00:00+00:00,81.0000,38.3139,105.6151,117.7140,79.7005
2020-12-30 19:00:00+00:00,80.6570,97.7801,101.7725,207.6352,79.9000
2020-12-30 20:00:00+00:00,79.1123,99.4196,96.7539,215.2000,79.9000
2020-12-30 21:00:00+00:00,77.2753,0.0000,43.9972,198.0532,77.8331
2020-12-30 22:00:00+00:00,80.1142,6.3473,103.5312,209.4369,79.9000
2020-12-30 23:00:00+00:00,80.5481,33.5403,106.5000,182.3194,79.9000
2020-12-31 00:00:00+00:00,81.0000,100.5000,106.5000,215.2000,76.8420
2020-12-31 01:00:00+00:00,81.0000,100.5000,106.5000,215.2000,79.9000
2020-12-31 02:00:00+00:00,81.0000,100.5000,106.5000,215.2000,79.9000
2020-12-31 03:00:00+00:00,81.0000,100.5000,106.5000,215.2000,79.9000
2020-12-31 04:00:00+00:00,81.0000,100.5000,106.5000,215.2000,79.9000
2020-12-31 05:00:00+00:00,81.0000,100.5000,106.5000,215.2000,79.9000
2020-12-31 06:00:00+00:00,81.0000,100.5000,106.5000,215.2000,79.9000
2020-12-31 07:00:00+00:00,81.0000,100.5000,106.5000,215.2000,78.5111
2020-12-31 08:00:00+00:00,81.0000,100.5000,106.5000,215.2000,79.9000
2020-12-31 09:00:00+00:00,81.0000,100.5000,106.5000,215.2000,79.4691
2020-12-31 10:00:00+00:00,80.5039,97.4166,104.3399,214.4378,76.9517
2020-12-31 11:00:00+00:00,81.0000,97.4788,105.2498,215.2000,77.2204
2020-12-31 12:00:00+00:00,79.5084,84.0478,102.5832,211.6482,76.7386
2020-12-31 13:00:00+00:00,81.0000,100.5000,106.5000,215.2000,70.6407
2020-12-31 14:00:00+00:00,81.0000,100.5000,106.5000,215.2000,42.6039
2020-12-31 15:00:00+00:00,81.0000,100.1877,106.5000,215.2000,39.8385
2020-12-31 16:00:00+00:00,78.9094,95.9029,102.9102,207.5186,35.4871
2020-12-31 17:00:00+00:00,69.1305,71.1830,80.6467,169.3376,49.9406
2020-12-31 18:00:00+00:00,57.9913,57.2387,65.3969,156.4508,45.1147
2020-12-31 19:00:00+00:00,49.6170,53.8225,55.3888,125.8498,53.0604
2020-12-31 20:00:00+00:00,63.2752,45.8270,74.7262,146.7571,31.1664
2020-12-31 21:00:00+00:00,45.9910,21.4943,57.1862,83.6461,33.6831
2020-12-31 22:00:00+00:00,25.6061,22.4001,29.9614,66.7762,33.9047
2020-12-31 23:00:00+00:00,19.4569,20.4910,20.7300,60.5527,43.3083
