site,month,hour,mu_a,sigma_a,mu_f,sigma_f,count
solar_323691,1,0,0.0,0.0,0.0,0.0,31
solar_323691,1,1,0.0,0.0,0.0,0.0,31
solar_323691,1,2,0.0,0.0,0.0,0.0,31
solar_323691,1,3,0.0,0.0,0.0,0.0,31
solar_323691,1,4,0.0,0.0,0.0,0.0,31
solar_323691,1,5,0.0,0.0,0.0,0.0,31
solar_323691,1,6,0.0,0.0,0.0,0.0,31
solar_323691,1,7,0.0,0.0,0.0,0.0,31
solar_323691,1,8,0.0,0.0,0.0,0.0,31
solar_323691,1,9,0.0,0.0,0.0,0.0,31
solar_323691,1,10,0.0,0.0,0.0,0.0,31
solar_323691,1,11,0.0,0.0,0.0,0.0,31
solar_323691,1,12,0.0,0.0,0.0,0.0,31
solar_323691,1,13,3.2398233517728623,3.8111846232655866,4.205997540342245,3.4640847468720137,31
solar_323691,1,14,7.51498217112739,7.267279005252146,8.7284421669091,6.470035356680183,31
solar_323691,1,15,10.876011834926423,9.75931006748869,11.439595710341802,8.447412664853235,31
solar_323691,1,16,11.874968281141573,9.748859151742236,12.439819114172627,9.391558977082607,31
solar_323691,1,17,12.301037633238414,10.519337082196202,12.980512869351518,9.560991978815544,31
solar_323691,1,18,11.114623662490887,10.079453186962537,12.729273755641696,8.609135880133211,31
solar_323691,1,19,10.643451949204886,9.294556356043712,8.994447821913372,7.5390636320769655,31
solar_323691,1,20,6.888765090841783,6.621547568976304,6.379956652264443,5.524338208777077,31
solar_323691,1,21,2.5713179317691237,2.59752753081909,3.0512266849364966,3.084899318260593,31
solar_323691,1,22,0.0,0.0,0.002425776771555397,0.011656819230971333,31
solar_323691,1,23,0.0,0.0,0.0,0.0,31
solar_323691,2,0,0.0,0.0,0.0,0.0,29
solar_323691,2,1,0.0,0.0,0.0,0.0,29
solar_323691,2,2,0.0,0.0,0.0,0.0,29
solar_323691,2,3,0.0,0.0,0.0,0.0,29
solar_323691,2,4,0.0,0.0,0.0,0.0,29
solar_323691,2,5,0.0,0.0,0.0,0.0,29
solar_323691,2,6,0.0,0.0,0.0,0.0,29
solar_323691,2,7,0.0,0.0,0.0,0.0,29
solar_323691,2,8,0.0,0.0,0.0,0.0,29
solar_323691,2,9,0.0,0.0,0.0,0.0,29
solar_323691,2,10,0.0,0.0,0.0,0.0,29
solar_323691,2,11,0.0,0.0,0.0,0.0,29
solar_323691,2,12,0.6694249727237538,1.0307227629191515,0.26919831857456133,0.4761349233426023,29
solar_323691,2,13,7.674920764299136,4.162313323183626,6.665745005123235,3.9421575747054254,29
solar_323691,2,14,11.927886226568532,6.840954447729605,10.673665132392733,6.95740399269587,29
solar_323691,2,15,14.707465735293773,8.903428692113213,14.858633956259668,8.452139854569964,29
solar_323691,2,16,17.11958815968328,10.894454511656166,16.543925033080114,9.526107857283298,29
solar_323691,2,17,18.131077672798554,9.811852075247826,18.44450393220754,9.12165397573776,29
solar_323691,2,18,17.76228986192713,9.332071423025152,16.32014396969802,9.566792521575296,29
solar_323691,2,19,16.269672962072093,8.588948667653906,14.72030105042744,7.909764697907336,29
solar_323691,2,20,11.847511089431901,6.781818117869133,12.575138251453295,6.106319093584331,29
solar_323691,2,21,7.573301977261122,4.3881676289043785,8.084768881887669,3.890920657620236,29
solar_323691,2,22,1.0532040434346717,1.1215013848857383,1.5166861116482786,1.357729605864643,29
solar_323691,2,23,0.0,0.0,0.0,0.0,29
solar_323691,3,0,0.0,0.0,0.0,0.0,31
solar_323691,3,1,0.0,0.0,0.0,0.0,31
solar_323691,3,2,0.0,0.0,0.0,0.0,31
solar_323691,3,3,0.0,0.0,0.0,0.0,31
solar_323691,3,4,0.0,0.0,0.0,0.0,31
solar_323691,3,5,0.0,0.0,0.0,0.0,31
solar_323691,3,6,0.0,0.0,0.0,0.0,31
solar_323691,3,7,0.0,0.0,0.0,0.0,31
solar_323691,3,8,0.0,0.0,0.0,0.0,31
solar_323691,3,9,0.0,0.0,0.0,0.0,31
solar_323691,3,10,0.0,0.0,0.0,0.0,31
solar_323691,3,11,0.08954883373689265,0.19713744367434266,0.024542780982478873,0.11309039010326083,31
solar_323691,3,12,2.9572617176408746,2.586975421420531,2.669929942376843,2.095039735360891,31
solar_323691,3,13,7.825868350907319,5.646899786365498,7.660453011600498,4.563583101532981,31
solar_323691,3,14,10.742402310580543,8.577252071851033,11.834720553489122,6.621751607854364,31
solar_323691,3,15,14.99222167399274,10.097072895682851,15.433535743474057,8.165987423538223,31
solar_323691,3,16,16.785587715043338,11.30236015323222,17.6627493609897,9.39557406611902,31
solar_323691,3,17,18.279424237009536,10.732075946357021,17.659132578335086,10.385203853999988,31
solar_323691,3,18,16.07117537148418,11.162641290821494,16.514275300863623,9.7485639457581,31
solar_323691,3,19,14.604482083961852,10.083528324081783,13.573244076850681,8.855993737800814,31
solar_323691,3,20,11.795767783884562,7.839542587076461,10.78108966252724,7.377291492794357,31
solar_323691,3,21,7.371872921866612,5.358416382554031,6.9023599583459125,4.931724350973783,31
solar_323691,3,22,2.658762828644307,2.1160890598559985,2.7709781479546143,2.15936126164706,31
solar_323691,3,23,0.02488186702688207,0.07791205476010155,0.04723899126892688,0.10254269066816225,31
solar_323691,4,0,0.0,0.0,0.0,0.0,30
solar_323691,4,1,0.0,0.0,0.0,0.0,30
solar_323691,4,2,0.0,0.0,0.0,0.0,30
solar_323691,4,3,0.0,0.0,0.0,0.0,30
solar_323691,4,4,0.0,0.0,0.0,0.0,30
solar_323691,4,5,0.0,0.0,0.0,0.0,30
solar_323691,4,6,0.0,0.0,0.0,0.0,30
solar_323691,4,7,0.0,0.0,0.0,0.0,30
solar_323691,4,8,0.0,0.0,0.0,0.0,30
solar_323691,4,9,0.0,0.0,0.0,0.0,30
solar_323691,4,10,0.008648147896486937,0.02897949691936711,0.0,0.0,30
solar_323691,4,11,0.963066003057292,0.7363711757307582,1.0766610198998363,0.6618385952114743,30
solar_323691,4,12,4.621659939524111,3.3841993172850007,4.995955100057491,2.800326205059871,30
solar_323691,4,13,8.70779730596829,6.048016120078385,9.375629574307853,5.188703680544343,30
solar_323691,4,14,12.926239950921635,8.347330911534566,12.92037856348471,6.933533167665879,30
solar_323691,4,15,14.891760125545565,8.889766509576162,14.675882198406093,8.519440775028045,30
solar_323691,4,16,15.327661891693563,9.6769801171391,16.045506899233263,9.929431268687352,30
solar_323691,4,17,14.368319939663092,11.101154199414905,15.65473114330936,9.947016517375044,30
solar_323691,4,18,13.48854361653203,10.232151320931262,16.196280726831663,8.249889475282576,30
solar_323691,4,19,11.711465177964056,9.082323094947931,12.240132519262286,7.811885420425477,30
solar_323691,4,20,10.052104126833198,7.439783615222343,10.920433120394664,5.91344668200272,30
solar_323691,4,21,7.199801213091032,4.967744283506635,7.766560258581403,3.929720259779182,30
solar_323691,4,22,3.3013247774411947,2.0283891494618245,3.63660804968522,2.0016170032548457,30
solar_323691,4,23,0.513153785587956,0.36995889359593526,0.5844270790854422,0.34537740408234013,30
solar_323691,5,0,0.01979449878750306,0.06179769240808808,0.0477367856075665,0.08385384539410996,31
solar_323691,5,1,0.0,0.0,0.0,0.0,31
solar_323691,5,2,0.0,0.0,0.0,0.0,31
solar_323691,5,3,0.0,0.0,0.0,0.0,31
solar_323691,5,4,0.0,0.0,0.0,0.0,31
solar_323691,5,5,0.0,0.0,0.0,0.0,31
solar_323691,5,6,0.0,0.0,0.0,0.0,31
solar_323691,5,7,0.0,0.0,0.0,0.0,31
solar_323691,5,8,0.0,0.0,0.0,0.0,31
solar_323691,5,9,0.0,0.0,0.0,0.0,31
solar_323691,5,10,0.35996093907250226,0.2693819468361028,0.337128985078325,0.2886844100079212,31
solar_323691,5,11,1.5046303096096711,0.9667841658816572,1.6602262843647384,0.8451327050572212,31
solar_323691,5,12,4.882944611672618,3.270614025668625,4.6168658862259715,2.7890855067767752,31
solar_323691,5,13,8.247029410273077,5.420858141873632,7.5336797178770265,4.922401193730911,31
solar_323691,5,14,9.863950760709853,7.454328689693447,10.284886856564345,6.396475189799447,31
solar_323691,5,15,13.621608941996097,8.749818680711398,13.75551297766346,7.56005322674866,31
solar_323691,5,16,15.327194581397723,8.597917928841445,15.57644596282658,7.533771465221098,31
solar_323691,5,17,15.077332342158396,8.552137138694892,15.786864954647644,7.550784055827623,31
solar_323691,5,18,15.12992403164991,8.395500826120411,15.641949180479267,7.067642324582094,31
solar_323691,5,19,12.428065120766101,8.493024866420622,13.078830339310153,6.226501593124004,31
solar_323691,5,20,10.801457391533118,6.490758188297022,11.026062475407514,4.815918592411698,31
solar_323691,5,21,7.182694523419116,4.337117951557786,7.4983758291204925,3.4100962706416356,31
solar_323691,5,22,3.6839398981246205,2.028934677280043,4.0693073421611965,1.6354119449858096,31
solar_323691,5,23,1.142519955755912,0.5536871364567421,1.2180832223975426,0.3439457400574273,31
solar_323691,6,0,0.3996667253181669,0.16005642259111055,0.4579348598503627,0.1374882059111428,30
solar_323691,6,1,0.0,0.0,0.0,0.0,30
solar_323691,6,2,0.0,0.0,0.0,0.0,30
solar_323691,6,3,0.0,0.0,0.0,0.0,30
solar_323691,6,4,0.0,0.0,0.0,0.0,30
solar_323691,6,5,0.0,0.0,0.0,0.0,30
solar_323691,6,6,0.0,0.0,0.0,0.0,30
solar_323691,6,7,0.0,0.0,0.0,0.0,30
solar_323691,6,8,0.0,0.0,0.0,0.0,30
solar_323691,6,9,0.0,0.0,0.0,0.0,30
solar_323691,6,10,0.6634640163205482,0.29761641641058334,0.7512544956174227,0.23954570707823894,30
solar_323691,6,11,1.9541146773195703,0.7296277559765901,2.0177079718194846,0.6432354520123302,30
solar_323691,6,12,6.010546158665165,2.3929110494554617,6.267671084957182,1.9104913956326546,30
solar_323691,6,13,10.827672878439802,4.10408209318892,10.600386551921067,3.2619442206371367,30
solar_323691,6,14,14.714953905590626,4.817044056937535,14.332043347809332,4.547370735934201,30
solar_323691,6,15,17.726623503002024,5.74820613393901,17.96432359123624,4.0550444622676975,30
solar_323691,6,16,19.014354387548074,5.670739074019363,19.322237825144118,5.148219941441751,30
solar_323691,6,17,20.16973946279235,4.767714556293604,19.965750013993514,4.040414305003229,30
solar_323691,6,18,18.81057823908901,6.4235710438920295,18.53212337963577,4.843430414319264,30
solar_323691,6,19,17.58637276043048,3.6401368589673124,17.212113936048137,4.674760947331593,30
solar_323691,6,20,14.097786309687812,3.8980753840474898,14.475187409949422,3.19944300649981,30
solar_323691,6,21,9.685563152422162,2.9971903197058962,9.387482154524736,3.2258033144014857,30
solar_323691,6,22,4.741358603075459,1.9317398630862255,4.931262794206869,1.5384876901064064,30
solar_323691,6,23,1.4160541487042064,0.6145546588743576,1.5923538016536247,0.3661275401503328,30
solar_323691,7,0,0.21560711968000804,0.1882997031332964,0.3417882566240174,0.1893732790044537,31
solar_323691,7,1,0.0,0.0,0.0,0.0,31
solar_323691,7,2,0.0,0.0,0.0,0.0,31
solar_323691,7,3,0.0,0.0,0.0,0.0,31
solar_323691,7,4,0.0,0.0,0.0,0.0,31
solar_323691,7,5,0.0,0.0,0.0,0.0,31
solar_323691,7,6,0.0,0.0,0.0,0.0,31
solar_323691,7,7,0.0,0.0,0.0,0.0,31
solar_323691,7,8,0.0,0.0,0.0,0.0,31
solar_323691,7,9,0.0,0.0,0.0,0.0,31
solar_323691,7,10,0.42591340825328877,0.23402562380862965,0.34383138902045707,0.2848900634045726,31
solar_323691,7,11,1.2765883418749964,0.7453104555036886,1.6417026779495847,0.5735074838779588,31
solar_323691,7,12,4.313130853760572,2.6916765946155783,4.789314384182594,2.128274191820713,31
solar_323691,7,13,8.206923425722506,4.389215531693064,8.972587351929684,3.8829940266240124,31
solar_323691,7,14,12.108487831093958,5.259144751015154,12.484080007354962,5.072873979658687,31
solar_323691,7,15,13.082753271516559,7.520600756978639,15.930263543999008,4.878325756581819,31
solar_323691,7,16,12.99130677607932,8.474228885990321,16.903308040196215,5.998354940568769,31
solar_323691,7,17,14.696784666189522,7.649692552876951,18.103240106902383,4.45469445259492,31
solar_323691,7,18,14.263344081080673,7.998466569227505,18.904160338386042,3.8346685854482385,31
solar_323691,7,19,14.16116636775192,6.0707963999662935,15.23976675985678,4.93465276975777,31
solar_323691,7,20,10.773530431021804,5.606331042880952,12.34474053715508,4.620462273308138,31
solar_323691,7,21,8.490040469741624,3.693997690096138,9.57636084489842,2.6857168933402797,31
solar_323691,7,22,5.059567269101605,1.6307653678724532,5.378518916955104,1.0258500770478824,31
solar_323691,7,23,1.4899918934113667,0.6027403447766772,1.6053441306637704,0.4173894467530769,31
solar_323691,8,0,0.0,0.0,0.0003959960153069839,0.0018050443272867138,31
solar_323691,8,1,0.0,0.0,0.0,0.0,31
solar_323691,8,2,0.0,0.0,0.0,0.0,31
solar_323691,8,3,0.0,0.0,0.0,0.0,31
solar_323691,8,4,0.0,0.0,0.0,0.0,31
solar_323691,8,5,0.0,0.0,0.0,0.0,31
solar_323691,8,6,0.0,0.0,0.0,0.0,31
solar_323691,8,7,0.0,0.0,0.0,0.0,31
solar_323691,8,8,0.0,0.0,0.0,0.0,31
solar_323691,8,9,0.0,0.0,0.0,0.0,31
solar_323691,8,10,0.012470731038902963,0.033529235093971814,0.0,0.0,31
solar_323691,8,11,1.157796220495405,0.5154494545321533,1.2877196628860523,0.4188172067165233,31
solar_323691,8,12,4.821092704534185,2.149202382948187,4.84217590077365,1.9223538602150951,31
solar_323691,8,13,9.331254911115183,3.9373385360345843,8.731063389478175,4.239081137610904,31
solar_323691,8,14,14.183843266362873,4.7922941429475445,12.26059602243386,5.452413445163319,31
solar_323691,8,15,15.380865682689155,6.207009421083557,15.831643138473549,5.76326488079636,31
solar_323691,8,16,17.226293640394807,7.317590266381939,17.412334504360707,5.791855969155399,31
solar_323691,8,17,16.223668700095395,8.130161304498545,16.94251495672265,6.263890142307115,31
solar_323691,8,18,15.741188556598896,7.0263461549896915,16.430485096168333,5.514188881342901,31
solar_323691,8,19,14.139408728818724,6.635831916578402,15.392650785095476,4.727252667771142,31
solar_323691,8,20,12.348519426898102,4.974711031089343,11.18484590481652,5.401068010805319,31
solar_323691,8,21,7.960272985866928,3.9170726291586493,8.676274244222832,3.0760422310350446,31
solar_323691,8,22,3.8883842940024675,1.9776890582068787,4.2658940674709935,1.6254285304282023,31
solar_323691,8,23,0.8286114584309471,0.43904305882045647,0.9249858404953673,0.41912359389856013,31
solar_323691,9,0,0.0,0.0,0.0,0.0,30
solar_323691,9,1,0.0,0.0,0.0,0.0,30
solar_323691,9,2,0.0,0.0,0.0,0.0,30
solar_323691,9,3,0.0,0.0,0.0,0.0,30
solar_323691,9,4,0.0,0.0,0.0,0.0,30
solar_323691,9,5,0.0,0.0,0.0,0.0,30
solar_323691,9,6,0.0,0.0,0.0,0.0,30
solar_323691,9,7,0.0,0.0,0.0,0.0,30
solar_323691,9,8,0.0,0.0,0.0,0.0,30
solar_323691,9,9,0.0,0.0,0.0,0.0,30
solar_323691,9,10,0.0,0.0,0.0,0.0,30
solar_323691,9,11,0.5794494804372514,0.43238135863960925,0.44912835016115316,0.4577364100902807,30
solar_323691,9,12,4.314206846873488,2.5344991151169722,4.184853910491964,2.2712793993691336,30
solar_323691,9,13,7.857267597223497,4.700280479978356,8.129435861999275,4.131437674396502,30
solar_323691,9,14,10.62575978808187,6.724044680932978,11.728697870256878,5.914013563750365,30
solar_323691,9,15,13.78795657640557,7.479825918488746,14.179618198138543,7.182294021301518,30
solar_323691,9,16,17.557752876696842,7.797487472037203,15.256278189181074,7.714119630931873,30
solar_323691,9,17,15.982066759385928,9.252147566676726,16.682508955770263,7.718827954689106,30
solar_323691,9,18,14.93727118213546,9.177893707438123,15.313839527181043,8.184215041827335,30
solar_323691,9,19,13.587414893229655,7.65484223744035,13.433686639985202,7.191083558149264,30
solar_323691,9,20,10.447036879021818,5.863996657590916,11.321551718908378,5.182187433011724,30
solar_323691,9,21,6.330382810794859,3.92921345360648,6.916752836662726,3.5541823537659116,30
solar_323691,9,22,2.392280761484363,1.4463347869562349,2.760902681793437,1.4847623008563788,30
solar_323691,9,23,0.050218948178289376,0.12039672276021475,0.07093737146874889,0.14733426325691923,30
solar_323691,10,0,0.0,0.0,0.0,0.0,31
solar_323691,10,1,0.0,0.0,0.0,0.0,31
solar_323691,10,2,0.0,0.0,0.0,0.0,31
solar_323691,10,3,0.0,0.0,0.0,0.0,31
solar_323691,10,4,0.0,0.0,0.0,0.0,31
solar_323691,10,5,0.0,0.0,0.0,0.0,31
solar_323691,10,6,0.0,0.0,0.0,0.0,31
solar_323691,10,7,0.0,0.0,0.0,0.0,31
solar_323691,10,8,0.0,0.0,0.0,0.0,31
solar_323691,10,9,0.0,0.0,0.0,0.0,31
solar_323691,10,10,0.0,0.0,0.0,0.0,31
solar_323691,10,11,0.007634356452938734,0.023236939843123427,0.0,0.0,31
solar_323691,10,12,3.6819563880183916,2.1671600201621595,4.232526577153284,1.460789311278696,31
solar_323691,10,13,10.442480450257245,3.4829518339539294,10.925122107493122,2.581520584733784,31
solar_323691,10,14,14.679445764941185,5.300574915108552,14.749971723092733,5.370489809658189,31
solar_323691,10,15,18.661651715659612,5.895807198699543,17.468852124395447,6.920011747760332,31
solar_323691,10,16,19.541440732891065,7.448082549866498,19.833260994025025,6.9026882879393225,31
solar_323691,10,17,19.49907973376113,7.3200337908656055,19.468266050601304,6.575513849751384,31
solar_323691,10,18,18.933135120258523,5.468261326888479,18.84695904939941,4.977933405204212,31
solar_323691,10,19,15.568644893499984,4.532654166513334,15.709743791228007,4.6681774260008035,31
solar_323691,10,20,10.681603992672263,3.7070973860776273,11.466943108195949,2.961955441196797,31
solar_323691,10,21,5.11121066521187,1.7269768902817133,5.639968987085111,1.8392326270041899,31
solar_323691,10,22,0.16914835505570555,0.29899009035160734,0.2229324221795684,0.3203334464191991,31
solar_323691,10,23,0.0,0.0,0.0,0.0,31
solar_323691,11,0,0.0,0.0,0.0,0.0,30
solar_323691,11,1,0.0,0.0,0.0,0.0,30
solar_323691,11,2,0.0,0.0,0.0,0.0,30
solar_323691,11,3,0.0,0.0,0.0,0.0,30
solar_323691,11,4,0.0,0.0,0.0,0.0,30
solar_323691,11,5,0.0,0.0,0.0,0.0,30
solar_323691,11,6,0.0,0.0,0.0,0.0,30
solar_323691,11,7,0.0,0.0,0.0,0.0,30
solar_323691,11,8,0.0,0.0,0.0,0.0,30
solar_323691,11,9,0.0,0.0,0.0,0.0,30
solar_323691,11,10,0.0,0.0,0.0,0.0,30
solar_323691,11,11,0.0,0.0,0.0,0.0,30
solar_323691,11,12,0.8917713841105329,1.0483726443226713,0.46689739371717176,0.7523115069278848,30
solar_323691,11,13,7.9849872800019455,4.3046032962589935,7.367328659428588,4.292814270030698,30
solar_323691,11,14,12.342463693809217,6.743212729202838,12.061106188578227,6.857660753562322,30
solar_323691,11,15,15.459249503249746,8.11656724307,14.742154479576751,8.20046996936446,30
solar_323691,11,16,18.154580474345604,8.295480712189706,17.07291779536204,8.246930587032978,30
solar_323691,11,17,18.952987208900886,8.08128871517876,17.769840403240686,7.70023912213424,30
solar_323691,11,18,17.0692023613853,7.575297369175901,15.514637322972936,7.966847862280404,30
solar_323691,11,19,13.960475168465347,5.824670655881726,15.031985421622098,5.315352111067088,30
solar_323691,11,20,9.109796497181982,3.950858622104575,10.017778764033668,3.932978545485482,30
solar_323691,11,21,1.8554111169030552,1.1227824920651799,2.3302967587889554,1.4481667831990273,30
solar_323691,11,22,0.0,0.0,0.0,0.0,30
solar_323691,11,23,0.0,0.0,0.0,0.0,30
solar_323691,12,0,0.0,0.0,0.0,0.0,31
solar_323691,12,1,0.0,0.0,0.0,0.0,31
solar_323691,12,2,0.0,0.0,0.0,0.0,31
solar_323691,12,3,0.0,0.0,0.0,0.0,31
solar_323691,12,4,0.0,0.0,0.0,0.0,31
solar_323691,12,5,0.0,0.0,0.0,0.0,31
solar_323691,12,6,0.0,0.0,0.0,0.0,31
solar_323691,12,7,0.0,0.0,0.0,0.0,31
solar_323691,12,8,0.0,0.0,0.0,0.0,31
solar_323691,12,9,0.0,0.0,0.0,0.0,31
solar_323691,12,10,0.0,0.0,0.0,0.0,31
solar_323691,12,11,0.0,0.0,0.0,0.0,31
solar_323691,12,12,0.0,0.0,0.0,0.0,31
solar_323691,12,13,4.804740957855738,4.148730608247967,4.971182385854569,3.7134600777317543,31
solar_323691,12,14,9.669005643222125,7.226363864464035,10.049275785302893,6.911391065953442,31
solar_323691,12,15,14.05373449710793,8.984751453366467,13.344994686657099,8.925246214938731,31
solar_323691,12,16,14.612367775831524,10.055356325044995,15.350176542456374,9.443125921028482,31
solar_323691,12,17,15.303852411071476,10.395285674230667,16.079971091167447,9.19008902231672,31
solar_323691,12,18,13.96449531887915,9.313630233387657,14.875179120430689,7.9406144570582855,31
solar_323691,12,19,12.648399163008149,7.805574763407179,11.667193207581027,7.927046017224737,31
solar_323691,12,20,8.753724722020834,5.593099328778262,7.848375891559992,5.409223434434869,31
solar_323691,12,21,1.0719215271161686,1.165880654040838,1.610687300719449,1.552000819179944,31
solar_323691,12,22,0.0,0.0,0.0,0.0,31
solar_323691,12,23,0.0,0.0,0.0,0.0,31
solar_323752,1,0,0.0,0.0,0.0,0.0,31
solar_323752,1,1,0.0,0.0,0.0,0.0,31
solar_323752,1,2,0.0,0.0,0.0,0.0,31
solar_323752,1,3,0.0,0.0,0.0,0.0,31
solar_323752,1,4,0.0,0.0,0.0,0.0,31
solar_323752,1,5,0.0,0.0,0.0,0.0,31
solar_323752,1,6,0.0,0.0,0.0,0.0,31
solar_323752,1,7,0.0,0.0,0.0,0.0,31
solar_323752,1,8,0.0,0.0,0.0,0.0,31
solar_323752,1,9,0.0,0.0,0.0,0.0,31
solar_323752,1,10,0.0,0.0,0.0,0.0,31
solar_323752,1,11,0.0,0.0,0.0,0.0,31
solar_323752,1,12,0.0,0.0,0.0,0.0,31
solar_323752,1,13,2.981881595760382,3.2346034944895843,3.3924100935325527,2.7487133886732074,31
solar_323752,1,14,5.704311297487571,5.898725185118922,6.8461496772819075,5.145267441066342,31
solar_323752,1,15,8.591432198200849,7.463183271095288,8.959871670528173,6.4764470250951485,31
solar_323752,1,16,10.54868430839657,8.03222511846425,9.72033349630628,7.555890507275148,31
solar_323752,1,17,10.962716155765229,8.603684964511979,10.033970422366531,7.617179684082615,31
solar_323752,1,18,9.818719105770388,8.447284369629092,9.360237413826571,7.00586009633386,31
solar_323752,1,19,8.088846355115916,7.286709646432049,7.6144903579850745,5.448101565795683,31
solar_323752,1,20,5.285671014578231,5.12992237225153,5.028337457999445,4.29571710823672,31
solar_323752,1,21,2.294895266349033,2.3864777153546495,2.401996271947468,2.3949986315296075,31
solar_323752,1,22,0.0,0.0,0.0015820538100014129,0.007373834127887745,31
solar_323752,1,23,0.0,0.0,0.0,0.0,31
solar_323752,2,0,0.0,0.0,0.0,0.0,29
solar_323752,2,1,0.0,0.0,0.0,0.0,29
solar_323752,2,2,0.0,0.0,0.0,0.0,29
solar_323752,2,3,0.0,0.0,0.0,0.0,29
solar_323752,2,4,0.0,0.0,0.0,0.0,29
solar_323752,2,5,0.0,0.0,0.0,0.0,29
solar_323752,2,6,0.0,0.0,0.0,0.0,29
solar_323752,2,7,0.0,0.0,0.0,0.0,29
solar_323752,2,8,0.0,0.0,0.0,0.0,29
solar_323752,2,9,0.0,0.0,0.0,0.0,29
solar_323752,2,10,0.0,0.0,0.0,0.0,29
solar_323752,2,11,0.0,0.0,0.0,0.0,29
solar_323752,2,12,0.5086615316370311,0.798692012896693,0.20685404141732702,0.40404218478588916,29
solar_323752,2,13,5.843353128508221,3.3812720159303766,5.486087337430453,3.059168178031797,29
solar_323752,2,14,9.872789605901605,5.180749262155978,9.256075904310045,5.034662148039229,29
solar_323752,2,15,11.095969847108595,7.439129732770109,11.373783540492747,6.369512218648753,29
solar_323752,2,16,13.34262304736563,8.701157161967126,13.304861288243602,7.3016609864977,29
solar_323752,2,17,15.256502360136714,7.8059783827397435,14.1599781529552,7.707537217211442,29
solar_323752,2,18,14.852052029857866,7.328018733304475,13.62040861817579,7.715599040429168,29
solar_323752,2,19,12.968507062071204,7.187152938859384,12.495136019144399,6.2299394423670575,29
solar_323752,2,20,10.130929566158759,5.4537879510329335,10.11849100841887,4.82141202875287,29
solar_323752,2,21,5.86301004248092,3.5867406545381697,6.232949208315557,3.4246224876482505,29
solar_323752,2,22,0.9223610916606627,0.9760683436875626,1.1813108302245086,1.1658491984095274,29
solar_323752,2,23,0.0,0.0,0.0,0.0,29
solar_323752,3,0,0.0,0.0,0.0,0.0,31
solar_323752,3,1,0.0,0.0,0.0,0.0,31
solar_323752,3,2,0.0,0.0,0.0,0.0,31
solar_323752,3,3,0.0,0.0,0.0,0.0,31
solar_323752,3,4,0.0,0.0,0.0,0.0,31
solar_323752,3,5,0.0,0.0,0.0,0.0,31
solar_323752,3,6,0.0,0.0,0.0,0.0,31
solar_323752,3,7,0.0,0.0,0.0,0.0,31
solar_323752,3,8,0.0,0.0,0.0,0.0,31
solar_323752,3,9,0.0,0.0,0.0,0.0,31
solar_323752,3,10,0.0,0.0,0.0,0.0,31
solar_323752,3,11,0.07013049677565854,0.15176949624231542,0.021387005038727914,0.09172597889668821,31
solar_323752,3,12,2.2997429722017926,1.9690830472369203,2.2773059887763045,1.7261498798492192,31
solar_323752,3,13,6.043449780038621,4.437503142556716,6.111296627354224,3.7729551151638487,31
solar_323752,3,14,8.898318988233214,6.818711690063055,9.54943402746355,5.212199817604536,31
solar_323752,3,15,11.94348419224276,7.907382050341597,12.303763458475988,6.5495550036439205,31
solar_323752,3,16,13.942138248125131,9.061749895561114,13.994938451207064,7.567850928344446,31
solar_323752,3,17,14.54580556816041,8.336089077222406,14.317319844710907,7.972814929942216,31
solar_323752,3,18,12.698118347615141,9.012921429280114,12.447925818762279,8.346960411354035,31
solar_323752,3,19,11.474269063460648,7.944142358093666,10.51857545564011,6.9236024653380435,31
solar_323752,3,20,9.7969949337047,6.111623448685849,8.549750441547587,5.60131129813598,31
solar_323752,3,21,5.752596885943228,4.1589231255230175,5.935306577426633,3.73307893516321,31
solar_323752,3,22,2.213193402723539,1.7553328938249557,2.331628032203069,1.697427180580011,31
solar_323752,3,23,0.020845637052958374,0.06522988021414769,0.03633695168964288,0.08125377340502521,31
solar_323752,4,0,0.0,0.0,0.0,0.0,30
solar_323752,4,1,0.0,0.0,0.0,0.0,30
solar_323752,4,2,0.0,0.0,0.0,0.0,30
solar_323752,4,3,0.0,0.0,0.0,0.0,30
solar_323752,4,4,0.0,0.0,0.0,0.0,30
solar_323752,4,5,0.0,0.0,0.0,0.0,30
solar_323752,4,6,0.0,0.0,0.0,0.0,30
solar_323752,4,7,0.0,0.0,0.0,0.0,30
solar_323752,4,8,0.0,0.0,0.0,0.0,30
solar_323752,4,9,0.0,0.0,0.0,0.0,30
solar_323752,4,10,0.005207568172707414,0.01671149205685031,0.0,0.0,30
solar_323752,4,11,0.7415885542650441,0.5882210892915956,0.8738121480699537,0.5288417453395416,30
solar_323752,4,12,3.8510554144080817,2.6362072308971216,4.027764812604979,2.245105819026648,30
solar_323752,4,13,6.839796026173345,4.880157130700768,7.5931064477096415,4.077828190636147,30
solar_323752,4,14,9.835191031307525,6.548768797374873,10.255835767417802,5.627822492049018,30
solar_323752,4,15,11.286583779697994,7.620814634660126,11.476125137082176,7.007509589787919,30
solar_323752,4,16,13.088830346251932,7.458832014682901,12.471085478823046,7.823333226927372,30
solar_323752,4,17,11.139798985433861,9.11734233592543,12.521733887190823,7.7226804869008685,30
solar_323752,4,18,10.888055242601771,8.194289077157446,12.96203848713103,6.79956810539513,30
solar_323752,4,19,9.745891110381205,7.108058465559741,10.094105931675449,6.144237678002468,30
solar_323752,4,20,8.023635103955195,6.162244347021524,8.615631357270018,4.893329401774392,30
solar_323752,4,21,5.093971307606648,3.9671681135300245,5.911012632050086,3.272253661077949,30
solar_323752,4,22,2.6257863328595588,1.6296415890079876,2.8728688069183064,1.5502229201345445,30
solar_323752,4,23,0.41844521932740614,0.29648694659423613,0.46170167758834585,0.2959686723998542,30
solar_323752,5,0,0.016546787268912993,0.051665037714085864,0.041586266329756025,0.06922554825835656,31
solar_323752,5,1,0.0,0.0,0.0,0.0,31
solar_323752,5,2,0.0,0.0,0.0,0.0,31
solar_323752,5,3,0.0,0.0,0.0,0.0,31
solar_323752,5,4,0.0,0.0,0.0,0.0,31
solar_323752,5,5,0.0,0.0,0.0,0.0,31
solar_323752,5,6,0.0,0.0,0.0,0.0,31
solar_323752,5,7,0.0,0.0,0.0,0.0,31
solar_323752,5,8,0.0,0.0,0.0,0.0,31
solar_323752,5,9,0.0,0.0,0.0,0.0,31
solar_323752,5,10,0.3307709709647561,0.21663300954658665,0.28674021395404636,0.2412822405217511,31
solar_323752,5,11,1.1763186630054008,0.7595805163592618,1.376511047567507,0.6223123168896438,31
solar_323752,5,12,3.3371249453983984,2.6537746786114953,3.5318285049533613,2.2857523937447275,31
solar_323752,5,13,6.232166076605507,4.432920073620688,6.48359097947832,3.6608955169421367,31
solar_323752,5,14,8.414852869080628,5.710242672545775,8.633103810316202,4.7247429065713025,31
solar_323752,5,15,10.43751205362595,6.646149524243187,11.19715195116157,6.017315121727035,31
solar_323752,5,16,12.265441709100518,6.9959519499875,12.006977277865467,5.978502564775973,31
solar_323752,5,17,12.305266978534968,6.848934929819182,13.299783230530425,5.895071544174814,31
solar_323752,5,18,12.893646081170083,6.531011798710273,11.840931602779417,6.390804443092152,31
solar_323752,5,19,10.047909094118138,6.709555185515302,11.438466242891948,4.483921858832475,31
solar_323752,5,20,8.781229598562978,5.261978310358821,9.044253722276459,4.063021834126077,31
solar_323752,5,21,5.836992496008208,3.336910593301617,6.10985144654076,2.912910491807877,31
solar_323752,5,22,2.814318621069992,1.6635550335161924,3.195613802796739,1.3707847676703455,31
solar_323752,5,23,0.7955416255605409,0.4628488218753769,0.9412264320149818,0.3172211071957431,31
solar_323752,6,0,0.3137741518177811,0.1286022625948306,0.37603641089789863,0.09552273061822608,30
solar_323752,6,1,0.0,0.0,0.0,0.0,30
solar_323752,6,2,0.0,0.0,0.0,0.0,30
solar_323752,6,3,0.0,0.0,0.0,0.0,30
solar_323752,6,4,0.0,0.0,0.0,0.0,30
solar_323752,6,5,0.0,0.0,0.0,0.0,30
solar_323752,6,6,0.0,0.0,0.0,0.0,30
solar_323752,6,7,0.0,0.0,0.0,0.0,30
solar_323752,6,8,0.0,0.0,0.0,0.0,30
solar_323752,6,9,0.0,0.0,0.0,0.0,30
solar_323752,6,10,0.5219498905308272,0.22434673857892604,0.560241160061531,0.20375137045258257,30
solar_323752,6,11,1.4706365158445964,0.6163376687092887,1.6375139006907078,0.5128428962693489,30
solar_323752,6,12,5.063767799276248,1.6293759750000183,4.939296733952977,1.552065723782355,30
solar_323752,6,13,8.859940898470645,2.64732073756979,8.83349929004175,1.878926788855132,30
solar_323752,6,14,11.514258573955779,4.2534756608444075,11.693592797486087,3.6334763719215437,30
solar_323752,6,15,14.41446808327553,4.293228345130471,14.021737453506733,4.421723172681922,30
solar_323752,6,16,15.534211141423935,4.772239771231139,15.98273144620178,3.3176325871641246,30
solar_323752,6,17,16.29286259798239,3.4128703311751623,16.765145787656518,2.223026667447763,30
solar_323752,6,18,15.441176509654495,4.708379640888885,15.624092078148205,3.245446990662398,30
solar_323752,6,19,14.513794549475639,2.458885381522073,14.191652208690352,3.151006555035284,30
solar_323752,6,20,11.255942273011733,2.9470310197505336,10.935377406064545,3.1658840136749284,30
solar_323752,6,21,7.91981926715465,2.1873442691280895,7.599235984409557,2.1506883128530596,30
solar_323752,6,22,3.8167537344833216,1.5134274212768184,3.7719973943069984,1.4054167457685514,30
solar_323752,6,23,1.1235514549402619,0.49600644505310004,1.1817014159329555,0.3454527485838564,30
solar_323752,7,0,0.19696833525244942,0.16087094476388364,0.2767912685118264,0.15536160974428376,31
solar_323752,7,1,0.0,0.0,0.0,0.0,31
solar_323752,7,2,0.0,0.0,0.0,0.0,31
solar_323752,7,3,0.0,0.0,0.0,0.0,31
solar_323752,7,4,0.0,0.0,0.0,0.0,31
solar_323752,7,5,0.0,0.0,0.0,0.0,31
solar_323752,7,6,0.0,0.0,0.0,0.0,31
solar_323752,7,7,0.0,0.0,0.0,0.0,31
solar_323752,7,8,0.0,0.0,0.0,0.0,31
solar_323752,7,9,0.0,0.0,0.0,0.0,31
solar_323752,7,10,0.34578586060138383,0.18712240543880929,0.26287327213642964,0.21981804792852733,31
solar_323752,7,11,1.0747399911210866,0.6085247901774123,1.3230233870153905,0.43590435719459253,31
solar_323752,7,12,3.802422834791786,1.894337799197796,4.069705222837481,1.5765741118474341,31
solar_323752,7,13,6.204172708449307,3.696962089001084,6.88599820883666,2.9883078981999076,31
solar_323752,7,14,9.491434261841201,4.2152527040524355,10.264903728537346,3.6213107162666662,31
solar_323752,7,15,10.581935168381682,5.682060384203075,12.935084712960835,4.0016829832057095,31
solar_323752,7,16,10.748465434541743,6.636059299343817,14.302928390291546,4.239841985644226,31
solar_323752,7,17,13.108862062767027,5.780040627827384,14.35337321344716,4.4599676562896535,31
solar_323752,7,18,12.441761172662341,6.076351315598315,14.95336236040212,3.5629391183167143,31
solar_323752,7,19,10.727759781614447,5.316268236145124,12.702326182335105,3.6934243164150358,31
solar_323752,7,20,9.2199620126177,4.144209633248644,10.501596890473605,3.253488713662358,31
solar_323752,7,21,7.379114655724898,2.108837304798231,7.661772402125026,2.268655838476651,31
solar_323752,7,22,3.7900235883310534,1.3317450591050106,4.2272397321552395,0.9729719558165397,31
solar_323752,7,23,1.210619064665509,0.412799654229211,1.3075920454895529,0.3666857462324473,31
solar_323752,8,0,0.0,0.0,0.0006275383557234838,0.002630883718032965,31
solar_323752,8,1,0.0,0.0,0.0,0.0,31
solar_323752,8,2,0.0,0.0,0.0,0.0,31
solar_323752,8,3,0.0,0.0,0.0,0.0,31
solar_323752,8,4,0.0,0.0,0.0,0.0,31
solar_323752,8,5,0.0,0.0,0.0,0.0,31
solar_323752,8,6,0.0,0.0,0.0,0.0,31
solar_323752,8,7,0.0,0.0,0.0,0.0,31
solar_323752,8,8,0.0,0.0,0.0,0.0,31
solar_323752,8,9,0.0,0.0,0.0,0.0,31
solar_323752,8,10,0.009953375335950655,0.026713341564006034,0.0,0.0,31
solar_323752,8,11,0.8201788060672791,0.41750420962245727,0.966381444878901,0.39047890597069634,31
solar_323752,8,12,3.711273475007483,1.9015533271368574,3.7520488227758433,1.5737910043622565,31
solar_323752,8,13,6.844746231862237,3.424003929366054,6.979940781542814,3.021540362815549,31
solar_323752,8,14,10.60292575387026,4.704337139831078,10.03797253342513,4.132643769272429,31
solar_323752,8,15,12.037109887705006,5.417700073313004,12.608357747548684,4.914156854659006,31
solar_323752,8,16,13.677859038482863,5.775204510654696,14.108926656504934,4.882875280143896,31
solar_323752,8,17,13.067405279485742,6.744943603582145,13.749467172155887,5.593398152372758,31
solar_323752,8,18,13.360243444983393,5.4525350380778015,12.885234351804742,5.757360114710805,31
solar_323752,8,19,11.13246824430302,5.571686796281407,12.4755685453379,3.954797862618133,31
solar_323752,8,20,9.4894073659557,4.382036118366761,9.242995256980812,3.9141483272155937,31
solar_323752,8,21,6.7366346572959195,2.991506091164668,6.94428237631086,2.4915135534803343,31
solar_323752,8,22,3.2348784774189028,1.5012351233614027,3.4564503002646725,1.3580713001090252,31
solar_323752,8,23,0.6593978440734879,0.34165520150070305,0.7218243667380619,0.2807121380493279,31
solar_323752,9,0,0.0,0.0,0.0,0.0,30
solar_323752,9,1,0.0,0.0,0.0,0.0,30
solar_323752,9,2,0.0,0.0,0.0,0.0,30
solar_323752,9,3,0.0,0.0,0.0,0.0,30
solar_323752,9,4,0.0,0.0,0.0,0.0,30
solar_323752,9,5,0.0,0.0,0.0,0.0,30
solar_323752,9,6,0.0,0.0,0.0,0.0,30
solar_323752,9,7,0.0,0.0,0.0,0.0,30
solar_323752,9,8,0.0,0.0,0.0,0.0,30
solar_323752,9,9,0.0,0.0,0.0,0.0,30
solar_323752,9,10,0.0,0.0,0.0,0.0,30
solar_323752,9,11,0.4956961207859105,0.3535369274205447,0.36470349573364363,0.35666985289459635,30
solar_323752,9,12,3.3755244292633293,2.084308270172906,3.240336436853402,1.8107400211393907,30
solar_323752,9,13,6.220435765003392,3.6201990739064143,6.464849253635145,3.178349234593433,30
solar_323752,9,14,8.777560004049276,5.15137442547955,9.341354170407758,4.343172673248101,30
solar_323752,9,15,10.857117306319395,5.92530480273284,10.781456982510747,5.619782589394309,30
solar_323752,9,16,13.890942628947098,6.129020374557654,12.532551796546379,6.2679814376975695,30
solar_323752,9,17,12.919851751577104,7.52066625025275,13.443142655692416,6.12651787248253,30
solar_323752,9,18,11.501844459464362,7.252890591889905,13.09238348174917,5.9972306140896485,30
solar_323752,9,19,10.43935150201536,6.316174944980264,9.821493072013856,5.870161678984826,30
solar_323752,9,20,8.56421638708635,4.78830495975947,8.61655733012595,4.502573549058589,30
solar_323752,9,21,5.3021287964075,3.0577710590051286,5.669746455306886,2.7577891462318314,30
solar_323752,9,22,1.8993947740161348,1.2206319931667517,2.1154201775183803,1.2105991727699565,30
solar_323752,9,23,0.03225444859916162,0.086807151569159,0.06336871328509866,0.1257811853585657,30
solar_323752,10,0,0.0,0.0,0.0,0.0,31
solar_323752,10,1,0.0,0.0,0.0,0.0,31
solar_323752,10,2,0.0,0.0,0.0,0.0,31
solar_323752,10,3,0.0,0.0,0.0,0.0,31
solar_323752,10,4,0.0,0.0,0.0,0.0,31
solar_323752,10,5,0.0,0.0,0.0,0.0,31
solar_323752,10,6,0.0,0.0,0.0,0.0,31
solar_323752,10,7,0.0,0.0,0.0,0.0,31
solar_323752,10,8,0.0,0.0,0.0,0.0,31
solar_323752,10,9,0.0,0.0,0.0,0.0,31
solar_323752,10,10,0.0,0.0,0.0,0.0,31
solar_323752,10,11,0.004571465517449251,0.015703341826754435,0.0,0.0,31
solar_323752,10,12,3.0249113561148087,1.7080026782789435,3.165423378518428,1.2606450195988554,31
solar_323752,10,13,8.217487539945292,2.851705203311694,8.412129136586232,2.5122583362470063,31
solar_323752,10,14,11.833061345811887,3.9551033995103086,11.56912835909646,4.122683605271807,31
solar_323752,10,15,14.091198337482085,5.36194232879821,14.308994869684627,4.462880663071425,31
solar_323752,10,16,15.768326808527188,5.242678374699726,15.629964684524321,5.4488088073324255,31
solar_323752,10,17,16.30982032720161,4.600608311629871,15.101737373374378,5.944457431959422,31
solar_323752,10,18,15.429265530655599,3.5896017219824143,14.841020810786967,4.472187253855891,31
solar_323752,10,19,12.666328571824165,3.3515717641359584,11.989081970761061,4.137853948840784,31
solar_323752,10,20,8.601810149445576,3.051427704069698,9.130519628947715,2.2640025135566093,31
solar_323752,10,21,3.886350112136723,1.6072464598776666,4.551435414012276,1.4519399567341633,31
solar_323752,10,22,0.13306667932095326,0.24049305770339427,0.20386075618309835,0.3182764743464071,31
solar_323752,10,23,0.0,0.0,0.0,0.0,31
solar_323752,11,0,0.0,0.0,0.0,0.0,30
solar_323752,11,1,0.0,0.0,0.0,0.0,30
solar_323752,11,2,0.0,0.0,0.0,0.0,30
solar_323752,11,3,0.0,0.0,0.0,0.0,30
solar_323752,11,4,0.0,0.0,0.0,0.0,30
solar_323752,11,5,0.0,0.0,0.0,0.0,30
solar_323752,11,6,0.0,0.0,0.0,0.0,30
solar_323752,11,7,0.0,0.0,0.0,0.0,30
solar_323752,11,8,0.0,0.0,0.0,0.0,30
solar_323752,11,9,0.0,0.0,0.0,0.0,30
solar_323752,11,10,0.0,0.0,0.0,0.0,30
solar_323752,11,11,0.0,0.0,0.0,0.0,30
solar_323752,11,12,0.746786167466763,0.8931183857222987,0.3498225887106004,0.5734249936494896,30
solar_323752,11,13,5.750720614600295,3.5906061703539365,5.795901928032057,3.4604083495588562,30
solar_323752,11,14,9.723546559772986,5.361604304377789,9.454261516175173,5.215413703416351,30
solar_323752,11,15,12.46277501392061,6.713510553391627,11.63978062837357,6.506635436905542,30
solar_323752,11,16,14.615316981217765,6.387152282137085,13.166131524643605,6.643998929930652,30
solar_323752,11,17,14.932414801768651,6.187639803569911,14.162130806589685,6.185798338776975,30
solar_323752,11,18,13.45448437779573,6.1396761445304415,12.882250055247466,6.015910246631438,30
solar_323752,11,19,11.158549284286927,4.700773927062538,11.864726907197076,4.046371127126239,30
solar_323752,11,20,7.036397072777949,3.3798968363778394,7.8811195036354,3.160828499626889,30
solar_323752,11,21,1.4921760341353598,0.9079823743940656,1.7600911629084226,1.1143188459524407,30
solar_323752,11,22,0.0,0.0,0.0,0.0,30
solar_323752,11,23,0.0,0.0,0.0,0.0,30
solar_323752,12,0,0.0,0.0,0.0,0.0,31
solar_323752,12,1,0.0,0.0,0.0,0.0,31
solar_323752,12,2,0.0,0.0,0.0,0.0,31
solar_323752,12,3,0.0,0.0,0.0,0.0,31
solar_323752,12,4,0.0,0.0,0.0,0.0,31
solar_323752,12,5,0.0,0.0,0.0,0.0,31
solar_323752,12,6,0.0,0.0,0.0,0.0,31
solar_323752,12,7,0.0,0.0,0.0,0.0,31
solar_323752,12,8,0.0,0.0,0.0,0.0,31
solar_323752,12,9,0.0,0.0,0.0,0.0,31
solar_323752,12,10,0.0,0.0,0.0,0.0,31
solar_323752,12,11,0.0,0.0,0.0,0.0,31
solar_323752,12,12,0.0,0.0,0.0,0.0,31
solar_323752,12,13,3.846252363650998,3.30392973405731,4.020710863132714,2.902646336683917,31
solar_323752,12,14,7.738406409161197,5.84819628323203,8.29937864696179,5.448971455904065,31
solar_323752,12,15,10.701067974370243,7.187608058959026,11.043043412201994,6.863928945297519,31
solar_323752,12,16,12.936873143973296,7.461322053563548,12.549271135053754,7.164381902855578,31
solar_323752,12,17,12.67202469846633,7.859068789545392,12.968560384389416,7.1125541137398,31
solar_323752,12,18,11.434399078276199,7.4732494086750885,11.42354043614623,6.770371609082249,31
solar_323752,12,19,10.10620444249805,6.387159614273262,9.130965145030993,6.0350282778438995,31
solar_323752,12,20,7.109757287426626,4.258513516669342,5.83216078911936,4.322017964904499,31
solar_323752,12,21,0.8998442086181265,0.9601339180162403,1.155292202855909,1.204577225897436,31
solar_323752,12,22,0.0,0.0,0.0,0.0,31
solar_323752,12,23,0.0,0.0,0.0,0.0,31
solar_323806,1,0,0.0,0.0,0.0,0.0,31
solar_323806,1,1,0.0,0.0,0.0,0.0,31
solar_323806,1,2,0.0,0.0,0.0,0.0,31
solar_323806,1,3,0.0,0.0,0.0,0.0,31
solar_323806,1,4,0.0,0.0,0.0,0.0,31
solar_323806,1,5,0.0,0.0,0.0,0.0,31
solar_323806,1,6,0.0,0.0,0.0,0.0,31
solar_323806,1,7,0.0,0.0,0.0,0.0,31
solar_323806,1,8,0.0,0.0,0.0,0.0,31
solar_323806,1,9,0.0,0.0,0.0,0.0,31
solar_323806,1,10,0.0,0.0,0.0,0.0,31
solar_323806,1,11,0.0,0.0,0.0,0.0,31
solar_323806,1,12,0.0,0.0,0.0,0.0,31
solar_323806,1,13,2.9279785684828226,3.088635867779791,3.1974250289769155,2.5007415251273994,31
solar_323806,1,14,5.2303407051601,5.334094220377512,6.475879347614396,4.674130678412346,31
solar_323806,1,15,7.723489375780565,6.983573030505043,8.073611541003379,6.043841067920486,31
solar_323806,1,16,9.18834513383501,7.567100705229181,8.839065631698892,6.935952065960915,31
solar_323806,1,17,9.296744344869191,7.802441069540469,9.270554459344485,6.92432966521196,31
solar_323806,1,18,8.964493799325412,7.839584559082857,8.9937508704803,6.290775104042935,31
solar_323806,1,19,7.287837805626027,6.793206574018026,6.629906687617655,5.534377326146308,31
solar_323806,1,20,4.491354950096903,4.749559962135663,4.4448549258026535,3.980432442471153,31
solar_323806,1,21,2.1821139042161284,2.1188513193898806,2.2922942570709375,2.295972750099099,31
solar_323806,1,22,0.0,0.0,0.0006917596475079226,0.0038515547130384695,31
solar_323806,1,23,0.0,0.0,0.0,0.0,31
solar_323806,2,0,0.0,0.0,0.0,0.0,29
solar_323806,2,1,0.0,0.0,0.0,0.0,29
solar_323806,2,2,0.0,0.0,0.0,0.0,29
solar_323806,2,3,0.0,0.0,0.0,0.0,29
solar_323806,2,4,0.0,0.0,0.0,0.0,29
solar_323806,2,5,0.0,0.0,0.0,0.0,29
solar_323806,2,6,0.0,0.0,0.0,0.0,29
solar_323806,2,7,0.0,0.0,0.0,0.0,29
solar_323806,2,8,0.0,0.0,0.0,0.0,29
solar_323806,2,9,0.0,0.0,0.0,0.0,29
solar_323806,2,10,0.0,0.0,0.0,0.0,29
solar_323806,2,11,0.0,0.0,0.0,0.0,29
solar_323806,2,12,0.4857210808935956,0.7658665397993224,0.24751396911280352,0.46253917404462014,29
solar_323806,2,13,5.398516224299529,3.134196305491344,4.551219300764447,3.011854285513125,29
solar_323806,2,14,9.008706696153089,4.946169023452513,8.092290879344182,5.030002238515736,29
solar_323806,2,15,12.045915470228934,6.093949257516936,10.46475219289306,6.005947372887467,29
solar_323806,2,16,11.972383308284194,8.102581819930139,12.301083256033735,6.776031137990563,29
solar_323806,2,17,13.683297363911185,7.377276798122325,12.726384544646665,6.972415232998876,29
solar_323806,2,18,13.42308638237218,6.740586226050665,12.203048639832845,6.909137617436339,29
solar_323806,2,19,12.179146480929397,6.43223525848834,11.07827775481992,5.709777413931909,29
solar_323806,2,20,9.229000588437371,4.687137667170603,9.214667974198102,4.596097202311246,29
solar_323806,2,21,5.507132337033823,3.1711699884357767,5.7442709072782625,3.045279578872859,29
solar_323806,2,22,0.7992127849148271,0.8432142017026156,1.1429830101788947,1.0689555319684256,29
solar_323806,2,23,0.0,0.0,0.0,0.0,29
solar_323806,3,0,0.0,0.0,0.0,0.0,31
solar_323806,3,1,0.0,0.0,0.0,0.0,31
solar_323806,3,2,0.0,0.0,0.0,0.0,31
solar_323806,3,3,0.0,0.0,0.0,0.0,31
solar_323806,3,4,0.0,0.0,0.0,0.0,31
solar_323806,3,5,0.0,0.0,0.0,0.0,31
solar_323806,3,6,0.0,0.0,0.0,0.0,31
solar_323806,3,7,0.0,0.0,0.0,0.0,31
solar_323806,3,8,0.0,0.0,0.0,0.0,31
solar_323806,3,9,0.0,0.0,0.0,0.0,31
solar_323806,3,10,0.0,0.0,0.0,0.0,31
solar_323806,3,11,0.06554126932104593,0.14653794305652906,0.023623507806546998,0.0880079844673594,31
solar_323806,3,12,2.0487108848438718,1.8220236970506662,1.932383293002752,1.532573143230002,31
solar_323806,3,13,5.742454556442397,4.079785141171899,5.555403571147081,3.44022535011295,31
solar_323806,3,14,8.198235053663442,5.948777625265408,8.02646996090531,4.870233884122964,31
solar_323806,3,15,11.323124928596256,7.23028558732673,11.212778143215004,5.900735592991419,31
solar_323806,3,16,12.39293875624624,8.17921253571169,12.592827456586672,6.574523819230665,31
solar_323806,3,17,13.292851005461428,7.9671068616203415,12.8420765105865,7.334870511005172,31
solar_323806,3,18,11.423340757636279,8.118604405759,11.59693978491473,7.201163045280054,31
solar_323806,3,19,11.031709309850248,7.35245004912633,10.268570354956037,6.111540497692478,31
solar_323806,3,20,8.657773983757062,5.591271668823985,7.9822022730527875,5.361172699453618,31
solar_323806,3,21,5.477092432318793,3.967529650805349,4.985962587170265,3.4705531101331175,31
solar_323806,3,22,1.9915808718731034,1.5865186745994793,2.150188009585181,1.5499275571821773,31
solar_323806,3,23,0.014724026442876357,0.047635957517762104,0.03165286914754062,0.07536049125224682,31
solar_323806,4,0,0.0,0.0,0.0,0.0,30
solar_323806,4,1,0.0,0.0,0.0,0.0,30
solar_323806,4,2,0.0,0.0,0.0,0.0,30
solar_323806,4,3,0.0,0.0,0.0,0.0,30
solar_323806,4,4,0.0,0.0,0.0,0.0,30
solar_323806,4,5,0.0,0.0,0.0,0.0,30
solar_323806,4,6,0.0,0.0,0.0,0.0,30
solar_323806,4,7,0.0,0.0,0.0,0.0,30
solar_323806,4,8,0.0,0.0,0.0,0.0,30
solar_323806,4,9,0.0,0.0,0.0,0.0,30
solar_323806,4,10,0.007477868080215973,0.024246440896587694,0.0,0.0,30
solar_323806,4,11,0.7415658175116822,0.5666781639953704,0.8101300294677483,0.5104272745680721,30
solar_323806,4,12,3.551792610323768,2.413059840392974,3.67456464150915,1.985815242323721,30
solar_323806,4,13,6.4828318755654575,4.339791263098032,6.752099966155751,3.6510398718540786,30
solar_323806,4,14,9.37212396884165,5.96862006364773,9.353707479559189,5.013328438405535,30
solar_323806,4,15,10.470596150838459,7.205223950630651,10.694975592547413,6.031341605739787,30
solar_323806,4,16,11.607247898784742,7.027841943198984,12.06866266582254,6.72461848440367,30
solar_323806,4,17,11.02282868570445,7.915146432772303,11.698351151716913,6.851172888181079,30
solar_323806,4,18,10.300196810363165,7.443947593195986,11.591769088066277,6.389616609846762,30
solar_323806,4,19,8.837731441130353,6.473174400984318,8.899094917512826,5.73897936762903,30
solar_323806,4,20,7.121699724978018,5.350032879981885,7.718935549567406,4.205748804747075,30
solar_323806,4,21,5.029491654575722,3.6027134523099438,5.649514222490483,2.906077861463774,30
solar_323806,4,22,2.403371253217348,1.5808485274172086,2.6382499234615024,1.3623324914100727,30
solar_323806,4,23,0.4075563021362766,0.27791306383373093,0.44459790454303627,0.24486612469157557,30
solar_323806,5,0,0.013278897248829373,0.04154973116581567,0.032890523071023546,0.05841481237608845,31
solar_323806,5,1,0.0,0.0,0.0,0.0,31
solar_323806,5,2,0.0,0.0,0.0,0.0,31
solar_323806,5,3,0.0,0.0,0.0,0.0,31
solar_323806,5,4,0.0,0.0,0.0,0.0,31
solar_323806,5,5,0.0,0.0,0.0,0.0,31
solar_323806,5,6,0.0,0.0,0.0,0.0,31
solar_323806,5,7,0.0,0.0,0.0,0.0,31
solar_323806,5,8,0.0,0.0,0.0,0.0,31
solar_323806,5,9,0.0,0.0,0.0,0.0,31
solar_323806,5,10,0.28582444399794255,0.1930162480744918,0.2498499086484642,0.21911672515527145,31
solar_323806,5,11,1.1469768740011375,0.7169052750073913,1.2406232060272744,0.6096314437206019,31
solar_323806,5,12,3.602946448336285,2.3699196167234198,3.418608733837287,2.0646318218205337,31
solar_323806,5,13,5.999609444114266,3.9299109506442633,5.568220431034089,3.5732486325800332,31
solar_323806,5,14,7.415059632932611,5.40469832772292,7.811591782511346,4.454016290651154,31
solar_323806,5,15,9.345063091217918,6.488489005787749,10.024063101125959,5.4511854923069585,31
solar_323806,5,16,11.07762716209954,6.13189450528391,11.635942143297711,5.44824059710359,31
solar_323806,5,17,11.48191370018587,6.553838144874878,11.58978301749056,5.345140214708358,31
solar_323806,5,18,11.458024208675173,5.999617652575338,11.626572326911326,5.068125986651136,31
solar_323806,5,19,9.079589958790445,6.1339492720343625,9.741278091584281,4.3042787120040025,31
solar_323806,5,20,7.792081432875422,4.8563153554420415,8.262526844815214,3.593353161644917,31
solar_323806,5,21,5.506987764140299,3.145388303385168,5.411488359289846,2.674923631968196,31
solar_323806,5,22,2.7600653712058727,1.5425374193324186,3.044336023216984,1.112305664775524,31
solar_323806,5,23,0.7455116139695445,0.40031156943245144,0.8668026767286527,0.26106008307042927,31
solar_323806,6,0,0.28006095182173085,0.11423935242863327,0.3282656011858852,0.0966991717478057,30
solar_323806,6,1,0.0,0.0,0.0,0.0,30
solar_323806,6,2,0.0,0.0,0.0,0.0,30
solar_323806,6,3,0.0,0.0,0.0,0.0,30
solar_323806,6,4,0.0,0.0,0.0,0.0,30
solar_323806,6,5,0.0,0.0,0.0,0.0,30
solar_323806,6,6,0.0,0.0,0.0,0.0,30
solar_323806,6,7,0.0,0.0,0.0,0.0,30
solar_323806,6,8,0.0,0.0,0.0,0.0,30
solar_323806,6,9,0.0,0.0,0.0,0.0,30
solar_323806,6,10,0.5009995564090973,0.2010147445353688,0.5480592747772981,0.17345724821416528,30
solar_323806,6,11,1.4703953002257384,0.546088546964267,1.4787157347838356,0.4009648867316955,30
solar_323806,6,12,4.5650552802145095,1.6523942611955107,4.443881109152362,1.5346466908019525,30
solar_323806,6,13,8.054879931672874,2.666366547533169,8.112489272778706,2.039675024828176,30
solar_323806,6,14,11.000825727028287,3.2255448411830154,10.53100988510238,3.2127481514320597,30
solar_323806,6,15,13.45813396822723,3.296474287064331,12.754972732865324,3.8017491908306518,30
solar_323806,6,16,13.552245426218871,4.942009326976475,14.172983164660028,3.741269453189883,30
solar_323806,6,17,14.76945914920731,3.842926236552882,14.208707261240006,3.6649692109172607,30
solar_323806,6,18,13.778733664992707,4.446032401480878,13.959501577471704,3.2475417023049915,30
solar_323806,6,19,12.720463596622475,3.1788682033582774,12.521206056416052,3.3804661586597087,30
solar_323806,6,20,10.750249376225101,2.1322064583993474,10.49329767976473,2.539344758045249,30
solar_323806,6,21,7.380325675258475,1.9051193083537166,6.742462625768955,2.2731547446045397,30
solar_323806,6,22,3.7294579077966943,1.1082254841912025,3.5139643208895133,1.1848506371894203,30
solar_323806,6,23,1.050530584234903,0.4069964612266957,1.1636505971587605,0.25598016343686997,30
solar_323806,7,0,0.16211964042458882,0.1412150398768337,0.2558491827938178,0.13500671588497848,31
solar_323806,7,1,0.0,0.0,0.0,0.0,31
solar_323806,7,2,0.0,0.0,0.0,0.0,31
solar_323806,7,3,0.0,0.0,0.0,0.0,31
solar_323806,7,4,0.0,0.0,0.0,0.0,31
solar_323806,7,5,0.0,0.0,0.0,0.0,31
solar_323806,7,6,0.0,0.0,0.0,0.0,31
solar_323806,7,7,0.0,0.0,0.0,0.0,31
solar_323806,7,8,0.0,0.0,0.0,0.0,31
solar_323806,7,9,0.0,0.0,0.0,0.0,31
solar_323806,7,10,0.32607054852868583,0.16465894597119482,0.2624641885095762,0.2040190019279609,31
solar_323806,7,11,1.0176940266396237,0.5948164374646024,1.2115521339137836,0.3799800227080136,31
solar_323806,7,12,3.0999687272605994,2.0551706462898123,3.7597643524510542,1.3671213237703514,31
solar_323806,7,13,5.692349084285331,3.402500754080167,6.873704217936616,2.3364272608940704,31
solar_323806,7,14,8.302451231075603,4.434189586595193,9.38055417327952,3.706621200345418,31
solar_323806,7,15,9.677839792258833,5.560464267398398,10.952260399199552,4.512626808921227,31
solar_323806,7,16,9.404103469861411,5.825125935662051,12.606614991771687,3.962478536067711,31
solar_323806,7,17,11.144209966441789,5.810990285442099,13.099137411630904,3.520285137463104,31
solar_323806,7,18,10.86345677078308,5.422365562448837,13.632905857815418,3.072760340718996,31
solar_323806,7,19,10.264684974321792,4.6697849437515,11.624014578677704,3.2810705852777775,31
solar_323806,7,20,8.130501800959035,3.7729271011568706,9.399435984585983,3.3127347235771762,31
solar_323806,7,21,6.257165752684119,2.690562241772484,6.894745226545018,1.8186515142500133,31
solar_323806,7,22,3.640555489602517,1.2618584067041938,3.8781368482221033,0.798158980466573,31
solar_323806,7,23,1.0977681213294026,0.37414367466979087,1.1887345571755135,0.29050601698838197,31
solar_323806,8,0,0.0,0.0,0.00011546315006327419,0.0006428716121423932,31
solar_323806,8,1,0.0,0.0,0.0,0.0,31
solar_323806,8,2,0.0,0.0,0.0,0.0,31
solar_323806,8,3,0.0,0.0,0.0,0.0,31
solar_323806,8,4,0.0,0.0,0.0,0.0,31
solar_323806,8,5,0.0,0.0,0.0,0.0,31
solar_323806,8,6,0.0,0.0,0.0,0.0,31
solar_323806,8,7,0.0,0.0,0.0,0.0,31
solar_323806,8,8,0.0,0.0,0.0,0.0,31
solar_323806,8,9,0.0,0.0,0.0,0.0,31
solar_323806,8,10,0.010746219079453048,0.026546621303498674,0.0,0.0,31
solar_323806,8,11,0.8749751322316599,0.3769321278736886,0.9431883505658802,0.325885831010118,31
solar_323806,8,12,3.2185520332554995,1.6875916782999436,3.604074084173708,1.330803403059006,31
solar_323806,8,13,6.769273538784094,2.829888352050956,6.287208866613913,2.911158816501725,31
solar_323806,8,14,10.022622754990755,3.433812360687417,9.232536701807893,3.991629342476346,31
solar_323806,8,15,11.394798618760676,4.7113425606163375,11.66133487059382,4.100335548522486,31
solar_323806,8,16,12.045602329998276,5.583974434992888,13.180633036668588,3.8976172279592562,31
solar_323806,8,17,12.115761374158204,6.058940256730127,12.929782935519748,4.7544463960834324,31
solar_323806,8,18,11.466005702286164,5.664775687294487,12.518149790075938,3.977567550155496,31
solar_323806,8,19,10.68550793445617,4.423225568334624,11.243676297054064,3.4953464025227,31
solar_323806,8,20,9.314669728934184,3.7280366092315025,8.760490438845238,3.4502368004250563,31
solar_323806,8,21,5.927888261173664,2.9657358166075674,5.889445903706393,2.478840090285401,31
solar_323806,8,22,2.8697168867731078,1.3351876844610817,3.022416344931652,1.333092860060526,31
solar_323806,8,23,0.6166175179172205,0.32950761742596646,0.6457296218352754,0.29221358093086547,31
solar_323806,9,0,0.0,0.0,0.0,0.0,30
solar_323806,9,1,0.0,0.0,0.0,0.0,30
solar_323806,9,2,0.0,0.0,0.0,0.0,30
solar_323806,9,3,0.0,0.0,0.0,0.0,30
solar_323806,9,4,0.0,0.0,0.0,0.0,30
solar_323806,9,5,0.0,0.0,0.0,0.0,30
solar_323806,9,6,0.0,0.0,0.0,0.0,30
solar_323806,9,7,0.0,0.0,0.0,0.0,30
solar_323806,9,8,0.0,0.0,0.0,0.0,30
solar_323806,9,9,0.0,0.0,0.0,0.0,30
solar_323806,9,10,0.0,0.0,0.0,0.0,30
solar_323806,9,11,0.4533954678534017,0.33851409330546045,0.3193266881129354,0.33967993005168423,30
solar_323806,9,12,3.1096640498113404,1.8081312990182457,2.810212728147986,1.7366992544277335,30
solar_323806,9,13,5.134753943990196,3.522224189727974,5.657489526787136,3.1237727712684764,30
solar_323806,9,14,7.513719529872122,4.93914643257536,8.471245581084018,4.215014278967376,30
solar_323806,9,15,10.180884092641415,5.188803260552264,10.56791612102194,5.071387179585512,30
solar_323806,9,16,12.22323452565186,5.720521952812987,11.328689450971767,5.742640125336561,30
solar_323806,9,17,11.440654674468721,6.743050105042567,11.728514115480364,6.0946427681377475,30
solar_323806,9,18,11.247757370079096,6.362252526288028,11.742129365533739,5.555639349996591,30
solar_323806,9,19,9.801496510441654,5.512502469027379,10.028587907125251,5.215805202699272,30
solar_323806,9,20,7.421186485338114,4.465779343340372,8.020799245289053,4.133665211285671,30
solar_323806,9,21,4.750239738105887,2.8418794768794906,5.246729858470126,2.636658957673568,30
solar_323806,9,22,1.7439887969676147,1.0570528364160103,2.0050514257588876,1.096512243715847,30
solar_323806,9,23,0.027513117204765358,0.07210091701903071,0.046792410144167386,0.09735520929005699,30
solar_323806,10,0,0.0,0.0,0.0,0.0,31
solar_323806,10,1,0.0,0.0,0.0,0.0,31
solar_323806,10,2,0.0,0.0,0.0,0.0,31
solar_323806,10,3,0.0,0.0,0.0,0.0,31
solar_323806,10,4,0.0,0.0,0.0,0.0,31
solar_323806,10,5,0.0,0.0,0.0,0.0,31
solar_323806,10,6,0.0,0.0,0.0,0.0,31
solar_323806,10,7,0.0,0.0,0.0,0.0,31
solar_323806,10,8,0.0,0.0,0.0,0.0,31
solar_323806,10,9,0.0,0.0,0.0,0.0,31
solar_323806,10,10,0.0,0.0,0.0,0.0,31
solar_323806,10,11,0.006348782223179984,0.019146519911614125,0.0,0.0,31
solar_323806,10,12,2.8547541195357944,1.48596498845535,3.1545903635897092,0.9103097914325844,31
solar_323806,10,13,7.1389704821500635,3.0513388654801825,7.7942807993089955,2.2940334461745993,31
solar_323806,10,14,10.994160016244265,3.4744544622306135,10.868653262156482,3.7545618271149275,31
solar_323806,10,15,13.831634923376159,3.3531631440646987,13.266480880662451,4.665793633520023,31
solar_323806,10,16,13.771410906424709,5.636114519853808,14.649374888020061,4.563246936707731,31
solar_323806,10,17,14.611408659973009,4.961925918087355,14.167730071216004,4.654631672083065,31
solar_323806,10,18,13.766032239953644,3.9737642015537644,13.287600676884377,4.341111598021441,31
solar_323806,10,19,10.71954538634036,3.6895665987185797,11.272266890219171,3.4235044352991224,31
solar_323806,10,20,7.929374158844568,2.553972688892121,8.428072594003373,2.211435958152351,31
solar_323806,10,21,3.484429288608259,1.4980574166512126,3.9733033098058614,1.3843834823075891,31
solar_323806,10,22,0.11467505242706637,0.20983005200273425,0.15385414797195515,0.23097844259368436,31
solar_323806,10,23,0.0,0.0,0.0,0.0,31
solar_323806,11,0,0.0,0.0,0.0,0.0,30
solar_323806,11,1,0.0,0.0,0.0,0.0,30
solar_323806,11,2,0.0,0.0,0.0,0.0,30
solar_323806,11,3,0.0,0.0,0.0,0.0,30
solar_323806,11,4,0.0,0.0,0.0,0.0,30
solar_323806,11,5,0.0,0.0,0.0,0.0,30
solar_323806,11,6,0.0,0.0,0.0,0.0,30
solar_323806,11,7,0.0,0.0,0.0,0.0,30
solar_323806,11,8,0.0,0.0,0.0,0.0,30
solar_323806,11,9,0.0,0.0,0.0,0.0,30
solar_323806,11,10,0.0,0.0,0.0,0.0,30
solar_323806,11,11,0.0,0.0,0.0,0.0,30
solar_323806,11,12,0.6784319018408855,0.8166773554234587,0.353614434618794,0.5609716632364304,30
solar_323806,11,13,5.496660607235311,3.2255968638108805,5.447060478853233,3.2202951268154907,30
solar_323806,11,14,8.741652588214107,5.101974014027824,8.935864338367733,4.766548699158798,30
solar_323806,11,15,11.619165959517277,6.00179583868495,11.121634724200739,5.727149524189436,30
solar_323806,11,16,13.331773552010572,5.6477575111997504,12.450412291938136,6.003658395812277,30
solar_323806,11,17,13.843667607483814,5.931738402040087,12.706503118317857,5.67095964192244,30
solar_323806,11,18,12.540458612650562,4.912399549062832,11.675760624838704,5.2748524608385745,30
solar_323806,11,19,10.722414150188827,3.9983517349545106,10.684728546730051,3.8491608494690213,30
solar_323806,11,20,6.569273475042296,2.9656397788380335,7.098100510966651,2.945020434208136,30
solar_323806,11,21,1.2725329797938563,0.8261032996777286,1.7931572812674252,1.0011157675159599,30
solar_323806,11,22,0.0,0.0,0.0,0.0,30
solar_323806,11,23,0.0,0.0,0.0,0.0,30
solar_323806,12,0,0.0,0.0,0.0,0.0,31
solar_323806,12,1,0.0,0.0,0.0,0.0,31
solar_323806,12,2,0.0,0.0,0.0,0.0,31
solar_323806,12,3,0.0,0.0,0.0,0.0,31
solar_323806,12,4,0.0,0.0,0.0,0.0,31
solar_323806,12,5,0.0,0.0,0.0,0.0,31
solar_323806,12,6,0.0,0.0,0.0,0.0,31
solar_323806,12,7,0.0,0.0,0.0,0.0,31
solar_323806,12,8,0.0,0.0,0.0,0.0,31
solar_323806,12,9,0.0,0.0,0.0,0.0,31
solar_323806,12,10,0.0,0.0,0.0,0.0,31
solar_323806,12,11,0.0,0.0,0.0,0.0,31
solar_323806,12,12,0.0,0.0,0.0,0.0,31
solar_323806,12,13,3.3680162824304367,2.9723304462274727,3.6395138760098087,2.718738184036833,31
solar_323806,12,14,7.09478809452977,5.565021993251951,7.573898857210144,5.006146286191142,31
solar_323806,12,15,10.32438524531985,6.550049745453132,9.479510149991249,6.3885731816819815,31
solar_323806,12,16,10.993211327140417,7.412963415130187,11.068309575153451,6.676706461446757,31
solar_323806,12,17,11.861678499754227,7.219267810045925,11.75781341932659,6.49697743628169,31
solar_323806,12,18,9.875111466211434,6.966003580416423,10.37512186892545,5.990375912597883,31
solar_323806,12,19,9.136841439395866,5.709460105966977,8.293843409774139,5.673041971242335,31
solar_323806,12,20,6.423782187709152,3.8801185695123985,6.157205438033921,3.8871414408618405,31
solar_323806,12,21,0.810236430159167,0.8263393257467901,1.2167038917618214,1.1870909802939655,31
solar_323806,12,22,0.0,0.0,0.0,0.0,31
solar_323806,12,23,0.0,0.0,0.0,0.0,31
solar_323808,1,0,0.0,0.0,0.0,0.0,31
solar_323808,1,1,0.0,0.0,0.0,0.0,31
solar_323808,1,2,0.0,0.0,0.0,0.0,31
solar_323808,1,3,0.0,0.0,0.0,0.0,31
solar_323808,1,4,0.0,0.0,0.0,0.0,31
solar_323808,1,5,0.0,0.0,0.0,0.0,31
solar_323808,1,6,0.0,0.0,0.0,0.0,31
solar_323808,1,7,0.0,0.0,0.0,0.0,31
solar_323808,1,8,0.0,0.0,0.0,0.0,31
solar_323808,1,9,0.0,0.0,0.0,0.0,31
solar_323808,1,10,0.0,0.0,0.0,0.0,31
solar_323808,1,11,0.0,0.0,0.0,0.0,31
solar_323808,1,12,0.0,0.0,0.0,0.0,31
solar_323808,1,13,0.9735653926686767,1.4673625547615834,0.8712180392526097,0.8341304577828084,31
solar_323808,1,14,2.85968268583296,3.5121784597001406,3.8223678781869537,3.180734281216217,31
solar_323808,1,15,4.5117360301622895,4.8974183876152475,5.504097631445244,4.437596555127119,31
solar_323808,1,16,4.966212389743661,5.615598455462193,6.0005714912004535,4.669401268188817,31
solar_323808,1,17,4.288169115935038,5.401050048753861,7.3326302002717965,4.630531814363723,31
solar_323808,1,18,4.0420955092695,5.254804478884663,6.878896722541672,5.0964250712053305,31
solar_323808,1,19,3.8770719617610654,5.170515233369929,5.201891890939563,4.0031823280877905,31
solar_323808,1,20,2.1267113786261724,3.1378059629010884,3.4723704981333805,2.829875923966624,31
solar_323808,1,21,1.6142314834449931,2.2636966030829746,1.7848436836484827,1.7327751271332552,31
solar_323808,1,22,0.001589919734954261,0.00633727833102191,0.019051327218890458,0.05546249655403506,31
solar_323808,1,23,0.0,0.0,0.0,0.0,31
solar_323808,2,0,0.0,0.0,0.0,0.0,29
solar_323808,2,1,0.0,0.0,0.0,0.0,29
solar_323808,2,2,0.0,0.0,0.0,0.0,29
solar_323808,2,3,0.0,0.0,0.0,0.0,29
solar_323808,2,4,0.0,0.0,0.0,0.0,29
solar_323808,2,5,0.0,0.0,0.0,0.0,29
solar_323808,2,6,0.0,0.0,0.0,0.0,29
solar_323808,2,7,0.0,0.0,0.0,0.0,29
solar_323808,2,8,0.0,0.0,0.0,0.0,29
solar_323808,2,9,0.0,0.0,0.0,0.0,29
solar_323808,2,10,0.0,0.0,0.0,0.0,29
solar_323808,2,11,0.0,0.0,0.0,0.0,29
solar_323808,2,12,0.060740546597937324,0.14507201645477444,0.0,0.0,29
solar_323808,2,13,3.1352075502432624,2.351556779736889,2.9858506811305796,2.191885016624257,29
solar_323808,2,14,5.859923460156355,4.298403950574058,5.929754703507238,3.689011655581956,29
solar_323808,2,15,8.38275152563508,5.901499959187489,9.351340152953245,4.776860627710139,29
solar_323808,2,16,9.759284069930997,6.51377036613195,10.288680807550246,5.1055557505121225,29
solar_323808,2,17,10.302205947263026,7.313306871612152,10.1291518205993,5.436694923149829,29
solar_323808,2,18,10.285928892479106,6.905417251466762,10.087201826099475,5.549450081289892,29
solar_323808,2,19,8.05287693876833,6.3268971711151565,9.083524566122373,4.794104598933018,29
solar_323808,2,20,7.049594952961948,5.046505896472471,6.949414570031403,4.48961991721072,29
solar_323808,2,21,4.867272189764693,3.395419704013742,4.471327948982584,3.0688284002282145,29
solar_323808,2,22,1.3036421322264735,1.2381638720613728,1.4596086037564944,1.2701619737697536,29
solar_323808,2,23,0.0,0.0,0.0,0.0,29
solar_323808,3,0,0.0,0.0,0.0,0.0,31
solar_323808,3,1,0.0,0.0,0.0,0.0,31
solar_323808,3,2,0.0,0.0,0.0,0.0,31
solar_323808,3,3,0.0,0.0,0.0,0.0,31
solar_323808,3,4,0.0,0.0,0.0,0.0,31
solar_323808,3,5,0.0,0.0,0.0,0.0,31
solar_323808,3,6,0.0,0.0,0.0,0.0,31
solar_323808,3,7,0.0,0.0,0.0,0.0,31
solar_323808,3,8,0.0,0.0,0.0,0.0,31
solar_323808,3,9,0.0,0.0,0.0,0.0,31
solar_323808,3,10,0.0,0.0,0.0,0.0,31
solar_323808,3,11,0.007593529429595259,0.024728964377899905,0.0,0.0,31
solar_323808,3,12,1.2795525400832166,1.0761070109441733,1.2577697140432686,1.106680935954713,31
solar_323808,3,13,4.371032349367136,2.934016832210366,3.7579226924384694,2.529010807855324,31
solar_323808,3,14,6.388971815001632,4.373919575909868,6.298854162093423,3.9190721175839585,31
solar_323808,3,15,7.015466283064505,5.747422520015738,7.8654462336917765,4.769550193600758,31
solar_323808,3,16,7.118828914933523,6.523275582693491,9.653715379933058,5.465741110942047,31
solar_323808,3,17,6.850579502080426,7.0867272951800055,10.114427444407143,5.829528151399619,31
solar_323808,3,18,7.155580503911742,6.840154171386724,9.757812944364126,6.307963594735497,31
solar_323808,3,19,6.575227106674796,6.289120812477499,7.785398641677071,5.530757340025148,31
solar_323808,3,20,5.8554995350287165,5.189937872873913,5.777637623261425,4.5036588658391965,31
solar_323808,3,21,3.9364238869886585,3.5025097525004556,4.025319634603659,2.910201597597606,31
solar_323808,3,22,2.0753798046269876,1.6388703642238454,2.1187482919646246,1.4347543005190035,31
solar_323808,3,23,0.11575060605846427,0.17411983850267163,0.16553315868555898,0.1837182031343224,31
solar_323808,4,0,0.0,0.0,0.0,0.0,30
solar_323808,4,1,0.0,0.0,0.0,0.0,30
solar_323808,4,2,0.0,0.0,0.0,0.0,30
solar_323808,4,3,0.0,0.0,0.0,0.0,30
solar_323808,4,4,0.0,0.0,0.0,0.0,30
solar_323808,4,5,0.0,0.0,0.0,0.0,30
solar_323808,4,6,0.0,0.0,0.0,0.0,30
solar_323808,4,7,0.0,0.0,0.0,0.0,30
solar_323808,4,8,0.0,0.0,0.0,0.0,30
solar_323808,4,9,0.0,0.0,0.0,0.0,30
solar_323808,4,10,0.0,0.0,0.0,0.0,30
solar_323808,4,11,0.3932134191417364,0.30421071886712187,0.47071285212268943,0.31430419895280365,30
solar_323808,4,12,2.579130192315237,1.67563454989621,2.82488600812695,1.3511236233096107,30
solar_323808,4,13,5.0390107709225544,3.6049674617136116,5.312775204339662,2.619758740120092,30
solar_323808,4,14,6.633163743268961,5.0864213505169715,6.753719987251011,4.431391200384504,30
solar_323808,4,15,7.968169976416582,6.232352104601695,8.761691802486395,4.657604949139042,30
solar_323808,4,16,8.409931836675717,6.541845414216248,9.116273654708355,5.00501088378877,30
solar_323808,4,17,7.581739250724014,6.780879775032613,9.096295310970794,5.508295710541966,30
solar_323808,4,18,6.59014154688335,6.866756208928993,8.657346256613149,5.185519819074433,30
solar_323808,4,19,6.101129306898954,6.193226827075032,6.966835453338187,5.050496145655911,30
solar_323808,4,20,5.702221850013414,4.75384443901277,5.863667941573894,4.067532639939877,30
solar_323808,4,21,3.800815022890218,3.693433827573318,3.9875632149819187,3.025556910507687,30
solar_323808,4,22,1.9582535148012559,1.886346313516061,2.2541124799525813,1.6133915473365645,30
solar_323808,4,23,0.5125688761280179,0.34925646360834484,0.5521319640278868,0.25725600483174993,30
solar_323808,5,0,0.15554377912639297,0.1634790969164223,0.18667906996521325,0.1466276009083088,31
solar_323808,5,1,0.0,0.0,0.0,0.0,31
solar_323808,5,2,0.0,0.0,0.0,0.0,31
solar_323808,5,3,0.0,0.0,0.0,0.0,31
solar_323808,5,4,0.0,0.0,0.0,0.0,31
solar_323808,5,5,0.0,0.0,0.0,0.0,31
solar_323808,5,6,0.0,0.0,0.0,0.0,31
solar_323808,5,7,0.0,0.0,0.0,0.0,31
solar_323808,5,8,0.0,0.0,0.0,0.0,31
solar_323808,5,9,0.0,0.0,0.0,0.0,31
solar_323808,5,10,0.1822635848052138,0.16233948709752238,0.1316165266989252,0.16630093310835906,31
solar_323808,5,11,0.731672198093739,0.41097638913978907,0.8793139084178139,0.3244492522826497,31
solar_323808,5,12,2.9968092819333387,1.6954009356864777,3.2366323803645134,1.248294356645982,31
solar_323808,5,13,5.6131034665517925,2.9523965054253334,5.744538798494137,2.446639235955282,31
solar_323808,5,14,7.041569588868557,4.430442347398186,8.074962310499146,3.4700400230507182,31
solar_323808,5,15,8.873052596100095,4.82464278368456,10.090579073313318,4.5775766295013085,31
solar_323808,5,16,9.434975633556379,5.9049505990884175,10.161288309981765,5.433192390745588,31
solar_323808,5,17,9.86507621855171,6.2170376606364535,10.826992028560188,5.565567895244411,31
solar_323808,5,18,9.813161648309093,5.338680291490756,9.619602642979222,5.325648084358275,31
solar_323808,5,19,8.945411016131478,5.088259157484328,9.138920780151604,4.486925897866169,31
solar_323808,5,20,7.066979896611224,4.173915155553378,7.5272244630140674,4.138177666258364,31
solar_323808,5,21,5.234631826620187,3.1886747648885048,5.787342088616621,2.4950654010498585,31
solar_323808,5,22,3.0974817279402007,1.5674300704534077,3.1261455144077304,1.3529131969337767,31
solar_323808,5,23,0.9198693993080876,0.37699220332543126,0.8662944876378919,0.2932838994166352,31
solar_323808,6,0,0.44673757892384525,0.184981611616953,0.4559352770319317,0.14656136282772814,30
solar_323808,6,1,0.0,0.0,0.0,0.0,30
solar_323808,6,2,0.0,0.0,0.0,0.0,30
solar_323808,6,3,0.0,0.0,0.0,0.0,30
solar_323808,6,4,0.0,0.0,0.0,0.0,30
solar_323808,6,5,0.0,0.0,0.0,0.0,30
solar_323808,6,6,0.0,0.0,0.0,0.0,30
solar_323808,6,7,0.0,0.0,0.0,0.0,30
solar_323808,6,8,0.0,0.0,0.0,0.0,30
solar_323808,6,9,0.0,0.0,0.0,0.0,30
solar_323808,6,10,0.3414779153468736,0.14753955656984016,0.3509542240365976,0.1349698592414359,30
solar_323808,6,11,0.800118575765211,0.3900548996399518,1.0209865797218078,0.32357495839779293,30
solar_323808,6,12,3.220026506563543,1.4204201111722872,3.4240606686952484,1.0880630316699744,30
solar_323808,6,13,5.7145106472510285,2.8224095744230855,6.037096978623845,1.8685923687987394,30
solar_323808,6,14,8.092921569291802,3.7727364690321363,8.022818816165229,2.9518483753318856,30
solar_323808,6,15,9.377401888280222,4.076678392794352,9.959316665249766,3.68692259444598,30
solar_323808,6,16,9.938708037850827,4.790834827653436,10.96603142152568,3.7976509418590148,30
solar_323808,6,17,10.329939430995475,5.245879636343443,10.898937218479789,4.152316471138635,30
solar_323808,6,18,9.902980251234862,4.7869368987954175,10.352288433336557,4.13980120502231,30
solar_323808,6,19,9.029887106703871,4.6958720177340965,8.80687517558611,4.1016321449429665,30
solar_323808,6,20,6.8057226588524395,3.9183636223978455,7.2450769057155116,3.3139174317108697,30
solar_323808,6,21,5.371553728196242,2.956270427094041,6.027679355487611,2.0069760311950406,30
solar_323808,6,22,3.436696350732411,1.4549782043411565,3.6513609147176647,1.2523534698618317,30
solar_323808,6,23,1.1227318298107858,0.4607969200195555,1.1307128692084933,0.401752408520786,30
solar_323808,7,0,0.40242893850964095,0.19378174839944223,0.39468906722031055,0.16431534595366765,31
solar_323808,7,1,0.0,0.0,0.0,0.0,31
solar_323808,7,2,0.0,0.0,0.0,0.0,31
solar_323808,7,3,0.0,0.0,0.0,0.0,31
solar_323808,7,4,0.0,0.0,0.0,0.0,31
solar_323808,7,5,0.0,0.0,0.0,0.0,31
solar_323808,7,6,0.0,0.0,0.0,0.0,31
solar_323808,7,7,0.0,0.0,0.0,0.0,31
solar_323808,7,8,0.0,0.0,0.0,0.0,31
solar_323808,7,9,0.0,0.0,0.0,0.0,31
solar_323808,7,10,0.18361839562107524,0.13472392088783042,0.10788521848433029,0.14670520019839156,31
solar_323808,7,11,0.8373372276563513,0.2851788974565702,1.002012993839902,0.21084025038204476,31
solar_323808,7,12,3.0616752921034496,1.124952401816963,3.1378212140243145,0.8728533257669804,31
solar_323808,7,13,5.982586251776124,1.7393056127240987,6.189266525735524,1.4689840132573135,31
solar_323808,7,14,7.897540991153623,3.564021146002348,8.441228278279088,2.340805270287645,31
solar_323808,7,15,10.102933578783011,3.9689132344750764,9.981243706007128,3.153038650416536,31
solar_323808,7,16,11.219803850458991,3.3302305662158775,10.187948027306149,4.64056677898505,31
solar_323808,7,17,11.554775571840045,3.8398481259773294,10.007702323338586,4.575485030916912,31
solar_323808,7,18,11.259049306032766,3.683870694722296,10.83466575764587,4.275665131740438,31
solar_323808,7,19,10.420132217343815,3.39318410695143,10.172003785825764,3.253166906203152,31
solar_323808,7,20,8.26649290306345,3.3286306217562522,9.034917021427415,2.5705150055771484,31
solar_323808,7,21,6.203213330580075,2.831002802769984,6.721964488012771,1.9837112325509039,31
solar_323808,7,22,3.717372157777045,1.5814558300641521,3.9550184128658956,1.25732221391896,31
solar_323808,7,23,1.2129102378776604,0.52636667080616,1.2947220832576694,0.24195579403538559,31
solar_323808,8,0,0.03644513774035151,0.08526804049336231,0.055734190218437944,0.09609897193132029,31
solar_323808,8,1,0.0,0.0,0.0,0.0,31
solar_323808,8,2,0.0,0.0,0.0,0.0,31
solar_323808,8,3,0.0,0.0,0.0,0.0,31
solar_323808,8,4,0.0,0.0,0.0,0.0,31
solar_323808,8,5,0.0,0.0,0.0,0.0,31
solar_323808,8,6,0.0,0.0,0.0,0.0,31
solar_323808,8,7,0.0,0.0,0.0,0.0,31
solar_323808,8,8,0.0,0.0,0.0,0.0,31
solar_323808,8,9,0.0,0.0,0.0,0.0,31
solar_323808,8,10,0.0,0.0,0.0,0.0,31
solar_323808,8,11,0.5193937239021584,0.24535366363951683,0.6006381134642885,0.24720211719164586,31
solar_323808,8,12,2.5915017178500195,1.2481272349910666,2.560334512466853,1.0787482369421464,31
solar_323808,8,13,5.428140490566505,2.4254602387790367,5.111786889876461,2.3014541692881796,31
solar_323808,8,14,7.332572601613868,3.948279566629786,7.1753245851578065,3.3537545310556043,31
solar_323808,8,15,8.385955696417417,4.728274424093525,8.741453758535014,4.115759801159016,31
solar_323808,8,16,8.443827524129398,5.246902639387892,9.264502059926036,4.93580597280615,31
solar_323808,8,17,8.317926210367498,5.857821875223325,9.779434239045056,4.969150615115735,31
solar_323808,8,18,7.825669779072208,5.932704886837714,9.495224113038926,4.914544221372114,31
solar_323808,8,19,6.606995271460043,5.070054239179382,9.17135615358245,3.9809793331257852,31
solar_323808,8,20,5.864690539037319,4.377768630130807,6.439244251199008,3.9910253118954393,31
solar_323808,8,21,4.82089573679752,3.1028398175272547,5.032934660277695,2.6512709830863352,31
solar_323808,8,22,2.8258931507889424,1.6505922318616373,2.725074045280417,1.6078889030187908,31
solar_323808,8,23,0.7626961927327918,0.4525032389445232,0.8451490377756495,0.3762296908955361,31
solar_323808,9,0,0.0,0.0,0.0,0.0,30
solar_323808,9,1,0.0,0.0,0.0,0.0,30
solar_323808,9,2,0.0,0.0,0.0,0.0,30
solar_323808,9,3,0.0,0.0,0.0,0.0,30
solar_323808,9,4,0.0,0.0,0.0,0.0,30
solar_323808,9,5,0.0,0.0,0.0,0.0,30
solar_323808,9,6,0.0,0.0,0.0,0.0,30
solar_323808,9,7,0.0,0.0,0.0,0.0,30
solar_323808,9,8,0.0,0.0,0.0,0.0,30
solar_323808,9,9,0.0,0.0,0.0,0.0,30
solar_323808,9,10,0.0,0.0,0.0,0.0,30
solar_323808,9,11,0.1622655309096442,0.16845146844551612,0.08341973103364993,0.1673416704596852,30
solar_323808,9,12,2.4972363012023964,1.24862582605182,2.2922798175849093,1.1939559490303424,30
solar_323808,9,13,5.814675625271096,2.726217345528927,5.302778981117147,2.500915577955698,30
solar_323808,9,14,7.986559364127379,4.116665889880813,7.5752705714350155,3.8171967131117883,30
solar_323808,9,15,9.736149927653088,4.882828549511358,9.433446532080334,4.911587935397595,30
solar_323808,9,16,10.885181268469008,5.876528092430117,11.129571514092719,5.043689931825411,30
solar_323808,9,17,10.942265848619265,5.8179231305323205,11.376590164734544,5.33943921767152,30
solar_323808,9,18,11.238200373018577,5.114813330109416,10.888728265399942,5.204935689306599,30
solar_323808,9,19,10.426018574062072,4.262500249253323,9.710559905317867,4.42545355086382,30
solar_323808,9,20,8.229874742134205,3.377140637364517,7.791851518471089,3.4900374344142837,30
solar_323808,9,21,5.264326416777174,2.641999377768914,4.996505810787161,2.447651383212507,30
solar_323808,9,22,1.9947435074185966,1.3666822213497951,2.3662631870653934,1.097624787179967,30
solar_323808,9,23,0.1367749028860186,0.20330931062166516,0.1792770636430556,0.2189961755395709,30
solar_323808,10,0,0.0,0.0,0.0,0.0,31
solar_323808,10,1,0.0,0.0,0.0,0.0,31
solar_323808,10,2,0.0,0.0,0.0,0.0,31
solar_323808,10,3,0.0,0.0,0.0,0.0,31
solar_323808,10,4,0.0,0.0,0.0,0.0,31
solar_323808,10,5,0.0,0.0,0.0,0.0,31
solar_323808,10,6,0.0,0.0,0.0,0.0,31
solar_323808,10,7,0.0,0.0,0.0,0.0,31
solar_323808,10,8,0.0,0.0,0.0,0.0,31
solar_323808,10,9,0.0,0.0,0.0,0.0,31
solar_323808,10,10,0.0,0.0,0.0,0.0,31
solar_323808,10,11,0.0,0.0,0.0,0.0,31
solar_323808,10,12,1.3551722332002314,0.8580601842255722,1.1668760491214822,0.9163865916466235,31
solar_323808,10,13,5.349918632121491,2.493059669973333,5.100112456827882,2.492102701723586,31
solar_323808,10,14,7.905418003753347,3.6227641543841984,7.610408444747943,4.035470957680086,31
solar_323808,10,15,11.039022179933006,4.24153157942657,9.753296709309366,4.566459392683153,31
solar_323808,10,16,10.54451235521358,5.577314152382768,11.184003470024134,4.638060363688054,31
solar_323808,10,17,11.232289463245888,5.553951906026677,11.357806557692253,4.586228878781279,31
solar_323808,10,18,11.006740352409487,4.94089820937319,10.86510028151112,4.745470775424051,31
solar_323808,10,19,9.170154049710995,4.656686968901313,9.372000754782562,3.95340460173926,31
solar_323808,10,20,7.0449644055787,3.2148175400722696,7.123869663009848,3.07560013937592,31
solar_323808,10,21,3.8112047503904374,1.766500233100767,3.907654245598157,1.751020328889513,31
solar_323808,10,22,0.2872795766082822,0.42619510510733744,0.318136664554667,0.4333617486051839,31
solar_323808,10,23,0.0,0.0,0.0,0.0,31
solar_323808,11,0,0.0,0.0,0.0,0.0,30
solar_323808,11,1,0.0,0.0,0.0,0.0,30
solar_323808,11,2,0.0,0.0,0.0,0.0,30
solar_323808,11,3,0.0,0.0,0.0,0.0,30
solar_323808,11,4,0.0,0.0,0.0,0.0,30
solar_323808,11,5,0.0,0.0,0.0,0.0,30
solar_323808,11,6,0.0,0.0,0.0,0.0,30
solar_323808,11,7,0.0,0.0,0.0,0.0,30
solar_323808,11,8,0.0,0.0,0.0,0.0,30
solar_323808,11,9,0.0,0.0,0.0,0.0,30
solar_323808,11,10,0.0,0.0,0.0,0.0,30
solar_323808,11,11,0.0,0.0,0.0,0.0,30
solar_323808,11,12,0.06201875011778167,0.10362285699488333,0.0,0.0,30
solar_323808,11,13,2.6867064106807805,2.4673064025562645,2.743401083326306,2.244827493309144,30
solar_323808,11,14,5.643870582819413,4.448783607013761,5.47704072032497,4.1698306357264014,30
solar_323808,11,15,7.060747614419257,5.445905954112871,7.379624031099301,4.921810018519945,30
solar_323808,11,16,8.15956839310322,6.133153338900983,8.81416266081209,5.668734686439904,30
solar_323808,11,17,8.870559729419941,6.423690060382759,9.110475840024359,5.0057995758276395,30
solar_323808,11,18,8.5693381946901,5.726882706117188,7.484440851855944,4.910169336424711,30
solar_323808,11,19,5.663251840508905,5.063488292887039,6.640988342069832,4.004466455775446,30
solar_323808,11,20,4.524957067383765,3.5440096031314634,3.8871032361139135,3.0166190437210023,30
solar_323808,11,21,1.44062895005052,1.1680744999576729,1.5123093229637228,1.2531636154962749,30
solar_323808,11,22,0.0,0.0,0.0,0.0,30
solar_323808,11,23,0.0,0.0,0.0,0.0,30
solar_323808,12,0,0.0,0.0,0.0,0.0,31
solar_323808,12,1,0.0,0.0,0.0,0.0,31
solar_323808,12,2,0.0,0.0,0.0,0.0,31
solar_323808,12,3,0.0,0.0,0.0,0.0,31
solar_323808,12,4,0.0,0.0,0.0,0.0,31
solar_323808,12,5,0.0,0.0,0.0,0.0,31
solar_323808,12,6,0.0,0.0,0.0,0.0,31
solar_323808,12,7,0.0,0.0,0.0,0.0,31
solar_323808,12,8,0.0,0.0,0.0,0.0,31
solar_323808,12,9,0.0,0.0,0.0,0.0,31
solar_323808,12,10,0.0,0.0,0.0,0.0,31
solar_323808,12,11,0.0,0.0,0.0,0.0,31
solar_323808,12,12,0.0,0.0,0.0,0.0,31
solar_323808,12,13,1.372531849613476,1.4361563073552353,0.8570181775652828,0.8149660311008997,31
solar_323808,12,14,4.087398630545395,3.957538897758885,4.098931847434813,3.2747137088833016,31
solar_323808,12,15,5.843490803907416,5.524426328274277,6.062079761563127,4.663409654325871,31
solar_323808,12,16,5.942708177756305,6.099234082472753,7.027178610838316,4.948501812402223,31
solar_323808,12,17,5.582591108847276,5.872161649956557,6.534106653220589,4.8202397734512665,31
solar_323808,12,18,4.546138353305449,5.790095482599144,6.839179126766047,4.360777782454725,31
solar_323808,12,19,4.617774545738986,4.964769985846651,4.913035505828028,3.8869895135384587,31
solar_323808,12,20,3.0296217750335623,3.509405538734389,3.9276216346768065,2.9747584538270213,31
solar_323808,12,21,0.8418279444817468,0.9235654521733011,1.1854842675663226,1.0301790945800438,31
solar_323808,12,22,0.0,0.0,0.0,0.0,31
solar_323808,12,23,0.0,0.0,0.0,0.0,31
solar_323809,1,0,0.0,0.0,0.0,0.0,31
solar_323809,1,1,0.0,0.0,0.0,0.0,31
solar_323809,1,2,0.0,0.0,0.0,0.0,31
solar_323809,1,3,0.0,0.0,0.0,0.0,31
solar_323809,1,4,0.0,0.0,0.0,0.0,31
solar_323809,1,5,0.0,0.0,0.0,0.0,31
solar_323809,1,6,0.0,0.0,0.0,0.0,31
solar_323809,1,7,0.0,0.0,0.0,0.0,31
solar_323809,1,8,0.0,0.0,0.0,0.0,31
solar_323809,1,9,0.0,0.0,0.0,0.0,31
solar_323809,1,10,0.0,0.0,0.0,0.0,31
solar_323809,1,11,0.0,0.0,0.0,0.0,31
solar_323809,1,12,0.0,0.0,0.0,0.0,31
solar_323809,1,13,1.2095714282297054,1.5625996204085997,0.7491543172318533,0.8171445807979892,31
solar_323809,1,14,3.3095239723696674,3.742377974614343,3.1104979281428213,2.9158373237762976,31
solar_323809,1,15,4.6527769135333745,4.795085503128917,4.931285643693459,4.135554008940407,31
solar_323809,1,16,4.498145680072022,5.531928430418521,6.366635937264614,4.555208092205621,31
solar_323809,1,17,4.192956648111789,5.49097691049631,6.23258224504115,4.823790699388709,31
solar_323809,1,18,4.113409336599688,5.284760182401449,5.431440927394574,4.873567385295167,31
solar_323809,1,19,3.6764490407209784,4.693957684030591,5.139570951524149,4.108387114967911,31
solar_323809,1,20,2.26350797958189,3.197481698513822,3.163312038191615,3.0981161077673254,31
solar_323809,1,21,1.3498968606051402,2.0656184999009417,1.5484704153311772,1.6148210067155644,31
solar_323809,1,22,0.0009356642139821678,0.0036572346585309434,0.012182231476392169,0.03431891780501296,31
solar_323809,1,23,0.0,0.0,0.0,0.0,31
solar_323809,2,0,0.0,0.0,0.0,0.0,29
solar_323809,2,1,0.0,0.0,0.0,0.0,29
solar_323809,2,2,0.0,0.0,0.0,0.0,29
solar_323809,2,3,0.0,0.0,0.0,0.0,29
solar_323809,2,4,0.0,0.0,0.0,0.0,29
solar_323809,2,5,0.0,0.0,0.0,0.0,29
solar_323809,2,6,0.0,0.0,0.0,0.0,29
solar_323809,2,7,0.0,0.0,0.0,0.0,29
solar_323809,2,8,0.0,0.0,0.0,0.0,29
solar_323809,2,9,0.0,0.0,0.0,0.0,29
solar_323809,2,10,0.0,0.0,0.0,0.0,29
solar_323809,2,11,0.0,0.0,0.0,0.0,29
solar_323809,2,12,0.0713756382713765,0.168612460443812,0.0,0.0,29
solar_323809,2,13,3.140708492752907,2.458612115517313,2.791788382989902,1.9363556286795047,29
solar_323809,2,14,6.1405269652448204,4.364631783969255,5.420858458042201,3.5353619334446242,29
solar_323809,2,15,9.077933134073891,5.607212595672617,7.775388017060726,4.6625732525424235,29
solar_323809,2,16,10.243927383070382,6.633829370160628,10.195550549381016,4.972755248038572,29
solar_323809,2,17,9.746487036206439,6.9861412326357835,10.34507686708574,5.305885913301979,29
solar_323809,2,18,10.850686946858135,6.762186597696924,10.239068793785787,5.678654389114407,29
solar_323809,2,19,8.629538326379075,6.242372275132072,8.377892373605237,4.609640917109232,29
solar_323809,2,20,7.656883790545821,4.393625719007067,6.438450321707506,4.130683758699398,29
solar_323809,2,21,5.025183821939036,3.450635634592999,4.3974007746903725,2.8772457037041814,29
solar_323809,2,22,1.1931392273759476,1.1754537060420998,1.2740639336439488,1.3117558171149648,29
solar_323809,2,23,0.0,0.0,0.0,0.0,29
solar_323809,3,0,0.0,0.0,0.0,0.0,31
solar_323809,3,1,0.0,0.0,0.0,0.0,31
solar_323809,3,2,0.0,0.0,0.0,0.0,31
solar_323809,3,3,0.0,0.0,0.0,0.0,31
solar_323809,3,4,0.0,0.0,0.0,0.0,31
solar_323809,3,5,0.0,0.0,0.0,0.0,31
solar_323809,3,6,0.0,0.0,0.0,0.0,31
solar_323809,3,7,0.0,0.0,0.0,0.0,31
solar_323809,3,8,0.0,0.0,0.0,0.0,31
solar_323809,3,9,0.0,0.0,0.0,0.0,31
solar_323809,3,10,0.0,0.0,0.0,0.0,31
solar_323809,3,11,0.009931818587279923,0.028829818544269227,0.0,0.0,31
solar_323809,3,12,1.4447173424480522,1.1578920028660564,1.2493097984502275,1.0102117023971162,31
solar_323809,3,13,4.53233177346585,2.9601740331591997,3.8308198458797293,2.811324539949374,31
solar_323809,3,14,6.80771348009826,4.324087304751456,5.941057469287126,3.9365114629296607,31
solar_323809,3,15,7.401759798384843,5.529564540172504,7.583615951275182,4.913926626175861,31
solar_323809,3,16,7.029386350077548,6.497117997983708,8.953112700411946,5.486675563683674,31
solar_323809,3,17,7.613161542231573,7.135628837160045,9.455972357143567,5.977882375979739,31
solar_323809,3,18,7.587018044138068,7.11486625408511,9.345102913866027,6.128110409617557,31
solar_323809,3,19,6.302518880546483,6.438500024170099,7.692051166508843,5.284004338231176,31
solar_323809,3,20,6.092691676756536,5.3478336042377155,6.191404208101807,4.540355953520195,31
solar_323809,3,21,4.06754654822181,3.5756847813223938,4.249542339812032,2.9940198613631814,31
solar_323809,3,22,1.9262389428301827,1.6850884954577934,2.103988242636392,1.4666104990973134,31
solar_323809,3,23,0.11204362208212632,0.16960447187182018,0.15262969911322252,0.18232321316763417,31
solar_323809,4,0,0.0,0.0,0.0,0.0,30
solar_323809,4,1,0.0,0.0,0.0,0.0,30
solar_323809,4,2,0.0,0.0,0.0,0.0,30
solar_323809,4,3,0.0,0.0,0.0,0.0,30
solar_323809,4,4,0.0,0.0,0.0,0.0,30
solar_323809,4,5,0.0,0.0,0.0,0.0,30
solar_323809,4,6,0.0,0.0,0.0,0.0,30
solar_323809,4,7,0.0,0.0,0.0,0.0,30
solar_323809,4,8,0.0,0.0,0.0,0.0,30
solar_323809,4,9,0.0,0.0,0.0,0.0,30
solar_323809,4,10,0.0,0.0,0.0,0.0,30
solar_323809,4,11,0.4051364713908529,0.28251848871199947,0.47363057335413966,0.2641140333147674,30
solar_323809,4,12,2.7439531912283104,1.6589340832320132,2.5002736952481492,1.471644427029678,30
solar_323809,4,13,5.117114885488626,3.572236579907843,4.814319432261121,3.0531253920175727,30
solar_323809,4,14,6.17889167854627,4.927564076011142,6.86917550055785,4.282347573466888,30
solar_323809,4,15,8.057574451772217,6.086530803076451,8.514604143888588,4.6148514126413085,30
solar_323809,4,16,9.016136469950252,6.496340954937849,9.118792135580865,5.312813432941635,30
solar_323809,4,17,7.332965101802115,6.5597208340601565,8.988039266396965,5.435852355347376,30
solar_323809,4,18,6.052279964797287,7.033487855016322,8.066952297371733,5.658810471199909,30
solar_323809,4,19,5.683107723021329,6.019682292841505,6.363982494706049,5.361076198140317,30
solar_323809,4,20,5.175104227043891,4.902943378725328,5.406408090077999,3.996400678677906,30
solar_323809,4,21,4.161472223788351,3.3665457401692427,3.813257437347944,2.9719021593002855,30
solar_323809,4,22,2.1231919595686346,1.6727868589052979,2.180031759540854,1.6412608389884011,30
solar_323809,4,23,0.4660906651265258,0.31756187391841406,0.4765602932849073,0.2870107847035497,30
solar_323809,5,0,0.15123775932526487,0.1542124260471029,0.16547764524277267,0.14156189337436936,31
solar_323809,5,1,0.0,0.0,0.0,0.0,31
solar_323809,5,2,0.0,0.0,0.0,0.0,31
solar_323809,5,3,0.0,0.0,0.0,0.0,31
solar_323809,5,4,0.0,0.0,0.0,0.0,31
solar_323809,5,5,0.0,0.0,0.0,0.0,31
solar_323809,5,6,0.0,0.0,0.0,0.0,31
solar_323809,5,7,0.0,0.0,0.0,0.0,31
solar_323809,5,8,0.0,0.0,0.0,0.0,31
solar_323809,5,9,0.0,0.0,0.0,0.0,31
solar_323809,5,10,0.18043208616871032,0.16054614267947537,0.13581187147858706,0.1668100926346251,31
solar_323809,5,11,0.7281613243071291,0.4179255406315759,0.8007653278410238,0.3675051509657963,31
solar_323809,5,12,3.001026072872553,1.6495218865148904,3.3356968035236925,1.2227486314724765,31
solar_323809,5,13,5.215839923961016,3.237648306524763,5.8831245047287375,2.496669315183705,31
solar_323809,5,14,7.49936836845515,4.191128773564006,7.962061239988328,3.578174718801867,31
solar_323809,5,15,8.958936049294392,4.948252681634904,10.042747007581404,4.78598710651933,31
solar_323809,5,16,9.158099231039385,5.991288020406154,11.185416468525212,4.709118247004944,31
solar_323809,5,17,10.025221322777217,6.057531596021308,10.86004053735978,5.028902623015142,31
solar_323809,5,18,9.606681867531337,5.763708912927079,9.881265610062403,5.0960094199747346,31
solar_323809,5,19,8.93845669216973,4.750936365412222,9.137964751666905,4.423567966619076,31
solar_323809,5,20,7.104917601740436,4.234850220734831,7.694335576379669,3.7586916142435363,31
solar_323809,5,21,5.195923467365808,3.0708080169693686,5.357054457892409,2.671495123905948,31
solar_323809,5,22,3.3082153960468235,1.310838752727391,3.0288338208843233,1.378314121515905,31
solar_323809,5,23,0.8566129527076072,0.37187366587167653,0.8659120272601619,0.32603187454968713,31
solar_323809,6,0,0.45189639865441045,0.16367292896650534,0.4553702002583171,0.12749498547422713,30
solar_323809,6,1,0.0,0.0,0.0,0.0,30
solar_323809,6,2,0.0,0.0,0.0,0.0,30
solar_323809,6,3,0.0,0.0,0.0,0.0,30
solar_323809,6,4,0.0,0.0,0.0,0.0,30
solar_323809,6,5,0.0,0.0,0.0,0.0,30
solar_323809,6,6,0.0,0.0,0.0,0.0,30
solar_323809,6,7,0.0,0.0,0.0,0.0,30
solar_323809,6,8,0.0,0.0,0.0,0.0,30
solar_323809,6,9,0.0,0.0,0.0,0.0,30
solar_323809,6,10,0.3417974912863183,0.14404936393230572,0.37519006258183435,0.11584274461569291,30
solar_323809,6,11,0.9616747581015626,0.38791821807092847,1.0230633549831203,0.2850430027038655,30
solar_323809,6,12,3.167850616047843,1.3772295185412349,3.3175461575808325,0.9880353390919819,30
solar_323809,6,13,6.024442325050541,2.442544316502962,5.680787898054349,2.2134011781561456,30
solar_323809,6,14,7.793494025108148,3.7656498073561804,7.778830295577581,3.391650691884049,30
solar_323809,6,15,9.320404146982058,4.237839910254327,10.190158024763377,3.2068913820304035,30
solar_323809,6,16,9.668001193494115,4.508535605559995,11.014176104470387,3.8202790555729664,30
solar_323809,6,17,9.559592177260713,5.299512851172125,10.425385544155601,4.477459769449162,30
solar_323809,6,18,9.738064486661633,4.549087925760457,10.103026115122843,4.382233448337936,30
solar_323809,6,19,9.216783799970619,4.279112331021579,8.65304164625251,4.027398261769577,30
solar_323809,6,20,7.309596319929033,4.085148802602003,7.2538041484154085,3.2308704971866224,30
solar_323809,6,21,5.569029931500156,2.7663282525087234,5.431578533355974,2.624163317348029,30
solar_323809,6,22,3.501815751126068,1.42990003426468,3.5328593885363357,1.1586141697499046,30
solar_323809,6,23,1.1215028059936432,0.5194754696372599,1.2153022561268534,0.41192667869868327,30
solar_323809,7,0,0.3800191204554171,0.19683798089537666,0.40485193050511487,0.14227755340284892,31
solar_323809,7,1,0.0,0.0,0.0,0.0,31
solar_323809,7,2,0.0,0.0,0.0,0.0,31
solar_323809,7,3,0.0,0.0,0.0,0.0,31
solar_323809,7,4,0.0,0.0,0.0,0.0,31
solar_323809,7,5,0.0,0.0,0.0,0.0,31
solar_323809,7,6,0.0,0.0,0.0,0.0,31
solar_323809,7,7,0.0,0.0,0.0,0.0,31
solar_323809,7,8,0.0,0.0,0.0,0.0,31
solar_323809,7,9,0.0,0.0,0.0,0.0,31
solar_323809,7,10,0.17781179940903252,0.13620922237225758,0.12138152412404922,0.1509677021796305,31
solar_323809,7,11,0.8858911960102297,0.25643731817534926,0.9170531757754176,0.2658691698713212,31
solar_323809,7,12,3.1371917205725723,0.9722362590103427,3.233898479717989,0.7433624258426357,31
solar_323809,7,13,5.844984746034322,2.1184053679239803,6.195528160950553,1.6428884257236371,31
solar_323809,7,14,8.671858690147184,2.6684168502517465,8.355260468277764,2.830730732712824,31
solar_323809,7,15,10.007645563716272,3.8073249324603884,10.06177995291299,3.419254679160818,31
solar_323809,7,16,11.831148002702111,3.0019801652586264,11.079522472770842,3.6348950196001537,31
solar_323809,7,17,12.128671216245884,3.555475530558781,10.756954559417744,4.307763045201998,31
solar_323809,7,18,11.635992450170852,3.62919905336142,10.374958406499136,4.100875249711629,31
solar_323809,7,19,10.537886841097524,3.883605676674592,9.564239304388918,4.083910906588264,31
solar_323809,7,20,8.51529749859468,3.4068361560526212,8.52323921027458,2.954181998311341,31
solar_323809,7,21,6.258936219302437,2.720080319477318,6.461910443898592,2.0677236491663393,31
solar_323809,7,22,3.6114918631623447,1.6512443888294175,3.8450297060189675,1.2445044423090088,31
solar_323809,7,23,1.114906869229338,0.5814943071826812,1.2894937845160919,0.3482134891497023,31
solar_323809,8,0,0.02714083856327007,0.07294440233008938,0.03790535081636594,0.08047831433139054,31
solar_323809,8,1,0.0,0.0,0.0,0.0,31
solar_323809,8,2,0.0,0.0,0.0,0.0,31
solar_323809,8,3,0.0,0.0,0.0,0.0,31
solar_323809,8,4,0.0,0.0,0.0,0.0,31
solar_323809,8,5,0.0,0.0,0.0,0.0,31
solar_323809,8,6,0.0,0.0,0.0,0.0,31
solar_323809,8,7,0.0,0.0,0.0,0.0,31
solar_323809,8,8,0.0,0.0,0.0,0.0,31
solar_323809,8,9,0.0,0.0,0.0,0.0,31
solar_323809,8,10,0.0,0.0,0.0,0.0,31
solar_323809,8,11,0.501794094384108,0.269169937771488,0.6167751655645406,0.21817262953228458,31
solar_323809,8,12,2.467506285355396,1.2778261432468485,2.6050726062082097,1.096533314559275,31
solar_323809,8,13,5.6359825700881006,2.1018024407625147,5.587662904407931,2.0671159222465207,31
solar_323809,8,14,7.611392047870761,3.701900842682658,7.4593674976802,3.3193242598065016,31
solar_323809,8,15,8.839465403608175,4.732237443424875,9.07973159176862,3.8897295546146013,31
solar_323809,8,16,8.72835406951287,5.8638844939014225,10.400799897020466,4.289113703916467,31
solar_323809,8,17,8.717100764962227,5.8246415968254475,10.437456457994461,4.423516317456729,31
solar_323809,8,18,7.8703649917524885,5.759890667411576,9.88667215071609,4.407592387653089,31
solar_323809,8,19,7.074635298509536,5.632961575129807,9.227424995625514,4.091263030954915,31
solar_323809,8,20,6.38966976374895,4.626141780868597,7.5686113380538185,3.478505615080181,31
solar_323809,8,21,4.929494820901655,2.974140953583854,4.881658450943151,2.347432909985806,31
solar_323809,8,22,2.805010366109882,1.5452238216196745,2.75495097752142,1.5369456357282627,31
solar_323809,8,23,0.8047152331970782,0.3874949031189981,0.8705415299383209,0.3899589875766498,31
solar_323809,9,0,0.0,0.0,0.0,0.0,30
solar_323809,9,1,0.0,0.0,0.0,0.0,30
solar_323809,9,2,0.0,0.0,0.0,0.0,30
solar_323809,9,3,0.0,0.0,0.0,0.0,30
solar_323809,9,4,0.0,0.0,0.0,0.0,30
solar_323809,9,5,0.0,0.0,0.0,0.0,30
solar_323809,9,6,0.0,0.0,0.0,0.0,30
solar_323809,9,7,0.0,0.0,0.0,0.0,30
solar_323809,9,8,0.0,0.0,0.0,0.0,30
solar_323809,9,9,0.0,0.0,0.0,0.0,30
solar_323809,9,10,0.0,0.0,0.0,0.0,30
solar_323809,9,11,0.16625097275740539,0.16599477013715402,0.09006632911781219,0.17132164964596217,30
solar_323809,9,12,2.435284620888126,1.2765084531461948,2.3399361054346186,1.1203308577570663,30
solar_323809,9,13,5.6787197206204585,2.610133701611781,5.548628310437502,2.315517783375563,30
solar_323809,9,14,7.695637901748579,4.1142561798722275,7.438249613385058,3.699240220561212,30
solar_323809,9,15,9.568035519240466,4.941588700244714,9.352989839731881,4.878638587232439,30
solar_323809,9,16,10.911970554235578,5.753371968672564,10.44358146977847,5.350999693100584,30
solar_323809,9,17,10.604541575340669,5.984973851831547,11.301837565835532,5.057628580597042,30
solar_323809,9,18,10.563487478258224,5.792999671318123,10.83763891260276,4.598753885612619,30
solar_323809,9,19,10.062177407763027,4.764854781665537,9.685116090464186,4.221026207941414,30
solar_323809,9,20,8.195068756842655,3.5360085195412263,7.604723374327267,3.7491090044662507,30
solar_323809,9,21,5.231357820958313,2.670627032902896,4.694795607586688,2.7151854539497173,30
solar_323809,9,22,2.1211566669398825,1.310769763332727,2.196048020460762,1.1470962401988718,30
solar_323809,9,23,0.12330972855225344,0.19079468172617353,0.16392579038712765,0.21371324464085348,30
solar_323809,10,0,0.0,0.0,0.0,0.0,31
solar_323809,10,1,0.0,0.0,0.0,0.0,31
solar_323809,10,2,0.0,0.0,0.0,0.0,31
solar_323809,10,3,0.0,0.0,0.0,0.0,31
solar_323809,10,4,0.0,0.0,0.0,0.0,31
solar_323809,10,5,0.0,0.0,0.0,0.0,31
solar_323809,10,6,0.0,0.0,0.0,0.0,31
solar_323809,10,7,0.0,0.0,0.0,0.0,31
solar_323809,10,8,0.0,0.0,0.0,0.0,31
solar_323809,10,9,0.0,0.0,0.0,0.0,31
solar_323809,10,10,0.0,0.0,0.0,0.0,31
solar_323809,10,11,0.0,0.0,0.0,0.0,31
solar_323809,10,12,1.4388658514147483,0.8212567938445557,1.1267148499991364,0.795424034306857,31
solar_323809,10,13,5.208622326850565,2.5649416418689284,5.300366022762995,2.452931804860065,31
solar_323809,10,14,8.555820484309946,3.381898626555031,8.05002638473069,3.6618909526638097,31
solar_323809,10,15,10.711758768427833,4.392529458120263,10.208103770395637,4.481535269319596,31
solar_323809,10,16,11.135051975441026,5.4317247812102485,11.600515276848649,4.306690459255579,31
solar_323809,10,17,11.137957102190018,5.577992565599416,11.763294022001594,4.427168781348308,31
solar_323809,10,18,10.982834620706289,5.094815113320122,10.942463685724842,4.6077640945473135,31
solar_323809,10,19,8.836065193302895,4.557058405670074,9.2629735276558,3.7731423671356707,31
solar_323809,10,20,7.047302664994301,3.4196245282300244,6.559104047656284,3.2870301370619077,31
solar_323809,10,21,3.776288666021177,1.8152078962014655,3.8132431839935887,1.8654343742960464,31
solar_323809,10,22,0.25948284496369267,0.39852288110969863,0.31225761270619445,0.4648116012679768,31
solar_323809,10,23,0.0,0.0,0.0,0.0,31
solar_323809,11,0,0.0,0.0,0.0,0.0,30
solar_323809,11,1,0.0,0.0,0.0,0.0,30
solar_323809,11,2,0.0,0.0,0.0,0.0,30
solar_323809,11,3,0.0,0.0,0.0,0.0,30
solar_323809,11,4,0.0,0.0,0.0,0.0,30
solar_323809,11,5,0.0,0.0,0.0,0.0,30
solar_323809,11,6,0.0,0.0,0.0,0.0,30
solar_323809,11,7,0.0,0.0,0.0,0.0,30
solar_323809,11,8,0.0,0.0,0.0,0.0,30
solar_323809,11,9,0.0,0.0,0.0,0.0,30
solar_323809,11,10,0.0,0.0,0.0,0.0,30
solar_323809,11,11,0.0,0.0,0.0,0.0,30
solar_323809,11,12,0.0721513208298338,0.12107967827523382,0.0,0.0,30
solar_323809,11,13,3.4471147031481038,2.4952415122927802,2.777390370342289,2.2232861445427594,30
solar_323809,11,14,5.712744152947692,4.296080190624611,5.6896873376341865,3.923002780739656,30
solar_323809,11,15,7.948980065597359,5.177244639060448,7.4900983199676485,5.297000697897494,30
solar_323809,11,16,8.501609787711633,6.417807262359664,8.452746905632795,5.41388030874773,30
solar_323809,11,17,9.072478862616201,6.348489699630225,8.76463968297787,5.584867739930279,30
solar_323809,11,18,8.76860475197812,5.8995704262530975,7.655384018640894,5.217660036960762,30
solar_323809,11,19,6.709455723814165,4.903279147018092,6.165276820995299,4.378027053736299,30
solar_323809,11,20,4.7710072527626,3.5078545024628265,4.89866786380422,3.1876365325331686,30
solar_323809,11,21,1.592718161281373,1.1718840853121226,1.4252433735043888,1.3923682913380466,30
solar_323809,11,22,0.0,0.0,0.0,0.0,30
solar_323809,11,23,0.0,0.0,0.0,0.0,30
solar_323809,12,0,0.0,0.0,0.0,0.0,31
solar_323809,12,1,0.0,0.0,0.0,0.0,31
solar_323809,12,2,0.0,0.0,0.0,0.0,31
solar_323809,12,3,0.0,0.0,0.0,0.0,31
solar_323809,12,4,0.0,0.0,0.0,0.0,31
solar_323809,12,5,0.0,0.0,0.0,0.0,31
solar_323809,12,6,0.0,0.0,0.0,0.0,31
solar_323809,12,7,0.0,0.0,0.0,0.0,31
solar_323809,12,8,0.0,0.0,0.0,0.0,31
solar_323809,12,9,0.0,0.0,0.0,0.0,31
solar_323809,12,10,0.0,0.0,0.0,0.0,31
solar_323809,12,11,0.0,0.0,0.0,0.0,31
solar_323809,12,12,0.0,0.0,0.0,0.0,31
solar_323809,12,13,1.5856241792489074,1.5926778458638857,1.3907878862313856,1.241371458336684,31
solar_323809,12,14,4.291943979177117,4.06946479407024,4.490483494432992,3.43629572665357,31
solar_323809,12,15,5.2545099910706,5.083616843309489,5.6238146121288155,4.381633139177821,31
solar_323809,12,16,5.730955817762367,5.8726020711721185,6.836470439751506,5.055581809747773,31
solar_323809,12,17,5.055657507590909,5.729421664959564,7.708051822316409,5.154935883383878,31
solar_323809,12,18,5.541694441225188,5.625550786638291,6.554419500022582,4.25055778783373,31
solar_323809,12,19,4.501852427042425,4.930657525910856,4.760282937764711,3.7658188638571297,31
solar_323809,12,20,3.4288174464728782,3.766957330723892,3.2007030913974384,2.8742454392160215,31
solar_323809,12,21,0.9830564795764237,1.0697658083768034,1.0846306159087087,1.1727932600976734,31
solar_323809,12,22,0.0,0.0,0.0,0.0,31
solar_323809,12,23,0.0,0.0,0.0,0.0,31
solar_323810,1,0,0.0,0.0,0.0,0.0,31
solar_323810,1,1,0.0,0.0,0.0,0.0,31
solar_323810,1,2,0.0,0.0,0.0,0.0,31
solar_323810,1,3,0.0,0.0,0.0,0.0,31
solar_323810,1,4,0.0,0.0,0.0,0.0,31
solar_323810,1,5,0.0,0.0,0.0,0.0,31
solar_323810,1,6,0.0,0.0,0.0,0.0,31
solar_323810,1,7,0.0,0.0,0.0,0.0,31
solar_323810,1,8,0.0,0.0,0.0,0.0,31
solar_323810,1,9,0.0,0.0,0.0,0.0,31
solar_323810,1,10,0.0,0.0,0.0,0.0,31
solar_323810,1,11,0.0,0.0,0.0,0.0,31
solar_323810,1,12,0.0,0.0,0.0,0.0,31
solar_323810,1,13,1.6796281397526054,2.014234726171753,1.8955641633967384,1.6826024018108245,31
solar_323810,1,14,3.0859536115915995,3.122947160870133,4.082031768110204,3.728694045324013,31
solar_323810,1,15,4.385874337067034,4.987166791547365,6.371043517621071,4.6111781619703,31
solar_323810,1,16,5.871496369524444,6.107261078421084,6.998387642490054,4.963846783850763,31
solar_323810,1,17,4.741224969356762,5.754140247812205,6.865077176430092,5.275296363089992,31
solar_323810,1,18,5.437786732042676,6.233397039013472,6.832274858012849,4.52935524429608,31
solar_323810,1,19,4.198548302320578,4.758268522979789,5.73040810155451,4.268929013948565,31
solar_323810,1,20,3.2400499498050372,3.7111685715597824,3.5639791900918993,2.905814067582225,31
solar_323810,1,21,1.4250147730801266,1.6160788330009928,1.4159488477871982,1.3633555556862977,31
solar_323810,1,22,0.0,0.0,0.0,0.0,31
solar_323810,1,23,0.0,0.0,0.0,0.0,31
solar_323810,2,0,0.0,0.0,0.0,0.0,29
solar_323810,2,1,0.0,0.0,0.0,0.0,29
solar_323810,2,2,0.0,0.0,0.0,0.0,29
solar_323810,2,3,0.0,0.0,0.0,0.0,29
solar_323810,2,4,0.0,0.0,0.0,0.0,29
solar_323810,2,5,0.0,0.0,0.0,0.0,29
solar_323810,2,6,0.0,0.0,0.0,0.0,29
solar_323810,2,7,0.0,0.0,0.0,0.0,29
solar_323810,2,8,0.0,0.0,0.0,0.0,29
solar_323810,2,9,0.0,0.0,0.0,0.0,29
solar_323810,2,10,0.0,0.0,0.0,0.0,29
solar_323810,2,11,0.0,0.0,0.0,0.0,29
solar_323810,2,12,0.1311348398625565,0.23450832701826677,0.10012015805325071,0.2610233112642979,29
solar_323810,2,13,3.6059999027363046,2.6849640337513985,3.8572424037290953,2.507142463495699,29
solar_323810,2,14,7.420631930812071,4.49157875503001,7.18210772914818,3.9443810778242914,29
solar_323810,2,15,9.353494264050779,5.848178614731249,10.032039881654322,4.981181588801797,29
solar_323810,2,16,10.77954690026909,5.814075172501304,11.743789468144032,5.82105023451177,29
solar_323810,2,17,11.345295894454807,6.729771337351345,11.942381551624186,5.912550845817261,29
solar_323810,2,18,11.103499370341329,6.524664987948424,11.568962438189114,5.638204605322096,29
solar_323810,2,19,9.37620063088004,5.905783098225819,9.366275220465415,4.800440910234639,29
solar_323810,2,20,7.518360824547405,4.509620593701452,7.219119836081531,4.026563580501534,29
solar_323810,2,21,4.654608122187756,3.0636926053203606,4.778484660424592,2.7689966792435476,29
solar_323810,2,22,0.6762177073628459,0.791721639635378,0.7447962833539354,0.9312472056448426,29
solar_323810,2,23,0.0,0.0,0.0,0.0,29
solar_323810,3,0,0.0,0.0,0.0,0.0,31
solar_323810,3,1,0.0,0.0,0.0,0.0,31
solar_323810,3,2,0.0,0.0,0.0,0.0,31
solar_323810,3,3,0.0,0.0,0.0,0.0,31
solar_323810,3,4,0.0,0.0,0.0,0.0,31
solar_323810,3,5,0.0,0.0,0.0,0.0,31
solar_323810,3,6,0.0,0.0,0.0,0.0,31
solar_323810,3,7,0.0,0.0,0.0,0.0,31
solar_323810,3,8,0.0,0.0,0.0,0.0,31
solar_323810,3,9,0.0,0.0,0.0,0.0,31
solar_323810,3,10,0.0,0.0,0.0,0.0,31
solar_323810,3,11,0.04320022186345732,0.09391806276377015,0.006095743426143781,0.033939663013038725,31
solar_323810,3,12,1.7174797772208281,1.6068705840159598,1.69379750926993,1.267759937828859,31
solar_323810,3,13,4.411358767170416,3.512917875566183,4.67404035748812,2.9137148428816655,31
solar_323810,3,14,6.899227541471097,5.326731050510205,7.52804279603243,4.44471872303356,31
solar_323810,3,15,8.01673518982042,6.4582416726353955,8.403163438028967,5.641066810247654,31
solar_323810,3,16,8.073293722035384,7.070146906557968,9.196310071505687,6.1760988456404515,31
solar_323810,3,17,7.334771786455166,7.294171405267011,9.17131673944565,6.444694151936568,31
solar_323810,3,18,7.611746437336441,7.165643010738975,9.164883832721298,5.860997028927419,31
solar_323810,3,19,7.147688052573149,6.5792699452263514,8.124228009993184,5.132473460702451,31
solar_323810,3,20,6.086956416849984,5.405649472722953,6.483233098861524,4.048606628793669,31
solar_323810,3,21,3.8059861378050694,3.4480314906757625,3.812112977472018,2.8364188967531767,31
solar_323810,3,22,1.7782148582132349,1.4905297815271403,1.688243962469498,1.201318300575859,31
solar_323810,3,23,0.030394561532490656,0.0812926277761748,0.04678872338366496,0.08179246567259851,31
solar_323810,4,0,0.0,0.0,0.0,0.0,30
solar_323810,4,1,0.0,0.0,0.0,0.0,30
solar_323810,4,2,0.0,0.0,0.0,0.0,30
solar_323810,4,3,0.0,0.0,0.0,0.0,30
solar_323810,4,4,0.0,0.0,0.0,0.0,30
solar_323810,4,5,0.0,0.0,0.0,0.0,30
solar_323810,4,6,0.0,0.0,0.0,0.0,30
solar_323810,4,7,0.0,0.0,0.0,0.0,30
solar_323810,4,8,0.0,0.0,0.0,0.0,30
solar_323810,4,9,0.0,0.0,0.0,0.0,30
solar_323810,4,10,0.005277046568998891,0.014427556767191242,0.0,0.0,30
solar_323810,4,11,0.5288218391639713,0.39881305916872745,0.6178528973731136,0.3623423047271252,30
solar_323810,4,12,2.7710183149478627,1.980960474787707,2.920281010201226,1.800092438307651,30
solar_323810,4,13,4.915123626259042,3.75001111247922,4.9935030184871305,3.3994027489958323,30
solar_323810,4,14,7.089636146936086,4.996955620605845,7.3464592836367375,4.334979650867744,30
solar_323810,4,15,7.812294374866562,6.246365576280548,8.43242935755531,5.179187860164823,30
solar_323810,4,16,8.593493405107784,7.0739161535553565,9.492365093481661,5.594835098662488,30
solar_323810,4,17,9.536197324633184,7.317874472563145,9.522375085757647,5.773963688156709,30
solar_323810,4,18,8.670617492121702,7.043357531331976,7.994792478735268,5.572475350029156,30
solar_323810,4,19,7.097239518974062,6.054613075976898,7.083388860938329,4.7633612274754835,30
solar_323810,4,20,5.853720495360835,4.766212169123619,5.674120925219563,4.017634354987442,30
solar_323810,4,21,3.705740156689536,3.552700246060637,4.1896492531985565,2.747736940330936,30
solar_323810,4,22,1.572218051149656,1.6082366049848444,2.1826816489037117,1.2344116606780422,30
solar_323810,4,23,0.3059584850207309,0.29247231421000025,0.4239251790068167,0.23650726392449076,30
solar_323810,5,0,0.06976385619443906,0.10605624970223856,0.10744501360431882,0.12748586762928768,31
solar_323810,5,1,0.0,0.0,0.0,0.0,31
solar_323810,5,2,0.0,0.0,0.0,0.0,31
solar_323810,5,3,0.0,0.0,0.0,0.0,31
solar_323810,5,4,0.0,0.0,0.0,0.0,31
solar_323810,5,5,0.0,0.0,0.0,0.0,31
solar_323810,5,6,0.0,0.0,0.0,0.0,31
solar_323810,5,7,0.0,0.0,0.0,0.0,31
solar_323810,5,8,0.0,0.0,0.0,0.0,31
solar_323810,5,9,0.0,0.0,0.0,0.0,31
solar_323810,5,10,0.3153470559588459,0.1815722702892114,0.29280403113222503,0.19484479862430165,31
solar_323810,5,11,1.1079961152264706,0.4852277873234987,1.1906009701545608,0.4286512644139709,31
solar_323810,5,12,3.3879271826753095,1.8481775345732905,3.647912206102976,1.5516003562445329,31
solar_323810,5,13,5.748945611688183,3.24479261201726,5.895419656055478,2.7791171087126596,31
solar_323810,5,14,7.815403077832668,4.211064284493314,7.575888194561043,3.976364170105177,31
solar_323810,5,15,9.643602521097618,4.93272373922697,9.798837239657688,4.265521646946153,31
solar_323810,5,16,10.168987778510918,5.2321547489088465,10.092793366388843,4.8697452430093735,31
solar_323810,5,17,10.766847962847649,5.083040666762848,9.978061192738274,5.144188979997888,31
solar_323810,5,18,10.501758159542264,4.622145545962784,10.257943670122527,4.670899683605251,31
solar_323810,5,19,8.881265246117662,4.940732041314381,8.215090016879843,4.72897180909208,31
solar_323810,5,20,7.588302781155348,3.5990021080132624,6.86896652038055,3.517481853422754,31
solar_323810,5,21,4.911256568057531,2.6455704060971197,4.9461521997792035,2.287480573729314,31
solar_323810,5,22,2.8154241160441718,1.2264287645563579,2.634366630582744,1.204607982568335,31
solar_323810,5,23,0.78029455088821,0.3592140920624026,0.7836277482494386,0.3159998065415195,31
solar_323810,6,0,0.3179369457653895,0.16506072318836226,0.3559499872894108,0.13050509840477512,30
solar_323810,6,1,0.0,0.0,0.0,0.0,30
solar_323810,6,2,0.0,0.0,0.0,0.0,30
solar_323810,6,3,0.0,0.0,0.0,0.0,30
solar_323810,6,4,0.0,0.0,0.0,0.0,30
solar_323810,6,5,0.0,0.0,0.0,0.0,30
solar_323810,6,6,0.0,0.0,0.0,0.0,30
solar_323810,6,7,0.0,0.0,0.0,0.0,30
solar_323810,6,8,0.0,0.0,0.0,0.0,30
solar_323810,6,9,0.0,0.0,0.0,0.0,30
solar_323810,6,10,0.4268243334298763,0.17887963153003242,0.48909862060315007,0.15534678293449392,30
solar_323810,6,11,1.2094240973410328,0.3992687565642741,1.2491397000112512,0.3969991598105623,30
solar_323810,6,12,3.5882709241126607,1.6611267779155197,3.77876277631911,1.2547889911869352,30
solar_323810,6,13,5.67087899171111,3.035143567476058,5.679087617591472,2.782236804567869,30
solar_323810,6,14,8.181417724343854,3.8213300394090006,8.328934589570585,3.597683843780574,30
solar_323810,6,15,10.39526496162785,3.747389954806031,9.563150454293769,3.970014972203271,30
solar_323810,6,16,10.508818361951596,5.04333292033355,11.004257612693522,3.949896467354377,30
solar_323810,6,17,10.586199180038372,5.0847150273578405,10.804153874613238,3.8707897484803735,30
solar_323810,6,18,9.78270297218877,5.22654999654337,9.531627789412774,4.3346083735833645,30
solar_323810,6,19,8.229610455364968,4.878576434012933,9.757254301601565,3.6191615441341463,30
solar_323810,6,20,8.062097488884401,3.2286741530814855,7.638819932000629,3.458296465312074,30
solar_323810,6,21,5.502497025633749,2.61033691778173,5.7324991102275655,2.214464555322777,30
solar_323810,6,22,2.9379635372586974,1.4227569531221922,3.110891879066982,1.2714182734928636,30
solar_323810,6,23,0.9323149306247328,0.4029554573783589,1.0759524266735598,0.2591840453239715,30
solar_323810,7,0,0.28751581904089546,0.1619392916049218,0.3219977696215035,0.1291747306223396,31
solar_323810,7,1,0.0,0.0,0.0,0.0,31
solar_323810,7,2,0.0,0.0,0.0,0.0,31
solar_323810,7,3,0.0,0.0,0.0,0.0,31
solar_323810,7,4,0.0,0.0,0.0,0.0,31
solar_323810,7,5,0.0,0.0,0.0,0.0,31
solar_323810,7,6,0.0,0.0,0.0,0.0,31
solar_323810,7,7,0.0,0.0,0.0,0.0,31
solar_323810,7,8,0.0,0.0,0.0,0.0,31
solar_323810,7,9,0.0,0.0,0.0,0.0,31
solar_323810,7,10,0.3036688892922134,0.15607120809601557,0.2623903745249151,0.2020117733292437,31
solar_323810,7,11,0.9482794637514328,0.3490126552941797,1.0036795460861478,0.35511039523644755,31
solar_323810,7,12,3.303124554314393,1.4155956823595155,3.5619930885466724,1.1625941540255278,31
solar_323810,7,13,6.466470566751251,1.9168901826488847,6.135600447188835,2.203492345650303,31
solar_323810,7,14,8.788329715741698,2.995013152831183,8.370960688560535,2.593436564317261,31
solar_323810,7,15,11.249326586846188,2.4581259686429164,10.546350121675243,2.8280634058674816,31
solar_323810,7,16,11.48464305168846,4.09383414191674,11.305678673646494,3.820799267028697,31
solar_323810,7,17,12.076498444648095,3.792978522412016,12.081956013065824,3.46185610683722,31
solar_323810,7,18,11.727923277157862,4.158251064424042,10.416096295978829,4.137612236300726,31
solar_323810,7,19,9.745631331138894,3.856189202379692,9.54487892621789,3.559168887956967,31
solar_323810,7,20,8.251442450558047,3.0345964636295126,8.081062837320914,2.978964094517538,31
solar_323810,7,21,5.923647398335223,2.2798525996116643,5.873265272057105,2.332952271020652,31
solar_323810,7,22,3.557483040823851,1.0497431347531485,3.510422296782916,0.8654797305511664,31
solar_323810,7,23,1.0209789005169778,0.3492547013205271,1.0234522399019532,0.2892717700583522,31
solar_323810,8,0,0.003946902474626177,0.019570184886145647,0.013816600890992008,0.02901368728561406,31
solar_323810,8,1,0.0,0.0,0.0,0.0,31
solar_323810,8,2,0.0,0.0,0.0,0.0,31
solar_323810,8,3,0.0,0.0,0.0,0.0,31
solar_323810,8,4,0.0,0.0,0.0,0.0,31
solar_323810,8,5,0.0,0.0,0.0,0.0,31
solar_323810,8,6,0.0,0.0,0.0,0.0,31
solar_323810,8,7,0.0,0.0,0.0,0.0,31
solar_323810,8,8,0.0,0.0,0.0,0.0,31
solar_323810,8,9,0.0,0.0,0.0,0.0,31
solar_323810,8,10,0.010036298585635864,0.029236767644052225,0.0,0.0,31
solar_323810,8,11,0.6972575358452038,0.3211882167994936,0.7695616372714547,0.27595949378836315,31
solar_323810,8,12,2.919523904892457,1.4793835647582532,3.060314770573309,1.1586639497215652,31
solar_323810,8,13,5.3443291424638755,2.795515965403712,5.540879745531929,2.658193689795487,31
solar_323810,8,14,7.398458255862269,4.204489670529597,7.6465039730687545,3.589746632346294,31
solar_323810,8,15,9.165958356899155,4.58851006595617,9.51836314761996,3.627467867060338,31
solar_323810,8,16,9.80099780441441,5.019444901971761,9.994172002003992,4.464664549587918,31
solar_323810,8,17,10.21874992993064,4.827621320699324,10.137639553269988,4.454467021295769,31
solar_323810,8,18,10.373740905837293,4.983794535370678,9.754687204338923,4.26998506725183,31
solar_323810,8,19,9.190890073962004,4.5024733484200095,8.445210904276324,3.763431571321109,31
solar_323810,8,20,7.423675135458642,3.6368315319705125,7.781922291452702,2.9913164163790045,31
solar_323810,8,21,4.704885443921861,2.945343970651312,5.3435540033942335,2.0885336409887083,31
solar_323810,8,22,2.515803146503009,1.3712431822107352,2.697030258463621,1.1459073772014468,31
solar_323810,8,23,0.6179456226379995,0.32960172212142824,0.6300399880019347,0.2387903759962283,31
solar_323810,9,0,0.0,0.0,0.0,0.0,30
solar_323810,9,1,0.0,0.0,0.0,0.0,30
solar_323810,9,2,0.0,0.0,0.0,0.0,30
solar_323810,9,3,0.0,0.0,0.0,0.0,30
solar_323810,9,4,0.0,0.0,0.0,0.0,30
solar_323810,9,5,0.0,0.0,0.0,0.0,30
solar_323810,9,6,0.0,0.0,0.0,0.0,30
solar_323810,9,7,0.0,0.0,0.0,0.0,30
solar_323810,9,8,0.0,0.0,0.0,0.0,30
solar_323810,9,9,0.0,0.0,0.0,0.0,30
solar_323810,9,10,0.0,0.0,0.0,0.0,30
solar_323810,9,11,0.34537890022902235,0.24243346353842687,0.25827757256512657,0.27626972737113054,30
solar_323810,9,12,3.014602872443912,1.2410902970082218,3.002424963822203,1.1068775673157785,30
solar_323810,9,13,6.109094903508696,2.2016841466210617,5.966919224469519,2.2725621001160836,30
solar_323810,9,14,9.057313657702695,2.9590017594089386,8.682254127770669,3.5055232740039037,30
solar_323810,9,15,10.852509168192503,3.7493660013977395,10.823720585089514,3.55478125874597,30
solar_323810,9,16,11.909221235363313,4.599538089329457,12.458943955107916,3.853442342593098,30
solar_323810,9,17,12.950528608207675,3.5732981597261597,12.679663326970942,3.62780104708709,30
solar_323810,9,18,12.068918994913378,3.7531677280282625,12.086946247044557,3.5618311254223585,30
solar_323810,9,19,10.024821556140516,4.09666018464291,9.312156013483277,4.223944670342309,30
solar_323810,9,20,7.99327565167569,2.839615186638327,7.499716669797554,3.0088485026722736,30
solar_323810,9,21,4.977502617279906,2.026084023492194,4.859481665531886,1.9673708019553138,30
solar_323810,9,22,1.7988622413249569,0.8655886372090275,1.835601217142794,0.8828616656941487,30
solar_323810,9,23,0.05730363804150284,0.12216014520866013,0.0727777527271669,0.1326035157939415,30
solar_323810,10,0,0.0,0.0,0.0,0.0,31
solar_323810,10,1,0.0,0.0,0.0,0.0,31
solar_323810,10,2,0.0,0.0,0.0,0.0,31
solar_323810,10,3,0.0,0.0,0.0,0.0,31
solar_323810,10,4,0.0,0.0,0.0,0.0,31
solar_323810,10,5,0.0,0.0,0.0,0.0,31
solar_323810,10,6,0.0,0.0,0.0,0.0,31
solar_323810,10,7,0.0,0.0,0.0,0.0,31
solar_323810,10,8,0.0,0.0,0.0,0.0,31
solar_323810,10,9,0.0,0.0,0.0,0.0,31
solar_323810,10,10,0.0,0.0,0.0,0.0,31
solar_323810,10,11,0.0,0.0,0.0,0.0,31
solar_323810,10,12,2.12292395594768,1.1274299044085008,1.8510205886124216,1.0970279249728903,31
solar_323810,10,13,6.126103267938137,2.4453125003297944,6.385986259455594,2.224253608580963,31
solar_323810,10,14,8.884440890234092,3.6156947008831373,9.370645453636309,3.1335734819570127,31
solar_323810,10,15,10.314872923457099,4.70105822664165,11.040313609461474,4.212928494042579,31
solar_323810,10,16,11.733341903017932,5.322661575016241,11.808179629110905,4.369126803953987,31
solar_323810,10,17,11.879052477274724,4.751173140785763,11.464299232078258,4.985789110014176,31
solar_323810,10,18,10.242764060815077,5.384126067255473,10.279860121727113,4.681201314200645,31
solar_323810,10,19,8.752188277488894,4.507291897933648,8.830844258893661,4.178702633885552,31
solar_323810,10,20,6.783748200974081,2.9875040038212175,6.148820412057216,3.0620954319619806,31
solar_323810,10,21,3.2395958270970673,1.5471229387519654,3.146195917395269,1.5954194513609514,31
solar_323810,10,22,0.11463903310569176,0.204179659667138,0.1406517386286652,0.23173075806079863,31
solar_323810,10,23,0.0,0.0,0.0,0.0,31
solar_323810,11,0,0.0,0.0,0.0,0.0,30
solar_323810,11,1,0.0,0.0,0.0,0.0,30
solar_323810,11,2,0.0,0.0,0.0,0.0,30
solar_323810,11,3,0.0,0.0,0.0,0.0,30
solar_323810,11,4,0.0,0.0,0.0,0.0,30
solar_323810,11,5,0.0,0.0,0.0,0.0,30
solar_323810,11,6,0.0,0.0,0.0,0.0,30
solar_323810,11,7,0.0,0.0,0.0,0.0,30
solar_323810,11,8,0.0,0.0,0.0,0.0,30
solar_323810,11,9,0.0,0.0,0.0,0.0,30
solar_323810,11,10,0.0,0.0,0.0,0.0,30
solar_323810,11,11,0.0,0.0,0.0,0.0,30
solar_323810,11,12,0.1878889301989022,0.30146914621664544,0.055676046823366,0.15178202655773826,30
solar_323810,11,13,4.231293349162065,2.761527470511845,3.2920873198043696,2.6959667087492956,30
solar_323810,11,14,7.130497767868255,4.404776176717765,6.251727357574115,4.267570562644359,30
solar_323810,11,15,9.464819469329084,5.360538486741944,7.691348100076127,5.110088886842745,30
solar_323810,11,16,9.215432510264,5.89538421492103,8.960685589622416,5.495970599973408,30
solar_323810,11,17,9.182333216158687,6.536370645926841,8.3669556560102,5.832784727545964,30
solar_323810,11,18,8.608804667755045,5.625304852053662,7.442835479143037,5.500372327453422,30
solar_323810,11,19,7.700305574311412,4.497684901283435,7.34634588593631,4.319566346524734,30
solar_323810,11,20,4.776475903093098,2.9270656096288357,4.3524716963091326,2.995480233287734,30
solar_323810,11,21,0.7304451833555419,0.6990596219547022,0.9894431598658692,0.8164655241390189,30
solar_323810,11,22,0.0,0.0,0.0,0.0,30
solar_323810,11,23,0.0,0.0,0.0,0.0,30
solar_323810,12,0,0.0,0.0,0.0,0.0,31
solar_323810,12,1,0.0,0.0,0.0,0.0,31
solar_323810,12,2,0.0,0.0,0.0,0.0,31
solar_323810,12,3,0.0,0.0,0.0,0.0,31
solar_323810,12,4,0.0,0.0,0.0,0.0,31
solar_323810,12,5,0.0,0.0,0.0,0.0,31
solar_323810,12,6,0.0,0.0,0.0,0.0,31
solar_323810,12,7,0.0,0.0,0.0,0.0,31
solar_323810,12,8,0.0,0.0,0.0,0.0,31
solar_323810,12,9,0.0,0.0,0.0,0.0,31
solar_323810,12,10,0.0,0.0,0.0,0.0,31
solar_323810,12,11,0.0,0.0,0.0,0.0,31
solar_323810,12,12,0.0,0.0,0.0,0.0,31
solar_323810,12,13,2.3711427803366583,1.886583747383584,1.8232200298687615,1.6633388048460347,31
solar_323810,12,14,4.393608299725205,4.0266766703079995,4.842546336706335,3.93270398551139,31
solar_323810,12,15,7.0253559586702075,5.844157864024659,7.061788402287844,4.7145552115292,31
solar_323810,12,16,7.040045703370743,6.180820877286435,8.331496618204671,5.297518056689377,31
solar_323810,12,17,7.248260043622953,6.0327683239151675,8.800938098332628,5.329324338723606,31
solar_323810,12,18,6.256018283364105,5.631967942771009,8.169836757736496,4.975770875773655,31
solar_323810,12,19,5.580878974678392,5.2130591791543655,5.564693343059844,4.33770204281504,31
solar_323810,12,20,3.8498473244085467,2.99774900896023,3.6499082687618984,2.79119193996298,31
solar_323810,12,21,0.2708427529172884,0.37850941586170006,0.4534752432567228,0.5425348738395005,31
solar_323810,12,22,0.0,0.0,0.0,0.0,31
solar_323810,12,23,0.0,0.0,0.0,0.0,31
solar_323811,1,0,0.0,0.0,0.0,0.0,31
solar_323811,1,1,0.0,0.0,0.0,0.0,31
solar_323811,1,2,0.0,0.0,0.0,0.0,31
solar_323811,1,3,0.0,0.0,0.0,0.0,31
solar_323811,1,4,0.0,0.0,0.0,0.0,31
solar_323811,1,5,0.0,0.0,0.0,0.0,31
solar_323811,1,6,0.0,0.0,0.0,0.0,31
solar_323811,1,7,0.0,0.0,0.0,0.0,31
solar_323811,1,8,0.0,0.0,0.0,0.0,31
solar_323811,1,9,0.0,0.0,0.0,0.0,31
solar_323811,1,10,0.0,0.0,0.0,0.0,31
solar_323811,1,11,0.0,0.0,0.0,0.0,31
solar_323811,1,12,0.0,0.0,0.0,0.0,31
solar_323811,1,13,1.6806286753348993,2.0153115670254222,1.8967881499515218,1.683655120002676,31
solar_323811,1,14,3.0858297577277956,3.122625214389764,4.081663127578885,3.7279696233063135,31
solar_323811,1,15,4.385174503643989,4.9862001902344595,6.369943394685477,4.610305560609733,31
solar_323811,1,16,5.870122107246371,6.105860099397907,6.996769970981787,4.962742808770494,31
solar_323811,1,17,4.740063611023069,5.7526478868489495,6.863064684776785,5.273777865313694,31
solar_323811,1,18,5.436526158340767,6.232237454406892,6.829215776469845,4.527580835760333,31
solar_323811,1,19,4.1964408781190965,4.756080304282215,5.7271183201894935,4.266875182259053,31
solar_323811,1,20,3.237504209452577,3.7084834825702937,3.5608214620050296,2.904548272120573,31
solar_323811,1,21,1.4198739308729282,1.6108070405481627,1.4109719813528232,1.359007930868376,31
solar_323811,1,22,0.0,0.0,0.0,0.0,31
solar_323811,1,23,0.0,0.0,0.0,0.0,31
solar_323811,2,0,0.0,0.0,0.0,0.0,29
solar_323811,2,1,0.0,0.0,0.0,0.0,29
solar_323811,2,2,0.0,0.0,0.0,0.0,29
solar_323811,2,3,0.0,0.0,0.0,0.0,29
solar_323811,2,4,0.0,0.0,0.0,0.0,29
solar_323811,2,5,0.0,0.0,0.0,0.0,29
solar_323811,2,6,0.0,0.0,0.0,0.0,29
solar_323811,2,7,0.0,0.0,0.0,0.0,29
solar_323811,2,8,0.0,0.0,0.0,0.0,29
solar_323811,2,9,0.0,0.0,0.0,0.0,29
solar_323811,2,10,0.0,0.0,0.0,0.0,29
solar_323811,2,11,0.0,0.0,0.0,0.0,29
solar_323811,2,12,0.1311264757019446,0.23445878493110178,0.10025263112048356,0.26145460151276534,29
solar_323811,2,13,3.60671959509546,2.685130180423567,3.858017052989843,2.5072239835017833,29
solar_323811,2,14,7.41983263769006,4.490886104982425,7.181617229116616,3.943742648554925,29
solar_323811,2,15,9.352335689481755,5.84733138585318,10.030874885169018,4.980362628060356,29
solar_323811,2,16,10.777907855693906,5.81314124023915,11.742206254800935,5.820120575926414,29
solar_323811,2,17,11.343649044066996,6.728690951571495,11.940401589240219,5.911524269993238,29
solar_323811,2,18,11.101814939242889,6.523766293370699,11.56671690293558,5.6372964521997195,29
solar_323811,2,19,9.374272320148624,5.904814653299954,9.364029507502577,4.799917453797086,29
solar_323811,2,20,7.51598039666221,4.50856693829882,7.216235474004162,4.025516423959787,29
solar_323811,2,21,4.6507658267942755,3.0614554891853403,4.775446021095945,2.7679101355134828,29
solar_323811,2,22,0.6743986511707799,0.7893050053479027,0.74346346145467,0.9288074772644899,29
solar_323811,2,23,0.0,0.0,0.0,0.0,29
solar_323811,3,0,0.0,0.0,0.0,0.0,31
solar_323811,3,1,0.0,0.0,0.0,0.0,31
solar_323811,3,2,0.0,0.0,0.0,0.0,31
solar_323811,3,3,0.0,0.0,0.0,0.0,31
solar_323811,3,4,0.0,0.0,0.0,0.0,31
solar_323811,3,5,0.0,0.0,0.0,0.0,31
solar_323811,3,6,0.0,0.0,0.0,0.0,31
solar_323811,3,7,0.0,0.0,0.0,0.0,31
solar_323811,3,8,0.0,0.0,0.0,0.0,31
solar_323811,3,9,0.0,0.0,0.0,0.0,31
solar_323811,3,10,0.0,0.0,0.0,0.0,31
solar_323811,3,11,0.04320179650783749,0.0939214848329224,0.006095965678743464,0.03394090046314279,31
solar_323811,3,12,1.7177359093032496,1.606850122649529,1.6942865311077397,1.2676248823492,31
solar_323811,3,13,4.411265618981269,3.5125911038020976,4.674174259421164,2.913447213974084,31
solar_323811,3,14,6.898744698736777,5.3261746495374584,7.527685494156169,4.444232040379152,31
solar_323811,3,15,8.016101491842303,6.45755873953066,8.402567559818939,5.64043305966196,31
solar_323811,3,16,8.072619493943654,7.069378209559544,9.195480617751077,6.17518868124733,31
solar_323811,3,17,7.334036998977512,7.293294418692334,9.170351893278674,6.443654965061903,31
solar_323811,3,18,7.610857287957096,7.164601849039511,9.163694174490477,5.859919330210796,31
solar_323811,3,19,7.146734766304125,6.5783137656470485,8.122963878083127,5.131492066748801,31
solar_323811,3,20,6.086005700355024,5.404830512240497,6.4821316451669055,4.047865078307579,31
solar_323811,3,21,3.8052272201429442,3.447361085827087,3.8112554806066425,2.835684976070506,31
solar_323811,3,22,1.7771273454491712,1.4896638559651012,1.6873030655746328,1.2005599874289041,31
solar_323811,3,23,0.030395669328557504,0.08129559021638465,0.04679042933407306,0.08179544662979232,31
solar_323811,4,0,0.0,0.0,0.0,0.0,30
solar_323811,4,1,0.0,0.0,0.0,0.0,30
solar_323811,4,2,0.0,0.0,0.0,0.0,30
solar_323811,4,3,0.0,0.0,0.0,0.0,30
solar_323811,4,4,0.0,0.0,0.0,0.0,30
solar_323811,4,5,0.0,0.0,0.0,0.0,30
solar_323811,4,6,0.0,0.0,0.0,0.0,30
solar_323811,4,7,0.0,0.0,0.0,0.0,30
solar_323811,4,8,0.0,0.0,0.0,0.0,30
solar_323811,4,9,0.0,0.0,0.0,0.0,30
solar_323811,4,10,0.005277239130205837,0.014428083221685593,0.0,0.0,30
solar_323811,4,11,0.5274683422753816,0.39740706055517516,0.6164979697389199,0.36094514159671554,30
solar_323811,4,12,2.7704980927339102,1.9804112838877626,2.9197559825716497,1.7995316228685432,30
solar_323811,4,13,4.914745667954225,3.7495184335248015,4.993183644805478,3.3989437912611375,30
solar_323811,4,14,7.089255946844433,4.996477895548403,7.346154053558318,4.334522013877097,30
solar_323811,4,15,7.8118870132907805,6.245862640727654,8.432087602777084,5.178667606313684,30
solar_323811,4,16,8.592967061477607,7.073343644594358,9.491906888217079,5.594247380513156,30
solar_323811,4,17,9.535517596412058,7.31722768490167,9.521844135402123,5.773359839406249,30
solar_323811,4,18,8.67001387830351,7.0427417199596665,7.994367230679182,5.571883225159679,30
solar_323811,4,19,7.0967711765700345,6.054117907150508,7.083040601993243,4.7629153328297,30
solar_323811,4,20,5.853445077008766,4.765950332913287,5.673882855084738,4.017347704244343,30
solar_323811,4,21,3.705769893459789,3.552735941756603,4.1896849056673515,2.747745234841864,30
solar_323811,4,22,1.5726744331969233,1.6088027732338779,2.1832250421754145,1.2349451254922938,30
solar_323811,4,23,0.3064436271514141,0.2930571133430364,0.42444312232761067,0.23691336057816023,30
solar_323811,5,0,0.06976542775421743,0.10605748277866368,0.10744119243180864,0.12747474667486866,31
solar_323811,5,1,0.0,0.0,0.0,0.0,31
solar_323811,5,2,0.0,0.0,0.0,0.0,31
solar_323811,5,3,0.0,0.0,0.0,0.0,31
solar_323811,5,4,0.0,0.0,0.0,0.0,31
solar_323811,5,5,0.0,0.0,0.0,0.0,31
solar_323811,5,6,0.0,0.0,0.0,0.0,31
solar_323811,5,7,0.0,0.0,0.0,0.0,31
solar_323811,5,8,0.0,0.0,0.0,0.0,31
solar_323811,5,9,0.0,0.0,0.0,0.0,31
solar_323811,5,10,0.3147913539176361,0.18106281239903943,0.29236706411845853,0.19440317061527268,31
solar_323811,5,11,1.1056440400922443,0.48397131373878993,1.1885448937763015,0.4275616208762388,31
solar_323811,5,12,3.386817081412517,1.8473307384814042,3.646768172713929,1.5507997016835928,31
solar_323811,5,13,5.748346036774866,3.2442849640960145,5.894882264112197,2.7786128172587476,31
solar_323811,5,14,7.815019674348748,4.210692252318124,7.5755533130668455,3.975954968307351,31
solar_323811,5,15,9.64322104295798,4.93236639870367,9.798513229271,4.265195965069604,31
solar_323811,5,16,10.168627654826587,5.231807012958429,10.092471013853855,4.869385667807473,31
solar_323811,5,17,10.766416302420698,5.082671689542607,9.977712631702678,5.143831375210148,31
solar_323811,5,18,10.501361200210193,4.6218157630254515,10.257583586091615,4.6705871201208105,31
solar_323811,5,19,8.880992160336646,4.94046585116551,8.214897024795851,4.728711671554228,31
solar_323811,5,20,7.588381864718773,3.599012727860185,6.869068622830843,3.517499530323103,31
solar_323811,5,21,4.911868476808205,2.6459825652620674,4.94671091004095,2.2878806582017956,31
solar_323811,5,22,2.8170294877659123,1.2273146115982818,2.6356537528172383,1.2055320901670625,31
solar_323811,5,23,0.7814371247940377,0.3597863425933583,0.7847495606649966,0.3163407181937353,31
solar_323811,6,0,0.31819013071281177,0.16524873125893325,0.3562963864084212,0.13071528704805768,30
solar_323811,6,1,0.0,0.0,0.0,0.0,30
solar_323811,6,2,0.0,0.0,0.0,0.0,30
solar_323811,6,3,0.0,0.0,0.0,0.0,30
solar_323811,6,4,0.0,0.0,0.0,0.0,30
solar_323811,6,5,0.0,0.0,0.0,0.0,30
solar_323811,6,6,0.0,0.0,0.0,0.0,30
solar_323811,6,7,0.0,0.0,0.0,0.0,30
solar_323811,6,8,0.0,0.0,0.0,0.0,30
solar_323811,6,9,0.0,0.0,0.0,0.0,30
solar_323811,6,10,0.42592797649460246,0.178302241437474,0.48808560734439105,0.15483292633139562,30
solar_323811,6,11,1.2065716598954213,0.3988377018686899,1.245820838977134,0.39630725442448217,30
solar_323811,6,12,3.5867535831548425,1.6602537220456635,3.77721786782285,1.2539538696925123,30
solar_323811,6,13,5.670173996946614,3.0345680216678312,5.678371883114399,2.7816447977192786,30
solar_323811,6,14,8.180918912431652,3.820940144411442,8.32844008083403,3.597335987962574,30
solar_323811,6,15,10.394878248044545,3.747070874488458,9.562842380941179,3.969681591641676,30
solar_323811,6,16,10.508477741986441,5.0430417370301805,11.00394950496263,3.949616648874941,30
solar_323811,6,17,10.58588008098572,5.084429836727241,10.803912296010035,3.8704857691079426,30
solar_323811,6,18,9.78246321787649,5.226327346186392,9.531473540368584,4.334380868303107,30
solar_323811,6,19,8.22980870941912,4.878572659809435,9.757199588383962,3.6190538677058677,30
solar_323811,6,20,8.062429859807072,3.228814325128279,7.639132979909624,3.4584457845439704,30
solar_323811,6,21,5.503403992638947,2.6108728240068713,5.733384040640974,2.2149239504707006,30
solar_323811,6,22,2.9396986887306698,1.4238269098279075,3.1125591495185367,1.2722837515240273,30
solar_323811,6,23,0.9335369777921478,0.40346661123563987,1.0774481932766504,0.2589414913665526,30
solar_323811,7,0,0.2877594154630631,0.16214188772812577,0.32228381468484096,0.12939282746723488,31
solar_323811,7,1,0.0,0.0,0.0,0.0,31
solar_323811,7,2,0.0,0.0,0.0,0.0,31
solar_323811,7,3,0.0,0.0,0.0,0.0,31
solar_323811,7,4,0.0,0.0,0.0,0.0,31
solar_323811,7,5,0.0,0.0,0.0,0.0,31
solar_323811,7,6,0.0,0.0,0.0,0.0,31
solar_323811,7,7,0.0,0.0,0.0,0.0,31
solar_323811,7,8,0.0,0.0,0.0,0.0,31
solar_323811,7,9,0.0,0.0,0.0,0.0,31
solar_323811,7,10,0.3032340186129054,0.15565518722753724,0.26196666416592795,0.20160991910500642,31
solar_323811,7,11,0.9459126764168486,0.34806130193494744,1.001519419573268,0.3547843226685969,31
solar_323811,7,12,3.301524288508326,1.4146707638129616,3.5602293483571428,1.1618176623333432,31
solar_323811,7,13,6.465595741814298,1.916440377386045,6.134777385124891,2.203026542289636,31
solar_323811,7,14,8.787789943312221,2.9946850809778494,8.370543215568194,2.5930873277261046,31
solar_323811,7,15,11.248863654481925,2.4578360151773793,10.54596827897417,2.827738943971315,31
solar_323811,7,16,11.484203590099618,4.09353599932405,11.30526956959387,3.8205050150567224,31
solar_323811,7,17,12.076005621330932,3.7926705308294837,12.081477101570611,3.4615247366278985,31
solar_323811,7,18,11.727423519673014,4.157998336462137,10.415771606970814,4.137328485425242,31
solar_323811,7,19,9.745406457795687,3.856011291889488,9.544711827614295,3.5590016952390235,31
solar_323811,7,20,8.251597405875955,3.0346277826002535,8.081227901978414,2.979004677378437,31
solar_323811,7,21,5.9243953394519675,2.2801947934914946,5.873990750004798,2.3333425200074833,31
solar_323811,7,22,3.5593436600116997,1.0504457465286332,3.511994828160687,0.8661795099573586,31
solar_323811,7,23,1.0229847857531436,0.34982708478546765,1.0256356110695752,0.28911662326824583,31
solar_323811,8,0,0.0039470464402795065,0.01957089867416464,0.013817104940901744,0.02901474562207738,31
solar_323811,8,1,0.0,0.0,0.0,0.0,31
solar_323811,8,2,0.0,0.0,0.0,0.0,31
solar_323811,8,3,0.0,0.0,0.0,0.0,31
solar_323811,8,4,0.0,0.0,0.0,0.0,31
solar_323811,8,5,0.0,0.0,0.0,0.0,31
solar_323811,8,6,0.0,0.0,0.0,0.0,31
solar_323811,8,7,0.0,0.0,0.0,0.0,31
solar_323811,8,8,0.0,0.0,0.0,0.0,31
solar_323811,8,9,0.0,0.0,0.0,0.0,31
solar_323811,8,10,0.01003666468710142,0.029237833989542182,0.0,0.0,31
solar_323811,8,11,0.6955154991670532,0.32034145264366,0.7681197564677907,0.2752824874685124,31
solar_323811,8,12,2.9186230796070567,1.4787558887163,3.0595251329859807,1.158101567729694,31
solar_323811,8,13,5.343964428982673,2.7951811359321352,5.54050405978738,2.6578817383020588,31
solar_323811,8,14,7.398165268751923,4.204220558569004,7.646224931845125,3.589432101100814,31
solar_323811,8,15,9.165593343431356,4.588187676187651,9.518035856923008,3.6270923804976865,31
solar_323811,8,16,9.800495966238984,5.01898645617932,9.993716942102353,4.4641915734169775,31
solar_323811,8,17,10.218087500823628,4.8270223112660835,10.137078277125802,4.453901914201623,31
solar_323811,8,18,10.37287820402569,4.983212078704438,9.754030495614959,4.26940951473396,31
solar_323811,8,19,9.190097494512248,4.5019299262884145,8.444634986022173,3.7629060434892905,31
solar_323811,8,20,7.423197674976238,3.6365093364808283,7.781459209183038,2.991027053363113,31
solar_323811,8,21,4.704907262505063,2.9453666590701006,5.343674231302153,2.0886176225330453,31
solar_323811,8,22,2.5166032478940217,1.3718197840494566,2.6978988824901604,1.146546622381019,31
solar_323811,8,23,0.6188963563206582,0.3302014201582521,0.6310199771411176,0.23950012607007803,31
solar_323811,9,0,0.0,0.0,0.0,0.0,30
solar_323811,9,1,0.0,0.0,0.0,0.0,30
solar_323811,9,2,0.0,0.0,0.0,0.0,30
solar_323811,9,3,0.0,0.0,0.0,0.0,30
solar_323811,9,4,0.0,0.0,0.0,0.0,30
solar_323811,9,5,0.0,0.0,0.0,0.0,30
solar_323811,9,6,0.0,0.0,0.0,0.0,30
solar_323811,9,7,0.0,0.0,0.0,0.0,30
solar_323811,9,8,0.0,0.0,0.0,0.0,30
solar_323811,9,9,0.0,0.0,0.0,0.0,30
solar_323811,9,10,0.0,0.0,0.0,0.0,30
solar_323811,9,11,0.3450314772441258,0.2420123972554059,0.2580087105546266,0.27589001671040925,30
solar_323811,9,12,3.014847884561941,1.2410810151374991,3.002662173584892,1.1068213206885194,30
solar_323811,9,13,6.1092445209408375,2.2016177907816594,5.96705964950767,2.272487309780896,30
solar_323811,9,14,9.057003972744225,2.9587261209810123,8.6819496062061,3.5052839447192476,30
solar_323811,9,15,10.851713857620265,3.7489334866574135,10.822941110724921,3.5543465993493633,30
solar_323811,9,16,11.907912962858116,4.598852845232349,12.457548772993523,3.852890669244671,30
solar_323811,9,17,12.948690160422318,3.572650721904754,12.677808118173443,3.627174908307887,30
solar_323811,9,18,12.066783307070983,3.752489517912816,12.084881825838908,3.5610842283067283,30
solar_323811,9,19,10.022817064797685,4.095754187338422,9.31038892584336,4.223044085999085,30
solar_323811,9,20,7.991370155038492,2.8389749433315536,7.498022384835452,3.008240662289672,30
solar_323811,9,21,4.976057209362209,2.0256931012607224,4.858264232984637,1.9670579964346258,30
solar_323811,9,22,1.7984904648747198,0.8658568803699656,1.8352668419876954,0.8831096988743002,30
solar_323811,9,23,0.05732364942153676,0.12221572289036182,0.0728360467925512,0.1327420652249931,30
solar_323811,10,0,0.0,0.0,0.0,0.0,31
solar_323811,10,1,0.0,0.0,0.0,0.0,31
solar_323811,10,2,0.0,0.0,0.0,0.0,31
solar_323811,10,3,0.0,0.0,0.0,0.0,31
solar_323811,10,4,0.0,0.0,0.0,0.0,31
solar_323811,10,5,0.0,0.0,0.0,0.0,31
solar_323811,10,6,0.0,0.0,0.0,0.0,31
solar_323811,10,7,0.0,0.0,0.0,0.0,31
solar_323811,10,8,0.0,0.0,0.0,0.0,31
solar_323811,10,9,0.0,0.0,0.0,0.0,31
solar_323811,10,10,0.0,0.0,0.0,0.0,31
solar_323811,10,11,0.0,0.0,0.0,0.0,31
solar_323811,10,12,2.124551610016908,1.1280668483816825,1.8525143422542718,1.0976453743758416,31
solar_323811,10,13,6.126608499900459,2.4454194092834363,6.386439046141761,2.224237160802078,31
solar_323811,10,14,8.88381348879735,3.6152790913534414,9.369952020896115,3.133163148884408,31
solar_323811,10,15,10.31349700213628,4.700270522534354,11.038822014598649,4.212262256243295,31
solar_323811,10,16,11.731281434863282,5.32158626436473,11.80599211384117,4.368297353984209,31
solar_323811,10,17,11.876430476740902,4.750015204542776,11.461660379269487,4.9844910858770435,31
solar_323811,10,18,10.239960019986729,5.382482107590112,10.27798565434766,4.679642296002486,31
solar_323811,10,19,8.748914245400773,4.5055053814353325,8.827646878291674,4.177086513911168,31
solar_323811,10,20,6.779464865544607,2.9856545010755084,6.145001945719257,3.06003692405957,31
solar_323811,10,21,3.235213148774389,1.5459813356535845,3.1419724694382167,1.593734806276921,31
solar_323811,10,22,0.11452134346919951,0.20387751877081087,0.14036574949013228,0.2311729494606455,31
solar_323811,10,23,0.0,0.0,0.0,0.0,31
solar_323811,11,0,0.0,0.0,0.0,0.0,30
solar_323811,11,1,0.0,0.0,0.0,0.0,30
solar_323811,11,2,0.0,0.0,0.0,0.0,30
solar_323811,11,3,0.0,0.0,0.0,0.0,30
solar_323811,11,4,0.0,0.0,0.0,0.0,30
solar_323811,11,5,0.0,0.0,0.0,0.0,30
solar_323811,11,6,0.0,0.0,0.0,0.0,30
solar_323811,11,7,0.0,0.0,0.0,0.0,30
solar_323811,11,8,0.0,0.0,0.0,0.0,30
solar_323811,11,9,0.0,0.0,0.0,0.0,30
solar_323811,11,10,0.0,0.0,0.0,0.0,30
solar_323811,11,11,0.0,0.0,0.0,0.0,30
solar_323811,11,12,0.1880456981959521,0.3019976840247643,0.05575112445474864,0.15211734172542576,30
solar_323811,11,13,4.232106032284888,2.761943426036698,3.292706376501383,2.6963347573827976,30
solar_323811,11,14,7.129638319342755,4.404152635579372,6.251040503043481,4.266922649882343,30
solar_323811,11,15,9.463082792935824,5.35957218663399,7.689969943046011,5.109004788647487,30
solar_323811,11,16,9.213414898484348,5.894024166326969,8.958682001690997,5.494665285805,30
solar_323811,11,17,9.180072197941396,6.534746477972359,8.364721184124443,5.8310655829588445,30
solar_323811,11,18,8.60571957166153,5.623614659996439,7.440106150401625,5.498246510671035,30
solar_323811,11,19,7.695657746125042,4.495081857090862,7.3421903240765,4.317458506215729,30
solar_323811,11,20,4.770368539026483,2.9232503539888888,4.3474975296164375,2.992307229739859,30
solar_323811,11,21,0.7275251113275369,0.6960759133359659,0.9857728460231295,0.8129525735955011,30
solar_323811,11,22,0.0,0.0,0.0,0.0,30
solar_323811,11,23,0.0,0.0,0.0,0.0,30
solar_323811,12,0,0.0,0.0,0.0,0.0,31
solar_323811,12,1,0.0,0.0,0.0,0.0,31
solar_323811,12,2,0.0,0.0,0.0,0.0,31
solar_323811,12,3,0.0,0.0,0.0,0.0,31
solar_323811,12,4,0.0,0.0,0.0,0.0,31
solar_323811,12,5,0.0,0.0,0.0,0.0,31
solar_323811,12,6,0.0,0.0,0.0,0.0,31
solar_323811,12,7,0.0,0.0,0.0,0.0,31
solar_323811,12,8,0.0,0.0,0.0,0.0,31
solar_323811,12,9,0.0,0.0,0.0,0.0,31
solar_323811,12,10,0.0,0.0,0.0,0.0,31
solar_323811,12,11,0.0,0.0,0.0,0.0,31
solar_323811,12,12,0.0,0.0,0.0,0.0,31
solar_323811,12,13,2.3722857960003294,1.887375760408377,1.8242138595371662,1.6640411858944473,31
solar_323811,12,14,4.393057621934591,4.025999990703207,4.841933999045266,3.9319527037357966,31
solar_323811,12,15,7.0241100412488064,5.843102690704965,7.0601387304468,4.7134427058997375,31
solar_323811,12,16,7.038522032467721,6.179631190135117,8.329139974262997,5.29634515566619,31
solar_323811,12,17,7.246016688737828,6.031219327784651,8.797699713279272,5.327906495837276,31
solar_323811,12,18,6.253803063211324,5.630280498954284,8.16576380145744,4.973801011710297,31
solar_323811,12,19,5.577537230326498,5.2103110077687464,5.561304689199653,4.336047662012305,31
solar_323811,12,20,3.843321097986503,2.9930148533875913,3.644544707845051,2.7884551220464204,31
solar_323811,12,21,0.27043190614754903,0.3769683922379077,0.45289656808086526,0.5419079981372691,31
solar_323811,12,22,0.0,0.0,0.0,0.0,31
solar_323811,12,23,0.0,0.0,0.0,0.0,31
solar_323812,1,0,0.0,0.0,0.0,0.0,31
solar_323812,1,1,0.0,0.0,0.0,0.0,31
solar_323812,1,2,0.0,0.0,0.0,0.0,31
solar_323812,1,3,0.0,0.0,0.0,0.0,31
solar_323812,1,4,0.0,0.0,0.0,0.0,31
solar_323812,1,5,0.0,0.0,0.0,0.0,31
solar_323812,1,6,0.0,0.0,0.0,0.0,31
solar_323812,1,7,0.0,0.0,0.0,0.0,31
solar_323812,1,8,0.0,0.0,0.0,0.0,31
solar_323812,1,9,0.0,0.0,0.0,0.0,31
solar_323812,1,10,0.0,0.0,0.0,0.0,31
solar_323812,1,11,0.0,0.0,0.0,0.0,31
solar_323812,1,12,0.0,0.0,0.0,0.0,31
solar_323812,1,13,1.4257479541660272,1.900086755190068,1.3551363518575696,1.4130822568192518,31
solar_323812,1,14,3.6864316828712504,3.727905329345806,3.933338559589808,3.3395705917204177,31
solar_323812,1,15,5.18974619256627,5.019773298145698,5.599368713084536,4.465768348286432,31
solar_323812,1,16,5.626039787507085,5.753281658430638,6.28974058917137,4.842213313409255,31
solar_323812,1,17,5.166834620732226,5.956729361312817,5.730589933772036,4.1070863101587145,31
solar_323812,1,18,4.000264306594186,4.982855943353517,5.086329018321485,4.030553556972463,31
solar_323812,1,19,2.7916911557555877,4.1486511565125275,4.824300362542596,3.6566159934356994,31
solar_323812,1,20,2.385705697075218,3.079829985997747,3.614825155092162,2.8914292340591463,31
solar_323812,1,21,1.529264282920194,1.8236547158722654,1.3780557076670423,1.27707119794006,31
solar_323812,1,22,0.0,0.0,0.0006535820795233451,0.002842842725191475,31
solar_323812,1,23,0.0,0.0,0.0,0.0,31
solar_323812,2,0,0.0,0.0,0.0,0.0,29
solar_323812,2,1,0.0,0.0,0.0,0.0,29
solar_323812,2,2,0.0,0.0,0.0,0.0,29
solar_323812,2,3,0.0,0.0,0.0,0.0,29
solar_323812,2,4,0.0,0.0,0.0,0.0,29
solar_323812,2,5,0.0,0.0,0.0,0.0,29
solar_323812,2,6,0.0,0.0,0.0,0.0,29
solar_323812,2,7,0.0,0.0,0.0,0.0,29
solar_323812,2,8,0.0,0.0,0.0,0.0,29
solar_323812,2,9,0.0,0.0,0.0,0.0,29
solar_323812,2,10,0.0,0.0,0.0,0.0,29
solar_323812,2,11,0.0,0.0,0.0,0.0,29
solar_323812,2,12,0.10686500289949666,0.20432805879777563,0.05011949836740799,0.18913164106056043,29
solar_323812,2,13,3.4320326426661856,2.523352746319301,3.7393204522740073,2.3532103395802357,29
solar_323812,2,14,6.427301002616528,4.611269044291644,7.5581913079451954,3.8101411087778407,29
solar_323812,2,15,8.849859047492473,5.340411807989912,9.802194875447514,5.049209946882603,29
solar_323812,2,16,11.191892904823444,5.451005293338046,11.597622499986798,5.732677523804189,29
solar_323812,2,17,11.503368402212434,6.006782329491567,12.012550538955182,6.047547553987382,29
solar_323812,2,18,10.79123724958271,6.523558259146169,10.942107342054543,5.620685746073174,29
solar_323812,2,19,8.881052242731258,6.515422446556695,9.155834096151356,5.291549010604907,29
solar_323812,2,20,7.399774591253249,5.023678692826127,6.970154751749578,4.036629069126119,29
solar_323812,2,21,4.992206542563689,3.0909018921994025,3.994303312838251,2.9430498674937886,29
solar_323812,2,22,0.8535632599372001,0.9195363944504599,0.867012605273751,1.0034308357992665,29
solar_323812,2,23,0.0,0.0,0.0,0.0,29
solar_323812,3,0,0.0,0.0,0.0,0.0,31
solar_323812,3,1,0.0,0.0,0.0,0.0,31
solar_323812,3,2,0.0,0.0,0.0,0.0,31
solar_323812,3,3,0.0,0.0,0.0,0.0,31
solar_323812,3,4,0.0,0.0,0.0,0.0,31
solar_323812,3,5,0.0,0.0,0.0,0.0,31
solar_323812,3,6,0.0,0.0,0.0,0.0,31
solar_323812,3,7,0.0,0.0,0.0,0.0,31
solar_323812,3,8,0.0,0.0,0.0,0.0,31
solar_323812,3,9,0.0,0.0,0.0,0.0,31
solar_323812,3,10,0.0,0.0,0.0,0.0,31
solar_323812,3,11,0.03426074488106439,0.08503329440991762,0.0,0.0,31
solar_323812,3,12,1.4975537317213692,1.3886024772966485,1.589090251729742,1.231692038258774,31
solar_323812,3,13,4.49138108500721,3.224092914213291,4.443034710786552,2.9634396775138674,31
solar_323812,3,14,6.237374959444989,4.909762441621204,6.309301309788698,4.533598410820524,31
solar_323812,3,15,8.255459115216173,5.619862303746816,8.092543087495217,5.4713072358468,31
solar_323812,3,16,8.111753537583994,6.8583444695540745,9.136878689546233,5.7237300233568265,31
solar_323812,3,17,7.821840144104699,7.167675486002724,9.760244238357418,6.038602051774621,31
solar_323812,3,18,8.092645396558336,6.918719605878196,9.134177406959541,5.455146853801117,31
solar_323812,3,19,6.785763687630427,6.288042458576256,7.150226460493429,5.318193251098606,31
solar_323812,3,20,5.501663554614626,5.320154510336952,5.671128627025664,4.529456348153703,31
solar_323812,3,21,4.25285338922173,3.573718912017309,4.199968074662865,2.7062368123431435,31
solar_323812,3,22,2.0200040566595936,1.5293095388527045,1.9094107756348881,1.4285812192790541,31
solar_323812,3,23,0.04859310709208992,0.10227602704900093,0.06429374383875273,0.10026083412128486,31
solar_323812,4,0,0.0,0.0,0.0,0.0,30
solar_323812,4,1,0.0,0.0,0.0,0.0,30
solar_323812,4,2,0.0,0.0,0.0,0.0,30
solar_323812,4,3,0.0,0.0,0.0,0.0,30
solar_323812,4,4,0.0,0.0,0.0,0.0,30
solar_323812,4,5,0.0,0.0,0.0,0.0,30
solar_323812,4,6,0.0,0.0,0.0,0.0,30
solar_323812,4,7,0.0,0.0,0.0,0.0,30
solar_323812,4,8,0.0,0.0,0.0,0.0,30
solar_323812,4,9,0.0,0.0,0.0,0.0,30
solar_323812,4,10,0.0010247857047189066,0.003903899405669209,0.0,0.0,30
solar_323812,4,11,0.5172637280620954,0.3256813204445409,0.5680011633376555,0.3412964743677283,30
solar_323812,4,12,2.7669897083980732,1.9082190753943464,2.546968702650529,1.6984078096547488,30
solar_323812,4,13,4.881067964822652,3.7586556714864963,5.4743197466452775,2.8228360026959725,30
solar_323812,4,14,6.888579772390349,5.007799718373346,7.239689621620456,4.178252680778278,30
solar_323812,4,15,8.17810321864773,5.8813625296771015,8.534095063770746,5.098935662418562,30
solar_323812,4,16,8.030081019334695,6.869927327246077,9.136968739293401,5.6102509304774575,30
solar_323812,4,17,9.109420580552293,6.626590082099158,8.833075858881532,5.663979129428788,30
solar_323812,4,18,8.014219506019964,6.79260381537222,8.602668047662025,5.353450403395791,30
solar_323812,4,19,6.444547900671856,6.164361139631862,6.820210237522324,4.777230502972973,30
solar_323812,4,20,4.939592592451243,4.920444484898614,5.720247357229784,4.079793583361745,30
solar_323812,4,21,4.037086206173321,3.547259740855465,3.9537056410209184,2.938468491531159,30
solar_323812,4,22,1.9140460311875407,1.7889553466400754,1.991015636262562,1.4284165203293258,30
solar_323812,4,23,0.38228744317566216,0.31554451136617695,0.4021145810642815,0.2434047865874164,30
solar_323812,5,0,0.09285441698881894,0.12141785374460635,0.11209829206204026,0.13582080911264902,31
solar_323812,5,1,0.0,0.0,0.0,0.0,31
solar_323812,5,2,0.0,0.0,0.0,0.0,31
solar_323812,5,3,0.0,0.0,0.0,0.0,31
solar_323812,5,4,0.0,0.0,0.0,0.0,31
solar_323812,5,5,0.0,0.0,0.0,0.0,31
solar_323812,5,6,0.0,0.0,0.0,0.0,31
solar_323812,5,7,0.0,0.0,0.0,0.0,31
solar_323812,5,8,0.0,0.0,0.0,0.0,31
solar_323812,5,9,0.0,0.0,0.0,0.0,31
solar_323812,5,10,0.2788435071752697,0.18246078265685306,0.23152635481913936,0.2017071247863085,31
solar_323812,5,11,0.9036779782573354,0.4720971079645094,1.0839324817144724,0.44423726170922295,31
solar_323812,5,12,3.0453075828101,1.9117112612217082,3.2458570903036206,1.65499820463549,31
solar_323812,5,13,5.638898460326762,3.2063542023356786,5.924161980891525,2.9121839882534473,31
solar_323812,5,14,7.419336174594268,4.591314432557186,8.013860192949357,3.689829359455213,31
solar_323812,5,15,9.611120713631424,4.835203798199287,9.671053106126847,4.576911125195978,31
solar_323812,5,16,10.86537127450053,5.034933085674325,10.267926820436474,5.340863125446994,31
solar_323812,5,17,10.549923143073878,5.628920765217263,10.843760644383917,5.070005464470166,31
solar_323812,5,18,10.693369546238369,5.370631054905107,9.723954245140837,5.382702014538695,31
solar_323812,5,19,9.426332913662929,4.790241598898957,7.966027358157413,4.576832783919557,31
solar_323812,5,20,7.333195444347004,3.7694791502579106,6.778631080442033,3.741999250827495,31
solar_323812,5,21,5.515148072497892,2.463765616770931,5.101788883373077,2.393022805621322,31
solar_323812,5,22,2.9891543002792065,1.2837783233046358,2.8242568964939023,1.2851368159441992,31
solar_323812,5,23,0.8582461101597771,0.310978990788686,0.8256113506725749,0.22757582328767845,31
solar_323812,6,0,0.35724020765231096,0.16948052286976015,0.42469325735910324,0.10386097493648026,30
solar_323812,6,1,0.0,0.0,0.0,0.0,30
solar_323812,6,2,0.0,0.0,0.0,0.0,30
solar_323812,6,3,0.0,0.0,0.0,0.0,30
solar_323812,6,4,0.0,0.0,0.0,0.0,30
solar_323812,6,5,0.0,0.0,0.0,0.0,30
solar_323812,6,6,0.0,0.0,0.0,0.0,30
solar_323812,6,7,0.0,0.0,0.0,0.0,30
solar_323812,6,8,0.0,0.0,0.0,0.0,30
solar_323812,6,9,0.0,0.0,0.0,0.0,30
solar_323812,6,10,0.42373708669118787,0.16767222742350474,0.4608012460243575,0.13604400796636784,30
solar_323812,6,11,0.9518114192595114,0.43728002087699513,1.1526183803977232,0.4294435614621618,30
solar_323812,6,12,3.325706372116184,1.6629388421584754,3.4505199721748228,1.2926735974091863,30
solar_323812,6,13,6.073474339303245,2.66511873271487,5.523750991928321,2.6967133305467645,30
solar_323812,6,14,8.504091316994424,3.4088311292562135,7.780546436250339,3.3789551920179917,30
solar_323812,6,15,10.195980720226116,4.05370660018938,10.449598944858154,3.003904108648849,30
solar_323812,6,16,10.7182142874191,4.4458718604011205,10.3210238143377,4.575225237286239,30
solar_323812,6,17,10.603880808455248,5.017498562346734,11.610942643656474,3.7486627141509308,30
solar_323812,6,18,10.270682567937842,5.071760945073324,10.950212947956057,4.1429685961761225,30
solar_323812,6,19,9.923337397742147,4.037773113562111,9.312465316633553,3.764783050602836,30
solar_323812,6,20,8.080408501467453,3.2373237858823756,7.902225255103308,3.3071379263408036,30
solar_323812,6,21,5.2975004620543755,2.7693305492901747,6.094045728285967,1.8066332297896548,30
solar_323812,6,22,2.997901170124791,1.4639663147849484,3.584685139930772,0.8051404522810324,30
solar_323812,6,23,0.9331293788764127,0.4749124049544107,1.0370388706945282,0.26497567064723127,30
solar_323812,7,0,0.3159166020648283,0.16319879156721245,0.3731619640258291,0.11525946120075106,31
solar_323812,7,1,0.0,0.0,0.0,0.0,31
solar_323812,7,2,0.0,0.0,0.0,0.0,31
solar_323812,7,3,0.0,0.0,0.0,0.0,31
solar_323812,7,4,0.0,0.0,0.0,0.0,31
solar_323812,7,5,0.0,0.0,0.0,0.0,31
solar_323812,7,6,0.0,0.0,0.0,0.0,31
solar_323812,7,7,0.0,0.0,0.0,0.0,31
solar_323812,7,8,0.0,0.0,0.0,0.0,31
solar_323812,7,9,0.0,0.0,0.0,0.0,31
solar_323812,7,10,0.27526347815257374,0.14547068337106273,0.23356979439813136,0.18539590420771543,31
solar_323812,7,11,0.8871811405414837,0.35190769524226745,0.8842680486830791,0.2638718873520504,31
solar_323812,7,12,3.4271880992069055,0.9746031883211955,3.443481204337395,0.9668293544669503,31
solar_323812,7,13,6.486489525272986,1.3558471919395578,5.745577711855086,2.236567891092461,31
solar_323812,7,14,9.054062346304383,2.104736829224944,8.245371360937204,2.7744030806289475,31
solar_323812,7,15,10.864372302519383,3.525754622201344,9.939486521146023,3.6227763655701906,31
solar_323812,7,16,11.64492629556167,4.088334757958597,11.479308287964937,3.6844860024905226,31
solar_323812,7,17,11.829150834256458,3.6453558077366917,11.16365093394673,4.296134461828792,31
solar_323812,7,18,11.77144890569209,3.0222874118079512,10.900846141476018,4.012760341886735,31
solar_323812,7,19,10.23404263355206,3.2129388022802496,9.690187602074992,3.5645196023698906,31
solar_323812,7,20,8.654667293646531,2.7779802766752675,8.0647815372645,3.2779294815306756,31
solar_323812,7,21,6.224111577715842,2.397855011252317,6.346681869305585,1.6819922664931743,31
solar_323812,7,22,3.5426161782560137,1.2534715166082924,3.713152868385858,0.8585653982309422,31
solar_323812,7,23,1.0558521257495148,0.39029951475043045,1.1088403888370457,0.23831157228739516,31
solar_323812,8,0,0.010485948402105403,0.03691847006459601,0.024369717034399267,0.051646307976052665,31
solar_323812,8,1,0.0,0.0,0.0,0.0,31
solar_323812,8,2,0.0,0.0,0.0,0.0,31
solar_323812,8,3,0.0,0.0,0.0,0.0,31
solar_323812,8,4,0.0,0.0,0.0,0.0,31
solar_323812,8,5,0.0,0.0,0.0,0.0,31
solar_323812,8,6,0.0,0.0,0.0,0.0,31
solar_323812,8,7,0.0,0.0,0.0,0.0,31
solar_323812,8,8,0.0,0.0,0.0,0.0,31
solar_323812,8,9,0.0,0.0,0.0,0.0,31
solar_323812,8,10,0.00479514968283911,0.014811393758818937,0.0,0.0,31
solar_323812,8,11,0.6123942667949533,0.29631914057619035,0.6619421339222109,0.2783687217120262,31
solar_323812,8,12,2.445775708085344,1.4735028331988955,2.8220232987473217,1.2749270493163167,31
solar_323812,8,13,5.152206960033019,2.7733613763144827,5.257732016214698,2.587275705591833,31
solar_323812,8,14,7.699254302413988,3.622208607474611,7.890632920746328,3.324075911194699,31
solar_323812,8,15,8.963868802915634,4.368597192264554,9.146688520190084,3.986968501680648,31
solar_323812,8,16,9.825597613369279,5.074099089506856,9.593917552914997,4.546510796959206,31
solar_323812,8,17,9.800894782556123,5.106344437008503,10.25727038341372,4.501443944362769,31
solar_323812,8,18,8.969872352996337,4.844109742151032,8.757505927214392,4.437861749590397,31
solar_323812,8,19,7.590505951246957,4.7169611461042535,7.751662309852885,4.313539282209257,31
solar_323812,8,20,5.887239199587617,4.108295892865424,6.620580873764204,3.5656160737120524,31
solar_323812,8,21,4.094260887446714,3.028601749072197,4.889385294944402,2.5601814804733736,31
solar_323812,8,22,2.6461411026968977,1.3528565028168862,2.583893700854202,1.2792941807736993,31
solar_323812,8,23,0.688939795348332,0.315853236611011,0.6045666060396983,0.3493943219811592,31
solar_323812,9,0,0.0,0.0,0.0,0.0,30
solar_323812,9,1,0.0,0.0,0.0,0.0,30
solar_323812,9,2,0.0,0.0,0.0,0.0,30
solar_323812,9,3,0.0,0.0,0.0,0.0,30
solar_323812,9,4,0.0,0.0,0.0,0.0,30
solar_323812,9,5,0.0,0.0,0.0,0.0,30
solar_323812,9,6,0.0,0.0,0.0,0.0,30
solar_323812,9,7,0.0,0.0,0.0,0.0,30
solar_323812,9,8,0.0,0.0,0.0,0.0,30
solar_323812,9,9,0.0,0.0,0.0,0.0,30
solar_323812,9,10,0.0,0.0,0.0,0.0,30
solar_323812,9,11,0.25885991278822645,0.21141646492330501,0.19692031046466035,0.2414044887212072,30
solar_323812,9,12,2.730676405009618,1.0805687924549785,2.731433724620912,1.1294637649396364,30
solar_323812,9,13,5.758419103258562,2.3932664918127826,5.723819914927249,2.3855856677731566,30
solar_323812,9,14,8.40736541319827,3.6019192897850463,9.010493464603906,3.021757920258595,30
solar_323812,9,15,10.804828961871603,4.082313856247054,10.931380882024671,3.6207141832220313,30
solar_323812,9,16,11.976257834307495,4.563217262024031,12.568381799195832,3.6825699403781735,30
solar_323812,9,17,11.905231148057517,5.077984330443799,12.286919410902577,4.263376060011732,30
solar_323812,9,18,11.69690901221455,4.655811335370133,11.276703989198067,4.240509829920187,30
solar_323812,9,19,10.55351283593314,4.163420364591563,10.35570577800763,3.503168972200327,30
solar_323812,9,20,7.954735813446202,3.5131257320665714,7.94212241773486,2.9298672588099084,30
solar_323812,9,21,5.0474288177882105,2.222394992131943,5.185565331626046,1.8637466909856826,30
solar_323812,9,22,1.900159404066166,0.9561778377570395,1.8182335325099077,1.0232297851539836,30
solar_323812,9,23,0.07921950125505409,0.14626793675153188,0.10387038852851228,0.15170526889685504,30
solar_323812,10,0,0.0,0.0,0.0,0.0,31
solar_323812,10,1,0.0,0.0,0.0,0.0,31
solar_323812,10,2,0.0,0.0,0.0,0.0,31
solar_323812,10,3,0.0,0.0,0.0,0.0,31
solar_323812,10,4,0.0,0.0,0.0,0.0,31
solar_323812,10,5,0.0,0.0,0.0,0.0,31
solar_323812,10,6,0.0,0.0,0.0,0.0,31
solar_323812,10,7,0.0,0.0,0.0,0.0,31
solar_323812,10,8,0.0,0.0,0.0,0.0,31
solar_323812,10,9,0.0,0.0,0.0,0.0,31
solar_323812,10,10,0.0,0.0,0.0,0.0,31
solar_323812,10,11,0.0,0.0,0.0,0.0,31
solar_323812,10,12,1.6458600508089305,1.0384806612005142,1.839657624442542,0.9366845116059701,31
solar_323812,10,13,5.40702007326581,2.6255028740915867,6.083607183802252,2.2726650452105965,31
solar_323812,10,14,9.177439306583587,3.2277667092158016,8.66744006967659,3.4084985866424407,31
solar_323812,10,15,11.266153788237208,3.468122261240861,9.987961921384352,4.535680125032217,31
solar_323812,10,16,12.481829488229234,4.418738071865263,10.953737725957383,5.053771005761133,31
solar_323812,10,17,12.340164221460592,4.500943354167032,10.711237362023931,4.719528040187135,31
solar_323812,10,18,11.29363340317913,4.6141402546113115,10.094003126018588,4.224346683351874,31
solar_323812,10,19,9.386312292087066,4.338754502455487,8.446010357068944,4.0097241680567475,31
solar_323812,10,20,6.58045353178712,3.2081206334067707,6.293224423487909,3.0087791455488793,31
solar_323812,10,21,3.1891364542022806,1.5341936439481958,3.0370327744028627,1.6473364584180414,31
solar_323812,10,22,0.15663040566438519,0.24140482105164995,0.16165709382597834,0.2617334869649544,31
solar_323812,10,23,0.0,0.0,0.0,0.0,31
solar_323812,11,0,0.0,0.0,0.0,0.0,30
solar_323812,11,1,0.0,0.0,0.0,0.0,30
solar_323812,11,2,0.0,0.0,0.0,0.0,30
solar_323812,11,3,0.0,0.0,0.0,0.0,30
solar_323812,11,4,0.0,0.0,0.0,0.0,30
solar_323812,11,5,0.0,0.0,0.0,0.0,30
solar_323812,11,6,0.0,0.0,0.0,0.0,30
solar_323812,11,7,0.0,0.0,0.0,0.0,30
solar_323812,11,8,0.0,0.0,0.0,0.0,30
solar_323812,11,9,0.0,0.0,0.0,0.0,30
solar_323812,11,10,0.0,0.0,0.0,0.0,30
solar_323812,11,11,0.0,0.0,0.0,0.0,30
solar_323812,11,12,0.11695293791346742,0.2220895344346876,0.028735353295540497,0.08284776725622389,30
solar_323812,11,13,3.7557373930813873,2.6023591750177735,3.54767413168287,2.500630377058261,30
solar_323812,11,14,7.512654422445735,3.991536798715576,6.229638574351802,4.092656824102183,30
solar_323812,11,15,9.726567255137457,4.808017650090409,8.162852601737484,4.941860903379127,30
solar_323812,11,16,10.136510053509673,5.777251826403174,8.189198458885594,5.806399200477284,30
solar_323812,11,17,10.266652356211333,5.6551481388557985,7.234067626983534,5.849069236946451,30
solar_323812,11,18,7.566493029008351,5.747510261012182,6.8597534153945094,5.389212848896211,30
solar_323812,11,19,7.995867815421698,4.382475084090694,6.645616669371465,4.166957096858516,30
solar_323812,11,20,4.801673557651703,3.152508707601183,5.1225180981036855,2.9268824191903082,30
solar_323812,11,21,0.9895186218458186,0.8402653795532363,1.0503003601081946,0.9201370067752547,30
solar_323812,11,22,0.0,0.0,0.0,0.0,30
solar_323812,11,23,0.0,0.0,0.0,0.0,30
solar_323812,12,0,0.0,0.0,0.0,0.0,31
solar_323812,12,1,0.0,0.0,0.0,0.0,31
solar_323812,12,2,0.0,0.0,0.0,0.0,31
solar_323812,12,3,0.0,0.0,0.0,0.0,31
solar_323812,12,4,0.0,0.0,0.0,0.0,31
solar_323812,12,5,0.0,0.0,0.0,0.0,31
solar_323812,12,6,0.0,0.0,0.0,0.0,31
solar_323812,12,7,0.0,0.0,0.0,0.0,31
solar_323812,12,8,0.0,0.0,0.0,0.0,31
solar_323812,12,9,0.0,0.0,0.0,0.0,31
solar_323812,12,10,0.0,0.0,0.0,0.0,31
solar_323812,12,11,0.0,0.0,0.0,0.0,31
solar_323812,12,12,0.0,0.0,0.0,0.0,31
solar_323812,12,13,1.9737644442500766,1.7672899762133965,1.5009109898713742,1.360404699155519,31
solar_323812,12,14,4.89040033802699,3.9962379611066825,4.21603746748286,3.4995629925251186,31
solar_323812,12,15,5.242710910858866,5.41794955287375,6.608031734952312,4.732406834224043,31
solar_323812,12,16,6.52193525762325,6.1137801881893905,7.549068876984643,5.165854132057272,31
solar_323812,12,17,7.0170087690408085,6.4828639129680425,6.755149602144391,5.269036118723395,31
solar_323812,12,18,6.044576251774548,5.855820091591355,6.510895607390322,4.655176798207578,31
solar_323812,12,19,5.537962558726245,4.743037053839973,5.1021083264623615,3.9635524764296513,31
solar_323812,12,20,3.6784126029307354,3.301744204323361,3.4905276479867995,2.6670316713773357,31
solar_323812,12,21,0.4291301554784568,0.5169115733907593,0.6073212993621917,0.7035944677497222,31
solar_323812,12,22,0.0,0.0,0.0,0.0,31
solar_323812,12,23,0.0,0.0,0.0,0.0,31
solar_323813,1,0,0.0,0.0,0.0,0.0,31
solar_323813,1,1,0.0,0.0,0.0,0.0,31
solar_323813,1,2,0.0,0.0,0.0,0.0,31
solar_323813,1,3,0.0,0.0,0.0,0.0,31
solar_323813,1,4,0.0,0.0,0.0,0.0,31
solar_323813,1,5,0.0,0.0,0.0,0.0,31
solar_323813,1,6,0.0,0.0,0.0,0.0,31
solar_323813,1,7,0.0,0.0,0.0,0.0,31
solar_323813,1,8,0.0,0.0,0.0,0.0,31
solar_323813,1,9,0.0,0.0,0.0,0.0,31
solar_323813,1,10,0.0,0.0,0.0,0.0,31
solar_323813,1,11,0.0,0.0,0.0,0.0,31
solar_323813,1,12,0.0,0.0,0.0,0.0,31
solar_323813,1,13,1.5660988226554624,1.9353382583625192,1.284599701603471,1.3168480087478844,31
solar_323813,1,14,3.6344216482033027,3.8450915817605194,4.021136192146514,3.3903768467676674,31
solar_323813,1,15,4.835469297418893,5.10821732929532,5.645465774587999,4.291002849787538,31
solar_323813,1,16,5.100963295293878,5.281927323503301,6.455869296879796,5.095029638399805,31
solar_323813,1,17,5.71368080684425,6.310807459964704,6.168637257007196,4.5272933276466105,31
solar_323813,1,18,4.7511443937627424,5.553027280695287,5.599300269284053,4.307140632643688,31
solar_323813,1,19,3.228429191351714,4.33600165153708,5.175491688202359,3.851823902250012,31
solar_323813,1,20,2.424283977298334,3.1834312022038938,3.6761582568878364,2.755456604957727,31
solar_323813,1,21,1.400435728277095,1.8588288196840048,1.4869239713646634,1.3892142193996162,31
solar_323813,1,22,0.0,0.0,0.0009271300009730484,0.004310961950819207,31
solar_323813,1,23,0.0,0.0,0.0,0.0,31
solar_323813,2,0,0.0,0.0,0.0,0.0,29
solar_323813,2,1,0.0,0.0,0.0,0.0,29
solar_323813,2,2,0.0,0.0,0.0,0.0,29
solar_323813,2,3,0.0,0.0,0.0,0.0,29
solar_323813,2,4,0.0,0.0,0.0,0.0,29
solar_323813,2,5,0.0,0.0,0.0,0.0,29
solar_323813,2,6,0.0,0.0,0.0,0.0,29
solar_323813,2,7,0.0,0.0,0.0,0.0,29
solar_323813,2,8,0.0,0.0,0.0,0.0,29
solar_323813,2,9,0.0,0.0,0.0,0.0,29
solar_323813,2,10,0.0,0.0,0.0,0.0,29
solar_323813,2,11,0.0,0.0,0.0,0.0,29
solar_323813,2,12,0.1069083954917146,0.20484289987398124,0.0505561358018932,0.18950547487540126,29
solar_323813,2,13,3.496645892609569,2.4802728870436446,3.9116468102962676,2.3175892148579904,29
solar_323813,2,14,6.833152240826206,4.671626966202641,7.932483389519973,3.6356441317230757,29
solar_323813,2,15,9.34938179036846,5.501894945169669,10.168818334710638,4.981743266512045,29
solar_323813,2,16,11.550927046067645,5.440552164778183,11.524760646722179,5.462516762283658,29
solar_323813,2,17,12.021368895602379,6.08465358803722,12.195834338948195,5.768776588587836,29
solar_323813,2,18,11.031605069070961,6.635116660284316,11.397710505936814,6.091672785581561,29
solar_323813,2,19,8.557137862412997,6.571352087554574,9.605094163388104,4.612434768673481,29
solar_323813,2,20,7.941488081348083,4.964923604351968,7.11721046218291,4.169971297571798,29
solar_323813,2,21,4.943716616986837,3.2530881436386263,3.971141722587278,2.864195121976299,29
solar_323813,2,22,0.8393361717426037,0.9350034305072659,0.899963272867314,1.0397018423724205,29
solar_323813,2,23,0.0,0.0,0.0,0.0,29
solar_323813,3,0,0.0,0.0,0.0,0.0,31
solar_323813,3,1,0.0,0.0,0.0,0.0,31
solar_323813,3,2,0.0,0.0,0.0,0.0,31
solar_323813,3,3,0.0,0.0,0.0,0.0,31
solar_323813,3,4,0.0,0.0,0.0,0.0,31
solar_323813,3,5,0.0,0.0,0.0,0.0,31
solar_323813,3,6,0.0,0.0,0.0,0.0,31
solar_323813,3,7,0.0,0.0,0.0,0.0,31
solar_323813,3,8,0.0,0.0,0.0,0.0,31
solar_323813,3,9,0.0,0.0,0.0,0.0,31
solar_323813,3,10,0.0,0.0,0.0,0.0,31
solar_323813,3,11,0.03472742859532101,0.08647280012544707,0.0,0.0,31
solar_323813,3,12,1.576169267842691,1.3784311901220359,1.5896720725387095,1.2774517490960047,31
solar_323813,3,13,4.522789523759491,3.329459578566057,4.3532582350570665,3.0477561574040815,31
solar_323813,3,14,6.307514423644188,4.971784681241453,6.195407385539807,4.482204026456453,31
solar_323813,3,15,7.803840885584912,5.608650804590198,8.11613867350694,5.406848297306721,31
solar_323813,3,16,7.832149631389963,6.783231385595178,8.947030718571092,5.718507978566685,31
solar_323813,3,17,8.042719000703942,7.49347840765287,9.446348642671849,5.7409935674387915,31
solar_323813,3,18,8.161626427160563,7.076869554440744,9.128605800698056,5.490997895793867,31
solar_323813,3,19,6.6862397926756465,6.299078469027887,7.78673644885131,5.22064662975194,31
solar_323813,3,20,5.190630287698064,5.389022658487088,5.919246255484674,4.519121475444913,31
solar_323813,3,21,4.24728800260629,3.586292919269072,4.290330284366244,2.7988555532503248,31
solar_323813,3,22,2.0710050186786257,1.5125017414474735,1.9569345862233403,1.3775545316210085,31
solar_323813,3,23,0.04884535354710038,0.10341358741052964,0.06666104618191993,0.1033654704672039,31
solar_323813,4,0,0.0,0.0,0.0,0.0,30
solar_323813,4,1,0.0,0.0,0.0,0.0,30
solar_323813,4,2,0.0,0.0,0.0,0.0,30
solar_323813,4,3,0.0,0.0,0.0,0.0,30
solar_323813,4,4,0.0,0.0,0.0,0.0,30
solar_323813,4,5,0.0,0.0,0.0,0.0,30
solar_323813,4,6,0.0,0.0,0.0,0.0,30
solar_323813,4,7,0.0,0.0,0.0,0.0,30
solar_323813,4,8,0.0,0.0,0.0,0.0,30
solar_323813,4,9,0.0,0.0,0.0,0.0,30
solar_323813,4,10,0.0010809413569836835,0.004113847453444098,0.0,0.0,30
solar_323813,4,11,0.5080511104241577,0.35727187366774865,0.5640606362155831,0.32713503310650077,30
solar_323813,4,12,2.550191205049812,1.9548966516862547,2.5210150957638033,1.7137384009659844,30
solar_323813,4,13,5.105494698605009,3.7084378936488904,5.457569547710472,2.897470476273429,30
solar_323813,4,14,7.304888594501869,4.902538448861582,7.008335675432785,4.054834278878119,30
solar_323813,4,15,8.153578085667009,6.075966921567154,8.802435246820217,5.095438496641291,30
solar_323813,4,16,7.938689018414132,6.92888350612808,9.141931439532078,5.674999425222552,30
solar_323813,4,17,9.17546068338275,6.737216317999817,8.776544788730314,5.833036718182255,30
solar_323813,4,18,8.197096390460723,6.783097948602844,8.980164683602792,5.344752682616223,30
solar_323813,4,19,6.468416193126221,6.146195508809872,6.877453093198188,4.9629302272354465,30
solar_323813,4,20,5.097592516892846,4.926092493897897,5.83024939065515,4.125912183550618,30
solar_323813,4,21,3.8417789374939004,3.663976261172131,4.244127692720297,3.0060658723040783,30
solar_323813,4,22,1.9168739554707195,1.8145810715305961,1.9157939218897158,1.4670685947451672,30
solar_323813,4,23,0.37895740350762774,0.3201907890244745,0.39909535581292216,0.26543941983624203,30
solar_323813,5,0,0.09828968288300167,0.12485684640242761,0.1179950921774295,0.13460752537888612,31
solar_323813,5,1,0.0,0.0,0.0,0.0,31
solar_323813,5,2,0.0,0.0,0.0,0.0,31
solar_323813,5,3,0.0,0.0,0.0,0.0,31
solar_323813,5,4,0.0,0.0,0.0,0.0,31
solar_323813,5,5,0.0,0.0,0.0,0.0,31
solar_323813,5,6,0.0,0.0,0.0,0.0,31
solar_323813,5,7,0.0,0.0,0.0,0.0,31
solar_323813,5,8,0.0,0.0,0.0,0.0,31
solar_323813,5,9,0.0,0.0,0.0,0.0,31
solar_323813,5,10,0.27697605011856086,0.18487518561003713,0.2328143374211747,0.19466084705496475,31
solar_323813,5,11,0.8961124956952261,0.4756949482424381,1.09206109146415,0.37933602202118116,31
solar_323813,5,12,2.9499987602513067,1.9387244449895096,3.2867597220120954,1.6851025651148788,31
solar_323813,5,13,5.562598432454243,3.377661917644621,5.904925926416469,2.921622026248661,31
solar_323813,5,14,7.482663354729782,4.633399475896951,8.077340389718326,3.6512658727114045,31
solar_323813,5,15,9.411260087290525,5.138011454377937,9.70540761770721,4.481012142497861,31
solar_323813,5,16,11.090092113263715,5.159874434999022,10.07258030833795,5.450044976190608,31
solar_323813,5,17,11.174218673255782,5.312483515000832,10.891342671668612,5.070422404668095,31
solar_323813,5,18,10.66051008380982,5.562224304155615,9.918947494923556,5.3612867677785605,31
solar_323813,5,19,9.651740857566535,4.739507178899961,8.175679225827087,4.58331582491105,31
solar_323813,5,20,7.428670035362228,3.7463723616863076,6.949971757101547,3.886596885438831,31
solar_323813,5,21,5.386996369066234,2.632364978887512,5.19739154416729,2.410062933482158,31
solar_323813,5,22,3.0385700091695624,1.1802100013906809,2.9634981129701954,1.2309593730434099,31
solar_323813,5,23,0.8585880793760762,0.34235498008751775,0.8524092748374508,0.2055260105903046,31
solar_323813,6,0,0.34189835459284385,0.18894189304453265,0.43229271134764996,0.10539071151536701,30
solar_323813,6,1,0.0,0.0,0.0,0.0,30
solar_323813,6,2,0.0,0.0,0.0,0.0,30
solar_323813,6,3,0.0,0.0,0.0,0.0,30
solar_323813,6,4,0.0,0.0,0.0,0.0,30
solar_323813,6,5,0.0,0.0,0.0,0.0,30
solar_323813,6,6,0.0,0.0,0.0,0.0,30
solar_323813,6,7,0.0,0.0,0.0,0.0,30
solar_323813,6,8,0.0,0.0,0.0,0.0,30
solar_323813,6,9,0.0,0.0,0.0,0.0,30
solar_323813,6,10,0.42923978376282274,0.1699324197169613,0.4554258140422279,0.1471682287573782,30
solar_323813,6,11,0.9923636170106959,0.479950669156171,1.0940933646492057,0.43394873863804245,30
solar_323813,6,12,3.2789267581338,1.6731821844206218,3.3734779108802004,1.3616110825713024,30
solar_323813,6,13,6.257033639094241,2.49440688531764,5.671073525183548,2.57125881794926,30
solar_323813,6,14,8.098687250026138,3.5573699305043918,7.967322867939089,3.4044484225575404,30
solar_323813,6,15,10.06542453181723,4.276522506471375,10.299278069688421,3.234556681752027,30
solar_323813,6,16,10.626934123522235,4.903337483552651,10.328634707099006,4.522183783319146,30
solar_323813,6,17,10.93080607713661,4.656552228718689,11.467468401597062,4.235581239240196,30
solar_323813,6,18,9.77183119356176,5.382774100918152,11.17018668493051,3.8858029087343446,30
solar_323813,6,19,10.035209932439283,4.289432029490415,9.383396597419344,3.794945826520286,30
solar_323813,6,20,7.676989015331848,3.465745294909419,7.744867938968864,3.2934896136817513,30
solar_323813,6,21,5.590636970323702,2.7371182385527026,6.394262607897527,1.8585710634077672,30
solar_323813,6,22,3.068018424063775,1.4587856335771388,3.639207958289304,0.8124140444341746,30
solar_323813,6,23,1.026313285386317,0.456768493061318,1.0809277794978025,0.2829428550219833,30
solar_323813,7,0,0.30671859606873547,0.1625745632368472,0.3498805701673251,0.14076881500245797,31
solar_323813,7,1,0.0,0.0,0.0,0.0,31
solar_323813,7,2,0.0,0.0,0.0,0.0,31
solar_323813,7,3,0.0,0.0,0.0,0.0,31
solar_323813,7,4,0.0,0.0,0.0,0.0,31
solar_323813,7,5,0.0,0.0,0.0,0.0,31
solar_323813,7,6,0.0,0.0,0.0,0.0,31
solar_323813,7,7,0.0,0.0,0.0,0.0,31
solar_323813,7,8,0.0,0.0,0.0,0.0,31
solar_323813,7,9,0.0,0.0,0.0,0.0,31
solar_323813,7,10,0.2668703446364444,0.14579217198269354,0.22925882247632232,0.1887335015415674,31
solar_323813,7,11,0.8913472936084833,0.2809821665903957,0.885031856044625,0.2922891561251577,31
solar_323813,7,12,3.1981866846516533,1.189354011737563,3.477994511345458,0.9593169879466275,31
solar_323813,7,13,6.305215710962034,1.8977784162811568,5.863118827796094,2.261907454049484,31
solar_323813,7,14,8.884039182782876,2.279124659137949,8.492294035955748,2.733342263196503,31
solar_323813,7,15,10.929359192261758,3.738594451833293,10.42936125915951,3.0695415957517467,31
solar_323813,7,16,11.506629946399482,4.166838690067188,11.603318647080014,3.82551853109611,31
solar_323813,7,17,12.207437310835438,3.351424065351941,11.297063722684834,3.681219100314604,31
solar_323813,7,18,12.38475228461795,2.2397516485500084,10.996559733652935,3.899356712201013,31
solar_323813,7,19,10.69096596724819,3.061605778001488,10.357937785175075,3.0213783574192594,31
solar_323813,7,20,8.474538089119541,3.072182570382627,8.063370948055413,3.3128391198978893,31
solar_323813,7,21,6.350233871120869,2.170591028643866,6.363677482956851,1.868590796611752,31
solar_323813,7,22,3.390390887488679,1.485918607982672,3.8221388473224156,0.684203615167067,31
solar_323813,7,23,1.0173254790844846,0.42513095401137846,1.1129474523252578,0.19748765675400504,31
solar_323813,8,0,0.011563417255537202,0.03868043390554066,0.023524276654478787,0.05153175527031817,31
solar_323813,8,1,0.0,0.0,0.0,0.0,31
solar_323813,8,2,0.0,0.0,0.0,0.0,31
solar_323813,8,3,0.0,0.0,0.0,0.0,31
solar_323813,8,4,0.0,0.0,0.0,0.0,31
solar_323813,8,5,0.0,0.0,0.0,0.0,31
solar_323813,8,6,0.0,0.0,0.0,0.0,31
solar_323813,8,7,0.0,0.0,0.0,0.0,31
solar_323813,8,8,0.0,0.0,0.0,0.0,31
solar_323813,8,9,0.0,0.0,0.0,0.0,31
solar_323813,8,10,0.004947518571169952,0.015130746607487677,0.0,0.0,31
solar_323813,8,11,0.6126071674597299,0.3069358901385442,0.6606785468708268,0.26945097270430585,31
solar_323813,8,12,2.6037790770607447,1.4957176241478674,2.9530298406114115,1.133611894964302,31
solar_323813,8,13,5.282640469760638,2.8803367995506033,5.4315487200412464,2.4592641886583766,31
solar_323813,8,14,7.765790591204328,3.4974956707536147,8.607852079516555,2.7787455205426688,31
solar_323813,8,15,9.520611120148825,4.30734707459214,9.508289490271283,3.9537241321432246,31
solar_323813,8,16,9.749548857703708,5.324886253086335,10.273733843794544,4.350632330121464,31
solar_323813,8,17,9.741650596931834,5.2042143504553255,10.461584271244352,4.112151920962192,31
solar_323813,8,18,9.221571243031754,4.800253617111423,9.410289253439972,4.311510526522635,31
solar_323813,8,19,7.224003278066815,4.991024310986217,7.627699180132304,4.475557736787824,31
solar_323813,8,20,6.109379925368441,4.437576932400159,6.89917752190723,3.4965765801089743,31
solar_323813,8,21,4.255238645290207,3.053368369597351,4.861831061753801,2.748672125816342,31
solar_323813,8,22,2.6335911296449814,1.4453047030540431,2.519028682614982,1.4724776805410618,31
solar_323813,8,23,0.7164805001433974,0.3211954919385449,0.6070697267849847,0.3190458723603856,31
solar_323813,9,0,0.0,0.0,0.0,0.0,30
solar_323813,9,1,0.0,0.0,0.0,0.0,30
solar_323813,9,2,0.0,0.0,0.0,0.0,30
solar_323813,9,3,0.0,0.0,0.0,0.0,30
solar_323813,9,4,0.0,0.0,0.0,0.0,30
solar_323813,9,5,0.0,0.0,0.0,0.0,30
solar_323813,9,6,0.0,0.0,0.0,0.0,30
solar_323813,9,7,0.0,0.0,0.0,0.0,30
solar_323813,9,8,0.0,0.0,0.0,0.0,30
solar_323813,9,9,0.0,0.0,0.0,0.0,30
solar_323813,9,10,0.0,0.0,0.0,0.0,30
solar_323813,9,11,0.2674498665447514,0.2125724175910459,0.2019528668705485,0.24461859952712284,30
solar_323813,9,12,2.637138342976207,1.3212293065193175,2.790592304359146,1.1173068512440056,30
solar_323813,9,13,5.841363435882213,2.5901120754688325,5.667744515970482,2.499896378817017,30
solar_323813,9,14,8.766024583366276,3.406673299039596,8.949392207238754,2.972279677827717,30
solar_323813,9,15,10.370579130431842,4.280527898620888,11.231992513470773,3.6936735104676592,30
solar_323813,9,16,11.747928254054688,5.058903397145479,12.404952355850297,3.7601305569384005,30
solar_323813,9,17,12.117452135793508,4.988419412819278,12.48003933887506,4.475138682223846,30
solar_323813,9,18,11.605678312623736,4.697783110755944,11.595283377553894,4.319234797057998,30
solar_323813,9,19,10.4166238616862,4.186884238345663,10.743936965681302,3.2157848465193988,30
solar_323813,9,20,7.887435474665925,3.5903078499650487,8.339539714736432,2.8360459542324237,30
solar_323813,9,21,5.197526715393979,2.237005350043888,5.215678300531578,1.9768961532521336,30
solar_323813,9,22,1.9150884740008718,0.9929380865540156,1.9559074112875834,1.065176035884022,30
solar_323813,9,23,0.08094078095892317,0.15006298232895646,0.10562822183333331,0.15987600286464915,30
solar_323813,10,0,0.0,0.0,0.0,0.0,31
solar_323813,10,1,0.0,0.0,0.0,0.0,31
solar_323813,10,2,0.0,0.0,0.0,0.0,31
solar_323813,10,3,0.0,0.0,0.0,0.0,31
solar_323813,10,4,0.0,0.0,0.0,0.0,31
solar_323813,10,5,0.0,0.0,0.0,0.0,31
solar_323813,10,6,0.0,0.0,0.0,0.0,31
solar_323813,10,7,0.0,0.0,0.0,0.0,31
solar_323813,10,8,0.0,0.0,0.0,0.0,31
solar_323813,10,9,0.0,0.0,0.0,0.0,31
solar_323813,10,10,0.0,0.0,0.0,0.0,31
solar_323813,10,11,0.0,0.0,0.0,0.0,31
solar_323813,10,12,1.7887507019503528,1.1050260657639426,1.858877163039938,0.9449380027364997,31
solar_323813,10,13,5.254039527389169,2.8122427609053235,5.96268032776607,2.409493540835654,31
solar_323813,10,14,9.267937144701198,3.2855124522297054,8.724787596767193,3.402839932229711,31
solar_323813,10,15,11.183348097491612,3.8219643388212936,10.374873769595634,4.35059973660723,31
solar_323813,10,16,12.027806884659714,4.783649192565544,11.061485795974287,4.93893762781441,31
solar_323813,10,17,12.710994192647844,4.491727499150046,11.208619029998394,4.764375616117742,31
solar_323813,10,18,11.528356076629192,4.646028585968245,10.66038504716549,4.121802823153751,31
solar_323813,10,19,9.75090657360648,4.2337454282135365,8.824141730346941,3.9291172630394304,31
solar_323813,10,20,6.541998303262117,3.29403223743482,6.442357624083177,3.04476453994809,31
solar_323813,10,21,3.0228882262116468,1.6725795362076747,3.2529714718958744,1.7008566173594304,31
solar_323813,10,22,0.15314214287009292,0.24537698917672568,0.19697120078628472,0.3222978331521308,31
solar_323813,10,23,0.0,0.0,0.0,0.0,31
solar_323813,11,0,0.0,0.0,0.0,0.0,30
solar_323813,11,1,0.0,0.0,0.0,0.0,30
solar_323813,11,2,0.0,0.0,0.0,0.0,30
solar_323813,11,3,0.0,0.0,0.0,0.0,30
solar_323813,11,4,0.0,0.0,0.0,0.0,30
solar_323813,11,5,0.0,0.0,0.0,0.0,30
solar_323813,11,6,0.0,0.0,0.0,0.0,30
solar_323813,11,7,0.0,0.0,0.0,0.0,30
solar_323813,11,8,0.0,0.0,0.0,0.0,30
solar_323813,11,9,0.0,0.0,0.0,0.0,30
solar_323813,11,10,0.0,0.0,0.0,0.0,30
solar_323813,11,11,0.0,0.0,0.0,0.0,30
solar_323813,11,12,0.12948554980090218,0.2628358775900114,0.029160349085351145,0.08569189238274129,30
solar_323813,11,13,4.321676618179026,2.510819427938326,3.594394605610826,2.4788807260310914,30
solar_323813,11,14,7.46319440888504,4.164390336376264,6.1955463374254895,4.2365774440969215,30
solar_323813,11,15,8.901258726773664,5.249246975889421,7.755114212732277,5.0931118023446915,30
solar_323813,11,16,10.39676469609983,5.798009299491593,8.05313520959472,6.047887745222696,30
solar_323813,11,17,9.676814246055276,6.094647619866153,7.614720612724424,5.804648543924713,30
solar_323813,11,18,7.2128569658702215,5.645443975816942,7.2689427172528305,5.370825295072384,30
solar_323813,11,19,7.644394504410002,4.589316892237688,6.532650481386311,4.301784773615775,30
solar_323813,11,20,4.933731966335725,3.160479186705502,5.037829748798607,3.048301975138763,30
solar_323813,11,21,0.9847214194806981,0.8643328914604115,1.2307134793946204,1.021327578436358,30
solar_323813,11,22,0.0,0.0,0.0,0.0,30
solar_323813,11,23,0.0,0.0,0.0,0.0,30
solar_323813,12,0,0.0,0.0,0.0,0.0,31
solar_323813,12,1,0.0,0.0,0.0,0.0,31
solar_323813,12,2,0.0,0.0,0.0,0.0,31
solar_323813,12,3,0.0,0.0,0.0,0.0,31
solar_323813,12,4,0.0,0.0,0.0,0.0,31
solar_323813,12,5,0.0,0.0,0.0,0.0,31
solar_323813,12,6,0.0,0.0,0.0,0.0,31
solar_323813,12,7,0.0,0.0,0.0,0.0,31
solar_323813,12,8,0.0,0.0,0.0,0.0,31
solar_323813,12,9,0.0,0.0,0.0,0.0,31
solar_323813,12,10,0.0,0.0,0.0,0.0,31
solar_323813,12,11,0.0,0.0,0.0,0.0,31
solar_323813,12,12,0.0,0.0,0.0,0.0,31
solar_323813,12,13,2.109260149145404,1.8616198624356877,1.5418641802334232,1.2757674028155395,31
solar_323813,12,14,4.536199504906897,4.174306510931983,4.167195924006793,3.437324828016219,31
solar_323813,12,15,5.359389121655889,5.5071600578812525,6.335786426514117,4.750043498775848,31
solar_323813,12,16,6.862032188365343,6.306902409597002,7.208443515817726,4.979891255797859,31
solar_323813,12,17,7.041223247195081,6.468674813420135,6.789106108652512,5.288996672795813,31
solar_323813,12,18,6.400658042491624,6.100103277126503,6.614408812232308,4.620372238379371,31
solar_323813,12,19,4.775569691695495,4.565837199517641,5.332260318758574,3.890169015539011,31
solar_323813,12,20,3.5248721266858514,3.3769823494703144,3.314283489653749,2.6465942025231826,31
solar_323813,12,21,0.38055551360729645,0.4949716957145355,0.656635474039234,0.7011305602918563,31
solar_323813,12,22,0.0,0.0,0.0,0.0,31
solar_323813,12,23,0.0,0.0,0.0,0.0,31
solar_323814,1,0,0.0,0.0,0.0,0.0,31
solar_323814,1,1,0.0,0.0,0.0,0.0,31
solar_323814,1,2,0.0,0.0,0.0,0.0,31
solar_323814,1,3,0.0,0.0,0.0,0.0,31
solar_323814,1,4,0.0,0.0,0.0,0.0,31
solar_323814,1,5,0.0,0.0,0.0,0.0,31
solar_323814,1,6,0.0,0.0,0.0,0.0,31
solar_323814,1,7,0.0,0.0,0.0,0.0,31
solar_323814,1,8,0.0,0.0,0.0,0.0,31
solar_323814,1,9,0.0,0.0,0.0,0.0,31
solar_323814,1,10,0.0,0.0,0.0,0.0,31
solar_323814,1,11,0.0,0.0,0.0,0.0,31
solar_323814,1,12,0.0,0.0,0.0,0.0,31
solar_323814,1,13,1.8771076981555743,2.149084328792652,1.6547373305900432,1.5577675272501357,31
solar_323814,1,14,3.5184537746627718,3.3368133088284972,3.693556972051275,3.488178764441062,31
solar_323814,1,15,4.519727837666083,5.2790607135137675,5.826731148365724,4.707574845164051,31
solar_323814,1,16,5.456873009875741,5.71320230789617,5.904052796360468,4.908122657271659,31
solar_323814,1,17,5.096009719440849,5.74714163238184,6.718559945658365,5.1900280964695344,31
solar_323814,1,18,5.061309320231965,6.184433175721552,5.8325360568886095,4.381790013047501,31
solar_323814,1,19,4.759429665906972,4.895095093757575,5.379123447910225,4.361634698686043,31
solar_323814,1,20,3.07188588998,3.393370971758882,3.3174385931635197,2.778747806103808,31
solar_323814,1,21,1.4636774485633377,1.7017629357968267,1.399230173610471,1.411422719880899,31
solar_323814,1,22,0.0,0.0,0.00010896674017015161,0.0006067011326531288,31
solar_323814,1,23,0.0,0.0,0.0,0.0,31
solar_323814,2,0,0.0,0.0,0.0,0.0,29
solar_323814,2,1,0.0,0.0,0.0,0.0,29
solar_323814,2,2,0.0,0.0,0.0,0.0,29
solar_323814,2,3,0.0,0.0,0.0,0.0,29
solar_323814,2,4,0.0,0.0,0.0,0.0,29
solar_323814,2,5,0.0,0.0,0.0,0.0,29
solar_323814,2,6,0.0,0.0,0.0,0.0,29
solar_323814,2,7,0.0,0.0,0.0,0.0,29
solar_323814,2,8,0.0,0.0,0.0,0.0,29
solar_323814,2,9,0.0,0.0,0.0,0.0,29
solar_323814,2,10,0.0,0.0,0.0,0.0,29
solar_323814,2,11,0.0,0.0,0.0,0.0,29
solar_323814,2,12,0.11993929116593567,0.217950677368858,0.08689655900393359,0.25029765800620135,29
solar_323814,2,13,3.6742942423768747,2.6811240016875932,3.560576733535622,2.4697099408344347,29
solar_323814,2,14,7.128197899726994,4.172902437040221,6.826732596577745,3.849865255546964,29
solar_323814,2,15,9.886904713031305,5.493192655155471,9.676811491900594,4.829687255984824,29
solar_323814,2,16,10.858372076290452,5.961976045439163,12.151587595043143,5.326722602114324,29
solar_323814,2,17,11.427820359043096,6.3031070961775635,12.13353433439162,5.457076632468794,29
solar_323814,2,18,11.467111221892484,6.267340076853685,11.979552013358969,5.1510780484911525,29
solar_323814,2,19,9.02230273883371,5.6178242009529775,9.009670062302638,4.751826160740732,29
solar_323814,2,20,7.113785075160347,4.654527555425449,7.634712123186224,3.709977893899491,29
solar_323814,2,21,4.726313462589244,2.908563613016334,4.880027707543601,2.722840499880893,29
solar_323814,2,22,0.6921547802839214,0.7812235273208734,0.8570462761638893,0.9599766494980099,29
solar_323814,2,23,0.0,0.0,0.0,0.0,29
solar_323814,3,0,0.0,0.0,0.0,0.0,31
solar_323814,3,1,0.0,0.0,0.0,0.0,31
solar_323814,3,2,0.0,0.0,0.0,0.0,31
solar_323814,3,3,0.0,0.0,0.0,0.0,31
solar_323814,3,4,0.0,0.0,0.0,0.0,31
solar_323814,3,5,0.0,0.0,0.0,0.0,31
solar_323814,3,6,0.0,0.0,0.0,0.0,31
solar_323814,3,7,0.0,0.0,0.0,0.0,31
solar_323814,3,8,0.0,0.0,0.0,0.0,31
solar_323814,3,9,0.0,0.0,0.0,0.0,31
solar_323814,3,10,0.0,0.0,0.0,0.0,31
solar_323814,3,11,0.04529153418432021,0.10243710935927511,0.003475289896573271,0.019349595236643893,31
solar_323814,3,12,1.644105330884639,1.4795524619076725,1.842802587416342,1.3210910192338678,31
solar_323814,3,13,4.391781601254757,3.4653250076448328,4.9105264823826005,2.7525735894040984,31
solar_323814,3,14,6.992947830861864,5.512594740100833,7.856379896406954,4.295725684966434,31
solar_323814,3,15,7.945794281144712,6.307728666130175,8.76335607854365,5.4215166525177505,31
solar_323814,3,16,7.588108162090856,6.977441186839453,9.157512261009376,6.026493713093663,31
solar_323814,3,17,7.43819884500385,7.260913104144751,9.545959661378285,6.221914380575243,31
solar_323814,3,18,7.832580075898874,6.842597223131677,9.898005032218423,5.792157107038917,31
solar_323814,3,19,7.5226445023677915,6.424113750596215,7.725737125504129,5.044055949144803,31
solar_323814,3,20,6.25127456971075,5.157790972351758,6.155358348299091,4.118050402697269,31
solar_323814,3,21,4.1029188774211605,3.5936177965549985,4.1783041231244225,2.8900480445552392,31
solar_323814,3,22,1.9626146227030261,1.4395818789862387,1.7315338237235527,1.2269912581607452,31
solar_323814,3,23,0.03159218627898094,0.08500498727137555,0.05478555605963224,0.09912751084021347,31
solar_323814,4,0,0.0,0.0,0.0,0.0,30
solar_323814,4,1,0.0,0.0,0.0,0.0,30
solar_323814,4,2,0.0,0.0,0.0,0.0,30
solar_323814,4,3,0.0,0.0,0.0,0.0,30
solar_323814,4,4,0.0,0.0,0.0,0.0,30
solar_323814,4,5,0.0,0.0,0.0,0.0,30
solar_323814,4,6,0.0,0.0,0.0,0.0,30
solar_323814,4,7,0.0,0.0,0.0,0.0,30
solar_323814,4,8,0.0,0.0,0.0,0.0,30
solar_323814,4,9,0.0,0.0,0.0,0.0,30
solar_323814,4,10,0.0031849546643844765,0.008958990111562912,0.0,0.0,30
solar_323814,4,11,0.5320499750917398,0.40424150870977615,0.6333712188812904,0.3764166046121909,30
solar_323814,4,12,2.464304175518991,1.9971630191664962,2.937719510221357,1.703239845204776,30
solar_323814,4,13,5.230113381932008,3.545798621624268,4.817007283308546,3.3324407904411997,30
solar_323814,4,14,6.836016161836148,5.077646083511136,7.205509967429864,3.9198414768988807,30
solar_323814,4,15,7.6489769263335425,6.118438026271443,8.37335648347301,5.037054622241196,30
solar_323814,4,16,8.449330779099759,7.174011083263538,9.730175903237091,5.719144915533725,30
solar_323814,4,17,9.21005564309142,7.183401757306667,9.094489194638774,6.07215751893065,30
solar_323814,4,18,8.678340340974396,6.94674551881056,7.501766586506787,5.455116546683415,30
solar_323814,4,19,7.567200618019202,6.093093861859852,6.940243291724929,4.864864863178175,30
solar_323814,4,20,5.778935216390662,4.611957177652576,5.4242882414029525,3.776090955547832,30
solar_323814,4,21,3.144502099902602,3.3010800306782735,3.771993898897271,2.5752232985890893,30
solar_323814,4,22,1.7105375099530917,1.6280699418855997,1.9488618800820567,1.340522773801934,30
solar_323814,4,23,0.3206317336102838,0.2866879918961613,0.4325202156949731,0.242315089719633,30
solar_323814,5,0,0.07189415885218045,0.10772805686707171,0.10733607387639396,0.1268841495987571,31
solar_323814,5,1,0.0,0.0,0.0,0.0,31
solar_323814,5,2,0.0,0.0,0.0,0.0,31
solar_323814,5,3,0.0,0.0,0.0,0.0,31
solar_323814,5,4,0.0,0.0,0.0,0.0,31
solar_323814,5,5,0.0,0.0,0.0,0.0,31
solar_323814,5,6,0.0,0.0,0.0,0.0,31
solar_323814,5,7,0.0,0.0,0.0,0.0,31
solar_323814,5,8,0.0,0.0,0.0,0.0,31
solar_323814,5,9,0.0,0.0,0.0,0.0,31
solar_323814,5,10,0.2993953854405094,0.1771695436227838,0.2710398014870871,0.20768194115088096,31
solar_323814,5,11,1.017127111872985,0.49946464922566697,1.0159777701517902,0.46801870714722715,31
solar_323814,5,12,3.258452320493914,1.8891587316180092,3.407410153185176,1.5908739381140846,31
solar_323814,5,13,5.617845499391968,3.3147458269416674,5.601071079447114,3.110215282510712,31
solar_323814,5,14,7.953013299217184,4.417933227003916,7.6431794390674845,3.983156834354569,31
solar_323814,5,15,9.4997179418366,4.888849609531708,9.119172062708806,4.777972311753087,31
solar_323814,5,16,10.52579534997744,4.926573179305629,10.561491859666683,4.574876887727606,31
solar_323814,5,17,10.581576779854041,5.351300530666378,10.198528211460136,4.910210617402359,31
solar_323814,5,18,10.184433261481251,5.026031695398983,9.421228632408909,4.833407204656888,31
solar_323814,5,19,8.889774182849434,4.798657594113254,8.606859287574567,4.394520968748361,31
solar_323814,5,20,7.619789807197172,3.776804709196851,6.723675263742288,3.4431776371631835,31
solar_323814,5,21,5.250353022736124,2.5468005627532824,5.008243026406657,2.606800957010502,31
solar_323814,5,22,2.5791263396723334,1.346216508692069,2.6507139384920815,1.2317675520943179,31
solar_323814,5,23,0.7940621248779571,0.3393841529512097,0.7463530108815825,0.32046684799149494,31
solar_323814,6,0,0.3106913195323187,0.1746069269339073,0.3386250886962788,0.14667199077520798,30
solar_323814,6,1,0.0,0.0,0.0,0.0,30
solar_323814,6,2,0.0,0.0,0.0,0.0,30
solar_323814,6,3,0.0,0.0,0.0,0.0,30
solar_323814,6,4,0.0,0.0,0.0,0.0,30
solar_323814,6,5,0.0,0.0,0.0,0.0,30
solar_323814,6,6,0.0,0.0,0.0,0.0,30
solar_323814,6,7,0.0,0.0,0.0,0.0,30
solar_323814,6,8,0.0,0.0,0.0,0.0,30
solar_323814,6,9,0.0,0.0,0.0,0.0,30
solar_323814,6,10,0.432460325284193,0.17954984111030314,0.45144152601624243,0.18551396879965998,30
solar_323814,6,11,1.0893854698882712,0.4169725957196861,1.156744611049806,0.38400200570567905,30
solar_323814,6,12,3.502583980268642,1.7311186285836737,3.727485381481558,1.1624107608706489,30
solar_323814,6,13,5.919643219400621,2.685200375983977,5.857453984456398,2.6609938055814104,30
solar_323814,6,14,8.184570301328018,3.8818794016802967,8.092772001793426,3.6138013381426,30
solar_323814,6,15,10.35292283553524,4.024819198636362,10.057603347909774,3.6908599118165415,30
solar_323814,6,16,10.334821710544928,4.971264887158976,10.297481318855063,4.273794800606174,30
solar_323814,6,17,11.00727978724474,4.232368991078575,10.234003092532388,3.8992221413349095,30
solar_323814,6,18,10.29924133310435,4.981773842228554,9.544247375101213,4.51239721625492,30
solar_323814,6,19,8.80080354482757,4.536622181058717,8.837948497033468,4.151895879263814,30
solar_323814,6,20,7.390047842781996,3.879115271509819,7.815843184936353,2.913801915499199,30
solar_323814,6,21,5.201189816962179,2.7679788463387154,6.002878728105187,2.0151125094209985,30
solar_323814,6,22,3.1909088809772217,1.2708744731883415,3.3169903472894946,1.0013078141182117,30
solar_323814,6,23,0.9885139651375187,0.40155558466788444,1.1028293961293274,0.26231903497116354,30
solar_323814,7,0,0.28764446528657733,0.1695680203264156,0.32743342947062676,0.1324542111470191,31
solar_323814,7,1,0.0,0.0,0.0,0.0,31
solar_323814,7,2,0.0,0.0,0.0,0.0,31
solar_323814,7,3,0.0,0.0,0.0,0.0,31
solar_323814,7,4,0.0,0.0,0.0,0.0,31
solar_323814,7,5,0.0,0.0,0.0,0.0,31
solar_323814,7,6,0.0,0.0,0.0,0.0,31
solar_323814,7,7,0.0,0.0,0.0,0.0,31
solar_323814,7,8,0.0,0.0,0.0,0.0,31
solar_323814,7,9,0.0,0.0,0.0,0.0,31
solar_323814,7,10,0.2958201055745296,0.15523822509485807,0.24914387833965707,0.19313514317168679,31
solar_323814,7,11,0.916509905972819,0.3734555538679481,0.9764693177655391,0.2809743100555403,31
solar_323814,7,12,3.309408072176659,1.2469158048726057,3.655735761101632,0.8169713112769025,31
solar_323814,7,13,6.242903233214396,1.881173825166034,6.185041584145764,1.9601399831467048,31
solar_323814,7,14,8.181174506740893,3.450509639311778,8.490698896280888,2.543241094887958,31
solar_323814,7,15,10.843258618167981,2.7161273477975447,10.23235547059269,3.067436072075133,31
solar_323814,7,16,11.305016963752253,3.906499887291516,11.763873737709556,2.9531963685592437,31
solar_323814,7,17,11.685283263408044,4.218362845304022,10.901744762076005,4.4141917276981575,31
solar_323814,7,18,10.651516955024816,4.443759833506382,10.350834451585225,3.870269690314393,31
solar_323814,7,19,9.256119272469084,3.998202544561622,9.064308738981914,3.9985944060645373,31
solar_323814,7,20,7.725065135186552,3.2295757851641294,7.553310290909495,3.428969636384213,31
solar_323814,7,21,5.951755023937312,2.2278123255256155,5.815113710141729,2.2486188055401612,31
solar_323814,7,22,3.3606363307453977,1.2093935067187678,3.248121607527391,1.3704247744967084,31
solar_323814,7,23,1.0274819562218607,0.3410809587928947,0.9508911082052284,0.37438803951615734,31
solar_323814,8,0,0.005065212696497501,0.02150627191760815,0.012023904979282664,0.02809667424603035,31
solar_323814,8,1,0.0,0.0,0.0,0.0,31
solar_323814,8,2,0.0,0.0,0.0,0.0,31
solar_323814,8,3,0.0,0.0,0.0,0.0,31
solar_323814,8,4,0.0,0.0,0.0,0.0,31
solar_323814,8,5,0.0,0.0,0.0,0.0,31
solar_323814,8,6,0.0,0.0,0.0,0.0,31
solar_323814,8,7,0.0,0.0,0.0,0.0,31
solar_323814,8,8,0.0,0.0,0.0,0.0,31
solar_323814,8,9,0.0,0.0,0.0,0.0,31
solar_323814,8,10,0.00793287749308382,0.025147354894219875,0.0,0.0,31
solar_323814,8,11,0.6124640908980635,0.33742893482800446,0.7205568799594773,0.28725112087107835,31
solar_323814,8,12,2.353581409791577,1.6862863655408806,2.983350074495732,1.1637055908494591,31
solar_323814,8,13,4.768927767741136,3.100555228254671,5.785255825218229,2.1294446918504097,31
solar_323814,8,14,7.671930900809803,3.5963943697743264,7.796105517625901,3.102455486303465,31
solar_323814,8,15,8.94263936835994,4.640679279565799,8.930456011125273,4.101896950702586,31
solar_323814,8,16,9.057824927819288,5.206137150129667,9.93593096645567,4.679541344804862,31
solar_323814,8,17,8.80992341320506,5.204894609177341,10.105870321421156,4.607561658265885,31
solar_323814,8,18,9.803938151562342,5.019787074369427,9.250059832123261,4.660264841685861,31
solar_323814,8,19,9.072638168549412,3.823228614087309,8.54218557169047,3.5812949451573823,31
solar_323814,8,20,6.806209922779098,3.829877781921967,6.775899195249038,3.519615618765729,31
solar_323814,8,21,4.359982922711547,2.9320555827158277,5.136962802548418,2.4025271343187007,31
solar_323814,8,22,2.585791542200808,1.3363231690935402,2.576132583031529,1.1869663927510499,31
solar_323814,8,23,0.5570514584509721,0.3439791092043323,0.5536399949711798,0.2947216439962095,31
solar_323814,9,0,0.0,0.0,0.0,0.0,30
solar_323814,9,1,0.0,0.0,0.0,0.0,30
solar_323814,9,2,0.0,0.0,0.0,0.0,30
solar_323814,9,3,0.0,0.0,0.0,0.0,30
solar_323814,9,4,0.0,0.0,0.0,0.0,30
solar_323814,9,5,0.0,0.0,0.0,0.0,30
solar_323814,9,6,0.0,0.0,0.0,0.0,30
solar_323814,9,7,0.0,0.0,0.0,0.0,30
solar_323814,9,8,0.0,0.0,0.0,0.0,30
solar_323814,9,9,0.0,0.0,0.0,0.0,30
solar_323814,9,10,0.0,0.0,0.0,0.0,30
solar_323814,9,11,0.29841805235535496,0.2253898066977914,0.24120441921372177,0.2703104314252564,30
solar_323814,9,12,2.5632461833986455,1.3179594592184234,2.8566986207234977,1.1072808889583883,30
solar_323814,9,13,5.2934686057846925,2.3336000670888937,5.432172744357379,2.509836776096591,30
solar_323814,9,14,8.182346972609503,3.7418838243956336,8.233283332767012,3.723927900565153,30
solar_323814,9,15,10.377598945060866,4.1343726132585426,10.134623007172301,3.878948647312971,30
solar_323814,9,16,12.548356387949367,3.617285439934502,11.973714625051901,3.8756153394617736,30
solar_323814,9,17,12.53871810100271,3.8361029295854983,11.90930322168566,4.360292083399736,30
solar_323814,9,18,12.097925598813804,3.850131222896306,12.087518757527409,3.1288492376021484,30
solar_323814,9,19,10.397134008491927,3.653483771914924,9.675283814979196,3.9412452605508754,30
solar_323814,9,20,8.460721702458358,2.5209647259696295,7.6738396333051275,3.193102379123658,30
solar_323814,9,21,4.950982792171529,2.054020253529282,4.619701965632145,2.071870025280538,30
solar_323814,9,22,1.7541851206992194,0.9259692341369693,1.880867161256165,0.8950989551093198,30
solar_323814,9,23,0.060162926792195724,0.1260777661010777,0.07148969138226426,0.12832401518853673,30
solar_323814,10,0,0.0,0.0,0.0,0.0,31
solar_323814,10,1,0.0,0.0,0.0,0.0,31
solar_323814,10,2,0.0,0.0,0.0,0.0,31
solar_323814,10,3,0.0,0.0,0.0,0.0,31
solar_323814,10,4,0.0,0.0,0.0,0.0,31
solar_323814,10,5,0.0,0.0,0.0,0.0,31
solar_323814,10,6,0.0,0.0,0.0,0.0,31
solar_323814,10,7,0.0,0.0,0.0,0.0,31
solar_323814,10,8,0.0,0.0,0.0,0.0,31
solar_323814,10,9,0.0,0.0,0.0,0.0,31
solar_323814,10,10,0.0,0.0,0.0,0.0,31
solar_323814,10,11,0.0,0.0,0.0,0.0,31
solar_323814,10,12,1.7425548509038375,1.1793370255086886,1.9119226657633746,1.0509006750348446,31
solar_323814,10,13,5.664079950274843,2.4917229172878916,6.400332575313273,2.0222218031562043,31
solar_323814,10,14,8.950050301180156,3.4128374660605387,9.324265774505433,3.2081214981844153,31
solar_323814,10,15,10.228722637766296,4.91348141497821,10.560541637665473,4.066152956353982,31
solar_323814,10,16,11.036062604489128,4.955644799786536,11.085040476942277,4.579502972364321,31
solar_323814,10,17,11.720973199740063,4.887362886464114,11.39174070399179,4.524169660593269,31
solar_323814,10,18,11.048758090080602,4.446929477977467,10.151202633732497,4.273800771364894,31
solar_323814,10,19,8.815840625067839,4.463518914176612,8.167552927591862,4.300430213752074,31
solar_323814,10,20,6.944125580540865,2.8179104191815814,5.821673245909235,3.110350700404772,31
solar_323814,10,21,3.200273236193585,1.5567788186628377,2.9389785366998393,1.492976284673988,31
solar_323814,10,22,0.12979649866480453,0.21549321587593062,0.1624912716462982,0.24854090170730855,31
solar_323814,10,23,0.0,0.0,0.0,0.0,31
solar_323814,11,0,0.0,0.0,0.0,0.0,30
solar_323814,11,1,0.0,0.0,0.0,0.0,30
solar_323814,11,2,0.0,0.0,0.0,0.0,30
solar_323814,11,3,0.0,0.0,0.0,0.0,30
solar_323814,11,4,0.0,0.0,0.0,0.0,30
solar_323814,11,5,0.0,0.0,0.0,0.0,30
solar_323814,11,6,0.0,0.0,0.0,0.0,30
solar_323814,11,7,0.0,0.0,0.0,0.0,30
solar_323814,11,8,0.0,0.0,0.0,0.0,30
solar_323814,11,9,0.0,0.0,0.0,0.0,30
solar_323814,11,10,0.0,0.0,0.0,0.0,30
solar_323814,11,11,0.0,0.0,0.0,0.0,30
solar_323814,11,12,0.16685605151420077,0.27244537268978464,0.05925616411308028,0.14975758006047282,30
solar_323814,11,13,4.0154587549436975,2.776357408377588,3.3746255446122495,2.556559641923899,30
solar_323814,11,14,7.299096492047448,4.250589650848113,6.730095432533636,4.262140115411076,30
solar_323814,11,15,9.356109161365138,5.515045941748758,8.12876095529581,4.933230209834465,30
solar_323814,11,16,9.27493627676539,6.012857826119846,9.60107004840979,5.349849909301722,30
solar_323814,11,17,9.662187775468698,6.418677100680159,9.084468026887846,5.479783401644343,30
solar_323814,11,18,8.849149511147044,5.545269379216668,7.4748390262140045,5.332906636091234,30
solar_323814,11,19,7.528542256448481,4.586883358068122,7.366047942004074,4.1888594465281495,30
solar_323814,11,20,4.793153809692585,2.997862066689332,4.5944442443437445,2.7863656840884596,30
solar_323814,11,21,0.8037075371158094,0.7082154237676904,1.034267240277536,0.8307754647611785,30
solar_323814,11,22,0.0,0.0,0.0,0.0,30
solar_323814,11,23,0.0,0.0,0.0,0.0,30
solar_323814,12,0,0.0,0.0,0.0,0.0,31
solar_323814,12,1,0.0,0.0,0.0,0.0,31
solar_323814,12,2,0.0,0.0,0.0,0.0,31
solar_323814,12,3,0.0,0.0,0.0,0.0,31
solar_323814,12,4,0.0,0.0,0.0,0.0,31
solar_323814,12,5,0.0,0.0,0.0,0.0,31
solar_323814,12,6,0.0,0.0,0.0,0.0,31
solar_323814,12,7,0.0,0.0,0.0,0.0,31
solar_323814,12,8,0.0,0.0,0.0,0.0,31
solar_323814,12,9,0.0,0.0,0.0,0.0,31
solar_323814,12,10,0.0,0.0,0.0,0.0,31
solar_323814,12,11,0.0,0.0,0.0,0.0,31
solar_323814,12,12,0.0,0.0,0.0,0.0,31
solar_323814,12,13,2.172229675789752,2.0981906612972683,1.6934440270939344,1.7771640946047866,31
solar_323814,12,14,3.848105188889982,4.190803239374339,4.516510256843762,3.7144509852778005,31
solar_323814,12,15,7.28175758853373,5.389158697746394,5.819129521844059,4.634843951543015,31
solar_323814,12,16,7.313986609152784,5.813691401790261,7.83152286882277,5.470529100624144,31
solar_323814,12,17,7.247900705932135,5.9851037228998845,7.66847401466416,5.173063874413109,31
solar_323814,12,18,6.425823908622107,5.972239839212373,7.299615251272697,4.9229041691500806,31
solar_323814,12,19,4.828695998108639,4.708219419559259,5.222500243391976,4.3227599345131065,31
solar_323814,12,20,3.9277389312278124,3.283101401861012,3.4196082296289156,2.9471128292568696,31
solar_323814,12,21,0.3016913738127093,0.39669876491015543,0.4700958863690468,0.5862838747703228,31
solar_323814,12,22,0.0,0.0,0.0,0.0,31
solar_323814,12,23,0.0,0.0,0.0,0.0,31
solar_323815,1,0,0.0,0.0,0.0,0.0,31
solar_323815,1,1,0.0,0.0,0.0,0.0,31
solar_323815,1,2,0.0,0.0,0.0,0.0,31
solar_323815,1,3,0.0,0.0,0.0,0.0,31
solar_323815,1,4,0.0,0.0,0.0,0.0,31
solar_323815,1,5,0.0,0.0,0.0,0.0,31
solar_323815,1,6,0.0,0.0,0.0,0.0,31
solar_323815,1,7,0.0,0.0,0.0,0.0,31
solar_323815,1,8,0.0,0.0,0.0,0.0,31
solar_323815,1,9,0.0,0.0,0.0,0.0,31
solar_323815,1,10,0.0,0.0,0.0,0.0,31
solar_323815,1,11,0.0,0.0,0.0,0.0,31
solar_323815,1,12,0.0,0.0,0.0,0.0,31
solar_323815,1,13,1.755975991609947,2.068034593787872,1.5574829738421077,1.53971300130629,31
solar_323815,1,14,3.5481364423681927,3.835802281932924,3.948261353971368,3.4232867325839202,31
solar_323815,1,15,5.373356638523265,5.3521355624729665,5.840444553495008,4.5894278829163655,31
solar_323815,1,16,6.002386177789969,6.011174624870212,7.076341348573852,4.949492940960277,31
solar_323815,1,17,5.377317560798007,6.226209386532969,5.869905828657355,4.643136615525994,31
solar_323815,1,18,4.41440761151435,5.395816999312193,6.282831187123129,4.903805171365292,31
solar_323815,1,19,4.149010330626331,4.654710283581422,4.607146664954648,3.334772675493202,31
solar_323815,1,20,2.8566697895450193,3.421139334425077,3.691480529680709,3.0984460797484292,31
solar_323815,1,21,1.437578583693239,1.6884522150830459,1.6675174026105344,1.565442065884525,31
solar_323815,1,22,0.0,0.0,0.0014758063269675388,0.007605555674187873,31
solar_323815,1,23,0.0,0.0,0.0,0.0,31
solar_323815,2,0,0.0,0.0,0.0,0.0,29
solar_323815,2,1,0.0,0.0,0.0,0.0,29
solar_323815,2,2,0.0,0.0,0.0,0.0,29
solar_323815,2,3,0.0,0.0,0.0,0.0,29
solar_323815,2,4,0.0,0.0,0.0,0.0,29
solar_323815,2,5,0.0,0.0,0.0,0.0,29
solar_323815,2,6,0.0,0.0,0.0,0.0,29
solar_323815,2,7,0.0,0.0,0.0,0.0,29
solar_323815,2,8,0.0,0.0,0.0,0.0,29
solar_323815,2,9,0.0,0.0,0.0,0.0,29
solar_323815,2,10,0.0,0.0,0.0,0.0,29
solar_323815,2,11,0.0,0.0,0.0,0.0,29
solar_323815,2,12,0.12872447625072903,0.24883938587650156,0.05497105484753509,0.2068865686544419,29
solar_323815,2,13,3.5079667638947636,2.7190136366010407,3.8239411362448568,2.2615772298881978,29
solar_323815,2,14,7.012084878114041,4.649431593908734,7.879600076323085,3.695737325438293,29
solar_323815,2,15,9.092554076497267,5.615922326226334,10.356307928705608,4.643886234738866,29
solar_323815,2,16,11.4280684448414,5.452572060145131,11.351026485089303,5.663076816115837,29
solar_323815,2,17,11.625401470415788,6.244560830991095,12.227664184809656,5.691250583751568,29
solar_323815,2,18,10.077491079041668,6.784223372399673,11.339027860710825,5.768404310594546,29
solar_323815,2,19,8.673462514930776,6.193555602919521,9.456241803345549,5.0403785154053535,29
solar_323815,2,20,7.300059129702947,4.818258175996218,7.813470911667697,3.90164811305269,29
solar_323815,2,21,5.017140647322528,3.073154722133653,4.0124202088149765,2.620599864063121,29
solar_323815,2,22,0.8157741416424253,0.8840927196098788,0.8343628316157695,0.9010752724173938,29
solar_323815,2,23,0.0,0.0,0.0,0.0,29
solar_323815,3,0,0.0,0.0,0.0,0.0,31
solar_323815,3,1,0.0,0.0,0.0,0.0,31
solar_323815,3,2,0.0,0.0,0.0,0.0,31
solar_323815,3,3,0.0,0.0,0.0,0.0,31
solar_323815,3,4,0.0,0.0,0.0,0.0,31
solar_323815,3,5,0.0,0.0,0.0,0.0,31
solar_323815,3,6,0.0,0.0,0.0,0.0,31
solar_323815,3,7,0.0,0.0,0.0,0.0,31
solar_323815,3,8,0.0,0.0,0.0,0.0,31
solar_323815,3,9,0.0,0.0,0.0,0.0,31
solar_323815,3,10,0.0,0.0,0.0,0.0,31
solar_323815,3,11,0.0385306038653668,0.09685662802246274,0.0,0.0,31
solar_323815,3,12,1.6011328856141613,1.4348967868197675,1.6637288358445579,1.20305118338936,31
solar_323815,3,13,4.222905730769699,3.237912458514271,4.997716665987928,2.9551758082137485,31
solar_323815,3,14,6.271063509091989,4.9034897216479845,7.239758929753501,4.421383829340778,31
solar_323815,3,15,8.153569398519616,5.956464231411461,8.787579659594074,5.452081074166588,31
solar_323815,3,16,8.56640092900875,6.9438405760126045,10.590773639104036,5.289870989778203,31
solar_323815,3,17,8.870782239505335,7.268214813600205,9.679551043675934,6.113844465093418,31
solar_323815,3,18,8.960168712173793,6.745198352188057,9.277965543230922,5.691301164620175,31
solar_323815,3,19,7.954251832094953,6.378974954905593,7.380828179504099,5.054536611253052,31
solar_323815,3,20,5.8534086257397675,5.468641732599871,6.516838073919108,4.268291531452729,31
solar_323815,3,21,4.357853863299296,3.6667082270288343,4.180540141395388,2.9441765778527254,31
solar_323815,3,22,2.053852156551681,1.5743760863641454,1.7434849204620226,1.3490006763668465,31
solar_323815,3,23,0.04382697545412976,0.09874703732296745,0.07218725359216636,0.11134554622340355,31
solar_323815,4,0,0.0,0.0,0.0,0.0,30
solar_323815,4,1,0.0,0.0,0.0,0.0,30
solar_323815,4,2,0.0,0.0,0.0,0.0,30
solar_323815,4,3,0.0,0.0,0.0,0.0,30
solar_323815,4,4,0.0,0.0,0.0,0.0,30
solar_323815,4,5,0.0,0.0,0.0,0.0,30
solar_323815,4,6,0.0,0.0,0.0,0.0,30
solar_323815,4,7,0.0,0.0,0.0,0.0,30
solar_323815,4,8,0.0,0.0,0.0,0.0,30
solar_323815,4,9,0.0,0.0,0.0,0.0,30
solar_323815,4,10,0.0016326415173513098,0.004981915491343316,0.0,0.0,30
solar_323815,4,11,0.5428516834131946,0.35750195882379565,0.5581789919012642,0.35439274186341496,30
solar_323815,4,12,2.866897773534416,1.841055126926163,2.92761691303099,1.583479113787926,30
solar_323815,4,13,5.053570515169662,3.697077315725399,5.206075883674575,2.965067515899244,30
solar_323815,4,14,7.206842558697342,4.693399712641083,7.489225043245375,4.131967365484393,30
solar_323815,4,15,8.93333476662585,5.911498778536238,8.97169998036833,5.092766780896851,30
solar_323815,4,16,8.610856829560541,6.7337988386150105,10.016201982853973,5.571490770012824,30
solar_323815,4,17,9.2321497346853,6.740290366533821,9.38334749227389,5.8117630627077705,30
solar_323815,4,18,8.96608049400325,6.4545591091112895,8.725301776176503,4.823069099707712,30
solar_323815,4,19,6.574119677475483,5.814912421305816,7.243100650953308,5.228622405227037,30
solar_323815,4,20,5.7125985090190365,4.802598429633672,5.722087617177667,4.358857734774076,30
solar_323815,4,21,3.5285174449834127,3.388219679244274,3.980951379726282,2.96616918591357,30
solar_323815,4,22,1.8423378308453204,1.706156165621112,2.206571173527858,1.438329875176567,30
solar_323815,4,23,0.38032787854375044,0.29605000864805797,0.4280941189599426,0.22464647860522693,30
solar_323815,5,0,0.08732072073511006,0.11508100085686347,0.1026562041298833,0.13049081361642337,31
solar_323815,5,1,0.0,0.0,0.0,0.0,31
solar_323815,5,2,0.0,0.0,0.0,0.0,31
solar_323815,5,3,0.0,0.0,0.0,0.0,31
solar_323815,5,4,0.0,0.0,0.0,0.0,31
solar_323815,5,5,0.0,0.0,0.0,0.0,31
solar_323815,5,6,0.0,0.0,0.0,0.0,31
solar_323815,5,7,0.0,0.0,0.0,0.0,31
solar_323815,5,8,0.0,0.0,0.0,0.0,31
solar_323815,5,9,0.0,0.0,0.0,0.0,31
solar_323815,5,10,0.2931883548165992,0.1796225596874992,0.2534031342915128,0.20386530889318338,31
solar_323815,5,11,1.0070764500572917,0.4513744186350292,1.1128742023825051,0.39219002960851407,31
solar_323815,5,12,3.177322247726718,1.9138009948450228,3.367582436399358,1.6168494619178975,31
solar_323815,5,13,5.468806513134837,3.3468051185328767,5.574138342462714,3.119532066681329,31
solar_323815,5,14,7.268788701171559,4.324134370089701,8.142465882888223,3.90391295340795,31
solar_323815,5,15,8.795213298036494,5.018437123871729,9.84726099680786,4.391757110461228,31
solar_323815,5,16,10.52850704272133,4.796779220044449,10.649845829202254,5.0565900835961894,31
solar_323815,5,17,11.022062992370577,5.101404842367709,10.269274520385908,5.269451515462014,31
solar_323815,5,18,10.727630966597413,5.432111998993441,10.057222137266914,5.392690991549055,31
solar_323815,5,19,8.930916102537411,5.202029658172238,8.528324514564103,4.663434730783197,31
solar_323815,5,20,7.6589058821938725,3.8241829210837635,6.939233065588058,3.710032991645116,31
solar_323815,5,21,5.410517534176491,2.53073597433213,5.288658366394495,2.2899316481996252,31
solar_323815,5,22,2.8463214113289474,1.253579781272729,3.046536492466131,1.1125335978954443,31
solar_323815,5,23,0.8278504880702461,0.3251588913436917,0.7913507856362043,0.2811385943117845,31
solar_323815,6,0,0.3536966432554447,0.1814321822640258,0.41078550001838765,0.1071080133375834,30
solar_323815,6,1,0.0,0.0,0.0,0.0,30
solar_323815,6,2,0.0,0.0,0.0,0.0,30
solar_323815,6,3,0.0,0.0,0.0,0.0,30
solar_323815,6,4,0.0,0.0,0.0,0.0,30
solar_323815,6,5,0.0,0.0,0.0,0.0,30
solar_323815,6,6,0.0,0.0,0.0,0.0,30
solar_323815,6,7,0.0,0.0,0.0,0.0,30
solar_323815,6,8,0.0,0.0,0.0,0.0,30
solar_323815,6,9,0.0,0.0,0.0,0.0,30
solar_323815,6,10,0.4161924568129942,0.1809278169677522,0.4615606457283307,0.15085679057672208,30
solar_323815,6,11,1.0049987762572836,0.46507290678714924,1.2298590688939122,0.3087980269496088,30
solar_323815,6,12,3.3605765402630907,1.722725355102789,3.840334588754629,0.7643902089186684,30
solar_323815,6,13,6.450088437121249,2.445035457206798,6.147007693280553,2.2764179767063255,30
solar_323815,6,14,8.414251658495344,3.390468499926638,8.19381108357612,3.387004487002364,30
solar_323815,6,15,10.226057510109817,3.9640264406450973,10.279583639860952,3.082572175188791,30
solar_323815,6,16,10.306024585564328,5.324146346751422,10.903339198771734,3.5134111773655454,30
solar_323815,6,17,10.742602511806194,4.799326704029179,10.79357319228959,3.8985990945646347,30
solar_323815,6,18,10.327062818606185,5.0418637377433395,10.780289332259231,3.356718247182081,30
solar_323815,6,19,9.316194737632037,4.359130486832038,9.29579759583218,3.8689796534508396,30
solar_323815,6,20,7.555653528993942,3.967471231236554,8.16387287112426,2.9015895479333373,30
solar_323815,6,21,5.426339262053069,2.6893875978718453,5.92681939408153,1.8466065699609724,30
solar_323815,6,22,3.0189660370402702,1.460895562132765,3.401449207041204,1.0197235189366556,30
solar_323815,6,23,0.9222220903206241,0.435957323620986,1.1277197937047192,0.2635479082961256,30
solar_323815,7,0,0.2928850729596315,0.1631803975638614,0.36721787018332724,0.11065495840816957,31
solar_323815,7,1,0.0,0.0,0.0,0.0,31
solar_323815,7,2,0.0,0.0,0.0,0.0,31
solar_323815,7,3,0.0,0.0,0.0,0.0,31
solar_323815,7,4,0.0,0.0,0.0,0.0,31
solar_323815,7,5,0.0,0.0,0.0,0.0,31
solar_323815,7,6,0.0,0.0,0.0,0.0,31
solar_323815,7,7,0.0,0.0,0.0,0.0,31
solar_323815,7,8,0.0,0.0,0.0,0.0,31
solar_323815,7,9,0.0,0.0,0.0,0.0,31
solar_323815,7,10,0.27103129745838456,0.15295755398928518,0.23503153891145018,0.1886476943820683,31
solar_323815,7,11,0.8688256615616615,0.31433700202693154,1.0151398403277279,0.2585703156044169,31
solar_323815,7,12,3.223423681231797,1.2932178830397167,3.451578915694184,0.9931229124682674,31
solar_323815,7,13,6.530885137126268,1.671027586039972,6.122943450075379,1.9317628651265504,31
solar_323815,7,14,9.27409028879205,1.748012433567265,8.301796604568077,3.0312747074935875,31
solar_323815,7,15,9.975017917584262,3.764800297175567,10.638404779002766,2.6872226100979106,31
solar_323815,7,16,11.21607701227457,4.282556665808402,11.300900018612127,3.9736190575525434,31
solar_323815,7,17,11.26615424835678,4.255761349961097,10.931704326264922,4.128107916544237,31
solar_323815,7,18,10.874584311407876,4.0241216609660215,10.579470454859504,3.7914673773942473,31
solar_323815,7,19,10.156400891549309,3.6443195390811054,10.734740660755634,2.1872888486840742,31
solar_323815,7,20,8.688241902422073,2.0926402143438323,8.732148251491529,2.5674028541584266,31
solar_323815,7,21,6.029520219581976,2.345890066672947,6.103618816935887,2.1556595618686747,31
solar_323815,7,22,3.4363197131751617,1.294372920359841,3.479583514336139,1.1459203521781882,31
solar_323815,7,23,1.0775434777944701,0.3384878495860546,1.0377118263830265,0.29916491213450436,31
solar_323815,8,0,0.00844607617302047,0.032742607617148825,0.022455372479898473,0.04639965759691076,31
solar_323815,8,1,0.0,0.0,0.0,0.0,31
solar_323815,8,2,0.0,0.0,0.0,0.0,31
solar_323815,8,3,0.0,0.0,0.0,0.0,31
solar_323815,8,4,0.0,0.0,0.0,0.0,31
solar_323815,8,5,0.0,0.0,0.0,0.0,31
solar_323815,8,6,0.0,0.0,0.0,0.0,31
solar_323815,8,7,0.0,0.0,0.0,0.0,31
solar_323815,8,8,0.0,0.0,0.0,0.0,31
solar_323815,8,9,0.0,0.0,0.0,0.0,31
solar_323815,8,10,0.0060445328857627115,0.01792611792604353,0.0,0.0,31
solar_323815,8,11,0.6128399406960768,0.29814377122456664,0.7370334450360474,0.22584525582864737,31
solar_323815,8,12,2.4744676935658765,1.546893419344946,2.9838346074232103,1.1854317507079446,31
solar_323815,8,13,5.023403421514944,3.0307503283509845,5.871842384016116,2.027761336130429,31
solar_323815,8,14,7.463611867512846,4.0286531236398115,8.096452360310067,3.2406871858991724,31
solar_323815,8,15,9.265722453999702,4.682681389069833,9.709161059192757,3.557437114898558,31
solar_323815,8,16,9.387475217142809,5.514950994837212,10.03417702839002,4.739200186127639,31
solar_323815,8,17,10.214759796183044,5.359488746796082,9.86687397949466,4.9792174171929116,31
solar_323815,8,18,9.26941249873528,4.96345301605774,8.486515369460674,5.259770654766063,31
solar_323815,8,19,8.087572500536826,4.578613591818952,8.371103065025991,4.382557538270463,31
solar_323815,8,20,5.939381027320208,3.94953831753887,6.5772178365050635,3.6602485539616705,31
solar_323815,8,21,4.8574552546049565,2.91243035427105,5.19745762264731,2.481554501473848,31
solar_323815,8,22,2.5143332712968514,1.5204945809491008,2.664279790851552,1.250466868934601,31
solar_323815,8,23,0.621778753695395,0.33871999899950556,0.6255595592975987,0.31687726398990584,31
solar_323815,9,0,0.0,0.0,0.0,0.0,30
solar_323815,9,1,0.0,0.0,0.0,0.0,30
solar_323815,9,2,0.0,0.0,0.0,0.0,30
solar_323815,9,3,0.0,0.0,0.0,0.0,30
solar_323815,9,4,0.0,0.0,0.0,0.0,30
solar_323815,9,5,0.0,0.0,0.0,0.0,30
solar_323815,9,6,0.0,0.0,0.0,0.0,30
solar_323815,9,7,0.0,0.0,0.0,0.0,30
solar_323815,9,8,0.0,0.0,0.0,0.0,30
solar_323815,9,9,0.0,0.0,0.0,0.0,30
solar_323815,9,10,0.0,0.0,0.0,0.0,30
solar_323815,9,11,0.2920779219598198,0.22082797165861995,0.2095764076391808,0.2474761532851664,30
solar_323815,9,12,2.8442012214626478,1.250386104752432,2.876235658318671,1.1000538397130408,30
solar_323815,9,13,5.631544492483994,2.559896278721097,5.690841321055717,2.4363519826509332,30
solar_323815,9,14,8.03428228327697,3.858469122569566,8.844756454049596,3.2017122290523488,30
solar_323815,9,15,10.465588404407795,4.4301099582119905,11.212463614354538,3.426180116548641,30
solar_323815,9,16,12.275769846317338,4.480529445606516,12.191512798604643,4.002499686222362,30
solar_323815,9,17,12.212726670944257,4.704867927759284,12.940543963383995,3.7467771939922296,30
solar_323815,9,18,11.74384972826822,4.661372001962217,11.13435090536949,4.622095882374835,30
solar_323815,9,19,10.437645750801186,3.7968965223549183,10.043476594163877,3.792782497164283,30
solar_323815,9,20,8.216945563545943,3.179460640680313,8.288378822262239,2.728445867010056,30
solar_323815,9,21,4.95600297558933,2.251309710005653,5.049418458656408,2.0387390648463914,30
solar_323815,9,22,1.8860019687439156,0.952303215406171,1.8327305420476676,0.9893885970751293,30
solar_323815,9,23,0.07263643702077083,0.1422105276584005,0.08952187683304617,0.15165441859301215,30
solar_323815,10,0,0.0,0.0,0.0,0.0,31
solar_323815,10,1,0.0,0.0,0.0,0.0,31
solar_323815,10,2,0.0,0.0,0.0,0.0,31
solar_323815,10,3,0.0,0.0,0.0,0.0,31
solar_323815,10,4,0.0,0.0,0.0,0.0,31
solar_323815,10,5,0.0,0.0,0.0,0.0,31
solar_323815,10,6,0.0,0.0,0.0,0.0,31
solar_323815,10,7,0.0,0.0,0.0,0.0,31
solar_323815,10,8,0.0,0.0,0.0,0.0,31
solar_323815,10,9,0.0,0.0,0.0,0.0,31
solar_323815,10,10,0.0,0.0,0.0,0.0,31
solar_323815,10,11,0.0,0.0,0.0,0.0,31
solar_323815,10,12,1.7621993415780237,1.0240738724127836,1.9040160674237767,1.0001173409670299,31
solar_323815,10,13,5.751907889810475,2.6707256857473776,6.501361505424469,1.99013816561574,31
solar_323815,10,14,9.504596448423653,3.0121399759483554,8.741297331407374,3.474738286969921,31
solar_323815,10,15,10.31063933744954,4.230444095458717,10.49162938898758,4.175532611039932,31
solar_323815,10,16,12.221333223775567,4.375141655568227,11.14200324800069,4.669180622063197,31
solar_323815,10,17,12.497386978371848,4.420951254767814,11.208791864054449,4.45553007093302,31
solar_323815,10,18,10.973676878866886,5.001627336142837,10.037049916134018,4.598069090028371,31
solar_323815,10,19,9.468889994305318,4.208358753686777,9.128673704053103,3.9023643616959864,31
solar_323815,10,20,6.962639287581753,3.041037172881976,6.2238533205433155,2.7488350130779566,31
solar_323815,10,21,3.210189415402743,1.5406614427952854,3.111561698840669,1.5401275545788295,31
solar_323815,10,22,0.14530319094770588,0.23178381993690367,0.1744374076825929,0.2609832286442969,31
solar_323815,10,23,0.0,0.0,0.0,0.0,31
solar_323815,11,0,0.0,0.0,0.0,0.0,30
solar_323815,11,1,0.0,0.0,0.0,0.0,30
solar_323815,11,2,0.0,0.0,0.0,0.0,30
solar_323815,11,3,0.0,0.0,0.0,0.0,30
solar_323815,11,4,0.0,0.0,0.0,0.0,30
solar_323815,11,5,0.0,0.0,0.0,0.0,30
solar_323815,11,6,0.0,0.0,0.0,0.0,30
solar_323815,11,7,0.0,0.0,0.0,0.0,30
solar_323815,11,8,0.0,0.0,0.0,0.0,30
solar_323815,11,9,0.0,0.0,0.0,0.0,30
solar_323815,11,10,0.0,0.0,0.0,0.0,30
solar_323815,11,11,0.0,0.0,0.0,0.0,30
solar_323815,11,12,0.15362135086631892,0.2629340786296779,0.04897638920047739,0.1311132782162435,30
solar_323815,11,13,4.146087718793712,2.6523219913980145,3.9548833490436497,2.3897585442262836,30
solar_323815,11,14,7.814649179194778,3.9554259475295823,6.24008284858247,4.187806188652145,30
solar_323815,11,15,9.211460513968131,5.442109217549391,8.165903487634077,5.0267047410715415,30
solar_323815,11,16,10.374662939590943,5.763967765572646,8.927057601392242,5.553063999818976,30
solar_323815,11,17,10.413747818858514,6.204295495543865,7.959135739631082,5.631426493554725,30
solar_323815,11,18,9.247407342327357,5.6203717996915135,7.345039386177815,5.1713963650967845,30
solar_323815,11,19,7.669962277054567,4.290227883953268,7.516188467768741,3.8867782225926812,30
solar_323815,11,20,5.176784755160829,3.123793833764605,4.881532054847024,3.0298311716745507,30
solar_323815,11,21,1.0197615237056021,0.842231661634654,1.0898513775259497,0.8994407069598018,30
solar_323815,11,22,0.0,0.0,0.0,0.0,30
solar_323815,11,23,0.0,0.0,0.0,0.0,30
solar_323815,12,0,0.0,0.0,0.0,0.0,31
solar_323815,12,1,0.0,0.0,0.0,0.0,31
solar_323815,12,2,0.0,0.0,0.0,0.0,31
solar_323815,12,3,0.0,0.0,0.0,0.0,31
solar_323815,12,4,0.0,0.0,0.0,0.0,31
solar_323815,12,5,0.0,0.0,0.0,0.0,31
solar_323815,12,6,0.0,0.0,0.0,0.0,31
solar_323815,12,7,0.0,0.0,0.0,0.0,31
solar_323815,12,8,0.0,0.0,0.0,0.0,31
solar_323815,12,9,0.0,0.0,0.0,0.0,31
solar_323815,12,10,0.0,0.0,0.0,0.0,31
solar_323815,12,11,0.0,0.0,0.0,0.0,31
solar_323815,12,12,0.0,0.0,0.0,0.0,31
solar_323815,12,13,2.3250107705307177,2.0851863136542366,1.908053375459063,1.7126631648911215,31
solar_323815,12,14,4.344410131016976,4.103973078996269,5.203646721878288,3.433353966690509,31
solar_323815,12,15,6.680913604698855,5.807573997854982,6.986622877754492,4.562451222866137,31
solar_323815,12,16,7.364076303514072,6.228111831541566,8.000614353251473,5.442103211444728,31
solar_323815,12,17,6.907017274505177,6.121434488803415,6.801879656875438,5.186124165755569,31
solar_323815,12,18,6.647913123382012,5.58317840747011,6.87056191246378,4.902796918348233,31
solar_323815,12,19,4.868072107354862,4.254010659713743,5.22263176359843,4.093754576306253,31
solar_323815,12,20,4.449466459969281,3.410449812052871,3.6330360946017795,2.7151317617346113,31
solar_323815,12,21,0.3932968269348499,0.5024062234347728,0.5341395533212817,0.5861811077717113,31
solar_323815,12,22,0.0,0.0,0.0,0.0,31
solar_323815,12,23,0.0,0.0,0.0,0.0,31
solar_323833,1,0,0.0,0.0,0.0,0.0,31
solar_323833,1,1,0.0,0.0,0.0,0.0,31
solar_323833,1,2,0.0,0.0,0.0,0.0,31
solar_323833,1,3,0.0,0.0,0.0,0.0,31
solar_323833,1,4,0.0,0.0,0.0,0.0,31
solar_323833,1,5,0.0,0.0,0.0,0.0,31
solar_323833,1,6,0.0,0.0,0.0,0.0,31
solar_323833,1,7,0.0,0.0,0.0,0.0,31
solar_323833,1,8,0.0,0.0,0.0,0.0,31
solar_323833,1,9,0.0,0.0,0.0,0.0,31
solar_323833,1,10,0.0,0.0,0.0,0.0,31
solar_323833,1,11,0.0,0.0,0.0,0.0,31
solar_323833,1,12,0.0,0.0,0.0,0.0,31
solar_323833,1,13,2.1333830767753437,2.154499437039102,1.6278936452422592,1.6299752780681773,31
solar_323833,1,14,3.3789545405842047,3.486883073604308,4.3200307619664375,3.4519688144447955,31
solar_323833,1,15,4.952145382827085,4.92526385665124,5.452580717341814,4.338153831479924,31
solar_323833,1,16,5.697264145875066,5.776520348148673,6.052002850028463,4.801409789940832,31
solar_323833,1,17,5.569473702448533,6.211922695647275,6.4150208072897605,4.875796219102591,31
solar_323833,1,18,6.063039672736069,6.464422310737612,5.840546658679185,4.886126591648825,31
solar_323833,1,19,4.617236105556707,5.2535560390867575,4.26896783667309,3.4762452297305573,31
solar_323833,1,20,2.912836271334441,3.3980159326840815,3.4254285057786213,3.2261580494371853,31
solar_323833,1,21,1.498647050447001,1.7947594374306637,1.7769862989149534,1.8057286850304481,31
solar_323833,1,22,0.0,0.0,0.0016939667577978935,0.008529932946589991,31
solar_323833,1,23,0.0,0.0,0.0,0.0,31
solar_323833,2,0,0.0,0.0,0.0,0.0,29
solar_323833,2,1,0.0,0.0,0.0,0.0,29
solar_323833,2,2,0.0,0.0,0.0,0.0,29
solar_323833,2,3,0.0,0.0,0.0,0.0,29
solar_323833,2,4,0.0,0.0,0.0,0.0,29
solar_323833,2,5,0.0,0.0,0.0,0.0,29
solar_323833,2,6,0.0,0.0,0.0,0.0,29
solar_323833,2,7,0.0,0.0,0.0,0.0,29
solar_323833,2,8,0.0,0.0,0.0,0.0,29
solar_323833,2,9,0.0,0.0,0.0,0.0,29
solar_323833,2,10,0.0,0.0,0.0,0.0,29
solar_323833,2,11,0.0,0.0,0.0,0.0,29
solar_323833,2,12,0.1677758860178707,0.307071577928381,0.06869053343062638,0.18948424916926257,29
solar_323833,2,13,3.869426620134661,2.7490523733888974,3.691545687190201,2.263078544188554,29
solar_323833,2,14,7.118747337401582,4.380299932379537,6.546327843837362,3.944449211228007,29
solar_323833,2,15,9.145050447996951,5.346872589785008,8.697409989143493,4.6901215293834895,29
solar_323833,2,16,10.487931977256086,6.316011028595613,10.611312488258104,4.94563860015317,29
solar_323833,2,17,11.425167053535947,6.259600154946722,10.898463532228982,5.620641502768479,29
solar_323833,2,18,11.302001773374583,6.129054630966669,11.280555979072538,5.57454931912347,29
solar_323833,2,19,10.25614829134825,5.77466776021502,8.845026328737124,5.053411392629375,29
solar_323833,2,20,7.616575922452816,4.77962532473168,7.1161117726837295,4.019530690177142,29
solar_323833,2,21,5.104771298222937,3.007936914473667,4.782915178243895,2.7658525007463433,29
solar_323833,2,22,0.8367140148930535,0.9187906364124753,0.9195146205715624,0.9518551019970466,29
solar_323833,2,23,0.0,0.0,0.0,0.0,29
solar_323833,3,0,0.0,0.0,0.0,0.0,31
solar_323833,3,1,0.0,0.0,0.0,0.0,31
solar_323833,3,2,0.0,0.0,0.0,0.0,31
solar_323833,3,3,0.0,0.0,0.0,0.0,31
solar_323833,3,4,0.0,0.0,0.0,0.0,31
solar_323833,3,5,0.0,0.0,0.0,0.0,31
solar_323833,3,6,0.0,0.0,0.0,0.0,31
solar_323833,3,7,0.0,0.0,0.0,0.0,31
solar_323833,3,8,0.0,0.0,0.0,0.0,31
solar_323833,3,9,0.0,0.0,0.0,0.0,31
solar_323833,3,10,0.0,0.0,0.0,0.0,31
solar_323833,3,11,0.04039195541231387,0.09870606421751021,0.0019049375556346002,0.010606243435678857,31
solar_323833,3,12,1.6592615951867338,1.4544601308382907,1.7629988178304383,1.288789668860156,31
solar_323833,3,13,4.373418057080385,3.3300635037490176,5.0580812683988405,2.9418764614483415,31
solar_323833,3,14,6.920537248185483,5.094588580409654,7.1919051832441285,4.426595753171376,31
solar_323833,3,15,8.78927328957053,6.178486820574941,9.239120139133526,5.2747486265972245,31
solar_323833,3,16,8.950178016409023,6.86567559583393,9.588788351881119,5.801958142885195,31
solar_323833,3,17,8.82757067930913,7.073188525657494,9.757045213283371,5.839993965149814,31
solar_323833,3,18,8.344276542739463,7.313716818347007,9.28228587170241,5.908393776430247,31
solar_323833,3,19,7.679826783009991,6.7797417118093275,8.282291591308283,5.08030022730649,31
solar_323833,3,20,6.205400502408221,5.221087474162013,5.4392956185693935,4.20730700474747,31
solar_323833,3,21,4.2284671172230635,3.6371235562411046,3.953718104459612,2.934546722815093,31
solar_323833,3,22,1.9778087160765594,1.5206545120761643,1.5882216052655707,1.3154362376277726,31
solar_323833,3,23,0.03172044365843198,0.08080420317311153,0.058016277963682965,0.10196897364333347,31
solar_323833,4,0,0.0,0.0,0.0,0.0,30
solar_323833,4,1,0.0,0.0,0.0,0.0,30
solar_323833,4,2,0.0,0.0,0.0,0.0,30
solar_323833,4,3,0.0,0.0,0.0,0.0,30
solar_323833,4,4,0.0,0.0,0.0,0.0,30
solar_323833,4,5,0.0,0.0,0.0,0.0,30
solar_323833,4,6,0.0,0.0,0.0,0.0,30
solar_323833,4,7,0.0,0.0,0.0,0.0,30
solar_323833,4,8,0.0,0.0,0.0,0.0,30
solar_323833,4,9,0.0,0.0,0.0,0.0,30
solar_323833,4,10,0.0023919633881023666,0.008086095486629391,0.0,0.0,30
solar_323833,4,11,0.4649589737553718,0.3965086406583743,0.6199828778070519,0.3338530699584726,30
solar_323833,4,12,2.558517995644288,2.0046412485664127,3.0955925600300844,1.517999117884687,30
solar_323833,4,13,5.315031133632179,3.4389659524891223,5.1802085943008445,3.1515238994011763,30
solar_323833,4,14,7.171895067889628,4.895933265656326,7.378603795789423,4.107190258287365,30
solar_323833,4,15,8.152330733356042,6.017846247582488,8.914470421432563,4.932858753998494,30
solar_323833,4,16,8.418918016194594,6.84832266858622,9.781867819371453,5.563101224573412,30
solar_323833,4,17,9.299569552775896,6.540833593378627,8.661047111002894,6.286170281903492,30
solar_323833,4,18,9.611090738668922,6.729797173947995,7.710472385911676,5.799313858198887,30
solar_323833,4,19,7.153125466275837,6.18823178455501,6.897213846631332,4.691152506019936,30
solar_323833,4,20,5.491124492182512,5.12194710129574,5.675950614282513,4.036554388034092,30
solar_323833,4,21,3.4776956663664675,3.447654198933392,3.881530167268441,2.979689101617217,30
solar_323833,4,22,1.9180480971672982,1.5837852157347863,2.1128331939203866,1.3266988026733038,30
solar_323833,4,23,0.35390377799685757,0.28703769732358114,0.37310823149476263,0.2406600669455208,30
solar_323833,5,0,0.07620279089456969,0.10640089231729358,0.10061618450571651,0.11725987298874518,31
solar_323833,5,1,0.0,0.0,0.0,0.0,31
solar_323833,5,2,0.0,0.0,0.0,0.0,31
solar_323833,5,3,0.0,0.0,0.0,0.0,31
solar_323833,5,4,0.0,0.0,0.0,0.0,31
solar_323833,5,5,0.0,0.0,0.0,0.0,31
solar_323833,5,6,0.0,0.0,0.0,0.0,31
solar_323833,5,7,0.0,0.0,0.0,0.0,31
solar_323833,5,8,0.0,0.0,0.0,0.0,31
solar_323833,5,9,0.0,0.0,0.0,0.0,31
solar_323833,5,10,0.27358812926234033,0.18638620288908742,0.22949289741370416,0.20353452431726027,31
solar_323833,5,11,1.0042136600625633,0.4842725053730036,1.1365241236382664,0.4081700118506337,31
solar_323833,5,12,3.1288207889586657,1.9023288564393128,3.4229010919209144,1.6514387304460945,31
solar_323833,5,13,5.434262617307759,3.3205131692123278,5.6606508085747045,2.8899125070168186,31
solar_323833,5,14,8.477839624441014,4.091342368436081,7.456316802861169,4.22355847319154,31
solar_323833,5,15,9.99264005380478,4.362047214593935,9.993789008013854,4.478704975889513,31
solar_323833,5,16,10.221527255823693,5.099482306179835,10.553123066556642,4.791905476288255,31
solar_323833,5,17,10.794273158527828,5.359762511952981,10.526466716111878,5.233025712314979,31
solar_323833,5,18,10.48764267526375,4.730821202146819,10.339402528496914,4.861907873423545,31
solar_323833,5,19,8.798221891651268,4.966987120958377,8.79409657608194,4.197352647829739,31
solar_323833,5,20,7.711345854035273,3.6443835848310058,6.920384366839724,3.770814344874364,31
solar_323833,5,21,5.155296224191393,2.666375682294697,4.8476537454339645,2.5162862977464164,31
solar_323833,5,22,2.7632757432354103,1.3073450454325273,2.685378227294723,1.2728501046578535,31
solar_323833,5,23,0.8274052723184613,0.3259214385434227,0.7952732994327107,0.251829155384637,31
solar_323833,6,0,0.3113020212392657,0.160410504806854,0.38215854108307734,0.09189805309656122,30
solar_323833,6,1,0.0,0.0,0.0,0.0,30
solar_323833,6,2,0.0,0.0,0.0,0.0,30
solar_323833,6,3,0.0,0.0,0.0,0.0,30
solar_323833,6,4,0.0,0.0,0.0,0.0,30
solar_323833,6,5,0.0,0.0,0.0,0.0,30
solar_323833,6,6,0.0,0.0,0.0,0.0,30
solar_323833,6,7,0.0,0.0,0.0,0.0,30
solar_323833,6,8,0.0,0.0,0.0,0.0,30
solar_323833,6,9,0.0,0.0,0.0,0.0,30
solar_323833,6,10,0.4426665149553549,0.16425159113807244,0.48763791295472075,0.13218597077882208,30
solar_323833,6,11,1.039585755535692,0.45123361056909783,1.2528148517639706,0.30462063902101694,30
solar_323833,6,12,3.7906361452798305,1.3343993006426063,3.784829837823765,1.24631589308435,30
solar_323833,6,13,5.918526449832536,2.7405658506995216,6.449218828445014,2.2495770726272277,30
solar_323833,6,14,8.276157131215584,3.71776014837207,8.454819703422963,3.2729181280023543,30
solar_323833,6,15,10.50424893437333,3.6989094935713607,10.062247342012471,3.784413916472503,30
solar_323833,6,16,10.878172905101144,4.250717253096421,11.203304027230324,3.701937659251612,30
solar_323833,6,17,9.88219425360545,5.707233944640179,10.133471523690567,4.5401561488829,30
solar_323833,6,18,10.213956317169453,4.345337796399703,9.797175158205427,4.401437701038731,30
solar_323833,6,19,8.587826311931403,4.5003075611938135,9.028038697396362,4.307638613367834,30
solar_323833,6,20,7.140939742784493,3.963538686804106,7.561261840748557,3.5331621494267864,30
solar_323833,6,21,4.738820434992271,2.927334454782394,5.338559945197315,2.4220147621896215,30
solar_323833,6,22,2.978424051327396,1.5005218854626525,3.250533303786169,1.0680182718316995,30
solar_323833,6,23,0.8733256053813839,0.4282510978233686,1.0540793272658353,0.34036012964641915,30
solar_323833,7,0,0.28877396315418136,0.1412961336632828,0.3271307172299924,0.12348601006824725,31
solar_323833,7,1,0.0,0.0,0.0,0.0,31
solar_323833,7,2,0.0,0.0,0.0,0.0,31
solar_323833,7,3,0.0,0.0,0.0,0.0,31
solar_323833,7,4,0.0,0.0,0.0,0.0,31
solar_323833,7,5,0.0,0.0,0.0,0.0,31
solar_323833,7,6,0.0,0.0,0.0,0.0,31
solar_323833,7,7,0.0,0.0,0.0,0.0,31
solar_323833,7,8,0.0,0.0,0.0,0.0,31
solar_323833,7,9,0.0,0.0,0.0,0.0,31
solar_323833,7,10,0.28072383662428696,0.15359686451208673,0.21821223481842567,0.17875278467603928,31
solar_323833,7,11,0.7819937991629424,0.4266918614077567,0.9497394361306551,0.3012249552913324,31
solar_323833,7,12,3.438752809359351,1.1372890612001196,3.275172865577784,1.1856532903026198,31
solar_323833,7,13,6.496794788814513,1.334575516359687,5.941417548164901,2.106596470238941,31
solar_323833,7,14,9.127670831701803,2.3248413787644835,8.70744188429764,2.212019986969258,31
solar_323833,7,15,11.194699447730386,2.456488702948438,10.7313402972862,2.5800278016074163,31
solar_323833,7,16,11.788395309227118,3.1272851829107964,11.759967496398248,3.535232342539072,31
solar_323833,7,17,12.174492384527328,3.2387412193261573,11.177813130425777,4.107069055329771,31
solar_323833,7,18,10.913724397987453,4.18460089809417,10.846579898842279,3.5981992143422854,31
solar_323833,7,19,9.497162311282459,4.282560984330048,9.482280701368945,3.8525030667571323,31
solar_323833,7,20,8.420292984060016,2.874490111228019,8.378752024914863,2.4226074655386647,31
solar_323833,7,21,6.180894615166745,1.9970383640733829,5.966608806788246,1.9290994167854227,31
solar_323833,7,22,3.1270879252928876,1.3715089776505605,3.4457147953745975,0.9522505715699319,31
solar_323833,7,23,0.9562445107395756,0.4535663747998587,1.0083816638114784,0.2923090442084203,31
solar_323833,8,0,0.004038907567419935,0.019842795650068,0.016692010469006324,0.041623100090550876,31
solar_323833,8,1,0.0,0.0,0.0,0.0,31
solar_323833,8,2,0.0,0.0,0.0,0.0,31
solar_323833,8,3,0.0,0.0,0.0,0.0,31
solar_323833,8,4,0.0,0.0,0.0,0.0,31
solar_323833,8,5,0.0,0.0,0.0,0.0,31
solar_323833,8,6,0.0,0.0,0.0,0.0,31
solar_323833,8,7,0.0,0.0,0.0,0.0,31
solar_323833,8,8,0.0,0.0,0.0,0.0,31
solar_323833,8,9,0.0,0.0,0.0,0.0,31
solar_323833,8,10,0.006313152106285817,0.01846974926986835,0.0,0.0,31
solar_323833,8,11,0.6147388786061005,0.32185198377443447,0.7015482964960787,0.2695287303138435,31
solar_323833,8,12,2.560251581727867,1.567946536713332,3.055969620972505,1.1541056072208034,31
solar_323833,8,13,5.106369264139924,3.0147830264089213,5.88719764167074,2.1378425871337368,31
solar_323833,8,14,7.518864337547998,3.630429576531465,7.809770102471389,3.1744396156644643,31
solar_323833,8,15,9.45897415047762,4.09995495341408,10.19213563502891,3.0462522582634044,31
solar_323833,8,16,9.147600064415174,5.295226326995839,9.691624113189226,4.993676782016079,31
solar_323833,8,17,8.847854080797976,5.238999790524568,10.642233806938965,4.0726153992232765,31
solar_323833,8,18,9.748084412162562,4.601397074645339,10.594454176913862,3.4155654109124938,31
solar_323833,8,19,9.507926186394766,3.975870664620761,8.333410868266693,3.8235500130468423,31
solar_323833,8,20,7.106268685467432,3.558805022234731,7.403075730808555,2.793681180135075,31
solar_323833,8,21,4.608063659568208,2.78029514382054,4.805193359819515,2.4501980847650096,31
solar_323833,8,22,2.3636437149691893,1.4088950157235423,2.613044434684994,1.1846183394080012,31
solar_323833,8,23,0.6247969091108295,0.29032553107516407,0.6239591007596536,0.2677636728790083,31
solar_323833,9,0,0.0,0.0,0.0,0.0,30
solar_323833,9,1,0.0,0.0,0.0,0.0,30
solar_323833,9,2,0.0,0.0,0.0,0.0,30
solar_323833,9,3,0.0,0.0,0.0,0.0,30
solar_323833,9,4,0.0,0.0,0.0,0.0,30
solar_323833,9,5,0.0,0.0,0.0,0.0,30
solar_323833,9,6,0.0,0.0,0.0,0.0,30
solar_323833,9,7,0.0,0.0,0.0,0.0,30
solar_323833,9,8,0.0,0.0,0.0,0.0,30
solar_323833,9,9,0.0,0.0,0.0,0.0,30
solar_323833,9,10,0.0,0.0,0.0,0.0,30
solar_323833,9,11,0.3160284783017373,0.2169131451705492,0.22643889856109609,0.25902115814901244,30
solar_323833,9,12,2.627785503163578,1.3073333746804863,2.8427364646531763,1.1699934665017264,30
solar_323833,9,13,5.391513773088045,2.69003770067925,5.738550955299335,2.3932841468943917,30
solar_323833,9,14,9.294859665101404,2.878665621947311,8.72859251797796,3.261898515672282,30
solar_323833,9,15,11.222107713103904,3.210204096364103,10.455263321919444,3.6467715415694486,30
solar_323833,9,16,12.678595240487681,3.1942027725913653,11.499865588983369,4.65337238415539,30
solar_323833,9,17,12.722680634661527,3.724288595032983,12.068000104716369,4.3806587649988575,30
solar_323833,9,18,11.65221432835373,4.284449349949872,11.291646491744158,4.43603864108772,30
solar_323833,9,19,9.63910941088996,4.446673314919164,9.47050609050473,3.938499443724378,30
solar_323833,9,20,8.12564973599559,2.9000880932452886,7.647537491382667,3.252583120183142,30
solar_323833,9,21,5.125416825887475,1.9598344642792935,4.541602029393803,2.164219685664657,30
solar_323833,9,22,1.811276587839829,0.9312510733463276,1.864353877367102,0.9962522374394479,30
solar_323833,9,23,0.06354972150461409,0.1292296460100512,0.08523264158234979,0.1427288101684639,30
solar_323833,10,0,0.0,0.0,0.0,0.0,31
solar_323833,10,1,0.0,0.0,0.0,0.0,31
solar_323833,10,2,0.0,0.0,0.0,0.0,31
solar_323833,10,3,0.0,0.0,0.0,0.0,31
solar_323833,10,4,0.0,0.0,0.0,0.0,31
solar_323833,10,5,0.0,0.0,0.0,0.0,31
solar_323833,10,6,0.0,0.0,0.0,0.0,31
solar_323833,10,7,0.0,0.0,0.0,0.0,31
solar_323833,10,8,0.0,0.0,0.0,0.0,31
solar_323833,10,9,0.0,0.0,0.0,0.0,31
solar_323833,10,10,0.0,0.0,0.0,0.0,31
solar_323833,10,11,0.0,0.0,0.0,0.0,31
solar_323833,10,12,1.6925073271078621,1.146162827067947,1.9854313727167021,0.9770040325206846,31
solar_323833,10,13,5.862225430555305,2.1237576865482195,6.457803515885373,2.0331997306336964,31
solar_323833,10,14,8.492136600942555,3.6603206678568743,9.592286789121763,3.010797361063904,31
solar_323833,10,15,10.64975026274059,4.5187096815054355,11.682858206699917,3.078372819716285,31
solar_323833,10,16,11.448427064813831,4.983136875245788,12.233001318626087,3.341844638142369,31
solar_323833,10,17,12.254485038076346,4.7434834268688935,11.635479902432825,4.380548506329887,31
solar_323833,10,18,11.602818098004954,4.3151808690573485,10.603621718123048,4.259561926939315,31
solar_323833,10,19,9.240987059843064,4.174846575801842,8.543507911962633,3.792820192124976,31
solar_323833,10,20,7.133624573883874,2.6451496338304055,6.558453860278853,2.642997735464324,31
solar_323833,10,21,3.407671286550185,1.3777767064963442,3.067708129457616,1.2949823992877432,31
solar_323833,10,22,0.14651719178374842,0.23776721365587916,0.1681503911923627,0.2547801248645649,31
solar_323833,10,23,0.0,0.0,0.0,0.0,31
solar_323833,11,0,0.0,0.0,0.0,0.0,30
solar_323833,11,1,0.0,0.0,0.0,0.0,30
solar_323833,11,2,0.0,0.0,0.0,0.0,30
solar_323833,11,3,0.0,0.0,0.0,0.0,30
solar_323833,11,4,0.0,0.0,0.0,0.0,30
solar_323833,11,5,0.0,0.0,0.0,0.0,30
solar_323833,11,6,0.0,0.0,0.0,0.0,30
solar_323833,11,7,0.0,0.0,0.0,0.0,30
solar_323833,11,8,0.0,0.0,0.0,0.0,30
solar_323833,11,9,0.0,0.0,0.0,0.0,30
solar_323833,11,10,0.0,0.0,0.0,0.0,30
solar_323833,11,11,0.0,0.0,0.0,0.0,30
solar_323833,11,12,0.20876165490239623,0.3469516095138836,0.07444842822016498,0.18545428376617798,30
solar_323833,11,13,4.199019937653619,2.6617580501194174,4.28010997233933,2.3697253555160134,30
solar_323833,11,14,7.73974912837213,3.8504976794638015,7.06352478980352,3.7704007563473714,30
solar_323833,11,15,10.182178715491364,5.046135937971967,8.667128548492375,5.006111070296616,30
solar_323833,11,16,9.91024995119306,5.935533994397196,9.856008125923278,5.406477009477862,30
solar_323833,11,17,11.43637602117594,5.302851728608076,10.304785871686885,5.027978339894758,30
solar_323833,11,18,9.193356281556609,5.8998334433205395,9.0437267712817,4.755227824827892,30
solar_323833,11,19,8.217115768360523,4.263591320904954,8.399737182772139,3.7006563580618237,30
solar_323833,11,20,5.696417941756922,2.8817842150743753,5.347647112385786,2.928129729013377,30
solar_323833,11,21,1.0157102788552277,0.8311487246729375,1.2666798374064305,0.9476123870254106,30
solar_323833,11,22,0.0,0.0,0.0,0.0,30
solar_323833,11,23,0.0,0.0,0.0,0.0,30
solar_323833,12,0,0.0,0.0,0.0,0.0,31
solar_323833,12,1,0.0,0.0,0.0,0.0,31
solar_323833,12,2,0.0,0.0,0.0,0.0,31
solar_323833,12,3,0.0,0.0,0.0,0.0,31
solar_323833,12,4,0.0,0.0,0.0,0.0,31
solar_323833,12,5,0.0,0.0,0.0,0.0,31
solar_323833,12,6,0.0,0.0,0.0,0.0,31
solar_323833,12,7,0.0,0.0,0.0,0.0,31
solar_323833,12,8,0.0,0.0,0.0,0.0,31
solar_323833,12,9,0.0,0.0,0.0,0.0,31
solar_323833,12,10,0.0,0.0,0.0,0.0,31
solar_323833,12,11,0.0,0.0,0.0,0.0,31
solar_323833,12,12,0.0,0.0,0.0,0.0,31
solar_323833,12,13,2.403305177054069,2.0709603595482013,2.2769673304519085,1.8799316421141254,31
solar_323833,12,14,4.868430187796914,4.287857680171637,5.160759919527941,4.07108129012028,31
solar_323833,12,15,6.69178491842067,5.27622097811664,7.318064320004959,4.917191560310906,31
solar_323833,12,16,8.091885046774014,5.857541407683707,8.821278908034083,5.3239806562616305,31
solar_323833,12,17,7.392662858089019,6.372592830288971,8.643020529739825,5.406849188843359,31
solar_323833,12,18,5.745551112593741,5.77747616193449,7.706254754726962,5.31041094777367,31
solar_323833,12,19,5.303673550073602,5.160665474352359,6.16357393969006,4.203000867043811,31
solar_323833,12,20,3.5517966526075138,3.577999402700841,3.784365050499041,3.1893171759587924,31
solar_323833,12,21,0.47250442115560654,0.5656971791137647,0.680841147068795,0.7506090714020875,31
solar_323833,12,22,0.0,0.0,0.0,0.0,31
solar_323833,12,23,0.0,0.0,0.0,0.0,31
solar_323834,1,0,0.0,0.0,0.0,0.0,31
solar_323834,1,1,0.0,0.0,0.0,0.0,31
solar_323834,1,2,0.0,0.0,0.0,0.0,31
solar_323834,1,3,0.0,0.0,0.0,0.0,31
solar_323834,1,4,0.0,0.0,0.0,0.0,31
solar_323834,1,5,0.0,0.0,0.0,0.0,31
solar_323834,1,6,0.0,0.0,0.0,0.0,31
solar_323834,1,7,0.0,0.0,0.0,0.0,31
solar_323834,1,8,0.0,0.0,0.0,0.0,31
solar_323834,1,9,0.0,0.0,0.0,0.0,31
solar_323834,1,10,0.0,0.0,0.0,0.0,31
solar_323834,1,11,0.0,0.0,0.0,0.0,31
solar_323834,1,12,0.0,0.0,0.0,0.0,31
solar_323834,1,13,2.1333830767753437,2.154499437039102,1.6278936452422592,1.6299752780681773,31
solar_323834,1,14,3.3789545405842047,3.486883073604308,4.3200307619664375,3.4519688144447955,31
solar_323834,1,15,4.952145382827085,4.92526385665124,5.452580717341814,4.338153831479924,31
solar_323834,1,16,5.697264145875066,5.776520348148673,6.052002850028463,4.801409789940832,31
solar_323834,1,17,5.569473702448533,6.211922695647275,6.4150208072897605,4.875796219102591,31
solar_323834,1,18,6.063039672736069,6.464422310737612,5.840546658679185,4.886126591648825,31
solar_323834,1,19,4.617236105556707,5.2535560390867575,4.26896783667309,3.4762452297305573,31
solar_323834,1,20,2.912836271334441,3.3980159326840815,3.4254285057786213,3.2261580494371853,31
solar_323834,1,21,1.498647050447001,1.7947594374306637,1.7769862989149534,1.8057286850304481,31
solar_323834,1,22,0.0,0.0,0.0016939667577978935,0.008529932946589991,31
solar_323834,1,23,0.0,0.0,0.0,0.0,31
solar_323834,2,0,0.0,0.0,0.0,0.0,29
solar_323834,2,1,0.0,0.0,0.0,0.0,29
solar_323834,2,2,0.0,0.0,0.0,0.0,29
solar_323834,2,3,0.0,0.0,0.0,0.0,29
solar_323834,2,4,0.0,0.0,0.0,0.0,29
solar_323834,2,5,0.0,0.0,0.0,0.0,29
solar_323834,2,6,0.0,0.0,0.0,0.0,29
solar_323834,2,7,0.0,0.0,0.0,0.0,29
solar_323834,2,8,0.0,0.0,0.0,0.0,29
solar_323834,2,9,0.0,0.0,0.0,0.0,29
solar_323834,2,10,0.0,0.0,0.0,0.0,29
solar_323834,2,11,0.0,0.0,0.0,0.0,29
solar_323834,2,12,0.1677758860178707,0.307071577928381,0.06869053343062638,0.18948424916926257,29
solar_323834,2,13,3.869426620134661,2.7490523733888974,3.691545687190201,2.263078544188554,29
solar_323834,2,14,7.118747337401582,4.380299932379537,6.546327843837362,3.944449211228007,29
solar_323834,2,15,9.145050447996951,5.346872589785008,8.697409989143493,4.6901215293834895,29
solar_323834,2,16,10.487931977256086,6.316011028595613,10.611312488258104,4.94563860015317,29
solar_323834,2,17,11.425167053535947,6.259600154946722,10.898463532228982,5.620641502768479,29
solar_323834,2,18,11.302001773374583,6.129054630966669,11.280555979072538,5.57454931912347,29
solar_323834,2,19,10.25614829134825,5.77466776021502,8.845026328737124,5.053411392629375,29
solar_323834,2,20,7.616575922452816,4.77962532473168,7.1161117726837295,4.019530690177142,29
solar_323834,2,21,5.104771298222937,3.007936914473667,4.782915178243895,2.7658525007463433,29
solar_323834,2,22,0.8367140148930535,0.9187906364124753,0.9195146205715624,0.9518551019970466,29
solar_323834,2,23,0.0,0.0,0.0,0.0,29
solar_323834,3,0,0.0,0.0,0.0,0.0,31
solar_323834,3,1,0.0,0.0,0.0,0.0,31
solar_323834,3,2,0.0,0.0,0.0,0.0,31
solar_323834,3,3,0.0,0.0,0.0,0.0,31
solar_323834,3,4,0.0,0.0,0.0,0.0,31
solar_323834,3,5,0.0,0.0,0.0,0.0,31
solar_323834,3,6,0.0,0.0,0.0,0.0,31
solar_323834,3,7,0.0,0.0,0.0,0.0,31
solar_323834,3,8,0.0,0.0,0.0,0.0,31
solar_323834,3,9,0.0,0.0,0.0,0.0,31
solar_323834,3,10,0.0,0.0,0.0,0.0,31
solar_323834,3,11,0.04039195541231387,0.09870606421751021,0.0019049375556346002,0.010606243435678857,31
solar_323834,3,12,1.6592615951867338,1.4544601308382907,1.7629988178304383,1.288789668860156,31
solar_323834,3,13,4.373418057080385,3.3300635037490176,5.0580812683988405,2.9418764614483415,31
solar_323834,3,14,6.920537248185483,5.094588580409654,7.1919051832441285,4.426595753171376,31
solar_323834,3,15,8.78927328957053,6.178486820574941,9.239120139133526,5.2747486265972245,31
solar_323834,3,16,8.950178016409023,6.86567559583393,9.588788351881119,5.801958142885195,31
solar_323834,3,17,8.82757067930913,7.073188525657494,9.757045213283371,5.839993965149814,31
solar_323834,3,18,8.344276542739463,7.313716818347007,9.28228587170241,5.908393776430247,31
solar_323834,3,19,7.679826783009991,6.7797417118093275,8.282291591308283,5.08030022730649,31
solar_323834,3,20,6.205400502408221,5.221087474162013,5.4392956185693935,4.20730700474747,31
solar_323834,3,21,4.2284671172230635,3.6371235562411046,3.953718104459612,2.934546722815093,31
solar_323834,3,22,1.9778087160765594,1.5206545120761643,1.5882216052655707,1.3154362376277726,31
solar_323834,3,23,0.03172044365843198,0.08080420317311153,0.058016277963682965,0.10196897364333347,31
solar_323834,4,0,0.0,0.0,0.0,0.0,30
solar_323834,4,1,0.0,0.0,0.0,0.0,30
solar_323834,4,2,0.0,0.0,0.0,0.0,30
solar_323834,4,3,0.0,0.0,0.0,0.0,30
solar_323834,4,4,0.0,0.0,0.0,0.0,30
solar_323834,4,5,0.0,0.0,0.0,0.0,30
solar_323834,4,6,0.0,0.0,0.0,0.0,30
solar_323834,4,7,0.0,0.0,0.0,0.0,30
solar_323834,4,8,0.0,0.0,0.0,0.0,30
solar_323834,4,9,0.0,0.0,0.0,0.0,30
solar_323834,4,10,0.0023919633881023666,0.008086095486629391,0.0,0.0,30
solar_323834,4,11,0.4649589737553718,0.3965086406583743,0.6199828778070519,0.3338530699584726,30
solar_323834,4,12,2.558517995644288,2.0046412485664127,3.0955925600300844,1.517999117884687,30
solar_323834,4,13,5.315031133632179,3.4389659524891223,5.1802085943008445,3.1515238994011763,30
solar_323834,4,14,7.171895067889628,4.895933265656326,7.378603795789423,4.107190258287365,30
solar_323834,4,15,8.152330733356042,6.017846247582488,8.914470421432563,4.932858753998494,30
solar_323834,4,16,8.418918016194594,6.84832266858622,9.781867819371453,5.563101224573412,30
solar_323834,4,17,9.299569552775896,6.540833593378627,8.661047111002894,6.286170281903492,30
solar_323834,4,18,9.611090738668922,6.729797173947995,7.710472385911676,5.799313858198887,30
solar_323834,4,19,7.153125466275837,6.18823178455501,6.897213846631332,4.691152506019936,30
solar_323834,4,20,5.491124492182512,5.12194710129574,5.675950614282513,4.036554388034092,30
solar_323834,4,21,3.4776956663664675,3.447654198933392,3.881530167268441,2.979689101617217,30
solar_323834,4,22,1.9180480971672982,1.5837852157347863,2.1128331939203866,1.3266988026733038,30
solar_323834,4,23,0.35390377799685757,0.28703769732358114,0.37310823149476263,0.2406600669455208,30
solar_323834,5,0,0.07620279089456969,0.10640089231729358,0.10061618450571651,0.11725987298874518,31
solar_323834,5,1,0.0,0.0,0.0,0.0,31
solar_323834,5,2,0.0,0.0,0.0,0.0,31
solar_323834,5,3,0.0,0.0,0.0,0.0,31
solar_323834,5,4,0.0,0.0,0.0,0.0,31
solar_323834,5,5,0.0,0.0,0.0,0.0,31
solar_323834,5,6,0.0,0.0,0.0,0.0,31
solar_323834,5,7,0.0,0.0,0.0,0.0,31
solar_323834,5,8,0.0,0.0,0.0,0.0,31
solar_323834,5,9,0.0,0.0,0.0,0.0,31
solar_323834,5,10,0.27358812926234033,0.18638620288908742,0.22949289741370416,0.20353452431726027,31
solar_323834,5,11,1.0042136600625633,0.4842725053730036,1.1365241236382664,0.4081700118506337,31
solar_323834,5,12,3.1288207889586657,1.9023288564393128,3.4229010919209144,1.6514387304460945,31
solar_323834,5,13,5.434262617307759,3.3205131692123278,5.6606508085747045,2.8899125070168186,31
solar_323834,5,14,8.477839624441014,4.091342368436081,7.456316802861169,4.22355847319154,31
solar_323834,5,15,9.99264005380478,4.362047214593935,9.993789008013854,4.478704975889513,31
solar_323834,5,16,10.221527255823693,5.099482306179835,10.553123066556642,4.791905476288255,31
solar_323834,5,17,10.794273158527828,5.359762511952981,10.526466716111878,5.233025712314979,31
solar_323834,5,18,10.48764267526375,4.730821202146819,10.339402528496914,4.861907873423545,31
solar_323834,5,19,8.798221891651268,4.966987120958377,8.79409657608194,4.197352647829739,31
solar_323834,5,20,7.711345854035273,3.6443835848310058,6.920384366839724,3.770814344874364,31
solar_323834,5,21,5.155296224191393,2.666375682294697,4.8476537454339645,2.5162862977464164,31
solar_323834,5,22,2.7632757432354103,1.3073450454325273,2.685378227294723,1.2728501046578535,31
solar_323834,5,23,0.8274052723184613,0.3259214385434227,0.7952732994327107,0.251829155384637,31
solar_323834,6,0,0.3113020212392657,0.160410504806854,0.38215854108307734,0.09189805309656122,30
solar_323834,6,1,0.0,0.0,0.0,0.0,30
solar_323834,6,2,0.0,0.0,0.0,0.0,30
solar_323834,6,3,0.0,0.0,0.0,0.0,30
solar_323834,6,4,0.0,0.0,0.0,0.0,30
solar_323834,6,5,0.0,0.0,0.0,0.0,30
solar_323834,6,6,0.0,0.0,0.0,0.0,30
solar_323834,6,7,0.0,0.0,0.0,0.0,30
solar_323834,6,8,0.0,0.0,0.0,0.0,30
solar_323834,6,9,0.0,0.0,0.0,0.0,30
solar_323834,6,10,0.4426665149553549,0.16425159113807244,0.48763791295472075,0.13218597077882208,30
solar_323834,6,11,1.039585755535692,0.45123361056909783,1.2528148517639706,0.30462063902101694,30
solar_323834,6,12,3.7906361452798305,1.3343993006426063,3.784829837823765,1.24631589308435,30
solar_323834,6,13,5.918526449832536,2.7405658506995216,6.449218828445014,2.2495770726272277,30
solar_323834,6,14,8.276157131215584,3.71776014837207,8.454819703422963,3.2729181280023543,30
solar_323834,6,15,10.50424893437333,3.6989094935713607,10.062247342012471,3.784413916472503,30
solar_323834,6,16,10.878172905101144,4.250717253096421,11.203304027230324,3.701937659251612,30
solar_323834,6,17,9.88219425360545,5.707233944640179,10.133471523690567,4.5401561488829,30
solar_323834,6,18,10.213956317169453,4.345337796399703,9.797175158205427,4.401437701038731,30
solar_323834,6,19,8.587826311931403,4.5003075611938135,9.028038697396362,4.307638613367834,30
solar_323834,6,20,7.140939742784493,3.963538686804106,7.561261840748557,3.5331621494267864,30
solar_323834,6,21,4.738820434992271,2.927334454782394,5.338559945197315,2.4220147621896215,30
solar_323834,6,22,2.978424051327396,1.5005218854626525,3.250533303786169,1.0680182718316995,30
solar_323834,6,23,0.8733256053813839,0.4282510978233686,1.0540793272658353,0.34036012964641915,30
solar_323834,7,0,0.28877396315418136,0.1412961336632828,0.3271307172299924,0.12348601006824725,31
solar_323834,7,1,0.0,0.0,0.0,0.0,31
solar_323834,7,2,0.0,0.0,0.0,0.0,31
solar_323834,7,3,0.0,0.0,0.0,0.0,31
solar_323834,7,4,0.0,0.0,0.0,0.0,31
solar_323834,7,5,0.0,0.0,0.0,0.0,31
solar_323834,7,6,0.0,0.0,0.0,0.0,31
solar_323834,7,7,0.0,0.0,0.0,0.0,31
solar_323834,7,8,0.0,0.0,0.0,0.0,31
solar_323834,7,9,0.0,0.0,0.0,0.0,31
solar_323834,7,10,0.28072383662428696,0.15359686451208673,0.21821223481842567,0.17875278467603928,31
solar_323834,7,11,0.7819937991629424,0.4266918614077567,0.9497394361306551,0.3012249552913324,31
solar_323834,7,12,3.438752809359351,1.1372890612001196,3.275172865577784,1.1856532903026198,31
solar_323834,7,13,6.496794788814513,1.334575516359687,5.941417548164901,2.106596470238941,31
solar_323834,7,14,9.127670831701803,2.3248413787644835,8.70744188429764,2.212019986969258,31
solar_323834,7,15,11.194699447730386,2.456488702948438,10.7313402972862,2.5800278016074163,31
solar_323834,7,16,11.788395309227118,3.1272851829107964,11.759967496398248,3.535232342539072,31
solar_323834,7,17,12.174492384527328,3.2387412193261573,11.177813130425777,4.107069055329771,31
solar_323834,7,18,10.913724397987453,4.18460089809417,10.846579898842279,3.5981992143422854,31
solar_323834,7,19,9.497162311282459,4.282560984330048,9.482280701368945,3.8525030667571323,31
solar_323834,7,20,8.420292984060016,2.874490111228019,8.378752024914863,2.4226074655386647,31
solar_323834,7,21,6.180894615166745,1.9970383640733829,5.966608806788246,1.9290994167854227,31
solar_323834,7,22,3.1270879252928876,1.3715089776505605,3.4457147953745975,0.9522505715699319,31
solar_323834,7,23,0.9562445107395756,0.4535663747998587,1.0083816638114784,0.2923090442084203,31
solar_323834,8,0,0.004038907567419935,0.019842795650068,0.016692010469006324,0.041623100090550876,31
solar_323834,8,1,0.0,0.0,0.0,0.0,31
solar_323834,8,2,0.0,0.0,0.0,0.0,31
solar_323834,8,3,0.0,0.0,0.0,0.0,31
solar_323834,8,4,0.0,0.0,0.0,0.0,31
solar_323834,8,5,0.0,0.0,0.0,0.0,31
solar_323834,8,6,0.0,0.0,0.0,0.0,31
solar_323834,8,7,0.0,0.0,0.0,0.0,31
solar_323834,8,8,0.0,0.0,0.0,0.0,31
solar_323834,8,9,0.0,0.0,0.0,0.0,31
solar_323834,8,10,0.006313152106285817,0.01846974926986835,0.0,0.0,31
solar_323834,8,11,0.6147388786061005,0.32185198377443447,0.7015482964960787,0.2695287303138435,31
solar_323834,8,12,2.560251581727867,1.567946536713332,3.055969620972505,1.1541056072208034,31
solar_323834,8,13,5.106369264139924,3.0147830264089213,5.88719764167074,2.1378425871337368,31
solar_323834,8,14,7.518864337547998,3.630429576531465,7.809770102471389,3.1744396156644643,31
solar_323834,8,15,9.45897415047762,4.09995495341408,10.19213563502891,3.0462522582634044,31
solar_323834,8,16,9.147600064415174,5.295226326995839,9.691624113189226,4.993676782016079,31
solar_323834,8,17,8.847854080797976,5.238999790524568,10.642233806938965,4.0726153992232765,31
solar_323834,8,18,9.748084412162562,4.601397074645339,10.594454176913862,3.4155654109124938,31
solar_323834,8,19,9.507926186394766,3.975870664620761,8.333410868266693,3.8235500130468423,31
solar_323834,8,20,7.106268685467432,3.558805022234731,7.403075730808555,2.793681180135075,31
solar_323834,8,21,4.608063659568208,2.78029514382054,4.805193359819515,2.4501980847650096,31
solar_323834,8,22,2.3636437149691893,1.4088950157235423,2.613044434684994,1.1846183394080012,31
solar_323834,8,23,0.6247969091108295,0.29032553107516407,0.6239591007596536,0.2677636728790083,31
solar_323834,9,0,0.0,0.0,0.0,0.0,30
solar_323834,9,1,0.0,0.0,0.0,0.0,30
solar_323834,9,2,0.0,0.0,0.0,0.0,30
solar_323834,9,3,0.0,0.0,0.0,0.0,30
solar_323834,9,4,0.0,0.0,0.0,0.0,30
solar_323834,9,5,0.0,0.0,0.0,0.0,30
solar_323834,9,6,0.0,0.0,0.0,0.0,30
solar_323834,9,7,0.0,0.0,0.0,0.0,30
solar_323834,9,8,0.0,0.0,0.0,0.0,30
solar_323834,9,9,0.0,0.0,0.0,0.0,30
solar_323834,9,10,0.0,0.0,0.0,0.0,30
solar_323834,9,11,0.3160284783017373,0.2169131451705492,0.22643889856109609,0.25902115814901244,30
solar_323834,9,12,2.627785503163578,1.3073333746804863,2.8427364646531763,1.1699934665017264,30
solar_323834,9,13,5.391513773088045,2.69003770067925,5.738550955299335,2.3932841468943917,30
solar_323834,9,14,9.294859665101404,2.878665621947311,8.72859251797796,3.261898515672282,30
solar_323834,9,15,11.222107713103904,3.210204096364103,10.455263321919444,3.6467715415694486,30
solar_323834,9,16,12.678595240487681,3.1942027725913653,11.499865588983369,4.65337238415539,30
solar_323834,9,17,12.722680634661527,3.724288595032983,12.068000104716369,4.3806587649988575,30
solar_323834,9,18,11.65221432835373,4.284449349949872,11.291646491744158,4.43603864108772,30
solar_323834,9,19,9.63910941088996,4.446673314919164,9.47050609050473,3.938499443724378,30
solar_323834,9,20,8.12564973599559,2.9000880932452886,7.647537491382667,3.252583120183142,30
solar_323834,9,21,5.125416825887475,1.9598344642792935,4.541602029393803,2.164219685664657,30
solar_323834,9,22,1.811276587839829,0.9312510733463276,1.864353877367102,0.9962522374394479,30
solar_323834,9,23,0.06354972150461409,0.1292296460100512,0.08523264158234979,0.1427288101684639,30
solar_323834,10,0,0.0,0.0,0.0,0.0,31
solar_323834,10,1,0.0,0.0,0.0,0.0,31
solar_323834,10,2,0.0,0.0,0.0,0.0,31
solar_323834,10,3,0.0,0.0,0.0,0.0,31
solar_323834,10,4,0.0,0.0,0.0,0.0,31
solar_323834,10,5,0.0,0.0,0.0,0.0,31
solar_323834,10,6,0.0,0.0,0.0,0.0,31
solar_323834,10,7,0.0,0.0,0.0,0.0,31
solar_323834,10,8,0.0,0.0,0.0,0.0,31
solar_323834,10,9,0.0,0.0,0.0,0.0,31
solar_323834,10,10,0.0,0.0,0.0,0.0,31
solar_323834,10,11,0.0,0.0,0.0,0.0,31
solar_323834,10,12,1.6925073271078621,1.146162827067947,1.9854313727167021,0.9770040325206846,31
solar_323834,10,13,5.862225430555305,2.1237576865482195,6.457803515885373,2.0331997306336964,31
solar_323834,10,14,8.492136600942555,3.6603206678568743,9.592286789121763,3.010797361063904,31
solar_323834,10,15,10.64975026274059,4.5187096815054355,11.682858206699917,3.078372819716285,31
solar_323834,10,16,11.448427064813831,4.983136875245788,12.233001318626087,3.341844638142369,31
solar_323834,10,17,12.254485038076346,4.7434834268688935,11.635479902432825,4.380548506329887,31
solar_323834,10,18,11.602818098004954,4.3151808690573485,10.603621718123048,4.259561926939315,31
solar_323834,10,19,9.240987059843064,4.174846575801842,8.543507911962633,3.792820192124976,31
solar_323834,10,20,7.133624573883874,2.6451496338304055,6.558453860278853,2.642997735464324,31
solar_323834,10,21,3.407671286550185,1.3777767064963442,3.067708129457616,1.2949823992877432,31
solar_323834,10,22,0.14651719178374842,0.23776721365587916,0.1681503911923627,0.2547801248645649,31
solar_323834,10,23,0.0,0.0,0.0,0.0,31
solar_323834,11,0,0.0,0.0,0.0,0.0,30
solar_323834,11,1,0.0,0.0,0.0,0.0,30
solar_323834,11,2,0.0,0.0,0.0,0.0,30
solar_323834,11,3,0.0,0.0,0.0,0.0,30
solar_323834,11,4,0.0,0.0,0.0,0.0,30
solar_323834,11,5,0.0,0.0,0.0,0.0,30
solar_323834,11,6,0.0,0.0,0.0,0.0,30
solar_323834,11,7,0.0,0.0,0.0,0.0,30
solar_323834,11,8,0.0,0.0,0.0,0.0,30
solar_323834,11,9,0.0,0.0,0.0,0.0,30
solar_323834,11,10,0.0,0.0,0.0,0.0,30
solar_323834,11,11,0.0,0.0,0.0,0.0,30
solar_323834,11,12,0.20876165490239623,0.3469516095138836,0.07444842822016498,0.18545428376617798,30
solar_323834,11,13,4.199019937653619,2.6617580501194174,4.28010997233933,2.3697253555160134,30
solar_323834,11,14,7.73974912837213,3.8504976794638015,7.06352478980352,3.7704007563473714,30
solar_323834,11,15,10.182178715491364,5.046135937971967,8.667128548492375,5.006111070296616,30
solar_323834,11,16,9.91024995119306,5.935533994397196,9.856008125923278,5.406477009477862,30
solar_323834,11,17,11.43637602117594,5.302851728608076,10.304785871686885,5.027978339894758,30
solar_323834,11,18,9.193356281556609,5.8998334433205395,9.0437267712817,4.755227824827892,30
solar_323834,11,19,8.217115768360523,4.263591320904954,8.399737182772139,3.7006563580618237,30
solar_323834,11,20,5.696417941756922,2.8817842150743753,5.347647112385786,2.928129729013377,30
solar_323834,11,21,1.0157102788552277,0.8311487246729375,1.2666798374064305,0.9476123870254106,30
solar_323834,11,22,0.0,0.0,0.0,0.0,30
solar_323834,11,23,0.0,0.0,0.0,0.0,30
solar_323834,12,0,0.0,0.0,0.0,0.0,31
solar_323834,12,1,0.0,0.0,0.0,0.0,31
solar_323834,12,2,0.0,0.0,0.0,0.0,31
solar_323834,12,3,0.0,0.0,0.0,0.0,31
solar_323834,12,4,0.0,0.0,0.0,0.0,31
solar_323834,12,5,0.0,0.0,0.0,0.0,31
solar_323834,12,6,0.0,0.0,0.0,0.0,31
solar_323834,12,7,0.0,0.0,0.0,0.0,31
solar_323834,12,8,0.0,0.0,0.0,0.0,31
solar_323834,12,9,0.0,0.0,0.0,0.0,31
solar_323834,12,10,0.0,0.0,0.0,0.0,31
solar_323834,12,11,0.0,0.0,0.0,0.0,31
solar_323834,12,12,0.0,0.0,0.0,0.0,31
solar_323834,12,13,2.403305177054069,2.0709603595482013,2.2769673304519085,1.8799316421141254,31
solar_323834,12,14,4.868430187796914,4.287857680171637,5.160759919527941,4.07108129012028,31
solar_323834,12,15,6.69178491842067,5.27622097811664,7.318064320004959,4.917191560310906,31
solar_323834,12,16,8.091885046774014,5.857541407683707,8.821278908034083,5.3239806562616305,31
solar_323834,12,17,7.392662858089019,6.372592830288971,8.643020529739825,5.406849188843359,31
solar_323834,12,18,5.745551112593741,5.77747616193449,7.706254754726962,5.31041094777367,31
solar_323834,12,19,5.303673550073602,5.160665474352359,6.16357393969006,4.203000867043811,31
solar_323834,12,20,3.5517966526075138,3.577999402700841,3.784365050499041,3.1893171759587924,31
solar_323834,12,21,0.47250442115560654,0.5656971791137647,0.680841147068795,0.7506090714020875,31
solar_323834,12,22,0.0,0.0,0.0,0.0,31
solar_323834,12,23,0.0,0.0,0.0,0.0,31
solar_323840,1,0,0.0,0.0,0.0,0.0,31
solar_323840,1,1,0.0,0.0,0.0,0.0,31
solar_323840,1,2,0.0,0.0,0.0,0.0,31
solar_323840,1,3,0.0,0.0,0.0,0.0,31
solar_323840,1,4,0.0,0.0,0.0,0.0,31
solar_323840,1,5,0.0,0.0,0.0,0.0,31
solar_323840,1,6,0.0,0.0,0.0,0.0,31
solar_323840,1,7,0.0,0.0,0.0,0.0,31
solar_323840,1,8,0.0,0.0,0.0,0.0,31
solar_323840,1,9,0.0,0.0,0.0,0.0,31
solar_323840,1,10,0.0,0.0,0.0,0.0,31
solar_323840,1,11,0.0,0.0,0.0,0.0,31
solar_323840,1,12,0.0,0.0,0.0,0.0,31
solar_323840,1,13,3.9760008392255775,4.889138533734214,3.180140644647702,3.184274644225813,31
solar_323840,1,14,8.428368671911947,8.835613472077066,8.389038848052222,7.154579332182104,31
solar_323840,1,15,9.957713760052881,12.056451988094123,13.416971069169893,9.164173293106765,31
solar_323840,1,16,9.723272322702561,12.74784661520274,15.947280564419357,10.512573567377563,31
solar_323840,1,17,12.823804270536591,15.630109557508938,17.415327539752912,12.364830493681502,31
solar_323840,1,18,12.018939935181228,14.06717378150596,16.771475875490907,11.47170406818036,31
solar_323840,1,19,10.097079355359762,12.877573811594266,14.010953700962958,11.115245058918555,31
solar_323840,1,20,7.238001954676164,8.845261198552446,9.90482015831038,8.859181295853768,31
solar_323840,1,21,3.9923861771842635,5.115773413068524,4.272077922334545,4.664712029986509,31
solar_323840,1,22,0.0,0.0,0.007468026210419355,0.029612484921390955,31
solar_323840,1,23,0.0,0.0,0.0,0.0,31
solar_323840,2,0,0.0,0.0,0.0,0.0,29
solar_323840,2,1,0.0,0.0,0.0,0.0,29
solar_323840,2,2,0.0,0.0,0.0,0.0,29
solar_323840,2,3,0.0,0.0,0.0,0.0,29
solar_323840,2,4,0.0,0.0,0.0,0.0,29
solar_323840,2,5,0.0,0.0,0.0,0.0,29
solar_323840,2,6,0.0,0.0,0.0,0.0,29
solar_323840,2,7,0.0,0.0,0.0,0.0,29
solar_323840,2,8,0.0,0.0,0.0,0.0,29
solar_323840,2,9,0.0,0.0,0.0,0.0,29
solar_323840,2,10,0.0,0.0,0.0,0.0,29
solar_323840,2,11,0.0,0.0,0.0,0.0,29
solar_323840,2,12,0.3207349967901449,0.5258997891670871,0.11495371426158688,0.3017453980987878,29
solar_323840,2,13,8.285145316607373,7.008241613639212,9.629051098627409,5.662656469248451,29
solar_323840,2,14,17.445902070830755,11.746603261973725,17.9861129626894,10.147460963306171,29
solar_323840,2,15,22.741846589196374,15.218111867352839,25.277884555723087,12.43426454507956,29
solar_323840,2,16,26.420950773045274,17.2860424079742,28.684213741635464,14.602907617673713,29
solar_323840,2,17,28.266418725998594,16.877986501091303,29.186916724744925,15.165841572029686,29
solar_323840,2,18,27.004014655399853,15.9223159214792,28.30491846588452,13.85620659640134,29
solar_323840,2,19,23.90636246181199,15.617528780076679,23.37641840331323,13.69567470294666,29
solar_323840,2,20,18.623145490424683,12.692251356820028,17.02779722760772,10.528202163561764,29
solar_323840,2,21,10.988829341975968,8.033391601473145,10.124604406667002,6.8756808759056565,29
solar_323840,2,22,2.1447769962637757,2.3767316992261653,2.228340407429398,2.4592393961477184,29
solar_323840,2,23,0.0,0.0,0.0,0.0,29
solar_323840,3,0,0.0,0.0,0.0,0.0,31
solar_323840,3,1,0.0,0.0,0.0,0.0,31
solar_323840,3,2,0.0,0.0,0.0,0.0,31
solar_323840,3,3,0.0,0.0,0.0,0.0,31
solar_323840,3,4,0.0,0.0,0.0,0.0,31
solar_323840,3,5,0.0,0.0,0.0,0.0,31
solar_323840,3,6,0.0,0.0,0.0,0.0,31
solar_323840,3,7,0.0,0.0,0.0,0.0,31
solar_323840,3,8,0.0,0.0,0.0,0.0,31
solar_323840,3,9,0.0,0.0,0.0,0.0,31
solar_323840,3,10,0.0,0.0,0.0,0.0,31
solar_323840,3,11,0.06636307226940286,0.13884567696501482,0.0,0.0,31
solar_323840,3,12,3.2935417574957113,3.012403992427419,4.108645102279563,3.13623973856562,31
solar_323840,3,13,10.073583530735835,8.34012172831859,11.263354642984803,7.064744080687375,31
solar_323840,3,14,14.375414416259328,12.643285647216961,18.178452751943297,11.14535772965432,31
solar_323840,3,15,18.941859043906017,15.84892683817709,22.088638343103764,12.371445751168919,31
solar_323840,3,16,19.996793655567952,16.825614654532945,23.81668549763503,14.461446309291082,31
solar_323840,3,17,18.667155849121137,17.518324832822735,24.288178324468365,15.59090336365669,31
solar_323840,3,18,17.9118402745807,17.507783389604064,23.57347595713462,14.778761688099662,31
solar_323840,3,19,16.594986018327724,15.295588552522254,17.237550407895043,13.509433097367937,31
solar_323840,3,20,14.121418971490625,13.056217204227611,13.946972998086949,11.438447155652444,31
solar_323840,3,21,10.990643043813284,8.837615194613893,9.841013865673176,7.440351627216819,31
solar_323840,3,22,4.199407424083591,3.883655476399936,4.579543730593741,3.473511844674185,31
solar_323840,3,23,0.1147489460834274,0.25822114111570543,0.19567550063988245,0.30139722546327347,31
solar_323840,4,0,0.0,0.0,0.0,0.0,30
solar_323840,4,1,0.0,0.0,0.0,0.0,30
solar_323840,4,2,0.0,0.0,0.0,0.0,30
solar_323840,4,3,0.0,0.0,0.0,0.0,30
solar_323840,4,4,0.0,0.0,0.0,0.0,30
solar_323840,4,5,0.0,0.0,0.0,0.0,30
solar_323840,4,6,0.0,0.0,0.0,0.0,30
solar_323840,4,7,0.0,0.0,0.0,0.0,30
solar_323840,4,8,0.0,0.0,0.0,0.0,30
solar_323840,4,9,0.0,0.0,0.0,0.0,30
solar_323840,4,10,0.002713697511922733,0.010327978094930829,0.0,0.0,30
solar_323840,4,11,1.2617638303282068,0.8989624802515213,1.2580917030303733,0.8469055192882456,30
solar_323840,4,12,6.828079398490801,4.543876084370279,7.391013624823773,3.601028235716949,30
solar_323840,4,13,13.085234039631176,8.749873660085948,14.323327655895117,6.438711044588626,30
solar_323840,4,14,19.359891883893706,11.92183584091132,20.024829632030546,9.185828549610378,30
solar_323840,4,15,21.06492036753475,15.148045413459592,23.378020008203645,11.613409253220238,30
solar_323840,4,16,19.656642791254793,17.66323324357418,24.873006771696748,14.161456373926262,30
solar_323840,4,17,23.99451421249211,16.885187254233905,23.941388154251854,13.435020053627992,30
solar_323840,4,18,19.304218074092887,16.662018237522954,22.92095000486704,12.408760339196425,30
solar_323840,4,19,15.822359641079341,14.910398933150734,18.922741735926607,11.335653413976974,30
solar_323840,4,20,12.347831461254648,12.317254098493851,14.756106465559162,10.146251733147018,30
solar_323840,4,21,7.636307812228637,8.915583523624019,10.103644360689374,7.062659534878785,30
solar_323840,4,22,4.978721147279064,4.04572412929468,5.391341770928307,3.2680454590952634,30
solar_323840,4,23,0.9247102128676993,0.7641845312263831,1.1133973370880308,0.6089096637511926,30
solar_323840,5,0,0.196970171230299,0.2787119765937508,0.32479089743340067,0.3314003583813768,31
solar_323840,5,1,0.0,0.0,0.0,0.0,31
solar_323840,5,2,0.0,0.0,0.0,0.0,31
solar_323840,5,3,0.0,0.0,0.0,0.0,31
solar_323840,5,4,0.0,0.0,0.0,0.0,31
solar_323840,5,5,0.0,0.0,0.0,0.0,31
solar_323840,5,6,0.0,0.0,0.0,0.0,31
solar_323840,5,7,0.0,0.0,0.0,0.0,31
solar_323840,5,8,0.0,0.0,0.0,0.0,31
solar_323840,5,9,0.0,0.0,0.0,0.0,31
solar_323840,5,10,0.6336981022277569,0.4344389183649396,0.5861388191630942,0.5114343848128792,31
solar_323840,5,11,2.2711016331807183,1.2381479993382734,2.697023352462488,0.869355295797202,31
solar_323840,5,12,8.10986997331191,4.348568290750508,8.548278025741324,4.155983461590042,31
solar_323840,5,13,14.304876373841887,8.119332216061636,15.067624853255925,7.241561006453036,31
solar_323840,5,14,19.44492608126646,11.392762079271943,20.271363671367613,9.084852044062117,31
solar_323840,5,15,24.165605439403535,12.239649696211934,25.201733630828596,11.507224858538562,31
solar_323840,5,16,24.960198093152478,14.089990515421693,26.989763496226857,12.168811422860317,31
solar_323840,5,17,24.532525379687357,13.813410082538926,26.345593329866535,12.467003789086077,31
solar_323840,5,18,26.390347314111427,13.339323034593717,25.767133233865852,10.95505475137997,31
solar_323840,5,19,22.709578032173376,12.797959593989274,22.206940439399734,11.25736439007959,31
solar_323840,5,20,17.691808083662846,9.952317719361941,17.63642706304111,9.186559329272905,31
solar_323840,5,21,12.258261860743652,7.258998411724345,12.614832851168147,6.256646637244316,31
solar_323840,5,22,7.149829999773806,3.5846444595749585,7.4177303086120725,2.9666879092263096,31
solar_323840,5,23,1.9028839668049422,0.8919518523469883,2.173442929210363,0.8102842545300957,31
solar_323840,6,0,0.8585040559770485,0.3918933624177624,1.0700302999049207,0.2269553092902684,30
solar_323840,6,1,0.0,0.0,0.0,0.0,30
solar_323840,6,2,0.0,0.0,0.0,0.0,30
solar_323840,6,3,0.0,0.0,0.0,0.0,30
solar_323840,6,4,0.0,0.0,0.0,0.0,30
solar_323840,6,5,0.0,0.0,0.0,0.0,30
solar_323840,6,6,0.0,0.0,0.0,0.0,30
solar_323840,6,7,0.0,0.0,0.0,0.0,30
solar_323840,6,8,0.0,0.0,0.0,0.0,30
solar_323840,6,9,0.0,0.0,0.0,0.0,30
solar_323840,6,10,0.9510756089194697,0.43395199614928553,1.1984093189786547,0.21012047030201733,30
solar_323840,6,11,2.2599599172759484,1.1297339214961308,2.846425507772548,0.9059710980702423,30
solar_323840,6,12,7.8772092159473805,4.536755334991352,9.589025572866408,2.5847327545037344,30
solar_323840,6,13,15.12836645143739,6.889176700008224,16.523217493408133,5.203283000472885,30
solar_323840,6,14,22.164851777353125,8.556736492664776,21.29679409614507,8.43873973241518,30
solar_323840,6,15,25.25469227244123,10.139601853914971,25.51017022242751,9.932248884553301,30
solar_323840,6,16,26.68808339333525,11.9938517570197,26.3150933587177,9.467363016211904,30
solar_323840,6,17,25.80887675939126,12.495848079785654,25.338739744207537,11.439627197675946,30
solar_323840,6,18,24.62020435132721,12.55761312417919,26.09610609553552,10.752149275403694,30
solar_323840,6,19,20.801769419865373,11.880013473714673,25.10609190170349,9.226091873566606,30
solar_323840,6,20,19.460571019875797,9.258788072336177,20.53715448558406,8.109800008997437,30
solar_323840,6,21,14.073439609670311,6.632119887726202,14.688428673928879,4.612174830525453,30
solar_323840,6,22,7.527493207471138,3.398619496368243,9.214053972421105,1.8044219510266744,30
solar_323840,6,23,2.155425532259033,1.016662476895656,2.7908837280722825,0.8397991178824674,30
solar_323840,7,0,0.8238844227711539,0.39298789891208513,0.8824878404809615,0.28422126850899093,31
solar_323840,7,1,0.0,0.0,0.0,0.0,31
solar_323840,7,2,0.0,0.0,0.0,0.0,31
solar_323840,7,3,0.0,0.0,0.0,0.0,31
solar_323840,7,4,0.0,0.0,0.0,0.0,31
solar_323840,7,5,0.0,0.0,0.0,0.0,31
solar_323840,7,6,0.0,0.0,0.0,0.0,31
solar_323840,7,7,0.0,0.0,0.0,0.0,31
solar_323840,7,8,0.0,0.0,0.0,0.0,31
solar_323840,7,9,0.0,0.0,0.0,0.0,31
solar_323840,7,10,0.6802321535457733,0.3721329156990925,0.5119967932396428,0.4472104276772815,31
solar_323840,7,11,2.1450620114330317,0.7727067758194875,2.3598361397981136,0.6163711009053627,31
solar_323840,7,12,8.815339253766446,2.8572949603571063,8.808950788910616,2.4851622436443184,31
solar_323840,7,13,15.839244410599948,5.175971269410374,15.809154991508436,5.240617732534793,31
solar_323840,7,14,22.3980955200612,7.157202997428184,22.283681863207534,5.978300940676799,31
solar_323840,7,15,26.63884428251854,8.436468586642617,26.669512649411402,7.704738070925767,31
solar_323840,7,16,28.776934492196766,9.78607032416742,29.151238062611654,8.309716166278053,31
solar_323840,7,17,28.058421817531244,10.81970736133343,27.690916991076296,10.864689836628834,31
solar_323840,7,18,24.97237718175494,11.795885748874547,25.75493738451329,10.155652497575261,31
solar_323840,7,19,24.74236236762499,10.148353937206512,25.784537436828415,6.6330458528408665,31
solar_323840,7,20,21.50345967700577,6.542880018014454,21.781019585711913,4.318887749936909,31
solar_323840,7,21,15.461410939014561,5.956151987801397,16.066066994480344,4.6688992982789195,31
solar_323840,7,22,8.569482519043909,3.389531396802259,9.43003988650418,1.9248474801973967,31
solar_323840,7,23,2.769616614030746,0.9475577540780635,2.8749965759528537,0.5457036290341801,31
solar_323840,8,0,0.02254867111644301,0.08765787633823202,0.05849917623031032,0.1443591293850997,31
solar_323840,8,1,0.0,0.0,0.0,0.0,31
solar_323840,8,2,0.0,0.0,0.0,0.0,31
solar_323840,8,3,0.0,0.0,0.0,0.0,31
solar_323840,8,4,0.0,0.0,0.0,0.0,31
solar_323840,8,5,0.0,0.0,0.0,0.0,31
solar_323840,8,6,0.0,0.0,0.0,0.0,31
solar_323840,8,7,0.0,0.0,0.0,0.0,31
solar_323840,8,8,0.0,0.0,0.0,0.0,31
solar_323840,8,9,0.0,0.0,0.0,0.0,31
solar_323840,8,10,0.007040348605968268,0.024036220600823093,0.0,0.0,31
solar_323840,8,11,1.4640377762109278,0.7514598647568814,1.8475560833796856,0.4905088420613238,31
solar_323840,8,12,6.790301209210266,3.8571641363389673,7.685539509875317,2.818297192581213,31
solar_323840,8,13,13.755004279085645,7.039307727054177,14.478396528686067,5.566116348139015,31
solar_323840,8,14,18.556924950500814,10.313412905255488,19.110124781220254,8.25941271411838,31
solar_323840,8,15,21.25162212122789,12.133551977623368,23.000502373358696,10.588455265560313,31
solar_323840,8,16,22.0235680811362,12.98411761068796,26.03280951856354,11.091628579697428,31
solar_323840,8,17,22.61545777094246,12.328247118394929,26.546625576359716,10.976818828071085,31
solar_323840,8,18,22.344030114284948,10.651615493043346,25.56868495102979,10.162039887982214,31
solar_323840,8,19,19.598822338195976,11.655665438789983,22.513811905192256,9.213427824418824,31
solar_323840,8,20,15.257100438476662,10.525207135206115,18.116305795570604,7.357587935568438,31
solar_323840,8,21,10.20512518101575,7.613634819979491,13.725310706747404,4.781364540419152,31
solar_323840,8,22,6.049562983161028,4.205497564578769,7.145086452732584,3.392368953877887,31
solar_323840,8,23,1.382928941415881,0.8986138150053218,1.7257350802376699,0.7848646243153012,31
solar_323840,9,0,0.0,0.0,0.0,0.0,30
solar_323840,9,1,0.0,0.0,0.0,0.0,30
solar_323840,9,2,0.0,0.0,0.0,0.0,30
solar_323840,9,3,0.0,0.0,0.0,0.0,30
solar_323840,9,4,0.0,0.0,0.0,0.0,30
solar_323840,9,5,0.0,0.0,0.0,0.0,30
solar_323840,9,6,0.0,0.0,0.0,0.0,30
solar_323840,9,7,0.0,0.0,0.0,0.0,30
solar_323840,9,8,0.0,0.0,0.0,0.0,30
solar_323840,9,9,0.0,0.0,0.0,0.0,30
solar_323840,9,10,0.0,0.0,0.0,0.0,30
solar_323840,9,11,0.7107569784246136,0.5580228115729267,0.5005098422724702,0.6147729961873323,30
solar_323840,9,12,7.727940885771309,3.0325345363426806,7.466553761279111,2.684172956363099,30
solar_323840,9,13,15.898641339638052,6.761156817438609,16.246600014066704,5.444937956651922,30
solar_323840,9,14,23.000746970066984,9.197472085125012,23.078118319066594,7.716231881330356,30
solar_323840,9,15,29.454353603632747,9.044903584982048,28.51414544743186,9.930138271725857,30
solar_323840,9,16,30.949273062627697,11.439918644796641,31.141077626740046,10.674710888879602,30
solar_323840,9,17,30.47751889995203,12.073592478456723,32.31564477698961,10.13408096615931,30
solar_323840,9,18,28.070151862528444,12.593091757915653,30.462130105503636,9.94766228365694,30
solar_323840,9,19,25.076783568829093,11.199381443923642,26.587137398593867,8.50250821354614,30
solar_323840,9,20,19.10117812864987,10.085884222519406,20.239310503321203,6.837059330084679,30
solar_323840,9,21,12.424100809910653,6.735337480874808,12.90011833766164,5.2399479894647065,30
solar_323840,9,22,4.959208092526288,2.823883154107918,5.126336607080552,2.730607412479807,30
solar_323840,9,23,0.20526076819591327,0.3832392698231771,0.2677217172881426,0.40193633378618293,30
solar_323840,10,0,0.0,0.0,0.0,0.0,31
solar_323840,10,1,0.0,0.0,0.0,0.0,31
solar_323840,10,2,0.0,0.0,0.0,0.0,31
solar_323840,10,3,0.0,0.0,0.0,0.0,31
solar_323840,10,4,0.0,0.0,0.0,0.0,31
solar_323840,10,5,0.0,0.0,0.0,0.0,31
solar_323840,10,6,0.0,0.0,0.0,0.0,31
solar_323840,10,7,0.0,0.0,0.0,0.0,31
solar_323840,10,8,0.0,0.0,0.0,0.0,31
solar_323840,10,9,0.0,0.0,0.0,0.0,31
solar_323840,10,10,0.0,0.0,0.0,0.0,31
solar_323840,10,11,0.0,0.0,0.0,0.0,31
solar_323840,10,12,4.665887406924084,2.8517754714313828,4.541831533925457,2.669822539990594,31
solar_323840,10,13,13.9437222493581,6.808164070375394,15.5390790030608,5.047317357935122,31
solar_323840,10,14,23.265310353060148,9.013147021544588,22.27844747899896,7.959807883254353,31
solar_323840,10,15,27.526024021774415,10.982926591313927,27.391760878850594,10.28086542621283,31
solar_323840,10,16,28.669535708514488,13.644994071250897,29.744363356397653,11.394483139663803,31
solar_323840,10,17,30.51625682524708,11.973746337414719,29.638789940227642,11.977616505652458,31
solar_323840,10,18,27.98586306547048,12.779753360252545,26.79030127175522,12.01592832484716,31
solar_323840,10,19,23.536542521461588,11.125635769068625,23.44438395516802,10.183891831039785,31
solar_323840,10,20,18.46792921797205,7.73322962377639,16.811565815940767,7.748504872101517,31
solar_323840,10,21,8.891783760788163,4.56571448114103,8.468112389739318,3.995209932521614,31
solar_323840,10,22,0.44062142452518177,0.717655464463838,0.5708571728298353,0.8538295702799217,31
solar_323840,10,23,0.0,0.0,0.0,0.0,31
solar_323840,11,0,0.0,0.0,0.0,0.0,30
solar_323840,11,1,0.0,0.0,0.0,0.0,30
solar_323840,11,2,0.0,0.0,0.0,0.0,30
solar_323840,11,3,0.0,0.0,0.0,0.0,30
solar_323840,11,4,0.0,0.0,0.0,0.0,30
solar_323840,11,5,0.0,0.0,0.0,0.0,30
solar_323840,11,6,0.0,0.0,0.0,0.0,30
solar_323840,11,7,0.0,0.0,0.0,0.0,30
solar_323840,11,8,0.0,0.0,0.0,0.0,30
solar_323840,11,9,0.0,0.0,0.0,0.0,30
solar_323840,11,10,0.0,0.0,0.0,0.0,30
solar_323840,11,11,0.0,0.0,0.0,0.0,30
solar_323840,11,12,0.4545935748958238,0.8388813179538847,0.11541659596691929,0.34269673959533703,30
solar_323840,11,13,9.677100108277756,6.852007362183658,9.935980527657035,6.211937148051745,30
solar_323840,11,14,16.82648959764321,11.590981379942335,17.099860243840432,10.14693897249787,30
solar_323840,11,15,22.96484241859305,14.386046262357969,22.62609409573177,11.834034621898963,30
solar_323840,11,16,23.378035121700478,15.882126993864366,23.516283429913617,12.54839022833208,30
solar_323840,11,17,25.063354285878045,15.650532629828502,22.385739911276765,13.932302292787412,30
solar_323840,11,18,24.33862910020969,14.34082840067283,20.59239992123779,13.002042353212985,30
solar_323840,11,19,18.968587988270677,11.814656360627664,17.44010332836791,9.990021229309301,30
solar_323840,11,20,12.053321187021133,8.74312095385404,10.059126969605193,7.382389120892262,30
solar_323840,11,21,2.9520371458968695,2.5243712595231576,3.163648657915694,2.692273431499532,30
solar_323840,11,22,0.0,0.0,0.0,0.0,30
solar_323840,11,23,0.0,0.0,0.0,0.0,30
solar_323840,12,0,0.0,0.0,0.0,0.0,31
solar_323840,12,1,0.0,0.0,0.0,0.0,31
solar_323840,12,2,0.0,0.0,0.0,0.0,31
solar_323840,12,3,0.0,0.0,0.0,0.0,31
solar_323840,12,4,0.0,0.0,0.0,0.0,31
solar_323840,12,5,0.0,0.0,0.0,0.0,31
solar_323840,12,6,0.0,0.0,0.0,0.0,31
solar_323840,12,7,0.0,0.0,0.0,0.0,31
solar_323840,12,8,0.0,0.0,0.0,0.0,31
solar_323840,12,9,0.0,0.0,0.0,0.0,31
solar_323840,12,10,0.0,0.0,0.0,0.0,31
solar_323840,12,11,0.0,0.0,0.0,0.0,31
solar_323840,12,12,0.0,0.0,0.0,0.0,31
solar_323840,12,13,6.993862303707936,4.692271029815259,4.713096454971714,3.764488087452278,31
solar_323840,12,14,12.815525206681691,9.862740296385292,12.963650191023778,9.244282175672687,31
solar_323840,12,15,16.29957895786685,13.13142417326487,18.487938641704464,11.79090562623736,31
solar_323840,12,16,16.558001983403543,14.801616983927813,21.84697381312395,12.398545210798545,31
solar_323840,12,17,15.525233937090851,14.580358311866764,21.10086219532398,12.884906433646364,31
solar_323840,12,18,14.951521430897687,14.290139227234404,19.493648738048694,11.391246592448109,31
solar_323840,12,19,12.83318312875359,11.969936194846166,13.86940475147706,10.200535560830243,31
solar_323840,12,20,7.187502042539125,7.798130919478035,7.172905587950473,5.819758737354022,31
solar_323840,12,21,1.3459190125787637,1.6293914451502323,1.8919511260934474,1.9783425819645293,31
solar_323840,12,22,0.0,0.0,0.0,0.0,31
solar_323840,12,23,0.0,0.0,0.0,0.0,31
solar_323847,1,0,0.0,0.0,0.0,0.0,31
solar_323847,1,1,0.0,0.0,0.0,0.0,31
solar_323847,1,2,0.0,0.0,0.0,0.0,31
solar_323847,1,3,0.0,0.0,0.0,0.0,31
solar_323847,1,4,0.0,0.0,0.0,0.0,31
solar_323847,1,5,0.0,0.0,0.0,0.0,31
solar_323847,1,6,0.0,0.0,0.0,0.0,31
solar_323847,1,7,0.0,0.0,0.0,0.0,31
solar_323847,1,8,0.0,0.0,0.0,0.0,31
solar_323847,1,9,0.0,0.0,0.0,0.0,31
solar_323847,1,10,0.0,0.0,0.0,0.0,31
solar_323847,1,11,0.0,0.0,0.0,0.0,31
solar_323847,1,12,0.0,0.0,0.0,0.0,31
solar_323847,1,13,7.456294270665954,8.597286540784086,6.352483410737974,6.330580992195238,31
solar_323847,1,14,15.863102451406272,17.5802841263067,16.94867878157611,16.098430852964782,31
solar_323847,1,15,24.439141556574324,23.81163794302925,25.91473097401261,20.18591554400878,31
solar_323847,1,16,26.060327344981538,26.582520940873408,32.11573549815858,22.899084685868498,31
solar_323847,1,17,25.61888604561287,28.3011988716018,28.12863934680373,21.016930205033,31
solar_323847,1,18,17.191511389303432,23.310385675766522,26.3980240033807,20.324817466356464,31
solar_323847,1,19,14.461667271047764,17.83743530375537,21.18710685272568,15.915162064105303,31
solar_323847,1,20,12.233585511424318,15.758134494701475,16.531889481652552,13.836983788227288,31
solar_323847,1,21,6.3527680774906585,8.199631687144915,7.018294104480472,6.489787404296826,31
solar_323847,1,22,0.0,0.0,0.004171349886737964,0.02184347896338042,31
solar_323847,1,23,0.0,0.0,0.0,0.0,31
solar_323847,2,0,0.0,0.0,0.0,0.0,29
solar_323847,2,1,0.0,0.0,0.0,0.0,29
solar_323847,2,2,0.0,0.0,0.0,0.0,29
solar_323847,2,3,0.0,0.0,0.0,0.0,29
solar_323847,2,4,0.0,0.0,0.0,0.0,29
solar_323847,2,5,0.0,0.0,0.0,0.0,29
solar_323847,2,6,0.0,0.0,0.0,0.0,29
solar_323847,2,7,0.0,0.0,0.0,0.0,29
solar_323847,2,8,0.0,0.0,0.0,0.0,29
solar_323847,2,9,0.0,0.0,0.0,0.0,29
solar_323847,2,10,0.0,0.0,0.0,0.0,29
solar_323847,2,11,0.0,0.0,0.0,0.0,29
solar_323847,2,12,0.5674524733542884,1.124999595095347,0.22752198903763826,0.8760930569450667,29
solar_323847,2,13,15.140185692750332,11.335024871165864,17.413445770825128,10.346155339969933,29
solar_323847,2,14,30.62844593471115,20.715431265611002,33.34248950542359,17.896636217120705,29
solar_323847,2,15,40.451532125372886,24.038664560404644,45.986583326762286,21.493035311732278,29
solar_323847,2,16,49.06585101040982,26.091821531114483,51.64637940148033,24.677092737435707,29
solar_323847,2,17,50.04155479536285,29.799096753741082,53.93185304552122,26.524088615239176,29
solar_323847,2,18,44.176070158201306,30.39370625109136,50.511803133306834,24.913845883414833,29
solar_323847,2,19,37.556382271995815,28.531353056569824,39.432558317493935,22.65116060187958,29
solar_323847,2,20,31.080750699734754,22.486564117038537,32.15499113924289,17.41657799869392,29
solar_323847,2,21,21.178163941982092,13.964584294913937,15.726991899396502,11.143573655653498,29
solar_323847,2,22,3.5832001548512937,3.997102216705489,4.046067435185592,4.451222866591767,29
solar_323847,2,23,0.0,0.0,0.0,0.0,29
solar_323847,3,0,0.0,0.0,0.0,0.0,31
solar_323847,3,1,0.0,0.0,0.0,0.0,31
solar_323847,3,2,0.0,0.0,0.0,0.0,31
solar_323847,3,3,0.0,0.0,0.0,0.0,31
solar_323847,3,4,0.0,0.0,0.0,0.0,31
solar_323847,3,5,0.0,0.0,0.0,0.0,31
solar_323847,3,6,0.0,0.0,0.0,0.0,31
solar_323847,3,7,0.0,0.0,0.0,0.0,31
solar_323847,3,8,0.0,0.0,0.0,0.0,31
solar_323847,3,9,0.0,0.0,0.0,0.0,31
solar_323847,3,10,0.0,0.0,0.0,0.0,31
solar_323847,3,11,0.16804553986265822,0.42195835557892003,0.0,0.0,31
solar_323847,3,12,7.587662778325249,6.507490793269049,7.32448231340715,5.512500573822196,31
solar_323847,3,13,19.132175988208193,14.543116530433107,20.644017719014062,13.338956635136851,31
solar_323847,3,14,25.206012074616364,21.751643622856626,30.048879121206944,19.94880298921235,31
solar_323847,3,15,32.46041390897857,27.264886473952142,37.427722984222484,24.69285737830638,31
solar_323847,3,16,37.24792900421654,30.862777952118183,44.104722570489535,25.358600105911684,31
solar_323847,3,17,36.954940033312546,33.649249309232125,40.98533329791254,27.514069407954704,31
solar_323847,3,18,38.703883371701394,30.986687908771156,39.57707174380322,23.9014417251459,31
solar_323847,3,19,34.540395329298825,28.04714196509403,32.29172731362432,21.812196444958666,31
solar_323847,3,20,23.146739862243795,23.059917137045936,26.881559387078454,18.773377138351748,31
solar_323847,3,21,19.245049132181194,16.602444799912945,18.139487644150492,12.468437759739302,31
solar_323847,3,22,8.657798168131151,6.853673295148874,7.326340931179083,5.570096542633392,31
solar_323847,3,23,0.20733237891364614,0.46061367889548077,0.32310709399551574,0.4915767369332168,31
solar_323847,4,0,0.0,0.0,0.0,0.0,30
solar_323847,4,1,0.0,0.0,0.0,0.0,30
solar_323847,4,2,0.0,0.0,0.0,0.0,30
solar_323847,4,3,0.0,0.0,0.0,0.0,30
solar_323847,4,4,0.0,0.0,0.0,0.0,30
solar_323847,4,5,0.0,0.0,0.0,0.0,30
solar_323847,4,6,0.0,0.0,0.0,0.0,30
solar_323847,4,7,0.0,0.0,0.0,0.0,30
solar_323847,4,8,0.0,0.0,0.0,0.0,30
solar_323847,4,9,0.0,0.0,0.0,0.0,30
solar_323847,4,10,0.008291157696225073,0.025972273458855843,0.0,0.0,30
solar_323847,4,11,2.559047453311015,1.5332446973255405,2.4691564683735887,1.6017178267414185,30
solar_323847,4,12,13.273808454341042,8.024226151203262,12.19157167280742,7.647898434570364,30
solar_323847,4,13,23.621417253013316,16.36744250822145,24.684832067334764,13.464947940789258,30
solar_323847,4,14,33.92269968989112,21.143229160590035,32.43985349300298,18.97616470413978,30
solar_323847,4,15,38.482520110249126,26.621562367703188,40.97263367687906,22.098595340789988,30
solar_323847,4,16,37.8234936211054,31.207686342229106,42.911848686623834,24.631959135078944,30
solar_323847,4,17,40.84215055176778,31.247969374816197,43.47267663264003,25.03207192918416,30
solar_323847,4,18,36.49869616953426,29.19254746438749,38.886387430479985,21.994311185333984,30
solar_323847,4,19,30.749021945734775,26.79203160503545,32.31046996958563,21.981481236913496,30
solar_323847,4,20,24.48269082945275,21.411433798509535,26.339792811946186,19.36748236159709,30
solar_323847,4,21,16.31887242957005,15.7124177972208,17.857156305207656,13.598744250990112,30
solar_323847,4,22,7.783631627847897,7.827573747560786,9.856680655819389,6.326153068338608,30
solar_323847,4,23,1.6880155480870846,1.3576546520090562,1.7567813949819244,1.0423714637048749,30
solar_323847,5,0,0.3996606084720472,0.5239646939735151,0.4624192880277182,0.5606284782294509,31
solar_323847,5,1,0.0,0.0,0.0,0.0,31
solar_323847,5,2,0.0,0.0,0.0,0.0,31
solar_323847,5,3,0.0,0.0,0.0,0.0,31
solar_323847,5,4,0.0,0.0,0.0,0.0,31
solar_323847,5,5,0.0,0.0,0.0,0.0,31
solar_323847,5,6,0.0,0.0,0.0,0.0,31
solar_323847,5,7,0.0,0.0,0.0,0.0,31
solar_323847,5,8,0.0,0.0,0.0,0.0,31
solar_323847,5,9,0.0,0.0,0.0,0.0,31
solar_323847,5,10,1.3083077439942692,0.8178907738318559,1.1058385694138604,0.9297308364016941,31
solar_323847,5,11,4.450060282191548,2.138323423061441,4.709316355570564,1.924253576813182,31
solar_323847,5,12,14.143580596475307,8.54373926204074,14.94602702308723,7.2414351142978965,31
solar_323847,5,13,23.966214302701694,15.191959943001114,25.462743697380674,13.685973106890204,31
solar_323847,5,14,34.515888038892925,18.484265398438943,34.78603463371176,17.360561467171326,31
solar_323847,5,15,41.99692625349276,23.67243682058852,42.42516859041699,19.92794230658131,31
solar_323847,5,16,47.466999745021006,21.97964138671304,47.282162313092606,22.349035013058145,31
solar_323847,5,17,47.178455852278766,23.894907086812744,45.12014588496899,22.208537692736506,31
solar_323847,5,18,48.02415682434709,23.335045784621204,44.35740389261988,24.01085402444365,31
solar_323847,5,19,41.39182431007726,22.89604541773264,35.55263702047372,21.76051882547574,31
solar_323847,5,20,33.12614758683744,17.168065618982855,31.016086040659143,16.892071133138746,31
solar_323847,5,21,24.36106618111469,11.303873761424187,22.454117926347305,11.364775196270074,31
solar_323847,5,22,12.874134378378027,5.6378654930961485,13.526192981546515,4.914510284794568,31
solar_323847,5,23,3.743725132004089,1.4825291449534408,3.558974128296207,1.2247505458634833,31
solar_323847,6,0,1.5849760013794933,0.8111961057664576,1.8857105157358116,0.45836160806647314,30
solar_323847,6,1,0.0,0.0,0.0,0.0,30
solar_323847,6,2,0.0,0.0,0.0,0.0,30
solar_323847,6,3,0.0,0.0,0.0,0.0,30
solar_323847,6,4,0.0,0.0,0.0,0.0,30
solar_323847,6,5,0.0,0.0,0.0,0.0,30
solar_323847,6,6,0.0,0.0,0.0,0.0,30
solar_323847,6,7,0.0,0.0,0.0,0.0,30
solar_323847,6,8,0.0,0.0,0.0,0.0,30
solar_323847,6,9,0.0,0.0,0.0,0.0,30
solar_323847,6,10,1.8791905434753002,0.8039432532650599,2.066659635992591,0.6564325430602056,30
solar_323847,6,11,4.457263891113571,2.1770632445289,5.525842124281722,1.7177114980942279,30
solar_323847,6,12,14.710153842979787,7.792904415655105,16.453707431583318,4.436240380040287,30
solar_323847,6,13,28.95994714466043,10.973606835318373,25.422841298167707,11.054731573719243,30
solar_323847,6,14,37.75658076571377,15.673415429792371,33.16425892945632,17.07213216938051,30
solar_323847,6,15,46.550650806458755,17.99882063296387,45.48339906286713,14.483014973104003,30
solar_323847,6,16,47.17149831987753,22.464149121505866,48.09934977881882,16.706616330070368,30
solar_323847,6,17,47.82604090053342,21.887824248625734,48.44998002376898,19.302146469958874,30
solar_323847,6,18,46.456947551340676,20.49649872957041,48.183039165045436,16.81915293911593,30
solar_323847,6,19,40.74920606192669,20.577465432989,40.534898103878014,18.858765901658998,30
solar_323847,6,20,34.233898491061275,17.43017107453719,35.60746719323297,12.734333501265521,30
solar_323847,6,21,24.648790364619597,11.666322246640362,26.7872536509169,7.983378717057477,30
solar_323847,6,22,13.409209949896471,6.602933991353983,15.51445897784559,3.998967876711568,30
solar_323847,6,23,3.9909978923560954,2.040925557370079,4.922469672066258,1.0706960699752175,30
solar_323847,7,0,1.3845994367700296,0.7043495653533238,1.6614974710781383,0.5235672275592853,31
solar_323847,7,1,0.0,0.0,0.0,0.0,31
solar_323847,7,2,0.0,0.0,0.0,0.0,31
solar_323847,7,3,0.0,0.0,0.0,0.0,31
solar_323847,7,4,0.0,0.0,0.0,0.0,31
solar_323847,7,5,0.0,0.0,0.0,0.0,31
solar_323847,7,6,0.0,0.0,0.0,0.0,31
solar_323847,7,7,0.0,0.0,0.0,0.0,31
solar_323847,7,8,0.0,0.0,0.0,0.0,31
solar_323847,7,9,0.0,0.0,0.0,0.0,31
solar_323847,7,10,1.2519752830080155,0.6830434267626362,1.0705296243053968,0.846432397699282,31
solar_323847,7,11,4.000599763789213,1.7438494889763128,4.3752075005966375,1.0023324237306663,31
solar_323847,7,12,15.285565722580841,5.264009330234631,15.339825843726938,4.672629896109303,31
solar_323847,7,13,28.96649173295512,7.74192824117201,27.15993083916162,9.687844311609549,31
solar_323847,7,14,41.89676945612113,7.031615868188885,35.92364503832977,14.4291936307721,31
solar_323847,7,15,46.452284383501606,16.219495325080473,47.71200160511307,10.989603840111902,31
solar_323847,7,16,51.99346352912004,18.243173423167043,50.22740088881623,18.64853375513816,31
solar_323847,7,17,51.29901125893403,20.150911688106273,48.8050555198135,18.656718527420594,31
solar_323847,7,18,51.121075614809115,16.17153015550306,47.68078124472899,18.58125716611218,31
solar_323847,7,19,45.76804870864529,15.710978829838439,45.5747709847793,14.177207619246294,31
solar_323847,7,20,37.43800667750977,12.250316164247012,36.829769804112594,11.997283861059472,31
solar_323847,7,21,27.458421486638603,10.666697742268568,27.60841467052676,8.623323482772818,31
solar_323847,7,22,15.308576849116216,6.07939239677324,15.626068174114787,5.007204808820432,31
solar_323847,7,23,4.8250086290439045,1.7125678688687214,4.79810424176108,1.3034501863954648,31
solar_323847,8,0,0.03866436059335571,0.14993048065338888,0.13909581890867315,0.25343893208603996,31
solar_323847,8,1,0.0,0.0,0.0,0.0,31
solar_323847,8,2,0.0,0.0,0.0,0.0,31
solar_323847,8,3,0.0,0.0,0.0,0.0,31
solar_323847,8,4,0.0,0.0,0.0,0.0,31
solar_323847,8,5,0.0,0.0,0.0,0.0,31
solar_323847,8,6,0.0,0.0,0.0,0.0,31
solar_323847,8,7,0.0,0.0,0.0,0.0,31
solar_323847,8,8,0.0,0.0,0.0,0.0,31
solar_323847,8,9,0.0,0.0,0.0,0.0,31
solar_323847,8,10,0.02686299652955415,0.07939805347806568,0.0,0.0,31
solar_323847,8,11,2.7385577999104993,1.4795653193228346,3.3196909902876506,1.1288205729604694,31
solar_323847,8,12,11.633100211046084,6.904850513218942,12.82220659008398,5.858490007679133,31
solar_323847,8,13,23.424539673518296,12.604699321202384,24.566646612083254,10.938026397793216,31
solar_323847,8,14,33.56462419263692,17.556047526427847,35.4456293547312,14.752124715253226,31
solar_323847,8,15,40.00796259919447,20.909931977946304,39.72464808528451,18.64531475700821,31
solar_323847,8,16,43.71409487395164,22.5635830475757,42.99463872619284,22.291843570041728,31
solar_323847,8,17,43.10662782931392,24.576956630836154,43.88480790471052,23.114549252165567,31
solar_323847,8,18,43.65092447234641,22.661573715084828,38.6850768575526,22.712038068942842,31
solar_323847,8,19,33.514265920994205,20.569409296537625,33.4655395171386,20.773658100527033,31
solar_323847,8,20,26.531068169681916,18.094013041188127,26.72348192522305,16.413524065813522,31
solar_323847,8,21,19.68226783576243,12.748775860512009,22.966032506201138,12.163994429129529,31
solar_323847,8,22,11.101059957039114,6.925118885971402,11.40286017456396,5.842046198268159,31
solar_323847,8,23,2.811337834452002,1.5782410554413033,2.4819185283855756,1.4579752483775774,31
solar_323847,9,0,0.0,0.0,0.0,0.0,30
solar_323847,9,1,0.0,0.0,0.0,0.0,30
solar_323847,9,2,0.0,0.0,0.0,0.0,30
solar_323847,9,3,0.0,0.0,0.0,0.0,30
solar_323847,9,4,0.0,0.0,0.0,0.0,30
solar_323847,9,5,0.0,0.0,0.0,0.0,30
solar_323847,9,6,0.0,0.0,0.0,0.0,30
solar_323847,9,7,0.0,0.0,0.0,0.0,30
solar_323847,9,8,0.0,0.0,0.0,0.0,30
solar_323847,9,9,0.0,0.0,0.0,0.0,30
solar_323847,9,10,0.0,0.0,0.0,0.0,30
solar_323847,9,11,1.2449303427870242,0.9488824995845088,0.8746067146479122,1.0660010652350178,30
solar_323847,9,12,11.834463657636412,5.513609148006911,12.47475235394561,5.524024168649082,30
solar_323847,9,13,25.1395471369994,10.496347169610491,25.12881598085874,11.738035288150812,30
solar_323847,9,14,37.0632883337379,15.875159012801115,39.37120026283193,14.180493321339181,30
solar_323847,9,15,47.42663802068962,18.71753422880028,48.711433015343275,16.43966398868542,30
solar_323847,9,16,53.72454752818365,20.97932094066336,55.50292307511159,17.5982761902539,30
solar_323847,9,17,52.358767182887696,22.995962264564593,54.09991424386551,20.726945553083116,30
solar_323847,9,18,52.31578389449922,21.375706290263697,50.210713817753636,20.485950213343493,30
solar_323847,9,19,47.561342578411995,16.96489789089851,45.68195649553781,16.1074621468777,30
solar_323847,9,20,36.08960597723605,14.363165928980358,35.870916384675894,13.068050026177946,30
solar_323847,9,21,23.090416527006855,9.031493044461655,22.527205476760773,9.18851457215758,30
solar_323847,9,22,8.551794808548042,4.108876434539941,8.050158428667135,4.419312317019805,30
solar_323847,9,23,0.3288262261849914,0.6407675342745626,0.395110246531291,0.664596584173458,30
solar_323847,10,0,0.0,0.0,0.0,0.0,31
solar_323847,10,1,0.0,0.0,0.0,0.0,31
solar_323847,10,2,0.0,0.0,0.0,0.0,31
solar_323847,10,3,0.0,0.0,0.0,0.0,31
solar_323847,10,4,0.0,0.0,0.0,0.0,31
solar_323847,10,5,0.0,0.0,0.0,0.0,31
solar_323847,10,6,0.0,0.0,0.0,0.0,31
solar_323847,10,7,0.0,0.0,0.0,0.0,31
solar_323847,10,8,0.0,0.0,0.0,0.0,31
solar_323847,10,9,0.0,0.0,0.0,0.0,31
solar_323847,10,10,0.0,0.0,0.0,0.0,31
solar_323847,10,11,0.0,0.0,0.0,0.0,31
solar_323847,10,12,7.350198251848936,4.590915116476771,8.348375772915611,4.372210552753174,31
solar_323847,10,13,25.979081734173338,10.813391354584704,28.423030500220264,10.258158688024734,31
solar_323847,10,14,38.307098981971635,15.362279086703511,37.79615910126939,16.76360924178344,31
solar_323847,10,15,50.03905733065949,16.103738435044054,46.36780437098754,19.08948392408203,31
solar_323847,10,16,54.258323524736,20.742048519789787,48.5202421085397,22.260868769424665,31
solar_323847,10,17,56.39129209682792,19.555054503223396,47.11304853210647,21.36661633492924,31
solar_323847,10,18,50.24420647686044,20.98872077755902,43.712902564359005,22.078815599705553,31
solar_323847,10,19,43.922418802029874,18.108776759573843,38.30010924352135,18.191331262896796,31
solar_323847,10,20,31.740782462905397,12.537782434436782,28.310329116572852,12.152263790929275,31
solar_323847,10,21,14.730709464955174,6.7591056791782025,13.249854325107217,6.81750417718937,31
solar_323847,10,22,0.6782349798272507,1.0719338144534376,0.7801281041969388,1.1875116444201876,31
solar_323847,10,23,0.0,0.0,0.0,0.0,31
solar_323847,11,0,0.0,0.0,0.0,0.0,30
solar_323847,11,1,0.0,0.0,0.0,0.0,30
solar_323847,11,2,0.0,0.0,0.0,0.0,30
solar_323847,11,3,0.0,0.0,0.0,0.0,30
solar_323847,11,4,0.0,0.0,0.0,0.0,30
solar_323847,11,5,0.0,0.0,0.0,0.0,30
solar_323847,11,6,0.0,0.0,0.0,0.0,30
solar_323847,11,7,0.0,0.0,0.0,0.0,30
solar_323847,11,8,0.0,0.0,0.0,0.0,30
solar_323847,11,9,0.0,0.0,0.0,0.0,30
solar_323847,11,10,0.0,0.0,0.0,0.0,30
solar_323847,11,11,0.0,0.0,0.0,0.0,30
solar_323847,11,12,0.5766716443976221,0.9245722612551844,0.2077534349251777,0.5605182182185062,30
solar_323847,11,13,18.99530856784994,10.940906452758158,17.46309099595964,10.707839914618377,30
solar_323847,11,14,33.763549968063025,17.672429478608073,27.77278629679471,18.68658120641393,30
solar_323847,11,15,41.93966178054762,22.49760951578746,36.033129026215626,23.05180209657209,30
solar_323847,11,16,44.802674242923025,27.15552110222176,36.95834968943579,24.6981542292149,30
solar_323847,11,17,44.322854718891406,27.882102451105073,33.94543618046187,25.064085023789143,30
solar_323847,11,18,40.28328683250457,24.867704142953485,29.603594680458478,24.461684392136092,30
solar_323847,11,19,35.16046327714148,18.812975493641574,31.447793057133374,18.199472564428106,30
solar_323847,11,20,22.329360011192286,13.722993592555222,20.48357478973313,12.83295417581298,30
solar_323847,11,21,4.278096280968287,3.6993807169054227,4.519760938989065,4.22400847647528,30
solar_323847,11,22,0.0,0.0,0.0,0.0,30
solar_323847,11,23,0.0,0.0,0.0,0.0,30
solar_323847,12,0,0.0,0.0,0.0,0.0,31
solar_323847,12,1,0.0,0.0,0.0,0.0,31
solar_323847,12,2,0.0,0.0,0.0,0.0,31
solar_323847,12,3,0.0,0.0,0.0,0.0,31
solar_323847,12,4,0.0,0.0,0.0,0.0,31
solar_323847,12,5,0.0,0.0,0.0,0.0,31
solar_323847,12,6,0.0,0.0,0.0,0.0,31
solar_323847,12,7,0.0,0.0,0.0,0.0,31
solar_323847,12,8,0.0,0.0,0.0,0.0,31
solar_323847,12,9,0.0,0.0,0.0,0.0,31
solar_323847,12,10,0.0,0.0,0.0,0.0,31
solar_323847,12,11,0.0,0.0,0.0,0.0,31
solar_323847,12,12,0.0,0.0,0.0,0.0,31
solar_323847,12,13,9.975078067545168,8.969910927624662,8.034391999759837,7.677434667886618,31
solar_323847,12,14,20.612550018600412,19.027940889671648,22.033825914945677,16.091519192382698,31
solar_323847,12,15,26.49212171810365,24.780696747079094,31.418814217111457,20.549454049978614,31
solar_323847,12,16,33.47481581186912,27.334603952518485,36.09872040675626,23.99113023466789,31
solar_323847,12,17,29.952747964668234,28.313213473560012,29.866814420601777,22.408009957730133,31
solar_323847,12,18,26.1770229714807,25.33837373781859,28.71895939072714,20.704032745377248,31
solar_323847,12,19,23.969040849658978,19.455925312462714,23.03952790985754,18.874362661832265,31
solar_323847,12,20,21.259848376883717,15.523416250547854,15.775829386403544,12.029620744913565,31
solar_323847,12,21,1.853187993172045,2.4420523476179503,2.256056722490266,2.6318221591306474,31
solar_323847,12,22,0.0,0.0,0.0,0.0,31
solar_323847,12,23,0.0,0.0,0.0,0.0,31
solar_323848,1,0,0.0,0.0,0.0,0.0,31
solar_323848,1,1,0.0,0.0,0.0,0.0,31
solar_323848,1,2,0.0,0.0,0.0,0.0,31
solar_323848,1,3,0.0,0.0,0.0,0.0,31
solar_323848,1,4,0.0,0.0,0.0,0.0,31
solar_323848,1,5,0.0,0.0,0.0,0.0,31
solar_323848,1,6,0.0,0.0,0.0,0.0,31
solar_323848,1,7,0.0,0.0,0.0,0.0,31
solar_323848,1,8,0.0,0.0,0.0,0.0,31
solar_323848,1,9,0.0,0.0,0.0,0.0,31
solar_323848,1,10,0.0,0.0,0.0,0.0,31
solar_323848,1,11,0.0,0.0,0.0,0.0,31
solar_323848,1,12,0.0,0.0,0.0,0.0,31
solar_323848,1,13,4.091464119740684,7.108799608371721,3.030455697188913,4.453499730365086,31
solar_323848,1,14,18.84141266117363,28.04852257513688,32.33553178786384,29.587281562432818,31
solar_323848,1,15,39.78110699969556,43.09106460540397,46.74762031681289,40.55543444537878,31
solar_323848,1,16,38.69699124580828,48.136733793138006,57.68963332540002,43.35916656158572,31
solar_323848,1,17,49.69232378530187,57.25418815317057,60.04573200672552,45.9616931407661,31
solar_323848,1,18,36.07877290251141,48.440061884824985,58.54772042495104,43.7129457049804,31
solar_323848,1,19,27.50800062645475,43.85999121658173,44.72679497690346,40.862177424819464,31
solar_323848,1,20,20.033438799891545,28.99793947819039,35.411422742822914,34.06208221764069,31
solar_323848,1,21,15.455720034435476,21.513243612903988,16.85627983469772,20.339680920371013,31
solar_323848,1,22,0.1722653393202684,0.5245628456823159,0.25344719210133165,0.40088372057815275,31
solar_323848,1,23,0.0,0.0,0.0,0.0,31
solar_323848,2,0,0.0,0.0,0.0,0.0,29
solar_323848,2,1,0.0,0.0,0.0,0.0,29
solar_323848,2,2,0.0,0.0,0.0,0.0,29
solar_323848,2,3,0.0,0.0,0.0,0.0,29
solar_323848,2,4,0.0,0.0,0.0,0.0,29
solar_323848,2,5,0.0,0.0,0.0,0.0,29
solar_323848,2,6,0.0,0.0,0.0,0.0,29
solar_323848,2,7,0.0,0.0,0.0,0.0,29
solar_323848,2,8,0.0,0.0,0.0,0.0,29
solar_323848,2,9,0.0,0.0,0.0,0.0,29
solar_323848,2,10,0.0,0.0,0.0,0.0,29
solar_323848,2,11,0.0,0.0,0.0,0.0,29
solar_323848,2,12,0.08552706878236677,0.3099950498464625,0.0,0.0,29
solar_323848,2,13,26.45260325544773,19.119274558955176,21.788885796359857,16.225746527314154,29
solar_323848,2,14,47.311742375259456,37.75234842082622,50.96347238477165,31.55830395174341,29
solar_323848,2,15,67.5896649821662,49.980444732843615,69.38946059310008,43.63508202002754,29
solar_323848,2,16,75.36348092795592,58.24467134612343,79.60666928362512,45.20162395837293,29
solar_323848,2,17,89.8798481610891,61.14965128665264,81.54905155836964,43.98165460003542,29
solar_323848,2,18,91.24413499714096,58.919518559013774,65.63715530273588,42.3822323724497,29
solar_323848,2,19,76.95032963743621,56.27527398413825,69.1102518062995,45.55659513436894,29
solar_323848,2,20,71.58413237342914,46.440495127620736,60.87994020948895,41.30828505666891,29
solar_323848,2,21,41.95643047202645,30.704965416003862,38.782584707522886,28.998820858132756,29
solar_323848,2,22,13.569695898832713,11.520839491094018,14.30409667452505,13.138808124772826,29
solar_323848,2,23,0.0,0.0,0.0,0.0,29
solar_323848,3,0,0.0,0.0,0.0,0.0,31
solar_323848,3,1,0.0,0.0,0.0,0.0,31
solar_323848,3,2,0.0,0.0,0.0,0.0,31
solar_323848,3,3,0.0,0.0,0.0,0.0,31
solar_323848,3,4,0.0,0.0,0.0,0.0,31
solar_323848,3,5,0.0,0.0,0.0,0.0,31
solar_323848,3,6,0.0,0.0,0.0,0.0,31
solar_323848,3,7,0.0,0.0,0.0,0.0,31
solar_323848,3,8,0.0,0.0,0.0,0.0,31
solar_323848,3,9,0.0,0.0,0.0,0.0,31
solar_323848,3,10,0.0,0.0,0.0,0.0,31
solar_323848,3,11,0.0,0.0,0.0,0.0,31
solar_323848,3,12,9.130487186018025,8.654112337267167,7.660699983172844,7.4120956818913575,31
solar_323848,3,13,31.220375533655325,23.78939441872469,35.4318445639931,22.071426505323213,31
solar_323848,3,14,54.35012735681425,40.514334636143246,63.90157154411525,36.05108221440529,31
solar_323848,3,15,68.29838329236755,54.5220209984174,71.89572329821759,46.67406788272773,31
solar_323848,3,16,79.76233492085804,61.363523203531834,91.93419576913332,51.14688520106734,31
solar_323848,3,17,82.87277704506593,65.59830284809766,81.85406656820949,53.84921515285279,31
solar_323848,3,18,75.75339396420901,60.2201877712046,86.15405722219235,46.48734458710892,31
solar_323848,3,19,70.3909616764623,59.40075381672695,73.92115392350368,47.08661033214097,31
solar_323848,3,20,56.15492589780046,49.78099975039938,64.94885281729925,38.9691465493243,31
solar_323848,3,21,35.71669189901549,35.296895315858166,42.71175994699244,29.85790269435829,31
solar_323848,3,22,19.941743857058192,17.87572651403867,20.200763124345254,14.288035499853887,31
solar_323848,3,23,2.246609361923519,2.693929729667903,2.6109472753090643,2.709039931650344,31
solar_323848,4,0,0.0,0.0,0.04263287088219717,0.13163869766813222,30
solar_323848,4,1,0.0,0.0,0.0,0.0,30
solar_323848,4,2,0.0,0.0,0.0,0.0,30
solar_323848,4,3,0.0,0.0,0.0,0.0,30
solar_323848,4,4,0.0,0.0,0.0,0.0,30
solar_323848,4,5,0.0,0.0,0.0,0.0,30
solar_323848,4,6,0.0,0.0,0.0,0.0,30
solar_323848,4,7,0.0,0.0,0.0,0.0,30
solar_323848,4,8,0.0,0.0,0.0,0.0,30
solar_323848,4,9,0.0,0.0,0.0,0.0,30
solar_323848,4,10,0.0,0.0,0.0,0.0,30
solar_323848,4,11,2.910680441395713,2.370445261131327,3.3072417476508917,2.652311297316375,30
solar_323848,4,12,19.639011035135997,13.209523751292192,20.407269568564246,10.32425936440461,30
solar_323848,4,13,35.321477294409014,29.290888827549743,41.52841131203833,23.779644781988768,30
solar_323848,4,14,47.626795026279595,41.70088417423963,49.89735549998449,33.35490362632911,30
solar_323848,4,15,54.63997280721794,51.600423767464164,71.29445339514956,45.90913273723778,30
solar_323848,4,16,61.291952999603026,57.465141340656274,71.49597415404986,54.1377650384052,30
solar_323848,4,17,72.16981797991266,62.833164350582926,85.50107352051246,58.09482110244401,30
solar_323848,4,18,61.600780268907165,63.220389588691056,83.63364220147778,53.169391709677484,30
solar_323848,4,19,56.796748150609254,55.827751122251875,65.09260924413408,47.433351182636,30
solar_323848,4,20,54.81843284624014,47.80562181246634,58.47019427473353,39.7390433436147,30
solar_323848,4,21,47.80469999304627,34.24227656422719,44.0046899512844,26.82531759072452,30
solar_323848,4,22,29.49246029675578,16.213690925672736,25.120678937531043,15.074936710069125,30
solar_323848,4,23,7.005945803691209,4.078062110076193,7.509726275701526,3.462069677822737,30
solar_323848,5,0,2.374461908983434,1.7935154185811781,2.703609595503662,1.3269742238606135,31
solar_323848,5,1,0.0,0.0,0.0,0.0,31
solar_323848,5,2,0.0,0.0,0.0,0.0,31
solar_323848,5,3,0.0,0.0,0.0,0.0,31
solar_323848,5,4,0.0,0.0,0.0,0.0,31
solar_323848,5,5,0.0,0.0,0.0,0.0,31
solar_323848,5,6,0.0,0.0,0.0,0.0,31
solar_323848,5,7,0.0,0.0,0.0,0.0,31
solar_323848,5,8,0.0,0.0,0.0,0.0,31
solar_323848,5,9,0.0,0.0,0.0,0.0,31
solar_323848,5,10,1.253001207688919,1.2704073153437965,0.49851288265437443,1.003008023465168,31
solar_323848,5,11,6.690766039986022,2.7173449893066186,7.855117790836142,2.117060541376162,31
solar_323848,5,12,27.00704364615603,11.3463703397416,29.71609516794737,5.923289749340893,31
solar_323848,5,13,45.593392359102396,27.434721090598458,52.48002875917976,16.326995331078233,31
solar_323848,5,14,66.40744694995963,33.99848712034548,73.66475838897358,27.46516184537856,31
solar_323848,5,15,82.41433109871583,39.88767870885151,89.15539028492537,36.925455682888774,31
solar_323848,5,16,102.59604004340363,41.25614434766301,94.1375431877416,45.58407276452139,31
solar_323848,5,17,95.89389301050355,47.88860327934919,93.26861899340436,49.10438871128647,31
solar_323848,5,18,96.54375207706593,49.23008868995069,102.32889540236062,36.44708216836075,31
solar_323848,5,19,79.98220510455323,46.88161588529106,88.52964293856706,37.86244217241233,31
solar_323848,5,20,67.11750978301056,42.748382369455435,75.45305614555312,29.124842706136647,31
solar_323848,5,21,48.48997960928755,29.772226248539727,55.516823663145765,21.55672757338073,31
solar_323848,5,22,31.591675884470174,14.32365447012792,34.60722281278994,9.998145083527284,31
solar_323848,5,23,9.325777540778338,4.959164250674137,10.758971124391469,3.304008237841854,31
solar_323848,6,0,4.4226886950296915,2.2795877490991194,4.642254815262559,1.6947275940322266,30
solar_323848,6,1,0.0,0.0,0.0,0.0,30
solar_323848,6,2,0.0,0.0,0.0,0.0,30
solar_323848,6,3,0.0,0.0,0.0,0.0,30
solar_323848,6,4,0.0,0.0,0.0,0.0,30
solar_323848,6,5,0.0,0.0,0.0,0.0,30
solar_323848,6,6,0.0,0.0,0.0,0.0,30
solar_323848,6,7,0.0,0.0,0.0,0.0,30
solar_323848,6,8,0.0,0.0,0.0,0.0,30
solar_323848,6,9,0.0,0.0,0.0,0.0,30
solar_323848,6,10,2.54482400189833,1.0813835625913335,2.351763575454716,1.0277736349594142,30
solar_323848,6,11,7.330331661187606,2.988938800759371,7.820677391148803,2.6368079023836564,30
solar_323848,6,12,27.194110181490256,7.8321416999551685,25.420021213223514,8.619559750725696,30
solar_323848,6,13,43.61963316177424,23.498203355210027,48.02529488695598,18.79024463855696,30
solar_323848,6,14,67.32253551920162,29.80522126556019,69.77000967320646,26.034702441627992,30
solar_323848,6,15,88.02519455091816,36.58167520896123,79.90529901896929,34.9449432946477,30
solar_323848,6,16,98.27249852448216,36.17903169013471,101.11578260786337,29.5118688381988,30
solar_323848,6,17,101.69164892296996,36.75639208885865,90.6201151140431,41.352244029798875,30
solar_323848,6,18,83.17340433335336,46.192201623273725,97.7727629572465,34.3969080877005,30
solar_323848,6,19,78.82229757980494,41.49988517091115,79.92570452887209,35.217556613425025,30
solar_323848,6,20,59.12942714121291,38.42536932547493,72.71308267041186,30.09679824279301,30
solar_323848,6,21,52.1133155174912,28.141791981718033,50.160647304074054,25.06329388202509,30
solar_323848,6,22,31.9050987854702,16.0546554255586,31.926308071668167,14.591342126051982,30
solar_323848,6,23,11.863514581541718,5.340530444776557,12.547451881958569,4.683915281306321,30
solar_323848,7,0,4.300170712139293,1.8553370299347216,4.7957022651652865,1.2916899569067235,31
solar_323848,7,1,0.0,0.0,0.0,0.0,31
solar_323848,7,2,0.0,0.0,0.0,0.0,31
solar_323848,7,3,0.0,0.0,0.0,0.0,31
solar_323848,7,4,0.0,0.0,0.0,0.0,31
solar_323848,7,5,0.0,0.0,0.0,0.0,31
solar_323848,7,6,0.0,0.0,0.0,0.0,31
solar_323848,7,7,0.0,0.0,0.0,0.0,31
solar_323848,7,8,0.0,0.0,0.0,0.0,31
solar_323848,7,9,0.0,0.0,0.0,0.0,31
solar_323848,7,10,0.8719987560744697,0.9850195861936426,0.2520071394247604,0.6867874731010826,31
solar_323848,7,11,6.770132062111609,1.4223758724722078,7.1797133278389795,1.7303402978213105,31
solar_323848,7,12,25.025431339117112,7.200162437186618,25.4885391868165,5.742721434418981,31
solar_323848,7,13,53.716699931887824,13.939987580138267,49.957590170619085,16.573680037370305,31
solar_323848,7,14,76.30653023039761,21.905074951004746,76.96959863569184,16.7933807508663,31
solar_323848,7,15,93.37309435611552,29.885354518831814,95.96479999851147,24.627229475122704,31
solar_323848,7,16,100.76597189537588,37.275428882069306,107.2364339459834,28.035007557312966,31
solar_323848,7,17,98.37387741275124,42.98835610861637,109.44049752451942,31.106452187147973,31
solar_323848,7,18,100.45545035938669,36.55024435187095,104.00414952306224,32.72300524415495,31
solar_323848,7,19,91.47812598969438,32.1666175564419,85.05211711597892,38.26078492723557,31
solar_323848,7,20,76.22693906664877,30.706682356628203,80.07773477477143,26.219525800637456,31
solar_323848,7,21,60.93878129554734,24.10715415581947,59.51247213432722,20.46790825270945,31
solar_323848,7,22,34.700123501595755,16.376468224917815,34.37172929942974,15.925251655132014,31
solar_323848,7,23,12.963087563433778,5.724125396509391,14.567826692304727,3.538170827069877,31
solar_323848,8,0,0.9271651523953721,1.3200169987131238,1.0038946559174857,1.23463635945175,31
solar_323848,8,1,0.0,0.0,0.0,0.0,31
solar_323848,8,2,0.0,0.0,0.0,0.0,31
solar_323848,8,3,0.0,0.0,0.0,0.0,31
solar_323848,8,4,0.0,0.0,0.0,0.0,31
solar_323848,8,5,0.0,0.0,0.0,0.0,31
solar_323848,8,6,0.0,0.0,0.0,0.0,31
solar_323848,8,7,0.0,0.0,0.0,0.0,31
solar_323848,8,8,0.0,0.0,0.0,0.0,31
solar_323848,8,9,0.0,0.0,0.0,0.0,31
solar_323848,8,10,0.0,0.0,0.0,0.0,31
solar_323848,8,11,4.122687491886284,1.9982636218927852,4.416755724211496,1.931494792385615,31
solar_323848,8,12,20.36725912272432,8.462850752500618,20.828176513622815,7.569991565967471,31
solar_323848,8,13,46.15874728384374,20.855532361504643,48.49236064531492,16.687858456180575,31
solar_323848,8,14,59.947327839976836,34.10561442347107,73.06894001425445,23.12195394565711,31
solar_323848,8,15,80.61266128681214,42.028064607323536,84.58322478087152,33.22822831254453,31
solar_323848,8,16,82.35748508347704,50.582901711497804,91.15219576755362,37.76837848325734,31
solar_323848,8,17,83.94426516555053,52.59792038734684,91.88569863647201,35.98560780482343,31
solar_323848,8,18,88.07648809425135,49.3279002988845,82.81151473624642,38.28629907788121,31
solar_323848,8,19,83.8443642550271,43.8524605044991,79.36841124898521,41.32879473330856,31
solar_323848,8,20,68.92611917992016,39.28957945311036,71.33077480437069,32.01286160345721,31
solar_323848,8,21,52.30331742764446,28.066145705811376,50.29006474017147,26.532129617597803,31
solar_323848,8,22,28.596750712968902,15.715302184087012,27.74693800192541,15.080430855900588,31
solar_323848,8,23,8.961104049665082,5.234933829257802,8.901882661994671,4.456686614019086,31
solar_323848,9,0,0.0,0.0,0.0,0.0,30
solar_323848,9,1,0.0,0.0,0.0,0.0,30
solar_323848,9,2,0.0,0.0,0.0,0.0,30
solar_323848,9,3,0.0,0.0,0.0,0.0,30
solar_323848,9,4,0.0,0.0,0.0,0.0,30
solar_323848,9,5,0.0,0.0,0.0,0.0,30
solar_323848,9,6,0.0,0.0,0.0,0.0,30
solar_323848,9,7,0.0,0.0,0.0,0.0,30
solar_323848,9,8,0.0,0.0,0.0,0.0,30
solar_323848,9,9,0.0,0.0,0.0,0.0,30
solar_323848,9,10,0.0,0.0,0.0,0.0,30
solar_323848,9,11,0.6694567484323761,1.0732842378732577,0.0,0.0,30
solar_323848,9,12,18.19151045001193,9.978508896964103,17.390606986965118,8.110485803412717,30
solar_323848,9,13,48.261759743311615,21.64247907821397,44.90832838976126,19.88836975649351,30
solar_323848,9,14,73.96198354532459,30.967184005239165,71.36641867859728,31.43363662439438,30
solar_323848,9,15,91.3653386861713,38.86398806692911,91.08508908601986,36.4802574714421,30
solar_323848,9,16,104.22692183262636,42.223904350712594,104.40840023701959,39.35925713706459,30
solar_323848,9,17,99.55993729096977,49.46145998912686,109.00587083071319,40.36530335028505,30
solar_323848,9,18,102.73725972935422,47.023513571607985,102.89041388201107,39.731713709572105,30
solar_323848,9,19,93.63492591757041,38.1778579787835,90.49128597957503,34.69572992087652,30
solar_323848,9,20,71.55747347581261,34.94154602139345,75.83298330651952,26.99497746774149,30
solar_323848,9,21,46.01544139490333,25.658289821967312,47.40662995522402,23.94988736970871,30
solar_323848,9,22,20.283741296286454,13.429611751384543,21.197399787270626,12.908583328774517,30
solar_323848,9,23,1.9073356706895308,2.4570167992751277,2.7445264742739917,2.8187539389544014,30
solar_323848,10,0,0.0,0.0,0.0,0.0,31
solar_323848,10,1,0.0,0.0,0.0,0.0,31
solar_323848,10,2,0.0,0.0,0.0,0.0,31
solar_323848,10,3,0.0,0.0,0.0,0.0,31
solar_323848,10,4,0.0,0.0,0.0,0.0,31
solar_323848,10,5,0.0,0.0,0.0,0.0,31
solar_323848,10,6,0.0,0.0,0.0,0.0,31
solar_323848,10,7,0.0,0.0,0.0,0.0,31
solar_323848,10,8,0.0,0.0,0.0,0.0,31
solar_323848,10,9,0.0,0.0,0.0,0.0,31
solar_323848,10,10,0.0,0.0,0.0,0.0,31
solar_323848,10,11,0.0,0.0,0.0,0.0,31
solar_323848,10,12,9.636310232447666,7.399497113046036,6.761110447877766,6.818735510200034,31
solar_323848,10,13,45.53419824818796,21.474679559692394,39.41976707484215,22.62461151791737,31
solar_323848,10,14,73.31695505053351,32.22146731094088,65.27437660078614,32.841608800044646,31
solar_323848,10,15,84.72455310877817,42.90495851706903,86.56680399859795,39.444227197194685,31
solar_323848,10,16,90.43782567291724,49.4788846377922,95.70043682682875,45.49630905164484,31
solar_323848,10,17,94.19259027398603,53.40084333966612,99.74874297838174,43.07238930294476,31
solar_323848,10,18,95.73526051333184,44.9457696853827,96.2653308918909,43.956166973242084,31
solar_323848,10,19,85.05736149826724,38.705077075040585,82.22702175757622,40.21327803273936,31
solar_323848,10,20,59.66157535890201,30.402456710190695,59.9526333396885,31.874624207953083,31
solar_323848,10,21,33.89516356954526,19.042217253333355,34.93700659805521,20.56647144081349,31
solar_323848,10,22,4.211403297142228,4.986367231391396,6.581630673534075,7.062045933858365,31
solar_323848,10,23,0.0,0.0,0.0,0.0,31
solar_323848,11,0,0.0,0.0,0.0,0.0,30
solar_323848,11,1,0.0,0.0,0.0,0.0,30
solar_323848,11,2,0.0,0.0,0.0,0.0,30
solar_323848,11,3,0.0,0.0,0.0,0.0,30
solar_323848,11,4,0.0,0.0,0.0,0.0,30
solar_323848,11,5,0.0,0.0,0.0,0.0,30
solar_323848,11,6,0.0,0.0,0.0,0.0,30
solar_323848,11,7,0.0,0.0,0.0,0.0,30
solar_323848,11,8,0.0,0.0,0.0,0.0,30
solar_323848,11,9,0.0,0.0,0.0,0.0,30
solar_323848,11,10,0.0,0.0,0.0,0.0,30
solar_323848,11,11,0.0,0.0,0.0,0.0,30
solar_323848,11,12,0.08204434633965094,0.2360430992384333,0.0,0.0,30
solar_323848,11,13,19.799600242089028,19.36690764455472,18.631890079071884,16.77963023910336,30
solar_323848,11,14,44.15804824170157,33.79813246432662,42.212877869885446,29.49985201668279,30
solar_323848,11,15,61.481097019704734,44.92339208867841,60.409397225450576,38.89437758064524,30
solar_323848,11,16,66.7601900541822,50.678213076891055,62.50766511313897,41.21800412675282,30
solar_323848,11,17,74.90135520052233,52.34739269605957,67.62637836441657,39.25674693611926,30
solar_323848,11,18,62.55194263549579,51.08144491005455,56.185428075966016,44.07524417246434,30
solar_323848,11,19,50.85695457621014,44.14810137866906,46.982467766865625,40.13639568121857,30
solar_323848,11,20,36.21905855083144,30.97795656455935,35.95214270698274,29.1881191330126,30
solar_323848,11,21,15.973426646247553,13.05595273966284,13.45319360140038,12.36039213610307,30
solar_323848,11,22,0.0,0.0,0.0,0.0,30
solar_323848,11,23,0.0,0.0,0.0,0.0,30
solar_323848,12,0,0.0,0.0,0.0,0.0,31
solar_323848,12,1,0.0,0.0,0.0,0.0,31
solar_323848,12,2,0.0,0.0,0.0,0.0,31
solar_323848,12,3,0.0,0.0,0.0,0.0,31
solar_323848,12,4,0.0,0.0,0.0,0.0,31
solar_323848,12,5,0.0,0.0,0.0,0.0,31
solar_323848,12,6,0.0,0.0,0.0,0.0,31
solar_323848,12,7,0.0,0.0,0.0,0.0,31
solar_323848,12,8,0.0,0.0,0.0,0.0,31
solar_323848,12,9,0.0,0.0,0.0,0.0,31
solar_323848,12,10,0.0,0.0,0.0,0.0,31
solar_323848,12,11,0.0,0.0,0.0,0.0,31
solar_323848,12,12,0.0,0.0,0.0,0.0,31
solar_323848,12,13,5.727061814266826,8.37569590214927,3.885205231098941,5.09933044136322,31
solar_323848,12,14,32.00707921872688,34.167777299841056,30.699844373768283,26.365504829353327,31
solar_323848,12,15,43.448643505845865,43.196879161932706,45.350127197958436,37.73191293584115,31
solar_323848,12,16,49.02963722078083,50.11312015060294,68.32156898269601,46.05910404088558,31
solar_323848,12,17,50.27998227521829,51.39472936472057,63.06092041879906,43.27907375209249,31
solar_323848,12,18,46.18950402435184,49.74853657824975,52.57026853094767,40.42196514828647,31
solar_323848,12,19,37.58087968805173,41.48028940416278,51.03198054766565,36.485272355318564,31
solar_323848,12,20,26.849016449820198,31.280374891542408,29.224592030512685,23.81290587286094,31
solar_323848,12,21,8.057163657874035,10.21187201721943,10.347188117888715,10.02423209307221,31
solar_323848,12,22,0.0,0.0,0.0,0.0,31
solar_323848,12,23,0.0,0.0,0.0,0.0,31
