Time,solar_323811,solar_323691,solar_323752
2021-01-01 00:00:00+00:00,0.0,0.0,0.0
2021-01-01 01:00:00+00:00,0.0,0.0,0.0
2021-01-01 02:00:00+00:00,0.0,0.0,0.0
2021-01-01 03:00:00+00:00,0.0,0.0,0.0
2021-01-01 04:00:00+00:00,0.0,0.0,0.0
2021-01-01 05:00:00+00:00,0.0,0.0,0.0
2021-01-01 06:00:00+00:00,0.0,0.0,0.0
2021-01-01 07:00:00+00:00,0.0,0.0,0.0
2021-01-01 08:00:00+00:00,0.0,0.0,0.0
2021-01-01 09:00:00+00:00,0.0,0.0,0.0
2021-01-01 10:00:00+00:00,0.0,0.0,0.0
2021-01-01 11:00:00+00:00,0.0,0.0,0.0
2021-01-01 12:00:00+00:00,0.0,0.0,0.0
2021-01-01 13:00:00+00:00,4.272409572019544,8.820067451849528,6.925672828851548
2021-01-01 14:00:00+00:00,9.614633672723485,15.761995784781671,12.474414185437848
2021-01-01 15:00:00+00:00,12.90709995225378,20.579598411441534,15.098960188309052
2021-01-01 16:00:00+00:00,14.719132302569859,22.98934887388884,18.340860792074903
2021-01-01 17:00:00+00:00,14.96023904405907,19.85901229553584,15.983292406974485
2021-01-01 18:00:00+00:00,6.2491346881943635,13.012319686099866,12.246116803230931
2021-01-01 19:00:00+00:00,1.912144041287717,2.9363031468981937,4.862351758873879
2021-01-01 20:00:00+00:00,1.6194179802118862,1.5256781671381037,1.599041996568366
2021-01-01 21:00:00+00:00,1.3674887762507102,0.16572425391306067,0.21637295462416814
2021-01-01 22:00:00+00:00,0.0,0.0,0.0
2021-01-01 23:00:00+00:00,0.0,0.0,0.0
2021-01-02 00:00:00+00:00,0.0,0.0,0.0
2021-01-02 01:00:00+00:00,0.0,0.0,0.0
2021-01-02 02:00:00+00:00,0.0,0.0,0.0
2021-01-02 03:00:00+00:00,0.0,0.0,0.0
2021-01-02 04:00:00+00:00,0.0,0.0,0.0
2021-01-02 05:00:00+00:00,0.0,0.0,0.0
2021-01-02 06:00:00+00:00,0.0,0.0,0.0
2021-01-02 07:00:00+00:00,0.0,0.0,0.0
2021-01-02 08:00:00+00:00,0.0,0.0,0.0
2021-01-02 09:00:00+00:00,0.0,0.0,0.0
2021-01-02 10:00:00+00:00,0.0,0.0,0.0
2021-01-02 11:00:00+00:00,0.0,0.0,0.0
2021-01-02 12:00:00+00:00,0.0,0.0,0.0
2021-01-02 13:00:00+00:00,0.013608911384767561,0.07384271229862387,0.10693286193684513
2021-01-02 14:00:00+00:00,0.5979363587879826,2.476907491742273,2.2163582583239516
2021-01-02 15:00:00+00:00,0.41174098073593335,18.616981597911394,13.655637035635344
2021-01-02 16:00:00+00:00,0.15269003007854745,20.568743076512277,16.60958331576712
2021-01-02 17:00:00+00:00,0.8508122130218648,20.275849740706025,17.937991105212564
2021-01-02 18:00:00+00:00,0.9672528714175141,20.258454483196036,16.576526814980753
2021-01-02 19:00:00+00:00,1.200101224115139,18.45131735372488,14.41441407914671
2021-01-02 20:00:00+00:00,0.8249559031442271,12.360531921683359,10.553585119721427
2021-01-02 21:00:00+00:00,2.0371643676513536,4.060592787705956,3.253255782570772
2021-01-02 22:00:00+00:00,0.0,0.0,0.0
2021-01-02 23:00:00+00:00,0.0,0.0,0.0
2021-01-03 00:00:00+00:00,0.0,0.0,0.0
2021-01-03 01:00:00+00:00,0.0,0.0,0.0
2021-01-03 02:00:00+00:00,0.0,0.0,0.0
2021-01-03 03:00:00+00:00,0.0,0.0,0.0
2021-01-03 04:00:00+00:00,0.0,0.0,0.0
2021-01-03 05:00:00+00:00,0.0,0.0,0.0
2021-01-03 06:00:00+00:00,0.0,0.0,0.0
2021-01-03 07:00:00+00:00,0.0,0.0,0.0
2021-01-03 08:00:00+00:00,0.0,0.0,0.0
2021-01-03 09:00:00+00:00,0.0,0.0,0.0
2021-01-03 10:00:00+00:00,0.0,0.0,0.0
2021-01-03 11:00:00+00:00,0.0,0.0,0.0
2021-01-03 12:00:00+00:00,0.0,0.0,0.0
2021-01-03 13:00:00+00:00,0.5970734495204318,0.04573558428042513,0.06617382512574749
2021-01-03 14:00:00+00:00,0.7165919605575035,0.136822102791917,0.16609014004965364
2021-01-03 15:00:00+00:00,8.994275394175022,0.11260501062201879,0.12329585295673902
2021-01-03 16:00:00+00:00,0.46303072713950066,0.11238025099735735,0.0637223769127168
2021-01-03 17:00:00+00:00,0.2066882472434124,0.47983219926696147,0.14211960861464223
2021-01-03 18:00:00+00:00,0.22823874205563963,0.4131447798417358,0.22493923934845653
2021-01-03 19:00:00+00:00,0.06598851947321892,0.2397923757392875,0.2331205418146993
2021-01-03 20:00:00+00:00,0.08296894512669988,0.0267175264304688,0.025476941655816814
2021-01-03 21:00:00+00:00,0.0034014941196927268,0.008018447798039305,0.006370427666307689
2021-01-03 22:00:00+00:00,0.0,0.0,0.0
2021-01-03 23:00:00+00:00,0.0,0.0,0.0
2021-01-04 00:00:00+00:00,0.0,0.0,0.0
2021-01-04 01:00:00+00:00,0.0,0.0,0.0
2021-01-04 02:00:00+00:00,0.0,0.0,0.0
2021-01-04 03:00:00+00:00,0.0,0.0,0.0
2021-01-04 04:00:00+00:00,0.0,0.0,0.0
2021-01-04 05:00:00+00:00,0.0,0.0,0.0
2021-01-04 06:00:00+00:00,0.0,0.0,0.0
2021-01-04 07:00:00+00:00,0.0,0.0,0.0
2021-01-04 08:00:00+00:00,0.0,0.0,0.0
2021-01-04 09:00:00+00:00,0.0,0.0,0.0
2021-01-04 10:00:00+00:00,0.0,0.0,0.0
2021-01-04 11:00:00+00:00,0.0,0.0,0.0
2021-01-04 12:00:00+00:00,0.0,0.0,0.0
2021-01-04 13:00:00+00:00,2.6871445108471543,3.169299481470739,2.1374110828112114
2021-01-04 14:00:00+00:00,7.348033347049792,3.6050399129951027,1.7037063036741213
2021-01-04 15:00:00+00:00,4.072484072086168,2.9328968556512893,2.3279770593502196
2021-01-04 16:00:00+00:00,1.6434539663468823,3.668750923831467,2.63708708535692
2021-01-04 17:00:00+00:00,4.698768221736908,20.465438582348245,13.722109014137391
2021-01-04 18:00:00+00:00,0.6868804486511905,22.25093796181675,17.424184077949608
2021-01-04 19:00:00+00:00,1.3708714626489746,19.22800946745995,15.26365385509322
2021-01-04 20:00:00+00:00,2.134216228439135,13.684053370682117,10.8586827232664
2021-01-04 21:00:00+00:00,1.0502897127313082,4.228878481237863,3.35693842724027
2021-01-04 22:00:00+00:00,0.0,0.0,0.0
2021-01-04 23:00:00+00:00,0.0,0.0,0.0
2021-01-05 00:00:00+00:00,0.0,0.0,0.0
2021-01-05 01:00:00+00:00,0.0,0.0,0.0
2021-01-05 02:00:00+00:00,0.0,0.0,0.0
2021-01-05 03:00:00+00:00,0.0,0.0,0.0
2021-01-05 04:00:00+00:00,0.0,0.0,0.0
2021-01-05 05:00:00+00:00,0.0,0.0,0.0
2021-01-05 06:00:00+00:00,0.0,0.0,0.0
2021-01-05 07:00:00+00:00,0.0,0.0,0.0
2021-01-05 08:00:00+00:00,0.0,0.0,0.0
2021-01-05 09:00:00+00:00,0.0,0.0,0.0
2021-01-05 10:00:00+00:00,0.0,0.0,0.0
2021-01-05 11:00:00+00:00,0.0,0.0,0.0
2021-01-05 12:00:00+00:00,0.0,0.0,0.0
2021-01-05 13:00:00+00:00,1.8741737725990828,8.196987334082154,6.456107629256904
2021-01-05 14:00:00+00:00,0.9471354661885407,15.428496837674285,12.35035725003744
2021-01-05 15:00:00+00:00,2.2458348394973484,4.469171884284064,16.287388241927914
2021-01-05 16:00:00+00:00,2.362827300793007,23.239894697716267,18.132567020233335
2021-01-05 17:00:00+00:00,1.8918947440115372,23.527385081081384,18.72813501648342
2021-01-05 18:00:00+00:00,1.8384200063696763,21.41468471000234,17.458232735189625
2021-01-05 19:00:00+00:00,0.9917831018907308,11.478713812569126,14.105725781429012
2021-01-05 20:00:00+00:00,0.687845993376769,13.23571056770624,10.97068630063905
2021-01-05 21:00:00+00:00,0.38534662564014094,4.5238372607616055,2.54113818579808
2021-01-05 22:00:00+00:00,0.0,0.0,0.0
2021-01-05 23:00:00+00:00,0.0,0.0,0.0
2021-01-06 00:00:00+00:00,0.0,0.0,0.0
2021-01-06 01:00:00+00:00,0.0,0.0,0.0
2021-01-06 02:00:00+00:00,0.0,0.0,0.0
2021-01-06 03:00:00+00:00,0.0,0.0,0.0
2021-01-06 04:00:00+00:00,0.0,0.0,0.0
2021-01-06 05:00:00+00:00,0.0,0.0,0.0
2021-01-06 06:00:00+00:00,0.0,0.0,0.0
2021-01-06 07:00:00+00:00,0.0,0.0,0.0
2021-01-06 08:00:00+00:00,0.0,0.0,0.0
2021-01-06 09:00:00+00:00,0.0,0.0,0.0
2021-01-06 10:00:00+00:00,0.0,0.0,0.0
2021-01-06 11:00:00+00:00,0.0,0.0,0.0
2021-01-06 12:00:00+00:00,0.0,0.0,0.0
2021-01-06 13:00:00+00:00,2.0237332688076415,7.86421153390815,6.256852636877546
2021-01-06 14:00:00+00:00,1.026115132647935,15.423675576548128,12.238502283288986
2021-01-06 15:00:00+00:00,1.5545445515379437,20.417244245477686,16.23522592518549
2021-01-06 16:00:00+00:00,2.1908228298918164,23.063969799631753,18.303394905305794
2021-01-06 17:00:00+00:00,10.46014820114682,22.267101641672447,18.641608651497616
2021-01-06 18:00:00+00:00,13.938399338200695,18.733102803234488,16.509001059787874
2021-01-06 19:00:00+00:00,10.182592652848626,19.026023667060095,12.741248058455714
2021-01-06 20:00:00+00:00,2.1286332828260743,14.382142418795521,11.202518249462356
2021-01-06 21:00:00+00:00,1.7845281933083361,4.9370745859542895,3.935926275028508
2021-01-06 22:00:00+00:00,0.0,0.0,0.0
2021-01-06 23:00:00+00:00,0.0,0.0,0.0
2021-01-07 00:00:00+00:00,0.0,0.0,0.0
2021-01-07 01:00:00+00:00,0.0,0.0,0.0
2021-01-07 02:00:00+00:00,0.0,0.0,0.0
2021-01-07 03:00:00+00:00,0.0,0.0,0.0
2021-01-07 04:00:00+00:00,0.0,0.0,0.0
2021-01-07 05:00:00+00:00,0.0,0.0,0.0
2021-01-07 06:00:00+00:00,0.0,0.0,0.0
2021-01-07 07:00:00+00:00,0.0,0.0,0.0
2021-01-07 08:00:00+00:00,0.0,0.0,0.0
2021-01-07 09:00:00+00:00,0.0,0.0,0.0
2021-01-07 10:00:00+00:00,0.0,0.0,0.0
2021-01-07 11:00:00+00:00,0.0,0.0,0.0
2021-01-07 12:00:00+00:00,0.0,0.0,0.0
2021-01-07 13:00:00+00:00,0.47610917701190214,1.760854826714771,4.847694675154711
2021-01-07 14:00:00+00:00,9.583693817981795,15.423913636652282,12.204988961408347
2021-01-07 15:00:00+00:00,12.883744405429654,20.536370472818003,16.320756074547294
2021-01-07 16:00:00+00:00,8.137096179675423,23.41491721510689,18.641656592463946
2021-01-07 17:00:00+00:00,8.937785912853643,24.284956032770097,19.34410947006816
2021-01-07 18:00:00+00:00,6.294620795035936,22.85649479074681,18.377786985019963
2021-01-07 19:00:00+00:00,12.818396636930855,19.894856660466104,15.458414918408184
2021-01-07 20:00:00+00:00,9.206073094976494,14.47032590877865,11.5205985288984
2021-01-07 21:00:00+00:00,2.9797558871405934,5.267006048375977,4.197954512324036
2021-01-07 22:00:00+00:00,0.0,0.0,0.0
2021-01-07 23:00:00+00:00,0.0,0.0,0.0
2021-01-08 00:00:00+00:00,0.0,0.0,0.0
2021-01-08 01:00:00+00:00,0.0,0.0,0.0
2021-01-08 02:00:00+00:00,0.0,0.0,0.0
2021-01-08 03:00:00+00:00,0.0,0.0,0.0
2021-01-08 04:00:00+00:00,0.0,0.0,0.0
2021-01-08 05:00:00+00:00,0.0,0.0,0.0
2021-01-08 06:00:00+00:00,0.0,0.0,0.0
2021-01-08 07:00:00+00:00,0.0,0.0,0.0
2021-01-08 08:00:00+00:00,0.0,0.0,0.0
2021-01-08 09:00:00+00:00,0.0,0.0,0.0
2021-01-08 10:00:00+00:00,0.0,0.0,0.0
2021-01-08 11:00:00+00:00,0.0,0.0,0.0
2021-01-08 12:00:00+00:00,0.0,0.0,0.0
2021-01-08 13:00:00+00:00,2.8889160266317555,8.366286504744467,5.077122555975895
2021-01-08 14:00:00+00:00,1.4605766046220445,15.860929692815638,12.468556625136245
2021-01-08 15:00:00+00:00,5.851625446402217,20.976604118210478,16.624557397855618
2021-01-08 16:00:00+00:00,7.898846156037245,23.6255816196815,18.932075445410717
2021-01-08 17:00:00+00:00,3.5932373522115593,24.633518922407717,19.4465918724486
2021-01-08 18:00:00+00:00,5.633825014541058,23.320158569955357,18.846993098833273
2021-01-08 19:00:00+00:00,2.2717965753787124,19.453688735334126,15.308734476159412
2021-01-08 20:00:00+00:00,8.420020585549976,6.746217564215452,6.577606796754932
2021-01-08 21:00:00+00:00,2.040166581106747,4.764049028770395,3.3755194406287257
2021-01-08 22:00:00+00:00,0.0,0.0,0.0
2021-01-08 23:00:00+00:00,0.0,0.0,0.0
2021-01-09 00:00:00+00:00,0.0,0.0,0.0
2021-01-09 01:00:00+00:00,0.0,0.0,0.0
2021-01-09 02:00:00+00:00,0.0,0.0,0.0
2021-01-09 03:00:00+00:00,0.0,0.0,0.0
2021-01-09 04:00:00+00:00,0.0,0.0,0.0
2021-01-09 05:00:00+00:00,0.0,0.0,0.0
2021-01-09 06:00:00+00:00,0.0,0.0,0.0
2021-01-09 07:00:00+00:00,0.0,0.0,0.0
2021-01-09 08:00:00+00:00,0.0,0.0,0.0
2021-01-09 09:00:00+00:00,0.0,0.0,0.0
2021-01-09 10:00:00+00:00,0.0,0.0,0.0
2021-01-09 11:00:00+00:00,0.0,0.0,0.0
2021-01-09 12:00:00+00:00,0.0,0.0,0.0
2021-01-09 13:00:00+00:00,4.216468338243381,5.035646328974056,6.822477148724196
2021-01-09 14:00:00+00:00,9.616798201533188,15.675324007742883,12.581542048806156
2021-01-09 15:00:00+00:00,9.504828758452403,20.91749269655453,16.576927431660568
2021-01-09 16:00:00+00:00,7.128724586775617,16.075147508764996,17.94554207638514
2021-01-09 17:00:00+00:00,9.324545608643,17.378948626510713,16.706661210615664
2021-01-09 18:00:00+00:00,3.8850958568181153,3.4633377314275147,14.798092369455613
2021-01-09 19:00:00+00:00,6.309675323131805,20.041788841827728,15.923301387800983
2021-01-09 20:00:00+00:00,9.512043085036495,14.47219594768737,5.223882469277951
2021-01-09 21:00:00+00:00,0.23354568085945465,0.4875370705823103,4.014540296341834
2021-01-09 22:00:00+00:00,0.0,0.0,0.0
2021-01-09 23:00:00+00:00,0.0,0.0,0.0
2021-01-10 00:00:00+00:00,0.0,0.0,0.0
2021-01-10 01:00:00+00:00,0.0,0.0,0.0
2021-01-10 02:00:00+00:00,0.0,0.0,0.0
2021-01-10 03:00:00+00:00,0.0,0.0,0.0
2021-01-10 04:00:00+00:00,0.0,0.0,0.0
2021-01-10 05:00:00+00:00,0.0,0.0,0.0
2021-01-10 06:00:00+00:00,0.0,0.0,0.0
2021-01-10 07:00:00+00:00,0.0,0.0,0.0
2021-01-10 08:00:00+00:00,0.0,0.0,0.0
2021-01-10 09:00:00+00:00,0.0,0.0,0.0
2021-01-10 10:00:00+00:00,0.0,0.0,0.0
2021-01-10 11:00:00+00:00,0.0,0.0,0.0
2021-01-10 12:00:00+00:00,0.0,0.0,0.0
2021-01-10 13:00:00+00:00,3.623009286952291,0.7377223313025221,6.632473117420268
2021-01-10 14:00:00+00:00,1.2756520901510615,14.256290896828338,11.404664759868188
2021-01-10 15:00:00+00:00,2.2814736534835203,20.895403311444337,16.15552621373685
2021-01-10 16:00:00+00:00,4.41754917870893,23.830322627196374,18.95272850264845
2021-01-10 17:00:00+00:00,2.6163424546479974,24.706382010269916,19.723733630978337
2021-01-10 18:00:00+00:00,8.037331448527446,23.611640337674388,18.82256953278943
2021-01-10 19:00:00+00:00,2.2971259317304367,20.499443860156468,16.256896071041712
2021-01-10 20:00:00+00:00,1.2964767859847692,15.23995234599093,12.120161801094163
2021-01-10 21:00:00+00:00,2.907158552234097,6.55344576986395,5.209134099328818
2021-01-10 22:00:00+00:00,0.0,0.0,0.0
2021-01-10 23:00:00+00:00,0.0,0.0,0.0
2021-01-11 00:00:00+00:00,0.0,0.0,0.0
2021-01-11 01:00:00+00:00,0.0,0.0,0.0
2021-01-11 02:00:00+00:00,0.0,0.0,0.0
2021-01-11 03:00:00+00:00,0.0,0.0,0.0
2021-01-11 04:00:00+00:00,0.0,0.0,0.0
2021-01-11 05:00:00+00:00,0.0,0.0,0.0
2021-01-11 06:00:00+00:00,0.0,0.0,0.0
2021-01-11 07:00:00+00:00,0.0,0.0,0.0
2021-01-11 08:00:00+00:00,0.0,0.0,0.0
2021-01-11 09:00:00+00:00,0.0,0.0,0.0
2021-01-11 10:00:00+00:00,0.0,0.0,0.0
2021-01-11 11:00:00+00:00,0.0,0.0,0.0
2021-01-11 12:00:00+00:00,0.0,0.0,0.0
2021-01-11 13:00:00+00:00,0.26622108397008304,0.6146005804677167,0.43724401354082176
2021-01-11 14:00:00+00:00,0.6569219927401345,10.793434014939066,6.423210647724584
2021-01-11 15:00:00+00:00,1.8849121294573647,2.561577872675118,1.739381370375061
2021-01-11 16:00:00+00:00,9.280942247406601,4.383022050987067,3.318939987192854
2021-01-11 17:00:00+00:00,1.2348538716205506,0.8176253211101229,0.7397843455360938
2021-01-11 18:00:00+00:00,0.2612040095648817,0.6695256254023838,0.6095914534000305
2021-01-11 19:00:00+00:00,0.36699264917712643,0.6459928097907234,0.4448851747369818
2021-01-11 20:00:00+00:00,0.27602486032045703,0.8164173255091176,0.4374853911758732
2021-01-11 21:00:00+00:00,0.015468997650724308,0.13700051436732474,0.23222612749961927
2021-01-11 22:00:00+00:00,0.0,0.0,0.0
2021-01-11 23:00:00+00:00,0.0,0.0,0.0
2021-01-12 00:00:00+00:00,0.0,0.0,0.0
2021-01-12 01:00:00+00:00,0.0,0.0,0.0
2021-01-12 02:00:00+00:00,0.0,0.0,0.0
2021-01-12 03:00:00+00:00,0.0,0.0,0.0
2021-01-12 04:00:00+00:00,0.0,0.0,0.0
2021-01-12 05:00:00+00:00,0.0,0.0,0.0
2021-01-12 06:00:00+00:00,0.0,0.0,0.0
2021-01-12 07:00:00+00:00,0.0,0.0,0.0
2021-01-12 08:00:00+00:00,0.0,0.0,0.0
2021-01-12 09:00:00+00:00,0.0,0.0,0.0
2021-01-12 10:00:00+00:00,0.0,0.0,0.0
2021-01-12 11:00:00+00:00,0.0,0.0,0.0
2021-01-12 12:00:00+00:00,0.0,0.0,0.0
2021-01-12 13:00:00+00:00,0.9186547998119029,8.415274639735209,5.086458637008998
2021-01-12 14:00:00+00:00,2.8720628969930435,16.015407286839086,12.543713728044816
2021-01-12 15:00:00+00:00,6.8579846289918045,20.965768700448244,16.37480173219023
2021-01-12 16:00:00+00:00,11.533198353279523,23.75082694008699,17.94506075889356
2021-01-12 17:00:00+00:00,3.39319386959195,24.776677665101406,19.547089963951542
2021-01-12 18:00:00+00:00,2.048655943191618,23.399353505035528,18.344279423069526
2021-01-12 19:00:00+00:00,6.599738948086622,20.3513544055325,16.173497334509328
2021-01-12 20:00:00+00:00,1.0061757976328052,15.115891644472477,12.019824433795213
2021-01-12 21:00:00+00:00,1.757526038115139,6.3339855473604585,5.023383733884867
2021-01-12 22:00:00+00:00,0.0,0.0,0.0
2021-01-12 23:00:00+00:00,0.0,0.0,0.0
2021-01-13 00:00:00+00:00,0.0,0.0,0.0
2021-01-13 01:00:00+00:00,0.0,0.0,0.0
2021-01-13 02:00:00+00:00,0.0,0.0,0.0
2021-01-13 03:00:00+00:00,0.0,0.0,0.0
2021-01-13 04:00:00+00:00,0.0,0.0,0.0
2021-01-13 05:00:00+00:00,0.0,0.0,0.0
2021-01-13 06:00:00+00:00,0.0,0.0,0.0
2021-01-13 07:00:00+00:00,0.0,0.0,0.0
2021-01-13 08:00:00+00:00,0.0,0.0,0.0
2021-01-13 09:00:00+00:00,0.0,0.0,0.0
2021-01-13 10:00:00+00:00,0.0,0.0,0.0
2021-01-13 11:00:00+00:00,0.0,0.0,0.0
2021-01-13 12:00:00+00:00,0.0,0.0,0.0
2021-01-13 13:00:00+00:00,1.0151594424190178,6.287662613648864,4.588331743566915
2021-01-13 14:00:00+00:00,9.315128233141658,15.155279283208507,12.413244422558169
2021-01-13 15:00:00+00:00,12.718630771115475,19.391655052073606,11.486235106326932
2021-01-13 16:00:00+00:00,13.70581652200151,9.847746825425068,4.815323825452046
2021-01-13 17:00:00+00:00,14.859004337428763,22.763803268798746,18.335803673323554
2021-01-13 18:00:00+00:00,13.242526678020184,23.337667785434554,18.48716121901281
2021-01-13 19:00:00+00:00,8.89161564435615,13.340677686521447,11.846896288135197
2021-01-13 20:00:00+00:00,6.6666745483821055,14.87648886139672,4.853006534979066
2021-01-13 21:00:00+00:00,3.061660363233653,6.125411089643974,4.971653730258139
2021-01-13 22:00:00+00:00,0.0,0.0,0.0
2021-01-13 23:00:00+00:00,0.0,0.0,0.0
2021-01-14 00:00:00+00:00,0.0,0.0,0.0
2021-01-14 01:00:00+00:00,0.0,0.0,0.0
2021-01-14 02:00:00+00:00,0.0,0.0,0.0
2021-01-14 03:00:00+00:00,0.0,0.0,0.0
2021-01-14 04:00:00+00:00,0.0,0.0,0.0
2021-01-14 05:00:00+00:00,0.0,0.0,0.0
2021-01-14 06:00:00+00:00,0.0,0.0,0.0
2021-01-14 07:00:00+00:00,0.0,0.0,0.0
2021-01-14 08:00:00+00:00,0.0,0.0,0.0
2021-01-14 09:00:00+00:00,0.0,0.0,0.0
2021-01-14 10:00:00+00:00,0.0,0.0,0.0
2021-01-14 11:00:00+00:00,0.0,0.0,0.0
2021-01-14 12:00:00+00:00,0.0,0.0,0.0
2021-01-14 13:00:00+00:00,0.28693984375740933,0.07015869099554978,0.03415557118565993
2021-01-14 14:00:00+00:00,0.7164372601948977,0.9021592276372495,0.9497694476265115
2021-01-14 15:00:00+00:00,0.7885479050210987,18.835658881780596,8.36233500069387
2021-01-14 16:00:00+00:00,1.874145032939066,22.87060644719468,17.598100552806933
2021-01-14 17:00:00+00:00,3.090705550266235,22.160760058020152,17.170503359935402
2021-01-14 18:00:00+00:00,1.2239858984018497,13.577402399018766,15.053627402737211
2021-01-14 19:00:00+00:00,1.027598835693024,19.35659808220377,15.300053990374229
2021-01-14 20:00:00+00:00,0.9338984305074268,6.633368993982034,6.812854298802698
2021-01-14 21:00:00+00:00,0.4609268177126408,4.9916050163055745,3.61885674165229
2021-01-14 22:00:00+00:00,0.0,0.0,0.0
2021-01-14 23:00:00+00:00,0.0,0.0,0.0
2021-01-15 00:00:00+00:00,0.0,0.0,0.0
2021-01-15 01:00:00+00:00,0.0,0.0,0.0
2021-01-15 02:00:00+00:00,0.0,0.0,0.0
2021-01-15 03:00:00+00:00,0.0,0.0,0.0
2021-01-15 04:00:00+00:00,0.0,0.0,0.0
2021-01-15 05:00:00+00:00,0.0,0.0,0.0
2021-01-15 06:00:00+00:00,0.0,0.0,0.0
2021-01-15 07:00:00+00:00,0.0,0.0,0.0
2021-01-15 08:00:00+00:00,0.0,0.0,0.0
2021-01-15 09:00:00+00:00,0.0,0.0,0.0
2021-01-15 10:00:00+00:00,0.0,0.0,0.0
2021-01-15 11:00:00+00:00,0.0,0.0,0.0
2021-01-15 12:00:00+00:00,0.0,0.0,0.0
2021-01-15 13:00:00+00:00,4.293089105438958,0.5612056024545303,0.20998647573683915
2021-01-15 14:00:00+00:00,1.3508207780413581,2.0853097720890323,0.8328417623678551
2021-01-15 15:00:00+00:00,1.6489831970925375,0.8179504510026849,0.9145512332415107
2021-01-15 16:00:00+00:00,15.051915600835638,4.466554789894745,3.4967658011774962
2021-01-15 17:00:00+00:00,10.160230716864918,8.443715733291047,6.827135512605677
2021-01-15 18:00:00+00:00,13.216142783100963,2.0114092815403075,2.018490531199408
2021-01-15 19:00:00+00:00,11.748365748275953,5.550190153721116,1.8286534294798718
2021-01-15 20:00:00+00:00,7.828805477399862,5.6619850917701235,6.22679228074147
2021-01-15 21:00:00+00:00,0.1817476381234666,0.1928343283174719,0.14907875431491782
2021-01-15 22:00:00+00:00,0.0,0.0,0.0
2021-01-15 23:00:00+00:00,0.0,0.0,0.0
2021-01-16 00:00:00+00:00,0.0,0.0,0.0
2021-01-16 01:00:00+00:00,0.0,0.0,0.0
2021-01-16 02:00:00+00:00,0.0,0.0,0.0
2021-01-16 03:00:00+00:00,0.0,0.0,0.0
2021-01-16 04:00:00+00:00,0.0,0.0,0.0
2021-01-16 05:00:00+00:00,0.0,0.0,0.0
2021-01-16 06:00:00+00:00,0.0,0.0,0.0
2021-01-16 07:00:00+00:00,0.0,0.0,0.0
2021-01-16 08:00:00+00:00,0.0,0.0,0.0
2021-01-16 09:00:00+00:00,0.0,0.0,0.0
2021-01-16 10:00:00+00:00,0.0,0.0,0.0
2021-01-16 11:00:00+00:00,0.0,0.0,0.0
2021-01-16 12:00:00+00:00,0.0,0.0,0.0
2021-01-16 13:00:00+00:00,0.016838546081151238,0.2519658905290373,0.10044478088142127
2021-01-16 14:00:00+00:00,0.016882628698606066,0.2359781248266163,0.3793160597126828
2021-01-16 15:00:00+00:00,0.027026300560528682,4.937613317789957,5.921763295188849
2021-01-16 16:00:00+00:00,0.05582622587997882,4.160056502549841,3.190633729758666
2021-01-16 17:00:00+00:00,0.23149522756436097,2.944941655202585,3.475691730198287
2021-01-16 18:00:00+00:00,0.17905293905826772,1.044263533529542,0.8638065044377614
2021-01-16 19:00:00+00:00,0.07260248077780067,5.223249889516103,0.8670159778796592
2021-01-16 20:00:00+00:00,0.14174220645363203,6.732199485191561,10.058589152891603
2021-01-16 21:00:00+00:00,0.052299808378235335,5.989532686973381,2.620543464641613
2021-01-16 22:00:00+00:00,0.0,0.0,0.0
2021-01-16 23:00:00+00:00,0.0,0.0,0.0
2021-01-17 00:00:00+00:00,0.0,0.0,0.0
2021-01-17 01:00:00+00:00,0.0,0.0,0.0
2021-01-17 02:00:00+00:00,0.0,0.0,0.0
2021-01-17 03:00:00+00:00,0.0,0.0,0.0
2021-01-17 04:00:00+00:00,0.0,0.0,0.0
2021-01-17 05:00:00+00:00,0.0,0.0,0.0
2021-01-17 06:00:00+00:00,0.0,0.0,0.0
2021-01-17 07:00:00+00:00,0.0,0.0,0.0
2021-01-17 08:00:00+00:00,0.0,0.0,0.0
2021-01-17 09:00:00+00:00,0.0,0.0,0.0
2021-01-17 10:00:00+00:00,0.0,0.0,0.0
2021-01-17 11:00:00+00:00,0.0,0.0,0.0
2021-01-17 12:00:00+00:00,0.0,0.0,0.0
2021-01-17 13:00:00+00:00,0.32538437378124824,9.13569223729999,7.207353828360701
2021-01-17 14:00:00+00:00,1.1348263428365695,15.934121360469444,12.628404622031777
2021-01-17 15:00:00+00:00,2.332936573815793,21.017017026511674,16.67441359974886
2021-01-17 16:00:00+00:00,0.4088438489795781,24.04283864198563,19.07595364759098
2021-01-17 17:00:00+00:00,0.5875028891358373,24.380070087887106,19.34916088451904
2021-01-17 18:00:00+00:00,2.724161234082282,23.74745874367666,18.88582850711804
2021-01-17 19:00:00+00:00,0.5708459781915257,20.521109450114515,16.424470469280635
2021-01-17 20:00:00+00:00,0.3202232266085582,14.992897047198058,11.57354620666485
2021-01-17 21:00:00+00:00,0.3417924751398559,5.665991901522928,4.979825334622561
2021-01-17 22:00:00+00:00,0.0,0.0,0.0
2021-01-17 23:00:00+00:00,0.0,0.0,0.0
2021-01-18 00:00:00+00:00,0.0,0.0,0.0
2021-01-18 01:00:00+00:00,0.0,0.0,0.0
2021-01-18 02:00:00+00:00,0.0,0.0,0.0
2021-01-18 03:00:00+00:00,0.0,0.0,0.0
2021-01-18 04:00:00+00:00,0.0,0.0,0.0
2021-01-18 05:00:00+00:00,0.0,0.0,0.0
2021-01-18 06:00:00+00:00,0.0,0.0,0.0
2021-01-18 07:00:00+00:00,0.0,0.0,0.0
2021-01-18 08:00:00+00:00,0.0,0.0,0.0
2021-01-18 09:00:00+00:00,0.0,0.0,0.0
2021-01-18 10:00:00+00:00,0.0,0.0,0.0
2021-01-18 11:00:00+00:00,0.0,0.0,0.0
2021-01-18 12:00:00+00:00,0.0,0.0,0.0
2021-01-18 13:00:00+00:00,0.21883907511378822,8.418986264212146,6.938529960729503
2021-01-18 14:00:00+00:00,2.758022963517276,15.724653899452793,12.473940303299718
2021-01-18 15:00:00+00:00,1.3795057811784055,20.734251983592582,16.441497782712432
2021-01-18 16:00:00+00:00,0.6105721270701291,22.551506268872124,17.06575272181518
2021-01-18 17:00:00+00:00,0.3954792259010653,22.057685584742497,18.335797166501354
2021-01-18 18:00:00+00:00,0.23545285757352505,21.003135688606907,17.540005770047983
2021-01-18 19:00:00+00:00,0.291565783349836,1.97247971251827,1.7604347594330407
2021-01-18 20:00:00+00:00,0.23746235181694492,15.20806532358461,12.345120031357006
2021-01-18 21:00:00+00:00,3.3632651422345186,7.391138804778561,5.779039093637464
2021-01-18 22:00:00+00:00,0.0,0.0,0.0
2021-01-18 23:00:00+00:00,0.0,0.0,0.0
2021-01-19 00:00:00+00:00,0.0,0.0,0.0
2021-01-19 01:00:00+00:00,0.0,0.0,0.0
2021-01-19 02:00:00+00:00,0.0,0.0,0.0
2021-01-19 03:00:00+00:00,0.0,0.0,0.0
2021-01-19 04:00:00+00:00,0.0,0.0,0.0
2021-01-19 05:00:00+00:00,0.0,0.0,0.0
2021-01-19 06:00:00+00:00,0.0,0.0,0.0
2021-01-19 07:00:00+00:00,0.0,0.0,0.0
2021-01-19 08:00:00+00:00,0.0,0.0,0.0
2021-01-19 09:00:00+00:00,0.0,0.0,0.0
2021-01-19 10:00:00+00:00,0.0,0.0,0.0
2021-01-19 11:00:00+00:00,0.0,0.0,0.0
2021-01-19 12:00:00+00:00,0.0,0.0,0.0
2021-01-19 13:00:00+00:00,1.301693542715807,0.644827073476691,0.6463438685019975
2021-01-19 14:00:00+00:00,7.638876531108422,1.4697696747868285,1.6969333896999632
2021-01-19 15:00:00+00:00,3.3331472727167197,2.3445148866043177,1.647369011544867
2021-01-19 16:00:00+00:00,2.282733487836476,23.508467252438233,18.605491004593837
2021-01-19 17:00:00+00:00,6.776395931608156,19.872492278618417,17.50963292697001
2021-01-19 18:00:00+00:00,9.048811009192349,6.677092649351907,2.5309576577203834
2021-01-19 19:00:00+00:00,12.676675622285577,0.9145750009761747,0.9153485082330272
2021-01-19 20:00:00+00:00,7.547772194186543,3.578706790843169,2.9007116810551787
2021-01-19 21:00:00+00:00,0.45144146325894746,7.727086870452625,6.180339079186827
2021-01-19 22:00:00+00:00,0.0,0.0,0.0
2021-01-19 23:00:00+00:00,0.0,0.0,0.0
2021-01-20 00:00:00+00:00,0.0,0.0,0.0
2021-01-20 01:00:00+00:00,0.0,0.0,0.0
2021-01-20 02:00:00+00:00,0.0,0.0,0.0
2021-01-20 03:00:00+00:00,0.0,0.0,0.0
2021-01-20 04:00:00+00:00,0.0,0.0,0.0
2021-01-20 05:00:00+00:00,0.0,0.0,0.0
2021-01-20 06:00:00+00:00,0.0,0.0,0.0
2021-01-20 07:00:00+00:00,0.0,0.0,0.0
2021-01-20 08:00:00+00:00,0.0,0.0,0.0
2021-01-20 09:00:00+00:00,0.0,0.0,0.0
2021-01-20 10:00:00+00:00,0.0,0.0,0.0
2021-01-20 11:00:00+00:00,0.0,0.0,0.0
2021-01-20 12:00:00+00:00,0.0,0.0,0.0
2021-01-20 13:00:00+00:00,0.2595726171479824,0.18080322606945903,0.3077176516405385
2021-01-20 14:00:00+00:00,1.471410612138337,0.1431304044484603,0.11138945737680976
2021-01-20 15:00:00+00:00,4.6237885718075304,1.9243552989577377,4.829628063500301
2021-01-20 16:00:00+00:00,10.908175767543108,20.35130918190302,7.932246598606908
2021-01-20 17:00:00+00:00,11.134517422720007,19.079344821900094,12.802018093967385
2021-01-20 18:00:00+00:00,8.345111802191436,15.05221340262638,18.527751905859287
2021-01-20 19:00:00+00:00,13.619239297626446,0.15461045210624222,0.7640186174630256
2021-01-20 20:00:00+00:00,10.404992828233535,0.777428997561099,5.207869328831439
2021-01-20 21:00:00+00:00,2.1723012419063137,0.26319453990880454,0.24734855442992335
2021-01-20 22:00:00+00:00,0.0,0.0,0.0
2021-01-20 23:00:00+00:00,0.0,0.0,0.0
2021-01-21 00:00:00+00:00,0.0,0.0,0.0
2021-01-21 01:00:00+00:00,0.0,0.0,0.0
2021-01-21 02:00:00+00:00,0.0,0.0,0.0
2021-01-21 03:00:00+00:00,0.0,0.0,0.0
2021-01-21 04:00:00+00:00,0.0,0.0,0.0
2021-01-21 05:00:00+00:00,0.0,0.0,0.0
2021-01-21 06:00:00+00:00,0.0,0.0,0.0
2021-01-21 07:00:00+00:00,0.0,0.0,0.0
2021-01-21 08:00:00+00:00,0.0,0.0,0.0
2021-01-21 09:00:00+00:00,0.0,0.0,0.0
2021-01-21 10:00:00+00:00,0.0,0.0,0.0
2021-01-21 11:00:00+00:00,0.0,0.0,0.0
2021-01-21 12:00:00+00:00,0.0,0.0,0.0
2021-01-21 13:00:00+00:00,0.17128907683534594,9.510931264619446,7.535035090604521
2021-01-21 14:00:00+00:00,0.7594063592565294,4.607275739978422,3.6695201242577102
2021-01-21 15:00:00+00:00,0.11314687497964346,2.936272594990263,2.7700966323052
2021-01-21 16:00:00+00:00,0.7529403223597282,2.239378807638549,1.7706441259549077
2021-01-21 17:00:00+00:00,0.5472844888369968,5.204693358967804,3.1206159834033302
2021-01-21 18:00:00+00:00,0.8404837680993242,7.020306859079235,12.127177769541078
2021-01-21 19:00:00+00:00,1.2142599955308453,5.03025422766355,4.481338517617462
2021-01-21 20:00:00+00:00,0.9407976256097748,2.320103271663004,3.4128420542957523
2021-01-21 21:00:00+00:00,0.3156347208019959,7.2361556665221975,6.10068380760033
2021-01-21 22:00:00+00:00,0.0,0.0,0.0
2021-01-21 23:00:00+00:00,0.0,0.0,0.0
2021-01-22 00:00:00+00:00,0.0,0.0,0.0
2021-01-22 01:00:00+00:00,0.0,0.0,0.0
2021-01-22 02:00:00+00:00,0.0,0.0,0.0
2021-01-22 03:00:00+00:00,0.0,0.0,0.0
2021-01-22 04:00:00+00:00,0.0,0.0,0.0
2021-01-22 05:00:00+00:00,0.0,0.0,0.0
2021-01-22 06:00:00+00:00,0.0,0.0,0.0
2021-01-22 07:00:00+00:00,0.0,0.0,0.0
2021-01-22 08:00:00+00:00,0.0,0.0,0.0
2021-01-22 09:00:00+00:00,0.0,0.0,0.0
2021-01-22 10:00:00+00:00,0.0,0.0,0.0
2021-01-22 11:00:00+00:00,0.0,0.0,0.0
2021-01-22 12:00:00+00:00,0.0,0.0,0.0
2021-01-22 13:00:00+00:00,0.11244739784820058,9.263443781548393,7.215356106239228
2021-01-22 14:00:00+00:00,6.963401662054262,16.09430468521484,12.642765686418237
2021-01-22 15:00:00+00:00,2.1636008583362325,20.971320832605713,16.628201052679497
2021-01-22 16:00:00+00:00,2.709353288762823,23.97286978564682,19.047382263520365
2021-01-22 17:00:00+00:00,1.6326882809396701,24.9055807564265,19.86274066892836
2021-01-22 18:00:00+00:00,0.6286953711635941,18.201895805466705,18.119997799707107
2021-01-22 19:00:00+00:00,0.15079305139210408,2.727876016394374,2.042996859792179
2021-01-22 20:00:00+00:00,0.9804121097528699,15.905231868575664,12.650103403085751
2021-01-22 21:00:00+00:00,0.42023739574676866,8.31038373644948,6.656669319169747
2021-01-22 22:00:00+00:00,0.0,0.0,0.0
2021-01-22 23:00:00+00:00,0.0,0.0,0.0
2021-01-23 00:00:00+00:00,0.0,0.0,0.0
2021-01-23 01:00:00+00:00,0.0,0.0,0.0
2021-01-23 02:00:00+00:00,0.0,0.0,0.0
2021-01-23 03:00:00+00:00,0.0,0.0,0.0
2021-01-23 04:00:00+00:00,0.0,0.0,0.0
2021-01-23 05:00:00+00:00,0.0,0.0,0.0
2021-01-23 06:00:00+00:00,0.0,0.0,0.0
2021-01-23 07:00:00+00:00,0.0,0.0,0.0
2021-01-23 08:00:00+00:00,0.0,0.0,0.0
2021-01-23 09:00:00+00:00,0.0,0.0,0.0
2021-01-23 10:00:00+00:00,0.0,0.0,0.0
2021-01-23 11:00:00+00:00,0.0,0.0,0.0
2021-01-23 12:00:00+00:00,0.0,0.0,0.0
2021-01-23 13:00:00+00:00,0.44176868825984594,9.111479907207924,7.079838179250286
2021-01-23 14:00:00+00:00,7.391369637807365,2.428861001380341,4.546380395357476
2021-01-23 15:00:00+00:00,5.569948418139493,20.087114013679603,14.352539285750382
2021-01-23 16:00:00+00:00,13.98604241867197,21.614988212417604,19.094714740085788
2021-01-23 17:00:00+00:00,11.137918643113368,20.92891525728099,19.51925611067584
2021-01-23 18:00:00+00:00,12.550822468321314,24.898206387840006,18.87106980037608
2021-01-23 19:00:00+00:00,13.91908383785998,22.010546816244407,17.52518371309492
2021-01-23 20:00:00+00:00,10.73833788689408,16.850988857587875,13.410148651338524
2021-01-23 21:00:00+00:00,5.873436627945147,9.373460202329056,7.502337327762017
2021-01-23 22:00:00+00:00,0.0,0.0,0.0
2021-01-23 23:00:00+00:00,0.0,0.0,0.0
2021-01-24 00:00:00+00:00,0.0,0.0,0.0
2021-01-24 01:00:00+00:00,0.0,0.0,0.0
2021-01-24 02:00:00+00:00,0.0,0.0,0.0
2021-01-24 03:00:00+00:00,0.0,0.0,0.0
2021-01-24 04:00:00+00:00,0.0,0.0,0.0
2021-01-24 05:00:00+00:00,0.0,0.0,0.0
2021-01-24 06:00:00+00:00,0.0,0.0,0.0
2021-01-24 07:00:00+00:00,0.0,0.0,0.0
2021-01-24 08:00:00+00:00,0.0,0.0,0.0
2021-01-24 09:00:00+00:00,0.0,0.0,0.0
2021-01-24 10:00:00+00:00,0.0,0.0,0.0
2021-01-24 11:00:00+00:00,0.0,0.0,0.0
2021-01-24 12:00:00+00:00,0.0,0.0,0.0
2021-01-24 13:00:00+00:00,5.814667472564438,9.590672676755846,7.587768021185831
2021-01-24 14:00:00+00:00,10.504362660639444,16.748448081413375,13.358832982307977
2021-01-24 15:00:00+00:00,14.110840891616522,22.235134911437182,17.644100316524277
2021-01-24 16:00:00+00:00,16.179120492039882,25.401611169910158,20.174753159292372
2021-01-24 17:00:00+00:00,16.8894420535481,26.419262755368102,20.98543567247538
2021-01-24 18:00:00+00:00,16.250789691545464,25.398147231490864,20.172518065535105
2021-01-24 19:00:00+00:00,14.237578021892862,22.20706105437609,17.65093283987839
2021-01-24 20:00:00+00:00,10.869189875238545,16.69435874609383,13.461740089822266
2021-01-24 21:00:00+00:00,1.9241982120782066,8.791320261406636,7.151781779609289
2021-01-24 22:00:00+00:00,0.0,0.0,0.0
2021-01-24 23:00:00+00:00,0.0,0.0,0.0
2021-01-25 00:00:00+00:00,0.0,0.0,0.0
2021-01-25 01:00:00+00:00,0.0,0.0,0.0
2021-01-25 02:00:00+00:00,0.0,0.0,0.0
2021-01-25 03:00:00+00:00,0.0,0.0,0.0
2021-01-25 04:00:00+00:00,0.0,0.0,0.0
2021-01-25 05:00:00+00:00,0.0,0.0,0.0
2021-01-25 06:00:00+00:00,0.0,0.0,0.0
2021-01-25 07:00:00+00:00,0.0,0.0,0.0
2021-01-25 08:00:00+00:00,0.0,0.0,0.0
2021-01-25 09:00:00+00:00,0.0,0.0,0.0
2021-01-25 10:00:00+00:00,0.0,0.0,0.0
2021-01-25 11:00:00+00:00,0.0,0.0,0.0
2021-01-25 12:00:00+00:00,0.0,0.0,0.0
2021-01-25 13:00:00+00:00,5.52358312702833,9.578908389983438,7.5514091645593595
2021-01-25 14:00:00+00:00,10.37698010575825,16.600661672632206,13.147404158628914
2021-01-25 15:00:00+00:00,13.719266911563665,21.81250497534731,17.28550562262799
2021-01-25 16:00:00+00:00,15.98601705721971,24.741667186295086,19.752200774294018
2021-01-25 17:00:00+00:00,16.678488174765512,25.88207425678822,20.588994608560565
2021-01-25 18:00:00+00:00,15.954115577008634,24.74363656216514,19.788345947556156
2021-01-25 19:00:00+00:00,14.058174499951827,11.196543810171292,9.09058534556025
2021-01-25 20:00:00+00:00,10.765835841355,2.907935155598062,2.028673714043465
2021-01-25 21:00:00+00:00,5.732425235761942,0.8471878543875738,2.4619742245132348
2021-01-25 22:00:00+00:00,0.0,0.0,0.0
2021-01-25 23:00:00+00:00,0.0,0.0,0.0
2021-01-26 00:00:00+00:00,0.0,0.0,0.0
2021-01-26 01:00:00+00:00,0.0,0.0,0.0
2021-01-26 02:00:00+00:00,0.0,0.0,0.0
2021-01-26 03:00:00+00:00,0.0,0.0,0.0
2021-01-26 04:00:00+00:00,0.0,0.0,0.0
2021-01-26 05:00:00+00:00,0.0,0.0,0.0
2021-01-26 06:00:00+00:00,0.0,0.0,0.0
2021-01-26 07:00:00+00:00,0.0,0.0,0.0
2021-01-26 08:00:00+00:00,0.0,0.0,0.0
2021-01-26 09:00:00+00:00,0.0,0.0,0.0
2021-01-26 10:00:00+00:00,0.0,0.0,0.0
2021-01-26 11:00:00+00:00,0.0,0.0,0.0
2021-01-26 12:00:00+00:00,0.0,0.0,0.0
2021-01-26 13:00:00+00:00,5.303020024476437,9.109601682108611,7.162798479868602
2021-01-26 14:00:00+00:00,10.216042265029902,0.5115649016050211,0.7363542010729647
2021-01-26 15:00:00+00:00,13.109283496079847,6.967205297861906,12.38405862601897
2021-01-26 16:00:00+00:00,14.813076477715915,1.3865391530633093,1.8645001093225675
2021-01-26 17:00:00+00:00,15.579894146289014,0.04292529698709871,0.03197895539817326
2021-01-26 18:00:00+00:00,0.282161004419336,0.19042934507990641,0.06184816324965503
2021-01-26 19:00:00+00:00,0.04457809309461415,0.1342773571205107,0.04710175856583893
2021-01-26 20:00:00+00:00,0.02756574017673277,0.05927540672428842,0.06853776369615759
2021-01-26 21:00:00+00:00,0.0051748679137646044,0.016164401215339855,0.01284201541633282
2021-01-26 22:00:00+00:00,0.0,0.0,0.0
2021-01-26 23:00:00+00:00,0.0,0.0,0.0
2021-01-27 00:00:00+00:00,0.0,0.0,0.0
2021-01-27 01:00:00+00:00,0.0,0.0,0.0
2021-01-27 02:00:00+00:00,0.0,0.0,0.0
2021-01-27 03:00:00+00:00,0.0,0.0,0.0
2021-01-27 04:00:00+00:00,0.0,0.0,0.0
2021-01-27 05:00:00+00:00,0.0,0.0,0.0
2021-01-27 06:00:00+00:00,0.0,0.0,0.0
2021-01-27 07:00:00+00:00,0.0,0.0,0.0
2021-01-27 08:00:00+00:00,0.0,0.0,0.0
2021-01-27 09:00:00+00:00,0.0,0.0,0.0
2021-01-27 10:00:00+00:00,0.0,0.0,0.0
2021-01-27 11:00:00+00:00,0.0,0.0,0.0
2021-01-27 12:00:00+00:00,0.0,0.0,0.0
2021-01-27 13:00:00+00:00,0.09453933062884454,0.18896274548438804,0.15209347341277699
2021-01-27 14:00:00+00:00,0.538077919967603,0.529101675705759,0.5139098565466736
2021-01-27 15:00:00+00:00,0.8930522079011416,3.0331443640469273,3.244843589945324
2021-01-27 16:00:00+00:00,3.3243352293995123,5.696057122003119,3.7505199262728603
2021-01-27 17:00:00+00:00,2.1202467147857846,7.155883553603199,7.987414394902247
2021-01-27 18:00:00+00:00,1.787072955123918,3.3044841813035255,4.707335500100161
2021-01-27 19:00:00+00:00,3.8563741001661223,3.474928778229807,2.151546032423746
2021-01-27 20:00:00+00:00,2.2885105468798446,1.3418799954856075,0.9204707298288793
2021-01-27 21:00:00+00:00,0.4132211325165799,0.2658011137054371,0.2919832721786299
2021-01-27 22:00:00+00:00,0.0,0.0,0.0
2021-01-27 23:00:00+00:00,0.0,0.0,0.0
2021-01-28 00:00:00+00:00,0.0,0.0,0.0
2021-01-28 01:00:00+00:00,0.0,0.0,0.0
2021-01-28 02:00:00+00:00,0.0,0.0,0.0
2021-01-28 03:00:00+00:00,0.0,0.0,0.0
2021-01-28 04:00:00+00:00,0.0,0.0,0.0
2021-01-28 05:00:00+00:00,0.0,0.0,0.0
2021-01-28 06:00:00+00:00,0.0,0.0,0.0
2021-01-28 07:00:00+00:00,0.0,0.0,0.0
2021-01-28 08:00:00+00:00,0.0,0.0,0.0
2021-01-28 09:00:00+00:00,0.0,0.0,0.0
2021-01-28 10:00:00+00:00,0.0,0.0,0.0
2021-01-28 11:00:00+00:00,0.0,0.0,0.0
2021-01-28 12:00:00+00:00,0.0,0.0,0.0
2021-01-28 13:00:00+00:00,0.24594012166337667,1.3073853346289992,0.5222251924548835
2021-01-28 14:00:00+00:00,0.3146128185470247,6.223809193047861,1.437707119559744
2021-01-28 15:00:00+00:00,1.306907731698078,11.232569772071384,7.151203264485177
2021-01-28 16:00:00+00:00,5.979993105237413,16.48488065648646,16.465227546450265
2021-01-28 17:00:00+00:00,13.330415490155003,23.627351672443616,17.08700037696967
2021-01-28 18:00:00+00:00,13.473894909636822,23.00746600948047,19.750062930648497
2021-01-28 19:00:00+00:00,5.880625872114423,17.029435257412892,15.890899086797733
2021-01-28 20:00:00+00:00,1.635469407986394,16.368263840802182,13.59859733125503
2021-01-28 21:00:00+00:00,2.431463926304734,9.696815666756978,7.773133233039669
2021-01-28 22:00:00+00:00,0.0,0.0,0.0
2021-01-28 23:00:00+00:00,0.0,0.0,0.0
2021-01-29 00:00:00+00:00,0.0,0.0,0.0
2021-01-29 01:00:00+00:00,0.0,0.0,0.0
2021-01-29 02:00:00+00:00,0.0,0.0,0.0
2021-01-29 03:00:00+00:00,0.0,0.0,0.0
2021-01-29 04:00:00+00:00,0.0,0.0,0.0
2021-01-29 05:00:00+00:00,0.0,0.0,0.0
2021-01-29 06:00:00+00:00,0.0,0.0,0.0
2021-01-29 07:00:00+00:00,0.0,0.0,0.0
2021-01-29 08:00:00+00:00,0.0,0.0,0.0
2021-01-29 09:00:00+00:00,0.0,0.0,0.0
2021-01-29 10:00:00+00:00,0.0,0.0,0.0
2021-01-29 11:00:00+00:00,0.0,0.0,0.0
2021-01-29 12:00:00+00:00,0.0,0.0,0.0
2021-01-29 13:00:00+00:00,3.150830103077662,10.046350081221645,7.954370657741292
2021-01-29 14:00:00+00:00,6.0946466165574416,17.508078289119986,13.32509507962842
2021-01-29 15:00:00+00:00,7.3610697824289035,21.69947056335618,15.195770907041284
2021-01-29 16:00:00+00:00,14.475875505266082,15.791938997136603,12.646996642810297
2021-01-29 17:00:00+00:00,10.736240870856781,10.691220247496236,7.302508289491661
2021-01-29 18:00:00+00:00,11.841250852862313,26.286522288763955,20.855258167966532
2021-01-29 19:00:00+00:00,10.353339155527866,23.250364217004755,18.39694622445124
2021-01-29 20:00:00+00:00,11.30107788594198,17.974856774389004,14.254201171143508
2021-01-29 21:00:00+00:00,2.6451450654158872,10.502431345663798,8.340843540055094
2021-01-29 22:00:00+00:00,0.0,0.0,0.0
2021-01-29 23:00:00+00:00,0.0,0.0,0.0
2021-01-30 00:00:00+00:00,0.0,0.0,0.0
2021-01-30 01:00:00+00:00,0.0,0.0,0.0
2021-01-30 02:00:00+00:00,0.0,0.0,0.0
2021-01-30 03:00:00+00:00,0.0,0.0,0.0
2021-01-30 04:00:00+00:00,0.0,0.0,0.0
2021-01-30 05:00:00+00:00,0.0,0.0,0.0
2021-01-30 06:00:00+00:00,0.0,0.0,0.0
2021-01-30 07:00:00+00:00,0.0,0.0,0.0
2021-01-30 08:00:00+00:00,0.0,0.0,0.0
2021-01-30 09:00:00+00:00,0.0,0.0,0.0
2021-01-30 10:00:00+00:00,0.0,0.0,0.0
2021-01-30 11:00:00+00:00,0.0,0.0,0.0
2021-01-30 12:00:00+00:00,0.0,0.0,0.0
2021-01-30 13:00:00+00:00,6.1690850212521715,10.053704088935556,7.938621102278706
2021-01-30 14:00:00+00:00,7.88182916486497,17.060771947482017,13.782907549920049
2021-01-30 15:00:00+00:00,14.175799132573099,22.63639102465629,17.7008786279504
2021-01-30 16:00:00+00:00,16.036220461166224,25.7828098598126,20.509069893517726
2021-01-30 17:00:00+00:00,11.16108637871627,26.311930927809293,21.22893663214992
2021-01-30 18:00:00+00:00,2.5382601237149616,25.80012779656402,19.96828428989658
2021-01-30 19:00:00+00:00,1.0262819960482037,22.74355205214389,17.96928307701292
2021-01-30 20:00:00+00:00,5.996392292260183,17.61622186776679,13.980615832215049
2021-01-30 21:00:00+00:00,2.195307451608972,10.345446393137777,8.227533335278475
2021-01-30 22:00:00+00:00,0.0,0.0,0.0
2021-01-30 23:00:00+00:00,0.0,0.0,0.0
2021-01-31 00:00:00+00:00,0.0,0.0,0.0
2021-01-31 01:00:00+00:00,0.0,0.0,0.0
2021-01-31 02:00:00+00:00,0.0,0.0,0.0
2021-01-31 03:00:00+00:00,0.0,0.0,0.0
2021-01-31 04:00:00+00:00,0.0,0.0,0.0
2021-01-31 05:00:00+00:00,0.0,0.0,0.0
2021-01-31 06:00:00+00:00,0.0,0.0,0.0
2021-01-31 07:00:00+00:00,0.0,0.0,0.0
2021-01-31 08:00:00+00:00,0.0,0.0,0.0
2021-01-31 09:00:00+00:00,0.0,0.0,0.0
2021-01-31 10:00:00+00:00,0.0,0.0,0.0
2021-01-31 11:00:00+00:00,0.0,0.0,0.0
2021-01-31 12:00:00+00:00,0.0,0.0,0.0
2021-01-31 13:00:00+00:00,1.4279929440553656,3.0043906346541998,2.5473880001514004
2021-01-31 14:00:00+00:00,7.165065980255477,7.3170790617962895,4.017066871658304
2021-01-31 15:00:00+00:00,14.2970252521904,4.007204001361835,2.3451565621959025
2021-01-31 16:00:00+00:00,16.076260332800405,4.086415368843207,5.473083165035287
2021-01-31 17:00:00+00:00,17.450946476700047,1.5822728347796968,1.4237292538820459
2021-01-31 18:00:00+00:00,9.49438142890037,0.9389672549642131,1.2529779629364701
2021-01-31 19:00:00+00:00,2.917279595600603,1.634407426250127,1.3320911715672374
2021-01-31 20:00:00+00:00,4.902116045043256,1.6586391034521146,3.3560359466091523
2021-01-31 21:00:00+00:00,6.512134037237303,0.0714666021506601,0.10270471280622202
2021-01-31 22:00:00+00:00,0.0,0.0,0.0
2021-01-31 23:00:00+00:00,0.0,0.0,0.0
2021-02-01 00:00:00+00:00,0.0,0.0,0.0
2021-02-01 01:00:00+00:00,0.0,0.0,0.0
2021-02-01 02:00:00+00:00,0.0,0.0,0.0
2021-02-01 03:00:00+00:00,0.0,0.0,0.0
2021-02-01 04:00:00+00:00,0.0,0.0,0.0
2021-02-01 05:00:00+00:00,0.0,0.0,0.0
2021-02-01 06:00:00+00:00,0.0,0.0,0.0
2021-02-01 07:00:00+00:00,0.0,0.0,0.0
2021-02-01 08:00:00+00:00,0.0,0.0,0.0
2021-02-01 09:00:00+00:00,0.0,0.0,0.0
2021-02-01 10:00:00+00:00,0.0,0.0,0.0
2021-02-01 11:00:00+00:00,0.0,0.0,0.0
2021-02-01 12:00:00+00:00,0.0,0.0,0.0
2021-02-01 13:00:00+00:00,0.4649727367644444,0.024360424525323193,0.01937527768768728
2021-02-01 14:00:00+00:00,0.17028117523158567,0.021671334976241866,0.012907101947887264
2021-02-01 15:00:00+00:00,0.9052890339368529,0.0270795412928945,0.021494026348128668
2021-02-01 16:00:00+00:00,1.3006382169181716,0.048746119927735886,0.032258558609195506
2021-02-01 17:00:00+00:00,7.018073430459031,0.035180885614527584,0.03009259279454844
2021-02-01 18:00:00+00:00,1.3914886053209838,0.0459952274999235,0.021471942852116517
2021-02-01 19:00:00+00:00,0.6468904602650914,0.0649406465317566,0.04079979984705108
2021-02-01 20:00:00+00:00,0.19664396482389343,0.035129743472608235,0.012867391668302346
2021-02-01 21:00:00+00:00,0.06736436439770557,0.01351524320080006,0.008578223872604953
2021-02-01 22:00:00+00:00,0.0,0.0,0.0
2021-02-01 23:00:00+00:00,0.0,0.0,0.0
2021-02-02 00:00:00+00:00,0.0,0.0,0.0
2021-02-02 01:00:00+00:00,0.0,0.0,0.0
2021-02-02 02:00:00+00:00,0.0,0.0,0.0
2021-02-02 03:00:00+00:00,0.0,0.0,0.0
2021-02-02 04:00:00+00:00,0.0,0.0,0.0
2021-02-02 05:00:00+00:00,0.0,0.0,0.0
2021-02-02 06:00:00+00:00,0.0,0.0,0.0
2021-02-02 07:00:00+00:00,0.0,0.0,0.0
2021-02-02 08:00:00+00:00,0.0,0.0,0.0
2021-02-02 09:00:00+00:00,0.0,0.0,0.0
2021-02-02 10:00:00+00:00,0.0,0.0,0.0
2021-02-02 11:00:00+00:00,0.0,0.0,0.0
2021-02-02 12:00:00+00:00,0.0,0.0,0.0
2021-02-02 13:00:00+00:00,0.08996266322408666,0.05374189725139408,0.03627615560113045
2021-02-02 14:00:00+00:00,0.13127055763952628,0.1559273570446375,0.12166079734344562
2021-02-02 15:00:00+00:00,0.6742507265266984,0.24208455213937244,0.17287299909272724
2021-02-02 16:00:00+00:00,0.19628903013137458,0.3416346233190855,0.1964146137908897
2021-02-02 17:00:00+00:00,1.7005738811821365,0.28001537129210247,0.20290396257536855
2021-02-02 18:00:00+00:00,3.209715156364323,0.30418580311473364,0.15596681992930855
2021-02-02 19:00:00+00:00,2.4021635962776378,0.21812106989335708,0.19439767457985688
2021-02-02 20:00:00+00:00,0.18116995792211144,0.417501289031274,0.16902556831181093
2021-02-02 21:00:00+00:00,0.1433557590620291,0.1915125543994431,0.17328542552928425
2021-02-02 22:00:00+00:00,0.0,0.0,0.0
2021-02-02 23:00:00+00:00,0.0,0.0,0.0
2021-02-03 00:00:00+00:00,0.0,0.0,0.0
2021-02-03 01:00:00+00:00,0.0,0.0,0.0
2021-02-03 02:00:00+00:00,0.0,0.0,0.0
2021-02-03 03:00:00+00:00,0.0,0.0,0.0
2021-02-03 04:00:00+00:00,0.0,0.0,0.0
2021-02-03 05:00:00+00:00,0.0,0.0,0.0
2021-02-03 06:00:00+00:00,0.0,0.0,0.0
2021-02-03 07:00:00+00:00,0.0,0.0,0.0
2021-02-03 08:00:00+00:00,0.0,0.0,0.0
2021-02-03 09:00:00+00:00,0.0,0.0,0.0
2021-02-03 10:00:00+00:00,0.0,0.0,0.0
2021-02-03 11:00:00+00:00,0.0,0.0,0.0
2021-02-03 12:00:00+00:00,0.0,0.0,0.0
2021-02-03 13:00:00+00:00,0.6137199066612836,0.07340755372040089,0.2970819121882848
2021-02-03 14:00:00+00:00,1.5394608383841102,0.8734783887944232,1.1249490827627997
2021-02-03 15:00:00+00:00,1.8185156923361139,3.03614344572835,7.3372554334637075
2021-02-03 16:00:00+00:00,1.47196660679075,3.6950286040151283,5.459325899094878
2021-02-03 17:00:00+00:00,1.8689450120191948,7.272482912068304,9.781814659662608
2021-02-03 18:00:00+00:00,2.380039600429046,3.473695794050056,6.820859188017402
2021-02-03 19:00:00+00:00,3.755077463542915,10.724071756854554,5.776124586022489
2021-02-03 20:00:00+00:00,4.02097552643314,12.313489056716323,2.3431654531612383
2021-02-03 21:00:00+00:00,0.6974270803179828,4.744881651607394,2.6992765291576717
2021-02-03 22:00:00+00:00,0.0,0.0,0.0
2021-02-03 23:00:00+00:00,0.0,0.0,0.0
2021-02-04 00:00:00+00:00,0.0,0.0,0.0
2021-02-04 01:00:00+00:00,0.0,0.0,0.0
2021-02-04 02:00:00+00:00,0.0,0.0,0.0
2021-02-04 03:00:00+00:00,0.0,0.0,0.0
2021-02-04 04:00:00+00:00,0.0,0.0,0.0
2021-02-04 05:00:00+00:00,0.0,0.0,0.0
2021-02-04 06:00:00+00:00,0.0,0.0,0.0
2021-02-04 07:00:00+00:00,0.0,0.0,0.0
2021-02-04 08:00:00+00:00,0.0,0.0,0.0
2021-02-04 09:00:00+00:00,0.0,0.0,0.0
2021-02-04 10:00:00+00:00,0.0,0.0,0.0
2021-02-04 11:00:00+00:00,0.0,0.0,0.0
2021-02-04 12:00:00+00:00,0.0,0.0,0.0
2021-02-04 13:00:00+00:00,3.4623674988376263,8.25910647761516,5.14178528100816
2021-02-04 14:00:00+00:00,10.09486222814013,1.987178041978406,5.546299658120649
2021-02-04 15:00:00+00:00,13.874839178908822,18.329799680878445,15.895851345544445
2021-02-04 16:00:00+00:00,15.843493226149478,25.076179084400795,19.935854137198326
2021-02-04 17:00:00+00:00,16.904351930415046,26.072232711401547,20.698011388768048
2021-02-04 18:00:00+00:00,15.959269028668128,25.229719925730915,20.10525275887407
2021-02-04 19:00:00+00:00,13.790149166745673,22.247553453124404,17.820824766299474
2021-02-04 20:00:00+00:00,11.053763562978586,17.608564486661148,14.034043799626959
2021-02-04 21:00:00+00:00,0.691801355790703,10.550620873825439,8.420179848172136
2021-02-04 22:00:00+00:00,0.0,0.0,0.0
2021-02-04 23:00:00+00:00,0.0,0.0,0.0
2021-02-05 00:00:00+00:00,0.0,0.0,0.0
2021-02-05 01:00:00+00:00,0.0,0.0,0.0
2021-02-05 02:00:00+00:00,0.0,0.0,0.0
2021-02-05 03:00:00+00:00,0.0,0.0,0.0
2021-02-05 04:00:00+00:00,0.0,0.0,0.0
2021-02-05 05:00:00+00:00,0.0,0.0,0.0
2021-02-05 06:00:00+00:00,0.0,0.0,0.0
2021-02-05 07:00:00+00:00,0.0,0.0,0.0
2021-02-05 08:00:00+00:00,0.0,0.0,0.0
2021-02-05 09:00:00+00:00,0.0,0.0,0.0
2021-02-05 10:00:00+00:00,0.0,0.0,0.0
2021-02-05 11:00:00+00:00,0.0,0.0,0.0
2021-02-05 12:00:00+00:00,0.0,0.0,0.0
2021-02-05 13:00:00+00:00,0.01700592757585548,0.29615882220096335,0.15863380911668867
2021-02-05 14:00:00+00:00,0.04416089991241277,1.1271052247767284,0.8126848498398065
2021-02-05 15:00:00+00:00,0.15606547624216446,0.2744888744029661,0.1917583864656447
2021-02-05 16:00:00+00:00,0.13025810718329175,0.13910060708936053,0.5970381576058905
2021-02-05 17:00:00+00:00,2.7834132877907107,1.683155384765032,1.2037494123779806
2021-02-05 18:00:00+00:00,15.013165620557197,6.800176337441734,15.214699789369316
2021-02-05 19:00:00+00:00,3.210086717225518,20.826935617261114,16.72452569376694
2021-02-05 20:00:00+00:00,8.953125223907621,2.4159554805564127,2.5611492568854937
2021-02-05 21:00:00+00:00,5.689423002518683,0.721027446925191,2.5408438834006377
2021-02-05 22:00:00+00:00,0.0,0.066603879188928,0.06972978209973982
2021-02-05 23:00:00+00:00,0.0,0.0,0.0
2021-02-06 00:00:00+00:00,0.0,0.0,0.0
2021-02-06 01:00:00+00:00,0.0,0.0,0.0
2021-02-06 02:00:00+00:00,0.0,0.0,0.0
2021-02-06 03:00:00+00:00,0.0,0.0,0.0
2021-02-06 04:00:00+00:00,0.0,0.0,0.0
2021-02-06 05:00:00+00:00,0.0,0.0,0.0
2021-02-06 06:00:00+00:00,0.0,0.0,0.0
2021-02-06 07:00:00+00:00,0.0,0.0,0.0
2021-02-06 08:00:00+00:00,0.0,0.0,0.0
2021-02-06 09:00:00+00:00,0.0,0.0,0.0
2021-02-06 10:00:00+00:00,0.0,0.0,0.0
2021-02-06 11:00:00+00:00,0.0,0.0,0.0
2021-02-06 12:00:00+00:00,0.0,0.0,0.0
2021-02-06 13:00:00+00:00,0.5248616016700113,8.315030327127408,8.0521206394438
2021-02-06 14:00:00+00:00,0.24718462589425455,16.73458484837623,13.542011065444338
2021-02-06 15:00:00+00:00,0.1380544475781387,21.909536359877407,17.637804905946442
2021-02-06 16:00:00+00:00,4.492998151385167,24.97927949422727,20.157752626756704
2021-02-06 17:00:00+00:00,5.908652137443291,26.07054073293658,21.09541530443701
2021-02-06 18:00:00+00:00,14.693187334617171,25.13380365330364,20.34441175951272
2021-02-06 19:00:00+00:00,2.0501077613578,22.174224381642464,17.966057428688778
2021-02-06 20:00:00+00:00,5.794328709838607,17.177137199770943,13.977351641476218
2021-02-06 21:00:00+00:00,6.453688585462632,10.560898307111941,8.65570572318423
2021-02-06 22:00:00+00:00,0.022142672332857567,0.2604880121465254,0.2161865122320757
2021-02-06 23:00:00+00:00,0.0,0.0,0.0
2021-02-07 00:00:00+00:00,0.0,0.0,0.0
2021-02-07 01:00:00+00:00,0.0,0.0,0.0
2021-02-07 02:00:00+00:00,0.0,0.0,0.0
2021-02-07 03:00:00+00:00,0.0,0.0,0.0
2021-02-07 04:00:00+00:00,0.0,0.0,0.0
2021-02-07 05:00:00+00:00,0.0,0.0,0.0
2021-02-07 06:00:00+00:00,0.0,0.0,0.0
2021-02-07 07:00:00+00:00,0.0,0.0,0.0
2021-02-07 08:00:00+00:00,0.0,0.0,0.0
2021-02-07 09:00:00+00:00,0.0,0.0,0.0
2021-02-07 10:00:00+00:00,0.0,0.0,0.0
2021-02-07 11:00:00+00:00,0.0,0.0,0.0
2021-02-07 12:00:00+00:00,0.0,0.0,0.0
2021-02-07 13:00:00+00:00,0.1967586538423262,0.07264109524726303,0.06447239288585807
2021-02-07 14:00:00+00:00,0.3306008382705393,0.1338350679615325,0.10252167937768518
2021-02-07 15:00:00+00:00,0.23758983497707845,0.07223738548291556,0.05315255569625433
2021-02-07 16:00:00+00:00,0.3699515412533325,0.06736764454047137,0.0685179171306302
2021-02-07 17:00:00+00:00,0.3607716220488044,0.03508692370984436,0.03643416620662936
2021-02-07 18:00:00+00:00,0.8909932013778125,0.04324764541963634,0.051533738175028924
2021-02-07 19:00:00+00:00,0.9723046006572009,0.14070336657627663,0.14837024688059608
2021-02-07 20:00:00+00:00,1.3414249384166923,0.032480319418996435,0.0666486881696071
2021-02-07 21:00:00+00:00,0.29350728299260526,0.03252679265292352,0.03446909204569643
2021-02-07 22:00:00+00:00,0.0,0.0027119349338471216,0.004308006716184117
2021-02-07 23:00:00+00:00,0.0,0.0,0.0
2021-02-08 00:00:00+00:00,0.0,0.0,0.0
2021-02-08 01:00:00+00:00,0.0,0.0,0.0
2021-02-08 02:00:00+00:00,0.0,0.0,0.0
2021-02-08 03:00:00+00:00,0.0,0.0,0.0
2021-02-08 04:00:00+00:00,0.0,0.0,0.0
2021-02-08 05:00:00+00:00,0.0,0.0,0.0
2021-02-08 06:00:00+00:00,0.0,0.0,0.0
2021-02-08 07:00:00+00:00,0.0,0.0,0.0
2021-02-08 08:00:00+00:00,0.0,0.0,0.0
2021-02-08 09:00:00+00:00,0.0,0.0,0.0
2021-02-08 10:00:00+00:00,0.0,0.0,0.0
2021-02-08 11:00:00+00:00,0.0,0.0,0.0
2021-02-08 12:00:00+00:00,0.0,0.027822311193371526,0.022107711506803216
2021-02-08 13:00:00+00:00,6.276886723895213,4.042106864584794,8.303819122801608
2021-02-08 14:00:00+00:00,5.936303569810336,17.485168562066036,14.076520959228239
2021-02-08 15:00:00+00:00,14.413273483291581,22.002200387339315,18.37278440290964
2021-02-08 16:00:00+00:00,16.539052011090305,25.493555171209383,21.006188453235705
2021-02-08 17:00:00+00:00,17.29516927283013,27.08221582848506,21.878612072520152
2021-02-08 18:00:00+00:00,16.67722950495491,25.756226628442622,20.988450256932957
2021-02-08 19:00:00+00:00,14.84452204129022,22.82823672781625,18.639660979357775
2021-02-08 20:00:00+00:00,11.300950639869317,17.981329417009164,14.573661534284723
2021-02-08 21:00:00+00:00,6.893339054354408,10.605539140572038,8.72377989111281
2021-02-08 22:00:00+00:00,0.1942860122070772,0.36373978012518926,0.30123476958426637
2021-02-08 23:00:00+00:00,0.0,0.0,0.0
2021-02-09 00:00:00+00:00,0.0,0.0,0.0
2021-02-09 01:00:00+00:00,0.0,0.0,0.0
2021-02-09 02:00:00+00:00,0.0,0.0,0.0
2021-02-09 03:00:00+00:00,0.0,0.0,0.0
2021-02-09 04:00:00+00:00,0.0,0.0,0.0
2021-02-09 05:00:00+00:00,0.0,0.0,0.0
2021-02-09 06:00:00+00:00,0.0,0.0,0.0
2021-02-09 07:00:00+00:00,0.0,0.0,0.0
2021-02-09 08:00:00+00:00,0.0,0.0,0.0
2021-02-09 09:00:00+00:00,0.0,0.0,0.0
2021-02-09 10:00:00+00:00,0.0,0.0,0.0
2021-02-09 11:00:00+00:00,0.0,0.0,0.0
2021-02-09 12:00:00+00:00,0.0,0.027643014919564616,0.022150818624396384
2021-02-09 13:00:00+00:00,0.036654815861697165,0.26895397061730114,0.1489989068093494
2021-02-09 14:00:00+00:00,0.12374295823554357,7.86272374131564,5.051456702191172
2021-02-09 15:00:00+00:00,0.053945878766596934,1.8114522664085648,3.650665470846663
2021-02-09 16:00:00+00:00,0.06424081830825336,0.3500958957564626,0.2174951194237433
2021-02-09 17:00:00+00:00,0.08859738475459027,0.0969741023302954,0.1218197509990142
2021-02-09 18:00:00+00:00,0.21010693769540817,0.09167068535264522,0.11116292862833985
2021-02-09 19:00:00+00:00,0.11962321762318989,0.08093850741756942,0.11540144407455073
2021-02-09 20:00:00+00:00,0.09021785825878982,0.12384929574557246,0.08333136225544756
2021-02-09 21:00:00+00:00,0.2961270019108589,0.06734922333059028,0.05993914166416884
2021-02-09 22:00:00+00:00,0.18582679014002643,0.005411445672567233,0.006460394571502309
2021-02-09 23:00:00+00:00,0.0,0.0,0.0
2021-02-10 00:00:00+00:00,0.0,0.0,0.0
2021-02-10 01:00:00+00:00,0.0,0.0,0.0
2021-02-10 02:00:00+00:00,0.0,0.0,0.0
2021-02-10 03:00:00+00:00,0.0,0.0,0.0
2021-02-10 04:00:00+00:00,0.0,0.0,0.0
2021-02-10 05:00:00+00:00,0.0,0.0,0.0
2021-02-10 06:00:00+00:00,0.0,0.0,0.0
2021-02-10 07:00:00+00:00,0.0,0.0,0.0
2021-02-10 08:00:00+00:00,0.0,0.0,0.0
2021-02-10 09:00:00+00:00,0.0,0.0,0.0
2021-02-10 10:00:00+00:00,0.0,0.0,0.0
2021-02-10 11:00:00+00:00,0.0,0.0,0.0
2021-02-10 12:00:00+00:00,0.0,0.07998567852658447,0.0681514785284119
2021-02-10 13:00:00+00:00,2.241168619069097,5.234156291454401,3.4821947220384093
2021-02-10 14:00:00+00:00,2.9921104933391196,13.657950763574593,12.140889434046512
2021-02-10 15:00:00+00:00,11.652339550459335,3.087504535987405,3.9040977451534435
2021-02-10 16:00:00+00:00,15.903626429799788,23.065661276000046,18.568895500202874
2021-02-10 17:00:00+00:00,15.294617734194162,22.239077266457294,21.617474529986367
2021-02-10 18:00:00+00:00,3.0536130394188254,25.693054705435788,20.82353578442462
2021-02-10 19:00:00+00:00,7.244863390279694,21.961604475375385,18.302592209812936
2021-02-10 20:00:00+00:00,11.099359362623368,17.062980532066504,14.18419183914809
2021-02-10 21:00:00+00:00,3.3745741843420243,4.3035706603175905,4.237615736805619
2021-02-10 22:00:00+00:00,0.2714051412361948,0.4565676016543371,0.39575460445550015
2021-02-10 23:00:00+00:00,0.0,0.0,0.0
2021-02-11 00:00:00+00:00,0.0,0.0,0.0
2021-02-11 01:00:00+00:00,0.0,0.0,0.0
2021-02-11 02:00:00+00:00,0.0,0.0,0.0
2021-02-11 03:00:00+00:00,0.0,0.0,0.0
2021-02-11 04:00:00+00:00,0.0,0.0,0.0
2021-02-11 05:00:00+00:00,0.0,0.0,0.0
2021-02-11 06:00:00+00:00,0.0,0.0,0.0
2021-02-11 07:00:00+00:00,0.0,0.0,0.0
2021-02-11 08:00:00+00:00,0.0,0.0,0.0
2021-02-11 09:00:00+00:00,0.0,0.0,0.0
2021-02-11 10:00:00+00:00,0.0,0.0,0.0
2021-02-11 11:00:00+00:00,0.0,0.0,0.0
2021-02-11 12:00:00+00:00,0.0,0.027356859867787114,0.021762822412563863
2021-02-11 13:00:00+00:00,1.2978981731254546,0.5580502227435641,0.5382526901293472
2021-02-11 14:00:00+00:00,3.764185655894949,1.7948667762529418,3.8188018053133814
2021-02-11 15:00:00+00:00,1.5975610045940283,11.24216971395878,9.7816844584518
2021-02-11 16:00:00+00:00,6.666659115280855,13.634908232219946,14.081289258378982
2021-02-11 17:00:00+00:00,7.716539563217524,20.261396659079995,19.37137545160059
2021-02-11 18:00:00+00:00,13.874488009039526,23.096613644042833,18.43246700841584
2021-02-11 19:00:00+00:00,1.8152741805966117,18.267142927670836,17.03998325884593
2021-02-11 20:00:00+00:00,0.8608912579552982,8.578062240925519,13.19453128072955
2021-02-11 21:00:00+00:00,4.266221556893886,8.801406310708508,7.084778239504554
2021-02-11 22:00:00+00:00,0.33010819973839983,0.40041228235849513,0.36548259796910054
2021-02-11 23:00:00+00:00,0.0,0.0,0.0
2021-02-12 00:00:00+00:00,0.0,0.0,0.0
2021-02-12 01:00:00+00:00,0.0,0.0,0.0
2021-02-12 02:00:00+00:00,0.0,0.0,0.0
2021-02-12 03:00:00+00:00,0.0,0.0,0.0
2021-02-12 04:00:00+00:00,0.0,0.0,0.0
2021-02-12 05:00:00+00:00,0.0,0.0,0.0
2021-02-12 06:00:00+00:00,0.0,0.0,0.0
2021-02-12 07:00:00+00:00,0.0,0.0,0.0
2021-02-12 08:00:00+00:00,0.0,0.0,0.0
2021-02-12 09:00:00+00:00,0.0,0.0,0.0
2021-02-12 10:00:00+00:00,0.0,0.0,0.0
2021-02-12 11:00:00+00:00,0.0,0.0,0.0
2021-02-12 12:00:00+00:00,0.0,0.23705586179932256,0.17446179550294982
2021-02-12 13:00:00+00:00,6.561542439654551,10.748611951603923,8.530789365140636
2021-02-12 14:00:00+00:00,10.350549371953006,17.998890547054767,14.339898487298699
2021-02-12 15:00:00+00:00,14.695042228141855,9.530865564583817,18.57378002798107
2021-02-12 16:00:00+00:00,17.003005714467466,10.396104967650965,21.05128325212781
2021-02-12 17:00:00+00:00,15.352450182961173,27.519526360733614,21.939983550914054
2021-02-12 18:00:00+00:00,9.123221834228097,26.590519591773145,21.09603712827158
2021-02-12 19:00:00+00:00,0.9751451425198617,21.325417813911102,18.550963783748934
2021-02-12 20:00:00+00:00,0.8784594864268421,18.594729213399308,14.825509857065875
2021-02-12 21:00:00+00:00,0.3517194374296203,2.8251772393430077,3.888990983115552
2021-02-12 22:00:00+00:00,0.11285953954931503,0.2611862694806001,0.3136879232413488
2021-02-12 23:00:00+00:00,0.0,0.0,0.0
2021-02-13 00:00:00+00:00,0.0,0.0,0.0
2021-02-13 01:00:00+00:00,0.0,0.0,0.0
2021-02-13 02:00:00+00:00,0.0,0.0,0.0
2021-02-13 03:00:00+00:00,0.0,0.0,0.0
2021-02-13 04:00:00+00:00,0.0,0.0,0.0
2021-02-13 05:00:00+00:00,0.0,0.0,0.0
2021-02-13 06:00:00+00:00,0.0,0.0,0.0
2021-02-13 07:00:00+00:00,0.0,0.0,0.0
2021-02-13 08:00:00+00:00,0.0,0.0,0.0
2021-02-13 09:00:00+00:00,0.0,0.0,0.0
2021-02-13 10:00:00+00:00,0.0,0.0,0.0
2021-02-13 11:00:00+00:00,0.0,0.0,0.0
2021-02-13 12:00:00+00:00,0.0,0.25518210376171496,0.1899564364605015
2021-02-13 13:00:00+00:00,5.704960515759783,3.9470372879685467,6.611597708694697
2021-02-13 14:00:00+00:00,11.11632296157195,7.557891200631051,5.317095939619052
2021-02-13 15:00:00+00:00,2.994730908983853,17.44890593132797,16.112601543917247
2021-02-13 16:00:00+00:00,16.58962365723481,13.57165989251571,11.011133640671698
2021-02-13 17:00:00+00:00,17.235391296972104,11.816820081386409,9.851499750098116
2021-02-13 18:00:00+00:00,15.410217615756707,19.496285897479968,14.596849753098587
2021-02-13 19:00:00+00:00,11.524425072569908,0.9330206948866716,2.7847126098353963
2021-02-13 20:00:00+00:00,11.753871819292375,0.1528552892526365,0.22481071444614767
2021-02-13 21:00:00+00:00,5.157536719565583,0.141690515871988,0.49398598845846614
2021-02-13 22:00:00+00:00,0.41871450723481535,0.02183706507405324,0.017301599910824018
2021-02-13 23:00:00+00:00,0.0,0.0,0.0
2021-02-14 00:00:00+00:00,0.0,0.0,0.0
2021-02-14 01:00:00+00:00,0.0,0.0,0.0
2021-02-14 02:00:00+00:00,0.0,0.0,0.0
2021-02-14 03:00:00+00:00,0.0,0.0,0.0
2021-02-14 04:00:00+00:00,0.0,0.0,0.0
2021-02-14 05:00:00+00:00,0.0,0.0,0.0
2021-02-14 06:00:00+00:00,0.0,0.0,0.0
2021-02-14 07:00:00+00:00,0.0,0.0,0.0
2021-02-14 08:00:00+00:00,0.0,0.0,0.0
2021-02-14 09:00:00+00:00,0.0,0.0,0.0
2021-02-14 10:00:00+00:00,0.0,0.0,0.0
2021-02-14 11:00:00+00:00,0.0,0.0,0.0
2021-02-14 12:00:00+00:00,0.017494831614497004,0.018995014272297887,0.021567250571747895
2021-02-14 13:00:00+00:00,3.66171315996322,0.15165053597225106,0.2925663791741094
2021-02-14 14:00:00+00:00,0.785496319565969,0.4784725759812263,0.8717306882395648
2021-02-14 15:00:00+00:00,1.5354785247177054,3.6355133510739672,2.8742673236857508
2021-02-14 16:00:00+00:00,2.4536165245953536,2.031211065970111,2.319839182034974
2021-02-14 17:00:00+00:00,3.0452062768415766,2.623019371290214,2.569795960271414
2021-02-14 18:00:00+00:00,7.052278663569571,4.168528209807803,2.9778167397032873
2021-02-14 19:00:00+00:00,3.0465703371253423,5.291985215250732,3.098667165136408
2021-02-14 20:00:00+00:00,1.7208426979283347,10.774468893192353,9.337814648345738
2021-02-14 21:00:00+00:00,1.5307341157242298,3.7416554256602237,6.035174209961382
2021-02-14 22:00:00+00:00,0.3973843920530496,0.4350181052831053,0.19444963760330072
2021-02-14 23:00:00+00:00,0.0,0.0,0.0
2021-02-15 00:00:00+00:00,0.0,0.0,0.0
2021-02-15 01:00:00+00:00,0.0,0.0,0.0
2021-02-15 02:00:00+00:00,0.0,0.0,0.0
2021-02-15 03:00:00+00:00,0.0,0.0,0.0
2021-02-15 04:00:00+00:00,0.0,0.0,0.0
2021-02-15 05:00:00+00:00,0.0,0.0,0.0
2021-02-15 06:00:00+00:00,0.0,0.0,0.0
2021-02-15 07:00:00+00:00,0.0,0.0,0.0
2021-02-15 08:00:00+00:00,0.0,0.0,0.0
2021-02-15 09:00:00+00:00,0.0,0.0,0.0
2021-02-15 10:00:00+00:00,0.0,0.0,0.0
2021-02-15 11:00:00+00:00,0.0,0.0,0.0
2021-02-15 12:00:00+00:00,0.04352460447253129,0.026979027306463312,0.03858660641965306
2021-02-15 13:00:00+00:00,0.7921907718103103,0.17819957637094305,0.38737694832494424
2021-02-15 14:00:00+00:00,1.007036343413951,0.9275867657247239,1.2851458673842062
2021-02-15 15:00:00+00:00,2.8950542379552338,0.8897731419425691,2.418487297922901
2021-02-15 16:00:00+00:00,2.063964530075296,3.2880955185009846,3.373665605066707
2021-02-15 17:00:00+00:00,1.8184637424960903,8.282937039048658,4.744812971748655
2021-02-15 18:00:00+00:00,0.23431390707159,1.2460760136634552,5.361718715589506
2021-02-15 19:00:00+00:00,0.3743754620018488,1.3246996569157452,8.034967246091059
2021-02-15 20:00:00+00:00,2.0733925340117336,4.104088349988781,2.626697954070301
2021-02-15 21:00:00+00:00,5.6386939014823865,1.0054604175108142,0.8436767245064265
2021-02-15 22:00:00+00:00,0.33864761598274373,0.08092308898873271,0.060060058331796534
2021-02-15 23:00:00+00:00,0.0,0.0,0.0
2021-02-16 00:00:00+00:00,0.0,0.0,0.0
2021-02-16 01:00:00+00:00,0.0,0.0,0.0
2021-02-16 02:00:00+00:00,0.0,0.0,0.0
2021-02-16 03:00:00+00:00,0.0,0.0,0.0
2021-02-16 04:00:00+00:00,0.0,0.0,0.0
2021-02-16 05:00:00+00:00,0.0,0.0,0.0
2021-02-16 06:00:00+00:00,0.0,0.0,0.0
2021-02-16 07:00:00+00:00,0.0,0.0,0.0
2021-02-16 08:00:00+00:00,0.0,0.0,0.0
2021-02-16 09:00:00+00:00,0.0,0.0,0.0
2021-02-16 10:00:00+00:00,0.0,0.0,0.0
2021-02-16 11:00:00+00:00,0.0,0.0,0.0
2021-02-16 12:00:00+00:00,0.001711447075842731,0.002606252201339294,0.004174458965251716
2021-02-16 13:00:00+00:00,0.017092337166374545,0.0259780962889639,0.03933230628397817
2021-02-16 14:00:00+00:00,0.05457205831479226,0.05681956532319829,0.05369189494127371
2021-02-16 15:00:00+00:00,0.34844847638706283,0.3144805925704708,0.49619347096810495
2021-02-16 16:00:00+00:00,2.414530641982022,17.258562908910182,11.902461179817589
2021-02-16 17:00:00+00:00,3.389075765064988,2.321171449909349,1.5079424764745888
2021-02-16 18:00:00+00:00,5.195483255298348,0.8365512876707816,1.3421318320475801
2021-02-16 19:00:00+00:00,2.295877402976278,1.704720863804871,3.4648792045520467
2021-02-16 20:00:00+00:00,1.425090158785482,14.465838694669754,13.049441997871915
2021-02-16 21:00:00+00:00,0.027057343296723713,7.659022754847789,5.726731235829476
2021-02-16 22:00:00+00:00,0.006779290189248137,1.4595762401479095,1.1598659802918785
2021-02-16 23:00:00+00:00,0.0,0.0,0.0
2021-02-17 00:00:00+00:00,0.0,0.0,0.0
2021-02-17 01:00:00+00:00,0.0,0.0,0.0
2021-02-17 02:00:00+00:00,0.0,0.0,0.0
2021-02-17 03:00:00+00:00,0.0,0.0,0.0
2021-02-17 04:00:00+00:00,0.0,0.0,0.0
2021-02-17 05:00:00+00:00,0.0,0.0,0.0
2021-02-17 06:00:00+00:00,0.0,0.0,0.0
2021-02-17 07:00:00+00:00,0.0,0.0,0.0
2021-02-17 08:00:00+00:00,0.0,0.0,0.0
2021-02-17 09:00:00+00:00,0.0,0.0,0.0
2021-02-17 10:00:00+00:00,0.0,0.0,0.0
2021-02-17 11:00:00+00:00,0.0,0.0,0.0
2021-02-17 12:00:00+00:00,0.14064167186618798,0.5481017602603248,0.3092623076940299
2021-02-17 13:00:00+00:00,3.2346809282971343,5.908557436467896,8.112634648209283
2021-02-17 14:00:00+00:00,11.447387901927094,15.777200532030948,13.82754395174754
2021-02-17 15:00:00+00:00,14.922782710769049,22.115438530521725,18.12420512819474
2021-02-17 16:00:00+00:00,17.015791496074623,8.310740323320003,11.171721685436347
2021-02-17 17:00:00+00:00,17.783171872870003,16.827268474728807,21.864262816567688
2021-02-17 18:00:00+00:00,17.146087178344207,26.405981378248107,20.872783424633493
2021-02-17 19:00:00+00:00,15.299921551942013,18.290707235178814,17.949335651027567
2021-02-17 20:00:00+00:00,8.126320879839426,14.160505389363529,11.926934751521827
2021-02-17 21:00:00+00:00,7.717266060895627,11.600959345026183,8.947394251947424
2021-02-17 22:00:00+00:00,1.2766623596647746,0.6494734375534986,0.335431502624534
2021-02-17 23:00:00+00:00,0.0,0.0,0.0
2021-02-18 00:00:00+00:00,0.0,0.0,0.0
2021-02-18 01:00:00+00:00,0.0,0.0,0.0
2021-02-18 02:00:00+00:00,0.0,0.0,0.0
2021-02-18 03:00:00+00:00,0.0,0.0,0.0
2021-02-18 04:00:00+00:00,0.0,0.0,0.0
2021-02-18 05:00:00+00:00,0.0,0.0,0.0
2021-02-18 06:00:00+00:00,0.0,0.0,0.0
2021-02-18 07:00:00+00:00,0.0,0.0,0.0
2021-02-18 08:00:00+00:00,0.0,0.0,0.0
2021-02-18 09:00:00+00:00,0.0,0.0,0.0
2021-02-18 10:00:00+00:00,0.0,0.0,0.0
2021-02-18 11:00:00+00:00,0.0,0.0,0.0
2021-02-18 12:00:00+00:00,0.017390364641237343,0.01087911520805429,0.008642940519891633
2021-02-18 13:00:00+00:00,1.0007501767833158,0.05988646193455978,0.08434607865241331
2021-02-18 14:00:00+00:00,4.429063785168533,0.07892727753709884,0.04115071248158266
2021-02-18 15:00:00+00:00,10.038188561507182,0.1149330492788957,0.09995540833945482
2021-02-18 16:00:00+00:00,5.1680100439729255,0.07650452811829177,0.05632443939601561
2021-02-18 17:00:00+00:00,1.421412170721855,0.16923398335113057,0.03688063676261028
2021-02-18 18:00:00+00:00,0.8195063870353475,0.035565196107445095,0.22589069076536128
2021-02-18 19:00:00+00:00,0.9642906840944181,0.03554794253734128,0.01952583535145613
2021-02-18 20:00:00+00:00,0.9913674579763858,0.1091622211486985,0.10394350973948067
2021-02-18 21:00:00+00:00,0.7806343882022456,0.4089015650425801,0.18640509380003178
2021-02-18 22:00:00+00:00,0.18963662464280057,0.008194895144866847,0.006506026810155887
2021-02-18 23:00:00+00:00,0.0,0.0,0.0
2021-02-19 00:00:00+00:00,0.0,0.0,0.0
2021-02-19 01:00:00+00:00,0.0,0.0,0.0
2021-02-19 02:00:00+00:00,0.0,0.0,0.0
2021-02-19 03:00:00+00:00,0.0,0.0,0.0
2021-02-19 04:00:00+00:00,0.0,0.0,0.0
2021-02-19 05:00:00+00:00,0.0,0.0,0.0
2021-02-19 06:00:00+00:00,0.0,0.0,0.0
2021-02-19 07:00:00+00:00,0.0,0.0,0.0
2021-02-19 08:00:00+00:00,0.0,0.0,0.0
2021-02-19 09:00:00+00:00,0.0,0.0,0.0
2021-02-19 10:00:00+00:00,0.0,0.0,0.0
2021-02-19 11:00:00+00:00,0.0,0.0,0.0
2021-02-19 12:00:00+00:00,0.008710182189590607,0.016257683610411088,0.015051475926996993
2021-02-19 13:00:00+00:00,0.040010936338142705,0.065085363616623,0.07959732802245567
2021-02-19 14:00:00+00:00,0.0694703572408557,0.3572989557511715,0.3200731429253702
2021-02-19 15:00:00+00:00,0.24908420784974863,0.46001556565672586,0.22791498757800524
2021-02-19 16:00:00+00:00,0.19968274769217018,0.3004812553418789,0.19552311022337873
2021-02-19 17:00:00+00:00,0.19086820660537293,0.06497875670901443,0.051587738896381845
2021-02-19 18:00:00+00:00,0.269511249708248,0.07581313106578086,0.07952896552621291
2021-02-19 19:00:00+00:00,0.6034845691154407,0.2514809391892613,0.24892014242892274
2021-02-19 20:00:00+00:00,1.459464928053413,0.1486838099862874,0.19296352842429282
2021-02-19 21:00:00+00:00,0.9238757590722254,0.10004027356932602,0.06012336594152489
2021-02-19 22:00:00+00:00,0.39916618969584716,0.029756362010381444,0.017181659280369074
2021-02-19 23:00:00+00:00,0.0,0.0,0.0
2021-02-20 00:00:00+00:00,0.0,0.0,0.0
2021-02-20 01:00:00+00:00,0.0,0.0,0.0
2021-02-20 02:00:00+00:00,0.0,0.0,0.0
2021-02-20 03:00:00+00:00,0.0,0.0,0.0
2021-02-20 04:00:00+00:00,0.0,0.0,0.0
2021-02-20 05:00:00+00:00,0.0,0.0,0.0
2021-02-20 06:00:00+00:00,0.0,0.0,0.0
2021-02-20 07:00:00+00:00,0.0,0.0,0.0
2021-02-20 08:00:00+00:00,0.0,0.0,0.0
2021-02-20 09:00:00+00:00,0.0,0.0,0.0
2021-02-20 10:00:00+00:00,0.0,0.0,0.0
2021-02-20 11:00:00+00:00,0.0,0.0,0.0
2021-02-20 12:00:00+00:00,0.2638155787949021,1.2284761791405199,0.8177651558942074
2021-02-20 13:00:00+00:00,6.687399720004795,5.189180860709422,5.1469759838301625
2021-02-20 14:00:00+00:00,11.210527074738595,1.8571333616311723,2.221137516651619
2021-02-20 15:00:00+00:00,14.420628766372644,21.708598389253165,18.408972228825835
2021-02-20 16:00:00+00:00,16.080138760569987,23.912385713725843,18.834288625779823
2021-02-20 17:00:00+00:00,13.815269572632628,2.8802614944794978,4.376483145041498
2021-02-20 18:00:00+00:00,4.689408024951693,13.74930724299815,4.627159253514635
2021-02-20 19:00:00+00:00,1.3468254214039164,2.6090914830695655,15.877590583090067
2021-02-20 20:00:00+00:00,1.1326399669809164,18.66792022098468,15.093372178677683
2021-02-20 21:00:00+00:00,4.242112072601544,11.020025697519403,9.106175184109624
2021-02-20 22:00:00+00:00,0.42933403416364435,1.2758052325145786,0.31768375013171873
2021-02-20 23:00:00+00:00,0.0,0.0,0.0
2021-02-21 00:00:00+00:00,0.0,0.0,0.0
2021-02-21 01:00:00+00:00,0.0,0.0,0.0
2021-02-21 02:00:00+00:00,0.0,0.0,0.0
2021-02-21 03:00:00+00:00,0.0,0.0,0.0
2021-02-21 04:00:00+00:00,0.0,0.0,0.0
2021-02-21 05:00:00+00:00,0.0,0.0,0.0
2021-02-21 06:00:00+00:00,0.0,0.0,0.0
2021-02-21 07:00:00+00:00,0.0,0.0,0.0
2021-02-21 08:00:00+00:00,0.0,0.0,0.0
2021-02-21 09:00:00+00:00,0.0,0.0,0.0
2021-02-21 10:00:00+00:00,0.0,0.0,0.0
2021-02-21 11:00:00+00:00,0.0,0.0,0.0
2021-02-21 12:00:00+00:00,0.335215900463722,1.8679190909096242,1.4125092486620112
2021-02-21 13:00:00+00:00,6.792635925815113,11.259852553307354,8.92350142372858
2021-02-21 14:00:00+00:00,11.410132472158855,18.27544509281473,14.53211423738206
2021-02-21 15:00:00+00:00,14.756456440354034,23.476969481383826,18.689913454321207
2021-02-21 16:00:00+00:00,16.840603506889376,26.694095428398626,21.164366408219195
2021-02-21 17:00:00+00:00,17.60276880499599,27.797149737357252,22.029121457242567
2021-02-21 18:00:00+00:00,16.784002312975456,26.867792240384397,21.2585272993441
2021-02-21 19:00:00+00:00,14.66342605131867,23.862565535342682,18.95172104409937
2021-02-21 20:00:00+00:00,11.323097842391679,19.013164572914764,15.133218726147724
2021-02-21 21:00:00+00:00,5.297093341707608,12.229353508976313,9.746267717858617
2021-02-21 22:00:00+00:00,1.776919178687445,2.816539347579512,2.2825070713599445
2021-02-21 23:00:00+00:00,0.0,0.0,0.0
2021-02-22 00:00:00+00:00,0.0,0.0,0.0
2021-02-22 01:00:00+00:00,0.0,0.0,0.0
2021-02-22 02:00:00+00:00,0.0,0.0,0.0
2021-02-22 03:00:00+00:00,0.0,0.0,0.0
2021-02-22 04:00:00+00:00,0.0,0.0,0.0
2021-02-22 05:00:00+00:00,0.0,0.0,0.0
2021-02-22 06:00:00+00:00,0.0,0.0,0.0
2021-02-22 07:00:00+00:00,0.0,0.0,0.0
2021-02-22 08:00:00+00:00,0.0,0.0,0.0
2021-02-22 09:00:00+00:00,0.0,0.0,0.0
2021-02-22 10:00:00+00:00,0.0,0.0,0.0
2021-02-22 11:00:00+00:00,0.0,0.0,0.0
2021-02-22 12:00:00+00:00,0.017286779735417333,0.04880767025962764,0.060571170748418876
2021-02-22 13:00:00+00:00,0.1617911350031379,5.049643124898523,3.934291846152662
2021-02-22 14:00:00+00:00,0.8119952600998275,5.022939566955909,11.191097096328571
2021-02-22 15:00:00+00:00,0.1625169217106367,0.42153557762043287,0.533006047905112
2021-02-22 16:00:00+00:00,0.24405274061653953,0.5294309631163666,0.3595098690633071
2021-02-22 17:00:00+00:00,0.0937991774629649,0.15944489137854614,0.08671777466983402
2021-02-22 18:00:00+00:00,0.09552142111414558,0.12219631078676142,0.08460000567922576
2021-02-22 19:00:00+00:00,0.04603461631039956,0.10120561461850898,0.09723540471387455
2021-02-22 20:00:00+00:00,0.028976774943255883,0.29894976262097767,0.07160220894659354
2021-02-22 21:00:00+00:00,0.017031579229065855,0.07657501174328281,0.04411983862655679
2021-02-22 22:00:00+00:00,0.025547145244050242,0.005282666067617348,0.004206751791036955
2021-02-22 23:00:00+00:00,0.0,0.0,0.0
2021-02-23 00:00:00+00:00,0.0,0.0,0.0
2021-02-23 01:00:00+00:00,0.0,0.0,0.0
2021-02-23 02:00:00+00:00,0.0,0.0,0.0
2021-02-23 03:00:00+00:00,0.0,0.0,0.0
2021-02-23 04:00:00+00:00,0.0,0.0,0.0
2021-02-23 05:00:00+00:00,0.0,0.0,0.0
2021-02-23 06:00:00+00:00,0.0,0.0,0.0
2021-02-23 07:00:00+00:00,0.0,0.0,0.0
2021-02-23 08:00:00+00:00,0.0,0.0,0.0
2021-02-23 09:00:00+00:00,0.0,0.0,0.0
2021-02-23 10:00:00+00:00,0.0,0.0,0.0
2021-02-23 11:00:00+00:00,0.0,0.0,0.0
2021-02-23 12:00:00+00:00,0.20546875313792565,1.9343248856377002,1.4881094281846177
2021-02-23 13:00:00+00:00,0.8810153066532516,1.5537640427838397,4.501002466859639
2021-02-23 14:00:00+00:00,3.168707670597841,17.556128130747272,13.917576931390164
2021-02-23 15:00:00+00:00,10.302309789795878,22.236646459636525,17.641667801293764
2021-02-23 16:00:00+00:00,2.8260678159976114,24.98783849766316,19.579400596162504
2021-02-23 17:00:00+00:00,4.722817175417618,1.1878653473156018,1.6735584409228803
2021-02-23 18:00:00+00:00,0.5487328250408501,1.7803547724439521,1.1596074114792647
2021-02-23 19:00:00+00:00,0.454714955797271,0.26941424569305344,0.28791759176501375
2021-02-23 20:00:00+00:00,0.4493165733114778,0.4731020912603166,0.3351908266919048
2021-02-23 21:00:00+00:00,0.21333827261910285,0.7036396344760466,1.0120317429213501
2021-02-23 22:00:00+00:00,0.028835613681490232,0.11731033349127455,0.09296395680605332
2021-02-23 23:00:00+00:00,0.0,0.0,0.0
2021-02-24 00:00:00+00:00,0.0,0.0,0.0
2021-02-24 01:00:00+00:00,0.0,0.0,0.0
2021-02-24 02:00:00+00:00,0.0,0.0,0.0
2021-02-24 03:00:00+00:00,0.0,0.0,0.0
2021-02-24 04:00:00+00:00,0.0,0.0,0.0
2021-02-24 05:00:00+00:00,0.0,0.0,0.0
2021-02-24 06:00:00+00:00,0.0,0.0,0.0
2021-02-24 07:00:00+00:00,0.0,0.0,0.0
2021-02-24 08:00:00+00:00,0.0,0.0,0.0
2021-02-24 09:00:00+00:00,0.0,0.0,0.0
2021-02-24 10:00:00+00:00,0.0,0.0,0.0
2021-02-24 11:00:00+00:00,0.0,0.0,0.0
2021-02-24 12:00:00+00:00,0.7260758840495709,2.2901717555788617,1.7685898020800177
2021-02-24 13:00:00+00:00,0.9148337767297062,10.529455503194997,8.08851003629577
2021-02-24 14:00:00+00:00,10.848642749347237,17.460361179690125,13.863764663342815
2021-02-24 15:00:00+00:00,14.028197140788455,22.171381412553995,17.59417535259251
2021-02-24 16:00:00+00:00,15.237771747130425,24.859292161615663,19.787970483111483
2021-02-24 17:00:00+00:00,1.1010194759441168,25.75629171985492,20.518713769958772
2021-02-24 18:00:00+00:00,1.198127237589172,24.743553968879326,19.63390431168314
2021-02-24 19:00:00+00:00,12.427263766356884,22.015239534452785,17.087727848069598
2021-02-24 20:00:00+00:00,11.085674596742916,17.674748411187526,14.076806302207109
2021-02-24 21:00:00+00:00,3.573334745526079,11.234626527928361,8.938454129499926
2021-02-24 22:00:00+00:00,1.2127688027058288,2.762616554083866,2.220678687626742
2021-02-24 23:00:00+00:00,0.0,0.0,0.0
2021-02-25 00:00:00+00:00,0.0,0.0,0.0
2021-02-25 01:00:00+00:00,0.0,0.0,0.0
2021-02-25 02:00:00+00:00,0.0,0.0,0.0
2021-02-25 03:00:00+00:00,0.0,0.0,0.0
2021-02-25 04:00:00+00:00,0.0,0.0,0.0
2021-02-25 05:00:00+00:00,0.0,0.0,0.0
2021-02-25 06:00:00+00:00,0.0,0.0,0.0
2021-02-25 07:00:00+00:00,0.0,0.0,0.0
2021-02-25 08:00:00+00:00,0.0,0.0,0.0
2021-02-25 09:00:00+00:00,0.0,0.0,0.0
2021-02-25 10:00:00+00:00,0.0,0.0,0.0
2021-02-25 11:00:00+00:00,0.0,0.0,0.0
2021-02-25 12:00:00+00:00,1.1037312328109858,2.6152274274623557,2.0272915527472124
2021-02-25 13:00:00+00:00,6.841139552974432,11.23592925806689,8.89404238146981
2021-02-25 14:00:00+00:00,11.271959244327048,18.04869996911352,14.311954499259937
2021-02-25 15:00:00+00:00,14.522710987482101,22.92127518015589,18.227998368420124
2021-02-25 16:00:00+00:00,16.38560994644112,26.007653838758554,20.68287970800548
2021-02-25 17:00:00+00:00,17.16199969631139,26.906153351766346,21.404904432716506
2021-02-25 18:00:00+00:00,16.625224860457877,25.803988148415893,20.57179377125298
2021-02-25 19:00:00+00:00,14.918237961951958,23.151340458735763,18.451467310107464
2021-02-25 20:00:00+00:00,12.036289077768526,18.519428884718845,14.754590421044087
2021-02-25 21:00:00+00:00,7.80958093442445,12.05978528125977,9.613887529384876
2021-02-25 22:00:00+00:00,2.1011880023790166,3.3250994004459478,2.6766762604109715
2021-02-25 23:00:00+00:00,0.0,0.0,0.0
2021-02-26 00:00:00+00:00,0.0,0.0,0.0
2021-02-26 01:00:00+00:00,0.0,0.0,0.0
2021-02-26 02:00:00+00:00,0.0,0.0,0.0
2021-02-26 03:00:00+00:00,0.0,0.0,0.0
2021-02-26 04:00:00+00:00,0.0,0.0,0.0
2021-02-26 05:00:00+00:00,0.0,0.0,0.0
2021-02-26 06:00:00+00:00,0.0,0.0,0.0
2021-02-26 07:00:00+00:00,0.0,0.0,0.0
2021-02-26 08:00:00+00:00,0.0,0.0,0.0
2021-02-26 09:00:00+00:00,0.0,0.0,0.0
2021-02-26 10:00:00+00:00,0.0,0.0,0.0
2021-02-26 11:00:00+00:00,0.0,0.0,0.0
2021-02-26 12:00:00+00:00,0.538522407229249,2.8878593235527625,2.2548842845389463
2021-02-26 13:00:00+00:00,6.543520126206117,11.566488902629926,9.15151789702721
2021-02-26 14:00:00+00:00,10.455621105311067,18.28329496434079,14.502283824738868
2021-02-26 15:00:00+00:00,9.634279009859695,23.109499713426434,18.39168245141426
2021-02-26 16:00:00+00:00,16.12144433437845,26.16216308964037,20.875791797824313
2021-02-26 17:00:00+00:00,14.517647831136609,27.084951296055443,21.622089642208227
2021-02-26 18:00:00+00:00,16.518344223208775,26.046186211297307,20.853807873128986
2021-02-26 19:00:00+00:00,14.184409173395162,21.9479798252321,18.496479989342724
2021-02-26 20:00:00+00:00,9.36347035555868,17.7936590975274,13.469202481982213
2021-02-26 21:00:00+00:00,6.763285380298123,12.0472807374979,7.310790594400116
2021-02-26 22:00:00+00:00,2.2101659407441407,3.408845829477458,2.6732026761884233
2021-02-26 23:00:00+00:00,0.0,0.0,0.0
2021-02-27 00:00:00+00:00,0.0,0.0,0.0
2021-02-27 01:00:00+00:00,0.0,0.0,0.0
2021-02-27 02:00:00+00:00,0.0,0.0,0.0
2021-02-27 03:00:00+00:00,0.0,0.0,0.0
2021-02-27 04:00:00+00:00,0.0,0.0,0.0
2021-02-27 05:00:00+00:00,0.0,0.0,0.0
2021-02-27 06:00:00+00:00,0.0,0.0,0.0
2021-02-27 07:00:00+00:00,0.0,0.0,0.0
2021-02-27 08:00:00+00:00,0.0,0.0,0.0
2021-02-27 09:00:00+00:00,0.0,0.0,0.0
2021-02-27 10:00:00+00:00,0.0,0.0,0.0
2021-02-27 11:00:00+00:00,0.0,0.0,0.0
2021-02-27 12:00:00+00:00,0.01697755236253999,0.02657627939269983,0.02114840605961885
2021-02-27 13:00:00+00:00,0.105222206471109,0.061083466924145284,0.05278499957963064
2021-02-27 14:00:00+00:00,0.16790484675903147,0.240824934874079,0.13670035701531374
2021-02-27 15:00:00+00:00,0.16383067334155924,0.09221844670313273,0.043935225053749576
2021-02-27 16:00:00+00:00,0.06240135911483838,0.028909497601652054,0.03546947552555175
2021-02-27 17:00:00+00:00,0.1647105816443037,0.04972688997486421,0.0374024318206361
2021-02-27 18:00:00+00:00,0.12368630933389169,0.06260259310100912,0.062095167179919954
2021-02-27 19:00:00+00:00,0.05679910502498034,0.1510611135770675,0.20242073635094307
2021-02-27 20:00:00+00:00,0.16028377192758833,0.2790828517506483,0.3306032841478314
2021-02-27 21:00:00+00:00,0.791049186164543,0.9448317129172039,1.513024226380718
2021-02-27 22:00:00+00:00,0.06999209283085667,1.0509845647341634,1.7723630547301523
2021-02-27 23:00:00+00:00,0.0,0.0,0.0
2021-02-28 00:00:00+00:00,0.0,0.0,0.0
2021-02-28 01:00:00+00:00,0.0,0.0,0.0
2021-02-28 02:00:00+00:00,0.0,0.0,0.0
2021-02-28 03:00:00+00:00,0.0,0.0,0.0
2021-02-28 04:00:00+00:00,0.0,0.0,0.0
2021-02-28 05:00:00+00:00,0.0,0.0,0.0
2021-02-28 06:00:00+00:00,0.0,0.0,0.0
2021-02-28 07:00:00+00:00,0.0,0.0,0.0
2021-02-28 08:00:00+00:00,0.0,0.0,0.0
2021-02-28 09:00:00+00:00,0.0,0.0,0.0
2021-02-28 10:00:00+00:00,0.0,0.0,0.0
2021-02-28 11:00:00+00:00,0.0,0.0,0.0
2021-02-28 12:00:00+00:00,0.3074053192678881,1.051231896148109,0.6840432194238648
2021-02-28 13:00:00+00:00,1.830467400436294,3.202503214499748,3.8661062857496105
2021-02-28 14:00:00+00:00,6.411117581698572,0.674025518829473,0.6686089397865489
2021-02-28 15:00:00+00:00,11.743022273731386,0.9657634272700538,0.469033879087726
2021-02-28 16:00:00+00:00,9.915312818455712,2.361853118451604,0.33435311170667753
2021-02-28 17:00:00+00:00,6.074612476731857,0.9163784271018264,0.5412534376437642
2021-02-28 18:00:00+00:00,7.365321131843877,1.2648045300140491,0.559663335690217
2021-02-28 19:00:00+00:00,1.8451366280894173,0.17946423702379138,0.09464052659274882
2021-02-28 20:00:00+00:00,0.1893175741789817,1.171544087738857,0.4614983522381176
2021-02-28 21:00:00+00:00,0.11466537842928932,0.10596594722810726,0.12383732824771572
2021-02-28 22:00:00+00:00,0.021633460837624838,0.023930297642760036,0.04429479900594973
2021-02-28 23:00:00+00:00,0.0,0.0,0.0
2021-03-01 00:00:00+00:00,0.0,0.0,0.0
2021-03-01 01:00:00+00:00,0.0,0.0,0.0
2021-03-01 02:00:00+00:00,0.0,0.0,0.0
2021-03-01 03:00:00+00:00,0.0,0.0,0.0
2021-03-01 04:00:00+00:00,0.0,0.0,0.0
2021-03-01 05:00:00+00:00,0.0,0.0,0.0
2021-03-01 06:00:00+00:00,0.0,0.0,0.0
2021-03-01 07:00:00+00:00,0.0,0.0,0.0
2021-03-01 08:00:00+00:00,0.0,0.0,0.0
2021-03-01 09:00:00+00:00,0.0,0.0,0.0
2021-03-01 10:00:00+00:00,0.0,0.0,0.0
2021-03-01 11:00:00+00:00,0.0,0.0,0.0
2021-03-01 12:00:00+00:00,0.04026867303736276,0.023853087518776413,0.01687265419993126
2021-03-01 13:00:00+00:00,0.041924942152147246,0.09258332700370574,0.06945063546833205
2021-03-01 14:00:00+00:00,0.018470782930432573,0.3004100859345008,0.29330332575939566
2021-03-01 15:00:00+00:00,1.1316957195772015,0.9159603532254206,0.9074331747740773
2021-03-01 16:00:00+00:00,0.14562033108223177,4.0301694297691855,1.9622607596735073
2021-03-01 17:00:00+00:00,0.29764150740678197,0.2751623795805314,0.12123976324908155
2021-03-01 18:00:00+00:00,0.3198068707113618,0.16328414345218614,0.19652892824756443
2021-03-01 19:00:00+00:00,8.620529081216889,5.194847936697088,3.2398583188376
2021-03-01 20:00:00+00:00,11.353183729913969,10.707249615430039,2.0441633066533913
2021-03-01 21:00:00+00:00,6.45195351738606,0.3710111531805091,0.7866432230860015
2021-03-01 22:00:00+00:00,2.5570936348298896,0.7162857685119002,0.8490957834486095
2021-03-01 23:00:00+00:00,0.0,0.0,0.0
2021-03-02 00:00:00+00:00,0.0,0.0,0.0
2021-03-02 01:00:00+00:00,0.0,0.0,0.0
2021-03-02 02:00:00+00:00,0.0,0.0,0.0
2021-03-02 03:00:00+00:00,0.0,0.0,0.0
2021-03-02 04:00:00+00:00,0.0,0.0,0.0
2021-03-02 05:00:00+00:00,0.0,0.0,0.0
2021-03-02 06:00:00+00:00,0.0,0.0,0.0
2021-03-02 07:00:00+00:00,0.0,0.0,0.0
2021-03-02 08:00:00+00:00,0.0,0.0,0.0
2021-03-02 09:00:00+00:00,0.0,0.0,0.0
2021-03-02 10:00:00+00:00,0.0,0.0,0.0
2021-03-02 11:00:00+00:00,0.0,0.0,0.0
2021-03-02 12:00:00+00:00,1.237605049635238,3.9509233512226993,3.090534971247655
2021-03-02 13:00:00+00:00,7.727769262089672,12.542349489881454,9.967107682277263
2021-03-02 14:00:00+00:00,12.385791284918039,19.565937959056438,15.509615152823413
2021-03-02 15:00:00+00:00,15.800782909993234,24.665153937321765,19.602503009899515
2021-03-02 16:00:00+00:00,17.791021031129304,27.795417416913487,22.103649459723595
2021-03-02 17:00:00+00:00,18.5747813386024,28.734179789033075,22.895871988595257
2021-03-02 18:00:00+00:00,17.86346953856327,27.750105399766277,22.10601624396378
2021-03-02 19:00:00+00:00,15.972821970230347,24.38339981614064,19.616590736073963
2021-03-02 20:00:00+00:00,12.798131332691433,19.78677774748081,15.751914642229464
2021-03-02 21:00:00+00:00,8.430606705357851,12.933627952130665,10.313278420762686
2021-03-02 22:00:00+00:00,2.797052187285511,4.2584901788457925,3.395453596615025
2021-03-02 23:00:00+00:00,0.0,0.0,0.0
2021-03-03 00:00:00+00:00,0.0,0.0,0.0
2021-03-03 01:00:00+00:00,0.0,0.0,0.0
2021-03-03 02:00:00+00:00,0.0,0.0,0.0
2021-03-03 03:00:00+00:00,0.0,0.0,0.0
2021-03-03 04:00:00+00:00,0.0,0.0,0.0
2021-03-03 05:00:00+00:00,0.0,0.0,0.0
2021-03-03 06:00:00+00:00,0.0,0.0,0.0
2021-03-03 07:00:00+00:00,0.0,0.0,0.0
2021-03-03 08:00:00+00:00,0.0,0.0,0.0
2021-03-03 09:00:00+00:00,0.0,0.0,0.0
2021-03-03 10:00:00+00:00,0.0,0.0,0.0
2021-03-03 11:00:00+00:00,0.0,0.0,0.0
2021-03-03 12:00:00+00:00,1.6859299840770807,3.41429793619892,2.6990547784774104
2021-03-03 13:00:00+00:00,2.7316851936931315,11.658025851298335,9.28784229836095
2021-03-03 14:00:00+00:00,2.263431658816094,18.26548516953704,14.452210418133362
2021-03-03 15:00:00+00:00,3.524481899224561,22.928300004091284,18.175773730451574
2021-03-03 16:00:00+00:00,6.229969361317746,25.675272739152465,20.3970318787887
2021-03-03 17:00:00+00:00,4.0109365515947175,26.397251969221234,21.00230729717178
2021-03-03 18:00:00+00:00,16.09004619844131,25.449995889239812,20.264979056515255
2021-03-03 19:00:00+00:00,11.946400295972055,22.667072246556607,18.065538372783287
2021-03-03 20:00:00+00:00,5.594921731958146,17.92301353934395,14.26182019012729
2021-03-03 21:00:00+00:00,2.668317982711277,11.48322723559692,9.136816934109387
2021-03-03 22:00:00+00:00,0.8430020773316623,3.6224012585429204,2.9033146932130736
2021-03-03 23:00:00+00:00,0.0,0.0,0.0
2021-03-04 00:00:00+00:00,0.0,0.0,0.0
2021-03-04 01:00:00+00:00,0.0,0.0,0.0
2021-03-04 02:00:00+00:00,0.0,0.0,0.0
2021-03-04 03:00:00+00:00,0.0,0.0,0.0
2021-03-04 04:00:00+00:00,0.0,0.0,0.0
2021-03-04 05:00:00+00:00,0.0,0.0,0.0
2021-03-04 06:00:00+00:00,0.0,0.0,0.0
2021-03-04 07:00:00+00:00,0.0,0.0,0.0
2021-03-04 08:00:00+00:00,0.0,0.0,0.0
2021-03-04 09:00:00+00:00,0.0,0.0,0.0
2021-03-04 10:00:00+00:00,0.0,0.0,0.0
2021-03-04 11:00:00+00:00,0.0,0.0,0.0
2021-03-04 12:00:00+00:00,0.13248875187446996,3.0626767834892097,2.758802649869762
2021-03-04 13:00:00+00:00,5.654580936687082,11.568001929032157,9.124749502100434
2021-03-04 14:00:00+00:00,9.533791818782287,18.015234461617062,8.434884879074417
2021-03-04 15:00:00+00:00,14.078546561795507,14.192810990834644,12.916862166380769
2021-03-04 16:00:00+00:00,13.472155240224,18.590969155565848,15.11951570127871
2021-03-04 17:00:00+00:00,17.661015812172298,15.448107515697748,19.848787462589527
2021-03-04 18:00:00+00:00,17.254825368402884,24.464167031577507,20.42311222206071
2021-03-04 19:00:00+00:00,15.506472925817212,18.769455214675595,16.39808378867196
2021-03-04 20:00:00+00:00,12.526639995511896,18.656753338620245,13.25822226852532
2021-03-04 21:00:00+00:00,8.392944024999462,10.967116250250816,8.791062634166348
2021-03-04 22:00:00+00:00,2.9850766193223626,4.123235826341905,3.312556480011839
2021-03-04 23:00:00+00:00,0.0,0.0,0.0
2021-03-05 00:00:00+00:00,0.0,0.0,0.0
2021-03-05 01:00:00+00:00,0.0,0.0,0.0
2021-03-05 02:00:00+00:00,0.0,0.0,0.0
2021-03-05 03:00:00+00:00,0.0,0.0,0.0
2021-03-05 04:00:00+00:00,0.0,0.0,0.0
2021-03-05 05:00:00+00:00,0.0,0.0,0.0
2021-03-05 06:00:00+00:00,0.0,0.0,0.0
2021-03-05 07:00:00+00:00,0.0,0.0,0.0
2021-03-05 08:00:00+00:00,0.0,0.0,0.0
2021-03-05 09:00:00+00:00,0.0,0.0,0.0
2021-03-05 10:00:00+00:00,0.0,0.0,0.0
2021-03-05 11:00:00+00:00,0.0,0.0,0.0
2021-03-05 12:00:00+00:00,0.9448434705907666,4.06023085568124,3.1978064689165477
2021-03-05 13:00:00+00:00,7.854973002537582,3.820394631599222,2.3920260812415157
2021-03-05 14:00:00+00:00,12.207255964583204,19.214454522903736,14.770511660367125
2021-03-05 15:00:00+00:00,9.45296908808432,24.37742823906527,19.309482014274852
2021-03-05 16:00:00+00:00,12.344615078654451,27.48057327987776,21.861110746691466
2021-03-05 17:00:00+00:00,13.387909628319958,28.469369251642313,22.63316547676402
2021-03-05 18:00:00+00:00,17.79846245652061,27.410906017756584,21.795288799334212
2021-03-05 19:00:00+00:00,15.882373114720721,24.456465330954067,19.435575146301463
2021-03-05 20:00:00+00:00,12.739086170210738,19.664176558010226,15.650492878796204
2021-03-05 21:00:00+00:00,8.442691479428971,13.028925811861566,10.377628146765943
2021-03-05 22:00:00+00:00,2.373256519742301,4.604414925690148,3.672777169110592
2021-03-05 23:00:00+00:00,0.0,0.0,0.0
2021-03-06 00:00:00+00:00,0.0,0.0,0.0
2021-03-06 01:00:00+00:00,0.0,0.0,0.0
2021-03-06 02:00:00+00:00,0.0,0.0,0.0
2021-03-06 03:00:00+00:00,0.0,0.0,0.0
2021-03-06 04:00:00+00:00,0.0,0.0,0.0
2021-03-06 05:00:00+00:00,0.0,0.0,0.0
2021-03-06 06:00:00+00:00,0.0,0.0,0.0
2021-03-06 07:00:00+00:00,0.0,0.0,0.0
2021-03-06 08:00:00+00:00,0.0,0.0,0.0
2021-03-06 09:00:00+00:00,0.0,0.0,0.0
2021-03-06 10:00:00+00:00,0.0,0.0,0.0
2021-03-06 11:00:00+00:00,0.0,0.0,0.0
2021-03-06 12:00:00+00:00,2.2707447129302936,3.597240193121775,1.7699326119558163
2021-03-06 13:00:00+00:00,6.799072216081272,11.96457232728372,8.97225811916909
2021-03-06 14:00:00+00:00,10.069328985823121,14.96993285726059,13.982272546672558
2021-03-06 15:00:00+00:00,15.424739664460347,13.67399271863577,11.175342242462998
2021-03-06 16:00:00+00:00,16.774850555252875,3.397469120642808,3.073229358398516
2021-03-06 17:00:00+00:00,5.822911870371567,4.976194366277935,4.071198194386337
2021-03-06 18:00:00+00:00,1.5809262682719238,23.22353048686541,13.576161920104033
2021-03-06 19:00:00+00:00,1.0293344374627658,16.14580590310024,18.61615656342103
2021-03-06 20:00:00+00:00,1.54610594542142,12.03877173862186,9.137824403988638
2021-03-06 21:00:00+00:00,0.9321431949300663,5.448968005966273,1.6715707563159397
2021-03-06 22:00:00+00:00,0.6706223953134832,1.341490491664455,0.5871621852600879
2021-03-06 23:00:00+00:00,0.0,0.0,0.0
2021-03-07 00:00:00+00:00,0.0,0.0,0.0
2021-03-07 01:00:00+00:00,0.0,0.0,0.0
2021-03-07 02:00:00+00:00,0.0,0.0,0.0
2021-03-07 03:00:00+00:00,0.0,0.0,0.0
2021-03-07 04:00:00+00:00,0.0,0.0,0.0
2021-03-07 05:00:00+00:00,0.0,0.0,0.0
2021-03-07 06:00:00+00:00,0.0,0.0,0.0
2021-03-07 07:00:00+00:00,0.0,0.0,0.0
2021-03-07 08:00:00+00:00,0.0,0.0,0.0
2021-03-07 09:00:00+00:00,0.0,0.0,0.0
2021-03-07 10:00:00+00:00,0.0,0.0,0.0
2021-03-07 11:00:00+00:00,0.0,0.0,0.0
2021-03-07 12:00:00+00:00,2.3822758753652153,4.264195088964246,3.3576500098601927
2021-03-07 13:00:00+00:00,5.321517309724148,2.908196129844929,4.1654055326950665
2021-03-07 14:00:00+00:00,11.665865301997416,18.946553639761117,13.934703808742938
2021-03-07 15:00:00+00:00,14.393679339014001,23.930742731614348,18.937048648295402
2021-03-07 16:00:00+00:00,14.331352301296729,26.711155287883187,21.360021111571676
2021-03-07 17:00:00+00:00,17.446527050456957,27.078928427767412,21.038528513835384
2021-03-07 18:00:00+00:00,16.27591596150208,26.839188525499083,21.05154462196625
2021-03-07 19:00:00+00:00,15.432511942447949,24.017854839873934,19.055269773949583
2021-03-07 20:00:00+00:00,11.054472475205126,19.16734466587047,15.216570655216268
2021-03-07 21:00:00+00:00,7.559736957442317,12.409006540485565,9.879310958470297
2021-03-07 22:00:00+00:00,1.7491327551157616,4.377536478977604,3.4871772869338433
2021-03-07 23:00:00+00:00,0.0,0.0,0.0
2021-03-08 00:00:00+00:00,0.0,0.0,0.0
2021-03-08 01:00:00+00:00,0.0,0.0,0.0
2021-03-08 02:00:00+00:00,0.0,0.0,0.0
2021-03-08 03:00:00+00:00,0.0,0.0,0.0
2021-03-08 04:00:00+00:00,0.0,0.0,0.0
2021-03-08 05:00:00+00:00,0.0,0.0,0.0
2021-03-08 06:00:00+00:00,0.0,0.0,0.0
2021-03-08 07:00:00+00:00,0.0,0.0,0.0
2021-03-08 08:00:00+00:00,0.0,0.0,0.0
2021-03-08 09:00:00+00:00,0.0,0.0,0.0
2021-03-08 10:00:00+00:00,0.0,0.0,0.0
2021-03-08 11:00:00+00:00,0.0,0.0,0.0
2021-03-08 12:00:00+00:00,2.6383488539700695,4.732241757209639,3.6913165297928288
2021-03-08 13:00:00+00:00,8.007144097734086,12.930442298494237,10.21012895215786
2021-03-08 14:00:00+00:00,12.333141298922914,19.59722088244917,15.549250303955
2021-03-08 15:00:00+00:00,15.529349682932699,24.53752415018828,19.50859053618038
2021-03-08 16:00:00+00:00,17.45148891965148,27.57859279336257,21.93130465492192
2021-03-08 17:00:00+00:00,18.089802891459122,28.461532748946993,22.59510178212966
2021-03-08 18:00:00+00:00,16.976504057002497,27.28423980377722,21.707125059451034
2021-03-08 19:00:00+00:00,15.245140127429044,24.230116563690455,19.27795491667537
2021-03-08 20:00:00+00:00,12.032985355905032,19.37443651030628,15.41124692634859
2021-03-08 21:00:00+00:00,8.071637041536796,12.748324891911114,10.131558032780433
2021-03-08 22:00:00+00:00,2.924510974278914,4.532541662407996,3.609285311645049
2021-03-08 23:00:00+00:00,0.0,0.0,0.0
2021-03-09 00:00:00+00:00,0.0,0.0,0.0
2021-03-09 01:00:00+00:00,0.0,0.0,0.0
2021-03-09 02:00:00+00:00,0.0,0.0,0.0
2021-03-09 03:00:00+00:00,0.0,0.0,0.0
2021-03-09 04:00:00+00:00,0.0,0.0,0.0
2021-03-09 05:00:00+00:00,0.0,0.0,0.0
2021-03-09 06:00:00+00:00,0.0,0.0,0.0
2021-03-09 07:00:00+00:00,0.0,0.0,0.0
2021-03-09 08:00:00+00:00,0.0,0.0,0.0
2021-03-09 09:00:00+00:00,0.0,0.0,0.0
2021-03-09 10:00:00+00:00,0.0,0.0,0.0
2021-03-09 11:00:00+00:00,0.0,0.0,0.0
2021-03-09 12:00:00+00:00,1.7410531088688637,0.16494627559804267,0.3251310489256976
2021-03-09 13:00:00+00:00,7.18416336947446,10.831716767896197,8.564199765264993
2021-03-09 14:00:00+00:00,10.468906385217206,16.175223209316652,11.989772477504001
2021-03-09 15:00:00+00:00,14.34803842208099,22.010326455097147,17.508655806700563
2021-03-09 16:00:00+00:00,5.8671750572173185,24.77077740244459,19.781383724644073
2021-03-09 17:00:00+00:00,16.834392339821523,25.775260859340207,20.565139946791547
2021-03-09 18:00:00+00:00,16.298496708309266,24.747925914095255,19.62422968252772
2021-03-09 19:00:00+00:00,14.661848915975833,21.83375363501135,17.575682310565213
2021-03-09 20:00:00+00:00,11.637468048205404,17.718624271336697,14.112141940516809
2021-03-09 21:00:00+00:00,7.694673953489288,11.34400611212166,9.180127722906436
2021-03-09 22:00:00+00:00,2.8791436426243378,4.127081988482529,3.3113665521400613
2021-03-09 23:00:00+00:00,0.0,0.0,0.0
2021-03-10 00:00:00+00:00,0.0,0.0,0.0
2021-03-10 01:00:00+00:00,0.0,0.0,0.0
2021-03-10 02:00:00+00:00,0.0,0.0,0.0
2021-03-10 03:00:00+00:00,0.0,0.0,0.0
2021-03-10 04:00:00+00:00,0.0,0.0,0.0
2021-03-10 05:00:00+00:00,0.0,0.0,0.0
2021-03-10 06:00:00+00:00,0.0,0.0,0.0
2021-03-10 07:00:00+00:00,0.0,0.0,0.0
2021-03-10 08:00:00+00:00,0.0,0.0,0.0
2021-03-10 09:00:00+00:00,0.0,0.0,0.0
2021-03-10 10:00:00+00:00,0.0,0.0,0.0
2021-03-10 11:00:00+00:00,0.0,0.0,0.0
2021-03-10 12:00:00+00:00,2.60953937161264,4.3552873284739135,3.509802768865379
2021-03-10 13:00:00+00:00,7.673012077045376,12.250459866165349,9.666518288241798
2021-03-10 14:00:00+00:00,11.783708071626796,18.569947154235663,14.69657095755897
2021-03-10 15:00:00+00:00,14.697533924769873,22.632183958646024,18.256809911834097
2021-03-10 16:00:00+00:00,16.365682276503087,25.76738253520631,20.36990910570682
2021-03-10 17:00:00+00:00,16.803655019543577,26.74765388416506,20.884196881210197
2021-03-10 18:00:00+00:00,16.04728027628301,25.69982293043064,20.246805465599387
2021-03-10 19:00:00+00:00,14.358615004966522,22.875372185952497,17.995365238398357
2021-03-10 20:00:00+00:00,11.42667886539428,18.161542830847324,14.357581467610371
2021-03-10 21:00:00+00:00,7.482113981239122,11.770484543285452,9.373311438940842
2021-03-10 22:00:00+00:00,2.768854336843728,4.0744999828945385,3.3086817931242853
2021-03-10 23:00:00+00:00,0.0,0.0,0.0
2021-03-11 00:00:00+00:00,0.0,0.0,0.0
2021-03-11 01:00:00+00:00,0.0,0.0,0.0
2021-03-11 02:00:00+00:00,0.0,0.0,0.0
2021-03-11 03:00:00+00:00,0.0,0.0,0.0
2021-03-11 04:00:00+00:00,0.0,0.0,0.0
2021-03-11 05:00:00+00:00,0.0,0.0,0.0
2021-03-11 06:00:00+00:00,0.0,0.0,0.0
2021-03-11 07:00:00+00:00,0.0,0.0,0.0
2021-03-11 08:00:00+00:00,0.0,0.0,0.0
2021-03-11 09:00:00+00:00,0.0,0.0,0.0
2021-03-11 10:00:00+00:00,0.0,0.0,0.0
2021-03-11 11:00:00+00:00,0.0,0.0,0.0
2021-03-11 12:00:00+00:00,1.3246950958295889,2.1067085960778,1.1618373647302827
2021-03-11 13:00:00+00:00,4.599028816731906,2.536960912525629,1.2291009779416215
2021-03-11 14:00:00+00:00,10.214980167743459,4.664230590612596,4.461931964146405
2021-03-11 15:00:00+00:00,1.7851534692091258,21.711445127036644,16.749516238617844
2021-03-11 16:00:00+00:00,15.222905264050477,24.81440841338857,19.52643982419225
2021-03-11 17:00:00+00:00,15.769492091099591,25.21842130429352,19.92922891396224
2021-03-11 18:00:00+00:00,15.177204867549948,24.47490243660574,19.351273947107565
2021-03-11 19:00:00+00:00,13.345072758722015,21.74662201159463,17.204909832375364
2021-03-11 20:00:00+00:00,10.375151917026415,17.454979193988674,13.853747809230976
2021-03-11 21:00:00+00:00,1.072478406236024,11.539005200300812,9.108355970153422
2021-03-11 22:00:00+00:00,0.011117646111119076,4.208742312987726,2.755456672996196
2021-03-11 23:00:00+00:00,0.0,0.0,0.0
2021-03-12 00:00:00+00:00,0.0,0.0,0.0
2021-03-12 01:00:00+00:00,0.0,0.0,0.0
2021-03-12 02:00:00+00:00,0.0,0.0,0.0
2021-03-12 03:00:00+00:00,0.0,0.0,0.0
2021-03-12 04:00:00+00:00,0.0,0.0,0.0
2021-03-12 05:00:00+00:00,0.0,0.0,0.0
2021-03-12 06:00:00+00:00,0.0,0.0,0.0
2021-03-12 07:00:00+00:00,0.0,0.0,0.0
2021-03-12 08:00:00+00:00,0.0,0.0,0.0
2021-03-12 09:00:00+00:00,0.0,0.0,0.0
2021-03-12 10:00:00+00:00,0.0,0.0,0.0
2021-03-12 11:00:00+00:00,0.0,0.0,0.0
2021-03-12 12:00:00+00:00,2.6593244438557027,0.1373510588697891,0.2029237657200413
2021-03-12 13:00:00+00:00,7.46448823693361,2.892092646876891,2.2837624246514188
2021-03-12 14:00:00+00:00,11.582586566677543,15.084373479949031,12.582019518446119
2021-03-12 15:00:00+00:00,14.596130401071836,21.391288259344744,16.960940390472345
2021-03-12 16:00:00+00:00,16.45679137273662,5.621053959074907,15.663694001489198
2021-03-12 17:00:00+00:00,17.042637788791197,11.644366566074563,18.590701405627563
2021-03-12 18:00:00+00:00,16.514455065289926,25.03522238846225,20.00430528375392
2021-03-12 19:00:00+00:00,14.721865797042465,22.00824021509313,17.54825355571409
2021-03-12 20:00:00+00:00,11.753645727999212,17.920036514018367,14.290045967790695
2021-03-12 21:00:00+00:00,7.432700691837387,11.863674588910653,9.498421063387713
2021-03-12 22:00:00+00:00,2.8525989587430773,4.436857213939514,3.570069941183807
2021-03-12 23:00:00+00:00,0.0,0.0,0.0
2021-03-13 00:00:00+00:00,0.0,0.0,0.0
2021-03-13 01:00:00+00:00,0.0,0.0,0.0
2021-03-13 02:00:00+00:00,0.0,0.0,0.0
2021-03-13 03:00:00+00:00,0.0,0.0,0.0
2021-03-13 04:00:00+00:00,0.0,0.0,0.0
2021-03-13 05:00:00+00:00,0.0,0.0,0.0
2021-03-13 06:00:00+00:00,0.0,0.0,0.0
2021-03-13 07:00:00+00:00,0.0,0.0,0.0
2021-03-13 08:00:00+00:00,0.0,0.0,0.0
2021-03-13 09:00:00+00:00,0.0,0.0,0.0
2021-03-13 10:00:00+00:00,0.0,0.0,0.0
2021-03-13 11:00:00+00:00,0.0,0.0,0.0
2021-03-13 12:00:00+00:00,2.9876211422552674,5.316648060669794,4.193083895540917
2021-03-13 13:00:00+00:00,8.014000335553451,13.069811017509357,10.36733891047186
2021-03-13 14:00:00+00:00,12.261755793118867,19.50459151516703,15.486821496314814
2021-03-13 15:00:00+00:00,15.41765295013992,24.157506830345284,19.210085671806873
2021-03-13 16:00:00+00:00,17.22951213190344,26.934005563464524,21.419768087735832
2021-03-13 17:00:00+00:00,17.82265444628821,27.775379824302508,22.0855390853493
2021-03-13 18:00:00+00:00,17.153053490542842,26.749188647742166,21.299411406815164
2021-03-13 19:00:00+00:00,15.342379919303339,23.81277971835438,18.956109664478674
2021-03-13 20:00:00+00:00,12.307845707694748,18.986844402114244,15.085309617603576
2021-03-13 21:00:00+00:00,8.241055230581976,12.54925157136602,10.006814858003317
2021-03-13 22:00:00+00:00,3.1552061473096433,4.644352766119454,3.7550519029029723
2021-03-13 23:00:00+00:00,0.0,0.0,0.0
2021-03-14 00:00:00+00:00,0.0,0.0,0.0
2021-03-14 01:00:00+00:00,0.0,0.0,0.0
2021-03-14 02:00:00+00:00,0.0,0.0,0.0
2021-03-14 03:00:00+00:00,0.0,0.0,0.0
2021-03-14 04:00:00+00:00,0.0,0.0,0.0
2021-03-14 05:00:00+00:00,0.0,0.0,0.0
2021-03-14 06:00:00+00:00,0.0,0.0,0.0
2021-03-14 07:00:00+00:00,0.0,0.0,0.0
2021-03-14 08:00:00+00:00,0.0,0.0,0.0
2021-03-14 09:00:00+00:00,0.0,0.0,0.0
2021-03-14 10:00:00+00:00,0.0,0.0,0.0
2021-03-14 11:00:00+00:00,0.0,0.0,0.0
2021-03-14 12:00:00+00:00,2.961173634590732,4.891139653307151,3.8417581638663276
2021-03-14 13:00:00+00:00,7.896423046871764,12.272340464037754,9.73507086681135
2021-03-14 14:00:00+00:00,7.295042420808472,18.65941142535021,14.841935420953082
2021-03-14 15:00:00+00:00,5.7778435407360265,23.46667858388781,18.645354165917038
2021-03-14 16:00:00+00:00,11.88784525075013,17.146607407380984,14.283572357356956
2021-03-14 17:00:00+00:00,0.6971491049485082,2.6580715036717386,2.3439082437254064
2021-03-14 18:00:00+00:00,1.2222930657186146,12.08679187802651,10.202700739400692
2021-03-14 19:00:00+00:00,0.11867383035053704,0.9871155495327458,15.044273381973817
2021-03-14 20:00:00+00:00,8.776170015648617,12.841014553492204,5.627507718664279
2021-03-14 21:00:00+00:00,7.7565065274492895,1.0831446083694967,3.1637478853425636
2021-03-14 22:00:00+00:00,3.2714092654242855,3.818542777486453,3.8663840716432105
2021-03-14 23:00:00+00:00,0.0,0.0,0.0
2021-03-15 00:00:00+00:00,0.0,0.0,0.0
2021-03-15 01:00:00+00:00,0.0,0.0,0.0
2021-03-15 02:00:00+00:00,0.0,0.0,0.0
2021-03-15 03:00:00+00:00,0.0,0.0,0.0
2021-03-15 04:00:00+00:00,0.0,0.0,0.0
2021-03-15 05:00:00+00:00,0.0,0.0,0.0
2021-03-15 06:00:00+00:00,0.0,0.0,0.0
2021-03-15 07:00:00+00:00,0.0,0.0,0.0
2021-03-15 08:00:00+00:00,0.0,0.0,0.0
2021-03-15 09:00:00+00:00,0.0,0.0,0.0
2021-03-15 10:00:00+00:00,0.0,0.0,0.0
2021-03-15 11:00:00+00:00,0.0,0.0,0.0
2021-03-15 12:00:00+00:00,3.443827622196853,5.914023514349797,4.6467193687808725
2021-03-15 13:00:00+00:00,8.590745895805773,13.789079963482562,10.938822176713538
2021-03-15 14:00:00+00:00,12.900192519836805,20.47514873784801,16.225455759452547
2021-03-15 15:00:00+00:00,15.807781334198738,25.382959864663412,20.159505641245442
2021-03-15 16:00:00+00:00,17.666687995660197,28.240201383135602,22.465334519200756
2021-03-15 17:00:00+00:00,18.634537367351506,29.15719057015365,23.17558294706124
2021-03-15 18:00:00+00:00,17.93249579095894,28.041432483119994,22.29194158819402
2021-03-15 19:00:00+00:00,16.037546558890835,24.98719977487246,19.872904747107317
2021-03-15 20:00:00+00:00,12.935820649057483,19.96854600106642,15.874217932377507
2021-03-15 21:00:00+00:00,8.692173813628022,13.30668585081667,10.576652491094583
2021-03-15 22:00:00+00:00,3.5525488357294126,5.267948082470463,4.20194859104843
2021-03-15 23:00:00+00:00,0.0,0.0,0.0
2021-03-16 00:00:00+00:00,0.0,0.0,0.0
2021-03-16 01:00:00+00:00,0.0,0.0,0.0
2021-03-16 02:00:00+00:00,0.0,0.0,0.0
2021-03-16 03:00:00+00:00,0.0,0.0,0.0
2021-03-16 04:00:00+00:00,0.0,0.0,0.0
2021-03-16 05:00:00+00:00,0.0,0.0,0.0
2021-03-16 06:00:00+00:00,0.0,0.0,0.0
2021-03-16 07:00:00+00:00,0.0,0.0,0.0
2021-03-16 08:00:00+00:00,0.0,0.0,0.0
2021-03-16 09:00:00+00:00,0.0,0.0,0.0
2021-03-16 10:00:00+00:00,0.0,0.0,0.0
2021-03-16 11:00:00+00:00,0.0,0.0,0.0
2021-03-16 12:00:00+00:00,3.203051202804265,5.363072305078571,4.215162201598235
2021-03-16 13:00:00+00:00,8.203841860214865,13.051813535324689,10.296063609934427
2021-03-16 14:00:00+00:00,12.402479145172986,19.529598726802142,15.47777776249114
2021-03-16 15:00:00+00:00,6.204634840789809,11.110964327859575,5.003926281301314
2021-03-16 16:00:00+00:00,5.647903919638663,2.4445916591840566,10.801629440958568
2021-03-16 17:00:00+00:00,0.8240656984213597,0.8339197610887505,0.7780253264646421
2021-03-16 18:00:00+00:00,2.4450186565174143,1.8780266356742759,1.0425041655951695
2021-03-16 19:00:00+00:00,0.7242966165075344,0.37711808223588583,0.2987187172482627
2021-03-16 20:00:00+00:00,0.6406806727639092,9.80926791847196,4.569045187324605
2021-03-16 21:00:00+00:00,0.28591993804459637,7.257342979572739,7.864460129562453
2021-03-16 22:00:00+00:00,0.8671673413367765,0.4175102928713612,0.422379395124201
2021-03-16 23:00:00+00:00,0.0,0.0,0.0
2021-03-17 00:00:00+00:00,0.0,0.0,0.0
2021-03-17 01:00:00+00:00,0.0,0.0,0.0
2021-03-17 02:00:00+00:00,0.0,0.0,0.0
2021-03-17 03:00:00+00:00,0.0,0.0,0.0
2021-03-17 04:00:00+00:00,0.0,0.0,0.0
2021-03-17 05:00:00+00:00,0.0,0.0,0.0
2021-03-17 06:00:00+00:00,0.0,0.0,0.0
2021-03-17 07:00:00+00:00,0.0,0.0,0.0
2021-03-17 08:00:00+00:00,0.0,0.0,0.0
2021-03-17 09:00:00+00:00,0.0,0.0,0.0
2021-03-17 10:00:00+00:00,0.0,0.0,0.0
2021-03-17 11:00:00+00:00,0.0,0.0,0.0
2021-03-17 12:00:00+00:00,0.618651859345733,0.13717546580233586,0.20694819068263154
2021-03-17 13:00:00+00:00,7.604765995449075,0.43157695685826286,0.44437909272965576
2021-03-17 14:00:00+00:00,11.437975803229243,1.2061027917114697,1.021476123454323
2021-03-17 15:00:00+00:00,13.197444914071628,6.5643134384223965,5.893683053998711
2021-03-17 16:00:00+00:00,14.953412278242277,6.064640000371584,4.585560198971684
2021-03-17 17:00:00+00:00,11.637623789096615,13.121613909708081,9.957172159193233
2021-03-17 18:00:00+00:00,9.901105244061283,20.176804395127544,10.679558903940555
2021-03-17 19:00:00+00:00,2.049088116316441,15.474020963563014,3.767471643836945
2021-03-17 20:00:00+00:00,5.124030489242832,4.273960733898477,9.008443779616835
2021-03-17 21:00:00+00:00,5.192190793407612,4.844237388943103,5.75842925297327
2021-03-17 22:00:00+00:00,1.9031377842165873,2.622687489682116,1.3606330328802538
2021-03-17 23:00:00+00:00,0.0,0.0,0.0
2021-03-18 00:00:00+00:00,0.0,0.0,0.0
2021-03-18 01:00:00+00:00,0.0,0.0,0.0
2021-03-18 02:00:00+00:00,0.0,0.0,0.0
2021-03-18 03:00:00+00:00,0.0,0.0,0.0
2021-03-18 04:00:00+00:00,0.0,0.0,0.0
2021-03-18 05:00:00+00:00,0.0,0.0,0.0
2021-03-18 06:00:00+00:00,0.0,0.0,0.0
2021-03-18 07:00:00+00:00,0.0,0.0,0.0
2021-03-18 08:00:00+00:00,0.0,0.0,0.0
2021-03-18 09:00:00+00:00,0.0,0.0,0.0
2021-03-18 10:00:00+00:00,0.0,0.0,0.0
2021-03-18 11:00:00+00:00,0.0,0.0,0.0
2021-03-18 12:00:00+00:00,0.09094090034465664,0.09779411784706472,0.05042721783657929
2021-03-18 13:00:00+00:00,0.1378737054896009,0.3085768138161238,0.23034746729917713
2021-03-18 14:00:00+00:00,0.22919300230184123,0.4786313845282388,0.24438797277166596
2021-03-18 15:00:00+00:00,0.21882783347787146,0.31316838966528115,0.29669133498905503
2021-03-18 16:00:00+00:00,0.1621393656292764,0.4336610226420769,0.5130220867737265
2021-03-18 17:00:00+00:00,0.10030751825929562,0.5000704584042107,0.20924418839658
2021-03-18 18:00:00+00:00,0.10008672026986602,0.1055210703188064,0.08385452096699508
2021-03-18 19:00:00+00:00,0.05002442937538706,0.07926116338257713,0.041965819018207694
2021-03-18 20:00:00+00:00,0.06680424189566607,0.02640852592630669,0.020966536370718106
2021-03-18 21:00:00+00:00,0.03679313315866509,0.055519163956014105,0.04413979022683119
2021-03-18 22:00:00+00:00,0.010058558135346446,0.018507688351004442,0.008396711444748406
2021-03-18 23:00:00+00:00,0.0,0.0,0.0
2021-03-19 00:00:00+00:00,0.0,0.0,0.0
2021-03-19 01:00:00+00:00,0.0,0.0,0.0
2021-03-19 02:00:00+00:00,0.0,0.0,0.0
2021-03-19 03:00:00+00:00,0.0,0.0,0.0
2021-03-19 04:00:00+00:00,0.0,0.0,0.0
2021-03-19 05:00:00+00:00,0.0,0.0,0.0
2021-03-19 06:00:00+00:00,0.0,0.0,0.0
2021-03-19 07:00:00+00:00,0.0,0.0,0.0
2021-03-19 08:00:00+00:00,0.0,0.0,0.0
2021-03-19 09:00:00+00:00,0.0,0.0,0.0
2021-03-19 10:00:00+00:00,0.0,0.0,0.0
2021-03-19 11:00:00+00:00,0.0,0.0,0.0
2021-03-19 12:00:00+00:00,3.719076114240187,5.851050076277409,4.6342902340437835
2021-03-19 13:00:00+00:00,8.624409298702979,13.53525250964906,10.747350705883965
2021-03-19 14:00:00+00:00,12.735147564673811,20.168938015722144,16.026066839005228
2021-03-19 15:00:00+00:00,16.147866801154453,24.993408109169106,19.853161791824622
2021-03-19 16:00:00+00:00,17.993623778190898,27.40050934774139,22.01902023353491
2021-03-19 17:00:00+00:00,18.504067985172135,28.33010943525598,21.56967338359106
2021-03-19 18:00:00+00:00,17.769495949821728,27.477464357836272,21.853265532105002
2021-03-19 19:00:00+00:00,15.822322602427391,24.516898961433018,19.49871084010458
2021-03-19 20:00:00+00:00,12.709483262174913,19.615792051854655,15.541608239635263
2021-03-19 21:00:00+00:00,8.547254132904301,13.114322086176259,10.286246593162893
2021-03-19 22:00:00+00:00,3.576050813803752,5.307820707432819,4.24148686644883
2021-03-19 23:00:00+00:00,0.0,0.0,0.0
2021-03-20 00:00:00+00:00,0.0,0.0,0.0
2021-03-20 01:00:00+00:00,0.0,0.0,0.0
2021-03-20 02:00:00+00:00,0.0,0.0,0.0
2021-03-20 03:00:00+00:00,0.0,0.0,0.0
2021-03-20 04:00:00+00:00,0.0,0.0,0.0
2021-03-20 05:00:00+00:00,0.0,0.0,0.0
2021-03-20 06:00:00+00:00,0.0,0.0,0.0
2021-03-20 07:00:00+00:00,0.0,0.0,0.0
2021-03-20 08:00:00+00:00,0.0,0.0,0.0
2021-03-20 09:00:00+00:00,0.0,0.0,0.0
2021-03-20 10:00:00+00:00,0.0,0.0,0.0
2021-03-20 11:00:00+00:00,0.0,0.0,0.0
2021-03-20 12:00:00+00:00,3.4995020994756025,5.878194156192344,4.5914048159553875
2021-03-20 13:00:00+00:00,8.32307003911787,13.279490718120172,10.510955965114753
2021-03-20 14:00:00+00:00,12.395271326797607,19.558018693403742,15.561312849192007
2021-03-20 15:00:00+00:00,15.321088918187776,24.10451010705794,19.217331212854333
2021-03-20 16:00:00+00:00,16.94266959763182,26.723388228441465,21.31654115365414
2021-03-20 17:00:00+00:00,17.350536164884865,27.36484593579937,21.852815914594593
2021-03-20 18:00:00+00:00,16.647785495425406,26.347505293896855,21.110699789910456
2021-03-20 19:00:00+00:00,14.79571095488579,23.480494424253468,18.661244760262246
2021-03-20 20:00:00+00:00,11.834466562422318,18.724364885721013,14.800247231515415
2021-03-20 21:00:00+00:00,7.947108636982171,12.503091408270524,9.878514377931428
2021-03-20 22:00:00+00:00,3.354802377511964,5.093078903955417,4.017871008791331
2021-03-20 23:00:00+00:00,0.0,0.0,0.0
2021-03-21 00:00:00+00:00,0.0,0.0,0.0
2021-03-21 01:00:00+00:00,0.0,0.0,0.0
2021-03-21 02:00:00+00:00,0.0,0.0,0.0
2021-03-21 03:00:00+00:00,0.0,0.0,0.0
2021-03-21 04:00:00+00:00,0.0,0.0,0.0
2021-03-21 05:00:00+00:00,0.0,0.0,0.0
2021-03-21 06:00:00+00:00,0.0,0.0,0.0
2021-03-21 07:00:00+00:00,0.0,0.0,0.0
2021-03-21 08:00:00+00:00,0.0,0.0,0.0
2021-03-21 09:00:00+00:00,0.0,0.0,0.0
2021-03-21 10:00:00+00:00,0.0,0.0,0.0
2021-03-21 11:00:00+00:00,0.0,0.0,0.0
2021-03-21 12:00:00+00:00,3.5837635899249873,5.96917048635388,4.6779092084289
2021-03-21 13:00:00+00:00,8.31795093584308,13.163896693047215,10.429106051482743
2021-03-21 14:00:00+00:00,12.286801481475093,19.23624890433061,15.348560633894403
2021-03-21 15:00:00+00:00,15.093008129419827,23.37402911097796,18.807144933248047
2021-03-21 16:00:00+00:00,16.71637119140525,25.950582122498517,20.816583422742116
2021-03-21 17:00:00+00:00,17.195399651073622,26.653237410069394,21.294951659088795
2021-03-21 18:00:00+00:00,16.584595107336987,25.66168295391572,20.218476425371463
2021-03-21 19:00:00+00:00,14.765304870787004,22.87650261250452,17.979004636636127
2021-03-21 20:00:00+00:00,11.886372289274924,18.34565366074895,14.396916248188305
2021-03-21 21:00:00+00:00,7.983121457921903,12.173205516985673,9.599763538422451
2021-03-21 22:00:00+00:00,3.3882839502807833,5.078187014115599,4.028035857697181
2021-03-21 23:00:00+00:00,0.0,0.0,0.0
2021-03-22 00:00:00+00:00,0.0,0.0,0.0
2021-03-22 01:00:00+00:00,0.0,0.0,0.0
2021-03-22 02:00:00+00:00,0.0,0.0,0.0
2021-03-22 03:00:00+00:00,0.0,0.0,0.0
2021-03-22 04:00:00+00:00,0.0,0.0,0.0
2021-03-22 05:00:00+00:00,0.0,0.0,0.0
2021-03-22 06:00:00+00:00,0.0,0.0,0.0
2021-03-22 07:00:00+00:00,0.0,0.0,0.0
2021-03-22 08:00:00+00:00,0.0,0.0,0.0
2021-03-22 09:00:00+00:00,0.0,0.0,0.0
2021-03-22 10:00:00+00:00,0.0,0.0,0.0
2021-03-22 11:00:00+00:00,0.0,0.02966578504522992,0.027726115549913298
2021-03-22 12:00:00+00:00,3.6204220609087665,6.002108823550217,4.6669396104272405
2021-03-22 13:00:00+00:00,8.319772437619283,13.191744488648862,10.319029008647057
2021-03-22 14:00:00+00:00,12.267518912425361,18.956055114799277,15.273126550290943
2021-03-22 15:00:00+00:00,15.025045368427014,22.81759688364969,18.509964030352922
2021-03-22 16:00:00+00:00,16.62092791492377,25.475261640286863,20.413213371275255
2021-03-22 17:00:00+00:00,17.057481984966635,23.681875564787884,20.842453307828137
2021-03-22 18:00:00+00:00,16.343444963869988,25.546599749080123,18.054501840678245
2021-03-22 19:00:00+00:00,14.506078602722658,22.90440081285286,17.831401406042612
2021-03-22 20:00:00+00:00,11.555776490617315,18.571054238814373,14.589256480683558
2021-03-22 21:00:00+00:00,7.793775663379333,12.284073112758927,9.759881896688707
2021-03-22 22:00:00+00:00,3.3287742565198126,5.035914589940542,4.000540799273819
2021-03-22 23:00:00+00:00,0.0,0.0,0.0
2021-03-23 00:00:00+00:00,0.0,0.0,0.0
2021-03-23 01:00:00+00:00,0.0,0.0,0.0
2021-03-23 02:00:00+00:00,0.0,0.0,0.0
2021-03-23 03:00:00+00:00,0.0,0.0,0.0
2021-03-23 04:00:00+00:00,0.0,0.0,0.0
2021-03-23 05:00:00+00:00,0.0,0.0,0.0
2021-03-23 06:00:00+00:00,0.0,0.0,0.0
2021-03-23 07:00:00+00:00,0.0,0.0,0.0
2021-03-23 08:00:00+00:00,0.0,0.0,0.0
2021-03-23 09:00:00+00:00,0.0,0.0,0.0
2021-03-23 10:00:00+00:00,0.0,0.0,0.0
2021-03-23 11:00:00+00:00,0.017057586539414995,0.029177567971171648,0.06310657319605015
2021-03-23 12:00:00+00:00,3.578720482908985,0.5441743980885804,0.6174272593518485
2021-03-23 13:00:00+00:00,8.171146419660412,2.810524607590803,1.2561276786293074
2021-03-23 14:00:00+00:00,12.086070216987304,3.871606797800904,4.008661143931529
2021-03-23 15:00:00+00:00,14.874597551192872,6.667598354794606,16.652248618364546
2021-03-23 16:00:00+00:00,16.477953655262347,22.13620962007182,17.85417212146982
2021-03-23 17:00:00+00:00,16.86568291302081,25.60137220979638,19.721338580346472
2021-03-23 18:00:00+00:00,16.23170822825266,24.577682029789187,19.714173767234477
2021-03-23 19:00:00+00:00,14.384735582449416,21.081183572334115,17.471478882725503
2021-03-23 20:00:00+00:00,11.587882779509188,17.60445903621553,12.909117560138368
2021-03-23 21:00:00+00:00,7.828822972542822,11.912836607928742,9.37666438870523
2021-03-23 22:00:00+00:00,3.4078083157534973,4.816073472856439,3.820124783321014
2021-03-23 23:00:00+00:00,0.0,0.0,0.0
2021-03-24 00:00:00+00:00,0.0,0.0,0.0
2021-03-24 01:00:00+00:00,0.0,0.0,0.0
2021-03-24 02:00:00+00:00,0.0,0.0,0.0
2021-03-24 03:00:00+00:00,0.0,0.0,0.0
2021-03-24 04:00:00+00:00,0.0,0.0,0.0
2021-03-24 05:00:00+00:00,0.0,0.0,0.0
2021-03-24 06:00:00+00:00,0.0,0.0,0.0
2021-03-24 07:00:00+00:00,0.0,0.0,0.0
2021-03-24 08:00:00+00:00,0.0,0.0,0.0
2021-03-24 09:00:00+00:00,0.0,0.0,0.0
2021-03-24 10:00:00+00:00,0.0,0.0,0.0
2021-03-24 11:00:00+00:00,0.03159500329339488,0.18353094403327339,0.14826429465402766
2021-03-24 12:00:00+00:00,0.41670594632569474,2.073600333459367,1.4513652831237975
2021-03-24 13:00:00+00:00,1.087606348876582,5.153745828584531,4.034958836069976
2021-03-24 14:00:00+00:00,0.7498845739419381,1.140935560894474,1.0041672862814002
2021-03-24 15:00:00+00:00,2.7284235752221946,7.827968939490367,2.833063930439734
2021-03-24 16:00:00+00:00,2.316884544036068,12.466330384122656,17.95920019795511
2021-03-24 17:00:00+00:00,0.35642574350203876,9.389898797284912,5.379360279021126
2021-03-24 18:00:00+00:00,0.968536255237522,5.634073322096821,2.793760298737079
2021-03-24 19:00:00+00:00,0.1616295863662741,1.9053259848106288,0.7253531705105469
2021-03-24 20:00:00+00:00,0.1614462484130946,0.9459863839932876,0.7303148404732801
2021-03-24 21:00:00+00:00,2.154477657272981,2.633883356315548,0.5687788052149444
2021-03-24 22:00:00+00:00,0.3075084579820321,0.06201147647695364,0.04908138118601763
2021-03-24 23:00:00+00:00,0.0,0.0,0.0
2021-03-25 00:00:00+00:00,0.0,0.0,0.0
2021-03-25 01:00:00+00:00,0.0,0.0,0.0
2021-03-25 02:00:00+00:00,0.0,0.0,0.0
2021-03-25 03:00:00+00:00,0.0,0.0,0.0
2021-03-25 04:00:00+00:00,0.0,0.0,0.0
2021-03-25 05:00:00+00:00,0.0,0.0,0.0
2021-03-25 06:00:00+00:00,0.0,0.0,0.0
2021-03-25 07:00:00+00:00,0.0,0.0,0.0
2021-03-25 08:00:00+00:00,0.0,0.0,0.0
2021-03-25 09:00:00+00:00,0.0,0.0,0.0
2021-03-25 10:00:00+00:00,0.0,0.0,0.0
2021-03-25 11:00:00+00:00,0.013199460773572322,0.05487651357515574,0.02909548793801757
2021-03-25 12:00:00+00:00,0.8808987912504306,0.5512166773522295,0.33490237728793115
2021-03-25 13:00:00+00:00,6.443532998076838,8.613760581961246,3.111049544891707
2021-03-25 14:00:00+00:00,8.58582960242877,4.053082122871416,2.742074852990278
2021-03-25 15:00:00+00:00,12.585921549557645,4.201990586895489,1.7581342977894439
2021-03-25 16:00:00+00:00,9.191783375962405,5.329083422832549,7.399198729466802
2021-03-25 17:00:00+00:00,7.09188851465083,16.846861816031172,17.94993868770731
2021-03-25 18:00:00+00:00,10.26767119789103,13.282675742374424,16.68942225275988
2021-03-25 19:00:00+00:00,9.922070671447935,8.918898883225289,15.845828024174605
2021-03-25 20:00:00+00:00,10.799057805177924,14.6774388068385,13.23008495153924
2021-03-25 21:00:00+00:00,7.150117520109322,8.912512835281998,6.984388183321355
2021-03-25 22:00:00+00:00,2.6631394623417313,1.1894453251502142,0.8241315190928152
2021-03-25 23:00:00+00:00,0.0,0.0,0.0
2021-03-26 00:00:00+00:00,0.0,0.0,0.0
2021-03-26 01:00:00+00:00,0.0,0.0,0.0
2021-03-26 02:00:00+00:00,0.0,0.0,0.0
2021-03-26 03:00:00+00:00,0.0,0.0,0.0
2021-03-26 04:00:00+00:00,0.0,0.0,0.0
2021-03-26 05:00:00+00:00,0.0,0.0,0.0
2021-03-26 06:00:00+00:00,0.0,0.0,0.0
2021-03-26 07:00:00+00:00,0.0,0.0,0.0
2021-03-26 08:00:00+00:00,0.0,0.0,0.0
2021-03-26 09:00:00+00:00,0.0,0.0,0.0
2021-03-26 10:00:00+00:00,0.0,0.0,0.0
2021-03-26 11:00:00+00:00,0.014456854131380316,0.020697405422202133,0.01639742079545583
2021-03-26 12:00:00+00:00,0.28834018907675524,0.5484514706051119,0.40755268444582066
2021-03-26 13:00:00+00:00,0.2956533642474725,0.5502933432385922,1.180086591804014
2021-03-26 14:00:00+00:00,0.019169953332307917,3.2130047939330435,3.124465186878556
2021-03-26 15:00:00+00:00,3.114083635925811,0.3116643305352714,0.9533747350790414
2021-03-26 16:00:00+00:00,11.424445715368508,0.2057673223296304,0.7526560820088248
2021-03-26 17:00:00+00:00,5.7253362806005725,0.23112931715240365,0.16250725011307168
2021-03-26 18:00:00+00:00,0.6557033152675645,7.802272046242602,7.642397564364614
2021-03-26 19:00:00+00:00,0.07805812072795283,7.145747357301709,16.47813083863889
2021-03-26 20:00:00+00:00,0.9949737559220531,16.841748899124855,13.40417043730121
2021-03-26 21:00:00+00:00,0.26861461815396165,11.231307290663604,8.869462605946355
2021-03-26 22:00:00+00:00,1.6826824364153028,4.6000250824316895,3.653349375739506
2021-03-26 23:00:00+00:00,0.014696757135520303,0.0,0.0
2021-03-27 00:00:00+00:00,0.0,0.0,0.0
2021-03-27 01:00:00+00:00,0.0,0.0,0.0
2021-03-27 02:00:00+00:00,0.0,0.0,0.0
2021-03-27 03:00:00+00:00,0.0,0.0,0.0
2021-03-27 04:00:00+00:00,0.0,0.0,0.0
2021-03-27 05:00:00+00:00,0.0,0.0,0.0
2021-03-27 06:00:00+00:00,0.0,0.0,0.0
2021-03-27 07:00:00+00:00,0.0,0.0,0.0
2021-03-27 08:00:00+00:00,0.0,0.0,0.0
2021-03-27 09:00:00+00:00,0.0,0.0,0.0
2021-03-27 10:00:00+00:00,0.0,0.0,0.0
2021-03-27 11:00:00+00:00,0.19956301628603082,0.4490726429063518,0.34643292661725
2021-03-27 12:00:00+00:00,3.712394234910347,5.95397100035812,4.716951139860038
2021-03-27 13:00:00+00:00,8.085150687784509,12.760322316798055,10.162985616151461
2021-03-27 14:00:00+00:00,11.746253256790142,18.556878703711345,14.800165169583636
2021-03-27 15:00:00+00:00,14.496229561973342,22.64332548852725,18.017596814122783
2021-03-27 16:00:00+00:00,16.130256155211924,24.820667282877483,19.793706394141502
2021-03-27 17:00:00+00:00,4.534338800819652,25.241400740018182,20.40934900134464
2021-03-27 18:00:00+00:00,15.937912343406735,24.461785272416673,19.487578444348166
2021-03-27 19:00:00+00:00,14.429740995976802,21.520477252751444,17.201640705476127
2021-03-27 20:00:00+00:00,11.597737331770613,16.360942079358928,11.573534479028774
2021-03-27 21:00:00+00:00,7.495756341831657,10.716329846392124,8.847106050652854
2021-03-27 22:00:00+00:00,3.2094787657116064,3.7099463569261437,2.5424243744974113
2021-03-27 23:00:00+00:00,0.14430011131042222,0.0,0.0
2021-03-28 00:00:00+00:00,0.0,0.0,0.0
2021-03-28 01:00:00+00:00,0.0,0.0,0.0
2021-03-28 02:00:00+00:00,0.0,0.0,0.0
2021-03-28 03:00:00+00:00,0.0,0.0,0.0
2021-03-28 04:00:00+00:00,0.0,0.0,0.0
2021-03-28 05:00:00+00:00,0.0,0.0,0.0
2021-03-28 06:00:00+00:00,0.0,0.0,0.0
2021-03-28 07:00:00+00:00,0.0,0.0,0.0
2021-03-28 08:00:00+00:00,0.0,0.0,0.0
2021-03-28 09:00:00+00:00,0.0,0.0,0.0
2021-03-28 10:00:00+00:00,0.0,0.0,0.0
2021-03-28 11:00:00+00:00,0.22765476260627404,0.2430673043095227,0.19329757022341995
2021-03-28 12:00:00+00:00,1.8309817319073591,2.83349084528672,2.054291505948375
2021-03-28 13:00:00+00:00,2.739539477416632,6.648727319175794,5.003897418388948
2021-03-28 14:00:00+00:00,0.4667323309489628,2.644109031597659,3.5960868609154133
2021-03-28 15:00:00+00:00,0.9029008388617871,0.106207335352171,0.05122932124853859
2021-03-28 16:00:00+00:00,0.21401555522265453,0.08815063553399613,0.047270477879270564
2021-03-28 17:00:00+00:00,0.6394629561022401,0.7221283346823727,0.3077667010528409
2021-03-28 18:00:00+00:00,0.06534939853958997,0.8972604993850699,0.26443247923629193
2021-03-28 19:00:00+00:00,0.04912913847123695,0.36033720285429294,0.26460227826537935
2021-03-28 20:00:00+00:00,0.08168597448543394,3.780085938485585,2.136839890152527
2021-03-28 21:00:00+00:00,0.08185712387035636,0.07723839970996625,0.04083741001010199
2021-03-28 22:00:00+00:00,0.009831628880992966,0.041218621012341077,0.028601074378949192
2021-03-28 23:00:00+00:00,0.0,0.0,0.0
2021-03-29 00:00:00+00:00,0.0,0.0,0.0
2021-03-29 01:00:00+00:00,0.0,0.0,0.0
2021-03-29 02:00:00+00:00,0.0,0.0,0.0
2021-03-29 03:00:00+00:00,0.0,0.0,0.0
2021-03-29 04:00:00+00:00,0.0,0.0,0.0
2021-03-29 05:00:00+00:00,0.0,0.0,0.0
2021-03-29 06:00:00+00:00,0.0,0.0,0.0
2021-03-29 07:00:00+00:00,0.0,0.0,0.0
2021-03-29 08:00:00+00:00,0.0,0.0,0.0
2021-03-29 09:00:00+00:00,0.0,0.0,0.0
2021-03-29 10:00:00+00:00,0.0,0.0,0.0
2021-03-29 11:00:00+00:00,0.08230208770953393,0.6236220374373288,0.48994103446455156
2021-03-29 12:00:00+00:00,0.5685592201466532,6.402856726692159,5.074217674175041
2021-03-29 13:00:00+00:00,0.5591424120211084,12.156754898732375,9.519422146304667
2021-03-29 14:00:00+00:00,1.2276324792176694,17.695236878776182,15.263179089121971
2021-03-29 15:00:00+00:00,11.890582042728912,19.947541809677,15.623640557623453
2021-03-29 16:00:00+00:00,11.122457224329393,26.53042605179782,21.113407711061065
2021-03-29 17:00:00+00:00,17.63296070079687,27.322230733543066,21.779281777036744
2021-03-29 18:00:00+00:00,16.99198426863152,26.242410583139325,20.95487040989473
2021-03-29 19:00:00+00:00,15.26306317337092,23.40421975074574,18.648527082930606
2021-03-29 20:00:00+00:00,12.341277925516208,18.80176541153212,15.005639142563226
2021-03-29 21:00:00+00:00,8.328877068186081,12.626312740160287,10.07048020306788
2021-03-29 22:00:00+00:00,3.699423985314652,5.406373976102945,4.330477087235407
2021-03-29 23:00:00+00:00,0.21009628648001477,0.0,0.02902223870612525
2021-03-30 00:00:00+00:00,0.0,0.0,0.0
2021-03-30 01:00:00+00:00,0.0,0.0,0.0
2021-03-30 02:00:00+00:00,0.0,0.0,0.0
2021-03-30 03:00:00+00:00,0.0,0.0,0.0
2021-03-30 04:00:00+00:00,0.0,0.0,0.0
2021-03-30 05:00:00+00:00,0.0,0.0,0.0
2021-03-30 06:00:00+00:00,0.0,0.0,0.0
2021-03-30 07:00:00+00:00,0.0,0.0,0.0
2021-03-30 08:00:00+00:00,0.0,0.0,0.0
2021-03-30 09:00:00+00:00,0.0,0.0,0.0
2021-03-30 10:00:00+00:00,0.0,0.0,0.0
2021-03-30 11:00:00+00:00,0.3843933624488885,0.6722589058951851,0.5328706953544127
2021-03-30 12:00:00+00:00,3.991545560988073,6.662311839204041,5.264541429645147
2021-03-30 13:00:00+00:00,8.491570215718715,13.669798313221705,10.831577962725328
2021-03-30 14:00:00+00:00,12.292372939604451,19.480531885265414,15.479113690791747
2021-03-30 15:00:00+00:00,14.953879158501106,23.87334971606832,18.951784364950424
2021-03-30 16:00:00+00:00,16.46722255450929,26.24075402792596,20.858537900725864
2021-03-30 17:00:00+00:00,16.83189122400494,26.801702121499734,21.289728849101994
2021-03-30 18:00:00+00:00,16.122897359350308,25.59355931160589,20.319313568422455
2021-03-30 19:00:00+00:00,14.386621164691501,22.80399370255913,18.127991845078803
2021-03-30 20:00:00+00:00,11.512453022183823,18.124512936172664,14.47208202799648
2021-03-30 21:00:00+00:00,7.707903906934379,12.079663705753903,9.614307000562945
2021-03-30 22:00:00+00:00,3.3785994376479502,5.164691887453997,4.111256108905607
2021-03-30 23:00:00+00:00,0.23865270597472335,0.22703936393548457,0.1863334136590413
2021-03-31 00:00:00+00:00,0.0,0.0,0.0
2021-03-31 01:00:00+00:00,0.0,0.0,0.0
2021-03-31 02:00:00+00:00,0.0,0.0,0.0
2021-03-31 03:00:00+00:00,0.0,0.0,0.0
2021-03-31 04:00:00+00:00,0.0,0.0,0.0
2021-03-31 05:00:00+00:00,0.0,0.0,0.0
2021-03-31 06:00:00+00:00,0.0,0.0,0.0
2021-03-31 07:00:00+00:00,0.0,0.0,0.0
2021-03-31 08:00:00+00:00,0.0,0.0,0.0
2021-03-31 09:00:00+00:00,0.0,0.0,0.0
2021-03-31 10:00:00+00:00,0.0,0.0,0.0
2021-03-31 11:00:00+00:00,0.12732155005544227,0.6588756033105319,0.2432060666886606
2021-03-31 12:00:00+00:00,3.664521134758361,0.24021283573188534,2.665423455957437
2021-03-31 13:00:00+00:00,7.65152860881064,5.460854321760393,4.831656636607671
2021-03-31 14:00:00+00:00,3.7609570655059845,0.3531780312099813,0.266456451954348
2021-03-31 15:00:00+00:00,4.036083519744073,3.78821068237433,5.066693582856079
2021-03-31 16:00:00+00:00,5.680614821347173,17.488959693728994,4.503430597898345
2021-03-31 17:00:00+00:00,3.99287199837072,3.7289450339919528,2.683900189182206
2021-03-31 18:00:00+00:00,3.107168388338019,13.183485776046401,6.298068407930848
2021-03-31 19:00:00+00:00,3.239876244407607,8.037664396011952,6.324206850354903
2021-03-31 20:00:00+00:00,2.6397399057351403,0.612630633531425,1.0675673107173589
2021-03-31 21:00:00+00:00,4.300159129818765,0.6140530916647104,1.1319179238865626
2021-03-31 22:00:00+00:00,0.23130728444209764,0.2855567732547133,0.2975987799127192
2021-03-31 23:00:00+00:00,0.011287158152460453,0.0,0.0
2021-04-01 00:00:00+00:00,0.0,0.0,0.0
2021-04-01 01:00:00+00:00,0.0,0.0,0.0
2021-04-01 02:00:00+00:00,0.0,0.0,0.0
2021-04-01 03:00:00+00:00,0.0,0.0,0.0
2021-04-01 04:00:00+00:00,0.0,0.0,0.0
2021-04-01 05:00:00+00:00,0.0,0.0,0.0
2021-04-01 06:00:00+00:00,0.0,0.0,0.0
2021-04-01 07:00:00+00:00,0.0,0.0,0.0
2021-04-01 08:00:00+00:00,0.0,0.0,0.0
2021-04-01 09:00:00+00:00,0.0,0.0,0.0
2021-04-01 10:00:00+00:00,0.0,0.0,0.0
2021-04-01 11:00:00+00:00,0.0033733275837223185,0.02900339331156195,0.020948211260890942
2021-04-01 12:00:00+00:00,0.02365993718999531,0.6744629674421477,0.1907916574912229
2021-04-01 13:00:00+00:00,0.03721255933940088,0.21687645279797535,0.21013897249918187
2021-04-01 14:00:00+00:00,0.03891918618520034,1.5569214887389407,0.78028918167823
2021-04-01 15:00:00+00:00,0.11474959429666629,9.579496580394505,6.833598660600472
2021-04-01 16:00:00+00:00,0.3528677887025442,11.415263214512793,2.5005849058058756
2021-04-01 17:00:00+00:00,0.1346850544085989,9.881938681345241,6.578542875804652
2021-04-01 18:00:00+00:00,0.5179207553102722,1.8597634768457572,1.3547892682699634
2021-04-01 19:00:00+00:00,5.331756063865797,1.3387815045217504,1.0235785380605489
2021-04-01 20:00:00+00:00,0.15198627044919547,7.393043208956076,12.355129923559252
2021-04-01 21:00:00+00:00,0.08474240891791589,11.21803123537916,8.089946582099335
2021-04-01 22:00:00+00:00,1.3493344368700844,5.0908537124370765,4.178214067235041
2021-04-01 23:00:00+00:00,0.04412704625841753,0.1504410491774092,0.13412975164201205
2021-04-02 00:00:00+00:00,0.0,0.0,0.0
2021-04-02 01:00:00+00:00,0.0,0.0,0.0
2021-04-02 02:00:00+00:00,0.0,0.0,0.0
2021-04-02 03:00:00+00:00,0.0,0.0,0.0
2021-04-02 04:00:00+00:00,0.0,0.0,0.0
2021-04-02 05:00:00+00:00,0.0,0.0,0.0
2021-04-02 06:00:00+00:00,0.0,0.0,0.0
2021-04-02 07:00:00+00:00,0.0,0.0,0.0
2021-04-02 08:00:00+00:00,0.0,0.0,0.0
2021-04-02 09:00:00+00:00,0.0,0.0,0.0
2021-04-02 10:00:00+00:00,0.0,0.0,0.0
2021-04-02 11:00:00+00:00,0.14371286722532253,0.35166499107334576,0.6834559077764797
2021-04-02 12:00:00+00:00,1.3380632136018733,4.348665248658662,5.598478587973444
2021-04-02 13:00:00+00:00,2.100920010878081,7.5616504354401215,8.319568871977284
2021-04-02 14:00:00+00:00,3.2389591714475587,19.701111991862994,16.153627566681337
2021-04-02 15:00:00+00:00,2.2274448117961985,19.670747211329196,16.22450274403043
2021-04-02 16:00:00+00:00,2.8786161013018563,17.419336065378115,17.073536867424174
2021-04-02 17:00:00+00:00,1.7425010113231927,19.45453957931443,9.776010502973246
2021-04-02 18:00:00+00:00,3.6291893817624485,8.667176478248393,3.2074399088371894
2021-04-02 19:00:00+00:00,3.5499435309327714,6.31520725376407,2.289962855159482
2021-04-02 20:00:00+00:00,1.9299323547127574,2.614216649044245,1.7636526411127642
2021-04-02 21:00:00+00:00,1.10990796091602,2.8776571429758255,1.67749569155087
2021-04-02 22:00:00+00:00,3.4507895632179117,1.0335249099607646,2.195339319427329
2021-04-02 23:00:00+00:00,0.31703097781525386,0.20238805981472152,0.18221034914743003
2021-04-03 00:00:00+00:00,0.0,0.0,0.0
2021-04-03 01:00:00+00:00,0.0,0.0,0.0
2021-04-03 02:00:00+00:00,0.0,0.0,0.0
2021-04-03 03:00:00+00:00,0.0,0.0,0.0
2021-04-03 04:00:00+00:00,0.0,0.0,0.0
2021-04-03 05:00:00+00:00,0.0,0.0,0.0
2021-04-03 06:00:00+00:00,0.0,0.0,0.0
2021-04-03 07:00:00+00:00,0.0,0.0,0.0
2021-04-03 08:00:00+00:00,0.0,0.0,0.0
2021-04-03 09:00:00+00:00,0.0,0.0,0.0
2021-04-03 10:00:00+00:00,0.0,0.0,0.0
2021-04-03 11:00:00+00:00,0.5091140486551177,0.9334813996979082,0.7326638948452061
2021-04-03 12:00:00+00:00,4.535820851175561,7.197139696330275,5.7083535273093995
2021-04-03 13:00:00+00:00,9.21552910952894,14.349061801639696,11.37650758194986
2021-04-03 14:00:00+00:00,13.078206314180509,20.431034303312146,16.316124837598625
2021-04-03 15:00:00+00:00,15.879694551579986,25.09662629551887,19.986271313351715
2021-04-03 16:00:00+00:00,17.469509146363944,27.629088195756093,21.99179962040777
2021-04-03 17:00:00+00:00,17.846009354903607,28.27711805523442,22.46534771821599
2021-04-03 18:00:00+00:00,17.038156573425937,26.875523152012505,21.358501042118736
2021-04-03 19:00:00+00:00,15.140547182561393,23.772796068210884,18.91692513730581
2021-04-03 20:00:00+00:00,12.138124924654276,19.00062075764728,15.102876788510592
2021-04-03 21:00:00+00:00,8.205119219451989,12.663847157603701,10.063565374685615
2021-04-03 22:00:00+00:00,3.6875511140825212,5.456599009501512,4.3459715871546285
2021-04-03 23:00:00+00:00,0.3683240878824752,0.403684672976139,0.3291192068634208
2021-04-04 00:00:00+00:00,0.0,0.0,0.0
2021-04-04 01:00:00+00:00,0.0,0.0,0.0
2021-04-04 02:00:00+00:00,0.0,0.0,0.0
2021-04-04 03:00:00+00:00,0.0,0.0,0.0
2021-04-04 04:00:00+00:00,0.0,0.0,0.0
2021-04-04 05:00:00+00:00,0.0,0.0,0.0
2021-04-04 06:00:00+00:00,0.0,0.0,0.0
2021-04-04 07:00:00+00:00,0.0,0.0,0.0
2021-04-04 08:00:00+00:00,0.0,0.0,0.0
2021-04-04 09:00:00+00:00,0.0,0.0,0.0
2021-04-04 10:00:00+00:00,0.0,0.0,0.0
2021-04-04 11:00:00+00:00,0.5295901890469759,0.969502121411327,0.7664442820641142
2021-04-04 12:00:00+00:00,4.177550818165494,6.16770807076638,5.268984497991768
2021-04-04 13:00:00+00:00,4.533015750539898,13.80464601718444,10.847172353179161
2021-04-04 14:00:00+00:00,12.150617236756146,19.360476811394737,15.413040582980235
2021-04-04 15:00:00+00:00,13.755080944988066,23.438130401476947,18.696236528182485
2021-04-04 16:00:00+00:00,16.216381112164957,25.07310819604903,20.39879682589022
2021-04-04 17:00:00+00:00,16.542996215751486,26.294016762938707,20.93236007071098
2021-04-04 18:00:00+00:00,16.315879043240578,25.002268790605395,20.12318892579124
2021-04-04 19:00:00+00:00,14.463818716133423,22.22702259507935,17.709606357708395
2021-04-04 20:00:00+00:00,11.594578179525724,17.79045804404191,14.141357333681324
2021-04-04 21:00:00+00:00,7.664477066055934,11.873433333803263,9.455504595933117
2021-04-04 22:00:00+00:00,3.3666735073898364,5.121081103789902,4.080983469784989
2021-04-04 23:00:00+00:00,0.37314961051953977,0.4298193446523484,0.35058034583834197
2021-04-05 00:00:00+00:00,0.0,0.0,0.0
2021-04-05 01:00:00+00:00,0.0,0.0,0.0
2021-04-05 02:00:00+00:00,0.0,0.0,0.0
2021-04-05 03:00:00+00:00,0.0,0.0,0.0
2021-04-05 04:00:00+00:00,0.0,0.0,0.0
2021-04-05 05:00:00+00:00,0.0,0.0,0.0
2021-04-05 06:00:00+00:00,0.0,0.0,0.0
2021-04-05 07:00:00+00:00,0.0,0.0,0.0
2021-04-05 08:00:00+00:00,0.0,0.0,0.0
2021-04-05 09:00:00+00:00,0.0,0.0,0.0
2021-04-05 10:00:00+00:00,0.0,0.0,0.0
2021-04-05 11:00:00+00:00,0.5588237719838515,1.0228841589240296,0.7997545546856958
2021-04-05 12:00:00+00:00,4.304590407168559,7.048813063026994,5.579397094350514
2021-04-05 13:00:00+00:00,8.58369175566089,13.937036801653854,11.075470176850223
2021-04-05 14:00:00+00:00,12.30006937301334,19.71771432781047,15.667922952318909
2021-04-05 15:00:00+00:00,15.065507827976782,23.769669741498088,18.898964663836853
2021-04-05 16:00:00+00:00,16.599305757294346,26.024066217210052,20.720508238446072
2021-04-05 17:00:00+00:00,16.924857103139335,26.61808704156827,21.219320896016676
2021-04-05 18:00:00+00:00,16.241346329595444,25.508908910271614,20.272630503892465
2021-04-05 19:00:00+00:00,14.45148495811111,22.64830067921461,17.969628695083298
2021-04-05 20:00:00+00:00,11.729991257467002,18.01570192817219,14.391560909501772
2021-04-05 21:00:00+00:00,7.953035225609994,12.04130803886789,9.6390594920654
2021-04-05 22:00:00+00:00,3.5807779346623616,5.291909950359747,4.2308616540178
2021-04-05 23:00:00+00:00,0.39621139159618757,0.49985173520371384,0.405525490011418
2021-04-06 00:00:00+00:00,0.0,0.0,0.0
2021-04-06 01:00:00+00:00,0.0,0.0,0.0
2021-04-06 02:00:00+00:00,0.0,0.0,0.0
2021-04-06 03:00:00+00:00,0.0,0.0,0.0
2021-04-06 04:00:00+00:00,0.0,0.0,0.0
2021-04-06 05:00:00+00:00,0.0,0.0,0.0
2021-04-06 06:00:00+00:00,0.0,0.0,0.0
2021-04-06 07:00:00+00:00,0.0,0.0,0.0
2021-04-06 08:00:00+00:00,0.0,0.0,0.0
2021-04-06 09:00:00+00:00,0.0,0.0,0.0
2021-04-06 10:00:00+00:00,0.0,0.0,0.0
2021-04-06 11:00:00+00:00,0.5930165007941828,1.0814383479324567,0.846365565001308
2021-04-06 12:00:00+00:00,4.375010216729033,7.149763199256367,5.6756253511128465
2021-04-06 13:00:00+00:00,8.69953786771803,14.027723573133516,11.164470604298435
2021-04-06 14:00:00+00:00,12.316248051677329,19.67500106487142,15.661193934073816
2021-04-06 15:00:00+00:00,14.868347004436552,23.605464460267317,18.79035324794069
2021-04-06 16:00:00+00:00,16.33587332598011,25.89299340698176,20.605377092035486
2021-04-06 17:00:00+00:00,16.760080576532324,26.356087738096786,20.95740574533213
2021-04-06 18:00:00+00:00,16.010670639783147,25.072135887658376,19.93091581291511
2021-04-06 19:00:00+00:00,14.264873020181986,22.174505477066543,17.664352285308347
2021-04-06 20:00:00+00:00,11.462157367425753,17.676638943490566,14.097931990976017
2021-04-06 21:00:00+00:00,7.729405227817586,11.756201515049046,9.326466837412731
2021-04-06 22:00:00+00:00,3.4627875525602767,5.088483381484017,4.060047023098807
2021-04-06 23:00:00+00:00,0.4105634726229477,0.526930727334793,0.42968173493774686
2021-04-07 00:00:00+00:00,0.0,0.0,0.0
2021-04-07 01:00:00+00:00,0.0,0.0,0.0
2021-04-07 02:00:00+00:00,0.0,0.0,0.0
2021-04-07 03:00:00+00:00,0.0,0.0,0.0
2021-04-07 04:00:00+00:00,0.0,0.0,0.0
2021-04-07 05:00:00+00:00,0.0,0.0,0.0
2021-04-07 06:00:00+00:00,0.0,0.0,0.0
2021-04-07 07:00:00+00:00,0.0,0.0,0.0
2021-04-07 08:00:00+00:00,0.0,0.0,0.0
2021-04-07 09:00:00+00:00,0.0,0.0,0.0
2021-04-07 10:00:00+00:00,0.0,0.0,0.0
2021-04-07 11:00:00+00:00,0.367388616944305,0.6332175515134911,0.5621310413282092
2021-04-07 12:00:00+00:00,4.0618999839502115,5.04825049608839,4.00618442270528
2021-04-07 13:00:00+00:00,8.299715434811798,9.812654846211233,8.628658880799252
2021-04-07 14:00:00+00:00,11.434817426774913,18.8611954660163,15.098767728233694
2021-04-07 15:00:00+00:00,14.236767869439955,22.73678336634246,18.16825157306319
2021-04-07 16:00:00+00:00,15.684894677067442,24.990801439114964,19.911948963012236
2021-04-07 17:00:00+00:00,16.114673267166665,25.45310749317073,20.232743346159236
2021-04-07 18:00:00+00:00,15.154163699626956,24.229188464440426,19.293548452763797
2021-04-07 19:00:00+00:00,13.282009909005122,21.476347915740824,17.137219911384975
2021-04-07 20:00:00+00:00,10.910691104597447,16.97134870204782,13.565722712019054
2021-04-07 21:00:00+00:00,7.383107820894469,11.447157414492517,8.950522360709346
2021-04-07 22:00:00+00:00,3.312866349134098,4.940955824006877,3.9175803026307108
2021-04-07 23:00:00+00:00,0.423979842161244,0.5521617034746071,0.4480712959946507
2021-04-08 00:00:00+00:00,0.0,0.0,0.0
2021-04-08 01:00:00+00:00,0.0,0.0,0.0
2021-04-08 02:00:00+00:00,0.0,0.0,0.0
2021-04-08 03:00:00+00:00,0.0,0.0,0.0
2021-04-08 04:00:00+00:00,0.0,0.0,0.0
2021-04-08 05:00:00+00:00,0.0,0.0,0.0
2021-04-08 06:00:00+00:00,0.0,0.0,0.0
2021-04-08 07:00:00+00:00,0.0,0.0,0.0
2021-04-08 08:00:00+00:00,0.0,0.0,0.0
2021-04-08 09:00:00+00:00,0.0,0.0,0.0
2021-04-08 10:00:00+00:00,0.0,0.0,0.0
2021-04-08 11:00:00+00:00,0.6451696609653588,1.1778746444035826,0.9229979363484209
2021-04-08 12:00:00+00:00,4.097538250927414,6.818098253465238,5.376343236097502
2021-04-08 13:00:00+00:00,8.215355736794612,11.853282191460497,9.872284145001005
2021-04-08 14:00:00+00:00,11.670654005377674,18.095049597955263,14.688602151492567
2021-04-08 15:00:00+00:00,14.138877030392877,22.364815026598553,17.90782702533741
2021-04-08 16:00:00+00:00,15.516060684573539,24.585946231082236,19.38229642290176
2021-04-08 17:00:00+00:00,15.83535810980078,25.215095159923877,20.12176442928124
2021-04-08 18:00:00+00:00,15.115696815249951,23.99883067216551,19.182160368145905
2021-04-08 19:00:00+00:00,13.52267576180182,21.397667971476483,17.02081000850048
2021-04-08 20:00:00+00:00,10.86824227924164,17.08960105022653,13.452546394988401
2021-04-08 21:00:00+00:00,7.3073472284902445,11.277715453027685,8.96690626623079
2021-04-08 22:00:00+00:00,3.2972513080828567,4.94952355868576,3.972894001920297
2021-04-08 23:00:00+00:00,0.43604415975949834,0.5907382021546188,0.4729933588901914
2021-04-09 00:00:00+00:00,0.0,0.0,0.0
2021-04-09 01:00:00+00:00,0.0,0.0,0.0
2021-04-09 02:00:00+00:00,0.0,0.0,0.0
2021-04-09 03:00:00+00:00,0.0,0.0,0.0
2021-04-09 04:00:00+00:00,0.0,0.0,0.0
2021-04-09 05:00:00+00:00,0.0,0.0,0.0
2021-04-09 06:00:00+00:00,0.0,0.0,0.0
2021-04-09 07:00:00+00:00,0.0,0.0,0.0
2021-04-09 08:00:00+00:00,0.0,0.0,0.0
2021-04-09 09:00:00+00:00,0.0,0.0,0.0
2021-04-09 10:00:00+00:00,0.0,0.0,0.0
2021-04-09 11:00:00+00:00,0.6679817196504872,0.12124775409461518,0.08590339657144894
2021-04-09 12:00:00+00:00,4.133747037003524,1.2074631488107181,0.6850596937474682
2021-04-09 13:00:00+00:00,8.20495470024868,1.768842438355447,2.2251654392430713
2021-04-09 14:00:00+00:00,11.64732662686842,9.651605227444241,5.393150198959096
2021-04-09 15:00:00+00:00,14.073589322176781,10.909757567729708,4.763679077438583
2021-04-09 16:00:00+00:00,15.441422519138637,15.338523598893188,7.471984383897403
2021-04-09 17:00:00+00:00,15.783912323770274,22.342366440790553,19.46220092652954
2021-04-09 18:00:00+00:00,10.986301582286089,24.56725781850126,19.242392270856982
2021-04-09 19:00:00+00:00,10.721128386175575,17.185367233306277,12.33225478895894
2021-04-09 20:00:00+00:00,9.836664354202897,11.00153280993621,5.555069234237096
2021-04-09 21:00:00+00:00,6.523055672572599,10.31092277361171,7.2115891244148465
2021-04-09 22:00:00+00:00,3.2034547351042133,3.78244406095357,3.4165074990901414
2021-04-09 23:00:00+00:00,0.45528214067376854,0.34790938098680896,0.32223605595369786
2021-04-10 00:00:00+00:00,0.0,0.0,0.0
2021-04-10 01:00:00+00:00,0.0,0.0,0.0
2021-04-10 02:00:00+00:00,0.0,0.0,0.0
2021-04-10 03:00:00+00:00,0.0,0.0,0.0
2021-04-10 04:00:00+00:00,0.0,0.0,0.0
2021-04-10 05:00:00+00:00,0.0,0.0,0.0
2021-04-10 06:00:00+00:00,0.0,0.0,0.0
2021-04-10 07:00:00+00:00,0.0,0.0,0.0
2021-04-10 08:00:00+00:00,0.0,0.0,0.0
2021-04-10 09:00:00+00:00,0.0,0.0,0.0
2021-04-10 10:00:00+00:00,0.0,0.0,0.0
2021-04-10 11:00:00+00:00,0.6885788760614233,0.5078253091202819,0.1783026160036749
2021-04-10 12:00:00+00:00,1.3446420717092222,1.6258404881115225,1.2070098055382432
2021-04-10 13:00:00+00:00,3.8829929165193073,1.4009817950243442,1.178754665952354
2021-04-10 14:00:00+00:00,7.060829579790673,0.5966901771744447,0.6269122406198898
2021-04-10 15:00:00+00:00,12.380851735710758,8.985210321411914,9.282794780003456
2021-04-10 16:00:00+00:00,14.855499907053385,7.487617864970539,7.60986796499415
2021-04-10 17:00:00+00:00,15.682465541756835,18.967636871795,10.988227029523456
2021-04-10 18:00:00+00:00,15.03993780112052,9.669225699663993,14.459199358731045
2021-04-10 19:00:00+00:00,13.360101094361438,19.745805671988663,16.356263398307433
2021-04-10 20:00:00+00:00,10.760617778645303,16.617684588048633,13.169792181470529
2021-04-10 21:00:00+00:00,7.32081972773826,10.908194531849416,7.895322529046267
2021-04-10 22:00:00+00:00,3.320653121088044,4.867363666237023,3.771192658148907
2021-04-10 23:00:00+00:00,0.4704523925090148,0.6457671657872565,0.5168442845263667
2021-04-11 00:00:00+00:00,0.0,0.0,0.0
2021-04-11 01:00:00+00:00,0.0,0.0,0.0
2021-04-11 02:00:00+00:00,0.0,0.0,0.0
2021-04-11 03:00:00+00:00,0.0,0.0,0.0
2021-04-11 04:00:00+00:00,0.0,0.0,0.0
2021-04-11 05:00:00+00:00,0.0,0.0,0.0
2021-04-11 06:00:00+00:00,0.0,0.0,0.0
2021-04-11 07:00:00+00:00,0.0,0.0,0.0
2021-04-11 08:00:00+00:00,0.0,0.0,0.0
2021-04-11 09:00:00+00:00,0.0,0.0,0.0
2021-04-11 10:00:00+00:00,0.0,0.0,0.0
2021-04-11 11:00:00+00:00,0.720756232611928,0.17029775407497694,0.1494294887153241
2021-04-11 12:00:00+00:00,3.796392161387859,0.4013495222471999,0.2982538587650189
2021-04-11 13:00:00+00:00,8.015969094341639,0.6097017994463773,0.5453138744957213
2021-04-11 14:00:00+00:00,11.248417857458179,0.8182606971963299,0.7343285602289366
2021-04-11 15:00:00+00:00,13.328317482688352,2.854631386198369,0.9693045770857727
2021-04-11 16:00:00+00:00,13.23216278496031,2.178155501908807,2.6213411974685568
2021-04-11 17:00:00+00:00,6.618137688674797,0.7432653907014739,0.3855394712437259
2021-04-11 18:00:00+00:00,2.2229318041753117,0.5920789551779343,0.2452406010504012
2021-04-11 19:00:00+00:00,0.8764021143343202,0.43882314986585635,0.24599650825816136
2021-04-11 20:00:00+00:00,1.5047095106324924,0.05195257297433552,0.041286239441670744
2021-04-11 21:00:00+00:00,0.4437769332626645,0.02604386777599338,0.020682102990378277
2021-04-11 22:00:00+00:00,0.5412780597933246,0.047029692156982696,0.029014977970836957
2021-04-11 23:00:00+00:00,0.016156717384173243,0.0445240911412817,0.0249419503873482
2021-04-12 00:00:00+00:00,0.0,0.0,0.0
2021-04-12 01:00:00+00:00,0.0,0.0,0.0
2021-04-12 02:00:00+00:00,0.0,0.0,0.0
2021-04-12 03:00:00+00:00,0.0,0.0,0.0
2021-04-12 04:00:00+00:00,0.0,0.0,0.0
2021-04-12 05:00:00+00:00,0.0,0.0,0.0
2021-04-12 06:00:00+00:00,0.0,0.0,0.0
2021-04-12 07:00:00+00:00,0.0,0.0,0.0
2021-04-12 08:00:00+00:00,0.0,0.0,0.0
2021-04-12 09:00:00+00:00,0.0,0.0,0.0
2021-04-12 10:00:00+00:00,0.0,0.0,0.0
2021-04-12 11:00:00+00:00,0.2944325981512574,0.05809968938345745,0.029321811142300064
2021-04-12 12:00:00+00:00,0.4904408871617865,0.19256003143641603,0.1653579462004982
2021-04-12 13:00:00+00:00,0.15999671919666225,0.4423418226781532,0.2509697106074012
2021-04-12 14:00:00+00:00,0.37337409079324546,0.23169907840844872,0.23401191218759074
2021-04-12 15:00:00+00:00,0.6647039586075592,5.333261082699573,10.496329120102587
2021-04-12 16:00:00+00:00,0.4913096495516526,11.629883234654187,1.2538176888206278
2021-04-12 17:00:00+00:00,0.9761778082956066,2.3380429175649398,5.844579848235537
2021-04-12 18:00:00+00:00,0.6505421689305849,19.357383166494955,13.576125379086516
2021-04-12 19:00:00+00:00,0.2936044788763654,0.3380311388024041,0.06201011404312726
2021-04-12 20:00:00+00:00,0.3101338524439275,6.871271450559031,2.4150535075158177
2021-04-12 21:00:00+00:00,0.4087204482845482,2.0495556570533857,1.6079357354016395
2021-04-12 22:00:00+00:00,0.2757449392822985,0.2561593888186431,0.2515192056932852
2021-04-12 23:00:00+00:00,0.23837989206140806,0.1259982458831486,0.018750571740321246
2021-04-13 00:00:00+00:00,0.0,0.0,0.0
2021-04-13 01:00:00+00:00,0.0,0.0,0.0
2021-04-13 02:00:00+00:00,0.0,0.0,0.0
2021-04-13 03:00:00+00:00,0.0,0.0,0.0
2021-04-13 04:00:00+00:00,0.0,0.0,0.0
2021-04-13 05:00:00+00:00,0.0,0.0,0.0
2021-04-13 06:00:00+00:00,0.0,0.0,0.0
2021-04-13 07:00:00+00:00,0.0,0.0,0.0
2021-04-13 08:00:00+00:00,0.0,0.0,0.0
2021-04-13 09:00:00+00:00,0.0,0.0,0.0
2021-04-13 10:00:00+00:00,0.0,0.0,0.0
2021-04-13 11:00:00+00:00,0.7987122024439643,1.2414468622445582,0.7608694286418939
2021-04-13 12:00:00+00:00,2.832104987749753,0.4911897221262275,0.48011214356455123
2021-04-13 13:00:00+00:00,8.590733128898355,9.954789213292923,4.434132938053653
2021-04-13 14:00:00+00:00,11.403354039319302,14.740739873165845,13.687225515644267
2021-04-13 15:00:00+00:00,14.443165127651584,21.467525451795385,18.125633253802185
2021-04-13 16:00:00+00:00,15.663580747053327,25.187431788855942,19.969923316403015
2021-04-13 17:00:00+00:00,16.096669135319775,25.570658560331307,20.35549259233489
2021-04-13 18:00:00+00:00,14.207483505422143,24.236924619568214,18.20345712267194
2021-04-13 19:00:00+00:00,11.943332347391271,20.127955172785487,16.651805430886792
2021-04-13 20:00:00+00:00,8.298276841768438,16.004936873842347,13.07170344053957
2021-04-13 21:00:00+00:00,6.077428530312059,11.505399202082565,8.646137607691449
2021-04-13 22:00:00+00:00,2.004653489592471,5.086068959190447,4.0338124823734
2021-04-13 23:00:00+00:00,0.5323340211894834,0.7410076958484799,0.5921075054680803
2021-04-14 00:00:00+00:00,0.0,0.0,0.0
2021-04-14 01:00:00+00:00,0.0,0.0,0.0
2021-04-14 02:00:00+00:00,0.0,0.0,0.0
2021-04-14 03:00:00+00:00,0.0,0.0,0.0
2021-04-14 04:00:00+00:00,0.0,0.0,0.0
2021-04-14 05:00:00+00:00,0.0,0.0,0.0
2021-04-14 06:00:00+00:00,0.0,0.0,0.0
2021-04-14 07:00:00+00:00,0.0,0.0,0.0
2021-04-14 08:00:00+00:00,0.0,0.0,0.0
2021-04-14 09:00:00+00:00,0.0,0.0,0.0
2021-04-14 10:00:00+00:00,0.0,0.0,0.0
2021-04-14 11:00:00+00:00,0.8206825193960714,1.4658861955228004,1.163469283991416
2021-04-14 12:00:00+00:00,4.33124243695369,7.061929341011832,5.614800738872513
2021-04-14 13:00:00+00:00,8.419094546167793,13.220822491677865,10.523882853091784
2021-04-14 14:00:00+00:00,11.807445861272246,18.555009377123177,14.849411037956045
2021-04-14 15:00:00+00:00,14.093516974977234,22.180692114675395,17.785500152452165
2021-04-14 16:00:00+00:00,15.39364370306152,24.508622260222864,19.33397717808845
2021-04-14 17:00:00+00:00,15.765358797307726,25.033909281248523,19.466120329179986
2021-04-14 18:00:00+00:00,15.002921948655832,23.55541130242566,18.44810832475384
2021-04-14 19:00:00+00:00,13.435109593675097,20.66694405325224,15.908286482367085
2021-04-14 20:00:00+00:00,10.877779771690076,15.375387432923258,11.347016986627722
2021-04-14 21:00:00+00:00,7.336654623497412,11.123257948160742,8.756892562070744
2021-04-14 22:00:00+00:00,3.3436316255738845,4.736462035030317,3.857947395769417
2021-04-14 23:00:00+00:00,0.5483534756739997,0.7652095271735554,0.6080274696710661
2021-04-15 00:00:00+00:00,0.0,0.0,0.0
2021-04-15 01:00:00+00:00,0.0,0.0,0.0
2021-04-15 02:00:00+00:00,0.0,0.0,0.0
2021-04-15 03:00:00+00:00,0.0,0.0,0.0
2021-04-15 04:00:00+00:00,0.0,0.0,0.0
2021-04-15 05:00:00+00:00,0.0,0.0,0.0
2021-04-15 06:00:00+00:00,0.0,0.0,0.0
2021-04-15 07:00:00+00:00,0.0,0.0,0.0
2021-04-15 08:00:00+00:00,0.0,0.0,0.0
2021-04-15 09:00:00+00:00,0.0,0.0,0.0
2021-04-15 10:00:00+00:00,0.0,0.0,0.0
2021-04-15 11:00:00+00:00,0.00490181945672771,0.028743675941909318,0.01241313353607996
2021-04-15 12:00:00+00:00,0.03276769285157926,0.18533785310700204,0.28314102548948855
2021-04-15 13:00:00+00:00,0.06550565749406581,0.20885784071847333,0.1552079793746983
2021-04-15 14:00:00+00:00,0.39518455732235575,1.0641998868283975,2.9137169663578177
2021-04-15 15:00:00+00:00,0.2792207407637001,0.08864241947063663,0.09506923263701579
2021-04-15 16:00:00+00:00,0.7985450464329262,0.10426030155022982,0.08271767821650598
2021-04-15 17:00:00+00:00,2.1315548563164746,0.18234081999496946,0.10327976661301674
2021-04-15 18:00:00+00:00,0.6677466636739313,0.1041113407949967,0.22682725871627024
2021-04-15 19:00:00+00:00,0.049155079744451574,0.10424483508890456,0.041341524397390556
2021-04-15 20:00:00+00:00,0.0984506710166678,0.026089555678732057,0.04134473498330777
2021-04-15 21:00:00+00:00,0.03295645528366572,0.026190186744354187,0.02076404438347599
2021-04-15 22:00:00+00:00,0.026507171702772534,0.03409257404389065,0.006241064513986002
2021-04-15 23:00:00+00:00,0.0033194610930945773,0.002624822311934999,0.006256071621408667
2021-04-16 00:00:00+00:00,0.0,0.0,0.0
2021-04-16 01:00:00+00:00,0.0,0.0,0.0
2021-04-16 02:00:00+00:00,0.0,0.0,0.0
2021-04-16 03:00:00+00:00,0.0,0.0,0.0
2021-04-16 04:00:00+00:00,0.0,0.0,0.0
2021-04-16 05:00:00+00:00,0.0,0.0,0.0
2021-04-16 06:00:00+00:00,0.0,0.0,0.0
2021-04-16 07:00:00+00:00,0.0,0.0,0.0
2021-04-16 08:00:00+00:00,0.0,0.0,0.0
2021-04-16 09:00:00+00:00,0.0,0.0,0.0
2021-04-16 10:00:00+00:00,0.0,0.0,0.0
2021-04-16 11:00:00+00:00,0.011910039556019521,0.9111802663378972,0.7025528005172781
2021-04-16 12:00:00+00:00,0.027212015095840765,6.632243290996728,5.577800975482528
2021-04-16 13:00:00+00:00,0.6344406716913614,13.580647547422485,10.549824000465495
2021-04-16 14:00:00+00:00,0.23270004873973824,14.132394173412056,12.630448949303863
2021-04-16 15:00:00+00:00,0.8639719198627285,5.299649685907898,3.2301327059934275
2021-04-16 16:00:00+00:00,0.3679414169020196,9.693447839230478,8.671104907676874
2021-04-16 17:00:00+00:00,0.31825595584313693,17.74793062569249,15.511892290786625
2021-04-16 18:00:00+00:00,1.9399517897615752,9.847460861664825,7.575702196915129
2021-04-16 19:00:00+00:00,1.0455683693562505,0.31617519705239894,1.0887545013222828
2021-04-16 20:00:00+00:00,0.4331706692254321,0.18517040489158929,0.04207312356370331
2021-04-16 21:00:00+00:00,0.9323653632276238,0.814051799142264,0.22957725178659677
2021-04-16 22:00:00+00:00,1.0175508109631892,1.016252643677258,0.5335853963487049
2021-04-16 23:00:00+00:00,0.4762416796543207,0.13483971793104058,0.10705330428089314
2021-04-17 00:00:00+00:00,0.0,0.0,0.0
2021-04-17 01:00:00+00:00,0.0,0.0,0.0
2021-04-17 02:00:00+00:00,0.0,0.0,0.0
2021-04-17 03:00:00+00:00,0.0,0.0,0.0
2021-04-17 04:00:00+00:00,0.0,0.0,0.0
2021-04-17 05:00:00+00:00,0.0,0.0,0.0
2021-04-17 06:00:00+00:00,0.0,0.0,0.0
2021-04-17 07:00:00+00:00,0.0,0.0,0.0
2021-04-17 08:00:00+00:00,0.0,0.0,0.0
2021-04-17 09:00:00+00:00,0.0,0.0,0.0
2021-04-17 10:00:00+00:00,0.0,0.0,0.0
2021-04-17 11:00:00+00:00,0.5721673241400197,1.6216855400858967,1.2768349396984862
2021-04-17 12:00:00+00:00,4.206811192841431,7.653292386444003,6.042855143874019
2021-04-17 13:00:00+00:00,5.109949226010801,13.947527886219548,10.765987995774136
2021-04-17 14:00:00+00:00,8.133396660391126,16.29645280336223,13.046172643350069
2021-04-17 15:00:00+00:00,9.974031116326167,16.84895304907002,13.315830075634905
2021-04-17 16:00:00+00:00,3.446350650846343,23.552131813153597,19.69674793910558
2021-04-17 17:00:00+00:00,7.783108444102817,17.568228857671407,18.881335502307586
2021-04-17 18:00:00+00:00,3.552627421867007,21.83360414477915,18.92505905444147
2021-04-17 19:00:00+00:00,2.4349871004014534,22.267654431066234,17.70327533806742
2021-04-17 20:00:00+00:00,1.2085462898908297,17.776658446064804,14.16934554944768
2021-04-17 21:00:00+00:00,4.62079770432856,11.32365282590844,8.982287967799472
2021-04-17 22:00:00+00:00,3.0750333416944,4.0544054981290705,2.6368565507909096
2021-04-17 23:00:00+00:00,0.5455162978674263,0.2673559296163444,0.09303281974035484
2021-04-18 00:00:00+00:00,0.0,0.0,0.0
2021-04-18 01:00:00+00:00,0.0,0.0,0.0
2021-04-18 02:00:00+00:00,0.0,0.0,0.0
2021-04-18 03:00:00+00:00,0.0,0.0,0.0
2021-04-18 04:00:00+00:00,0.0,0.0,0.0
2021-04-18 05:00:00+00:00,0.0,0.0,0.0
2021-04-18 06:00:00+00:00,0.0,0.0,0.0
2021-04-18 07:00:00+00:00,0.0,0.0,0.0
2021-04-18 08:00:00+00:00,0.0,0.0,0.0
2021-04-18 09:00:00+00:00,0.0,0.0,0.0
2021-04-18 10:00:00+00:00,0.0,0.0,0.0
2021-04-18 11:00:00+00:00,0.9645714270485196,1.6599130971718368,1.307696360554221
2021-04-18 12:00:00+00:00,4.53952313298667,7.406572822302567,5.762581143909235
2021-04-18 13:00:00+00:00,8.35991658103727,13.80749323609814,10.983467810204004
2021-04-18 14:00:00+00:00,11.904112332784665,19.2646746181837,15.336257093767324
2021-04-18 15:00:00+00:00,8.010031621487824,23.0782032254284,18.364679146461803
2021-04-18 16:00:00+00:00,10.252255917551214,25.172455287474897,20.04199407014196
2021-04-18 17:00:00+00:00,11.648680710315357,25.657236907851047,20.521399414548416
2021-04-18 18:00:00+00:00,12.86659032112972,19.03265528123011,19.389461454831316
2021-04-18 19:00:00+00:00,10.800209538753082,15.885554617727177,16.67846380044146
2021-04-18 20:00:00+00:00,5.677218483585101,13.722046720088276,11.239232074236256
2021-04-18 21:00:00+00:00,4.919125845590551,11.247605954247188,9.130819353737202
2021-04-18 22:00:00+00:00,3.5366313798205335,5.200801207753087,4.098543444412771
2021-04-18 23:00:00+00:00,0.636297156333562,0.8760786511340535,0.6979012583660966
2021-04-19 00:00:00+00:00,0.0,0.0,0.0
2021-04-19 01:00:00+00:00,0.0,0.0,0.0
2021-04-19 02:00:00+00:00,0.0,0.0,0.0
2021-04-19 03:00:00+00:00,0.0,0.0,0.0
2021-04-19 04:00:00+00:00,0.0,0.0,0.0
2021-04-19 05:00:00+00:00,0.0,0.0,0.0
2021-04-19 06:00:00+00:00,0.0,0.0,0.0
2021-04-19 07:00:00+00:00,0.0,0.0,0.0
2021-04-19 08:00:00+00:00,0.0,0.0,0.0
2021-04-19 09:00:00+00:00,0.0,0.0,0.0
2021-04-19 10:00:00+00:00,0.0,0.0,0.0
2021-04-19 11:00:00+00:00,0.9689243313071033,1.698104349119377,1.3379833252823834
2021-04-19 12:00:00+00:00,4.622979267102353,7.498475018526675,5.9275974066703485
2021-04-19 13:00:00+00:00,8.684718456913608,13.737788612072789,10.96781212075979
2021-04-19 14:00:00+00:00,12.062840134741652,18.955549475373253,15.059123843831351
2021-04-19 15:00:00+00:00,14.499304519765017,22.5533948477777,18.02070268407521
2021-04-19 16:00:00+00:00,15.89472953637787,24.62246056582742,19.647989547494983
2021-04-19 17:00:00+00:00,13.406601423511303,25.0809701609193,16.362685772471767
2021-04-19 18:00:00+00:00,0.24259988118251066,20.551214439592254,4.376198689350354
2021-04-19 19:00:00+00:00,1.8294657978557833,13.383417520077995,15.862929183608275
2021-04-19 20:00:00+00:00,10.769262913261473,15.652997917808749,12.350268863893799
2021-04-19 21:00:00+00:00,7.456306917630746,7.194869474009648,7.924586956545779
2021-04-19 22:00:00+00:00,3.4951127907208637,4.780089831494459,4.013463352784483
2021-04-19 23:00:00+00:00,0.6338159488810665,0.8997335956887998,0.7182228258961896
2021-04-20 00:00:00+00:00,0.0,0.0,0.0
2021-04-20 01:00:00+00:00,0.0,0.0,0.0
2021-04-20 02:00:00+00:00,0.0,0.0,0.0
2021-04-20 03:00:00+00:00,0.0,0.0,0.0
2021-04-20 04:00:00+00:00,0.0,0.0,0.0
2021-04-20 05:00:00+00:00,0.0,0.0,0.0
2021-04-20 06:00:00+00:00,0.0,0.0,0.0
2021-04-20 07:00:00+00:00,0.0,0.0,0.0
2021-04-20 08:00:00+00:00,0.0,0.0,0.0
2021-04-20 09:00:00+00:00,0.0,0.0,0.0
2021-04-20 10:00:00+00:00,0.0,0.0,0.0
2021-04-20 11:00:00+00:00,0.9866199781146388,1.7328852239097372,1.369315584704279
2021-04-20 12:00:00+00:00,4.130785820056643,7.500936396639167,5.9396746588066005
2021-04-20 13:00:00+00:00,8.112819343075833,13.587071924918927,10.822553492439164
2021-04-20 14:00:00+00:00,11.784341554786247,18.746762244154894,14.820573749101941
2021-04-20 15:00:00+00:00,14.168921329265643,22.498936806485407,17.753562979713813
2021-04-20 16:00:00+00:00,12.773970802091975,24.79155294226733,19.528809900849033
2021-04-20 17:00:00+00:00,15.075530426387239,24.330855258774395,19.757247505823514
2021-04-20 18:00:00+00:00,11.643891894090126,23.835451785410186,18.75307129988008
2021-04-20 19:00:00+00:00,5.418328459535247,21.26674227580594,16.654176905112195
2021-04-20 20:00:00+00:00,9.045304419260454,16.94600781498685,13.38464884033606
2021-04-20 21:00:00+00:00,7.07759616553233,11.31700035449402,8.961919696849396
2021-04-20 22:00:00+00:00,3.5279512188955424,4.949493562974581,4.042636510684217
2021-04-20 23:00:00+00:00,0.6639107161758784,0.9171403525379929,0.7312874857463094
2021-04-21 00:00:00+00:00,0.0,0.0,0.0
2021-04-21 01:00:00+00:00,0.0,0.0,0.0
2021-04-21 02:00:00+00:00,0.0,0.0,0.0
2021-04-21 03:00:00+00:00,0.0,0.0,0.0
2021-04-21 04:00:00+00:00,0.0,0.0,0.0
2021-04-21 05:00:00+00:00,0.0,0.0,0.0
2021-04-21 06:00:00+00:00,0.0,0.0,0.0
2021-04-21 07:00:00+00:00,0.0,0.0,0.0
2021-04-21 08:00:00+00:00,0.0,0.0,0.0
2021-04-21 09:00:00+00:00,0.0,0.0,0.0
2021-04-21 10:00:00+00:00,0.0,0.0,0.0
2021-04-21 11:00:00+00:00,1.0476407519499968,1.7701659435012107,1.403306227368749
2021-04-21 12:00:00+00:00,0.020123814457838837,7.190945198193335,5.656129348539252
2021-04-21 13:00:00+00:00,1.9846956012545902,13.581513227798835,10.709735410780139
2021-04-21 14:00:00+00:00,0.5251695532981531,18.56320633511297,10.498873902958994
2021-04-21 15:00:00+00:00,3.380424193088006,7.54434097751627,17.14477375386114
2021-04-21 16:00:00+00:00,2.344885882290069,0.051193065252600894,0.04070317512709458
2021-04-21 17:00:00+00:00,1.5817585901612699,0.6397052927940935,0.2843313410320102
2021-04-21 18:00:00+00:00,1.1006765129014404,14.418187407655912,18.024651713461257
2021-04-21 19:00:00+00:00,0.033747632984919645,19.709820400373488,15.342685409254184
2021-04-21 20:00:00+00:00,0.03385836782563288,1.3286141155243347,0.06103145814691887
2021-04-21 21:00:00+00:00,0.050924107032044544,0.1296658929825634,0.32953222506428104
2021-04-21 22:00:00+00:00,0.16952528805349606,0.47847115406177837,0.09935145347881184
2021-04-21 23:00:00+00:00,0.0696719926697838,0.07857602046028342,0.08761429467493649
2021-04-22 00:00:00+00:00,0.0,0.0,0.0
2021-04-22 01:00:00+00:00,0.0,0.0,0.0
2021-04-22 02:00:00+00:00,0.0,0.0,0.0
2021-04-22 03:00:00+00:00,0.0,0.0,0.0
2021-04-22 04:00:00+00:00,0.0,0.0,0.0
2021-04-22 05:00:00+00:00,0.0,0.0,0.0
2021-04-22 06:00:00+00:00,0.0,0.0,0.0
2021-04-22 07:00:00+00:00,0.0,0.0,0.0
2021-04-22 08:00:00+00:00,0.0,0.0,0.0
2021-04-22 09:00:00+00:00,0.0,0.0,0.0
2021-04-22 10:00:00+00:00,0.0,0.0,0.0
2021-04-22 11:00:00+00:00,1.1250110365788282,1.8103703474945665,1.4280248360836245
2021-04-22 12:00:00+00:00,4.205802955083501,8.155895502763972,6.397729948702352
2021-04-22 13:00:00+00:00,6.38001222153508,13.513712301875582,9.262497814583735
2021-04-22 14:00:00+00:00,7.437214674059522,14.593426256591728,13.764652951102466
2021-04-22 15:00:00+00:00,2.168031138838001,8.383043072751866,5.7366783567430355
2021-04-22 16:00:00+00:00,0.8541173782117572,15.082628189290926,13.013489702132514
2021-04-22 17:00:00+00:00,1.182509150619176,8.762088453649646,6.031201998335747
2021-04-22 18:00:00+00:00,2.4225099206427823,16.974749255946413,14.78116221672776
2021-04-22 19:00:00+00:00,1.2493911678543455,17.778571211253297,13.351184295754617
2021-04-22 20:00:00+00:00,2.42232200988306,6.1935396211875835,5.1700999722846985
2021-04-22 21:00:00+00:00,0.6675603158513729,10.707637093829618,9.803494291046151
2021-04-22 22:00:00+00:00,0.8979721672909476,5.043403565628253,0.7325063930645128
2021-04-22 23:00:00+00:00,0.7130678764433486,1.0023826706298165,0.7970177814898091
2021-04-23 00:00:00+00:00,0.0,0.0,0.0
2021-04-23 01:00:00+00:00,0.0,0.0,0.0
2021-04-23 02:00:00+00:00,0.0,0.0,0.0
2021-04-23 03:00:00+00:00,0.0,0.0,0.0
2021-04-23 04:00:00+00:00,0.0,0.0,0.0
2021-04-23 05:00:00+00:00,0.0,0.0,0.0
2021-04-23 06:00:00+00:00,0.0,0.0,0.0
2021-04-23 07:00:00+00:00,0.0,0.0,0.0
2021-04-23 08:00:00+00:00,0.0,0.0,0.0
2021-04-23 09:00:00+00:00,0.0,0.0,0.0
2021-04-23 10:00:00+00:00,0.0,0.0,0.0
2021-04-23 11:00:00+00:00,1.0386607069036942,1.83466856656613,1.4472222778840582
2021-04-23 12:00:00+00:00,5.012880449968492,8.18439525862734,6.480636681195843
2021-04-23 13:00:00+00:00,9.128636625290232,14.831512764082358,11.801380851948815
2021-04-23 14:00:00+00:00,5.496263476507486,20.403232826088374,16.203925019909306
2021-04-23 15:00:00+00:00,13.091469385992808,24.311338992186037,19.345262736156148
2021-04-23 16:00:00+00:00,10.914675743374952,26.388339073593816,20.979856541973035
2021-04-23 17:00:00+00:00,11.935293551066296,26.60238324474775,21.133753136185508
2021-04-23 18:00:00+00:00,15.0689807108354,25.329907592882314,20.16845661665237
2021-04-23 19:00:00+00:00,14.013706632557929,22.120301157846793,17.60623647143816
2021-04-23 20:00:00+00:00,11.481196188701269,17.69766605966518,14.072400066968598
2021-04-23 21:00:00+00:00,7.818628363568302,11.85659168102974,9.442480825017409
2021-04-23 22:00:00+00:00,3.6724593910676804,5.4018075800733945,4.310435308126323
2021-04-23 23:00:00+00:00,0.6718528910709304,0.9583186393787534,0.7651949849953051
2021-04-24 00:00:00+00:00,0.0,0.0,0.0
2021-04-24 01:00:00+00:00,0.0,0.0,0.0
2021-04-24 02:00:00+00:00,0.0,0.0,0.0
2021-04-24 03:00:00+00:00,0.0,0.0,0.0
2021-04-24 04:00:00+00:00,0.0,0.0,0.0
2021-04-24 05:00:00+00:00,0.0,0.0,0.0
2021-04-24 06:00:00+00:00,0.0,0.0,0.0
2021-04-24 07:00:00+00:00,0.0,0.0,0.0
2021-04-24 08:00:00+00:00,0.0,0.0,0.0
2021-04-24 09:00:00+00:00,0.0,0.0,0.0
2021-04-24 10:00:00+00:00,0.0,0.0,0.0
2021-04-24 11:00:00+00:00,1.0560625302231692,1.8536669324818016,1.4554127445838956
2021-04-24 12:00:00+00:00,4.82124406027456,7.941770290896225,6.2897401228131935
2021-04-24 13:00:00+00:00,8.883357620145903,14.197899346911614,11.252678708539404
2021-04-24 14:00:00+00:00,12.214670639800406,19.262459835913912,15.306606379878614
2021-04-24 15:00:00+00:00,14.620346727006188,22.878268877754692,18.19965650524943
2021-04-24 16:00:00+00:00,15.842348503311587,24.3098451823095,19.72882803225078
2021-04-24 17:00:00+00:00,16.17690160773065,24.84633503562101,19.949235278175582
2021-04-24 18:00:00+00:00,15.066267650963265,23.830827549210618,15.412839995495522
2021-04-24 19:00:00+00:00,13.764617065645256,21.318315903063116,16.328106554572905
2021-04-24 20:00:00+00:00,11.092848739218615,13.712837760531068,12.956076253384419
2021-04-24 21:00:00+00:00,7.537771768028129,7.2110141367536045,7.11411376696256
2021-04-24 22:00:00+00:00,3.551773587235583,3.517181608087895,2.8452357221793156
2021-04-24 23:00:00+00:00,0.6109219345922952,0.9030512164047815,0.7908179281313878
2021-04-25 00:00:00+00:00,0.0,0.0,0.0
2021-04-25 01:00:00+00:00,0.0,0.0,0.0
2021-04-25 02:00:00+00:00,0.0,0.0,0.0
2021-04-25 03:00:00+00:00,0.0,0.0,0.0
2021-04-25 04:00:00+00:00,0.0,0.0,0.0
2021-04-25 05:00:00+00:00,0.0,0.0,0.0
2021-04-25 06:00:00+00:00,0.0,0.0,0.0
2021-04-25 07:00:00+00:00,0.0,0.0,0.0
2021-04-25 08:00:00+00:00,0.0,0.0,0.0
2021-04-25 09:00:00+00:00,0.0,0.0,0.0
2021-04-25 10:00:00+00:00,0.0,0.0,0.0
2021-04-25 11:00:00+00:00,0.027849188041168656,0.06532633132117395,0.04357855956371027
2021-04-25 12:00:00+00:00,0.2819035766162047,0.13883052105992147,0.14129671881553
2021-04-25 13:00:00+00:00,1.7005857052590885,0.09163256517002874,0.09978231601429376
2021-04-25 14:00:00+00:00,1.1289840531307342,0.15706536489593356,0.08736705788547457
2021-04-25 15:00:00+00:00,5.645993177331383,0.7331652995297002,0.6730939331023038
2021-04-25 16:00:00+00:00,11.668938426927564,0.3918099619912969,0.49808547875929654
2021-04-25 17:00:00+00:00,10.127026050595049,2.9154705741947464,3.138187129887356
2021-04-25 18:00:00+00:00,9.344784285485092,15.79110039579855,13.282937392051085
2021-04-25 19:00:00+00:00,2.1023574693555624,13.123321936726395,8.221747651546556
2021-04-25 20:00:00+00:00,9.469550116794041,16.736931473220846,12.512660507969372
2021-04-25 21:00:00+00:00,6.096582128295139,11.427154753213948,8.886288240475091
2021-04-25 22:00:00+00:00,0.10307344903809994,5.225127751852639,4.164926218356072
2021-04-25 23:00:00+00:00,0.7241169877827871,1.0542714889289182,0.8361910645693061
2021-04-26 00:00:00+00:00,0.0,0.0,0.0
2021-04-26 01:00:00+00:00,0.0,0.0,0.0
2021-04-26 02:00:00+00:00,0.0,0.0,0.0
2021-04-26 03:00:00+00:00,0.0,0.0,0.0
2021-04-26 04:00:00+00:00,0.0,0.0,0.0
2021-04-26 05:00:00+00:00,0.0,0.0,0.0
2021-04-26 06:00:00+00:00,0.0,0.0,0.0
2021-04-26 07:00:00+00:00,0.0,0.0,0.0
2021-04-26 08:00:00+00:00,0.0,0.0,0.0
2021-04-26 09:00:00+00:00,0.0,0.0,0.0
2021-04-26 10:00:00+00:00,0.0,0.0,0.0
2021-04-26 11:00:00+00:00,1.107492981085124,1.8933745637788142,1.4958902167240749
2021-04-26 12:00:00+00:00,4.999094828214453,8.320602795049362,6.58517979680293
2021-04-26 13:00:00+00:00,9.40729256268406,14.867890303193112,11.830496664684748
2021-04-26 14:00:00+00:00,12.848745638470936,20.270782244502495,16.132385387787814
2021-04-26 15:00:00+00:00,15.519924276298452,24.128898792423158,19.179586333196458
2021-04-26 16:00:00+00:00,16.62183968472647,26.38209219554723,20.954691666237245
2021-04-26 17:00:00+00:00,17.25021955944047,26.749027310050995,21.301593457744254
2021-04-26 18:00:00+00:00,16.399839261444498,25.43131341799687,20.211569141497595
2021-04-26 19:00:00+00:00,14.176674199412412,22.367008349881885,17.780722443343166
2021-04-26 20:00:00+00:00,11.637931265110057,17.875683397121367,14.222381688549756
2021-04-26 21:00:00+00:00,7.971895382663197,12.101725106568155,9.657751949764204
2021-04-26 22:00:00+00:00,3.7450765252934395,5.522312368135831,4.410727915739128
2021-04-26 23:00:00+00:00,0.7011665695973349,1.012394723303512,0.8068393008433303
2021-04-27 00:00:00+00:00,0.0,0.0,0.0
2021-04-27 01:00:00+00:00,0.0,0.0,0.0
2021-04-27 02:00:00+00:00,0.0,0.0,0.0
2021-04-27 03:00:00+00:00,0.0,0.0,0.0
2021-04-27 04:00:00+00:00,0.0,0.0,0.0
2021-04-27 05:00:00+00:00,0.0,0.0,0.0
2021-04-27 06:00:00+00:00,0.0,0.0,0.0
2021-04-27 07:00:00+00:00,0.0,0.0,0.0
2021-04-27 08:00:00+00:00,0.0,0.0,0.0
2021-04-27 09:00:00+00:00,0.0,0.0,0.0
2021-04-27 10:00:00+00:00,0.0,0.0,0.0
2021-04-27 11:00:00+00:00,0.04536991802347104,2.0841321147125296,1.6462132996860135
2021-04-27 12:00:00+00:00,0.16862072739660328,7.089919823678727,4.9678714807052975
2021-04-27 13:00:00+00:00,6.826611595950712,13.738595444955225,10.946524870759148
2021-04-27 14:00:00+00:00,10.477159602963205,19.32414271335339,15.346496979655948
2021-04-27 15:00:00+00:00,14.541193702005346,22.868464150112683,18.175416009528675
2021-04-27 16:00:00+00:00,12.59193749764173,24.806990044615592,19.63190602489388
2021-04-27 17:00:00+00:00,16.159475244289226,25.018089909081098,19.7580435788886
2021-04-27 18:00:00+00:00,15.395634524091514,23.908726673144315,18.89466676382965
2021-04-27 19:00:00+00:00,13.562139112380779,21.135322790409848,16.78546436924254
2021-04-27 20:00:00+00:00,10.785400110677523,16.890202860423884,13.292586053798441
2021-04-27 21:00:00+00:00,7.288507343919978,11.040340889848082,8.916852209391665
2021-04-27 22:00:00+00:00,3.500714215351942,5.282136350517926,4.184345010176657
2021-04-27 23:00:00+00:00,0.7427011930360112,1.081454252890169,0.8615745179365575
2021-04-28 00:00:00+00:00,0.0,0.0,0.0
2021-04-28 01:00:00+00:00,0.0,0.0,0.0
2021-04-28 02:00:00+00:00,0.0,0.0,0.0
2021-04-28 03:00:00+00:00,0.0,0.0,0.0
2021-04-28 04:00:00+00:00,0.0,0.0,0.0
2021-04-28 05:00:00+00:00,0.0,0.0,0.0
2021-04-28 06:00:00+00:00,0.0,0.0,0.0
2021-04-28 07:00:00+00:00,0.0,0.0,0.0
2021-04-28 08:00:00+00:00,0.0,0.0,0.0
2021-04-28 09:00:00+00:00,0.0,0.0,0.0
2021-04-28 10:00:00+00:00,0.011504436173942636,0.02614862363157299,0.020779847230331105
2021-04-28 11:00:00+00:00,1.182710295183909,2.011619164486839,1.5908815158729108
2021-04-28 12:00:00+00:00,4.604214575617047,7.543258453194246,5.9665369719790045
2021-04-28 13:00:00+00:00,8.2369779282496,10.220942635102908,8.750921059202676
2021-04-28 14:00:00+00:00,10.684124940573238,16.50007917135754,14.056743786256806
2021-04-28 15:00:00+00:00,13.602742618492432,20.26327977387059,16.148756277261025
2021-04-28 16:00:00+00:00,10.079009732203573,23.095875912613593,18.99921789130988
2021-04-28 17:00:00+00:00,14.966485989531481,23.772960756988077,18.764103209235312
2021-04-28 18:00:00+00:00,1.7744024152949638,22.577631834652177,18.159573335825446
2021-04-28 19:00:00+00:00,2.756042027172809,19.980152136896134,15.887478116622404
2021-04-28 20:00:00+00:00,0.5536659537574322,15.974011588256351,12.423941299542664
2021-04-28 21:00:00+00:00,0.20802815402795094,10.09341610897474,8.451489456745795
2021-04-28 22:00:00+00:00,0.017732283900433892,4.401709908295768,3.7640074460340287
2021-04-28 23:00:00+00:00,0.05986935698238588,1.1344389732284836,0.8995189588869338
2021-04-29 00:00:00+00:00,0.0,0.0,0.0
2021-04-29 01:00:00+00:00,0.0,0.0,0.0
2021-04-29 02:00:00+00:00,0.0,0.0,0.0
2021-04-29 03:00:00+00:00,0.0,0.0,0.0
2021-04-29 04:00:00+00:00,0.0,0.0,0.0
2021-04-29 05:00:00+00:00,0.0,0.0,0.0
2021-04-29 06:00:00+00:00,0.0,0.0,0.0
2021-04-29 07:00:00+00:00,0.0,0.0,0.0
2021-04-29 08:00:00+00:00,0.0,0.0,0.0
2021-04-29 09:00:00+00:00,0.0,0.0,0.0
2021-04-29 10:00:00+00:00,0.01624684675214104,0.025837883450714836,0.0
2021-04-29 11:00:00+00:00,0.20213347581696198,0.08738541374733787,0.09769910114276835
2021-04-29 12:00:00+00:00,0.18081189713965756,1.2331420005518363,0.5171079775260242
2021-04-29 13:00:00+00:00,0.27652005937513774,0.45220078417181314,0.46186603963557055
2021-04-29 14:00:00+00:00,0.3415626407030011,13.436126228527948,5.461154587080488
2021-04-29 15:00:00+00:00,0.1899139259152875,1.3706013154617334,1.5379539037052141
2021-04-29 16:00:00+00:00,0.2105608498333322,1.9905516450551863,2.4650448312230213
2021-04-29 17:00:00+00:00,0.11361484434182294,4.612775214907286,11.758648560809903
2021-04-29 18:00:00+00:00,0.04885047497099061,3.4952202454994237,7.100398165667336
2021-04-29 19:00:00+00:00,0.06499451120513042,4.247448315650784,3.6242768346433665
2021-04-29 20:00:00+00:00,0.08103336722048092,1.2238167801217887,5.485773128252259
2021-04-29 21:00:00+00:00,0.11333447708350602,0.7282650141302074,0.19909676005374977
2021-04-29 22:00:00+00:00,0.04705158876086444,0.053492614122490276,0.0443207614294006
2021-04-29 23:00:00+00:00,0.011369181556504713,0.12201256761911342,0.080596881388523
2021-04-30 00:00:00+00:00,0.0,0.0,0.0
2021-04-30 01:00:00+00:00,0.0,0.0,0.0
2021-04-30 02:00:00+00:00,0.0,0.0,0.0
2021-04-30 03:00:00+00:00,0.0,0.0,0.0
2021-04-30 04:00:00+00:00,0.0,0.0,0.0
2021-04-30 05:00:00+00:00,0.0,0.0,0.0
2021-04-30 06:00:00+00:00,0.0,0.0,0.0
2021-04-30 07:00:00+00:00,0.0,0.0,0.0
2021-04-30 08:00:00+00:00,0.0,0.0,0.0
2021-04-30 09:00:00+00:00,0.0,0.0,0.0
2021-04-30 10:00:00+00:00,0.011458845457012909,0.02552240306363917,0.04658861992996774
2021-04-30 11:00:00+00:00,0.11463130112377748,2.131242681160512,1.6934296628661167
2021-04-30 12:00:00+00:00,0.07034902544854392,7.662595567606556,6.075122451555832
2021-04-30 13:00:00+00:00,0.8495614844905347,13.068345718707068,10.57158644940282
2021-04-30 14:00:00+00:00,0.31828290724509806,18.60084391567933,14.372395697928296
2021-04-30 15:00:00+00:00,4.185640020353306,22.48786952020995,16.774510802094063
2021-04-30 16:00:00+00:00,3.6164506848516225,18.01904698719252,15.964765938300562
2021-04-30 17:00:00+00:00,2.5977865269852467,20.549035671469177,19.72037222858876
2021-04-30 18:00:00+00:00,0.4885627500364172,21.692818759464963,17.96060999762845
2021-04-30 19:00:00+00:00,0.40950508736609703,17.782425270110508,14.189103539969048
2021-04-30 20:00:00+00:00,0.18079873436526786,0.3307866492182454,1.52576519052756
2021-04-30 21:00:00+00:00,0.6232300128004216,11.347427869777345,8.798715143674082
2021-04-30 22:00:00+00:00,0.28475241044726507,5.311103144399655,4.253391511073784
2021-04-30 23:00:00+00:00,0.16484134957302274,1.1114786647685457,0.8874885092455247
2021-05-01 00:00:00+00:00,0.0,0.0,0.0
2021-05-01 01:00:00+00:00,0.0,0.0,0.0
2021-05-01 02:00:00+00:00,0.0,0.0,0.0
2021-05-01 03:00:00+00:00,0.0,0.0,0.0
2021-05-01 04:00:00+00:00,0.0,0.0,0.0
2021-05-01 05:00:00+00:00,0.0,0.0,0.0
2021-05-01 06:00:00+00:00,0.0,0.0,0.0
2021-05-01 07:00:00+00:00,0.0,0.0,0.0
2021-05-01 08:00:00+00:00,0.0,0.0,0.0
2021-05-01 09:00:00+00:00,0.0,0.0,0.0
2021-05-01 10:00:00+00:00,0.02177474379639554,0.1561505268981252,0.1218159076554056
2021-05-01 11:00:00+00:00,0.11071351269343607,2.104281317874746,1.6905662771419085
2021-05-01 12:00:00+00:00,4.662164098834608,8.097627685988817,6.345539751125084
2021-05-01 13:00:00+00:00,8.355493148999654,14.380427666133004,11.062508740944269
2021-05-01 14:00:00+00:00,5.081010402349165,19.577417852413987,15.602674294646494
2021-05-01 15:00:00+00:00,4.486812900214654,23.312804712830786,18.577648539277458
2021-05-01 16:00:00+00:00,11.40015607594895,25.40232299247703,20.231140886465177
2021-05-01 17:00:00+00:00,13.934725118278822,25.746116348130336,20.56318879989033
2021-05-01 18:00:00+00:00,13.08467609696153,24.613907588339675,19.6247138497563
2021-05-01 19:00:00+00:00,14.081081599263713,21.879490476988103,17.44054457984938
2021-05-01 20:00:00+00:00,11.33972299207535,17.454838917553168,13.912656690343741
2021-05-01 21:00:00+00:00,7.688941209799611,11.77351752018122,9.361636364910243
2021-05-01 22:00:00+00:00,3.650857851356783,5.38851205522509,4.297939418715356
2021-05-01 23:00:00+00:00,0.765232705663793,1.1198293797166445,0.8931585671242224
2021-05-02 00:00:00+00:00,0.0,0.0,0.0
2021-05-02 01:00:00+00:00,0.0,0.0,0.0
2021-05-02 02:00:00+00:00,0.0,0.0,0.0
2021-05-02 03:00:00+00:00,0.0,0.0,0.0
2021-05-02 04:00:00+00:00,0.0,0.0,0.0
2021-05-02 05:00:00+00:00,0.0,0.0,0.0
2021-05-02 06:00:00+00:00,0.0,0.0,0.0
2021-05-02 07:00:00+00:00,0.0,0.0,0.0
2021-05-02 08:00:00+00:00,0.0,0.0,0.0
2021-05-02 09:00:00+00:00,0.0,0.0,0.0
2021-05-02 10:00:00+00:00,0.1542481373156165,0.12165919138853756,0.15207286823425037
2021-05-02 11:00:00+00:00,1.1970622505774484,2.0975182926997533,1.6585069602404636
2021-05-02 12:00:00+00:00,4.802994622345274,7.730856587322215,6.1312057462052465
2021-05-02 13:00:00+00:00,8.586547381231604,13.590284974937465,10.788502807426118
2021-05-02 14:00:00+00:00,11.690353400605161,18.247953130471767,14.438172328798274
2021-05-02 15:00:00+00:00,13.836016179237513,21.762414044647922,16.83272616900802
2021-05-02 16:00:00+00:00,1.478111903920537,19.700269491344386,8.63646715309048
2021-05-02 17:00:00+00:00,0.40914306160398023,23.808189981423148,16.526186886688713
2021-05-02 18:00:00+00:00,0.5266182211897695,0.15069940003515395,3.0210321096481842
2021-05-02 19:00:00+00:00,0.1606215389417068,1.5609807603307144,2.025394845048406
2021-05-02 20:00:00+00:00,0.4976320249636312,15.776386802793931,12.418656568249515
2021-05-02 21:00:00+00:00,0.04857341900327601,10.629065962766804,8.33591010931557
2021-05-02 22:00:00+00:00,0.017875336560070957,5.01194075051013,3.90779897342088
2021-05-02 23:00:00+00:00,0.022823732728940442,1.2098525736966133,0.9815374516608711
2021-05-03 00:00:00+00:00,0.0,0.0,0.0
2021-05-03 01:00:00+00:00,0.0,0.0,0.0
2021-05-03 02:00:00+00:00,0.0,0.0,0.0
2021-05-03 03:00:00+00:00,0.0,0.0,0.0
2021-05-03 04:00:00+00:00,0.0,0.0,0.0
2021-05-03 05:00:00+00:00,0.0,0.0,0.0
2021-05-03 06:00:00+00:00,0.0,0.0,0.0
2021-05-03 07:00:00+00:00,0.0,0.0,0.0
2021-05-03 08:00:00+00:00,0.0,0.0,0.0
2021-05-03 09:00:00+00:00,0.0,0.0,0.0
2021-05-03 10:00:00+00:00,0.10374394069674392,0.23854496376236872,0.18300335949779625
2021-05-03 11:00:00+00:00,1.3197125173909303,1.3783582895340674,1.0220897969537766
2021-05-03 12:00:00+00:00,4.781718880842633,1.5181528899466363,1.2111090430193112
2021-05-03 13:00:00+00:00,8.357203843796675,2.526564908783257,2.5337621766803347
2021-05-03 14:00:00+00:00,11.254804312673132,4.37042642435617,3.5068600446402622
2021-05-03 15:00:00+00:00,13.588315027872703,1.7120855972208362,1.0689306137827708
2021-05-03 16:00:00+00:00,14.926988035448561,3.049875570625683,1.47801530608182
2021-05-03 17:00:00+00:00,15.119185416567433,2.840225072057311,2.444828950663792
2021-05-03 18:00:00+00:00,14.406924788871134,3.4807580774658304,3.098963671447692
2021-05-03 19:00:00+00:00,12.509099301145765,9.913463847045415,6.631233328574527
2021-05-03 20:00:00+00:00,10.360135995859089,5.659346649613089,5.514191096417976
2021-05-03 21:00:00+00:00,6.3577130640616035,0.38096034594368705,0.6242116198363865
2021-05-03 22:00:00+00:00,3.437359041187703,3.802452096914682,3.5401588318311603
2021-05-03 23:00:00+00:00,0.8739381021502108,0.005135074238308968,0.008153780603565232
2021-05-04 00:00:00+00:00,0.0,0.0,0.0
2021-05-04 01:00:00+00:00,0.0,0.0,0.0
2021-05-04 02:00:00+00:00,0.0,0.0,0.0
2021-05-04 03:00:00+00:00,0.0,0.0,0.0
2021-05-04 04:00:00+00:00,0.0,0.0,0.0
2021-05-04 05:00:00+00:00,0.0,0.0,0.0
2021-05-04 06:00:00+00:00,0.0,0.0,0.0
2021-05-04 07:00:00+00:00,0.0,0.0,0.0
2021-05-04 08:00:00+00:00,0.0,0.0,0.0
2021-05-04 09:00:00+00:00,0.0,0.0,0.0
2021-05-04 10:00:00+00:00,0.056191928289736466,0.0025849628514834086,0.00411921568998707
2021-05-04 11:00:00+00:00,0.09735861725144461,0.21769941326050896,0.16718637394732036
2021-05-04 12:00:00+00:00,0.3431059669691795,0.7423414102918638,0.3902855901371812
2021-05-04 13:00:00+00:00,2.3675861955740194,1.8241672512053884,1.4671956739957208
2021-05-04 14:00:00+00:00,1.36112498746605,0.7484626893544699,0.3423512096603039
2021-05-04 15:00:00+00:00,2.639707678273518,2.0577358382207374,2.1010903404231396
2021-05-04 16:00:00+00:00,2.0242682578744486,3.047516976789541,3.293380898040216
2021-05-04 17:00:00+00:00,1.0111662845059184,7.487832124039438,12.365138966345132
2021-05-04 18:00:00+00:00,0.8998367386761893,18.271527962109758,12.394145501813824
2021-05-04 19:00:00+00:00,0.2423588220568228,17.544182420853996,13.555590627371377
2021-05-04 20:00:00+00:00,0.5317417047243813,15.548553127758751,12.640163875705207
2021-05-04 21:00:00+00:00,0.4009677594460051,10.103286066063447,8.025781066420539
2021-05-04 22:00:00+00:00,2.482796536470499,0.39382567988878936,3.3141356450932715
2021-05-04 23:00:00+00:00,0.41247881130833536,0.6898667705266774,1.00818799994014
2021-05-05 00:00:00+00:00,0.0,0.0,0.0
2021-05-05 01:00:00+00:00,0.0,0.0,0.0
2021-05-05 02:00:00+00:00,0.0,0.0,0.0
2021-05-05 03:00:00+00:00,0.0,0.0,0.0
2021-05-05 04:00:00+00:00,0.0,0.0,0.0
2021-05-05 05:00:00+00:00,0.0,0.0,0.0
2021-05-05 06:00:00+00:00,0.0,0.0,0.0
2021-05-05 07:00:00+00:00,0.0,0.0,0.0
2021-05-05 08:00:00+00:00,0.0,0.0,0.0
2021-05-05 09:00:00+00:00,0.0,0.0,0.0
2021-05-05 10:00:00+00:00,0.013017299413452458,0.036501468214477764,0.037223242542262974
2021-05-05 11:00:00+00:00,0.11217407149230708,0.19546140721160984,0.14477764955535322
2021-05-05 12:00:00+00:00,0.23064680733827578,0.48592266120063055,0.36682513048209475
2021-05-05 13:00:00+00:00,0.5082569478851975,1.1773679496647151,1.2919911774296688
2021-05-05 14:00:00+00:00,0.5211362530228543,0.4693033408104809,0.06406342197423641
2021-05-05 15:00:00+00:00,0.24532904505645817,0.341934851659058,0.12587248985037375
2021-05-05 16:00:00+00:00,0.2917392034085976,0.0779417844708165,0.08271440094186051
2021-05-05 17:00:00+00:00,0.2109055429209972,0.41415626394893956,0.18583661002358726
2021-05-05 18:00:00+00:00,0.09742430677776003,1.081615045382193,0.4320318476727704
2021-05-05 19:00:00+00:00,0.2752436917523651,0.1805509973808418,0.1442009921221697
2021-05-05 20:00:00+00:00,0.06497106236205011,0.5671135302649118,0.3080899865717374
2021-05-05 21:00:00+00:00,0.14625300001442842,0.10327784502865354,0.10265625082127595
2021-05-05 22:00:00+00:00,0.024427711097913286,0.04649468708609556,0.05952270562171762
2021-05-05 23:00:00+00:00,0.00653275394362317,0.23514114798013347,0.16836032181181806
2021-05-06 00:00:00+00:00,0.0,0.0,0.0
2021-05-06 01:00:00+00:00,0.0,0.0,0.0
2021-05-06 02:00:00+00:00,0.0,0.0,0.0
2021-05-06 03:00:00+00:00,0.0,0.0,0.0
2021-05-06 04:00:00+00:00,0.0,0.0,0.0
2021-05-06 05:00:00+00:00,0.0,0.0,0.0
2021-05-06 06:00:00+00:00,0.0,0.0,0.0
2021-05-06 07:00:00+00:00,0.0,0.0,0.0
2021-05-06 08:00:00+00:00,0.0,0.0,0.0
2021-05-06 09:00:00+00:00,0.0,0.0,0.0
2021-05-06 10:00:00+00:00,0.3117131218539808,0.4276047125374917,0.3367786687062222
2021-05-06 11:00:00+00:00,1.1990244235038838,2.1168201424606385,1.6671994825840553
2021-05-06 12:00:00+00:00,5.124947904317108,8.197724072355749,6.5056146964709205
2021-05-06 13:00:00+00:00,8.802256754606928,14.43270573252523,11.473685729749615
2021-05-06 14:00:00+00:00,12.112659353115099,19.613052254460676,15.656661509065394
2021-05-06 15:00:00+00:00,13.788090901480517,22.668905881281663,18.53629192788974
2021-05-06 16:00:00+00:00,16.140865283185025,25.229008240594705,19.734834994093863
2021-05-06 17:00:00+00:00,15.688877458629547,25.4734003265086,20.347148711255045
2021-05-06 18:00:00+00:00,15.689110439366093,24.49333938722352,19.472311067473704
2021-05-06 19:00:00+00:00,13.675293054798749,21.63556016661681,17.222222825874397
2021-05-06 20:00:00+00:00,10.168243630336653,17.196582950819124,13.707107282473057
2021-05-06 21:00:00+00:00,7.59646770194201,11.585090497932027,9.238710412151296
2021-05-06 22:00:00+00:00,3.655095119206102,5.21221092331329,4.159373825707623
2021-05-06 23:00:00+00:00,0.9262953358020047,1.2985527461628525,1.0624812578779126
2021-05-07 00:00:00+00:00,0.0,0.0,0.0
2021-05-07 01:00:00+00:00,0.0,0.0,0.0
2021-05-07 02:00:00+00:00,0.0,0.0,0.0
2021-05-07 03:00:00+00:00,0.0,0.0,0.0
2021-05-07 04:00:00+00:00,0.0,0.0,0.0
2021-05-07 05:00:00+00:00,0.0,0.0,0.0
2021-05-07 06:00:00+00:00,0.0,0.0,0.0
2021-05-07 07:00:00+00:00,0.0,0.0,0.0
2021-05-07 08:00:00+00:00,0.0,0.0,0.0
2021-05-07 09:00:00+00:00,0.0,0.0,0.0
2021-05-07 10:00:00+00:00,0.35505541851871075,0.4833326061785803,0.380396760557294
2021-05-07 11:00:00+00:00,1.2213809746248205,2.1629376495420103,1.703984938750327
2021-05-07 12:00:00+00:00,5.139055560534101,8.099164662764403,6.431386463156313
2021-05-07 13:00:00+00:00,9.013498207272253,14.152285580873682,11.292815676833335
2021-05-07 14:00:00+00:00,12.283349596357617,19.140811527419004,15.2876476634324
2021-05-07 15:00:00+00:00,14.436526412579795,22.587952178008965,17.85597999753404
2021-05-07 16:00:00+00:00,4.907287221220166,24.52397099503023,19.431854951099346
2021-05-07 17:00:00+00:00,15.977261824849688,25.08667593539114,19.77719253580019
2021-05-07 18:00:00+00:00,14.538215539370286,23.97453551825559,18.93841062709792
2021-05-07 19:00:00+00:00,6.724045825489304,19.67321950240923,14.489220409027638
2021-05-07 20:00:00+00:00,3.0407907836069925,16.518841572561545,12.758179826501882
2021-05-07 21:00:00+00:00,1.220917632447219,10.607846806742927,8.983563705328391
2021-05-07 22:00:00+00:00,0.1471224546577988,5.364903744756533,4.265425587993727
2021-05-07 23:00:00+00:00,0.0514333246317213,1.2706657787510536,1.1030584492678535
2021-05-08 00:00:00+00:00,0.0,0.0,0.0
2021-05-08 01:00:00+00:00,0.0,0.0,0.0
2021-05-08 02:00:00+00:00,0.0,0.0,0.0
2021-05-08 03:00:00+00:00,0.0,0.0,0.0
2021-05-08 04:00:00+00:00,0.0,0.0,0.0
2021-05-08 05:00:00+00:00,0.0,0.0,0.0
2021-05-08 06:00:00+00:00,0.0,0.0,0.0
2021-05-08 07:00:00+00:00,0.0,0.0,0.0
2021-05-08 08:00:00+00:00,0.0,0.0,0.0
2021-05-08 09:00:00+00:00,0.0,0.0,0.0
2021-05-08 10:00:00+00:00,0.1139814254120326,0.16625204254074846,0.1655653616021905
2021-05-08 11:00:00+00:00,1.509408013006418,1.8499029241356062,1.667730754537033
2021-05-08 12:00:00+00:00,2.9801574807040523,7.426305127010282,5.744993241518515
2021-05-08 13:00:00+00:00,1.0463121428734592,1.2272584636783235,1.4563451567564314
2021-05-08 14:00:00+00:00,2.1736629241380623,1.5350826643389934,1.1693471465061696
2021-05-08 15:00:00+00:00,1.5523672354311082,16.373938979005874,9.934978172417638
2021-05-08 16:00:00+00:00,9.145832295736364,11.763224081789405,16.3927966854666
2021-05-08 17:00:00+00:00,3.9323069600884533,3.0027431040597166,1.5648937491242665
2021-05-08 18:00:00+00:00,6.840805894083007,2.541000985308016,1.8553348610164044
2021-05-08 19:00:00+00:00,1.7154590403944163,18.098882160575165,13.921250462524455
2021-05-08 20:00:00+00:00,0.2279004917167342,12.529999511040247,6.162325530497134
2021-05-08 21:00:00+00:00,2.577579494712799,0.9806988233376205,0.8380343699993653
2021-05-08 22:00:00+00:00,2.6044926170135896,1.4961434026242333,0.8505481052746746
2021-05-08 23:00:00+00:00,0.3563770061156492,0.04945645865842899,0.11975908580078155
2021-05-09 00:00:00+00:00,0.0,0.0,0.0
2021-05-09 01:00:00+00:00,0.0,0.0,0.0
2021-05-09 02:00:00+00:00,0.0,0.0,0.0
2021-05-09 03:00:00+00:00,0.0,0.0,0.0
2021-05-09 04:00:00+00:00,0.0,0.0,0.0
2021-05-09 05:00:00+00:00,0.0,0.0,0.0
2021-05-09 06:00:00+00:00,0.0,0.0,0.0
2021-05-09 07:00:00+00:00,0.0,0.0,0.0
2021-05-09 08:00:00+00:00,0.0,0.0,0.0
2021-05-09 09:00:00+00:00,0.0,0.0,0.0
2021-05-09 10:00:00+00:00,0.3794855649426855,0.595535209281628,0.46578399935664594
2021-05-09 11:00:00+00:00,1.3478204330314698,2.2053741030741367,1.7347322989950658
2021-05-09 12:00:00+00:00,2.0062522217823746,8.192157816173435,6.47688000078373
2021-05-09 13:00:00+00:00,2.8632415807663674,14.287039082153443,11.358228162016498
2021-05-09 14:00:00+00:00,11.712889110039022,17.96903317292101,13.23429051771196
2021-05-09 15:00:00+00:00,14.189778566477935,22.842533549466854,18.247581112944392
2021-05-09 16:00:00+00:00,14.1310173364702,24.919366376366845,19.8465015238342
2021-05-09 17:00:00+00:00,14.953268227350126,24.70095196127182,19.892695215590685
2021-05-09 18:00:00+00:00,13.47579937464144,22.34575043501791,2.579209420682978
2021-05-09 19:00:00+00:00,7.07487913926984,20.295118975682676,15.581939545758557
2021-05-09 20:00:00+00:00,7.7550468638955445,2.5123621417004376,2.0291617598373186
2021-05-09 21:00:00+00:00,4.185880351069852,1.818819761017089,1.3612936995673999
2021-05-09 22:00:00+00:00,0.1973858700466394,0.41368309590386054,0.24590373471020346
2021-05-09 23:00:00+00:00,0.10078500630989227,0.09351140240241108,0.17508349386284225
2021-05-10 00:00:00+00:00,0.0,0.0,0.0
2021-05-10 01:00:00+00:00,0.0,0.0,0.0
2021-05-10 02:00:00+00:00,0.0,0.0,0.0
2021-05-10 03:00:00+00:00,0.0,0.0,0.0
2021-05-10 04:00:00+00:00,0.0,0.0,0.0
2021-05-10 05:00:00+00:00,0.0,0.0,0.0
2021-05-10 06:00:00+00:00,0.0,0.0,0.0
2021-05-10 07:00:00+00:00,0.0,0.0,0.0
2021-05-10 08:00:00+00:00,0.0,0.0,0.0
2021-05-10 09:00:00+00:00,0.0,0.0,0.0
2021-05-10 10:00:00+00:00,0.016545581767730837,0.18115719090568758,0.06251388426894325
2021-05-10 11:00:00+00:00,0.2212366916680744,0.2959279236360435,0.24095166205606589
2021-05-10 12:00:00+00:00,1.921576890300997,3.311963229060891,0.6268578789282584
2021-05-10 13:00:00+00:00,7.340793469993861,6.365710443262569,6.539513584700872
2021-05-10 14:00:00+00:00,9.200748461229269,1.2542519338465017,0.6496653181409552
2021-05-10 15:00:00+00:00,2.3120368648400254,14.544341359870335,8.147162009631689
2021-05-10 16:00:00+00:00,2.709036320321751,7.999135032666535,9.779959661932548
2021-05-10 17:00:00+00:00,7.817178767735845,21.745024651917433,15.470634332149135
2021-05-10 18:00:00+00:00,11.354534757454969,19.217195978765563,15.980581175504645
2021-05-10 19:00:00+00:00,9.788512674654179,1.8271320903684336,2.0691024947739924
2021-05-10 20:00:00+00:00,7.411822762729341,1.5782222989050942,1.6566228738298627
2021-05-10 21:00:00+00:00,7.148769277527525,0.7923122017444473,0.5705399834271859
2021-05-10 22:00:00+00:00,3.4462889046779104,4.053674288577404,3.8851024312124203
2021-05-10 23:00:00+00:00,0.17976268442956103,1.3845838652435334,1.0553772925835199
2021-05-11 00:00:00+00:00,0.0,0.0,0.0
2021-05-11 01:00:00+00:00,0.0,0.0,0.0
2021-05-11 02:00:00+00:00,0.0,0.0,0.0
2021-05-11 03:00:00+00:00,0.0,0.0,0.0
2021-05-11 04:00:00+00:00,0.0,0.0,0.0
2021-05-11 05:00:00+00:00,0.0,0.0,0.0
2021-05-11 06:00:00+00:00,0.0,0.0,0.0
2021-05-11 07:00:00+00:00,0.0,0.0,0.0
2021-05-11 08:00:00+00:00,0.0,0.0,0.0
2021-05-11 09:00:00+00:00,0.0,0.0,0.0
2021-05-11 10:00:00+00:00,0.38267993640595716,0.5387979563833788,0.4156012994235876
2021-05-11 11:00:00+00:00,1.2603951991703786,2.528832506457154,1.8142322215688416
2021-05-11 12:00:00+00:00,5.27170115971305,8.200737010578617,6.511452110810737
2021-05-11 13:00:00+00:00,9.089871873407942,14.305510923195449,11.373036120001474
2021-05-11 14:00:00+00:00,12.488872858223894,19.36947532767495,15.43710130953687
2021-05-11 15:00:00+00:00,14.839240004383075,22.939428780530452,18.2985947047006
2021-05-11 16:00:00+00:00,12.983118206567612,24.877369522439857,19.6486900508385
2021-05-11 17:00:00+00:00,8.831066419404655,25.29427182727415,20.11473584954147
2021-05-11 18:00:00+00:00,11.77235218551858,24.023067156870507,19.142039252891433
2021-05-11 19:00:00+00:00,13.65016826355385,21.104398871176446,16.802698539925824
2021-05-11 20:00:00+00:00,0.6278233281295795,3.8343595503253582,11.964172649703691
2021-05-11 21:00:00+00:00,1.8134569228288375,0.3836944602651774,0.6450061683080407
2021-05-11 22:00:00+00:00,3.7385703961365233,0.928630878401716,0.09958102632933623
2021-05-11 23:00:00+00:00,0.8279257414165297,1.5101988570617373,1.0459623481623173
2021-05-12 00:00:00+00:00,0.0,0.0,0.0
2021-05-12 01:00:00+00:00,0.0,0.0,0.0
2021-05-12 02:00:00+00:00,0.0,0.0,0.0
2021-05-12 03:00:00+00:00,0.0,0.0,0.0
2021-05-12 04:00:00+00:00,0.0,0.0,0.0
2021-05-12 05:00:00+00:00,0.0,0.0,0.0
2021-05-12 06:00:00+00:00,0.0,0.0,0.0
2021-05-12 07:00:00+00:00,0.0,0.0,0.0
2021-05-12 08:00:00+00:00,0.0,0.0,0.0
2021-05-12 09:00:00+00:00,0.0,0.0,0.0
2021-05-12 10:00:00+00:00,0.10751276307590836,0.6083627423566025,0.48223267617108256
2021-05-12 11:00:00+00:00,0.7826525725409803,2.2202697108057285,1.752179084844431
2021-05-12 12:00:00+00:00,4.898611711330775,8.296279374023829,6.581843176492741
2021-05-12 13:00:00+00:00,8.857862579878754,14.388617420460665,11.426623057318634
2021-05-12 14:00:00+00:00,12.185270545838527,19.437642594006523,15.471200565012401
2021-05-12 15:00:00+00:00,7.3065568596657,23.048329987971215,18.304263878829317
2021-05-12 16:00:00+00:00,10.529901400034092,24.91944977575379,19.795170069520694
2021-05-12 17:00:00+00:00,7.7903987272802295,25.104941782847526,19.957958100565087
2021-05-12 18:00:00+00:00,7.90610746520051,23.91461201457091,19.04535232880707
2021-05-12 19:00:00+00:00,7.560037744610295,21.112621017325782,16.752441487452717
2021-05-12 20:00:00+00:00,8.15448159549247,16.953999273441056,13.5380600874682
2021-05-12 21:00:00+00:00,6.748926011863623,10.582971301307143,9.13925167630573
2021-05-12 22:00:00+00:00,3.398657940388369,5.425375994628866,4.328178830500414
2021-05-12 23:00:00+00:00,0.07384642173081066,1.3268411191954486,1.0102550114715299
2021-05-13 00:00:00+00:00,0.0,0.0,0.0
2021-05-13 01:00:00+00:00,0.0,0.0,0.0
2021-05-13 02:00:00+00:00,0.0,0.0,0.0
2021-05-13 03:00:00+00:00,0.0,0.0,0.0
2021-05-13 04:00:00+00:00,0.0,0.0,0.0
2021-05-13 05:00:00+00:00,0.0,0.0,0.0
2021-05-13 06:00:00+00:00,0.0,0.0,0.0
2021-05-13 07:00:00+00:00,0.0,0.0,0.0
2021-05-13 08:00:00+00:00,0.0,0.0,0.0
2021-05-13 09:00:00+00:00,0.0,0.0,0.0
2021-05-13 10:00:00+00:00,0.3883933865894936,0.6038052890642946,0.4755827452256054
2021-05-13 11:00:00+00:00,1.2909420716503233,2.2358984759009823,1.750370278163507
2021-05-13 12:00:00+00:00,5.181124159800189,8.218760796427285,6.519480129393028
2021-05-13 13:00:00+00:00,9.017276986931229,14.167678447212342,11.281442482350009
2021-05-13 14:00:00+00:00,12.252733215430606,19.053265244502,15.206997633743626
2021-05-13 15:00:00+00:00,14.475377462744415,22.554493874029102,18.039180235029082
2021-05-13 16:00:00+00:00,15.690490768480318,19.54457938697936,19.54074983731171
2021-05-13 17:00:00+00:00,13.646988650255336,24.39551956613983,19.831951345053476
2021-05-13 18:00:00+00:00,15.244436142099245,23.538401617533285,18.838807708298685
2021-05-13 19:00:00+00:00,11.436692206476236,20.790784116172293,16.641027079414577
2021-05-13 20:00:00+00:00,9.37517582770315,16.653294340868587,13.369783611485566
2021-05-13 21:00:00+00:00,6.809209481426766,11.338035159210506,9.003510571821296
2021-05-13 22:00:00+00:00,3.60804972270712,5.381513001444893,4.275814664750978
2021-05-13 23:00:00+00:00,0.850879332927475,1.280510546937803,1.0147553535349398
2021-05-14 00:00:00+00:00,0.0,0.0,0.0
2021-05-14 01:00:00+00:00,0.0,0.0,0.0
2021-05-14 02:00:00+00:00,0.0,0.0,0.0
2021-05-14 03:00:00+00:00,0.0,0.0,0.0
2021-05-14 04:00:00+00:00,0.0,0.0,0.0
2021-05-14 05:00:00+00:00,0.0,0.0,0.0
2021-05-14 06:00:00+00:00,0.0,0.0,0.0
2021-05-14 07:00:00+00:00,0.0,0.0,0.0
2021-05-14 08:00:00+00:00,0.0,0.0,0.0
2021-05-14 09:00:00+00:00,0.0,0.0,0.0
2021-05-14 10:00:00+00:00,0.40333664775695044,0.598529965961632,0.47065842718032397
2021-05-14 11:00:00+00:00,1.2915083617413456,2.2458767494224987,1.7612608282343964
2021-05-14 12:00:00+00:00,5.086109795974322,8.17689493708244,6.476956213244894
2021-05-14 13:00:00+00:00,8.879433044614085,14.124128262845876,11.24604113754861
2021-05-14 14:00:00+00:00,12.01621783905455,18.99540640400328,15.164659348606545
2021-05-14 15:00:00+00:00,14.140280458054837,22.287391349431203,17.8728919398067
2021-05-14 16:00:00+00:00,15.356302423223378,24.289393229735282,19.46093066307492
2021-05-14 17:00:00+00:00,10.86218654005197,24.396984248507497,19.62919459304255
2021-05-14 18:00:00+00:00,9.767473472818516,23.012321331131872,18.688987505102794
2021-05-14 19:00:00+00:00,1.5392357485125263,20.57742159454421,16.304104192389957
2021-05-14 20:00:00+00:00,5.530937541197467,16.487214563112136,13.013577621014694
2021-05-14 21:00:00+00:00,5.666086297351208,11.138752195851188,8.792707461872652
2021-05-14 22:00:00+00:00,3.578716636792821,5.330854841665496,4.228565100074493
2021-05-14 23:00:00+00:00,0.8632818627351418,1.3109747426667504,1.046053854897547
2021-05-15 00:00:00+00:00,0.0,0.0,0.0
2021-05-15 01:00:00+00:00,0.0,0.0,0.0
2021-05-15 02:00:00+00:00,0.0,0.0,0.0
2021-05-15 03:00:00+00:00,0.0,0.0,0.0
2021-05-15 04:00:00+00:00,0.0,0.0,0.0
2021-05-15 05:00:00+00:00,0.0,0.0,0.0
2021-05-15 06:00:00+00:00,0.0,0.0,0.0
2021-05-15 07:00:00+00:00,0.0,0.0,0.0
2021-05-15 08:00:00+00:00,0.0,0.0,0.0
2021-05-15 09:00:00+00:00,0.0,0.0,0.0
2021-05-15 10:00:00+00:00,0.41525162754033396,0.308461838311504,0.48283825545928055
2021-05-15 11:00:00+00:00,1.3020260913380355,2.2493917704337543,1.7687042731300797
2021-05-15 12:00:00+00:00,5.0145180512989675,7.967130212867077,6.364909707676145
2021-05-15 13:00:00+00:00,8.843697076510415,13.788231640197898,10.975855659360464
2021-05-15 14:00:00+00:00,12.109199290444286,18.460445579036445,14.8967342812571
2021-05-15 15:00:00+00:00,14.200455735085349,22.006446275843132,17.61903264942158
2021-05-15 16:00:00+00:00,15.450690614867662,23.81909394259596,19.100226136668457
2021-05-15 17:00:00+00:00,15.726274053114802,24.185759204520455,19.368920352002593
2021-05-15 18:00:00+00:00,14.91669529717992,23.079495596189147,18.35317905258294
2021-05-15 19:00:00+00:00,13.2358607834849,20.349723270731115,14.374042587653673
2021-05-15 20:00:00+00:00,10.678765103957714,16.362851493545936,12.978297016094208
2021-05-15 21:00:00+00:00,7.33358992500146,11.090190400558408,8.802497216029355
2021-05-15 22:00:00+00:00,3.584587094835452,5.336083807922774,4.2446784524262124
2021-05-15 23:00:00+00:00,0.8581722273642572,1.3262106838601453,1.0646515478160274
2021-05-16 00:00:00+00:00,0.0,0.0,0.0
2021-05-16 01:00:00+00:00,0.0,0.0,0.0
2021-05-16 02:00:00+00:00,0.0,0.0,0.0
2021-05-16 03:00:00+00:00,0.0,0.0,0.0
2021-05-16 04:00:00+00:00,0.0,0.0,0.0
2021-05-16 05:00:00+00:00,0.0,0.0,0.0
2021-05-16 06:00:00+00:00,0.0,0.0,0.0
2021-05-16 07:00:00+00:00,0.0,0.0,0.0
2021-05-16 08:00:00+00:00,0.0,0.0,0.0
2021-05-16 09:00:00+00:00,0.0,0.0,0.0
2021-05-16 10:00:00+00:00,0.42103988269236514,0.6339197650025223,0.5014745538443177
2021-05-16 11:00:00+00:00,1.2929005351448484,2.3088074561206287,1.825906160782721
2021-05-16 12:00:00+00:00,5.045992325872298,2.3788727823346014,6.119271287971116
2021-05-16 13:00:00+00:00,8.810950711662482,13.594490732388635,10.76721529882076
2021-05-16 14:00:00+00:00,11.904477049418558,18.123877220070288,14.436366373570625
2021-05-16 15:00:00+00:00,14.01393134413903,21.28417881310551,13.842826074708476
2021-05-16 16:00:00+00:00,15.188768121762521,23.48600115830362,11.893505696106951
2021-05-16 17:00:00+00:00,15.450402688811854,0.5450679509046378,3.9128836388820236
2021-05-16 18:00:00+00:00,14.218507946569693,22.84633498982673,17.984483148303628
2021-05-16 19:00:00+00:00,10.35865730790255,18.16784526865746,15.283088040621298
2021-05-16 20:00:00+00:00,5.980014186924947,9.753935276029006,6.734923105795857
2021-05-16 21:00:00+00:00,7.130732079876168,2.08315759269202,2.6110378983053857
2021-05-16 22:00:00+00:00,3.5822456246829066,5.266222925879736,3.8597593688482505
2021-05-16 23:00:00+00:00,0.8655319781197768,1.4434656950984663,1.078395814331595
2021-05-17 00:00:00+00:00,0.0,0.0,0.0
2021-05-17 01:00:00+00:00,0.0,0.0,0.0
2021-05-17 02:00:00+00:00,0.0,0.0,0.0
2021-05-17 03:00:00+00:00,0.0,0.0,0.0
2021-05-17 04:00:00+00:00,0.0,0.0,0.0
2021-05-17 05:00:00+00:00,0.0,0.0,0.0
2021-05-17 06:00:00+00:00,0.0,0.0,0.0
2021-05-17 07:00:00+00:00,0.0,0.0,0.0
2021-05-17 08:00:00+00:00,0.0,0.0,0.0
2021-05-17 09:00:00+00:00,0.0,0.0,0.0
2021-05-17 10:00:00+00:00,0.43792557643578917,0.6586834896550975,0.5216269740942185
2021-05-17 11:00:00+00:00,1.3329006632834057,2.3115090320884466,1.8211971590297167
2021-05-17 12:00:00+00:00,4.906897709370735,7.956056031481783,6.3116689354276225
2021-05-17 13:00:00+00:00,8.610440554959299,13.694868333067543,10.860332977020953
2021-05-17 14:00:00+00:00,11.681571945657158,18.199526836228408,14.638460528259072
2021-05-17 15:00:00+00:00,13.77447560083579,21.668499798903863,17.304513681063966
2021-05-17 16:00:00+00:00,15.026046317900564,23.403080580544273,18.930675812084726
2021-05-17 17:00:00+00:00,15.24896358845084,23.845973778907712,19.252190985256444
2021-05-17 18:00:00+00:00,14.639574126080303,22.885566353731928,18.045393969332245
2021-05-17 19:00:00+00:00,12.554510358897046,20.198737778538007,15.948536070508075
2021-05-17 20:00:00+00:00,10.474363196924001,16.141106182417015,12.82076110841559
2021-05-17 21:00:00+00:00,7.201261996217127,11.02103857736862,8.731072775823142
2021-05-17 22:00:00+00:00,3.5567958610096797,5.338365594754828,4.240107958003634
2021-05-17 23:00:00+00:00,0.8794664733544231,1.4189268258627619,1.233845726565539
2021-05-18 00:00:00+00:00,0.0,0.0,0.0
2021-05-18 01:00:00+00:00,0.0,0.0,0.0
2021-05-18 02:00:00+00:00,0.0,0.0,0.0
2021-05-18 03:00:00+00:00,0.0,0.0,0.0
2021-05-18 04:00:00+00:00,0.0,0.0,0.0
2021-05-18 05:00:00+00:00,0.0,0.0,0.0
2021-05-18 06:00:00+00:00,0.0,0.0,0.0
2021-05-18 07:00:00+00:00,0.0,0.0,0.0
2021-05-18 08:00:00+00:00,0.0,0.0,0.0
2021-05-18 09:00:00+00:00,0.0,0.0,0.0
2021-05-18 10:00:00+00:00,0.4498830812956094,0.668355407817338,0.5283245363100618
2021-05-18 11:00:00+00:00,1.315883932909971,2.2945076396900417,1.7952580530257405
2021-05-18 12:00:00+00:00,4.912499174347833,7.864830648837687,6.2272674781801864
2021-05-18 13:00:00+00:00,8.571044700115838,13.451442098613882,10.710418939751442
2021-05-18 14:00:00+00:00,11.58627933113248,18.009388062454526,14.41870434307222
2021-05-18 15:00:00+00:00,13.647473009890927,21.363817053039035,17.02676923211521
2021-05-18 16:00:00+00:00,14.693549379331643,23.153949773128204,18.52538959646629
2021-05-18 17:00:00+00:00,14.079781713047694,23.583881422332524,18.857975014047454
2021-05-18 18:00:00+00:00,12.152742129780915,22.417660972374744,17.883821387130457
2021-05-18 19:00:00+00:00,12.511407266954707,19.756030439666375,15.824047256271502
2021-05-18 20:00:00+00:00,10.23956371206039,15.8002620350949,12.666774178081104
2021-05-18 21:00:00+00:00,6.988649165807802,10.769678766964567,8.57837009087024
2021-05-18 22:00:00+00:00,3.511340028606294,5.305251176610993,4.219900281759779
2021-05-18 23:00:00+00:00,0.9239211027596622,1.444295614382011,1.1558708114645764
2021-05-19 00:00:00+00:00,0.020274846888309644,0.0,0.0
2021-05-19 01:00:00+00:00,0.0,0.0,0.0
2021-05-19 02:00:00+00:00,0.0,0.0,0.0
2021-05-19 03:00:00+00:00,0.0,0.0,0.0
2021-05-19 04:00:00+00:00,0.0,0.0,0.0
2021-05-19 05:00:00+00:00,0.0,0.0,0.0
2021-05-19 06:00:00+00:00,0.0,0.0,0.0
2021-05-19 07:00:00+00:00,0.0,0.0,0.0
2021-05-19 08:00:00+00:00,0.0,0.0,0.0
2021-05-19 09:00:00+00:00,0.0,0.0,0.0
2021-05-19 10:00:00+00:00,0.44945384923112414,0.6749746639941088,0.5328820470749114
2021-05-19 11:00:00+00:00,1.3992602412932484,2.2791317033716596,1.7966092245390073
2021-05-19 12:00:00+00:00,4.866417744172849,7.76323610875477,6.167200466205406
2021-05-19 13:00:00+00:00,8.371311562333355,13.272714690222513,10.582397843947913
2021-05-19 14:00:00+00:00,11.374583886982329,17.898654926143948,14.312185629153285
2021-05-19 15:00:00+00:00,13.5304092518203,21.12111567506394,16.868403372078976
2021-05-19 16:00:00+00:00,14.6444800880767,22.9234002203913,18.292531540669287
2021-05-19 17:00:00+00:00,14.80607242808989,23.324067459625148,18.66349440917476
2021-05-19 18:00:00+00:00,14.132382250658853,22.253331851734234,17.71441528805484
2021-05-19 19:00:00+00:00,12.474550982880714,19.657824547414297,15.641590128579878
2021-05-19 20:00:00+00:00,10.064403481615386,15.684839990980548,12.50470269166029
2021-05-19 21:00:00+00:00,6.902740223191269,10.687182912876883,8.466986930975203
2021-05-19 22:00:00+00:00,3.4788339192471813,5.330449982219732,4.233470737154293
2021-05-19 23:00:00+00:00,0.9332138663180506,1.4526111967746638,1.1539482309099416
2021-05-20 00:00:00+00:00,0.11195965859594903,0.0,0.0
2021-05-20 01:00:00+00:00,0.0,0.0,0.0
2021-05-20 02:00:00+00:00,0.0,0.0,0.0
2021-05-20 03:00:00+00:00,0.0,0.0,0.0
2021-05-20 04:00:00+00:00,0.0,0.0,0.0
2021-05-20 05:00:00+00:00,0.0,0.0,0.0
2021-05-20 06:00:00+00:00,0.0,0.0,0.0
2021-05-20 07:00:00+00:00,0.0,0.0,0.0
2021-05-20 08:00:00+00:00,0.0,0.0,0.0
2021-05-20 09:00:00+00:00,0.0,0.0,0.0
2021-05-20 10:00:00+00:00,0.45753085129408344,0.702286002493409,0.5585653190834906
2021-05-20 11:00:00+00:00,1.3251774147482636,2.3415824965208842,1.8541404486706299
2021-05-20 12:00:00+00:00,4.801078755224409,7.875334099726297,6.242006357134571
2021-05-20 13:00:00+00:00,8.329756914997485,13.434089970742944,10.70007168987101
2021-05-20 14:00:00+00:00,11.213902231815963,18.091110048199273,14.339198863046734
2021-05-20 15:00:00+00:00,13.360147850903402,21.42305814470241,16.915569613981116
2021-05-20 16:00:00+00:00,14.476596907309952,23.323324826202946,18.463210174355815
2021-05-20 17:00:00+00:00,14.58196603642485,23.729518575390628,18.727690374569157
2021-05-20 18:00:00+00:00,13.860610482476908,22.807834690453006,18.034799767309433
2021-05-20 19:00:00+00:00,12.277144531300452,20.28830445277353,16.006261709343082
2021-05-20 20:00:00+00:00,9.889015144942135,16.26753915631645,12.830103083176489
2021-05-20 21:00:00+00:00,6.875621654203007,11.099551543038878,8.762262400826115
2021-05-20 22:00:00+00:00,3.4825427068249986,5.4456318067417095,4.306200429494445
2021-05-20 23:00:00+00:00,0.9482460991593702,1.4814727772574274,1.1604843097919497
2021-05-21 00:00:00+00:00,0.12537572472777747,0.0,0.0
2021-05-21 01:00:00+00:00,0.0,0.0,0.0
2021-05-21 02:00:00+00:00,0.0,0.0,0.0
2021-05-21 03:00:00+00:00,0.0,0.0,0.0
2021-05-21 04:00:00+00:00,0.0,0.0,0.0
2021-05-21 05:00:00+00:00,0.0,0.0,0.0
2021-05-21 06:00:00+00:00,0.0,0.0,0.0
2021-05-21 07:00:00+00:00,0.0,0.0,0.0
2021-05-21 08:00:00+00:00,0.0,0.0,0.0
2021-05-21 09:00:00+00:00,0.0,0.0,0.0
2021-05-21 10:00:00+00:00,0.4635684895849673,0.7256237820390488,0.5795403359882602
2021-05-21 11:00:00+00:00,1.3748853488333201,2.382176571528631,1.878780344646342
2021-05-21 12:00:00+00:00,4.731297297533668,7.578358389491585,6.063591286381698
2021-05-21 13:00:00+00:00,8.229339931803294,12.885101035530708,10.599992989219599
2021-05-21 14:00:00+00:00,11.141691053229541,18.053515146816075,14.348571080045929
2021-05-21 15:00:00+00:00,13.19539664795542,19.89187667361436,16.798791236565396
2021-05-21 16:00:00+00:00,14.268629313493504,22.356135892285796,16.58201020766354
2021-05-21 17:00:00+00:00,14.458205304885299,23.25059460141176,17.94928506522558
2021-05-21 18:00:00+00:00,13.801185608289892,21.978682058528435,16.999345614850785
2021-05-21 19:00:00+00:00,12.21762636394569,19.26624399377132,15.573514858707775
2021-05-21 20:00:00+00:00,9.814543518441607,15.844181373708677,12.560541506367413
2021-05-21 21:00:00+00:00,6.74929436559083,10.806173605671143,8.595206096332666
2021-05-21 22:00:00+00:00,3.467594600906318,5.404538707985803,4.279802169148238
2021-05-21 23:00:00+00:00,0.9819864536409535,1.5228794705866557,1.2108486903480091
2021-05-22 00:00:00+00:00,0.13940640575524277,0.0,0.0
2021-05-22 01:00:00+00:00,0.0,0.0,0.0
2021-05-22 02:00:00+00:00,0.0,0.0,0.0
2021-05-22 03:00:00+00:00,0.0,0.0,0.0
2021-05-22 04:00:00+00:00,0.0,0.0,0.0
2021-05-22 05:00:00+00:00,0.0,0.0,0.0
2021-05-22 06:00:00+00:00,0.0,0.0,0.0
2021-05-22 07:00:00+00:00,0.0,0.0,0.0
2021-05-22 08:00:00+00:00,0.0,0.0,0.0
2021-05-22 09:00:00+00:00,0.0,0.0,0.0
2021-05-22 10:00:00+00:00,0.47218581769217977,0.7295931429056041,0.5745427700283677
2021-05-22 11:00:00+00:00,1.4310575756187802,2.396699483549156,1.8927398732502778
2021-05-22 12:00:00+00:00,4.691122746326736,7.475172420778655,3.422747163427068
2021-05-22 13:00:00+00:00,5.166543782354609,13.024136418339687,10.355674436042024
2021-05-22 14:00:00+00:00,9.37082558228147,17.232480258323154,13.745671611153858
2021-05-22 15:00:00+00:00,5.163558164119247,20.27291262203327,12.925806854135741
2021-05-22 16:00:00+00:00,13.976992718948537,21.461818340517116,17.59067592407493
2021-05-22 17:00:00+00:00,14.01964663763195,21.158618325682493,17.515366717576377
2021-05-22 18:00:00+00:00,7.879287336886026,8.069949001461206,16.484640868240227
2021-05-22 19:00:00+00:00,11.556076880716837,17.214694315213364,15.143772330080287
2021-05-22 20:00:00+00:00,9.01197252733176,12.829189935685632,11.824447749495084
2021-05-22 21:00:00+00:00,5.980120495339526,9.058896962123223,2.9894515108742286
2021-05-22 22:00:00+00:00,3.5056768309698043,4.047895971999291,3.1510870133490783
2021-05-22 23:00:00+00:00,1.0189806866514854,0.32760939981149717,0.4666431176575875
2021-05-23 00:00:00+00:00,0.15584109461606385,0.0,0.0
2021-05-23 01:00:00+00:00,0.0,0.0,0.0
2021-05-23 02:00:00+00:00,0.0,0.0,0.0
2021-05-23 03:00:00+00:00,0.0,0.0,0.0
2021-05-23 04:00:00+00:00,0.0,0.0,0.0
2021-05-23 05:00:00+00:00,0.0,0.0,0.0
2021-05-23 06:00:00+00:00,0.0,0.0,0.0
2021-05-23 07:00:00+00:00,0.0,0.0,0.0
2021-05-23 08:00:00+00:00,0.0,0.0,0.0
2021-05-23 09:00:00+00:00,0.0,0.0,0.0
2021-05-23 10:00:00+00:00,0.32721675236853576,0.7170669412779196,0.5693251682387666
2021-05-23 11:00:00+00:00,1.6107621177558942,2.3428520163348017,1.8591704714412935
2021-05-23 12:00:00+00:00,4.583604528634009,7.504480895122941,5.973658408983158
2021-05-23 13:00:00+00:00,5.78607932408774,12.71344895917554,9.601679390870883
2021-05-23 14:00:00+00:00,8.487476228861977,13.956713259835038,12.212565258032512
2021-05-23 15:00:00+00:00,12.929780080508689,20.30159735897722,16.148792022614906
2021-05-23 16:00:00+00:00,8.364329191346354,22.04853550272595,17.58135808154642
2021-05-23 17:00:00+00:00,1.5183842968748902,22.33333124576772,17.80355161041767
2021-05-23 18:00:00+00:00,0.7419419806172327,21.2087727698687,16.976092564542363
2021-05-23 19:00:00+00:00,0.031074347893696445,18.82858299834179,15.024651010118134
2021-05-23 20:00:00+00:00,5.153184775018925,14.766178276223876,11.960063435368372
2021-05-23 21:00:00+00:00,6.91362625373825,10.308478579649178,8.219161846501175
2021-05-23 22:00:00+00:00,3.5113436884430644,0.8416199047673238,0.326783939286796
2021-05-23 23:00:00+00:00,1.0547066672445968,1.5303570320742126,1.228774219201099
2021-05-24 00:00:00+00:00,0.18709948343018792,0.0,0.0
2021-05-24 01:00:00+00:00,0.0,0.0,0.0
2021-05-24 02:00:00+00:00,0.0,0.0,0.0
2021-05-24 03:00:00+00:00,0.0,0.0,0.0
2021-05-24 04:00:00+00:00,0.0,0.0,0.0
2021-05-24 05:00:00+00:00,0.0,0.0,0.0
2021-05-24 06:00:00+00:00,0.0,0.0,0.0
2021-05-24 07:00:00+00:00,0.0,0.0,0.0
2021-05-24 08:00:00+00:00,0.0,0.0,0.0
2021-05-24 09:00:00+00:00,0.0,0.0,0.0
2021-05-24 10:00:00+00:00,0.48463935326694507,0.7331444134139479,0.5951961475780243
2021-05-24 11:00:00+00:00,1.4884914840516272,1.4377510335544386,1.1322828446075504
2021-05-24 12:00:00+00:00,4.867748445897042,5.130622743105529,4.2413065953032
2021-05-24 13:00:00+00:00,8.874952439587213,9.951927427911743,8.951135709763733
2021-05-24 14:00:00+00:00,11.842478409013417,15.950731566758854,11.686595023857793
2021-05-24 15:00:00+00:00,14.071370391410577,21.68754607149788,15.856411695868001
2021-05-24 16:00:00+00:00,15.34234808343907,15.69025034827443,11.618540009192149
2021-05-24 17:00:00+00:00,15.341726860484789,20.844167867846416,13.36575410956267
2021-05-24 18:00:00+00:00,14.821467179906216,21.916847582613606,17.11295340428825
2021-05-24 19:00:00+00:00,13.201886091464948,18.139085256754818,13.575492538722443
2021-05-24 20:00:00+00:00,10.582082299772756,16.92939275351203,13.386232753810914
2021-05-24 21:00:00+00:00,7.138546719572079,11.51924439046104,9.090791272297386
2021-05-24 22:00:00+00:00,3.629041315381038,5.573496448891653,4.430683171894321
2021-05-24 23:00:00+00:00,0.9429261513816888,1.449528349357953,1.1609374101331098
2021-05-25 00:00:00+00:00,0.20580995724555698,0.0,0.0
2021-05-25 01:00:00+00:00,0.0,0.0,0.0
2021-05-25 02:00:00+00:00,0.0,0.0,0.0
2021-05-25 03:00:00+00:00,0.0,0.0,0.0
2021-05-25 04:00:00+00:00,0.0,0.0,0.0
2021-05-25 05:00:00+00:00,0.0,0.0,0.0
2021-05-25 06:00:00+00:00,0.0,0.0,0.0
2021-05-25 07:00:00+00:00,0.0,0.0,0.0
2021-05-25 08:00:00+00:00,0.0,0.0,0.0
2021-05-25 09:00:00+00:00,0.0,0.0,0.0
2021-05-25 10:00:00+00:00,0.5032274488089508,0.7581828339468961,0.6060118490986932
2021-05-25 11:00:00+00:00,1.481359573138071,2.240102669817837,1.757076841652967
2021-05-25 12:00:00+00:00,4.394855578343158,7.151369647603208,5.833487761700044
2021-05-25 13:00:00+00:00,7.2047847409723165,12.143800593916465,10.317966277500588
2021-05-25 14:00:00+00:00,8.58996966293353,15.46054904733506,14.097230230784996
2021-05-25 15:00:00+00:00,12.618390177903343,18.401814040808688,15.746256270847756
2021-05-25 16:00:00+00:00,13.193713578292748,21.91317793972487,17.917314075734453
2021-05-25 17:00:00+00:00,14.247893438081578,23.343877607137802,17.587507092470386
2021-05-25 18:00:00+00:00,12.941222863506816,22.2773404283111,17.68115955880255
2021-05-25 19:00:00+00:00,11.402846431227522,19.16768940243356,15.447336629898166
2021-05-25 20:00:00+00:00,9.263043014098404,15.455247302025528,12.497844746625425
2021-05-25 21:00:00+00:00,6.457989859191162,9.67422073167748,8.432136874332476
2021-05-25 22:00:00+00:00,3.524107703989228,5.173177480523915,4.343326178254312
2021-05-25 23:00:00+00:00,1.0457946130890012,1.8228585630702605,1.3854414916990025
2021-05-26 00:00:00+00:00,0.20669809147337498,0.0,0.0
2021-05-26 01:00:00+00:00,0.0,0.0,0.0
2021-05-26 02:00:00+00:00,0.0,0.0,0.0
2021-05-26 03:00:00+00:00,0.0,0.0,0.0
2021-05-26 04:00:00+00:00,0.0,0.0,0.0
2021-05-26 05:00:00+00:00,0.0,0.0,0.0
2021-05-26 06:00:00+00:00,0.0,0.0,0.0
2021-05-26 07:00:00+00:00,0.0,0.0,0.0
2021-05-26 08:00:00+00:00,0.0,0.0,0.0
2021-05-26 09:00:00+00:00,0.0,0.0,0.0
2021-05-26 10:00:00+00:00,0.49904271975656705,0.6697789079947525,0.43155921814901765
2021-05-26 11:00:00+00:00,1.3726169622834272,2.778943855437001,0.5700382278453501
2021-05-26 12:00:00+00:00,4.571979810602797,4.717819331330844,5.828318790426618
2021-05-26 13:00:00+00:00,7.911681170543364,5.7249168796210625,8.225049235048022
2021-05-26 14:00:00+00:00,10.837321176498927,6.19779034310115,8.56426266854892
2021-05-26 15:00:00+00:00,12.797076346917224,4.221036440022259,14.202659015582988
2021-05-26 16:00:00+00:00,13.859058830428317,19.258475093177065,15.834863484331764
2021-05-26 17:00:00+00:00,13.977331541954317,15.670981344391924,17.884507757049526
2021-05-26 18:00:00+00:00,8.370832437159699,9.489654658050592,16.985617370772893
2021-05-26 19:00:00+00:00,10.494199940497461,1.2672555032091852,5.353987275036098
2021-05-26 20:00:00+00:00,6.090558831501165,2.401547021954639,4.2939225763880025
2021-05-26 21:00:00+00:00,2.508788533751368,4.140611700135283,5.397785215126622
2021-05-26 22:00:00+00:00,0.07889876401651258,4.730428974449442,4.173556211356017
2021-05-26 23:00:00+00:00,0.2446658282574237,1.6512237506983174,1.2612898246544744
2021-05-27 00:00:00+00:00,0.14038400844024096,0.0,0.0
2021-05-27 01:00:00+00:00,0.0,0.0,0.0
2021-05-27 02:00:00+00:00,0.0,0.0,0.0
2021-05-27 03:00:00+00:00,0.0,0.0,0.0
2021-05-27 04:00:00+00:00,0.0,0.0,0.0
2021-05-27 05:00:00+00:00,0.0,0.0,0.0
2021-05-27 06:00:00+00:00,0.0,0.0,0.0
2021-05-27 07:00:00+00:00,0.0,0.0,0.0
2021-05-27 08:00:00+00:00,0.0,0.0,0.0
2021-05-27 09:00:00+00:00,0.0,0.0,0.0
2021-05-27 10:00:00+00:00,0.4947269889889177,0.5351216687901803,0.6240211425472962
2021-05-27 11:00:00+00:00,1.2961431335545002,2.4400913089651954,1.9476283436734696
2021-05-27 12:00:00+00:00,4.8866181783527125,7.387103845656959,5.899623060738193
2021-05-27 13:00:00+00:00,8.139650342494953,12.108051152969061,10.219970323877297
2021-05-27 14:00:00+00:00,9.960174225988723,17.495051664171346,14.0032793326347
2021-05-27 15:00:00+00:00,6.821727969721986,19.51713167773495,16.66626620681308
2021-05-27 16:00:00+00:00,13.041310034952135,22.771447564605772,18.280628188065943
2021-05-27 17:00:00+00:00,7.718577583681926,23.21495040838682,18.598404126787738
2021-05-27 18:00:00+00:00,7.114510548431125,22.02700146159811,17.812455306845717
2021-05-27 19:00:00+00:00,12.768185909640888,19.668416298964324,15.850330140275773
2021-05-27 20:00:00+00:00,10.23885257829404,15.830813194553995,12.745478970445173
2021-05-27 21:00:00+00:00,6.9933019939869165,10.911865928668451,8.783214062268314
2021-05-27 22:00:00+00:00,3.6991794986944644,5.368553029360236,4.32966596490874
2021-05-27 23:00:00+00:00,0.9374803745775298,1.3802990716611148,1.109177010108378
2021-05-28 00:00:00+00:00,0.26600509704656317,0.0,0.013876065417742318
2021-05-28 01:00:00+00:00,0.0,0.0,0.0
2021-05-28 02:00:00+00:00,0.0,0.0,0.0
2021-05-28 03:00:00+00:00,0.0,0.0,0.0
2021-05-28 04:00:00+00:00,0.0,0.0,0.0
2021-05-28 05:00:00+00:00,0.0,0.0,0.0
2021-05-28 06:00:00+00:00,0.0,0.0,0.0
2021-05-28 07:00:00+00:00,0.0,0.0,0.0
2021-05-28 08:00:00+00:00,0.0,0.0,0.0
2021-05-28 09:00:00+00:00,0.0,0.0,0.0
2021-05-28 10:00:00+00:00,0.28756253912089297,0.7701048067018402,0.6115508291475868
2021-05-28 11:00:00+00:00,0.35358952726271276,2.276243379716947,1.8068015333609577
2021-05-28 12:00:00+00:00,0.37833361329730386,7.87899985383116,6.2701517810328555
2021-05-28 13:00:00+00:00,1.1941292334971714,13.552177609955184,10.773865010700227
2021-05-28 14:00:00+00:00,1.4924615116273257,18.231434109453552,14.537358405084586
2021-05-28 15:00:00+00:00,2.7302835609360887,21.36238979384334,17.208260849099094
2021-05-28 16:00:00+00:00,1.0741513544375985,23.559182187726446,18.82074061916883
2021-05-28 17:00:00+00:00,0.6192642828743332,23.171062234714707,18.9271422357806
2021-05-28 18:00:00+00:00,0.49120515993708974,22.453388648218958,18.009235490018686
2021-05-28 19:00:00+00:00,0.04941769056068381,10.477746622436166,14.21195382853225
2021-05-28 20:00:00+00:00,0.06628998620108242,13.415846133314178,11.95744461907778
2021-05-28 21:00:00+00:00,0.11601922999483238,0.38307394055323285,0.16271567144277738
2021-05-28 22:00:00+00:00,0.11306993902544692,0.03374067692498293,0.06180802933347554
2021-05-28 23:00:00+00:00,0.014964784883558423,0.018166591937561812,0.01236871241236622
2021-05-29 00:00:00+00:00,0.0016643919382856459,0.0,0.0
2021-05-29 01:00:00+00:00,0.0,0.0,0.0
2021-05-29 02:00:00+00:00,0.0,0.0,0.0
2021-05-29 03:00:00+00:00,0.0,0.0,0.0
2021-05-29 04:00:00+00:00,0.0,0.0,0.0
2021-05-29 05:00:00+00:00,0.0,0.0,0.0
2021-05-29 06:00:00+00:00,0.0,0.0,0.0
2021-05-29 07:00:00+00:00,0.0,0.0,0.0
2021-05-29 08:00:00+00:00,0.0,0.0,0.0
2021-05-29 09:00:00+00:00,0.0,0.0,0.0
2021-05-29 10:00:00+00:00,0.0516150304628297,0.013129321668195009,0.010416494641427874
2021-05-29 11:00:00+00:00,0.15961502028134297,0.1939378707709192,0.06656454711840111
2021-05-29 12:00:00+00:00,2.718851896127197,0.20955869476758107,0.15376270630444355
2021-05-29 13:00:00+00:00,0.17224279354171668,0.1676909684590035,0.09351913061894077
2021-05-29 14:00:00+00:00,0.2740931775466183,0.16228761611328105,0.17436306024973697
2021-05-29 15:00:00+00:00,0.3328173818243918,0.10199567093813704,0.24452852560553398
2021-05-29 16:00:00+00:00,2.3855655586100903,0.15684717431449263,0.10370948019698051
2021-05-29 17:00:00+00:00,1.1921015047917098,0.46936956146670544,0.35173422891332223
2021-05-29 18:00:00+00:00,5.78009995590104,0.7290885785061751,0.37223067541203375
2021-05-29 19:00:00+00:00,1.1071653278548197,1.0137091812595584,0.4748458383002989
2021-05-29 20:00:00+00:00,1.8288657183665253,0.6511749257135332,0.5160175678959491
2021-05-29 21:00:00+00:00,0.5234194645931116,0.39048230648134646,0.24814882027372337
2021-05-29 22:00:00+00:00,1.8178416701160065,0.13057056989496327,0.04766508580216109
2021-05-29 23:00:00+00:00,1.1810693360735025,0.16445589464827987,0.07666653109201023
2021-05-30 00:00:00+00:00,0.28987319233664693,0.0,0.0
2021-05-30 01:00:00+00:00,0.0,0.0,0.0
2021-05-30 02:00:00+00:00,0.0,0.0,0.0
2021-05-30 03:00:00+00:00,0.0,0.0,0.0
2021-05-30 04:00:00+00:00,0.0,0.0,0.0
2021-05-30 05:00:00+00:00,0.0,0.0,0.0
2021-05-30 06:00:00+00:00,0.0,0.0,0.0
2021-05-30 07:00:00+00:00,0.0,0.0,0.0
2021-05-30 08:00:00+00:00,0.0,0.0,0.0
2021-05-30 09:00:00+00:00,0.0,0.0,0.0
2021-05-30 10:00:00+00:00,0.572288498533691,0.005229118848933482,0.004146708594556466
2021-05-30 11:00:00+00:00,1.0222942664812726,0.057535935367135214,0.03735836438535611
2021-05-30 12:00:00+00:00,2.3972694179706386,0.26884848216063223,0.32479457343648116
2021-05-30 13:00:00+00:00,1.0093448978334219,0.052264561999896965,0.024852017779213822
2021-05-30 14:00:00+00:00,1.4487456185105674,0.08612748110411961,0.5245286092200557
2021-05-30 15:00:00+00:00,0.13524129097065157,0.08606320642951573,0.07445047895806851
2021-05-30 16:00:00+00:00,0.5536615304265139,0.18233052303022845,0.16534438867903978
2021-05-30 17:00:00+00:00,0.36054803139546004,0.15637060797084595,0.08270434047085587
2021-05-30 18:00:00+00:00,0.31191255888866576,0.10421773275721882,0.06201917775581861
2021-05-30 19:00:00+00:00,0.0493100877669221,0.20847308847676232,0.04133539379787208
2021-05-30 20:00:00+00:00,0.032928474406382066,0.2342709075857529,0.0826288488304761
2021-05-30 21:00:00+00:00,0.09886321820343942,0.3646719728396992,0.18604273535564889
2021-05-30 22:00:00+00:00,0.11531815335991716,0.02606123452264843,0.020661736729118585
2021-05-30 23:00:00+00:00,0.008249683552668927,0.01564773885123527,0.010343121559040228
2021-05-31 00:00:00+00:00,0.0032995782552783237,0.0,0.0
2021-05-31 01:00:00+00:00,0.0,0.0,0.0
2021-05-31 02:00:00+00:00,0.0,0.0,0.0
2021-05-31 03:00:00+00:00,0.0,0.0,0.0
2021-05-31 04:00:00+00:00,0.0,0.0,0.0
2021-05-31 05:00:00+00:00,0.0,0.0,0.0
2021-05-31 06:00:00+00:00,0.0,0.0,0.0
2021-05-31 07:00:00+00:00,0.0,0.0,0.0
2021-05-31 08:00:00+00:00,0.0,0.0,0.0
2021-05-31 09:00:00+00:00,0.0,0.0,0.0
2021-05-31 10:00:00+00:00,0.11847732452957731,0.22417753073587313,0.2542823968269636
2021-05-31 11:00:00+00:00,1.4327009536656108,0.8787336718778153,0.41319755184859824
2021-05-31 12:00:00+00:00,3.591477805517868,1.3840715245968775,0.7973706165297959
2021-05-31 13:00:00+00:00,3.696871579390766,4.661076340107848,5.415051955335586
2021-05-31 14:00:00+00:00,8.116756002889872,1.0417251071573872,0.6305157881697775
2021-05-31 15:00:00+00:00,6.8149514208716395,9.042098017894483,4.625191208472726
2021-05-31 16:00:00+00:00,1.5487357965247972,2.651091820425173,4.854490872503376
2021-05-31 17:00:00+00:00,7.95000213262776,7.095181850207818,8.778706908003226
2021-05-31 18:00:00+00:00,4.8720702422793485,8.686966524987046,8.802544435486666
2021-05-31 19:00:00+00:00,7.290438507759206,10.272504618599477,16.107351802648186
2021-05-31 20:00:00+00:00,6.468862050151725,13.974196181006207,12.079126614209986
2021-05-31 21:00:00+00:00,3.3964039105883503,5.896166231020001,8.535885775135098
2021-05-31 22:00:00+00:00,3.7886810664223174,5.634295486462991,4.4888484802402875
2021-05-31 23:00:00+00:00,1.0159825640144255,1.563370412852113,1.242738796389086
2021-06-01 00:00:00+00:00,0.3463021706377128,0.2297912506005518,0.19049760514257683
2021-06-01 01:00:00+00:00,0.0,0.0,0.0
2021-06-01 02:00:00+00:00,0.0,0.0,0.0
2021-06-01 03:00:00+00:00,0.0,0.0,0.0
2021-06-01 04:00:00+00:00,0.0,0.0,0.0
2021-06-01 05:00:00+00:00,0.0,0.0,0.0
2021-06-01 06:00:00+00:00,0.0,0.0,0.0
2021-06-01 07:00:00+00:00,0.0,0.0,0.0
2021-06-01 08:00:00+00:00,0.0,0.0,0.0
2021-06-01 09:00:00+00:00,0.0,0.0,0.0
2021-06-01 10:00:00+00:00,0.5723304153494015,0.8281537181439246,0.6626514051499222
2021-06-01 11:00:00+00:00,1.7982834966022634,2.08219324404691,2.318569510059536
2021-06-01 12:00:00+00:00,3.13074214365565,4.441605576641554,3.3627214701386743
2021-06-01 13:00:00+00:00,8.366819731662979,9.487175824535173,6.246890381415289
2021-06-01 14:00:00+00:00,1.7134617705359427,8.014246984977877,7.379620654892604
2021-06-01 15:00:00+00:00,3.981895010513672,5.408868252839093,3.254841057790927
2021-06-01 16:00:00+00:00,11.737336715919172,18.301168974272407,7.763377789485227
2021-06-01 17:00:00+00:00,14.941700072890283,23.36778968153386,18.447758923929747
2021-06-01 18:00:00+00:00,14.337355409868136,21.06355047864265,17.5189643340926
2021-06-01 19:00:00+00:00,12.798976927211319,12.063154156809734,9.87429835481818
2021-06-01 20:00:00+00:00,10.414920282158354,10.17312696041472,12.3574214432463
2021-06-01 21:00:00+00:00,7.255697686362439,6.2564062579016015,3.061222224544326
2021-06-01 22:00:00+00:00,3.697703553631471,5.306032498096472,4.126206151359504
2021-06-01 23:00:00+00:00,0.9715026309552782,1.9824548729782296,1.5778715876153684
2021-06-02 00:00:00+00:00,0.34164745490046466,0.2508925296214863,0.20507780588474905
2021-06-02 01:00:00+00:00,0.0,0.0,0.0
2021-06-02 02:00:00+00:00,0.0,0.0,0.0
2021-06-02 03:00:00+00:00,0.0,0.0,0.0
2021-06-02 04:00:00+00:00,0.0,0.0,0.0
2021-06-02 05:00:00+00:00,0.0,0.0,0.0
2021-06-02 06:00:00+00:00,0.0,0.0,0.0
2021-06-02 07:00:00+00:00,0.0,0.0,0.0
2021-06-02 08:00:00+00:00,0.0,0.0,0.0
2021-06-02 09:00:00+00:00,0.0,0.0,0.0
2021-06-02 10:00:00+00:00,0.530885304749469,0.818531325537331,0.4534678842955538
2021-06-02 11:00:00+00:00,1.6960408717679318,2.3476728614061066,1.9706659092862486
2021-06-02 12:00:00+00:00,4.760706210930563,7.647841128586403,6.056030292213688
2021-06-02 13:00:00+00:00,8.500346287978497,12.07367375644554,8.587274198223236
2021-06-02 14:00:00+00:00,11.434395147442746,17.554815115476536,13.92169394048896
2021-06-02 15:00:00+00:00,13.508512951054989,20.94667133013325,16.508688618056922
2021-06-02 16:00:00+00:00,14.62999531130146,22.8272710493228,18.058972501776125
2021-06-02 17:00:00+00:00,14.884993618330439,22.575904293725145,18.30601915388682
2021-06-02 18:00:00+00:00,14.161787187646507,22.293482499053372,17.6561084709052
2021-06-02 19:00:00+00:00,11.807647259414406,19.95621246969701,15.79839485292521
2021-06-02 20:00:00+00:00,8.879306300659197,16.016056942928895,11.58693576522162
2021-06-02 21:00:00+00:00,2.082060877127523,10.194649996724433,2.0274570988344633
2021-06-02 22:00:00+00:00,0.06933562088359949,1.1753721112095676,0.4050143765667258
2021-06-02 23:00:00+00:00,0.2295642905890257,0.37407119296776803,0.24683181349613248
2021-06-03 00:00:00+00:00,0.036571248225729505,0.04828063684693534,0.17317535054530045
2021-06-03 01:00:00+00:00,0.0,0.0,0.0
2021-06-03 02:00:00+00:00,0.0,0.0,0.0
2021-06-03 03:00:00+00:00,0.0,0.0,0.0
2021-06-03 04:00:00+00:00,0.0,0.0,0.0
2021-06-03 05:00:00+00:00,0.0,0.0,0.0
2021-06-03 06:00:00+00:00,0.0,0.0,0.0
2021-06-03 07:00:00+00:00,0.0,0.0,0.0
2021-06-03 08:00:00+00:00,0.0,0.0,0.0
2021-06-03 09:00:00+00:00,0.0,0.0,0.0
2021-06-03 10:00:00+00:00,0.43950039769841354,0.15880177593361341,0.17704363293491265
2021-06-03 11:00:00+00:00,0.4508508791639049,0.02299656632831796,0.044657158428619316
2021-06-03 12:00:00+00:00,0.26334065315457245,0.14274225772178575,0.852196007263459
2021-06-03 13:00:00+00:00,7.118755551926454,5.532381247766985,1.9842899917359185
2021-06-03 14:00:00+00:00,7.3492286330492025,0.46318448558621184,0.43054664269840276
2021-06-03 15:00:00+00:00,12.329719776229624,1.3582714152265138,0.5808767040637273
2021-06-03 16:00:00+00:00,12.97121550000738,0.25346622969117844,0.30163142141468985
2021-06-03 17:00:00+00:00,11.467595897679047,0.8564866116851874,2.738257971366168
2021-06-03 18:00:00+00:00,10.156645421629403,2.738955322097031,5.797464763175276
2021-06-03 19:00:00+00:00,9.743706818032333,10.642213923788825,6.40026095112985
2021-06-03 20:00:00+00:00,1.2832798511568753,9.9286178198866,7.244241552620968
2021-06-03 21:00:00+00:00,3.14722936289065,5.445873885633254,3.472558626410307
2021-06-03 22:00:00+00:00,3.295879062089107,0.21791963597238564,0.6265504819997052
2021-06-03 23:00:00+00:00,0.9987606825876609,0.3190878187076821,0.469904679062154
2021-06-04 00:00:00+00:00,0.18393000436670476,0.0025368769267519837,0.0060233367722529315
2021-06-04 01:00:00+00:00,0.0,0.0,0.0
2021-06-04 02:00:00+00:00,0.0,0.0,0.0
2021-06-04 03:00:00+00:00,0.0,0.0,0.0
2021-06-04 04:00:00+00:00,0.0,0.0,0.0
2021-06-04 05:00:00+00:00,0.0,0.0,0.0
2021-06-04 06:00:00+00:00,0.0,0.0,0.0
2021-06-04 07:00:00+00:00,0.0,0.0,0.0
2021-06-04 08:00:00+00:00,0.0,0.0,0.0
2021-06-04 09:00:00+00:00,0.0,0.0,0.0
2021-06-04 10:00:00+00:00,0.006354266512312926,0.07344044786260788,0.1601022926140126
2021-06-04 11:00:00+00:00,0.5419356599169689,2.020225293942004,2.2663506396887385
2021-06-04 12:00:00+00:00,3.732537344941294,3.262861401782771,3.3317741256057034
2021-06-04 13:00:00+00:00,3.4916169795064946,7.805779637409591,6.08137568460798
2021-06-04 14:00:00+00:00,8.5424728515991,2.272840532350798,2.3324944633689433
2021-06-04 15:00:00+00:00,6.849087360440835,3.2589829036431954,1.3558498330230009
2021-06-04 16:00:00+00:00,11.521572783375936,9.466434831464898,12.49930528254607
2021-06-04 17:00:00+00:00,9.114067598040705,13.645735617389555,15.683868245650354
2021-06-04 18:00:00+00:00,14.066971979023444,9.377736914720511,7.324766224741446
2021-06-04 19:00:00+00:00,6.549707880694739,10.289493214008372,6.423676643433703
2021-06-04 20:00:00+00:00,10.168002085092445,9.04943217211241,9.782036975030156
2021-06-04 21:00:00+00:00,7.122115582633079,8.511287941616636,7.738226837772459
2021-06-04 22:00:00+00:00,3.6949411513646697,0.02498827578648098,0.07884619747537003
2021-06-04 23:00:00+00:00,0.9923953341968657,0.01257873876064967,0.011931584947213227
2021-06-05 00:00:00+00:00,0.36397777764331485,0.07319704863034382,0.09158314677096256
2021-06-05 01:00:00+00:00,0.0,0.0,0.0
2021-06-05 02:00:00+00:00,0.0,0.0,0.0
2021-06-05 03:00:00+00:00,0.0,0.0,0.0
2021-06-05 04:00:00+00:00,0.0,0.0,0.0
2021-06-05 05:00:00+00:00,0.0,0.0,0.0
2021-06-05 06:00:00+00:00,0.0,0.0,0.0
2021-06-05 07:00:00+00:00,0.0,0.0,0.0
2021-06-05 08:00:00+00:00,0.0,0.0,0.0
2021-06-05 09:00:00+00:00,0.0,0.0,0.0
2021-06-05 10:00:00+00:00,0.5393242788689728,0.827803647773871,0.6781034088409682
2021-06-05 11:00:00+00:00,1.3342704125959597,2.3044249183470993,1.7720110914762934
2021-06-05 12:00:00+00:00,4.685851888451975,7.148952504453586,5.910132835651226
2021-06-05 13:00:00+00:00,8.023040857935177,12.872514131956539,10.157683678097326
2021-06-05 14:00:00+00:00,10.752235600901287,17.204382228973717,13.519766228561556
2021-06-05 15:00:00+00:00,12.826621562232631,20.391701071119613,16.11936022497673
2021-06-05 16:00:00+00:00,13.848900979798374,22.169462233224095,17.517513927589768
2021-06-05 17:00:00+00:00,13.976391631887708,22.435673570468694,17.72361242394631
2021-06-05 18:00:00+00:00,13.45673576941903,21.42001892501048,16.89631265301893
2021-06-05 19:00:00+00:00,12.008898199427222,19.0552240160951,15.082873035736524
2021-06-05 20:00:00+00:00,9.738051106748955,15.530166347889,12.28317646777424
2021-06-05 21:00:00+00:00,6.863244551733913,10.698707608344257,8.451137108455093
2021-06-05 22:00:00+00:00,3.6239352091951,5.536084148239057,4.38727470427756
2021-06-05 23:00:00+00:00,1.0737279541959082,1.6556067840926212,1.319302737104339
2021-06-06 00:00:00+00:00,0.3656067419780737,0.3138233289496906,0.2584468366297239
2021-06-06 01:00:00+00:00,0.0,0.0,0.0
2021-06-06 02:00:00+00:00,0.0,0.0,0.0
2021-06-06 03:00:00+00:00,0.0,0.0,0.0
2021-06-06 04:00:00+00:00,0.0,0.0,0.0
2021-06-06 05:00:00+00:00,0.0,0.0,0.0
2021-06-06 06:00:00+00:00,0.0,0.0,0.0
2021-06-06 07:00:00+00:00,0.0,0.0,0.0
2021-06-06 08:00:00+00:00,0.0,0.0,0.0
2021-06-06 09:00:00+00:00,0.0,0.0,0.0
2021-06-06 10:00:00+00:00,0.5397033523731063,0.815297058693316,0.6479829287154908
2021-06-06 11:00:00+00:00,1.2740577231198624,2.3661651615296417,1.7493639491213266
2021-06-06 12:00:00+00:00,4.625843823158757,7.345301736709254,5.840989505615209
2021-06-06 13:00:00+00:00,7.982795975632171,12.517292792355342,9.953290865875777
2021-06-06 14:00:00+00:00,10.762262957814992,16.677091469588916,13.401154282898423
2021-06-06 15:00:00+00:00,12.738563883370007,19.704160307983795,15.764389732822648
2021-06-06 16:00:00+00:00,13.803581206738334,19.208975426727022,16.95044460788929
2021-06-06 17:00:00+00:00,14.036716159601138,21.83827591420622,17.188046490578724
2021-06-06 18:00:00+00:00,13.436902206649192,20.95336386810603,16.616658877111107
2021-06-06 19:00:00+00:00,11.915710261514965,18.72943965983273,14.844281005269048
2021-06-06 20:00:00+00:00,9.704079184294491,15.327736550412316,12.078104005045718
2021-06-06 21:00:00+00:00,6.888584707830331,10.590201548381986,8.374126440886654
2021-06-06 22:00:00+00:00,3.6078476253974814,5.534087301191923,4.393480263489195
2021-06-06 23:00:00+00:00,1.0182551711692338,1.6719250810324984,1.3305670931435851
2021-06-07 00:00:00+00:00,0.37556137712505616,0.3239880471392279,0.27447304643399134
2021-06-07 01:00:00+00:00,0.0,0.0,0.0
2021-06-07 02:00:00+00:00,0.0,0.0,0.0
2021-06-07 03:00:00+00:00,0.0,0.0,0.0
2021-06-07 04:00:00+00:00,0.0,0.0,0.0
2021-06-07 05:00:00+00:00,0.0,0.0,0.0
2021-06-07 06:00:00+00:00,0.0,0.0,0.0
2021-06-07 07:00:00+00:00,0.0,0.0,0.0
2021-06-07 08:00:00+00:00,0.0,0.0,0.0
2021-06-07 09:00:00+00:00,0.0,0.0,0.0
2021-06-07 10:00:00+00:00,0.5383657813425041,0.8438442915672505,0.6562259558357249
2021-06-07 11:00:00+00:00,1.2607919116149644,2.288727322850739,1.7995042760994808
2021-06-07 12:00:00+00:00,4.595158434135512,7.2679153221608255,5.8112430430395525
2021-06-07 13:00:00+00:00,7.927173142246238,12.532695837564903,9.916640000672396
2021-06-07 14:00:00+00:00,10.723361488924223,17.00131502303491,13.388678109682855
2021-06-07 15:00:00+00:00,12.741954569574794,20.312767883759214,15.819619650530806
2021-06-07 16:00:00+00:00,13.814267931943357,21.652966244705187,17.209784707510604
2021-06-07 17:00:00+00:00,14.050205141325165,22.441764282890222,17.791186235289725
2021-06-07 18:00:00+00:00,13.556035630442784,21.407831957630602,17.021147123212437
2021-06-07 19:00:00+00:00,11.987166181164357,19.183923853413393,15.208590290311786
2021-06-07 20:00:00+00:00,9.761548637365031,15.494864320237454,12.285211013075227
2021-06-07 21:00:00+00:00,6.707276063017744,10.720472995831829,8.463743892286272
2021-06-07 22:00:00+00:00,3.6155334358227216,5.568757280668244,4.425615345017858
2021-06-07 23:00:00+00:00,1.111383713784396,0.26733961698828124,0.22527061122185316
2021-06-08 00:00:00+00:00,0.3796898082507497,0.22405902639420053,0.13577680078872284
2021-06-08 01:00:00+00:00,0.0,0.0,0.0
2021-06-08 02:00:00+00:00,0.0,0.0,0.0
2021-06-08 03:00:00+00:00,0.0,0.0,0.0
2021-06-08 04:00:00+00:00,0.0,0.0,0.0
2021-06-08 05:00:00+00:00,0.0,0.0,0.0
2021-06-08 06:00:00+00:00,0.0,0.0,0.0
2021-06-08 07:00:00+00:00,0.0,0.0,0.0
2021-06-08 08:00:00+00:00,0.0,0.0,0.0
2021-06-08 09:00:00+00:00,0.0,0.0,0.0
2021-06-08 10:00:00+00:00,0.5538733195720723,0.8705767828933002,0.48110634618169684
2021-06-08 11:00:00+00:00,1.3922024079141777,2.8043824058984463,2.00512447741456
2021-06-08 12:00:00+00:00,3.59573016640649,6.756779227200617,5.39124918841881
2021-06-08 13:00:00+00:00,7.612862223464959,12.154257325280996,9.412036984059347
2021-06-08 14:00:00+00:00,10.331093891757394,16.50864739205883,13.211941756963089
2021-06-08 15:00:00+00:00,9.126526042751156,19.725777946576702,15.643424214409388
2021-06-08 16:00:00+00:00,9.528941511548782,21.308745587118963,16.6634716351164
2021-06-08 17:00:00+00:00,4.842413325026202,21.8423336442938,17.23792768180494
2021-06-08 18:00:00+00:00,10.495487285115475,20.92180233231862,16.587269304472006
2021-06-08 19:00:00+00:00,4.2189263644768324,18.57900876258814,14.726350227247078
2021-06-08 20:00:00+00:00,0.04579910653011397,15.168991592649165,11.95647318644355
2021-06-08 21:00:00+00:00,0.3548147716579719,0.1470197271494144,0.09691942442572123
2021-06-08 22:00:00+00:00,2.8893607533464025,0.02478729584610718,0.019577856737561974
2021-06-08 23:00:00+00:00,1.4024018829267486,0.009915218440068343,0.28626814300473563
2021-06-09 00:00:00+00:00,0.0,0.01743536664571688,0.009851519644389703
2021-06-09 01:00:00+00:00,0.0,0.0,0.0
2021-06-09 02:00:00+00:00,0.0,0.0,0.0
2021-06-09 03:00:00+00:00,0.0,0.0,0.0
2021-06-09 04:00:00+00:00,0.0,0.0,0.0
2021-06-09 05:00:00+00:00,0.0,0.0,0.0
2021-06-09 06:00:00+00:00,0.0,0.0,0.0
2021-06-09 07:00:00+00:00,0.0,0.0,0.0
2021-06-09 08:00:00+00:00,0.0,0.0,0.0
2021-06-09 09:00:00+00:00,0.0,0.0,0.0
2021-06-09 10:00:00+00:00,0.4543116062557796,0.8417778388399381,0.6843236061095779
2021-06-09 11:00:00+00:00,1.6830341459186273,1.4947578959075074,1.872316439703348
2021-06-09 12:00:00+00:00,4.24419844184001,4.584135149871148,5.069312882810782
2021-06-09 13:00:00+00:00,7.187309001863633,9.967782333725669,7.146408808307052
2021-06-09 14:00:00+00:00,10.096575933235545,16.53122494201604,13.151575867564011
2021-06-09 15:00:00+00:00,10.18718925251998,19.33871201494907,15.401809482294043
2021-06-09 16:00:00+00:00,11.997229890649953,21.21033605459313,16.90134359381687
2021-06-09 17:00:00+00:00,12.820222216281705,21.489892738504704,17.19291976336143
2021-06-09 18:00:00+00:00,12.659406351410698,20.612746983663047,16.43007557616462
2021-06-09 19:00:00+00:00,4.104166739624316,18.338133706642505,14.66999816571401
2021-06-09 20:00:00+00:00,5.980760001609586,14.155366701895142,11.971519696037138
2021-06-09 21:00:00+00:00,6.197861233460224,10.558210944671504,8.333256579611977
2021-06-09 22:00:00+00:00,3.721757811684685,5.548380887241578,4.412916652775605
2021-06-09 23:00:00+00:00,1.0709584584094702,1.7037445578526331,1.3640662254961438
2021-06-10 00:00:00+00:00,0.4018044949390835,0.03188423024715335,0.001958793650331898
2021-06-10 01:00:00+00:00,0.0,0.0,0.0
2021-06-10 02:00:00+00:00,0.0,0.0,0.0
2021-06-10 03:00:00+00:00,0.0,0.0,0.0
2021-06-10 04:00:00+00:00,0.0,0.0,0.0
2021-06-10 05:00:00+00:00,0.0,0.0,0.0
2021-06-10 06:00:00+00:00,0.0,0.0,0.0
2021-06-10 07:00:00+00:00,0.0,0.0,0.0
2021-06-10 08:00:00+00:00,0.0,0.0,0.0
2021-06-10 09:00:00+00:00,0.0,0.0,0.0
2021-06-10 10:00:00+00:00,0.61193964598047,0.880430659523748,0.7023568116507842
2021-06-10 11:00:00+00:00,1.1838297839565068,2.196037992916312,1.7333839552800447
2021-06-10 12:00:00+00:00,4.825275690131457,7.333884610965853,5.829879479283523
2021-06-10 13:00:00+00:00,8.428919858758206,11.434606423379597,9.529758577745765
2021-06-10 14:00:00+00:00,11.416843853536943,14.58275538191689,12.219192946227876
2021-06-10 15:00:00+00:00,13.618793125465157,19.912032915562726,15.7817548337114
2021-06-10 16:00:00+00:00,14.83733940619621,22.173510929152876,17.54014013362552
2021-06-10 17:00:00+00:00,15.12397504580344,22.594057257631974,18.08838636905737
2021-06-10 18:00:00+00:00,14.455711876653345,21.86284168581745,17.41734003265115
2021-06-10 19:00:00+00:00,12.959455467690049,19.714392106124855,15.59072943046895
2021-06-10 20:00:00+00:00,10.562952980996608,16.095678830928552,12.765560431132858
2021-06-10 21:00:00+00:00,7.459507819462908,11.205913082191374,8.887737075612348
2021-06-10 22:00:00+00:00,3.854059662494979,5.727932027306065,4.557990135837828
2021-06-10 23:00:00+00:00,0.8741429834449757,1.5678775687495223,1.2562738426886755
2021-06-11 00:00:00+00:00,0.4205131981747288,0.43991345798822007,0.3597262791097995
2021-06-11 01:00:00+00:00,0.0,0.0,0.0
2021-06-11 02:00:00+00:00,0.0,0.0,0.0
2021-06-11 03:00:00+00:00,0.0,0.0,0.0
2021-06-11 04:00:00+00:00,0.0,0.0,0.0
2021-06-11 05:00:00+00:00,0.0,0.0,0.0
2021-06-11 06:00:00+00:00,0.0,0.0,0.0
2021-06-11 07:00:00+00:00,0.0,0.0,0.0
2021-06-11 08:00:00+00:00,0.0,0.0,0.0
2021-06-11 09:00:00+00:00,0.0,0.0,0.0
2021-06-11 10:00:00+00:00,0.5524792776334453,0.8293665890128229,0.6602183534196668
2021-06-11 11:00:00+00:00,1.2805675989535488,2.296939341872912,1.6822923129876755
2021-06-11 12:00:00+00:00,4.624469583918486,7.632284993917268,5.959437117746598
2021-06-11 13:00:00+00:00,7.878767052288958,13.141973821535629,10.437339427767556
2021-06-11 14:00:00+00:00,10.912493755867308,17.703284434528626,14.025665599011269
2021-06-11 15:00:00+00:00,13.22983629673978,20.983003377254814,16.67752495162401
2021-06-11 16:00:00+00:00,14.369512164997085,22.776394657942056,18.21993292796138
2021-06-11 17:00:00+00:00,14.658997514946876,23.165593229871927,18.436832788209383
2021-06-11 18:00:00+00:00,13.632006474808195,22.35039047469387,17.79127298166979
2021-06-11 19:00:00+00:00,11.51511528929734,19.572179551715784,15.652723323822988
2021-06-11 20:00:00+00:00,8.893322953903649,16.112944619756988,12.758912917565747
2021-06-11 21:00:00+00:00,0.5812871696043347,11.099900069030836,8.515684374221266
2021-06-11 22:00:00+00:00,3.0004633211699403,5.583537678566166,4.42958135647078
2021-06-11 23:00:00+00:00,0.10968226984284851,1.6749049412663275,1.3507029200338923
2021-06-12 00:00:00+00:00,0.022314853211816817,0.4385114616950731,0.36431405850303533
2021-06-12 01:00:00+00:00,0.0,0.0,0.0
2021-06-12 02:00:00+00:00,0.0,0.0,0.0
2021-06-12 03:00:00+00:00,0.0,0.0,0.0
2021-06-12 04:00:00+00:00,0.0,0.0,0.0
2021-06-12 05:00:00+00:00,0.0,0.0,0.0
2021-06-12 06:00:00+00:00,0.0,0.0,0.0
2021-06-12 07:00:00+00:00,0.0,0.0,0.0
2021-06-12 08:00:00+00:00,0.0,0.0,0.0
2021-06-12 09:00:00+00:00,0.0,0.0,0.0
2021-06-12 10:00:00+00:00,0.03226788419525326,0.8449632186124695,0.6731399348119687
2021-06-12 11:00:00+00:00,0.14641350296547861,2.4156884096468327,2.1568115195918693
2021-06-12 12:00:00+00:00,4.28375600894679,4.171862262299419,3.365073876247103
2021-06-12 13:00:00+00:00,1.3606069738015258,3.867291959549549,1.0577817649041852
2021-06-12 14:00:00+00:00,5.254861260805353,7.865517303467396,0.17491215281083797
2021-06-12 15:00:00+00:00,13.36433237179799,11.110311890198153,11.40541112700179
2021-06-12 16:00:00+00:00,14.689539280967294,22.022127685863193,16.405661078106824
2021-06-12 17:00:00+00:00,13.955715738655103,22.764550251132366,15.770318021181486
2021-06-12 18:00:00+00:00,14.333495310880613,18.56537279100671,17.164124530545227
2021-06-12 19:00:00+00:00,12.78330537321064,16.350275458444163,7.613867913848791
2021-06-12 20:00:00+00:00,10.478296759067904,10.717105043875156,1.6426752962693216
2021-06-12 21:00:00+00:00,7.381831145243395,8.377528099605682,3.5668088605705894
2021-06-12 22:00:00+00:00,3.8512114481424056,4.210203161620338,4.080532179881245
2021-06-12 23:00:00+00:00,0.9136107642201056,1.6146008737370412,1.256172937019888
2021-06-13 00:00:00+00:00,0.43057442462835677,0.48016787253852866,0.39324658630710335
2021-06-13 01:00:00+00:00,0.0,0.0,0.0
2021-06-13 02:00:00+00:00,0.0,0.0,0.0
2021-06-13 03:00:00+00:00,0.0,0.0,0.0
2021-06-13 04:00:00+00:00,0.0,0.0,0.0
2021-06-13 05:00:00+00:00,0.0,0.0,0.0
2021-06-13 06:00:00+00:00,0.0,0.0,0.0
2021-06-13 07:00:00+00:00,0.0,0.0,0.0
2021-06-13 08:00:00+00:00,0.0,0.0,0.0
2021-06-13 09:00:00+00:00,0.0,0.0,0.0
2021-06-13 10:00:00+00:00,0.5385806437141203,0.8352275977878684,0.6535482762671031
2021-06-13 11:00:00+00:00,0.38130441625409656,2.068432775388394,1.6345934963568953
2021-06-13 12:00:00+00:00,4.212925828361812,7.611159697848711,6.007396874680485
2021-06-13 13:00:00+00:00,8.019276636674283,13.10525564917549,10.41908048581571
2021-06-13 14:00:00+00:00,10.99846486194461,17.555810389803685,14.078346579365867
2021-06-13 15:00:00+00:00,13.292680628930453,20.896770146099282,16.637522344784045
2021-06-13 16:00:00+00:00,14.426906514535617,22.711992290728492,17.747843850304797
2021-06-13 17:00:00+00:00,14.687259744972204,23.102564547058993,18.00277237881242
2021-06-13 18:00:00+00:00,11.629832435130702,22.083462566995696,17.396084752006825
2021-06-13 19:00:00+00:00,12.502957038204334,19.697384581386608,15.314545650182719
2021-06-13 20:00:00+00:00,9.898905767170804,16.072797039646574,12.616071592527673
2021-06-13 21:00:00+00:00,7.195220434842331,11.047735922988958,8.794654766643587
2021-06-13 22:00:00+00:00,3.7875991388543904,5.647799093511756,4.6076621650421385
2021-06-13 23:00:00+00:00,1.0376419259742906,1.7869504936077567,0.5405125248388478
2021-06-14 00:00:00+00:00,0.4341868840772577,0.4734703312907085,0.39245294375881057
2021-06-14 01:00:00+00:00,0.0,0.0,0.0
2021-06-14 02:00:00+00:00,0.0,0.0,0.0
2021-06-14 03:00:00+00:00,0.0,0.0,0.0
2021-06-14 04:00:00+00:00,0.0,0.0,0.0
2021-06-14 05:00:00+00:00,0.0,0.0,0.0
2021-06-14 06:00:00+00:00,0.0,0.0,0.0
2021-06-14 07:00:00+00:00,0.0,0.0,0.0
2021-06-14 08:00:00+00:00,0.0,0.0,0.0
2021-06-14 09:00:00+00:00,0.0,0.0,0.0
2021-06-14 10:00:00+00:00,0.0032005051951662323,0.5862024252218879,0.44628588878550596
2021-06-14 11:00:00+00:00,0.041488918960257554,2.282179637623711,1.7864484626965735
2021-06-14 12:00:00+00:00,0.3977875997250622,2.475546497710305,0.10996721147919045
2021-06-14 13:00:00+00:00,0.09905731600437834,7.3213834879277035,1.423460029577565
2021-06-14 14:00:00+00:00,0.04955019190660841,0.8380958492323286,0.90164269372747
2021-06-14 15:00:00+00:00,0.40306906057990327,0.7253582050000602,0.18175869592516142
2021-06-14 16:00:00+00:00,0.04764204069188615,12.708677587374742,1.4011348925779452
2021-06-14 17:00:00+00:00,0.09518339510786653,12.786625618431131,5.7807090400972525
2021-06-14 18:00:00+00:00,0.20577267456618242,6.035895711074328,9.15955518215081
2021-06-14 19:00:00+00:00,0.38080412112544837,8.394776533600044,1.841486582837711
2021-06-14 20:00:00+00:00,1.084771849853584,7.033523557865734,1.3557845912467932
2021-06-14 21:00:00+00:00,4.971806399774907,10.102519204758341,7.405425196856896
2021-06-14 22:00:00+00:00,0.20615764275880333,5.784540399951815,4.607368099905707
2021-06-14 23:00:00+00:00,0.01911125914979173,2.139326375376413,1.7295725310260799
2021-06-15 00:00:00+00:00,0.25478916704553584,0.43804980512014896,0.17573731565699421
2021-06-15 01:00:00+00:00,0.0,0.0,0.0
2021-06-15 02:00:00+00:00,0.0,0.0,0.0
2021-06-15 03:00:00+00:00,0.0,0.0,0.0
2021-06-15 04:00:00+00:00,0.0,0.0,0.0
2021-06-15 05:00:00+00:00,0.0,0.0,0.0
2021-06-15 06:00:00+00:00,0.0,0.0,0.0
2021-06-15 07:00:00+00:00,0.0,0.0,0.0
2021-06-15 08:00:00+00:00,0.0,0.0,0.0
2021-06-15 09:00:00+00:00,0.0,0.0,0.0
2021-06-15 10:00:00+00:00,0.5440584390639605,0.8725273033525054,0.1381346372232701
2021-06-15 11:00:00+00:00,0.9556278716527805,2.1162772814184887,1.6046234158508799
2021-06-15 12:00:00+00:00,2.252683988379598,2.0686515010445734,1.0843608570635401
2021-06-15 13:00:00+00:00,4.0784447337705085,1.042051094756472,1.3996089672275382
2021-06-15 14:00:00+00:00,1.9323898590492097,16.60745259418453,10.731293417256426
2021-06-15 15:00:00+00:00,9.011043333935532,13.999829605403663,12.155527456590978
2021-06-15 16:00:00+00:00,12.159074496547783,12.989875652205907,0.6896246136897708
2021-06-15 17:00:00+00:00,5.290157420605797,13.232995406227205,12.714536586419081
2021-06-15 18:00:00+00:00,13.450012692479389,14.401483343620445,17.215164498449727
2021-06-15 19:00:00+00:00,10.003158552196922,12.622904393070709,15.387514462525612
2021-06-15 20:00:00+00:00,6.73654346442263,15.410511192781877,12.488704532632585
2021-06-15 21:00:00+00:00,6.003327818649935,10.931402978227377,7.909297230944832
2021-06-15 22:00:00+00:00,3.8612111808639593,5.755013742275289,4.593752383663243
2021-06-15 23:00:00+00:00,1.0818019029412367,1.7329227196564911,1.3983189845006756
2021-06-16 00:00:00+00:00,0.2024998133890291,0.4955448213896146,0.40462129593034646
2021-06-16 01:00:00+00:00,0.0,0.0,0.0
2021-06-16 02:00:00+00:00,0.0,0.0,0.0
2021-06-16 03:00:00+00:00,0.0,0.0,0.0
2021-06-16 04:00:00+00:00,0.0,0.0,0.0
2021-06-16 05:00:00+00:00,0.0,0.0,0.0
2021-06-16 06:00:00+00:00,0.0,0.0,0.0
2021-06-16 07:00:00+00:00,0.0,0.0,0.0
2021-06-16 08:00:00+00:00,0.0,0.0,0.0
2021-06-16 09:00:00+00:00,0.0,0.0,0.0
2021-06-16 10:00:00+00:00,0.5354220828772024,0.8120818921667459,0.6449208002649072
2021-06-16 11:00:00+00:00,1.1199078330734067,2.0212585658087567,1.5975112684976218
2021-06-16 12:00:00+00:00,4.780976015481469,7.498165709499891,5.951241610895573
2021-06-16 13:00:00+00:00,8.519062424900698,13.005315332662772,10.40956337733911
2021-06-16 14:00:00+00:00,11.630399467080524,17.77738174805822,14.15645559908756
2021-06-16 15:00:00+00:00,7.739581054274681,21.251022093762213,16.936576842190487
2021-06-16 16:00:00+00:00,15.157694198014719,23.297963736817092,18.599011995158456
2021-06-16 17:00:00+00:00,14.951496386947051,23.899650038355176,19.056409358798003
2021-06-16 18:00:00+00:00,14.721685755922328,22.88279194732552,18.278914579738398
2021-06-16 19:00:00+00:00,11.26103407383255,20.440379284337954,16.23093916552143
2021-06-16 20:00:00+00:00,8.372135763511501,16.468246154212636,13.089314697305083
2021-06-16 21:00:00+00:00,6.947669588871017,11.338075998943012,9.10093996677219
2021-06-16 22:00:00+00:00,3.9573523137487236,5.792598197013829,4.6272145382293735
2021-06-16 23:00:00+00:00,0.9321501477842408,1.492326423409516,1.1819297256650163
2021-06-17 00:00:00+00:00,0.4571351548678056,0.5382550350542352,0.43003020870657827
2021-06-17 01:00:00+00:00,0.0,0.0,0.0
2021-06-17 02:00:00+00:00,0.0,0.0,0.0
2021-06-17 03:00:00+00:00,0.0,0.0,0.0
2021-06-17 04:00:00+00:00,0.0,0.0,0.0
2021-06-17 05:00:00+00:00,0.0,0.0,0.0
2021-06-17 06:00:00+00:00,0.0,0.0,0.0
2021-06-17 07:00:00+00:00,0.0,0.0,0.0
2021-06-17 08:00:00+00:00,0.0,0.0,0.0
2021-06-17 09:00:00+00:00,0.0,0.0,0.0
2021-06-17 10:00:00+00:00,0.5270638477038553,0.7981331384011526,0.6331158005659193
2021-06-17 11:00:00+00:00,1.1062709657658483,1.9330527600706247,1.5142269913071817
2021-06-17 12:00:00+00:00,4.78372970934138,7.720468064869346,6.123551600423508
2021-06-17 13:00:00+00:00,8.484338084828908,13.48521925404098,10.725096478962465
2021-06-17 14:00:00+00:00,11.565203247517795,18.19384077351698,14.461375062265404
2021-06-17 15:00:00+00:00,13.715010439979462,21.643426507063136,17.251747298270647
2021-06-17 16:00:00+00:00,14.928236746849507,23.527299123182793,18.732133678295757
2021-06-17 17:00:00+00:00,15.164561723785988,24.017966128814642,19.115487981353137
2021-06-17 18:00:00+00:00,14.508683495925311,22.858615115330448,18.186797543889625
2021-06-17 19:00:00+00:00,12.996504654543564,20.310578368348118,16.17446649786675
2021-06-17 20:00:00+00:00,10.675378642900343,16.612072884638454,13.209226538625753
2021-06-17 21:00:00+00:00,7.510361757644446,11.512568013684575,9.21217098221574
2021-06-17 22:00:00+00:00,3.9063264902625825,5.862200838041864,4.67694844011751
2021-06-17 23:00:00+00:00,0.953856944308899,1.5059825001730835,1.1968104200007645
2021-06-18 00:00:00+00:00,0.4568540646175915,0.5445921678149397,0.43459268155554776
2021-06-18 01:00:00+00:00,0.0,0.0,0.0
2021-06-18 02:00:00+00:00,0.0,0.0,0.0
2021-06-18 03:00:00+00:00,0.0,0.0,0.0
2021-06-18 04:00:00+00:00,0.0,0.0,0.0
2021-06-18 05:00:00+00:00,0.0,0.0,0.0
2021-06-18 06:00:00+00:00,0.0,0.0,0.0
2021-06-18 07:00:00+00:00,0.0,0.0,0.0
2021-06-18 08:00:00+00:00,0.0,0.0,0.0
2021-06-18 09:00:00+00:00,0.0,0.0,0.0
2021-06-18 10:00:00+00:00,0.5367895222348683,0.8768212129204993,0.6361199838416399
2021-06-18 11:00:00+00:00,1.1117413699766387,1.9522576932839777,1.5361860351673697
2021-06-18 12:00:00+00:00,4.705227008207064,7.548690205092599,5.964420525592554
2021-06-18 13:00:00+00:00,8.261474559580728,12.951691356469347,10.269910812139969
2021-06-18 14:00:00+00:00,11.22043333823931,17.590375895305904,13.99047701246483
2021-06-18 15:00:00+00:00,13.285612392217692,20.880340284097343,16.51116122595673
2021-06-18 16:00:00+00:00,14.432373703897166,22.842100908364287,18.086513731415984
2021-06-18 17:00:00+00:00,14.612630121687996,23.109668363345232,18.279946168695524
2021-06-18 18:00:00+00:00,13.91360928789589,22.086534628194954,17.435153783364733
2021-06-18 19:00:00+00:00,6.210343616188043,19.850447178080817,15.673027266275763
2021-06-18 20:00:00+00:00,6.515554484896403,16.102518721168437,12.779415477519548
2021-06-18 21:00:00+00:00,0.7201570297813186,11.18391606393384,8.879444617051382
2021-06-18 22:00:00+00:00,0.7078652188721816,5.695954690167902,4.529660352024324
2021-06-18 23:00:00+00:00,0.8695526110263049,1.346129545940833,0.3967850747476621
2021-06-19 00:00:00+00:00,0.04661402363784013,0.1978273061182597,0.1615143046886373
2021-06-19 01:00:00+00:00,0.0,0.0,0.0
2021-06-19 02:00:00+00:00,0.0,0.0,0.0
2021-06-19 03:00:00+00:00,0.0,0.0,0.0
2021-06-19 04:00:00+00:00,0.0,0.0,0.0
2021-06-19 05:00:00+00:00,0.0,0.0,0.0
2021-06-19 06:00:00+00:00,0.0,0.0,0.0
2021-06-19 07:00:00+00:00,0.0,0.0,0.0
2021-06-19 08:00:00+00:00,0.0,0.0,0.0
2021-06-19 09:00:00+00:00,0.0,0.0,0.0
2021-06-19 10:00:00+00:00,0.5413494739274856,0.8567038935310851,0.6797183776953319
2021-06-19 11:00:00+00:00,1.7071494272591112,2.7842730010207615,2.052407616676499
2021-06-19 12:00:00+00:00,2.484517491678487,6.86324212353294,5.598766661097679
2021-06-19 13:00:00+00:00,4.120195884922246,12.153891347163905,9.718090819484908
2021-06-19 14:00:00+00:00,9.884879165771963,16.20804018798238,13.152462010927474
2021-06-19 15:00:00+00:00,12.35190903329483,19.7577815222355,15.203551706634473
2021-06-19 16:00:00+00:00,12.496735377095806,20.79969172962499,17.161616853570184
2021-06-19 17:00:00+00:00,12.885024408519653,20.986974538340935,16.426240579184302
2021-06-19 18:00:00+00:00,11.003799917475165,20.585811116461723,16.976260845399665
2021-06-19 19:00:00+00:00,12.243190617760487,19.007419019344603,15.232909996056224
2021-06-19 20:00:00+00:00,10.212985098238104,15.245937892113778,12.237564612828113
2021-06-19 21:00:00+00:00,4.410744501695766,2.125147034801336,2.336570525836677
2021-06-19 22:00:00+00:00,3.603435330546415,0.39062990300611217,0.17450329651586038
2021-06-19 23:00:00+00:00,1.3325812007090472,0.09421852543683469,0.11589070058023644
2021-06-20 00:00:00+00:00,0.08479938111256724,0.002485299040100221,0.0
2021-06-20 01:00:00+00:00,0.0,0.0,0.0
2021-06-20 02:00:00+00:00,0.0,0.0,0.0
2021-06-20 03:00:00+00:00,0.0,0.0,0.0
2021-06-20 04:00:00+00:00,0.0,0.0,0.0
2021-06-20 05:00:00+00:00,0.0,0.0,0.0
2021-06-20 06:00:00+00:00,0.0,0.0,0.0
2021-06-20 07:00:00+00:00,0.0,0.0,0.0
2021-06-20 08:00:00+00:00,0.0,0.0,0.0
2021-06-20 09:00:00+00:00,0.0,0.0,0.0
2021-06-20 10:00:00+00:00,0.5382750638845912,0.8108654935828842,0.6442614649521818
2021-06-20 11:00:00+00:00,1.2111533999635398,1.985220957385715,1.5670233055539444
2021-06-20 12:00:00+00:00,4.487423779781613,7.226080030823632,5.702523329605011
2021-06-20 13:00:00+00:00,7.926271440114521,12.293695454189049,9.747368657249487
2021-06-20 14:00:00+00:00,10.798449386456387,15.844688646056238,13.14362437792292
2021-06-20 15:00:00+00:00,12.94425591703996,20.19139510838882,16.09839458436174
2021-06-20 16:00:00+00:00,13.964224756354957,22.028766504350212,17.332431740653515
2021-06-20 17:00:00+00:00,12.742875030697435,22.31210660428668,17.710332488468158
2021-06-20 18:00:00+00:00,10.92139691873442,21.335007995666583,16.737520561138076
2021-06-20 19:00:00+00:00,11.824510691589808,18.714902729347955,12.38991064382374
2021-06-20 20:00:00+00:00,8.129539413017133,15.354921879350336,12.034691900707893
2021-06-20 21:00:00+00:00,6.852101268257566,10.839993799233252,8.597117071577518
2021-06-20 22:00:00+00:00,3.826449973546547,5.789873588519997,4.601030438144579
2021-06-20 23:00:00+00:00,1.1896007007042408,1.7662705441746416,1.4010347431610826
2021-06-21 00:00:00+00:00,0.4594790521427374,0.52832452113149,0.4229757091473312
2021-06-21 01:00:00+00:00,0.0,0.0,0.0
2021-06-21 02:00:00+00:00,0.0,0.0,0.0
2021-06-21 03:00:00+00:00,0.0,0.0,0.0
2021-06-21 04:00:00+00:00,0.0,0.0,0.0
2021-06-21 05:00:00+00:00,0.0,0.0,0.0
2021-06-21 06:00:00+00:00,0.0,0.0,0.0
2021-06-21 07:00:00+00:00,0.0,0.0,0.0
2021-06-21 08:00:00+00:00,0.0,0.0,0.0
2021-06-21 09:00:00+00:00,0.0,0.0,0.0
2021-06-21 10:00:00+00:00,0.5386824108793802,0.13480171058368035,0.12281265836474616
2021-06-21 11:00:00+00:00,1.3154765124240444,0.9951046563506337,1.2704617980720296
2021-06-21 12:00:00+00:00,3.331356785500574,0.8573365966194614,2.0047733563254995
2021-06-21 13:00:00+00:00,7.428156441089648,1.4984903519218007,2.2167817046470555
2021-06-21 14:00:00+00:00,10.187224655581256,9.013629664716706,8.216599489160195
2021-06-21 15:00:00+00:00,12.268552450974342,3.2257383766936027,5.843434182551287
2021-06-21 16:00:00+00:00,13.447596256701285,6.4165027176382665,5.466960932089615
2021-06-21 17:00:00+00:00,13.787273282665279,3.3581526121862093,4.87260774287652
2021-06-21 18:00:00+00:00,13.28026538926854,3.302783044828953,1.0141974939420004
2021-06-21 19:00:00+00:00,11.930073064732122,0.29663251862370577,0.6246829498589513
2021-06-21 20:00:00+00:00,9.78313292267385,1.181611461394178,0.8612112887251335
2021-06-21 21:00:00+00:00,6.936436831087693,5.624130504688021,4.914592067157699
2021-06-21 22:00:00+00:00,3.820441765110257,5.093962578585683,4.570832442911907
2021-06-21 23:00:00+00:00,1.144774803271421,1.7550745291247,1.442368139134007
2021-06-22 00:00:00+00:00,0.17397817499050733,0.4711363267113819,0.4268888859047866
2021-06-22 01:00:00+00:00,0.0,0.0,0.0
2021-06-22 02:00:00+00:00,0.0,0.0,0.0
2021-06-22 03:00:00+00:00,0.0,0.0,0.0
2021-06-22 04:00:00+00:00,0.0,0.0,0.0
2021-06-22 05:00:00+00:00,0.0,0.0,0.0
2021-06-22 06:00:00+00:00,0.0,0.0,0.0
2021-06-22 07:00:00+00:00,0.0,0.0,0.0
2021-06-22 08:00:00+00:00,0.0,0.0,0.0
2021-06-22 09:00:00+00:00,0.0,0.0,0.0
2021-06-22 10:00:00+00:00,0.4130632247725294,0.3684654088839693,0.34976528102261223
2021-06-22 11:00:00+00:00,1.2363694499335904,1.4487816793040598,1.7323998717444897
2021-06-22 12:00:00+00:00,0.08766312201668353,2.309616720643612,2.382848075076136
2021-06-22 13:00:00+00:00,0.2502875597577665,9.908561318803438,9.126309415941574
2021-06-22 14:00:00+00:00,1.5566050975165289,16.252961298487133,12.977384483461934
2021-06-22 15:00:00+00:00,0.5865453877745191,18.880935395977954,15.227923227584863
2021-06-22 16:00:00+00:00,0.16002546889777908,10.43080954875442,5.902979670583631
2021-06-22 17:00:00+00:00,0.07992222639505203,0.3448796935840592,0.177704133970045
2021-06-22 18:00:00+00:00,0.36807280564826256,1.5223340862547456,0.03998193176758304
2021-06-22 19:00:00+00:00,0.7939100924745932,1.178164071900577,0.04000220037749066
2021-06-22 20:00:00+00:00,0.07997018822246607,0.10106405164588289,0.06025970283923804
2021-06-22 21:00:00+00:00,0.11210851088857418,0.025356279699827483,0.04023974086403894
2021-06-22 22:00:00+00:00,0.06395230182748847,0.37966666591433623,0.7218770777122481
2021-06-22 23:00:00+00:00,0.21462378867713952,0.060935025178459744,0.2759108887760239
2021-06-23 00:00:00+00:00,0.009665190396569665,0.07855687277664669,0.03827819494984251
2021-06-23 01:00:00+00:00,0.0,0.0,0.0
2021-06-23 02:00:00+00:00,0.0,0.0,0.0
2021-06-23 03:00:00+00:00,0.0,0.0,0.0
2021-06-23 04:00:00+00:00,0.0,0.0,0.0
2021-06-23 05:00:00+00:00,0.0,0.0,0.0
2021-06-23 06:00:00+00:00,0.0,0.0,0.0
2021-06-23 07:00:00+00:00,0.0,0.0,0.0
2021-06-23 08:00:00+00:00,0.0,0.0,0.0
2021-06-23 09:00:00+00:00,0.0,0.0,0.0
2021-06-23 10:00:00+00:00,0.5190946761941799,0.7762170813908765,0.6189463666561882
2021-06-23 11:00:00+00:00,1.051566583433438,1.8313921289261237,1.4443150968117913
2021-06-23 12:00:00+00:00,4.65541447590354,7.58147480905942,5.9832784909815695
2021-06-23 13:00:00+00:00,8.17694824634184,13.34310212630892,10.61919869329204
2021-06-23 14:00:00+00:00,11.480097304192135,18.165171527261805,14.431419103872422
2021-06-23 15:00:00+00:00,11.812032729048704,21.636453810083626,17.212399905418994
2021-06-23 16:00:00+00:00,14.417269604994464,23.652367667452747,18.82959342725157
2021-06-23 17:00:00+00:00,13.836498652978001,24.090821951187067,19.197630204861525
2021-06-23 18:00:00+00:00,11.121191372088237,23.12054527924488,18.402243951553253
2021-06-23 19:00:00+00:00,12.914430087202739,20.595556881758764,16.370277329131348
2021-06-23 20:00:00+00:00,10.847741388752397,16.72080125291782,13.2846161941507
2021-06-23 21:00:00+00:00,7.62890825385211,11.643405712760057,9.281099360911618
2021-06-23 22:00:00+00:00,4.07131707124283,5.968015425127284,4.782401772026553
2021-06-23 23:00:00+00:00,0.8893745536462572,1.5165274724362723,1.2299337968014579
2021-06-24 00:00:00+00:00,0.47403302536366465,0.5574579980006856,0.4507409144717218
2021-06-24 01:00:00+00:00,0.0,0.0,0.0
2021-06-24 02:00:00+00:00,0.0,0.0,0.0
2021-06-24 03:00:00+00:00,0.0,0.0,0.0
2021-06-24 04:00:00+00:00,0.0,0.0,0.0
2021-06-24 05:00:00+00:00,0.0,0.0,0.0
2021-06-24 06:00:00+00:00,0.0,0.0,0.0
2021-06-24 07:00:00+00:00,0.0,0.0,0.0
2021-06-24 08:00:00+00:00,0.0,0.0,0.0
2021-06-24 09:00:00+00:00,0.0,0.0,0.0
2021-06-24 10:00:00+00:00,0.5198540863943637,0.784537642576075,0.6263435041696515
2021-06-24 11:00:00+00:00,1.0435573245776535,1.815805617852917,1.4377261039187499
2021-06-24 12:00:00+00:00,4.602126477855506,7.446881731433134,5.897107601448998
2021-06-24 13:00:00+00:00,8.20958505092863,13.13925478550856,10.424039072574756
2021-06-24 14:00:00+00:00,11.082757902492899,17.804060876943137,14.148585226467743
2021-06-24 15:00:00+00:00,13.319023241572792,21.081835302618398,16.808794616439258
2021-06-24 16:00:00+00:00,14.61340175374211,23.031328193027278,17.202933670567994
2021-06-24 17:00:00+00:00,14.934218098463242,23.746571373446255,18.520278399887303
2021-06-24 18:00:00+00:00,14.402096971341338,22.71155944645182,17.875970017582997
2021-06-24 19:00:00+00:00,12.876711877054102,20.49631929257302,16.33327879945882
2021-06-24 20:00:00+00:00,10.53533901597898,16.73915590269087,13.295726584394377
2021-06-24 21:00:00+00:00,7.424790634147275,11.268701563991835,9.237760223696824
2021-06-24 22:00:00+00:00,3.977316042214001,6.05310449242995,4.819641971020858
2021-06-24 23:00:00+00:00,0.9788256386879153,1.531157810335771,1.2039985957998924
2021-06-25 00:00:00+00:00,0.47336777846292477,0.56094226944119,0.45595130596663147
2021-06-25 01:00:00+00:00,0.0,0.0,0.0
2021-06-25 02:00:00+00:00,0.0,0.0,0.0
2021-06-25 03:00:00+00:00,0.0,0.0,0.0
2021-06-25 04:00:00+00:00,0.0,0.0,0.0
2021-06-25 05:00:00+00:00,0.0,0.0,0.0
2021-06-25 06:00:00+00:00,0.0,0.0,0.0
2021-06-25 07:00:00+00:00,0.0,0.0,0.0
2021-06-25 08:00:00+00:00,0.0,0.0,0.0
2021-06-25 09:00:00+00:00,0.0,0.0,0.0
2021-06-25 10:00:00+00:00,0.50962332379716,0.655608396095694,0.23140942536260142
2021-06-25 11:00:00+00:00,0.9958353780745136,0.22072451720038,0.13102336767661704
2021-06-25 12:00:00+00:00,4.589619958799202,0.40023496774840994,0.7495959390386155
2021-06-25 13:00:00+00:00,4.464925081982242,5.99826684401741,1.2068674964963575
2021-06-25 14:00:00+00:00,10.988144024144432,7.329671608499153,2.8033750473226617
2021-06-25 15:00:00+00:00,13.107353388098002,8.227521006175577,4.368747561593213
2021-06-25 16:00:00+00:00,14.611217824645808,3.50080231958156,7.635730647454941
2021-06-25 17:00:00+00:00,14.828590914501708,3.3771168593425633,4.615117868051925
2021-06-25 18:00:00+00:00,14.267101611904524,11.831725164300035,13.319870099835372
2021-06-25 19:00:00+00:00,12.76072720235368,16.261406505177035,14.416908378153336
2021-06-25 20:00:00+00:00,10.448188177764036,16.204622720938342,12.825600491876264
2021-06-25 21:00:00+00:00,7.413513295462407,11.502578041038136,9.139417164512071
2021-06-25 22:00:00+00:00,3.9638394830762227,5.98979608895517,4.772930254828474
2021-06-25 23:00:00+00:00,1.003091979464699,2.1591933908920344,1.3107931175024774
2021-06-26 00:00:00+00:00,0.4732726631109429,0.4287552540143782,0.2448627228070884
2021-06-26 01:00:00+00:00,0.0,0.0,0.0
2021-06-26 02:00:00+00:00,0.0,0.0,0.0
2021-06-26 03:00:00+00:00,0.0,0.0,0.0
2021-06-26 04:00:00+00:00,0.0,0.0,0.0
2021-06-26 05:00:00+00:00,0.0,0.0,0.0
2021-06-26 06:00:00+00:00,0.0,0.0,0.0
2021-06-26 07:00:00+00:00,0.0,0.0,0.0
2021-06-26 08:00:00+00:00,0.0,0.0,0.0
2021-06-26 09:00:00+00:00,0.0,0.0,0.0
2021-06-26 10:00:00+00:00,0.3029330582212901,0.08761868222869477,0.055684057354825824
2021-06-26 11:00:00+00:00,1.2933990348780597,0.20262126786682025,0.26368191190668444
2021-06-26 12:00:00+00:00,4.281519563895892,0.21427464914787372,0.2353836508750867
2021-06-26 13:00:00+00:00,7.474310924282804,1.6659698469231319,4.67318822323486
2021-06-26 14:00:00+00:00,9.913000144329171,1.2060173482591274,5.979846244157864
2021-06-26 15:00:00+00:00,11.72257721361124,6.311520576380897,5.3854672354871695
2021-06-26 16:00:00+00:00,9.785023165394195,7.5210432197250725,4.840978427752253
2021-06-26 17:00:00+00:00,10.184597042604949,8.70966164721825,6.744850450806456
2021-06-26 18:00:00+00:00,4.048576641988101,15.15380673568515,9.697878906216753
2021-06-26 19:00:00+00:00,7.982314596344075,13.491205163907765,9.276548944529504
2021-06-26 20:00:00+00:00,9.768832975343594,8.69452471873548,7.858615529913984
2021-06-26 21:00:00+00:00,7.026897479808351,8.251502410854165,7.969616473409542
2021-06-26 22:00:00+00:00,3.8954760316604027,5.890918942730946,4.678819551089365
2021-06-26 23:00:00+00:00,1.2750419903157435,2.2126716068622994,1.5823585093669263
2021-06-27 00:00:00+00:00,0.4683288728799216,0.21329211397309733,0.1946775198869736
2021-06-27 01:00:00+00:00,0.0,0.0,0.0
2021-06-27 02:00:00+00:00,0.0,0.0,0.0
2021-06-27 03:00:00+00:00,0.0,0.0,0.0
2021-06-27 04:00:00+00:00,0.0,0.0,0.0
2021-06-27 05:00:00+00:00,0.0,0.0,0.0
2021-06-27 06:00:00+00:00,0.0,0.0,0.0
2021-06-27 07:00:00+00:00,0.0,0.0,0.0
2021-06-27 08:00:00+00:00,0.0,0.0,0.0
2021-06-27 09:00:00+00:00,0.0,0.0,0.0
2021-06-27 10:00:00+00:00,0.5167727511446502,0.48226968850816077,0.43607225735127125
2021-06-27 11:00:00+00:00,1.1999784898299697,2.53950655241623,2.0982328665690435
2021-06-27 12:00:00+00:00,4.168195937968396,4.4050048047843475,3.0529019740497456
2021-06-27 13:00:00+00:00,7.549757681254332,0.49433068015933473,0.7774588812070788
2021-06-27 14:00:00+00:00,10.340507345891343,1.5975429914111023,1.6060180778110007
2021-06-27 15:00:00+00:00,12.346666804266656,13.210488989615275,11.737096944631725
2021-06-27 16:00:00+00:00,12.0373376645246,13.977915593740407,13.20923964613166
2021-06-27 17:00:00+00:00,12.152467451656507,18.4456585080194,11.379344552569858
2021-06-27 18:00:00+00:00,11.409999523813548,18.380986044607504,13.844568899250117
2021-06-27 19:00:00+00:00,10.677548534821861,11.255808685118682,14.800734972898473
2021-06-27 20:00:00+00:00,7.277239311336762,15.214225016807758,11.948276194943414
2021-06-27 21:00:00+00:00,6.229368415346498,10.452322624934713,8.53958281270369
2021-06-27 22:00:00+00:00,3.8490613815724566,5.9162161517940515,4.705253111671316
2021-06-27 23:00:00+00:00,1.1051649434449315,1.782848309129761,1.4165287487571654
2021-06-28 00:00:00+00:00,0.46470836692532497,0.5440446831680019,0.43924816398063354
2021-06-28 01:00:00+00:00,0.0,0.0,0.0
2021-06-28 02:00:00+00:00,0.0,0.0,0.0
2021-06-28 03:00:00+00:00,0.0,0.0,0.0
2021-06-28 04:00:00+00:00,0.0,0.0,0.0
2021-06-28 05:00:00+00:00,0.0,0.0,0.0
2021-06-28 06:00:00+00:00,0.0,0.0,0.0
2021-06-28 07:00:00+00:00,0.0,0.0,0.0
2021-06-28 08:00:00+00:00,0.0,0.0,0.0
2021-06-28 09:00:00+00:00,0.0,0.0,0.0
2021-06-28 10:00:00+00:00,0.5117453948118971,0.7909453971891515,0.619725616320054
2021-06-28 11:00:00+00:00,1.1647076236137934,2.050091112265436,1.605146203886714
2021-06-28 12:00:00+00:00,4.204796869630831,6.7974095166236355,5.420629673036887
2021-06-28 13:00:00+00:00,7.382542409661813,10.557393739421645,9.201305648187764
2021-06-28 14:00:00+00:00,10.127130669967702,16.035308797740665,12.878625962571991
2021-06-28 15:00:00+00:00,11.420335507054428,18.96594032941382,15.290377088363824
2021-06-28 16:00:00+00:00,8.996676467864305,20.779969647329825,16.708925180729906
2021-06-28 17:00:00+00:00,10.156202535400448,21.585759953372477,17.03489997274422
2021-06-28 18:00:00+00:00,2.4695592333883476,20.74757325190864,16.363628886192735
2021-06-28 19:00:00+00:00,5.962662138156527,18.381851939236395,14.760077697914138
2021-06-28 20:00:00+00:00,9.576783629907522,14.869537992144112,12.064517666340286
2021-06-28 21:00:00+00:00,6.965364593386503,10.809819844437133,8.572874752490952
2021-06-28 22:00:00+00:00,3.8359347626229066,5.8905693082971995,4.670787789321039
2021-06-28 23:00:00+00:00,1.4776506880116598,1.816431149595319,1.4343964311254578
2021-06-29 00:00:00+00:00,0.46453777299198085,0.5394495301270743,0.43533727764369506
2021-06-29 01:00:00+00:00,0.0,0.0,0.0
2021-06-29 02:00:00+00:00,0.0,0.0,0.0
2021-06-29 03:00:00+00:00,0.0,0.0,0.0
2021-06-29 04:00:00+00:00,0.0,0.0,0.0
2021-06-29 05:00:00+00:00,0.0,0.0,0.0
2021-06-29 06:00:00+00:00,0.0,0.0,0.0
2021-06-29 07:00:00+00:00,0.0,0.0,0.0
2021-06-29 08:00:00+00:00,0.0,0.0,0.0
2021-06-29 09:00:00+00:00,0.0,0.0,0.0
2021-06-29 10:00:00+00:00,0.5151585201801993,0.7675946380553583,0.6099020356439068
2021-06-29 11:00:00+00:00,1.17853016536216,2.0953344959008633,1.6321558482048983
2021-06-29 12:00:00+00:00,4.194571016702305,6.781705561939352,5.370284395273761
2021-06-29 13:00:00+00:00,7.380548766614394,11.792409153553454,9.352261478771558
2021-06-29 14:00:00+00:00,10.199211676049606,16.10547453345141,12.746929269898821
2021-06-29 15:00:00+00:00,12.133616065220098,18.938883071680152,15.095418359725462
2021-06-29 16:00:00+00:00,13.234267246532875,20.942482406391978,16.45993535607063
2021-06-29 17:00:00+00:00,7.660617057599324,21.442197469280117,16.839892075486166
2021-06-29 18:00:00+00:00,11.908895567187997,20.530871270933233,16.2059388760073
2021-06-29 19:00:00+00:00,11.298972071162929,18.258034681567505,14.480483791142232
2021-06-29 20:00:00+00:00,1.2632525947306872,15.130603345792228,12.028869118887634
2021-06-29 21:00:00+00:00,6.424811112296466,10.721033887313785,8.499822757811394
2021-06-29 22:00:00+00:00,3.8457627294743233,5.856430094098447,4.638199836593539
2021-06-29 23:00:00+00:00,1.2528822055947268,1.8045340455655128,1.4374154480256958
2021-06-30 00:00:00+00:00,0.009153579583562298,0.5333259710141136,0.4298275649569084
2021-06-30 01:00:00+00:00,0.0,0.0,0.0
2021-06-30 02:00:00+00:00,0.0,0.0,0.0
2021-06-30 03:00:00+00:00,0.0,0.0,0.0
2021-06-30 04:00:00+00:00,0.0,0.0,0.0
2021-06-30 05:00:00+00:00,0.0,0.0,0.0
2021-06-30 06:00:00+00:00,0.0,0.0,0.0
2021-06-30 07:00:00+00:00,0.0,0.0,0.0
2021-06-30 08:00:00+00:00,0.0,0.0,0.0
2021-06-30 09:00:00+00:00,0.0,0.0,0.0
2021-06-30 10:00:00+00:00,0.5207370633809766,0.7519527125841469,0.5959368228271542
2021-06-30 11:00:00+00:00,1.091414764789442,2.0127594102260153,1.5552565616510383
2021-06-30 12:00:00+00:00,4.202174339379078,6.768667149311154,5.371037515750329
2021-06-30 13:00:00+00:00,7.463929993238503,11.84225559999741,9.345623936799461
2021-06-30 14:00:00+00:00,9.87580131073563,15.74415862546116,12.74008755724608
2021-06-30 15:00:00+00:00,8.307074366880343,19.20626160991777,15.203915959104496
2021-06-30 16:00:00+00:00,11.739759230735105,21.05740747699794,16.59043804112583
2021-06-30 17:00:00+00:00,10.989714389890981,21.62386051640409,16.97751558220746
2021-06-30 18:00:00+00:00,10.252186637492624,20.83123250159257,16.453177042676124
2021-06-30 19:00:00+00:00,11.866560234831983,18.52440765314812,14.684464999545558
2021-06-30 20:00:00+00:00,4.581938258571427,15.267180123839598,12.112762693767245
2021-06-30 21:00:00+00:00,0.15445261398341206,10.850350989195638,8.607122724385427
2021-06-30 22:00:00+00:00,0.037393945252160145,5.883129758563726,4.670223224343318
2021-06-30 23:00:00+00:00,0.05464538647029637,1.7799000956128448,1.4119194613335802
2021-07-01 00:00:00+00:00,0.4140445741232507,0.5324076177169881,0.4310401162997516
2021-07-01 01:00:00+00:00,0.0,0.0,0.0
2021-07-01 02:00:00+00:00,0.0,0.0,0.0
2021-07-01 03:00:00+00:00,0.0,0.0,0.0
2021-07-01 04:00:00+00:00,0.0,0.0,0.0
2021-07-01 05:00:00+00:00,0.0,0.0,0.0
2021-07-01 06:00:00+00:00,0.0,0.0,0.0
2021-07-01 07:00:00+00:00,0.0,0.0,0.0
2021-07-01 08:00:00+00:00,0.0,0.0,0.0
2021-07-01 09:00:00+00:00,0.0,0.0,0.0
2021-07-01 10:00:00+00:00,0.17953362402563516,0.7506938175663558,0.5959104701684311
2021-07-01 11:00:00+00:00,1.562812764241718,2.045753430781875,1.7172418269433973
2021-07-01 12:00:00+00:00,0.9651829898021818,0.4701583204189698,0.3625815891624081
2021-07-01 13:00:00+00:00,1.2350828489236307,1.263506035246332,7.960953310738042
2021-07-01 14:00:00+00:00,1.3049616675703501,1.5399673672552148,6.284783385236785
2021-07-01 15:00:00+00:00,3.211051683837497,12.499523058244725,12.524012019567726
2021-07-01 16:00:00+00:00,0.7903618002748336,20.81319607865313,2.842947318649902
2021-07-01 17:00:00+00:00,2.4057506367961707,17.517726811622037,16.812772679831014
2021-07-01 18:00:00+00:00,1.8069809561129333,10.126805092440804,8.521558192285164
2021-07-01 19:00:00+00:00,1.9459902691926811,1.536627135836938,0.11775621056857746
2021-07-01 20:00:00+00:00,3.578502621777562,2.0368991699311922,0.8790657158086808
2021-07-01 21:00:00+00:00,0.4036669227900556,4.587415631641975,7.344127022624233
2021-07-01 22:00:00+00:00,0.03127308193309538,5.904454783991268,4.707268298810401
2021-07-01 23:00:00+00:00,0.020460146710416943,0.009887190282165108,0.01179541275665013
2021-07-02 00:00:00+00:00,0.011039319465865229,0.0,0.0
2021-07-02 01:00:00+00:00,0.0,0.0,0.0
2021-07-02 02:00:00+00:00,0.0,0.0,0.0
2021-07-02 03:00:00+00:00,0.0,0.0,0.0
2021-07-02 04:00:00+00:00,0.0,0.0,0.0
2021-07-02 05:00:00+00:00,0.0,0.0,0.0
2021-07-02 06:00:00+00:00,0.0,0.0,0.0
2021-07-02 07:00:00+00:00,0.0,0.0,0.0
2021-07-02 08:00:00+00:00,0.0,0.0,0.0
2021-07-02 09:00:00+00:00,0.0,0.0,0.0
2021-07-02 10:00:00+00:00,0.2545764293600682,0.004996384029948137,0.011891540271290935
2021-07-02 11:00:00+00:00,1.5252635976356712,0.7166238383791407,0.09497538867120124
2021-07-02 12:00:00+00:00,2.7660094445395154,1.0891712661585629,0.40420676643717707
2021-07-02 13:00:00+00:00,0.6943950919482172,0.8895943176124553,0.5719423759485048
2021-07-02 14:00:00+00:00,0.05891515661466106,2.212370504355712,1.300377461498718
2021-07-02 15:00:00+00:00,0.07324970301354437,2.342276003244927,3.3781120025444222
2021-07-02 16:00:00+00:00,0.13992784621828888,3.6700268972459673,1.706117545716156
2021-07-02 17:00:00+00:00,0.4241221168573385,0.7683427230822134,0.6269978489939885
2021-07-02 18:00:00+00:00,0.17382749595806382,2.300754776516418,1.7480064987685995
2021-07-02 19:00:00+00:00,0.610875039063237,1.3019174451678148,0.9779289128870153
2021-07-02 20:00:00+00:00,0.0631792069804413,8.670335568228458,1.136596679902166
2021-07-02 21:00:00+00:00,0.15803980773378176,1.7525521734312612,0.5311006849717014
2021-07-02 22:00:00+00:00,0.06357361093619746,0.22498145731519464,0.03973374966539819
2021-07-02 23:00:00+00:00,0.43571499292275023,0.027683690330604856,0.025975450095247623
2021-07-03 00:00:00+00:00,0.09092443132622817,0.0,0.0
2021-07-03 01:00:00+00:00,0.0,0.0,0.0
2021-07-03 02:00:00+00:00,0.0,0.0,0.0
2021-07-03 03:00:00+00:00,0.0,0.0,0.0
2021-07-03 04:00:00+00:00,0.0,0.0,0.0
2021-07-03 05:00:00+00:00,0.0,0.0,0.0
2021-07-03 06:00:00+00:00,0.0,0.0,0.0
2021-07-03 07:00:00+00:00,0.0,0.0,0.0
2021-07-03 08:00:00+00:00,0.0,0.0,0.0
2021-07-03 09:00:00+00:00,0.0,0.0,0.0
2021-07-03 10:00:00+00:00,0.5132131960813308,0.5159890990850154,0.14535799606299096
2021-07-03 11:00:00+00:00,1.0145572731646275,0.0687155006731009,0.07075005722313397
2021-07-03 12:00:00+00:00,0.08051495684674836,1.2248836351945038,0.14548031652834834
2021-07-03 13:00:00+00:00,2.6575127960267193,0.12730508115831687,0.11316860688451996
2021-07-03 14:00:00+00:00,4.419567249940087,0.545964316959962,0.26824408613909434
2021-07-03 15:00:00+00:00,6.88448780875847,0.0636357078041024,0.0464490678117525
2021-07-03 16:00:00+00:00,5.930704889481918,0.02548150640163713,0.04040917786860152
2021-07-03 17:00:00+00:00,3.311173494771998,0.07622047719962888,0.18147773233029102
2021-07-03 18:00:00+00:00,6.185750431766363,0.20300386916370447,0.06048672794238537
2021-07-03 19:00:00+00:00,2.821742287581548,0.43120349202247527,0.16133656759647594
2021-07-03 20:00:00+00:00,3.7710252408464546,0.025408494016953033,0.020143867791628328
2021-07-03 21:00:00+00:00,1.5720288967957827,1.1147453481548684,1.3819827008128385
2021-07-03 22:00:00+00:00,0.7982201533155238,1.68440454060903,1.0704215762439817
2021-07-03 23:00:00+00:00,0.4797447198763248,0.3384597765899584,1.5941846660625967
2021-07-04 00:00:00+00:00,0.2729822174768985,0.1759081363093516,0.1596941707569563
2021-07-04 01:00:00+00:00,0.0,0.0,0.0
2021-07-04 02:00:00+00:00,0.0,0.0,0.0
2021-07-04 03:00:00+00:00,0.0,0.0,0.0
2021-07-04 04:00:00+00:00,0.0,0.0,0.0
2021-07-04 05:00:00+00:00,0.0,0.0,0.0
2021-07-04 06:00:00+00:00,0.0,0.0,0.0
2021-07-04 07:00:00+00:00,0.0,0.0,0.0
2021-07-04 08:00:00+00:00,0.0,0.0,0.0
2021-07-04 09:00:00+00:00,0.0,0.0,0.0
2021-07-04 10:00:00+00:00,0.05158407948537369,0.5340506867220487,0.3691578575676296
2021-07-04 11:00:00+00:00,0.22866161183041564,2.2361936100703503,1.7096461706592931
2021-07-04 12:00:00+00:00,1.3221854506793598,4.469522545394321,2.1690616603739015
2021-07-04 13:00:00+00:00,4.868661982434912,7.529472488091029,5.761334676462263
2021-07-04 14:00:00+00:00,6.879818635544301,10.924725933089505,9.1973858106719
2021-07-04 15:00:00+00:00,6.509484363917298,4.810918969135923,3.2657265012847834
2021-07-04 16:00:00+00:00,10.16655350596524,4.330828870920747,8.373023128000018
2021-07-04 17:00:00+00:00,11.389171253729488,11.941354514043487,7.08376716610484
2021-07-04 18:00:00+00:00,8.738900291072799,18.748116796715294,17.533322839143835
2021-07-04 19:00:00+00:00,7.398005081323162,10.16842347035865,5.616752265833854
2021-07-04 20:00:00+00:00,7.2924975397800464,11.479613298337767,6.782189800646095
2021-07-04 21:00:00+00:00,7.142451200079121,10.988625134180795,8.729120405510866
2021-07-04 22:00:00+00:00,4.066530971516414,5.926820120461734,4.741827110134927
2021-07-04 23:00:00+00:00,1.1111634320068084,1.7661607638214443,1.442443356081969
2021-07-05 00:00:00+00:00,0.47035410359383556,0.5384031857955326,0.43154736297655605
2021-07-05 01:00:00+00:00,0.0,0.0,0.0
2021-07-05 02:00:00+00:00,0.0,0.0,0.0
2021-07-05 03:00:00+00:00,0.0,0.0,0.0
2021-07-05 04:00:00+00:00,0.0,0.0,0.0
2021-07-05 05:00:00+00:00,0.0,0.0,0.0
2021-07-05 06:00:00+00:00,0.0,0.0,0.0
2021-07-05 07:00:00+00:00,0.0,0.0,0.0
2021-07-05 08:00:00+00:00,0.0,0.0,0.0
2021-07-05 09:00:00+00:00,0.0,0.0,0.0
2021-07-05 10:00:00+00:00,0.47911566858837323,0.23581381073517518,0.5066084154276641
2021-07-05 11:00:00+00:00,0.9540208990752542,2.047415449854738,1.7402527292122139
2021-07-05 12:00:00+00:00,4.385779368914968,6.328170864517617,5.10361057938025
2021-07-05 13:00:00+00:00,7.876620926040375,10.585041838480944,8.057161748699134
2021-07-05 14:00:00+00:00,10.810853032450131,9.272219668101513,9.862420732957347
2021-07-05 15:00:00+00:00,13.111803632133329,13.636627453711762,10.991259663423559
2021-07-05 16:00:00+00:00,14.34028881820269,20.679321363669377,15.962747683977195
2021-07-05 17:00:00+00:00,14.692083505626877,16.82735374189358,8.54774660097801
2021-07-05 18:00:00+00:00,14.115439608987495,21.325466815632044,14.533214219559438
2021-07-05 19:00:00+00:00,12.65372913255916,19.43753559793188,15.260716486584275
2021-07-05 20:00:00+00:00,10.329234132131555,14.329935892532111,12.280164923963085
2021-07-05 21:00:00+00:00,7.286013076955199,7.125870325931167,6.055257621758816
2021-07-05 22:00:00+00:00,3.992480611731337,6.038943954031104,4.796607321435804
2021-07-05 23:00:00+00:00,1.2283406312741496,1.7763914999853554,1.5115182442608712
2021-07-06 00:00:00+00:00,0.4566278331064272,0.53048539044781,0.4230788792008559
2021-07-06 01:00:00+00:00,0.0,0.0,0.0
2021-07-06 02:00:00+00:00,0.0,0.0,0.0
2021-07-06 03:00:00+00:00,0.0,0.0,0.0
2021-07-06 04:00:00+00:00,0.0,0.0,0.0
2021-07-06 05:00:00+00:00,0.0,0.0,0.0
2021-07-06 06:00:00+00:00,0.0,0.0,0.0
2021-07-06 07:00:00+00:00,0.0,0.0,0.0
2021-07-06 08:00:00+00:00,0.0,0.0,0.0
2021-07-06 09:00:00+00:00,0.0,0.0,0.0
2021-07-06 10:00:00+00:00,0.47692765462768716,0.6995565002872555,0.5562751181401889
2021-07-06 11:00:00+00:00,1.1451830105748597,1.8949693307463897,1.4888458269156521
2021-07-06 12:00:00+00:00,0.04400469708435154,6.711327604578093,5.32493416013623
2021-07-06 13:00:00+00:00,3.1675050461318603,11.815841940302674,9.2229140330373
2021-07-06 14:00:00+00:00,10.201103518582238,15.04159945234669,12.721129669914252
2021-07-06 15:00:00+00:00,12.346513318354274,19.46404189518831,15.394215949100223
2021-07-06 16:00:00+00:00,11.277814106428437,21.389102119894954,16.988468928226016
2021-07-06 17:00:00+00:00,11.392105030085963,22.1410207178959,17.574068320071223
2021-07-06 18:00:00+00:00,11.598602866250564,21.429779962959298,16.955876676107895
2021-07-06 19:00:00+00:00,0.3935536035604481,19.19686969815403,15.040832574312113
2021-07-06 20:00:00+00:00,1.0223233898366244,15.466195345384326,12.38304788220557
2021-07-06 21:00:00+00:00,2.352351688770939,10.675143157910902,8.100888001245373
2021-07-06 22:00:00+00:00,2.190065037822997,5.988219861796952,4.743847248954258
2021-07-06 23:00:00+00:00,0.72760986847281,0.8137030926515816,0.6959469804831627
2021-07-07 00:00:00+00:00,0.23009806003307176,0.0024799998557967643,0.0019675734595801272
2021-07-07 01:00:00+00:00,0.0,0.0,0.0
2021-07-07 02:00:00+00:00,0.0,0.0,0.0
2021-07-07 03:00:00+00:00,0.0,0.0,0.0
2021-07-07 04:00:00+00:00,0.0,0.0,0.0
2021-07-07 05:00:00+00:00,0.0,0.0,0.0
2021-07-07 06:00:00+00:00,0.0,0.0,0.0
2021-07-07 07:00:00+00:00,0.0,0.0,0.0
2021-07-07 08:00:00+00:00,0.0,0.0,0.0
2021-07-07 09:00:00+00:00,0.0,0.0,0.0
2021-07-07 10:00:00+00:00,0.46367041691246397,0.6877274765015486,0.5463363973402506
2021-07-07 11:00:00+00:00,1.0994306769217657,1.7903326969959237,1.4145542432442548
2021-07-07 12:00:00+00:00,4.137154301630206,6.694743566070365,5.26286813923363
2021-07-07 13:00:00+00:00,7.33997536093171,11.833876374552823,9.435986098100793
2021-07-07 14:00:00+00:00,10.425317085898945,16.01019397098045,8.103674692996524
2021-07-07 15:00:00+00:00,12.221516701175105,19.38719684906514,12.769905974998727
2021-07-07 16:00:00+00:00,13.595375980010607,21.296217752240295,16.82710409565275
2021-07-07 17:00:00+00:00,13.615533361543456,21.651774355547623,17.156136937659852
2021-07-07 18:00:00+00:00,12.99466403750025,20.9042594441034,16.387275827645677
2021-07-07 19:00:00+00:00,9.55035800613263,18.876754705949548,14.872395767077679
2021-07-07 20:00:00+00:00,7.463776978378406,15.32955908858633,12.042564990725314
2021-07-07 21:00:00+00:00,6.7550172231731045,10.989002694321956,8.672494900193577
2021-07-07 22:00:00+00:00,3.997068952293703,5.962729653858969,4.721176458403005
2021-07-07 23:00:00+00:00,1.4967899536183253,1.7504468388020735,1.4139563538610167
2021-07-08 00:00:00+00:00,0.25573123791199254,0.501038722499354,0.4047418194391198
2021-07-08 01:00:00+00:00,0.0,0.0,0.0
2021-07-08 02:00:00+00:00,0.0,0.0,0.0
2021-07-08 03:00:00+00:00,0.0,0.0,0.0
2021-07-08 04:00:00+00:00,0.0,0.0,0.0
2021-07-08 05:00:00+00:00,0.0,0.0,0.0
2021-07-08 06:00:00+00:00,0.0,0.0,0.0
2021-07-08 07:00:00+00:00,0.0,0.0,0.0
2021-07-08 08:00:00+00:00,0.0,0.0,0.0
2021-07-08 09:00:00+00:00,0.0,0.0,0.0
2021-07-08 10:00:00+00:00,0.11224364928065536,0.6773288626751339,0.5434679412681187
2021-07-08 11:00:00+00:00,0.20805503680202628,2.2280246597061124,1.717349077344563
2021-07-08 12:00:00+00:00,0.8124619687297839,6.455952343844247,5.05235093563893
2021-07-08 13:00:00+00:00,7.450999131495065,5.816000186040195,6.635735337338341
2021-07-08 14:00:00+00:00,0.6924860642882318,3.6141295642877185,4.188455431545095
2021-07-08 15:00:00+00:00,0.03634154975130932,10.402430600519336,7.68888152926466
2021-07-08 16:00:00+00:00,2.766449875532475,19.07408013138831,10.286072994691745
2021-07-08 17:00:00+00:00,9.935502698150515,0.6098317116691578,14.793278152525316
2021-07-08 18:00:00+00:00,0.4385044227831943,17.927962230323672,12.215236775380271
2021-07-08 19:00:00+00:00,0.2353837157603112,12.249944681680672,7.302553412286509
2021-07-08 20:00:00+00:00,0.21949385883295786,9.452242619723698,5.335372316967486
2021-07-08 21:00:00+00:00,0.17307827825208377,0.07361733846842602,0.07773011397328924
2021-07-08 22:00:00+00:00,0.11803863899218132,0.42564042730932916,0.10345838827386325
2021-07-08 23:00:00+00:00,0.3761675816029055,0.10119612382998172,0.011747784143281563
2021-07-09 00:00:00+00:00,0.10242406979053673,0.04695794639528961,0.04313637676088965
2021-07-09 01:00:00+00:00,0.0,0.0,0.0
2021-07-09 02:00:00+00:00,0.0,0.0,0.0
2021-07-09 03:00:00+00:00,0.0,0.0,0.0
2021-07-09 04:00:00+00:00,0.0,0.0,0.0
2021-07-09 05:00:00+00:00,0.0,0.0,0.0
2021-07-09 06:00:00+00:00,0.0,0.0,0.0
2021-07-09 07:00:00+00:00,0.0,0.0,0.0
2021-07-09 08:00:00+00:00,0.0,0.0,0.0
2021-07-09 09:00:00+00:00,0.0,0.0,0.0
2021-07-09 10:00:00+00:00,0.3338141903174143,0.004952706286856865,0.003931311623875757
2021-07-09 11:00:00+00:00,1.5185247541638291,0.014867861751902741,0.01772388495480853
2021-07-09 12:00:00+00:00,2.388639912879211,0.019847531778062717,0.07282355859133131
2021-07-09 13:00:00+00:00,1.3255840245014394,0.10930464273995547,0.07115167623843176
2021-07-09 14:00:00+00:00,3.0986463304339043,0.41483730193187424,0.09092945671142863
2021-07-09 15:00:00+00:00,0.4519631451053211,0.9099463949119779,0.5379530445201693
2021-07-09 16:00:00+00:00,3.8480395101565743,0.7120580265514903,2.806733282321873
2021-07-09 17:00:00+00:00,7.749287780998468,0.9399631242089048,0.9804822575699127
2021-07-09 18:00:00+00:00,6.655350865022563,20.960802739484997,15.915121293449204
2021-07-09 19:00:00+00:00,11.016939535601912,18.79183833368558,15.07601928184848
2021-07-09 20:00:00+00:00,0.2759337850674332,15.723964139534893,12.470786479860156
2021-07-09 21:00:00+00:00,0.5600339115508229,11.061428958570161,8.821067775984648
2021-07-09 22:00:00+00:00,4.04029826844962,5.994210941054254,4.757371596277253
2021-07-09 23:00:00+00:00,0.9057979248621889,1.7416509993592761,1.380696429051734
2021-07-10 00:00:00+00:00,0.360784950700871,0.4704844634181059,0.3846844595756393
2021-07-10 01:00:00+00:00,0.0,0.0,0.0
2021-07-10 02:00:00+00:00,0.0,0.0,0.0
2021-07-10 03:00:00+00:00,0.0,0.0,0.0
2021-07-10 04:00:00+00:00,0.0,0.0,0.0
2021-07-10 05:00:00+00:00,0.0,0.0,0.0
2021-07-10 06:00:00+00:00,0.0,0.0,0.0
2021-07-10 07:00:00+00:00,0.0,0.0,0.0
2021-07-10 08:00:00+00:00,0.0,0.0,0.0
2021-07-10 09:00:00+00:00,0.0,0.0,0.0
2021-07-10 10:00:00+00:00,0.44870429921331534,0.3395585042941571,0.5247615246343145
2021-07-10 11:00:00+00:00,1.0422052616186341,2.4308798425271503,1.859723015486755
2021-07-10 12:00:00+00:00,4.208215665777256,6.336590420527173,4.429619029940321
2021-07-10 13:00:00+00:00,7.453296945336665,7.681706436314744,5.848579013174467
2021-07-10 14:00:00+00:00,10.13832436291821,0.6261977444565726,2.1058576076563944
2021-07-10 15:00:00+00:00,12.75717877644935,8.57366738740998,8.555259115607836
2021-07-10 16:00:00+00:00,14.11831200283132,8.215516738725155,8.34346114410324
2021-07-10 17:00:00+00:00,14.733729933210757,9.684675938729,6.823881969182886
2021-07-10 18:00:00+00:00,14.176959423982742,8.947570022886659,12.468463807938173
2021-07-10 19:00:00+00:00,12.772204855849228,12.276234441070935,10.754383519259306
2021-07-10 20:00:00+00:00,10.509831628211794,14.218031638927217,4.167959577145959
2021-07-10 21:00:00+00:00,7.526107694995394,9.224382088981088,8.136935962993206
2021-07-10 22:00:00+00:00,4.074670861486072,6.033116593360524,4.808693469836857
2021-07-10 23:00:00+00:00,0.983311339894922,1.7298321642791474,1.36074923460387
2021-07-11 00:00:00+00:00,0.4377878350014452,0.4778542995486429,0.3860947425459641
2021-07-11 01:00:00+00:00,0.0,0.0,0.0
2021-07-11 02:00:00+00:00,0.0,0.0,0.0
2021-07-11 03:00:00+00:00,0.0,0.0,0.0
2021-07-11 04:00:00+00:00,0.0,0.0,0.0
2021-07-11 05:00:00+00:00,0.0,0.0,0.0
2021-07-11 06:00:00+00:00,0.0,0.0,0.0
2021-07-11 07:00:00+00:00,0.0,0.0,0.0
2021-07-11 08:00:00+00:00,0.0,0.0,0.0
2021-07-11 09:00:00+00:00,0.0,0.0,0.0
2021-07-11 10:00:00+00:00,0.44498875877419064,0.1711080081727886,0.13208504187122422
2021-07-11 11:00:00+00:00,1.1213205710410021,2.034402695701041,1.8591565507703287
2021-07-11 12:00:00+00:00,4.0514756072633595,5.264102457483995,0.6661248009706809
2021-07-11 13:00:00+00:00,7.1027815663521885,11.05105521756145,8.1918760424453
2021-07-11 14:00:00+00:00,10.4401661229227,4.535638219405645,3.4496818084455563
2021-07-11 15:00:00+00:00,12.927706660640718,2.1664626399385054,5.457071715227548
2021-07-11 16:00:00+00:00,11.490861313124986,9.86261818915078,8.732029285434447
2021-07-11 17:00:00+00:00,5.178952469602728,21.861908206058875,15.858240103997362
2021-07-11 18:00:00+00:00,0.4655759404847039,20.0960103572487,16.608167774455765
2021-07-11 19:00:00+00:00,0.9749032203751126,16.150916387046962,11.66405330494482
2021-07-11 20:00:00+00:00,0.6572119732279483,12.039427931982845,10.639171777007775
2021-07-11 21:00:00+00:00,0.6107481798410493,4.861554949865553,4.548857242477867
2021-07-11 22:00:00+00:00,0.4394589499403962,5.660059694474053,4.563679373878499
2021-07-11 23:00:00+00:00,0.04269868970597183,2.106816791612171,1.6964503417445478
2021-07-12 00:00:00+00:00,0.003173839400247167,0.4335365824315166,0.3356932298962871
2021-07-12 01:00:00+00:00,0.0,0.0,0.0
2021-07-12 02:00:00+00:00,0.0,0.0,0.0
2021-07-12 03:00:00+00:00,0.0,0.0,0.0
2021-07-12 04:00:00+00:00,0.0,0.0,0.0
2021-07-12 05:00:00+00:00,0.0,0.0,0.0
2021-07-12 06:00:00+00:00,0.0,0.0,0.0
2021-07-12 07:00:00+00:00,0.0,0.0,0.0
2021-07-12 08:00:00+00:00,0.0,0.0,0.0
2021-07-12 09:00:00+00:00,0.0,0.0,0.0
2021-07-12 10:00:00+00:00,0.02547545883332373,0.5875037688699649,0.48721390273326887
2021-07-12 11:00:00+00:00,0.014339715103700136,1.4141280409969776,1.7775554572765062
2021-07-12 12:00:00+00:00,0.057252564713732045,4.802602865994727,3.86224089423555
2021-07-12 13:00:00+00:00,0.12384059534093367,3.8629641058552875,2.5121195513904877
2021-07-12 14:00:00+00:00,0.2864084242473609,1.8509190159743543,5.2815041494779775
2021-07-12 15:00:00+00:00,0.23332180847975123,0.5158166659329484,9.133309395722888
2021-07-12 16:00:00+00:00,0.06321191611655656,0.9537673283232877,1.0288552923238845
2021-07-12 17:00:00+00:00,0.48797058275134,10.280125881872381,6.213119390812601
2021-07-12 18:00:00+00:00,6.87690938251556,15.00385425174211,9.803082808437383
2021-07-12 19:00:00+00:00,3.8136042436578794,11.65298835148935,10.321015363355682
2021-07-12 20:00:00+00:00,0.3290706072847349,8.730234448850297,8.986619003250267
2021-07-12 21:00:00+00:00,0.827585121602016,4.922738425635051,6.6348724698878225
2021-07-12 22:00:00+00:00,3.367846595382544,0.6140706538378008,0.5850467915623387
2021-07-12 23:00:00+00:00,1.4795864317108862,0.26208377767526647,0.8935625964151024
2021-07-13 00:00:00+00:00,0.36347134092828576,0.007431524860542123,0.03536157667659943
2021-07-13 01:00:00+00:00,0.0,0.0,0.0
2021-07-13 02:00:00+00:00,0.0,0.0,0.0
2021-07-13 03:00:00+00:00,0.0,0.0,0.0
2021-07-13 04:00:00+00:00,0.0,0.0,0.0
2021-07-13 05:00:00+00:00,0.0,0.0,0.0
2021-07-13 06:00:00+00:00,0.0,0.0,0.0
2021-07-13 07:00:00+00:00,0.0,0.0,0.0
2021-07-13 08:00:00+00:00,0.0,0.0,0.0
2021-07-13 09:00:00+00:00,0.0,0.0,0.0
2021-07-13 10:00:00+00:00,0.041057661377823684,0.18852912580124181,0.27105581745871504
2021-07-13 11:00:00+00:00,0.2774389387726307,0.14097333164181822,0.14570080568990298
2021-07-13 12:00:00+00:00,0.1419225111456574,0.9187889701217099,0.2694574266141737
2021-07-13 13:00:00+00:00,1.0706555860420386,1.2257374582449827,1.1404296587512956
2021-07-13 14:00:00+00:00,1.0065768392583152,1.3470398832225805,1.0049759649622392
2021-07-13 15:00:00+00:00,0.14751808327439267,0.7178136136902038,0.47483881273257084
2021-07-13 16:00:00+00:00,0.9051948591547566,2.8640717596069862,2.3525786622439786
2021-07-13 17:00:00+00:00,4.614815499975727,6.048793280847722,6.5188668530855445
2021-07-13 18:00:00+00:00,4.122019363655463,2.0008510527007624,2.168434603749132
2021-07-13 19:00:00+00:00,2.666309835168261,3.674816222573752,3.2391597232958387
2021-07-13 20:00:00+00:00,2.0196233623489475,5.63973110843425,7.104392485955185
2021-07-13 21:00:00+00:00,5.666732437310951,5.7469396433005056,3.00769048462245
2021-07-13 22:00:00+00:00,3.370174404915182,2.219035463336265,3.4261242220021466
2021-07-13 23:00:00+00:00,1.4398936465667567,1.0375126178047798,1.033608928634957
2021-07-14 00:00:00+00:00,0.08750086773362528,0.21276834276847287,0.23601115846356133
2021-07-14 01:00:00+00:00,0.0,0.0,0.0
2021-07-14 02:00:00+00:00,0.0,0.0,0.0
2021-07-14 03:00:00+00:00,0.0,0.0,0.0
2021-07-14 04:00:00+00:00,0.0,0.0,0.0
2021-07-14 05:00:00+00:00,0.0,0.0,0.0
2021-07-14 06:00:00+00:00,0.0,0.0,0.0
2021-07-14 07:00:00+00:00,0.0,0.0,0.0
2021-07-14 08:00:00+00:00,0.0,0.0,0.0
2021-07-14 09:00:00+00:00,0.0,0.0,0.0
2021-07-14 10:00:00+00:00,0.2589178528622316,0.052677844722432254,0.02389002525262902
2021-07-14 11:00:00+00:00,1.4597146112620625,0.43054985271759144,0.2662271990510769
2021-07-14 12:00:00+00:00,3.457143668358316,0.807677486761482,0.7957829113922663
2021-07-14 13:00:00+00:00,0.3134377352893215,2.6978049185664297,3.0368913605722274
2021-07-14 14:00:00+00:00,9.992297860950105,2.7461083876068098,5.429095942384969
2021-07-14 15:00:00+00:00,12.228696363565474,7.815448005328647,9.512628961266968
2021-07-14 16:00:00+00:00,10.520272231366372,12.184801688361,8.876870334557195
2021-07-14 17:00:00+00:00,11.58420858857598,16.533492036388083,16.84004192922935
2021-07-14 18:00:00+00:00,9.97865010940901,8.363754479358168,16.504617731415934
2021-07-14 19:00:00+00:00,0.031136339782033014,10.8023743072774,13.585551457001506
2021-07-14 20:00:00+00:00,4.8354566144667555,14.647343584251535,11.449342918415482
2021-07-14 21:00:00+00:00,6.284458346924306,11.020355481562238,8.130278031078776
2021-07-14 22:00:00+00:00,1.7812263399081802,5.991329458123468,4.741965309715015
2021-07-14 23:00:00+00:00,1.4103874008764452,1.9192300989498203,1.2846242071456484
2021-07-15 00:00:00+00:00,0.404730301357108,0.139880726804503,0.31482005734103163
2021-07-15 01:00:00+00:00,0.0,0.0,0.0
2021-07-15 02:00:00+00:00,0.0,0.0,0.0
2021-07-15 03:00:00+00:00,0.0,0.0,0.0
2021-07-15 04:00:00+00:00,0.0,0.0,0.0
2021-07-15 05:00:00+00:00,0.0,0.0,0.0
2021-07-15 06:00:00+00:00,0.0,0.0,0.0
2021-07-15 07:00:00+00:00,0.0,0.0,0.0
2021-07-15 08:00:00+00:00,0.0,0.0,0.0
2021-07-15 09:00:00+00:00,0.0,0.0,0.0
2021-07-15 10:00:00+00:00,0.4033316655270843,0.5811309553160922,0.4621822117604404
2021-07-15 11:00:00+00:00,1.465768454638442,2.1831018242734235,1.3723345977137902
2021-07-15 12:00:00+00:00,1.4897643582220332,6.243692800653205,5.210054575665698
2021-07-15 13:00:00+00:00,2.71646965833905,11.680996301970506,9.362800710513062
2021-07-15 14:00:00+00:00,10.524223997602055,16.241334448737263,12.969218735655323
2021-07-15 15:00:00+00:00,12.818985955404377,19.112672153220164,15.476618247181555
2021-07-15 16:00:00+00:00,14.099116147871936,21.438996280804666,17.133968327652372
2021-07-15 17:00:00+00:00,14.45319171621834,20.72049171918807,17.46276723744734
2021-07-15 18:00:00+00:00,13.90343502665265,21.166719950009867,16.72332094012765
2021-07-15 19:00:00+00:00,12.477426991995948,19.102039980636153,14.909462619070124
2021-07-15 20:00:00+00:00,10.07603225815652,15.610369124165246,12.284820631001153
2021-07-15 21:00:00+00:00,7.242266491873809,11.124020997387081,8.767057190915155
2021-07-15 22:00:00+00:00,3.9867678415285894,6.002575521375872,4.763694128462152
2021-07-15 23:00:00+00:00,1.124473379610174,1.6599183121809156,1.320363910277681
2021-07-16 00:00:00+00:00,0.39195162620451157,0.3748366350094955,0.3088739617684622
2021-07-16 01:00:00+00:00,0.0,0.0,0.0
2021-07-16 02:00:00+00:00,0.0,0.0,0.0
2021-07-16 03:00:00+00:00,0.0,0.0,0.0
2021-07-16 04:00:00+00:00,0.0,0.0,0.0
2021-07-16 05:00:00+00:00,0.0,0.0,0.0
2021-07-16 06:00:00+00:00,0.0,0.0,0.0
2021-07-16 07:00:00+00:00,0.0,0.0,0.0
2021-07-16 08:00:00+00:00,0.0,0.0,0.0
2021-07-16 09:00:00+00:00,0.0,0.0,0.0
2021-07-16 10:00:00+00:00,0.3878040667451445,0.553079941102927,0.44529817202269995
2021-07-16 11:00:00+00:00,0.9950881254727748,2.036076942473025,1.3738959513405467
2021-07-16 12:00:00+00:00,4.024299769777127,6.517056750021053,5.162782873920893
2021-07-16 13:00:00+00:00,6.768446312418377,11.602328291271128,9.184670551780291
2021-07-16 14:00:00+00:00,10.176430353780678,15.927223042845277,12.699473944980593
2021-07-16 15:00:00+00:00,12.30202410599912,19.381328712768152,14.42992578909816
2021-07-16 16:00:00+00:00,13.540468129928163,21.22077935255114,16.717836759629904
2021-07-16 17:00:00+00:00,13.98076521486733,21.6848259729591,16.432885170446546
2021-07-16 18:00:00+00:00,13.560048327632478,20.27286264575063,16.346377105320652
2021-07-16 19:00:00+00:00,12.262331374348864,19.062273517088677,13.256720476647422
2021-07-16 20:00:00+00:00,10.16822864280923,15.66202605389123,12.352450721592282
2021-07-16 21:00:00+00:00,7.319859511451894,11.065396727333782,8.718379579857652
2021-07-16 22:00:00+00:00,4.005207444497135,5.840755560603933,4.7342510436168785
2021-07-16 23:00:00+00:00,1.107090074759014,1.6692291612108472,1.3298609600353055
2021-07-17 00:00:00+00:00,0.3585831687701775,0.3544907119275554,0.2907077005489174
2021-07-17 01:00:00+00:00,0.0,0.0,0.0
2021-07-17 02:00:00+00:00,0.0,0.0,0.0
2021-07-17 03:00:00+00:00,0.0,0.0,0.0
2021-07-17 04:00:00+00:00,0.0,0.0,0.0
2021-07-17 05:00:00+00:00,0.0,0.0,0.0
2021-07-17 06:00:00+00:00,0.0,0.0,0.0
2021-07-17 07:00:00+00:00,0.0,0.0,0.0
2021-07-17 08:00:00+00:00,0.0,0.0,0.0
2021-07-17 09:00:00+00:00,0.0,0.0,0.0
2021-07-17 10:00:00+00:00,0.36528823457246395,0.5512135799890503,0.438544216227797
2021-07-17 11:00:00+00:00,0.2748899390449669,2.152905375112494,1.7358483331228522
2021-07-17 12:00:00+00:00,0.3629970556412568,6.407011102379157,5.136596347335595
2021-07-17 13:00:00+00:00,0.13572103524410253,11.529092420644591,8.907132455043085
2021-07-17 14:00:00+00:00,0.5077197856973572,15.874355055919246,12.566784280560388
2021-07-17 15:00:00+00:00,11.005878049430061,19.06648533593521,15.091107641960784
2021-07-17 16:00:00+00:00,10.786371493086314,21.012179108250194,16.605099843621964
2021-07-17 17:00:00+00:00,7.447158039012567,21.403082218510402,5.642792052129024
2021-07-17 18:00:00+00:00,13.056602480899954,20.19479435563137,13.323280109119153
2021-07-17 19:00:00+00:00,2.431739871428739,16.927698309840167,14.84227044556867
2021-07-17 20:00:00+00:00,4.101335339521946,14.71392957656982,12.105304961726866
2021-07-17 21:00:00+00:00,5.019441146560679,10.973972090256884,8.71050167879561
2021-07-17 22:00:00+00:00,0.5319802610238816,4.933312150311654,0.5646187100520005
2021-07-17 23:00:00+00:00,1.2423713205346754,1.7099266731350236,1.6200085375723363
2021-07-18 00:00:00+00:00,0.029845705354449786,0.2812637208444427,0.24821400982315633
2021-07-18 01:00:00+00:00,0.0,0.0,0.0
2021-07-18 02:00:00+00:00,0.0,0.0,0.0
2021-07-18 03:00:00+00:00,0.0,0.0,0.0
2021-07-18 04:00:00+00:00,0.0,0.0,0.0
2021-07-18 05:00:00+00:00,0.0,0.0,0.0
2021-07-18 06:00:00+00:00,0.0,0.0,0.0
2021-07-18 07:00:00+00:00,0.0,0.0,0.0
2021-07-18 08:00:00+00:00,0.0,0.0,0.0
2021-07-18 09:00:00+00:00,0.0,0.0,0.0
2021-07-18 10:00:00+00:00,0.006355391030375035,0.4755746016528887,0.4263160278223603
2021-07-18 11:00:00+00:00,0.015953606026143288,0.02475649501280021,0.015728918693029382
2021-07-18 12:00:00+00:00,0.08750891587370357,2.358106713493881,0.7919005882600256
2021-07-18 13:00:00+00:00,0.12241808942297826,4.75033914801988,3.1091546214981127
2021-07-18 14:00:00+00:00,0.31431829614096823,9.982928437625825,6.028320077888774
2021-07-18 15:00:00+00:00,0.6846728822520449,14.386120020624324,7.366838801513201
2021-07-18 16:00:00+00:00,1.0028181834926804,11.403763338461152,5.812311992230301
2021-07-18 17:00:00+00:00,1.030565102274228,9.084369816216679,9.823323966038405
2021-07-18 18:00:00+00:00,0.48686827958128515,14.892901268946185,12.963625035486201
2021-07-18 19:00:00+00:00,0.1735775906865132,8.888630720055419,12.114983629137239
2021-07-18 20:00:00+00:00,0.15758111379740772,11.192303740846427,11.20158999680623
2021-07-18 21:00:00+00:00,0.34636994917928793,11.285921481468526,8.947599209377696
2021-07-18 22:00:00+00:00,0.05369946230670462,6.04655138435638,4.80018259710246
2021-07-18 23:00:00+00:00,0.011090425604270043,1.6017833103294234,1.2602293502656376
2021-07-19 00:00:00+00:00,0.004753973727528438,0.3217196888494214,0.2650392918680042
2021-07-19 01:00:00+00:00,0.0,0.0,0.0
2021-07-19 02:00:00+00:00,0.0,0.0,0.0
2021-07-19 03:00:00+00:00,0.0,0.0,0.0
2021-07-19 04:00:00+00:00,0.0,0.0,0.0
2021-07-19 05:00:00+00:00,0.0,0.0,0.0
2021-07-19 06:00:00+00:00,0.0,0.0,0.0
2021-07-19 07:00:00+00:00,0.0,0.0,0.0
2021-07-19 08:00:00+00:00,0.0,0.0,0.0
2021-07-19 09:00:00+00:00,0.0,0.0,0.0
2021-07-19 10:00:00+00:00,0.0159092649204762,0.27914349454322324,0.42693640492031554
2021-07-19 11:00:00+00:00,0.042938208090972624,2.046804537975618,1.6901024423284334
2021-07-19 12:00:00+00:00,1.428317281795136,6.207265160484673,4.217428864254025
2021-07-19 13:00:00+00:00,2.6723017620660734,1.7064139175789241,2.109230361516797
2021-07-19 14:00:00+00:00,4.614021839690722,8.387131635006572,5.579173842231086
2021-07-19 15:00:00+00:00,7.933573876967911,15.84544983709383,14.94696713555192
2021-07-19 16:00:00+00:00,8.781186669034176,16.545762643478927,14.362624892766782
2021-07-19 17:00:00+00:00,10.083001103523724,17.302463035693698,12.412516064911632
2021-07-19 18:00:00+00:00,11.872546291804918,14.320642635824251,16.113324221500356
2021-07-19 19:00:00+00:00,12.589895466888493,14.383090288304187,12.46280882101054
2021-07-19 20:00:00+00:00,10.412133982075556,8.388066639993417,9.759643287503085
2021-07-19 21:00:00+00:00,7.412364298550805,5.9793112332606055,7.860779975597997
2021-07-19 22:00:00+00:00,4.05055798051347,5.958201978238361,4.717127527450024
2021-07-19 23:00:00+00:00,1.0966119940374663,1.6700494218397421,1.3179483900528206
2021-07-20 00:00:00+00:00,0.3569854794426291,0.2903760074657735,0.23859339202325272
2021-07-20 01:00:00+00:00,0.0,0.0,0.0
2021-07-20 02:00:00+00:00,0.0,0.0,0.0
2021-07-20 03:00:00+00:00,0.0,0.0,0.0
2021-07-20 04:00:00+00:00,0.0,0.0,0.0
2021-07-20 05:00:00+00:00,0.0,0.0,0.0
2021-07-20 06:00:00+00:00,0.0,0.0,0.0
2021-07-20 07:00:00+00:00,0.0,0.0,0.0
2021-07-20 08:00:00+00:00,0.0,0.0,0.0
2021-07-20 09:00:00+00:00,0.0,0.0,0.0
2021-07-20 10:00:00+00:00,0.355853156525902,0.5600297980922843,0.4444243861269035
2021-07-20 11:00:00+00:00,1.2017845387563513,1.6330041617802413,1.2725306615834961
2021-07-20 12:00:00+00:00,2.827897387685235,5.623675209213415,5.224293909562467
2021-07-20 13:00:00+00:00,7.4719854628598075,11.890078294764274,9.45358337152147
2021-07-20 14:00:00+00:00,8.864038566563492,13.313309556309196,13.145522621418868
2021-07-20 15:00:00+00:00,12.081341339908922,19.73215567250777,15.768533366748107
2021-07-20 16:00:00+00:00,13.943451434101227,21.52925938853141,17.163405802824254
2021-07-20 17:00:00+00:00,14.344413791049282,20.80448957942352,17.69368758579481
2021-07-20 18:00:00+00:00,13.805791007481009,21.41072783354782,17.11378505440568
2021-07-20 19:00:00+00:00,8.175188046281804,19.23267857166864,15.377073946966645
2021-07-20 20:00:00+00:00,10.189371235610757,12.712705815690857,12.591890728725046
2021-07-20 21:00:00+00:00,7.312296394548028,11.167619853477989,8.882964028891589
2021-07-20 22:00:00+00:00,3.980768801674392,6.002729367109746,4.687922405209009
2021-07-20 23:00:00+00:00,1.1033680366559866,1.5224170778695676,1.2497916535356617
2021-07-21 00:00:00+00:00,0.34095254122809876,0.0959062183068478,0.22379248175932037
2021-07-21 01:00:00+00:00,0.0,0.0,0.0
2021-07-21 02:00:00+00:00,0.0,0.0,0.0
2021-07-21 03:00:00+00:00,0.0,0.0,0.0
2021-07-21 04:00:00+00:00,0.0,0.0,0.0
2021-07-21 05:00:00+00:00,0.0,0.0,0.0
2021-07-21 06:00:00+00:00,0.0,0.0,0.0
2021-07-21 07:00:00+00:00,0.0,0.0,0.0
2021-07-21 08:00:00+00:00,0.0,0.0,0.0
2021-07-21 09:00:00+00:00,0.0,0.0,0.0
2021-07-21 10:00:00+00:00,0.3597786938120008,0.550142749657955,0.19466996561859307
2021-07-21 11:00:00+00:00,0.761086017613783,1.650959998286666,1.2952613448633168
2021-07-21 12:00:00+00:00,3.5870914205749282,6.532769474243415,2.806832319171027
2021-07-21 13:00:00+00:00,6.033158363928043,11.29209387740274,9.343199476381917
2021-07-21 14:00:00+00:00,8.880937892583818,14.975328375050514,12.831078442184323
2021-07-21 15:00:00+00:00,9.006022162734869,19.765907403171184,15.759916642636982
2021-07-21 16:00:00+00:00,10.779104572314077,21.61027775419893,17.23746175084894
2021-07-21 17:00:00+00:00,8.7727241772466,22.12480276309492,17.79961722946974
2021-07-21 18:00:00+00:00,6.802959256201062,21.293260416890366,1.019711029175765
2021-07-21 19:00:00+00:00,5.32135410475313,0.1468549697094969,3.7423687451907774
2021-07-21 20:00:00+00:00,8.44654924458335,9.019918547930054,5.649291308874279
2021-07-21 21:00:00+00:00,5.601969210004576,0.8294011634192201,2.877517427983725
2021-07-21 22:00:00+00:00,3.8528251795189674,0.6433746518425943,0.8006418119117333
2021-07-21 23:00:00+00:00,1.1041436881418016,1.0441207287828966,0.07269460617012342
2021-07-22 00:00:00+00:00,0.3422907618933382,0.24751305303529242,0.20477529596730462
2021-07-22 01:00:00+00:00,0.0,0.0,0.0
2021-07-22 02:00:00+00:00,0.0,0.0,0.0
2021-07-22 03:00:00+00:00,0.0,0.0,0.0
2021-07-22 04:00:00+00:00,0.0,0.0,0.0
2021-07-22 05:00:00+00:00,0.0,0.0,0.0
2021-07-22 06:00:00+00:00,0.0,0.0,0.0
2021-07-22 07:00:00+00:00,0.0,0.0,0.0
2021-07-22 08:00:00+00:00,0.0,0.0,0.0
2021-07-22 09:00:00+00:00,0.0,0.0,0.0
2021-07-22 10:00:00+00:00,0.3518137183763279,0.5641886699244729,0.4441469205342923
2021-07-22 11:00:00+00:00,0.9330376001265821,1.4115404786398784,1.1198939642457224
2021-07-22 12:00:00+00:00,3.940231938477502,6.789536279774462,5.372761956545668
2021-07-22 13:00:00+00:00,7.460655022503845,12.4545784993281,9.85414133407457
2021-07-22 14:00:00+00:00,10.508674754225652,17.241004989381505,13.675631692102712
2021-07-22 15:00:00+00:00,13.032345211315171,20.63014574846898,16.43611057976505
2021-07-22 16:00:00+00:00,14.380993630441296,22.614247127817855,17.953025187968713
2021-07-22 17:00:00+00:00,14.649292236072693,23.233667480151514,18.459426290450573
2021-07-22 18:00:00+00:00,3.8978796471179904,22.280098162013328,17.6210180343338
2021-07-22 19:00:00+00:00,12.429425137480157,16.842544415222104,14.20951331121573
2021-07-22 20:00:00+00:00,10.682468291663728,13.695052285884028,13.01184547537647
2021-07-22 21:00:00+00:00,7.638117199362299,8.99681129437539,8.81199345901072
2021-07-22 22:00:00+00:00,1.4675473486479094,1.9678245332273683,1.9651467060442676
2021-07-22 23:00:00+00:00,1.3663580395916923,1.6198403815010052,0.5979486147216515
2021-07-23 00:00:00+00:00,0.3217978458800201,0.22981987761211317,0.19207861836390203
2021-07-23 01:00:00+00:00,0.0,0.0,0.0
2021-07-23 02:00:00+00:00,0.0,0.0,0.0
2021-07-23 03:00:00+00:00,0.0,0.0,0.0
2021-07-23 04:00:00+00:00,0.0,0.0,0.0
2021-07-23 05:00:00+00:00,0.0,0.0,0.0
2021-07-23 06:00:00+00:00,0.0,0.0,0.0
2021-07-23 07:00:00+00:00,0.0,0.0,0.0
2021-07-23 08:00:00+00:00,0.0,0.0,0.0
2021-07-23 09:00:00+00:00,0.0,0.0,0.0
2021-07-23 10:00:00+00:00,0.3607719427614751,0.5251144400202655,0.41229429331511447
2021-07-23 11:00:00+00:00,0.8614159033206514,1.5405977152587134,1.2111883013608125
2021-07-23 12:00:00+00:00,4.160278524495202,6.6653107240591805,5.275732005077622
2021-07-23 13:00:00+00:00,7.726366391435207,12.17948894753052,9.726195244337667
2021-07-23 14:00:00+00:00,10.830175225299381,16.935779397428483,13.463153237276405
2021-07-23 15:00:00+00:00,13.082342104458796,20.404087492324283,16.263234661871785
2021-07-23 16:00:00+00:00,14.272590394799272,22.510606392921247,17.917980091649135
2021-07-23 17:00:00+00:00,13.798123154034748,23.137503316423626,18.42912653435602
2021-07-23 18:00:00+00:00,14.412160100041426,22.348718355232776,17.805089308227018
2021-07-23 19:00:00+00:00,12.95742451989385,20.11386723942881,16.001452389365852
2021-07-23 20:00:00+00:00,4.683678206238184,16.369664418693947,13.036248862965516
2021-07-23 21:00:00+00:00,7.613514507470489,11.547888772319984,9.216206185359407
2021-07-23 22:00:00+00:00,4.109936040292854,6.0365339698150695,4.813457513592495
2021-07-23 23:00:00+00:00,1.0205660689549507,1.5526450053272427,1.2297779478126822
2021-07-24 00:00:00+00:00,0.31338254123958187,0.20760608465647695,0.17424423923663618
2021-07-24 01:00:00+00:00,0.0,0.0,0.0
2021-07-24 02:00:00+00:00,0.0,0.0,0.0
2021-07-24 03:00:00+00:00,0.0,0.0,0.0
2021-07-24 04:00:00+00:00,0.0,0.0,0.0
2021-07-24 05:00:00+00:00,0.0,0.0,0.0
2021-07-24 06:00:00+00:00,0.0,0.0,0.0
2021-07-24 07:00:00+00:00,0.0,0.0,0.0
2021-07-24 08:00:00+00:00,0.0,0.0,0.0
2021-07-24 09:00:00+00:00,0.0,0.0,0.0
2021-07-24 10:00:00+00:00,0.3597444705296729,0.4604214330620833,0.38593977539884333
2021-07-24 11:00:00+00:00,1.3004814883933435,1.7657786113330727,1.2110969453247795
2021-07-24 12:00:00+00:00,3.4673701100459975,6.658469529542827,5.258971715601305
2021-07-24 13:00:00+00:00,6.598067819557844,12.185450196368024,9.725731696221741
2021-07-24 14:00:00+00:00,10.431034687419826,16.9500734516803,13.534798178144944
2021-07-24 15:00:00+00:00,12.925784757118402,20.326343166233485,16.249311390863785
2021-07-24 16:00:00+00:00,14.501286815328333,22.2615165395938,17.88306274959269
2021-07-24 17:00:00+00:00,14.897814280970195,21.84340023856793,18.342887306833067
2021-07-24 18:00:00+00:00,14.39331037360901,21.534520380595275,17.62247587725892
2021-07-24 19:00:00+00:00,12.987027451098786,19.908784979299643,15.724056196964844
2021-07-24 20:00:00+00:00,10.6788911083863,16.39230702447245,12.979635889925156
2021-07-24 21:00:00+00:00,7.690837151636088,11.614053036148395,9.239991925663091
2021-07-24 22:00:00+00:00,4.090600280561614,6.1171508119973215,4.854869351146135
2021-07-24 23:00:00+00:00,0.5616193747822987,1.7570823433377112,1.3767110681834906
2021-07-25 00:00:00+00:00,0.13093261431895187,0.18408872793115189,0.15780568524443853
2021-07-25 01:00:00+00:00,0.0,0.0,0.0
2021-07-25 02:00:00+00:00,0.0,0.0,0.0
2021-07-25 03:00:00+00:00,0.0,0.0,0.0
2021-07-25 04:00:00+00:00,0.0,0.0,0.0
2021-07-25 05:00:00+00:00,0.0,0.0,0.0
2021-07-25 06:00:00+00:00,0.0,0.0,0.0
2021-07-25 07:00:00+00:00,0.0,0.0,0.0
2021-07-25 08:00:00+00:00,0.0,0.0,0.0
2021-07-25 09:00:00+00:00,0.0,0.0,0.0
2021-07-25 10:00:00+00:00,0.004746507191744585,0.002499596510734508,0.0019860476663497387
2021-07-25 11:00:00+00:00,0.707774050265617,0.36142590981058986,0.055535668265595285
2021-07-25 12:00:00+00:00,0.6243287467512666,1.4816091090317185,2.0017646742608353
2021-07-25 13:00:00+00:00,0.7920310900853038,0.7434662402772788,0.3732492038033175
2021-07-25 14:00:00+00:00,0.6409245907681603,0.5832705543795428,1.2808009565765324
2021-07-25 15:00:00+00:00,0.9940701120199057,1.3017225070457994,2.5469912733584064
2021-07-25 16:00:00+00:00,9.244188370632507,0.8325856075345823,5.914873133168703
2021-07-25 17:00:00+00:00,6.361815958063044,0.24824855051679418,0.5694548660327283
2021-07-25 18:00:00+00:00,13.550329447433517,0.1980749913310159,0.15710905478913206
2021-07-25 19:00:00+00:00,12.598828858768826,6.090769547384159,3.2554514416588134
2021-07-25 20:00:00+00:00,10.33845844534276,9.72411301829839,11.00335962787843
2021-07-25 21:00:00+00:00,7.353871519739553,6.929409325564975,7.18096983131413
2021-07-25 22:00:00+00:00,3.9766882063951905,4.933127690033737,4.344189547181899
2021-07-25 23:00:00+00:00,1.0816641278499013,1.689398197897905,1.3271481124637086
2021-07-26 00:00:00+00:00,0.260193564646171,0.014840184231166197,0.0
2021-07-26 01:00:00+00:00,0.0,0.0,0.0
2021-07-26 02:00:00+00:00,0.0,0.0,0.0
2021-07-26 03:00:00+00:00,0.0,0.0,0.0
2021-07-26 04:00:00+00:00,0.0,0.0,0.0
2021-07-26 05:00:00+00:00,0.0,0.0,0.0
2021-07-26 06:00:00+00:00,0.0,0.0,0.0
2021-07-26 07:00:00+00:00,0.0,0.0,0.0
2021-07-26 08:00:00+00:00,0.0,0.0,0.0
2021-07-26 09:00:00+00:00,0.0,0.0,0.0
2021-07-26 10:00:00+00:00,0.14114819242503354,0.3024702005882144,0.25371202674093385
2021-07-26 11:00:00+00:00,1.1663414837371913,1.8325525071929296,1.4019565004024064
2021-07-26 12:00:00+00:00,1.8348692909765374,6.239697935094878,4.487595579822189
2021-07-26 13:00:00+00:00,5.383346706357521,10.782747082153955,7.931185352293489
2021-07-26 14:00:00+00:00,9.46641870599422,10.797822338950969,8.30375623989501
2021-07-26 15:00:00+00:00,12.596174120191202,13.4321496887907,12.94766750876965
2021-07-26 16:00:00+00:00,14.270802913085484,1.6310507324301617,9.4708107221085
2021-07-26 17:00:00+00:00,14.344029453310236,19.533878382789776,15.167489478416861
2021-07-26 18:00:00+00:00,5.984286577674765,18.493051740024235,14.88320584808134
2021-07-26 19:00:00+00:00,12.670366119131971,18.859533379829028,15.077266114644749
2021-07-26 20:00:00+00:00,10.380945656006196,14.64040856120577,12.523349965988707
2021-07-26 21:00:00+00:00,6.109941944543647,9.023148150773393,4.636967208394822
2021-07-26 22:00:00+00:00,3.9834296410886623,5.843540060641192,4.656592967661849
2021-07-26 23:00:00+00:00,1.0040024633504023,1.5191310841185193,1.1776959510270806
2021-07-27 00:00:00+00:00,0.24305016264210888,0.0,0.005806297115290991
2021-07-27 01:00:00+00:00,0.0,0.0,0.0
2021-07-27 02:00:00+00:00,0.0,0.0,0.0
2021-07-27 03:00:00+00:00,0.0,0.0,0.0
2021-07-27 04:00:00+00:00,0.0,0.0,0.0
2021-07-27 05:00:00+00:00,0.0,0.0,0.0
2021-07-27 06:00:00+00:00,0.0,0.0,0.0
2021-07-27 07:00:00+00:00,0.0,0.0,0.0
2021-07-27 08:00:00+00:00,0.0,0.0,0.0
2021-07-27 09:00:00+00:00,0.0,0.0,0.0
2021-07-27 10:00:00+00:00,0.28793475125920853,0.3645086998415276,0.300418877430675
2021-07-27 11:00:00+00:00,0.8707556790158454,1.5188194737460516,1.1566138314784506
2021-07-27 12:00:00+00:00,4.106088435989941,6.601355154733012,5.203067706556932
2021-07-27 13:00:00+00:00,7.680362873163053,11.99070574130398,9.510659243287067
2021-07-27 14:00:00+00:00,10.730022165867496,16.543740699684864,13.108999552367273
2021-07-27 15:00:00+00:00,12.91328593387502,19.642120658641936,15.641923498886985
2021-07-27 16:00:00+00:00,14.217310027453712,21.504842738916082,17.1822176830549
2021-07-27 17:00:00+00:00,14.600940181449667,21.89293672672344,17.6501075505222
2021-07-27 18:00:00+00:00,13.979334705299195,21.486109661792188,16.887757962072357
2021-07-27 19:00:00+00:00,12.364497813801794,19.437317259004857,15.376272188671894
2021-07-27 20:00:00+00:00,0.10842753497331012,15.88562301475141,12.603573607563643
2021-07-27 21:00:00+00:00,0.188002900705997,11.235227275774799,8.885580717138915
2021-07-27 22:00:00+00:00,0.28707933280640824,5.934745676807134,4.709216688263119
2021-07-27 23:00:00+00:00,1.2800352105418438,1.5657847458856988,1.2339223340350325
2021-07-28 00:00:00+00:00,0.16454419496534853,0.0,0.0
2021-07-28 01:00:00+00:00,0.0,0.0,0.0
2021-07-28 02:00:00+00:00,0.0,0.0,0.0
2021-07-28 03:00:00+00:00,0.0,0.0,0.0
2021-07-28 04:00:00+00:00,0.0,0.0,0.0
2021-07-28 05:00:00+00:00,0.0,0.0,0.0
2021-07-28 06:00:00+00:00,0.0,0.0,0.0
2021-07-28 07:00:00+00:00,0.0,0.0,0.0
2021-07-28 08:00:00+00:00,0.0,0.0,0.0
2021-07-28 09:00:00+00:00,0.0,0.0,0.0
2021-07-28 10:00:00+00:00,0.08652838146812791,0.31049886121021064,0.2422553877494674
2021-07-28 11:00:00+00:00,1.0294964240244069,1.7672620878730574,1.41516928470682
2021-07-28 12:00:00+00:00,3.937191497806249,6.228495836385666,4.355444633624642
2021-07-28 13:00:00+00:00,4.27286566489376,11.207610745261235,9.445285150103887
2021-07-28 14:00:00+00:00,10.732328245931537,9.860871100874686,12.956783975504594
2021-07-28 15:00:00+00:00,13.294270467392556,20.163191311492234,15.177190922847691
2021-07-28 16:00:00+00:00,14.660639587315806,22.372416390267215,17.776187929522905
2021-07-28 17:00:00+00:00,15.108222036034524,22.49371615047913,17.4997398747298
2021-07-28 18:00:00+00:00,14.595142428624479,22.20780281054205,17.700609670932387
2021-07-28 19:00:00+00:00,13.172107639185047,19.886843784331667,15.899383371093352
2021-07-28 20:00:00+00:00,10.809399657038028,13.051287107292,12.895015171072988
2021-07-28 21:00:00+00:00,7.6738608426121395,10.94614814759395,9.172797305591914
2021-07-28 22:00:00+00:00,4.092314571791119,6.0193832764473205,4.775299176160108
2021-07-28 23:00:00+00:00,0.990378398607088,1.5679242607381383,1.3181977226551769
2021-07-29 00:00:00+00:00,0.20250473272104316,0.0,0.0
2021-07-29 01:00:00+00:00,0.0,0.0,0.0
2021-07-29 02:00:00+00:00,0.0,0.0,0.0
2021-07-29 03:00:00+00:00,0.0,0.0,0.0
2021-07-29 04:00:00+00:00,0.0,0.0,0.0
2021-07-29 05:00:00+00:00,0.0,0.0,0.0
2021-07-29 06:00:00+00:00,0.0,0.0,0.0
2021-07-29 07:00:00+00:00,0.0,0.0,0.0
2021-07-29 08:00:00+00:00,0.0,0.0,0.0
2021-07-29 09:00:00+00:00,0.0,0.0,0.0
2021-07-29 10:00:00+00:00,0.24322790848260784,0.29402825170259833,0.23154706017987947
2021-07-29 11:00:00+00:00,1.2711110868216506,1.5727955855369853,1.2479992520548904
2021-07-29 12:00:00+00:00,3.001010162185381,5.519718368536275,5.044935539812432
2021-07-29 13:00:00+00:00,7.781132251529749,11.387216301865625,8.840542675057392
2021-07-29 14:00:00+00:00,10.78162675708146,12.526123196346756,9.562434927833708
2021-07-29 15:00:00+00:00,12.999472811957062,12.390654626068347,10.673533704453737
2021-07-29 16:00:00+00:00,1.9801753782505518,14.083753546922805,11.17882786636561
2021-07-29 17:00:00+00:00,2.0898515067666046,14.088549327937653,13.943875591634264
2021-07-29 18:00:00+00:00,1.3293757379011872,5.977193301513403,3.7768682437166863
2021-07-29 19:00:00+00:00,0.07869159609164783,5.338436164421925,4.2908333667369325
2021-07-29 20:00:00+00:00,0.015775009539222323,14.05372058264258,11.012594606280791
2021-07-29 21:00:00+00:00,0.37776176392327077,0.8849289360519871,0.3122350362404491
2021-07-29 22:00:00+00:00,0.04571630959906438,0.019829216990164163,0.058952113127024294
2021-07-29 23:00:00+00:00,0.2884656315036281,0.02733348185387405,0.011855551222742405
2021-07-30 00:00:00+00:00,0.0015736769152734245,0.0,0.0
2021-07-30 01:00:00+00:00,0.0,0.0,0.0
2021-07-30 02:00:00+00:00,0.0,0.0,0.0
2021-07-30 03:00:00+00:00,0.0,0.0,0.0
2021-07-30 04:00:00+00:00,0.0,0.0,0.0
2021-07-30 05:00:00+00:00,0.0,0.0,0.0
2021-07-30 06:00:00+00:00,0.0,0.0,0.0
2021-07-30 07:00:00+00:00,0.0,0.0,0.0
2021-07-30 08:00:00+00:00,0.0,0.0,0.0
2021-07-30 09:00:00+00:00,0.0,0.0,0.0
2021-07-30 10:00:00+00:00,0.07075332948348234,0.23720728567254842,0.19017373401133367
2021-07-30 11:00:00+00:00,0.22375980489322453,1.699984676029851,1.3796292379688295
2021-07-30 12:00:00+00:00,3.7478989052205804,5.431389400953156,5.101916178324559
2021-07-30 13:00:00+00:00,7.233923979409763,11.922730422963301,9.645381702239554
2021-07-30 14:00:00+00:00,6.07433440282632,16.392481355982945,13.18612508862823
2021-07-30 15:00:00+00:00,6.508089435786336,20.502081315099844,16.31573643171334
2021-07-30 16:00:00+00:00,3.517172458277173,22.51744278364097,17.91002970078975
2021-07-30 17:00:00+00:00,10.62673572255648,22.97034649847656,18.33440654041559
2021-07-30 18:00:00+00:00,7.7435354892484085,22.040139938705078,17.57268200639873
2021-07-30 19:00:00+00:00,10.299714941956276,14.624789498088852,9.634724638626329
2021-07-30 20:00:00+00:00,3.3595162449476903,13.792631913127472,9.448586433247993
2021-07-30 21:00:00+00:00,6.70643298094188,9.911354560593724,8.846153306403753
2021-07-30 22:00:00+00:00,4.172101790220919,5.958832723066116,3.069034035670941
2021-07-30 23:00:00+00:00,1.0339368342566804,1.6305888468485796,1.3116435349062903
2021-07-31 00:00:00+00:00,0.16646259326139562,0.0,0.0
2021-07-31 01:00:00+00:00,0.0,0.0,0.0
2021-07-31 02:00:00+00:00,0.0,0.0,0.0
2021-07-31 03:00:00+00:00,0.0,0.0,0.0
2021-07-31 04:00:00+00:00,0.0,0.0,0.0
2021-07-31 05:00:00+00:00,0.0,0.0,0.0
2021-07-31 06:00:00+00:00,0.0,0.0,0.0
2021-07-31 07:00:00+00:00,0.0,0.0,0.0
2021-07-31 08:00:00+00:00,0.0,0.0,0.0
2021-07-31 09:00:00+00:00,0.0,0.0,0.0
2021-07-31 10:00:00+00:00,0.20032475066064617,0.2389210150101474,0.1868000507751411
2021-07-31 11:00:00+00:00,0.767454180195587,1.3463349681831522,1.0724744988512942
2021-07-31 12:00:00+00:00,4.282011435247031,6.866979096448746,5.395072944490053
2021-07-31 13:00:00+00:00,8.033747272017596,12.3982755997943,10.067428019626655
2021-07-31 14:00:00+00:00,11.294398819279676,17.319681274255082,13.937754253202499
2021-07-31 15:00:00+00:00,13.657532067237756,21.145090747387293,16.932231763098184
2021-07-31 16:00:00+00:00,15.046944354200392,23.015430921577487,18.6598422967522
2021-07-31 17:00:00+00:00,15.455159356093535,20.738430950203515,19.05109090610952
2021-07-31 18:00:00+00:00,12.360099023477002,22.521620359741956,18.384097101212483
2021-07-31 19:00:00+00:00,13.38408472949887,17.38583924412604,16.493931698177732
2021-07-31 20:00:00+00:00,10.651733256284905,14.78689239656955,13.336825421902173
2021-07-31 21:00:00+00:00,7.567087601520375,10.519644202372435,9.33359073558253
2021-07-31 22:00:00+00:00,4.081338451105372,6.027123185930414,4.813418047193369
2021-07-31 23:00:00+00:00,0.9646609178782318,1.4452789687048833,1.1262648472550711
2021-08-01 00:00:00+00:00,0.13651946495479186,0.0,0.0
2021-08-01 01:00:00+00:00,0.0,0.0,0.0
2021-08-01 02:00:00+00:00,0.0,0.0,0.0
2021-08-01 03:00:00+00:00,0.0,0.0,0.0
2021-08-01 04:00:00+00:00,0.0,0.0,0.0
2021-08-01 05:00:00+00:00,0.0,0.0,0.0
2021-08-01 06:00:00+00:00,0.0,0.0,0.0
2021-08-01 07:00:00+00:00,0.0,0.0,0.0
2021-08-01 08:00:00+00:00,0.0,0.0,0.0
2021-08-01 09:00:00+00:00,0.0,0.0,0.0
2021-08-01 10:00:00+00:00,0.1550551161431201,0.1823740514778257,0.09157648081977798
2021-08-01 11:00:00+00:00,0.8875312986444731,1.5583099275859518,1.2299875643297398
2021-08-01 12:00:00+00:00,4.096416699596109,6.570937639377653,5.20339889619992
2021-08-01 13:00:00+00:00,7.5715026814143,11.842650190608955,9.52710796959983
2021-08-01 14:00:00+00:00,10.647519412962126,16.69656545003867,12.551750551971047
2021-08-01 15:00:00+00:00,12.822057301083928,16.40834263953487,9.990928765559316
2021-08-01 16:00:00+00:00,14.110628861382724,2.8261566198324175,5.537499122907783
2021-08-01 17:00:00+00:00,13.544030622220196,1.10899542316344,2.5378810912445617
2021-08-01 18:00:00+00:00,1.7242971789599295,8.019313051726483,15.786371192672709
2021-08-01 19:00:00+00:00,0.1089828412374865,17.969574844743132,8.31855312429485
2021-08-01 20:00:00+00:00,0.5147057032491946,16.296076533619793,8.34060077084627
2021-08-01 21:00:00+00:00,0.8429247402957536,11.432407054191746,9.075570173340116
2021-08-01 22:00:00+00:00,0.012684931119219183,5.846744117637338,4.671648967653948
2021-08-01 23:00:00+00:00,0.01430177620388597,1.4706166699886705,1.1719688408091464
2021-08-02 00:00:00+00:00,0.0,0.0,0.0
2021-08-02 01:00:00+00:00,0.0,0.0,0.0
2021-08-02 02:00:00+00:00,0.0,0.0,0.0
2021-08-02 03:00:00+00:00,0.0,0.0,0.0
2021-08-02 04:00:00+00:00,0.0,0.0,0.0
2021-08-02 05:00:00+00:00,0.0,0.0,0.0
2021-08-02 06:00:00+00:00,0.0,0.0,0.0
2021-08-02 07:00:00+00:00,0.0,0.0,0.0
2021-08-02 08:00:00+00:00,0.0,0.0,0.0
2021-08-02 09:00:00+00:00,0.0,0.0,0.0
2021-08-02 10:00:00+00:00,0.053099357974790005,0.14720369106365355,0.11265386326664435
2021-08-02 11:00:00+00:00,0.9455856876280317,1.5516625880632178,1.3164861284335327
2021-08-02 12:00:00+00:00,2.350334651462934,6.66648139435037,5.244235749202367
2021-08-02 13:00:00+00:00,5.125348577097157,12.206845890780748,9.30114178982464
2021-08-02 14:00:00+00:00,7.839616202480289,17.266684732118765,13.399168556913367
2021-08-02 15:00:00+00:00,5.065826811337249,20.78424725878068,16.538645299308424
2021-08-02 16:00:00+00:00,10.12189114828379,22.51521185163338,18.144864559485306
2021-08-02 17:00:00+00:00,8.121523256086514,17.001300305095853,16.269076688708715
2021-08-02 18:00:00+00:00,11.043676848389243,20.472385878133604,14.391034141984353
2021-08-02 19:00:00+00:00,12.248801751318728,15.73714040367217,15.560311823047645
2021-08-02 20:00:00+00:00,8.106106396657005,16.50446738475107,12.982189102571448
2021-08-02 21:00:00+00:00,7.128185129988909,11.675423739838202,9.283600803510632
2021-08-02 22:00:00+00:00,4.072754912703678,5.965910500603467,4.7592776520936315
2021-08-02 23:00:00+00:00,0.8847779727511761,1.338092202293272,1.0728730053148388
2021-08-03 00:00:00+00:00,0.01573946457987326,0.0,0.0
2021-08-03 01:00:00+00:00,0.0,0.0,0.0
2021-08-03 02:00:00+00:00,0.0,0.0,0.0
2021-08-03 03:00:00+00:00,0.0,0.0,0.0
2021-08-03 04:00:00+00:00,0.0,0.0,0.0
2021-08-03 05:00:00+00:00,0.0,0.0,0.0
2021-08-03 06:00:00+00:00,0.0,0.0,0.0
2021-08-03 07:00:00+00:00,0.0,0.0,0.0
2021-08-03 08:00:00+00:00,0.0,0.0,0.0
2021-08-03 09:00:00+00:00,0.0,0.0,0.0
2021-08-03 10:00:00+00:00,0.11755490424982379,0.11802971515242952,0.09090484791973417
2021-08-03 11:00:00+00:00,0.7800638771765311,1.8720666571311046,1.5122249411628033
2021-08-03 12:00:00+00:00,4.0937895534297555,6.16616554206405,4.7242051414792625
2021-08-03 13:00:00+00:00,7.889571608726091,7.21292424648798,5.314212732106046
2021-08-03 14:00:00+00:00,9.138605429782599,10.637162029091288,12.282152220148683
2021-08-03 15:00:00+00:00,6.381221699167577,8.480264319798026,7.15591770811666
2021-08-03 16:00:00+00:00,10.815450225917134,3.9225014165342524,7.169585482325332
2021-08-03 17:00:00+00:00,10.05240457332969,8.982650431295424,12.456180684837294
2021-08-03 18:00:00+00:00,10.432908938290785,19.898586935694542,3.414525571438381
2021-08-03 19:00:00+00:00,12.046213974295014,8.300713504364149,4.594748505633923
2021-08-03 20:00:00+00:00,10.875139845411079,4.474166244161544,8.52641489997077
2021-08-03 21:00:00+00:00,7.661292461528478,3.9302205943106414,3.449677432579776
2021-08-03 22:00:00+00:00,3.507304451839793,4.769841990948099,3.8911032863671915
2021-08-03 23:00:00+00:00,1.1332261973073896,1.6387121177722055,0.9656199167219772
2021-08-04 00:00:00+00:00,0.0,0.0,0.0
2021-08-04 01:00:00+00:00,0.0,0.0,0.0
2021-08-04 02:00:00+00:00,0.0,0.0,0.0
2021-08-04 03:00:00+00:00,0.0,0.0,0.0
2021-08-04 04:00:00+00:00,0.0,0.0,0.0
2021-08-04 05:00:00+00:00,0.0,0.0,0.0
2021-08-04 06:00:00+00:00,0.0,0.0,0.0
2021-08-04 07:00:00+00:00,0.0,0.0,0.0
2021-08-04 08:00:00+00:00,0.0,0.0,0.0
2021-08-04 09:00:00+00:00,0.0,0.0,0.0
2021-08-04 10:00:00+00:00,0.050246814053783985,0.08175778621141752,0.05878545434751156
2021-08-04 11:00:00+00:00,1.02240219212596,1.7651831943517005,0.6436253686626495
2021-08-04 12:00:00+00:00,2.9904243336967777,5.058528496707104,3.2374200134193822
2021-08-04 13:00:00+00:00,4.359640801899367,9.97347057008387,5.357096600433046
2021-08-04 14:00:00+00:00,6.6545751449135055,1.3486391976620342,1.0128487916412874
2021-08-04 15:00:00+00:00,10.128273204978552,1.0552341523291178,0.8565754061310054
2021-08-04 16:00:00+00:00,12.918830729777934,2.8823195655219105,1.1522519921403442
2021-08-04 17:00:00+00:00,13.763510802894737,0.7879638207596218,0.548334504204105
2021-08-04 18:00:00+00:00,9.396363029786565,1.3292037690931089,0.7605631501920121
2021-08-04 19:00:00+00:00,11.527648347049386,0.27285906223491235,0.4911491029572461
2021-08-04 20:00:00+00:00,6.373841681298379,0.6448045009750614,0.6282920676161879
2021-08-04 21:00:00+00:00,5.496922835134946,0.42364727008636605,0.25719852661761416
2021-08-04 22:00:00+00:00,2.715422627760675,1.600553358673212,2.3358697599813016
2021-08-04 23:00:00+00:00,1.1207943429276086,0.16585602534398314,0.8758273083373729
2021-08-05 00:00:00+00:00,0.0,0.0,0.0
2021-08-05 01:00:00+00:00,0.0,0.0,0.0
2021-08-05 02:00:00+00:00,0.0,0.0,0.0
2021-08-05 03:00:00+00:00,0.0,0.0,0.0
2021-08-05 04:00:00+00:00,0.0,0.0,0.0
2021-08-05 05:00:00+00:00,0.0,0.0,0.0
2021-08-05 06:00:00+00:00,0.0,0.0,0.0
2021-08-05 07:00:00+00:00,0.0,0.0,0.0
2021-08-05 08:00:00+00:00,0.0,0.0,0.0
2021-08-05 09:00:00+00:00,0.0,0.0,0.0
2021-08-05 10:00:00+00:00,0.062497377961412096,0.007556047586190909,0.0039955928890365745
2021-08-05 11:00:00+00:00,0.8999216041281648,0.025221890800819696,0.02597473176237475
2021-08-05 12:00:00+00:00,3.268956618728145,0.2742819971557849,0.39443970656180116
2021-08-05 13:00:00+00:00,4.519957811941087,2.198069900002673,1.141830588082766
2021-08-05 14:00:00+00:00,10.639957398463174,0.2304405104092336,0.5048931749664705
2021-08-05 15:00:00+00:00,12.990800315441927,2.629376312290367,1.5534683876905826
2021-08-05 16:00:00+00:00,14.154838985416873,0.8455590099421897,1.188456986023907
2021-08-05 17:00:00+00:00,12.619169942867403,3.91528822674596,3.2545360212254906
2021-08-05 18:00:00+00:00,11.516616514936524,9.11056550476271,6.7055455579016545
2021-08-05 19:00:00+00:00,12.705346533799068,14.639233767909744,6.150261679702837
2021-08-05 20:00:00+00:00,10.270406454585864,10.98503598739875,6.13803277795803
2021-08-05 21:00:00+00:00,7.357927820009694,9.06038398033152,3.5781015391757336
2021-08-05 22:00:00+00:00,3.909218459022218,5.27933272633602,4.346835213345859
2021-08-05 23:00:00+00:00,0.9149259614905171,1.4251956308362046,1.1363703304320498
2021-08-06 00:00:00+00:00,0.0,0.0,0.0
2021-08-06 01:00:00+00:00,0.0,0.0,0.0
2021-08-06 02:00:00+00:00,0.0,0.0,0.0
2021-08-06 03:00:00+00:00,0.0,0.0,0.0
2021-08-06 04:00:00+00:00,0.0,0.0,0.0
2021-08-06 05:00:00+00:00,0.0,0.0,0.0
2021-08-06 06:00:00+00:00,0.0,0.0,0.0
2021-08-06 07:00:00+00:00,0.0,0.0,0.0
2021-08-06 08:00:00+00:00,0.0,0.0,0.0
2021-08-06 09:00:00+00:00,0.0,0.0,0.0
2021-08-06 10:00:00+00:00,0.041622493970348354,0.025284756322289607,0.020109108673767966
2021-08-06 11:00:00+00:00,0.8931835479778016,1.8116500684645236,1.2853490248840949
2021-08-06 12:00:00+00:00,3.7416246528773023,5.402409122736429,1.6133605874424075
2021-08-06 13:00:00+00:00,7.621012594955058,11.542363758146337,9.37103950307877
2021-08-06 14:00:00+00:00,10.587880305626328,16.727453300567383,13.334507032581955
2021-08-06 15:00:00+00:00,13.113635639724448,20.133334848096275,15.996856537256454
2021-08-06 16:00:00+00:00,14.451128791103038,19.208284707208186,16.828827322222995
2021-08-06 17:00:00+00:00,14.820107773316035,22.459310825273484,15.398365464204133
2021-08-06 18:00:00+00:00,14.19249175511876,9.609473826854535,1.0717988356333261
2021-08-06 19:00:00+00:00,11.44214443525938,20.172346624076958,15.958566719738677
2021-08-06 20:00:00+00:00,8.128849125453295,16.41050418832429,12.92276037168912
2021-08-06 21:00:00+00:00,6.739512477820377,11.340622809529819,8.973912990360414
2021-08-06 22:00:00+00:00,3.8126423689491293,5.782865473895765,4.571724252241402
2021-08-06 23:00:00+00:00,0.9053353095206403,1.3570316311837043,1.0805915394624528
2021-08-07 00:00:00+00:00,0.0,0.0,0.0
2021-08-07 01:00:00+00:00,0.0,0.0,0.0
2021-08-07 02:00:00+00:00,0.0,0.0,0.0
2021-08-07 03:00:00+00:00,0.0,0.0,0.0
2021-08-07 04:00:00+00:00,0.0,0.0,0.0
2021-08-07 05:00:00+00:00,0.0,0.0,0.0
2021-08-07 06:00:00+00:00,0.0,0.0,0.0
2021-08-07 07:00:00+00:00,0.0,0.0,0.0
2021-08-07 08:00:00+00:00,0.0,0.0,0.0
2021-08-07 09:00:00+00:00,0.0,0.0,0.0
2021-08-07 10:00:00+00:00,0.022258956739673933,0.0,0.0
2021-08-07 11:00:00+00:00,0.9615981748102054,1.4995425335953654,1.1863444871977076
2021-08-07 12:00:00+00:00,2.690738118786035,6.3912197914094495,5.070166523124416
2021-08-07 13:00:00+00:00,7.4354619946939415,11.76164118777626,9.312096399183938
2021-08-07 14:00:00+00:00,10.206288303542074,16.298245859818024,12.969678197789735
2021-08-07 15:00:00+00:00,12.386951676409963,19.70052762398513,15.542602420818014
2021-08-07 16:00:00+00:00,13.915630364964144,21.742898501675985,17.0587937842858
2021-08-07 17:00:00+00:00,14.247029547450415,22.375010292104225,17.449530795666565
2021-08-07 18:00:00+00:00,10.834691277315883,21.572873289462326,17.012333669185853
2021-08-07 19:00:00+00:00,9.839875699655003,19.588743188053403,15.349923814935762
2021-08-07 20:00:00+00:00,5.170376578764368,7.055905604469573,5.282319726709933
2021-08-07 21:00:00+00:00,6.791827490046934,7.618793679486961,7.835879267627998
2021-08-07 22:00:00+00:00,3.327535726713517,1.5670305933308442,0.963614374819944
2021-08-07 23:00:00+00:00,0.9377481514899927,0.7841134024748306,0.6130735545919725
2021-08-08 00:00:00+00:00,0.0,0.0,0.0
2021-08-08 01:00:00+00:00,0.0,0.0,0.0
2021-08-08 02:00:00+00:00,0.0,0.0,0.0
2021-08-08 03:00:00+00:00,0.0,0.0,0.0
2021-08-08 04:00:00+00:00,0.0,0.0,0.0
2021-08-08 05:00:00+00:00,0.0,0.0,0.0
2021-08-08 06:00:00+00:00,0.0,0.0,0.0
2021-08-08 07:00:00+00:00,0.0,0.0,0.0
2021-08-08 08:00:00+00:00,0.0,0.0,0.0
2021-08-08 09:00:00+00:00,0.0,0.0,0.0
2021-08-08 10:00:00+00:00,0.01582349777693725,0.0,0.0
2021-08-08 11:00:00+00:00,0.8791575767308516,0.10294465681631008,0.13365955145449496
2021-08-08 12:00:00+00:00,3.905210408537884,0.2549971175912521,0.27202953643588856
2021-08-08 13:00:00+00:00,7.233647606087263,2.320744258174574,0.12829696931651957
2021-08-08 14:00:00+00:00,9.95430064640327,0.08487655678717193,0.06127835372911242
2021-08-08 15:00:00+00:00,11.91296263396247,0.38473632454498785,0.08750566398195447
2021-08-08 16:00:00+00:00,11.271311488311719,1.3063986695910752,0.24731503677781824
2021-08-08 17:00:00+00:00,14.090562309790915,0.2735426245881286,0.8659234666285198
2021-08-08 18:00:00+00:00,13.565377252250759,0.1494051165976652,0.33529246117024236
2021-08-08 19:00:00+00:00,12.195010496989733,0.1741921593405564,0.059312096500381085
2021-08-08 20:00:00+00:00,9.974896374602363,0.15005074529301904,0.09926481936349126
2021-08-08 21:00:00+00:00,6.9829512280515145,0.2252787664114315,0.05977543549382494
2021-08-08 22:00:00+00:00,3.711250593156119,0.22552490289513888,0.04382233320889153
2021-08-08 23:00:00+00:00,0.9291624723148644,0.020039695355156206,0.015922436044667167
2021-08-09 00:00:00+00:00,0.0,0.0,0.0
2021-08-09 01:00:00+00:00,0.0,0.0,0.0
2021-08-09 02:00:00+00:00,0.0,0.0,0.0
2021-08-09 03:00:00+00:00,0.0,0.0,0.0
2021-08-09 04:00:00+00:00,0.0,0.0,0.0
2021-08-09 05:00:00+00:00,0.0,0.0,0.0
2021-08-09 06:00:00+00:00,0.0,0.0,0.0
2021-08-09 07:00:00+00:00,0.0,0.0,0.0
2021-08-09 08:00:00+00:00,0.0,0.0,0.0
2021-08-09 09:00:00+00:00,0.0,0.0,0.0
2021-08-09 10:00:00+00:00,0.0,0.0,0.0
2021-08-09 11:00:00+00:00,0.8622175471341507,0.3656503415509736,0.15822252790384989
2021-08-09 12:00:00+00:00,3.9230252160252226,0.598310079525243,0.1858016916673149
2021-08-09 13:00:00+00:00,7.39617861336517,2.817407813513352,2.9716183075868354
2021-08-09 14:00:00+00:00,10.361624052343462,7.62693317428373,7.655190577879942
2021-08-09 15:00:00+00:00,12.494205152570318,7.995079784988821,9.024310969235882
2021-08-09 16:00:00+00:00,13.816548178755543,1.183348124051561,1.9841284416097955
2021-08-09 17:00:00+00:00,14.110927352615306,4.9821539684378955,1.0995720837134184
2021-08-09 18:00:00+00:00,12.695255872871684,0.27234573002328216,0.5280118917261989
2021-08-09 19:00:00+00:00,12.200274409409452,4.485003983667322,1.4241269511630976
2021-08-09 20:00:00+00:00,9.991458944539948,1.6726810186466432,4.501514021131287
2021-08-09 21:00:00+00:00,7.052972965572269,5.4814647752438175,3.367616257149124
2021-08-09 22:00:00+00:00,3.2097047422023066,5.355104827511094,3.9012120427059487
2021-08-09 23:00:00+00:00,0.902757515481059,1.4258529075712403,1.1272751590990056
2021-08-10 00:00:00+00:00,0.0,0.0,0.0
2021-08-10 01:00:00+00:00,0.0,0.0,0.0
2021-08-10 02:00:00+00:00,0.0,0.0,0.0
2021-08-10 03:00:00+00:00,0.0,0.0,0.0
2021-08-10 04:00:00+00:00,0.0,0.0,0.0
2021-08-10 05:00:00+00:00,0.0,0.0,0.0
2021-08-10 06:00:00+00:00,0.0,0.0,0.0
2021-08-10 07:00:00+00:00,0.0,0.0,0.0
2021-08-10 08:00:00+00:00,0.0,0.0,0.0
2021-08-10 09:00:00+00:00,0.0,0.0,0.0
2021-08-10 10:00:00+00:00,0.0,0.0,0.0
2021-08-10 11:00:00+00:00,0.8584250957317595,0.7928050392998791,0.6449715881621838
2021-08-10 12:00:00+00:00,3.887633169811015,6.071102373593159,4.88277224221399
2021-08-10 13:00:00+00:00,6.803980799636605,11.469476804067588,8.900062159520052
2021-08-10 14:00:00+00:00,7.254498332420391,8.106541331075219,6.198654199555742
2021-08-10 15:00:00+00:00,9.874648226948377,13.456230072200702,5.098854262847581
2021-08-10 16:00:00+00:00,13.708951491902715,20.525383943984902,16.999839682496564
2021-08-10 17:00:00+00:00,14.087767474162863,15.72634734975066,11.839982526564192
2021-08-10 18:00:00+00:00,7.103319248476996,13.27537286977839,9.28026168499945
2021-08-10 19:00:00+00:00,11.273233435009711,14.03279738939139,12.714204934961531
2021-08-10 20:00:00+00:00,9.929793236754382,6.414415056902154,10.18472561195376
2021-08-10 21:00:00+00:00,3.7455153978942475,1.2935447249622618,2.00022817669785
2021-08-10 22:00:00+00:00,3.6076019280276546,4.832159939558881,1.4511259269592618
2021-08-10 23:00:00+00:00,0.8992590463135754,1.405912153957399,1.1032728134099126
2021-08-11 00:00:00+00:00,0.0,0.0,0.0
2021-08-11 01:00:00+00:00,0.0,0.0,0.0
2021-08-11 02:00:00+00:00,0.0,0.0,0.0
2021-08-11 03:00:00+00:00,0.0,0.0,0.0
2021-08-11 04:00:00+00:00,0.0,0.0,0.0
2021-08-11 05:00:00+00:00,0.0,0.0,0.0
2021-08-11 06:00:00+00:00,0.0,0.0,0.0
2021-08-11 07:00:00+00:00,0.0,0.0,0.0
2021-08-11 08:00:00+00:00,0.0,0.0,0.0
2021-08-11 09:00:00+00:00,0.0,0.0,0.0
2021-08-11 10:00:00+00:00,0.0,0.0,0.0
2021-08-11 11:00:00+00:00,0.8982033218373733,1.473000627230495,1.1805047588609887
2021-08-11 12:00:00+00:00,3.7618920058589027,0.24338891706972127,0.041045751674677666
2021-08-11 13:00:00+00:00,7.0108409174389195,1.5548503647326979,8.08810861390497
2021-08-11 14:00:00+00:00,9.072819505017266,7.516370526447904,1.9490785966973143
2021-08-11 15:00:00+00:00,12.135429851468894,17.093626569842257,14.166041950300128
2021-08-11 16:00:00+00:00,10.886873057864367,21.02173250101551,16.58263071422411
2021-08-11 17:00:00+00:00,13.255881237861326,21.13359126490128,16.72496048488009
2021-08-11 18:00:00+00:00,9.543988720423682,21.016105260719467,16.575132127380567
2021-08-11 19:00:00+00:00,7.647902888409007,18.723141383595216,14.99003808013343
2021-08-11 20:00:00+00:00,8.855109836255464,15.385828911065701,12.197182654175188
2021-08-11 21:00:00+00:00,5.961221765717249,10.691198687005109,8.434469220532842
2021-08-11 22:00:00+00:00,2.0078707101093234,5.364598496352664,4.316824572211002
2021-08-11 23:00:00+00:00,0.879242390825459,1.2780518118682365,1.0148193245508148
2021-08-12 00:00:00+00:00,0.0,0.0,0.0
2021-08-12 01:00:00+00:00,0.0,0.0,0.0
2021-08-12 02:00:00+00:00,0.0,0.0,0.0
2021-08-12 03:00:00+00:00,0.0,0.0,0.0
2021-08-12 04:00:00+00:00,0.0,0.0,0.0
2021-08-12 05:00:00+00:00,0.0,0.0,0.0
2021-08-12 06:00:00+00:00,0.0,0.0,0.0
2021-08-12 07:00:00+00:00,0.0,0.0,0.0
2021-08-12 08:00:00+00:00,0.0,0.0,0.0
2021-08-12 09:00:00+00:00,0.0,0.0,0.0
2021-08-12 10:00:00+00:00,0.0,0.0,0.0
2021-08-12 11:00:00+00:00,0.864938637457949,1.521877159714486,1.1995143004963469
2021-08-12 12:00:00+00:00,3.791484272501605,0.5333063618455998,0.12226019780291615
2021-08-12 13:00:00+00:00,7.234072531977765,10.92208878983993,8.89194392518154
2021-08-12 14:00:00+00:00,10.15469783671736,15.681233148101104,12.406758477007807
2021-08-12 15:00:00+00:00,12.440474697256503,19.071296373515885,15.223817139952365
2021-08-12 16:00:00+00:00,13.572724019861509,21.09059879343911,16.682210565185223
2021-08-12 17:00:00+00:00,14.035547609162021,21.651223842302542,17.072664732338104
2021-08-12 18:00:00+00:00,13.390826704735119,20.83137024577643,16.400627773152408
2021-08-12 19:00:00+00:00,0.06030323316884906,19.025147978894253,14.97761257897997
2021-08-12 20:00:00+00:00,0.2634627348779558,15.336070034611918,12.150821466020735
2021-08-12 21:00:00+00:00,0.09270384410157148,10.67320604466725,8.401936472221696
2021-08-12 22:00:00+00:00,0.4137915736563648,5.376814214485824,4.271385509330663
2021-08-12 23:00:00+00:00,0.9427245416557964,1.2558409016122651,0.9978944754705621
2021-08-13 00:00:00+00:00,0.0,0.0,0.0
2021-08-13 01:00:00+00:00,0.0,0.0,0.0
2021-08-13 02:00:00+00:00,0.0,0.0,0.0
2021-08-13 03:00:00+00:00,0.0,0.0,0.0
2021-08-13 04:00:00+00:00,0.0,0.0,0.0
2021-08-13 05:00:00+00:00,0.0,0.0,0.0
2021-08-13 06:00:00+00:00,0.0,0.0,0.0
2021-08-13 07:00:00+00:00,0.0,0.0,0.0
2021-08-13 08:00:00+00:00,0.0,0.0,0.0
2021-08-13 09:00:00+00:00,0.0,0.0,0.0
2021-08-13 10:00:00+00:00,0.0,0.0,0.0
2021-08-13 11:00:00+00:00,0.9374988006379876,1.5418819505593084,1.1678234532975433
2021-08-13 12:00:00+00:00,0.5884927104340326,6.153137381500047,4.88375830354907
2021-08-13 13:00:00+00:00,1.0274558472267779,11.425737136907987,9.081973101911359
2021-08-13 14:00:00+00:00,8.801630398010454,15.866477088586388,12.652367648946207
2021-08-13 15:00:00+00:00,9.720201983120168,19.065048257805227,15.28664221662017
2021-08-13 16:00:00+00:00,8.896425657879215,21.024239533875864,16.81415894888659
2021-08-13 17:00:00+00:00,14.115476004715564,21.58462092318439,17.29466614939936
2021-08-13 18:00:00+00:00,12.876981260465966,20.719842916691956,16.58686966913826
2021-08-13 19:00:00+00:00,12.03953736530165,18.616444088057825,14.724973008944541
2021-08-13 20:00:00+00:00,9.814416109799948,15.163623987347265,11.841963861862604
2021-08-13 21:00:00+00:00,3.063522668231527,10.464519913475645,8.126832466154367
2021-08-13 22:00:00+00:00,3.6257558798087115,5.308515758730896,4.200576615790852
2021-08-13 23:00:00+00:00,0.8962539276445463,1.2076054394724913,0.9613998691823872
2021-08-14 00:00:00+00:00,0.0,0.0,0.0
2021-08-14 01:00:00+00:00,0.0,0.0,0.0
2021-08-14 02:00:00+00:00,0.0,0.0,0.0
2021-08-14 03:00:00+00:00,0.0,0.0,0.0
2021-08-14 04:00:00+00:00,0.0,0.0,0.0
2021-08-14 05:00:00+00:00,0.0,0.0,0.0
2021-08-14 06:00:00+00:00,0.0,0.0,0.0
2021-08-14 07:00:00+00:00,0.0,0.0,0.0
2021-08-14 08:00:00+00:00,0.0,0.0,0.0
2021-08-14 09:00:00+00:00,0.0,0.0,0.0
2021-08-14 10:00:00+00:00,0.0,0.0,0.0
2021-08-14 11:00:00+00:00,0.8735451360069544,1.491478095978607,1.1771565843335805
2021-08-14 12:00:00+00:00,2.15344668866987,6.041690034375173,4.797391048549067
2021-08-14 13:00:00+00:00,2.4823780408197127,11.001909499241881,4.547777463599974
2021-08-14 14:00:00+00:00,6.270403198236703,15.7370416540016,12.570377476689487
2021-08-14 15:00:00+00:00,8.710959762761076,17.05427487727165,14.472105956860414
2021-08-14 16:00:00+00:00,4.6796999079705985,20.87145298666101,16.821984581479597
2021-08-14 17:00:00+00:00,12.03041178827618,21.273896802076354,17.18051546769807
2021-08-14 18:00:00+00:00,6.612906191035673,20.56177324618822,16.579524412258973
2021-08-14 19:00:00+00:00,12.584506763826477,12.463762645435065,14.652098549663735
2021-08-14 20:00:00+00:00,9.237473951560442,11.484029268812165,11.9576388619132
2021-08-14 21:00:00+00:00,7.256411833874668,10.262910160855434,8.155131505429795
2021-08-14 22:00:00+00:00,3.7168541763018395,5.105994267328607,3.978305703438009
2021-08-14 23:00:00+00:00,0.7589044817322397,1.2261385822980444,0.9749137411423944
2021-08-15 00:00:00+00:00,0.0,0.0,0.0
2021-08-15 01:00:00+00:00,0.0,0.0,0.0
2021-08-15 02:00:00+00:00,0.0,0.0,0.0
2021-08-15 03:00:00+00:00,0.0,0.0,0.0
2021-08-15 04:00:00+00:00,0.0,0.0,0.0
2021-08-15 05:00:00+00:00,0.0,0.0,0.0
2021-08-15 06:00:00+00:00,0.0,0.0,0.0
2021-08-15 07:00:00+00:00,0.0,0.0,0.0
2021-08-15 08:00:00+00:00,0.0,0.0,0.0
2021-08-15 09:00:00+00:00,0.0,0.0,0.0
2021-08-15 10:00:00+00:00,0.0,0.0,0.0
2021-08-15 11:00:00+00:00,0.8291168155241472,1.4502190397382317,1.1459463739592746
2021-08-15 12:00:00+00:00,4.208942043214625,6.362784406461855,5.089788543212078
2021-08-15 13:00:00+00:00,8.064020769051961,12.023603741554563,9.594211075463296
2021-08-15 14:00:00+00:00,11.29238320426085,16.795072165392355,13.481285855590828
2021-08-15 15:00:00+00:00,13.734745217460773,19.390965232695297,15.513754154439178
2021-08-15 16:00:00+00:00,15.146654853565215,18.762569413547556,17.656359032004023
2021-08-15 17:00:00+00:00,15.547361496518953,23.064594204818857,17.989842999004484
2021-08-15 18:00:00+00:00,4.636408531940517,22.175532581603527,17.94929000566535
2021-08-15 19:00:00+00:00,13.386733010450637,20.030606724360734,16.157318054650005
2021-08-15 20:00:00+00:00,10.799683176410715,15.967363760542492,13.144231231482546
2021-08-15 21:00:00+00:00,7.702010553618961,11.30354996499385,9.164202368028771
2021-08-15 22:00:00+00:00,3.8345804124591876,5.585727405691766,4.456971814121006
2021-08-15 23:00:00+00:00,0.7778438353751883,1.1847734536252963,0.8891803731124956
2021-08-16 00:00:00+00:00,0.0,0.0,0.0
2021-08-16 01:00:00+00:00,0.0,0.0,0.0
2021-08-16 02:00:00+00:00,0.0,0.0,0.0
2021-08-16 03:00:00+00:00,0.0,0.0,0.0
2021-08-16 04:00:00+00:00,0.0,0.0,0.0
2021-08-16 05:00:00+00:00,0.0,0.0,0.0
2021-08-16 06:00:00+00:00,0.0,0.0,0.0
2021-08-16 07:00:00+00:00,0.0,0.0,0.0
2021-08-16 08:00:00+00:00,0.0,0.0,0.0
2021-08-16 09:00:00+00:00,0.0,0.0,0.0
2021-08-16 10:00:00+00:00,0.0,0.0,0.0
2021-08-16 11:00:00+00:00,0.7860544354189937,1.4418996545997436,1.1332690645779724
2021-08-16 12:00:00+00:00,3.927031093526699,6.49011813808229,5.138907141904142
2021-08-16 13:00:00+00:00,7.9994833276510695,12.057134820794476,9.090589238358703
2021-08-16 14:00:00+00:00,11.007780488043124,16.735393713636448,12.940100127368536
2021-08-16 15:00:00+00:00,13.590607653773976,16.23096323251986,16.21057837674946
2021-08-16 16:00:00+00:00,14.969439203902667,19.14366494856036,17.804154554362203
2021-08-16 17:00:00+00:00,15.269608232914969,15.116454513763621,8.583044522958428
2021-08-16 18:00:00+00:00,14.795715517991168,12.776002816273566,8.087886469300493
2021-08-16 19:00:00+00:00,13.24685171867606,13.7219836540789,15.142628277266299
2021-08-16 20:00:00+00:00,10.771474676150774,13.250648449620204,12.126226832893932
2021-08-16 21:00:00+00:00,7.542072922762856,6.66119478726874,2.6839114117208243
2021-08-16 22:00:00+00:00,3.7694674123770793,5.158523954244438,4.140759410642858
2021-08-16 23:00:00+00:00,0.7440858918048544,1.1563428137892613,0.9230463611086553
2021-08-17 00:00:00+00:00,0.0,0.0,0.0
2021-08-17 01:00:00+00:00,0.0,0.0,0.0
2021-08-17 02:00:00+00:00,0.0,0.0,0.0
2021-08-17 03:00:00+00:00,0.0,0.0,0.0
2021-08-17 04:00:00+00:00,0.0,0.0,0.0
2021-08-17 05:00:00+00:00,0.0,0.0,0.0
2021-08-17 06:00:00+00:00,0.0,0.0,0.0
2021-08-17 07:00:00+00:00,0.0,0.0,0.0
2021-08-17 08:00:00+00:00,0.0,0.0,0.0
2021-08-17 09:00:00+00:00,0.0,0.0,0.0
2021-08-17 10:00:00+00:00,0.0,0.0,0.0
2021-08-17 11:00:00+00:00,0.28086237136965747,1.3873340185166227,0.5456026322424333
2021-08-17 12:00:00+00:00,1.0530718178350131,3.9760311068990393,3.3090784522689805
2021-08-17 13:00:00+00:00,1.318581848845148,9.910550080241796,8.340728833251703
2021-08-17 14:00:00+00:00,0.4556410526405039,15.872910504785338,12.609196053578563
2021-08-17 15:00:00+00:00,0.5962250394988978,19.430415242298775,14.997252579664375
2021-08-17 16:00:00+00:00,0.5627640078790734,20.92339471910364,15.987792975322058
2021-08-17 17:00:00+00:00,1.0818901224371802,22.09522555332178,17.55084622823218
2021-08-17 18:00:00+00:00,1.0337539914107774,20.82831904361395,15.985443874687757
2021-08-17 19:00:00+00:00,0.20226265747153827,17.24331172444898,14.996927418714472
2021-08-17 20:00:00+00:00,2.222727217359019,14.9676937624374,11.990968828308418
2021-08-17 21:00:00+00:00,5.948642130509657,9.481499525779327,8.332491629533084
2021-08-17 22:00:00+00:00,2.810213720452026,4.484085407201457,4.011957967624666
2021-08-17 23:00:00+00:00,0.3228672923517599,1.1339196441418606,0.8982064755278026
2021-08-18 00:00:00+00:00,0.0,0.0,0.0
2021-08-18 01:00:00+00:00,0.0,0.0,0.0
2021-08-18 02:00:00+00:00,0.0,0.0,0.0
2021-08-18 03:00:00+00:00,0.0,0.0,0.0
2021-08-18 04:00:00+00:00,0.0,0.0,0.0
2021-08-18 05:00:00+00:00,0.0,0.0,0.0
2021-08-18 06:00:00+00:00,0.0,0.0,0.0
2021-08-18 07:00:00+00:00,0.0,0.0,0.0
2021-08-18 08:00:00+00:00,0.0,0.0,0.0
2021-08-18 09:00:00+00:00,0.0,0.0,0.0
2021-08-18 10:00:00+00:00,0.0,0.0,0.0
2021-08-18 11:00:00+00:00,0.5512631570926398,1.4546997133631536,1.157527623640894
2021-08-18 12:00:00+00:00,1.3341914341284324,6.190255180838066,4.887234161447017
2021-08-18 13:00:00+00:00,0.5600052476608908,6.371868714097932,5.845872473869891
2021-08-18 14:00:00+00:00,0.5015019046419872,15.008915012588,11.752596141109155
2021-08-18 15:00:00+00:00,0.5590026228284551,16.039642271240535,8.529961657302234
2021-08-18 16:00:00+00:00,1.2111176265075059,14.004892280341775,5.8582068403458
2021-08-18 17:00:00+00:00,7.319999200870208,5.0619493756921825,4.522867950070013
2021-08-18 18:00:00+00:00,6.44736431266117,9.077476860054931,10.681786753925937
2021-08-18 19:00:00+00:00,10.511025998249721,14.240444991563788,7.084799371123199
2021-08-18 20:00:00+00:00,7.714133802325835,14.581226075269393,6.033132362451899
2021-08-18 21:00:00+00:00,0.9796710122488528,4.068938795771348,5.303319914174978
2021-08-18 22:00:00+00:00,2.329570486126256,0.8253806533485597,2.260698450428121
2021-08-18 23:00:00+00:00,0.7799188302251597,0.9679308855066715,0.6725187290596256
2021-08-19 00:00:00+00:00,0.0,0.0,0.0
2021-08-19 01:00:00+00:00,0.0,0.0,0.0
2021-08-19 02:00:00+00:00,0.0,0.0,0.0
2021-08-19 03:00:00+00:00,0.0,0.0,0.0
2021-08-19 04:00:00+00:00,0.0,0.0,0.0
2021-08-19 05:00:00+00:00,0.0,0.0,0.0
2021-08-19 06:00:00+00:00,0.0,0.0,0.0
2021-08-19 07:00:00+00:00,0.0,0.0,0.0
2021-08-19 08:00:00+00:00,0.0,0.0,0.0
2021-08-19 09:00:00+00:00,0.0,0.0,0.0
2021-08-19 10:00:00+00:00,0.0,0.0,0.0
2021-08-19 11:00:00+00:00,0.02816242257732071,0.0637593648696184,0.09345968725552009
2021-08-19 12:00:00+00:00,0.05005236211232565,0.13236520255944986,0.0545222530133525
2021-08-19 13:00:00+00:00,0.015647440889532387,1.9031630153684211,3.358721315181801
2021-08-19 14:00:00+00:00,0.06079352026906879,7.369947856682526,6.890476836446598
2021-08-19 15:00:00+00:00,0.1954319100127573,6.671624227833467,7.33772031574342
2021-08-19 16:00:00+00:00,0.04027775187584914,16.46198213949037,11.563308020051148
2021-08-19 17:00:00+00:00,0.13880358105584126,15.324401043168661,10.103083575277003
2021-08-19 18:00:00+00:00,0.631019816973843,17.181614582081114,12.323907801166774
2021-08-19 19:00:00+00:00,0.0,14.36492640068314,8.441344234749165
2021-08-19 20:00:00+00:00,0.23364947683518322,13.548675431331572,10.358977889471834
2021-08-19 21:00:00+00:00,0.07797241396122256,5.386539856640495,0.6301461548041265
2021-08-19 22:00:00+00:00,0.07961015517655293,1.9543345037505886,0.19167709123559537
2021-08-19 23:00:00+00:00,0.004692490136450139,0.6900349076486139,0.8320150889120786
2021-08-20 00:00:00+00:00,0.0,0.0,0.0
2021-08-20 01:00:00+00:00,0.0,0.0,0.0
2021-08-20 02:00:00+00:00,0.0,0.0,0.0
2021-08-20 03:00:00+00:00,0.0,0.0,0.0
2021-08-20 04:00:00+00:00,0.0,0.0,0.0
2021-08-20 05:00:00+00:00,0.0,0.0,0.0
2021-08-20 06:00:00+00:00,0.0,0.0,0.0
2021-08-20 07:00:00+00:00,0.0,0.0,0.0
2021-08-20 08:00:00+00:00,0.0,0.0,0.0
2021-08-20 09:00:00+00:00,0.0,0.0,0.0
2021-08-20 10:00:00+00:00,0.0,0.0,0.0
2021-08-20 11:00:00+00:00,0.026788853168198772,1.4565022653037865,1.0032474192269727
2021-08-20 12:00:00+00:00,2.309328063761968,5.62516410687065,3.975599336727901
2021-08-20 13:00:00+00:00,2.6750967425584933,6.921170466647882,3.9889981824793095
2021-08-20 14:00:00+00:00,0.7550849232617697,12.02325299577561,8.827418640834935
2021-08-20 15:00:00+00:00,8.801845118416905,18.67064010799081,15.054798345713461
2021-08-20 16:00:00+00:00,11.574690872834617,6.414951052677112,4.401445089854487
2021-08-20 17:00:00+00:00,13.197399828745734,10.914379799886165,7.983834290358712
2021-08-20 18:00:00+00:00,9.211895081808434,5.074031490055021,8.061466807335293
2021-08-20 19:00:00+00:00,12.095873324478353,10.184159232170405,5.113082885264582
2021-08-20 20:00:00+00:00,6.664160796974379,9.990519838471291,10.805987633382957
2021-08-20 21:00:00+00:00,0.39719724962695585,1.3988178368017483,0.5368282310979199
2021-08-20 22:00:00+00:00,2.8892542980318403,0.4326011013860701,2.623053222417575
2021-08-20 23:00:00+00:00,0.44761989447833145,0.6211590432919468,0.6887546692907742
2021-08-21 00:00:00+00:00,0.0,0.0,0.0
2021-08-21 01:00:00+00:00,0.0,0.0,0.0
2021-08-21 02:00:00+00:00,0.0,0.0,0.0
2021-08-21 03:00:00+00:00,0.0,0.0,0.0
2021-08-21 04:00:00+00:00,0.0,0.0,0.0
2021-08-21 05:00:00+00:00,0.0,0.0,0.0
2021-08-21 06:00:00+00:00,0.0,0.0,0.0
2021-08-21 07:00:00+00:00,0.0,0.0,0.0
2021-08-21 08:00:00+00:00,0.0,0.0,0.0
2021-08-21 09:00:00+00:00,0.0,0.0,0.0
2021-08-21 10:00:00+00:00,0.0,0.0,0.0
2021-08-21 11:00:00+00:00,0.776129832344557,1.4325955435516438,1.1292994286357294
2021-08-21 12:00:00+00:00,2.049114744901041,6.186544026264186,4.88766140492602
2021-08-21 13:00:00+00:00,4.152936704615826,11.647912034016073,9.220553714734924
2021-08-21 14:00:00+00:00,7.326304896733237,12.816190040907232,12.809351049516648
2021-08-21 15:00:00+00:00,9.602578809209264,17.003070767134098,13.379240398327319
2021-08-21 16:00:00+00:00,5.018547885734167,20.696923065953328,16.181063980408403
2021-08-21 17:00:00+00:00,6.061718683203453,5.403808417036866,6.551808383780444
2021-08-21 18:00:00+00:00,6.988209747299803,15.162250938745307,9.36527432537575
2021-08-21 19:00:00+00:00,9.519331064771599,15.295849407139974,13.441684469805445
2021-08-21 20:00:00+00:00,5.056539386802795,1.7119620637774862,1.1108309085978896
2021-08-21 21:00:00+00:00,5.9089838121493194,4.009886867648667,0.5773976182493903
2021-08-21 22:00:00+00:00,2.2090248557229035,3.785313122667809,3.1084233476388743
2021-08-21 23:00:00+00:00,0.6904436784008475,0.07578843624002976,0.34681794146635014
2021-08-22 00:00:00+00:00,0.0,0.0,0.0
2021-08-22 01:00:00+00:00,0.0,0.0,0.0
2021-08-22 02:00:00+00:00,0.0,0.0,0.0
2021-08-22 03:00:00+00:00,0.0,0.0,0.0
2021-08-22 04:00:00+00:00,0.0,0.0,0.0
2021-08-22 05:00:00+00:00,0.0,0.0,0.0
2021-08-22 06:00:00+00:00,0.0,0.0,0.0
2021-08-22 07:00:00+00:00,0.0,0.0,0.0
2021-08-22 08:00:00+00:00,0.0,0.0,0.0
2021-08-22 09:00:00+00:00,0.0,0.0,0.0
2021-08-22 10:00:00+00:00,0.0,0.0,0.0
2021-08-22 11:00:00+00:00,0.10447049166329625,0.009910576100046326,0.007862817682207576
2021-08-22 12:00:00+00:00,3.68006905944035,0.022337185331075288,0.06494732892448024
2021-08-22 13:00:00+00:00,7.227034227001276,0.04724239779473752,0.035464797966533866
2021-08-22 14:00:00+00:00,6.422441081919352,0.03232110734547989,0.3817488981909501
2021-08-22 15:00:00+00:00,8.889448201748808,0.08945631599155422,0.05907436785634952
2021-08-22 16:00:00+00:00,8.385148370431557,3.4661416000794945,1.8389034573664602
2021-08-22 17:00:00+00:00,4.07541350441098,0.32232553122150726,0.17729139028568072
2021-08-22 18:00:00+00:00,4.2736166764154095,0.2732818141791574,0.19722333077277088
2021-08-22 19:00:00+00:00,0.09201120135212208,0.1741352528497019,0.5317581596165635
2021-08-22 20:00:00+00:00,0.1704392777543279,1.115042383253294,2.4929590852351153
2021-08-22 21:00:00+00:00,0.0467208000240327,0.3972937863753276,0.2172463630286309
2021-08-22 22:00:00+00:00,0.010897442644577668,0.7976927702448127,0.8189663488045107
2021-08-22 23:00:00+00:00,0.10750630305326979,0.9536381502835435,0.7205261419095823
2021-08-23 00:00:00+00:00,0.0,0.0,0.0
2021-08-23 01:00:00+00:00,0.0,0.0,0.0
2021-08-23 02:00:00+00:00,0.0,0.0,0.0
2021-08-23 03:00:00+00:00,0.0,0.0,0.0
2021-08-23 04:00:00+00:00,0.0,0.0,0.0
2021-08-23 05:00:00+00:00,0.0,0.0,0.0
2021-08-23 06:00:00+00:00,0.0,0.0,0.0
2021-08-23 07:00:00+00:00,0.0,0.0,0.0
2021-08-23 08:00:00+00:00,0.0,0.0,0.0
2021-08-23 09:00:00+00:00,0.0,0.0,0.0
2021-08-23 10:00:00+00:00,0.0,0.0,0.0
2021-08-23 11:00:00+00:00,0.8006672794725643,1.3906071201506762,0.3366341633133605
2021-08-23 12:00:00+00:00,2.584030114560851,0.05694868455791885,0.15121158501831697
2021-08-23 13:00:00+00:00,3.8058966419398956,0.14368170643632355,0.5393785220349985
2021-08-23 14:00:00+00:00,1.5916516275703312,0.45544709223633506,0.04511330616081133
2021-08-23 15:00:00+00:00,0.35867804570775785,0.099110390213182,0.06497267659556623
2021-08-23 16:00:00+00:00,4.891403116961799,0.5173990945887693,0.02556708095328258
2021-08-23 17:00:00+00:00,0.338872168396929,0.34701330873525454,0.45343829685595816
2021-08-23 18:00:00+00:00,0.8174764136511734,0.3461949311946944,0.43146137385148275
2021-08-23 19:00:00+00:00,0.04655785622476819,0.8862529395917896,0.7041867397814562
2021-08-23 20:00:00+00:00,0.44916054184024173,2.005742702793123,1.5893139451699458
2021-08-23 21:00:00+00:00,1.7191490296121874,0.5135686914304864,0.15602239054317096
2021-08-23 22:00:00+00:00,2.6244091346159535,0.019768624005810562,0.035337843110911135
2021-08-23 23:00:00+00:00,0.6361594448542011,0.2538266071480829,0.4199598678229869
2021-08-24 00:00:00+00:00,0.0,0.0,0.0
2021-08-24 01:00:00+00:00,0.0,0.0,0.0
2021-08-24 02:00:00+00:00,0.0,0.0,0.0
2021-08-24 03:00:00+00:00,0.0,0.0,0.0
2021-08-24 04:00:00+00:00,0.0,0.0,0.0
2021-08-24 05:00:00+00:00,0.0,0.0,0.0
2021-08-24 06:00:00+00:00,0.0,0.0,0.0
2021-08-24 07:00:00+00:00,0.0,0.0,0.0
2021-08-24 08:00:00+00:00,0.0,0.0,0.0
2021-08-24 09:00:00+00:00,0.0,0.0,0.0
2021-08-24 10:00:00+00:00,0.0,0.0,0.0
2021-08-24 11:00:00+00:00,0.4470816142159477,1.3675092635395398,1.0767322422735954
2021-08-24 12:00:00+00:00,1.34654914584539,6.313819320491089,4.992235052424185
2021-08-24 13:00:00+00:00,6.808892945202665,11.800025327953197,9.367435356357399
2021-08-24 14:00:00+00:00,8.487923323546914,16.51828320607648,13.10279976347592
2021-08-24 15:00:00+00:00,11.99686857428036,19.66841874226919,15.253879957804163
2021-08-24 16:00:00+00:00,9.389899541192092,21.499950056486647,17.047884514296978
2021-08-24 17:00:00+00:00,9.978521929768416,21.827670610245768,17.524520984949916
2021-08-24 18:00:00+00:00,8.79143793309833,9.967793073253107,15.111004022925664
2021-08-24 19:00:00+00:00,6.584939329416862,9.326100371070833,8.22014568640292
2021-08-24 20:00:00+00:00,9.426827641050625,12.221994170281002,11.474118360793675
2021-08-24 21:00:00+00:00,6.6188471212003686,9.954453135084036,8.15887902574386
2021-08-24 22:00:00+00:00,3.2201082169122714,4.797397420009266,3.830512044697695
2021-08-24 23:00:00+00:00,0.6120935488131709,0.8538773513618992,0.6827258032182595
2021-08-25 00:00:00+00:00,0.0,0.0,0.0
2021-08-25 01:00:00+00:00,0.0,0.0,0.0
2021-08-25 02:00:00+00:00,0.0,0.0,0.0
2021-08-25 03:00:00+00:00,0.0,0.0,0.0
2021-08-25 04:00:00+00:00,0.0,0.0,0.0
2021-08-25 05:00:00+00:00,0.0,0.0,0.0
2021-08-25 06:00:00+00:00,0.0,0.0,0.0
2021-08-25 07:00:00+00:00,0.0,0.0,0.0
2021-08-25 08:00:00+00:00,0.0,0.0,0.0
2021-08-25 09:00:00+00:00,0.0,0.0,0.0
2021-08-25 10:00:00+00:00,0.0,0.0,0.0
2021-08-25 11:00:00+00:00,0.7730156259442873,1.3508159828956767,1.0575414704837807
2021-08-25 12:00:00+00:00,3.983164124494363,6.468079406528007,5.108524426396919
2021-08-25 13:00:00+00:00,7.694511958175516,12.167020268566036,9.675607793963662
2021-08-25 14:00:00+00:00,10.845388796963524,17.152595808565092,13.660440218341225
2021-08-25 15:00:00+00:00,13.094044271377816,20.789545886184452,16.690219431953558
2021-08-25 16:00:00+00:00,14.264645317974512,22.721183176944482,18.254872265654118
2021-08-25 17:00:00+00:00,14.491328070659495,23.0588925322849,18.48694149229687
2021-08-25 18:00:00+00:00,13.8773605049498,21.915425918644445,17.561580942447193
2021-08-25 19:00:00+00:00,12.375068192613027,19.441283815659908,15.66749692901323
2021-08-25 20:00:00+00:00,9.936610793908217,15.688810455576407,12.593068433276166
2021-08-25 21:00:00+00:00,6.789326075503498,10.211610085095023,8.37689175096683
2021-08-25 22:00:00+00:00,3.240889781637914,4.79218231459539,3.834926480417995
2021-08-25 23:00:00+00:00,0.5865347350499329,0.813050445359439,0.6487276240961493
2021-08-26 00:00:00+00:00,0.0,0.0,0.0
2021-08-26 01:00:00+00:00,0.0,0.0,0.0
2021-08-26 02:00:00+00:00,0.0,0.0,0.0
2021-08-26 03:00:00+00:00,0.0,0.0,0.0
2021-08-26 04:00:00+00:00,0.0,0.0,0.0
2021-08-26 05:00:00+00:00,0.0,0.0,0.0
2021-08-26 06:00:00+00:00,0.0,0.0,0.0
2021-08-26 07:00:00+00:00,0.0,0.0,0.0
2021-08-26 08:00:00+00:00,0.0,0.0,0.0
2021-08-26 09:00:00+00:00,0.0,0.0,0.0
2021-08-26 10:00:00+00:00,0.0,0.0,0.0
2021-08-26 11:00:00+00:00,0.7692227792645496,1.3370602260138158,1.0550756167219688
2021-08-26 12:00:00+00:00,3.662854482597205,6.200286250012245,4.885981434417329
2021-08-26 13:00:00+00:00,7.0866365065629155,11.687522408551558,8.70181914878198
2021-08-26 14:00:00+00:00,10.210655703243853,16.368571597709593,13.037749995936512
2021-08-26 15:00:00+00:00,12.332658846563307,19.62446648767163,15.712353512447724
2021-08-26 16:00:00+00:00,13.653888264932514,21.63378168704174,17.356806989439118
2021-08-26 17:00:00+00:00,13.978103768259565,21.839381416669593,17.739500282511752
2021-08-26 18:00:00+00:00,13.339785480432381,20.70623664666882,16.77145912906537
2021-08-26 19:00:00+00:00,11.87400012366354,18.687139921837378,14.808232478049927
2021-08-26 20:00:00+00:00,9.560157878265478,14.9507824243529,11.891582132727367
2021-08-26 21:00:00+00:00,6.536142532637536,10.191997645144628,7.956885921777903
2021-08-26 22:00:00+00:00,3.1120632962259114,4.7179689868809165,3.7333842086490865
2021-08-26 23:00:00+00:00,0.559535066713481,0.7773505930070332,0.6194339766343958
2021-08-27 00:00:00+00:00,0.0,0.0,0.0
2021-08-27 01:00:00+00:00,0.0,0.0,0.0
2021-08-27 02:00:00+00:00,0.0,0.0,0.0
2021-08-27 03:00:00+00:00,0.0,0.0,0.0
2021-08-27 04:00:00+00:00,0.0,0.0,0.0
2021-08-27 05:00:00+00:00,0.0,0.0,0.0
2021-08-27 06:00:00+00:00,0.0,0.0,0.0
2021-08-27 07:00:00+00:00,0.0,0.0,0.0
2021-08-27 08:00:00+00:00,0.0,0.0,0.0
2021-08-27 09:00:00+00:00,0.0,0.0,0.0
2021-08-27 10:00:00+00:00,0.0,0.0,0.0
2021-08-27 11:00:00+00:00,0.5360693005795012,1.3129914160738885,1.0368528561835422
2021-08-27 12:00:00+00:00,3.7139218271199113,5.988175397687611,4.744458253207082
2021-08-27 13:00:00+00:00,6.5235366397471015,10.079019911381558,8.526788184251565
2021-08-27 14:00:00+00:00,4.425242401978628,12.63136317494281,12.623102697505798
2021-08-27 15:00:00+00:00,5.444481666251033,19.107787573553654,15.085179693528378
2021-08-27 16:00:00+00:00,4.22016599248369,21.06694493132901,16.904386869366302
2021-08-27 17:00:00+00:00,14.323463896038819,21.45089609344921,17.23497643553008
2021-08-27 18:00:00+00:00,13.634604778749685,20.46628393457283,16.4952271546707
2021-08-27 19:00:00+00:00,12.153742681013776,17.590078737426857,14.53841945624938
2021-08-27 20:00:00+00:00,9.731755837030054,14.771634130690904,11.724462796763499
2021-08-27 21:00:00+00:00,6.575331892841259,2.268413637051227,1.2233866793687596
2021-08-27 22:00:00+00:00,3.1205206935105316,4.532455041550109,3.58397453730995
2021-08-27 23:00:00+00:00,0.5435600951906298,0.7233900198475747,0.5788032233505136
2021-08-28 00:00:00+00:00,0.0,0.0,0.0
2021-08-28 01:00:00+00:00,0.0,0.0,0.0
2021-08-28 02:00:00+00:00,0.0,0.0,0.0
2021-08-28 03:00:00+00:00,0.0,0.0,0.0
2021-08-28 04:00:00+00:00,0.0,0.0,0.0
2021-08-28 05:00:00+00:00,0.0,0.0,0.0
2021-08-28 06:00:00+00:00,0.0,0.0,0.0
2021-08-28 07:00:00+00:00,0.0,0.0,0.0
2021-08-28 08:00:00+00:00,0.0,0.0,0.0
2021-08-28 09:00:00+00:00,0.0,0.0,0.0
2021-08-28 10:00:00+00:00,0.0,0.0,0.0
2021-08-28 11:00:00+00:00,0.7548702487711577,0.007492159272917129,0.00595434609200747
2021-08-28 12:00:00+00:00,3.7385780856446758,1.1682183957668704,0.2612973138940382
2021-08-28 13:00:00+00:00,4.925964904441275,1.263020247520473,1.0089594905284267
2021-08-28 14:00:00+00:00,4.5522817352163205,5.636492635654746,4.475363304982537
2021-08-28 15:00:00+00:00,8.60318327609655,1.9823092089689514,1.4018236969323152
2021-08-28 16:00:00+00:00,10.501115153233092,16.099170837860513,7.351596650895161
2021-08-28 17:00:00+00:00,1.2645931397030572,20.90664674880832,13.867669451259324
2021-08-28 18:00:00+00:00,0.10920765805824545,16.393727336939346,12.292281435184911
2021-08-28 19:00:00+00:00,0.06287997951650552,17.820572060543597,6.10785141353824
2021-08-28 20:00:00+00:00,0.3773506431386048,12.202205796148629,4.719086636976076
2021-08-28 21:00:00+00:00,2.922623193679953,3.878375198209218,3.053365572361059
2021-08-28 22:00:00+00:00,1.9009689211806178,2.877681218096012,1.4916196696960233
2021-08-28 23:00:00+00:00,0.028378284762638793,0.3476364466298004,0.2742965544664459
2021-08-29 00:00:00+00:00,0.0,0.0,0.0
2021-08-29 01:00:00+00:00,0.0,0.0,0.0
2021-08-29 02:00:00+00:00,0.0,0.0,0.0
2021-08-29 03:00:00+00:00,0.0,0.0,0.0
2021-08-29 04:00:00+00:00,0.0,0.0,0.0
2021-08-29 05:00:00+00:00,0.0,0.0,0.0
2021-08-29 06:00:00+00:00,0.0,0.0,0.0
2021-08-29 07:00:00+00:00,0.0,0.0,0.0
2021-08-29 08:00:00+00:00,0.0,0.0,0.0
2021-08-29 09:00:00+00:00,0.0,0.0,0.0
2021-08-29 10:00:00+00:00,0.0,0.0,0.0
2021-08-29 11:00:00+00:00,0.10789073411143742,0.09831547389786573,0.04608690062071951
2021-08-29 12:00:00+00:00,2.8834732353815955,2.661243559767771,3.564882209748813
2021-08-29 13:00:00+00:00,3.5444897873613623,1.3175869110807927,0.6750825504424132
2021-08-29 14:00:00+00:00,0.4562072902923918,0.6716201556531552,0.7590630811576387
2021-08-29 15:00:00+00:00,0.7314440995511731,4.671229054254453,0.8174106537795364
2021-08-29 16:00:00+00:00,2.178017947909108,14.058137278178124,7.0970049878624435
2021-08-29 17:00:00+00:00,1.3805667049611536,5.1792067693268375,2.501792514849805
2021-08-29 18:00:00+00:00,3.5508646592281163,3.6137632135785864,3.179673068769773
2021-08-29 19:00:00+00:00,8.000256703380197,8.260347590782898,5.718583638536394
2021-08-29 20:00:00+00:00,7.943982676091992,14.035379109757763,6.662100438044641
2021-08-29 21:00:00+00:00,2.0095810028557595,8.35493094102999,5.346388235065019
2021-08-29 22:00:00+00:00,2.691457915514678,4.348954338687201,2.323029085910949
2021-08-29 23:00:00+00:00,0.49065262156721084,0.6602646505797697,0.5285521360361931
2021-08-30 00:00:00+00:00,0.0,0.0,0.0
2021-08-30 01:00:00+00:00,0.0,0.0,0.0
2021-08-30 02:00:00+00:00,0.0,0.0,0.0
2021-08-30 03:00:00+00:00,0.0,0.0,0.0
2021-08-30 04:00:00+00:00,0.0,0.0,0.0
2021-08-30 05:00:00+00:00,0.0,0.0,0.0
2021-08-30 06:00:00+00:00,0.0,0.0,0.0
2021-08-30 07:00:00+00:00,0.0,0.0,0.0
2021-08-30 08:00:00+00:00,0.0,0.0,0.0
2021-08-30 09:00:00+00:00,0.0,0.0,0.0
2021-08-30 10:00:00+00:00,0.0,0.0,0.0
2021-08-30 11:00:00+00:00,0.6229618635191485,1.2288152331560116,0.8554282079573923
2021-08-30 12:00:00+00:00,0.950756122586976,2.474052525740495,3.7076904107800672
2021-08-30 13:00:00+00:00,4.285570346598749,5.1389488486209585,4.402874783572165
2021-08-30 14:00:00+00:00,6.93629306461958,10.550778882622117,9.00151259845286
2021-08-30 15:00:00+00:00,6.236373092446372,12.954919126925484,7.428346087937904
2021-08-30 16:00:00+00:00,8.456207495086803,14.957663240556087,9.076749135624295
2021-08-30 17:00:00+00:00,8.344196061013731,19.616305861871112,13.894420138674539
2021-08-30 18:00:00+00:00,5.861169265966109,18.83625397580632,12.649017026966995
2021-08-30 19:00:00+00:00,5.929872244657286,18.454652181763905,13.616690483357228
2021-08-30 20:00:00+00:00,9.659375154095354,14.78880338489737,11.75050313841668
2021-08-30 21:00:00+00:00,6.397178959976729,9.794878060595776,7.74618113682736
2021-08-30 22:00:00+00:00,3.0391985743872043,4.350408380934222,3.474848978170342
2021-08-30 23:00:00+00:00,0.46203735362400966,0.6072842454677502,0.4857650222973017
2021-08-31 00:00:00+00:00,0.0,0.0,0.0
2021-08-31 01:00:00+00:00,0.0,0.0,0.0
2021-08-31 02:00:00+00:00,0.0,0.0,0.0
2021-08-31 03:00:00+00:00,0.0,0.0,0.0
2021-08-31 04:00:00+00:00,0.0,0.0,0.0
2021-08-31 05:00:00+00:00,0.0,0.0,0.0
2021-08-31 06:00:00+00:00,0.0,0.0,0.0
2021-08-31 07:00:00+00:00,0.0,0.0,0.0
2021-08-31 08:00:00+00:00,0.0,0.0,0.0
2021-08-31 09:00:00+00:00,0.0,0.0,0.0
2021-08-31 10:00:00+00:00,0.0,0.0,0.0
2021-08-31 11:00:00+00:00,0.7143104500615656,1.2348487435963627,0.9916601386285833
2021-08-31 12:00:00+00:00,3.0895582946348177,2.1253025312819425,1.8559645113395271
2021-08-31 13:00:00+00:00,7.162850057478391,11.92698538473081,8.963840956227733
2021-08-31 14:00:00+00:00,11.13923948707089,16.188103107783537,13.41411132553864
2021-08-31 15:00:00+00:00,13.495676071534936,20.345357130721922,16.384488625528977
2021-08-31 16:00:00+00:00,14.687350571948057,22.61144182295871,18.05410116632295
2021-08-31 17:00:00+00:00,12.582599639580001,22.663202619110628,17.865620695767255
2021-08-31 18:00:00+00:00,14.28167778027661,11.65890082148561,12.609434990766937
2021-08-31 19:00:00+00:00,11.747339623014552,7.8767914421102345,6.439342639719637
2021-08-31 20:00:00+00:00,8.688918749981848,10.904054363995126,11.992056216718707
2021-08-31 21:00:00+00:00,6.8616812426695475,2.5348836361575087,0.8962462709917379
2021-08-31 22:00:00+00:00,3.0938481474040707,0.6655682811555608,0.7344542717477129
2021-08-31 23:00:00+00:00,0.439481195449509,0.29925632549867354,0.45059988647205684
2021-09-01 00:00:00+00:00,0.0,0.0,0.0
2021-09-01 01:00:00+00:00,0.0,0.0,0.0
2021-09-01 02:00:00+00:00,0.0,0.0,0.0
2021-09-01 03:00:00+00:00,0.0,0.0,0.0
2021-09-01 04:00:00+00:00,0.0,0.0,0.0
2021-09-01 05:00:00+00:00,0.0,0.0,0.0
2021-09-01 06:00:00+00:00,0.0,0.0,0.0
2021-09-01 07:00:00+00:00,0.0,0.0,0.0
2021-09-01 08:00:00+00:00,0.0,0.0,0.0
2021-09-01 09:00:00+00:00,0.0,0.0,0.0
2021-09-01 10:00:00+00:00,0.0,0.0,0.0
2021-09-01 11:00:00+00:00,0.6777947295263046,0.08003350632959243,0.09725978176180604
2021-09-01 12:00:00+00:00,0.5224325069127125,0.1022833797365804,0.12478677863194833
2021-09-01 13:00:00+00:00,0.5863584526842837,0.5221198583352048,0.22548921762344895
2021-09-01 14:00:00+00:00,0.6659953703429672,0.2663744045123535,0.21175279878560652
2021-09-01 15:00:00+00:00,1.3426529410632233,0.22424129167620824,2.4068663435948103
2021-09-01 16:00:00+00:00,0.5578556367093667,0.43728899350886363,0.29283780073671734
2021-09-01 17:00:00+00:00,0.26121119371694806,2.777890377934621,1.2026171223264106
2021-09-01 18:00:00+00:00,0.23582233440779124,4.136764117766335,0.13794225497584467
2021-09-01 19:00:00+00:00,0.1420567118104284,1.601647693263721,0.4546780236419559
2021-09-01 20:00:00+00:00,0.18958283348905566,0.8167329649084513,1.3769560541300048
2021-09-01 21:00:00+00:00,0.14106352564883323,0.05497790634758965,0.10898081373615423
2021-09-01 22:00:00+00:00,0.02070184884911754,0.01250061992202257,0.021817559718239725
2021-09-01 23:00:00+00:00,0.06386874032424247,0.002506493075486565,0.0
2021-09-02 00:00:00+00:00,0.0,0.0,0.0
2021-09-02 01:00:00+00:00,0.0,0.0,0.0
2021-09-02 02:00:00+00:00,0.0,0.0,0.0
2021-09-02 03:00:00+00:00,0.0,0.0,0.0
2021-09-02 04:00:00+00:00,0.0,0.0,0.0
2021-09-02 05:00:00+00:00,0.0,0.0,0.0
2021-09-02 06:00:00+00:00,0.0,0.0,0.0
2021-09-02 07:00:00+00:00,0.0,0.0,0.0
2021-09-02 08:00:00+00:00,0.0,0.0,0.0
2021-09-02 09:00:00+00:00,0.0,0.0,0.0
2021-09-02 10:00:00+00:00,0.0,0.0,0.0
2021-09-02 11:00:00+00:00,0.72014168952164,0.03313707515612819,0.0222406261032151
2021-09-02 12:00:00+00:00,4.256217671822703,1.8549577898776721,1.369447848252508
2021-09-02 13:00:00+00:00,8.183779740545061,6.73495465065435,5.728041746840601
2021-09-02 14:00:00+00:00,11.630300862367049,15.93331997274489,13.204678478447942
2021-09-02 15:00:00+00:00,14.04992302137095,21.446319424260096,17.2546077634165
2021-09-02 16:00:00+00:00,15.344613204846556,23.276958487868036,19.02974960391346
2021-09-02 17:00:00+00:00,15.595818252166582,24.613114230115837,19.526729825206715
2021-09-02 18:00:00+00:00,14.83330640839097,23.02937090706125,18.66884475745446
2021-09-02 19:00:00+00:00,8.711588085939383,20.98956508460169,16.703304509021322
2021-09-02 20:00:00+00:00,9.837068798049007,16.3065685480099,12.935674402276213
2021-09-02 21:00:00+00:00,4.938847614704782,10.596519339283036,8.507753818934484
2021-09-02 22:00:00+00:00,3.1039078936566344,4.635759683165173,3.69902703579165
2021-09-02 23:00:00+00:00,0.39428127103118465,0.46047161779557233,0.37588060512009414
2021-09-03 00:00:00+00:00,0.0,0.0,0.0
2021-09-03 01:00:00+00:00,0.0,0.0,0.0
2021-09-03 02:00:00+00:00,0.0,0.0,0.0
2021-09-03 03:00:00+00:00,0.0,0.0,0.0
2021-09-03 04:00:00+00:00,0.0,0.0,0.0
2021-09-03 05:00:00+00:00,0.0,0.0,0.0
2021-09-03 06:00:00+00:00,0.0,0.0,0.0
2021-09-03 07:00:00+00:00,0.0,0.0,0.0
2021-09-03 08:00:00+00:00,0.0,0.0,0.0
2021-09-03 09:00:00+00:00,0.0,0.0,0.0
2021-09-03 10:00:00+00:00,0.0,0.0,0.0
2021-09-03 11:00:00+00:00,0.6994549260349767,1.2674338714017515,0.9945075881951733
2021-09-03 12:00:00+00:00,1.6491513259041066,6.694530223719966,5.297370814849371
2021-09-03 13:00:00+00:00,7.950777694949323,12.807417142645793,10.177625884723104
2021-09-03 14:00:00+00:00,7.347205865170571,17.95929566954949,14.263476251898153
2021-09-03 15:00:00+00:00,10.750846310754866,21.604359000941493,17.181872121702817
2021-09-03 16:00:00+00:00,12.982779136565613,23.7204204934639,18.871370942648973
2021-09-03 17:00:00+00:00,9.791381729875278,22.14587825017658,16.66293538166781
2021-09-03 18:00:00+00:00,11.867969396309938,23.135627349740123,18.270483416439177
2021-09-03 19:00:00+00:00,11.246984290055547,20.30948196118728,15.827255838835725
2021-09-03 20:00:00+00:00,9.253173083439835,13.227905340833734,8.374142036493955
2021-09-03 21:00:00+00:00,6.763933832385824,6.385141198747682,7.829982607041245
2021-09-03 22:00:00+00:00,3.0200633648222097,4.480492259671392,3.569167707818593
2021-09-03 23:00:00+00:00,0.36004575517164444,0.3807006879851026,0.31241775758041324
2021-09-04 00:00:00+00:00,0.0,0.0,0.0
2021-09-04 01:00:00+00:00,0.0,0.0,0.0
2021-09-04 02:00:00+00:00,0.0,0.0,0.0
2021-09-04 03:00:00+00:00,0.0,0.0,0.0
2021-09-04 04:00:00+00:00,0.0,0.0,0.0
2021-09-04 05:00:00+00:00,0.0,0.0,0.0
2021-09-04 06:00:00+00:00,0.0,0.0,0.0
2021-09-04 07:00:00+00:00,0.0,0.0,0.0
2021-09-04 08:00:00+00:00,0.0,0.0,0.0
2021-09-04 09:00:00+00:00,0.0,0.0,0.0
2021-09-04 10:00:00+00:00,0.0,0.0,0.0
2021-09-04 11:00:00+00:00,0.18068540017832213,1.2502356189252921,0.9767006102274997
2021-09-04 12:00:00+00:00,1.7498305632891467,6.72034043373161,5.296551885456706
2021-09-04 13:00:00+00:00,7.715527430034729,12.805402578388293,10.184062513183482
2021-09-04 14:00:00+00:00,11.136123954566004,18.001877227707006,14.306723489536703
2021-09-04 15:00:00+00:00,13.70767488340614,21.678632413820505,17.22370369093236
2021-09-04 16:00:00+00:00,12.693428319207506,23.89550871378933,18.95604192349447
2021-09-04 17:00:00+00:00,14.953192066921456,24.418108724645787,19.400830158347155
2021-09-04 18:00:00+00:00,14.615650474016594,23.15325680248253,18.3973529976948
2021-09-04 19:00:00+00:00,12.649820355730341,20.32859827351113,16.11719961395294
2021-09-04 20:00:00+00:00,10.106039031748743,16.312207399227944,12.966234441255175
2021-09-04 21:00:00+00:00,6.8600031621166035,10.532427374970434,8.506507011791488
2021-09-04 22:00:00+00:00,2.9524032436861942,4.4246957139093475,3.5200960167184814
2021-09-04 23:00:00+00:00,0.313698613833146,0.3159251080888978,0.2567332388416232
2021-09-05 00:00:00+00:00,0.0,0.0,0.0
2021-09-05 01:00:00+00:00,0.0,0.0,0.0
2021-09-05 02:00:00+00:00,0.0,0.0,0.0
2021-09-05 03:00:00+00:00,0.0,0.0,0.0
2021-09-05 04:00:00+00:00,0.0,0.0,0.0
2021-09-05 05:00:00+00:00,0.0,0.0,0.0
2021-09-05 06:00:00+00:00,0.0,0.0,0.0
2021-09-05 07:00:00+00:00,0.0,0.0,0.0
2021-09-05 08:00:00+00:00,0.0,0.0,0.0
2021-09-05 09:00:00+00:00,0.0,0.0,0.0
2021-09-05 10:00:00+00:00,0.0,0.0,0.0
2021-09-05 11:00:00+00:00,0.31179395501226903,1.173388352908074,0.9155210306010143
2021-09-05 12:00:00+00:00,2.68323728227526,5.987868943308436,3.172376316885846
2021-09-05 13:00:00+00:00,0.6277713750255861,12.338362894289617,8.426908445729994
2021-09-05 14:00:00+00:00,1.1925256311758523,15.25696538319775,11.536530757624806
2021-09-05 15:00:00+00:00,10.929268194413726,6.96051833788596,3.6859064901221967
2021-09-05 16:00:00+00:00,12.32887995411115,4.1895189502416645,0.25743037314139
2021-09-05 17:00:00+00:00,10.639259618331778,14.577315773350353,3.2553046902248073
2021-09-05 18:00:00+00:00,6.534944907816809,21.291111663503525,16.73735524045803
2021-09-05 19:00:00+00:00,0.22098637731766504,1.0370051898214452,0.3142119950085566
2021-09-05 20:00:00+00:00,0.17376074939604186,11.467114182783392,1.6449906722652177
2021-09-05 21:00:00+00:00,2.6119364308857382,1.7286739829480517,0.15226544031537095
2021-09-05 22:00:00+00:00,1.5762802188968343,1.953193296652652,1.2599039660624463
2021-09-05 23:00:00+00:00,0.22203084936692985,0.0199828681179079,0.0019838390785744944
2021-09-06 00:00:00+00:00,0.0,0.0,0.0
2021-09-06 01:00:00+00:00,0.0,0.0,0.0
2021-09-06 02:00:00+00:00,0.0,0.0,0.0
2021-09-06 03:00:00+00:00,0.0,0.0,0.0
2021-09-06 04:00:00+00:00,0.0,0.0,0.0
2021-09-06 05:00:00+00:00,0.0,0.0,0.0
2021-09-06 06:00:00+00:00,0.0,0.0,0.0
2021-09-06 07:00:00+00:00,0.0,0.0,0.0
2021-09-06 08:00:00+00:00,0.0,0.0,0.0
2021-09-06 09:00:00+00:00,0.0,0.0,0.0
2021-09-06 10:00:00+00:00,0.0,0.0,0.0
2021-09-06 11:00:00+00:00,0.5577012840282188,0.13248206344082603,0.06363162257935046
2021-09-06 12:00:00+00:00,2.1257490264697334,0.3242030521537047,0.3027984475758473
2021-09-06 13:00:00+00:00,4.943288760382676,3.2366031178185164,3.953200157536248
2021-09-06 14:00:00+00:00,10.078579867095085,1.109935744578584,0.7131128346209672
2021-09-06 15:00:00+00:00,12.355344668747287,14.332196460250435,12.2726150309499
2021-09-06 16:00:00+00:00,0.33445967617472266,22.653386586102364,18.091016370640105
2021-09-06 17:00:00+00:00,14.701132703066401,23.493079829109057,18.72344632532608
2021-09-06 18:00:00+00:00,13.253625827133934,22.56528697283083,18.076555788059892
2021-09-06 19:00:00+00:00,12.707056083348029,19.95678490947161,15.834305868717268
2021-09-06 20:00:00+00:00,10.192995689550386,15.668608562270652,12.559412806626721
2021-09-06 21:00:00+00:00,6.656973906500801,10.034979966108125,8.259546571247121
2021-09-06 22:00:00+00:00,2.8203687182562454,4.159203660765243,3.316516517383002
2021-09-06 23:00:00+00:00,0.21527856891131716,0.14556303134561263,0.15544905569796466
2021-09-07 00:00:00+00:00,0.0,0.0,0.0
2021-09-07 01:00:00+00:00,0.0,0.0,0.0
2021-09-07 02:00:00+00:00,0.0,0.0,0.0
2021-09-07 03:00:00+00:00,0.0,0.0,0.0
2021-09-07 04:00:00+00:00,0.0,0.0,0.0
2021-09-07 05:00:00+00:00,0.0,0.0,0.0
2021-09-07 06:00:00+00:00,0.0,0.0,0.0
2021-09-07 07:00:00+00:00,0.0,0.0,0.0
2021-09-07 08:00:00+00:00,0.0,0.0,0.0
2021-09-07 09:00:00+00:00,0.0,0.0,0.0
2021-09-07 10:00:00+00:00,0.0,0.0,0.0
2021-09-07 11:00:00+00:00,0.6235020030458295,1.1715218903972973,0.9158028889165264
2021-09-07 12:00:00+00:00,3.5159661249739944,6.608262392172133,5.232848311331351
2021-09-07 13:00:00+00:00,6.8199114735908335,12.686348817091561,10.075516051191267
2021-09-07 14:00:00+00:00,10.854050477611187,17.815495180237615,14.213576660969549
2021-09-07 15:00:00+00:00,12.458003036080688,21.416568437133634,17.070156084245795
2021-09-07 16:00:00+00:00,14.902833770500349,23.294004042679923,18.58598555008572
2021-09-07 17:00:00+00:00,6.18325020595707,23.732108925192158,19.216475908774242
2021-09-07 18:00:00+00:00,14.476585696364506,22.79751435969121,18.143765092666335
2021-09-07 19:00:00+00:00,12.585087279720616,19.67164567628389,15.836395370965407
2021-09-07 20:00:00+00:00,10.030642817326987,15.491598326481542,12.438293522980636
2021-09-07 21:00:00+00:00,6.36381739093443,10.098367897393548,7.964648359470007
2021-09-07 22:00:00+00:00,2.721643238183517,4.043006006016488,3.2069291667803568
2021-09-07 23:00:00+00:00,0.16944392148096762,0.0,0.0
2021-09-08 00:00:00+00:00,0.0,0.0,0.0
2021-09-08 01:00:00+00:00,0.0,0.0,0.0
2021-09-08 02:00:00+00:00,0.0,0.0,0.0
2021-09-08 03:00:00+00:00,0.0,0.0,0.0
2021-09-08 04:00:00+00:00,0.0,0.0,0.0
2021-09-08 05:00:00+00:00,0.0,0.0,0.0
2021-09-08 06:00:00+00:00,0.0,0.0,0.0
2021-09-08 07:00:00+00:00,0.0,0.0,0.0
2021-09-08 08:00:00+00:00,0.0,0.0,0.0
2021-09-08 09:00:00+00:00,0.0,0.0,0.0
2021-09-08 10:00:00+00:00,0.0,0.0,0.0
2021-09-08 11:00:00+00:00,0.6071885071461356,1.0962274730833055,0.8446307639276982
2021-09-08 12:00:00+00:00,3.8173156201062843,5.351161750562264,4.931381450865248
2021-09-08 13:00:00+00:00,7.608976698615808,12.227449426467341,9.371978551127869
2021-09-08 14:00:00+00:00,10.733054876205106,17.30873224811912,13.816504837383203
2021-09-08 15:00:00+00:00,13.045058085218649,20.822422456939517,16.269555933981096
2021-09-08 16:00:00+00:00,14.256073213364678,22.845033033766445,18.089821939782237
2021-09-08 17:00:00+00:00,14.44271839128731,22.33532156756201,18.11590754486008
2021-09-08 18:00:00+00:00,13.715642064188174,17.102682491288327,16.312643963652956
2021-09-08 19:00:00+00:00,11.723535672762706,18.88014462502536,15.241245304639898
2021-09-08 20:00:00+00:00,9.52211221327997,15.095711175562244,11.970419592635764
2021-09-08 21:00:00+00:00,6.103132007332089,8.403521798887304,7.742373504902974
2021-09-08 22:00:00+00:00,2.348429437964802,0.9524016739198697,1.0597728834484375
2021-09-08 23:00:00+00:00,0.0,0.0,0.0
2021-09-09 00:00:00+00:00,0.0,0.0,0.0
2021-09-09 01:00:00+00:00,0.0,0.0,0.0
2021-09-09 02:00:00+00:00,0.0,0.0,0.0
2021-09-09 03:00:00+00:00,0.0,0.0,0.0
2021-09-09 04:00:00+00:00,0.0,0.0,0.0
2021-09-09 05:00:00+00:00,0.0,0.0,0.0
2021-09-09 06:00:00+00:00,0.0,0.0,0.0
2021-09-09 07:00:00+00:00,0.0,0.0,0.0
2021-09-09 08:00:00+00:00,0.0,0.0,0.0
2021-09-09 09:00:00+00:00,0.0,0.0,0.0
2021-09-09 10:00:00+00:00,0.0,0.0,0.0
2021-09-09 11:00:00+00:00,0.09869528609344913,0.0174468929419627,0.04549547901762339
2021-09-09 12:00:00+00:00,0.12388517267086482,0.5193418514457486,0.31787920934851904
2021-09-09 13:00:00+00:00,2.3030909797270716,3.1572064284365053,1.3303760668888573
2021-09-09 14:00:00+00:00,0.6289436050548001,0.06213236596206548,0.03743828447641157
2021-09-09 15:00:00+00:00,7.9990638915860846,0.09194486263237064,0.06304571446686247
2021-09-09 16:00:00+00:00,1.1332168767422537,0.6669615830516193,2.207250554017377
2021-09-09 17:00:00+00:00,0.9335069262955095,0.10938458321071227,0.0944812366272172
2021-09-09 18:00:00+00:00,2.049167931054109,1.6075242881206147,2.417179121971507
2021-09-09 19:00:00+00:00,2.317387322199852,0.12494366892796302,0.37538855246049385
2021-09-09 20:00:00+00:00,1.2767839532227003,0.07488298253459427,0.03956232152594925
2021-09-09 21:00:00+00:00,1.6165748764406502,0.04248768624191186,0.045614274983692714
2021-09-09 22:00:00+00:00,0.3615191238161773,0.010000093048215327,0.011915140935870787
2021-09-09 23:00:00+00:00,0.0,0.0,0.0
2021-09-10 00:00:00+00:00,0.0,0.0,0.0
2021-09-10 01:00:00+00:00,0.0,0.0,0.0
2021-09-10 02:00:00+00:00,0.0,0.0,0.0
2021-09-10 03:00:00+00:00,0.0,0.0,0.0
2021-09-10 04:00:00+00:00,0.0,0.0,0.0
2021-09-10 05:00:00+00:00,0.0,0.0,0.0
2021-09-10 06:00:00+00:00,0.0,0.0,0.0
2021-09-10 07:00:00+00:00,0.0,0.0,0.0
2021-09-10 08:00:00+00:00,0.0,0.0,0.0
2021-09-10 09:00:00+00:00,0.0,0.0,0.0
2021-09-10 10:00:00+00:00,0.0,0.0,0.0
2021-09-10 11:00:00+00:00,0.5799757951870745,1.0827414725965088,0.8461088864327967
2021-09-10 12:00:00+00:00,1.2840443134726576,6.601626952702733,5.216176532128258
2021-09-10 13:00:00+00:00,1.7084743679759444,12.794053715318979,10.149870921318483
2021-09-10 14:00:00+00:00,0.9276151416176215,18.120960311243444,14.376058454960562
2021-09-10 15:00:00+00:00,3.0984996062606514,21.83285964137504,17.30642916537998
2021-09-10 16:00:00+00:00,8.62846046585159,23.590874798195447,18.829834169428736
2021-09-10 17:00:00+00:00,4.755777885011182,24.171607812740582,19.174185268854632
2021-09-10 18:00:00+00:00,14.028041755428463,23.055152491125956,18.3688987645131
2021-09-10 19:00:00+00:00,6.324788453107759,19.848663629821885,13.279893804007132
2021-09-10 20:00:00+00:00,9.661441315507997,16.07444101905064,12.685025261507638
2021-09-10 21:00:00+00:00,6.739436472858466,10.274496920181729,5.910315751813563
2021-09-10 22:00:00+00:00,2.6557910945227983,3.9519917655216905,3.153617307717869
2021-09-10 23:00:00+00:00,0.0,0.0,0.0
2021-09-11 00:00:00+00:00,0.0,0.0,0.0
2021-09-11 01:00:00+00:00,0.0,0.0,0.0
2021-09-11 02:00:00+00:00,0.0,0.0,0.0
2021-09-11 03:00:00+00:00,0.0,0.0,0.0
2021-09-11 04:00:00+00:00,0.0,0.0,0.0
2021-09-11 05:00:00+00:00,0.0,0.0,0.0
2021-09-11 06:00:00+00:00,0.0,0.0,0.0
2021-09-11 07:00:00+00:00,0.0,0.0,0.0
2021-09-11 08:00:00+00:00,0.0,0.0,0.0
2021-09-11 09:00:00+00:00,0.0,0.0,0.0
2021-09-11 10:00:00+00:00,0.0,0.0,0.0
2021-09-11 11:00:00+00:00,0.5784672957472466,1.1110600081220334,0.8655219083243828
2021-09-11 12:00:00+00:00,4.050128295588043,6.86283079694438,5.2155399034101455
2021-09-11 13:00:00+00:00,7.252501871616639,13.063700177591517,10.34638651287886
2021-09-11 14:00:00+00:00,10.880529910324965,18.33936017822553,14.435610444257858
2021-09-11 15:00:00+00:00,13.485681285932714,21.729791265634766,17.212553975330387
2021-09-11 16:00:00+00:00,14.949476308146485,23.57088125406492,18.76378748659913
2021-09-11 17:00:00+00:00,15.242899044972692,23.31455180366483,18.961576854911677
2021-09-11 18:00:00+00:00,14.440049856163611,18.56180167691351,17.17216170709347
2021-09-11 19:00:00+00:00,12.458804329519918,19.87253621086865,15.460840120984162
2021-09-11 20:00:00+00:00,9.80723818316634,15.616117714657697,12.352047666934403
2021-09-11 21:00:00+00:00,6.3263854618648345,9.854343543972131,7.777995350870878
2021-09-11 22:00:00+00:00,2.4785779730809003,3.6416464195351166,2.90046673127769
2021-09-11 23:00:00+00:00,0.0,0.0,0.0
2021-09-12 00:00:00+00:00,0.0,0.0,0.0
2021-09-12 01:00:00+00:00,0.0,0.0,0.0
2021-09-12 02:00:00+00:00,0.0,0.0,0.0
2021-09-12 03:00:00+00:00,0.0,0.0,0.0
2021-09-12 04:00:00+00:00,0.0,0.0,0.0
2021-09-12 05:00:00+00:00,0.0,0.0,0.0
2021-09-12 06:00:00+00:00,0.0,0.0,0.0
2021-09-12 07:00:00+00:00,0.0,0.0,0.0
2021-09-12 08:00:00+00:00,0.0,0.0,0.0
2021-09-12 09:00:00+00:00,0.0,0.0,0.0
2021-09-12 10:00:00+00:00,0.0,0.0,0.0
2021-09-12 11:00:00+00:00,0.5194596050945248,0.976620663931642,0.7698918259287671
2021-09-12 12:00:00+00:00,3.2772008042148975,6.154535950561644,4.859373853381081
2021-09-12 13:00:00+00:00,6.4398188508726415,11.987450726597908,9.543525437434054
2021-09-12 14:00:00+00:00,9.992142451449062,16.929036973172828,13.481402842848446
2021-09-12 15:00:00+00:00,12.51782451572836,20.328658153716418,16.103663809539988
2021-09-12 16:00:00+00:00,13.087108893620204,21.04068727391425,17.48548056083212
2021-09-12 17:00:00+00:00,13.954124037745885,22.50413325075313,17.810434324603506
2021-09-12 18:00:00+00:00,12.988202708769622,21.321863550172484,16.835717571501906
2021-09-12 19:00:00+00:00,0.12424341364036148,18.446089412287925,14.567288957877313
2021-09-12 20:00:00+00:00,0.29611965175433,14.3476300763554,11.361943845609858
2021-09-12 21:00:00+00:00,3.1495884204729925,8.80506733198282,6.943769911762106
2021-09-12 22:00:00+00:00,0.09366820513149104,2.9263906452349957,2.4368888405429017
2021-09-12 23:00:00+00:00,0.0,0.0,0.0
2021-09-13 00:00:00+00:00,0.0,0.0,0.0
2021-09-13 01:00:00+00:00,0.0,0.0,0.0
2021-09-13 02:00:00+00:00,0.0,0.0,0.0
2021-09-13 03:00:00+00:00,0.0,0.0,0.0
2021-09-13 04:00:00+00:00,0.0,0.0,0.0
2021-09-13 05:00:00+00:00,0.0,0.0,0.0
2021-09-13 06:00:00+00:00,0.0,0.0,0.0
2021-09-13 07:00:00+00:00,0.0,0.0,0.0
2021-09-13 08:00:00+00:00,0.0,0.0,0.0
2021-09-13 09:00:00+00:00,0.0,0.0,0.0
2021-09-13 10:00:00+00:00,0.0,0.0,0.0
2021-09-13 11:00:00+00:00,0.3871623977619869,0.6448421503387292,0.517512583588833
2021-09-13 12:00:00+00:00,3.754586176595333,6.034828110622714,4.786484860096363
2021-09-13 13:00:00+00:00,7.7956282916462465,11.76183632420629,9.320464097496778
2021-09-13 14:00:00+00:00,11.066902850794316,16.50419033685249,13.103152373617108
2021-09-13 15:00:00+00:00,13.561811879124104,19.84870302867407,15.889511869402558
2021-09-13 16:00:00+00:00,6.004978557876914,21.531134816398904,17.27557060956941
2021-09-13 17:00:00+00:00,4.522734536271932,22.140997836100187,17.763604480353667
2021-09-13 18:00:00+00:00,5.648090908552958,20.867219661246438,15.933090977996034
2021-09-13 19:00:00+00:00,12.681282658599224,18.63143508053587,14.888666661924537
2021-09-13 20:00:00+00:00,9.722532219033537,14.641410257483935,11.698538603117775
2021-09-13 21:00:00+00:00,6.28757103700944,8.788693039997518,7.252539518515958
2021-09-13 22:00:00+00:00,2.3796643006957274,3.2712436333551875,2.615762785784895
2021-09-13 23:00:00+00:00,0.0,0.0,0.0
2021-09-14 00:00:00+00:00,0.0,0.0,0.0
2021-09-14 01:00:00+00:00,0.0,0.0,0.0
2021-09-14 02:00:00+00:00,0.0,0.0,0.0
2021-09-14 03:00:00+00:00,0.0,0.0,0.0
2021-09-14 04:00:00+00:00,0.0,0.0,0.0
2021-09-14 05:00:00+00:00,0.0,0.0,0.0
2021-09-14 06:00:00+00:00,0.0,0.0,0.0
2021-09-14 07:00:00+00:00,0.0,0.0,0.0
2021-09-14 08:00:00+00:00,0.0,0.0,0.0
2021-09-14 09:00:00+00:00,0.0,0.0,0.0
2021-09-14 10:00:00+00:00,0.0,0.0,0.0
2021-09-14 11:00:00+00:00,0.5079050341428902,0.5231472718517738,0.1621900296566814
2021-09-14 12:00:00+00:00,3.7368472009793985,6.177271785240092,4.827846920027359
2021-09-14 13:00:00+00:00,8.03087522960651,12.008877904159968,9.399387656942455
2021-09-14 14:00:00+00:00,10.459074427902706,16.922947067736825,13.386505707796827
2021-09-14 15:00:00+00:00,13.321859299613758,20.353556493754166,16.054014883086882
2021-09-14 16:00:00+00:00,14.390422797525341,22.219508826755607,17.667775221081666
2021-09-14 17:00:00+00:00,5.966195501192267,22.573487151190136,17.880515472557423
2021-09-14 18:00:00+00:00,5.499023140939916,21.461050238102246,16.97183420487016
2021-09-14 19:00:00+00:00,3.9365480633860286,18.692889087698195,14.814441094413793
2021-09-14 20:00:00+00:00,5.648224319258353,5.049990201510498,3.9883451068058657
2021-09-14 21:00:00+00:00,3.76332364465823,2.912638537125174,2.2837987224112513
2021-09-14 22:00:00+00:00,0.07653657030320943,3.1720692138607816,2.527924823364358
2021-09-14 23:00:00+00:00,0.0,0.0,0.0
2021-09-15 00:00:00+00:00,0.0,0.0,0.0
2021-09-15 01:00:00+00:00,0.0,0.0,0.0
2021-09-15 02:00:00+00:00,0.0,0.0,0.0
2021-09-15 03:00:00+00:00,0.0,0.0,0.0
2021-09-15 04:00:00+00:00,0.0,0.0,0.0
2021-09-15 05:00:00+00:00,0.0,0.0,0.0
2021-09-15 06:00:00+00:00,0.0,0.0,0.0
2021-09-15 07:00:00+00:00,0.0,0.0,0.0
2021-09-15 08:00:00+00:00,0.0,0.0,0.0
2021-09-15 09:00:00+00:00,0.0,0.0,0.0
2021-09-15 10:00:00+00:00,0.0,0.0,0.0
2021-09-15 11:00:00+00:00,0.37190923192620273,0.1961262967763432,0.5702203854665546
2021-09-15 12:00:00+00:00,1.8324533460971133,1.6704167731892192,0.9356614535407926
2021-09-15 13:00:00+00:00,5.239012064845035,8.515589193198489,6.319139700551255
2021-09-15 14:00:00+00:00,9.740998725820202,13.202198831396617,12.081172467326557
2021-09-15 15:00:00+00:00,12.330475896426593,17.842295154325182,15.124087051706097
2021-09-15 16:00:00+00:00,13.869311625879222,19.505738184603672,17.409001802159413
2021-09-15 17:00:00+00:00,14.157544378927982,22.25724504954451,17.7482592645986
2021-09-15 18:00:00+00:00,0.07646949368444085,17.915111709533228,15.68592765969915
2021-09-15 19:00:00+00:00,0.06277705969896889,15.989458721417204,14.578450010243335
2021-09-15 20:00:00+00:00,0.20571092291950227,14.695789637128389,11.667293266861956
2021-09-15 21:00:00+00:00,1.8268098963067676,8.731012794295513,7.245720166395333
2021-09-15 22:00:00+00:00,0.30945510670133836,2.4629276249572722,1.7774265193739356
2021-09-15 23:00:00+00:00,0.0,0.0,0.0
2021-09-16 00:00:00+00:00,0.0,0.0,0.0
2021-09-16 01:00:00+00:00,0.0,0.0,0.0
2021-09-16 02:00:00+00:00,0.0,0.0,0.0
2021-09-16 03:00:00+00:00,0.0,0.0,0.0
2021-09-16 04:00:00+00:00,0.0,0.0,0.0
2021-09-16 05:00:00+00:00,0.0,0.0,0.0
2021-09-16 06:00:00+00:00,0.0,0.0,0.0
2021-09-16 07:00:00+00:00,0.0,0.0,0.0
2021-09-16 08:00:00+00:00,0.0,0.0,0.0
2021-09-16 09:00:00+00:00,0.0,0.0,0.0
2021-09-16 10:00:00+00:00,0.0,0.0,0.0
2021-09-16 11:00:00+00:00,0.14464184487416887,0.0025071463173313604,0.045761447003632695
2021-09-16 12:00:00+00:00,3.879160989574608,2.1920544200487404,3.096323231261017
2021-09-16 13:00:00+00:00,7.804264213844491,2.7513764933712976,2.5224759256154856
2021-09-16 14:00:00+00:00,11.374623715066967,5.153851817735256,9.167408466633812
2021-09-16 15:00:00+00:00,9.273239805633603,6.947261063891137,12.193464968534867
2021-09-16 16:00:00+00:00,14.82993865481223,5.541754385994514,4.828384770727228
2021-09-16 17:00:00+00:00,14.956660017584916,14.626699687170964,12.246099862812054
2021-09-16 18:00:00+00:00,13.089083485676122,15.591391306693792,16.535498385969575
2021-09-16 19:00:00+00:00,12.486294850563777,17.954182878886723,14.233078337406653
2021-09-16 20:00:00+00:00,5.640106572625762,10.90263122501762,9.44574729968946
2021-09-16 21:00:00+00:00,2.107301897348927,8.469813247185927,6.732423501279444
2021-09-16 22:00:00+00:00,1.518425681791945,2.912291050427996,2.3209138837096863
2021-09-16 23:00:00+00:00,0.0,0.0,0.0
2021-09-17 00:00:00+00:00,0.0,0.0,0.0
2021-09-17 01:00:00+00:00,0.0,0.0,0.0
2021-09-17 02:00:00+00:00,0.0,0.0,0.0
2021-09-17 03:00:00+00:00,0.0,0.0,0.0
2021-09-17 04:00:00+00:00,0.0,0.0,0.0
2021-09-17 05:00:00+00:00,0.0,0.0,0.0
2021-09-17 06:00:00+00:00,0.0,0.0,0.0
2021-09-17 07:00:00+00:00,0.0,0.0,0.0
2021-09-17 08:00:00+00:00,0.0,0.0,0.0
2021-09-17 09:00:00+00:00,0.0,0.0,0.0
2021-09-17 10:00:00+00:00,0.0,0.0,0.0
2021-09-17 11:00:00+00:00,0.015918706343937248,0.14049568696880274,0.10942301597535309
2021-09-17 12:00:00+00:00,0.3488964808898556,1.3595873546579413,0.9001952662540211
2021-09-17 13:00:00+00:00,3.1883034441585263,1.8885168856894043,1.4342744236097826
2021-09-17 14:00:00+00:00,0.9811121094075196,12.562354010921075,7.162814709319668
2021-09-17 15:00:00+00:00,6.339721985860715,6.513198783237853,7.4718098655906315
2021-09-17 16:00:00+00:00,5.575365646410677,0.4874681146439755,6.400002041118839
2021-09-17 17:00:00+00:00,3.640257666217159,0.21435741993302054,0.23854171029050872
2021-09-17 18:00:00+00:00,8.721424273222645,0.14932227856703434,0.5911369491306071
2021-09-17 19:00:00+00:00,6.0983302213811905,2.723070840963547,0.902662935276681
2021-09-17 20:00:00+00:00,3.6358071063785657,1.5075738894799415,1.5177724111523017
2021-09-17 21:00:00+00:00,1.3470887059863519,4.657139595597779,5.050595567769035
2021-09-17 22:00:00+00:00,1.1256869523887778,2.7719587513327637,0.6366983349508724
2021-09-17 23:00:00+00:00,0.0,0.0,0.0
2021-09-18 00:00:00+00:00,0.0,0.0,0.0
2021-09-18 01:00:00+00:00,0.0,0.0,0.0
2021-09-18 02:00:00+00:00,0.0,0.0,0.0
2021-09-18 03:00:00+00:00,0.0,0.0,0.0
2021-09-18 04:00:00+00:00,0.0,0.0,0.0
2021-09-18 05:00:00+00:00,0.0,0.0,0.0
2021-09-18 06:00:00+00:00,0.0,0.0,0.0
2021-09-18 07:00:00+00:00,0.0,0.0,0.0
2021-09-18 08:00:00+00:00,0.0,0.0,0.0
2021-09-18 09:00:00+00:00,0.0,0.0,0.0
2021-09-18 10:00:00+00:00,0.0,0.0,0.0
2021-09-18 11:00:00+00:00,0.1540337717023744,0.20820656970192425,0.18714855294255126
2021-09-18 12:00:00+00:00,0.7317171265720971,4.185652232393294,1.276069861176129
2021-09-18 13:00:00+00:00,1.4905737243542212,5.725098491071761,3.05126906755315
2021-09-18 14:00:00+00:00,0.18290309558079804,16.35947820200214,13.38487941099245
2021-09-18 15:00:00+00:00,7.034821903880588,15.070126384233852,7.755098036593169
2021-09-18 16:00:00+00:00,13.17255942057747,18.624149779790176,13.959031011046278
2021-09-18 17:00:00+00:00,14.021731288631575,22.064438069336738,18.0498190040801
2021-09-18 18:00:00+00:00,13.582551723758606,19.683961273573736,16.797994604015805
2021-09-18 19:00:00+00:00,11.717738116786233,18.567151278915187,14.748103096078745
2021-09-18 20:00:00+00:00,6.891690425914727,14.206666066463074,11.250936592746505
2021-09-18 21:00:00+00:00,0.013947405279818362,8.510232991711561,5.090408416464439
2021-09-18 22:00:00+00:00,1.5811180137324754,2.7424534397542635,2.2019599531308494
2021-09-18 23:00:00+00:00,0.0,0.0,0.0
2021-09-19 00:00:00+00:00,0.0,0.0,0.0
2021-09-19 01:00:00+00:00,0.0,0.0,0.0
2021-09-19 02:00:00+00:00,0.0,0.0,0.0
2021-09-19 03:00:00+00:00,0.0,0.0,0.0
2021-09-19 04:00:00+00:00,0.0,0.0,0.0
2021-09-19 05:00:00+00:00,0.0,0.0,0.0
2021-09-19 06:00:00+00:00,0.0,0.0,0.0
2021-09-19 07:00:00+00:00,0.0,0.0,0.0
2021-09-19 08:00:00+00:00,0.0,0.0,0.0
2021-09-19 09:00:00+00:00,0.0,0.0,0.0
2021-09-19 10:00:00+00:00,0.0,0.0,0.0
2021-09-19 11:00:00+00:00,0.15037731558531034,0.7677797907153516,0.6029171624899146
2021-09-19 12:00:00+00:00,3.853824556900345,6.5104723183314865,5.190644135360692
2021-09-19 13:00:00+00:00,6.651186192130331,12.845352820228474,9.912565135761522
2021-09-19 14:00:00+00:00,11.454607717054369,16.551845805437924,13.97300907182307
2021-09-19 15:00:00+00:00,14.117550108599533,21.872070463968363,16.181445153421578
2021-09-19 16:00:00+00:00,15.415110379647802,23.188376689768802,19.007309712476044
2021-09-19 17:00:00+00:00,15.614443828988382,23.833474325700728,19.268463225707837
2021-09-19 18:00:00+00:00,14.773096138678076,22.69498260986569,17.98839851320574
2021-09-19 19:00:00+00:00,12.947866417055046,19.14194262845597,15.443971817834624
2021-09-19 20:00:00+00:00,10.11078788637909,15.31047700117467,12.131520733691357
2021-09-19 21:00:00+00:00,6.313643356922173,9.30332883642769,7.4485939180638585
2021-09-19 22:00:00+00:00,2.058413005117192,2.8797821385312394,2.3193184674348033
2021-09-19 23:00:00+00:00,0.0,0.0,0.0
2021-09-20 00:00:00+00:00,0.0,0.0,0.0
2021-09-20 01:00:00+00:00,0.0,0.0,0.0
2021-09-20 02:00:00+00:00,0.0,0.0,0.0
2021-09-20 03:00:00+00:00,0.0,0.0,0.0
2021-09-20 04:00:00+00:00,0.0,0.0,0.0
2021-09-20 05:00:00+00:00,0.0,0.0,0.0
2021-09-20 06:00:00+00:00,0.0,0.0,0.0
2021-09-20 07:00:00+00:00,0.0,0.0,0.0
2021-09-20 08:00:00+00:00,0.0,0.0,0.0
2021-09-20 09:00:00+00:00,0.0,0.0,0.0
2021-09-20 10:00:00+00:00,0.0,0.0,0.0
2021-09-20 11:00:00+00:00,0.32857430227626494,0.7170701621545305,0.5476785219598223
2021-09-20 12:00:00+00:00,4.028697923906796,6.409109939697535,5.031089983349902
2021-09-20 13:00:00+00:00,8.087117201624899,10.63413293861373,7.610813406694311
2021-09-20 14:00:00+00:00,11.678342926506582,16.350825976645176,10.111343633846456
2021-09-20 15:00:00+00:00,13.960700113704497,19.391653445758582,6.358985436707171
2021-09-20 16:00:00+00:00,15.107518795530895,18.961938531810148,16.971762388718187
2021-09-20 17:00:00+00:00,15.340629450301686,17.269840203899594,12.563442497358205
2021-09-20 18:00:00+00:00,14.449097491991738,18.349072299235694,14.266145596867515
2021-09-20 19:00:00+00:00,12.441927296586854,18.59331669357682,13.782866378544746
2021-09-20 20:00:00+00:00,9.616120594766011,13.896920222498855,11.35627791599833
2021-09-20 21:00:00+00:00,5.853825738774313,9.116341315287197,7.275477732674097
2021-09-20 22:00:00+00:00,1.859739807584553,2.8246411717595534,2.2348376011300433
2021-09-20 23:00:00+00:00,0.0,0.0,0.0
2021-09-21 00:00:00+00:00,0.0,0.0,0.0
2021-09-21 01:00:00+00:00,0.0,0.0,0.0
2021-09-21 02:00:00+00:00,0.0,0.0,0.0
2021-09-21 03:00:00+00:00,0.0,0.0,0.0
2021-09-21 04:00:00+00:00,0.0,0.0,0.0
2021-09-21 05:00:00+00:00,0.0,0.0,0.0
2021-09-21 06:00:00+00:00,0.0,0.0,0.0
2021-09-21 07:00:00+00:00,0.0,0.0,0.0
2021-09-21 08:00:00+00:00,0.0,0.0,0.0
2021-09-21 09:00:00+00:00,0.0,0.0,0.0
2021-09-21 10:00:00+00:00,0.0,0.0,0.0
2021-09-21 11:00:00+00:00,0.2927899821750957,0.6911128305561351,0.5381878914377565
2021-09-21 12:00:00+00:00,4.036201176503708,6.754492701901564,5.351153853921879
2021-09-21 13:00:00+00:00,8.087788247551938,12.5961744921442,3.6772427104939434
2021-09-21 14:00:00+00:00,11.547948808524282,3.9804679355621126,3.3100940359768862
2021-09-21 15:00:00+00:00,13.757427374570256,4.291879828424162,4.011290852262557
2021-09-21 16:00:00+00:00,14.50830057304212,15.048223862578972,11.76126680509548
2021-09-21 17:00:00+00:00,15.358532389003612,17.176727125226282,5.533664504832489
2021-09-21 18:00:00+00:00,14.510463617518136,17.584470489909695,13.74924731578492
2021-09-21 19:00:00+00:00,12.639354144458716,12.440306918205879,10.988789230955694
2021-09-21 20:00:00+00:00,9.723062813336956,8.805549458186949,8.625723239752295
2021-09-21 21:00:00+00:00,5.965513214407763,8.018525108061272,7.093901532768652
2021-09-21 22:00:00+00:00,1.7817131153874266,2.4942252171053507,2.0004791057141174
2021-09-21 23:00:00+00:00,0.0,0.0,0.0
2021-09-22 00:00:00+00:00,0.0,0.0,0.0
2021-09-22 01:00:00+00:00,0.0,0.0,0.0
2021-09-22 02:00:00+00:00,0.0,0.0,0.0
2021-09-22 03:00:00+00:00,0.0,0.0,0.0
2021-09-22 04:00:00+00:00,0.0,0.0,0.0
2021-09-22 05:00:00+00:00,0.0,0.0,0.0
2021-09-22 06:00:00+00:00,0.0,0.0,0.0
2021-09-22 07:00:00+00:00,0.0,0.0,0.0
2021-09-22 08:00:00+00:00,0.0,0.0,0.0
2021-09-22 09:00:00+00:00,0.0,0.0,0.0
2021-09-22 10:00:00+00:00,0.0,0.0,0.0
2021-09-22 11:00:00+00:00,0.20489632226415794,0.48254370484946296,0.3901883496268093
2021-09-22 12:00:00+00:00,0.24537156900081125,5.994282790480275,1.5730339991150144
2021-09-22 13:00:00+00:00,0.07243479873589008,6.561309166293979,4.073367171139059
2021-09-22 14:00:00+00:00,5.507518687987126,0.14342073872095232,0.23740079262054947
2021-09-22 15:00:00+00:00,7.10216847977101,5.816412442123195,6.1743814610736205
2021-09-22 16:00:00+00:00,8.103973611978352,9.352830768373554,12.353861968887644
2021-09-22 17:00:00+00:00,9.376019590702926,20.775625130800826,10.135567804763742
2021-09-22 18:00:00+00:00,8.929901914309154,12.45799785181524,7.200555993065481
2021-09-22 19:00:00+00:00,11.544035646498497,11.876762712399644,10.008296638822213
2021-09-22 20:00:00+00:00,8.993140079417145,9.689024560855858,7.493536447769991
2021-09-22 21:00:00+00:00,0.7600610331977795,5.621308156226843,4.056560662596514
2021-09-22 22:00:00+00:00,1.2401054785573118,2.2306015153332703,1.6436290243640377
2021-09-22 23:00:00+00:00,0.0,0.0,0.0
2021-09-23 00:00:00+00:00,0.0,0.0,0.0
2021-09-23 01:00:00+00:00,0.0,0.0,0.0
2021-09-23 02:00:00+00:00,0.0,0.0,0.0
2021-09-23 03:00:00+00:00,0.0,0.0,0.0
2021-09-23 04:00:00+00:00,0.0,0.0,0.0
2021-09-23 05:00:00+00:00,0.0,0.0,0.0
2021-09-23 06:00:00+00:00,0.0,0.0,0.0
2021-09-23 07:00:00+00:00,0.0,0.0,0.0
2021-09-23 08:00:00+00:00,0.0,0.0,0.0
2021-09-23 09:00:00+00:00,0.0,0.0,0.0
2021-09-23 10:00:00+00:00,0.0,0.0,0.0
2021-09-23 11:00:00+00:00,0.21195955868892238,0.5059795191564532,0.3668982934143468
2021-09-23 12:00:00+00:00,3.647317598168016,6.1478086986619696,4.853226362483088
2021-09-23 13:00:00+00:00,1.819638318562439,12.292145784064124,9.68631946758393
2021-09-23 14:00:00+00:00,10.767743122010575,17.228359753345856,13.703211981367819
2021-09-23 15:00:00+00:00,4.43206385385052,20.819111942509334,16.48787669582726
2021-09-23 16:00:00+00:00,10.954288678573201,22.552896084049838,17.86183364442596
2021-09-23 17:00:00+00:00,9.255350174260025,22.803470725928136,18.164809267988097
2021-09-23 18:00:00+00:00,1.259348591233118,21.20826665958774,14.509752919771863
2021-09-23 19:00:00+00:00,11.104648946512057,18.746807837875505,14.824891505928047
2021-09-23 20:00:00+00:00,8.807240508725807,1.044669812488527,0.4469308131349985
2021-09-23 21:00:00+00:00,1.0459185623550717,8.501125648094678,6.591798695881892
2021-09-23 22:00:00+00:00,1.4390631513323695,2.0184397142438013,1.5522755144334643
2021-09-23 23:00:00+00:00,0.0,0.0,0.0
2021-09-24 00:00:00+00:00,0.0,0.0,0.0
2021-09-24 01:00:00+00:00,0.0,0.0,0.0
2021-09-24 02:00:00+00:00,0.0,0.0,0.0
2021-09-24 03:00:00+00:00,0.0,0.0,0.0
2021-09-24 04:00:00+00:00,0.0,0.0,0.0
2021-09-24 05:00:00+00:00,0.0,0.0,0.0
2021-09-24 06:00:00+00:00,0.0,0.0,0.0
2021-09-24 07:00:00+00:00,0.0,0.0,0.0
2021-09-24 08:00:00+00:00,0.0,0.0,0.0
2021-09-24 09:00:00+00:00,0.0,0.0,0.0
2021-09-24 10:00:00+00:00,0.0,0.0,0.0
2021-09-24 11:00:00+00:00,0.00810784899514746,0.002531597856053123,0.002008022316830422
2021-09-24 12:00:00+00:00,0.5667728298361878,0.1244067569391516,0.05238463128930629
2021-09-24 13:00:00+00:00,2.589618113863966,0.015284177342677034,0.026315723138621877
2021-09-24 14:00:00+00:00,11.358271566213162,0.5120607461627006,0.34942753099275387
2021-09-24 15:00:00+00:00,14.026026569870705,4.062870381407753,3.9120051983629387
2021-09-24 16:00:00+00:00,15.215413699315095,5.4421157138317895,2.001502805091042
2021-09-24 17:00:00+00:00,5.1524051723388045,15.70994579049848,10.938604150866482
2021-09-24 18:00:00+00:00,5.400150115866376,13.994320255539467,13.079575822803001
2021-09-24 19:00:00+00:00,11.05110469400832,16.503645642561057,14.949763996669958
2021-09-24 20:00:00+00:00,8.552756282411536,8.1681320544268,10.972976110245238
2021-09-24 21:00:00+00:00,4.552156117899408,4.070031230616532,0.5503734944784245
2021-09-24 22:00:00+00:00,1.4829435921690146,1.8703587299759095,1.5768021088905162
2021-09-24 23:00:00+00:00,0.0,0.0,0.0
2021-09-25 00:00:00+00:00,0.0,0.0,0.0
2021-09-25 01:00:00+00:00,0.0,0.0,0.0
2021-09-25 02:00:00+00:00,0.0,0.0,0.0
2021-09-25 03:00:00+00:00,0.0,0.0,0.0
2021-09-25 04:00:00+00:00,0.0,0.0,0.0
2021-09-25 05:00:00+00:00,0.0,0.0,0.0
2021-09-25 06:00:00+00:00,0.0,0.0,0.0
2021-09-25 07:00:00+00:00,0.0,0.0,0.0
2021-09-25 08:00:00+00:00,0.0,0.0,0.0
2021-09-25 09:00:00+00:00,0.0,0.0,0.0
2021-09-25 10:00:00+00:00,0.0,0.0,0.0
2021-09-25 11:00:00+00:00,0.16119468799939743,0.43500805403999193,0.3377136892025862
2021-09-25 12:00:00+00:00,3.8861748320027534,6.505568143919113,4.940495747291368
2021-09-25 13:00:00+00:00,8.13211688122684,10.580837510454385,4.541437074036683
2021-09-25 14:00:00+00:00,11.54905123300478,18.219539439975907,14.385524344053286
2021-09-25 15:00:00+00:00,13.869828034962081,21.696041630255294,17.2374027971098
2021-09-25 16:00:00+00:00,15.143194755529484,23.405961119894855,18.567309711561663
2021-09-25 17:00:00+00:00,15.45526045553082,23.6389687522083,18.966637444751623
2021-09-25 18:00:00+00:00,14.466310221330186,22.081164625693518,17.800237406743435
2021-09-25 19:00:00+00:00,12.449106660593072,18.874013653294853,15.223607090667604
2021-09-25 20:00:00+00:00,9.24787190880028,13.492339794903652,11.436956208543577
2021-09-25 21:00:00+00:00,3.257633318639884,7.190507914922057,6.683438494821046
2021-09-25 22:00:00+00:00,0.7786412900639862,2.0028632041053474,1.6179589595147092
2021-09-25 23:00:00+00:00,0.0,0.0,0.0
2021-09-26 00:00:00+00:00,0.0,0.0,0.0
2021-09-26 01:00:00+00:00,0.0,0.0,0.0
2021-09-26 02:00:00+00:00,0.0,0.0,0.0
2021-09-26 03:00:00+00:00,0.0,0.0,0.0
2021-09-26 04:00:00+00:00,0.0,0.0,0.0
2021-09-26 05:00:00+00:00,0.0,0.0,0.0
2021-09-26 06:00:00+00:00,0.0,0.0,0.0
2021-09-26 07:00:00+00:00,0.0,0.0,0.0
2021-09-26 08:00:00+00:00,0.0,0.0,0.0
2021-09-26 09:00:00+00:00,0.0,0.0,0.0
2021-09-26 10:00:00+00:00,0.0,0.0,0.0
2021-09-26 11:00:00+00:00,0.04028696885986541,0.378721242204204,0.28907704591425226
2021-09-26 12:00:00+00:00,1.0246965109693076,6.363038292157491,5.006922790084019
2021-09-26 13:00:00+00:00,8.031660574400803,12.843024260896515,10.163118620896523
2021-09-26 14:00:00+00:00,11.535293142482868,17.8017324646829,13.720475554149086
2021-09-26 15:00:00+00:00,14.046134280925358,21.756498481937427,17.317578965000436
2021-09-26 16:00:00+00:00,15.35914542642753,23.877210202567877,18.98379821320867
2021-09-26 17:00:00+00:00,15.170264819259904,23.97406668981109,19.102460728717425
2021-09-26 18:00:00+00:00,14.099582361915946,22.751262611036086,18.165729442272653
2021-09-26 19:00:00+00:00,12.098379476452882,19.856029189154732,15.88018793843202
2021-09-26 20:00:00+00:00,9.6671700970385,15.014812651888018,11.96517638709872
2021-09-26 21:00:00+00:00,5.657731202346715,8.828253531459868,7.039120411210291
2021-09-26 22:00:00+00:00,1.4112316131064964,2.1075845139632503,1.6758254110666642
2021-09-26 23:00:00+00:00,0.0,0.0,0.0
2021-09-27 00:00:00+00:00,0.0,0.0,0.0
2021-09-27 01:00:00+00:00,0.0,0.0,0.0
2021-09-27 02:00:00+00:00,0.0,0.0,0.0
2021-09-27 03:00:00+00:00,0.0,0.0,0.0
2021-09-27 04:00:00+00:00,0.0,0.0,0.0
2021-09-27 05:00:00+00:00,0.0,0.0,0.0
2021-09-27 06:00:00+00:00,0.0,0.0,0.0
2021-09-27 07:00:00+00:00,0.0,0.0,0.0
2021-09-27 08:00:00+00:00,0.0,0.0,0.0
2021-09-27 09:00:00+00:00,0.0,0.0,0.0
2021-09-27 10:00:00+00:00,0.0,0.0,0.0
2021-09-27 11:00:00+00:00,0.09783136344849015,0.3341128527177759,0.25631959299460344
2021-09-27 12:00:00+00:00,3.267497969359988,6.200044620738292,4.868260118699131
2021-09-27 13:00:00+00:00,3.2741757960993674,11.295551129034845,8.12083829214024
2021-09-27 14:00:00+00:00,0.5310883983034314,17.46026416154544,13.826281440587199
2021-09-27 15:00:00+00:00,0.08672601966844887,20.88681138511005,16.56780561389907
2021-09-27 16:00:00+00:00,0.8826177749195097,22.60055493580968,17.970560672103908
2021-09-27 17:00:00+00:00,2.532764580748791,22.865391780578154,18.17974099632275
2021-09-27 18:00:00+00:00,13.732569139344388,21.48280684293804,16.9669199998978
2021-09-27 19:00:00+00:00,11.702076099322708,18.66939716003327,14.81907019603538
2021-09-27 20:00:00+00:00,8.686297464689325,13.96283824243704,11.077822686589464
2021-09-27 21:00:00+00:00,4.82660306854825,7.77181271586893,6.171220694721598
2021-09-27 22:00:00+00:00,1.05834708461779,1.6771983405295479,1.3404095181266305
2021-09-27 23:00:00+00:00,0.0,0.0,0.0
2021-09-28 00:00:00+00:00,0.0,0.0,0.0
2021-09-28 01:00:00+00:00,0.0,0.0,0.0
2021-09-28 02:00:00+00:00,0.0,0.0,0.0
2021-09-28 03:00:00+00:00,0.0,0.0,0.0
2021-09-28 04:00:00+00:00,0.0,0.0,0.0
2021-09-28 05:00:00+00:00,0.0,0.0,0.0
2021-09-28 06:00:00+00:00,0.0,0.0,0.0
2021-09-28 07:00:00+00:00,0.0,0.0,0.0
2021-09-28 08:00:00+00:00,0.0,0.0,0.0
2021-09-28 09:00:00+00:00,0.0,0.0,0.0
2021-09-28 10:00:00+00:00,0.0,0.0,0.0
2021-09-28 11:00:00+00:00,0.06289681526756133,0.22689108196195212,0.09838196132817104
2021-09-28 12:00:00+00:00,2.4822476644264446,1.8601225458449975,4.312130278827884
2021-09-28 13:00:00+00:00,3.106155331672676,0.6958782081469747,0.4631093925404814
2021-09-28 14:00:00+00:00,3.7933244835889597,3.5905936580818367,6.028502656314275
2021-09-28 15:00:00+00:00,0.28281309398387816,16.398926190779488,14.71484737819413
2021-09-28 16:00:00+00:00,0.6632145211957591,5.462046058560891,15.297720995795625
2021-09-28 17:00:00+00:00,7.492342519357202,0.5482748652582516,1.5404817404670301
2021-09-28 18:00:00+00:00,6.05245053155322,1.6996754213304925,0.9439852557895763
2021-09-28 19:00:00+00:00,4.682030568218054,0.050189768635038524,0.7141993378062054
2021-09-28 20:00:00+00:00,7.733427444672496,0.3220048758302831,0.21649352054753607
2021-09-28 21:00:00+00:00,5.287956311511184,6.918207242192526,4.2723853496409765
2021-09-28 22:00:00+00:00,1.1775478266319694,0.8980731106109129,0.12703199788938865
2021-09-28 23:00:00+00:00,0.0,0.0,0.0
2021-09-29 00:00:00+00:00,0.0,0.0,0.0
2021-09-29 01:00:00+00:00,0.0,0.0,0.0
2021-09-29 02:00:00+00:00,0.0,0.0,0.0
2021-09-29 03:00:00+00:00,0.0,0.0,0.0
2021-09-29 04:00:00+00:00,0.0,0.0,0.0
2021-09-29 05:00:00+00:00,0.0,0.0,0.0
2021-09-29 06:00:00+00:00,0.0,0.0,0.0
2021-09-29 07:00:00+00:00,0.0,0.0,0.0
2021-09-29 08:00:00+00:00,0.0,0.0,0.0
2021-09-29 09:00:00+00:00,0.0,0.0,0.0
2021-09-29 10:00:00+00:00,0.0,0.0,0.0
2021-09-29 11:00:00+00:00,0.05009329006910133,0.2395486315222808,0.18197225005873036
2021-09-29 12:00:00+00:00,3.6313387028567,6.491188856714547,5.168466114680312
2021-09-29 13:00:00+00:00,8.300169197975773,13.1871054851802,10.496030009966931
2021-09-29 14:00:00+00:00,11.726284693556133,18.796763871866705,15.007388438374475
2021-09-29 15:00:00+00:00,14.165569953419293,22.614970751201554,17.943046866048274
2021-09-29 16:00:00+00:00,15.464083780197559,24.48248861377673,19.373383803374587
2021-09-29 17:00:00+00:00,15.719621388036312,24.548824802382853,19.406112687481166
2021-09-29 18:00:00+00:00,14.734853829164718,22.840016316062258,18.297559299980932
2021-09-29 19:00:00+00:00,12.67826011886988,19.629841205988207,15.603677954221055
2021-09-29 20:00:00+00:00,9.43983189448488,14.76141033656797,11.8171550651938
2021-09-29 21:00:00+00:00,5.479318853200321,8.414660705858518,6.68073342580333
2021-09-29 22:00:00+00:00,1.0816832796514533,1.614184084206801,1.294671122356274
2021-09-29 23:00:00+00:00,0.0,0.0,0.0
2021-09-30 00:00:00+00:00,0.0,0.0,0.0
2021-09-30 01:00:00+00:00,0.0,0.0,0.0
2021-09-30 02:00:00+00:00,0.0,0.0,0.0
2021-09-30 03:00:00+00:00,0.0,0.0,0.0
2021-09-30 04:00:00+00:00,0.0,0.0,0.0
2021-09-30 05:00:00+00:00,0.0,0.0,0.0
2021-09-30 06:00:00+00:00,0.0,0.0,0.0
2021-09-30 07:00:00+00:00,0.0,0.0,0.0
2021-09-30 08:00:00+00:00,0.0,0.0,0.0
2021-09-30 09:00:00+00:00,0.0,0.0,0.0
2021-09-30 10:00:00+00:00,0.0,0.0,0.0
2021-09-30 11:00:00+00:00,0.016458784444893376,0.19556890821159048,0.14404864614514454
2021-09-30 12:00:00+00:00,1.0084259216955753,6.240395111889428,4.7572095742783835
2021-09-30 13:00:00+00:00,8.157667083629256,12.693396267599342,10.240616009545073
2021-09-30 14:00:00+00:00,3.9152680063017145,16.874291280003863,13.562043641843538
2021-09-30 15:00:00+00:00,8.780317958239518,22.293919388526383,17.6865943569264
2021-09-30 16:00:00+00:00,9.632907295715126,24.2607952359134,19.1635463963678
2021-09-30 17:00:00+00:00,11.188928779833585,23.8630888690294,19.168378440196726
2021-09-30 18:00:00+00:00,7.0989374844443915,21.63085157379052,12.56788042902829
2021-09-30 19:00:00+00:00,3.7173178708011814,18.975876304550532,15.84569953513329
2021-09-30 20:00:00+00:00,7.5916295480683464,14.021162783098152,10.106184719707331
2021-09-30 21:00:00+00:00,0.03237701905053583,0.5415644888482317,3.9942781977338213
2021-09-30 22:00:00+00:00,0.9540028227741826,1.5006823190868717,1.2036023959398916
2021-09-30 23:00:00+00:00,0.0,0.0,0.0
2021-10-01 00:00:00+00:00,0.0,0.0,0.0
2021-10-01 01:00:00+00:00,0.0,0.0,0.0
2021-10-01 02:00:00+00:00,0.0,0.0,0.0
2021-10-01 03:00:00+00:00,0.0,0.0,0.0
2021-10-01 04:00:00+00:00,0.0,0.0,0.0
2021-10-01 05:00:00+00:00,0.0,0.0,0.0
2021-10-01 06:00:00+00:00,0.0,0.0,0.0
2021-10-01 07:00:00+00:00,0.0,0.0,0.0
2021-10-01 08:00:00+00:00,0.0,0.0,0.0
2021-10-01 09:00:00+00:00,0.0,0.0,0.0
2021-10-01 10:00:00+00:00,0.0,0.0,0.0
2021-10-01 11:00:00+00:00,0.016738821517537725,0.1603538820948382,0.11839093734246209
2021-10-01 12:00:00+00:00,3.3931829398316613,6.527330358942418,5.11013282587293
2021-10-01 13:00:00+00:00,7.718183714606306,13.096891892303207,10.391524154438407
2021-10-01 14:00:00+00:00,11.763548434315819,18.53140247244503,14.826855230478111
2021-10-01 15:00:00+00:00,14.125923764086663,22.368880455925076,17.719451497177467
2021-10-01 16:00:00+00:00,15.449971886053499,21.645150366520713,16.81572943583683
2021-10-01 17:00:00+00:00,12.113945658711993,24.419496992046636,19.063113060843225
2021-10-01 18:00:00+00:00,8.862351468375026,22.74470292529466,18.244147930606093
2021-10-01 19:00:00+00:00,8.209741407281275,19.39983450470503,15.654350099101228
2021-10-01 20:00:00+00:00,2.7472232601256583,14.417133520305859,11.578372406643174
2021-10-01 21:00:00+00:00,5.212806375752191,8.44301793353495,6.664321993342465
2021-10-01 22:00:00+00:00,0.9379785163978513,1.349026187331284,1.0714500832918332
2021-10-01 23:00:00+00:00,0.0,0.0,0.0
2021-10-02 00:00:00+00:00,0.0,0.0,0.0
2021-10-02 01:00:00+00:00,0.0,0.0,0.0
2021-10-02 02:00:00+00:00,0.0,0.0,0.0
2021-10-02 03:00:00+00:00,0.0,0.0,0.0
2021-10-02 04:00:00+00:00,0.0,0.0,0.0
2021-10-02 05:00:00+00:00,0.0,0.0,0.0
2021-10-02 06:00:00+00:00,0.0,0.0,0.0
2021-10-02 07:00:00+00:00,0.0,0.0,0.0
2021-10-02 08:00:00+00:00,0.0,0.0,0.0
2021-10-02 09:00:00+00:00,0.0,0.0,0.0
2021-10-02 10:00:00+00:00,0.0,0.0,0.0
2021-10-02 11:00:00+00:00,0.0,0.11154649354995144,0.08130823190359676
2021-10-02 12:00:00+00:00,3.3100843446270134,5.903926437351005,4.78800365857997
2021-10-02 13:00:00+00:00,7.5577673019422145,12.655679970085743,10.018941165886634
2021-10-02 14:00:00+00:00,10.827001681158928,17.83622552924283,13.564442788081815
2021-10-02 15:00:00+00:00,13.17391683062401,20.735759466859637,16.552509144219837
2021-10-02 16:00:00+00:00,13.569497070382559,22.929430093725383,18.509995436544333
2021-10-02 17:00:00+00:00,14.286364800251574,23.095735784680148,18.569272438983642
2021-10-02 18:00:00+00:00,8.54751380071558,21.674610883307487,17.335130408400502
2021-10-02 19:00:00+00:00,11.5886547684126,18.185612692192837,14.865928254286466
2021-10-02 20:00:00+00:00,8.54127197479193,11.829312600316129,11.039372385934628
2021-10-02 21:00:00+00:00,4.662007993283323,7.655472906627106,6.058905098931115
2021-10-02 22:00:00+00:00,0.7043972622781459,1.0944896071542953,0.8763098083047939
2021-10-02 23:00:00+00:00,0.0,0.0,0.0
2021-10-03 00:00:00+00:00,0.0,0.0,0.0
2021-10-03 01:00:00+00:00,0.0,0.0,0.0
2021-10-03 02:00:00+00:00,0.0,0.0,0.0
2021-10-03 03:00:00+00:00,0.0,0.0,0.0
2021-10-03 04:00:00+00:00,0.0,0.0,0.0
2021-10-03 05:00:00+00:00,0.0,0.0,0.0
2021-10-03 06:00:00+00:00,0.0,0.0,0.0
2021-10-03 07:00:00+00:00,0.0,0.0,0.0
2021-10-03 08:00:00+00:00,0.0,0.0,0.0
2021-10-03 09:00:00+00:00,0.0,0.0,0.0
2021-10-03 10:00:00+00:00,0.0,0.0,0.0
2021-10-03 11:00:00+00:00,0.0,0.07038203016756805,0.049594703325850364
2021-10-03 12:00:00+00:00,3.234480292674476,6.043506331259386,4.776582079545874
2021-10-03 13:00:00+00:00,4.095489088387343,12.448697426235281,10.022002140970654
2021-10-03 14:00:00+00:00,0.34953020799323825,17.442480114002876,14.097847622956715
2021-10-03 15:00:00+00:00,0.06080565074177105,20.973600792447904,16.9887466815132
2021-10-03 16:00:00+00:00,0.0750849106966895,22.927988150506184,18.34986893834814
2021-10-03 17:00:00+00:00,6.866806968422038,23.006011077833907,18.327308810098295
2021-10-03 18:00:00+00:00,2.221114538452394,21.273958928376445,16.985484927107777
2021-10-03 19:00:00+00:00,6.619913120787315,17.230068108637443,13.588705478639701
2021-10-03 20:00:00+00:00,0.4761728505733407,12.785583474747403,9.606711325626684
2021-10-03 21:00:00+00:00,0.29223605350391907,0.8276938188261729,1.0575850704198342
2021-10-03 22:00:00+00:00,0.13077898311249328,0.05256052236702584,0.0555006900276278
2021-10-03 23:00:00+00:00,0.0,0.0,0.0
2021-10-04 00:00:00+00:00,0.0,0.0,0.0
2021-10-04 01:00:00+00:00,0.0,0.0,0.0
2021-10-04 02:00:00+00:00,0.0,0.0,0.0
2021-10-04 03:00:00+00:00,0.0,0.0,0.0
2021-10-04 04:00:00+00:00,0.0,0.0,0.0
2021-10-04 05:00:00+00:00,0.0,0.0,0.0
2021-10-04 06:00:00+00:00,0.0,0.0,0.0
2021-10-04 07:00:00+00:00,0.0,0.0,0.0
2021-10-04 08:00:00+00:00,0.0,0.0,0.0
2021-10-04 09:00:00+00:00,0.0,0.0,0.0
2021-10-04 10:00:00+00:00,0.0,0.0,0.0
2021-10-04 11:00:00+00:00,0.0,0.005773595477214284,0.0009980039006332484
2021-10-04 12:00:00+00:00,0.027345277346723807,0.1080922466126133,0.10395107093802763
2021-10-04 13:00:00+00:00,0.043455003762427426,0.437412900441676,0.9587000800453913
2021-10-04 14:00:00+00:00,0.29837804012785235,0.5674233610922894,0.16602441835036616
2021-10-04 15:00:00+00:00,0.34530168337015144,12.928615635816756,4.210998779714822
2021-10-04 16:00:00+00:00,0.07850486388950559,3.3678581185479604,3.5425098605423253
2021-10-04 17:00:00+00:00,0.07224398207859542,0.48691451301065064,0.3471479364129747
2021-10-04 18:00:00+00:00,0.05633913331131212,1.7283913388378924,0.6418422933929196
2021-10-04 19:00:00+00:00,0.08380789134446216,0.2264393364067832,0.2958981493342288
2021-10-04 20:00:00+00:00,0.04202241938526046,0.14884320151259892,0.08614191055762836
2021-10-04 21:00:00+00:00,0.05491468822207815,0.015165120414026494,0.00802907077634425
2021-10-04 22:00:00+00:00,0.03070088756722294,0.0050628405803461,0.0020098533987689617
2021-10-04 23:00:00+00:00,0.0,0.0,0.0
2021-10-05 00:00:00+00:00,0.0,0.0,0.0
2021-10-05 01:00:00+00:00,0.0,0.0,0.0
2021-10-05 02:00:00+00:00,0.0,0.0,0.0
2021-10-05 03:00:00+00:00,0.0,0.0,0.0
2021-10-05 04:00:00+00:00,0.0,0.0,0.0
2021-10-05 05:00:00+00:00,0.0,0.0,0.0
2021-10-05 06:00:00+00:00,0.0,0.0,0.0
2021-10-05 07:00:00+00:00,0.0,0.0,0.0
2021-10-05 08:00:00+00:00,0.0,0.0,0.0
2021-10-05 09:00:00+00:00,0.0,0.0,0.0
2021-10-05 10:00:00+00:00,0.0,0.0,0.0
2021-10-05 11:00:00+00:00,0.0,0.02562536970901888,0.0
2021-10-05 12:00:00+00:00,0.6010177001755793,1.2319999384689577,2.160381095408597
2021-10-05 13:00:00+00:00,2.709321607999154,3.0851367385639743,2.32205864173014
2021-10-05 14:00:00+00:00,1.8059409408014182,9.452826835098904,2.6790409020332824
2021-10-05 15:00:00+00:00,0.6476940236128795,1.5889975922273145,1.3257621805992366
2021-10-05 16:00:00+00:00,0.15349684346945272,5.958200786119819,3.9287247897777045
2021-10-05 17:00:00+00:00,0.35744182438942584,12.999115466357042,8.778838106708465
2021-10-05 18:00:00+00:00,2.9500785293575142,10.12826685759805,9.885111002640604
2021-10-05 19:00:00+00:00,0.22305246577360716,12.898479968517071,8.574479450129198
2021-10-05 20:00:00+00:00,0.8182275388704321,8.974168791605342,2.6023798933261104
2021-10-05 21:00:00+00:00,0.5168820169389335,1.7432013413424685,1.4299733518966828
2021-10-05 22:00:00+00:00,0.10748852342660217,0.255981593411324,0.21540217105008538
2021-10-05 23:00:00+00:00,0.0,0.0,0.0
2021-10-06 00:00:00+00:00,0.0,0.0,0.0
2021-10-06 01:00:00+00:00,0.0,0.0,0.0
2021-10-06 02:00:00+00:00,0.0,0.0,0.0
2021-10-06 03:00:00+00:00,0.0,0.0,0.0
2021-10-06 04:00:00+00:00,0.0,0.0,0.0
2021-10-06 05:00:00+00:00,0.0,0.0,0.0
2021-10-06 06:00:00+00:00,0.0,0.0,0.0
2021-10-06 07:00:00+00:00,0.0,0.0,0.0
2021-10-06 08:00:00+00:00,0.0,0.0,0.0
2021-10-06 09:00:00+00:00,0.0,0.0,0.0
2021-10-06 10:00:00+00:00,0.0,0.0,0.0
2021-10-06 11:00:00+00:00,0.0,0.0,0.0
2021-10-06 12:00:00+00:00,1.5381719169212735,3.817517489934874,1.2619020683057456
2021-10-06 13:00:00+00:00,2.326144307729588,8.018054941827732,7.814746343594148
2021-10-06 14:00:00+00:00,8.4620114133015,16.809469160621006,13.475725988452343
2021-10-06 15:00:00+00:00,4.269226298085175,7.1127625926493705,9.280458422313847
2021-10-06 16:00:00+00:00,5.259623610995828,21.555009301508882,14.069429905175927
2021-10-06 17:00:00+00:00,9.82881401382434,23.150662051548622,18.3884954258397
2021-10-06 18:00:00+00:00,2.805970195076299,21.809789672482495,17.348908792589196
2021-10-06 19:00:00+00:00,3.3479957942912137,17.23724649847366,14.25358119108974
2021-10-06 20:00:00+00:00,6.8082565116196765,13.638516457958433,10.767388051884156
2021-10-06 21:00:00+00:00,4.757299596902785,7.16947300934823,5.716531280051868
2021-10-06 22:00:00+00:00,0.4121070034263677,0.5676005745573101,0.4546305777086359
2021-10-06 23:00:00+00:00,0.0,0.0,0.0
2021-10-07 00:00:00+00:00,0.0,0.0,0.0
2021-10-07 01:00:00+00:00,0.0,0.0,0.0
2021-10-07 02:00:00+00:00,0.0,0.0,0.0
2021-10-07 03:00:00+00:00,0.0,0.0,0.0
2021-10-07 04:00:00+00:00,0.0,0.0,0.0
2021-10-07 05:00:00+00:00,0.0,0.0,0.0
2021-10-07 06:00:00+00:00,0.0,0.0,0.0
2021-10-07 07:00:00+00:00,0.0,0.0,0.0
2021-10-07 08:00:00+00:00,0.0,0.0,0.0
2021-10-07 09:00:00+00:00,0.0,0.0,0.0
2021-10-07 10:00:00+00:00,0.0,0.0,0.0
2021-10-07 11:00:00+00:00,0.0,0.0,0.0
2021-10-07 12:00:00+00:00,0.4893337001655665,5.719999473458101,4.6399028434023295
2021-10-07 13:00:00+00:00,4.86871379154901,12.643687221924388,9.991142822974524
2021-10-07 14:00:00+00:00,6.4854503370085785,17.18577572850082,13.32996537254817
2021-10-07 15:00:00+00:00,4.082238205492652,19.842666460424688,12.16457306882687
2021-10-07 16:00:00+00:00,3.8356801499513318,23.05355980698561,15.701087642622104
2021-10-07 17:00:00+00:00,4.773867359831336,20.643460768883088,18.59004364816605
2021-10-07 18:00:00+00:00,13.970277033795405,8.436360263337603,17.4989273007833
2021-10-07 19:00:00+00:00,12.073225089511325,10.809386956649178,14.991991943262486
2021-10-07 20:00:00+00:00,8.792102134834911,8.701061356735424,10.928910527561026
2021-10-07 21:00:00+00:00,4.5631152426701,7.01578100792463,5.333758630207744
2021-10-07 22:00:00+00:00,0.3301306158764971,0.4846516093658759,0.3855533881991659
2021-10-07 23:00:00+00:00,0.0,0.0,0.0
2021-10-08 00:00:00+00:00,0.0,0.0,0.0
2021-10-08 01:00:00+00:00,0.0,0.0,0.0
2021-10-08 02:00:00+00:00,0.0,0.0,0.0
2021-10-08 03:00:00+00:00,0.0,0.0,0.0
2021-10-08 04:00:00+00:00,0.0,0.0,0.0
2021-10-08 05:00:00+00:00,0.0,0.0,0.0
2021-10-08 06:00:00+00:00,0.0,0.0,0.0
2021-10-08 07:00:00+00:00,0.0,0.0,0.0
2021-10-08 08:00:00+00:00,0.0,0.0,0.0
2021-10-08 09:00:00+00:00,0.0,0.0,0.0
2021-10-08 10:00:00+00:00,0.0,0.0,0.0
2021-10-08 11:00:00+00:00,0.0,0.0,0.0
2021-10-08 12:00:00+00:00,2.657019836158744,1.0846323626194398,1.1717231073579895
2021-10-08 13:00:00+00:00,7.185165007284727,6.277125678536011,4.822030407552912
2021-10-08 14:00:00+00:00,7.726557458046147,12.858928177002012,10.883307004859596
2021-10-08 15:00:00+00:00,2.697116099275585,11.265895732595334,6.959324605945118
2021-10-08 16:00:00+00:00,8.28080173889125,19.081557052237198,16.73383146992163
2021-10-08 17:00:00+00:00,13.115513789572933,22.853475904594774,17.633451525808557
2021-10-08 18:00:00+00:00,13.746077955948923,6.816044964309138,5.559797955839855
2021-10-08 19:00:00+00:00,11.871713848523198,5.1027869757440945,2.8165298836103405
2021-10-08 20:00:00+00:00,8.736067074430492,10.113293672646675,10.176337060718271
2021-10-08 21:00:00+00:00,0.7630212944379228,5.566988011080338,5.484471205659963
2021-10-08 22:00:00+00:00,0.14023245793345637,0.40391185582225075,0.3173746412571163
2021-10-08 23:00:00+00:00,0.0,0.0,0.0
2021-10-09 00:00:00+00:00,0.0,0.0,0.0
2021-10-09 01:00:00+00:00,0.0,0.0,0.0
2021-10-09 02:00:00+00:00,0.0,0.0,0.0
2021-10-09 03:00:00+00:00,0.0,0.0,0.0
2021-10-09 04:00:00+00:00,0.0,0.0,0.0
2021-10-09 05:00:00+00:00,0.0,0.0,0.0
2021-10-09 06:00:00+00:00,0.0,0.0,0.0
2021-10-09 07:00:00+00:00,0.0,0.0,0.0
2021-10-09 08:00:00+00:00,0.0,0.0,0.0
2021-10-09 09:00:00+00:00,0.0,0.0,0.0
2021-10-09 10:00:00+00:00,0.0,0.0,0.0
2021-10-09 11:00:00+00:00,0.0,0.0,0.0
2021-10-09 12:00:00+00:00,3.2140677679892495,5.846526755669472,4.61242318675924
2021-10-09 13:00:00+00:00,7.084716071727994,12.041838352697454,9.847141001888255
2021-10-09 14:00:00+00:00,10.509260474947133,12.836112955446737,9.032740208474438
2021-10-09 15:00:00+00:00,7.6171271109823016,8.573283451657835,12.842657535553364
2021-10-09 16:00:00+00:00,12.653734812511528,12.76303026639789,11.2711836951945
2021-10-09 17:00:00+00:00,9.67649299653818,8.746057187741357,3.9184282582443823
2021-10-09 18:00:00+00:00,8.513386245298763,8.922103142751977,6.146125949386388
2021-10-09 19:00:00+00:00,10.412387666264483,10.259212674496732,5.961385001197038
2021-10-09 20:00:00+00:00,8.839436534721003,6.18669819892726,6.1727806495101465
2021-10-09 21:00:00+00:00,4.419275601020474,4.626036731868529,5.044061148182614
2021-10-09 22:00:00+00:00,0.23576146855640354,0.10928895054852052,0.12499527850190587
2021-10-09 23:00:00+00:00,0.0,0.0,0.0
2021-10-10 00:00:00+00:00,0.0,0.0,0.0
2021-10-10 01:00:00+00:00,0.0,0.0,0.0
2021-10-10 02:00:00+00:00,0.0,0.0,0.0
2021-10-10 03:00:00+00:00,0.0,0.0,0.0
2021-10-10 04:00:00+00:00,0.0,0.0,0.0
2021-10-10 05:00:00+00:00,0.0,0.0,0.0
2021-10-10 06:00:00+00:00,0.0,0.0,0.0
2021-10-10 07:00:00+00:00,0.0,0.0,0.0
2021-10-10 08:00:00+00:00,0.0,0.0,0.0
2021-10-10 09:00:00+00:00,0.0,0.0,0.0
2021-10-10 10:00:00+00:00,0.0,0.0,0.0
2021-10-10 11:00:00+00:00,0.0,0.0,0.0
2021-10-10 12:00:00+00:00,0.25915166317002086,0.20582099622395011,0.17340641889077205
2021-10-10 13:00:00+00:00,2.9494702802740402,0.35951428394395624,0.4053991682303956
2021-10-10 14:00:00+00:00,3.6397024544039422,6.112033571351429,3.634965550551162
2021-10-10 15:00:00+00:00,12.820792938496641,0.15941567330420184,0.0663346914552534
2021-10-10 16:00:00+00:00,12.572524671963077,1.8809857998664472,1.7401217743013329
2021-10-10 17:00:00+00:00,13.556440678357255,0.41164173292329903,1.5492150813173544
2021-10-10 18:00:00+00:00,12.736649045272792,1.4008848629389976,0.30510029305498537
2021-10-10 19:00:00+00:00,10.796650265048395,0.8737018660158548,0.8483377804877571
2021-10-10 20:00:00+00:00,8.351154458065826,0.5534828790951197,0.33527980009890573
2021-10-10 21:00:00+00:00,2.1913626971046094,0.6356746682891807,0.3263564578195382
2021-10-10 22:00:00+00:00,0.1817708428989663,0.07351100908935873,0.02212622754425182
2021-10-10 23:00:00+00:00,0.0,0.0,0.0
2021-10-11 00:00:00+00:00,0.0,0.0,0.0
2021-10-11 01:00:00+00:00,0.0,0.0,0.0
2021-10-11 02:00:00+00:00,0.0,0.0,0.0
2021-10-11 03:00:00+00:00,0.0,0.0,0.0
2021-10-11 04:00:00+00:00,0.0,0.0,0.0
2021-10-11 05:00:00+00:00,0.0,0.0,0.0
2021-10-11 06:00:00+00:00,0.0,0.0,0.0
2021-10-11 07:00:00+00:00,0.0,0.0,0.0
2021-10-11 08:00:00+00:00,0.0,0.0,0.0
2021-10-11 09:00:00+00:00,0.0,0.0,0.0
2021-10-11 10:00:00+00:00,0.0,0.0,0.0
2021-10-11 11:00:00+00:00,0.0,0.0,0.0
2021-10-11 12:00:00+00:00,1.5977936828406376,4.455639348215305,2.3780545623809037
2021-10-11 13:00:00+00:00,6.554428678413433,2.0492574785779194,1.725402695873737
2021-10-11 14:00:00+00:00,9.076214836211506,16.234662207798788,8.885092289111835
2021-10-11 15:00:00+00:00,9.947088743973088,19.963114771561806,5.139873997028421
2021-10-11 16:00:00+00:00,12.602694319481301,22.199111248530393,17.747271934218617
2021-10-11 17:00:00+00:00,2.486025408992652,5.24628453345205,6.584567778258978
2021-10-11 18:00:00+00:00,9.630262184652144,18.16787867163452,16.51560683408398
2021-10-11 19:00:00+00:00,10.613013462968663,18.195596312443442,14.504588666024068
2021-10-11 20:00:00+00:00,8.053719726059407,13.217924614820166,10.498667246317462
2021-10-11 21:00:00+00:00,4.177838125898776,6.780629171276589,5.34024148255847
2021-10-11 22:00:00+00:00,0.14074945926341578,0.21603106276456407,0.17524747551563968
2021-10-11 23:00:00+00:00,0.0,0.0,0.0
2021-10-12 00:00:00+00:00,0.0,0.0,0.0
2021-10-12 01:00:00+00:00,0.0,0.0,0.0
2021-10-12 02:00:00+00:00,0.0,0.0,0.0
2021-10-12 03:00:00+00:00,0.0,0.0,0.0
2021-10-12 04:00:00+00:00,0.0,0.0,0.0
2021-10-12 05:00:00+00:00,0.0,0.0,0.0
2021-10-12 06:00:00+00:00,0.0,0.0,0.0
2021-10-12 07:00:00+00:00,0.0,0.0,0.0
2021-10-12 08:00:00+00:00,0.0,0.0,0.0
2021-10-12 09:00:00+00:00,0.0,0.0,0.0
2021-10-12 10:00:00+00:00,0.0,0.0,0.0
2021-10-12 11:00:00+00:00,0.0,0.0,0.0
2021-10-12 12:00:00+00:00,2.940709314207301,3.7863401536350905,3.218934295083197
2021-10-12 13:00:00+00:00,3.61519543559489,8.830985274552509,5.8066516311929615
2021-10-12 14:00:00+00:00,6.533283817045797,11.811416349423132,9.6302069640909
2021-10-12 15:00:00+00:00,2.401135798884773,17.898655347214014,14.914656992008943
2021-10-12 16:00:00+00:00,8.700336726173006,20.032493051685055,15.411526249355852
2021-10-12 17:00:00+00:00,12.499151821746311,22.781602934816586,18.03185548499077
2021-10-12 18:00:00+00:00,12.864696584022857,19.83701261655474,15.473737675411387
2021-10-12 19:00:00+00:00,11.551954471492731,6.990092108193118,5.528444544542031
2021-10-12 20:00:00+00:00,8.297067641126288,13.001484950996833,3.0483197592746465
2021-10-12 21:00:00+00:00,4.1224961103956055,5.947640526725892,3.69103225206432
2021-10-12 22:00:00+00:00,0.050446405316649796,0.0,0.0
2021-10-12 23:00:00+00:00,0.0,0.0,0.0
2021-10-13 00:00:00+00:00,0.0,0.0,0.0
2021-10-13 01:00:00+00:00,0.0,0.0,0.0
2021-10-13 02:00:00+00:00,0.0,0.0,0.0
2021-10-13 03:00:00+00:00,0.0,0.0,0.0
2021-10-13 04:00:00+00:00,0.0,0.0,0.0
2021-10-13 05:00:00+00:00,0.0,0.0,0.0
2021-10-13 06:00:00+00:00,0.0,0.0,0.0
2021-10-13 07:00:00+00:00,0.0,0.0,0.0
2021-10-13 08:00:00+00:00,0.0,0.0,0.0
2021-10-13 09:00:00+00:00,0.0,0.0,0.0
2021-10-13 10:00:00+00:00,0.0,0.0,0.0
2021-10-13 11:00:00+00:00,0.0,0.0,0.0
2021-10-13 12:00:00+00:00,0.3273994671972631,1.1035992271739465,2.3343673390683937
2021-10-13 13:00:00+00:00,1.4889320254747669,11.937076573974224,9.145563335308099
2021-10-13 14:00:00+00:00,2.0451650673213915,3.8421567007536455,7.464613006415849
2021-10-13 15:00:00+00:00,11.031032464367774,20.173195830086733,15.052610081401532
2021-10-13 16:00:00+00:00,1.9746652091003452,22.765634953437925,17.553191301457307
2021-10-13 17:00:00+00:00,11.801670044299673,6.862661673908377,15.321755264020867
2021-10-13 18:00:00+00:00,9.23855406070231,11.42571307451186,6.980596565698676
2021-10-13 19:00:00+00:00,8.083356223952789,11.499149174401124,0.9573535461187177
2021-10-13 20:00:00+00:00,3.7163835150530584,2.3309130792235493,2.0673539193460324
2021-10-13 21:00:00+00:00,3.3972851918503433,1.0628980583345646,0.2029240919768496
2021-10-13 22:00:00+00:00,0.0,0.0,0.0
2021-10-13 23:00:00+00:00,0.0,0.0,0.0
2021-10-14 00:00:00+00:00,0.0,0.0,0.0
2021-10-14 01:00:00+00:00,0.0,0.0,0.0
2021-10-14 02:00:00+00:00,0.0,0.0,0.0
2021-10-14 03:00:00+00:00,0.0,0.0,0.0
2021-10-14 04:00:00+00:00,0.0,0.0,0.0
2021-10-14 05:00:00+00:00,0.0,0.0,0.0
2021-10-14 06:00:00+00:00,0.0,0.0,0.0
2021-10-14 07:00:00+00:00,0.0,0.0,0.0
2021-10-14 08:00:00+00:00,0.0,0.0,0.0
2021-10-14 09:00:00+00:00,0.0,0.0,0.0
2021-10-14 10:00:00+00:00,0.0,0.0,0.0
2021-10-14 11:00:00+00:00,0.0,0.0,0.0
2021-10-14 12:00:00+00:00,2.1141113137480523,5.104078167799772,3.9918192554456975
2021-10-14 13:00:00+00:00,1.820577437524593,11.620486178979359,9.213764288628601
2021-10-14 14:00:00+00:00,8.522462371088709,16.893400844103894,13.244832265765824
2021-10-14 15:00:00+00:00,12.047588809864491,20.410593122127445,15.97885611919428
2021-10-14 16:00:00+00:00,11.312768908317098,22.14759337291723,17.59774767833899
2021-10-14 17:00:00+00:00,13.117977022672779,22.10960273164689,17.404416300570116
2021-10-14 18:00:00+00:00,10.450464956879221,20.601879264602797,16.33905812677513
2021-10-14 19:00:00+00:00,10.072309370651132,13.376030365209447,8.760372335945776
2021-10-14 20:00:00+00:00,7.771978913276328,12.236297264923524,9.435005917822453
2021-10-14 21:00:00+00:00,3.7983365145951646,5.930927550106428,4.174128048759265
2021-10-14 22:00:00+00:00,0.0,0.0,0.0
2021-10-14 23:00:00+00:00,0.0,0.0,0.0
2021-10-15 00:00:00+00:00,0.0,0.0,0.0
2021-10-15 01:00:00+00:00,0.0,0.0,0.0
2021-10-15 02:00:00+00:00,0.0,0.0,0.0
2021-10-15 03:00:00+00:00,0.0,0.0,0.0
2021-10-15 04:00:00+00:00,0.0,0.0,0.0
2021-10-15 05:00:00+00:00,0.0,0.0,0.0
2021-10-15 06:00:00+00:00,0.0,0.0,0.0
2021-10-15 07:00:00+00:00,0.0,0.0,0.0
2021-10-15 08:00:00+00:00,0.0,0.0,0.0
2021-10-15 09:00:00+00:00,0.0,0.0,0.0
2021-10-15 10:00:00+00:00,0.0,0.0,0.0
2021-10-15 11:00:00+00:00,0.0,0.0,0.0
2021-10-15 12:00:00+00:00,2.7255316054107457,0.30982730624450705,0.27550986615974976
2021-10-15 13:00:00+00:00,6.841753454473229,1.61968297095516,1.8474363616347407
2021-10-15 14:00:00+00:00,8.62445778513649,16.455640650315825,13.159310625224382
2021-10-15 15:00:00+00:00,4.179975727715451,18.754615779918943,12.447309064251618
2021-10-15 16:00:00+00:00,7.764107698663575,21.219329309913043,16.839128560543397
2021-10-15 17:00:00+00:00,10.864625571446782,21.783941508979552,17.157219587634522
2021-10-15 18:00:00+00:00,9.787391637799098,20.182205867668564,15.901954156736615
2021-10-15 19:00:00+00:00,9.894080372479365,15.53668613225513,12.213035014027156
2021-10-15 20:00:00+00:00,1.83298716134331,11.820863798110974,8.686764460881367
2021-10-15 21:00:00+00:00,3.4702264552080413,5.495603259845693,4.3552322268894805
2021-10-15 22:00:00+00:00,0.0,0.0,0.0
2021-10-15 23:00:00+00:00,0.0,0.0,0.0
2021-10-16 00:00:00+00:00,0.0,0.0,0.0
2021-10-16 01:00:00+00:00,0.0,0.0,0.0
2021-10-16 02:00:00+00:00,0.0,0.0,0.0
2021-10-16 03:00:00+00:00,0.0,0.0,0.0
2021-10-16 04:00:00+00:00,0.0,0.0,0.0
2021-10-16 05:00:00+00:00,0.0,0.0,0.0
2021-10-16 06:00:00+00:00,0.0,0.0,0.0
2021-10-16 07:00:00+00:00,0.0,0.0,0.0
2021-10-16 08:00:00+00:00,0.0,0.0,0.0
2021-10-16 09:00:00+00:00,0.0,0.0,0.0
2021-10-16 10:00:00+00:00,0.0,0.0,0.0
2021-10-16 11:00:00+00:00,0.0,0.0,0.0
2021-10-16 12:00:00+00:00,2.391023119567782,4.693155802176619,3.5496272289078092
2021-10-16 13:00:00+00:00,6.585539281243649,10.489732667767196,8.784822067670625
2021-10-16 14:00:00+00:00,10.067141162066012,15.537418136855678,11.902635488330539
2021-10-16 15:00:00+00:00,12.085939714290964,19.93981581498927,14.33489519958485
2021-10-16 16:00:00+00:00,9.682809660513554,3.261998225958009,2.8833972365815086
2021-10-16 17:00:00+00:00,1.5292329024120561,7.221429847890678,4.689227041839226
2021-10-16 18:00:00+00:00,3.3575293787520653,3.940335873779621,6.508384038266425
2021-10-16 19:00:00+00:00,3.5469061845920877,16.61460938404718,13.356779979832398
2021-10-16 20:00:00+00:00,2.6734209789526258,10.537175587493232,8.858265321536667
2021-10-16 21:00:00+00:00,0.004791753572187175,4.174794076999823,2.5721777279712543
2021-10-16 22:00:00+00:00,0.0,0.0,0.0
2021-10-16 23:00:00+00:00,0.0,0.0,0.0
2021-10-17 00:00:00+00:00,0.0,0.0,0.0
2021-10-17 01:00:00+00:00,0.0,0.0,0.0
2021-10-17 02:00:00+00:00,0.0,0.0,0.0
2021-10-17 03:00:00+00:00,0.0,0.0,0.0
2021-10-17 04:00:00+00:00,0.0,0.0,0.0
2021-10-17 05:00:00+00:00,0.0,0.0,0.0
2021-10-17 06:00:00+00:00,0.0,0.0,0.0
2021-10-17 07:00:00+00:00,0.0,0.0,0.0
2021-10-17 08:00:00+00:00,0.0,0.0,0.0
2021-10-17 09:00:00+00:00,0.0,0.0,0.0
2021-10-17 10:00:00+00:00,0.0,0.0,0.0
2021-10-17 11:00:00+00:00,0.0,0.0,0.0
2021-10-17 12:00:00+00:00,3.150919362300137,5.694916801973062,4.469460714408684
2021-10-17 13:00:00+00:00,7.854899574291785,12.936804280631302,10.242530418465396
2021-10-17 14:00:00+00:00,11.371650565763222,18.45752170640388,14.650622215025585
2021-10-17 15:00:00+00:00,9.848361237446326,21.635478391046174,17.37226623600824
2021-10-17 16:00:00+00:00,1.0206207794028015,23.585521183193446,18.72483111848083
2021-10-17 17:00:00+00:00,4.030447523697408,23.74306507916363,16.931330320717876
2021-10-17 18:00:00+00:00,3.0427763736604687,21.96442200868244,17.159313853582383
2021-10-17 19:00:00+00:00,1.7065467772479386,17.09933689704041,12.680978011130163
2021-10-17 20:00:00+00:00,6.013562016138486,13.062525750992135,10.367951775228383
2021-10-17 21:00:00+00:00,3.750023971232946,6.107011239828775,4.915483089815154
2021-10-17 22:00:00+00:00,0.0,0.0,0.0
2021-10-17 23:00:00+00:00,0.0,0.0,0.0
2021-10-18 00:00:00+00:00,0.0,0.0,0.0
2021-10-18 01:00:00+00:00,0.0,0.0,0.0
2021-10-18 02:00:00+00:00,0.0,0.0,0.0
2021-10-18 03:00:00+00:00,0.0,0.0,0.0
2021-10-18 04:00:00+00:00,0.0,0.0,0.0
2021-10-18 05:00:00+00:00,0.0,0.0,0.0
2021-10-18 06:00:00+00:00,0.0,0.0,0.0
2021-10-18 07:00:00+00:00,0.0,0.0,0.0
2021-10-18 08:00:00+00:00,0.0,0.0,0.0
2021-10-18 09:00:00+00:00,0.0,0.0,0.0
2021-10-18 10:00:00+00:00,0.0,0.0,0.0
2021-10-18 11:00:00+00:00,0.0,0.0,0.0
2021-10-18 12:00:00+00:00,1.1711108015229503,5.438462965943373,3.8710179617332043
2021-10-18 13:00:00+00:00,7.952418138606438,12.696586784618395,10.061056529871765
2021-10-18 14:00:00+00:00,11.641567303428378,17.718853453234544,12.051616127470972
2021-10-18 15:00:00+00:00,12.288350329658275,21.492072734254677,16.67828132242138
2021-10-18 16:00:00+00:00,13.124240564690218,23.55191095972139,14.645761225483922
2021-10-18 17:00:00+00:00,10.981450780700783,22.783482677734217,11.309303889713542
2021-10-18 18:00:00+00:00,1.107767921684723,1.3609017159463856,1.2954730480700147
2021-10-18 19:00:00+00:00,0.25346439625151285,0.8013834429537448,1.0559927803223226
2021-10-18 20:00:00+00:00,8.564321794731162,8.098666878085472,0.37279009318139245
2021-10-18 21:00:00+00:00,3.8024078177652187,0.0180586167044346,0.10236610721857967
2021-10-18 22:00:00+00:00,0.0,0.0,0.0
2021-10-18 23:00:00+00:00,0.0,0.0,0.0
2021-10-19 00:00:00+00:00,0.0,0.0,0.0
2021-10-19 01:00:00+00:00,0.0,0.0,0.0
2021-10-19 02:00:00+00:00,0.0,0.0,0.0
2021-10-19 03:00:00+00:00,0.0,0.0,0.0
2021-10-19 04:00:00+00:00,0.0,0.0,0.0
2021-10-19 05:00:00+00:00,0.0,0.0,0.0
2021-10-19 06:00:00+00:00,0.0,0.0,0.0
2021-10-19 07:00:00+00:00,0.0,0.0,0.0
2021-10-19 08:00:00+00:00,0.0,0.0,0.0
2021-10-19 09:00:00+00:00,0.0,0.0,0.0
2021-10-19 10:00:00+00:00,0.0,0.0,0.0
2021-10-19 11:00:00+00:00,0.0,0.0,0.0
2021-10-19 12:00:00+00:00,3.052722137426025,5.554769218147721,4.355256997943605
2021-10-19 13:00:00+00:00,8.036511954791422,12.998804850115633,10.241892695515912
2021-10-19 14:00:00+00:00,11.649072639050338,18.51672668419906,14.715797874578305
2021-10-19 15:00:00+00:00,14.079410812133622,22.136336392384333,17.573749600111828
2021-10-19 16:00:00+00:00,15.261211756995515,23.827758507536807,18.880882648857302
2021-10-19 17:00:00+00:00,15.251230979219798,23.65524780883331,18.780473837673156
2021-10-19 18:00:00+00:00,13.30860790975627,21.910333843542556,17.383010864375766
2021-10-19 19:00:00+00:00,5.244556197418875,18.41140145341543,14.581092089291442
2021-10-19 20:00:00+00:00,0.5890127799358652,12.907782947382188,10.234609831360101
2021-10-19 21:00:00+00:00,0.6507116564249931,5.871649357414718,4.658906681950059
2021-10-19 22:00:00+00:00,0.0,0.0,0.0
2021-10-19 23:00:00+00:00,0.0,0.0,0.0
2021-10-20 00:00:00+00:00,0.0,0.0,0.0
2021-10-20 01:00:00+00:00,0.0,0.0,0.0
2021-10-20 02:00:00+00:00,0.0,0.0,0.0
2021-10-20 03:00:00+00:00,0.0,0.0,0.0
2021-10-20 04:00:00+00:00,0.0,0.0,0.0
2021-10-20 05:00:00+00:00,0.0,0.0,0.0
2021-10-20 06:00:00+00:00,0.0,0.0,0.0
2021-10-20 07:00:00+00:00,0.0,0.0,0.0
2021-10-20 08:00:00+00:00,0.0,0.0,0.0
2021-10-20 09:00:00+00:00,0.0,0.0,0.0
2021-10-20 10:00:00+00:00,0.0,0.0,0.0
2021-10-20 11:00:00+00:00,0.0,0.0,0.0
2021-10-20 12:00:00+00:00,2.7036721254011553,5.153589132445783,4.0227267583242865
2021-10-20 13:00:00+00:00,7.357253002368786,11.77467033239218,9.238780182492333
2021-10-20 14:00:00+00:00,10.892886481077742,17.903466284330868,12.425929289359036
2021-10-20 15:00:00+00:00,13.161047081283055,21.420604667798745,16.96107043348761
2021-10-20 16:00:00+00:00,14.437316263216417,23.35192003306849,18.629692949967577
2021-10-20 17:00:00+00:00,14.50814421405333,23.30117526654769,18.458605675883376
2021-10-20 18:00:00+00:00,13.48179213711642,21.330286447874578,16.98260682079726
2021-10-20 19:00:00+00:00,11.237189081647081,17.860957812514222,14.189056264426563
2021-10-20 20:00:00+00:00,7.894435508952018,12.415236588065198,9.835048103793383
2021-10-20 21:00:00+00:00,3.428032719143898,5.457151560146346,4.343480317166065
2021-10-20 22:00:00+00:00,0.0,0.0,0.0
2021-10-20 23:00:00+00:00,0.0,0.0,0.0
2021-10-21 00:00:00+00:00,0.0,0.0,0.0
2021-10-21 01:00:00+00:00,0.0,0.0,0.0
2021-10-21 02:00:00+00:00,0.0,0.0,0.0
2021-10-21 03:00:00+00:00,0.0,0.0,0.0
2021-10-21 04:00:00+00:00,0.0,0.0,0.0
2021-10-21 05:00:00+00:00,0.0,0.0,0.0
2021-10-21 06:00:00+00:00,0.0,0.0,0.0
2021-10-21 07:00:00+00:00,0.0,0.0,0.0
2021-10-21 08:00:00+00:00,0.0,0.0,0.0
2021-10-21 09:00:00+00:00,0.0,0.0,0.0
2021-10-21 10:00:00+00:00,0.0,0.0,0.0
2021-10-21 11:00:00+00:00,0.0,0.0,0.0
2021-10-21 12:00:00+00:00,0.016276916289650778,4.846079843202665,3.7854095952160236
2021-10-21 13:00:00+00:00,6.464896331273445,11.981340665235075,9.518354081128567
2021-10-21 14:00:00+00:00,3.8820348969187726,17.400952386360885,13.807735982554274
2021-10-21 15:00:00+00:00,8.010089571009685,20.838050003924142,16.61721562175501
2021-10-21 16:00:00+00:00,12.617420641840198,22.336042029792733,17.65459651419191
2021-10-21 17:00:00+00:00,1.4445182982231384,22.41483512446487,17.705370304630957
2021-10-21 18:00:00+00:00,2.4520927570124913,20.671072587047853,16.384222436409104
2021-10-21 19:00:00+00:00,7.009353267588132,17.286581054060296,13.759016158210963
2021-10-21 20:00:00+00:00,0.7989945627220799,11.644453154495988,9.60494259129987
2021-10-21 21:00:00+00:00,1.7842030188970606,5.135714963267705,4.108244016641036
2021-10-21 22:00:00+00:00,0.0,0.0,0.0
2021-10-21 23:00:00+00:00,0.0,0.0,0.0
2021-10-22 00:00:00+00:00,0.0,0.0,0.0
2021-10-22 01:00:00+00:00,0.0,0.0,0.0
2021-10-22 02:00:00+00:00,0.0,0.0,0.0
2021-10-22 03:00:00+00:00,0.0,0.0,0.0
2021-10-22 04:00:00+00:00,0.0,0.0,0.0
2021-10-22 05:00:00+00:00,0.0,0.0,0.0
2021-10-22 06:00:00+00:00,0.0,0.0,0.0
2021-10-22 07:00:00+00:00,0.0,0.0,0.0
2021-10-22 08:00:00+00:00,0.0,0.0,0.0
2021-10-22 09:00:00+00:00,0.0,0.0,0.0
2021-10-22 10:00:00+00:00,0.0,0.0,0.0
2021-10-22 11:00:00+00:00,0.0,0.0,0.0
2021-10-22 12:00:00+00:00,2.4378608047721593,4.242149790976783,3.4037996483064283
2021-10-22 13:00:00+00:00,6.69789072729064,11.137298728637015,7.701700899121326
2021-10-22 14:00:00+00:00,6.575139375854763,7.957922463838242,10.128004713365346
2021-10-22 15:00:00+00:00,3.803135036279283,19.640365454281763,15.159162347631247
2021-10-22 16:00:00+00:00,3.4223295220803474,22.176819907778462,17.378722293448877
2021-10-22 17:00:00+00:00,10.112995186502188,22.52922815073048,17.892781379911266
2021-10-22 18:00:00+00:00,9.884259946416423,20.65456897738722,16.668861885612007
2021-10-22 19:00:00+00:00,11.853063546166744,4.87647405207932,5.913040560842391
2021-10-22 20:00:00+00:00,8.305977421498024,7.353665714432969,8.801371575575343
2021-10-22 21:00:00+00:00,3.674933486784766,5.094057731688612,4.1134094834354435
2021-10-22 22:00:00+00:00,0.0,0.0,0.0
2021-10-22 23:00:00+00:00,0.0,0.0,0.0
2021-10-23 00:00:00+00:00,0.0,0.0,0.0
2021-10-23 01:00:00+00:00,0.0,0.0,0.0
2021-10-23 02:00:00+00:00,0.0,0.0,0.0
2021-10-23 03:00:00+00:00,0.0,0.0,0.0
2021-10-23 04:00:00+00:00,0.0,0.0,0.0
2021-10-23 05:00:00+00:00,0.0,0.0,0.0
2021-10-23 06:00:00+00:00,0.0,0.0,0.0
2021-10-23 07:00:00+00:00,0.0,0.0,0.0
2021-10-23 08:00:00+00:00,0.0,0.0,0.0
2021-10-23 09:00:00+00:00,0.0,0.0,0.0
2021-10-23 10:00:00+00:00,0.0,0.0,0.0
2021-10-23 11:00:00+00:00,0.0,0.0,0.0
2021-10-23 12:00:00+00:00,2.440947199554182,4.873787716392931,3.7745497089611
2021-10-23 13:00:00+00:00,2.786592538778089,11.692445980497187,8.074902048206596
2021-10-23 14:00:00+00:00,2.0103573355864284,17.730682676060784,13.897013122642571
2021-10-23 15:00:00+00:00,13.070010422472107,21.391389499462946,16.80262844974298
2021-10-23 16:00:00+00:00,14.653813650529719,22.390536093228487,17.654361434508253
2021-10-23 17:00:00+00:00,7.528377114694245,17.56467044144729,5.806763164703389
2021-10-23 18:00:00+00:00,12.720986830316798,19.77237147824994,11.703018210014282
2021-10-23 19:00:00+00:00,11.11708060192963,17.869170562248897,13.596336672719824
2021-10-23 20:00:00+00:00,8.163946015814442,10.153917671306786,7.703185149373704
2021-10-23 21:00:00+00:00,3.06004977900188,3.279365891309164,3.587996374463725
2021-10-23 22:00:00+00:00,0.0,0.0,0.0
2021-10-23 23:00:00+00:00,0.0,0.0,0.0
2021-10-24 00:00:00+00:00,0.0,0.0,0.0
2021-10-24 01:00:00+00:00,0.0,0.0,0.0
2021-10-24 02:00:00+00:00,0.0,0.0,0.0
2021-10-24 03:00:00+00:00,0.0,0.0,0.0
2021-10-24 04:00:00+00:00,0.0,0.0,0.0
2021-10-24 05:00:00+00:00,0.0,0.0,0.0
2021-10-24 06:00:00+00:00,0.0,0.0,0.0
2021-10-24 07:00:00+00:00,0.0,0.0,0.0
2021-10-24 08:00:00+00:00,0.0,0.0,0.0
2021-10-24 09:00:00+00:00,0.0,0.0,0.0
2021-10-24 10:00:00+00:00,0.0,0.0,0.0
2021-10-24 11:00:00+00:00,0.0,0.0,0.0
2021-10-24 12:00:00+00:00,1.2356476260541631,4.7105898208745085,3.6127333665462
2021-10-24 13:00:00+00:00,6.696141316825631,12.43478826538913,9.279348933853306
2021-10-24 14:00:00+00:00,11.938105020200025,18.212116893947766,13.125466189408577
2021-10-24 15:00:00+00:00,14.39678752981236,21.813841329702413,17.34875881926765
2021-10-24 16:00:00+00:00,15.668262200611412,22.908572498600105,18.220343996149193
2021-10-24 17:00:00+00:00,15.666866505070878,22.79846178469157,17.27453997025707
2021-10-24 18:00:00+00:00,14.511671765097763,20.405640115293107,16.74683870029467
2021-10-24 19:00:00+00:00,12.102429458277122,14.990737933077904,14.335157473245566
2021-10-24 20:00:00+00:00,3.9494420825122294,10.211029323585153,6.273942830876577
2021-10-24 21:00:00+00:00,3.3477882452316052,4.84068936797703,3.7105129077173564
2021-10-24 22:00:00+00:00,0.0,0.0,0.0
2021-10-24 23:00:00+00:00,0.0,0.0,0.0
2021-10-25 00:00:00+00:00,0.0,0.0,0.0
2021-10-25 01:00:00+00:00,0.0,0.0,0.0
2021-10-25 02:00:00+00:00,0.0,0.0,0.0
2021-10-25 03:00:00+00:00,0.0,0.0,0.0
2021-10-25 04:00:00+00:00,0.0,0.0,0.0
2021-10-25 05:00:00+00:00,0.0,0.0,0.0
2021-10-25 06:00:00+00:00,0.0,0.0,0.0
2021-10-25 07:00:00+00:00,0.0,0.0,0.0
2021-10-25 08:00:00+00:00,0.0,0.0,0.0
2021-10-25 09:00:00+00:00,0.0,0.0,0.0
2021-10-25 10:00:00+00:00,0.0,0.0,0.0
2021-10-25 11:00:00+00:00,0.0,0.0,0.0
2021-10-25 12:00:00+00:00,0.014791604385055716,0.7344701220530686,0.5602492785256654
2021-10-25 13:00:00+00:00,0.0787915120555967,9.040519995581956,7.750346231926364
2021-10-25 14:00:00+00:00,0.11958947120039352,0.3417200407309687,9.451685968108315
2021-10-25 15:00:00+00:00,0.20890108340141805,18.277366614666338,14.33934393935355
2021-10-25 16:00:00+00:00,0.3214711423785335,3.963581248649618,13.048519420591127
2021-10-25 17:00:00+00:00,0.14507824550618137,3.6674668185150443,12.045181119033042
2021-10-25 18:00:00+00:00,3.5877261637510425,1.9420101685896995,1.7269279215551019
2021-10-25 19:00:00+00:00,0.4347672383951097,2.2294449445559787,1.7002679632757027
2021-10-25 20:00:00+00:00,0.18347142463388602,1.1120773812672662,1.1989834965055133
2021-10-25 21:00:00+00:00,0.06344164030642428,1.0660240313419453,2.3576752907567813
2021-10-25 22:00:00+00:00,0.0,0.0,0.0
2021-10-25 23:00:00+00:00,0.0,0.0,0.0
2021-10-26 00:00:00+00:00,0.0,0.0,0.0
2021-10-26 01:00:00+00:00,0.0,0.0,0.0
2021-10-26 02:00:00+00:00,0.0,0.0,0.0
2021-10-26 03:00:00+00:00,0.0,0.0,0.0
2021-10-26 04:00:00+00:00,0.0,0.0,0.0
2021-10-26 05:00:00+00:00,0.0,0.0,0.0
2021-10-26 06:00:00+00:00,0.0,0.0,0.0
2021-10-26 07:00:00+00:00,0.0,0.0,0.0
2021-10-26 08:00:00+00:00,0.0,0.0,0.0
2021-10-26 09:00:00+00:00,0.0,0.0,0.0
2021-10-26 10:00:00+00:00,0.0,0.0,0.0
2021-10-26 11:00:00+00:00,0.0,0.0,0.0
2021-10-26 12:00:00+00:00,0.014771120231960276,0.002536554808875391,0.004033624041713753
2021-10-26 13:00:00+00:00,0.02949959643884891,0.020267602308632362,0.01811597109107506
2021-10-26 14:00:00+00:00,0.12121273525430323,0.060706421753899065,0.02416061762559445
2021-10-26 15:00:00+00:00,0.09799047520717727,0.12655729036176716,0.3573237377618394
2021-10-26 16:00:00+00:00,0.05535192424063886,1.1035062294162579,0.6373605159329614
2021-10-26 17:00:00+00:00,0.04725132033834968,0.15463754606999194,0.07663078903565611
2021-10-26 18:00:00+00:00,0.10082035768609843,0.060879958331918185,0.04834755556887744
2021-10-26 19:00:00+00:00,0.03901036223129823,0.06353237791302774,0.03632063394644509
2021-10-26 20:00:00+00:00,0.1657107872265203,0.012728118299142674,0.008088390400123218
2021-10-26 21:00:00+00:00,0.035791519637775326,0.005098163072047512,0.004047689170849878
2021-10-26 22:00:00+00:00,0.0,0.0,0.0
2021-10-26 23:00:00+00:00,0.0,0.0,0.0
2021-10-27 00:00:00+00:00,0.0,0.0,0.0
2021-10-27 01:00:00+00:00,0.0,0.0,0.0
2021-10-27 02:00:00+00:00,0.0,0.0,0.0
2021-10-27 03:00:00+00:00,0.0,0.0,0.0
2021-10-27 04:00:00+00:00,0.0,0.0,0.0
2021-10-27 05:00:00+00:00,0.0,0.0,0.0
2021-10-27 06:00:00+00:00,0.0,0.0,0.0
2021-10-27 07:00:00+00:00,0.0,0.0,0.0
2021-10-27 08:00:00+00:00,0.0,0.0,0.0
2021-10-27 09:00:00+00:00,0.0,0.0,0.0
2021-10-27 10:00:00+00:00,0.0,0.0,0.0
2021-10-27 11:00:00+00:00,0.0,0.0,0.0
2021-10-27 12:00:00+00:00,0.8576781489204991,0.02572298373395158,0.022464678556300653
2021-10-27 13:00:00+00:00,5.733982242821493,0.5456995570395212,1.3769999060711682
2021-10-27 14:00:00+00:00,0.2230851130408133,0.2863165937880298,0.2702679843771291
2021-10-27 15:00:00+00:00,3.3064261197763356,3.0270961269927374,2.3291003681502973
2021-10-27 16:00:00+00:00,10.604160127057817,7.044524245909478,1.3811388313650983
2021-10-27 17:00:00+00:00,12.842703491614806,0.8208476838937955,0.5379938369296183
2021-10-27 18:00:00+00:00,3.9438958690739088,3.7542136354589593,1.9204909676152868
2021-10-27 19:00:00+00:00,11.466943190068438,1.5950911051700747,0.5053146662274818
2021-10-27 20:00:00+00:00,7.929567244970812,4.551805867383018,0.6318049656011618
2021-10-27 21:00:00+00:00,2.238368999901177,2.8050934455585406,2.4645586900868786
2021-10-27 22:00:00+00:00,0.0,0.0,0.0
2021-10-27 23:00:00+00:00,0.0,0.0,0.0
2021-10-28 00:00:00+00:00,0.0,0.0,0.0
2021-10-28 01:00:00+00:00,0.0,0.0,0.0
2021-10-28 02:00:00+00:00,0.0,0.0,0.0
2021-10-28 03:00:00+00:00,0.0,0.0,0.0
2021-10-28 04:00:00+00:00,0.0,0.0,0.0
2021-10-28 05:00:00+00:00,0.0,0.0,0.0
2021-10-28 06:00:00+00:00,0.0,0.0,0.0
2021-10-28 07:00:00+00:00,0.0,0.0,0.0
2021-10-28 08:00:00+00:00,0.0,0.0,0.0
2021-10-28 09:00:00+00:00,0.0,0.0,0.0
2021-10-28 10:00:00+00:00,0.0,0.0,0.0
2021-10-28 11:00:00+00:00,0.0,0.0,0.0
2021-10-28 12:00:00+00:00,2.300908993430726,0.7292162925696867,0.5992136633942666
2021-10-28 13:00:00+00:00,1.0123476426599562,2.7809591644955876,7.6741319190901365
2021-10-28 14:00:00+00:00,2.8126175888749128,13.249720711260222,4.5717804111611695
2021-10-28 15:00:00+00:00,8.491261174256211,6.505253982974868,13.21013812769411
2021-10-28 16:00:00+00:00,14.469949511233825,21.214869605255995,17.725915413809293
2021-10-28 17:00:00+00:00,14.352832364066272,6.85888864970132,6.491481564875515
2021-10-28 18:00:00+00:00,13.047191430644135,6.478916017443538,2.9763085226790267
2021-10-28 19:00:00+00:00,11.999136988796957,3.2435827401269717,1.8663201447903734
2021-10-28 20:00:00+00:00,8.460478163320486,1.9328311372068094,1.5277787040039519
2021-10-28 21:00:00+00:00,3.345824462047649,0.6457266155431636,0.7596870913004746
2021-10-28 22:00:00+00:00,0.0,0.0,0.0
2021-10-28 23:00:00+00:00,0.0,0.0,0.0
2021-10-29 00:00:00+00:00,0.0,0.0,0.0
2021-10-29 01:00:00+00:00,0.0,0.0,0.0
2021-10-29 02:00:00+00:00,0.0,0.0,0.0
2021-10-29 03:00:00+00:00,0.0,0.0,0.0
2021-10-29 04:00:00+00:00,0.0,0.0,0.0
2021-10-29 05:00:00+00:00,0.0,0.0,0.0
2021-10-29 06:00:00+00:00,0.0,0.0,0.0
2021-10-29 07:00:00+00:00,0.0,0.0,0.0
2021-10-29 08:00:00+00:00,0.0,0.0,0.0
2021-10-29 09:00:00+00:00,0.0,0.0,0.0
2021-10-29 10:00:00+00:00,0.0,0.0,0.0
2021-10-29 11:00:00+00:00,0.0,0.0,0.0
2021-10-29 12:00:00+00:00,0.42385331346467686,2.3700948318477835,2.4874576451133086
2021-10-29 13:00:00+00:00,5.538945708460399,11.375139759826677,9.462785460428893
2021-10-29 14:00:00+00:00,7.455809589430869,12.12172540935021,13.565323144973991
2021-10-29 15:00:00+00:00,14.093815650377914,5.004722304919179,9.95235915781625
2021-10-29 16:00:00+00:00,14.18637192176142,2.461108207825343,1.542791582195732
2021-10-29 17:00:00+00:00,15.609846667025314,4.491665948340929,3.6872891512602974
2021-10-29 18:00:00+00:00,14.374617235807582,4.088476970742305,4.835825064855551
2021-10-29 19:00:00+00:00,11.93012648110874,3.394277410154805,1.5427198809147389
2021-10-29 20:00:00+00:00,8.270478663071634,2.0799255770980234,1.5481464617092024
2021-10-29 21:00:00+00:00,3.128694270998516,2.1676427719432247,0.6212787050435494
2021-10-29 22:00:00+00:00,0.0,0.0,0.0
2021-10-29 23:00:00+00:00,0.0,0.0,0.0
2021-10-30 00:00:00+00:00,0.0,0.0,0.0
2021-10-30 01:00:00+00:00,0.0,0.0,0.0
2021-10-30 02:00:00+00:00,0.0,0.0,0.0
2021-10-30 03:00:00+00:00,0.0,0.0,0.0
2021-10-30 04:00:00+00:00,0.0,0.0,0.0
2021-10-30 05:00:00+00:00,0.0,0.0,0.0
2021-10-30 06:00:00+00:00,0.0,0.0,0.0
2021-10-30 07:00:00+00:00,0.0,0.0,0.0
2021-10-30 08:00:00+00:00,0.0,0.0,0.0
2021-10-30 09:00:00+00:00,0.0,0.0,0.0
2021-10-30 10:00:00+00:00,0.0,0.0,0.0
2021-10-30 11:00:00+00:00,0.0,0.0,0.0
2021-10-30 12:00:00+00:00,1.1778642297766586,0.9060736393351216,0.18474370340827972
2021-10-30 13:00:00+00:00,0.12046241240239798,0.5004831435003275,0.06265105605293685
2021-10-30 14:00:00+00:00,0.08846712683292196,0.08888275022883123,0.03228192087918169
2021-10-30 15:00:00+00:00,9.489099080810409,0.6568803999654569,0.9954492423949878
2021-10-30 16:00:00+00:00,0.09101885079346778,0.08371595237557924,0.12861377830780502
2021-10-30 17:00:00+00:00,0.6127851620997251,0.12500217892530133,0.4077025137814374
2021-10-30 18:00:00+00:00,0.7304656662312746,0.0868076417494243,0.06888773048214884
2021-10-30 19:00:00+00:00,0.027496197481890028,0.03573692908956356,0.018249712477493418
2021-10-30 20:00:00+00:00,0.1031407329537194,3.2664054174968027,1.7966950389031513
2021-10-30 21:00:00+00:00,0.1274398912103387,0.07928177729319652,0.032500888554912157
2021-10-30 22:00:00+00:00,0.0,0.0,0.0
2021-10-30 23:00:00+00:00,0.0,0.0,0.0
2021-10-31 00:00:00+00:00,0.0,0.0,0.0
2021-10-31 01:00:00+00:00,0.0,0.0,0.0
2021-10-31 02:00:00+00:00,0.0,0.0,0.0
2021-10-31 03:00:00+00:00,0.0,0.0,0.0
2021-10-31 04:00:00+00:00,0.0,0.0,0.0
2021-10-31 05:00:00+00:00,0.0,0.0,0.0
2021-10-31 06:00:00+00:00,0.0,0.0,0.0
2021-10-31 07:00:00+00:00,0.0,0.0,0.0
2021-10-31 08:00:00+00:00,0.0,0.0,0.0
2021-10-31 09:00:00+00:00,0.0,0.0,0.0
2021-10-31 10:00:00+00:00,0.0,0.0,0.0
2021-10-31 11:00:00+00:00,0.0,0.0,0.0
2021-10-31 12:00:00+00:00,0.009795979582971364,0.7431505600314131,0.3218952954236513
2021-10-31 13:00:00+00:00,0.21666970076696773,10.390326556679774,8.06247730661854
2021-10-31 14:00:00+00:00,0.1286183965166912,16.30029796972982,11.2075761450902
2021-10-31 15:00:00+00:00,0.3852604790984014,3.0116881349748885,13.49296909068976
2021-10-31 16:00:00+00:00,1.2871359408805436,22.122145106047075,17.73413250157955
2021-10-31 17:00:00+00:00,0.6071714338733313,21.784830511709647,17.83933255784622
2021-10-31 18:00:00+00:00,0.9557341702357361,20.758070827310323,16.34519042990728
2021-10-31 19:00:00+00:00,0.834514552427727,13.362758023675784,12.525383758406983
2021-10-31 20:00:00+00:00,0.25994283827161074,11.429450257502161,9.123857589060398
2021-10-31 21:00:00+00:00,1.4712350148413946,3.7570838616864775,2.870163475921586
2021-10-31 22:00:00+00:00,0.0,0.0,0.0
2021-10-31 23:00:00+00:00,0.0,0.0,0.0
2021-11-01 00:00:00+00:00,0.0,0.0,0.0
2021-11-01 01:00:00+00:00,0.0,0.0,0.0
2021-11-01 02:00:00+00:00,0.0,0.0,0.0
2021-11-01 03:00:00+00:00,0.0,0.0,0.0
2021-11-01 04:00:00+00:00,0.0,0.0,0.0
2021-11-01 05:00:00+00:00,0.0,0.0,0.0
2021-11-01 06:00:00+00:00,0.0,0.0,0.0
2021-11-01 07:00:00+00:00,0.0,0.0,0.0
2021-11-01 08:00:00+00:00,0.0,0.0,0.0
2021-11-01 09:00:00+00:00,0.0,0.0,0.0
2021-11-01 10:00:00+00:00,0.0,0.0,0.0
2021-11-01 11:00:00+00:00,0.0,0.0,0.0
2021-11-01 12:00:00+00:00,1.7985475060176817,3.6487949498052927,2.8642569097115276
2021-11-01 13:00:00+00:00,7.255617201369462,11.532422416814452,9.17654434844478
2021-11-01 14:00:00+00:00,10.454966171318144,16.43595589372152,13.178202237319192
2021-11-01 15:00:00+00:00,13.822519948787532,21.244164765902713,16.63398807062301
2021-11-01 16:00:00+00:00,13.85971495595872,23.699611431861605,18.88736014819562
2021-11-01 17:00:00+00:00,10.617784888190545,24.073825698397492,19.16461051844691
2021-11-01 18:00:00+00:00,11.774678484155661,22.407977788937234,17.827207328838615
2021-11-01 19:00:00+00:00,11.613771462039752,18.725990980754922,14.90480904222289
2021-11-01 20:00:00+00:00,8.225918492366274,13.025866360337956,10.311744880891425
2021-11-01 21:00:00+00:00,2.8420623965104492,4.740529050619146,3.764691598546178
2021-11-01 22:00:00+00:00,0.0,0.0,0.0
2021-11-01 23:00:00+00:00,0.0,0.0,0.0
2021-11-02 00:00:00+00:00,0.0,0.0,0.0
2021-11-02 01:00:00+00:00,0.0,0.0,0.0
2021-11-02 02:00:00+00:00,0.0,0.0,0.0
2021-11-02 03:00:00+00:00,0.0,0.0,0.0
2021-11-02 04:00:00+00:00,0.0,0.0,0.0
2021-11-02 05:00:00+00:00,0.0,0.0,0.0
2021-11-02 06:00:00+00:00,0.0,0.0,0.0
2021-11-02 07:00:00+00:00,0.0,0.0,0.0
2021-11-02 08:00:00+00:00,0.0,0.0,0.0
2021-11-02 09:00:00+00:00,0.0,0.0,0.0
2021-11-02 10:00:00+00:00,0.0,0.0,0.0
2021-11-02 11:00:00+00:00,0.0,0.0,0.0
2021-11-02 12:00:00+00:00,1.5214582147096736,3.2956541148610796,2.7068626813726397
2021-11-02 13:00:00+00:00,7.155989584653469,11.809181517988028,9.29395949845011
2021-11-02 14:00:00+00:00,11.098709761128582,15.419911946363705,11.177127465637795
2021-11-02 15:00:00+00:00,13.440151029394666,4.608036048031823,15.927735019127665
2021-11-02 16:00:00+00:00,15.155734553678816,4.28948479481454,7.836406448884095
2021-11-02 17:00:00+00:00,14.804138330781567,3.4571188859821866,3.8758922986321727
2021-11-02 18:00:00+00:00,1.3778505059656587,1.760686881418876,1.2260054663944246
2021-11-02 19:00:00+00:00,6.821099434869146,1.426293890681968,1.3246336852294431
2021-11-02 20:00:00+00:00,8.054113445880034,0.5769652154670897,0.2735821287064999
2021-11-02 21:00:00+00:00,2.435215260536238,0.135127181312758,0.1073335642008345
2021-11-02 22:00:00+00:00,0.0,0.0,0.0
2021-11-02 23:00:00+00:00,0.0,0.0,0.0
2021-11-03 00:00:00+00:00,0.0,0.0,0.0
2021-11-03 01:00:00+00:00,0.0,0.0,0.0
2021-11-03 02:00:00+00:00,0.0,0.0,0.0
2021-11-03 03:00:00+00:00,0.0,0.0,0.0
2021-11-03 04:00:00+00:00,0.0,0.0,0.0
2021-11-03 05:00:00+00:00,0.0,0.0,0.0
2021-11-03 06:00:00+00:00,0.0,0.0,0.0
2021-11-03 07:00:00+00:00,0.0,0.0,0.0
2021-11-03 08:00:00+00:00,0.0,0.0,0.0
2021-11-03 09:00:00+00:00,0.0,0.0,0.0
2021-11-03 10:00:00+00:00,0.0,0.0,0.0
2021-11-03 11:00:00+00:00,0.0,0.0,0.0
2021-11-03 12:00:00+00:00,1.5274588370735538,3.9941272805295416,3.0532118095264598
2021-11-03 13:00:00+00:00,7.399941604607337,12.571626746336348,9.819473487816415
2021-11-03 14:00:00+00:00,7.951574785094736,18.29132940919714,14.472048664437244
2021-11-03 15:00:00+00:00,13.295559661233042,22.005214164800556,17.593038947911204
2021-11-03 16:00:00+00:00,12.838843860792652,24.3796080678073,19.377611836997573
2021-11-03 17:00:00+00:00,2.007139544132686,24.447755520400346,19.357120169540476
2021-11-03 18:00:00+00:00,12.36054205571872,22.436249286449016,17.862826835913612
2021-11-03 19:00:00+00:00,7.003266397190355,18.69199658150144,14.68478305654554
2021-11-03 20:00:00+00:00,7.961463396538791,11.67367647333637,0.9052798196056507
2021-11-03 21:00:00+00:00,2.412567324113632,3.793313329422657,3.203508744089753
2021-11-03 22:00:00+00:00,0.0,0.0,0.0
2021-11-03 23:00:00+00:00,0.0,0.0,0.0
2021-11-04 00:00:00+00:00,0.0,0.0,0.0
2021-11-04 01:00:00+00:00,0.0,0.0,0.0
2021-11-04 02:00:00+00:00,0.0,0.0,0.0
2021-11-04 03:00:00+00:00,0.0,0.0,0.0
2021-11-04 04:00:00+00:00,0.0,0.0,0.0
2021-11-04 05:00:00+00:00,0.0,0.0,0.0
2021-11-04 06:00:00+00:00,0.0,0.0,0.0
2021-11-04 07:00:00+00:00,0.0,0.0,0.0
2021-11-04 08:00:00+00:00,0.0,0.0,0.0
2021-11-04 09:00:00+00:00,0.0,0.0,0.0
2021-11-04 10:00:00+00:00,0.0,0.0,0.0
2021-11-04 11:00:00+00:00,0.0,0.0,0.0
2021-11-04 12:00:00+00:00,0.23515228640984087,3.763690966194855,2.8415509008508337
2021-11-04 13:00:00+00:00,1.8071107445554404,11.117229393228746,9.787570576888553
2021-11-04 14:00:00+00:00,4.754922457433827,18.470319016186963,14.602254277698894
2021-11-04 15:00:00+00:00,2.117075052666763,22.077956806951768,16.141611877460548
2021-11-04 16:00:00+00:00,14.855304663471857,24.327053833015906,19.30983175235195
2021-11-04 17:00:00+00:00,14.542133188166556,24.493581811657556,19.451806189242735
2021-11-04 18:00:00+00:00,14.293701712306703,22.732342550585486,17.977570885866882
2021-11-04 19:00:00+00:00,11.164319946034372,18.874558286695475,14.809066987997822
2021-11-04 20:00:00+00:00,7.91797742919441,11.817223631105112,9.837964223119577
2021-11-04 21:00:00+00:00,0.3235385141049064,0.5345912669927841,0.43668308636897735
2021-11-04 22:00:00+00:00,0.0,0.0,0.0
2021-11-04 23:00:00+00:00,0.0,0.0,0.0
2021-11-05 00:00:00+00:00,0.0,0.0,0.0
2021-11-05 01:00:00+00:00,0.0,0.0,0.0
2021-11-05 02:00:00+00:00,0.0,0.0,0.0
2021-11-05 03:00:00+00:00,0.0,0.0,0.0
2021-11-05 04:00:00+00:00,0.0,0.0,0.0
2021-11-05 05:00:00+00:00,0.0,0.0,0.0
2021-11-05 06:00:00+00:00,0.0,0.0,0.0
2021-11-05 07:00:00+00:00,0.0,0.0,0.0
2021-11-05 08:00:00+00:00,0.0,0.0,0.0
2021-11-05 09:00:00+00:00,0.0,0.0,0.0
2021-11-05 10:00:00+00:00,0.0,0.0,0.0
2021-11-05 11:00:00+00:00,0.0,0.0,0.0
2021-11-05 12:00:00+00:00,0.2666544836907086,3.582696293389514,2.7835559448245704
2021-11-05 13:00:00+00:00,1.0039614085126005,12.36436950306335,9.740561716940075
2021-11-05 14:00:00+00:00,2.445816871765967,18.4142110824276,14.64069496802338
2021-11-05 15:00:00+00:00,7.767412278609363,22.36875704176336,17.735830141357052
2021-11-05 16:00:00+00:00,15.283585483992983,24.39853123198516,19.27507844976418
2021-11-05 17:00:00+00:00,15.60923434082791,24.384092262936502,19.41395230528336
2021-11-05 18:00:00+00:00,14.361291476444825,22.65457977816334,17.910257249617022
2021-11-05 19:00:00+00:00,11.86323322879794,18.932629248399582,14.998291442674729
2021-11-05 20:00:00+00:00,8.076993221249653,12.976512642812764,10.344266083003237
2021-11-05 21:00:00+00:00,2.076210422653784,4.2412487604585944,3.3298308701253676
2021-11-05 22:00:00+00:00,0.0,0.0,0.0
2021-11-05 23:00:00+00:00,0.0,0.0,0.0
2021-11-06 00:00:00+00:00,0.0,0.0,0.0
2021-11-06 01:00:00+00:00,0.0,0.0,0.0
2021-11-06 02:00:00+00:00,0.0,0.0,0.0
2021-11-06 03:00:00+00:00,0.0,0.0,0.0
2021-11-06 04:00:00+00:00,0.0,0.0,0.0
2021-11-06 05:00:00+00:00,0.0,0.0,0.0
2021-11-06 06:00:00+00:00,0.0,0.0,0.0
2021-11-06 07:00:00+00:00,0.0,0.0,0.0
2021-11-06 08:00:00+00:00,0.0,0.0,0.0
2021-11-06 09:00:00+00:00,0.0,0.0,0.0
2021-11-06 10:00:00+00:00,0.0,0.0,0.0
2021-11-06 11:00:00+00:00,0.0,0.0,0.0
2021-11-06 12:00:00+00:00,0.23147189893550363,3.551461159598945,2.669418255520209
2021-11-06 13:00:00+00:00,1.9521860594069087,12.444668782918871,9.834974285639184
2021-11-06 14:00:00+00:00,6.474186120088001,18.573114307982348,14.574523409836077
2021-11-06 15:00:00+00:00,10.197842737044082,22.21455673453713,17.647634800462246
2021-11-06 16:00:00+00:00,15.358852988092798,24.32122698838928,19.205634300353115
2021-11-06 17:00:00+00:00,15.479898994001509,24.494582225515593,19.356014204276125
2021-11-06 18:00:00+00:00,14.348815974752723,22.701039522293797,17.99219007406982
2021-11-06 19:00:00+00:00,11.992456088546717,18.766896949695482,14.995339043530445
2021-11-06 20:00:00+00:00,8.224194019351323,12.741814146724574,10.092098487301746
2021-11-06 21:00:00+00:00,2.305487343115411,0.4562808964073396,3.0605013597238777
2021-11-06 22:00:00+00:00,0.0,0.0,0.0
2021-11-06 23:00:00+00:00,0.0,0.0,0.0
2021-11-07 00:00:00+00:00,0.0,0.0,0.0
2021-11-07 01:00:00+00:00,0.0,0.0,0.0
2021-11-07 02:00:00+00:00,0.0,0.0,0.0
2021-11-07 03:00:00+00:00,0.0,0.0,0.0
2021-11-07 04:00:00+00:00,0.0,0.0,0.0
2021-11-07 05:00:00+00:00,0.0,0.0,0.0
2021-11-07 06:00:00+00:00,0.0,0.0,0.0
2021-11-07 07:00:00+00:00,0.0,0.0,0.0
2021-11-07 08:00:00+00:00,0.0,0.0,0.0
2021-11-07 09:00:00+00:00,0.0,0.0,0.0
2021-11-07 10:00:00+00:00,0.0,0.0,0.0
2021-11-07 11:00:00+00:00,0.0,0.0,0.0
2021-11-07 12:00:00+00:00,0.2175257003569559,3.3514143741570996,2.3462019081829126
2021-11-07 13:00:00+00:00,5.190466727711871,9.412958753394992,8.422030993159497
2021-11-07 14:00:00+00:00,11.266704656092777,9.478069961909027,10.523924914553422
2021-11-07 15:00:00+00:00,13.251731883115351,20.58150074849981,17.516592767197356
2021-11-07 16:00:00+00:00,15.325485179558289,23.767157352731513,19.13980040970596
2021-11-07 17:00:00+00:00,15.43794837340512,22.90619922459436,19.186183024609342
2021-11-07 18:00:00+00:00,14.283224827007471,21.658006801287815,17.715443436589627
2021-11-07 19:00:00+00:00,11.82227420194179,11.770541104753034,7.358063574769438
2021-11-07 20:00:00+00:00,8.059315587647635,11.960961725801205,9.395001252603501
2021-11-07 21:00:00+00:00,2.221480581473858,3.9765174670105297,3.095017654801691
2021-11-07 22:00:00+00:00,0.0,0.0,0.0
2021-11-07 23:00:00+00:00,0.0,0.0,0.0
2021-11-08 00:00:00+00:00,0.0,0.0,0.0
2021-11-08 01:00:00+00:00,0.0,0.0,0.0
2021-11-08 02:00:00+00:00,0.0,0.0,0.0
2021-11-08 03:00:00+00:00,0.0,0.0,0.0
2021-11-08 04:00:00+00:00,0.0,0.0,0.0
2021-11-08 05:00:00+00:00,0.0,0.0,0.0
2021-11-08 06:00:00+00:00,0.0,0.0,0.0
2021-11-08 07:00:00+00:00,0.0,0.0,0.0
2021-11-08 08:00:00+00:00,0.0,0.0,0.0
2021-11-08 09:00:00+00:00,0.0,0.0,0.0
2021-11-08 10:00:00+00:00,0.0,0.0,0.0
2021-11-08 11:00:00+00:00,0.0,0.0,0.0
2021-11-08 12:00:00+00:00,0.45760791612211754,3.0068684943451363,2.301600193320756
2021-11-08 13:00:00+00:00,6.853333467821439,11.977135686723367,9.395334247211505
2021-11-08 14:00:00+00:00,10.860336866512522,17.864234855617557,14.091362495217554
2021-11-08 15:00:00+00:00,11.751990764357675,21.61212658586234,17.112130959714836
2021-11-08 16:00:00+00:00,14.737716806359915,23.53695653836931,18.66517905957948
2021-11-08 17:00:00+00:00,14.631849942415256,23.326373377613063,18.614531591221752
2021-11-08 18:00:00+00:00,13.509106973668054,21.522605156372762,17.1111186731936
2021-11-08 19:00:00+00:00,11.069129978656017,17.840668113589736,14.127229233180815
2021-11-08 20:00:00+00:00,7.405083155979179,11.981935756887143,9.510257072789443
2021-11-08 21:00:00+00:00,1.7644299553511393,3.327300933027058,2.6621456298882618
2021-11-08 22:00:00+00:00,0.0,0.0,0.0
2021-11-08 23:00:00+00:00,0.0,0.0,0.0
2021-11-09 00:00:00+00:00,0.0,0.0,0.0
2021-11-09 01:00:00+00:00,0.0,0.0,0.0
2021-11-09 02:00:00+00:00,0.0,0.0,0.0
2021-11-09 03:00:00+00:00,0.0,0.0,0.0
2021-11-09 04:00:00+00:00,0.0,0.0,0.0
2021-11-09 05:00:00+00:00,0.0,0.0,0.0
2021-11-09 06:00:00+00:00,0.0,0.0,0.0
2021-11-09 07:00:00+00:00,0.0,0.0,0.0
2021-11-09 08:00:00+00:00,0.0,0.0,0.0
2021-11-09 09:00:00+00:00,0.0,0.0,0.0
2021-11-09 10:00:00+00:00,0.0,0.0,0.0
2021-11-09 11:00:00+00:00,0.0,0.0,0.0
2021-11-09 12:00:00+00:00,0.3347798918063551,1.746859957253755,1.6984154225003711
2021-11-09 13:00:00+00:00,6.330993781400899,8.719025753865541,8.496669097298726
2021-11-09 14:00:00+00:00,10.31638341893021,16.38717451310876,13.468678576936668
2021-11-09 15:00:00+00:00,12.886491692992294,20.59408021246404,16.334423778997856
2021-11-09 16:00:00+00:00,14.143730710467516,22.583642549937245,17.92865767897742
2021-11-09 17:00:00+00:00,14.094048992241982,22.129644280130947,17.766295732462744
2021-11-09 18:00:00+00:00,12.85005378286699,20.295404784358166,16.280979455879788
2021-11-09 19:00:00+00:00,10.303157661592262,16.473746001685097,13.084011376899971
2021-11-09 20:00:00+00:00,6.668603795815617,10.718595169895785,8.47757848450573
2021-11-09 21:00:00+00:00,1.408145007412354,2.521911419842637,2.049455007574502
2021-11-09 22:00:00+00:00,0.0,0.0,0.0
2021-11-09 23:00:00+00:00,0.0,0.0,0.0
2021-11-10 00:00:00+00:00,0.0,0.0,0.0
2021-11-10 01:00:00+00:00,0.0,0.0,0.0
2021-11-10 02:00:00+00:00,0.0,0.0,0.0
2021-11-10 03:00:00+00:00,0.0,0.0,0.0
2021-11-10 04:00:00+00:00,0.0,0.0,0.0
2021-11-10 05:00:00+00:00,0.0,0.0,0.0
2021-11-10 06:00:00+00:00,0.0,0.0,0.0
2021-11-10 07:00:00+00:00,0.0,0.0,0.0
2021-11-10 08:00:00+00:00,0.0,0.0,0.0
2021-11-10 09:00:00+00:00,0.0,0.0,0.0
2021-11-10 10:00:00+00:00,0.0,0.0,0.0
2021-11-10 11:00:00+00:00,0.0,0.0,0.0
2021-11-10 12:00:00+00:00,0.016492435081869355,1.981103118511844,1.2924227950005474
2021-11-10 13:00:00+00:00,0.6923227157790989,10.255266243386561,6.077457179796298
2021-11-10 14:00:00+00:00,3.5910318367848126,16.241340219259644,12.915154783369907
2021-11-10 15:00:00+00:00,12.01072345826258,20.07254705394538,15.898898831854584
2021-11-10 16:00:00+00:00,14.405823985063146,22.07216791235102,17.44520149908648
2021-11-10 17:00:00+00:00,14.46804341887575,21.50348988300233,17.708714529003778
2021-11-10 18:00:00+00:00,13.813624882510393,21.106291579882384,16.76796379858414
2021-11-10 19:00:00+00:00,11.519071577401245,17.611265073512893,13.954092063964055
2021-11-10 20:00:00+00:00,7.8544333238540345,11.62073382581566,9.232000182085814
2021-11-10 21:00:00+00:00,1.9703840670357577,2.918011140624144,2.3917959187098816
2021-11-10 22:00:00+00:00,0.0,0.0,0.0
2021-11-10 23:00:00+00:00,0.0,0.0,0.0
2021-11-11 00:00:00+00:00,0.0,0.0,0.0
2021-11-11 01:00:00+00:00,0.0,0.0,0.0
2021-11-11 02:00:00+00:00,0.0,0.0,0.0
2021-11-11 03:00:00+00:00,0.0,0.0,0.0
2021-11-11 04:00:00+00:00,0.0,0.0,0.0
2021-11-11 05:00:00+00:00,0.0,0.0,0.0
2021-11-11 06:00:00+00:00,0.0,0.0,0.0
2021-11-11 07:00:00+00:00,0.0,0.0,0.0
2021-11-11 08:00:00+00:00,0.0,0.0,0.0
2021-11-11 09:00:00+00:00,0.0,0.0,0.0
2021-11-11 10:00:00+00:00,0.0,0.0,0.0
2021-11-11 11:00:00+00:00,0.0,0.0,0.0
2021-11-11 12:00:00+00:00,0.28914246047420983,2.5336719675513786,1.8990039180295928
2021-11-11 13:00:00+00:00,7.16391454182405,11.985203292416692,9.404143001787563
2021-11-11 14:00:00+00:00,11.204881436338141,17.703727148389646,14.008632308205955
2021-11-11 15:00:00+00:00,13.737459699515682,20.946955464879615,16.652635428019384
2021-11-11 16:00:00+00:00,15.039517608106175,22.36465212368521,18.091611213089404
2021-11-11 17:00:00+00:00,14.931677611708881,22.4192301697115,17.85880157736401
2021-11-11 18:00:00+00:00,3.4138311909141805,19.13431616134025,15.611341449908899
2021-11-11 19:00:00+00:00,10.996596434638917,13.833870245425693,12.685119446786326
2021-11-11 20:00:00+00:00,7.123338410982902,9.288185525026325,7.7388321201603425
2021-11-11 21:00:00+00:00,1.359611562328429,1.1164898455780146,0.9127492861508053
2021-11-11 22:00:00+00:00,0.0,0.0,0.0
2021-11-11 23:00:00+00:00,0.0,0.0,0.0
2021-11-12 00:00:00+00:00,0.0,0.0,0.0
2021-11-12 01:00:00+00:00,0.0,0.0,0.0
2021-11-12 02:00:00+00:00,0.0,0.0,0.0
2021-11-12 03:00:00+00:00,0.0,0.0,0.0
2021-11-12 04:00:00+00:00,0.0,0.0,0.0
2021-11-12 05:00:00+00:00,0.0,0.0,0.0
2021-11-12 06:00:00+00:00,0.0,0.0,0.0
2021-11-12 07:00:00+00:00,0.0,0.0,0.0
2021-11-12 08:00:00+00:00,0.0,0.0,0.0
2021-11-12 09:00:00+00:00,0.0,0.0,0.0
2021-11-12 10:00:00+00:00,0.0,0.0,0.0
2021-11-12 11:00:00+00:00,0.0,0.0,0.0
2021-11-12 12:00:00+00:00,0.016300289661720216,0.07872390215327438,0.07664818431407223
2021-11-12 13:00:00+00:00,0.05360845616916767,1.8675101586304563,0.5492766871961079
2021-11-12 14:00:00+00:00,0.31177392564152456,0.025299703432332045,0.028086240731290464
2021-11-12 15:00:00+00:00,0.03721680461149109,0.03791162856216763,0.020028782100590038
2021-11-12 16:00:00+00:00,0.017797451042875702,0.11883834089976442,0.3046587317420998
2021-11-12 17:00:00+00:00,0.05177715244424654,0.11648388377098773,0.09843962540427117
2021-11-12 18:00:00+00:00,0.13746795077107155,0.03805380773041827,0.12478923748345067
2021-11-12 19:00:00+00:00,0.08802366860686928,0.05839820269425947,0.0261521785595483
2021-11-12 20:00:00+00:00,0.5581635414664269,1.0456575150549439,0.0824771279938092
2021-11-12 21:00:00+00:00,1.161933598260399,1.943718747747194,1.2821596853591786
2021-11-12 22:00:00+00:00,0.0,0.0,0.0
2021-11-12 23:00:00+00:00,0.0,0.0,0.0
2021-11-13 00:00:00+00:00,0.0,0.0,0.0
2021-11-13 01:00:00+00:00,0.0,0.0,0.0
2021-11-13 02:00:00+00:00,0.0,0.0,0.0
2021-11-13 03:00:00+00:00,0.0,0.0,0.0
2021-11-13 04:00:00+00:00,0.0,0.0,0.0
2021-11-13 05:00:00+00:00,0.0,0.0,0.0
2021-11-13 06:00:00+00:00,0.0,0.0,0.0
2021-11-13 07:00:00+00:00,0.0,0.0,0.0
2021-11-13 08:00:00+00:00,0.0,0.0,0.0
2021-11-13 09:00:00+00:00,0.0,0.0,0.0
2021-11-13 10:00:00+00:00,0.0,0.0,0.0
2021-11-13 11:00:00+00:00,0.0,0.0,0.0
2021-11-13 12:00:00+00:00,0.1197476504655813,1.578538652985508,1.1693601598638323
2021-11-13 13:00:00+00:00,0.25968808674885246,11.442965850178162,8.874894819487615
2021-11-13 14:00:00+00:00,1.1638022423719434,17.21158192224885,13.395594308796857
2021-11-13 15:00:00+00:00,5.680761010689536,20.55476144583176,16.35846034004197
2021-11-13 16:00:00+00:00,0.1978937540368344,22.715012918041698,18.01817483636396
2021-11-13 17:00:00+00:00,0.0740588495148091,22.83439903316161,18.0741914582155
2021-11-13 18:00:00+00:00,1.0653383154494196,19.481727854078617,15.327481272446793
2021-11-13 19:00:00+00:00,0.016474057890720154,0.7989183128185869,0.5171984213384622
2021-11-13 20:00:00+00:00,0.00664190917607868,0.030653458952918662,0.00814821781093301
2021-11-13 21:00:00+00:00,0.0016669226699579688,0.002594432156405453,0.0
2021-11-13 22:00:00+00:00,0.0,0.0,0.0
2021-11-13 23:00:00+00:00,0.0,0.0,0.0
2021-11-14 00:00:00+00:00,0.0,0.0,0.0
2021-11-14 01:00:00+00:00,0.0,0.0,0.0
2021-11-14 02:00:00+00:00,0.0,0.0,0.0
2021-11-14 03:00:00+00:00,0.0,0.0,0.0
2021-11-14 04:00:00+00:00,0.0,0.0,0.0
2021-11-14 05:00:00+00:00,0.0,0.0,0.0
2021-11-14 06:00:00+00:00,0.0,0.0,0.0
2021-11-14 07:00:00+00:00,0.0,0.0,0.0
2021-11-14 08:00:00+00:00,0.0,0.0,0.0
2021-11-14 09:00:00+00:00,0.0,0.0,0.0
2021-11-14 10:00:00+00:00,0.0,0.0,0.0
2021-11-14 11:00:00+00:00,0.0,0.0,0.0
2021-11-14 12:00:00+00:00,0.0168579128859306,1.2909118311557461,0.9146661551140038
2021-11-14 13:00:00+00:00,0.8248837753794475,11.633130947683586,9.172196564261787
2021-11-14 14:00:00+00:00,10.709394840657009,17.731539383309187,13.7372141333639
2021-11-14 15:00:00+00:00,12.432626722920144,20.822518729553966,14.581671682409128
2021-11-14 16:00:00+00:00,6.232715155506572,23.339169088304434,17.829577210102496
2021-11-14 17:00:00+00:00,8.72108764933956,6.450719767048817,4.987182769773346
2021-11-14 18:00:00+00:00,2.61034964562922,4.855829087141698,2.3518145223696725
2021-11-14 19:00:00+00:00,11.010736074168923,13.115013936087571,13.84806578261904
2021-11-14 20:00:00+00:00,6.3264403182261955,5.968029092998206,7.156363240714189
2021-11-14 21:00:00+00:00,1.1935001192527557,2.4360155992790067,1.9204478083309167
2021-11-14 22:00:00+00:00,0.0,0.0,0.0
2021-11-14 23:00:00+00:00,0.0,0.0,0.0
2021-11-15 00:00:00+00:00,0.0,0.0,0.0
2021-11-15 01:00:00+00:00,0.0,0.0,0.0
2021-11-15 02:00:00+00:00,0.0,0.0,0.0
2021-11-15 03:00:00+00:00,0.0,0.0,0.0
2021-11-15 04:00:00+00:00,0.0,0.0,0.0
2021-11-15 05:00:00+00:00,0.0,0.0,0.0
2021-11-15 06:00:00+00:00,0.0,0.0,0.0
2021-11-15 07:00:00+00:00,0.0,0.0,0.0
2021-11-15 08:00:00+00:00,0.0,0.0,0.0
2021-11-15 09:00:00+00:00,0.0,0.0,0.0
2021-11-15 10:00:00+00:00,0.0,0.0,0.0
2021-11-15 11:00:00+00:00,0.0,0.0,0.0
2021-11-15 12:00:00+00:00,0.037047384428377225,0.32798498020938444,0.0998390028836791
2021-11-15 13:00:00+00:00,6.0823577055237665,11.405988197950107,8.50246914084026
2021-11-15 14:00:00+00:00,4.304842054310096,0.56440868998651,0.5348243665386475
2021-11-15 15:00:00+00:00,8.757137551133841,19.807677685875703,11.923078529215879
2021-11-15 16:00:00+00:00,0.42811832463323807,0.42618637160645356,2.044190989684652
2021-11-15 17:00:00+00:00,1.324899162617625,16.597354561026595,12.206667507406467
2021-11-15 18:00:00+00:00,2.9420442383754692,19.990288540618682,14.557275668897628
2021-11-15 19:00:00+00:00,5.768278364302988,17.14720493643516,13.449815984495084
2021-11-15 20:00:00+00:00,6.731076840745463,10.407845076857601,9.002321071106143
2021-11-15 21:00:00+00:00,1.1814003805669935,2.355212667526724,1.865011794903646
2021-11-15 22:00:00+00:00,0.0,0.0,0.0
2021-11-15 23:00:00+00:00,0.0,0.0,0.0
2021-11-16 00:00:00+00:00,0.0,0.0,0.0
2021-11-16 01:00:00+00:00,0.0,0.0,0.0
2021-11-16 02:00:00+00:00,0.0,0.0,0.0
2021-11-16 03:00:00+00:00,0.0,0.0,0.0
2021-11-16 04:00:00+00:00,0.0,0.0,0.0
2021-11-16 05:00:00+00:00,0.0,0.0,0.0
2021-11-16 06:00:00+00:00,0.0,0.0,0.0
2021-11-16 07:00:00+00:00,0.0,0.0,0.0
2021-11-16 08:00:00+00:00,0.0,0.0,0.0
2021-11-16 09:00:00+00:00,0.0,0.0,0.0
2021-11-16 10:00:00+00:00,0.0,0.0,0.0
2021-11-16 11:00:00+00:00,0.0,0.0,0.0
2021-11-16 12:00:00+00:00,0.10210348303744683,0.5956346074261188,0.4509512632339929
2021-11-16 13:00:00+00:00,6.575261159633545,11.29935037729063,9.028646904028047
2021-11-16 14:00:00+00:00,10.854940808304878,17.642018672310037,13.956949543628715
2021-11-16 15:00:00+00:00,13.060301786413904,21.667260729021987,17.177459680847498
2021-11-16 16:00:00+00:00,10.018264910220637,16.30660649087491,10.57536164253428
2021-11-16 17:00:00+00:00,8.169303749249213,20.94275007370085,12.48181835895011
2021-11-16 18:00:00+00:00,11.515650276721445,18.019892833923024,9.261272353399209
2021-11-16 19:00:00+00:00,5.996160693279955,5.969295204312061,1.927931497986526
2021-11-16 20:00:00+00:00,3.567091228642011,2.935119781511678,7.193991112960691
2021-11-16 21:00:00+00:00,1.0872455630799025,2.3408242242158357,1.877291375416315
2021-11-16 22:00:00+00:00,0.0,0.0,0.0
2021-11-16 23:00:00+00:00,0.0,0.0,0.0
2021-11-17 00:00:00+00:00,0.0,0.0,0.0
2021-11-17 01:00:00+00:00,0.0,0.0,0.0
2021-11-17 02:00:00+00:00,0.0,0.0,0.0
2021-11-17 03:00:00+00:00,0.0,0.0,0.0
2021-11-17 04:00:00+00:00,0.0,0.0,0.0
2021-11-17 05:00:00+00:00,0.0,0.0,0.0
2021-11-17 06:00:00+00:00,0.0,0.0,0.0
2021-11-17 07:00:00+00:00,0.0,0.0,0.0
2021-11-17 08:00:00+00:00,0.0,0.0,0.0
2021-11-17 09:00:00+00:00,0.0,0.0,0.0
2021-11-17 10:00:00+00:00,0.0,0.0,0.0
2021-11-17 11:00:00+00:00,0.0,0.0,0.0
2021-11-17 12:00:00+00:00,0.06841689513549161,0.3297791209079458,0.3936804847356379
2021-11-17 13:00:00+00:00,6.236497561158053,4.005259505601167,7.502887881337364
2021-11-17 14:00:00+00:00,8.200070321113904,15.641231924364565,13.463425877892096
2021-11-17 15:00:00+00:00,0.21676792595465344,20.907612088988028,16.535197907911073
2021-11-17 16:00:00+00:00,0.8108768788951468,22.533641156371203,17.810685526988394
2021-11-17 17:00:00+00:00,1.4088554669947597,5.413286864794737,4.284686526935416
2021-11-17 18:00:00+00:00,2.463439628646321,20.480746524939537,16.135451845089783
2021-11-17 19:00:00+00:00,6.3548909781700855,16.55452389547839,13.182318491049589
2021-11-17 20:00:00+00:00,1.1093428343445904,10.493142632139422,8.321383633192495
2021-11-17 21:00:00+00:00,0.00661611129778473,0.37445235440787095,1.1165383623586878
2021-11-17 22:00:00+00:00,0.0,0.0,0.0
2021-11-17 23:00:00+00:00,0.0,0.0,0.0
2021-11-18 00:00:00+00:00,0.0,0.0,0.0
2021-11-18 01:00:00+00:00,0.0,0.0,0.0
2021-11-18 02:00:00+00:00,0.0,0.0,0.0
2021-11-18 03:00:00+00:00,0.0,0.0,0.0
2021-11-18 04:00:00+00:00,0.0,0.0,0.0
2021-11-18 05:00:00+00:00,0.0,0.0,0.0
2021-11-18 06:00:00+00:00,0.0,0.0,0.0
2021-11-18 07:00:00+00:00,0.0,0.0,0.0
2021-11-18 08:00:00+00:00,0.0,0.0,0.0
2021-11-18 09:00:00+00:00,0.0,0.0,0.0
2021-11-18 10:00:00+00:00,0.0,0.0,0.0
2021-11-18 11:00:00+00:00,0.0,0.0,0.0
2021-11-18 12:00:00+00:00,0.03767958209558627,0.30423577364211796,0.20882822657749153
2021-11-18 13:00:00+00:00,5.345707729648964,9.563816616541999,0.8011901365578721
2021-11-18 14:00:00+00:00,9.095250461165165,15.66904054509397,12.466909030260497
2021-11-18 15:00:00+00:00,11.757875825040545,19.658523468482162,15.599790052840342
2021-11-18 16:00:00+00:00,13.366789528898824,21.54678964616515,17.08279584051737
2021-11-18 17:00:00+00:00,13.318626547998099,21.564222035385,17.099193424292537
2021-11-18 18:00:00+00:00,10.733839826277073,19.87811597005348,15.822929728427152
2021-11-18 19:00:00+00:00,9.610225667185839,16.260893977404088,12.941092615167163
2021-11-18 20:00:00+00:00,0.8403215606615376,10.56388237524798,8.450294205941548
2021-11-18 21:00:00+00:00,0.08725335033831236,1.6759542413269015,1.3354306280262298
2021-11-18 22:00:00+00:00,0.0,0.0,0.0
2021-11-18 23:00:00+00:00,0.0,0.0,0.0
2021-11-19 00:00:00+00:00,0.0,0.0,0.0
2021-11-19 01:00:00+00:00,0.0,0.0,0.0
2021-11-19 02:00:00+00:00,0.0,0.0,0.0
2021-11-19 03:00:00+00:00,0.0,0.0,0.0
2021-11-19 04:00:00+00:00,0.0,0.0,0.0
2021-11-19 05:00:00+00:00,0.0,0.0,0.0
2021-11-19 06:00:00+00:00,0.0,0.0,0.0
2021-11-19 07:00:00+00:00,0.0,0.0,0.0
2021-11-19 08:00:00+00:00,0.0,0.0,0.0
2021-11-19 09:00:00+00:00,0.0,0.0,0.0
2021-11-19 10:00:00+00:00,0.0,0.0,0.0
2021-11-19 11:00:00+00:00,0.0,0.0,0.0
2021-11-19 12:00:00+00:00,0.016838230989680816,0.4166361242997796,0.3135856476025724
2021-11-19 13:00:00+00:00,0.41399006236368213,10.754754345945585,8.713710555458835
2021-11-19 14:00:00+00:00,10.698740173593762,15.696618595665857,1.7788844745453416
2021-11-19 15:00:00+00:00,13.31457978255963,21.76862722369167,17.321493828701687
2021-11-19 16:00:00+00:00,13.893648887665536,23.71073190275349,18.84608725385303
2021-11-19 17:00:00+00:00,13.273015141183977,23.8705105726002,18.906625469234076
2021-11-19 18:00:00+00:00,0.8698323363147525,19.136206962939983,16.577682179622503
2021-11-19 19:00:00+00:00,0.5323429799311665,17.632528913088276,14.164964557338624
2021-11-19 20:00:00+00:00,0.35372824898144867,12.16035994406566,9.632726084850889
2021-11-19 21:00:00+00:00,0.3082491152373167,2.2140105967583668,1.7548022000551209
2021-11-19 22:00:00+00:00,0.0,0.0,0.0
2021-11-19 23:00:00+00:00,0.0,0.0,0.0
2021-11-20 00:00:00+00:00,0.0,0.0,0.0
2021-11-20 01:00:00+00:00,0.0,0.0,0.0
2021-11-20 02:00:00+00:00,0.0,0.0,0.0
2021-11-20 03:00:00+00:00,0.0,0.0,0.0
2021-11-20 04:00:00+00:00,0.0,0.0,0.0
2021-11-20 05:00:00+00:00,0.0,0.0,0.0
2021-11-20 06:00:00+00:00,0.0,0.0,0.0
2021-11-20 07:00:00+00:00,0.0,0.0,0.0
2021-11-20 08:00:00+00:00,0.0,0.0,0.0
2021-11-20 09:00:00+00:00,0.0,0.0,0.0
2021-11-20 10:00:00+00:00,0.0,0.0,0.0
2021-11-20 11:00:00+00:00,0.0,0.0,0.0
2021-11-20 12:00:00+00:00,0.0,0.3678828257187782,0.27592194816936416
2021-11-20 13:00:00+00:00,4.361703920108721,11.4233064615376,8.999616416848994
2021-11-20 14:00:00+00:00,8.470249502965189,17.671598717780405,13.933772472745549
2021-11-20 15:00:00+00:00,12.944229268463955,21.72917607916923,17.176643061509
2021-11-20 16:00:00+00:00,14.62038976534684,23.826684453168312,18.776011882984026
2021-11-20 17:00:00+00:00,15.23317166616096,23.919551498768804,19.071465599344588
2021-11-20 18:00:00+00:00,14.061257842599394,21.353418553696443,16.525661695561926
2021-11-20 19:00:00+00:00,10.55051707541809,16.180017193840737,12.355666903783755
2021-11-20 20:00:00+00:00,1.0932288968990085,12.11592191019144,8.887444393376603
2021-11-20 21:00:00+00:00,0.17731281490371134,1.7971096125441464,1.4972243470537452
2021-11-20 22:00:00+00:00,0.0,0.0,0.0
2021-11-20 23:00:00+00:00,0.0,0.0,0.0
2021-11-21 00:00:00+00:00,0.0,0.0,0.0
2021-11-21 01:00:00+00:00,0.0,0.0,0.0
2021-11-21 02:00:00+00:00,0.0,0.0,0.0
2021-11-21 03:00:00+00:00,0.0,0.0,0.0
2021-11-21 04:00:00+00:00,0.0,0.0,0.0
2021-11-21 05:00:00+00:00,0.0,0.0,0.0
2021-11-21 06:00:00+00:00,0.0,0.0,0.0
2021-11-21 07:00:00+00:00,0.0,0.0,0.0
2021-11-21 08:00:00+00:00,0.0,0.0,0.0
2021-11-21 09:00:00+00:00,0.0,0.0,0.0
2021-11-21 10:00:00+00:00,0.0,0.0,0.0
2021-11-21 11:00:00+00:00,0.0,0.0,0.0
2021-11-21 12:00:00+00:00,0.0,0.026612647491637186,0.021201648673035978
2021-11-21 13:00:00+00:00,5.623899085116753,3.857125047206537,1.1275008326850287
2021-11-21 14:00:00+00:00,10.092327969403295,15.67509612804643,8.489111746708016
2021-11-21 15:00:00+00:00,12.83164389022907,18.814722923925064,14.642921554920568
2021-11-21 16:00:00+00:00,14.172777679142435,3.0933704793467207,2.5880078262394117
2021-11-21 17:00:00+00:00,14.377915321288656,21.747090111822978,17.411897944605133
2021-11-21 18:00:00+00:00,13.179127092747976,20.167225700799353,15.715532489915216
2021-11-21 19:00:00+00:00,10.680430678639913,16.360447826014518,10.487390689558174
2021-11-21 20:00:00+00:00,3.535055480799679,9.635056108677553,5.795614183288465
2021-11-21 21:00:00+00:00,0.05458428841538587,0.22924999667951823,0.1053733306644784
2021-11-21 22:00:00+00:00,0.0,0.0,0.0
2021-11-21 23:00:00+00:00,0.0,0.0,0.0
2021-11-22 00:00:00+00:00,0.0,0.0,0.0
2021-11-22 01:00:00+00:00,0.0,0.0,0.0
2021-11-22 02:00:00+00:00,0.0,0.0,0.0
2021-11-22 03:00:00+00:00,0.0,0.0,0.0
2021-11-22 04:00:00+00:00,0.0,0.0,0.0
2021-11-22 05:00:00+00:00,0.0,0.0,0.0
2021-11-22 06:00:00+00:00,0.0,0.0,0.0
2021-11-22 07:00:00+00:00,0.0,0.0,0.0
2021-11-22 08:00:00+00:00,0.0,0.0,0.0
2021-11-22 09:00:00+00:00,0.0,0.0,0.0
2021-11-22 10:00:00+00:00,0.0,0.0,0.0
2021-11-22 11:00:00+00:00,0.0,0.0,0.0
2021-11-22 12:00:00+00:00,0.0,0.02605594044179689,0.020701436767220235
2021-11-22 13:00:00+00:00,5.498303688326046,0.20570545485171762,0.05585979176703469
2021-11-22 14:00:00+00:00,0.5335483299880232,1.3166240447215762,0.3497954558193281
2021-11-22 15:00:00+00:00,7.329525831741552,1.1021920182929419,1.955424017417366
2021-11-22 16:00:00+00:00,10.540613622821871,4.467727862794216,3.237710785384504
2021-11-22 17:00:00+00:00,13.367767865475143,1.265464309256543,0.9372180039226357
2021-11-22 18:00:00+00:00,13.855360615656306,1.1605192691576862,0.7677185442553152
2021-11-22 19:00:00+00:00,4.418007969249464,0.990762865288853,0.5625104984767584
2021-11-22 20:00:00+00:00,7.818189129069572,0.3410992081192549,0.45037535200260825
2021-11-22 21:00:00+00:00,0.5511482388310658,0.14655546332742406,0.09353231355147174
2021-11-22 22:00:00+00:00,0.0,0.0,0.0
2021-11-22 23:00:00+00:00,0.0,0.0,0.0
2021-11-23 00:00:00+00:00,0.0,0.0,0.0
2021-11-23 01:00:00+00:00,0.0,0.0,0.0
2021-11-23 02:00:00+00:00,0.0,0.0,0.0
2021-11-23 03:00:00+00:00,0.0,0.0,0.0
2021-11-23 04:00:00+00:00,0.0,0.0,0.0
2021-11-23 05:00:00+00:00,0.0,0.0,0.0
2021-11-23 06:00:00+00:00,0.0,0.0,0.0
2021-11-23 07:00:00+00:00,0.0,0.0,0.0
2021-11-23 08:00:00+00:00,0.0,0.0,0.0
2021-11-23 09:00:00+00:00,0.0,0.0,0.0
2021-11-23 10:00:00+00:00,0.0,0.0,0.0
2021-11-23 11:00:00+00:00,0.0,0.0,0.0
2021-11-23 12:00:00+00:00,0.0,0.21349950650293764,0.15431693695147866
2021-11-23 13:00:00+00:00,6.719285723245168,11.316058219932149,8.936034735040813
2021-11-23 14:00:00+00:00,11.012619475637763,17.718003223074984,14.014509795102061
2021-11-23 15:00:00+00:00,13.858503454892977,22.06068513302469,17.49212685938196
2021-11-23 16:00:00+00:00,15.322469533150345,24.345937847716215,19.31743534171515
2021-11-23 17:00:00+00:00,15.48406023810634,24.395622447913517,19.35454011427719
2021-11-23 18:00:00+00:00,14.286361859046828,22.440104111394366,17.814339330002664
2021-11-23 19:00:00+00:00,11.93647745016625,18.668471264589584,14.811931389768011
2021-11-23 20:00:00+00:00,8.066250248370839,12.434304036688244,9.87323981010305
2021-11-23 21:00:00+00:00,0.49713930101464465,1.8725738271460484,1.512688283322988
2021-11-23 22:00:00+00:00,0.0,0.0,0.0
2021-11-23 23:00:00+00:00,0.0,0.0,0.0
2021-11-24 00:00:00+00:00,0.0,0.0,0.0
2021-11-24 01:00:00+00:00,0.0,0.0,0.0
2021-11-24 02:00:00+00:00,0.0,0.0,0.0
2021-11-24 03:00:00+00:00,0.0,0.0,0.0
2021-11-24 04:00:00+00:00,0.0,0.0,0.0
2021-11-24 05:00:00+00:00,0.0,0.0,0.0
2021-11-24 06:00:00+00:00,0.0,0.0,0.0
2021-11-24 07:00:00+00:00,0.0,0.0,0.0
2021-11-24 08:00:00+00:00,0.0,0.0,0.0
2021-11-24 09:00:00+00:00,0.0,0.0,0.0
2021-11-24 10:00:00+00:00,0.0,0.0,0.0
2021-11-24 11:00:00+00:00,0.0,0.0,0.0
2021-11-24 12:00:00+00:00,0.0,0.168168328855462,0.12046149280870089
2021-11-24 13:00:00+00:00,6.600595294633039,11.389036518470403,9.023771713077672
2021-11-24 14:00:00+00:00,10.972202010451843,17.75399235323475,14.087686208983794
2021-11-24 15:00:00+00:00,13.79158339169062,22.056428278079093,17.5158400892698
2021-11-24 16:00:00+00:00,15.199400821944934,24.21136462445167,19.21841284344277
2021-11-24 17:00:00+00:00,15.297231983591859,24.330306596110514,19.300223975727924
2021-11-24 18:00:00+00:00,14.109227674699438,22.37975313484193,17.775004127437967
2021-11-24 19:00:00+00:00,11.55993634139996,18.496285185644826,14.681191736000642
2021-11-24 20:00:00+00:00,7.395309746547119,12.292063526645514,9.75231090783871
2021-11-24 21:00:00+00:00,0.34894417282211665,1.6353699220376863,1.2817879993751389
2021-11-24 22:00:00+00:00,0.0,0.0,0.0
2021-11-24 23:00:00+00:00,0.0,0.0,0.0
2021-11-25 00:00:00+00:00,0.0,0.0,0.0
2021-11-25 01:00:00+00:00,0.0,0.0,0.0
2021-11-25 02:00:00+00:00,0.0,0.0,0.0
2021-11-25 03:00:00+00:00,0.0,0.0,0.0
2021-11-25 04:00:00+00:00,0.0,0.0,0.0
2021-11-25 05:00:00+00:00,0.0,0.0,0.0
2021-11-25 06:00:00+00:00,0.0,0.0,0.0
2021-11-25 07:00:00+00:00,0.0,0.0,0.0
2021-11-25 08:00:00+00:00,0.0,0.0,0.0
2021-11-25 09:00:00+00:00,0.0,0.0,0.0
2021-11-25 10:00:00+00:00,0.0,0.0,0.0
2021-11-25 11:00:00+00:00,0.0,0.0,0.0
2021-11-25 12:00:00+00:00,0.0,0.10868258072578219,0.07521256681839143
2021-11-25 13:00:00+00:00,4.874832749892833,9.96493630462543,7.794380041982508
2021-11-25 14:00:00+00:00,9.92114395271214,16.52363342616458,13.04110433090514
2021-11-25 15:00:00+00:00,12.739059093280012,20.582478806691515,15.29286396406767
2021-11-25 16:00:00+00:00,14.039895363542259,20.51943278945491,15.04227313094381
2021-11-25 17:00:00+00:00,1.0265039549666943,22.619114917196303,17.96311454809933
2021-11-25 18:00:00+00:00,8.756746241326452,20.604387268963887,16.343315356598914
2021-11-25 19:00:00+00:00,1.6780243271310566,13.994780984130777,6.090073322810566
2021-11-25 20:00:00+00:00,6.021643844842388,9.390080769976548,7.2219488711962665
2021-11-25 21:00:00+00:00,0.3026872980556689,0.9438682736929397,0.750908146497729
2021-11-25 22:00:00+00:00,0.0,0.0,0.0
2021-11-25 23:00:00+00:00,0.0,0.0,0.0
2021-11-26 00:00:00+00:00,0.0,0.0,0.0
2021-11-26 01:00:00+00:00,0.0,0.0,0.0
2021-11-26 02:00:00+00:00,0.0,0.0,0.0
2021-11-26 03:00:00+00:00,0.0,0.0,0.0
2021-11-26 04:00:00+00:00,0.0,0.0,0.0
2021-11-26 05:00:00+00:00,0.0,0.0,0.0
2021-11-26 06:00:00+00:00,0.0,0.0,0.0
2021-11-26 07:00:00+00:00,0.0,0.0,0.0
2021-11-26 08:00:00+00:00,0.0,0.0,0.0
2021-11-26 09:00:00+00:00,0.0,0.0,0.0
2021-11-26 10:00:00+00:00,0.0,0.0,0.0
2021-11-26 11:00:00+00:00,0.0,0.0,0.0
2021-11-26 12:00:00+00:00,0.0,0.026482712104930653,0.012618662956719866
2021-11-26 13:00:00+00:00,0.010124260367255394,0.16113246420318802,0.13421553240046474
2021-11-26 14:00:00+00:00,0.02700449094780467,0.3263111678610537,0.27784763062880474
2021-11-26 15:00:00+00:00,0.04053440948551057,6.445081559725296,1.854656941401747
2021-11-26 16:00:00+00:00,0.042171484718469376,0.6592021063605648,1.0518322104395217
2021-11-26 17:00:00+00:00,0.040512060255058775,0.4903991591490979,0.39387004128256814
2021-11-26 18:00:00+00:00,0.05910151947797989,0.2511179401691304,0.25159787555619717
2021-11-26 19:00:00+00:00,0.06923285959302586,1.0291222761468568,0.3415466988015914
2021-11-26 20:00:00+00:00,0.030445981972074675,0.9829242073790693,0.8599534584296058
2021-11-26 21:00:00+00:00,0.0016952543931034398,0.21757620570228225,0.0926815929198555
2021-11-26 22:00:00+00:00,0.0,0.0,0.0
2021-11-26 23:00:00+00:00,0.0,0.0,0.0
2021-11-27 00:00:00+00:00,0.0,0.0,0.0
2021-11-27 01:00:00+00:00,0.0,0.0,0.0
2021-11-27 02:00:00+00:00,0.0,0.0,0.0
2021-11-27 03:00:00+00:00,0.0,0.0,0.0
2021-11-27 04:00:00+00:00,0.0,0.0,0.0
2021-11-27 05:00:00+00:00,0.0,0.0,0.0
2021-11-27 06:00:00+00:00,0.0,0.0,0.0
2021-11-27 07:00:00+00:00,0.0,0.0,0.0
2021-11-27 08:00:00+00:00,0.0,0.0,0.0
2021-11-27 09:00:00+00:00,0.0,0.0,0.0
2021-11-27 10:00:00+00:00,0.0,0.0,0.0
2021-11-27 11:00:00+00:00,0.0,0.0,0.0
2021-11-27 12:00:00+00:00,0.0,0.037667336793726844,0.02132242910511882
2021-11-27 13:00:00+00:00,0.5746679740088536,10.398427932611744,8.189390726142031
2021-11-27 14:00:00+00:00,10.66040414064931,16.789346793506812,13.379013362138553
2021-11-27 15:00:00+00:00,13.665228402203347,21.256377188289903,16.470842718026315
2021-11-27 16:00:00+00:00,10.77222161592275,23.432297271610864,18.61003338663969
2021-11-27 17:00:00+00:00,15.460109811877254,23.93591240025914,18.628888110810205
2021-11-27 18:00:00+00:00,14.231090021589921,22.08104965911258,17.49950943098136
2021-11-27 19:00:00+00:00,11.629842393420248,17.102899805266116,14.56044653201426
2021-11-27 20:00:00+00:00,7.948070315680102,12.217409731209003,9.780752428535575
2021-11-27 21:00:00+00:00,0.3240418691947678,1.3090681319277018,1.040591137880151
2021-11-27 22:00:00+00:00,0.0,0.0,0.0
2021-11-27 23:00:00+00:00,0.0,0.0,0.0
2021-11-28 00:00:00+00:00,0.0,0.0,0.0
2021-11-28 01:00:00+00:00,0.0,0.0,0.0
2021-11-28 02:00:00+00:00,0.0,0.0,0.0
2021-11-28 03:00:00+00:00,0.0,0.0,0.0
2021-11-28 04:00:00+00:00,0.0,0.0,0.0
2021-11-28 05:00:00+00:00,0.0,0.0,0.0
2021-11-28 06:00:00+00:00,0.0,0.0,0.0
2021-11-28 07:00:00+00:00,0.0,0.0,0.0
2021-11-28 08:00:00+00:00,0.0,0.0,0.0
2021-11-28 09:00:00+00:00,0.0,0.0,0.0
2021-11-28 10:00:00+00:00,0.0,0.0,0.0
2021-11-28 11:00:00+00:00,0.0,0.0,0.0
2021-11-28 12:00:00+00:00,0.0,0.027066245299647275,0.0
2021-11-28 13:00:00+00:00,4.934824385922987,0.3479241818819177,0.2143824477299806
2021-11-28 14:00:00+00:00,4.5675032929075705,12.524314105928205,6.68118063004009
2021-11-28 15:00:00+00:00,1.37173081198693,1.9564680182181577,1.0401473025778807
2021-11-28 16:00:00+00:00,13.817453934618916,1.4999508294739121,1.528777615758092
2021-11-28 17:00:00+00:00,13.746218570902522,1.7948426130921884,1.4596075108998863
2021-11-28 18:00:00+00:00,1.571860471089107,0.9728579020860577,2.1566706472359742
2021-11-28 19:00:00+00:00,2.100513194630447,0.6038899542731134,0.7900537930288372
2021-11-28 20:00:00+00:00,3.8505018217243534,0.5562153314166588,0.2543547590011962
2021-11-28 21:00:00+00:00,0.1301741170575965,0.11217305505255419,0.01908542465730693
2021-11-28 22:00:00+00:00,0.0,0.0,0.0
2021-11-28 23:00:00+00:00,0.0,0.0,0.0
2021-11-29 00:00:00+00:00,0.0,0.0,0.0
2021-11-29 01:00:00+00:00,0.0,0.0,0.0
2021-11-29 02:00:00+00:00,0.0,0.0,0.0
2021-11-29 03:00:00+00:00,0.0,0.0,0.0
2021-11-29 04:00:00+00:00,0.0,0.0,0.0
2021-11-29 05:00:00+00:00,0.0,0.0,0.0
2021-11-29 06:00:00+00:00,0.0,0.0,0.0
2021-11-29 07:00:00+00:00,0.0,0.0,0.0
2021-11-29 08:00:00+00:00,0.0,0.0,0.0
2021-11-29 09:00:00+00:00,0.0,0.0,0.0
2021-11-29 10:00:00+00:00,0.0,0.0,0.0
2021-11-29 11:00:00+00:00,0.0,0.0,0.0
2021-11-29 12:00:00+00:00,0.0,0.0,0.0
2021-11-29 13:00:00+00:00,3.976770783968814,0.9701923151773736,0.0704108799166276
2021-11-29 14:00:00+00:00,8.945495331582016,1.9215541253416235,0.35067139055720875
2021-11-29 15:00:00+00:00,6.45232728560737,1.8435710326458408,3.189487647951936
2021-11-29 16:00:00+00:00,5.633402780559355,14.39246618747794,13.486285540659614
2021-11-29 17:00:00+00:00,10.388299973095938,20.55877875849047,11.166673438828127
2021-11-29 18:00:00+00:00,12.766537793322637,10.749967062902211,6.623949718718068
2021-11-29 19:00:00+00:00,6.7729468269810145,10.24578889580556,10.87300060567205
2021-11-29 20:00:00+00:00,4.476006079573705,12.049245569032083,9.585103433986315
2021-11-29 21:00:00+00:00,0.255978867845,0.9096830442420646,0.7222661458228731
2021-11-29 22:00:00+00:00,0.0,0.0,0.0
2021-11-29 23:00:00+00:00,0.0,0.0,0.0
2021-11-30 00:00:00+00:00,0.0,0.0,0.0
2021-11-30 01:00:00+00:00,0.0,0.0,0.0
2021-11-30 02:00:00+00:00,0.0,0.0,0.0
2021-11-30 03:00:00+00:00,0.0,0.0,0.0
2021-11-30 04:00:00+00:00,0.0,0.0,0.0
2021-11-30 05:00:00+00:00,0.0,0.0,0.0
2021-11-30 06:00:00+00:00,0.0,0.0,0.0
2021-11-30 07:00:00+00:00,0.0,0.0,0.0
2021-11-30 08:00:00+00:00,0.0,0.0,0.0
2021-11-30 09:00:00+00:00,0.0,0.0,0.0
2021-11-30 10:00:00+00:00,0.0,0.0,0.0
2021-11-30 11:00:00+00:00,0.0,0.0,0.0
2021-11-30 12:00:00+00:00,0.0,0.0,0.0
2021-11-30 13:00:00+00:00,3.8897906904005275,10.397907794218048,7.889933265947213
2021-11-30 14:00:00+00:00,9.842995951817633,4.456962649664013,9.607173358306774
2021-11-30 15:00:00+00:00,8.882152687962284,4.319561624007901,2.5056132677393608
2021-11-30 16:00:00+00:00,14.739510913934335,3.4964415668764737,0.6049564147582753
2021-11-30 17:00:00+00:00,14.360368459185072,0.48694942149823095,0.2957500851823664
2021-11-30 18:00:00+00:00,10.73322438833226,1.067715270886288,1.2947784300687786
2021-11-30 19:00:00+00:00,1.6193760309632361,0.5230670837513243,0.16672683893072135
2021-11-30 20:00:00+00:00,6.859978472164097,0.40774803597862297,0.27332096987144355
2021-11-30 21:00:00+00:00,0.25667582248824744,0.2944413712447871,0.31454594019460386
2021-11-30 22:00:00+00:00,0.0,0.0,0.0
2021-11-30 23:00:00+00:00,0.0,0.0,0.0
2021-12-01 00:00:00+00:00,0.0,0.0,0.0
2021-12-01 01:00:00+00:00,0.0,0.0,0.0
2021-12-01 02:00:00+00:00,0.0,0.0,0.0
2021-12-01 03:00:00+00:00,0.0,0.0,0.0
2021-12-01 04:00:00+00:00,0.0,0.0,0.0
2021-12-01 05:00:00+00:00,0.0,0.0,0.0
2021-12-01 06:00:00+00:00,0.0,0.0,0.0
2021-12-01 07:00:00+00:00,0.0,0.0,0.0
2021-12-01 08:00:00+00:00,0.0,0.0,0.0
2021-12-01 09:00:00+00:00,0.0,0.0,0.0
2021-12-01 10:00:00+00:00,0.0,0.0,0.0
2021-12-01 11:00:00+00:00,0.0,0.0,0.0
2021-12-01 12:00:00+00:00,0.0,0.0,0.0
2021-12-01 13:00:00+00:00,0.528130718436589,9.946987600487802,7.748443870037843
2021-12-01 14:00:00+00:00,0.7823246209166689,16.710799382783332,13.176626290795193
2021-12-01 15:00:00+00:00,2.35869902532929,20.91730099454567,16.568770998754026
2021-12-01 16:00:00+00:00,5.056238085739341,23.2109388294395,18.413783496767827
2021-12-01 17:00:00+00:00,14.81907911980746,23.445101479071717,18.581997322640714
2021-12-01 18:00:00+00:00,13.657333791781268,21.588607211254004,17.12885397616688
2021-12-01 19:00:00+00:00,9.667830103760487,9.405145153122518,11.661516306324012
2021-12-01 20:00:00+00:00,1.0942552981002578,11.667373807584656,9.13669340084946
2021-12-01 21:00:00+00:00,0.26898656229339213,0.8023107988310394,0.5766895470532647
2021-12-01 22:00:00+00:00,0.0,0.0,0.0
2021-12-01 23:00:00+00:00,0.0,0.0,0.0
2021-12-02 00:00:00+00:00,0.0,0.0,0.0
2021-12-02 01:00:00+00:00,0.0,0.0,0.0
2021-12-02 02:00:00+00:00,0.0,0.0,0.0
2021-12-02 03:00:00+00:00,0.0,0.0,0.0
2021-12-02 04:00:00+00:00,0.0,0.0,0.0
2021-12-02 05:00:00+00:00,0.0,0.0,0.0
2021-12-02 06:00:00+00:00,0.0,0.0,0.0
2021-12-02 07:00:00+00:00,0.0,0.0,0.0
2021-12-02 08:00:00+00:00,0.0,0.0,0.0
2021-12-02 09:00:00+00:00,0.0,0.0,0.0
2021-12-02 10:00:00+00:00,0.0,0.0,0.0
2021-12-02 11:00:00+00:00,0.0,0.0,0.0
2021-12-02 12:00:00+00:00,0.0,0.0,0.0
2021-12-02 13:00:00+00:00,0.028351644126217546,2.8317248078865087,0.3480721930879646
2021-12-02 14:00:00+00:00,0.38931212795391046,14.80371096366805,11.720083680317416
2021-12-02 15:00:00+00:00,8.512699856329327,18.76559663116677,14.895956233985695
2021-12-02 16:00:00+00:00,7.741750934949066,21.017538103685826,12.675297128601242
2021-12-02 17:00:00+00:00,6.895436834454411,10.924846874097426,1.119855585733969
2021-12-02 18:00:00+00:00,0.12723048748842497,18.23601858168921,12.786540928599903
2021-12-02 19:00:00+00:00,3.5717744717278204,0.7456221212289283,0.36800759161742175
2021-12-02 20:00:00+00:00,5.166538130058146,0.2167830758610983,0.07168141532970071
2021-12-02 21:00:00+00:00,0.08902079499880718,0.0,0.00410951152733048
2021-12-02 22:00:00+00:00,0.0,0.0,0.0
2021-12-02 23:00:00+00:00,0.0,0.0,0.0
2021-12-03 00:00:00+00:00,0.0,0.0,0.0
2021-12-03 01:00:00+00:00,0.0,0.0,0.0
2021-12-03 02:00:00+00:00,0.0,0.0,0.0
2021-12-03 03:00:00+00:00,0.0,0.0,0.0
2021-12-03 04:00:00+00:00,0.0,0.0,0.0
2021-12-03 05:00:00+00:00,0.0,0.0,0.0
2021-12-03 06:00:00+00:00,0.0,0.0,0.0
2021-12-03 07:00:00+00:00,0.0,0.0,0.0
2021-12-03 08:00:00+00:00,0.0,0.0,0.0
2021-12-03 09:00:00+00:00,0.0,0.0,0.0
2021-12-03 10:00:00+00:00,0.0,0.0,0.0
2021-12-03 11:00:00+00:00,0.0,0.0,0.0
2021-12-03 12:00:00+00:00,0.0,0.0,0.0
2021-12-03 13:00:00+00:00,5.148577730368682,9.899535698179891,7.781818268598715
2021-12-03 14:00:00+00:00,8.891595775742301,10.857740266228557,10.989199681987138
2021-12-03 15:00:00+00:00,12.066436186496716,19.4642245146945,14.436145536861444
2021-12-03 16:00:00+00:00,12.857169165624164,17.454271877481105,15.2934194601433
2021-12-03 17:00:00+00:00,10.340345103699466,22.311988086202028,18.344196201473228
2021-12-03 18:00:00+00:00,12.955945175288344,19.366308618442293,13.874376003237689
2021-12-03 19:00:00+00:00,11.748216711297273,17.448528482936077,14.287555816054802
2021-12-03 20:00:00+00:00,7.940549624467448,11.928941549647565,8.658130264030472
2021-12-03 21:00:00+00:00,0.26783460635841866,0.665541400643506,0.5406066756471168
2021-12-03 22:00:00+00:00,0.0,0.0,0.0
2021-12-03 23:00:00+00:00,0.0,0.0,0.0
2021-12-04 00:00:00+00:00,0.0,0.0,0.0
2021-12-04 01:00:00+00:00,0.0,0.0,0.0
2021-12-04 02:00:00+00:00,0.0,0.0,0.0
2021-12-04 03:00:00+00:00,0.0,0.0,0.0
2021-12-04 04:00:00+00:00,0.0,0.0,0.0
2021-12-04 05:00:00+00:00,0.0,0.0,0.0
2021-12-04 06:00:00+00:00,0.0,0.0,0.0
2021-12-04 07:00:00+00:00,0.0,0.0,0.0
2021-12-04 08:00:00+00:00,0.0,0.0,0.0
2021-12-04 09:00:00+00:00,0.0,0.0,0.0
2021-12-04 10:00:00+00:00,0.0,0.0,0.0
2021-12-04 11:00:00+00:00,0.0,0.0,0.0
2021-12-04 12:00:00+00:00,0.0,0.0,0.0
2021-12-04 13:00:00+00:00,4.875765841505197,0.9079410624996418,0.40782712838722884
2021-12-04 14:00:00+00:00,9.913337756514323,13.817475225263832,10.735623182625401
2021-12-04 15:00:00+00:00,12.829143647775835,20.304523812152485,13.955620295828943
2021-12-04 16:00:00+00:00,5.52746274460456,19.66154383967013,17.294304988793535
2021-12-04 17:00:00+00:00,2.8397988442510966,3.727466015242019,6.095277993977304
2021-12-04 18:00:00+00:00,2.768654310025848,17.88571282208102,15.012769384258444
2021-12-04 19:00:00+00:00,10.699819525570968,7.517839576796455,12.817368181762143
2021-12-04 20:00:00+00:00,6.295620354428678,5.477757936755464,4.459988440233279
2021-12-04 21:00:00+00:00,0.07564594261002493,0.5792259805140959,0.45578027003160143
2021-12-04 22:00:00+00:00,0.0,0.0,0.0
2021-12-04 23:00:00+00:00,0.0,0.0,0.0
2021-12-05 00:00:00+00:00,0.0,0.0,0.0
2021-12-05 01:00:00+00:00,0.0,0.0,0.0
2021-12-05 02:00:00+00:00,0.0,0.0,0.0
2021-12-05 03:00:00+00:00,0.0,0.0,0.0
2021-12-05 04:00:00+00:00,0.0,0.0,0.0
2021-12-05 05:00:00+00:00,0.0,0.0,0.0
2021-12-05 06:00:00+00:00,0.0,0.0,0.0
2021-12-05 07:00:00+00:00,0.0,0.0,0.0
2021-12-05 08:00:00+00:00,0.0,0.0,0.0
2021-12-05 09:00:00+00:00,0.0,0.0,0.0
2021-12-05 10:00:00+00:00,0.0,0.0,0.0
2021-12-05 11:00:00+00:00,0.0,0.0,0.0
2021-12-05 12:00:00+00:00,0.0,0.0,0.0
2021-12-05 13:00:00+00:00,4.96609111256606,8.90149787036824,6.162616942912217
2021-12-05 14:00:00+00:00,9.771616607941505,15.993843934655738,12.532438539581456
2021-12-05 15:00:00+00:00,2.4097086472141784,20.280277176353646,16.10606198680243
2021-12-05 16:00:00+00:00,3.7165761645630107,22.464107847913795,17.636403709406824
2021-12-05 17:00:00+00:00,13.670457686718255,10.365721409952414,2.5282818153957693
2021-12-05 18:00:00+00:00,10.641312399471179,16.192758425280626,15.544318269882881
2021-12-05 19:00:00+00:00,1.8888165375953698,16.874638925052643,13.420708734242092
2021-12-05 20:00:00+00:00,6.1793321252147235,10.6557065431144,6.911359632306831
2021-12-05 21:00:00+00:00,0.22376600171460662,0.5583294561488221,0.4539197061971721
2021-12-05 22:00:00+00:00,0.0,0.0,0.0
2021-12-05 23:00:00+00:00,0.0,0.0,0.0
2021-12-06 00:00:00+00:00,0.0,0.0,0.0
2021-12-06 01:00:00+00:00,0.0,0.0,0.0
2021-12-06 02:00:00+00:00,0.0,0.0,0.0
2021-12-06 03:00:00+00:00,0.0,0.0,0.0
2021-12-06 04:00:00+00:00,0.0,0.0,0.0
2021-12-06 05:00:00+00:00,0.0,0.0,0.0
2021-12-06 06:00:00+00:00,0.0,0.0,0.0
2021-12-06 07:00:00+00:00,0.0,0.0,0.0
2021-12-06 08:00:00+00:00,0.0,0.0,0.0
2021-12-06 09:00:00+00:00,0.0,0.0,0.0
2021-12-06 10:00:00+00:00,0.0,0.0,0.0
2021-12-06 11:00:00+00:00,0.0,0.0,0.0
2021-12-06 12:00:00+00:00,0.0,0.0,0.0
2021-12-06 13:00:00+00:00,0.09836945616002678,0.5192743183671615,0.09370751620938753
2021-12-06 14:00:00+00:00,0.1928143408014201,0.5396267682950019,0.32024958334121034
2021-12-06 15:00:00+00:00,6.9068428153481385,5.6298483009494165,3.5416874351014473
2021-12-06 16:00:00+00:00,7.868055257297546,5.412213805426858,4.209452472299845
2021-12-06 17:00:00+00:00,1.1084718849113202,16.44840694085117,11.829847631830473
2021-12-06 18:00:00+00:00,2.8807768870896457,2.9346659253408345,3.566723699638432
2021-12-06 19:00:00+00:00,0.9227886180221594,1.983254479615801,1.5385296417563505
2021-12-06 20:00:00+00:00,0.273046667984108,1.142572217897431,1.2436557334623872
2021-12-06 21:00:00+00:00,0.001626719356801123,0.10549572337653329,0.07558941750554377
2021-12-06 22:00:00+00:00,0.0,0.0,0.0
2021-12-06 23:00:00+00:00,0.0,0.0,0.0
2021-12-07 00:00:00+00:00,0.0,0.0,0.0
2021-12-07 01:00:00+00:00,0.0,0.0,0.0
2021-12-07 02:00:00+00:00,0.0,0.0,0.0
2021-12-07 03:00:00+00:00,0.0,0.0,0.0
2021-12-07 04:00:00+00:00,0.0,0.0,0.0
2021-12-07 05:00:00+00:00,0.0,0.0,0.0
2021-12-07 06:00:00+00:00,0.0,0.0,0.0
2021-12-07 07:00:00+00:00,0.0,0.0,0.0
2021-12-07 08:00:00+00:00,0.0,0.0,0.0
2021-12-07 09:00:00+00:00,0.0,0.0,0.0
2021-12-07 10:00:00+00:00,0.0,0.0,0.0
2021-12-07 11:00:00+00:00,0.0,0.0,0.0
2021-12-07 12:00:00+00:00,0.0,0.0,0.0
2021-12-07 13:00:00+00:00,5.024474654289459,0.9149773585916897,0.6107840650758672
2021-12-07 14:00:00+00:00,9.889488865053398,16.493772228541932,13.049967485057557
2021-12-07 15:00:00+00:00,13.063376478913888,20.913025823291925,16.624878727833146
2021-12-07 16:00:00+00:00,10.331586830107899,23.319927674295467,18.345911994525903
2021-12-07 17:00:00+00:00,10.77218896473091,23.59268353969771,17.946732560127607
2021-12-07 18:00:00+00:00,4.920194049776804,21.542287031499757,17.435441391247586
2021-12-07 19:00:00+00:00,1.1866537448176435,18.335138654980344,14.192859171964425
2021-12-07 20:00:00+00:00,6.439026469677706,12.208279187748936,9.36404152987315
2021-12-07 21:00:00+00:00,0.21396374994241987,0.5812361954433009,0.46028875578391315
2021-12-07 22:00:00+00:00,0.0,0.0,0.0
2021-12-07 23:00:00+00:00,0.0,0.0,0.0
2021-12-08 00:00:00+00:00,0.0,0.0,0.0
2021-12-08 01:00:00+00:00,0.0,0.0,0.0
2021-12-08 02:00:00+00:00,0.0,0.0,0.0
2021-12-08 03:00:00+00:00,0.0,0.0,0.0
2021-12-08 04:00:00+00:00,0.0,0.0,0.0
2021-12-08 05:00:00+00:00,0.0,0.0,0.0
2021-12-08 06:00:00+00:00,0.0,0.0,0.0
2021-12-08 07:00:00+00:00,0.0,0.0,0.0
2021-12-08 08:00:00+00:00,0.0,0.0,0.0
2021-12-08 09:00:00+00:00,0.0,0.0,0.0
2021-12-08 10:00:00+00:00,0.0,0.0,0.0
2021-12-08 11:00:00+00:00,0.0,0.0,0.0
2021-12-08 12:00:00+00:00,0.0,0.0,0.0
2021-12-08 13:00:00+00:00,0.09492661530980565,0.0913797324556639,0.07889315245206971
2021-12-08 14:00:00+00:00,0.7690367173013208,0.3075150008892265,0.22490140754744198
2021-12-08 15:00:00+00:00,3.267814686768737,0.10128487542955225,0.0907790391098075
2021-12-08 16:00:00+00:00,1.319851392114692,0.09904898912665187,0.03604651284631226
2021-12-08 17:00:00+00:00,1.4590035284768204,0.08586773412992724,0.06186780689090932
2021-12-08 18:00:00+00:00,2.2311469442846468,0.0936750626903729,0.08705497455370606
2021-12-08 19:00:00+00:00,1.0539459464165075,0.09612318878277806,0.06997317476036613
2021-12-08 20:00:00+00:00,0.4369264991822364,0.08020489821327526,0.07002608262018482
2021-12-08 21:00:00+00:00,0.0342294927480832,0.04280408700214723,0.019108065004199978
2021-12-08 22:00:00+00:00,0.0,0.0,0.0
2021-12-08 23:00:00+00:00,0.0,0.0,0.0
2021-12-09 00:00:00+00:00,0.0,0.0,0.0
2021-12-09 01:00:00+00:00,0.0,0.0,0.0
2021-12-09 02:00:00+00:00,0.0,0.0,0.0
2021-12-09 03:00:00+00:00,0.0,0.0,0.0
2021-12-09 04:00:00+00:00,0.0,0.0,0.0
2021-12-09 05:00:00+00:00,0.0,0.0,0.0
2021-12-09 06:00:00+00:00,0.0,0.0,0.0
2021-12-09 07:00:00+00:00,0.0,0.0,0.0
2021-12-09 08:00:00+00:00,0.0,0.0,0.0
2021-12-09 09:00:00+00:00,0.0,0.0,0.0
2021-12-09 10:00:00+00:00,0.0,0.0,0.0
2021-12-09 11:00:00+00:00,0.0,0.0,0.0
2021-12-09 12:00:00+00:00,0.0,0.0,0.0
2021-12-09 13:00:00+00:00,5.0507774336302385,9.468608823585516,7.46332349952926
2021-12-09 14:00:00+00:00,10.113206440763046,16.42661679826981,13.02504800246831
2021-12-09 15:00:00+00:00,9.019614410911249,20.939659206645082,16.4289568626257
2021-12-09 16:00:00+00:00,14.569970042217301,22.99233704685909,18.230884383032794
2021-12-09 17:00:00+00:00,15.17123206435738,23.618647760613015,18.4369111095501
2021-12-09 18:00:00+00:00,14.086282027679678,20.46766789725582,15.12805856638712
2021-12-09 19:00:00+00:00,11.125317640037764,4.888953799754105,3.6112873141536563
2021-12-09 20:00:00+00:00,0.90661152089597,6.333202638889753,2.091689728674904
2021-12-09 21:00:00+00:00,0.04434050676749188,0.311561441137511,0.26421222333808825
2021-12-09 22:00:00+00:00,0.0,0.0,0.0
2021-12-09 23:00:00+00:00,0.0,0.0,0.0
2021-12-10 00:00:00+00:00,0.0,0.0,0.0
2021-12-10 01:00:00+00:00,0.0,0.0,0.0
2021-12-10 02:00:00+00:00,0.0,0.0,0.0
2021-12-10 03:00:00+00:00,0.0,0.0,0.0
2021-12-10 04:00:00+00:00,0.0,0.0,0.0
2021-12-10 05:00:00+00:00,0.0,0.0,0.0
2021-12-10 06:00:00+00:00,0.0,0.0,0.0
2021-12-10 07:00:00+00:00,0.0,0.0,0.0
2021-12-10 08:00:00+00:00,0.0,0.0,0.0
2021-12-10 09:00:00+00:00,0.0,0.0,0.0
2021-12-10 10:00:00+00:00,0.0,0.0,0.0
2021-12-10 11:00:00+00:00,0.0,0.0,0.0
2021-12-10 12:00:00+00:00,0.0,0.0,0.0
2021-12-10 13:00:00+00:00,0.064363999283105,7.423217493400363,5.682719659382286
2021-12-10 14:00:00+00:00,9.26176920177584,0.307775738498957,0.25867052977961924
2021-12-10 15:00:00+00:00,11.938155535884011,19.441870214512143,15.416288843526383
2021-12-10 16:00:00+00:00,13.657905411798062,20.057209541657418,2.9018617332959487
2021-12-10 17:00:00+00:00,11.538466441359143,1.6405158609000698,5.8177730713440186
2021-12-10 18:00:00+00:00,12.813921824919566,10.817954680788565,14.93512953750732
2021-12-10 19:00:00+00:00,1.6766768615359542,16.58840457471733,12.6067096903438
2021-12-10 20:00:00+00:00,0.8830375667497851,9.166379917581954,7.895221523830018
2021-12-10 21:00:00+00:00,0.2156995357776761,0.5388892098518919,0.4262710894399542
2021-12-10 22:00:00+00:00,0.0,0.0,0.0
2021-12-10 23:00:00+00:00,0.0,0.0,0.0
2021-12-11 00:00:00+00:00,0.0,0.0,0.0
2021-12-11 01:00:00+00:00,0.0,0.0,0.0
2021-12-11 02:00:00+00:00,0.0,0.0,0.0
2021-12-11 03:00:00+00:00,0.0,0.0,0.0
2021-12-11 04:00:00+00:00,0.0,0.0,0.0
2021-12-11 05:00:00+00:00,0.0,0.0,0.0
2021-12-11 06:00:00+00:00,0.0,0.0,0.0
2021-12-11 07:00:00+00:00,0.0,0.0,0.0
2021-12-11 08:00:00+00:00,0.0,0.0,0.0
2021-12-11 09:00:00+00:00,0.0,0.0,0.0
2021-12-11 10:00:00+00:00,0.0,0.0,0.0
2021-12-11 11:00:00+00:00,0.0,0.0,0.0
2021-12-11 12:00:00+00:00,0.0,0.0,0.0
2021-12-11 13:00:00+00:00,0.008297987829794837,0.1191541130814379,0.11977476479714134
2021-12-11 14:00:00+00:00,0.011699742980398763,1.201744864034302,0.5317192331917959
2021-12-11 15:00:00+00:00,0.021558310484202623,0.9194782329273108,0.5300013958590466
2021-12-11 16:00:00+00:00,0.11008659542912538,0.12311884709302039,0.12010855900329591
2021-12-11 17:00:00+00:00,0.194920902236028,0.38974333351995594,0.2543575897692413
2021-12-11 18:00:00+00:00,0.05550330946590963,0.19730658462093228,0.3897760387752862
2021-12-11 19:00:00+00:00,0.01629454631779227,0.09480832394258232,0.1301656821759651
2021-12-11 20:00:00+00:00,0.026048102675474444,0.06921654107069837,0.07328319566122132
2021-12-11 21:00:00+00:00,0.014634813076936875,0.0051306105191038865,0.006111549168459486
2021-12-11 22:00:00+00:00,0.0,0.0,0.0
2021-12-11 23:00:00+00:00,0.0,0.0,0.0
2021-12-12 00:00:00+00:00,0.0,0.0,0.0
2021-12-12 01:00:00+00:00,0.0,0.0,0.0
2021-12-12 02:00:00+00:00,0.0,0.0,0.0
2021-12-12 03:00:00+00:00,0.0,0.0,0.0
2021-12-12 04:00:00+00:00,0.0,0.0,0.0
2021-12-12 05:00:00+00:00,0.0,0.0,0.0
2021-12-12 06:00:00+00:00,0.0,0.0,0.0
2021-12-12 07:00:00+00:00,0.0,0.0,0.0
2021-12-12 08:00:00+00:00,0.0,0.0,0.0
2021-12-12 09:00:00+00:00,0.0,0.0,0.0
2021-12-12 10:00:00+00:00,0.0,0.0,0.0
2021-12-12 11:00:00+00:00,0.0,0.0,0.0
2021-12-12 12:00:00+00:00,0.0,0.0,0.0
2021-12-12 13:00:00+00:00,4.677941577818664,1.0981671528429096,0.6908185897058544
2021-12-12 14:00:00+00:00,9.709233031467223,16.12579329359861,12.769117725297447
2021-12-12 15:00:00+00:00,12.756064190001766,20.682553843862586,16.39772376660564
2021-12-12 16:00:00+00:00,13.141501308499306,23.09378422019155,18.324907790330133
2021-12-12 17:00:00+00:00,14.52297059182296,23.574479975935994,18.656581792389048
2021-12-12 18:00:00+00:00,13.400824368164713,21.978298354689027,17.418941295774044
2021-12-12 19:00:00+00:00,11.4870932496805,18.379577320740832,14.570783201304828
2021-12-12 20:00:00+00:00,7.740598447336423,12.342842061320445,9.775739920880069
2021-12-12 21:00:00+00:00,0.245636228448881,0.7544210088410842,0.5975540007720311
2021-12-12 22:00:00+00:00,0.0,0.0,0.0
2021-12-12 23:00:00+00:00,0.0,0.0,0.0
2021-12-13 00:00:00+00:00,0.0,0.0,0.0
2021-12-13 01:00:00+00:00,0.0,0.0,0.0
2021-12-13 02:00:00+00:00,0.0,0.0,0.0
2021-12-13 03:00:00+00:00,0.0,0.0,0.0
2021-12-13 04:00:00+00:00,0.0,0.0,0.0
2021-12-13 05:00:00+00:00,0.0,0.0,0.0
2021-12-13 06:00:00+00:00,0.0,0.0,0.0
2021-12-13 07:00:00+00:00,0.0,0.0,0.0
2021-12-13 08:00:00+00:00,0.0,0.0,0.0
2021-12-13 09:00:00+00:00,0.0,0.0,0.0
2021-12-13 10:00:00+00:00,0.0,0.0,0.0
2021-12-13 11:00:00+00:00,0.0,0.0,0.0
2021-12-13 12:00:00+00:00,0.0,0.0,0.0
2021-12-13 13:00:00+00:00,1.7692185928936741,0.5273542311754126,2.6237468876521226
2021-12-13 14:00:00+00:00,0.901869533737443,1.1142418187326801,0.8274059976915642
2021-12-13 15:00:00+00:00,0.6859275022832402,10.98864068150492,3.616785687469805
2021-12-13 16:00:00+00:00,3.4065563479292793,1.8417549409314335,1.0463277607293686
2021-12-13 17:00:00+00:00,14.386617698275147,22.784525041308555,18.050415889339483
2021-12-13 18:00:00+00:00,13.473255254663808,21.180213278182027,16.81572351110042
2021-12-13 19:00:00+00:00,11.14529431949621,17.752194735345068,14.08782330856738
2021-12-13 20:00:00+00:00,7.266501797140789,11.89401122892987,9.496984259680714
2021-12-13 21:00:00+00:00,0.23806908249229936,0.608824278753259,0.48202610296459164
2021-12-13 22:00:00+00:00,0.0,0.0,0.0
2021-12-13 23:00:00+00:00,0.0,0.0,0.0
2021-12-14 00:00:00+00:00,0.0,0.0,0.0
2021-12-14 01:00:00+00:00,0.0,0.0,0.0
2021-12-14 02:00:00+00:00,0.0,0.0,0.0
2021-12-14 03:00:00+00:00,0.0,0.0,0.0
2021-12-14 04:00:00+00:00,0.0,0.0,0.0
2021-12-14 05:00:00+00:00,0.0,0.0,0.0
2021-12-14 06:00:00+00:00,0.0,0.0,0.0
2021-12-14 07:00:00+00:00,0.0,0.0,0.0
2021-12-14 08:00:00+00:00,0.0,0.0,0.0
2021-12-14 09:00:00+00:00,0.0,0.0,0.0
2021-12-14 10:00:00+00:00,0.0,0.0,0.0
2021-12-14 11:00:00+00:00,0.0,0.0,0.0
2021-12-14 12:00:00+00:00,0.0,0.0,0.0
2021-12-14 13:00:00+00:00,4.490404259375729,8.923078466962174,6.934376128943806
2021-12-14 14:00:00+00:00,9.606366654900679,15.818958948952227,12.432889671211285
2021-12-14 15:00:00+00:00,12.585204148075945,20.09973112039111,15.925184486113384
2021-12-14 16:00:00+00:00,14.217315532129941,22.49302824018979,17.874481511776064
2021-12-14 17:00:00+00:00,14.587923678575832,23.024080089118154,18.284519735337753
2021-12-14 18:00:00+00:00,13.67155320650245,21.449614638659977,17.01233446185949
2021-12-14 19:00:00+00:00,11.419557145021743,17.88227487415974,14.197549538154814
2021-12-14 20:00:00+00:00,7.731798512393672,11.913560377495878,9.501280641387705
2021-12-14 21:00:00+00:00,0.2539730459454549,0.7005668081458305,0.5439356677446374
2021-12-14 22:00:00+00:00,0.0,0.0,0.0
2021-12-14 23:00:00+00:00,0.0,0.0,0.0
2021-12-15 00:00:00+00:00,0.0,0.0,0.0
2021-12-15 01:00:00+00:00,0.0,0.0,0.0
2021-12-15 02:00:00+00:00,0.0,0.0,0.0
2021-12-15 03:00:00+00:00,0.0,0.0,0.0
2021-12-15 04:00:00+00:00,0.0,0.0,0.0
2021-12-15 05:00:00+00:00,0.0,0.0,0.0
2021-12-15 06:00:00+00:00,0.0,0.0,0.0
2021-12-15 07:00:00+00:00,0.0,0.0,0.0
2021-12-15 08:00:00+00:00,0.0,0.0,0.0
2021-12-15 09:00:00+00:00,0.0,0.0,0.0
2021-12-15 10:00:00+00:00,0.0,0.0,0.0
2021-12-15 11:00:00+00:00,0.0,0.0,0.0
2021-12-15 12:00:00+00:00,0.0,0.0,0.0
2021-12-15 13:00:00+00:00,4.574591721169975,1.7477158638098773,1.646157588764971
2021-12-15 14:00:00+00:00,9.786660520424348,3.7010041489423346,2.3014227955325213
2021-12-15 15:00:00+00:00,11.638692332820423,17.17022487313191,13.320764554040009
2021-12-15 16:00:00+00:00,2.315807123039085,18.466386197750815,13.832490995418853
2021-12-15 17:00:00+00:00,1.7076536594611371,13.55051343813296,15.92593358381065
2021-12-15 18:00:00+00:00,0.8706562973083681,21.283702991139194,16.916751739727044
2021-12-15 19:00:00+00:00,0.2617706277409569,5.286321331644145,1.6008522905217302
2021-12-15 20:00:00+00:00,0.11864077724280134,4.220190537998156,3.5678188552006653
2021-12-15 21:00:00+00:00,0.003348849882086182,0.07593855034857899,0.01660799045490731
2021-12-15 22:00:00+00:00,0.0,0.0,0.0
2021-12-15 23:00:00+00:00,0.0,0.0,0.0
2021-12-16 00:00:00+00:00,0.0,0.0,0.0
2021-12-16 01:00:00+00:00,0.0,0.0,0.0
2021-12-16 02:00:00+00:00,0.0,0.0,0.0
2021-12-16 03:00:00+00:00,0.0,0.0,0.0
2021-12-16 04:00:00+00:00,0.0,0.0,0.0
2021-12-16 05:00:00+00:00,0.0,0.0,0.0
2021-12-16 06:00:00+00:00,0.0,0.0,0.0
2021-12-16 07:00:00+00:00,0.0,0.0,0.0
2021-12-16 08:00:00+00:00,0.0,0.0,0.0
2021-12-16 09:00:00+00:00,0.0,0.0,0.0
2021-12-16 10:00:00+00:00,0.0,0.0,0.0
2021-12-16 11:00:00+00:00,0.0,0.0,0.0
2021-12-16 12:00:00+00:00,0.0,0.0,0.0
2021-12-16 13:00:00+00:00,0.15619486371279792,1.8589908222577387,3.834233676870162
2021-12-16 14:00:00+00:00,0.3136101844020864,12.266979136715715,10.26123769393571
2021-12-16 15:00:00+00:00,1.5401755991660715,13.086755842767234,8.191292366291757
2021-12-16 16:00:00+00:00,9.78002309341782,18.457949253931897,11.959926871263646
2021-12-16 17:00:00+00:00,13.274716110972937,5.29823731914456,4.562145053506102
2021-12-16 18:00:00+00:00,12.39303028637383,10.094938438631605,14.55068843526301
2021-12-16 19:00:00+00:00,10.132099744758284,15.30313703959318,12.461540140115883
2021-12-16 20:00:00+00:00,6.246936767323229,10.568328854349076,8.125414451341227
2021-12-16 21:00:00+00:00,0.23128627554628453,0.5740786353696129,0.4590972958790986
2021-12-16 22:00:00+00:00,0.0,0.0,0.0
2021-12-16 23:00:00+00:00,0.0,0.0,0.0
2021-12-17 00:00:00+00:00,0.0,0.0,0.0
2021-12-17 01:00:00+00:00,0.0,0.0,0.0
2021-12-17 02:00:00+00:00,0.0,0.0,0.0
2021-12-17 03:00:00+00:00,0.0,0.0,0.0
2021-12-17 04:00:00+00:00,0.0,0.0,0.0
2021-12-17 05:00:00+00:00,0.0,0.0,0.0
2021-12-17 06:00:00+00:00,0.0,0.0,0.0
2021-12-17 07:00:00+00:00,0.0,0.0,0.0
2021-12-17 08:00:00+00:00,0.0,0.0,0.0
2021-12-17 09:00:00+00:00,0.0,0.0,0.0
2021-12-17 10:00:00+00:00,0.0,0.0,0.0
2021-12-17 11:00:00+00:00,0.0,0.0,0.0
2021-12-17 12:00:00+00:00,0.0,0.0,0.0
2021-12-17 13:00:00+00:00,4.359341405160005,7.857737037544777,6.347522225145854
2021-12-17 14:00:00+00:00,9.373798609070471,15.420369354729704,12.219835922617758
2021-12-17 15:00:00+00:00,12.383527101358386,19.95737348385918,15.838075077403749
2021-12-17 16:00:00+00:00,13.850041854954993,22.437231636210992,17.467599048216933
2021-12-17 17:00:00+00:00,14.26147238130446,23.017319666343315,18.312748940327975
2021-12-17 18:00:00+00:00,13.524508544533692,21.625766165848923,17.19110020892321
2021-12-17 19:00:00+00:00,11.342031422142666,18.13773377596392,14.401575867445722
2021-12-17 20:00:00+00:00,7.7602344822640505,12.522503010345451,9.968402219583743
2021-12-17 21:00:00+00:00,0.28116751233878884,1.3146609180036835,1.0310463303942412
2021-12-17 22:00:00+00:00,0.0,0.0,0.0
2021-12-17 23:00:00+00:00,0.0,0.0,0.0
2021-12-18 00:00:00+00:00,0.0,0.0,0.0
2021-12-18 01:00:00+00:00,0.0,0.0,0.0
2021-12-18 02:00:00+00:00,0.0,0.0,0.0
2021-12-18 03:00:00+00:00,0.0,0.0,0.0
2021-12-18 04:00:00+00:00,0.0,0.0,0.0
2021-12-18 05:00:00+00:00,0.0,0.0,0.0
2021-12-18 06:00:00+00:00,0.0,0.0,0.0
2021-12-18 07:00:00+00:00,0.0,0.0,0.0
2021-12-18 08:00:00+00:00,0.0,0.0,0.0
2021-12-18 09:00:00+00:00,0.0,0.0,0.0
2021-12-18 10:00:00+00:00,0.0,0.0,0.0
2021-12-18 11:00:00+00:00,0.0,0.0,0.0
2021-12-18 12:00:00+00:00,0.0,0.0,0.0
2021-12-18 13:00:00+00:00,0.027181681787148,0.023924975042618396,0.014732959723953469
2021-12-18 14:00:00+00:00,0.044098961608493914,0.10616118728609482,0.08833290240063794
2021-12-18 15:00:00+00:00,0.028825102645127484,0.07967072440464376,0.07574079867140565
2021-12-18 16:00:00+00:00,0.03403224737437386,0.19879772510623248,0.09255834167039101
2021-12-18 17:00:00+00:00,0.06816421441751586,0.360042678338971,0.32212245630542025
2021-12-18 18:00:00+00:00,0.018742464890478726,1.1992710095775836,0.3621521550062083
2021-12-18 19:00:00+00:00,0.03407688470375864,0.4151144715724838,0.34044611552144927
2021-12-18 20:00:00+00:00,0.010223557764947325,0.047665318686994244,0.03578231627964711
2021-12-18 21:00:00+00:00,0.0,0.010588817053933027,0.0042063957208629005
2021-12-18 22:00:00+00:00,0.0,0.0,0.0
2021-12-18 23:00:00+00:00,0.0,0.0,0.0
2021-12-19 00:00:00+00:00,0.0,0.0,0.0
2021-12-19 01:00:00+00:00,0.0,0.0,0.0
2021-12-19 02:00:00+00:00,0.0,0.0,0.0
2021-12-19 03:00:00+00:00,0.0,0.0,0.0
2021-12-19 04:00:00+00:00,0.0,0.0,0.0
2021-12-19 05:00:00+00:00,0.0,0.0,0.0
2021-12-19 06:00:00+00:00,0.0,0.0,0.0
2021-12-19 07:00:00+00:00,0.0,0.0,0.0
2021-12-19 08:00:00+00:00,0.0,0.0,0.0
2021-12-19 09:00:00+00:00,0.0,0.0,0.0
2021-12-19 10:00:00+00:00,0.0,0.0,0.0
2021-12-19 11:00:00+00:00,0.0,0.0,0.0
2021-12-19 12:00:00+00:00,0.0,0.0,0.0
2021-12-19 13:00:00+00:00,0.3502317474128779,0.053293835187693754,0.019050946465714324
2021-12-19 14:00:00+00:00,4.529452918818857,0.26905209754047194,2.3768848155507363
2021-12-19 15:00:00+00:00,9.130522197157152,2.204219548714095,2.4652890242605863
2021-12-19 16:00:00+00:00,14.127479730384838,2.5684372526667074,2.443850633246993
2021-12-19 17:00:00+00:00,15.191620423960119,1.8592953010285955,4.830145185075111
2021-12-19 18:00:00+00:00,8.739442867993905,6.103297597198078,4.012883097078917
2021-12-19 19:00:00+00:00,8.365149952979928,9.805785631981554,10.27513185010202
2021-12-19 20:00:00+00:00,3.420761134768388,1.8053023756875388,1.37406143109284
2021-12-19 21:00:00+00:00,0.32785422205540904,1.3732877532278343,0.7024528868790758
2021-12-19 22:00:00+00:00,0.0,0.0,0.0
2021-12-19 23:00:00+00:00,0.0,0.0,0.0
2021-12-20 00:00:00+00:00,0.0,0.0,0.0
2021-12-20 01:00:00+00:00,0.0,0.0,0.0
2021-12-20 02:00:00+00:00,0.0,0.0,0.0
2021-12-20 03:00:00+00:00,0.0,0.0,0.0
2021-12-20 04:00:00+00:00,0.0,0.0,0.0
2021-12-20 05:00:00+00:00,0.0,0.0,0.0
2021-12-20 06:00:00+00:00,0.0,0.0,0.0
2021-12-20 07:00:00+00:00,0.0,0.0,0.0
2021-12-20 08:00:00+00:00,0.0,0.0,0.0
2021-12-20 09:00:00+00:00,0.0,0.0,0.0
2021-12-20 10:00:00+00:00,0.0,0.0,0.0
2021-12-20 11:00:00+00:00,0.0,0.0,0.0
2021-12-20 12:00:00+00:00,0.0,0.0,0.0
2021-12-20 13:00:00+00:00,3.0197047761268614,7.75939449217994,4.9227100176469225
2021-12-20 14:00:00+00:00,9.156085258823383,16.30529319878954,11.609246096288173
2021-12-20 15:00:00+00:00,13.086531929070635,18.776338988731073,16.33747371584475
2021-12-20 16:00:00+00:00,14.846133925923228,23.653251365799186,18.6696693869853
2021-12-20 17:00:00+00:00,15.307022217497668,24.084836954770115,19.046252198416443
2021-12-20 18:00:00+00:00,14.355314973345731,22.495977809180236,17.892281605363436
2021-12-20 19:00:00+00:00,12.010680528555008,18.485706615045316,14.850371975033257
2021-12-20 20:00:00+00:00,1.0908338098368575,12.94884710766766,10.166684131844212
2021-12-20 21:00:00+00:00,0.3206884616346254,1.7279355958467824,1.3414251034362767
2021-12-20 22:00:00+00:00,0.0,0.0,0.0
2021-12-20 23:00:00+00:00,0.0,0.0,0.0
2021-12-21 00:00:00+00:00,0.0,0.0,0.0
2021-12-21 01:00:00+00:00,0.0,0.0,0.0
2021-12-21 02:00:00+00:00,0.0,0.0,0.0
2021-12-21 03:00:00+00:00,0.0,0.0,0.0
2021-12-21 04:00:00+00:00,0.0,0.0,0.0
2021-12-21 05:00:00+00:00,0.0,0.0,0.0
2021-12-21 06:00:00+00:00,0.0,0.0,0.0
2021-12-21 07:00:00+00:00,0.0,0.0,0.0
2021-12-21 08:00:00+00:00,0.0,0.0,0.0
2021-12-21 09:00:00+00:00,0.0,0.0,0.0
2021-12-21 10:00:00+00:00,0.0,0.0,0.0
2021-12-21 11:00:00+00:00,0.0,0.0,0.0
2021-12-21 12:00:00+00:00,0.0,0.0,0.0
2021-12-21 13:00:00+00:00,0.4874438306534439,8.594626915603103,6.717987106739091
2021-12-21 14:00:00+00:00,9.555608873013194,15.850456752207105,12.565689684823699
2021-12-21 15:00:00+00:00,12.670778265749433,7.182542704486117,4.603123978776633
2021-12-21 16:00:00+00:00,14.48269957588021,22.371732357547522,18.089645487150307
2021-12-21 17:00:00+00:00,14.744843809480155,20.806974424717644,13.523252033534998
2021-12-21 18:00:00+00:00,13.776429267096741,19.42412809271102,5.91569688796275
2021-12-21 19:00:00+00:00,1.4872958317670255,3.7105651657005847,3.5166776873007017
2021-12-21 20:00:00+00:00,0.8276003778245811,2.5182443028636934,2.7065746635942474
2021-12-21 21:00:00+00:00,0.3458723608101864,0.305998062100381,0.28085068741622415
2021-12-21 22:00:00+00:00,0.0,0.0,0.0
2021-12-21 23:00:00+00:00,0.0,0.0,0.0
2021-12-22 00:00:00+00:00,0.0,0.0,0.0
2021-12-22 01:00:00+00:00,0.0,0.0,0.0
2021-12-22 02:00:00+00:00,0.0,0.0,0.0
2021-12-22 03:00:00+00:00,0.0,0.0,0.0
2021-12-22 04:00:00+00:00,0.0,0.0,0.0
2021-12-22 05:00:00+00:00,0.0,0.0,0.0
2021-12-22 06:00:00+00:00,0.0,0.0,0.0
2021-12-22 07:00:00+00:00,0.0,0.0,0.0
2021-12-22 08:00:00+00:00,0.0,0.0,0.0
2021-12-22 09:00:00+00:00,0.0,0.0,0.0
2021-12-22 10:00:00+00:00,0.0,0.0,0.0
2021-12-22 11:00:00+00:00,0.0,0.0,0.0
2021-12-22 12:00:00+00:00,0.0,0.0,0.0
2021-12-22 13:00:00+00:00,0.22830550276847614,0.023820376493438912,0.01896437639852796
2021-12-22 14:00:00+00:00,0.23411669697191823,0.21737509997682897,0.34270148951333207
2021-12-22 15:00:00+00:00,1.44462813680176,0.14019062071469474,0.2329690665842529
2021-12-22 16:00:00+00:00,1.918029853015601,18.027719575605936,17.610281238105078
2021-12-22 17:00:00+00:00,12.510660851472045,23.028223377593758,18.3282826138452
2021-12-22 18:00:00+00:00,8.220509260117423,21.758854035262047,17.271448166001953
2021-12-22 19:00:00+00:00,1.5256459829683868,17.796129135091714,14.569654288049358
2021-12-22 20:00:00+00:00,8.309323046128187,11.12919517077088,6.416155311588452
2021-12-22 21:00:00+00:00,0.3190329770867054,1.8059728638695565,1.652113013568256
2021-12-22 22:00:00+00:00,0.0,0.0,0.0
2021-12-22 23:00:00+00:00,0.0,0.0,0.0
2021-12-23 00:00:00+00:00,0.0,0.0,0.0
2021-12-23 01:00:00+00:00,0.0,0.0,0.0
2021-12-23 02:00:00+00:00,0.0,0.0,0.0
2021-12-23 03:00:00+00:00,0.0,0.0,0.0
2021-12-23 04:00:00+00:00,0.0,0.0,0.0
2021-12-23 05:00:00+00:00,0.0,0.0,0.0
2021-12-23 06:00:00+00:00,0.0,0.0,0.0
2021-12-23 07:00:00+00:00,0.0,0.0,0.0
2021-12-23 08:00:00+00:00,0.0,0.0,0.0
2021-12-23 09:00:00+00:00,0.0,0.0,0.0
2021-12-23 10:00:00+00:00,0.0,0.0,0.0
2021-12-23 11:00:00+00:00,0.0,0.0,0.0
2021-12-23 12:00:00+00:00,0.0,0.0,0.0
2021-12-23 13:00:00+00:00,4.788222234229981,8.406702634907335,6.3621014653954004
2021-12-23 14:00:00+00:00,9.903899287807729,15.995169382252682,12.272949181989139
2021-12-23 15:00:00+00:00,13.174214490477379,19.256913081924957,14.352387298611763
2021-12-23 16:00:00+00:00,15.046871377459869,23.576604696520107,18.578390919579935
2021-12-23 17:00:00+00:00,15.485503759119075,23.9385866128284,19.133266143683258
2021-12-23 18:00:00+00:00,14.553253465301916,22.735017191384443,18.06548144899826
2021-12-23 19:00:00+00:00,12.2743801542777,18.52074940940438,14.9036020820205
2021-12-23 20:00:00+00:00,8.51510168350967,5.377848775178334,10.02252198017845
2021-12-23 21:00:00+00:00,0.4072352101187681,2.327409427314278,1.87065171637162
2021-12-23 22:00:00+00:00,0.0,0.0,0.0
2021-12-23 23:00:00+00:00,0.0,0.0,0.0
2021-12-24 00:00:00+00:00,0.0,0.0,0.0
2021-12-24 01:00:00+00:00,0.0,0.0,0.0
2021-12-24 02:00:00+00:00,0.0,0.0,0.0
2021-12-24 03:00:00+00:00,0.0,0.0,0.0
2021-12-24 04:00:00+00:00,0.0,0.0,0.0
2021-12-24 05:00:00+00:00,0.0,0.0,0.0
2021-12-24 06:00:00+00:00,0.0,0.0,0.0
2021-12-24 07:00:00+00:00,0.0,0.0,0.0
2021-12-24 08:00:00+00:00,0.0,0.0,0.0
2021-12-24 09:00:00+00:00,0.0,0.0,0.0
2021-12-24 10:00:00+00:00,0.0,0.0,0.0
2021-12-24 11:00:00+00:00,0.0,0.0,0.0
2021-12-24 12:00:00+00:00,0.0,0.0,0.0
2021-12-24 13:00:00+00:00,0.0557125249109187,0.4985574473849381,0.48932773081640263
2021-12-24 14:00:00+00:00,2.85600559148132,1.2530271876024985,0.6412870801656197
2021-12-24 15:00:00+00:00,2.6861318662920213,0.5971382203515132,0.23954168818315344
2021-12-24 16:00:00+00:00,1.3382581743747737,0.5455905653547909,0.6205366752083314
2021-12-24 17:00:00+00:00,4.626581588544311,4.54022963142869,1.7293605868993676
2021-12-24 18:00:00+00:00,2.0748377552218007,2.5434955550964946,0.9657537086882373
2021-12-24 19:00:00+00:00,1.2926749410644742,2.3159073754888797,0.6982055453642674
2021-12-24 20:00:00+00:00,3.1331840079203284,0.591860692115026,0.7338288281435228
2021-12-24 21:00:00+00:00,0.31191436689251356,0.20103089809713307,0.21745045536251953
2021-12-24 22:00:00+00:00,0.0,0.0,0.0
2021-12-24 23:00:00+00:00,0.0,0.0,0.0
2021-12-25 00:00:00+00:00,0.0,0.0,0.0
2021-12-25 01:00:00+00:00,0.0,0.0,0.0
2021-12-25 02:00:00+00:00,0.0,0.0,0.0
2021-12-25 03:00:00+00:00,0.0,0.0,0.0
2021-12-25 04:00:00+00:00,0.0,0.0,0.0
2021-12-25 05:00:00+00:00,0.0,0.0,0.0
2021-12-25 06:00:00+00:00,0.0,0.0,0.0
2021-12-25 07:00:00+00:00,0.0,0.0,0.0
2021-12-25 08:00:00+00:00,0.0,0.0,0.0
2021-12-25 09:00:00+00:00,0.0,0.0,0.0
2021-12-25 10:00:00+00:00,0.0,0.0,0.0
2021-12-25 11:00:00+00:00,0.0,0.0,0.0
2021-12-25 12:00:00+00:00,0.0,0.0,0.0
2021-12-25 13:00:00+00:00,0.013586631587645772,0.03735509079435145,0.023334917157947752
2021-12-25 14:00:00+00:00,0.0186773309552817,0.14051804828269748,0.07807521710546754
2021-12-25 15:00:00+00:00,0.015251470480567459,0.28112092712991027,0.21545925528454304
2021-12-25 16:00:00+00:00,0.03045180814543706,0.40075980782656306,0.29471109846995397
2021-12-25 17:00:00+00:00,0.04748139901066305,0.1732616011849159,0.10420309587305016
2021-12-25 18:00:00+00:00,0.0608931130725982,0.03675642316288691,0.07292303857640817
2021-12-25 19:00:00+00:00,0.23865943983499036,0.08936067418934451,0.09799148193545157
2021-12-25 20:00:00+00:00,0.13738878646978891,0.5973260640696618,0.6382024679380162
2021-12-25 21:00:00+00:00,0.0033994248932519323,0.2813126456559767,0.1085749672556517
2021-12-25 22:00:00+00:00,0.0,0.0,0.0
2021-12-25 23:00:00+00:00,0.0,0.0,0.0
2021-12-26 00:00:00+00:00,0.0,0.0,0.0
2021-12-26 01:00:00+00:00,0.0,0.0,0.0
2021-12-26 02:00:00+00:00,0.0,0.0,0.0
2021-12-26 03:00:00+00:00,0.0,0.0,0.0
2021-12-26 04:00:00+00:00,0.0,0.0,0.0
2021-12-26 05:00:00+00:00,0.0,0.0,0.0
2021-12-26 06:00:00+00:00,0.0,0.0,0.0
2021-12-26 07:00:00+00:00,0.0,0.0,0.0
2021-12-26 08:00:00+00:00,0.0,0.0,0.0
2021-12-26 09:00:00+00:00,0.0,0.0,0.0
2021-12-26 10:00:00+00:00,0.0,0.0,0.0
2021-12-26 11:00:00+00:00,0.0,0.0,0.0
2021-12-26 12:00:00+00:00,0.0,0.0,0.0
2021-12-26 13:00:00+00:00,0.40782945994034475,7.428143062068677,5.838177744536453
2021-12-26 14:00:00+00:00,1.0230721053406224,15.377062703099265,12.205218633685424
2021-12-26 15:00:00+00:00,12.043007714258668,20.200084688749623,16.035929970625467
2021-12-26 16:00:00+00:00,11.986542555632077,22.73742751036695,18.045401915797367
2021-12-26 17:00:00+00:00,5.709522239217503,23.304146477970995,18.524258572744664
2021-12-26 18:00:00+00:00,1.7616620644031131,21.618246480084096,16.18328241908904
2021-12-26 19:00:00+00:00,0.8033963554442698,18.467992782893397,14.681714653146564
2021-12-26 20:00:00+00:00,0.3423130887954123,12.82947458607321,10.179309538012095
2021-12-26 21:00:00+00:00,0.5076406094101016,2.7311179821888008,2.1930428784930855
2021-12-26 22:00:00+00:00,0.0,0.0,0.0
2021-12-26 23:00:00+00:00,0.0,0.0,0.0
2021-12-27 00:00:00+00:00,0.0,0.0,0.0
2021-12-27 01:00:00+00:00,0.0,0.0,0.0
2021-12-27 02:00:00+00:00,0.0,0.0,0.0
2021-12-27 03:00:00+00:00,0.0,0.0,0.0
2021-12-27 04:00:00+00:00,0.0,0.0,0.0
2021-12-27 05:00:00+00:00,0.0,0.0,0.0
2021-12-27 06:00:00+00:00,0.0,0.0,0.0
2021-12-27 07:00:00+00:00,0.0,0.0,0.0
2021-12-27 08:00:00+00:00,0.0,0.0,0.0
2021-12-27 09:00:00+00:00,0.0,0.0,0.0
2021-12-27 10:00:00+00:00,0.0,0.0,0.0
2021-12-27 11:00:00+00:00,0.0,0.0,0.0
2021-12-27 12:00:00+00:00,0.0,0.0,0.0
2021-12-27 13:00:00+00:00,0.3392911362872771,1.4725970775845856,1.066757991992985
2021-12-27 14:00:00+00:00,0.6267943371193739,6.261534492992519,8.828790252659218
2021-12-27 15:00:00+00:00,0.19903006759769168,0.22592412015166655,0.19847545278379766
2021-12-27 16:00:00+00:00,0.35976596834105373,0.2366316643492563,0.1748679739218166
2021-12-27 17:00:00+00:00,0.3395447607702439,0.3222758514604329,0.5084160479426046
2021-12-27 18:00:00+00:00,0.3682784400715179,0.9593667900213965,0.2173552481523286
2021-12-27 19:00:00+00:00,1.0680979955134338,3.0922250472615085,3.6109097127889394
2021-12-27 20:00:00+00:00,0.1813137484715021,2.1849520023166824,1.2784070345832625
2021-12-27 21:00:00+00:00,0.03597523827629618,0.3223455946338624,0.2345599358439497
2021-12-27 22:00:00+00:00,0.0,0.0,0.0
2021-12-27 23:00:00+00:00,0.0,0.0,0.0
2021-12-28 00:00:00+00:00,0.0,0.0,0.0
2021-12-28 01:00:00+00:00,0.0,0.0,0.0
2021-12-28 02:00:00+00:00,0.0,0.0,0.0
2021-12-28 03:00:00+00:00,0.0,0.0,0.0
2021-12-28 04:00:00+00:00,0.0,0.0,0.0
2021-12-28 05:00:00+00:00,0.0,0.0,0.0
2021-12-28 06:00:00+00:00,0.0,0.0,0.0
2021-12-28 07:00:00+00:00,0.0,0.0,0.0
2021-12-28 08:00:00+00:00,0.0,0.0,0.0
2021-12-28 09:00:00+00:00,0.0,0.0,0.0
2021-12-28 10:00:00+00:00,0.0,0.0,0.0
2021-12-28 11:00:00+00:00,0.0,0.0,0.0
2021-12-28 12:00:00+00:00,0.0,0.0,0.0
2021-12-28 13:00:00+00:00,0.023828578861903715,0.5041984260110172,0.2995194398522595
2021-12-28 14:00:00+00:00,1.245624119939054,2.400952436433356,5.6818094922777815
2021-12-28 15:00:00+00:00,12.224045477600196,3.48047455320658,15.796580815896265
2021-12-28 16:00:00+00:00,11.98385853430818,22.265755069872018,10.29713615247025
2021-12-28 17:00:00+00:00,0.8334106504037841,13.598552179053605,17.111125606305098
2021-12-28 18:00:00+00:00,1.952599706125671,12.892299387379365,7.454037130995614
2021-12-28 19:00:00+00:00,0.35673315637352365,18.394565514945818,14.468839941510426
2021-12-28 20:00:00+00:00,0.7752507725932495,7.916580375516245,2.653753273345444
2021-12-28 21:00:00+00:00,0.023552398357915318,2.737815295661214,1.7249406178842601
2021-12-28 22:00:00+00:00,0.0,0.0,0.0
2021-12-28 23:00:00+00:00,0.0,0.0,0.0
2021-12-29 00:00:00+00:00,0.0,0.0,0.0
2021-12-29 01:00:00+00:00,0.0,0.0,0.0
2021-12-29 02:00:00+00:00,0.0,0.0,0.0
2021-12-29 03:00:00+00:00,0.0,0.0,0.0
2021-12-29 04:00:00+00:00,0.0,0.0,0.0
2021-12-29 05:00:00+00:00,0.0,0.0,0.0
2021-12-29 06:00:00+00:00,0.0,0.0,0.0
2021-12-29 07:00:00+00:00,0.0,0.0,0.0
2021-12-29 08:00:00+00:00,0.0,0.0,0.0
2021-12-29 09:00:00+00:00,0.0,0.0,0.0
2021-12-29 10:00:00+00:00,0.0,0.0,0.0
2021-12-29 11:00:00+00:00,0.0,0.0,0.0
2021-12-29 12:00:00+00:00,0.0,0.0,0.0
2021-12-29 13:00:00+00:00,0.06638573453545282,0.31965502476530755,0.5126942698466719
2021-12-29 14:00:00+00:00,0.11213446730149687,0.21594388462186517,0.8975648111462934
2021-12-29 15:00:00+00:00,0.10353248728114858,0.5984746369808451,0.6581505505420654
2021-12-29 16:00:00+00:00,0.38359030408590705,2.404005830599945,1.7751353700420096
2021-12-29 17:00:00+00:00,0.5204829024379589,1.5801551840360344,0.744426591116766
2021-12-29 18:00:00+00:00,1.2277917617850447,0.8316747856126576,0.9074212072351674
2021-12-29 19:00:00+00:00,0.3779639305202913,0.46467335995943526,0.38838081974977956
2021-12-29 20:00:00+00:00,0.11619600581226275,1.273392076004584,0.4902308586131196
2021-12-29 21:00:00+00:00,0.025293198971560817,0.8035809835365766,0.39882206055211533
2021-12-29 22:00:00+00:00,0.0,0.0,0.0
2021-12-29 23:00:00+00:00,0.0,0.0,0.0
2021-12-30 00:00:00+00:00,0.0,0.0,0.0
2021-12-30 01:00:00+00:00,0.0,0.0,0.0
2021-12-30 02:00:00+00:00,0.0,0.0,0.0
2021-12-30 03:00:00+00:00,0.0,0.0,0.0
2021-12-30 04:00:00+00:00,0.0,0.0,0.0
2021-12-30 05:00:00+00:00,0.0,0.0,0.0
2021-12-30 06:00:00+00:00,0.0,0.0,0.0
2021-12-30 07:00:00+00:00,0.0,0.0,0.0
2021-12-30 08:00:00+00:00,0.0,0.0,0.0
2021-12-30 09:00:00+00:00,0.0,0.0,0.0
2021-12-30 10:00:00+00:00,0.0,0.0,0.0
2021-12-30 11:00:00+00:00,0.0,0.0,0.0
2021-12-30 12:00:00+00:00,0.0,0.0,0.0
2021-12-30 13:00:00+00:00,0.1214264516373051,0.05797987774432997,0.12558230669583467
2021-12-30 14:00:00+00:00,0.30802050541950465,0.1317091575217097,0.10887550906012645
2021-12-30 15:00:00+00:00,0.8273116234603194,1.6772495833768404,0.8046058617592028
2021-12-30 16:00:00+00:00,0.52275869437593,0.25573132885056893,0.2261382236965577
2021-12-30 17:00:00+00:00,1.032192613493288,3.949378613572488,2.851209676808665
2021-12-30 18:00:00+00:00,1.5807787571468728,1.3065321331858728,2.060880222877514
2021-12-30 19:00:00+00:00,7.681656190904861,2.7385044231328584,3.987209987089779
2021-12-30 20:00:00+00:00,7.0929348077624255,3.9731334171207147,5.482284183766983
2021-12-30 21:00:00+00:00,0.1549011054263403,0.49335770466684864,0.27138957955398785
2021-12-30 22:00:00+00:00,0.0,0.0,0.0
2021-12-30 23:00:00+00:00,0.0,0.0,0.0
2021-12-31 00:00:00+00:00,0.0,0.0,0.0
2021-12-31 01:00:00+00:00,0.0,0.0,0.0
2021-12-31 02:00:00+00:00,0.0,0.0,0.0
2021-12-31 03:00:00+00:00,0.0,0.0,0.0
2021-12-31 04:00:00+00:00,0.0,0.0,0.0
2021-12-31 05:00:00+00:00,0.0,0.0,0.0
2021-12-31 06:00:00+00:00,0.0,0.0,0.0
2021-12-31 07:00:00+00:00,0.0,0.0,0.0
2021-12-31 08:00:00+00:00,0.0,0.0,0.0
2021-12-31 09:00:00+00:00,0.0,0.0,0.0
2021-12-31 10:00:00+00:00,0.0,0.0,0.0
2021-12-31 11:00:00+00:00,0.0,0.0,0.0
2021-12-31 12:00:00+00:00,0.0,0.0,0.0
2021-12-31 13:00:00+00:00,2.0315152228293387,0.33070206994518336,0.4898414845612717
2021-12-31 14:00:00+00:00,0.7816085878326564,6.377418295610175,0.9871091517395328
2021-12-31 15:00:00+00:00,2.930865872075262,12.510351015327915,2.8323116584772983
2021-12-31 16:00:00+00:00,1.4010115447597993,4.204346247340531,0.9627723037991828
2021-12-31 17:00:00+00:00,0.8661849648164485,2.8563511186588046,2.5101691304143974
2021-12-31 18:00:00+00:00,0.21491305671288202,0.7482138646866067,0.8569619590094456
2021-12-31 19:00:00+00:00,0.05007028084465938,2.223850691806546,2.41794677714048
2021-12-31 20:00:00+00:00,0.02005834712945125,4.305126869593877,2.9358068090073486
2021-12-31 21:00:00+00:00,0.0033389741229575207,0.4068469756574558,0.4261250001390844
2021-12-31 22:00:00+00:00,0.0,0.0,0.0
2021-12-31 23:00:00+00:00,0.0,0.0,0.0
