case_id,faa_ors,faa_asn,usgs_pr_id,t_state,t_county,t_fips,p_name,p_year,p_tnum,p_cap,t_manu,t_model,t_cap,t_hh,t_rd,t_rsa,t_ttlh,t_conf_atr,t_conf_loc,t_img_date,t_img_src,xlong,ylat,eia_id,t_retrofit,t_retro_yr,t_offshore
3110413,36-173094,2018-WTE-8376-OE,,NY,Chautauqua County,36013,Cassadaga,2021.0,37,125.48,Siemens Gamesa Renewable Energy,SG-2.625-114,2625.0,93.0,114.0,10207.03,150.0,3,3,6/18/2021,Maxar,-79.26453,42.29739,58777.0,0,,0
3109585,36-173095,2018-WTE-8377-OE,,NY,Chautauqua County,36013,Cassadaga,2021.0,37,125.48,Siemens Gamesa Renewable Energy,SG-2.625-114,2625.0,93.0,114.0,10207.03,150.0,3,3,11/8/2020,Maxar,-79.20448,42.32781,58777.0,0,,0
3111883,36-173068,2018-WTE-8346-OE,,NY,Chautauqua County,36013,Cassadaga,2021.0,37,125.48,Nordex,N117/3675,3675.0,91.0,117.0,10751.32,149.4,3,3,11/24/2021,Maxar,-79.12733,42.27631,58777.0,0,,0
3111442,36-173069,2018-WTE-8347-OE,,NY,Chautauqua County,36013,Cassadaga,2021.0,37,125.48,Nordex,N117/3675,3675.0,91.0,117.0,10751.32,149.4,3,3,2/21/2024,Maxar,-79.14925,42.32567,58777.0,0,,0
3112058,36-173090,2018-WTE-8371-OE,,NY,Chautauqua County,36013,Cassadaga,2021.0,37,125.48,Nordex,N117/3675,3675.0,91.0,117.0,10751.32,149.4,3,3,6/18/2021,Maxar,-79.14208,42.28334,58777.0,0,,0
3109774,36-173086,2018-WTE-8365-OE,,NY,Chautauqua County,36013,Cassadaga,2021.0,37,125.48,Nordex,N117/3675,3675.0,91.0,117.0,10751.32,149.4,3,3,2/21/2024,Maxar,-79.14367,42.30454,58777.0,0,,0
3110749,36-173100,2018-WTE-8382-OE,,NY,Chautauqua County,36013,Cassadaga,2021.0,37,125.48,Siemens Gamesa Renewable Energy,SG-2.625-114,2625.0,93.0,114.0,10207.03,150.0,3,3,11/8/2020,Maxar,-79.22333,42.33732,58777.0,0,,0
3109666,36-173065,2018-WTE-8343-OE,,NY,Chautauqua County,36013,Cassadaga,2021.0,37,125.48,Nordex,N117/3675,3675.0,91.0,117.0,10751.32,149.4,3,3,11/8/2020,Maxar,-79.24118,42.34534,58777.0,0,,0
3110726,36-173087,2018-WTE-8367-OE,,NY,Chautauqua County,36013,Cassadaga,2021.0,37,125.48,Nordex,N117/3675,3675.0,91.0,117.0,10751.32,149.4,3,3,6/18/2021,Maxar,-79.26207,42.29435,58777.0,0,,0
3110752,36-173089,2018-WTE-8369-OE,,NY,Chautauqua County,36013,Cassadaga,2021.0,37,125.48,Siemens Gamesa Renewable Energy,SG-2.625-114,2625.0,93.0,114.0,10207.03,150.0,3,3,11/8/2020,Maxar,-79.21742,42.33183,58777.0,0,,0
3111322,36-173096,2018-WTE-8378-OE,,NY,Chautauqua County,36013,Cassadaga,2021.0,37,125.48,Siemens Gamesa Renewable Energy,SG-2.625-114,2625.0,93.0,114.0,10207.03,150.0,3,3,2/21/2024,Maxar,-79.13948,42.32985,58777.0,0,,0
3111650,36-173076,2018-WTE-8354-OE,,NY,Chautauqua County,36013,Cassadaga,2021.0,37,125.48,Nordex,N117/3675,3675.0,91.0,117.0,10751.32,149.4,3,3,2/21/2024,Maxar,-79.12483,42.32001,58777.0,0,,0
3112558,36-173081,2018-WTE-8360-OE,,NY,Chautauqua County,36013,Cassadaga,2021.0,37,125.48,Nordex,N117/3675,3675.0,91.0,117.0,10751.32,149.4,3,3,2/21/2024,Maxar,-79.12464,42.32389,58777.0,0,,0
3111346,36-173085,2018-WTE-8364-OE,,NY,Chautauqua County,36013,Cassadaga,2021.0,37,125.48,Nordex,N117/3675,3675.0,91.0,117.0,10751.32,149.4,3,3,2/21/2024,Maxar,-79.15195,42.32825,58777.0,0,,0
3109385,36-173066,2018-WTE-8344-OE,,NY,Chautauqua County,36013,Cassadaga,2021.0,37,125.48,Nordex,N117/3675,3675.0,91.0,117.0,10751.32,149.4,3,3,11/8/2020,Maxar,-79.1956,42.33915,58777.0,0,,0
3111198,36-173074,2018-WTE-8352-OE,,NY,Chautauqua County,36013,Cassadaga,2021.0,37,125.48,Nordex,N117/3675,3675.0,91.0,117.0,10751.32,149.4,3,3,2/21/2024,Maxar,-79.16608,42.31558,58777.0,0,,0
3111344,36-173092,2018-WTE-8373-OE,,NY,Chautauqua County,36013,Cassadaga,2021.0,37,125.48,Siemens Gamesa Renewable Energy,SG-2.625-114,2625.0,93.0,114.0,10207.03,150.0,3,3,2/21/2024,Maxar,-79.15188,42.30724,58777.0,0,,0
3109915,36-173083,2018-WTE-8362-OE,,NY,Chautauqua County,36013,Cassadaga,2021.0,37,125.48,Nordex,N117/3675,3675.0,91.0,117.0,10751.32,149.4,3,3,2/21/2024,Maxar,-79.15751,42.31057,58777.0,0,,0
3111320,36-173075,2018-WTE-8353-OE,,NY,Chautauqua County,36013,Cassadaga,2021.0,37,125.48,Nordex,N117/3675,3675.0,91.0,117.0,10751.32,149.4,3,3,2/21/2024,Maxar,-79.1559,42.33453,58777.0,0,,0
3112080,36-173067,2018-WTE-8345-OE,,NY,Chautauqua County,36013,Cassadaga,2021.0,37,125.48,Nordex,N117/3675,3675.0,91.0,117.0,10751.32,149.4,3,3,11/24/2021,Maxar,-79.13754,42.27647,58777.0,0,,0
3112091,36-173073,2018-WTE-8351-OE,,NY,Chautauqua County,36013,Cassadaga,2021.0,37,125.48,Nordex,N117/3675,3675.0,91.0,117.0,10751.32,149.4,3,3,2/21/2024,Maxar,-79.12171,42.31835,58777.0,0,,0
3108345,36-173079,2018-WTE-8357-OE,,NY,Chautauqua County,36013,Cassadaga,2021.0,37,125.48,Nordex,N117/3675,3675.0,91.0,117.0,10751.32,149.4,3,3,7/14/2021,Maxar,-79.23053,42.33689,58777.0,0,,0
3111281,36-173099,2018-WTE-8381-OE,,NY,Chautauqua County,36013,Cassadaga,2021.0,37,125.48,Siemens Gamesa Renewable Energy,SG-2.625-114,2625.0,93.0,114.0,10207.03,150.0,3,3,2/21/2024,Maxar,-79.14225,42.33232,58777.0,0,,0
3111305,36-173082,2018-WTE-8361-OE,,NY,Chautauqua County,36013,Cassadaga,2021.0,37,125.48,Nordex,N117/3675,3675.0,91.0,117.0,10751.32,149.4,3,3,2/21/2024,Maxar,-79.15408,42.33181,58777.0,0,,0
3112513,36-173071,2018-WTE-8349-OE,,NY,Chautauqua County,36013,Cassadaga,2021.0,37,125.48,Nordex,N117/3675,3675.0,91.0,117.0,10751.32,149.4,3,3,11/24/2021,Maxar,-79.13532,42.28366,58777.0,0,,0
3111680,36-173077,2018-WTE-8355-OE,,NY,Chautauqua County,36013,Cassadaga,2021.0,37,125.48,Nordex,N117/3675,3675.0,91.0,117.0,10751.32,149.4,3,3,11/24/2021,Maxar,-79.13308,42.28108,58777.0,0,,0
3109816,36-173098,2018-WTE-8380-OE,,NY,Chautauqua County,36013,Cassadaga,2021.0,37,125.48,Siemens Gamesa Renewable Energy,SG-2.625-114,2625.0,93.0,114.0,10207.03,150.0,3,3,11/8/2020,Maxar,-79.20439,42.33276,58777.0,0,,0
3111962,36-173084,2018-WTE-8363-OE,,NY,Chautauqua County,36013,Cassadaga,2021.0,37,125.48,Nordex,N117/3675,3675.0,91.0,117.0,10751.32,149.4,3,3,11/24/2021,Maxar,-79.13195,42.27806,58777.0,0,,0
3109011,36-173088,2018-WTE-8368-OE,,NY,Chautauqua County,36013,Cassadaga,2021.0,37,125.48,Nordex,N117/3675,3675.0,91.0,117.0,10751.32,149.4,3,3,2/21/2024,Maxar,-79.15478,42.30894,58777.0,0,,0
3111360,36-173097,2018-WTE-8379-OE,,NY,Chautauqua County,36013,Cassadaga,2021.0,37,125.48,Siemens Gamesa Renewable Energy,SG-2.625-114,2625.0,93.0,114.0,10207.03,150.0,3,3,2/21/2024,Maxar,-79.14712,42.33428,58777.0,0,,0
3107508,36-173078,2018-WTE-8356-OE,,NY,Chautauqua County,36013,Cassadaga,2021.0,37,125.48,Nordex,N117/3675,3675.0,91.0,117.0,10751.32,149.4,3,3,7/14/2021,Maxar,-79.22975,42.33397,58777.0,0,,0
3111908,36-173064,2018-WTE-8342-OE,,NY,Chautauqua County,36013,Cassadaga,2021.0,37,125.48,Nordex,N117/3675,3675.0,91.0,117.0,10751.32,149.4,3,3,11/24/2021,Maxar,-79.1243,42.27338,58777.0,0,,0
3106593,36-173080,2018-WTE-8358-OE,,NY,Chautauqua County,36013,Cassadaga,2021.0,37,125.48,Nordex,N117/3675,3675.0,91.0,117.0,10751.32,149.4,3,3,7/14/2021,Maxar,-79.22879,42.33096,58777.0,0,,0
3110142,36-173070,2018-WTE-8348-OE,,NY,Chautauqua County,36013,Cassadaga,2021.0,37,125.48,Nordex,N117/3675,3675.0,91.0,117.0,10751.32,149.4,3,3,11/8/2020,Maxar,-79.24313,42.34881,58777.0,0,,0
3112009,36-173072,2018-WTE-8350-OE,,NY,Chautauqua County,36013,Cassadaga,2021.0,37,125.48,Nordex,N117/3675,3675.0,91.0,117.0,10751.32,149.4,3,3,2/21/2024,Maxar,-79.13141,42.32877,58777.0,0,,0
3109668,36-173091,2018-WTE-8372-OE,,NY,Chautauqua County,36013,Cassadaga,2021.0,37,125.48,Siemens Gamesa Renewable Energy,SG-2.625-114,2625.0,93.0,114.0,10207.03,150.0,3,3,7/14/2021,Maxar,-79.26781,42.30103,58777.0,0,,0
3109969,36-173093,2018-WTE-8374-OE,,NY,Chautauqua County,36013,Cassadaga,2021.0,37,125.48,Nordex,N117/3675,3675.0,91.0,117.0,10751.32,149.4,3,3,6/18/2021,Maxar,-79.20293,42.30846,58777.0,0,,0
3086355,36-139902,2016-WTE-2938-OE,,NY,Lewis County,36049,Copenhagen,2018.0,40,80.0,Vestas,V110-2.0,2000.0,95.0,110.0,9503.32,150.0,3,3,7/4/2020,Maxar,-75.62912,43.88149,58979.0,0,,0
3086135,36-139895,2016-WTE-2931-OE,,NY,Lewis County,36049,Copenhagen,2018.0,40,80.0,Vestas,V110-2.0,2000.0,95.0,110.0,9503.32,150.0,3,3,7/4/2020,Maxar,-75.66646,43.91023,58979.0,0,,0
3086469,36-139886,2014-WTE-165-OE,,NY,Lewis County,36049,Copenhagen,2018.0,40,80.0,Vestas,V110-2.0,2000.0,95.0,110.0,9503.32,150.0,3,3,7/4/2020,Maxar,-75.61673,43.89845,58979.0,0,,0
3086126,36-139890,2016-WTE-2926-OE,,NY,Lewis County,36049,Copenhagen,2018.0,40,80.0,Vestas,V110-2.0,2000.0,95.0,110.0,9503.32,150.0,3,3,7/4/2020,Maxar,-75.70557,43.89142,58979.0,0,,0
3086311,36-137713,2016-WTE-2946-OE,,NY,Lewis County,36049,Copenhagen,2018.0,40,80.0,Vestas,V110-2.0,2000.0,95.0,110.0,9503.32,150.0,3,3,7/4/2020,Maxar,-75.59531,43.87458,58979.0,0,,0
3086579,36-139882,2014-WTE-151-OE,,NY,Lewis County,36049,Copenhagen,2018.0,40,80.0,Vestas,V110-2.0,2000.0,95.0,110.0,9503.32,150.0,3,3,7/4/2020,Maxar,-75.67474,43.91853,58979.0,0,,0
3086170,36-139907,2016-WTE-2943-OE,,NY,Lewis County,36049,Copenhagen,2018.0,40,80.0,Vestas,V110-2.0,2000.0,95.0,110.0,9503.32,150.0,3,3,7/4/2020,Maxar,-75.597,43.89046,58979.0,0,,0
3086568,36-139894,2016-WTE-2930-OE,,NY,Lewis County,36049,Copenhagen,2018.0,40,80.0,Vestas,V110-2.0,2000.0,95.0,110.0,9503.32,150.0,3,3,7/4/2020,Maxar,-75.67194,43.91629,58979.0,0,,0
3086377,36-139899,2016-WTE-2935-OE,,NY,Lewis County,36049,Copenhagen,2018.0,40,80.0,Vestas,V110-2.0,2000.0,95.0,110.0,9503.32,150.0,3,3,7/4/2020,Maxar,-75.64541,43.8763,58979.0,0,,0
3086399,36-139878,2014-WTE-137-OE,,NY,Lewis County,36049,Copenhagen,2018.0,40,80.0,Vestas,V110-2.0,2000.0,95.0,110.0,9503.32,150.0,3,3,7/4/2020,Maxar,-75.63506,43.89934,58979.0,0,,0
3086560,36-139909,2016-WTE-2945-OE,,NY,Lewis County,36049,Copenhagen,2018.0,40,80.0,Vestas,V110-2.0,2000.0,95.0,110.0,9503.32,150.0,3,3,7/4/2020,Maxar,-75.58607,43.88559,58979.0,0,,0
3086585,36-139880,2014-WTE-149-OE,,NY,Lewis County,36049,Copenhagen,2018.0,40,80.0,Vestas,V110-2.0,2000.0,95.0,110.0,9503.32,150.0,3,3,7/4/2020,Maxar,-75.68068,43.92224,58979.0,0,,0
3086105,36-139910,2016-WTE-2948-OE,,NY,Lewis County,36049,Copenhagen,2018.0,40,80.0,Vestas,V110-2.0,2000.0,95.0,110.0,9503.32,150.0,3,3,7/4/2020,Maxar,-75.58309,43.87822,58979.0,0,,0
3086438,36-139877,2014-WTE-134-OE,,NY,Lewis County,36049,Copenhagen,2018.0,40,80.0,Vestas,V110-2.0,2000.0,95.0,110.0,9503.32,150.0,3,3,7/4/2020,Maxar,-75.57829,43.87352,58979.0,0,,0
3086381,36-139913,2016-WTE-2951-OE,,NY,Lewis County,36049,Copenhagen,2018.0,40,80.0,Vestas,V110-2.0,2000.0,95.0,110.0,9503.32,150.0,3,3,7/4/2020,Maxar,-75.57261,43.8679,58979.0,0,,0
3086233,36-139892,2016-WTE-2928-OE,,NY,Lewis County,36049,Copenhagen,2018.0,40,80.0,Vestas,V110-2.0,2000.0,95.0,110.0,9503.32,150.0,3,3,7/4/2020,Maxar,-75.69693,43.91245,58979.0,0,,0
3086236,36-139883,2014-WTE-153-OE,,NY,Lewis County,36049,Copenhagen,2018.0,40,80.0,Vestas,V110-2.0,2000.0,95.0,110.0,9503.32,150.0,3,3,7/4/2020,Maxar,-75.66875,43.91324,58979.0,0,,0
3086083,36-139884,2014-WTE-159-OE,,NY,Lewis County,36049,Copenhagen,2018.0,40,80.0,Vestas,V110-2.0,2000.0,95.0,110.0,9503.32,150.0,3,3,7/4/2020,Maxar,-75.64201,43.89424,58979.0,0,,0
3086163,36-139888,2016-WTE-2924-OE,,NY,Lewis County,36049,Copenhagen,2018.0,40,80.0,Vestas,V110-2.0,2000.0,95.0,110.0,9503.32,150.0,3,3,7/4/2020,Maxar,-75.70337,43.88421,58979.0,0,,0
3086583,36-139898,2016-WTE-2934-OE,,NY,Lewis County,36049,Copenhagen,2018.0,40,80.0,Vestas,V110-2.0,2000.0,95.0,110.0,9503.32,150.0,3,3,7/4/2020,Maxar,-75.63957,43.88184,58979.0,0,,0
3086216,36-139903,2016-WTE-2939-OE,,NY,Lewis County,36049,Copenhagen,2018.0,40,80.0,Vestas,V110-2.0,2000.0,95.0,110.0,9503.32,150.0,3,3,7/4/2020,Maxar,-75.62477,43.90407,58979.0,0,,0
3086499,36-139879,2014-WTE-144-OE,,NY,Lewis County,36049,Copenhagen,2018.0,40,80.0,Vestas,V110-2.0,2000.0,95.0,110.0,9503.32,150.0,3,3,7/4/2020,Maxar,-75.58692,43.86879,58979.0,0,,0
3086065,36-139891,2016-WTE-2927-OE,,NY,Lewis County,36049,Copenhagen,2018.0,40,80.0,Vestas,V110-2.0,2000.0,95.0,110.0,9503.32,150.0,3,3,7/4/2020,Maxar,-75.70802,43.89344,58979.0,0,,0
3086230,36-139901,2016-WTE-2937-OE,,NY,Lewis County,36049,Copenhagen,2018.0,40,80.0,Vestas,V110-2.0,2000.0,95.0,110.0,9503.32,150.0,3,3,7/4/2020,Maxar,-75.63966,43.87214,58979.0,0,,0
3086166,36-139912,2016-WTE-2950-OE,,NY,Lewis County,36049,Copenhagen,2018.0,40,80.0,Vestas,V110-2.0,2000.0,95.0,110.0,9503.32,150.0,3,3,7/4/2020,Maxar,-75.57586,43.87105,58979.0,0,,0
3086020,36-139911,2016-WTE-2949-OE,,NY,Lewis County,36049,Copenhagen,2018.0,40,80.0,Vestas,V110-2.0,2000.0,95.0,110.0,9503.32,150.0,3,3,7/4/2020,Maxar,-75.58078,43.87607,58979.0,0,,0
3086465,36-139896,2016-WTE-2932-OE,,NY,Lewis County,36049,Copenhagen,2018.0,40,80.0,Vestas,V110-2.0,2000.0,95.0,110.0,9503.32,150.0,3,3,7/4/2020,Maxar,-75.66528,43.9069,58979.0,0,,0
3086144,36-139887,2015-WTE-2449-OE,,NY,Lewis County,36049,Copenhagen,2018.0,40,80.0,Vestas,V110-2.0,2000.0,95.0,110.0,9503.32,150.0,3,3,7/4/2020,Maxar,-75.7047,43.87554,58979.0,0,,0
3086406,36-139904,2016-WTE-2940-OE,,NY,Lewis County,36049,Copenhagen,2018.0,40,80.0,Vestas,V110-2.0,2000.0,95.0,110.0,9503.32,150.0,3,3,7/4/2020,Maxar,-75.62154,43.90237,58979.0,0,,0
3086460,36-139881,2014-WTE-150-OE,,NY,Lewis County,36049,Copenhagen,2018.0,40,80.0,Vestas,V110-2.0,2000.0,95.0,110.0,9503.32,150.0,3,3,7/4/2020,Maxar,-75.67782,43.92032,58979.0,0,,0
3086136,36-139889,2016-WTE-2925-OE,,NY,Lewis County,36049,Copenhagen,2018.0,40,80.0,Vestas,V110-2.0,2000.0,95.0,110.0,9503.32,150.0,3,3,7/4/2020,Maxar,-75.70538,43.88722,58979.0,0,,0
3086336,36-139905,2016-WTE-2941-OE,,NY,Lewis County,36049,Copenhagen,2018.0,40,80.0,Vestas,V110-2.0,2000.0,95.0,110.0,9503.32,150.0,3,3,7/4/2020,Maxar,-75.61829,43.90104,58979.0,0,,0
3086227,36-139906,2016-WTE-2942-OE,,NY,Lewis County,36049,Copenhagen,2018.0,40,80.0,Vestas,V110-2.0,2000.0,95.0,110.0,9503.32,150.0,3,3,7/4/2020,Maxar,-75.60278,43.89112,58979.0,0,,0
3086337,36-139908,2016-WTE-2944-OE,,NY,Lewis County,36049,Copenhagen,2018.0,40,80.0,Vestas,V110-2.0,2000.0,95.0,110.0,9503.32,150.0,3,3,7/4/2020,Maxar,-75.59297,43.88678,58979.0,0,,0
3086154,36-139897,2016-WTE-2933-OE,,NY,Lewis County,36049,Copenhagen,2018.0,40,80.0,Vestas,V110-2.0,2000.0,95.0,110.0,9503.32,150.0,3,3,7/4/2020,Maxar,-75.66427,43.90425,58979.0,0,,0
3086395,36-139900,2016-WTE-2936-OE,,NY,Lewis County,36049,Copenhagen,2018.0,40,80.0,Vestas,V110-2.0,2000.0,95.0,110.0,9503.32,150.0,3,3,7/4/2020,Maxar,-75.64259,43.87389,58979.0,0,,0
3086173,36-139885,2014-WTE-161-OE,,NY,Lewis County,36049,Copenhagen,2018.0,40,80.0,Vestas,V110-2.0,2000.0,95.0,110.0,9503.32,150.0,3,3,7/4/2020,Maxar,-75.69518,43.87639,58979.0,0,,0
3086232,36-139893,2016-WTE-2929-OE,,NY,Lewis County,36049,Copenhagen,2018.0,40,80.0,Vestas,V110-2.0,2000.0,95.0,110.0,9503.32,150.0,3,3,7/4/2020,Maxar,-75.69466,43.9103,58979.0,0,,0
3086520,36-137714,2016-WTE-2947-OE,,NY,Lewis County,36049,Copenhagen,2018.0,40,80.0,Vestas,V110-2.0,2000.0,95.0,110.0,9503.32,150.0,3,3,7/4/2020,Maxar,-75.59275,43.8728,58979.0,0,,0
3075491,36-124144,2014-WTE-143-OE,,NY,Lewis County,36049,Copenhagen,2018.0,40,80.0,Vestas,V110-2.0,2000.0,95.0,110.0,9503.32,150.0,3,3,7/4/2020,Maxar,-75.59058,43.87012,58979.0,0,,0
3021618,36-020427,2019-WTE-7645-OE,34829.0,NY,Steuben County,36101,Dutch Hill/Cohocton,2009.0,50,125.0,Clipper,C96,2500.0,80.0,96.0,7238.23,128.0,3,3,,Bing Maps Aerial,-77.4535,42.52849,56634.0,0,,0
3021626,36-020458,2019-WTE-7663-OE,34841.0,NY,Steuben County,36101,Dutch Hill/Cohocton,2009.0,50,125.0,Clipper,C96,2500.0,80.0,96.0,7238.23,128.0,3,3,,Bing Maps Aerial,-77.49,42.53349,56633.0,0,,0
3120858,36-020418,2019-WTE-7631-OE,34886.0,NY,Steuben County,36101,Dutch Hill/Cohocton,2009.0,27,67.5,GE Wind,GE2.5-116,2500.0,80.0,116.0,10568.32,138.1,3,3,,Bing Maps Aerial,-77.4145,42.55229,56634.0,1,2021.0,0
3120835,36-020421,2019-WTE-7635-OE,34856.0,NY,Steuben County,36101,Dutch Hill/Cohocton,2009.0,27,67.5,GE Wind,GE2.5-116,2500.0,80.0,116.0,10568.32,138.1,3,3,,Bing Maps Aerial,-77.4229,42.53839,56634.0,1,2021.0,0
3120848,36-020513,2019-WTE-7639-OE,34826.0,NY,Steuben County,36101,Dutch Hill/Cohocton,2009.0,27,67.5,GE Wind,GE2.5-116,2500.0,80.0,116.0,10568.32,138.1,3,3,,Bing Maps Aerial,-77.40929,42.52709,56634.0,1,2021.0,0
3120840,36-020540,2019-WTE-7625-OE,34906.0,NY,Steuben County,36101,Dutch Hill/Cohocton,2009.0,27,67.5,GE Wind,GE2.5-116,2500.0,80.0,116.0,10568.32,138.1,3,3,,Bing Maps Aerial,-77.4433,42.56479,56634.0,1,2021.0,0
3021722,36-020475,2019-WTE-7667-OE,34811.0,NY,Steuben County,36101,Dutch Hill/Cohocton,2009.0,50,125.0,Clipper,C96,2500.0,80.0,96.0,7238.23,128.0,3,3,,Bing Maps Aerial,-77.4956,42.52249,56633.0,0,,0
3120844,36-020477,2019-WTE-7621-OE,34914.0,NY,Steuben County,36101,Dutch Hill/Cohocton,2009.0,27,67.5,GE Wind,GE2.5-116,2500.0,80.0,116.0,10568.32,138.1,3,3,,Bing Maps Aerial,-77.4312,42.57289,56634.0,1,2021.0,0
3120841,36-020478,2019-WTE-7624-OE,34901.0,NY,Steuben County,36101,Dutch Hill/Cohocton,2009.0,27,67.5,GE Wind,GE2.5-116,2500.0,80.0,116.0,10568.32,138.1,3,3,,Bing Maps Aerial,-77.4487,42.56269,56634.0,1,2021.0,0
3120837,36-020424,2019-WTE-7640-OE,34807.0,NY,Steuben County,36101,Dutch Hill/Cohocton,2009.0,27,67.5,GE Wind,GE2.5-116,2500.0,80.0,116.0,10568.32,138.1,3,3,,Bing Maps Aerial,-77.4067,42.51839,56634.0,1,2021.0,0
3120853,36-020423,2019-WTE-7638-OE,34824.0,NY,Steuben County,36101,Dutch Hill/Cohocton,2009.0,27,67.5,GE Wind,GE2.5-116,2500.0,80.0,116.0,10568.32,138.1,3,3,,Bing Maps Aerial,-77.4015,42.52649,56634.0,1,2021.0,0
3021717,36-020468,2019-WTE-7659-OE,34870.0,NY,Steuben County,36101,Dutch Hill/Cohocton,2009.0,50,125.0,Clipper,C96,2500.0,80.0,96.0,7238.23,128.0,3,3,,Bing Maps Aerial,-77.482,42.54429,56633.0,0,,0
3021617,36-020426,2019-WTE-7642-OE,34810.0,NY,Steuben County,36101,Dutch Hill/Cohocton,2009.0,50,125.0,Clipper,C96,2500.0,80.0,96.0,7238.23,128.0,3,3,,Bing Maps Aerial,-77.4617,42.52099,56634.0,0,,0
3021720,36-020473,2019-WTE-7664-OE,34839.0,NY,Steuben County,36101,Dutch Hill/Cohocton,2009.0,50,125.0,Clipper,C96,2500.0,80.0,96.0,7238.23,128.0,3,3,,Bing Maps Aerial,-77.49239,42.53079,56633.0,0,,0
3120836,36-020425,2019-WTE-7641-OE,34822.0,NY,Steuben County,36101,Dutch Hill/Cohocton,2009.0,27,67.5,GE Wind,GE2.5-116,2500.0,80.0,116.0,10568.32,138.1,3,3,,Bing Maps Aerial,-77.419,42.52569,56634.0,1,2021.0,0
3021666,36-020545,2019-WTE-7652-OE,34802.0,NY,Steuben County,36101,Dutch Hill/Cohocton,2009.0,50,125.0,Clipper,C96,2500.0,80.0,96.0,7238.23,128.0,3,3,5/25/2023,Maxar,-77.52319,42.44549,56634.0,0,,0
3021723,36-020476,2019-WTE-7668-OE,34808.0,NY,Steuben County,36101,Dutch Hill/Cohocton,2009.0,50,125.0,Clipper,C96,2500.0,80.0,96.0,7238.23,128.0,3,3,,Bing Maps Aerial,-77.4991,42.52009,56633.0,0,,0
3021627,36-020461,2019-WTE-7666-OE,34815.0,NY,Steuben County,36101,Dutch Hill/Cohocton,2009.0,50,125.0,Clipper,C96,2500.0,80.0,96.0,7238.23,128.0,3,3,,Bing Maps Aerial,-77.4927,42.52399,56633.0,0,,0
3021623,36-020455,2019-WTE-7655-OE,34875.0,NY,Steuben County,36101,Dutch Hill/Cohocton,2009.0,50,125.0,Clipper,C96,2500.0,80.0,96.0,7238.23,128.0,3,3,,Bing Maps Aerial,-77.503,42.54589,56633.0,0,,0
3120843,36-020416,2019-WTE-7628-OE,34892.0,NY,Steuben County,36101,Dutch Hill/Cohocton,2009.0,27,67.5,GE Wind,GE2.5-116,2500.0,80.0,116.0,10568.32,138.1,3,3,,Bing Maps Aerial,-77.42899,42.55889,56634.0,1,2021.0,0
3120846,36-020499,2019-WTE-7626-OE,34903.0,NY,Steuben County,36101,Dutch Hill/Cohocton,2009.0,27,67.5,GE Wind,GE2.5-116,2500.0,80.0,116.0,10568.32,138.1,3,3,,Bing Maps Aerial,-77.4367,42.56349,56634.0,1,2021.0,0
3021625,36-020457,2019-WTE-7660-OE,34861.0,NY,Steuben County,36101,Dutch Hill/Cohocton,2009.0,50,125.0,Clipper,C96,2500.0,80.0,96.0,7238.23,128.0,3,3,,Bing Maps Aerial,-77.4835,42.54109,56633.0,0,,0
3021719,36-020472,2019-WTE-7662-OE,34847.0,NY,Steuben County,36101,Dutch Hill/Cohocton,2009.0,50,125.0,Clipper,C96,2500.0,80.0,96.0,7238.23,128.0,3,3,,Bing Maps Aerial,-77.48859,42.53609,56633.0,0,,0
3021715,36-020464,2019-WTE-7656-OE,34868.0,NY,Steuben County,36101,Dutch Hill/Cohocton,2009.0,50,125.0,Clipper,C96,2500.0,80.0,96.0,7238.23,128.0,3,3,,Bing Maps Aerial,-77.5038,42.54279,56633.0,0,,0
3120852,36-020429,2019-WTE-7648-OE,34818.0,NY,Steuben County,36101,Dutch Hill/Cohocton,2009.0,27,67.5,GE Wind,GE2.5-116,2500.0,80.0,116.0,10568.32,138.1,3,3,,Bing Maps Aerial,-77.4323,42.52529,56634.0,1,2021.0,0
3120856,36-020419,2019-WTE-7632-OE,34876.0,NY,Steuben County,36101,Dutch Hill/Cohocton,2009.0,27,67.5,GE Wind,GE2.5-116,2500.0,80.0,116.0,10568.32,138.1,3,3,,Bing Maps Aerial,-77.4061,42.54639,56634.0,1,2021.0,0
3021667,36-020559,2019-WTE-7653-OE,34801.0,NY,Steuben County,36101,Dutch Hill/Cohocton,2009.0,50,125.0,Clipper,C96,2500.0,80.0,96.0,7238.23,128.0,3,3,5/25/2023,Maxar,-77.5255,42.44329,56634.0,0,,0
3021766,36-020514,2019-WTE-7643-OE,34814.0,NY,Steuben County,36101,Dutch Hill/Cohocton,2009.0,50,125.0,Clipper,C96,2500.0,80.0,96.0,7238.23,128.0,3,3,,Bing Maps Aerial,-77.4589,42.52319,56634.0,0,,0
3120854,36-020420,2019-WTE-7633-OE,34869.0,NY,Steuben County,36101,Dutch Hill/Cohocton,2009.0,27,67.5,GE Wind,GE2.5-116,2500.0,80.0,116.0,10568.32,138.1,3,3,,Bing Maps Aerial,-77.39999,42.54299,56634.0,1,2021.0,0
3120838,36-020516,2019-WTE-7646-OE,34834.0,NY,Steuben County,36101,Dutch Hill/Cohocton,2009.0,27,67.5,GE Wind,GE2.5-116,2500.0,80.0,116.0,10568.32,138.1,3,3,,Bing Maps Aerial,-77.4452,42.52889,56634.0,1,2021.0,0
3120847,36-020417,2019-WTE-7630-OE,34882.0,NY,Steuben County,36101,Dutch Hill/Cohocton,2009.0,27,67.5,GE Wind,GE2.5-116,2500.0,80.0,116.0,10568.32,138.1,3,3,,Bing Maps Aerial,-77.4412,42.54999,56634.0,1,2021.0,0
3021628,36-020463,2019-WTE-7669-OE,34805.0,NY,Steuben County,36101,Dutch Hill/Cohocton,2009.0,50,125.0,Clipper,C96,2500.0,80.0,96.0,7238.23,128.0,3,3,,Bing Maps Aerial,-77.4982,42.51609,56633.0,0,,0
3120845,36-020414,2019-WTE-7622-OE,34910.0,NY,Steuben County,36101,Dutch Hill/Cohocton,2009.0,27,67.5,GE Wind,GE2.5-116,2500.0,80.0,116.0,10568.32,138.1,3,3,,Bing Maps Aerial,-77.43079,42.56969,56634.0,1,2021.0,0
3120833,36-020517,2019-WTE-7649-OE,34809.0,NY,Steuben County,36101,Dutch Hill/Cohocton,2009.0,27,67.5,GE Wind,GE2.5-116,2500.0,80.0,116.0,10568.32,138.1,3,3,,Bing Maps Aerial,-77.4333,42.52009,56634.0,1,2021.0,0
3021767,36-020515,2019-WTE-7644-OE,34823.0,NY,Steuben County,36101,Dutch Hill/Cohocton,2009.0,50,125.0,Clipper,C96,2500.0,80.0,96.0,7238.23,128.0,3,3,,Bing Maps Aerial,-77.4563,42.52609,56634.0,0,,0
3120834,36-020431,2019-WTE-7651-OE,34804.0,NY,Steuben County,36101,Dutch Hill/Cohocton,2009.0,27,67.5,GE Wind,GE2.5-116,2500.0,80.0,116.0,10568.32,138.1,3,3,,Bing Maps Aerial,-77.4472,42.50599,56634.0,1,2021.0,0
3021605,36-020415,2019-WTE-7623-OE,34895.0,NY,Steuben County,36101,Dutch Hill/Cohocton,2009.0,50,125.0,Clipper,C96,2500.0,80.0,96.0,7238.23,128.0,3,3,,Bing Maps Aerial,-77.4511,42.56029,56634.0,0,,0
3120842,36-020500,2019-WTE-7627-OE,34897.0,NY,Steuben County,36101,Dutch Hill/Cohocton,2009.0,27,67.5,GE Wind,GE2.5-116,2500.0,80.0,116.0,10568.32,138.1,3,3,,Bing Maps Aerial,-77.4396,42.56069,56634.0,1,2021.0,0
3120855,36-020504,2019-WTE-7637-OE,34837.0,NY,Steuben County,36101,Dutch Hill/Cohocton,2009.0,27,67.5,GE Wind,GE2.5-116,2500.0,80.0,116.0,10568.32,138.1,3,3,,Bing Maps Aerial,-77.3995,42.52989,56634.0,1,2021.0,0
3021718,36-020469,2019-WTE-7661-OE,34855.0,NY,Steuben County,36101,Dutch Hill/Cohocton,2009.0,50,125.0,Clipper,C96,2500.0,80.0,96.0,7238.23,128.0,3,3,,Bing Maps Aerial,-77.4856,42.53839,56633.0,0,,0
3021716,36-020466,2019-WTE-7658-OE,34874.0,NY,Steuben County,36101,Dutch Hill/Cohocton,2009.0,50,125.0,Clipper,C96,2500.0,80.0,96.0,7238.23,128.0,3,3,,Bing Maps Aerial,-77.48859,42.54559,56633.0,0,,0
3120857,36-020413,2019-WTE-7620-OE,34917.0,NY,Steuben County,36101,Dutch Hill/Cohocton,2009.0,27,67.5,GE Wind,GE2.5-116,2500.0,80.0,116.0,10568.32,138.1,3,3,,Bing Maps Aerial,-77.4306,42.57529,56634.0,1,2021.0,0
3021668,36-020432,2019-WTE-7654-OE,34800.0,NY,Steuben County,36101,Dutch Hill/Cohocton,2009.0,50,125.0,Clipper,C96,2500.0,80.0,96.0,7238.23,128.0,3,3,5/25/2023,Maxar,-77.52779,42.44099,56634.0,0,,0
3120832,36-020501,2019-WTE-7629-OE,34888.0,NY,Steuben County,36101,Dutch Hill/Cohocton,2009.0,27,67.5,GE Wind,GE2.5-116,2500.0,80.0,116.0,10568.32,138.1,3,3,,Bing Maps Aerial,-77.43179,42.55579,56634.0,1,2021.0,0
3021721,36-020474,2019-WTE-7665-OE,34828.0,NY,Steuben County,36101,Dutch Hill/Cohocton,2009.0,50,125.0,Clipper,C96,2500.0,80.0,96.0,7238.23,128.0,3,3,,Bing Maps Aerial,-77.4948,42.52799,56633.0,0,,0
3120850,36-020428,2019-WTE-7647-OE,34838.0,NY,Steuben County,36101,Dutch Hill/Cohocton,2009.0,27,67.5,GE Wind,GE2.5-116,2500.0,80.0,116.0,10568.32,138.1,3,3,,Bing Maps Aerial,-77.43919,42.53079,56634.0,1,2021.0,0
3021624,36-020456,2019-WTE-7657-OE,34879.0,NY,Steuben County,36101,Dutch Hill/Cohocton,2009.0,50,125.0,Clipper,C96,2500.0,80.0,96.0,7238.23,128.0,3,3,,Bing Maps Aerial,-77.48679,42.54819,56633.0,0,,0
3120849,36-020430,2019-WTE-7650-OE,34806.0,NY,Steuben County,36101,Dutch Hill/Cohocton,2009.0,27,67.5,GE Wind,GE2.5-116,2500.0,80.0,116.0,10568.32,138.1,3,3,,Bing Maps Aerial,-77.4344,42.51609,56634.0,1,2021.0,0
3120851,36-020422,2019-WTE-7636-OE,34845.0,NY,Steuben County,36101,Dutch Hill/Cohocton,2009.0,27,67.5,GE Wind,GE2.5-116,2500.0,80.0,116.0,10568.32,138.1,3,3,,Bing Maps Aerial,-77.3978,42.53499,56634.0,1,2021.0,0
3120839,36-020502,2019-WTE-7634-OE,34866.0,NY,Steuben County,36101,Dutch Hill/Cohocton,2009.0,27,67.5,GE Wind,GE2.5-116,2500.0,80.0,116.0,10568.32,138.1,3,3,,Bing Maps Aerial,-77.421,42.54249,56634.0,1,2021.0,0
3127437,36-206561,2021-WTE-70-OE,,NY,Steuben County,36101,Eight Point Wind,2023.0,25,116.5,GE Wind,GE5.5-158,5500.0,117.0,158.0,19606.68,196.0,3,3,3/16/2024,Planet,-77.68971,42.03822,66052.0,0,,0
3130174,36-206558,2021-WTE-67-OE,,NY,Steuben County,36101,Eight Point Wind,2023.0,25,116.5,GE Wind,GE5.5-158,5500.0,117.0,158.0,19606.68,196.0,3,3,3/16/2024,Planet,-77.72956,42.1151,66052.0,0,,0
3129600,36-213464,2020-WTE-7481-OE,,NY,Steuben County,36101,Eight Point Wind,2023.0,25,116.5,GE Wind,GE5.5-158,5500.0,117.0,158.0,19606.68,196.0,3,3,3/16/2024,Planet,-77.70375,42.04953,66052.0,0,,0
3127533,36-206551,2020-WTE-7491-OE,,NY,Steuben County,36101,Eight Point Wind,2023.0,25,116.5,GE Wind,GE5.5-158,5500.0,117.0,158.0,19606.68,196.0,3,3,3/16/2024,Planet,-77.6597,42.00945,66052.0,0,,0
3129864,36-213378,2020-WTE-7490-OE,,NY,Steuben County,36101,Eight Point Wind,2023.0,25,116.5,GE Wind,GE2.5-127,2500.0,90.0,127.0,12667.69,153.6,3,3,3/16/2024,Planet,-77.68993,42.01074,66052.0,0,,0
3129549,36-206542,2020-WTE-7476-OE,,NY,Steuben County,36101,Eight Point Wind,2023.0,25,116.5,GE Wind,GE5.5-158,5500.0,117.0,158.0,19606.68,196.0,3,3,3/16/2024,Planet,-77.71168,42.10671,66052.0,0,,0
3129102,36-206557,2021-WTE-66-OE,,NY,Steuben County,36101,Eight Point Wind,2023.0,25,116.5,GE Wind,GE5.5-158,5500.0,117.0,158.0,19606.68,196.0,3,3,3/16/2024,Planet,-77.72508,42.13449,66052.0,0,,0
3129281,36-206546,2020-WTE-7480-OE,,NY,Steuben County,36101,Eight Point Wind,2023.0,25,116.5,GE Wind,GE5.5-158,5500.0,117.0,158.0,19606.68,196.0,3,3,3/16/2024,Planet,-77.68813,42.07394,66052.0,0,,0
3129716,36-213380,2021-WTE-73-OE,,NY,Steuben County,36101,Eight Point Wind,2023.0,25,116.5,GE Wind,GE2.5-127,2500.0,90.0,127.0,12667.69,153.6,3,3,3/16/2024,Planet,-77.66332,42.01572,66052.0,0,,0
3129539,36-206538,2020-WTE-7471-OE,,NY,Steuben County,36101,Eight Point Wind,2023.0,25,116.5,GE Wind,GE5.5-158,5500.0,117.0,158.0,19606.68,196.0,3,3,3/16/2024,Planet,-77.70828,42.11924,66052.0,0,,0
3129730,36-206545,2020-WTE-7479-OE,,NY,Steuben County,36101,Eight Point Wind,2023.0,25,116.5,GE Wind,GE5.5-158,5500.0,117.0,158.0,19606.68,196.0,3,3,3/16/2024,Planet,-77.70876,42.07995,66052.0,0,,0
3129547,36-206560,2021-WTE-69-OE,,NY,Steuben County,36101,Eight Point Wind,2023.0,25,116.5,GE Wind,GE5.5-158,5500.0,117.0,158.0,19606.68,196.0,3,3,3/16/2024,Planet,-77.72263,42.09926,66052.0,0,,0
3129084,36-206537,2020-WTE-7468-OE,,NY,Steuben County,36101,Eight Point Wind,2023.0,25,116.5,GE Wind,GE5.5-158,5500.0,117.0,158.0,19606.68,196.0,3,3,3/16/2024,Planet,-77.71761,42.12938,66052.0,0,,0
3130116,36-206541,2020-WTE-7475-OE,,NY,Steuben County,36101,Eight Point Wind,2023.0,25,116.5,GE Wind,GE5.5-158,5500.0,117.0,158.0,19606.68,196.0,3,3,3/16/2024,Planet,-77.71811,42.10373,66052.0,0,,0
3129840,36-206536,2020-WTE-7467-OE,,NY,Steuben County,36101,Eight Point Wind,2023.0,25,116.5,GE Wind,GE5.5-158,5500.0,117.0,158.0,19606.68,196.0,3,3,3/16/2024,Planet,-77.70934,42.13454,66052.0,0,,0
3131485,36-206540,2020-WTE-7473-OE,,NY,Steuben County,36101,Eight Point Wind,2023.0,25,116.5,GE Wind,GE5.5-158,5500.0,117.0,158.0,19606.68,196.0,3,3,3/16/2024,Planet,-77.69336,42.11787,66052.0,0,,0
3128986,36-206539,2020-WTE-7472-OE,,NY,Steuben County,36101,Eight Point Wind,2023.0,25,116.5,GE Wind,GE5.5-158,5500.0,117.0,158.0,19606.68,196.0,3,3,3/16/2024,Planet,-77.70214,42.11554,66052.0,0,,0
3129700,36-213482,2021-WTE-72-OE,,NY,Steuben County,36101,Eight Point Wind,2023.0,25,116.5,GE Wind,GE2.5-127,2500.0,90.0,127.0,12667.69,153.6,3,3,3/16/2024,Planet,-77.6888,42.01832,66052.0,0,,0
3129690,36-213539,2021-WTE-71-OE,,NY,Steuben County,36101,Eight Point Wind,2023.0,25,116.5,GE Wind,GE2.5-127,2500.0,90.0,127.0,12667.69,153.6,3,3,3/16/2024,Planet,-77.67705,42.03324,66052.0,0,,0
3129493,36-213410,2020-WTE-7486-OE,,NY,Steuben County,36101,Eight Point Wind,2023.0,25,116.5,GE Wind,GE2.5-127,2500.0,90.0,127.0,12667.69,153.6,3,3,3/16/2024,Planet,-77.66476,42.03787,66052.0,0,,0
3129737,36-206548,2020-WTE-7482-OE,,NY,Steuben County,36101,Eight Point Wind,2023.0,25,116.5,GE Wind,GE5.5-158,5500.0,117.0,158.0,19606.68,196.0,3,3,3/16/2024,Planet,-77.68579,42.05653,66052.0,0,,0
3129128,36-213379,2020-WTE-7489-OE,,NY,Steuben County,36101,Eight Point Wind,2023.0,25,116.5,GE Wind,GE2.5-127,2500.0,90.0,127.0,12667.69,153.6,3,3,3/16/2024,Planet,-77.67198,42.01571,66052.0,0,,0
3129467,36-213369,2020-WTE-7497-OE,,NY,Steuben County,36101,Eight Point Wind,2023.0,25,116.5,GE Wind,GE2.5-127,2500.0,90.0,127.0,12667.69,153.6,3,3,3/16/2024,Planet,-77.7008,42.03719,66052.0,0,,0
3130242,36-206543,2020-WTE-7477-OE,,NY,Steuben County,36101,Eight Point Wind,2023.0,25,116.5,GE Wind,GE5.5-158,5500.0,117.0,158.0,19606.68,196.0,3,3,3/16/2024,Planet,-77.68052,42.11042,66052.0,0,,0
3012438,36-002204,2017-WTE-3920-OE,35139.0,NY,Madison County,36053,Fenner Wind Power Project,2001.0,20,30.0,GE Wind,GE1.5-70.5,1500.0,65.0,70.5,3903.63,100.3,2,3,9/22/2016,Maxar,-75.7606,43.00109,55790.0,0,,0
3062943,36-002214,2017-WTE-3929-OE,35129.0,NY,Madison County,36053,Fenner Wind Power Project,2001.0,20,30.0,GE Wind,GE1.5-70.5,1500.0,65.0,70.5,3903.63,100.3,2,3,1/8/2022,Maxar,-75.7674,42.98069,55790.0,0,,0
3062727,36-002205,2017-WTE-3921-OE,35138.0,NY,Madison County,36053,Fenner Wind Power Project,2001.0,20,30.0,GE Wind,GE1.5-70.5,1500.0,65.0,70.5,3903.63,100.3,2,3,9/22/2016,Maxar,-75.7593,42.99859,55790.0,0,,0
3012450,36-002220,2017-WTE-3932-OE,35128.0,NY,Madison County,36053,Fenner Wind Power Project,2001.0,20,30.0,GE Wind,GE1.5-70.5,1500.0,65.0,70.5,3903.63,100.3,2,3,1/8/2022,Maxar,-75.73949,42.97949,55790.0,0,,0
3041839,36-002219,2017-WTE-2861-OE,35123.0,NY,Madison County,36053,Fenner Wind Power Project,2001.0,20,30.0,GE Wind,GE1.5-70.5,1500.0,65.0,70.5,3903.63,100.3,2,3,1/8/2022,Maxar,-75.7599,42.97149,55790.0,0,,0
3012441,36-002208,2017-WTE-3924-OE,35136.0,NY,Madison County,36053,Fenner Wind Power Project,2001.0,20,30.0,GE Wind,GE1.5-70.5,1500.0,65.0,70.5,3903.63,100.3,2,3,9/22/2016,Maxar,-75.7648,42.99439,55790.0,0,,0
3012446,36-002213,2017-WTE-3928-OE,35133.0,NY,Madison County,36053,Fenner Wind Power Project,2001.0,20,30.0,GE Wind,GE1.5-70.5,1500.0,65.0,70.5,3903.63,100.3,2,3,9/22/2016,Maxar,-75.7557,42.98999,55790.0,0,,0
3012439,36-002206,2017-WTE-3922-OE,35140.0,NY,Madison County,36053,Fenner Wind Power Project,2001.0,20,30.0,GE Wind,GE1.5-70.5,1500.0,65.0,70.5,3903.63,100.3,2,3,9/22/2016,Maxar,-75.7671,43.00099,55790.0,0,,0
3012449,36-002218,2017-WTE-2560-OE,35124.0,NY,Madison County,36053,Fenner Wind Power Project,2001.0,20,30.0,GE Wind,GE1.5-70.5,1500.0,65.0,70.5,3903.63,100.3,2,3,1/8/2022,Maxar,-75.7595,42.97467,55790.0,0,,0
3062667,,,,NY,Madison County,36053,Fenner Wind Power Project,2001.0,20,30.0,GE Wind,GE1.5-70.5,1500.0,65.0,70.5,3903.63,100.3,2,3,9/22/2016,Maxar,-75.7596,42.99419,55790.0,0,,0
3012447,36-002215,2017-WTE-3930-OE,35130.0,NY,Madison County,36053,Fenner Wind Power Project,2001.0,20,30.0,GE Wind,GE1.5-70.5,1500.0,65.0,70.5,3903.63,100.3,2,3,1/8/2022,Maxar,-75.762,42.98069,55790.0,0,,0
3012444,36-002211,2017-WTE-3927-OE,35131.0,NY,Madison County,36053,Fenner Wind Power Project,2001.0,20,30.0,GE Wind,GE1.5-70.5,1500.0,65.0,70.5,3903.63,100.3,2,3,9/22/2016,Maxar,-75.7677,42.98829,55790.0,0,,0
3012445,36-002212,2017-WTE-2559-OE,35132.0,NY,Madison County,36053,Fenner Wind Power Project,2001.0,20,30.0,GE Wind,GE1.5-70.5,1500.0,65.0,70.5,3903.63,100.3,2,3,9/22/2016,Maxar,-75.7611,42.98979,55790.0,0,,0
3012436,36-002202,2017-WTE-3919-OE,35142.0,NY,Madison County,36053,Fenner Wind Power Project,2001.0,20,30.0,GE Wind,GE1.5-70.5,1500.0,65.0,70.5,3903.63,100.3,2,3,9/22/2016,Maxar,-75.7654,43.00509,55790.0,0,,0
3012440,36-002207,2017-WTE-3923-OE,35137.0,NY,Madison County,36053,Fenner Wind Power Project,2001.0,20,30.0,GE Wind,GE1.5-70.5,1500.0,65.0,70.5,3903.63,100.3,2,3,9/22/2016,Maxar,-75.7719,42.99529,55790.0,0,,0
3012451,36-002221,2017-WTE-3933-OE,35127.0,NY,Madison County,36053,Fenner Wind Power Project,2001.0,20,30.0,GE Wind,GE1.5-70.5,1500.0,65.0,70.5,3903.63,100.3,2,3,1/8/2022,Maxar,-75.73825,42.97747,55790.0,0,,0
3012443,36-002210,2017-WTE-3926-OE,35134.0,NY,Madison County,36053,Fenner Wind Power Project,2001.0,20,30.0,GE Wind,GE1.5-70.5,1500.0,65.0,70.5,3903.63,100.3,2,3,9/22/2016,Maxar,-75.7695,42.99099,55790.0,0,,0
3012437,36-002203,2017-WTE-2558-OE,35141.0,NY,Madison County,36053,Fenner Wind Power Project,2001.0,20,30.0,GE Wind,GE1.5-70.5,1500.0,65.0,70.5,3903.63,100.3,2,3,9/22/2016,Maxar,-75.76325,43.00356,55790.0,0,,0
3012448,36-002216,2017-WTE-3931-OE,35126.0,NY,Madison County,36053,Fenner Wind Power Project,2001.0,20,30.0,GE Wind,GE1.5-70.5,1500.0,65.0,70.5,3903.63,100.3,2,3,1/8/2022,Maxar,-75.7603,42.97689,55790.0,0,,0
3114092,36-002227,2017-WTE-2860-OE,,NY,Madison County,36053,Fenner Wind Power Project - Repower,2012.0,1,1.5,Goldwind,GW82,1500.0,85.0,82.0,5281.02,125.9,2,3,1/8/2022,Maxar,-75.76784,42.97555,55790.0,0,,0
3072556,,,,NY,Suffolk County,36103,Half Hollow Nursery,2010.0,1,0.1,Northern Power Systems,NPS-100,100.0,,,,,2,3,4/11/2018,Maxar,-72.57085,40.96906,,0,,0
3042499,36-026095,2012-WTE-4806-OE,48746.0,NY,Wayne County,36117,Harbec Plastics,2012.0,1,0.85,Gamesa,G58-0.85,850.0,55.0,58.0,2642.08,84.1,3,3,8/15/2020,Maxar,-77.36014,43.22696,62736.0,0,,0
3006042,,,35713.0,NY,Wayne County,36117,Harbec Plastics,2002.0,2,1.1,Fuhrlander,FL250,250.0,40.0,29.0,660.52,55.0,3,3,8/15/2020,Maxar,-77.36174,43.22609,62736.0,0,,0
3031453,36-025397,2009-WTE-7567-OE,35151.0,NY,Herkimer County,36043,Hardscrabble,2011.0,37,74.0,Gamesa,G90-2.0,2000.0,100.0,90.0,6361.73,145.1,3,3,,Bing Maps Aerial,-74.8998,43.10489,57287.0,0,,0
3034273,36-025569,2010-WTE-1311-OE,35173.0,NY,Herkimer County,36043,Hardscrabble,2011.0,37,74.0,Gamesa,G90-2.0,2000.0,100.0,90.0,6361.73,145.1,3,3,,Bing Maps Aerial,-74.8936,43.19569,57287.0,0,,0
3031451,36-025395,2009-WTE-7565-OE,35150.0,NY,Herkimer County,36043,Hardscrabble,2011.0,37,74.0,Gamesa,G90-2.0,2000.0,100.0,90.0,6361.73,145.1,3,3,,Bing Maps Aerial,-74.9039,43.09809,57287.0,0,,0
3031445,36-025393,2009-WTE-7559-OE,35146.0,NY,Herkimer County,36043,Hardscrabble,2011.0,37,74.0,Gamesa,G90-2.0,2000.0,100.0,90.0,6361.73,145.1,3,3,,Bing Maps Aerial,-74.9049,43.08879,57287.0,0,,0
3031442,36-025390,2009-WTE-7554-OE,35161.0,NY,Herkimer County,36043,Hardscrabble,2011.0,37,74.0,Gamesa,G90-2.0,2000.0,100.0,90.0,6361.73,145.1,3,3,,Bing Maps Aerial,-74.9007,43.13559,57287.0,0,,0
3034272,36-025568,2010-WTE-1310-OE,35175.0,NY,Herkimer County,36043,Hardscrabble,2011.0,37,74.0,Gamesa,G90-2.0,2000.0,100.0,90.0,6361.73,145.1,3,3,,Bing Maps Aerial,-74.8921,43.19829,57287.0,0,,0
3034262,36-022562,2010-WTE-1302-OE,35155.0,NY,Herkimer County,36043,Hardscrabble,2011.0,37,74.0,Gamesa,G90-2.0,2000.0,100.0,90.0,6361.73,145.1,3,3,,Bing Maps Aerial,-74.8941,43.11829,57287.0,0,,0
3031437,36-025385,2009-WTE-7547-OE,35172.0,NY,Herkimer County,36043,Hardscrabble,2011.0,37,74.0,Gamesa,G90-2.0,2000.0,100.0,90.0,6361.73,145.1,3,3,,Bing Maps Aerial,-74.8935,43.19289,57287.0,0,,0
3029740,36-025474,2009-WTE-11995-OE,35153.0,NY,Herkimer County,36043,Hardscrabble,2011.0,37,74.0,Gamesa,G90-2.0,2000.0,100.0,90.0,6361.73,145.1,3,3,,Bing Maps Aerial,-74.889,43.11359,57287.0,0,,0
3029742,36-025477,2009-WTE-11997-OE,35178.0,NY,Herkimer County,36043,Hardscrabble,2011.0,37,74.0,Gamesa,G90-2.0,2000.0,100.0,90.0,6361.73,145.1,3,3,,Bing Maps Aerial,-74.9053,43.20419,57287.0,0,,0
3031441,36-025389,2009-WTE-7553-OE,35162.0,NY,Herkimer County,36043,Hardscrabble,2011.0,37,74.0,Gamesa,G90-2.0,2000.0,100.0,90.0,6361.73,145.1,3,3,,Bing Maps Aerial,-74.8989,43.13819,57287.0,0,,0
3035534,36-025298,2010-WTE-9670-OE,35171.0,NY,Herkimer County,36043,Hardscrabble,2011.0,37,74.0,Gamesa,G90-2.0,2000.0,100.0,90.0,6361.73,145.1,3,3,,Bing Maps Aerial,-74.8823,43.19279,57287.0,0,,0
3034260,36-025566,2010-WTE-1300-OE,35174.0,NY,Herkimer County,36043,Hardscrabble,2011.0,37,74.0,Gamesa,G90-2.0,2000.0,100.0,90.0,6361.73,145.1,3,3,,Bing Maps Aerial,-74.902,43.19729,57287.0,0,,0
3034277,36-025416,2010-WTE-1314-OE,35154.0,NY,Herkimer County,36043,Hardscrabble,2011.0,37,74.0,Gamesa,G90-2.0,2000.0,100.0,90.0,6361.73,145.1,3,3,,Bing Maps Aerial,-74.90459,43.11409,57287.0,0,,0
3031452,36-025396,2009-WTE-7566-OE,35149.0,NY,Herkimer County,36043,Hardscrabble,2011.0,37,74.0,Gamesa,G90-2.0,2000.0,100.0,90.0,6361.73,145.1,3,3,,Bing Maps Aerial,-74.9047,43.09539,57287.0,0,,0
3034275,36-025417,2010-WTE-1313-OE,35158.0,NY,Herkimer County,36043,Hardscrabble,2011.0,37,74.0,Gamesa,G90-2.0,2000.0,100.0,90.0,6361.73,145.1,3,3,,Bing Maps Aerial,-74.8958,43.12529,57287.0,0,,0
3034269,36-022564,2010-WTE-1308-OE,35159.0,NY,Herkimer County,36043,Hardscrabble,2011.0,37,74.0,Gamesa,G90-2.0,2000.0,100.0,90.0,6361.73,145.1,3,3,,Bing Maps Aerial,-74.8912,43.12749,57287.0,0,,0
3031446,36-022450,2009-WTE-7560-OE,35145.0,NY,Herkimer County,36043,Hardscrabble,2011.0,37,74.0,Gamesa,G90-2.0,2000.0,100.0,90.0,6361.73,145.1,3,3,,Bing Maps Aerial,-74.8658,43.08849,57287.0,0,,0
3034263,36-022566,2010-WTE-1303-OE,35167.0,NY,Herkimer County,36043,Hardscrabble,2011.0,37,74.0,Gamesa,G90-2.0,2000.0,100.0,90.0,6361.73,145.1,3,3,,Bing Maps Aerial,-74.9005,43.16289,57287.0,0,,0
3034274,36-025570,2010-WTE-1312-OE,35160.0,NY,Herkimer County,36043,Hardscrabble,2011.0,37,74.0,Gamesa,G90-2.0,2000.0,100.0,90.0,6361.73,145.1,3,3,,Bing Maps Aerial,-74.9033,43.12839,57287.0,0,,0
3031440,36-025388,2009-WTE-7552-OE,35165.0,NY,Herkimer County,36043,Hardscrabble,2011.0,37,74.0,Gamesa,G90-2.0,2000.0,100.0,90.0,6361.73,145.1,3,3,,Bing Maps Aerial,-74.9019,43.15789,57287.0,0,,0
3031443,36-025391,2009-WTE-7555-OE,35156.0,NY,Herkimer County,36043,Hardscrabble,2011.0,37,74.0,Gamesa,G90-2.0,2000.0,100.0,90.0,6361.73,145.1,3,3,,Bing Maps Aerial,-74.896,43.12239,57287.0,0,,0
3029741,36-025475,2009-WTE-11996-OE,35166.0,NY,Herkimer County,36043,Hardscrabble,2011.0,37,74.0,Gamesa,G90-2.0,2000.0,100.0,90.0,6361.73,145.1,3,3,,Bing Maps Aerial,-74.9008,43.16039,57287.0,0,,0
3031439,36-025387,2009-WTE-7551-OE,35168.0,NY,Herkimer County,36043,Hardscrabble,2011.0,37,74.0,Gamesa,G90-2.0,2000.0,100.0,90.0,6361.73,145.1,3,3,,Bing Maps Aerial,-74.8937,43.18719,57287.0,0,,0
3031438,36-025386,2009-WTE-7550-OE,35170.0,NY,Herkimer County,36043,Hardscrabble,2011.0,37,74.0,Gamesa,G90-2.0,2000.0,100.0,90.0,6361.73,145.1,3,3,,Bing Maps Aerial,-74.894,43.18999,57287.0,0,,0
3034278,36-025418,2010-WTE-1315-OE,35144.0,NY,Herkimer County,36043,Hardscrabble,2011.0,37,74.0,Gamesa,G90-2.0,2000.0,100.0,90.0,6361.73,145.1,3,3,,Bing Maps Aerial,-74.8674,43.08469,57287.0,0,,0
3034265,36-022563,2010-WTE-1305-OE,35157.0,NY,Herkimer County,36043,Hardscrabble,2011.0,37,74.0,Gamesa,G90-2.0,2000.0,100.0,90.0,6361.73,145.1,3,3,,Bing Maps Aerial,-74.9044,43.12259,57287.0,0,,0
3034264,36-022565,2010-WTE-1304-OE,35164.0,NY,Herkimer County,36043,Hardscrabble,2011.0,37,74.0,Gamesa,G90-2.0,2000.0,100.0,90.0,6361.73,145.1,3,3,,Bing Maps Aerial,-74.90739,43.15449,57287.0,0,,0
3034261,36-022561,2010-WTE-1301-OE,35152.0,NY,Herkimer County,36043,Hardscrabble,2011.0,37,74.0,Gamesa,G90-2.0,2000.0,100.0,90.0,6361.73,145.1,3,3,,Bing Maps Aerial,-74.904,43.11109,57287.0,0,,0
3034266,36-022560,2010-WTE-1306-OE,35147.0,NY,Herkimer County,36043,Hardscrabble,2011.0,37,74.0,Gamesa,G90-2.0,2000.0,100.0,90.0,6361.73,145.1,3,3,,Bing Maps Aerial,-74.8663,43.09189,57287.0,0,,0
3034268,36-022446,2010-WTE-1307-OE,35143.0,NY,Herkimer County,36043,Hardscrabble,2011.0,37,74.0,Gamesa,G90-2.0,2000.0,100.0,90.0,6361.73,145.1,3,3,,Bing Maps Aerial,-74.8716,43.07779,57287.0,0,,0
3029738,36-025628,2009-WTE-11993-OE,35179.0,NY,Herkimer County,36043,Hardscrabble,2011.0,37,74.0,Gamesa,G90-2.0,2000.0,100.0,90.0,6361.73,145.1,3,3,,Bing Maps Aerial,-74.9047,43.20679,57287.0,0,,0
3031436,36-025384,2009-WTE-7546-OE,35177.0,NY,Herkimer County,36043,Hardscrabble,2011.0,37,74.0,Gamesa,G90-2.0,2000.0,100.0,90.0,6361.73,145.1,3,3,,Bing Maps Aerial,-74.8926,43.20109,57287.0,0,,0
3031435,36-025383,2009-WTE-7545-OE,35176.0,NY,Herkimer County,36043,Hardscrabble,2011.0,37,74.0,Gamesa,G90-2.0,2000.0,100.0,90.0,6361.73,145.1,3,3,,Bing Maps Aerial,-74.9032,43.19999,57287.0,0,,0
3029739,36-025476,2009-WTE-11994-OE,35169.0,NY,Herkimer County,36043,Hardscrabble,2011.0,37,74.0,Gamesa,G90-2.0,2000.0,100.0,90.0,6361.73,145.1,3,3,,Bing Maps Aerial,-74.8818,43.18959,57287.0,0,,0
3031444,36-025392,2009-WTE-7558-OE,35148.0,NY,Herkimer County,36043,Hardscrabble,2011.0,37,74.0,Gamesa,G90-2.0,2000.0,100.0,90.0,6361.73,145.1,3,3,,Bing Maps Aerial,-74.9054,43.09199,57287.0,0,,0
3034270,36-025567,2010-WTE-1309-OE,35163.0,NY,Herkimer County,36043,Hardscrabble,2011.0,37,74.0,Gamesa,G90-2.0,2000.0,100.0,90.0,6361.73,145.1,3,3,,Bing Maps Aerial,-74.8945,43.14269,57287.0,0,,0
3042732,36-020437,2012-WTE-5193-OE,35038.0,NY,Wyoming County,36121,High Sheldon,2009.0,75,112.5,GE Wind,GE1.5-77,1500.0,80.0,77.0,4656.63,118.6,3,3,,Bing Maps Aerial,-78.3942,42.73129,56953.0,0,,0
3042766,36-020411,2012-WTE-5227-OE,35032.0,NY,Wyoming County,36121,High Sheldon,2009.0,75,112.5,GE Wind,GE1.5-77,1500.0,80.0,77.0,4656.63,118.6,3,3,,Bing Maps Aerial,-78.3848,42.72659,56953.0,0,,0
3042777,36-020453,2012-WTE-5238-OE,35039.0,NY,Wyoming County,36121,High Sheldon,2009.0,75,112.5,GE Wind,GE1.5-77,1500.0,80.0,77.0,4656.63,118.6,3,3,,Bing Maps Aerial,-78.4104,42.73149,56953.0,0,,0
3042724,36-020404,2012-WTE-5185-OE,35016.0,NY,Wyoming County,36121,High Sheldon,2009.0,75,112.5,GE Wind,GE1.5-77,1500.0,80.0,77.0,4656.63,118.6,3,3,,Bing Maps Aerial,-78.3772,42.70819,56953.0,0,,0
3042718,36-020395,2012-WTE-5179-OE,35078.0,NY,Wyoming County,36121,High Sheldon,2009.0,75,112.5,GE Wind,GE1.5-77,1500.0,80.0,77.0,4656.63,118.6,3,3,,Bing Maps Aerial,-78.3613,42.77319,56953.0,0,,0
3042723,36-020403,2012-WTE-5184-OE,35015.0,NY,Wyoming County,36121,High Sheldon,2009.0,75,112.5,GE Wind,GE1.5-77,1500.0,80.0,77.0,4656.63,118.6,3,3,,Bing Maps Aerial,-78.3727,42.70709,56953.0,0,,0
3042739,36-020450,2012-WTE-5200-OE,35029.0,NY,Wyoming County,36121,High Sheldon,2009.0,75,112.5,GE Wind,GE1.5-77,1500.0,80.0,77.0,4656.63,118.6,3,3,,Bing Maps Aerial,-78.4071,42.72249,56953.0,0,,0
3042781,36-020493,2012-WTE-5242-OE,35061.0,NY,Wyoming County,36121,High Sheldon,2009.0,75,112.5,GE Wind,GE1.5-77,1500.0,80.0,77.0,4656.63,118.6,3,3,,Bing Maps Aerial,-78.4128,42.75469,56953.0,0,,0
3042784,36-020509,2012-WTE-5245-OE,35071.0,NY,Wyoming County,36121,High Sheldon,2009.0,75,112.5,GE Wind,GE1.5-77,1500.0,80.0,77.0,4656.63,118.6,3,3,,Bing Maps Aerial,-78.4062,42.76569,56953.0,0,,0
3042780,36-020485,2012-WTE-5241-OE,35056.0,NY,Wyoming County,36121,High Sheldon,2009.0,75,112.5,GE Wind,GE1.5-77,1500.0,80.0,77.0,4656.63,118.6,3,3,,Bing Maps Aerial,-78.4095,42.75129,56953.0,0,,0
3042714,36-020441,2012-WTE-5175-OE,35048.0,NY,Wyoming County,36121,High Sheldon,2009.0,75,112.5,GE Wind,GE1.5-77,1500.0,80.0,77.0,4656.63,118.6,3,3,,Bing Maps Aerial,-78.3949,42.74229,56953.0,0,,0
3042787,36-020541,2012-WTE-5248-OE,35086.0,NY,Wyoming County,36121,High Sheldon,2009.0,75,112.5,GE Wind,GE1.5-77,1500.0,80.0,77.0,4656.63,118.6,3,3,,Bing Maps Aerial,-78.4268,42.77949,56953.0,0,,0
3042715,36-020391,2012-WTE-5176-OE,35060.0,NY,Wyoming County,36121,High Sheldon,2009.0,75,112.5,GE Wind,GE1.5-77,1500.0,80.0,77.0,4656.63,118.6,3,3,,Bing Maps Aerial,-78.3452,42.75429,56953.0,0,,0
3042717,36-020389,2012-WTE-5178-OE,35055.0,NY,Wyoming County,36121,High Sheldon,2009.0,75,112.5,GE Wind,GE1.5-77,1500.0,80.0,77.0,4656.63,118.6,3,3,,Bing Maps Aerial,-78.3404,42.75049,56953.0,0,,0
3042754,36-020535,2012-WTE-5215-OE,35084.0,NY,Wyoming County,36121,High Sheldon,2009.0,75,112.5,GE Wind,GE1.5-77,1500.0,80.0,77.0,4656.63,118.6,3,3,,Bing Maps Aerial,-78.41219,42.77799,56953.0,0,,0
3042722,36-020401,2012-WTE-5183-OE,35027.0,NY,Wyoming County,36121,High Sheldon,2009.0,75,112.5,GE Wind,GE1.5-77,1500.0,80.0,77.0,4656.63,118.6,3,3,,Bing Maps Aerial,-78.3722,42.72049,56953.0,0,,0
3042785,36-020511,2012-WTE-5246-OE,35076.0,NY,Wyoming County,36121,High Sheldon,2009.0,75,112.5,GE Wind,GE1.5-77,1500.0,80.0,77.0,4656.63,118.6,3,3,,Bing Maps Aerial,-78.4055,42.77249,56953.0,0,,0
3042720,36-020549,2012-WTE-5181-OE,35014.0,NY,Wyoming County,36121,High Sheldon,2009.0,75,112.5,GE Wind,GE1.5-77,1500.0,80.0,77.0,4656.63,118.6,3,3,,Bing Maps Aerial,-78.35989,42.70629,56953.0,0,,0
3042728,36-020410,2012-WTE-5189-OE,35030.0,NY,Wyoming County,36121,High Sheldon,2009.0,75,112.5,GE Wind,GE1.5-77,1500.0,80.0,77.0,4656.63,118.6,3,3,,Bing Maps Aerial,-78.3833,42.72439,56953.0,0,,0
3042747,36-020486,2012-WTE-5208-OE,35059.0,NY,Wyoming County,36121,High Sheldon,2009.0,75,112.5,GE Wind,GE1.5-77,1500.0,80.0,77.0,4656.63,118.6,3,3,,Bing Maps Aerial,-78.4108,42.75309,56953.0,0,,0
3042719,36-020396,2012-WTE-5180-OE,35081.0,NY,Wyoming County,36121,High Sheldon,2009.0,75,112.5,GE Wind,GE1.5-77,1500.0,80.0,77.0,4656.63,118.6,3,3,,Bing Maps Aerial,-78.3569,42.77579,56953.0,0,,0
3042751,36-020510,2012-WTE-5212-OE,35074.0,NY,Wyoming County,36121,High Sheldon,2009.0,75,112.5,GE Wind,GE1.5-77,1500.0,80.0,77.0,4656.63,118.6,3,3,,Bing Maps Aerial,-78.4068,42.76759,56953.0,0,,0
3042738,36-020448,2012-WTE-5199-OE,35022.0,NY,Wyoming County,36121,High Sheldon,2009.0,75,112.5,GE Wind,GE1.5-77,1500.0,80.0,77.0,4656.63,118.6,3,3,,Bing Maps Aerial,-78.4064,42.71789,56953.0,0,,0
3042745,36-020465,2012-WTE-5206-OE,35051.0,NY,Wyoming County,36121,High Sheldon,2009.0,75,112.5,GE Wind,GE1.5-77,1500.0,80.0,77.0,4656.63,118.6,3,3,,Bing Maps Aerial,-78.40749,42.74649,56953.0,0,,0
3042761,36-020394,2012-WTE-5222-OE,35073.0,NY,Wyoming County,36121,High Sheldon,2009.0,75,112.5,GE Wind,GE1.5-77,1500.0,80.0,77.0,4656.63,118.6,3,3,,Bing Maps Aerial,-78.3606,42.76719,56953.0,0,,0
3042768,36-020407,2012-WTE-5229-OE,35023.0,NY,Wyoming County,36121,High Sheldon,2009.0,75,112.5,GE Wind,GE1.5-77,1500.0,80.0,77.0,4656.63,118.6,3,3,,Bing Maps Aerial,-78.3799,42.71819,56953.0,0,,0
3042750,36-020508,2012-WTE-5211-OE,35075.0,NY,Wyoming County,36121,High Sheldon,2009.0,75,112.5,GE Wind,GE1.5-77,1500.0,80.0,77.0,4656.63,118.6,3,3,,Bing Maps Aerial,-78.4155,42.76769,56953.0,0,,0
3042755,36-020538,2012-WTE-5216-OE,35080.0,NY,Wyoming County,36121,High Sheldon,2009.0,75,112.5,GE Wind,GE1.5-77,1500.0,80.0,77.0,4656.63,118.6,3,3,,Bing Maps Aerial,-78.4238,42.77519,56953.0,0,,0
3042743,36-020505,2012-WTE-5204-OE,35065.0,NY,Wyoming County,36121,High Sheldon,2009.0,75,112.5,GE Wind,GE1.5-77,1500.0,80.0,77.0,4656.63,118.6,3,3,,Bing Maps Aerial,-78.4134,42.75949,56953.0,0,,0
3042730,36-020433,2012-WTE-5191-OE,35040.0,NY,Wyoming County,36121,High Sheldon,2009.0,75,112.5,GE Wind,GE1.5-77,1500.0,80.0,77.0,4656.63,118.6,3,3,,Bing Maps Aerial,-78.3839,42.73179,56953.0,0,,0
3042742,36-020454,2012-WTE-5203-OE,35043.0,NY,Wyoming County,36121,High Sheldon,2009.0,75,112.5,GE Wind,GE1.5-77,1500.0,80.0,77.0,4656.63,118.6,3,3,,Bing Maps Aerial,-78.4034,42.73489,56953.0,0,,0
3042725,36-020406,2012-WTE-5186-OE,35020.0,NY,Wyoming County,36121,High Sheldon,2009.0,75,112.5,GE Wind,GE1.5-77,1500.0,80.0,77.0,4656.63,118.6,3,3,,Bing Maps Aerial,-78.3759,42.71339,56953.0,0,,0
3021772,36-020544,2012-WTE-5249-OE,35066.0,NY,Wyoming County,36121,High Sheldon,2009.0,75,112.5,GE Wind,GE1.5-77,1500.0,80.0,77.0,4656.63,118.6,3,3,,Bing Maps Aerial,-78.4272,42.76169,56953.0,0,,0
3042775,36-020449,2012-WTE-5236-OE,35026.0,NY,Wyoming County,36121,High Sheldon,2009.0,75,112.5,GE Wind,GE1.5-77,1500.0,80.0,77.0,4656.63,118.6,3,3,,Bing Maps Aerial,-78.40649,42.72039,56953.0,0,,0
3042763,36-020398,2012-WTE-5224-OE,35017.0,NY,Wyoming County,36121,High Sheldon,2009.0,75,112.5,GE Wind,GE1.5-77,1500.0,80.0,77.0,4656.63,118.6,3,3,,Bing Maps Aerial,-78.36089,42.70899,56953.0,0,,0
3042772,36-020443,2012-WTE-5233-OE,35052.0,NY,Wyoming County,36121,High Sheldon,2009.0,75,112.5,GE Wind,GE1.5-77,1500.0,80.0,77.0,4656.63,118.6,3,3,,Bing Maps Aerial,-78.3946,42.74799,56953.0,0,,0
3042752,36-020512,2012-WTE-5213-OE,35079.0,NY,Wyoming County,36121,High Sheldon,2009.0,75,112.5,GE Wind,GE1.5-77,1500.0,80.0,77.0,4656.63,118.6,3,3,,Bing Maps Aerial,-78.4076,42.77419,56953.0,0,,0
3042746,36-020467,2012-WTE-5207-OE,35053.0,NY,Wyoming County,36121,High Sheldon,2009.0,75,112.5,GE Wind,GE1.5-77,1500.0,80.0,77.0,4656.63,118.6,3,3,,Bing Maps Aerial,-78.4088,42.74879,56953.0,0,,0
3042764,36-020400,2012-WTE-5225-OE,35024.0,NY,Wyoming County,36121,High Sheldon,2009.0,75,112.5,GE Wind,GE1.5-77,1500.0,80.0,77.0,4656.63,118.6,3,3,,Bing Maps Aerial,-78.37019,42.71849,56953.0,0,,0
3042786,36-020537,2012-WTE-5247-OE,35077.0,NY,Wyoming County,36121,High Sheldon,2009.0,75,112.5,GE Wind,GE1.5-77,1500.0,80.0,77.0,4656.63,118.6,3,3,,Bing Maps Aerial,-78.4227,42.77289,56953.0,0,,0
3042737,36-020445,2012-WTE-5198-OE,35058.0,NY,Wyoming County,36121,High Sheldon,2009.0,75,112.5,GE Wind,GE1.5-77,1500.0,80.0,77.0,4656.63,118.6,3,3,,Bing Maps Aerial,-78.3986,42.75259,56953.0,0,,0
3042736,36-020444,2012-WTE-5197-OE,35054.0,NY,Wyoming County,36121,High Sheldon,2009.0,75,112.5,GE Wind,GE1.5-77,1500.0,80.0,77.0,4656.63,118.6,3,3,,Bing Maps Aerial,-78.3966,42.75029,56953.0,0,,0
3042778,36-020459,2012-WTE-5239-OE,35045.0,NY,Wyoming County,36121,High Sheldon,2009.0,75,112.5,GE Wind,GE1.5-77,1500.0,80.0,77.0,4656.63,118.6,3,3,,Bing Maps Aerial,-78.40649,42.73959,56953.0,0,,0
3042757,36-020542,2012-WTE-5218-OE,35072.0,NY,Wyoming County,36121,High Sheldon,2009.0,75,112.5,GE Wind,GE1.5-77,1500.0,80.0,77.0,4656.63,118.6,3,3,,Bing Maps Aerial,-78.4255,42.76589,56953.0,0,,0
3042773,36-020446,2012-WTE-5234-OE,35062.0,NY,Wyoming County,36121,High Sheldon,2009.0,75,112.5,GE Wind,GE1.5-77,1500.0,80.0,77.0,4656.63,118.6,3,3,,Bing Maps Aerial,-78.3976,42.75519,56953.0,0,,0
3042770,36-020435,2012-WTE-5231-OE,35033.0,NY,Wyoming County,36121,High Sheldon,2009.0,75,112.5,GE Wind,GE1.5-77,1500.0,80.0,77.0,4656.63,118.6,3,3,,Bing Maps Aerial,-78.3918,42.72709,56953.0,0,,0
3042731,36-020436,2012-WTE-5192-OE,35037.0,NY,Wyoming County,36121,High Sheldon,2009.0,75,112.5,GE Wind,GE1.5-77,1500.0,80.0,77.0,4656.63,118.6,3,3,,Bing Maps Aerial,-78.393,42.72939,56953.0,0,,0
3042716,36-020393,2012-WTE-5177-OE,35069.0,NY,Wyoming County,36121,High Sheldon,2009.0,75,112.5,GE Wind,GE1.5-77,1500.0,80.0,77.0,4656.63,118.6,3,3,,Bing Maps Aerial,-78.356,42.76529,56953.0,0,,0
3042769,36-020434,2012-WTE-5230-OE,35042.0,NY,Wyoming County,36121,High Sheldon,2009.0,75,112.5,GE Wind,GE1.5-77,1500.0,80.0,77.0,4656.63,118.6,3,3,,Bing Maps Aerial,-78.38409,42.73499,56953.0,0,,0
3042727,36-020409,2012-WTE-5188-OE,35028.0,NY,Wyoming County,36121,High Sheldon,2009.0,75,112.5,GE Wind,GE1.5-77,1500.0,80.0,77.0,4656.63,118.6,3,3,,Bing Maps Aerial,-78.38229,42.72229,56953.0,0,,0
3042762,36-020397,2012-WTE-5223-OE,35085.0,NY,Wyoming County,36121,High Sheldon,2009.0,75,112.5,GE Wind,GE1.5-77,1500.0,80.0,77.0,4656.63,118.6,3,3,,Bing Maps Aerial,-78.3585,42.77779,56953.0,0,,0
3042771,36-020439,2012-WTE-5232-OE,35044.0,NY,Wyoming County,36121,High Sheldon,2009.0,75,112.5,GE Wind,GE1.5-77,1500.0,80.0,77.0,4656.63,118.6,3,3,,Bing Maps Aerial,-78.39629,42.73509,56953.0,0,,0
3042782,36-020506,2012-WTE-5243-OE,35067.0,NY,Wyoming County,36121,High Sheldon,2009.0,75,112.5,GE Wind,GE1.5-77,1500.0,80.0,77.0,4656.63,118.6,3,3,,Bing Maps Aerial,-78.4151,42.76139,56953.0,0,,0
3042721,36-020399,2012-WTE-5182-OE,35019.0,NY,Wyoming County,36121,High Sheldon,2009.0,75,112.5,GE Wind,GE1.5-77,1500.0,80.0,77.0,4656.63,118.6,3,3,,Bing Maps Aerial,-78.3626,42.71089,56953.0,0,,0
3042740,36-020470,2012-WTE-5201-OE,35034.0,NY,Wyoming County,36121,High Sheldon,2009.0,75,112.5,GE Wind,GE1.5-77,1500.0,80.0,77.0,4656.63,118.6,3,3,,Bing Maps Aerial,-78.407,42.72719,56953.0,0,,0
3042758,36-020543,2012-WTE-5219-OE,35064.0,NY,Wyoming County,36121,High Sheldon,2009.0,75,112.5,GE Wind,GE1.5-77,1500.0,80.0,77.0,4656.63,118.6,3,3,,Bing Maps Aerial,-78.4248,42.75899,56953.0,0,,0
3042726,36-020408,2012-WTE-5187-OE,35025.0,NY,Wyoming County,36121,High Sheldon,2009.0,75,112.5,GE Wind,GE1.5-77,1500.0,80.0,77.0,4656.63,118.6,3,3,,Bing Maps Aerial,-78.3808,42.72039,56953.0,0,,0
3042776,36-020451,2012-WTE-5237-OE,35031.0,NY,Wyoming County,36121,High Sheldon,2009.0,75,112.5,GE Wind,GE1.5-77,1500.0,80.0,77.0,4656.63,118.6,3,3,,Bing Maps Aerial,-78.4076,42.72449,56953.0,0,,0
3042760,36-020392,2012-WTE-5221-OE,35068.0,NY,Wyoming County,36121,High Sheldon,2009.0,75,112.5,GE Wind,GE1.5-77,1500.0,80.0,77.0,4656.63,118.6,3,3,,Bing Maps Aerial,-78.3567,42.76119,56953.0,0,,0
3042744,36-020460,2012-WTE-5205-OE,35047.0,NY,Wyoming County,36121,High Sheldon,2009.0,75,112.5,GE Wind,GE1.5-77,1500.0,80.0,77.0,4656.63,118.6,3,3,,Bing Maps Aerial,-78.40929,42.74189,56953.0,0,,0
3042765,36-020402,2012-WTE-5226-OE,35013.0,NY,Wyoming County,36121,High Sheldon,2009.0,75,112.5,GE Wind,GE1.5-77,1500.0,80.0,77.0,4656.63,118.6,3,3,,Bing Maps Aerial,-78.371,42.70249,56953.0,0,,0
3042733,36-020438,2012-WTE-5194-OE,35041.0,NY,Wyoming County,36121,High Sheldon,2009.0,75,112.5,GE Wind,GE1.5-77,1500.0,80.0,77.0,4656.63,118.6,3,3,,Bing Maps Aerial,-78.3948,42.73319,56953.0,0,,0
3042756,36-020539,2012-WTE-5217-OE,35083.0,NY,Wyoming County,36121,High Sheldon,2009.0,75,112.5,GE Wind,GE1.5-77,1500.0,80.0,77.0,4656.63,118.6,3,3,,Bing Maps Aerial,-78.4258,42.77719,56953.0,0,,0
3042753,36-020534,2012-WTE-5214-OE,35082.0,NY,Wyoming County,36121,High Sheldon,2009.0,75,112.5,GE Wind,GE1.5-77,1500.0,80.0,77.0,4656.63,118.6,3,3,,Bing Maps Aerial,-78.4091,42.77609,56953.0,0,,0
3042734,36-020440,2012-WTE-5195-OE,35046.0,NY,Wyoming County,36121,High Sheldon,2009.0,75,112.5,GE Wind,GE1.5-77,1500.0,80.0,77.0,4656.63,118.6,3,3,,Bing Maps Aerial,-78.39349,42.73999,56953.0,0,,0
3042774,36-020447,2012-WTE-5235-OE,35021.0,NY,Wyoming County,36121,High Sheldon,2009.0,75,112.5,GE Wind,GE1.5-77,1500.0,80.0,77.0,4656.63,118.6,3,3,,Bing Maps Aerial,-78.4083,42.71489,56953.0,0,,0
3042749,36-020507,2012-WTE-5210-OE,35070.0,NY,Wyoming County,36121,High Sheldon,2009.0,75,112.5,GE Wind,GE1.5-77,1500.0,80.0,77.0,4656.63,118.6,3,3,,Bing Maps Aerial,-78.41499,42.76539,56953.0,0,,0
3042735,36-020442,2012-WTE-5196-OE,35050.0,NY,Wyoming County,36121,High Sheldon,2009.0,75,112.5,GE Wind,GE1.5-77,1500.0,80.0,77.0,4656.63,118.6,3,3,,Bing Maps Aerial,-78.397,42.74439,56953.0,0,,0
3042748,36-020503,2012-WTE-5209-OE,35063.0,NY,Wyoming County,36121,High Sheldon,2009.0,75,112.5,GE Wind,GE1.5-77,1500.0,80.0,77.0,4656.63,118.6,3,3,,Bing Maps Aerial,-78.4118,42.75729,56953.0,0,,0
3042767,36-020405,2012-WTE-5228-OE,35018.0,NY,Wyoming County,36121,High Sheldon,2009.0,75,112.5,GE Wind,GE1.5-77,1500.0,80.0,77.0,4656.63,118.6,3,3,,Bing Maps Aerial,-78.3788,42.71049,56953.0,0,,0
3042729,36-020412,2012-WTE-5190-OE,35036.0,NY,Wyoming County,36121,High Sheldon,2009.0,75,112.5,GE Wind,GE1.5-77,1500.0,80.0,77.0,4656.63,118.6,3,3,,Bing Maps Aerial,-78.3822,42.72959,56953.0,0,,0
3042741,36-020452,2012-WTE-5202-OE,35035.0,NY,Wyoming County,36121,High Sheldon,2009.0,75,112.5,GE Wind,GE1.5-77,1500.0,80.0,77.0,4656.63,118.6,3,3,,Bing Maps Aerial,-78.409,42.72879,56953.0,0,,0
3042759,36-020390,2012-WTE-5220-OE,35057.0,NY,Wyoming County,36121,High Sheldon,2009.0,75,112.5,GE Wind,GE1.5-77,1500.0,80.0,77.0,4656.63,118.6,3,3,,Bing Maps Aerial,-78.3439,42.75219,56953.0,0,,0
3042779,36-020462,2012-WTE-5240-OE,35049.0,NY,Wyoming County,36121,High Sheldon,2009.0,75,112.5,GE Wind,GE1.5-77,1500.0,80.0,77.0,4656.63,118.6,3,3,,Bing Maps Aerial,-78.4117,42.74379,56953.0,0,,0
3042783,36-020536,2012-WTE-5244-OE,35087.0,NY,Wyoming County,36121,High Sheldon,2009.0,75,112.5,GE Wind,GE1.5-77,1500.0,80.0,77.0,4656.63,118.6,3,3,,Bing Maps Aerial,-78.41209,42.78089,56953.0,0,,0
3034253,36-025526,2010-WTE-12751-OE,34776.0,NY,Steuben County,36101,Howard,2011.0,25,51.25,REpower,MM92,2050.0,78.5,92.5,6720.06,124.7,3,3,2/19/2017,Maxar,-77.52536,42.28303,57867.0,0,,0
3017550,36-025492,2006-AEA-3466-OE,34791.0,NY,Steuben County,36101,Howard,2011.0,25,51.25,REpower,MM92,2050.0,78.5,92.5,6720.06,124.7,3,3,10/5/2011,Maxar,-77.5503,42.32579,57867.0,0,,0
3017552,36-025494,2006-AEA-3471-OE,34795.0,NY,Steuben County,36101,Howard,2011.0,25,51.25,REpower,MM92,2050.0,78.5,92.5,6720.06,124.7,3,3,10/5/2011,Maxar,-77.50311,42.33143,57867.0,0,,0
3017546,36-025487,2006-AEA-3461-OE,34798.0,NY,Steuben County,36101,Howard,2011.0,25,51.25,REpower,MM92,2050.0,78.5,92.5,6720.06,124.7,3,3,10/5/2011,Maxar,-77.5686,42.34139,57867.0,0,,0
3017553,36-025508,2006-AEA-3472-OE,34793.0,NY,Steuben County,36101,Howard,2011.0,25,51.25,REpower,MM92,2050.0,78.5,92.5,6720.06,124.7,3,3,10/5/2011,Maxar,-77.50411,42.32894,57867.0,0,,0
3017548,36-025491,2006-AEA-3464-OE,34794.0,NY,Steuben County,36101,Howard,2011.0,25,51.25,REpower,MM92,2050.0,78.5,92.5,6720.06,124.7,3,3,10/5/2011,Maxar,-77.55152,42.33139,57867.0,0,,0
3017559,36-025513,2006-AEA-3479-OE,34783.0,NY,Steuben County,36101,Howard,2011.0,25,51.25,REpower,MM92,2050.0,78.5,92.5,6720.06,124.7,3,3,5/9/2016,Maxar,-77.52371,42.30021,57867.0,0,,0
3017556,,2006-AEA-3476-OE,49132.0,NY,Steuben County,36101,Howard,2011.0,27,55.35,REpower,MM92,2050.0,80.0,92.0,6647.61,125.9,3,3,5/9/2016,Maxar,-77.51985,42.31356,57867.0,0,,0
3017554,36-025509,2006-AEA-3473-OE,34790.0,NY,Steuben County,36101,Howard,2011.0,25,51.25,REpower,MM92,2050.0,78.5,92.5,6720.06,124.7,3,3,10/5/2011,Maxar,-77.5113,42.32399,57867.0,0,,0
3038165,36-025534,2011-WTE-1956-OE,34777.0,NY,Steuben County,36101,Howard,2011.0,25,51.25,REpower,MM92,2050.0,78.5,92.5,6720.06,124.7,3,3,5/9/2016,Maxar,-77.5211,42.28759,57867.0,0,,0
3034442,36-025529,2010-WTE-15121-OE,34780.0,NY,Steuben County,36101,Howard,2011.0,25,51.25,REpower,MM92,2050.0,78.5,92.5,6720.06,124.7,3,3,2/4/2017,Maxar,-77.53429,42.29599,57867.0,0,,0
3034479,36-026094,2010-WTE-15580-OE,35712.0,NY,Steuben County,36101,Howard,2011.0,25,51.25,REpower,MM92,2050.0,78.5,92.5,6720.06,124.7,3,3,2/4/2017,Maxar,-77.5528,42.30939,57867.0,0,,0
3038162,36-025531,2011-WTE-1953-OE,34784.0,NY,Steuben County,36101,Howard,2011.0,25,51.25,REpower,MM92,2050.0,78.5,92.5,6720.06,124.7,3,3,7/25/2020,Maxar,-77.5547,42.30267,57867.0,0,,0
3017560,36-025514,2006-AEA-3482-OE,34779.0,NY,Steuben County,36101,Howard,2011.0,25,51.25,REpower,MM92,2050.0,78.5,92.5,6720.06,124.7,3,3,5/9/2016,Maxar,-77.53743,42.29314,57867.0,0,,0
3034408,36-025527,2010-WTE-14364-OE,34781.0,NY,Steuben County,36101,Howard,2011.0,25,51.25,REpower,MM92,2050.0,78.5,92.5,6720.06,124.7,3,3,7/25/2020,Maxar,-77.55455,42.29925,57867.0,0,,0
3017558,36-025512,2006-AEA-3478-OE,34785.0,NY,Steuben County,36101,Howard,2011.0,25,51.25,REpower,MM92,2050.0,78.5,92.5,6720.06,124.7,3,3,5/9/2016,Maxar,-77.5246,42.30319,57867.0,0,,0
3017555,36-025510,2006-AEA-3475-OE,34787.0,NY,Steuben County,36101,Howard,2011.0,25,51.25,REpower,MM92,2050.0,78.5,92.5,6720.06,124.7,3,3,10/5/2011,Maxar,-77.5215,42.31669,57867.0,0,,0
3038161,36-025489,2011-WTE-1952-OE,34796.0,NY,Steuben County,36101,Howard,2011.0,25,51.25,REpower,MM92,2050.0,78.5,92.5,6720.06,124.7,3,3,5/13/2020,Maxar,-77.55354,42.33391,57867.0,0,,0
3017551,36-025490,2006-AEA-3467-OE,34789.0,NY,Steuben County,36101,Howard,2011.0,25,51.25,REpower,MM92,2050.0,78.5,92.5,6720.06,124.7,3,3,10/5/2011,Maxar,-77.55162,42.32228,57867.0,0,,0
3038164,36-025533,2011-WTE-1955-OE,34778.0,NY,Steuben County,36101,Howard,2011.0,25,51.25,REpower,MM92,2050.0,78.5,92.5,6720.06,124.7,3,3,5/13/2020,Maxar,-77.52665,42.28815,57867.0,0,,0
3017549,36-025493,2006-AEA-3465-OE,34792.0,NY,Steuben County,36101,Howard,2011.0,25,51.25,REpower,MM92,2050.0,78.5,92.5,6720.06,124.7,3,3,10/5/2011,Maxar,-77.55003,42.32839,57867.0,0,,0
3043462,36-026097,2012-WTE-7541-OE,35726.0,NY,Steuben County,36101,Howard,2011.0,25,51.25,REpower,MM92,2050.0,78.5,92.5,6720.06,124.7,3,3,7/25/2020,Maxar,-77.5529,42.31229,57867.0,0,,0
3038163,36-025532,2011-WTE-1954-OE,34788.0,NY,Steuben County,36101,Howard,2011.0,25,51.25,REpower,MM92,2050.0,78.5,92.5,6720.06,124.7,3,3,5/13/2020,Maxar,-77.52335,42.31945,57867.0,0,,0
3017547,36-025488,2006-AEA-3462-OE,34797.0,NY,Steuben County,36101,Howard,2011.0,25,51.25,REpower,MM92,2050.0,78.5,92.5,6720.06,124.7,3,3,10/5/2011,Maxar,-77.5675,42.33889,57867.0,0,,0
3017557,36-025511,2006-AEA-3477-OE,34786.0,NY,Steuben County,36101,Howard,2011.0,25,51.25,REpower,MM92,2050.0,78.5,92.5,6720.06,124.7,3,3,5/9/2016,Maxar,-77.5265,42.30649,57867.0,0,,0
3034438,36-025528,2010-WTE-15056-OE,34782.0,NY,Steuben County,36101,Howard,2011.0,25,51.25,REpower,MM92,2050.0,78.5,92.5,6720.06,124.7,3,3,5/20/2020,Maxar,-77.5339,42.29929,57867.0,0,,0
3034252,36-025525,2010-WTE-12748-OE,35727.0,NY,Steuben County,36101,Howard,2011.0,25,51.25,REpower,MM92,2050.0,78.5,92.5,6720.06,124.7,3,3,2/19/2017,Maxar,-77.55302,42.30654,57867.0,0,,0
3053552,36-030020,2015-WTE-8247-OE,,NY,Franklin County,36033,Jericho Rise,2016.0,37,77.7,Gamesa,G114-2.1,2100.0,93.0,114.0,10207.03,150.0,3,3,11/12/2016,Maxar,-74.10477,44.91459,59629.0,0,,0
3053533,36-030021,2015-WTE-8229-OE,,NY,Franklin County,36033,Jericho Rise,2016.0,37,77.7,Gamesa,G114-2.1,2100.0,93.0,114.0,10207.03,150.0,3,3,11/12/2016,Maxar,-74.12339,44.89607,59629.0,0,,0
3053527,36-030002,2015-WTE-8223-OE,,NY,Franklin County,36033,Jericho Rise,2016.0,37,77.7,Gamesa,G114-2.1,2100.0,93.0,114.0,10207.03,150.0,3,3,11/12/2016,Maxar,-74.10194,44.91149,59629.0,0,,0
3053550,36-029981,2015-WTE-8245-OE,,NY,Franklin County,36033,Jericho Rise,2016.0,37,77.7,Gamesa,G114-2.1,2100.0,93.0,114.0,10207.03,150.0,3,3,11/12/2016,Maxar,-74.06017,44.86622,59629.0,0,,0
3053539,36-030012,2015-WTE-8234-OE,,NY,Franklin County,36033,Jericho Rise,2016.0,37,77.7,Gamesa,G114-2.1,2100.0,93.0,114.0,10207.03,150.0,3,3,11/12/2016,Maxar,-74.12751,44.91916,59629.0,0,,0
3053544,36-030037,2015-WTE-8239-OE,,NY,Franklin County,36033,Jericho Rise,2016.0,37,77.7,Gamesa,G114-2.1,2100.0,93.0,114.0,10207.03,150.0,3,3,11/12/2016,Maxar,-74.08618,44.88653,59629.0,0,,0
3053547,36-029980,2015-WTE-8242-OE,,NY,Franklin County,36033,Jericho Rise,2016.0,37,77.7,Gamesa,G114-2.1,2100.0,93.0,114.0,10207.03,150.0,3,3,11/12/2016,Maxar,-74.09963,44.88544,59629.0,0,,0
3053526,36-030010,2015-WTE-8222-OE,,NY,Franklin County,36033,Jericho Rise,2016.0,37,77.7,Gamesa,G114-2.1,2100.0,93.0,114.0,10207.03,150.0,3,3,11/12/2016,Maxar,-74.12654,44.91636,59629.0,0,,0
3053537,36-030011,2015-WTE-8232-OE,,NY,Franklin County,36033,Jericho Rise,2016.0,37,77.7,Gamesa,G114-2.1,2100.0,93.0,114.0,10207.03,150.0,3,3,11/12/2016,Maxar,-74.06683,44.87017,59629.0,0,,0
3053558,36-029987,2015-WTE-8253-OE,,NY,Franklin County,36033,Jericho Rise,2016.0,37,77.7,Gamesa,G114-2.1,2100.0,93.0,114.0,10207.03,150.0,3,3,11/12/2016,Maxar,-74.07574,44.85684,59629.0,0,,0
3053562,36-030003,2015-WTE-8257-OE,,NY,Franklin County,36033,Jericho Rise,2016.0,37,77.7,Gamesa,G114-2.1,2100.0,93.0,114.0,10207.03,150.0,3,3,11/12/2016,Maxar,-74.09845,44.90538,59629.0,0,,0
3053549,36-029973,2015-WTE-8244-OE,,NY,Franklin County,36033,Jericho Rise,2016.0,37,77.7,Gamesa,G114-2.1,2100.0,93.0,114.0,10207.03,150.0,3,3,11/12/2016,Maxar,-74.084,44.86443,59629.0,0,,0
3053531,36-030014,2015-WTE-8227-OE,,NY,Franklin County,36033,Jericho Rise,2016.0,37,77.7,Gamesa,G114-2.1,2100.0,93.0,114.0,10207.03,150.0,3,3,11/12/2016,Maxar,-74.09297,44.8971,59629.0,0,,0
3053557,36-029982,2015-WTE-8252-OE,,NY,Franklin County,36033,Jericho Rise,2016.0,37,77.7,Gamesa,G114-2.1,2100.0,93.0,114.0,10207.03,150.0,3,3,11/12/2016,Maxar,-74.05856,44.8638,59629.0,0,,0
3053535,36-029979,2015-WTE-8230-OE,,NY,Franklin County,36033,Jericho Rise,2016.0,37,77.7,Gamesa,G114-2.1,2100.0,93.0,114.0,10207.03,150.0,3,3,11/12/2016,Maxar,-74.10395,44.88879,59629.0,0,,0
3053529,36-030004,2015-WTE-8225-OE,,NY,Franklin County,36033,Jericho Rise,2016.0,37,77.7,Gamesa,G114-2.1,2100.0,93.0,114.0,10207.03,150.0,3,3,11/12/2016,Maxar,-74.12537,44.90791,59629.0,0,,0
3053532,36-030007,2015-WTE-8228-OE,,NY,Franklin County,36033,Jericho Rise,2016.0,37,77.7,Gamesa,G114-2.1,2100.0,93.0,114.0,10207.03,150.0,3,3,11/12/2016,Maxar,-74.09516,44.89962,59629.0,0,,0
3053525,36-030005,2015-WTE-8221-OE,,NY,Franklin County,36033,Jericho Rise,2016.0,37,77.7,Gamesa,G114-2.1,2100.0,93.0,114.0,10207.03,150.0,3,3,11/12/2016,Maxar,-74.12486,44.90467,59629.0,0,,0
3053556,36-029992,2015-WTE-8251-OE,,NY,Franklin County,36033,Jericho Rise,2016.0,37,77.7,Gamesa,G114-2.1,2100.0,93.0,114.0,10207.03,150.0,3,3,11/12/2016,Maxar,-74.09064,44.85702,59629.0,0,,0
3053555,36-029984,2015-WTE-8250-OE,,NY,Franklin County,36033,Jericho Rise,2016.0,37,77.7,Gamesa,G114-2.1,2100.0,93.0,114.0,10207.03,150.0,3,3,11/12/2016,Maxar,-74.07686,44.85994,59629.0,0,,0
3053551,36-029990,2015-WTE-8246-OE,,NY,Franklin County,36033,Jericho Rise,2016.0,37,77.7,Gamesa,G114-2.1,2100.0,93.0,114.0,10207.03,150.0,3,3,11/12/2016,Maxar,-74.09189,44.8598,59629.0,0,,0
3053540,36-029983,2015-WTE-8235-OE,,NY,Franklin County,36033,Jericho Rise,2016.0,37,77.7,Gamesa,G114-2.1,2100.0,93.0,114.0,10207.03,150.0,3,3,11/12/2016,Maxar,-74.09979,44.87505,59629.0,0,,0
3053548,36-029986,2015-WTE-8243-OE,,NY,Franklin County,36033,Jericho Rise,2016.0,37,77.7,Gamesa,G114-2.1,2100.0,93.0,114.0,10207.03,150.0,3,3,11/12/2016,Maxar,-74.08466,44.86867,59629.0,0,,0
3053542,36-029962,2015-WTE-8237-OE,,NY,Franklin County,36033,Jericho Rise,2016.0,37,77.7,Gamesa,G114-2.1,2100.0,93.0,114.0,10207.03,150.0,3,3,11/12/2016,Maxar,-74.09695,44.86905,59629.0,0,,0
3053528,36-030006,2015-WTE-8224-OE,,NY,Franklin County,36033,Jericho Rise,2016.0,37,77.7,Gamesa,G114-2.1,2100.0,93.0,114.0,10207.03,150.0,3,3,11/12/2016,Maxar,-74.10235,44.9072,59629.0,0,,0
3053554,36-030009,2015-WTE-8249-OE,,NY,Franklin County,36033,Jericho Rise,2016.0,37,77.7,Gamesa,G114-2.1,2100.0,93.0,114.0,10207.03,150.0,3,3,11/12/2016,Maxar,-74.07203,44.87176,59629.0,0,,0
3053543,36-030013,2015-WTE-8238-OE,,NY,Franklin County,36033,Jericho Rise,2016.0,37,77.7,Gamesa,G114-2.1,2100.0,93.0,114.0,10207.03,150.0,3,3,11/12/2016,Maxar,-74.08926,44.89021,59629.0,0,,0
3053546,36-029993,2015-WTE-8241-OE,,NY,Franklin County,36033,Jericho Rise,2016.0,37,77.7,Gamesa,G114-2.1,2100.0,93.0,114.0,10207.03,150.0,3,3,11/12/2016,Maxar,-74.0802,44.875,59629.0,0,,0
3053559,36-029969,2015-WTE-8254-OE,,NY,Franklin County,36033,Jericho Rise,2016.0,37,77.7,Gamesa,G114-2.1,2100.0,93.0,114.0,10207.03,150.0,3,3,11/12/2016,Maxar,-74.11859,44.87347,59629.0,0,,0
3053561,36-029972,2015-WTE-8256-OE,,NY,Franklin County,36033,Jericho Rise,2016.0,37,77.7,Gamesa,G114-2.1,2100.0,93.0,114.0,10207.03,150.0,3,3,11/12/2016,Maxar,-74.11894,44.86552,59629.0,0,,0
3053545,36-029991,2015-WTE-8240-OE,,NY,Franklin County,36033,Jericho Rise,2016.0,37,77.7,Gamesa,G114-2.1,2100.0,93.0,114.0,10207.03,150.0,3,3,11/12/2016,Maxar,-74.08287,44.87998,59629.0,0,,0
3053560,36-029960,2015-WTE-8255-OE,,NY,Franklin County,36033,Jericho Rise,2016.0,37,77.7,Gamesa,G114-2.1,2100.0,93.0,114.0,10207.03,150.0,3,3,11/12/2016,Maxar,-74.11829,44.86956,59629.0,0,,0
3053536,36-030008,2015-WTE-8231-OE,,NY,Franklin County,36033,Jericho Rise,2016.0,37,77.7,Gamesa,G114-2.1,2100.0,93.0,114.0,10207.03,150.0,3,3,11/12/2016,Maxar,-74.08277,44.8839,59629.0,0,,0
3053530,36-030019,2015-WTE-8226-OE,,NY,Franklin County,36033,Jericho Rise,2016.0,37,77.7,Gamesa,G114-2.1,2100.0,93.0,114.0,10207.03,150.0,3,3,11/12/2016,Maxar,-74.12347,44.89919,59629.0,0,,0
3053553,36-029976,2015-WTE-8248-OE,,NY,Franklin County,36033,Jericho Rise,2016.0,37,77.7,Gamesa,G114-2.1,2100.0,93.0,114.0,10207.03,150.0,3,3,11/12/2016,Maxar,-74.0815,44.86248,59629.0,0,,0
3053541,36-029971,2015-WTE-8236-OE,,NY,Franklin County,36033,Jericho Rise,2016.0,37,77.7,Gamesa,G114-2.1,2100.0,93.0,114.0,10207.03,150.0,3,3,11/12/2016,Maxar,-74.09815,44.87203,59629.0,0,,0
3053538,36-029975,2015-WTE-8233-OE,,NY,Franklin County,36033,Jericho Rise,2016.0,37,77.7,Gamesa,G114-2.1,2100.0,93.0,114.0,10207.03,150.0,3,3,11/12/2016,Maxar,-74.10793,44.87968,59629.0,0,,0
3021744,36-002733,2007-AEA-5721-OE,35095.0,NY,Madison County,36053,Madison Windpower,2000.0,7,11.55,Vestas,V66-1.65,1650.0,67.0,66.0,3421.19,100.0,3,3,4/23/2018,Maxar,-75.4575,42.89419,55769.0,0,,0
3021743,36-002732,2007-AEA-5720-OE,35094.0,NY,Madison County,36053,Madison Windpower,2000.0,7,11.55,Vestas,V66-1.65,1650.0,67.0,66.0,3421.19,100.0,3,3,4/23/2018,Maxar,-75.4534,42.89289,55769.0,0,,0
3021746,36-002735,2007-AEA-5723-OE,35098.0,NY,Madison County,36053,Madison Windpower,2000.0,7,11.55,Vestas,V66-1.65,1650.0,67.0,66.0,3421.19,100.0,3,3,4/23/2018,Maxar,-75.453,42.89689,55769.0,0,,0
3021748,36-002737,2007-AEA-5725-OE,35096.0,NY,Madison County,36053,Madison Windpower,2000.0,7,11.55,Vestas,V66-1.65,1650.0,67.0,66.0,3421.19,100.0,3,3,4/23/2018,Maxar,-75.4475,42.89449,55769.0,0,,0
3021745,36-002734,2007-AEA-5722-OE,35099.0,NY,Madison County,36053,Madison Windpower,2000.0,7,11.55,Vestas,V66-1.65,1650.0,67.0,66.0,3421.19,100.0,3,3,4/23/2018,Maxar,-75.4554,42.89719,55769.0,0,,0
3021749,36-002738,2007-AEA-5726-OE,35093.0,NY,Madison County,36053,Madison Windpower,2000.0,7,11.55,Vestas,V66-1.65,1650.0,67.0,66.0,3421.19,100.0,3,3,4/23/2018,Maxar,-75.4474,42.89259,55769.0,0,,0
3021747,36-002736,2007-AEA-5724-OE,35097.0,NY,Madison County,36053,Madison Windpower,2000.0,7,11.55,Vestas,V66-1.65,1650.0,67.0,66.0,3421.19,100.0,3,3,4/23/2018,Maxar,-75.4501,42.89619,55769.0,0,,0
3015589,36-002604,2005-AEA-1673-OE,35251.0,NY,Lewis County,36049,Maple Ridge,2006.0,112,184.8,Vestas,V82-1.65,1650.0,80.0,82.0,5281.02,121.0,3,3,9/28/2021,Maxar,-75.5736,43.75889,56290.0,0,,0
3015496,36-002504,2005-AEA-1556-OE,35246.0,NY,Lewis County,36049,Maple Ridge,2006.0,112,184.8,Vestas,V82-1.65,1650.0,80.0,82.0,5281.02,121.0,3,3,9/28/2021,Maxar,-75.5654,43.75759,56290.0,0,,0
3015593,36-002640,2006-AEA-5095-OE,35310.0,NY,Lewis County,36049,Maple Ridge,2006.0,112,184.8,Vestas,V82-1.65,1650.0,80.0,82.0,5281.02,121.0,3,3,9/28/2021,Maxar,-75.5832,43.79569,56290.0,0,,0
3015553,36-002564,2006-AEA-5126-OE,35196.0,NY,Lewis County,36049,Maple Ridge,2006.0,112,184.8,Vestas,V82-1.65,1650.0,80.0,82.0,5281.02,121.0,3,3,,Bing Maps Aerial,-75.5129,43.71759,56290.0,0,,0
3015522,36-002532,2005-AEA-1582-OE,35228.0,NY,Lewis County,36049,Maple Ridge,2006.0,112,184.8,Vestas,V82-1.65,1650.0,80.0,82.0,5281.02,121.0,3,3,8/16/2024,Maxar,-75.5481,43.73959,56290.0,0,,0
3015540,36-002550,2005-AEA-1600-OE,35201.0,NY,Lewis County,36049,Maple Ridge,2006.0,112,184.8,Vestas,V82-1.65,1650.0,80.0,82.0,5281.02,121.0,3,3,,Bing Maps Aerial,-75.5625,43.72219,56290.0,0,,0
3015547,36-002558,2005-AEA-1608-OE,35205.0,NY,Lewis County,36049,Maple Ridge,2006.0,112,184.8,Vestas,V82-1.65,1650.0,80.0,82.0,5281.02,121.0,3,3,9/22/2016,Maxar,-75.5213,43.72389,56290.0,0,,0
3015510,36-002518,2005-AEA-1570-OE,35236.0,NY,Lewis County,36049,Maple Ridge,2006.0,112,184.8,Vestas,V82-1.65,1650.0,80.0,82.0,5281.02,121.0,3,3,8/16/2024,Maxar,-75.5568,43.74649,56290.0,0,,0
3015556,36-002567,2006-AEA-5129-OE,35190.0,NY,Lewis County,36049,Maple Ridge,2006.0,112,184.8,Vestas,V82-1.65,1650.0,80.0,82.0,5281.02,121.0,3,3,,Bing Maps Aerial,-75.50349,43.71269,56290.0,0,,0
3015494,36-002502,2006-AEA-5101-OE,35252.0,NY,Lewis County,36049,Maple Ridge,2006.0,112,184.8,Vestas,V82-1.65,1650.0,80.0,82.0,5281.02,121.0,3,3,9/28/2021,Maxar,-75.5769,43.75949,56290.0,0,,0
3015576,36-002589,2005-AEA-1660-OE,35270.0,NY,Lewis County,36049,Maple Ridge,2006.0,112,184.8,Vestas,V82-1.65,1650.0,80.0,82.0,5281.02,121.0,3,3,9/28/2021,Maxar,-75.5944,43.77259,56290.0,0,,0
3015493,36-002501,2006-AEA-5100-OE,35250.0,NY,Lewis County,36049,Maple Ridge,2006.0,112,184.8,Vestas,V82-1.65,1650.0,80.0,82.0,5281.02,121.0,3,3,9/28/2021,Maxar,-75.5838,43.75839,56290.0,0,,0
3015536,36-002546,2005-AEA-1596-OE,35227.0,NY,Lewis County,36049,Maple Ridge,2006.0,112,184.8,Vestas,V82-1.65,1650.0,80.0,82.0,5281.02,121.0,3,3,8/16/2024,Maxar,-75.57999,43.73879,56290.0,0,,0
3015515,36-002525,2005-AEA-1575-OE,35238.0,NY,Lewis County,36049,Maple Ridge,2006.0,112,184.8,Vestas,V82-1.65,1650.0,80.0,82.0,5281.02,121.0,3,3,,Bing Maps Aerial,-75.5344,43.74799,56290.0,0,,0
3015498,36-002506,2005-AEA-1558-OE,35255.0,NY,Lewis County,36049,Maple Ridge,2006.0,112,184.8,Vestas,V82-1.65,1650.0,80.0,82.0,5281.02,121.0,3,3,9/28/2021,Maxar,-75.557,43.76109,56290.0,0,,0
3015594,36-002641,2006-AEA-5096-OE,35306.0,NY,Lewis County,36049,Maple Ridge,2006.0,112,184.8,Vestas,V82-1.65,1650.0,80.0,82.0,5281.02,121.0,3,3,9/28/2021,Maxar,-75.5794,43.79499,56290.0,0,,0
3015627,36-002606,2005-AEA-1756-OE,35284.0,NY,Lewis County,36049,Maple Ridge,2006.0,112,184.8,Vestas,V82-1.65,1650.0,80.0,82.0,5281.02,121.0,3,3,9/28/2021,Maxar,-75.5638,43.77999,56290.0,0,,0
3075449,36-002445,2004-AEA-3231-OE,35264.0,NY,Lewis County,36049,Maple Ridge,2006.0,112,184.8,Vestas,V82-1.65,1650.0,80.0,82.0,5281.02,121.0,3,3,9/28/2021,Maxar,-75.57532,43.76813,56290.0,0,,0
3015582,36-002595,2005-AEA-1666-OE,35274.0,NY,Lewis County,36049,Maple Ridge,2006.0,112,184.8,Vestas,V82-1.65,1650.0,80.0,82.0,5281.02,121.0,3,3,9/28/2021,Maxar,-75.5818,43.77419,56290.0,0,,0
3015517,36-002527,2006-AEA-5107-OE,35229.0,NY,Lewis County,36049,Maple Ridge,2006.0,112,184.8,Vestas,V82-1.65,1650.0,80.0,82.0,5281.02,121.0,3,3,8/16/2024,Maxar,-75.56,43.73959,56290.0,0,,0
3015591,36-002652,2005-AEA-1683-OE,35313.0,NY,Lewis County,36049,Maple Ridge,2006.0,112,184.8,Vestas,V82-1.65,1650.0,80.0,82.0,5281.02,121.0,3,3,9/28/2021,Maxar,-75.5891,43.79719,56290.0,0,,0
3015560,36-002571,2005-AEA-1642-OE,35186.0,NY,Lewis County,36049,Maple Ridge,2006.0,112,184.8,Vestas,V82-1.65,1650.0,80.0,82.0,5281.02,121.0,3,3,9/22/2016,Maxar,-75.5334,43.70229,56290.0,0,,0
3015524,36-002534,2005-AEA-1584-OE,35235.0,NY,Lewis County,36049,Maple Ridge,2006.0,112,184.8,Vestas,V82-1.65,1650.0,80.0,82.0,5281.02,121.0,3,3,8/16/2024,Maxar,-75.54359,43.74489,56290.0,0,,0
3015585,36-002598,2006-AEA-5154-OE,35273.0,NY,Lewis County,36049,Maple Ridge,2006.0,112,184.8,Vestas,V82-1.65,1650.0,80.0,82.0,5281.02,121.0,3,3,9/28/2021,Maxar,-75.5969,43.77389,56290.0,0,,0
3015530,36-002540,2005-AEA-1590-OE,35213.0,NY,Lewis County,36049,Maple Ridge,2006.0,112,184.8,Vestas,V82-1.65,1650.0,80.0,82.0,5281.02,121.0,3,3,,Bing Maps Aerial,-75.5405,43.73109,56290.0,0,,0
3015516,36-002526,2006-AEA-5106-OE,35237.0,NY,Lewis County,36049,Maple Ridge,2006.0,112,184.8,Vestas,V82-1.65,1650.0,80.0,82.0,5281.02,121.0,3,3,,Bing Maps Aerial,-75.5308,43.74669,56290.0,0,,0
3015520,36-002530,2006-AEA-5109-OE,35234.0,NY,Lewis County,36049,Maple Ridge,2006.0,112,184.8,Vestas,V82-1.65,1650.0,80.0,82.0,5281.02,121.0,3,3,8/16/2024,Maxar,-75.5521,43.74409,56290.0,0,,0
3015525,36-002535,2005-AEA-1585-OE,35233.0,NY,Lewis County,36049,Maple Ridge,2006.0,112,184.8,Vestas,V82-1.65,1650.0,80.0,82.0,5281.02,121.0,3,3,,Bing Maps Aerial,-75.5403,43.74359,56290.0,0,,0
3015500,36-002508,2006-AEA-5104-OE,35249.0,NY,Lewis County,36049,Maple Ridge,2006.0,112,184.8,Vestas,V82-1.65,1650.0,80.0,82.0,5281.02,121.0,3,3,9/28/2021,Maxar,-75.5491,43.75839,56290.0,0,,0
3015486,36-002494,2006-AEA-5140-OE,35285.0,NY,Lewis County,36049,Maple Ridge,2006.0,112,184.8,Vestas,V82-1.65,1650.0,80.0,82.0,5281.02,121.0,3,3,9/28/2021,Maxar,-75.5774,43.78009,56290.0,0,,0
3015564,36-002575,2005-AEA-1646-OE,35182.0,NY,Lewis County,36049,Maple Ridge,2006.0,112,184.8,Vestas,V82-1.65,1650.0,80.0,82.0,5281.02,121.0,3,3,,Bing Maps Aerial,-75.5113,43.69609,56290.0,0,,0
3015499,36-002507,2006-AEA-5103-OE,35253.0,NY,Lewis County,36049,Maple Ridge,2006.0,112,184.8,Vestas,V82-1.65,1650.0,80.0,82.0,5281.02,121.0,3,3,9/28/2021,Maxar,-75.5524,43.75979,56290.0,0,,0
3015545,36-002556,2006-AEA-5120-OE,35211.0,NY,Lewis County,36049,Maple Ridge,2006.0,112,184.8,Vestas,V82-1.65,1650.0,80.0,82.0,5281.02,121.0,3,3,,Bing Maps Aerial,-75.5303,43.72729,56290.0,0,,0
3015495,36-002503,2006-AEA-5102-OE,35248.0,NY,Lewis County,36049,Maple Ridge,2006.0,112,184.8,Vestas,V82-1.65,1650.0,80.0,82.0,5281.02,121.0,3,3,9/28/2021,Maxar,-75.56879,43.75799,56290.0,0,,0
3015552,36-002563,2006-AEA-5125-OE,35197.0,NY,Lewis County,36049,Maple Ridge,2006.0,112,184.8,Vestas,V82-1.65,1650.0,80.0,82.0,5281.02,121.0,3,3,,Bing Maps Aerial,-75.5149,43.71929,56290.0,0,,0
3015541,36-002551,2005-AEA-1601-OE,35199.0,NY,Lewis County,36049,Maple Ridge,2006.0,112,184.8,Vestas,V82-1.65,1650.0,80.0,82.0,5281.02,121.0,3,3,,Bing Maps Aerial,-75.5602,43.72079,56290.0,0,,0
3015577,36-002590,2006-AEA-5149-OE,35193.0,NY,Lewis County,36049,Maple Ridge,2006.0,112,184.8,Vestas,V82-1.65,1650.0,80.0,82.0,5281.02,121.0,3,3,,Bing Maps Aerial,-75.5273,43.71559,56290.0,0,,0
3015484,36-002492,2005-AEA-1543-OE,35277.0,NY,Lewis County,36049,Maple Ridge,2006.0,112,184.8,Vestas,V82-1.65,1650.0,80.0,82.0,5281.02,121.0,3,3,9/28/2021,Maxar,-75.5867,43.77689,56290.0,0,,0
3015512,36-002520,2005-AEA-1572-OE,35242.0,NY,Lewis County,36049,Maple Ridge,2006.0,112,184.8,Vestas,V82-1.65,1650.0,80.0,82.0,5281.02,121.0,3,3,8/16/2024,Maxar,-75.5487,43.75019,56290.0,0,,0
3015497,36-002505,2005-AEA-1557-OE,35256.0,NY,Lewis County,36049,Maple Ridge,2006.0,112,184.8,Vestas,V82-1.65,1650.0,80.0,82.0,5281.02,121.0,3,3,9/28/2021,Maxar,-75.5595,43.76249,56290.0,0,,0
3015537,36-002547,2006-AEA-5115-OE,35224.0,NY,Lewis County,36049,Maple Ridge,2006.0,112,184.8,Vestas,V82-1.65,1650.0,80.0,82.0,5281.02,121.0,3,3,8/16/2024,Maxar,-75.5769,43.73769,56290.0,0,,0
3015489,36-002497,2005-AEA-1548-OE,35268.0,NY,Lewis County,36049,Maple Ridge,2006.0,112,184.8,Vestas,V82-1.65,1650.0,80.0,82.0,5281.02,121.0,3,3,9/28/2021,Maxar,-75.5785,43.77149,56290.0,0,,0
3015508,36-002516,2005-AEA-1568-OE,35241.0,NY,Lewis County,36049,Maple Ridge,2006.0,112,184.8,Vestas,V82-1.65,1650.0,80.0,82.0,5281.02,121.0,3,3,9/22/2016,Maxar,-75.5614,43.74939,56290.0,0,,0
3015629,36-002608,2005-AEA-1758-OE,35272.0,NY,Lewis County,36049,Maple Ridge,2006.0,112,184.8,Vestas,V82-1.65,1650.0,80.0,82.0,5281.02,121.0,3,3,9/28/2021,Maxar,-75.563,43.77359,56290.0,0,,0
3015534,36-002544,2005-AEA-1594-OE,35212.0,NY,Lewis County,36049,Maple Ridge,2006.0,112,184.8,Vestas,V82-1.65,1650.0,80.0,82.0,5281.02,121.0,3,3,,Bing Maps Aerial,-75.5375,43.73039,56290.0,0,,0
3015523,36-002533,2006-AEA-5110-OE,35226.0,NY,Lewis County,36049,Maple Ridge,2006.0,112,184.8,Vestas,V82-1.65,1650.0,80.0,82.0,5281.02,121.0,3,3,8/16/2024,Maxar,-75.5459,43.73799,56290.0,0,,0
3015506,36-002514,2006-AEA-5105-OE,35247.0,NY,Lewis County,36049,Maple Ridge,2006.0,112,184.8,Vestas,V82-1.65,1650.0,80.0,82.0,5281.02,121.0,3,3,9/28/2021,Maxar,-75.5385,43.75799,56290.0,0,,0
3015580,36-002593,2006-AEA-5152-OE,35206.0,NY,Lewis County,36049,Maple Ridge,2006.0,112,184.8,Vestas,V82-1.65,1650.0,80.0,82.0,5281.02,121.0,3,3,,Bing Maps Aerial,-75.5252,43.72439,56290.0,0,,0
3015501,36-002509,2005-AEA-1561-OE,35267.0,NY,Lewis County,36049,Maple Ridge,2006.0,112,184.8,Vestas,V82-1.65,1650.0,80.0,82.0,5281.02,121.0,3,3,9/28/2021,Maxar,-75.5588,43.77119,56290.0,0,,0
3015551,36-002562,2006-AEA-5124-OE,35200.0,NY,Lewis County,36049,Maple Ridge,2006.0,112,184.8,Vestas,V82-1.65,1650.0,80.0,82.0,5281.02,121.0,3,3,,Bing Maps Aerial,-75.5178,43.72109,56290.0,0,,0
3015565,36-002576,2006-AEA-5134-OE,35180.0,NY,Lewis County,36049,Maple Ridge,2006.0,112,184.8,Vestas,V82-1.65,1650.0,80.0,82.0,5281.02,121.0,3,3,9/22/2016,Maxar,-75.5076,43.69529,56290.0,0,,0
3017633,36-002702,2006-AEA-5068-OE,35260.0,NY,Lewis County,36049,Maple Ridge,2006.0,112,184.8,Vestas,V82-1.65,1650.0,80.0,82.0,5281.02,121.0,3,3,9/28/2021,Maxar,-75.5723,43.76609,56290.0,0,,0
3015559,36-002570,2005-AEA-1620-OE,35187.0,NY,Lewis County,36049,Maple Ridge,2006.0,112,184.8,Vestas,V82-1.65,1650.0,80.0,82.0,5281.02,121.0,3,3,,Bing Maps Aerial,-75.513,43.70419,56290.0,0,,0
3015561,36-002572,2006-AEA-5132-OE,35185.0,NY,Lewis County,36049,Maple Ridge,2006.0,112,184.8,Vestas,V82-1.65,1650.0,80.0,82.0,5281.02,121.0,3,3,,Bing Maps Aerial,-75.5239,43.70129,56290.0,0,,0
3015586,36-002599,2006-AEA-5155-OE,35294.0,NY,Lewis County,36049,Maple Ridge,2006.0,112,184.8,Vestas,V82-1.65,1650.0,80.0,82.0,5281.02,121.0,3,3,9/28/2021,Maxar,-75.5713,43.78629,56290.0,0,,0
3015521,36-002531,2005-AEA-1581-OE,35231.0,NY,Lewis County,36049,Maple Ridge,2006.0,112,184.8,Vestas,V82-1.65,1650.0,80.0,82.0,5281.02,121.0,3,3,8/16/2024,Maxar,-75.5503,43.74129,56290.0,0,,0
3015509,36-002517,2005-AEA-1569-OE,35239.0,NY,Lewis County,36049,Maple Ridge,2006.0,112,184.8,Vestas,V82-1.65,1650.0,80.0,82.0,5281.02,121.0,3,3,8/16/2024,Maxar,-75.5588,43.74809,56290.0,0,,0
3140920,36-002739,2006-AEA-5118-OE,35204.0,NY,Lewis County,36049,Maple Ridge,2006.0,112,184.8,Vestas,V82-1.65,1650.0,80.0,82.0,5281.02,121.0,3,3,8/16/2024,Maxar,-75.54936,43.72339,56290.0,0,,0
3015487,36-002495,2006-AEA-5141-OE,35269.0,NY,Lewis County,36049,Maple Ridge,2006.0,112,184.8,Vestas,V82-1.65,1650.0,80.0,82.0,5281.02,121.0,3,3,9/28/2021,Maxar,-75.5914,43.77199,56290.0,0,,0
3015562,36-002573,2005-AEA-1644-OE,35184.0,NY,Lewis County,36049,Maple Ridge,2006.0,112,184.8,Vestas,V82-1.65,1650.0,80.0,82.0,5281.02,121.0,3,3,,Bing Maps Aerial,-75.52119,43.69959,56290.0,0,,0
3015492,36-002500,2006-AEA-5099-OE,35258.0,NY,Lewis County,36049,Maple Ridge,2006.0,112,184.8,Vestas,V82-1.65,1650.0,80.0,82.0,5281.02,121.0,3,3,9/28/2021,Maxar,-75.579,43.76319,56290.0,0,,0
3015555,36-002566,2006-AEA-5128-OE,35192.0,NY,Lewis County,36049,Maple Ridge,2006.0,112,184.8,Vestas,V82-1.65,1650.0,80.0,82.0,5281.02,121.0,3,3,,Bing Maps Aerial,-75.5075,43.71519,56290.0,0,,0
3015514,36-002524,2005-AEA-1574-OE,35243.0,NY,Lewis County,36049,Maple Ridge,2006.0,112,184.8,Vestas,V82-1.65,1650.0,80.0,82.0,5281.02,121.0,3,3,,Bing Maps Aerial,-75.5379,43.75019,56290.0,0,,0
3015511,36-002519,2005-AEA-1571-OE,35245.0,NY,Lewis County,36049,Maple Ridge,2006.0,112,184.8,Vestas,V82-1.65,1650.0,80.0,82.0,5281.02,121.0,3,3,8/16/2024,Maxar,-75.551,43.75159,56290.0,0,,0
3015539,36-002549,2006-AEA-5116-OE,35220.0,NY,Lewis County,36049,Maple Ridge,2006.0,112,184.8,Vestas,V82-1.65,1650.0,80.0,82.0,5281.02,121.0,3,3,8/16/2024,Maxar,-75.5708,43.73529,56290.0,0,,0
3015527,36-002537,2005-AEA-1587-OE,35223.0,NY,Lewis County,36049,Maple Ridge,2006.0,112,184.8,Vestas,V82-1.65,1650.0,80.0,82.0,5281.02,121.0,3,3,,Bing Maps Aerial,-75.5367,43.73739,56290.0,0,,0
3015583,36-002596,2005-AEA-1667-OE,35281.0,NY,Lewis County,36049,Maple Ridge,2006.0,112,184.8,Vestas,V82-1.65,1650.0,80.0,82.0,5281.02,121.0,3,3,9/28/2021,Maxar,-75.589,43.77919,56290.0,0,,0
3015513,36-002523,2005-AEA-1573-OE,35240.0,NY,Lewis County,36049,Maple Ridge,2006.0,112,184.8,Vestas,V82-1.65,1650.0,80.0,82.0,5281.02,121.0,3,3,8/16/2024,Maxar,-75.5462,43.74879,56290.0,0,,0
3015488,36-002496,2005-AEA-1547-OE,35276.0,NY,Lewis County,36049,Maple Ridge,2006.0,112,184.8,Vestas,V82-1.65,1650.0,80.0,82.0,5281.02,121.0,3,3,9/28/2021,Maxar,-75.5841,43.77569,56290.0,0,,0
3015626,36-002605,2005-AEA-1755-OE,35279.0,NY,Lewis County,36049,Maple Ridge,2006.0,112,184.8,Vestas,V82-1.65,1650.0,80.0,82.0,5281.02,121.0,3,3,9/28/2021,Maxar,-75.5611,43.77899,56290.0,0,,0
3015531,36-002541,2005-AEA-1591-OE,35218.0,NY,Lewis County,36049,Maple Ridge,2006.0,112,184.8,Vestas,V82-1.65,1650.0,80.0,82.0,5281.02,121.0,3,3,,Bing Maps Aerial,-75.5338,43.73519,56290.0,0,,0
3015478,36-002486,2005-AEA-1537-OE,35297.0,NY,Lewis County,36049,Maple Ridge,2006.0,112,184.8,Vestas,V82-1.65,1650.0,80.0,82.0,5281.02,121.0,3,3,9/28/2021,Maxar,-75.5766,43.78929,56290.0,0,,0
3015528,36-002538,2006-AEA-5112-OE,35216.0,NY,Lewis County,36049,Maple Ridge,2006.0,112,184.8,Vestas,V82-1.65,1650.0,80.0,82.0,5281.02,121.0,3,3,8/16/2024,Maxar,-75.54639,43.73269,56290.0,0,,0
3015588,36-002601,2006-AEA-5157-OE,35214.0,NY,Lewis County,36049,Maple Ridge,2006.0,112,184.8,Vestas,V82-1.65,1650.0,80.0,82.0,5281.02,121.0,3,3,8/16/2024,Maxar,-75.5631,43.73109,56290.0,0,,0
3015535,36-002545,2006-AEA-5114-OE,35230.0,NY,Lewis County,36049,Maple Ridge,2006.0,112,184.8,Vestas,V82-1.65,1650.0,80.0,82.0,5281.02,121.0,3,3,8/16/2024,Maxar,-75.5833,43.74059,56290.0,0,,0
3015628,36-002607,2006-AEA-5071-OE,35271.0,NY,Lewis County,36049,Maple Ridge,2006.0,112,184.8,Vestas,V82-1.65,1650.0,80.0,82.0,5281.02,121.0,3,3,9/28/2021,Maxar,-75.5704,43.77289,56290.0,0,,0
3015491,36-002499,2006-AEA-5098-OE,35259.0,NY,Lewis County,36049,Maple Ridge,2006.0,112,184.8,Vestas,V82-1.65,1650.0,80.0,82.0,5281.02,121.0,3,3,9/28/2021,Maxar,-75.5823,43.76439,56290.0,0,,0
3015485,36-002493,2005-AEA-1544-OE,35287.0,NY,Lewis County,36049,Maple Ridge,2006.0,112,184.8,Vestas,V82-1.65,1650.0,80.0,82.0,5281.02,121.0,3,3,9/28/2021,Maxar,-75.57999,43.78109,56290.0,0,,0
3015587,36-002600,2006-AEA-5156-OE,35291.0,NY,Lewis County,36049,Maple Ridge,2006.0,112,184.8,Vestas,V82-1.65,1650.0,80.0,82.0,5281.02,121.0,3,3,9/28/2021,Maxar,-75.569,43.78479,56290.0,0,,0
3015549,36-002560,2006-AEA-5122-OE,35207.0,NY,Lewis County,36049,Maple Ridge,2006.0,112,184.8,Vestas,V82-1.65,1650.0,80.0,82.0,5281.02,121.0,3,3,,Bing Maps Aerial,-75.5103,43.72449,56290.0,0,,0
3015526,36-002536,2006-AEA-5111-OE,35232.0,NY,Lewis County,36049,Maple Ridge,2006.0,112,184.8,Vestas,V82-1.65,1650.0,80.0,82.0,5281.02,121.0,3,3,,Bing Maps Aerial,-75.5316,43.74169,56290.0,0,,0
3015503,36-002511,2005-AEA-1563-OE,35261.0,NY,Lewis County,36049,Maple Ridge,2006.0,112,184.8,Vestas,V82-1.65,1650.0,80.0,82.0,5281.02,121.0,3,3,9/28/2021,Maxar,-75.54919,43.76659,56290.0,0,,0
3015529,36-002539,2005-AEA-1589-OE,35215.0,NY,Lewis County,36049,Maple Ridge,2006.0,112,184.8,Vestas,V82-1.65,1650.0,80.0,82.0,5281.02,121.0,3,3,8/16/2024,Maxar,-75.5434,43.73189,56290.0,0,,0
3015546,36-002557,2005-AEA-1607-OE,35209.0,NY,Lewis County,36049,Maple Ridge,2006.0,112,184.8,Vestas,V82-1.65,1650.0,80.0,82.0,5281.02,121.0,3,3,,Bing Maps Aerial,-75.529,43.72499,56290.0,0,,0
3015579,36-002592,2006-AEA-5148-OE,35191.0,NY,Lewis County,36049,Maple Ridge,2006.0,112,184.8,Vestas,V82-1.65,1650.0,80.0,82.0,5281.02,121.0,3,3,,Bing Maps Aerial,-75.5247,43.71429,56290.0,0,,0
3015542,36-002552,2006-AEA-5117-OE,35195.0,NY,Lewis County,36049,Maple Ridge,2006.0,112,184.8,Vestas,V82-1.65,1650.0,80.0,82.0,5281.02,121.0,3,3,,Bing Maps Aerial,-75.5547,43.71649,56290.0,0,,0
3015578,36-002591,2006-AEA-5150-OE,35181.0,NY,Lewis County,36049,Maple Ridge,2006.0,112,184.8,Vestas,V82-1.65,1650.0,80.0,82.0,5281.02,121.0,3,3,,Bing Maps Aerial,-75.52679,43.69569,56290.0,0,,0
3015548,36-002559,2006-AEA-5121-OE,35210.0,NY,Lewis County,36049,Maple Ridge,2006.0,112,184.8,Vestas,V82-1.65,1650.0,80.0,82.0,5281.02,121.0,3,3,,Bing Maps Aerial,-75.5138,43.72609,56290.0,0,,0
3015480,36-002488,2006-AEA-5139-OE,35289.0,NY,Lewis County,36049,Maple Ridge,2006.0,112,184.8,Vestas,V82-1.65,1650.0,80.0,82.0,5281.02,121.0,3,3,9/28/2021,Maxar,-75.5666,43.78329,56290.0,0,,0
3015592,36-002639,2005-AEA-1684-OE,35311.0,NY,Lewis County,36049,Maple Ridge,2006.0,112,184.8,Vestas,V82-1.65,1650.0,80.0,82.0,5281.02,121.0,3,3,9/28/2021,Maxar,-75.5861,43.79649,56290.0,0,,0
3015554,36-002565,2006-AEA-5127-OE,35194.0,NY,Lewis County,36049,Maple Ridge,2006.0,112,184.8,Vestas,V82-1.65,1650.0,80.0,82.0,5281.02,121.0,3,3,,Bing Maps Aerial,-75.5101,43.71629,56290.0,0,,0
3015584,36-002597,2006-AEA-5153-OE,35266.0,NY,Lewis County,36049,Maple Ridge,2006.0,112,184.8,Vestas,V82-1.65,1650.0,80.0,82.0,5281.02,121.0,3,3,9/28/2021,Maxar,-75.5559,43.77039,56290.0,0,,0
3015558,36-002569,2006-AEA-5131-OE,35188.0,NY,Lewis County,36049,Maple Ridge,2006.0,112,184.8,Vestas,V82-1.65,1650.0,80.0,82.0,5281.02,121.0,3,3,,Bing Maps Aerial,-75.5153,43.70629,56290.0,0,,0
3062869,36-002579,2006-AEA-5144-OE,35303.0,NY,Lewis County,36049,Maple Ridge,2006.0,112,184.8,Vestas,V82-1.65,1650.0,80.0,82.0,5281.02,121.0,3,3,9/28/2021,Maxar,-75.6358,43.79179,56290.0,0,,0
3015504,36-002512,2005-AEA-1564-OE,35257.0,NY,Lewis County,36049,Maple Ridge,2006.0,112,184.8,Vestas,V82-1.65,1650.0,80.0,82.0,5281.02,121.0,3,3,9/28/2021,Maxar,-75.5451,43.76289,56290.0,0,,0
3015502,36-002510,2005-AEA-1562-OE,35265.0,NY,Lewis County,36049,Maple Ridge,2006.0,112,184.8,Vestas,V82-1.65,1650.0,80.0,82.0,5281.02,121.0,3,3,9/28/2021,Maxar,-75.5524,43.76849,56290.0,0,,0
3015563,36-002574,2006-AEA-5133-OE,35183.0,NY,Lewis County,36049,Maple Ridge,2006.0,112,184.8,Vestas,V82-1.65,1650.0,80.0,82.0,5281.02,121.0,3,3,,Bing Maps Aerial,-75.5137,43.69789,56290.0,0,,0
3015557,36-002568,2006-AEA-5130-OE,35189.0,NY,Lewis County,36049,Maple Ridge,2006.0,112,184.8,Vestas,V82-1.65,1650.0,80.0,82.0,5281.02,121.0,3,3,,Bing Maps Aerial,-75.5191,43.71109,56290.0,0,,0
3015490,36-002498,2005-AEA-1549-OE,35262.0,NY,Lewis County,36049,Maple Ridge,2006.0,112,184.8,Vestas,V82-1.65,1650.0,80.0,82.0,5281.02,121.0,3,3,9/28/2021,Maxar,-75.5836,43.76679,56290.0,0,,0
3015505,36-002513,2005-AEA-1565-OE,35254.0,NY,Lewis County,36049,Maple Ridge,2006.0,112,184.8,Vestas,V82-1.65,1650.0,80.0,82.0,5281.02,121.0,3,3,9/28/2021,Maxar,-75.5419,43.76099,56290.0,0,,0
3015538,36-002548,2006-AEA-5160-OE,35222.0,NY,Lewis County,36049,Maple Ridge,2006.0,112,184.8,Vestas,V82-1.65,1650.0,80.0,82.0,5281.02,121.0,3,3,9/22/2016,Maxar,-75.5731,43.73679,56290.0,0,,0
3063222,,2006-AEA-5159-OE,,NY,Lewis County,36049,Maple Ridge,2006.0,112,184.8,Vestas,V82-1.65,1650.0,80.0,82.0,5281.02,121.0,3,3,9/28/2021,Maxar,-75.6684,43.80709,56290.0,0,,0
3015533,36-002543,2005-AEA-1593-OE,35219.0,NY,Lewis County,36049,Maple Ridge,2006.0,112,184.8,Vestas,V82-1.65,1650.0,80.0,82.0,5281.02,121.0,3,3,9/22/2016,Maxar,-75.5257,43.73529,56290.0,0,,0
3015519,36-002529,2006-AEA-5108-OE,35221.0,NY,Lewis County,36049,Maple Ridge,2006.0,112,184.8,Vestas,V82-1.65,1650.0,80.0,82.0,5281.02,121.0,3,3,8/16/2024,Maxar,-75.5542,43.73639,56290.0,0,,0
3015532,36-002542,2006-AEA-5113-OE,35217.0,NY,Lewis County,36049,Maple Ridge,2006.0,112,184.8,Vestas,V82-1.65,1650.0,80.0,82.0,5281.02,121.0,3,3,,Bing Maps Aerial,-75.5315,43.73359,56290.0,0,,0
3015518,36-002528,2005-AEA-1578-OE,35225.0,NY,Lewis County,36049,Maple Ridge,2006.0,112,184.8,Vestas,V82-1.65,1650.0,80.0,82.0,5281.02,121.0,3,3,8/16/2024,Maxar,-75.5582,43.73779,56290.0,0,,0
3015543,36-002554,2005-AEA-1604-OE,35208.0,NY,Lewis County,36049,Maple Ridge,2006.0,112,184.8,Vestas,V82-1.65,1650.0,80.0,82.0,5281.02,121.0,3,3,,Bing Maps Aerial,-75.5384,43.72469,56290.0,0,,0
3015479,36-002487,2005-AEA-1538-OE,35296.0,NY,Lewis County,36049,Maple Ridge,2006.0,112,184.8,Vestas,V82-1.65,1650.0,80.0,82.0,5281.02,121.0,3,3,9/28/2021,Maxar,-75.5734,43.78829,56290.0,0,,0
3015550,36-002561,2006-AEA-5123-OE,35202.0,NY,Lewis County,36049,Maple Ridge,2006.0,112,184.8,Vestas,V82-1.65,1650.0,80.0,82.0,5281.02,121.0,3,3,,Bing Maps Aerial,-75.5077,43.72289,56290.0,0,,0
3015581,36-002594,2005-AEA-1665-OE,35280.0,NY,Lewis County,36049,Maple Ridge,2006.0,112,184.8,Vestas,V82-1.65,1650.0,80.0,82.0,5281.02,121.0,3,3,9/28/2021,Maxar,-75.5722,43.77909,56290.0,0,,0
3015507,36-002515,2005-AEA-1567-OE,35244.0,NY,Lewis County,36049,Maple Ridge,2006.0,112,184.8,Vestas,V82-1.65,1650.0,80.0,82.0,5281.02,121.0,3,3,8/16/2024,Maxar,-75.567,43.75089,56290.0,0,,0
3015544,36-002555,2006-AEA-5119-OE,35198.0,NY,Lewis County,36049,Maple Ridge,2006.0,112,184.8,Vestas,V82-1.65,1650.0,80.0,82.0,5281.02,121.0,3,3,,Bing Maps Aerial,-75.5346,43.72029,56290.0,0,,0
3017648,36-002720,2006-AEA-5091-OE,35324.0,NY,Lewis County,36049,Maple Ridge (Lowville),2005.0,83,136.95,Vestas,V82-1.65,1650.0,80.0,82.0,5281.02,121.0,3,3,9/28/2021,Maxar,-75.5888,43.80399,56290.0,0,,0
3015617,36-002692,2005-AEA-1722-OE,35352.0,NY,Lewis County,36049,Maple Ridge (Lowville),2005.0,83,136.95,Vestas,V82-1.65,1650.0,80.0,82.0,5281.02,121.0,3,3,9/28/2021,Maxar,-75.6558,43.81639,56290.0,0,,0
3017640,36-002710,2006-AEA-5081-OE,35347.0,NY,Lewis County,36049,Maple Ridge (Lowville),2005.0,83,136.95,Vestas,V82-1.65,1650.0,80.0,82.0,5281.02,121.0,3,3,9/28/2021,Maxar,-75.6038,43.81149,56290.0,0,,0
3017638,36-002616,2006-AEA-5077-OE,35364.0,NY,Lewis County,36049,Maple Ridge (Lowville),2005.0,83,136.95,Vestas,V82-1.65,1650.0,80.0,82.0,5281.02,121.0,3,3,9/28/2021,Maxar,-75.6276,43.82529,56290.0,0,,0
3015575,36-002588,2005-AEA-1659-OE,35275.0,NY,Lewis County,36049,Maple Ridge (Lowville),2005.0,83,136.95,Vestas,V82-1.65,1650.0,80.0,82.0,5281.02,121.0,3,3,9/28/2021,Maxar,-75.6131,43.77559,56290.0,0,,0
3017654,36-002724,2006-AEA-5138-OE,35331.0,NY,Lewis County,36049,Maple Ridge (Lowville),2005.0,83,136.95,Vestas,V82-1.65,1650.0,80.0,82.0,5281.02,121.0,3,3,9/28/2021,Maxar,-75.634,43.80619,56290.0,0,,0
3015603,36-002613,2005-AEA-1700-OE,35370.0,NY,Lewis County,36049,Maple Ridge (Lowville),2005.0,83,136.95,Vestas,V82-1.65,1650.0,80.0,82.0,5281.02,121.0,3,3,9/28/2021,Maxar,-75.6396,43.82859,56290.0,0,,0
3015616,36-002690,2005-AEA-1721-OE,35354.0,NY,Lewis County,36049,Maple Ridge (Lowville),2005.0,83,136.95,Vestas,V82-1.65,1650.0,80.0,82.0,5281.02,121.0,3,3,9/28/2021,Maxar,-75.6671,43.81749,56290.0,0,,0
3015607,36-002618,2005-AEA-1706-OE,35363.0,NY,Lewis County,36049,Maple Ridge (Lowville),2005.0,83,136.95,Vestas,V82-1.65,1650.0,80.0,82.0,5281.02,121.0,3,3,9/28/2021,Maxar,-75.6097,43.82369,56290.0,0,,0
3015566,36-002577,2006-AEA-5142-OE,35305.0,NY,Lewis County,36049,Maple Ridge (Lowville),2005.0,83,136.95,Vestas,V82-1.65,1650.0,80.0,82.0,5281.02,121.0,3,3,9/28/2021,Maxar,-75.6484,43.79399,56290.0,0,,0
3017636,36-002706,2006-AEA-5072-OE,35318.0,NY,Lewis County,36049,Maple Ridge (Lowville),2005.0,83,136.95,Vestas,V82-1.65,1650.0,80.0,82.0,5281.02,121.0,3,3,9/28/2021,Maxar,-75.6129,43.80179,56290.0,0,,0
3017657,36-002726,2006-AEA-5151-OE,35327.0,NY,Lewis County,36049,Maple Ridge (Lowville),2005.0,83,136.95,Vestas,V82-1.65,1650.0,80.0,82.0,5281.02,121.0,3,3,9/28/2021,Maxar,-75.6432,43.80549,56290.0,0,,0
3015608,36-002679,2005-AEA-1707-OE,35361.0,NY,Lewis County,36049,Maple Ridge (Lowville),2005.0,83,136.95,Vestas,V82-1.65,1650.0,80.0,82.0,5281.02,121.0,3,3,9/28/2021,Maxar,-75.6068,43.82219,56290.0,0,,0
3015624,36-002697,2005-AEA-1750-OE,35312.0,NY,Lewis County,36049,Maple Ridge (Lowville),2005.0,83,136.95,Vestas,V82-1.65,1650.0,80.0,82.0,5281.02,121.0,3,3,9/28/2021,Maxar,-75.6273,43.79699,56290.0,0,,0
3015625,36-002698,2005-AEA-1751-OE,35346.0,NY,Lewis County,36049,Maple Ridge (Lowville),2005.0,83,136.95,Vestas,V82-1.65,1650.0,80.0,82.0,5281.02,121.0,3,3,9/28/2021,Maxar,-75.6584,43.81099,56290.0,0,,0
3100816,36-002715,2006-AEA-5086-OE,35322.0,NY,Lewis County,36049,Maple Ridge (Lowville),2005.0,83,136.95,Vestas,V82-1.65,1650.0,80.0,82.0,5281.02,121.0,3,3,9/28/2021,Maxar,-75.61875,43.80385,56290.0,0,,0
3015590,36-002661,2005-AEA-1680-OE,35320.0,NY,Lewis County,36049,Maple Ridge (Lowville),2005.0,83,136.95,Vestas,V82-1.65,1650.0,80.0,82.0,5281.02,121.0,3,3,9/28/2021,Maxar,-75.6052,43.80289,56290.0,0,,0
3015595,36-002642,2005-AEA-1687-OE,35307.0,NY,Lewis County,36049,Maple Ridge (Lowville),2005.0,83,136.95,Vestas,V82-1.65,1650.0,80.0,82.0,5281.02,121.0,3,3,9/28/2021,Maxar,-75.5686,43.79529,56290.0,0,,0
3015656,36-002711,2005-AEA-5082-OE,35326.0,NY,Lewis County,36049,Maple Ridge (Lowville),2005.0,83,136.95,Vestas,V82-1.65,1650.0,80.0,82.0,5281.02,121.0,3,3,9/28/2021,Maxar,-75.6211,43.80529,56290.0,0,,0
3015482,36-002490,2005-AEA-1541-OE,35290.0,NY,Lewis County,36049,Maple Ridge (Lowville),2005.0,83,136.95,Vestas,V82-1.65,1650.0,80.0,82.0,5281.02,121.0,3,3,9/28/2021,Maxar,-75.6106,43.78389,56290.0,0,,0
3015571,36-002584,2005-AEA-1655-OE,35288.0,NY,Lewis County,36049,Maple Ridge (Lowville),2005.0,83,136.95,Vestas,V82-1.65,1650.0,80.0,82.0,5281.02,121.0,3,3,9/28/2021,Maxar,-75.6256,43.78169,56290.0,0,,0
3017650,36-002638,2006-AEA-5094-OE,35317.0,NY,Lewis County,36049,Maple Ridge (Lowville),2005.0,83,136.95,Vestas,V82-1.65,1650.0,80.0,82.0,5281.02,121.0,3,3,9/28/2021,Maxar,-75.6018,43.80169,56290.0,0,,0
3015611,36-002682,2005-AEA-1711-OE,35360.0,NY,Lewis County,36049,Maple Ridge (Lowville),2005.0,83,136.95,Vestas,V82-1.65,1650.0,80.0,82.0,5281.02,121.0,3,3,9/28/2021,Maxar,-75.6356,43.82149,56290.0,0,,0
3015609,36-002680,2005-AEA-1708-OE,35357.0,NY,Lewis County,36049,Maple Ridge (Lowville),2005.0,83,136.95,Vestas,V82-1.65,1650.0,80.0,82.0,5281.02,121.0,3,3,9/28/2021,Maxar,-75.6029,43.82019,56290.0,0,,0
3010617,,,34775.0,NY,Lewis County,36049,Maple Ridge (Lowville),2005.0,83,136.95,Vestas,V82-1.65,1650.0,80.0,82.0,5281.02,121.0,3,3,9/28/2021,Maxar,-75.61,43.82999,56290.0,0,,0
3017645,36-002717,2006-AEA-5088-OE,35337.0,NY,Lewis County,36049,Maple Ridge (Lowville),2005.0,83,136.95,Vestas,V82-1.65,1650.0,80.0,82.0,5281.02,121.0,3,3,9/28/2021,Maxar,-75.6122,43.80829,56290.0,0,,0
3015612,36-002683,2005-AEA-1712-OE,35358.0,NY,Lewis County,36049,Maple Ridge (Lowville),2005.0,83,136.95,Vestas,V82-1.65,1650.0,80.0,82.0,5281.02,121.0,3,3,9/28/2021,Maxar,-75.6308,43.82019,56290.0,0,,0
3015605,36-002617,2005-AEA-1704-OE,35362.0,NY,Lewis County,36049,Maple Ridge (Lowville),2005.0,83,136.95,Vestas,V82-1.65,1650.0,80.0,82.0,5281.02,121.0,3,3,9/28/2021,Maxar,-75.6202,43.82219,56290.0,0,,0
3015474,36-002482,2005-AEA-1533-OE,35315.0,NY,Lewis County,36049,Maple Ridge (Lowville),2005.0,83,136.95,Vestas,V82-1.65,1650.0,80.0,82.0,5281.02,121.0,3,3,9/28/2021,Maxar,-75.6083,43.79749,56290.0,0,,0
3014713,36-002610,2005-AEA-1689-OE,35342.0,NY,Lewis County,36049,Maple Ridge (Lowville),2005.0,83,136.95,Vestas,V82-1.65,1650.0,80.0,82.0,5281.02,121.0,3,3,9/28/2021,Maxar,-75.65588,43.80965,56290.0,0,,0
3017646,36-002718,2006-AEA-5089-OE,35338.0,NY,Lewis County,36049,Maple Ridge (Lowville),2005.0,83,136.95,Vestas,V82-1.65,1650.0,80.0,82.0,5281.02,121.0,3,3,9/28/2021,Maxar,-75.5994,43.80839,56290.0,0,,0
3015599,36-002643,2005-AEA-1691-OE,35367.0,NY,Lewis County,36049,Maple Ridge (Lowville),2005.0,83,136.95,Vestas,V82-1.65,1650.0,80.0,82.0,5281.02,121.0,3,3,9/28/2021,Maxar,-75.6032,43.82759,56290.0,0,,0
3015622,36-002696,2005-AEA-1737-OE,35321.0,NY,Lewis County,36049,Maple Ridge (Lowville),2005.0,83,136.95,Vestas,V82-1.65,1650.0,80.0,82.0,5281.02,121.0,3,3,9/28/2021,Maxar,-75.63,43.80349,56290.0,0,,0
3017634,36-002703,2006-AEA-5069-OE,35350.0,NY,Lewis County,36049,Maple Ridge (Lowville),2005.0,83,136.95,Vestas,V82-1.65,1650.0,80.0,82.0,5281.02,121.0,3,3,9/28/2021,Maxar,-75.6094,43.81479,56290.0,0,,0
3062703,,2006-AEA-5078-OE,,NY,Lewis County,36049,Maple Ridge (Lowville),2005.0,83,136.95,Vestas,V82-1.65,1650.0,80.0,82.0,5281.02,121.0,3,3,9/28/2021,Maxar,-75.5908,43.82029,56290.0,0,,0
3015598,36-002611,2005-AEA-1690-OE,35336.0,NY,Lewis County,36049,Maple Ridge (Lowville),2005.0,83,136.95,Vestas,V82-1.65,1650.0,80.0,82.0,5281.02,121.0,3,3,9/28/2021,Maxar,-75.6536,43.80819,56290.0,0,,0
3015614,36-002685,2005-AEA-1715-OE,35353.0,NY,Lewis County,36049,Maple Ridge (Lowville),2005.0,83,136.95,Vestas,V82-1.65,1650.0,80.0,82.0,5281.02,121.0,3,3,9/28/2021,Maxar,-75.6143,43.81749,56290.0,0,,0
3015569,36-002582,2005-AEA-1653-OE,35283.0,NY,Lewis County,36049,Maple Ridge (Lowville),2005.0,83,136.95,Vestas,V82-1.65,1650.0,80.0,82.0,5281.02,121.0,3,3,9/28/2021,Maxar,-75.6403,43.77979,56290.0,0,,0
3015623,36-002676,2005-AEA-1743-OE,35341.0,NY,Lewis County,36049,Maple Ridge (Lowville),2005.0,83,136.95,Vestas,V82-1.65,1650.0,80.0,82.0,5281.02,121.0,3,3,9/28/2021,Maxar,-75.6149,43.80939,56290.0,0,,0
3017658,36-002699,2006-AEA-5158-OE,35325.0,NY,Lewis County,36049,Maple Ridge (Lowville),2005.0,83,136.95,Vestas,V82-1.65,1650.0,80.0,82.0,5281.02,121.0,3,3,9/28/2021,Maxar,-75.6633,43.80469,56290.0,0,,0
3062733,,2006-AEA-5073-OE,,NY,Lewis County,36049,Maple Ridge (Lowville),2005.0,83,136.95,Vestas,V82-1.65,1650.0,80.0,82.0,5281.02,121.0,3,3,9/22/2016,Maxar,-75.6409,43.83729,56290.0,0,,0
3015615,36-002675,2006-AEA-5079-OE,35351.0,NY,Lewis County,36049,Maple Ridge (Lowville),2005.0,83,136.95,Vestas,V82-1.65,1650.0,80.0,82.0,5281.02,121.0,3,3,9/28/2021,Maxar,-75.6119,43.81619,56290.0,0,,0
3015618,36-002691,2005-AEA-1728-OE,35348.0,NY,Lewis County,36049,Maple Ridge (Lowville),2005.0,83,136.95,Vestas,V82-1.65,1650.0,80.0,82.0,5281.02,121.0,3,3,9/28/2021,Maxar,-75.6792,43.81169,56290.0,0,,0
3017641,36-002712,2006-AEA-5083-OE,35345.0,NY,Lewis County,36049,Maple Ridge (Lowville),2005.0,83,136.95,Vestas,V82-1.65,1650.0,80.0,82.0,5281.02,121.0,3,3,9/28/2021,Maxar,-75.6179,43.81089,56290.0,0,,0
3015596,36-002609,2005-AEA-1688-OE,35309.0,NY,Lewis County,36049,Maple Ridge (Lowville),2005.0,83,136.95,Vestas,V82-1.65,1650.0,80.0,82.0,5281.02,121.0,3,3,9/28/2021,Maxar,-75.6216,43.79549,56290.0,0,,0
3017655,36-002725,2006-AEA-5143-OE,35314.0,NY,Lewis County,36049,Maple Ridge (Lowville),2005.0,83,136.95,Vestas,V82-1.65,1650.0,80.0,82.0,5281.02,121.0,3,3,9/28/2021,Maxar,-75.6374,43.79729,56290.0,0,,0
3015573,36-002586,2005-AEA-1657-OE,35282.0,NY,Lewis County,36049,Maple Ridge (Lowville),2005.0,83,136.95,Vestas,V82-1.65,1650.0,80.0,82.0,5281.02,121.0,3,3,9/28/2021,Maxar,-75.6183,43.77959,56290.0,0,,0
3015619,36-002693,2005-AEA-1729-OE,35333.0,NY,Lewis County,36049,Maple Ridge (Lowville),2005.0,83,136.95,Vestas,V82-1.65,1650.0,80.0,82.0,5281.02,121.0,3,3,9/28/2021,Maxar,-75.6781,43.80669,56290.0,0,,0
3015476,36-002484,2005-AEA-1535-OE,35304.0,NY,Lewis County,36049,Maple Ridge (Lowville),2005.0,83,136.95,Vestas,V82-1.65,1650.0,80.0,82.0,5281.02,121.0,3,3,9/28/2021,Maxar,-75.597,43.79299,56290.0,0,,0
3017651,36-002722,2006-AEA-5135-OE,35329.0,NY,Lewis County,36049,Maple Ridge (Lowville),2005.0,83,136.95,Vestas,V82-1.65,1650.0,80.0,82.0,5281.02,121.0,3,3,9/28/2021,Maxar,-75.666,43.80579,56290.0,0,,0
3017652,36-002727,2006-AEA-5136-OE,35332.0,NY,Lewis County,36049,Maple Ridge (Lowville),2005.0,83,136.95,Vestas,V82-1.65,1650.0,80.0,82.0,5281.02,121.0,3,3,9/28/2021,Maxar,-75.6475,43.80639,56290.0,0,,0
3017639,36-002709,2006-AEA-5080-OE,35349.0,NY,Lewis County,36049,Maple Ridge (Lowville),2005.0,83,136.95,Vestas,V82-1.65,1650.0,80.0,82.0,5281.02,121.0,3,3,9/28/2021,Maxar,-75.6073,43.81319,56290.0,0,,0
3015604,36-002614,2005-AEA-1701-OE,35368.0,NY,Lewis County,36049,Maple Ridge (Lowville),2005.0,83,136.95,Vestas,V82-1.65,1650.0,80.0,82.0,5281.02,121.0,3,3,9/28/2021,Maxar,-75.6342,43.82779,56290.0,0,,0
3017647,36-002719,2006-AEA-5090-OE,35330.0,NY,Lewis County,36049,Maple Ridge (Lowville),2005.0,83,136.95,Vestas,V82-1.65,1650.0,80.0,82.0,5281.02,121.0,3,3,9/28/2021,Maxar,-75.5919,43.80609,56290.0,0,,0
3017649,36-002721,2006-AEA-5092-OE,35371.0,NY,Lewis County,36049,Maple Ridge (Lowville),2005.0,83,136.95,Vestas,V82-1.65,1650.0,80.0,82.0,5281.02,121.0,3,3,9/28/2021,Maxar,-75.6127,43.83109,56290.0,0,,0
3017632,36-002701,2006-AEA-5067-OE,35328.0,NY,Lewis County,36049,Maple Ridge (Lowville),2005.0,83,136.95,Vestas,V82-1.65,1650.0,80.0,82.0,5281.02,121.0,3,3,9/28/2021,Maxar,-75.6082,43.80549,56290.0,0,,0
3015613,36-002684,2005-AEA-1713-OE,35356.0,NY,Lewis County,36049,Maple Ridge (Lowville),2005.0,83,136.95,Vestas,V82-1.65,1650.0,80.0,82.0,5281.02,121.0,3,3,9/28/2021,Maxar,-75.6283,43.81889,56290.0,0,,0
3015568,36-002581,2005-AEA-1652-OE,35286.0,NY,Lewis County,36049,Maple Ridge (Lowville),2005.0,83,136.95,Vestas,V82-1.65,1650.0,80.0,82.0,5281.02,121.0,3,3,9/28/2021,Maxar,-75.643,43.78079,56290.0,0,,0
3017644,36-002716,2006-AEA-5087-OE,35319.0,NY,Lewis County,36049,Maple Ridge (Lowville),2005.0,83,136.95,Vestas,V82-1.65,1650.0,80.0,82.0,5281.02,121.0,3,3,9/28/2021,Maxar,-75.6157,43.80279,56290.0,0,,0
3015574,36-002587,2005-AEA-1658-OE,35278.0,NY,Lewis County,36049,Maple Ridge (Lowville),2005.0,83,136.95,Vestas,V82-1.65,1650.0,80.0,82.0,5281.02,121.0,3,3,9/28/2021,Maxar,-75.6153,43.77779,56290.0,0,,0
3015570,36-002583,2006-AEA-5146-OE,35293.0,NY,Lewis County,36049,Maple Ridge (Lowville),2005.0,83,136.95,Vestas,V82-1.65,1650.0,80.0,82.0,5281.02,121.0,3,3,9/28/2021,Maxar,-75.6294,43.78559,56290.0,0,,0
3015475,36-002483,2005-AEA-1534-OE,35308.0,NY,Lewis County,36049,Maple Ridge (Lowville),2005.0,83,136.95,Vestas,V82-1.65,1650.0,80.0,82.0,5281.02,121.0,3,3,9/28/2021,Maxar,-75.6036,43.79549,56290.0,0,,0
3015620,36-002694,2005-AEA-1734-OE,35344.0,NY,Lewis County,36049,Maple Ridge (Lowville),2005.0,83,136.95,Vestas,V82-1.65,1650.0,80.0,82.0,5281.02,121.0,3,3,9/28/2021,Maxar,-75.6413,43.81029,56290.0,0,,0
3015483,36-002491,2005-AEA-1542-OE,35295.0,NY,Lewis County,36049,Maple Ridge (Lowville),2005.0,83,136.95,Vestas,V82-1.65,1650.0,80.0,82.0,5281.02,121.0,3,3,9/28/2021,Maxar,-75.6022,43.78669,56290.0,0,,0
3015600,36-002612,2005-AEA-1695-OE,35372.0,NY,Lewis County,36049,Maple Ridge (Lowville),2005.0,83,136.95,Vestas,V82-1.65,1650.0,80.0,82.0,5281.02,121.0,3,3,,Bing Maps Aerial,-75.6353,43.83529,56290.0,0,,0
3015621,36-002695,2005-AEA-1735-OE,35340.0,NY,Lewis County,36049,Maple Ridge (Lowville),2005.0,83,136.95,Vestas,V82-1.65,1650.0,80.0,82.0,5281.02,121.0,3,3,9/28/2021,Maxar,-75.6367,43.80909,56290.0,0,,0
3017635,36-002704,2006-AEA-5070-OE,35343.0,NY,Lewis County,36049,Maple Ridge (Lowville),2005.0,83,136.95,Vestas,V82-1.65,1650.0,80.0,82.0,5281.02,121.0,3,3,9/28/2021,Maxar,-75.6016,43.80989,56290.0,0,,0
3017653,36-002723,2006-AEA-5137-OE,35335.0,NY,Lewis County,36049,Maple Ridge (Lowville),2005.0,83,136.95,Vestas,V82-1.65,1650.0,80.0,82.0,5281.02,121.0,3,3,9/28/2021,Maxar,-75.6504,43.80749,56290.0,0,,0
3017643,36-002714,2006-AEA-5085-OE,35334.0,NY,Lewis County,36049,Maple Ridge (Lowville),2005.0,83,136.95,Vestas,V82-1.65,1650.0,80.0,82.0,5281.02,121.0,3,3,9/28/2021,Maxar,-75.6243,43.80739,56290.0,0,,0
3062662,,2006-AEA-5093-OE,,NY,Lewis County,36049,Maple Ridge (Lowville),2005.0,83,136.95,Vestas,V82-1.65,1650.0,80.0,82.0,5281.02,121.0,3,3,9/28/2021,Maxar,-75.5887,43.80989,56290.0,0,,0
3015477,36-002485,2006-AEA-5097-OE,35299.0,NY,Lewis County,36049,Maple Ridge (Lowville),2005.0,83,136.95,Vestas,V82-1.65,1650.0,80.0,82.0,5281.02,121.0,3,3,9/28/2021,Maxar,-75.5941,43.79069,56290.0,0,,0
3017629,36-002729,2006-AEA-4744-OE,35316.0,NY,Lewis County,36049,Maple Ridge (Lowville),2005.0,83,136.95,Vestas,V82-1.65,1650.0,80.0,82.0,5281.02,121.0,3,3,9/28/2021,Maxar,-75.5944,43.80069,56290.0,0,,0
3015601,36-002644,2005-AEA-1697-OE,35369.0,NY,Lewis County,36049,Maple Ridge (Lowville),2005.0,83,136.95,Vestas,V82-1.65,1650.0,80.0,82.0,5281.02,121.0,3,3,9/28/2021,Maxar,-75.60609,43.82859,56290.0,0,,0
3015606,36-002689,2005-AEA-1705-OE,35359.0,NY,Lewis County,36049,Maple Ridge (Lowville),2005.0,83,136.95,Vestas,V82-1.65,1650.0,80.0,82.0,5281.02,121.0,3,3,9/28/2021,Maxar,-75.6172,43.82079,56290.0,0,,0
3015602,36-002645,2006-AEA-5075-OE,35365.0,NY,Lewis County,36049,Maple Ridge (Lowville),2005.0,83,136.95,Vestas,V82-1.65,1650.0,80.0,82.0,5281.02,121.0,3,3,9/28/2021,Maxar,-75.5962,43.82629,56290.0,0,,0
3017642,36-002713,2006-AEA-5084-OE,35339.0,NY,Lewis County,36049,Maple Ridge (Lowville),2005.0,83,136.95,Vestas,V82-1.65,1650.0,80.0,82.0,5281.02,121.0,3,3,9/28/2021,Maxar,-75.627,43.80849,56290.0,0,,0
3017630,36-002730,2006-AEA-4745-OE,35373.0,NY,Lewis County,36049,Maple Ridge (Lowville),2005.0,83,136.95,Vestas,V82-1.65,1650.0,80.0,82.0,5281.02,121.0,3,3,,Bing Maps Aerial,-75.638,43.83619,56290.0,0,,0
3015567,36-002578,2005-AEA-1649-OE,35302.0,NY,Lewis County,36049,Maple Ridge (Lowville),2005.0,83,136.95,Vestas,V82-1.65,1650.0,80.0,82.0,5281.02,121.0,3,3,9/28/2021,Maxar,-75.6444,43.79229,56290.0,0,,0
3015610,36-002681,2005-AEA-1709-OE,35355.0,NY,Lewis County,36049,Maple Ridge (Lowville),2005.0,83,136.95,Vestas,V82-1.65,1650.0,80.0,82.0,5281.02,121.0,3,3,9/28/2021,Maxar,-75.5997,43.81879,56290.0,0,,0
3015572,36-002585,2006-AEA-5147-OE,35292.0,NY,Lewis County,36049,Maple Ridge (Lowville),2005.0,83,136.95,Vestas,V82-1.65,1650.0,80.0,82.0,5281.02,121.0,3,3,9/28/2021,Maxar,-75.6171,43.78549,56290.0,0,,0
3017637,36-002615,2006-AEA-5076-OE,35366.0,NY,Lewis County,36049,Maple Ridge (Lowville),2005.0,83,136.95,Vestas,V82-1.65,1650.0,80.0,82.0,5281.02,121.0,3,3,9/28/2021,Maxar,-75.6303,43.82649,56290.0,0,,0
3015481,36-002489,2005-AEA-1540-OE,35298.0,NY,Lewis County,36049,Maple Ridge (Lowville),2005.0,83,136.95,Vestas,V82-1.65,1650.0,80.0,82.0,5281.02,121.0,3,3,9/28/2021,Maxar,-75.6118,43.79009,56290.0,0,,0
3124594,36-002728,2006-AEA-5145-OE,,NY,Lewis County,36049,Maple Ridge I,2006.0,140,231.0,Vestas,V82,1650.0,80.0,82.0,5281.02,121.0,3,3,8/16/2024,Maxar,-75.62775,43.79159,56290.0,0,,0
3035496,36-025696,2010-WTE-9350-OE,35594.0,NY,Clinton County,36019,Marble River,2012.0,70,215.25,Vestas,V112-3.075,3075.0,94.0,112.0,9852.03,150.0,3,3,10/25/2019,Maxar,-73.9608,44.91849,56857.0,0,,0
3035479,36-025830,2010-WTE-9331-OE,35702.0,NY,Clinton County,36019,Marble River,2012.0,70,215.25,Vestas,V112-3.075,3075.0,94.0,112.0,9852.03,150.0,3,3,10/25/2019,Maxar,-73.9414,44.98069,56857.0,0,,0
3034435,36-025723,2010-WTE-15017-OE,35479.0,NY,Clinton County,36019,Marble River,2012.0,70,215.25,Vestas,V112-3.075,3075.0,94.0,112.0,9852.03,150.0,3,3,5/26/2018,Maxar,-73.9465,44.87179,56857.0,0,,0
3035520,36-025748,2010-WTE-9380-OE,35667.0,NY,Clinton County,36019,Marble River,2012.0,70,215.25,Vestas,V112-3.075,3075.0,94.0,112.0,9852.03,150.0,3,3,10/25/2019,Maxar,-73.97829,44.88239,56857.0,0,,0
3035473,36-025815,2010-WTE-9324-OE,35710.0,NY,Clinton County,36019,Marble River,2012.0,70,215.25,Vestas,V112-3.075,3075.0,94.0,112.0,9852.03,150.0,3,3,10/25/2019,Maxar,-73.9127,44.99849,56857.0,0,,0
3035521,36-025746,2010-WTE-9381-OE,35664.0,NY,Clinton County,36019,Marble River,2012.0,70,215.25,Vestas,V112-3.075,3075.0,94.0,112.0,9852.03,150.0,3,3,10/25/2019,Maxar,-73.9892,44.87539,56857.0,0,,0
3035508,36-025720,2010-WTE-9363-OE,35556.0,NY,Clinton County,36019,Marble River,2012.0,70,215.25,Vestas,V112-3.075,3075.0,94.0,112.0,9852.03,150.0,3,3,10/25/2019,Maxar,-73.9323,44.90279,56857.0,0,,0
3035480,36-025765,2010-WTE-9332-OE,35676.0,NY,Clinton County,36019,Marble River,2012.0,70,215.25,Vestas,V112-3.075,3075.0,94.0,112.0,9852.03,150.0,3,3,10/25/2019,Maxar,-73.9075,44.89609,56857.0,0,,0
3035532,36-025754,2010-WTE-9419-OE,35673.0,NY,Clinton County,36019,Marble River,2012.0,70,215.25,Vestas,V112-3.075,3075.0,94.0,112.0,9852.03,150.0,3,3,10/25/2019,Maxar,-73.9416,44.88839,56857.0,0,,0
3035515,36-025731,2010-WTE-9373-OE,48747.0,NY,Clinton County,36019,Marble River,2012.0,70,215.25,Vestas,V112-3.075,3075.0,94.0,112.0,9852.03,150.0,3,3,10/25/2019,Maxar,-73.9228,44.87479,56857.0,0,,0
3035477,36-025814,2010-WTE-9329-OE,35704.0,NY,Clinton County,36019,Marble River,2012.0,70,215.25,Vestas,V112-3.075,3075.0,94.0,112.0,9852.03,150.0,3,3,10/25/2019,Maxar,-73.9257,44.98309,56857.0,0,,0
3035484,36-025821,2010-WTE-9337-OE,35695.0,NY,Clinton County,36019,Marble River,2012.0,70,215.25,Vestas,V112-3.075,3075.0,94.0,112.0,9852.03,150.0,3,3,10/25/2019,Maxar,-73.9256,44.97179,56857.0,0,,0
3035490,36-025773,2010-WTE-9343-OE,35684.0,NY,Clinton County,36019,Marble River,2012.0,70,215.25,Vestas,V112-3.075,3075.0,94.0,112.0,9852.03,150.0,3,3,10/25/2019,Maxar,-73.9468,44.93319,56857.0,0,,0
3035499,36-025726,2010-WTE-9353-OE,35730.0,NY,Clinton County,36019,Marble River,2012.0,70,215.25,Vestas,V112-3.075,3075.0,94.0,112.0,9852.03,150.0,3,3,10/25/2019,Maxar,-73.929,44.91209,56857.0,0,,0
3035500,36-025715,2010-WTE-9354-OE,35581.0,NY,Clinton County,36019,Marble River,2012.0,70,215.25,Vestas,V112-3.075,3075.0,94.0,112.0,9852.03,150.0,3,3,10/25/2019,Maxar,-73.95869,44.91199,56857.0,0,,0
3035510,36-025752,2010-WTE-9365-OE,35680.0,NY,Clinton County,36019,Marble River,2012.0,70,215.25,Vestas,V112-3.075,3075.0,94.0,112.0,9852.03,150.0,3,3,10/25/2019,Maxar,-73.9543,44.92909,56857.0,0,,0
3035474,36-025816,2010-WTE-9325-OE,35708.0,NY,Clinton County,36019,Marble River,2012.0,70,215.25,Vestas,V112-3.075,3075.0,94.0,112.0,9852.03,150.0,3,3,10/25/2019,Maxar,-73.9118,44.99559,56857.0,0,,0
3035524,36-025804,2010-WTE-9403-OE,35701.0,NY,Clinton County,36019,Marble River,2012.0,70,215.25,Vestas,V112-3.075,3075.0,94.0,112.0,9852.03,150.0,3,3,10/25/2019,Maxar,-73.9278,44.97989,56857.0,0,,0
3035529,36-025753,2010-WTE-9415-OE,35672.0,NY,Clinton County,36019,Marble River,2012.0,70,215.25,Vestas,V112-3.075,3075.0,94.0,112.0,9852.03,150.0,3,3,10/25/2019,Maxar,-73.95029,44.88759,56857.0,0,,0
3042262,36-025756,2012-WTE-3891-OE,35674.0,NY,Clinton County,36019,Marble River,2012.0,70,215.25,Vestas,V112-3.075,3075.0,94.0,112.0,9852.03,150.0,3,3,10/24/2019,Maxar,-73.9409,44.89349,56857.0,0,,0
3035492,36-025774,2010-WTE-9345-OE,35683.0,NY,Clinton County,36019,Marble River,2012.0,70,215.25,Vestas,V112-3.075,3075.0,94.0,112.0,9852.03,150.0,3,3,10/25/2019,Maxar,-73.9363,44.93159,56857.0,0,,0
3035505,36-025713,2010-WTE-9359-OE,35559.0,NY,Clinton County,36019,Marble River,2012.0,70,215.25,Vestas,V112-3.075,3075.0,94.0,112.0,9852.03,150.0,3,3,10/25/2019,Maxar,-73.9512,44.90339,56857.0,0,,0
3035533,36-025727,2010-WTE-9422-OE,35481.0,NY,Clinton County,36019,Marble River,2012.0,70,215.25,Vestas,V112-3.075,3075.0,94.0,112.0,9852.03,150.0,3,3,10/25/2019,Maxar,-73.9223,44.87249,56857.0,0,,0
3035522,36-025758,2010-WTE-9383-OE,35666.0,NY,Clinton County,36019,Marble River,2012.0,70,215.25,Vestas,V112-3.075,3075.0,94.0,112.0,9852.03,150.0,3,3,10/25/2019,Maxar,-73.9251,44.88229,56857.0,0,,0
3035509,36-025695,2010-WTE-9364-OE,35607.0,NY,Clinton County,36019,Marble River,2012.0,70,215.25,Vestas,V112-3.075,3075.0,94.0,112.0,9852.03,150.0,3,3,10/25/2019,Maxar,-73.964,44.92189,56857.0,0,,0
3035495,36-025733,2010-WTE-9349-OE,35603.0,NY,Clinton County,36019,Marble River,2012.0,70,215.25,Vestas,V112-3.075,3075.0,94.0,112.0,9852.03,150.0,3,3,10/25/2019,Maxar,-73.9241,44.92129,56857.0,0,,0
3035493,36-025762,2010-WTE-9346-OE,35681.0,NY,Clinton County,36019,Marble River,2012.0,70,215.25,Vestas,V112-3.075,3075.0,94.0,112.0,9852.03,150.0,3,3,10/25/2019,Maxar,-73.9228,44.92959,56857.0,0,,0
3035525,36-025789,2010-WTE-9409-OE,35705.0,NY,Clinton County,36019,Marble River,2012.0,70,215.25,Vestas,V112-3.075,3075.0,94.0,112.0,9852.03,150.0,3,3,10/25/2019,Maxar,-73.924,44.98669,56857.0,0,,0
3035475,36-025805,2010-WTE-9326-OE,35711.0,NY,Clinton County,36019,Marble River,2012.0,70,215.25,Vestas,V112-3.075,3075.0,94.0,112.0,9852.03,150.0,3,3,10/25/2019,Maxar,-73.9222,44.99789,56857.0,0,,0
3035497,36-025693,2010-WTE-9351-OE,35588.0,NY,Clinton County,36019,Marble River,2012.0,70,215.25,Vestas,V112-3.075,3075.0,94.0,112.0,9852.03,150.0,3,3,10/25/2019,Maxar,-73.9593,44.91549,56857.0,0,,0
3035507,36-025716,2010-WTE-9361-OE,35552.0,NY,Clinton County,36019,Marble River,2012.0,70,215.25,Vestas,V112-3.075,3075.0,94.0,112.0,9852.03,150.0,3,3,10/25/2019,Maxar,-73.9403,44.90129,56857.0,0,,0
3042266,36-025823,2012-WTE-3910-OE,35707.0,NY,Clinton County,36019,Marble River,2012.0,70,215.25,Vestas,V112-3.075,3075.0,94.0,112.0,9852.03,150.0,3,3,10/24/2019,Maxar,-73.9038,44.99159,56857.0,0,,0
3035489,36-025772,2010-WTE-9342-OE,35685.0,NY,Clinton County,36019,Marble River,2012.0,70,215.25,Vestas,V112-3.075,3075.0,94.0,112.0,9852.03,150.0,3,3,10/25/2019,Maxar,-73.9523,44.93599,56857.0,0,,0
3035514,36-025751,2010-WTE-9372-OE,35665.0,NY,Clinton County,36019,Marble River,2012.0,70,215.25,Vestas,V112-3.075,3075.0,94.0,112.0,9852.03,150.0,3,3,10/25/2019,Maxar,-73.9582,44.87959,56857.0,0,,0
3035504,36-025698,2010-WTE-9358-OE,35548.0,NY,Clinton County,36019,Marble River,2012.0,70,215.25,Vestas,V112-3.075,3075.0,94.0,112.0,9852.03,150.0,3,3,10/25/2019,Maxar,-73.949,44.90069,56857.0,0,,0
3035516,36-025755,2010-WTE-9376-OE,35668.0,NY,Clinton County,36019,Marble River,2012.0,70,215.25,Vestas,V112-3.075,3075.0,94.0,112.0,9852.03,150.0,3,3,10/25/2019,Maxar,-73.9405,44.88429,56857.0,0,,0
3034433,36-025732,2010-WTE-15015-OE,35469.0,NY,Clinton County,36019,Marble River,2012.0,70,215.25,Vestas,V112-3.075,3075.0,94.0,112.0,9852.03,150.0,3,3,5/26/2018,Maxar,-73.9402,44.86889,56857.0,0,,0
3035526,36-025776,2010-WTE-9411-OE,35689.0,NY,Clinton County,36019,Marble River,2012.0,70,215.25,Vestas,V112-3.075,3075.0,94.0,112.0,9852.03,150.0,3,3,10/25/2019,Maxar,-73.9267,44.94629,56857.0,0,,0
3035494,36-025775,2010-WTE-9347-OE,35679.0,NY,Clinton County,36019,Marble River,2012.0,70,215.25,Vestas,V112-3.075,3075.0,94.0,112.0,9852.03,150.0,3,3,10/25/2019,Maxar,-73.9347,44.92679,56857.0,0,,0
3042267,36-025819,2012-WTE-3911-OE,35703.0,NY,Clinton County,36019,Marble River,2012.0,70,215.25,Vestas,V112-3.075,3075.0,94.0,112.0,9852.03,150.0,3,3,10/24/2019,Maxar,-73.9617,44.98139,56857.0,0,,0
3035513,36-025787,2010-WTE-9368-OE,35690.0,NY,Clinton County,36019,Marble River,2012.0,70,215.25,Vestas,V112-3.075,3075.0,94.0,112.0,9852.03,150.0,3,3,10/25/2019,Maxar,-73.9461,44.94899,56857.0,0,,0
3035486,36-025803,2010-WTE-9339-OE,35694.0,NY,Clinton County,36019,Marble River,2012.0,70,215.25,Vestas,V112-3.075,3075.0,94.0,112.0,9852.03,150.0,3,3,10/25/2019,Maxar,-73.929,44.96389,56857.0,0,,0
3035506,36-025721,2010-WTE-9360-OE,35553.0,NY,Clinton County,36019,Marble River,2012.0,70,215.25,Vestas,V112-3.075,3075.0,94.0,112.0,9852.03,150.0,3,3,10/25/2019,Maxar,-73.9195,44.90199,56857.0,0,,0
3035491,36-025750,2010-WTE-9344-OE,35682.0,NY,Clinton County,36019,Marble River,2012.0,70,215.25,Vestas,V112-3.075,3075.0,94.0,112.0,9852.03,150.0,3,3,10/25/2019,Maxar,-73.9622,44.93149,56857.0,0,,0
3035512,36-025786,2010-WTE-9367-OE,35686.0,NY,Clinton County,36019,Marble River,2012.0,70,215.25,Vestas,V112-3.075,3075.0,94.0,112.0,9852.03,150.0,3,3,10/25/2019,Maxar,-73.95779,44.93979,56857.0,0,,0
3035478,36-025790,2010-WTE-9330-OE,35700.0,NY,Clinton County,36019,Marble River,2012.0,70,215.25,Vestas,V112-3.075,3075.0,94.0,112.0,9852.03,150.0,3,3,10/25/2019,Maxar,-73.9177,44.97889,56857.0,0,,0
3035519,36-025747,2010-WTE-9379-OE,35670.0,NY,Clinton County,36019,Marble River,2012.0,70,215.25,Vestas,V112-3.075,3075.0,94.0,112.0,9852.03,150.0,3,3,10/25/2019,Maxar,-73.97829,44.88569,56857.0,0,,0
3035483,36-025812,2010-WTE-9336-OE,35696.0,NY,Clinton County,36019,Marble River,2012.0,70,215.25,Vestas,V112-3.075,3075.0,94.0,112.0,9852.03,150.0,3,3,10/25/2019,Maxar,-73.9684,44.97339,56857.0,0,,0
3035530,36-025722,2010-WTE-9416-OE,35576.0,NY,Clinton County,36019,Marble River,2012.0,70,215.25,Vestas,V112-3.075,3075.0,94.0,112.0,9852.03,150.0,3,3,10/25/2019,Maxar,-73.9388,44.91109,56857.0,0,,0
3035502,36-025724,2010-WTE-9356-OE,35568.0,NY,Clinton County,36019,Marble River,2012.0,70,215.25,Vestas,V112-3.075,3075.0,94.0,112.0,9852.03,150.0,3,3,10/25/2019,Maxar,-73.9203,44.90669,56857.0,0,,0
3035527,36-025777,2010-WTE-9412-OE,35688.0,NY,Clinton County,36019,Marble River,2012.0,70,215.25,Vestas,V112-3.075,3075.0,94.0,112.0,9852.03,150.0,3,3,10/25/2019,Maxar,-73.9213,44.94409,56857.0,0,,0
3035531,36-025831,2010-WTE-9417-OE,35709.0,NY,Clinton County,36019,Marble River,2012.0,70,215.25,Vestas,V112-3.075,3075.0,94.0,112.0,9852.03,150.0,3,3,10/25/2019,Maxar,-73.9035,44.99579,56857.0,0,,0
3035487,36-025811,2010-WTE-9340-OE,35692.0,NY,Clinton County,36019,Marble River,2012.0,70,215.25,Vestas,V112-3.075,3075.0,94.0,112.0,9852.03,150.0,3,3,10/25/2019,Maxar,-73.9715,44.96119,56857.0,0,,0
3035476,36-025822,2010-WTE-9328-OE,35706.0,NY,Clinton County,36019,Marble River,2012.0,70,215.25,Vestas,V112-3.075,3075.0,94.0,112.0,9852.03,150.0,3,3,10/25/2019,Maxar,-73.9138,44.98829,56857.0,0,,0
3035501,36-025704,2010-WTE-9355-OE,35574.0,NY,Clinton County,36019,Marble River,2012.0,70,215.25,Vestas,V112-3.075,3075.0,94.0,112.0,9852.03,150.0,3,3,10/25/2019,Maxar,-73.9508,44.91059,56857.0,0,,0
3035498,36-025725,2010-WTE-9352-OE,35729.0,NY,Clinton County,36019,Marble River,2012.0,70,215.25,Vestas,V112-3.075,3075.0,94.0,112.0,9852.03,150.0,3,3,10/25/2019,Maxar,-73.93539,44.91409,56857.0,0,,0
3042263,36-025757,2012-WTE-3892-OE,35663.0,NY,Clinton County,36019,Marble River,2012.0,70,215.25,Vestas,V112-3.075,3075.0,94.0,112.0,9852.03,150.0,3,3,10/24/2019,Maxar,-73.9395,44.87289,56857.0,0,,0
3035511,36-025760,2010-WTE-9366-OE,35678.0,NY,Clinton County,36019,Marble River,2012.0,70,215.25,Vestas,V112-3.075,3075.0,94.0,112.0,9852.03,150.0,3,3,10/25/2019,Maxar,-73.9234,44.92649,56857.0,0,,0
3035528,36-025763,2010-WTE-9414-OE,35687.0,NY,Clinton County,36019,Marble River,2012.0,70,215.25,Vestas,V112-3.075,3075.0,94.0,112.0,9852.03,150.0,3,3,10/25/2019,Maxar,-73.92,44.94149,56857.0,0,,0
3035503,36-025714,2010-WTE-9357-OE,35562.0,NY,Clinton County,36019,Marble River,2012.0,70,215.25,Vestas,V112-3.075,3075.0,94.0,112.0,9852.03,150.0,3,3,10/25/2019,Maxar,-73.9427,44.90399,56857.0,0,,0
3035488,36-025802,2010-WTE-9341-OE,35691.0,NY,Clinton County,36019,Marble River,2012.0,70,215.25,Vestas,V112-3.075,3075.0,94.0,112.0,9852.03,150.0,3,3,10/25/2019,Maxar,-73.9652,44.95469,56857.0,0,,0
3034434,36-025728,2010-WTE-15016-OE,35465.0,NY,Clinton County,36019,Marble River,2012.0,70,215.25,Vestas,V112-3.075,3075.0,94.0,112.0,9852.03,150.0,3,3,5/26/2018,Maxar,-73.9469,44.86829,56857.0,0,,0
3042264,36-025764,2012-WTE-3893-OE,35675.0,NY,Clinton County,36019,Marble River,2012.0,70,215.25,Vestas,V112-3.075,3075.0,94.0,112.0,9852.03,150.0,3,3,10/24/2019,Maxar,-73.9134,44.89559,56857.0,0,,0
3035481,36-025833,2010-WTE-9334-OE,35697.0,NY,Clinton County,36019,Marble River,2012.0,70,215.25,Vestas,V112-3.075,3075.0,94.0,112.0,9852.03,150.0,3,3,10/25/2019,Maxar,-73.9402,44.97389,56857.0,0,,0
3035485,36-025788,2010-WTE-9338-OE,35693.0,NY,Clinton County,36019,Marble River,2012.0,70,215.25,Vestas,V112-3.075,3075.0,94.0,112.0,9852.03,150.0,3,3,10/25/2019,Maxar,-73.9389,44.96169,56857.0,0,,0
3035482,36-025813,2010-WTE-9335-OE,35698.0,NY,Clinton County,36019,Marble River,2012.0,70,215.25,Vestas,V112-3.075,3075.0,94.0,112.0,9852.03,150.0,3,3,10/25/2019,Maxar,-73.9415,44.97599,56857.0,0,,0
3035518,36-025749,2010-WTE-9378-OE,35669.0,NY,Clinton County,36019,Marble River,2012.0,70,215.25,Vestas,V112-3.075,3075.0,94.0,112.0,9852.03,150.0,3,3,10/25/2019,Maxar,-73.9713,44.88519,56857.0,0,,0
3042268,36-025761,2012-WTE-3912-OE,35677.0,NY,Clinton County,36019,Marble River,2012.0,70,215.25,Vestas,V112-3.075,3075.0,94.0,112.0,9852.03,150.0,3,3,10/24/2019,Maxar,-73.9232,44.92359,56857.0,0,,0
3035523,36-025820,2010-WTE-9402-OE,35699.0,NY,Clinton County,36019,Marble River,2012.0,70,215.25,Vestas,V112-3.075,3075.0,94.0,112.0,9852.03,150.0,3,3,10/25/2019,Maxar,-73.9295,44.97619,56857.0,0,,0
3035517,36-025759,2010-WTE-9377-OE,35671.0,NY,Clinton County,36019,Marble River,2012.0,70,215.25,Vestas,V112-3.075,3075.0,94.0,112.0,9852.03,150.0,3,3,10/25/2019,Maxar,-73.9245,44.88649,56857.0,0,,0
3049242,36-029686,2014-WTE-3463-OE,,NY,Steuben County,36101,Marsh Hill,2014.0,10,16.2,GE Wind,GE1.62-103,1620.0,80.0,103.0,8332.29,131.4,3,3,5/9/2016,Maxar,-77.51244,42.18377,58768.0,0,,0
3049272,36-029688,2014-WTE-3601-OE,,NY,Steuben County,36101,Marsh Hill,2014.0,10,16.2,GE Wind,GE1.62-103,1620.0,80.0,103.0,8332.29,131.4,3,3,5/9/2016,Maxar,-77.49757,42.17532,58768.0,0,,0
3049243,36-029667,2014-WTE-3464-OE,,NY,Steuben County,36101,Marsh Hill,2014.0,10,16.2,GE Wind,GE1.62-103,1620.0,80.0,103.0,8332.29,131.4,3,3,5/9/2016,Maxar,-77.50552,42.18268,58768.0,0,,0
3049387,36-029668,2014-WTE-3794-OE,,NY,Steuben County,36101,Marsh Hill,2014.0,10,16.2,GE Wind,GE1.62-103,1620.0,80.0,103.0,8332.29,131.4,3,3,5/9/2016,Maxar,-77.50868,42.17688,58768.0,0,,0
3049269,36-029689,2014-WTE-3599-OE,,NY,Steuben County,36101,Marsh Hill,2014.0,10,16.2,GE Wind,GE1.62-103,1620.0,80.0,103.0,8332.29,131.4,3,3,5/9/2016,Maxar,-77.49583,42.16994,58768.0,0,,0
3049273,36-029683,2014-WTE-3608-OE,,NY,Steuben County,36101,Marsh Hill,2014.0,10,16.2,GE Wind,GE1.62-103,1620.0,80.0,103.0,8332.29,131.4,3,3,5/9/2016,Maxar,-77.49923,42.17796,58768.0,0,,0
3049271,36-029684,2014-WTE-3600-OE,,NY,Steuben County,36101,Marsh Hill,2014.0,10,16.2,GE Wind,GE1.62-103,1620.0,80.0,103.0,8332.29,131.4,3,3,5/9/2016,Maxar,-77.49583,42.17287,58768.0,0,,0
3049385,36-029685,2014-WTE-3762-OE,,NY,Steuben County,36101,Marsh Hill,2014.0,10,16.2,GE Wind,GE1.62-103,1620.0,80.0,103.0,8332.29,131.4,3,3,5/9/2016,Maxar,-77.49543,42.18143,58768.0,0,,0
3049227,36-029690,2014-WTE-3323-OE,,NY,Steuben County,36101,Marsh Hill,2014.0,10,16.2,GE Wind,GE1.62-103,1620.0,80.0,103.0,8332.29,131.4,3,3,5/9/2016,Maxar,-77.52058,42.17951,58768.0,0,,0
3049388,36-029687,2014-WTE-3795-OE,,NY,Steuben County,36101,Marsh Hill,2014.0,10,16.2,GE Wind,GE1.62-103,1620.0,80.0,103.0,8332.29,131.4,3,3,5/9/2016,Maxar,-77.51466,42.17285,58768.0,0,,0
3021711,36-020561,2007-AEA-4917-OE,35107.0,NY,Madison County,36053,Munnsville,2007.0,23,34.5,GE Wind,GE1.5-77,1500.0,80.0,77.0,4656.63,118.6,3,3,,Bing Maps Aerial,-75.5739,42.91559,56594.0,0,,0
3021675,36-002780,2007-AEA-3530-OE,35116.0,NY,Madison County,36053,Munnsville,2007.0,23,34.5,GE Wind,GE1.5-77,1500.0,80.0,77.0,4656.63,118.6,3,3,,Bing Maps Aerial,-75.5663,42.94629,56594.0,0,,0
3021669,36-020569,2007-AEA-3451-OE,35114.0,NY,Madison County,36053,Munnsville,2007.0,23,34.5,GE Wind,GE1.5-77,1500.0,80.0,77.0,4656.63,118.6,3,3,,Bing Maps Aerial,-75.5634,42.93959,56594.0,0,,0
3021674,36-020575,2007-AEA-3469-OE,35105.0,NY,Madison County,36053,Munnsville,2007.0,23,34.5,GE Wind,GE1.5-77,1500.0,80.0,77.0,4656.63,118.6,3,3,,Bing Maps Aerial,-75.5698,42.90849,56594.0,0,,0
3015659,36-020012,2005-AEA-578-OE,35101.0,NY,Madison County,36053,Munnsville,2007.0,23,34.5,GE Wind,GE1.5-77,1500.0,80.0,77.0,4656.63,118.6,3,3,,Bing Maps Aerial,-75.5704,42.89749,56594.0,0,,0
3015657,36-002781,2005-AEA-555-OE,35122.0,NY,Oneida County,36065,Munnsville,2007.0,23,34.5,GE Wind,GE1.5-77,1500.0,80.0,77.0,4656.63,118.6,3,3,,Bing Maps Aerial,-75.5398,42.95399,56594.0,0,,0
3021678,36-020578,2007-AEA-3541-OE,35117.0,NY,Oneida County,36065,Munnsville,2007.0,23,34.5,GE Wind,GE1.5-77,1500.0,80.0,77.0,4656.63,118.6,3,3,,Bing Maps Aerial,-75.541,42.94739,56594.0,0,,0
3021684,36-002784,2007-AEA-3988-OE,35108.0,NY,Madison County,36053,Munnsville,2007.0,23,34.5,GE Wind,GE1.5-77,1500.0,80.0,77.0,4656.63,118.6,3,3,,Bing Maps Aerial,-75.5667,42.91589,56594.0,0,,0
3015658,36-002779,2005-AEA-556-OE,35121.0,NY,Madison County,36053,Munnsville,2007.0,23,34.5,GE Wind,GE1.5-77,1500.0,80.0,77.0,4656.63,118.6,3,3,,Bing Maps Aerial,-75.5626,42.95299,56594.0,0,,0
3021672,36-020573,2007-AEA-3456-OE,35113.0,NY,Madison County,36053,Munnsville,2007.0,23,34.5,GE Wind,GE1.5-77,1500.0,80.0,77.0,4656.63,118.6,3,3,,Bing Maps Aerial,-75.5411,42.92959,56594.0,0,,0
3021673,36-020574,2007-AEA-3459-OE,35112.0,NY,Madison County,36053,Munnsville,2007.0,23,34.5,GE Wind,GE1.5-77,1500.0,80.0,77.0,4656.63,118.6,3,3,,Bing Maps Aerial,-75.5358,42.92819,56594.0,0,,0
3021713,36-020615,2007-AEA-5005-OE,35103.0,NY,Madison County,36053,Munnsville,2007.0,23,34.5,GE Wind,GE1.5-77,1500.0,80.0,77.0,4656.63,118.6,3,3,,Bing Maps Aerial,-75.5747,42.90249,56594.0,0,,0
3021677,36-020577,2007-AEA-3538-OE,35115.0,NY,Madison County,36053,Munnsville,2007.0,23,34.5,GE Wind,GE1.5-77,1500.0,80.0,77.0,4656.63,118.6,3,3,,Bing Maps Aerial,-75.5669,42.94259,56594.0,0,,0
3021683,36-020581,2007-AEA-3663-OE,35109.0,NY,Madison County,36053,Munnsville,2007.0,23,34.5,GE Wind,GE1.5-77,1500.0,80.0,77.0,4656.63,118.6,3,3,,Bing Maps Aerial,-75.5637,42.91799,56594.0,0,,0
3021682,36-020580,2007-AEA-3662-OE,35104.0,NY,Madison County,36053,Munnsville,2007.0,23,34.5,GE Wind,GE1.5-77,1500.0,80.0,77.0,4656.63,118.6,3,3,,Bing Maps Aerial,-75.5654,42.90459,56594.0,0,,0
3021685,36-002785,2007-AEA-3989-OE,35110.0,NY,Madison County,36053,Munnsville,2007.0,23,34.5,GE Wind,GE1.5-77,1500.0,80.0,77.0,4656.63,118.6,3,3,,Bing Maps Aerial,-75.5701,42.91899,56594.0,0,,0
3021670,36-020570,2007-AEA-3453-OE,35119.0,NY,Oneida County,36065,Munnsville,2007.0,23,34.5,GE Wind,GE1.5-77,1500.0,80.0,77.0,4656.63,118.6,3,3,,Bing Maps Aerial,-75.537,42.95069,56594.0,0,,0
3021671,36-020572,2007-AEA-3454-OE,35106.0,NY,Madison County,36053,Munnsville,2007.0,23,34.5,GE Wind,GE1.5-77,1500.0,80.0,77.0,4656.63,118.6,3,3,,Bing Maps Aerial,-75.5626,42.91269,56594.0,0,,0
3021680,36-020571,2007-AEA-3622-OE,35111.0,NY,Madison County,36053,Munnsville,2007.0,23,34.5,GE Wind,GE1.5-77,1500.0,80.0,77.0,4656.63,118.6,3,3,,Bing Maps Aerial,-75.5356,42.92449,56594.0,0,,0
3021714,36-020614,2007-AEA-5006-OE,35102.0,NY,Madison County,36053,Munnsville,2007.0,23,34.5,GE Wind,GE1.5-77,1500.0,80.0,77.0,4656.63,118.6,3,3,,Bing Maps Aerial,-75.5689,42.89999,56594.0,0,,0
3021679,36-020579,2007-AEA-3621-OE,35120.0,NY,Oneida County,36065,Munnsville,2007.0,23,34.5,GE Wind,GE1.5-77,1500.0,80.0,77.0,4656.63,118.6,3,3,,Bing Maps Aerial,-75.5426,42.95139,56594.0,0,,0
3021676,36-020576,2007-AEA-3534-OE,35118.0,NY,Madison County,36053,Munnsville,2007.0,23,34.5,GE Wind,GE1.5-77,1500.0,80.0,77.0,4656.63,118.6,3,3,,Bing Maps Aerial,-75.5621,42.94859,56594.0,0,,0
3021712,36-020613,2007-AEA-4918-OE,35100.0,NY,Madison County,36053,Munnsville,2007.0,23,34.5,GE Wind,GE1.5-77,1500.0,80.0,77.0,4656.63,118.6,3,3,,Bing Maps Aerial,-75.5757,42.89749,56594.0,0,,0
3074033,,,,NY,Erie County,36029,New York State Thruway Authority,2015.0,4,1.1,Vergnet,GEV MP-R,275.0,32.0,29.0,660.52,46.6,3,3,3/16/2017,Maxar,-78.95743,42.65802,,0,,0
3073752,,,,NY,Chautauqua County,36013,New York State Thruway Authority,2015.0,4,1.1,Vergnet,GEV MP-R,275.0,32.0,29.0,660.52,46.6,3,3,10/22/2017,Maxar,-79.74048,42.26545,,0,,0
3073751,,,,NY,Chautauqua County,36013,New York State Thruway Authority,2015.0,4,1.1,Vergnet,GEV MP-R,275.0,32.0,29.0,660.52,46.6,3,3,10/19/2017,Maxar,-79.5868,42.33912,,0,,0
3073750,,,,NY,Chautauqua County,36013,New York State Thruway Authority,2015.0,4,1.1,Vergnet,GEV MP-R,275.0,32.0,29.0,660.52,46.6,3,3,9/1/2018,Maxar,-79.30969,42.46044,,0,,0
3017453,36-020214,2021-WTE-4537-OE,35408.0,NY,Clinton County,36019,Noble Altona,2009.0,65,97.5,GE Wind,GE1.5-77,1500.0,80.0,77.0,4656.63,118.6,3,3,,Bing Maps Aerial,-73.6372,44.82079,56901.0,0,,0
3017470,36-020258,2021-WTE-4556-OE,35381.0,NY,Clinton County,36019,Noble Altona,2009.0,65,97.5,GE Wind,GE1.5-77,1500.0,80.0,77.0,4656.63,118.6,3,3,,Bing Maps Aerial,-73.6384,44.80649,56901.0,0,,0
3017478,36-020253,2021-WTE-4566-OE,35413.0,NY,Clinton County,36019,Noble Altona,2009.0,65,97.5,GE Wind,GE1.5-77,1500.0,80.0,77.0,4656.63,118.6,3,3,,Bing Maps Aerial,-73.6717,44.82379,56901.0,0,,0
3017450,36-020217,2021-WTE-4533-OE,35398.0,NY,Clinton County,36019,Noble Altona,2009.0,65,97.5,GE Wind,GE1.5-77,1500.0,80.0,77.0,4656.63,118.6,3,3,,Bing Maps Aerial,-73.6468,44.81539,56901.0,0,,0
3017458,36-020167,2024-WTE-10049-OE,35391.0,NY,Clinton County,36019,Noble Altona,2009.0,65,97.5,GE Wind,GE1.5-77,1500.0,80.0,77.0,4656.63,118.6,3,3,,Bing Maps Aerial,-73.6387,44.81129,56901.0,0,,0
3017475,36-020256,2021-WTE-4563-OE,35407.0,NY,Clinton County,36019,Noble Altona,2009.0,65,97.5,GE Wind,GE1.5-77,1500.0,80.0,77.0,4656.63,118.6,3,3,,Bing Maps Aerial,-73.6682,44.81989,56901.0,0,,0
3017466,36-020207,2021-WTE-4552-OE,35382.0,NY,Clinton County,36019,Noble Altona,2009.0,65,97.5,GE Wind,GE1.5-77,1500.0,80.0,77.0,4656.63,118.6,3,3,,Bing Maps Aerial,-73.6441,44.80669,56901.0,0,,0
3017530,36-020237,2021-WTE-4531-OE,35409.0,NY,Clinton County,36019,Noble Altona,2009.0,65,97.5,GE Wind,GE1.5-77,1500.0,80.0,77.0,4656.63,118.6,3,3,,Bing Maps Aerial,-73.6464,44.82159,56901.0,0,,0
3017489,36-020557,2021-WTE-4579-OE,35420.0,NY,Clinton County,36019,Noble Altona,2009.0,65,97.5,GE Wind,GE1.5-77,1500.0,80.0,77.0,4656.63,118.6,3,3,,Bing Maps Aerial,-73.6799,44.82829,56901.0,0,,0
3017532,36-020235,2024-WTE-10045-OE,35385.0,NY,Clinton County,36019,Noble Altona,2009.0,65,97.5,GE Wind,GE1.5-77,1500.0,80.0,77.0,4656.63,118.6,3,3,,Bing Maps Aerial,-73.6557,44.80879,56901.0,0,,0
3017487,36-020251,2021-WTE-4575-OE,35427.0,NY,Clinton County,36019,Noble Altona,2009.0,65,97.5,GE Wind,GE1.5-77,1500.0,80.0,77.0,4656.63,118.6,3,3,,Bing Maps Aerial,-73.6683,44.83149,56901.0,0,,0
3017494,36-020199,2021-WTE-4584-OE,35428.0,NY,Clinton County,36019,Noble Altona,2009.0,65,97.5,GE Wind,GE1.5-77,1500.0,80.0,77.0,4656.63,118.6,3,3,,Bing Maps Aerial,-73.6519,44.83169,56901.0,0,,0
3017488,36-020250,2021-WTE-4576-OE,35429.0,NY,Clinton County,36019,Noble Altona,2009.0,65,97.5,GE Wind,GE1.5-77,1500.0,80.0,77.0,4656.63,118.6,3,3,,Bing Maps Aerial,-73.6575,44.83359,56901.0,0,,0
3017486,36-020174,2024-WTE-10044-OE,35395.0,NY,Clinton County,36019,Noble Altona,2009.0,65,97.5,GE Wind,GE1.5-77,1500.0,80.0,77.0,4656.63,118.6,3,3,,Bing Maps Aerial,-73.6389,44.81409,56901.0,0,,0
3017531,36-020236,2021-WTE-4534-OE,35384.0,NY,Clinton County,36019,Noble Altona,2009.0,65,97.5,GE Wind,GE1.5-77,1500.0,80.0,77.0,4656.63,118.6,3,3,,Bing Maps Aerial,-73.6607,44.80869,56901.0,0,,0
3017467,36-020206,2021-WTE-4553-OE,35386.0,NY,Clinton County,36019,Noble Altona,2009.0,65,97.5,GE Wind,GE1.5-77,1500.0,80.0,77.0,4656.63,118.6,3,3,,Bing Maps Aerial,-73.641,44.80899,56901.0,0,,0
3017474,36-020257,2021-WTE-4562-OE,35436.0,NY,Clinton County,36019,Noble Altona,2009.0,65,97.5,GE Wind,GE1.5-77,1500.0,80.0,77.0,4656.63,118.6,3,3,,Bing Maps Aerial,-73.6697,44.84199,56901.0,0,,0
3026047,36-020548,2021-WTE-4586-OE,35433.0,NY,Clinton County,36019,Noble Altona,2009.0,65,97.5,GE Wind,GE1.5-77,1500.0,80.0,77.0,4656.63,118.6,3,3,,Bing Maps Aerial,-73.6659,44.83849,56901.0,0,,0
3017463,36-020208,2024-WTE-10039-OE,35393.0,NY,Clinton County,36019,Noble Altona,2009.0,65,97.5,GE Wind,GE1.5-77,1500.0,80.0,77.0,4656.63,118.6,3,3,,Bing Maps Aerial,-73.6495,44.81329,56901.0,0,,0
3017455,36-020261,2024-WTE-10030-OE,35434.0,NY,Clinton County,36019,Noble Altona,2009.0,65,97.5,GE Wind,GE1.5-77,1500.0,80.0,77.0,4656.63,118.6,3,3,,Bing Maps Aerial,-73.6343,44.83939,56901.0,0,,0
3017443,36-020222,2021-WTE-4523-OE,35424.0,NY,Clinton County,36019,Noble Altona,2009.0,65,97.5,GE Wind,GE1.5-77,1500.0,80.0,77.0,4656.63,118.6,3,3,,Bing Maps Aerial,-73.6484,44.83039,56901.0,0,,0
3017536,36-020246,2021-WTE-4578-OE,35438.0,NY,Clinton County,36019,Noble Altona,2009.0,65,97.5,GE Wind,GE1.5-77,1500.0,80.0,77.0,4656.63,118.6,3,3,,Bing Maps Aerial,-73.6347,44.84359,56901.0,0,,0
3017492,36-020200,2021-WTE-4582-OE,35379.0,NY,Clinton County,36019,Noble Altona,2009.0,65,97.5,GE Wind,GE1.5-77,1500.0,80.0,77.0,4656.63,118.6,3,3,,Bing Maps Aerial,-73.6594,44.80539,56901.0,0,,0
3017485,36-020202,2021-WTE-4573-OE,35390.0,NY,Clinton County,36019,Noble Altona,2009.0,65,97.5,GE Wind,GE1.5-77,1500.0,80.0,77.0,4656.63,118.6,3,3,,Bing Maps Aerial,-73.6578,44.81119,56901.0,0,,0
3017469,36-020259,2024-WTE-10046-OE,35375.0,NY,Clinton County,36019,Noble Altona,2009.0,65,97.5,GE Wind,GE1.5-77,1500.0,80.0,77.0,4656.63,118.6,3,3,,Bing Maps Aerial,-73.6459,44.80409,56901.0,0,,0
3017477,36-020254,2024-WTE-10032-OE,35422.0,NY,Clinton County,36019,Noble Altona,2009.0,65,97.5,GE Wind,GE1.5-77,1500.0,80.0,77.0,4656.63,118.6,3,3,,Bing Maps Aerial,-73.6759,44.82939,56901.0,0,,0
3017457,36-020166,2021-WTE-4541-OE,35394.0,NY,Clinton County,36019,Noble Altona,2009.0,65,97.5,GE Wind,GE1.5-77,1500.0,80.0,77.0,4656.63,118.6,3,3,,Bing Maps Aerial,-73.6346,44.81349,56901.0,0,,0
3017472,36-002658,2021-WTE-4558-OE,35376.0,NY,Clinton County,36019,Noble Altona,2009.0,65,97.5,GE Wind,GE1.5-77,1500.0,80.0,77.0,4656.63,118.6,3,3,,Bing Maps Aerial,-73.6269,44.80439,56901.0,0,,0
3017464,36-020169,2021-WTE-4548-OE,35387.0,NY,Clinton County,36019,Noble Altona,2009.0,65,97.5,GE Wind,GE1.5-77,1500.0,80.0,77.0,4656.63,118.6,3,3,,Bing Maps Aerial,-73.6455,44.80939,56901.0,0,,0
3017535,36-020245,2024-WTE-10029-OE,35437.0,NY,Clinton County,36019,Noble Altona,2009.0,65,97.5,GE Wind,GE1.5-77,1500.0,80.0,77.0,4656.63,118.6,3,3,,Bing Maps Aerial,-73.638,44.84209,56901.0,0,,0
3017533,36-020243,2024-WTE-10034-OE,35425.0,NY,Clinton County,36019,Noble Altona,2009.0,65,97.5,GE Wind,GE1.5-77,1500.0,80.0,77.0,4656.63,118.6,3,3,,Bing Maps Aerial,-73.6569,44.83079,56901.0,0,,0
3017484,36-020203,2021-WTE-4572-OE,35403.0,NY,Clinton County,36019,Noble Altona,2009.0,65,97.5,GE Wind,GE1.5-77,1500.0,80.0,77.0,4656.63,118.6,3,3,,Bing Maps Aerial,-73.6484,44.81799,56901.0,0,,0
3017454,36-020213,2024-WTE-10043-OE,35406.0,NY,Clinton County,36019,Noble Altona,2009.0,65,97.5,GE Wind,GE1.5-77,1500.0,80.0,77.0,4656.63,118.6,3,3,,Bing Maps Aerial,-73.6398,44.81879,56901.0,0,,0
3017459,36-020168,2021-WTE-4543-OE,35388.0,NY,Clinton County,36019,Noble Altona,2009.0,65,97.5,GE Wind,GE1.5-77,1500.0,80.0,77.0,4656.63,118.6,3,3,,Bing Maps Aerial,-73.6306,44.81049,56901.0,0,,0
3017529,36-020238,2021-WTE-4528-OE,35414.0,NY,Clinton County,36019,Noble Altona,2009.0,65,97.5,GE Wind,GE1.5-77,1500.0,80.0,77.0,4656.63,118.6,3,3,,Bing Maps Aerial,-73.647,44.82429,56901.0,0,,0
3017534,36-020244,2024-WTE-10035-OE,35423.0,NY,Clinton County,36019,Noble Altona,2009.0,65,97.5,GE Wind,GE1.5-77,1500.0,80.0,77.0,4656.63,118.6,3,3,,Bing Maps Aerial,-73.6607,44.82959,56901.0,0,,0
3027736,36-020554,2021-WTE-4550-OE,35389.0,NY,Clinton County,36019,Noble Altona,2009.0,65,97.5,GE Wind,GE1.5-77,1500.0,80.0,77.0,4656.63,118.6,3,3,,Bing Maps Aerial,-73.652,44.81079,56901.0,0,,0
3017452,36-020215,2024-WTE-10042-OE,35411.0,NY,Clinton County,36019,Noble Altona,2009.0,65,97.5,GE Wind,GE1.5-77,1500.0,80.0,77.0,4656.63,118.6,3,3,,Bing Maps Aerial,-73.6421,44.82169,56901.0,0,,0
3017449,36-020218,2021-WTE-4532-OE,35410.0,NY,Clinton County,36019,Noble Altona,2009.0,65,97.5,GE Wind,GE1.5-77,1500.0,80.0,77.0,4656.63,118.6,3,3,,Bing Maps Aerial,-73.6509,44.82159,56901.0,0,,0
3017465,36-020260,2021-WTE-4551-OE,35435.0,NY,Clinton County,36019,Noble Altona,2009.0,65,97.5,GE Wind,GE1.5-77,1500.0,80.0,77.0,4656.63,118.6,3,3,,Bing Maps Aerial,-73.63969,44.83959,56901.0,0,,0
3017444,36-020221,2024-WTE-10040-OE,35426.0,NY,Clinton County,36019,Noble Altona,2009.0,65,97.5,GE Wind,GE1.5-77,1500.0,80.0,77.0,4656.63,118.6,3,3,,Bing Maps Aerial,-73.6441,44.83089,56901.0,0,,0
3017468,36-020205,2021-WTE-4554-OE,35378.0,NY,Clinton County,36019,Noble Altona,2009.0,65,97.5,GE Wind,GE1.5-77,1500.0,80.0,77.0,4656.63,118.6,3,3,,Bing Maps Aerial,-73.6414,44.80459,56901.0,0,,0
3017479,36-020172,2021-WTE-4567-OE,35400.0,NY,Clinton County,36019,Noble Altona,2009.0,65,97.5,GE Wind,GE1.5-77,1500.0,80.0,77.0,4656.63,118.6,3,3,,Bing Maps Aerial,-73.6361,44.81609,56901.0,0,,0
3017473,36-020171,2024-WTE-10051-OE,35374.0,NY,Clinton County,36019,Noble Altona,2009.0,65,97.5,GE Wind,GE1.5-77,1500.0,80.0,77.0,4656.63,118.6,3,3,,Bing Maps Aerial,-73.6296,44.80169,56901.0,0,,0
3017482,36-020204,2021-WTE-4570-OE,35392.0,NY,Clinton County,36019,Noble Altona,2009.0,65,97.5,GE Wind,GE1.5-77,1500.0,80.0,77.0,4656.63,118.6,3,3,,Bing Maps Aerial,-73.6457,44.81259,56901.0,0,,0
3017480,36-020173,2021-WTE-4568-OE,35383.0,NY,Clinton County,36019,Noble Altona,2009.0,65,97.5,GE Wind,GE1.5-77,1500.0,80.0,77.0,4656.63,118.6,3,3,,Bing Maps Aerial,-73.6282,44.80769,56901.0,0,,0
3017462,36-020209,2021-WTE-4546-OE,35396.0,NY,Clinton County,36019,Noble Altona,2009.0,65,97.5,GE Wind,GE1.5-77,1500.0,80.0,77.0,4656.63,118.6,3,3,,Bing Maps Aerial,-73.6585,44.81429,56901.0,0,,0
3017446,36-020220,2024-WTE-10041-OE,35415.0,NY,Clinton County,36019,Noble Altona,2009.0,65,97.5,GE Wind,GE1.5-77,1500.0,80.0,77.0,4656.63,118.6,3,3,,Bing Maps Aerial,-73.6513,44.82449,56901.0,0,,0
3017460,36-020211,2024-WTE-10037-OE,35404.0,NY,Clinton County,36019,Noble Altona,2009.0,65,97.5,GE Wind,GE1.5-77,1500.0,80.0,77.0,4656.63,118.6,3,3,,Bing Maps Aerial,-73.6558,44.81799,56901.0,0,,0
3017471,36-020170,2024-WTE-10050-OE,35377.0,NY,Clinton County,36019,Noble Altona,2009.0,65,97.5,GE Wind,GE1.5-77,1500.0,80.0,77.0,4656.63,118.6,3,3,,Bing Maps Aerial,-73.6308,44.80459,56901.0,0,,0
3017481,36-020252,2021-WTE-4569-OE,35432.0,NY,Clinton County,36019,Noble Altona,2009.0,65,97.5,GE Wind,GE1.5-77,1500.0,80.0,77.0,4656.63,118.6,3,3,,Bing Maps Aerial,-73.6719,44.83799,56901.0,0,,0
3017456,36-020212,2021-WTE-4540-OE,35397.0,NY,Clinton County,36019,Noble Altona,2009.0,65,97.5,GE Wind,GE1.5-77,1500.0,80.0,77.0,4656.63,118.6,3,3,,Bing Maps Aerial,-73.6428,44.81499,56901.0,0,,0
3017495,36-020247,2024-WTE-10038-OE,35399.0,NY,Clinton County,36019,Noble Altona,2009.0,65,97.5,GE Wind,GE1.5-77,1500.0,80.0,77.0,4656.63,118.6,3,3,,Bing Maps Aerial,-73.6538,44.81549,56901.0,0,,0
3017476,36-020255,2024-WTE-10031-OE,35431.0,NY,Clinton County,36019,Noble Altona,2009.0,65,97.5,GE Wind,GE1.5-77,1500.0,80.0,77.0,4656.63,118.6,3,3,,Bing Maps Aerial,-73.6597,44.83749,56901.0,0,,0
3017461,36-020210,2021-WTE-4545-OE,35401.0,NY,Clinton County,36019,Noble Altona,2009.0,65,97.5,GE Wind,GE1.5-77,1500.0,80.0,77.0,4656.63,118.6,3,3,,Bing Maps Aerial,-73.6595,44.81709,56901.0,0,,0
3017451,36-020216,2021-WTE-4535-OE,35405.0,NY,Clinton County,36019,Noble Altona,2009.0,65,97.5,GE Wind,GE1.5-77,1500.0,80.0,77.0,4656.63,118.6,3,3,,Bing Maps Aerial,-73.6437,44.81809,56901.0,0,,0
3017483,36-002659,2024-WTE-10052-OE,35430.0,NY,Clinton County,36019,Noble Altona,2009.0,65,97.5,GE Wind,GE1.5-77,1500.0,80.0,77.0,4656.63,118.6,3,3,,Bing Maps Aerial,-73.6756,44.83589,56901.0,0,,0
3017445,36-020335,2021-WTE-4526-OE,35419.0,NY,Clinton County,36019,Noble Altona,2009.0,65,97.5,GE Wind,GE1.5-77,1500.0,80.0,77.0,4656.63,118.6,3,3,,Bing Maps Aerial,-73.6419,44.82789,56901.0,0,,0
3017442,36-020223,2021-WTE-4522-OE,35416.0,NY,Clinton County,36019,Noble Altona,2009.0,65,97.5,GE Wind,GE1.5-77,1500.0,80.0,77.0,4656.63,118.6,3,3,,Bing Maps Aerial,-73.6523,44.82729,56901.0,0,,0
3017493,36-020248,2024-WTE-10033-OE,35402.0,NY,Clinton County,36019,Noble Altona,2009.0,65,97.5,GE Wind,GE1.5-77,1500.0,80.0,77.0,4656.63,118.6,3,3,,Bing Maps Aerial,-73.6671,44.81719,56901.0,0,,0
3017490,36-020249,2021-WTE-4580-OE,35421.0,NY,Clinton County,36019,Noble Altona,2009.0,65,97.5,GE Wind,GE1.5-77,1500.0,80.0,77.0,4656.63,118.6,3,3,,Bing Maps Aerial,-73.6653,44.82879,56901.0,0,,0
3017491,36-020201,2021-WTE-4581-OE,35380.0,NY,Clinton County,36019,Noble Altona,2009.0,65,97.5,GE Wind,GE1.5-77,1500.0,80.0,77.0,4656.63,118.6,3,3,,Bing Maps Aerial,-73.6497,44.80569,56901.0,0,,0
3017528,36-020239,2021-WTE-4525-OE,35417.0,NY,Clinton County,36019,Noble Altona,2009.0,65,97.5,GE Wind,GE1.5-77,1500.0,80.0,77.0,4656.63,118.6,3,3,,Bing Maps Aerial,-73.648,44.82729,56901.0,0,,0
3017447,36-002657,2021-WTE-4529-OE,35418.0,NY,Clinton County,36019,Noble Altona,2009.0,65,97.5,GE Wind,GE1.5-77,1500.0,80.0,77.0,4656.63,118.6,3,3,,Bing Maps Aerial,-73.6366,44.82769,56901.0,0,,0
3017448,36-020219,2021-WTE-4530-OE,35412.0,NY,Clinton County,36019,Noble Altona,2009.0,65,97.5,GE Wind,GE1.5-77,1500.0,80.0,77.0,4656.63,118.6,3,3,,Bing Maps Aerial,-73.6394,44.82369,56901.0,0,,0
3026072,36-002766,2021-WTE-4477-OE,34872.0,NY,Wyoming County,36121,Noble Bliss,2008.0,67,100.5,GE Wind,GE1.5-77,1500.0,80.0,77.0,4656.63,118.6,3,3,,Bing Maps Aerial,-78.27879,42.54489,56620.0,0,,0
3017670,36-020032,2021-WTE-4468-OE,34908.0,NY,Wyoming County,36121,Noble Bliss,2008.0,67,100.5,GE Wind,GE1.5-77,1500.0,80.0,77.0,4656.63,118.6,3,3,,Bing Maps Aerial,-78.2577,42.56599,56620.0,0,,0
3017669,36-020033,2021-WTE-4466-OE,34905.0,NY,Wyoming County,36121,Noble Bliss,2008.0,67,100.5,GE Wind,GE1.5-77,1500.0,80.0,77.0,4656.63,118.6,3,3,,Bing Maps Aerial,-78.241,42.56409,56620.0,0,,0
3017691,36-020007,2021-WTE-4500-OE,34890.0,NY,Wyoming County,36121,Noble Bliss,2008.0,67,100.5,GE Wind,GE1.5-77,1500.0,80.0,77.0,4656.63,118.6,3,3,,Bing Maps Aerial,-78.2672,42.55699,56620.0,0,,0
3017678,36-020006,2021-WTE-4481-OE,34880.0,NY,Wyoming County,36121,Noble Bliss,2008.0,67,100.5,GE Wind,GE1.5-77,1500.0,80.0,77.0,4656.63,118.6,3,3,,Bing Maps Aerial,-78.279,42.54829,56620.0,0,,0
3017519,36-002773,2021-WTE-4507-OE,34854.0,NY,Wyoming County,36121,Noble Bliss,2008.0,67,100.5,GE Wind,GE1.5-77,1500.0,80.0,77.0,4656.63,118.6,3,3,,Bing Maps Aerial,-78.2889,42.53809,56620.0,0,,0
3026055,36-020694,2021-WTE-4518-OE,34883.0,NY,Wyoming County,36121,Noble Bliss,2008.0,67,100.5,GE Wind,GE1.5-77,1500.0,80.0,77.0,4656.63,118.6,3,3,,Bing Maps Aerial,-78.23869,42.55009,56620.0,0,,0
3017662,36-020039,2021-WTE-4458-OE,34915.0,NY,Wyoming County,36121,Noble Bliss,2008.0,67,100.5,GE Wind,GE1.5-77,1500.0,80.0,77.0,4656.63,118.6,3,3,,Bing Maps Aerial,-78.242,42.57429,56620.0,0,,0
3017673,36-020031,2021-WTE-4474-OE,34902.0,NY,Wyoming County,36121,Noble Bliss,2008.0,67,100.5,GE Wind,GE1.5-77,1500.0,80.0,77.0,4656.63,118.6,3,3,,Bing Maps Aerial,-78.2618,42.56329,56620.0,0,,0
3017695,36-020020,2021-WTE-4509-OE,34873.0,NY,Wyoming County,36121,Noble Bliss,2008.0,67,100.5,GE Wind,GE1.5-77,1500.0,80.0,77.0,4656.63,118.6,3,3,,Bing Maps Aerial,-78.2318,42.54519,56620.0,0,,0
3026079,36-002760,2021-WTE-4493-OE,34835.0,NY,Wyoming County,36121,Noble Bliss,2008.0,67,100.5,GE Wind,GE1.5-77,1500.0,80.0,77.0,4656.63,118.6,3,3,,Bing Maps Aerial,-78.2747,42.52909,56620.0,0,,0
3017681,36-002769,2021-WTE-4487-OE,34827.0,NY,Wyoming County,36121,Noble Bliss,2008.0,67,100.5,GE Wind,GE1.5-77,1500.0,80.0,77.0,4656.63,118.6,3,3,,Bing Maps Aerial,-78.2829,42.52769,56620.0,0,,0
3017703,36-020013,2021-WTE-4504-OE,34911.0,NY,Wyoming County,36121,Noble Bliss,2008.0,67,100.5,GE Wind,GE1.5-77,1500.0,80.0,77.0,4656.63,118.6,3,3,,Bing Maps Aerial,-78.2431,42.57139,56620.0,0,,0
3026083,36-020695,2021-WTE-4501-OE,34891.0,NY,Wyoming County,36121,Noble Bliss,2008.0,67,100.5,GE Wind,GE1.5-77,1500.0,80.0,77.0,4656.63,118.6,3,3,,Bing Maps Aerial,-78.2595,42.55889,56620.0,0,,0
3017684,36-002772,2021-WTE-4491-OE,34836.0,NY,Wyoming County,36121,Noble Bliss,2008.0,67,100.5,GE Wind,GE1.5-77,1500.0,80.0,77.0,4656.63,118.6,3,3,,Bing Maps Aerial,-78.27959,42.52919,56620.0,0,,0
3017675,36-020005,2021-WTE-4476-OE,34887.0,NY,Wyoming County,36121,Noble Bliss,2008.0,67,100.5,GE Wind,GE1.5-77,1500.0,80.0,77.0,4656.63,118.6,3,3,,Bing Maps Aerial,-78.279,42.55269,56620.0,0,,0
3017667,36-020035,2021-WTE-4463-OE,34864.0,NY,Wyoming County,36121,Noble Bliss,2008.0,67,100.5,GE Wind,GE1.5-77,1500.0,80.0,77.0,4656.63,118.6,3,3,,Bing Maps Aerial,-78.2473,42.54129,56620.0,0,,0
3017680,36-002758,2021-WTE-4486-OE,34832.0,NY,Wyoming County,36121,Noble Bliss,2008.0,67,100.5,GE Wind,GE1.5-77,1500.0,80.0,77.0,4656.63,118.6,3,3,,Bing Maps Aerial,-78.3054,42.52889,56620.0,0,,0
3017697,36-020018,2021-WTE-4512-OE,34857.0,NY,Wyoming County,36121,Noble Bliss,2008.0,67,100.5,GE Wind,GE1.5-77,1500.0,80.0,77.0,4656.63,118.6,3,3,,Bing Maps Aerial,-78.2391,42.54019,56620.0,0,,0
3017694,36-020021,2021-WTE-4508-OE,34849.0,NY,Wyoming County,36121,Noble Bliss,2008.0,67,100.5,GE Wind,GE1.5-77,1500.0,80.0,77.0,4656.63,118.6,3,3,,Bing Maps Aerial,-78.228,42.53659,56620.0,0,,0
3021681,36-002757,2021-WTE-4484-OE,34842.0,NY,Wyoming County,36121,Noble Bliss,2008.0,67,100.5,GE Wind,GE1.5-77,1500.0,80.0,77.0,4656.63,118.6,3,3,,Bing Maps Aerial,-78.305,42.53429,56620.0,0,,0
3017660,36-020008,2024-WTE-11276-OE,34813.0,NY,Wyoming County,36121,Noble Bliss,2008.0,67,100.5,GE Wind,GE1.5-77,1500.0,80.0,77.0,4656.63,118.6,3,3,11/24/2025,Planet,-78.2354,42.52319,56620.0,0,,0
3017676,36-002768,2021-WTE-4479-OE,34867.0,NY,Wyoming County,36121,Noble Bliss,2008.0,67,100.5,GE Wind,GE1.5-77,1500.0,80.0,77.0,4656.63,118.6,3,3,,Bing Maps Aerial,-78.2814,42.54279,56620.0,0,,0
3026056,36-020691,2021-WTE-4520-OE,34858.0,NY,Wyoming County,36121,Noble Bliss,2008.0,67,100.5,GE Wind,GE1.5-77,1500.0,80.0,77.0,4656.63,118.6,3,3,,Bing Maps Aerial,-78.2277,42.54079,56620.0,0,,0
3017687,36-020027,2021-WTE-4495-OE,34848.0,NY,Wyoming County,36121,Noble Bliss,2008.0,67,100.5,GE Wind,GE1.5-77,1500.0,80.0,77.0,4656.63,118.6,3,3,,Bing Maps Aerial,-78.2436,42.53619,56620.0,0,,0
3017679,36-002755,2021-WTE-4482-OE,34863.0,NY,Wyoming County,36121,Noble Bliss,2008.0,67,100.5,GE Wind,GE1.5-77,1500.0,80.0,77.0,4656.63,118.6,3,3,,Bing Maps Aerial,-78.3044,42.54129,56620.0,0,,0
3017685,36-002759,2021-WTE-4492-OE,34825.0,NY,Wyoming County,36121,Noble Bliss,2008.0,67,100.5,GE Wind,GE1.5-77,1500.0,80.0,77.0,4656.63,118.6,3,3,,Bing Maps Aerial,-78.2771,42.52679,56620.0,0,,0
3017700,36-020015,2021-WTE-4516-OE,34846.0,NY,Wyoming County,36121,Noble Bliss,2008.0,67,100.5,GE Wind,GE1.5-77,1500.0,80.0,77.0,4656.63,118.6,3,3,,Bing Maps Aerial,-78.238,42.53589,56620.0,0,,0
3026080,36-020692,2021-WTE-4496-OE,34812.0,NY,Wyoming County,36121,Noble Bliss,2008.0,67,100.5,GE Wind,GE1.5-77,1500.0,80.0,77.0,4656.63,118.6,3,3,,Bing Maps Aerial,-78.2549,42.52299,56620.0,0,,0
3026078,36-002771,2021-WTE-4490-OE,34816.0,NY,Wyoming County,36121,Noble Bliss,2008.0,67,100.5,GE Wind,GE1.5-77,1500.0,80.0,77.0,4656.63,118.6,3,3,,Bing Maps Aerial,-78.28,42.52479,56620.0,0,,0
3017683,36-002770,2021-WTE-4489-OE,34817.0,NY,Wyoming County,36121,Noble Bliss,2008.0,67,100.5,GE Wind,GE1.5-77,1500.0,80.0,77.0,4656.63,118.6,3,3,,Bing Maps Aerial,-78.2837,42.52499,56620.0,0,,0
3026054,36-020058,2021-WTE-4514-OE,34912.0,NY,Wyoming County,36121,Noble Bliss,2008.0,67,100.5,GE Wind,GE1.5-77,1500.0,80.0,77.0,4656.63,118.6,3,3,,Bing Maps Aerial,-78.25349,42.57139,56620.0,0,,0
3017689,36-020025,2021-WTE-4498-OE,34844.0,NY,Wyoming County,36121,Noble Bliss,2008.0,67,100.5,GE Wind,GE1.5-77,1500.0,80.0,77.0,4656.63,118.6,3,3,,Bing Maps Aerial,-78.2557,42.53449,56620.0,0,,0
3017663,36-020038,2021-WTE-4459-OE,34820.0,NY,Wyoming County,36121,Noble Bliss,2008.0,67,100.5,GE Wind,GE1.5-77,1500.0,80.0,77.0,4656.63,118.6,3,3,,Bing Maps Aerial,-78.2307,42.52539,56620.0,0,,0
3017690,36-020024,2021-WTE-4499-OE,34850.0,NY,Wyoming County,36121,Noble Bliss,2008.0,67,100.5,GE Wind,GE1.5-77,1500.0,80.0,77.0,4656.63,118.6,3,3,,Bing Maps Aerial,-78.2584,42.53659,56620.0,0,,0
3017666,36-020036,2021-WTE-4462-OE,34907.0,NY,Wyoming County,36121,Noble Bliss,2008.0,67,100.5,GE Wind,GE1.5-77,1500.0,80.0,77.0,4656.63,118.6,3,3,,Bing Maps Aerial,-78.2352,42.56499,56620.0,0,,0
3017659,36-002754,2021-WTE-4455-OE,34821.0,NY,Wyoming County,36121,Noble Bliss,2008.0,67,100.5,GE Wind,GE1.5-77,1500.0,80.0,77.0,4656.63,118.6,3,3,,Bing Maps Aerial,-78.3034,42.52539,56620.0,0,,0
3017517,36-020121,2021-WTE-4471-OE,34893.0,NY,Wyoming County,36121,Noble Bliss,2008.0,67,100.5,GE Wind,GE1.5-77,1500.0,80.0,77.0,4656.63,118.6,3,3,,Bing Maps Aerial,-78.2541,42.55919,56620.0,0,,0
3026053,36-020688,2021-WTE-4511-OE,34885.0,NY,Wyoming County,36121,Noble Bliss,2008.0,67,100.5,GE Wind,GE1.5-77,1500.0,80.0,77.0,4656.63,118.6,3,3,,Bing Maps Aerial,-78.2344,42.55189,56620.0,0,,0
3017698,36-020017,2021-WTE-4513-OE,34894.0,NY,Wyoming County,36121,Noble Bliss,2008.0,67,100.5,GE Wind,GE1.5-77,1500.0,80.0,77.0,4656.63,118.6,3,3,,Bing Maps Aerial,-78.2397,42.56009,56620.0,0,,0
3017701,36-020014,2021-WTE-4519-OE,34865.0,NY,Wyoming County,36121,Noble Bliss,2008.0,67,100.5,GE Wind,GE1.5-77,1500.0,80.0,77.0,4656.63,118.6,3,3,,Bing Maps Aerial,-78.2426,42.54159,56620.0,0,,0
3017677,36-020030,2021-WTE-4480-OE,34871.0,NY,Wyoming County,36121,Noble Bliss,2008.0,67,100.5,GE Wind,GE1.5-77,1500.0,80.0,77.0,4656.63,118.6,3,3,,Bing Maps Aerial,-78.2469,42.54429,56620.0,0,,0
3017682,36-020029,2021-WTE-4488-OE,34843.0,NY,Wyoming County,36121,Noble Bliss,2008.0,67,100.5,GE Wind,GE1.5-77,1500.0,80.0,77.0,4656.63,118.6,3,3,,Bing Maps Aerial,-78.2608,42.53439,56620.0,0,,0
3017688,36-020026,2021-WTE-4497-OE,34833.0,NY,Wyoming County,36121,Noble Bliss,2008.0,67,100.5,GE Wind,GE1.5-77,1500.0,80.0,77.0,4656.63,118.6,3,3,,Bing Maps Aerial,-78.2532,42.52879,56620.0,0,,0
3017520,36-020122,2021-WTE-4517-OE,34877.0,NY,Wyoming County,36121,Noble Bliss,2008.0,67,100.5,GE Wind,GE1.5-77,1500.0,80.0,77.0,4656.63,118.6,3,3,,Bing Maps Aerial,-78.2412,42.54659,56620.0,0,,0
3017693,36-020022,2021-WTE-4505-OE,34909.0,NY,Wyoming County,36121,Noble Bliss,2008.0,67,100.5,GE Wind,GE1.5-77,1500.0,80.0,77.0,4656.63,118.6,3,3,,Bing Maps Aerial,-78.23029,42.56659,56620.0,0,,0
3017702,36-020100,2021-WTE-4521-OE,34881.0,NY,Wyoming County,36121,Noble Bliss,2008.0,67,100.5,GE Wind,GE1.5-77,1500.0,80.0,77.0,4656.63,118.6,3,3,,Bing Maps Aerial,-78.2826,42.54949,56620.0,0,,0
3026077,36-020696,2021-WTE-4469-OE,34904.0,NY,Wyoming County,36121,Noble Bliss,2008.0,67,100.5,GE Wind,GE1.5-77,1500.0,80.0,77.0,4656.63,118.6,3,3,,Bing Maps Aerial,-78.2547,42.56359,56620.0,0,,0
3026051,36-020689,2021-WTE-4503-OE,34913.0,NY,Wyoming County,36121,Noble Bliss,2008.0,67,100.5,GE Wind,GE1.5-77,1500.0,80.0,77.0,4656.63,118.6,3,3,,Bing Maps Aerial,-78.23679,42.57219,56620.0,0,,0
3017696,36-020019,2021-WTE-4510-OE,34878.0,NY,Wyoming County,36121,Noble Bliss,2008.0,67,100.5,GE Wind,GE1.5-77,1500.0,80.0,77.0,4656.63,118.6,3,3,,Bing Maps Aerial,-78.23309,42.54799,56620.0,0,,0
3017518,36-002756,2021-WTE-4483-OE,34852.0,NY,Wyoming County,36121,Noble Bliss,2008.0,67,100.5,GE Wind,GE1.5-77,1500.0,80.0,77.0,4656.63,118.6,3,3,,Bing Maps Aerial,-78.3051,42.53759,56620.0,0,,0
3017661,36-020040,2021-WTE-4457-OE,34840.0,NY,Wyoming County,36121,Noble Bliss,2008.0,67,100.5,GE Wind,GE1.5-77,1500.0,80.0,77.0,4656.63,118.6,3,3,,Bing Maps Aerial,-78.2561,42.53109,56620.0,0,,0
3017686,36-020028,2021-WTE-4494-OE,34831.0,NY,Wyoming County,36121,Noble Bliss,2008.0,67,100.5,GE Wind,GE1.5-77,1500.0,80.0,77.0,4656.63,118.6,3,3,,Bing Maps Aerial,-78.2596,42.52869,56620.0,0,,0
3017699,36-020016,2021-WTE-4515-OE,34851.0,NY,Wyoming County,36121,Noble Bliss,2008.0,67,100.5,GE Wind,GE1.5-77,1500.0,80.0,77.0,4656.63,118.6,3,3,,Bing Maps Aerial,-78.2534,42.53729,56620.0,0,,0
3017672,36-002765,2021-WTE-4473-OE,34819.0,NY,Wyoming County,36121,Noble Bliss,2008.0,67,100.5,GE Wind,GE1.5-77,1500.0,80.0,77.0,4656.63,118.6,3,3,,Bing Maps Aerial,-78.2874,42.52529,56620.0,0,,0
3017671,36-002764,2021-WTE-4472-OE,34859.0,NY,Wyoming County,36121,Noble Bliss,2008.0,67,100.5,GE Wind,GE1.5-77,1500.0,80.0,77.0,4656.63,118.6,3,3,,Bing Maps Aerial,-78.2848,42.54079,56620.0,0,,0
3017516,36-020234,2021-WTE-4467-OE,34896.0,NY,Wyoming County,36121,Noble Bliss,2008.0,67,100.5,GE Wind,GE1.5-77,1500.0,80.0,77.0,4656.63,118.6,3,3,,Bing Maps Aerial,-78.2458,42.56039,56620.0,0,,0
3017674,36-020004,2021-WTE-4475-OE,34889.0,NY,Wyoming County,36121,Noble Bliss,2008.0,67,100.5,GE Wind,GE1.5-77,1500.0,80.0,77.0,4656.63,118.6,3,3,,Bing Maps Aerial,-78.2757,42.55609,56620.0,0,,0
3026081,36-020604,2021-WTE-4470-OE,34898.0,NY,Wyoming County,36121,Noble Bliss,2008.0,67,100.5,GE Wind,GE1.5-77,1500.0,80.0,77.0,4656.63,118.6,3,3,,Bing Maps Aerial,-78.2567,42.56119,56620.0,0,,0
3026074,36-020693,2021-WTE-4485-OE,34899.0,NY,Wyoming County,36121,Noble Bliss,2008.0,67,100.5,GE Wind,GE1.5-77,1500.0,80.0,77.0,4656.63,118.6,3,3,,Bing Maps Aerial,-78.2691,42.56169,56620.0,0,,0
3026071,36-020605,2021-WTE-4465-OE,34900.0,NY,Wyoming County,36121,Noble Bliss,2008.0,67,100.5,GE Wind,GE1.5-77,1500.0,80.0,77.0,4656.63,118.6,3,3,,Bing Maps Aerial,-78.2316,42.56209,56620.0,0,,0
3017665,36-002763,2021-WTE-4461-OE,34830.0,NY,Wyoming County,36121,Noble Bliss,2008.0,67,100.5,GE Wind,GE1.5-77,1500.0,80.0,77.0,4656.63,118.6,3,3,,Bing Maps Aerial,-78.2888,42.52859,56620.0,0,,0
3026073,36-002767,2021-WTE-4478-OE,34862.0,NY,Wyoming County,36121,Noble Bliss,2008.0,67,100.5,GE Wind,GE1.5-77,1500.0,80.0,77.0,4656.63,118.6,3,3,,Bing Maps Aerial,-78.2916,42.54129,56620.0,0,,0
3017692,36-020023,2021-WTE-4502-OE,34916.0,NY,Wyoming County,36121,Noble Bliss,2008.0,67,100.5,GE Wind,GE1.5-77,1500.0,80.0,77.0,4656.63,118.6,3,3,,Bing Maps Aerial,-78.2381,42.57479,56620.0,0,,0
3017668,36-020034,2021-WTE-4464-OE,34884.0,NY,Wyoming County,36121,Noble Bliss,2008.0,67,100.5,GE Wind,GE1.5-77,1500.0,80.0,77.0,4656.63,118.6,3,3,,Bing Maps Aerial,-78.24709,42.55099,56620.0,0,,0
3017664,36-020037,2021-WTE-4460-OE,34860.0,NY,Wyoming County,36121,Noble Bliss,2008.0,67,100.5,GE Wind,GE1.5-77,1500.0,80.0,77.0,4656.63,118.6,3,3,,Bing Maps Aerial,-78.217,42.54089,56620.0,0,,0
3026045,36-020690,2021-WTE-4506-OE,34853.0,NY,Wyoming County,36121,Noble Bliss,2008.0,67,100.5,GE Wind,GE1.5-77,1500.0,80.0,77.0,4656.63,118.6,3,3,,Bing Maps Aerial,-78.21719,42.53799,56620.0,0,,0
3021471,36-020316,2021-WTE-4636-OE,35572.0,NY,Franklin County,36033,Noble Chateaugay,2009.0,71,106.5,GE Wind,GE1.5-77,1500.0,80.0,77.0,4656.63,118.6,3,3,,Bing Maps Aerial,-74.0235,44.90919,56904.0,0,,0
3021482,36-020305,2021-WTE-4647-OE,35544.0,NY,Franklin County,36033,Noble Chateaugay,2009.0,71,106.5,GE Wind,GE1.5-77,1500.0,80.0,77.0,4656.63,118.6,3,3,,Bing Maps Aerial,-74.0265,44.89879,56904.0,0,,0
3021499,36-020288,2021-WTE-4665-OE,35492.0,NY,Franklin County,36033,Noble Chateaugay,2009.0,71,106.5,GE Wind,GE1.5-77,1500.0,80.0,77.0,4656.63,118.6,3,3,,Bing Maps Aerial,-74.029,44.87619,56904.0,0,,0
3021488,36-020299,2021-WTE-4653-OE,35521.0,NY,Franklin County,36033,Noble Chateaugay,2009.0,71,106.5,GE Wind,GE1.5-77,1500.0,80.0,77.0,4656.63,118.6,3,3,,Bing Maps Aerial,-74.0341,44.88829,56904.0,0,,0
3021477,36-020310,2024-WTE-11146-OE,35540.0,NY,Franklin County,36033,Noble Chateaugay,2009.0,71,106.5,GE Wind,GE1.5-77,1500.0,80.0,77.0,4656.63,118.6,3,3,,Bing Maps Aerial,-74.016,44.89759,56904.0,0,,0
3021504,36-020284,2021-WTE-4670-OE,35505.0,NY,Franklin County,36033,Noble Chateaugay,2009.0,71,106.5,GE Wind,GE1.5-77,1500.0,80.0,77.0,4656.63,118.6,3,3,,Bing Maps Aerial,-74.0089,44.88109,56904.0,0,,0
3021462,36-020325,2024-WTE-11135-OE,35601.0,NY,Franklin County,36033,Noble Chateaugay,2009.0,71,106.5,GE Wind,GE1.5-77,1500.0,80.0,77.0,4656.63,118.6,3,3,,Bing Maps Aerial,-74.0358,44.92039,56904.0,0,,0
3021459,36-020328,2021-WTE-4622-OE,35577.0,NY,Franklin County,36033,Noble Chateaugay,2009.0,71,106.5,GE Wind,GE1.5-77,1500.0,80.0,77.0,4656.63,118.6,3,3,,Bing Maps Aerial,-74.0641,44.91119,56904.0,0,,0
3021516,36-020268,2024-WTE-11133-OE,35586.0,NY,Franklin County,36033,Noble Chateaugay,2009.0,71,106.5,GE Wind,GE1.5-77,1500.0,80.0,77.0,4656.63,118.6,3,3,,Bing Maps Aerial,-74.0445,44.91479,56904.0,0,,0
3021502,36-020276,2024-WTE-11156-OE,35506.0,NY,Franklin County,36033,Noble Chateaugay,2009.0,71,106.5,GE Wind,GE1.5-77,1500.0,80.0,77.0,4656.63,118.6,3,3,,Bing Maps Aerial,-74.0197,44.88119,56904.0,0,,0
3021490,36-020297,2024-WTE-11151-OE,35522.0,NY,Franklin County,36033,Noble Chateaugay,2009.0,71,106.5,GE Wind,GE1.5-77,1500.0,80.0,77.0,4656.63,118.6,3,3,,Bing Maps Aerial,-74.0276,44.88859,56904.0,0,,0
3021509,36-020275,2024-WTE-11158-OE,35485.0,NY,Franklin County,36033,Noble Chateaugay,2009.0,71,106.5,GE Wind,GE1.5-77,1500.0,80.0,77.0,4656.63,118.6,3,3,,Bing Maps Aerial,-74.0121,44.87419,56904.0,0,,0
3021475,36-020312,2021-WTE-4640-OE,35558.0,NY,Franklin County,36033,Noble Chateaugay,2009.0,71,106.5,GE Wind,GE1.5-77,1500.0,80.0,77.0,4656.63,118.6,3,3,,Bing Maps Aerial,-74.012,44.90319,56904.0,0,,0
3021505,36-020283,2024-WTE-11157-OE,35498.0,NY,Franklin County,36033,Noble Chateaugay,2009.0,71,106.5,GE Wind,GE1.5-77,1500.0,80.0,77.0,4656.63,118.6,3,3,,Bing Maps Aerial,-74.0166,44.87859,56904.0,0,,0
3021510,36-020274,2021-WTE-4676-OE,35517.0,NY,Franklin County,36033,Noble Chateaugay,2009.0,71,106.5,GE Wind,GE1.5-77,1500.0,80.0,77.0,4656.63,118.6,3,3,,Bing Maps Aerial,-74.0702,44.88489,56904.0,0,,0
3021463,36-020324,2021-WTE-4626-OE,35622.0,NY,Franklin County,36033,Noble Chateaugay,2009.0,71,106.5,GE Wind,GE1.5-77,1500.0,80.0,77.0,4656.63,118.6,3,3,,Bing Maps Aerial,-74.0251,44.92739,56904.0,0,,0
3021479,36-020308,2021-WTE-4644-OE,35543.0,NY,Franklin County,36033,Noble Chateaugay,2009.0,71,106.5,GE Wind,GE1.5-77,1500.0,80.0,77.0,4656.63,118.6,3,3,,Bing Maps Aerial,-74.0213,44.89809,56904.0,0,,0
3021455,36-020332,2021-WTE-4618-OE,35600.0,NY,Franklin County,36033,Noble Chateaugay,2009.0,71,106.5,GE Wind,GE1.5-77,1500.0,80.0,77.0,4656.63,118.6,3,3,,Bing Maps Aerial,-74.0609,44.92029,56904.0,0,,0
3021503,36-020285,2021-WTE-4669-OE,35507.0,NY,Franklin County,36033,Noble Chateaugay,2009.0,71,106.5,GE Wind,GE1.5-77,1500.0,80.0,77.0,4656.63,118.6,3,3,,Bing Maps Aerial,-74.0141,44.88129,56904.0,0,,0
3021498,36-020289,2021-WTE-4664-OE,35483.0,NY,Franklin County,36033,Noble Chateaugay,2009.0,71,106.5,GE Wind,GE1.5-77,1500.0,80.0,77.0,4656.63,118.6,3,3,,Bing Maps Aerial,-74.0259,44.87319,56904.0,0,,0
3021474,36-020313,2021-WTE-4639-OE,35563.0,NY,Franklin County,36033,Noble Chateaugay,2009.0,71,106.5,GE Wind,GE1.5-77,1500.0,80.0,77.0,4656.63,118.6,3,3,,Bing Maps Aerial,-74.0157,44.90469,56904.0,0,,0
3021485,36-020302,2024-WTE-11150-OE,35519.0,NY,Franklin County,36033,Noble Chateaugay,2009.0,71,106.5,GE Wind,GE1.5-77,1500.0,80.0,77.0,4656.63,118.6,3,3,,Bing Maps Aerial,-74.0533,44.88609,56904.0,0,,0
3021468,36-020320,2024-WTE-11138-OE,35598.0,NY,Franklin County,36033,Noble Chateaugay,2009.0,71,106.5,GE Wind,GE1.5-77,1500.0,80.0,77.0,4656.63,118.6,3,3,,Bing Maps Aerial,-74.01839,44.91919,56904.0,0,,0
3061466,36-020295,2021-WTE-4657-OE,35512.0,NY,Franklin County,36033,Noble Chateaugay,2009.0,71,106.5,GE Wind,GE1.5-77,1500.0,80.0,77.0,4656.63,118.6,3,3,11/12/2016,Maxar,-74.03479,44.8823,56904.0,0,,0
3021461,36-020326,2024-WTE-11134-OE,35612.0,NY,Franklin County,36033,Noble Chateaugay,2009.0,71,106.5,GE Wind,GE1.5-77,1500.0,80.0,77.0,4656.63,118.6,3,3,,Bing Maps Aerial,-74.0368,44.92329,56904.0,0,,0
3021497,36-020290,2021-WTE-4663-OE,35487.0,NY,Franklin County,36033,Noble Chateaugay,2009.0,71,106.5,GE Wind,GE1.5-77,1500.0,80.0,77.0,4656.63,118.6,3,3,,Bing Maps Aerial,-74.0337,44.87499,56904.0,0,,0
3021464,36-020323,2024-WTE-11136-OE,35615.0,NY,Franklin County,36033,Noble Chateaugay,2009.0,71,106.5,GE Wind,GE1.5-77,1500.0,80.0,77.0,4656.63,118.6,3,3,,Bing Maps Aerial,-74.0245,44.92469,56904.0,0,,0
3021458,36-020279,2021-WTE-4621-OE,35582.0,NY,Franklin County,36033,Noble Chateaugay,2009.0,71,106.5,GE Wind,GE1.5-77,1500.0,80.0,77.0,4656.63,118.6,3,3,,Bing Maps Aerial,-74.0678,44.91249,56904.0,0,,0
3021473,36-020314,2021-WTE-4638-OE,35571.0,NY,Franklin County,36033,Noble Chateaugay,2009.0,71,106.5,GE Wind,GE1.5-77,1500.0,80.0,77.0,4656.63,118.6,3,3,,Bing Maps Aerial,-74.0163,44.90889,56904.0,0,,0
3021519,36-020264,2021-WTE-4685-OE,35528.0,NY,Franklin County,36033,Noble Chateaugay,2009.0,71,106.5,GE Wind,GE1.5-77,1500.0,80.0,77.0,4656.63,118.6,3,3,,Bing Maps Aerial,-74.0248,44.89129,56904.0,0,,0
3021515,36-020269,2021-WTE-4681-OE,35587.0,NY,Franklin County,36033,Noble Chateaugay,2009.0,71,106.5,GE Wind,GE1.5-77,1500.0,80.0,77.0,4656.63,118.6,3,3,,Bing Maps Aerial,-74.0559,44.91529,56904.0,0,,0
3021467,36-020321,2021-WTE-4630-OE,35595.0,NY,Franklin County,36033,Noble Chateaugay,2009.0,71,106.5,GE Wind,GE1.5-77,1500.0,80.0,77.0,4656.63,118.6,3,3,,Bing Maps Aerial,-74.0229,44.91849,56904.0,0,,0
3021460,36-020327,2021-WTE-4623-OE,35619.0,NY,Franklin County,36033,Noble Chateaugay,2009.0,71,106.5,GE Wind,GE1.5-77,1500.0,80.0,77.0,4656.63,118.6,3,3,,Bing Maps Aerial,-74.0418,44.92569,56904.0,0,,0
3021472,36-020315,2021-WTE-4637-OE,35580.0,NY,Franklin County,36033,Noble Chateaugay,2009.0,71,106.5,GE Wind,GE1.5-77,1500.0,80.0,77.0,4656.63,118.6,3,3,,Bing Maps Aerial,-74.014,44.91189,56904.0,0,,0
3021456,36-020329,2021-WTE-4619-OE,35597.0,NY,Franklin County,36033,Noble Chateaugay,2009.0,71,106.5,GE Wind,GE1.5-77,1500.0,80.0,77.0,4656.63,118.6,3,3,,Bing Maps Aerial,-74.0659,44.91899,56904.0,0,,0
3021496,36-020291,2024-WTE-11155-OE,35482.0,NY,Franklin County,36033,Noble Chateaugay,2009.0,71,106.5,GE Wind,GE1.5-77,1500.0,80.0,77.0,4656.63,118.6,3,3,,Bing Maps Aerial,-74.042,44.87309,56904.0,0,,0
3021476,36-020311,2021-WTE-4641-OE,35547.0,NY,Franklin County,36033,Noble Chateaugay,2009.0,71,106.5,GE Wind,GE1.5-77,1500.0,80.0,77.0,4656.63,118.6,3,3,,Bing Maps Aerial,-74.0166,44.90059,56904.0,0,,0
3021501,36-020286,2021-WTE-4667-OE,35496.0,NY,Franklin County,36033,Noble Chateaugay,2009.0,71,106.5,GE Wind,GE1.5-77,1500.0,80.0,77.0,4656.63,118.6,3,3,,Bing Maps Aerial,-74.0254,44.87769,56904.0,0,,0
3021513,36-020271,2024-WTE-11129-OE,35592.0,NY,Franklin County,36033,Noble Chateaugay,2009.0,71,106.5,GE Wind,GE1.5-77,1500.0,80.0,77.0,4656.63,118.6,3,3,,Bing Maps Aerial,-74.0587,44.91749,56904.0,0,,0
3021512,36-020272,2021-WTE-4678-OE,35584.0,NY,Franklin County,36033,Noble Chateaugay,2009.0,71,106.5,GE Wind,GE1.5-77,1500.0,80.0,77.0,4656.63,118.6,3,3,,Bing Maps Aerial,-74.0611,44.91429,56904.0,0,,0
3021481,36-020306,2021-WTE-4646-OE,35557.0,NY,Franklin County,36033,Noble Chateaugay,2009.0,71,106.5,GE Wind,GE1.5-77,1500.0,80.0,77.0,4656.63,118.6,3,3,,Bing Maps Aerial,-74.027,44.90309,56904.0,0,,0
3021508,36-020280,2021-WTE-4674-OE,35494.0,NY,Franklin County,36033,Noble Chateaugay,2009.0,71,106.5,GE Wind,GE1.5-77,1500.0,80.0,77.0,4656.63,118.6,3,3,,Bing Maps Aerial,-74.0092,44.87739,56904.0,0,,0
3021520,36-020263,2021-WTE-4686-OE,35524.0,NY,Franklin County,36033,Noble Chateaugay,2009.0,71,106.5,GE Wind,GE1.5-77,1500.0,80.0,77.0,4656.63,118.6,3,3,,Bing Maps Aerial,-74.0202,44.89009,56904.0,0,,0
3021500,36-020287,2021-WTE-4666-OE,35504.0,NY,Franklin County,36033,Noble Chateaugay,2009.0,71,106.5,GE Wind,GE1.5-77,1500.0,80.0,77.0,4656.63,118.6,3,3,,Bing Maps Aerial,-74.0264,44.88069,56904.0,0,,0
3021514,36-020270,2024-WTE-11130-OE,35579.0,NY,Franklin County,36033,Noble Chateaugay,2009.0,71,106.5,GE Wind,GE1.5-77,1500.0,80.0,77.0,4656.63,118.6,3,3,,Bing Maps Aerial,-74.058,44.91189,56904.0,0,,0
3021771,36-020319,2024-WTE-11141-OE,35546.0,NY,Franklin County,36033,Noble Chateaugay,2009.0,71,106.5,GE Wind,GE1.5-77,1500.0,80.0,77.0,4656.63,118.6,3,3,,Bing Maps Aerial,-74.0662,44.89979,56904.0,0,,0
3021518,36-020265,2021-WTE-4684-OE,35608.0,NY,Franklin County,36033,Noble Chateaugay,2009.0,71,106.5,GE Wind,GE1.5-77,1500.0,80.0,77.0,4656.63,118.6,3,3,,Bing Maps Aerial,-74.0426,44.92199,56904.0,0,,0
3021470,36-020317,2024-WTE-11144-OE,35578.0,NY,Franklin County,36033,Noble Chateaugay,2009.0,71,106.5,GE Wind,GE1.5-77,1500.0,80.0,77.0,4656.63,118.6,3,3,,Bing Maps Aerial,-74.0204,44.91129,56904.0,0,,0
3021453,36-020331,2021-WTE-4616-OE,35613.0,NY,Franklin County,36033,Noble Chateaugay,2009.0,71,106.5,GE Wind,GE1.5-77,1500.0,80.0,77.0,4656.63,118.6,3,3,,Bing Maps Aerial,-74.0613,44.92339,56904.0,0,,0
3021492,36-020277,2024-WTE-11153-OE,35508.0,NY,Franklin County,36033,Noble Chateaugay,2009.0,71,106.5,GE Wind,GE1.5-77,1500.0,80.0,77.0,4656.63,118.6,3,3,,Bing Maps Aerial,-74.041,44.88149,56904.0,0,,0
3021466,36-020278,2021-WTE-4629-OE,35611.0,NY,Franklin County,36033,Noble Chateaugay,2009.0,71,106.5,GE Wind,GE1.5-77,1500.0,80.0,77.0,4656.63,118.6,3,3,,Bing Maps Aerial,-74.018,44.92279,56904.0,0,,0
3021489,36-020298,2021-WTE-4654-OE,35529.0,NY,Franklin County,36033,Noble Chateaugay,2009.0,71,106.5,GE Wind,GE1.5-77,1500.0,80.0,77.0,4656.63,118.6,3,3,,Bing Maps Aerial,-74.0297,44.89169,56904.0,0,,0
3021480,36-020307,2021-WTE-4645-OE,35551.0,NY,Franklin County,36033,Noble Chateaugay,2009.0,71,106.5,GE Wind,GE1.5-77,1500.0,80.0,77.0,4656.63,118.6,3,3,,Bing Maps Aerial,-74.0232,44.90109,56904.0,0,,0
3021454,36-020330,2024-WTE-11128-OE,35609.0,NY,Franklin County,36033,Noble Chateaugay,2009.0,71,106.5,GE Wind,GE1.5-77,1500.0,80.0,77.0,4656.63,118.6,3,3,,Bing Maps Aerial,-74.0668,44.92199,56904.0,0,,0
3021486,36-020301,2021-WTE-4651-OE,35518.0,NY,Franklin County,36033,Noble Chateaugay,2009.0,71,106.5,GE Wind,GE1.5-77,1500.0,80.0,77.0,4656.63,118.6,3,3,,Bing Maps Aerial,-74.04919,44.88539,56904.0,0,,0
3021493,36-020294,2021-WTE-4659-OE,35503.0,NY,Franklin County,36033,Noble Chateaugay,2009.0,71,106.5,GE Wind,GE1.5-77,1500.0,80.0,77.0,4656.63,118.6,3,3,,Bing Maps Aerial,-74.0319,44.88019,56904.0,0,,0
3021469,36-020318,2021-WTE-4634-OE,35539.0,NY,Franklin County,36033,Noble Chateaugay,2009.0,71,106.5,GE Wind,GE1.5-77,1500.0,80.0,77.0,4656.63,118.6,3,3,,Bing Maps Aerial,-74.0654,44.89679,56904.0,0,,0
3021494,36-020293,2021-WTE-4660-OE,35501.0,NY,Franklin County,36033,Noble Chateaugay,2009.0,71,106.5,GE Wind,GE1.5-77,1500.0,80.0,77.0,4656.63,118.6,3,3,,Bing Maps Aerial,-74.037,44.87919,56904.0,0,,0
3021506,36-020282,2021-WTE-4672-OE,35493.0,NY,Franklin County,36033,Noble Chateaugay,2009.0,71,106.5,GE Wind,GE1.5-77,1500.0,80.0,77.0,4656.63,118.6,3,3,,Bing Maps Aerial,-74.0211,44.87739,56904.0,0,,0
3021484,36-020303,2021-WTE-4649-OE,35527.0,NY,Franklin County,36033,Noble Chateaugay,2009.0,71,106.5,GE Wind,GE1.5-77,1500.0,80.0,77.0,4656.63,118.6,3,3,,Bing Maps Aerial,-74.0439,44.89119,56904.0,0,,0
3021465,36-020322,2024-WTE-11137-OE,35605.0,NY,Franklin County,36033,Noble Chateaugay,2009.0,71,106.5,GE Wind,GE1.5-77,1500.0,80.0,77.0,4656.63,118.6,3,3,,Bing Maps Aerial,-74.0238,44.92169,56904.0,0,,0
3021770,36-020267,2024-WTE-11139-OE,35566.0,NY,Franklin County,36033,Noble Chateaugay,2009.0,71,106.5,GE Wind,GE1.5-77,1500.0,80.0,77.0,4656.63,118.6,3,3,,Bing Maps Aerial,-74.0558,44.90549,56904.0,0,,0
3021483,36-020304,2024-WTE-11149-OE,35530.0,NY,Franklin County,36033,Noble Chateaugay,2009.0,71,106.5,GE Wind,GE1.5-77,1500.0,80.0,77.0,4656.63,118.6,3,3,,Bing Maps Aerial,-74.0523,44.89179,56904.0,0,,0
3021517,36-020266,2024-WTE-11132-OE,35596.0,NY,Franklin County,36033,Noble Chateaugay,2009.0,71,106.5,GE Wind,GE1.5-77,1500.0,80.0,77.0,4656.63,118.6,3,3,,Bing Maps Aerial,-74.0452,44.91849,56904.0,0,,0
3021457,36-020333,2021-WTE-4620-OE,35589.0,NY,Franklin County,36033,Noble Chateaugay,2009.0,71,106.5,GE Wind,GE1.5-77,1500.0,80.0,77.0,4656.63,118.6,3,3,,Bing Maps Aerial,-74.0646,44.91619,56904.0,0,,0
3021478,36-020309,2024-WTE-11145-OE,35561.0,NY,Franklin County,36033,Noble Chateaugay,2009.0,71,106.5,GE Wind,GE1.5-77,1500.0,80.0,77.0,4656.63,118.6,3,3,,Bing Maps Aerial,-74.0197,44.90339,56904.0,0,,0
3021487,36-020300,2021-WTE-4652-OE,35523.0,NY,Franklin County,36033,Noble Chateaugay,2009.0,71,106.5,GE Wind,GE1.5-77,1500.0,80.0,77.0,4656.63,118.6,3,3,,Bing Maps Aerial,-74.0398,44.88959,56904.0,0,,0
3021511,36-020273,2024-WTE-11148-OE,35514.0,NY,Franklin County,36033,Noble Chateaugay,2009.0,71,106.5,GE Wind,GE1.5-77,1500.0,80.0,77.0,4656.63,118.6,3,3,,Bing Maps Aerial,-74.0657,44.88299,56904.0,0,,0
3021507,36-020281,2021-WTE-4673-OE,35484.0,NY,Franklin County,36033,Noble Chateaugay,2009.0,71,106.5,GE Wind,GE1.5-77,1500.0,80.0,77.0,4656.63,118.6,3,3,,Bing Maps Aerial,-74.02,44.87399,56904.0,0,,0
3021495,36-020292,2024-WTE-11154-OE,35491.0,NY,Franklin County,36033,Noble Chateaugay,2009.0,71,106.5,GE Wind,GE1.5-77,1500.0,80.0,77.0,4656.63,118.6,3,3,,Bing Maps Aerial,-74.0387,44.87619,56904.0,0,,0
3021491,36-020296,2024-WTE-11152-OE,35520.0,NY,Franklin County,36033,Noble Chateaugay,2009.0,71,106.5,GE Wind,GE1.5-77,1500.0,80.0,77.0,4656.63,118.6,3,3,,Bing Maps Aerial,-74.0367,44.88619,56904.0,0,,0
3017432,36-020067,2021-WTE-4820-OE,35644.0,NY,Clinton County,36019,Noble Clinton,2008.0,67,100.5,GE Wind,GE1.5-77,1500.0,80.0,77.0,4656.63,118.6,3,3,,Bing Maps Aerial,-73.9873,44.95139,56618.0,0,,0
3017538,36-020179,2021-WTE-4772-OE,35643.0,NY,Clinton County,36019,Noble Clinton,2008.0,67,100.5,GE Wind,GE1.5-77,1500.0,80.0,77.0,4656.63,118.6,3,3,,Bing Maps Aerial,-73.9825,44.95069,56618.0,0,,0
3017425,36-020075,2021-WTE-4810-OE,35537.0,NY,Clinton County,36019,Noble Clinton,2008.0,67,100.5,GE Wind,GE1.5-77,1500.0,80.0,77.0,4656.63,118.6,3,3,,Bing Maps Aerial,-73.9843,44.89579,56618.0,0,,0
3017407,36-020094,2021-WTE-4786-OE,35555.0,NY,Clinton County,36019,Noble Clinton,2008.0,67,100.5,GE Wind,GE1.5-77,1500.0,80.0,77.0,4656.63,118.6,3,3,,Bing Maps Aerial,-74.0057,44.90269,56618.0,0,,0
3017395,36-020048,2024-WTE-9894-OE,35628.0,NY,Clinton County,36019,Noble Clinton,2008.0,67,100.5,GE Wind,GE1.5-77,1500.0,80.0,77.0,4656.63,118.6,3,3,,Bing Maps Aerial,-73.9899,44.93159,56618.0,0,,0
3017541,36-020177,2024-WTE-9888-OE,35534.0,NY,Clinton County,36019,Noble Clinton,2008.0,67,100.5,GE Wind,GE1.5-77,1500.0,80.0,77.0,4656.63,118.6,3,3,,Bing Maps Aerial,-73.9992,44.89419,56618.0,0,,0
3017434,36-020065,2024-WTE-9886-OE,35567.0,NY,Clinton County,36019,Noble Clinton,2008.0,67,100.5,GE Wind,GE1.5-77,1500.0,80.0,77.0,4656.63,118.6,3,3,,Bing Maps Aerial,-74.001,44.90609,56618.0,0,,0
3017439,36-020059,2021-WTE-4828-OE,35616.0,NY,Clinton County,36019,Noble Clinton,2008.0,67,100.5,GE Wind,GE1.5-77,1500.0,80.0,77.0,4656.63,118.6,3,3,,Bing Maps Aerial,-73.98949,44.92489,56618.0,0,,0
3017437,36-020061,2021-WTE-4824-OE,35545.0,NY,Clinton County,36019,Noble Clinton,2008.0,67,100.5,GE Wind,GE1.5-77,1500.0,80.0,77.0,4656.63,118.6,3,3,,Bing Maps Aerial,-73.9855,44.89909,56618.0,0,,0
3048868,36-020088,2021-WTE-4793-OE,35541.0,NY,Clinton County,36019,Noble Clinton,2008.0,67,100.5,GE Wind,GE1.5-77,1500.0,80.0,77.0,4656.63,118.6,3,3,,Bing Maps Aerial,-74.0058,44.89779,56618.0,0,,0
3017391,36-020053,2024-WTE-9890-OE,35648.0,NY,Clinton County,36019,Noble Clinton,2008.0,67,100.5,GE Wind,GE1.5-77,1500.0,80.0,77.0,4656.63,118.6,3,3,,Bing Maps Aerial,-73.9803,44.95389,56618.0,0,,0
3017540,36-020178,2021-WTE-4794-OE,35535.0,NY,Clinton County,36019,Noble Clinton,2008.0,67,100.5,GE Wind,GE1.5-77,1500.0,80.0,77.0,4656.63,118.6,3,3,,Bing Maps Aerial,-74.0043,44.89429,56618.0,0,,0
3017392,36-020051,2021-WTE-4770-OE,35640.0,NY,Clinton County,36019,Noble Clinton,2008.0,67,100.5,GE Wind,GE1.5-77,1500.0,80.0,77.0,4656.63,118.6,3,3,,Bing Maps Aerial,-73.9802,44.94789,56618.0,0,,0
3017537,36-020123,2021-WTE-4765-OE,35639.0,NY,Clinton County,36019,Noble Clinton,2008.0,67,100.5,GE Wind,GE1.5-77,1500.0,80.0,77.0,4656.63,118.6,3,3,,Bing Maps Aerial,-74.0016,44.94759,56618.0,0,,0
3017419,36-020081,2024-WTE-9878-OE,35625.0,NY,Clinton County,36019,Noble Clinton,2008.0,67,100.5,GE Wind,GE1.5-77,1500.0,80.0,77.0,4656.63,118.6,3,3,,Bing Maps Aerial,-74.0059,44.92889,56618.0,0,,0
3017411,36-020090,2021-WTE-4791-OE,35569.0,NY,Clinton County,36019,Noble Clinton,2008.0,67,100.5,GE Wind,GE1.5-77,1500.0,80.0,77.0,4656.63,118.6,3,3,,Bing Maps Aerial,-73.9975,44.90739,56618.0,0,,0
3017426,36-020074,2021-WTE-4811-OE,35606.0,NY,Clinton County,36019,Noble Clinton,2008.0,67,100.5,GE Wind,GE1.5-77,1500.0,80.0,77.0,4656.63,118.6,3,3,,Bing Maps Aerial,-73.9819,44.92179,56618.0,0,,0
3048869,36-020062,2021-WTE-4823-OE,35618.0,NY,Clinton County,36019,Noble Clinton,2008.0,67,100.5,GE Wind,GE1.5-77,1500.0,80.0,77.0,4656.63,118.6,3,3,,Bing Maps Aerial,-74.0107,44.92549,56618.0,0,,0
3017403,36-020098,2024-WTE-9901-OE,35532.0,NY,Clinton County,36019,Noble Clinton,2008.0,67,100.5,GE Wind,GE1.5-77,1500.0,80.0,77.0,4656.63,118.6,3,3,,Bing Maps Aerial,-73.9746,44.89329,56618.0,0,,0
3017543,36-020003,2021-WTE-4808-OE,35525.0,NY,Clinton County,36019,Noble Clinton,2008.0,67,100.5,GE Wind,GE1.5-77,1500.0,80.0,77.0,4656.63,118.6,3,3,,Bing Maps Aerial,-73.9989,44.89049,56618.0,0,,0
3017415,36-020085,2021-WTE-4797-OE,35585.0,NY,Clinton County,36019,Noble Clinton,2008.0,67,100.5,GE Wind,GE1.5-77,1500.0,80.0,77.0,4656.63,118.6,3,3,,Bing Maps Aerial,-74.0083,44.91469,56618.0,0,,0
3017408,36-020092,2024-WTE-9885-OE,35570.0,NY,Clinton County,36019,Noble Clinton,2008.0,67,100.5,GE Wind,GE1.5-77,1500.0,80.0,77.0,4656.63,118.6,3,3,,Bing Maps Aerial,-74.0037,44.90809,56618.0,0,,0
3017396,36-020047,2021-WTE-4775-OE,35627.0,NY,Clinton County,36019,Noble Clinton,2008.0,67,100.5,GE Wind,GE1.5-77,1500.0,80.0,77.0,4656.63,118.6,3,3,,Bing Maps Aerial,-73.9866,44.93009,56618.0,0,,0
3017429,36-020070,2021-WTE-4816-OE,35599.0,NY,Clinton County,36019,Noble Clinton,2008.0,67,100.5,GE Wind,GE1.5-77,1500.0,80.0,77.0,4656.63,118.6,3,3,,Bing Maps Aerial,-73.998,44.91969,56618.0,0,,0
3017542,36-020002,2024-WTE-9889-OE,35526.0,NY,Clinton County,36019,Noble Clinton,2008.0,67,100.5,GE Wind,GE1.5-77,1500.0,80.0,77.0,4656.63,118.6,3,3,,Bing Maps Aerial,-74.0037,44.89069,56618.0,0,,0
3017401,36-020042,2021-WTE-4780-OE,35593.0,NY,Clinton County,36019,Noble Clinton,2008.0,67,100.5,GE Wind,GE1.5-77,1500.0,80.0,77.0,4656.63,118.6,3,3,,Bing Maps Aerial,-73.9837,44.91759,56618.0,0,,0
3042198,36-020052,2024-WTE-9875-OE,35637.0,NY,Clinton County,36019,Noble Clinton,2008.0,67,100.5,GE Wind,GE1.5-77,1500.0,80.0,77.0,4656.63,118.6,3,3,12/9/2025,Maxar,-74.0058,44.94639,56618.0,0,,0
3017545,36-020175,2021-WTE-4817-OE,35634.0,NY,Clinton County,36019,Noble Clinton,2008.0,67,100.5,GE Wind,GE1.5-77,1500.0,80.0,77.0,4656.63,118.6,3,3,,Bing Maps Aerial,-74.0004,44.94289,56618.0,0,,0
3017393,36-020050,2021-WTE-4771-OE,35645.0,NY,Clinton County,36019,Noble Clinton,2008.0,67,100.5,GE Wind,GE1.5-77,1500.0,80.0,77.0,4656.63,118.6,3,3,,Bing Maps Aerial,-73.9936,44.95159,56618.0,0,,0
3048867,36-020011,2024-WTE-9873-OE,35646.0,NY,Clinton County,36019,Noble Clinton,2008.0,67,100.5,GE Wind,GE1.5-77,1500.0,80.0,77.0,4656.63,118.6,3,3,,Bing Maps Aerial,-74.006,44.95269,56618.0,0,,0
3017394,36-020049,2024-WTE-9893-OE,35632.0,NY,Clinton County,36019,Noble Clinton,2008.0,67,100.5,GE Wind,GE1.5-77,1500.0,80.0,77.0,4656.63,118.6,3,3,,Bing Maps Aerial,-73.9845,44.93909,56618.0,0,,0
3017412,36-020089,2021-WTE-4792-OE,35573.0,NY,Clinton County,36019,Noble Clinton,2008.0,67,100.5,GE Wind,GE1.5-77,1500.0,80.0,77.0,4656.63,118.6,3,3,,Bing Maps Aerial,-73.9946,44.90949,56618.0,0,,0
3017436,36-020063,2021-WTE-4827-OE,35624.0,NY,Clinton County,36019,Noble Clinton,2008.0,67,100.5,GE Wind,GE1.5-77,1500.0,80.0,77.0,4656.63,118.6,3,3,,Bing Maps Aerial,-73.9893,44.92789,56618.0,0,,0
3017406,36-020095,2024-WTE-9899-OE,35549.0,NY,Clinton County,36019,Noble Clinton,2008.0,67,100.5,GE Wind,GE1.5-77,1500.0,80.0,77.0,4656.63,118.6,3,3,,Bing Maps Aerial,-73.9808,44.90079,56618.0,0,,0
3017421,36-020079,2024-WTE-9900-OE,35542.0,NY,Clinton County,36019,Noble Clinton,2008.0,67,100.5,GE Wind,GE1.5-77,1500.0,80.0,77.0,4656.63,118.6,3,3,,Bing Maps Aerial,-73.9795,44.89789,56618.0,0,,0
3017410,36-020091,2021-WTE-4789-OE,35554.0,NY,Clinton County,36019,Noble Clinton,2008.0,67,100.5,GE Wind,GE1.5-77,1500.0,80.0,77.0,4656.63,118.6,3,3,,Bing Maps Aerial,-73.9928,44.90259,56618.0,0,,0
3017418,36-020082,2021-WTE-4800-OE,35614.0,NY,Clinton County,36019,Noble Clinton,2008.0,67,100.5,GE Wind,GE1.5-77,1500.0,80.0,77.0,4656.63,118.6,3,3,,Bing Maps Aerial,-74.0078,44.92349,56618.0,0,,0
3042199,36-020071,2024-WTE-9882-OE,35610.0,NY,Clinton County,36019,Noble Clinton,2008.0,67,100.5,GE Wind,GE1.5-77,1500.0,80.0,77.0,4656.63,118.6,3,3,12/9/2025,Maxar,-73.9986,44.92239,56618.0,0,,0
3017440,36-020054,2021-WTE-4829-OE,35623.0,NY,Clinton County,36019,Noble Clinton,2008.0,67,100.5,GE Wind,GE1.5-77,1500.0,80.0,77.0,4656.63,118.6,3,3,,Bing Maps Aerial,-74.0019,44.92769,56618.0,0,,0
3017544,36-020176,2021-WTE-4813-OE,35630.0,NY,Clinton County,36019,Noble Clinton,2008.0,67,100.5,GE Wind,GE1.5-77,1500.0,80.0,77.0,4656.63,118.6,3,3,,Bing Maps Aerial,-73.9988,44.93779,56618.0,0,,0
3017420,36-020080,2024-WTE-9876-OE,35633.0,NY,Clinton County,36019,Noble Clinton,2008.0,67,100.5,GE Wind,GE1.5-77,1500.0,80.0,77.0,4656.63,118.6,3,3,,Bing Maps Aerial,-74.0047,44.94059,56618.0,0,,0
3017390,36-020056,2024-WTE-9877-OE,35629.0,NY,Clinton County,36019,Noble Clinton,2008.0,67,100.5,GE Wind,GE1.5-77,1500.0,80.0,77.0,4656.63,118.6,3,3,,Bing Maps Aerial,-74.0038,44.93749,56618.0,0,,0
3017430,36-020069,2021-WTE-4818-OE,35626.0,NY,Clinton County,36019,Noble Clinton,2008.0,67,100.5,GE Wind,GE1.5-77,1500.0,80.0,77.0,4656.63,118.6,3,3,,Bing Maps Aerial,-73.9984,44.92989,56618.0,0,,0
3017414,36-020086,2021-WTE-4796-OE,35591.0,NY,Clinton County,36019,Noble Clinton,2008.0,67,100.5,GE Wind,GE1.5-77,1500.0,80.0,77.0,4656.63,118.6,3,3,,Bing Maps Aerial,-74.0103,44.91729,56618.0,0,,0
3017400,36-020043,2024-WTE-9896-OE,35604.0,NY,Clinton County,36019,Noble Clinton,2008.0,67,100.5,GE Wind,GE1.5-77,1500.0,80.0,77.0,4656.63,118.6,3,3,,Bing Maps Aerial,-73.9874,44.92139,56618.0,0,,0
3017431,36-020068,2021-WTE-4819-OE,35636.0,NY,Clinton County,36019,Noble Clinton,2008.0,67,100.5,GE Wind,GE1.5-77,1500.0,80.0,77.0,4656.63,118.6,3,3,,Bing Maps Aerial,-73.9825,44.94409,56618.0,0,,0
3017416,36-020084,2024-WTE-9880-OE,35617.0,NY,Clinton County,36019,Noble Clinton,2008.0,67,100.5,GE Wind,GE1.5-77,1500.0,80.0,77.0,4656.63,118.6,3,3,,Bing Maps Aerial,-74.0001,44.92509,56618.0,0,,0
3017389,36-020057,2021-WTE-4766-OE,35631.0,NY,Clinton County,36019,Noble Clinton,2008.0,67,100.5,GE Wind,GE1.5-77,1500.0,80.0,77.0,4656.63,118.6,3,3,,Bing Maps Aerial,-73.9902,44.93799,56618.0,0,,0
3017438,36-020060,2021-WTE-4822-OE,35647.0,NY,Clinton County,36019,Noble Clinton,2008.0,67,100.5,GE Wind,GE1.5-77,1500.0,80.0,77.0,4656.63,118.6,3,3,,Bing Maps Aerial,-73.9746,44.95329,56618.0,0,,0
3017427,36-020073,2024-WTE-9891-OE,35638.0,NY,Clinton County,36019,Noble Clinton,2008.0,67,100.5,GE Wind,GE1.5-77,1500.0,80.0,77.0,4656.63,118.6,3,3,,Bing Maps Aerial,-73.985,44.94709,56618.0,0,,0
3017397,36-020046,2021-WTE-4776-OE,35602.0,NY,Clinton County,36019,Noble Clinton,2008.0,67,100.5,GE Wind,GE1.5-77,1500.0,80.0,77.0,4656.63,118.6,3,3,,Bing Maps Aerial,-74.0099,44.92069,56618.0,0,,0
3017409,36-020093,2021-WTE-4788-OE,35560.0,NY,Clinton County,36019,Noble Clinton,2008.0,67,100.5,GE Wind,GE1.5-77,1500.0,80.0,77.0,4656.63,118.6,3,3,,Bing Maps Aerial,-73.9995,44.90339,56618.0,0,,0
3017433,36-020066,2021-WTE-4821-OE,35642.0,NY,Clinton County,36019,Noble Clinton,2008.0,67,100.5,GE Wind,GE1.5-77,1500.0,80.0,77.0,4656.63,118.6,3,3,,Bing Maps Aerial,-73.9902,44.94849,56618.0,0,,0
3017423,36-020077,2021-WTE-4807-OE,35565.0,NY,Clinton County,36019,Noble Clinton,2008.0,67,100.5,GE Wind,GE1.5-77,1500.0,80.0,77.0,4656.63,118.6,3,3,,Bing Maps Aerial,-73.9942,44.90539,56618.0,0,,0
3017398,36-020045,2024-WTE-9895-OE,35621.0,NY,Clinton County,36019,Noble Clinton,2008.0,67,100.5,GE Wind,GE1.5-77,1500.0,80.0,77.0,4656.63,118.6,3,3,,Bing Maps Aerial,-73.9854,44.92729,56618.0,0,,0
3017435,36-020064,2021-WTE-4826-OE,35538.0,NY,Clinton County,36019,Noble Clinton,2008.0,67,100.5,GE Wind,GE1.5-77,1500.0,80.0,77.0,4656.63,118.6,3,3,,Bing Maps Aerial,-73.9763,44.89589,56618.0,0,,0
3017422,36-020078,2024-WTE-9883-OE,35590.0,NY,Clinton County,36019,Noble Clinton,2008.0,67,100.5,GE Wind,GE1.5-77,1500.0,80.0,77.0,4656.63,118.6,3,3,,Bing Maps Aerial,-74.0051,44.91679,56618.0,0,,0
3017441,36-020055,2021-WTE-4830-OE,35575.0,NY,Clinton County,36019,Noble Clinton,2008.0,67,100.5,GE Wind,GE1.5-77,1500.0,80.0,77.0,4656.63,118.6,3,3,,Bing Maps Aerial,-73.9858,44.91059,56618.0,0,,0
3017428,36-020072,2021-WTE-4814-OE,35641.0,NY,Clinton County,36019,Noble Clinton,2008.0,67,100.5,GE Wind,GE1.5-77,1500.0,80.0,77.0,4656.63,118.6,3,3,,Bing Maps Aerial,-73.9955,44.94819,56618.0,0,,0
3017417,36-020083,2024-WTE-9879-OE,35620.0,NY,Clinton County,36019,Noble Clinton,2008.0,67,100.5,GE Wind,GE1.5-77,1500.0,80.0,77.0,4656.63,118.6,3,3,,Bing Maps Aerial,-74.00629,44.92609,56618.0,0,,0
3017405,36-020096,2021-WTE-4784-OE,35531.0,NY,Clinton County,36019,Noble Clinton,2008.0,67,100.5,GE Wind,GE1.5-77,1500.0,80.0,77.0,4656.63,118.6,3,3,,Bing Maps Aerial,-73.979,44.89319,56618.0,0,,0
3017424,36-020076,2021-WTE-4809-OE,35564.0,NY,Clinton County,36019,Noble Clinton,2008.0,67,100.5,GE Wind,GE1.5-77,1500.0,80.0,77.0,4656.63,118.6,3,3,,Bing Maps Aerial,-74.0073,44.90529,56618.0,0,,0
3017399,36-020044,2024-WTE-9892-OE,35635.0,NY,Clinton County,36019,Noble Clinton,2008.0,67,100.5,GE Wind,GE1.5-77,1500.0,80.0,77.0,4656.63,118.6,3,3,,Bing Maps Aerial,-73.9865,44.94319,56618.0,0,,0
3017402,36-020041,2024-WTE-9898-OE,35583.0,NY,Clinton County,36019,Noble Clinton,2008.0,67,100.5,GE Wind,GE1.5-77,1500.0,80.0,77.0,4656.63,118.6,3,3,,Bing Maps Aerial,-73.9835,44.91319,56618.0,0,,0
3017404,36-020097,2021-WTE-4783-OE,35533.0,NY,Clinton County,36019,Noble Clinton,2008.0,67,100.5,GE Wind,GE1.5-77,1500.0,80.0,77.0,4656.63,118.6,3,3,,Bing Maps Aerial,-73.96989,44.89409,56618.0,0,,0
3017413,36-020087,2021-WTE-4795-OE,35536.0,NY,Clinton County,36019,Noble Clinton,2008.0,67,100.5,GE Wind,GE1.5-77,1500.0,80.0,77.0,4656.63,118.6,3,3,,Bing Maps Aerial,-73.9948,44.89549,56618.0,0,,0
3017539,36-020001,2024-WTE-9887-OE,35550.0,NY,Clinton County,36019,Noble Clinton,2008.0,67,100.5,GE Wind,GE1.5-77,1500.0,80.0,77.0,4656.63,118.6,3,3,,Bing Maps Aerial,-74.0023,44.90089,56618.0,0,,0
3017524,36-020183,2024-WTE-11110-OE,35442.0,NY,Clinton County,36019,Noble Ellenburg,2008.0,54,81.0,GE Wind,GE1.5-77,1500.0,80.0,77.0,4656.63,118.6,3,3,,Bing Maps Aerial,-73.9753,44.86239,56619.0,0,,0
3017383,36-020137,2021-WTE-4758-OE,35513.0,NY,Clinton County,36019,Noble Ellenburg,2008.0,54,81.0,GE Wind,GE1.5-77,1500.0,80.0,77.0,4656.63,118.6,3,3,,Bing Maps Aerial,-73.9679,44.88269,56619.0,0,,0
3017380,36-020140,2024-WTE-11117-OE,35476.0,NY,Clinton County,36019,Noble Ellenburg,2008.0,54,81.0,GE Wind,GE1.5-77,1500.0,80.0,77.0,4656.63,118.6,3,3,,Bing Maps Aerial,-73.931,44.87149,56619.0,0,,0
3017347,36-020110,2021-WTE-4714-OE,35474.0,NY,Clinton County,36019,Noble Ellenburg,2008.0,54,81.0,GE Wind,GE1.5-77,1500.0,80.0,77.0,4656.63,118.6,3,3,,Bing Maps Aerial,-73.9346,44.87019,56619.0,0,,0
3017356,36-020119,2024-WTE-11112-OE,35495.0,NY,Clinton County,36019,Noble Ellenburg,2008.0,54,81.0,GE Wind,GE1.5-77,1500.0,80.0,77.0,4656.63,118.6,3,3,,Bing Maps Aerial,-73.9656,44.87749,56619.0,0,,0
3017371,36-020148,2024-WTE-11101-OE,35446.0,NY,Clinton County,36019,Noble Ellenburg,2008.0,54,81.0,GE Wind,GE1.5-77,1500.0,80.0,77.0,4656.63,118.6,3,3,,Bing Maps Aerial,-74.0039,44.86299,56619.0,0,,0
3017376,36-020144,2021-WTE-4751-OE,35480.0,NY,Clinton County,36019,Noble Ellenburg,2008.0,54,81.0,GE Wind,GE1.5-77,1500.0,80.0,77.0,4656.63,118.6,3,3,,Bing Maps Aerial,-73.9621,44.87199,56619.0,0,,0
3017385,36-020135,2024-WTE-11103-OE,35516.0,NY,Clinton County,36019,Noble Ellenburg,2008.0,54,81.0,GE Wind,GE1.5-77,1500.0,80.0,77.0,4656.63,118.6,3,3,,Bing Maps Aerial,-73.994,44.88399,56619.0,0,,0
3017363,36-020156,2021-WTE-4738-OE,35475.0,NY,Clinton County,36019,Noble Ellenburg,2008.0,54,81.0,GE Wind,GE1.5-77,1500.0,80.0,77.0,4656.63,118.6,3,3,,Bing Maps Aerial,-73.9743,44.87079,56619.0,0,,0
3017374,36-020187,2021-WTE-4749-OE,35450.0,NY,Clinton County,36019,Noble Ellenburg,2008.0,54,81.0,GE Wind,GE1.5-77,1500.0,80.0,77.0,4656.63,118.6,3,3,,Bing Maps Aerial,-73.9981,44.86349,56619.0,0,,0
3017523,36-020184,2021-WTE-4721-OE,35445.0,NY,Clinton County,36019,Noble Ellenburg,2008.0,54,81.0,GE Wind,GE1.5-77,1500.0,80.0,77.0,4656.63,118.6,3,3,,Bing Maps Aerial,-73.9625,44.86289,56619.0,0,,0
3017526,36-020181,2024-WTE-11109-OE,35454.0,NY,Clinton County,36019,Noble Ellenburg,2008.0,54,81.0,GE Wind,GE1.5-77,1500.0,80.0,77.0,4656.63,118.6,3,3,,Bing Maps Aerial,-73.9794,44.86469,56619.0,0,,0
3017361,36-020158,2021-WTE-4736-OE,35464.0,NY,Clinton County,36019,Noble Ellenburg,2008.0,54,81.0,GE Wind,GE1.5-77,1500.0,80.0,77.0,4656.63,118.6,3,3,,Bing Maps Aerial,-73.9833,44.86759,56619.0,0,,0
3017387,36-020133,2021-WTE-4762-OE,35509.0,NY,Clinton County,36019,Noble Ellenburg,2008.0,54,81.0,GE Wind,GE1.5-77,1500.0,80.0,77.0,4656.63,118.6,3,3,,Bing Maps Aerial,-74.0032,44.88159,56619.0,0,,0
3017351,36-020114,2021-WTE-4718-OE,35443.0,NY,Clinton County,36019,Noble Ellenburg,2008.0,54,81.0,GE Wind,GE1.5-77,1500.0,80.0,77.0,4656.63,118.6,3,3,,Bing Maps Aerial,-73.9521,44.86249,56619.0,0,,0
3021757,36-020610,2021-WTE-4730-OE,35440.0,NY,Clinton County,36019,Noble Ellenburg,2008.0,54,81.0,GE Wind,GE1.5-77,1500.0,80.0,77.0,4656.63,118.6,3,3,,Bing Maps Aerial,-73.98,44.86199,56619.0,0,,0
3017360,36-020159,2024-WTE-11107-OE,35461.0,NY,Clinton County,36019,Noble Ellenburg,2008.0,54,81.0,GE Wind,GE1.5-77,1500.0,80.0,77.0,4656.63,118.6,3,3,,Bing Maps Aerial,-73.9901,44.86659,56619.0,0,,0
3017350,36-020113,2021-WTE-4717-OE,35447.0,NY,Clinton County,36019,Noble Ellenburg,2008.0,54,81.0,GE Wind,GE1.5-77,1500.0,80.0,77.0,4656.63,118.6,3,3,,Bing Maps Aerial,-73.9478,44.86299,56619.0,0,,0
3017357,36-020120,2021-WTE-4727-OE,35489.0,NY,Clinton County,36019,Noble Ellenburg,2008.0,54,81.0,GE Wind,GE1.5-77,1500.0,80.0,77.0,4656.63,118.6,3,3,,Bing Maps Aerial,-73.9788,44.87589,56619.0,0,,0
3017343,36-020101,2021-WTE-4710-OE,35456.0,NY,Clinton County,36019,Noble Ellenburg,2008.0,54,81.0,GE Wind,GE1.5-77,1500.0,80.0,77.0,4656.63,118.6,3,3,,Bing Maps Aerial,-73.926,44.86499,56619.0,0,,0
3017369,36-020150,2021-WTE-4744-OE,35486.0,NY,Clinton County,36019,Noble Ellenburg,2008.0,54,81.0,GE Wind,GE1.5-77,1500.0,80.0,77.0,4656.63,118.6,3,3,,Bing Maps Aerial,-73.999,44.87479,56619.0,0,,0
3017373,36-020146,2024-WTE-11099-OE,35471.0,NY,Clinton County,36019,Noble Ellenburg,2008.0,54,81.0,GE Wind,GE1.5-77,1500.0,80.0,77.0,4656.63,118.6,3,3,,Bing Maps Aerial,-74.0036,44.86909,56619.0,0,,0
3017370,36-020149,2024-WTE-11102-OE,35439.0,NY,Clinton County,36019,Noble Ellenburg,2008.0,54,81.0,GE Wind,GE1.5-77,1500.0,80.0,77.0,4656.63,118.6,3,3,,Bing Maps Aerial,-74.0031,44.85989,56619.0,0,,0
3017525,36-020182,2021-WTE-4729-OE,35444.0,NY,Clinton County,36019,Noble Ellenburg,2008.0,54,81.0,GE Wind,GE1.5-77,1500.0,80.0,77.0,4656.63,118.6,3,3,,Bing Maps Aerial,-73.971,44.86259,56619.0,0,,0
3017379,36-020141,2024-WTE-11116-OE,35449.0,NY,Clinton County,36019,Noble Ellenburg,2008.0,54,81.0,GE Wind,GE1.5-77,1500.0,80.0,77.0,4656.63,118.6,3,3,,Bing Maps Aerial,-73.9426,44.86339,56619.0,0,,0
3017377,36-020143,2021-WTE-4752-OE,35477.0,NY,Clinton County,36019,Noble Ellenburg,2008.0,54,81.0,GE Wind,GE1.5-77,1500.0,80.0,77.0,4656.63,118.6,3,3,,Bing Maps Aerial,-73.9891,44.87149,56619.0,0,,0
3017362,36-020157,2021-WTE-4737-OE,35467.0,NY,Clinton County,36019,Noble Ellenburg,2008.0,54,81.0,GE Wind,GE1.5-77,1500.0,80.0,77.0,4656.63,118.6,3,3,,Bing Maps Aerial,-73.978,44.86869,56619.0,0,,0
3017366,36-020153,2021-WTE-4741-OE,35500.0,NY,Clinton County,36019,Noble Ellenburg,2008.0,54,81.0,GE Wind,GE1.5-77,1500.0,80.0,77.0,4656.63,118.6,3,3,,Bing Maps Aerial,-73.9954,44.87889,56619.0,0,,0
3017359,36-020188,2024-WTE-11108-OE,35451.0,NY,Clinton County,36019,Noble Ellenburg,2008.0,54,81.0,GE Wind,GE1.5-77,1500.0,80.0,77.0,4656.63,118.6,3,3,,Bing Maps Aerial,-73.99,44.86379,56619.0,0,,0
3017381,36-020139,2021-WTE-4756-OE,35478.0,NY,Clinton County,36019,Noble Ellenburg,2008.0,54,81.0,GE Wind,GE1.5-77,1500.0,80.0,77.0,4656.63,118.6,3,3,,Bing Maps Aerial,-73.9702,44.87169,56619.0,0,,0
3017348,36-020111,2021-WTE-4715-OE,35455.0,NY,Clinton County,36019,Noble Ellenburg,2008.0,54,81.0,GE Wind,GE1.5-77,1500.0,80.0,77.0,4656.63,118.6,3,3,,Bing Maps Aerial,-73.9392,44.86489,56619.0,0,,0
3017349,36-020112,2021-WTE-4716-OE,35458.0,NY,Clinton County,36019,Noble Ellenburg,2008.0,54,81.0,GE Wind,GE1.5-77,1500.0,80.0,77.0,4656.63,118.6,3,3,,Bing Maps Aerial,-73.9452,44.86559,56619.0,0,,0
3017365,36-020154,2024-WTE-11104-OE,35497.0,NY,Clinton County,36019,Noble Ellenburg,2008.0,54,81.0,GE Wind,GE1.5-77,1500.0,80.0,77.0,4656.63,118.6,3,3,,Bing Maps Aerial,-73.9998,44.87829,56619.0,0,,0
3017353,36-020116,2021-WTE-4723-OE,35466.0,NY,Clinton County,36019,Noble Ellenburg,2008.0,54,81.0,GE Wind,GE1.5-77,1500.0,80.0,77.0,4656.63,118.6,3,3,,Bing Maps Aerial,-73.9619,44.86869,56619.0,0,,0
3017386,36-020134,2021-WTE-4761-OE,35515.0,NY,Clinton County,36019,Noble Ellenburg,2008.0,54,81.0,GE Wind,GE1.5-77,1500.0,80.0,77.0,4656.63,118.6,3,3,,Bing Maps Aerial,-73.9998,44.88329,56619.0,0,,0
3017527,36-020180,2021-WTE-4732-OE,35441.0,NY,Clinton County,36019,Noble Ellenburg,2008.0,54,81.0,GE Wind,GE1.5-77,1500.0,80.0,77.0,4656.63,118.6,3,3,,Bing Maps Aerial,-73.984,44.86229,56619.0,0,,0
3017368,36-020151,2021-WTE-4743-OE,35488.0,NY,Clinton County,36019,Noble Ellenburg,2008.0,54,81.0,GE Wind,GE1.5-77,1500.0,80.0,77.0,4656.63,118.6,3,3,,Bing Maps Aerial,-74.0038,44.87569,56619.0,0,,0
3017521,36-020186,2021-WTE-4719-OE,35457.0,NY,Clinton County,36019,Noble Ellenburg,2008.0,54,81.0,GE Wind,GE1.5-77,1500.0,80.0,77.0,4656.63,118.6,3,3,,Bing Maps Aerial,-73.95589,44.86529,56619.0,0,,0
3017352,36-020115,2024-WTE-11114-OE,35460.0,NY,Clinton County,36019,Noble Ellenburg,2008.0,54,81.0,GE Wind,GE1.5-77,1500.0,80.0,77.0,4656.63,118.6,3,3,,Bing Maps Aerial,-73.9639,44.86619,56619.0,0,,0
3017345,36-020108,2021-WTE-4712-OE,35463.0,NY,Clinton County,36019,Noble Ellenburg,2008.0,54,81.0,GE Wind,GE1.5-77,1500.0,80.0,77.0,4656.63,118.6,3,3,,Bing Maps Aerial,-73.933,44.86729,56619.0,0,,0
3017382,36-020138,2021-WTE-4757-OE,35470.0,NY,Clinton County,36019,Noble Ellenburg,2008.0,54,81.0,GE Wind,GE1.5-77,1500.0,80.0,77.0,4656.63,118.6,3,3,,Bing Maps Aerial,-73.9935,44.86909,56619.0,0,,0
3017375,36-020145,2024-WTE-11106-OE,35472.0,NY,Clinton County,36019,Noble Ellenburg,2008.0,54,81.0,GE Wind,GE1.5-77,1500.0,80.0,77.0,4656.63,118.6,3,3,,Bing Maps Aerial,-73.9861,44.86959,56619.0,0,,0
3017344,36-020107,2024-WTE-11119-OE,35452.0,NY,Clinton County,36019,Noble Ellenburg,2008.0,54,81.0,GE Wind,GE1.5-77,1500.0,80.0,77.0,4656.63,118.6,3,3,,Bing Maps Aerial,-73.9307,44.86459,56619.0,0,,0
3017354,36-020117,2021-WTE-4724-OE,35511.0,NY,Clinton County,36019,Noble Ellenburg,2008.0,54,81.0,GE Wind,GE1.5-77,1500.0,80.0,77.0,4656.63,118.6,3,3,,Bing Maps Aerial,-73.9721,44.88199,56619.0,0,,0
3017378,36-020142,2024-WTE-11113-OE,35473.0,NY,Clinton County,36019,Noble Ellenburg,2008.0,54,81.0,GE Wind,GE1.5-77,1500.0,80.0,77.0,4656.63,118.6,3,3,,Bing Maps Aerial,-73.9655,44.86979,56619.0,0,,0
3017355,36-020118,2024-WTE-11111-OE,35502.0,NY,Clinton County,36019,Noble Ellenburg,2008.0,54,81.0,GE Wind,GE1.5-77,1500.0,80.0,77.0,4656.63,118.6,3,3,,Bing Maps Aerial,-73.9691,44.87929,56619.0,0,,0
3017384,36-020136,2021-WTE-4759-OE,35462.0,NY,Clinton County,36019,Noble Ellenburg,2008.0,54,81.0,GE Wind,GE1.5-77,1500.0,80.0,77.0,4656.63,118.6,3,3,,Bing Maps Aerial,-73.9521,44.86669,56619.0,0,,0
3017367,36-020152,2024-WTE-11105-OE,35490.0,NY,Clinton County,36019,Noble Ellenburg,2008.0,54,81.0,GE Wind,GE1.5-77,1500.0,80.0,77.0,4656.63,118.6,3,3,,Bing Maps Aerial,-73.9954,44.87609,56619.0,0,,0
3017388,36-020132,2021-WTE-4763-OE,35510.0,NY,Clinton County,36019,Noble Ellenburg,2008.0,54,81.0,GE Wind,GE1.5-77,1500.0,80.0,77.0,4656.63,118.6,3,3,,Bing Maps Aerial,-73.9965,44.88169,56619.0,0,,0
3017346,36-020109,2024-WTE-11118-OE,35468.0,NY,Clinton County,36019,Noble Ellenburg,2008.0,54,81.0,GE Wind,GE1.5-77,1500.0,80.0,77.0,4656.63,118.6,3,3,,Bing Maps Aerial,-73.9297,44.86879,56619.0,0,,0
3017372,36-020147,2024-WTE-11100-OE,35459.0,NY,Clinton County,36019,Noble Ellenburg,2008.0,54,81.0,GE Wind,GE1.5-77,1500.0,80.0,77.0,4656.63,118.6,3,3,,Bing Maps Aerial,-74.0039,44.86599,56619.0,0,,0
3017522,36-020185,2024-WTE-11115-OE,35448.0,NY,Clinton County,36019,Noble Ellenburg,2008.0,54,81.0,GE Wind,GE1.5-77,1500.0,80.0,77.0,4656.63,118.6,3,3,,Bing Maps Aerial,-73.9583,44.86299,56619.0,0,,0
3017364,36-020155,2021-WTE-4739-OE,35499.0,NY,Clinton County,36019,Noble Ellenburg,2008.0,54,81.0,GE Wind,GE1.5-77,1500.0,80.0,77.0,4656.63,118.6,3,3,,Bing Maps Aerial,-74.0041,44.87869,56619.0,0,,0
3017358,36-020189,2021-WTE-4733-OE,35453.0,NY,Clinton County,36019,Noble Ellenburg,2008.0,54,81.0,GE Wind,GE1.5-77,1500.0,80.0,77.0,4656.63,118.6,3,3,,Bing Maps Aerial,-73.9862,44.86459,56619.0,0,,0
3021569,36-020340,2024-WTE-11392-OE,34932.0,NY,Wyoming County,36121,Noble Wethersfield,2009.0,84,126.0,GE Wind,GE1.5-77,1500.0,80.0,77.0,4656.63,118.6,3,3,,Bing Maps Aerial,-78.24429,42.60219,56902.0,0,,0
3021552,36-020357,2021-WTE-4402-OE,34929.0,NY,Wyoming County,36121,Noble Wethersfield,2009.0,84,126.0,GE Wind,GE1.5-77,1500.0,80.0,77.0,4656.63,118.6,3,3,,Bing Maps Aerial,-78.2652,42.60139,56902.0,0,,0
3021572,36-020523,2021-WTE-4422-OE,34927.0,NY,Wyoming County,36121,Noble Wethersfield,2009.0,84,126.0,GE Wind,GE1.5-77,1500.0,80.0,77.0,4656.63,118.6,3,3,,Bing Maps Aerial,-78.2398,42.60119,56902.0,0,,0
3021597,36-020531,2021-WTE-4449-OE,35001.0,NY,Wyoming County,36121,Noble Wethersfield,2009.0,84,126.0,GE Wind,GE1.5-77,1500.0,80.0,77.0,4656.63,118.6,3,3,,Bing Maps Aerial,-78.2324,42.67019,56902.0,0,,0
3021523,36-020385,2024-WTE-11377-OE,34964.0,NY,Wyoming County,36121,Noble Wethersfield,2009.0,84,126.0,GE Wind,GE1.5-77,1500.0,80.0,77.0,4656.63,118.6,3,3,,Bing Maps Aerial,-78.29919,42.61579,56902.0,0,,0
3021533,36-020471,2021-WTE-4383-OE,34944.0,NY,Wyoming County,36121,Noble Wethersfield,2009.0,84,126.0,GE Wind,GE1.5-77,1500.0,80.0,77.0,4656.63,118.6,3,3,,Bing Maps Aerial,-78.2875,42.60909,56902.0,0,,0
3026082,36-020524,2024-WTE-11361-OE,34992.0,NY,Wyoming County,36121,Noble Wethersfield,2009.0,84,126.0,GE Wind,GE1.5-77,1500.0,80.0,77.0,4656.63,118.6,3,3,,Bing Maps Aerial,-78.2612,42.66239,56902.0,0,,0
3021586,36-020489,2021-WTE-4438-OE,34999.0,NY,Wyoming County,36121,Noble Wethersfield,2009.0,84,126.0,GE Wind,GE1.5-77,1500.0,80.0,77.0,4656.63,118.6,3,3,,Bing Maps Aerial,-78.237,42.66889,56902.0,0,,0
3021546,36-020363,2021-WTE-4396-OE,34950.0,NY,Wyoming County,36121,Noble Wethersfield,2009.0,84,126.0,GE Wind,GE1.5-77,1500.0,80.0,77.0,4656.63,118.6,3,3,,Bing Maps Aerial,-78.27,42.61089,56902.0,0,,0
3021530,36-020378,2021-WTE-4380-OE,34956.0,NY,Wyoming County,36121,Noble Wethersfield,2009.0,84,126.0,GE Wind,GE1.5-77,1500.0,80.0,77.0,4656.63,118.6,3,3,,Bing Maps Aerial,-78.29459,42.61359,56902.0,0,,0
3021592,36-020481,2021-WTE-4444-OE,34990.0,NY,Wyoming County,36121,Noble Wethersfield,2009.0,84,126.0,GE Wind,GE1.5-77,1500.0,80.0,77.0,4656.63,118.6,3,3,,Bing Maps Aerial,-78.24509,42.65989,56902.0,0,,0
3021554,36-020355,2021-WTE-4404-OE,34928.0,NY,Wyoming County,36121,Noble Wethersfield,2009.0,84,126.0,GE Wind,GE1.5-77,1500.0,80.0,77.0,4656.63,118.6,3,3,,Bing Maps Aerial,-78.273,42.60129,56902.0,0,,0
3021578,36-020498,2021-WTE-4429-OE,34989.0,NY,Wyoming County,36121,Noble Wethersfield,2009.0,84,126.0,GE Wind,GE1.5-77,1500.0,80.0,77.0,4656.63,118.6,3,3,,Bing Maps Aerial,-78.2584,42.65939,56902.0,0,,0
3021522,36-020386,2024-WTE-11376-OE,34973.0,NY,Wyoming County,36121,Noble Wethersfield,2009.0,84,126.0,GE Wind,GE1.5-77,1500.0,80.0,77.0,4656.63,118.6,3,3,,Bing Maps Aerial,-78.3007,42.62049,56902.0,0,,0
3021583,36-020492,2021-WTE-4435-OE,34954.0,NY,Wyoming County,36121,Noble Wethersfield,2009.0,84,126.0,GE Wind,GE1.5-77,1500.0,80.0,77.0,4656.63,118.6,3,3,,Bing Maps Aerial,-78.2317,42.61239,56902.0,0,,0
3021535,36-020374,2021-WTE-4385-OE,34930.0,NY,Wyoming County,36121,Noble Wethersfield,2009.0,84,126.0,GE Wind,GE1.5-77,1500.0,80.0,77.0,4656.63,118.6,3,3,,Bing Maps Aerial,-78.2978,42.60159,56902.0,0,,0
3021591,36-020482,2024-WTE-11364-OE,34991.0,NY,Wyoming County,36121,Noble Wethersfield,2009.0,84,126.0,GE Wind,GE1.5-77,1500.0,80.0,77.0,4656.63,118.6,3,3,,Bing Maps Aerial,-78.24049,42.65989,56902.0,0,,0
3021548,36-020361,2021-WTE-4398-OE,34946.0,NY,Wyoming County,36121,Noble Wethersfield,2009.0,84,126.0,GE Wind,GE1.5-77,1500.0,80.0,77.0,4656.63,118.6,3,3,,Bing Maps Aerial,-78.2646,42.60929,56902.0,0,,0
3021526,36-020382,2021-WTE-4376-OE,34971.0,NY,Wyoming County,36121,Noble Wethersfield,2009.0,84,126.0,GE Wind,GE1.5-77,1500.0,80.0,77.0,4656.63,118.6,3,3,,Bing Maps Aerial,-78.286,42.61959,56902.0,0,,0
3021571,36-020338,2021-WTE-4421-OE,34935.0,NY,Wyoming County,36121,Noble Wethersfield,2009.0,84,126.0,GE Wind,GE1.5-77,1500.0,80.0,77.0,4656.63,118.6,3,3,,Bing Maps Aerial,-78.24,42.60359,56902.0,0,,0
3021540,36-020369,2024-WTE-11382-OE,34923.0,NY,Wyoming County,36121,Noble Wethersfield,2009.0,84,126.0,GE Wind,GE1.5-77,1500.0,80.0,77.0,4656.63,118.6,3,3,,Bing Maps Aerial,-78.28899,42.59469,56902.0,0,,0
3021559,36-020350,2024-WTE-11389-OE,34969.0,NY,Wyoming County,36121,Noble Wethersfield,2009.0,84,126.0,GE Wind,GE1.5-77,1500.0,80.0,77.0,4656.63,118.6,3,3,,Bing Maps Aerial,-78.24329,42.61719,56902.0,0,,0
3021556,36-020353,2021-WTE-4406-OE,34921.0,NY,Wyoming County,36121,Noble Wethersfield,2009.0,84,126.0,GE Wind,GE1.5-77,1500.0,80.0,77.0,4656.63,118.6,3,3,,Bing Maps Aerial,-78.272,42.59279,56902.0,0,,0
3021584,36-020491,2021-WTE-4436-OE,34961.0,NY,Wyoming County,36121,Noble Wethersfield,2009.0,84,126.0,GE Wind,GE1.5-77,1500.0,80.0,77.0,4656.63,118.6,3,3,,Bing Maps Aerial,-78.2253,42.61509,56902.0,0,,0
3021574,36-020521,2021-WTE-4424-OE,34979.0,NY,Wyoming County,36121,Noble Wethersfield,2009.0,84,126.0,GE Wind,GE1.5-77,1500.0,80.0,77.0,4656.63,118.6,3,3,,Bing Maps Aerial,-78.2777,42.63219,56902.0,0,,0
3021536,36-020373,2021-WTE-4386-OE,34925.0,NY,Wyoming County,36121,Noble Wethersfield,2009.0,84,126.0,GE Wind,GE1.5-77,1500.0,80.0,77.0,4656.63,118.6,3,3,,Bing Maps Aerial,-78.30109,42.59969,56902.0,0,,0
3021601,36-020527,2021-WTE-4453-OE,34998.0,NY,Wyoming County,36121,Noble Wethersfield,2009.0,84,126.0,GE Wind,GE1.5-77,1500.0,80.0,77.0,4656.63,118.6,3,3,,Bing Maps Aerial,-78.2198,42.66779,56902.0,0,,0
3021598,36-020530,2021-WTE-4450-OE,34988.0,NY,Wyoming County,36121,Noble Wethersfield,2009.0,84,126.0,GE Wind,GE1.5-77,1500.0,80.0,77.0,4656.63,118.6,3,3,,Bing Maps Aerial,-78.2454,42.65719,56902.0,0,,0
3021521,36-020387,2021-WTE-4371-OE,34974.0,NY,Wyoming County,36121,Noble Wethersfield,2009.0,84,126.0,GE Wind,GE1.5-77,1500.0,80.0,77.0,4656.63,118.6,3,3,,Bing Maps Aerial,-78.3062,42.62059,56902.0,0,,0
3021545,36-020364,2021-WTE-4395-OE,34955.0,NY,Wyoming County,36121,Noble Wethersfield,2009.0,84,126.0,GE Wind,GE1.5-77,1500.0,80.0,77.0,4656.63,118.6,3,3,,Bing Maps Aerial,-78.2721,42.61339,56902.0,0,,0
3021566,36-020343,2021-WTE-4416-OE,34943.0,NY,Wyoming County,36121,Noble Wethersfield,2009.0,84,126.0,GE Wind,GE1.5-77,1500.0,80.0,77.0,4656.63,118.6,3,3,,Bing Maps Aerial,-78.24509,42.60839,56902.0,0,,0
3021538,36-020371,2021-WTE-4388-OE,34938.0,NY,Wyoming County,36121,Noble Wethersfield,2009.0,84,126.0,GE Wind,GE1.5-77,1500.0,80.0,77.0,4656.63,118.6,3,3,,Bing Maps Aerial,-78.291,42.60479,56902.0,0,,0
3021553,36-020356,2021-WTE-4403-OE,34933.0,NY,Wyoming County,36121,Noble Wethersfield,2009.0,84,126.0,GE Wind,GE1.5-77,1500.0,80.0,77.0,4656.63,118.6,3,3,,Bing Maps Aerial,-78.2767,42.60319,56902.0,0,,0
3021565,36-020344,2021-WTE-4415-OE,34940.0,NY,Wyoming County,36121,Noble Wethersfield,2009.0,84,126.0,GE Wind,GE1.5-77,1500.0,80.0,77.0,4656.63,118.6,3,3,,Bing Maps Aerial,-78.24,42.60659,56902.0,0,,0
3021567,36-020342,2024-WTE-11391-OE,34945.0,NY,Wyoming County,36121,Noble Wethersfield,2009.0,84,126.0,GE Wind,GE1.5-77,1500.0,80.0,77.0,4656.63,118.6,3,3,,Bing Maps Aerial,-78.2402,42.60919,56902.0,0,,0
3021549,36-020360,2021-WTE-4399-OE,34942.0,NY,Wyoming County,36121,Noble Wethersfield,2009.0,84,126.0,GE Wind,GE1.5-77,1500.0,80.0,77.0,4656.63,118.6,3,3,,Bing Maps Aerial,-78.27,42.60799,56902.0,0,,0
3021600,36-020528,2021-WTE-4452-OE,35000.0,NY,Wyoming County,36121,Noble Wethersfield,2009.0,84,126.0,GE Wind,GE1.5-77,1500.0,80.0,77.0,4656.63,118.6,3,3,,Bing Maps Aerial,-78.2169,42.67009,56902.0,0,,0
3021580,36-020496,2024-WTE-11374-OE,34978.0,NY,Wyoming County,36121,Noble Wethersfield,2009.0,84,126.0,GE Wind,GE1.5-77,1500.0,80.0,77.0,4656.63,118.6,3,3,,Bing Maps Aerial,-78.2429,42.63019,56902.0,0,,0
3021543,36-020366,2024-WTE-11383-OE,34965.0,NY,Wyoming County,36121,Noble Wethersfield,2009.0,84,126.0,GE Wind,GE1.5-77,1500.0,80.0,77.0,4656.63,118.6,3,3,,Bing Maps Aerial,-78.2653,42.61589,56902.0,0,,0
3021541,36-020368,2021-WTE-4391-OE,34922.0,NY,Wyoming County,36121,Noble Wethersfield,2009.0,84,126.0,GE Wind,GE1.5-77,1500.0,80.0,77.0,4656.63,118.6,3,3,,Bing Maps Aerial,-78.28619,42.59319,56902.0,0,,0
3021594,36-020479,2021-WTE-4446-OE,34983.0,NY,Wyoming County,36121,Noble Wethersfield,2009.0,84,126.0,GE Wind,GE1.5-77,1500.0,80.0,77.0,4656.63,118.6,3,3,,Bing Maps Aerial,-78.2488,42.64499,56902.0,0,,0
3021602,36-020526,2021-WTE-4454-OE,35002.0,NY,Wyoming County,36121,Noble Wethersfield,2009.0,84,126.0,GE Wind,GE1.5-77,1500.0,80.0,77.0,4656.63,118.6,3,3,,Bing Maps Aerial,-78.215,42.67259,56902.0,0,,0
3021547,36-020362,2024-WTE-11384-OE,34951.0,NY,Wyoming County,36121,Noble Wethersfield,2009.0,84,126.0,GE Wind,GE1.5-77,1500.0,80.0,77.0,4656.63,118.6,3,3,,Bing Maps Aerial,-78.2653,42.61159,56902.0,0,,0
3021551,36-020358,2024-WTE-11386-OE,34934.0,NY,Wyoming County,36121,Noble Wethersfield,2009.0,84,126.0,GE Wind,GE1.5-77,1500.0,80.0,77.0,4656.63,118.6,3,3,,Bing Maps Aerial,-78.2686,42.60349,56902.0,0,,0
3021568,36-020341,2021-WTE-4418-OE,34937.0,NY,Wyoming County,36121,Noble Wethersfield,2009.0,84,126.0,GE Wind,GE1.5-77,1500.0,80.0,77.0,4656.63,118.6,3,3,,Bing Maps Aerial,-78.2453,42.60429,56902.0,0,,0
3021596,36-020532,2024-WTE-11372-OE,34981.0,NY,Wyoming County,36121,Noble Wethersfield,2009.0,84,126.0,GE Wind,GE1.5-77,1500.0,80.0,77.0,4656.63,118.6,3,3,,Bing Maps Aerial,-78.2327,42.64119,56902.0,0,,0
3021544,36-020365,2021-WTE-4394-OE,34957.0,NY,Wyoming County,36121,Noble Wethersfield,2009.0,84,126.0,GE Wind,GE1.5-77,1500.0,80.0,77.0,4656.63,118.6,3,3,,Bing Maps Aerial,-78.2646,42.61369,56902.0,0,,0
3021576,36-020519,2021-WTE-4427-OE,34985.0,NY,Wyoming County,36121,Noble Wethersfield,2009.0,84,126.0,GE Wind,GE1.5-77,1500.0,80.0,77.0,4656.63,118.6,3,3,,Bing Maps Aerial,-78.2565,42.65439,56902.0,0,,0
3021557,36-020352,2024-WTE-11388-OE,34919.0,NY,Wyoming County,36121,Noble Wethersfield,2009.0,84,126.0,GE Wind,GE1.5-77,1500.0,80.0,77.0,4656.63,118.6,3,3,,Bing Maps Aerial,-78.2733,42.59039,56902.0,0,,0
3021550,36-020359,2024-WTE-11385-OE,34939.0,NY,Wyoming County,36121,Noble Wethersfield,2009.0,84,126.0,GE Wind,GE1.5-77,1500.0,80.0,77.0,4656.63,118.6,3,3,,Bing Maps Aerial,-78.26749,42.60589,56902.0,0,,0
3021561,36-020348,2021-WTE-4411-OE,34958.0,NY,Wyoming County,36121,Noble Wethersfield,2009.0,84,126.0,GE Wind,GE1.5-77,1500.0,80.0,77.0,4656.63,118.6,3,3,,Bing Maps Aerial,-78.2468,42.61389,56902.0,0,,0
3021582,36-020494,2024-WTE-11393-OE,34960.0,NY,Wyoming County,36121,Noble Wethersfield,2009.0,84,126.0,GE Wind,GE1.5-77,1500.0,80.0,77.0,4656.63,118.6,3,3,,Bing Maps Aerial,-78.231,42.61479,56902.0,0,,0
3021564,36-020345,2021-WTE-4414-OE,34962.0,NY,Wyoming County,36121,Noble Wethersfield,2009.0,84,126.0,GE Wind,GE1.5-77,1500.0,80.0,77.0,4656.63,118.6,3,3,,Bing Maps Aerial,-78.2422,42.61509,56902.0,0,,0
3026060,36-020525,2021-WTE-4433-OE,34976.0,NY,Wyoming County,36121,Noble Wethersfield,2009.0,84,126.0,GE Wind,GE1.5-77,1500.0,80.0,77.0,4656.63,118.6,3,3,,Bing Maps Aerial,-78.25539,42.62409,56902.0,0,,0
3021599,36-020529,2021-WTE-4451-OE,34997.0,NY,Wyoming County,36121,Noble Wethersfield,2009.0,84,126.0,GE Wind,GE1.5-77,1500.0,80.0,77.0,4656.63,118.6,3,3,,Bing Maps Aerial,-78.2248,42.66699,56902.0,0,,0
3021563,36-020346,2021-WTE-4413-OE,34947.0,NY,Wyoming County,36121,Noble Wethersfield,2009.0,84,126.0,GE Wind,GE1.5-77,1500.0,80.0,77.0,4656.63,118.6,3,3,,Bing Maps Aerial,-78.2504,42.60949,56902.0,0,,0
3021579,36-020497,2024-WTE-11373-OE,34980.0,NY,Wyoming County,36121,Noble Wethersfield,2009.0,84,126.0,GE Wind,GE1.5-77,1500.0,80.0,77.0,4656.63,118.6,3,3,,Bing Maps Aerial,-78.2353,42.63269,56902.0,0,,0
3021531,36-020377,2021-WTE-4381-OE,34949.0,NY,Wyoming County,36121,Noble Wethersfield,2009.0,84,126.0,GE Wind,GE1.5-77,1500.0,80.0,77.0,4656.63,118.6,3,3,,Bing Maps Aerial,-78.2924,42.61059,56902.0,0,,0
3021562,36-020347,2024-WTE-11390-OE,34952.0,NY,Wyoming County,36121,Noble Wethersfield,2009.0,84,126.0,GE Wind,GE1.5-77,1500.0,80.0,77.0,4656.63,118.6,3,3,,Bing Maps Aerial,-78.2496,42.61159,56902.0,0,,0
3021570,36-020339,2021-WTE-4420-OE,34926.0,NY,Wyoming County,36121,Noble Wethersfield,2009.0,84,126.0,GE Wind,GE1.5-77,1500.0,80.0,77.0,4656.63,118.6,3,3,,Bing Maps Aerial,-78.2448,42.60009,56902.0,0,,0
3021542,36-020367,2021-WTE-4392-OE,34920.0,NY,Wyoming County,36121,Noble Wethersfield,2009.0,84,126.0,GE Wind,GE1.5-77,1500.0,80.0,77.0,4656.63,118.6,3,3,,Bing Maps Aerial,-78.2886,42.59079,56902.0,0,,0
3021539,36-020370,2021-WTE-4389-OE,34931.0,NY,Wyoming County,36121,Noble Wethersfield,2009.0,84,126.0,GE Wind,GE1.5-77,1500.0,80.0,77.0,4656.63,118.6,3,3,,Bing Maps Aerial,-78.2919,42.60219,56902.0,0,,0
3021534,36-020375,2021-WTE-4384-OE,34936.0,NY,Wyoming County,36121,Noble Wethersfield,2009.0,84,126.0,GE Wind,GE1.5-77,1500.0,80.0,77.0,4656.63,118.6,3,3,,Bing Maps Aerial,-78.2981,42.60379,56902.0,0,,0
3021532,36-020376,2024-WTE-11379-OE,34953.0,NY,Wyoming County,36121,Noble Wethersfield,2009.0,84,126.0,GE Wind,GE1.5-77,1500.0,80.0,77.0,4656.63,118.6,3,3,,Bing Maps Aerial,-78.2873,42.61169,56902.0,0,,0
3021587,36-020488,2024-WTE-11396-OE,34994.0,NY,Wyoming County,36121,Noble Wethersfield,2009.0,84,126.0,GE Wind,GE1.5-77,1500.0,80.0,77.0,4656.63,118.6,3,3,,Bing Maps Aerial,-78.2441,42.66439,56902.0,0,,0
3021589,36-020484,2024-WTE-11363-OE,34993.0,NY,Wyoming County,36121,Noble Wethersfield,2009.0,84,126.0,GE Wind,GE1.5-77,1500.0,80.0,77.0,4656.63,118.6,3,3,,Bing Maps Aerial,-78.2343,42.66289,56902.0,0,,0
3021588,36-020487,2021-WTE-4440-OE,34995.0,NY,Wyoming County,36121,Noble Wethersfield,2009.0,84,126.0,GE Wind,GE1.5-77,1500.0,80.0,77.0,4656.63,118.6,3,3,,Bing Maps Aerial,-78.2385,42.66449,56902.0,0,,0
3021529,36-020379,2021-WTE-4379-OE,34959.0,NY,Wyoming County,36121,Noble Wethersfield,2009.0,84,126.0,GE Wind,GE1.5-77,1500.0,80.0,77.0,4656.63,118.6,3,3,,Bing Maps Aerial,-78.2882,42.61389,56902.0,0,,0
3021575,36-020520,2024-WTE-11360-OE,34996.0,NY,Wyoming County,36121,Noble Wethersfield,2009.0,84,126.0,GE Wind,GE1.5-77,1500.0,80.0,77.0,4656.63,118.6,3,3,,Bing Maps Aerial,-78.2625,42.66499,56902.0,0,,0
3021555,36-020354,2024-WTE-11387-OE,34924.0,NY,Wyoming County,36121,Noble Wethersfield,2009.0,84,126.0,GE Wind,GE1.5-77,1500.0,80.0,77.0,4656.63,118.6,3,3,,Bing Maps Aerial,-78.272,42.59499,56902.0,0,,0
3021573,36-020522,2021-WTE-4423-OE,34977.0,NY,Wyoming County,36121,Noble Wethersfield,2009.0,84,126.0,GE Wind,GE1.5-77,1500.0,80.0,77.0,4656.63,118.6,3,3,,Bing Maps Aerial,-78.2783,42.62899,56902.0,0,,0
3021593,36-020480,2024-WTE-11366-OE,34984.0,NY,Wyoming County,36121,Noble Wethersfield,2009.0,84,126.0,GE Wind,GE1.5-77,1500.0,80.0,77.0,4656.63,118.6,3,3,,Bing Maps Aerial,-78.24799,42.64719,56902.0,0,,0
3021524,36-020384,2021-WTE-4374-OE,34967.0,NY,Wyoming County,36121,Noble Wethersfield,2009.0,84,126.0,GE Wind,GE1.5-77,1500.0,80.0,77.0,4656.63,118.6,3,3,,Bing Maps Aerial,-78.2948,42.61649,56902.0,0,,0
3021537,36-020372,2024-WTE-11380-OE,34941.0,NY,Wyoming County,36121,Noble Wethersfield,2009.0,84,126.0,GE Wind,GE1.5-77,1500.0,80.0,77.0,4656.63,118.6,3,3,,Bing Maps Aerial,-78.2917,42.60699,56902.0,0,,0
3021558,36-020351,2021-WTE-4408-OE,34918.0,NY,Wyoming County,36121,Noble Wethersfield,2009.0,84,126.0,GE Wind,GE1.5-77,1500.0,80.0,77.0,4656.63,118.6,3,3,,Bing Maps Aerial,-78.273,42.58819,56902.0,0,,0
3021560,36-020349,2021-WTE-4410-OE,34966.0,NY,Wyoming County,36121,Noble Wethersfield,2009.0,84,126.0,GE Wind,GE1.5-77,1500.0,80.0,77.0,4656.63,118.6,3,3,,Bing Maps Aerial,-78.24789,42.61629,56902.0,0,,0
3021525,36-020383,2021-WTE-4375-OE,34970.0,NY,Wyoming County,36121,Noble Wethersfield,2009.0,84,126.0,GE Wind,GE1.5-77,1500.0,80.0,77.0,4656.63,118.6,3,3,,Bing Maps Aerial,-78.295,42.61909,56902.0,0,,0
3021528,36-020380,2024-WTE-11378-OE,34963.0,NY,Wyoming County,36121,Noble Wethersfield,2009.0,84,126.0,GE Wind,GE1.5-77,1500.0,80.0,77.0,4656.63,118.6,3,3,,Bing Maps Aerial,-78.28529,42.61579,56902.0,0,,0
3021590,36-020483,2024-WTE-11365-OE,34986.0,NY,Wyoming County,36121,Noble Wethersfield,2009.0,84,126.0,GE Wind,GE1.5-77,1500.0,80.0,77.0,4656.63,118.6,3,3,,Bing Maps Aerial,-78.2393,42.65649,56902.0,0,,0
3021585,36-020490,2024-WTE-11394-OE,34948.0,NY,Wyoming County,36121,Noble Wethersfield,2009.0,84,126.0,GE Wind,GE1.5-77,1500.0,80.0,77.0,4656.63,118.6,3,3,,Bing Maps Aerial,-78.228,42.61059,56902.0,0,,0
3021577,36-020518,2024-WTE-11362-OE,34987.0,NY,Wyoming County,36121,Noble Wethersfield,2009.0,84,126.0,GE Wind,GE1.5-77,1500.0,80.0,77.0,4656.63,118.6,3,3,,Bing Maps Aerial,-78.25629,42.65699,56902.0,0,,0
3021581,36-020495,2024-WTE-11375-OE,34975.0,NY,Wyoming County,36121,Noble Wethersfield,2009.0,84,126.0,GE Wind,GE1.5-77,1500.0,80.0,77.0,4656.63,118.6,3,3,,Bing Maps Aerial,-78.2435,42.62239,56902.0,0,,0
3021527,36-020381,2021-WTE-4377-OE,34968.0,NY,Wyoming County,36121,Noble Wethersfield,2009.0,84,126.0,GE Wind,GE1.5-77,1500.0,80.0,77.0,4656.63,118.6,3,3,,Bing Maps Aerial,-78.2897,42.61669,56902.0,0,,0
3021595,36-020533,2021-WTE-4447-OE,34982.0,NY,Wyoming County,36121,Noble Wethersfield,2009.0,84,126.0,GE Wind,GE1.5-77,1500.0,80.0,77.0,4656.63,118.6,3,3,,Bing Maps Aerial,-78.23029,42.64479,56902.0,0,,0
3131182,,2022-WTE-3705-OE,,NY,Lewis County,36049,Number Three Wind Farm,2023.0,27,99.5,GE Wind,GE2.3-116,2300.0,110.0,116.0,10568.32,167.9,3,3,8/20/2023,Maxar,-75.53917,43.82615,65522.0,0,,0
3129063,36-213425,2020-WTE-6897-OE,,NY,Lewis County,36049,Number Three Wind Farm,2023.0,27,99.5,Vestas,V150-4.0,4000.0,105.0,150.0,17671.46,180.1,3,3,10/3/2023,Maxar,-75.61613,43.84396,65522.0,0,,0
3129438,36-213454,2020-WTE-6904-OE,,NY,Lewis County,36049,Number Three Wind Farm,2023.0,27,99.5,Vestas,V150-4.0,4000.0,105.0,150.0,17671.46,180.1,3,3,10/3/2023,Maxar,-75.66433,43.85412,65522.0,0,,0
3126077,36-197705,2019-WTE-3440-OE,,NY,Lewis County,36049,Number Three Wind Farm,2023.0,27,99.5,Vestas,V150-4.0,4000.0,105.0,150.0,17671.46,180.1,3,3,8/20/2023,Maxar,-75.57391,43.81073,65522.0,0,,0
3129797,36-206863,2020-WTE-6881-OE,,NY,Lewis County,36049,Number Three Wind Farm,2023.0,27,99.5,Vestas,V150-4.0,4000.0,105.0,150.0,17671.46,180.1,3,3,8/20/2023,Maxar,-75.55975,43.83211,65522.0,0,,0
3130187,36-197707,2019-WTE-3441-OE,,NY,Lewis County,36049,Number Three Wind Farm,2023.0,27,99.5,Vestas,V150-4.0,4000.0,105.0,150.0,17671.46,180.1,3,3,8/20/2023,Maxar,-75.5784,43.81213,65522.0,0,,0
3130142,36-213337,2022-WTE-3033-OE,,NY,Lewis County,36049,Number Three Wind Farm,2023.0,27,99.5,GE Wind,GE2.3-116,2300.0,110.0,116.0,10568.32,167.9,3,3,10/3/2023,Maxar,-75.59673,43.83248,65522.0,0,,0
3129323,36-206616,2020-WTE-6878-OE,,NY,Lewis County,36049,Number Three Wind Farm,2023.0,27,99.5,GE Wind,GE2.3-116,2300.0,110.0,116.0,10568.32,167.9,3,3,8/20/2023,Maxar,-75.52561,43.82063,65522.0,0,,0
3129703,36-213437,2020-WTE-6896-OE,,NY,Lewis County,36049,Number Three Wind Farm,2023.0,27,99.5,Vestas,V150-4.0,4000.0,105.0,150.0,17671.46,180.1,3,3,10/3/2023,Maxar,-75.61437,43.85465,65522.0,0,,0
3129898,36-213463,2020-WTE-6905-OE,,NY,Lewis County,36049,Number Three Wind Farm,2023.0,27,99.5,Vestas,V150-4.0,4000.0,105.0,150.0,17671.46,180.1,3,3,10/3/2023,Maxar,-75.66797,43.85674,65522.0,0,,0
3129346,36-213470,2020-WTE-6903-OE,,NY,Lewis County,36049,Number Three Wind Farm,2023.0,27,99.5,Vestas,V150-4.0,4000.0,105.0,150.0,17671.46,180.1,3,3,10/3/2023,Maxar,-75.63744,43.86803,65522.0,0,,0
3131492,36-206839,2020-WTE-6883-OE,,NY,Lewis County,36049,Number Three Wind Farm,2023.0,27,99.5,Vestas,V150-4.0,4000.0,105.0,150.0,17671.46,180.1,3,3,8/20/2023,Maxar,-75.56162,43.84351,65522.0,0,,0
3129731,36-206828,2020-WTE-6884-OE,,NY,Lewis County,36049,Number Three Wind Farm,2023.0,27,99.5,Vestas,V150-4.0,4000.0,105.0,150.0,17671.46,180.1,3,3,8/20/2023,Maxar,-75.56193,43.84703,65522.0,0,,0
3129683,36-213334,2020-WTE-6891-OE,,NY,Lewis County,36049,Number Three Wind Farm,2023.0,27,99.5,Vestas,V150-4.0,4000.0,105.0,150.0,17671.46,180.1,3,3,5/19/2023,Maxar,-75.58366,43.83888,65522.0,0,,0
3130206,36-206854,2020-WTE-6882-OE,,NY,Lewis County,36049,Number Three Wind Farm,2023.0,27,99.5,Vestas,V150-4.0,4000.0,105.0,150.0,17671.46,180.1,3,3,8/20/2023,Maxar,-75.56282,43.83432,65522.0,0,,0
3129863,36-213366,2020-WTE-6899-OE,,NY,Lewis County,36049,Number Three Wind Farm,2023.0,27,99.5,Vestas,V150-4.0,4000.0,105.0,150.0,17671.46,180.1,3,3,10/3/2023,Maxar,-75.6292,43.85049,65522.0,0,,0
3129922,36-213375,2020-WTE-6894-OE,,NY,Lewis County,36049,Number Three Wind Farm,2023.0,27,99.5,Vestas,V150-4.0,4000.0,105.0,150.0,17671.46,180.1,3,3,10/3/2023,Maxar,-75.60201,43.84789,65522.0,0,,0
3129891,36-213408,2020-WTE-6906-OE,,NY,Lewis County,36049,Number Three Wind Farm,2023.0,27,99.5,Vestas,V150-4.0,4000.0,105.0,150.0,17671.46,180.1,3,3,10/3/2023,Maxar,-75.65723,43.86848,65522.0,0,,0
3125988,36-197704,2022-WTE-3063-OE,,NY,Lewis County,36049,Number Three Wind Farm,2023.0,27,99.5,GE Wind,GE2.3-116,2300.0,110.0,116.0,10568.32,167.9,3,3,8/20/2023,Maxar,-75.54429,43.8289,65522.0,0,,0
3129297,36-213387,2020-WTE-6900-OE,,NY,Lewis County,36049,Number Three Wind Farm,2023.0,27,99.5,Vestas,V150-4.0,4000.0,105.0,150.0,17671.46,180.1,3,3,10/3/2023,Maxar,-75.63407,43.85284,65522.0,0,,0
3129774,36-213423,2020-WTE-6907-OE,,NY,Lewis County,36049,Number Three Wind Farm,2023.0,27,99.5,Vestas,V150-4.0,4000.0,105.0,150.0,17671.46,180.1,3,3,10/3/2023,Maxar,-75.66226,43.86914,65522.0,0,,0
3129015,36-213356,2020-WTE-6898-OE,,NY,Lewis County,36049,Number Three Wind Farm,2023.0,27,99.5,Vestas,V150-4.0,4000.0,105.0,150.0,17671.46,180.1,3,3,10/3/2023,Maxar,-75.62444,43.84751,65522.0,0,,0
3129027,36-213336,2020-WTE-6892-OE,,NY,Lewis County,36049,Number Three Wind Farm,2023.0,27,99.5,Vestas,V150-4.0,4000.0,105.0,150.0,17671.46,180.1,3,3,5/19/2023,Maxar,-75.58849,43.84155,65522.0,0,,0
3129273,36-206890,2020-WTE-6890-OE,,NY,Lewis County,36049,Number Three Wind Farm,2023.0,27,99.5,Vestas,V150-4.0,4000.0,105.0,150.0,17671.46,180.1,3,3,8/20/2023,Maxar,-75.57143,43.83625,65522.0,0,,0
3130117,36-206620,2020-WTE-6879-OE,,NY,Lewis County,36049,Number Three Wind Farm,2023.0,27,99.5,GE Wind,GE2.3-116,2300.0,110.0,116.0,10568.32,167.9,3,3,8/20/2023,Maxar,-75.53255,43.82147,65522.0,0,,0
3129712,36-213429,2020-WTE-6902-OE,,NY,Lewis County,36049,Number Three Wind Farm,2023.0,27,99.5,Vestas,V150-4.0,4000.0,105.0,150.0,17671.46,180.1,3,3,10/3/2023,Maxar,-75.64856,43.86073,65522.0,0,,0
3129150,36-213374,2020-WTE-6901-OE,,NY,Lewis County,36049,Number Three Wind Farm,2023.0,27,99.5,Vestas,V150-4.0,4000.0,105.0,150.0,17671.46,180.1,3,3,10/3/2023,Maxar,-75.64101,43.85437,65522.0,0,,0
3075450,36-028962,2013-WTE-5886-OE,49127.0,NY,Wyoming County,36121,Orangeville Wind,2014.0,6,9.72,GE Wind,GE1.62-103,1620.0,80.0,103.0,8332.29,131.4,3,3,5/20/2017,Maxar,-78.24538,42.73512,58088.0,0,,0
3046417,36-028952,2013-WTE-6194-OE,48790.0,NY,Wyoming County,36121,Orangeville Wind,2013.0,52,84.24,GE Wind,GE1.62-100,1620.0,80.0,100.0,7853.98,130.1,3,3,9/27/2020,Maxar,-78.28529,42.77379,58088.0,0,,0
3046355,36-028963,2013-WTE-5885-OE,49131.0,NY,Wyoming County,36121,Orangeville Wind,2014.0,6,9.72,GE Wind,GE1.62-103,1620.0,80.0,103.0,8332.29,131.4,3,3,5/20/2017,Maxar,-78.24409,42.7082,58088.0,0,,0
3075451,36-028965,2013-WTE-5883-OE,49130.0,NY,Wyoming County,36121,Orangeville Wind,2014.0,6,9.72,GE Wind,GE1.62-103,1620.0,80.0,103.0,8332.29,131.4,3,3,5/20/2017,Maxar,-78.24439,42.71294,58088.0,0,,0
3046339,36-028946,2013-WTE-5785-OE,48753.0,NY,Wyoming County,36121,Orangeville Wind,2013.0,52,84.24,GE Wind,GE1.62-100,1620.0,80.0,100.0,7853.98,130.1,3,3,9/1/2019,Maxar,-78.2123,42.71379,58088.0,0,,0
3046408,36-028957,2013-WTE-6020-OE,48757.0,NY,Wyoming County,36121,Orangeville Wind,2013.0,52,84.24,GE Wind,GE1.62-100,1620.0,80.0,100.0,7853.98,130.1,3,3,2/8/2019,Maxar,-78.2721,42.72389,58088.0,0,,0
3046331,36-028560,2013-WTE-5684-OE,48767.0,NY,Wyoming County,36121,Orangeville Wind,2013.0,52,84.24,GE Wind,GE1.62-100,1620.0,80.0,100.0,7853.98,130.1,3,3,1/15/2017,Maxar,-78.27088,42.74426,58088.0,0,,0
3046517,36-028554,2013-WTE-7011-OE,48786.0,NY,Wyoming County,36121,Orangeville Wind,2013.0,52,84.24,GE Wind,GE1.62-100,1620.0,80.0,100.0,7853.98,130.1,3,3,9/12/2016,Maxar,-78.2053,42.76719,58088.0,0,,0
3046473,36-028937,2013-WTE-6760-OE,48778.0,NY,Wyoming County,36121,Orangeville Wind,2013.0,52,84.24,GE Wind,GE1.62-100,1620.0,80.0,100.0,7853.98,130.1,3,3,4/11/2017,Maxar,-78.2565,42.75799,58088.0,0,,0
3046441,36-028941,2013-WTE-6661-OE,48776.0,NY,Wyoming County,36121,Orangeville Wind,2013.0,52,84.24,GE Wind,GE1.62-100,1620.0,80.0,100.0,7853.98,130.1,3,3,12/15/2016,Maxar,-78.2257,42.75509,58088.0,0,,0
3046512,36-028933,2013-WTE-7006-OE,48772.0,NY,Wyoming County,36121,Orangeville Wind,2013.0,52,84.24,GE Wind,GE1.62-100,1620.0,80.0,100.0,7853.98,130.1,3,3,9/12/2016,Maxar,-78.2315,42.75049,58088.0,0,,0
3046511,36-028934,2013-WTE-7005-OE,48773.0,NY,Wyoming County,36121,Orangeville Wind,2013.0,52,84.24,GE Wind,GE1.62-100,1620.0,80.0,100.0,7853.98,130.1,3,3,9/12/2016,Maxar,-78.2366,42.75199,58088.0,0,,0
3046474,36-028936,2013-WTE-6761-OE,48756.0,NY,Wyoming County,36121,Orangeville Wind,2013.0,52,84.24,GE Wind,GE1.62-100,1620.0,80.0,100.0,7853.98,130.1,3,3,4/11/2017,Maxar,-78.2362,42.72009,58088.0,0,,0
3046416,36-027660,2013-WTE-6193-OE,48792.0,NY,Wyoming County,36121,Orangeville Wind,2013.0,52,84.24,GE Wind,GE1.62-100,1620.0,80.0,100.0,7853.98,130.1,3,3,9/27/2020,Maxar,-78.28439,42.77549,58088.0,0,,0
3046351,36-028948,2013-WTE-5881-OE,48760.0,NY,Wyoming County,36121,Orangeville Wind,2013.0,52,84.24,GE Wind,GE1.62-100,1620.0,80.0,100.0,7853.98,130.1,3,3,4/19/2018,Maxar,-78.244,42.72639,58088.0,0,,0
3046522,36-028927,2013-WTE-7016-OE,48766.0,NY,Wyoming County,36121,Orangeville Wind,2013.0,52,84.24,GE Wind,GE1.62-100,1620.0,80.0,100.0,7853.98,130.1,3,3,9/12/2016,Maxar,-78.2019,42.74379,58088.0,0,,0
3046330,36-028559,2013-WTE-5683-OE,48755.0,NY,Wyoming County,36121,Orangeville Wind,2013.0,52,84.24,GE Wind,GE1.62-100,1620.0,80.0,100.0,7853.98,130.1,3,3,1/15/2017,Maxar,-78.2222,42.71869,58088.0,0,,0
3046354,36-028964,2013-WTE-5884-OE,49129.0,NY,Wyoming County,36121,Orangeville Wind,2014.0,6,9.72,GE Wind,GE1.62-103,1620.0,80.0,103.0,8332.29,131.4,3,3,5/20/2017,Maxar,-78.24377,42.71082,58088.0,0,,0
3046329,36-027657,2013-WTE-5682-OE,48754.0,NY,Wyoming County,36121,Orangeville Wind,2013.0,52,84.24,GE Wind,GE1.62-100,1620.0,80.0,100.0,7853.98,130.1,3,3,1/15/2017,Maxar,-78.2195,42.71659,58088.0,0,,0
3046418,36-028951,2013-WTE-6195-OE,48779.0,NY,Wyoming County,36121,Orangeville Wind,2013.0,52,84.24,GE Wind,GE1.62-100,1620.0,80.0,100.0,7853.98,130.1,3,3,9/27/2020,Maxar,-78.22739,42.75819,58088.0,0,,0
3046515,36-028930,2013-WTE-7009-OE,48781.0,NY,Wyoming County,36121,Orangeville Wind,2013.0,52,84.24,GE Wind,GE1.62-100,1620.0,80.0,100.0,7853.98,130.1,3,3,9/12/2016,Maxar,-78.22604,42.76097,58088.0,0,,0
3046413,36-028954,2013-WTE-6190-OE,48789.0,NY,Wyoming County,36121,Orangeville Wind,2013.0,52,84.24,GE Wind,GE1.62-100,1620.0,80.0,100.0,7853.98,130.1,3,3,9/27/2020,Maxar,-78.23119,42.77279,58088.0,0,,0
3046438,36-028943,2013-WTE-6659-OE,48777.0,NY,Wyoming County,36121,Orangeville Wind,2013.0,52,84.24,GE Wind,GE1.62-100,1620.0,80.0,100.0,7853.98,130.1,3,3,12/15/2016,Maxar,-78.2379,42.75709,58088.0,0,,0
3046341,36-025806,2013-WTE-5787-OE,35662.0,NY,Wyoming County,36121,Orangeville Wind,2014.0,6,9.72,GE Wind,GE1.62-103,1620.0,80.0,103.0,8332.29,131.4,3,3,9/1/2019,Maxar,-78.2538,42.73449,58088.0,0,,0
3046605,36-028557,2013-WTE-7349-OE,48795.0,NY,Wyoming County,36121,Orangeville Wind,2013.0,52,84.24,GE Wind,GE1.62-100,1620.0,80.0,100.0,7853.98,130.1,3,3,9/12/2016,Maxar,-78.2126,42.77829,58088.0,0,,0
3046415,36-027661,2013-WTE-6192-OE,48794.0,NY,Wyoming County,36121,Orangeville Wind,2013.0,52,84.24,GE Wind,GE1.62-100,1620.0,80.0,100.0,7853.98,130.1,3,3,9/27/2020,Maxar,-78.2837,42.77789,58088.0,0,,0
3046518,36-028929,2013-WTE-7012-OE,48799.0,NY,Wyoming County,36121,Orangeville Wind,2013.0,52,84.24,GE Wind,GE1.62-100,1620.0,80.0,100.0,7853.98,130.1,3,3,9/12/2016,Maxar,-78.2038,42.78219,58088.0,0,,0
3046513,36-028932,2013-WTE-7007-OE,48785.0,NY,Wyoming County,36121,Orangeville Wind,2013.0,52,84.24,GE Wind,GE1.62-100,1620.0,80.0,100.0,7853.98,130.1,3,3,9/12/2016,Maxar,-78.2238,42.76549,58088.0,0,,0
3046510,36-028935,2013-WTE-7004-OE,48751.0,NY,Wyoming County,36121,Orangeville Wind,2013.0,52,84.24,GE Wind,GE1.62-100,1620.0,80.0,100.0,7853.98,130.1,3,3,9/12/2016,Maxar,-78.2347,42.71239,58088.0,0,,0
3046336,36-028562,2013-WTE-5774-OE,48768.0,NY,Wyoming County,36121,Orangeville Wind,2013.0,52,84.24,GE Wind,GE1.62-100,1620.0,80.0,100.0,7853.98,130.1,3,3,9/1/2019,Maxar,-78.27348,42.74614,58088.0,0,,0
3046352,36-028949,2013-WTE-5882-OE,48769.0,NY,Wyoming County,36121,Orangeville Wind,2013.0,52,84.24,GE Wind,GE1.62-100,1620.0,80.0,100.0,7853.98,130.1,3,3,4/19/2018,Maxar,-78.2061,42.74689,58088.0,0,,0
3046606,36-028556,2013-WTE-7350-OE,48793.0,NY,Wyoming County,36121,Orangeville Wind,2013.0,52,84.24,GE Wind,GE1.62-100,1620.0,80.0,100.0,7853.98,130.1,3,3,9/12/2016,Maxar,-78.2114,42.77599,58088.0,0,,0
3046412,36-028955,2013-WTE-6189-OE,48791.0,NY,Wyoming County,36121,Orangeville Wind,2013.0,52,84.24,GE Wind,GE1.62-100,1620.0,80.0,100.0,7853.98,130.1,3,3,9/27/2020,Maxar,-78.2369,42.77489,58088.0,0,,0
3046604,36-028558,2013-WTE-7348-OE,48798.0,NY,Wyoming County,36121,Orangeville Wind,2013.0,52,84.24,GE Wind,GE1.62-100,1620.0,80.0,100.0,7853.98,130.1,3,3,9/12/2016,Maxar,-78.2154,42.78019,58088.0,0,,0
3046516,36-028553,2013-WTE-7010-OE,48787.0,NY,Wyoming County,36121,Orangeville Wind,2013.0,52,84.24,GE Wind,GE1.62-100,1620.0,80.0,100.0,7853.98,130.1,3,3,9/12/2016,Maxar,-78.2068,42.76959,58088.0,0,,0
3046406,36-028959,2013-WTE-6018-OE,48770.0,NY,Wyoming County,36121,Orangeville Wind,2013.0,52,84.24,GE Wind,GE1.62-100,1620.0,80.0,100.0,7853.98,130.1,3,3,2/8/2019,Maxar,-78.2645,42.74829,58088.0,0,,0
3046442,36-028940,2013-WTE-6662-OE,48774.0,NY,Wyoming County,36121,Orangeville Wind,2013.0,52,84.24,GE Wind,GE1.62-100,1620.0,80.0,100.0,7853.98,130.1,3,3,12/15/2016,Maxar,-78.225,42.75249,58088.0,0,,0
3046471,36-028938,2013-WTE-6759-OE,48782.0,NY,Wyoming County,36121,Orangeville Wind,2013.0,52,84.24,GE Wind,GE1.62-100,1620.0,80.0,100.0,7853.98,130.1,3,3,9/12/2016,Maxar,-78.2539,42.76099,58088.0,0,,0
3046607,36-028552,2013-WTE-7351-OE,48788.0,NY,Wyoming County,36121,Orangeville Wind,2013.0,52,84.24,GE Wind,GE1.62-100,1620.0,80.0,100.0,7853.98,130.1,3,3,9/12/2016,Maxar,-78.2093,42.77209,58088.0,0,,0
3046333,36-028561,2013-WTE-5720-OE,48748.0,NY,Wyoming County,36121,Orangeville Wind,2013.0,52,84.24,GE Wind,GE1.62-100,1620.0,80.0,100.0,7853.98,130.1,3,3,9/27/2020,Maxar,-78.2611,42.70889,58088.0,0,,0
3046337,36-028563,2013-WTE-5775-OE,48765.0,NY,Wyoming County,36121,Orangeville Wind,2013.0,52,84.24,GE Wind,GE1.62-100,1620.0,80.0,100.0,7853.98,130.1,3,3,9/1/2019,Maxar,-78.2698,42.74149,58088.0,0,,0
3046407,36-028958,2013-WTE-6019-OE,48759.0,NY,Wyoming County,36121,Orangeville Wind,2013.0,52,84.24,GE Wind,GE1.62-100,1620.0,80.0,100.0,7853.98,130.1,3,3,2/8/2019,Maxar,-78.2721,42.72629,58088.0,0,,0
3046342,36-028947,2013-WTE-5788-OE,48763.0,NY,Wyoming County,36121,Orangeville Wind,2013.0,52,84.24,GE Wind,GE1.62-100,1620.0,80.0,100.0,7853.98,130.1,3,3,9/1/2019,Maxar,-78.25299,42.73156,58088.0,0,,0
3046260,36-027690,2013-WTE-5491-OE,48750.0,NY,Wyoming County,36121,Orangeville Wind,2013.0,52,84.24,GE Wind,GE1.62-100,1620.0,80.0,100.0,7853.98,130.1,3,3,6/2/2017,Maxar,-78.2639,42.71089,58088.0,0,,0
3046259,36-027689,2013-WTE-5490-OE,48752.0,NY,Wyoming County,36121,Orangeville Wind,2013.0,52,84.24,GE Wind,GE1.62-100,1620.0,80.0,100.0,7853.98,130.1,3,3,6/2/2017,Maxar,-78.2655,42.71329,58088.0,0,,0
3046440,36-028942,2013-WTE-6660-OE,48775.0,NY,Wyoming County,36121,Orangeville Wind,2013.0,52,84.24,GE Wind,GE1.62-100,1620.0,80.0,100.0,7853.98,130.1,3,3,12/15/2016,Maxar,-78.2372,42.75459,58088.0,0,,0
3046357,36-028961,2013-WTE-5887-OE,49128.0,NY,Wyoming County,36121,Orangeville Wind,2014.0,6,9.72,GE Wind,GE1.62-103,1620.0,80.0,103.0,8332.29,131.4,3,3,5/20/2017,Maxar,-78.24249,42.73268,58088.0,0,,0
3046520,36-028555,2013-WTE-7014-OE,48780.0,NY,Wyoming County,36121,Orangeville Wind,2013.0,52,84.24,GE Wind,GE1.62-100,1620.0,80.0,100.0,7853.98,130.1,3,3,9/12/2016,Maxar,-78.201,42.75849,58088.0,0,,0
3046414,36-028953,2013-WTE-6191-OE,48796.0,NY,Wyoming County,36121,Orangeville Wind,2013.0,52,84.24,GE Wind,GE1.62-100,1620.0,80.0,100.0,7853.98,130.1,3,3,9/27/2020,Maxar,-78.2828,42.77989,58088.0,0,,0
3046519,36-028928,2013-WTE-7013-OE,48797.0,NY,Wyoming County,36121,Orangeville Wind,2013.0,52,84.24,GE Wind,GE1.62-100,1620.0,80.0,100.0,7853.98,130.1,3,3,9/12/2016,Maxar,-78.2037,42.77999,58088.0,0,,0
3046521,36-028945,2013-WTE-7015-OE,48771.0,NY,Wyoming County,36121,Orangeville Wind,2013.0,52,84.24,GE Wind,GE1.62-100,1620.0,80.0,100.0,7853.98,130.1,3,3,9/12/2016,Maxar,-78.2095,42.74919,58088.0,0,,0
3046443,36-028939,2013-WTE-6663-OE,48758.0,NY,Wyoming County,36121,Orangeville Wind,2013.0,52,84.24,GE Wind,GE1.62-100,1620.0,80.0,100.0,7853.98,130.1,3,3,12/15/2016,Maxar,-78.2364,42.72519,58088.0,0,,0
3046338,36-028944,2013-WTE-5776-OE,48749.0,NY,Wyoming County,36121,Orangeville Wind,2013.0,52,84.24,GE Wind,GE1.62-100,1620.0,80.0,100.0,7853.98,130.1,3,3,9/1/2019,Maxar,-78.2736,42.70909,58088.0,0,,0
3046405,36-028960,2013-WTE-6017-OE,48764.0,NY,Wyoming County,36121,Orangeville Wind,2013.0,52,84.24,GE Wind,GE1.62-100,1620.0,80.0,100.0,7853.98,130.1,3,3,2/8/2019,Maxar,-78.27119,42.73539,58088.0,0,,0
3046437,36-028950,2013-WTE-6658-OE,48784.0,NY,Wyoming County,36121,Orangeville Wind,2013.0,52,84.24,GE Wind,GE1.62-100,1620.0,80.0,100.0,7853.98,130.1,3,3,12/15/2016,Maxar,-78.2555,42.76349,58088.0,0,,0
3046514,36-028931,2013-WTE-7008-OE,48783.0,NY,Wyoming County,36121,Orangeville Wind,2013.0,52,84.24,GE Wind,GE1.62-100,1620.0,80.0,100.0,7853.98,130.1,3,3,9/12/2016,Maxar,-78.2245,42.76309,58088.0,0,,0
3046340,36-027658,2013-WTE-5786-OE,48761.0,NY,Wyoming County,36121,Orangeville Wind,2013.0,52,84.24,GE Wind,GE1.62-100,1620.0,80.0,100.0,7853.98,130.1,3,3,9/1/2019,Maxar,-78.27094,42.72996,58088.0,0,,0
3046409,36-028956,2013-WTE-6021-OE,48762.0,NY,Wyoming County,36121,Orangeville Wind,2013.0,52,84.24,GE Wind,GE1.62-100,1620.0,80.0,100.0,7853.98,130.1,3,3,2/8/2019,Maxar,-78.2412,42.72999,58088.0,0,,0
3109490,36-159866,2018-WTE-5567-OE,,NY,Lewis County,36049,Roaring Brook Wind,2021.0,20,79.73,Siemens Gamesa Renewable Energy,SG-4.44-145,4440.0,107.5,145.0,16513.0,180.1,3,3,9/28/2021,Maxar,-75.62975,43.70799,61041.0,0,,0
3111394,36-159845,2020-WTE-7565-OE,,NY,Lewis County,36049,Roaring Brook Wind,2021.0,20,79.73,Siemens Gamesa Renewable Energy,SG-2.625-114,2625.0,93.0,114.0,10207.03,150.0,2,3,9/28/2021,Maxar,-75.61507,43.70873,61041.0,0,,0
3108498,36-159864,2018-WTE-5570-OE,,NY,Lewis County,36049,Roaring Brook Wind,2021.0,20,79.73,Siemens Gamesa Renewable Energy,SG-4.44-145,4440.0,107.5,145.0,16513.0,180.1,3,3,9/28/2021,Maxar,-75.6228,43.68944,61041.0,0,,0
3111686,36-159842,2018-WTE-5546-OE,,NY,Lewis County,36049,Roaring Brook Wind,2021.0,20,79.73,Siemens Gamesa Renewable Energy,SG-4.44-145,4440.0,107.5,145.0,16513.0,180.1,3,3,9/28/2021,Maxar,-75.63594,43.72318,61041.0,0,,0
3106457,36-159859,2018-WTE-5564-OE,,NY,Lewis County,36049,Roaring Brook Wind,2021.0,20,79.73,Siemens Gamesa Renewable Energy,SG-4.44-145,4440.0,107.5,145.0,16513.0,180.1,3,3,9/28/2021,Maxar,-75.60631,43.68104,61041.0,0,,0
3108890,36-159853,2020-WTE-5293-OE,,NY,Lewis County,36049,Roaring Brook Wind,2021.0,20,79.73,Siemens Gamesa Renewable Energy,SG-4.44-145,4440.0,107.5,145.0,16513.0,180.1,3,3,9/28/2021,Maxar,-75.62909,43.73247,61041.0,0,,0
3109737,36-159846,2018-WTE-5550-OE,,NY,Lewis County,36049,Roaring Brook Wind,2021.0,20,79.73,Siemens Gamesa Renewable Energy,SG-4.44-145,4440.0,107.5,145.0,16513.0,180.1,3,3,9/28/2021,Maxar,-75.60912,43.70628,61041.0,0,,0
3112618,36-159855,2018-WTE-5560-OE,,NY,Lewis County,36049,Roaring Brook Wind,2021.0,20,79.73,Siemens Gamesa Renewable Energy,SG-4.44-145,4440.0,107.5,145.0,16513.0,180.1,3,3,9/28/2021,Maxar,-75.6091,43.71727,61041.0,0,,0
3111812,36-159861,2018-WTE-5566-OE,,NY,Lewis County,36049,Roaring Brook Wind,2021.0,20,79.73,Siemens Gamesa Renewable Energy,SG-4.44-145,4440.0,107.5,145.0,16513.0,180.1,3,3,9/28/2021,Maxar,-75.63315,43.71211,61041.0,0,,0
3108928,36-159862,2020-WTE-5732-OE,,NY,Lewis County,36049,Roaring Brook Wind,2021.0,20,79.73,Siemens Gamesa Renewable Energy,SG-2.625-114,2625.0,93.0,114.0,10207.03,150.0,2,3,9/28/2021,Maxar,-75.63043,43.70043,61041.0,0,,0
3108802,36-159854,2020-WTE-5294-OE,,NY,Lewis County,36049,Roaring Brook Wind,2021.0,20,79.73,Siemens Gamesa Renewable Energy,SG-4.44-145,4440.0,107.5,145.0,16513.0,180.1,3,3,9/28/2021,Maxar,-75.62306,43.72672,61041.0,0,,0
3109150,36-159847,2018-WTE-5551-OE,,NY,Lewis County,36049,Roaring Brook Wind,2021.0,20,79.73,Siemens Gamesa Renewable Energy,SG-4.44-145,4440.0,107.5,145.0,16513.0,180.1,3,3,9/28/2021,Maxar,-75.60423,43.70392,61041.0,0,,0
3109790,36-159844,2018-WTE-5548-OE,,NY,Lewis County,36049,Roaring Brook Wind,2021.0,20,79.73,Siemens Gamesa Renewable Energy,SG-4.44-145,4440.0,107.5,145.0,16513.0,180.1,3,3,9/28/2021,Maxar,-75.62405,43.7136,61041.0,0,,0
3109539,36-159850,2018-WTE-5554-OE,,NY,Lewis County,36049,Roaring Brook Wind,2021.0,20,79.73,Siemens Gamesa Renewable Energy,SG-4.44-145,4440.0,107.5,145.0,16513.0,180.1,3,3,9/28/2021,Maxar,-75.5919,43.7002,61041.0,0,,0
3108831,36-159863,2020-WTE-5973-OE,,NY,Lewis County,36049,Roaring Brook Wind,2021.0,20,79.73,Siemens Gamesa Renewable Energy,SG-2.625-114,2625.0,93.0,114.0,10207.03,150.0,2,3,9/28/2021,Maxar,-75.62619,43.69479,61041.0,0,,0
3111436,36-159851,2020-WTE-6876-OE,,NY,Lewis County,36049,Roaring Brook Wind,2021.0,20,79.73,Siemens Gamesa Renewable Energy,SG-2.625-114,2625.0,93.0,114.0,10207.03,150.0,2,3,9/28/2021,Maxar,-75.58747,43.69576,61041.0,0,,0
3107953,36-159858,2018-WTE-5563-OE,,NY,Lewis County,36049,Roaring Brook Wind,2021.0,20,79.73,Siemens Gamesa Renewable Energy,SG-4.44-145,4440.0,107.5,145.0,16513.0,180.1,3,3,9/28/2021,Maxar,-75.60981,43.68655,61041.0,0,,0
3111456,36-159860,2020-WTE-6877-OE,,NY,Lewis County,36049,Roaring Brook Wind,2021.0,20,79.73,Siemens Gamesa Renewable Energy,SG-2.625-114,2625.0,93.0,114.0,10207.03,150.0,2,3,9/28/2021,Maxar,-75.60504,43.69185,61041.0,0,,0
3112528,36-159865,2018-WTE-5559-OE,,NY,Lewis County,36049,Roaring Brook Wind,2021.0,20,79.73,Siemens Gamesa Renewable Energy,SG-4.44-145,4440.0,107.5,145.0,16513.0,180.1,3,3,9/28/2021,Maxar,-75.61678,43.72183,61041.0,0,,0
3106307,36-159852,2018-WTE-5556-OE,,NY,Lewis County,36049,Roaring Brook Wind,2021.0,20,79.73,Siemens Gamesa Renewable Energy,SG-4.44-145,4440.0,107.5,145.0,16513.0,180.1,3,3,9/28/2021,Maxar,-75.63283,43.73673,61041.0,0,,0
3056439,36-030052,2016-WTE-6529-OE,,NY,Erie County,36029,Seneca Nation,2017.0,1,1.5,Vensys,Vensys82,1500.0,85.0,82.3,5319.73,126.2,3,3,12/9/2017,Google Earth,-79.10269,42.58089,61734.0,0,,0
3118028,36-020197,2019-WTE-8213-OE,,NY,Erie County,36029,Steel Winds,2007.0,8,20.0,GE Wind,GE2.5-116,2500.0,80.0,116.0,10568.32,138.1,3,3,11/24/2021,Maxar,-78.86491,42.81374,56575.0,1,2022.0,0
3136773,36-020195,2019-WTE-8217-OE,35717.0,NY,Erie County,36029,Steel Winds,2007.0,8,20.0,GE Wind,GE2.5-116,2500.0,80.0,116.0,10568.32,138.1,3,3,,Bing Maps Aerial,-78.869,42.82029,56575.0,1,2022.0,0
3136768,36-020124,2019-WTE-8212-OE,35721.0,NY,Erie County,36029,Steel Winds,2007.0,8,20.0,GE Wind,GE2.5-116,2500.0,80.0,116.0,10568.32,138.1,3,3,,Bing Maps Aerial,-78.864,42.81229,56575.0,1,2022.0,0
3136771,36-020196,2019-WTE-8215-OE,35718.0,NY,Erie County,36029,Steel Winds,2007.0,8,20.0,GE Wind,GE2.5-116,2500.0,80.0,116.0,10568.32,138.1,3,3,,Bing Maps Aerial,-78.8675,42.81709,56575.0,1,2022.0,0
3136774,36-020194,2019-WTE-8218-OE,35716.0,NY,Erie County,36029,Steel Winds,2007.0,8,20.0,GE Wind,GE2.5-116,2500.0,80.0,116.0,10568.32,138.1,3,3,,Bing Maps Aerial,-78.8704,42.82199,56575.0,1,2022.0,0
3136775,36-020193,2019-WTE-8219-OE,35715.0,NY,Erie County,36029,Steel Winds,2007.0,8,20.0,GE Wind,GE2.5-116,2500.0,80.0,116.0,10568.32,138.1,3,3,,Bing Maps Aerial,-78.8713,42.82389,56575.0,1,2022.0,0
3117486,36-020191,2019-WTE-8214-OE,,NY,Erie County,36029,Steel Winds,2007.0,8,20.0,GE Wind,GE2.5-116,2500.0,80.0,116.0,10568.32,138.1,3,3,11/24/2021,Maxar,-78.86599,42.81533,56575.0,1,2022.0,0
3136772,36-020198,2019-WTE-8216-OE,35722.0,NY,Erie County,36029,Steel Winds,2007.0,8,20.0,GE Wind,GE2.5-116,2500.0,80.0,116.0,10568.32,138.1,3,3,,Bing Maps Aerial,-78.868,42.81859,56575.0,1,2022.0,0
3136780,36-025540,2019-WTE-8225-OE,35724.0,NY,Erie County,36029,Steel Winds II,2012.0,6,15.0,GE Wind,GE2.5-116,2500.0,80.0,116.0,10568.32,138.1,3,3,11/8/2020,Maxar,-78.86179,42.80639,57078.0,1,2022.0,0
3136777,36-025561,2019-WTE-8222-OE,35089.0,NY,Erie County,36029,Steel Winds II,2012.0,6,15.0,GE Wind,GE2.5-116,2500.0,80.0,116.0,10568.32,138.1,3,3,8/10/2018,Maxar,-78.8591,42.80189,57078.0,1,2022.0,0
3136778,36-025562,2019-WTE-8223-OE,35090.0,NY,Erie County,36029,Steel Winds II,2012.0,6,15.0,GE Wind,GE2.5-116,2500.0,80.0,116.0,10568.32,138.1,3,3,11/8/2020,Maxar,-78.8601,42.80329,57078.0,1,2022.0,0
3136781,36-025589,2019-WTE-8220-OE,35723.0,NY,Erie County,36029,Steel Winds II,2012.0,6,15.0,GE Wind,GE2.5-116,2500.0,80.0,116.0,10568.32,138.1,3,3,11/8/2020,Maxar,-78.87109,42.82589,57078.0,1,2022.0,0
3136776,36-025560,2019-WTE-8221-OE,35088.0,NY,Erie County,36029,Steel Winds II,2012.0,6,15.0,GE Wind,GE2.5-116,2500.0,80.0,116.0,10568.32,138.1,3,3,11/8/2020,Maxar,-78.85709,42.80109,57078.0,1,2022.0,0
3136779,36-025563,2019-WTE-8224-OE,35725.0,NY,Erie County,36029,Steel Winds II,2012.0,6,15.0,GE Wind,GE2.5-116,2500.0,80.0,116.0,10568.32,138.1,3,3,11/8/2020,Maxar,-78.861,42.80489,57078.0,1,2022.0,0
3003837,,,35728.0,NY,Oswego County,36075,Town of Richland,2010.0,1,0.1,Northern Power Systems,NW100,100.0,,21.0,346.36,,1,3,,Bing Maps Aerial,-76.037,43.56519,,0,,0
3042425,36-025730,2012-WTE-4369-OE,35091.0,NY,Ontario County,36069,Zotos,2011.0,2,3.3,Hyundai,HQ1650,1650.0,70.0,82.0,5281.02,110.9,3,3,9/27/2020,Maxar,-76.96765,42.88625,57648.0,0,,0
3042424,36-025729,2012-WTE-4368-OE,35092.0,NY,Ontario County,36069,Zotos,2011.0,2,3.3,Hyundai,HQ1650,1650.0,70.0,82.0,5281.02,110.9,3,3,9/27/2020,Maxar,-76.96845,42.88715,57648.0,0,,0
3137109,36-226877,2019-WTE-224-OE,,NY,Allegany County,36003,unknown Allegany County,,34,,,,,,,,,1,1,1/8/2026,Planet,-78.24123,42.51625,,0,,0
3137087,36-226863,2019-WTE-207-OE,,NY,Allegany County,36003,unknown Allegany County,,34,,,,,,,,,1,1,1/8/2026,Planet,-78.28546,42.46114,,0,,0
3136988,36-226873,2019-WTE-218-OE,,NY,Allegany County,36003,unknown Allegany County,,34,,,,,,,,,1,1,1/8/2026,Planet,-78.26498,42.47355,,0,,0
3067288,36-123721,2016-WTE-6121-OE,,NY,Allegany County,36003,unknown Allegany County,2017.0,34,,,,,,,,,1,1,1/8/2026,Planet,-78.30785,42.51988,,0,,0
3136954,36-226883,2019-WTE-239-OE,,NY,Allegany County,36003,unknown Allegany County,,34,,,,,,,,,1,1,1/8/2026,Planet,-78.23787,42.43243,,0,,0
3136936,36-226866,2019-WTE-210-OE,,NY,Allegany County,36003,unknown Allegany County,,34,,,,,,,,,1,1,1/8/2026,Planet,-78.29967,42.47234,,0,,0
3136932,36-226864,2019-WTE-209-OE,,NY,Allegany County,36003,unknown Allegany County,,34,,,,,,,,,1,1,1/8/2026,Planet,-78.29873,42.46582,,0,,0
3137110,36-226898,2019-WTE-270-OE,,NY,Allegany County,36003,unknown Allegany County,,34,,,,,,,,,1,1,1/8/2026,Planet,-78.25582,42.452,,0,,0
3137080,36-226880,2019-WTE-237-OE,,NY,Allegany County,36003,unknown Allegany County,,34,,,,,,,,,1,1,1/8/2026,Planet,-78.30068,42.4321,,0,,0
3137063,36-226879,2019-WTE-228-OE,,NY,Allegany County,36003,unknown Allegany County,,34,,,,,,,,,1,1,1/8/2026,Planet,-78.23045,42.49612,,0,,0
3137103,36-226870,2019-WTE-216-OE,,NY,Allegany County,36003,unknown Allegany County,,34,,,,,,,,,1,1,1/8/2026,Planet,-78.27699,42.5013,,0,,0
3137086,36-226896,2019-WTE-268-OE,,NY,Allegany County,36003,unknown Allegany County,,34,,,,,,,,,1,1,1/8/2026,Planet,-78.2595,42.43895,,0,,0
3136971,36-226905,2019-WTE-9198-OE,,NY,Allegany County,36003,unknown Allegany County,,34,,,,,,,,,1,1,1/8/2026,Planet,-78.27473,42.43981,,0,,0
3136995,36-226876,2019-WTE-223-OE,,NY,Allegany County,36003,unknown Allegany County,,34,,,,,,,,,1,1,1/8/2026,Planet,-78.24359,42.51961,,0,,0
3137066,36-226867,2019-WTE-211-OE,,NY,Allegany County,36003,unknown Allegany County,,34,,,,,,,,,1,1,1/8/2026,Planet,-78.2975,42.47695,,0,,0
3136956,36-226878,2019-WTE-225-OE,,NY,Allegany County,36003,unknown Allegany County,,34,,,,,,,,,1,1,1/8/2026,Planet,-78.24397,42.51159,,0,,0
3137067,36-226862,2019-WTE-206-OE,,NY,Allegany County,36003,unknown Allegany County,,34,,,,,,,,,1,1,1/8/2026,Planet,-78.27882,42.45058,,0,,0
3137127,36-226906,2019-WTE-9200-OE,,NY,Allegany County,36003,unknown Allegany County,,34,,,,,,,,,1,1,1/8/2026,Planet,-78.28053,42.48867,,0,,0
3137027,36-226882,2019-WTE-238-OE,,NY,Allegany County,36003,unknown Allegany County,,34,,,,,,,,,1,1,1/8/2026,Planet,-78.26791,42.43192,,0,,0
3136919,36-226871,2019-WTE-217-OE,,NY,Allegany County,36003,unknown Allegany County,,34,,,,,,,,,1,1,1/8/2026,Planet,-78.27366,42.49796,,0,,0
3136997,36-226872,2019-WTE-220-OE,,NY,Allegany County,36003,unknown Allegany County,,34,,,,,,,,,1,1,1/8/2026,Planet,-78.25877,42.48274,,0,,0
3136952,36-226884,2019-WTE-242-OE,,NY,Allegany County,36003,unknown Allegany County,,34,,,,,,,,,1,1,1/8/2026,Planet,-78.29903,42.42386,,0,,0
3136939,36-226899,2019-WTE-273-OE,,NY,Allegany County,36003,unknown Allegany County,,34,,,,,,,,,1,1,1/8/2026,Planet,-78.28341,42.3988,,0,,0
3137064,36-226869,2019-WTE-215-OE,,NY,Allegany County,36003,unknown Allegany County,,34,,,,,,,,,1,1,1/8/2026,Planet,-78.28336,42.49429,,0,,0
3137023,36-226897,2019-WTE-271-OE,,NY,Allegany County,36003,unknown Allegany County,,34,,,,,,,,,1,1,1/8/2026,Planet,-78.25508,42.45502,,0,,0
3136930,36-226881,2019-WTE-236-OE,,NY,Allegany County,36003,unknown Allegany County,,34,,,,,,,,,1,1,1/8/2026,Planet,-78.27146,42.43605,,0,,0
3136934,36-226875,2019-WTE-222-OE,,NY,Allegany County,36003,unknown Allegany County,,34,,,,,,,,,1,1,1/8/2026,Planet,-78.2612,42.51807,,0,,0
3136943,36-226907,2019-WTE-9207-OE,,NY,Allegany County,36003,unknown Allegany County,,34,,,,,,,,,1,1,1/8/2026,Planet,-78.2938,42.41369,,0,,0
3136957,36-226904,2019-WTE-9199-OE,,NY,Allegany County,36003,unknown Allegany County,,34,,,,,,,,,1,1,1/8/2026,Planet,-78.27602,42.44369,,0,,0
3137013,36-226865,2019-WTE-208-OE,,NY,Allegany County,36003,unknown Allegany County,,34,,,,,,,,,1,1,1/8/2026,Planet,-78.28548,42.46488,,0,,0
3137095,36-226885,2019-WTE-240-OE,,NY,Allegany County,36003,unknown Allegany County,,34,,,,,,,,,1,1,1/8/2026,Planet,-78.30202,42.4282,,0,,0
3137128,36-226868,2019-WTE-213-OE,,NY,Allegany County,36003,unknown Allegany County,,34,,,,,,,,,1,1,1/8/2026,Planet,-78.28287,42.48368,,0,,0
3137098,36-226874,2019-WTE-221-OE,,NY,Allegany County,36003,unknown Allegany County,,34,,,,,,,,,1,1,1/8/2026,Planet,-78.25523,42.48706,,0,,0
3136973,36-226853,2019-WTE-192-OE,,NY,Cattaraugus County,36009,unknown Cattaraugus County,,32,,,,,,,,,1,1,1/8/2026,Planet,-78.35475,42.44685,,0,,0
3137019,36-226893,2019-WTE-264-OE,,NY,Cattaraugus County,36009,unknown Cattaraugus County,,32,,,,,,,,,1,1,1/8/2026,Planet,-78.44287,42.41306,,0,,0
3137130,36-226902,2019-WTE-9197-OE,,NY,Cattaraugus County,36009,unknown Cattaraugus County,,32,,,,,,,,,1,1,1/8/2026,Planet,-78.32349,42.46358,,0,,0
3136978,36-226852,2019-WTE-193-OE,,NY,Cattaraugus County,36009,unknown Cattaraugus County,,32,,,,,,,,,1,1,1/8/2026,Planet,-78.35374,42.45224,,0,,0
3136920,36-226892,2019-WTE-263-OE,,NY,Cattaraugus County,36009,unknown Cattaraugus County,,32,,,,,,,,,1,1,1/8/2026,Planet,-78.43988,42.40957,,0,,0
3137085,36-226855,2019-WTE-195-OE,,NY,Cattaraugus County,36009,unknown Cattaraugus County,,32,,,,,,,,,1,1,1/8/2026,Planet,-78.35236,42.46092,,0,,0
3137079,36-226895,2019-WTE-266-OE,,NY,Cattaraugus County,36009,unknown Cattaraugus County,,32,,,,,,,,,1,1,1/8/2026,Planet,-78.44682,42.42001,,0,,0
3137040,36-226903,2019-WTE-9196-OE,,NY,Cattaraugus County,36009,unknown Cattaraugus County,,32,,,,,,,,,1,1,1/8/2026,Planet,-78.40791,42.48328,,0,,0
3137021,36-226891,2019-WTE-262-OE,,NY,Cattaraugus County,36009,unknown Cattaraugus County,,32,,,,,,,,,1,1,1/8/2026,Planet,-78.43371,42.40637,,0,,0
3137062,36-226886,2019-WTE-255-OE,,NY,Cattaraugus County,36009,unknown Cattaraugus County,,32,,,,,,,,,1,1,1/8/2026,Planet,-78.39758,42.41133,,0,,0
3137090,36-226844,2019-WTE-178-OE,,NY,Cattaraugus County,36009,unknown Cattaraugus County,,32,,,,,,,,,1,1,1/8/2026,Planet,-78.40556,42.48835,,0,,0
3137068,36-226846,2019-WTE-183-OE,,NY,Cattaraugus County,36009,unknown Cattaraugus County,,32,,,,,,,,,1,1,1/8/2026,Planet,-78.3356,42.50075,,0,,0
3137004,36-226854,2019-WTE-194-OE,,NY,Cattaraugus County,36009,unknown Cattaraugus County,,32,,,,,,,,,1,1,1/8/2026,Planet,-78.35544,42.45642,,0,,0
3137093,36-226909,2019-WTE-9211-OE,,NY,Cattaraugus County,36009,unknown Cattaraugus County,,32,,,,,,,,,1,1,1/8/2026,Planet,-78.42024,42.41324,,0,,0
3136974,36-226857,2019-WTE-197-OE,,NY,Cattaraugus County,36009,unknown Cattaraugus County,,32,,,,,,,,,1,1,1/8/2026,Planet,-78.35584,42.46875,,0,,0
3137012,36-226860,2019-WTE-201-OE,,NY,Cattaraugus County,36009,unknown Cattaraugus County,,32,,,,,,,,,1,1,1/8/2026,Planet,-78.32568,42.45945,,0,,0
3137124,36-226850,2019-WTE-190-OE,,NY,Cattaraugus County,36009,unknown Cattaraugus County,,32,,,,,,,,,1,1,1/8/2026,Planet,-78.36549,42.44163,,0,,0
3137113,36-226847,2019-WTE-185-OE,,NY,Cattaraugus County,36009,unknown Cattaraugus County,,32,,,,,,,,,1,1,1/8/2026,Planet,-78.33913,42.49241,,0,,0
3137038,36-226856,2019-WTE-196-OE,,NY,Cattaraugus County,36009,unknown Cattaraugus County,,32,,,,,,,,,1,1,1/8/2026,Planet,-78.35301,42.46501,,0,,0
3137054,36-226908,2019-WTE-9210-OE,,NY,Cattaraugus County,36009,unknown Cattaraugus County,,32,,,,,,,,,1,1,1/8/2026,Planet,-78.35181,42.41761,,0,,0
3136996,36-226894,2019-WTE-265-OE,,NY,Cattaraugus County,36009,unknown Cattaraugus County,,32,,,,,,,,,1,1,1/8/2026,Planet,-78.44669,42.41633,,0,,0
3137017,36-226890,2019-WTE-261-OE,,NY,Cattaraugus County,36009,unknown Cattaraugus County,,32,,,,,,,,,1,1,1/8/2026,Planet,-78.4223,42.42561,,0,,0
3137070,36-226848,2019-WTE-184-OE,,NY,Cattaraugus County,36009,unknown Cattaraugus County,,32,,,,,,,,,1,1,1/8/2026,Planet,-78.33903,42.49616,,0,,0
3136938,36-226849,2019-WTE-188-OE,,NY,Cattaraugus County,36009,unknown Cattaraugus County,,32,,,,,,,,,1,1,1/8/2026,Planet,-78.44214,42.44458,,0,,0
3136909,36-226889,2019-WTE-260-OE,,NY,Cattaraugus County,36009,unknown Cattaraugus County,,32,,,,,,,,,1,1,1/8/2026,Planet,-78.42209,42.4207,,0,,0
3136928,36-226888,2019-WTE-259-OE,,NY,Cattaraugus County,36009,unknown Cattaraugus County,,32,,,,,,,,,1,1,1/8/2026,Planet,-78.42088,42.41696,,0,,0
3137069,36-226859,2019-WTE-198-OE,,NY,Cattaraugus County,36009,unknown Cattaraugus County,,32,,,,,,,,,1,1,1/8/2026,Planet,-78.36131,42.47181,,0,,0
3137025,36-226861,2019-WTE-200-OE,,NY,Cattaraugus County,36009,unknown Cattaraugus County,,32,,,,,,,,,1,1,1/8/2026,Planet,-78.32414,42.45536,,0,,0
3137032,36-226845,2019-WTE-182-OE,,NY,Cattaraugus County,36009,unknown Cattaraugus County,,32,,,,,,,,,1,1,1/8/2026,Planet,-78.33884,42.50547,,0,,0
3137089,36-226858,2019-WTE-199-OE,,NY,Cattaraugus County,36009,unknown Cattaraugus County,,32,,,,,,,,,1,1,1/8/2026,Planet,-78.32412,42.45123,,0,,0
3137006,36-226887,2019-WTE-257-OE,,NY,Cattaraugus County,36009,unknown Cattaraugus County,,32,,,,,,,,,1,1,1/8/2026,Planet,-78.412,42.40744,,0,,0
3137121,36-226851,2019-WTE-189-OE,,NY,Cattaraugus County,36009,unknown Cattaraugus County,,32,,,,,,,,,1,1,1/8/2026,Planet,-78.37415,42.4455,,0,,0
3049842,36-120193,2014-WTE-6052-OE,,NY,Cayuga County,36011,unknown Cayuga County,2016.0,1,,,,,,,,,1,3,10/11/2016,Maxar,-76.58204,42.66356,,0,,0
3122996,,,,NY,Chautauqua County,36013,unknown Chautauqua County,,1,,,,,,,,,1,3,5/19/2021,Maxar,-79.11637,42.55933,,0,,0
3086867,,2017-WTE-35-OE,,NY,Erie County,36029,unknown Erie County,2017.0,2,,,,,,,,,1,3,10/22/2017,Maxar,-78.92906,42.97779,,0,,0
3052682,36-120292,2015-WTE-2415-OE,,NY,Erie County,36029,unknown Erie County,2016.0,2,0.2,Northern Power Systems,NPS-100,100.0,37.0,21.0,346.36,47.5,3,3,4/18/2017,Maxar,-78.93112,42.97701,,0,,0
3096483,,2018-WTE-1888-OE,,NY,Genesee County,36037,unknown Genesee County,2019.0,1,,,,,,,,,1,3,5/8/2019,Maxar,-78.40324,43.00055,,0,,0
3029778,36-024723,2009-WTE-12250-OE,34799.0,NY,Greene County,36039,unknown Greene County,2011.0,1,,,,,,,,,1,3,10/25/2019,Maxar,-74.0437,42.35359,,0,,0
3049389,36-120092,2014-WTE-3796-OE,,NY,Kings County,36047,unknown Kings County,2015.0,1,,,,,,,,,1,3,8/17/2017,Maxar,-74.0088,40.66324,,0,,0
3066633,36-123723,2016-WTE-6647-OE,,NY,Montgomery County,36057,unknown Montgomery County,2017.0,2,,,,,,,,,1,3,11/23/2015,Maxar,-74.56099,42.95199,,0,,0
3052515,,2015-WTE-1656-OE,,NY,Montgomery County,36057,unknown Montgomery County,2015.0,2,,,,,,,,,1,3,11/23/2015,Maxar,-74.4595,42.85839,,0,,0
3086886,,2016-WTE-3769-OE,,NY,Niagara County,36063,unknown Niagara County,2017.0,1,,,,,,,,,1,3,10/10/2017,Maxar,-78.49397,43.2829,,0,,0
3077968,36-123714,2016-WTE-2715-OE,,NY,Oneida County,36065,unknown Oneida County,2017.0,2,,,,,,,,,1,3,5/8/2018,Maxar,-75.44585,42.97682,,0,,0
3086750,,2016-WTE-3764-OE,,NY,Oneida County,36065,unknown Oneida County,2017.0,2,,,,,,,,,1,3,4/21/2018,Maxar,-75.44889,42.97472,,0,,0
3138128,36-227331,2022-WTE-1947-OE,,NY,Steuben County,36101,unknown Steuben County,,26,,,,,,,,,1,3,11/24/2025,Planet,-77.60445,42.42976,,0,,0
3138039,36-227326,2022-WTE-1942-OE,,NY,Steuben County,36101,unknown Steuben County,,26,,,,,,,,,1,3,11/24/2025,Planet,-77.58047,42.44912,,0,,0
3139227,36-230292,2022-WTE-3310-OE,,NY,Steuben County,36101,unknown Steuben County,,26,,,,,,,,,1,3,11/24/2025,Planet,-77.5783,42.38036,,0,,0
3138078,36-227343,2022-WTE-1961-OE,,NY,Steuben County,36101,unknown Steuben County,,26,,,,,,,,,1,3,11/24/2025,Planet,-77.5948,42.3902,,0,,0
3138050,36-227336,2022-WTE-1953-OE,,NY,Steuben County,36101,unknown Steuben County,,26,,,,,,,,,1,3,11/24/2025,Planet,-77.60202,42.41074,,0,,0
3137875,36-227347,2022-WTE-1966-OE,,NY,Steuben County,36101,unknown Steuben County,,26,,,,,,,,,1,3,11/24/2025,Planet,-77.59365,42.37486,,0,,0
3138157,36-227337,2022-WTE-1954-OE,,NY,Steuben County,36101,unknown Steuben County,,26,,,,,,,,,1,3,11/24/2025,Planet,-77.59195,42.41035,,0,,0
3138015,36-227342,2022-WTE-1960-OE,,NY,Steuben County,36101,unknown Steuben County,,26,,,,,,,,,1,3,11/24/2025,Planet,-77.56123,42.39455,,0,,0
3137916,36-227334,2022-WTE-1950-OE,,NY,Steuben County,36101,unknown Steuben County,,26,,,,,,,,,1,3,11/24/2025,Planet,-77.58579,42.42147,,0,,0
3138012,36-227346,2022-WTE-1964-OE,,NY,Steuben County,36101,unknown Steuben County,,26,,,,,,,,,1,3,11/24/2025,Planet,-77.57999,42.38388,,0,,0
3137937,36-227339,2022-WTE-1956-OE,,NY,Steuben County,36101,unknown Steuben County,,26,,,,,,,,,1,3,11/24/2025,Planet,-77.5755,42.40246,,0,,0
3137873,36-227330,2022-WTE-1946-OE,,NY,Steuben County,36101,unknown Steuben County,,26,,,,,,,,,1,3,11/24/2025,Planet,-77.56812,42.43137,,0,,0
3138014,36-227340,2022-WTE-1957-OE,,NY,Steuben County,36101,unknown Steuben County,,26,,,,,,,,,1,3,11/24/2025,Planet,-77.59459,42.39649,,0,,0
3139453,36-227328,2022-WTE-1944-OE,,NY,Steuben County,36101,unknown Steuben County,,26,,,,,,,,,1,3,11/24/2025,Planet,-77.56793,42.43678,,0,,0
3138149,36-227333,2022-WTE-1949-OE,,NY,Steuben County,36101,unknown Steuben County,,26,,,,,,,,,1,3,11/24/2025,Planet,-77.58437,42.42549,,0,,0
3137858,36-227344,2022-WTE-1962-OE,,NY,Steuben County,36101,unknown Steuben County,,26,,,,,,,,,1,3,11/24/2025,Planet,-77.58053,42.38998,,0,,0
3138056,36-227332,2022-WTE-1948-OE,,NY,Steuben County,36101,unknown Steuben County,,26,,,,,,,,,1,3,11/24/2025,Planet,-77.60441,42.42517,,0,,0
3139413,36-230294,2022-WTE-3309-OE,,NY,Steuben County,36101,unknown Steuben County,,26,,,,,,,,,1,3,11/24/2025,Planet,-77.57962,42.39436,,0,,0
3138060,36-227329,2022-WTE-1945-OE,,NY,Steuben County,36101,unknown Steuben County,,26,,,,,,,,,1,3,11/24/2025,Planet,-77.58362,42.43596,,0,,0
3137989,36-227345,2022-WTE-1963-OE,,NY,Steuben County,36101,unknown Steuben County,,26,,,,,,,,,1,3,11/24/2025,Planet,-77.59617,42.38436,,0,,0
3138046,36-227348,2022-WTE-1967-OE,,NY,Steuben County,36101,unknown Steuben County,,26,,,,,,,,,1,3,11/24/2025,Planet,-77.60056,42.37296,,0,,0
3137867,36-227341,2022-WTE-1958-OE,,NY,Steuben County,36101,unknown Steuben County,,26,,,,,,,,,1,3,11/24/2025,Planet,-77.57069,42.39674,,0,,0
3138004,36-227327,2022-WTE-1943-OE,,NY,Steuben County,36101,unknown Steuben County,,26,,,,,,,,,1,3,11/24/2025,Planet,-77.58189,42.44061,,0,,0
3138092,36-227338,2022-WTE-1955-OE,,NY,Steuben County,36101,unknown Steuben County,,26,,,,,,,,,1,3,11/24/2025,Planet,-77.58265,42.40981,,0,,0
3139253,36-230293,2022-WTE-3308-OE,,NY,Steuben County,36101,unknown Steuben County,,26,,,,,,,,,1,3,11/24/2025,Planet,-77.57736,42.41919,,0,,0
3137971,36-227335,2022-WTE-1952-OE,,NY,Steuben County,36101,unknown Steuben County,,26,,,,,,,,,1,3,11/24/2025,Planet,-77.57517,42.41154,,0,,0
3137050,36-226901,2019-WTE-9194-OE,,NY,Wyoming County,36121,unknown Wyoming County,,7,,,,,,,,,1,1,1/8/2026,Planet,-78.34549,42.52961,,0,,0
3137020,36-226843,2019-WTE-171-OE,,NY,Wyoming County,36121,unknown Wyoming County,,7,,,,,,,,,1,1,1/8/2026,Planet,-78.31312,42.52523,,0,,0
3136993,36-226841,2019-WTE-169-OE,,NY,Wyoming County,36121,unknown Wyoming County,,7,,,,,,,,,1,1,1/8/2026,Planet,-78.31148,42.53539,,0,,0
3137018,36-226840,2019-WTE-165-OE,,NY,Wyoming County,36121,unknown Wyoming County,,7,,,,,,,,,1,1,1/8/2026,Planet,-78.3755,42.52521,,0,,0
3137112,36-226842,2019-WTE-170-OE,,NY,Wyoming County,36121,unknown Wyoming County,,7,,,,,,,,,1,1,1/8/2026,Planet,-78.31538,42.52868,,0,,0
3137060,36-226900,2019-WTE-9193-OE,,NY,Wyoming County,36121,unknown Wyoming County,,7,,,,,,,,,1,1,1/8/2026,Planet,-78.34879,42.52625,,0,,0
3053232,36-120351,2015-WTE-5788-OE,,NY,Wyoming County,36121,unknown Wyoming County,2016.0,7,,,,,,,,,1,3,5/20/2017,Maxar,-78.18794,42.74082,,0,,0
3075487,36-123758,2016-WTE-8737-OE,,NY,Chautauqua County,36013,Arkwright Summit,2018.0,36,78.4,Vestas,V110-2.0,2000.0,95.0,110.0,9503.32,150.0,3,3,9/1/2018,Maxar,-79.25965,42.43126,61673.0,0,,0
3075475,36-123746,2015-WTE-7301-OE,,NY,Chautauqua County,36013,Arkwright Summit,2018.0,36,78.4,Vestas,V110-2.0,2200.0,95.0,110.0,9503.32,150.0,3,3,9/1/2018,Maxar,-79.23146,42.39781,61673.0,0,,0
3075485,36-123756,2016-WTE-8735-OE,,NY,Chautauqua County,36013,Arkwright Summit,2018.0,36,78.4,Vestas,V110-2.0,2200.0,95.0,110.0,9503.32,150.0,3,3,9/1/2018,Maxar,-79.2416,42.39396,61673.0,0,,0
3075464,36-123734,2013-WTE-457-OE,,NY,Chautauqua County,36013,Arkwright Summit,2018.0,36,78.4,Vestas,V110-2.0,2200.0,95.0,110.0,9503.32,150.0,3,3,9/1/2018,Maxar,-79.25068,42.42048,61673.0,0,,0
3075463,36-123733,2013-WTE-456-OE,,NY,Chautauqua County,36013,Arkwright Summit,2018.0,36,78.4,Vestas,V110-2.0,2200.0,95.0,110.0,9503.32,150.0,3,3,9/1/2018,Maxar,-79.2503,42.4177,61673.0,0,,0
3075484,36-123755,2016-WTE-8734-OE,,NY,Chautauqua County,36013,Arkwright Summit,2018.0,36,78.4,Vestas,V110-2.0,2200.0,95.0,110.0,9503.32,150.0,3,3,9/1/2018,Maxar,-79.22418,42.39099,61673.0,0,,0
3075482,36-123753,2016-WTE-8732-OE,,NY,Chautauqua County,36013,Arkwright Summit,2018.0,36,78.4,Vestas,V110-2.0,2200.0,95.0,110.0,9503.32,150.0,3,3,9/1/2018,Maxar,-79.2239,42.41285,61673.0,0,,0
3075478,36-123749,2015-WTE-7304-OE,,NY,Chautauqua County,36013,Arkwright Summit,2018.0,36,78.4,Vestas,V110-2.0,2200.0,95.0,110.0,9503.32,150.0,3,3,9/1/2018,Maxar,-79.22898,42.41372,61673.0,0,,0
3075468,36-123738,2015-WTE-3557-OE,,NY,Chautauqua County,36013,Arkwright Summit,2018.0,36,78.4,Vestas,V110-2.0,2200.0,95.0,110.0,9503.32,150.0,3,3,9/1/2018,Maxar,-79.24577,42.41824,61673.0,0,,0
3075490,36-123761,2016-WTE-8740-OE,,NY,Chautauqua County,36013,Arkwright Summit,2018.0,36,78.4,Vestas,V110-2.0,2200.0,95.0,110.0,9503.32,150.0,3,3,9/1/2018,Maxar,-79.24846,42.42875,61673.0,0,,0
3075458,36-123728,2013-WTE-439-OE,,NY,Chautauqua County,36013,Arkwright Summit,2018.0,36,78.4,Vestas,V110-2.0,2200.0,95.0,110.0,9503.32,150.0,3,3,9/1/2018,Maxar,-79.20978,42.38207,61673.0,0,,0
3075461,36-123731,2013-WTE-452-OE,,NY,Chautauqua County,36013,Arkwright Summit,2018.0,36,78.4,Vestas,V110-2.0,2200.0,95.0,110.0,9503.32,150.0,3,3,9/1/2018,Maxar,-79.22701,42.41769,61673.0,0,,0
3075474,36-123744,2015-WTE-3566-OE,,NY,Chautauqua County,36013,Arkwright Summit,2018.0,36,78.4,Vestas,V110-2.0,2200.0,95.0,110.0,9503.32,150.0,3,3,9/1/2018,Maxar,-79.22332,42.41634,61673.0,0,,0
3075480,36-123751,2015-WTE-7306-OE,,NY,Chautauqua County,36013,Arkwright Summit,2018.0,36,78.4,Vestas,V110-2.0,2200.0,95.0,110.0,9503.32,150.0,3,3,9/1/2018,Maxar,-79.23029,42.39522,61673.0,0,,0
3075486,36-123757,2016-WTE-8736-OE,,NY,Chautauqua County,36013,Arkwright Summit,2018.0,36,78.4,Vestas,V110-2.0,2200.0,95.0,110.0,9503.32,150.0,3,3,9/1/2018,Maxar,-79.25061,42.42343,61673.0,0,,0
3075456,36-123726,2013-WTE-434-OE,,NY,Chautauqua County,36013,Arkwright Summit,2018.0,36,78.4,Vestas,V110-2.0,2000.0,95.0,110.0,9503.32,150.0,3,3,9/1/2018,Maxar,-79.2328,42.4302,61673.0,0,,0
3075465,36-123735,2013-WTE-461-OE,,NY,Chautauqua County,36013,Arkwright Summit,2018.0,36,78.4,Vestas,V110-2.0,2200.0,95.0,110.0,9503.32,150.0,3,3,9/1/2018,Maxar,-79.25908,42.42524,61673.0,0,,0
3075469,36-123739,2015-WTE-3558-OE,,NY,Chautauqua County,36013,Arkwright Summit,2018.0,36,78.4,Vestas,V110-2.0,2200.0,95.0,110.0,9503.32,150.0,3,3,9/1/2018,Maxar,-79.2422,42.404,61673.0,0,,0
3075477,36-123748,2015-WTE-7303-OE,,NY,Chautauqua County,36013,Arkwright Summit,2018.0,36,78.4,Vestas,V110-2.0,2200.0,95.0,110.0,9503.32,150.0,3,3,9/1/2018,Maxar,-79.23119,42.41072,61673.0,0,,0
3075476,36-123747,2015-WTE-7302-OE,,NY,Chautauqua County,36013,Arkwright Summit,2018.0,36,78.4,Vestas,V110-2.0,2200.0,95.0,110.0,9503.32,150.0,3,3,9/1/2018,Maxar,-79.21867,42.40845,61673.0,0,,0
3075483,36-123754,2016-WTE-8733-OE,,NY,Chautauqua County,36013,Arkwright Summit,2018.0,36,78.4,Vestas,V110-2.0,2200.0,95.0,110.0,9503.32,150.0,3,3,9/1/2018,Maxar,-79.22976,42.4274,61673.0,0,,0
3075467,36-123737,2013-WTE-473-OE,,NY,Chautauqua County,36013,Arkwright Summit,2018.0,36,78.4,Vestas,V110-2.0,2200.0,95.0,110.0,9503.32,150.0,3,3,9/18/2018,Maxar,-79.19736,42.37939,61673.0,0,,0
3075471,36-123741,2015-WTE-3563-OE,,NY,Chautauqua County,36013,Arkwright Summit,2018.0,36,78.4,Vestas,V110-2.0,2200.0,95.0,110.0,9503.32,150.0,3,3,9/1/2018,Maxar,-79.22189,42.39509,61673.0,0,,0
3075457,36-123727,2013-WTE-438-OE,,NY,Chautauqua County,36013,Arkwright Summit,2018.0,36,78.4,Vestas,V110-2.0,2200.0,95.0,110.0,9503.32,150.0,3,3,9/1/2018,Maxar,-79.20575,42.38187,61673.0,0,,0
3075459,36-123729,2016-WTE-10287-OE,,NY,Chautauqua County,36013,Arkwright Summit,2018.0,36,78.4,Vestas,V110-2.0,2200.0,95.0,110.0,9503.32,150.0,3,3,9/18/2018,Maxar,-79.21964,42.38646,61673.0,0,,0
3075455,36-123725,2013-WTE-431-OE,,NY,Chautauqua County,36013,Arkwright Summit,2018.0,36,78.4,Vestas,V110-2.0,2200.0,95.0,110.0,9503.32,150.0,3,3,9/1/2018,Maxar,-79.21744,42.3907,61673.0,0,,0
3075473,36-123743,2015-WTE-3565-OE,,NY,Chautauqua County,36013,Arkwright Summit,2018.0,36,78.4,Vestas,V110-2.0,2200.0,95.0,110.0,9503.32,150.0,3,3,9/18/2018,Maxar,-79.19404,42.37814,61673.0,0,,0
3075488,36-123759,2016-WTE-8738-OE,,NY,Chautauqua County,36013,Arkwright Summit,2018.0,36,78.4,Vestas,V110-2.0,2200.0,95.0,110.0,9503.32,150.0,3,3,9/1/2018,Maxar,-79.24503,42.42758,61673.0,0,,0
3075479,36-123750,2015-WTE-7305-OE,,NY,Chautauqua County,36013,Arkwright Summit,2018.0,36,78.4,Vestas,V110-2.0,2200.0,95.0,110.0,9503.32,150.0,3,3,9/1/2018,Maxar,-79.25518,42.42469,61673.0,0,,0
3075466,36-123736,2013-WTE-468-OE,,NY,Chautauqua County,36013,Arkwright Summit,2018.0,36,78.4,Vestas,V110-2.0,2000.0,95.0,110.0,9503.32,150.0,3,3,9/1/2018,Maxar,-79.25915,42.42799,61673.0,0,,0
3075460,36-123730,2013-WTE-441-OE,,NY,Chautauqua County,36013,Arkwright Summit,2018.0,36,78.4,Vestas,V110-2.0,2200.0,95.0,110.0,9503.32,150.0,3,3,9/18/2018,Maxar,-79.22217,42.3887,61673.0,0,,0
3075481,36-123752,2016-WTE-8731-OE,,NY,Chautauqua County,36013,Arkwright Summit,2018.0,36,78.4,Vestas,V110-2.0,2200.0,95.0,110.0,9503.32,150.0,3,3,9/1/2018,Maxar,-79.21597,42.39377,61673.0,0,,0
3075470,36-123740,2015-WTE-3560-OE,,NY,Chautauqua County,36013,Arkwright Summit,2018.0,36,78.4,Vestas,V110-2.0,2200.0,95.0,110.0,9503.32,150.0,3,3,9/1/2018,Maxar,-79.22126,42.41058,61673.0,0,,0
3075489,36-123760,2016-WTE-8739-OE,,NY,Chautauqua County,36013,Arkwright Summit,2018.0,36,78.4,Vestas,V110-2.0,2000.0,95.0,110.0,9503.32,150.0,3,3,9/1/2018,Maxar,-79.2524,42.4306,61673.0,0,,0
3075472,36-123742,2015-WTE-3564-OE,,NY,Chautauqua County,36013,Arkwright Summit,2018.0,36,78.4,Vestas,V110-2.0,2200.0,95.0,110.0,9503.32,150.0,3,3,9/1/2018,Maxar,-79.21452,42.38196,61673.0,0,,0
3075462,36-123732,2013-WTE-455-OE,,NY,Chautauqua County,36013,Arkwright Summit,2018.0,36,78.4,Vestas,V110-2.0,2200.0,95.0,110.0,9503.32,150.0,3,3,9/1/2018,Maxar,-79.2445,42.4149,61673.0,0,,0
3130110,36-178792,2017-WTE-10100-OE,,NY,Chautauqua County,36013,Ball Hill Wind,2023.0,25,107.5,Vestas,V150-4.3,4300.0,105.0,150.0,17671.46,180.1,3,3,2/21/2024,Maxar,-79.15469,42.40136,65495.0,0,,0
3132152,36-178773,2017-WTE-877-OE,,NY,Chautauqua County,36013,Ball Hill Wind,2023.0,25,107.5,Vestas,V150-4.3,4300.0,105.0,150.0,17671.46,180.1,3,3,2/21/2024,Maxar,-79.13529,42.4129,65495.0,0,,0
3132163,36-178786,2017-WTE-890-OE,,NY,Chautauqua County,36013,Ball Hill Wind,2023.0,25,107.5,Vestas,V150-4.3,4300.0,105.0,150.0,17671.46,180.1,3,3,2/21/2024,Maxar,-79.13205,42.45112,65495.0,0,,0
3130132,36-178788,2017-WTE-893-OE,,NY,Chautauqua County,36013,Ball Hill Wind,2023.0,25,107.5,Vestas,V150-4.3,4300.0,105.0,150.0,17671.46,180.1,3,3,2/21/2024,Maxar,-79.16853,42.40749,65495.0,0,,0
3129485,36-178778,2017-WTE-881-OE,,NY,Chautauqua County,36013,Ball Hill Wind,2023.0,25,107.5,Vestas,V150-4.3,4300.0,105.0,150.0,17671.46,180.1,3,3,2/21/2024,Maxar,-79.10632,42.40313,65495.0,0,,0
3129904,36-178766,2017-WTE-869-OE,,NY,Chautauqua County,36013,Ball Hill Wind,2023.0,25,107.5,Vestas,V150-4.3,4300.0,105.0,150.0,17671.46,180.1,3,3,2/21/2024,Maxar,-79.14872,42.39187,65495.0,0,,0
3132167,36-178780,2017-WTE-883-OE,,NY,Chautauqua County,36013,Ball Hill Wind,2023.0,25,107.5,Vestas,V150-4.3,4300.0,105.0,150.0,17671.46,180.1,3,3,2/21/2024,Maxar,-79.11037,42.40936,65495.0,0,,0
3131630,36-178776,2017-WTE-878-OE,,NY,Chautauqua County,36013,Ball Hill Wind,2023.0,25,107.5,Vestas,V150-4.3,4300.0,105.0,150.0,17671.46,180.1,3,3,2/21/2024,Maxar,-79.13767,42.41773,65495.0,0,,0
3132166,36-178783,2017-WTE-886-OE,,NY,Chautauqua County,36013,Ball Hill Wind,2023.0,25,107.5,Vestas,V150-4.3,4300.0,105.0,150.0,17671.46,180.1,3,3,2/21/2024,Maxar,-79.13369,42.43317,65495.0,0,,0
3131720,36-178770,2017-WTE-874-OE,,NY,Chautauqua County,36013,Ball Hill Wind,2023.0,25,107.5,Vestas,V136-4.3,4300.0,82.0,136.0,14526.72,150.0,3,3,2/21/2024,Maxar,-79.11997,42.39795,65495.0,0,,0
3130029,36-178768,2017-WTE-872-OE,,NY,Chautauqua County,36013,Ball Hill Wind,2023.0,25,107.5,Vestas,V150-4.3,4300.0,105.0,150.0,17671.46,180.1,3,3,2/21/2024,Maxar,-79.14139,42.39903,65495.0,0,,0
3129699,36-178771,2017-WTE-875-OE,,NY,Chautauqua County,36013,Ball Hill Wind,2023.0,25,107.5,Vestas,V136-4.3,4300.0,82.0,136.0,14526.72,150.0,3,3,2/21/2024,Maxar,-79.1227,42.40324,65495.0,0,,0
3130284,36-178791,2017-WTE-10099-OE,,NY,Chautauqua County,36013,Ball Hill Wind,2023.0,25,107.5,Vestas,V150-4.3,4300.0,105.0,150.0,17671.46,180.1,3,3,2/21/2024,Maxar,-79.14101,42.3855,65495.0,0,,0
3129494,36-178765,2017-WTE-868-OE,,NY,Chautauqua County,36013,Ball Hill Wind,2023.0,25,107.5,Vestas,V150-4.3,4300.0,105.0,150.0,17671.46,180.1,3,3,2/21/2024,Maxar,-79.14557,42.38945,65495.0,0,,0
3131990,36-178775,2017-WTE-887-OE,,NY,Chautauqua County,36013,Ball Hill Wind,2023.0,25,107.5,Vestas,V150-4.3,4300.0,105.0,150.0,17671.46,180.1,3,3,2/21/2024,Maxar,-79.11107,42.44078,65495.0,0,,0
3132314,36-178781,2017-WTE-884-OE,,NY,Chautauqua County,36013,Ball Hill Wind,2023.0,25,107.5,Vestas,V150-4.3,4300.0,105.0,150.0,17671.46,180.1,3,3,2/21/2024,Maxar,-79.11773,42.43076,65495.0,0,,0
3130273,36-178790,2023-WTE-8144-OE,,NY,Chautauqua County,36013,Ball Hill Wind,2023.0,25,107.5,Vestas,V150-4.3,4300.0,105.0,150.0,17671.46,180.1,3,3,2/21/2024,Maxar,-79.17003,42.411,65495.0,0,,0
3132784,,2017-WTE-870-OE,,NY,Chautauqua County,36013,Ball Hill Wind,2023.0,25,107.5,Vestas,V150-4.3,4300.0,105.0,150.0,17671.46,180.1,3,3,2/21/2024,Maxar,-79.1509,42.39711,65495.0,0,,0
3131805,36-178785,2017-WTE-889-OE,,NY,Chautauqua County,36013,Ball Hill Wind,2023.0,25,107.5,Vestas,V150-4.3,4300.0,105.0,150.0,17671.46,180.1,3,3,2/21/2024,Maxar,-79.12367,42.44794,65495.0,0,,0
3130165,36-178764,2017-WTE-866-OE,,NY,Chautauqua County,36013,Ball Hill Wind,2023.0,25,107.5,Vestas,V150-4.3,4300.0,105.0,150.0,17671.46,180.1,3,3,2/21/2024,Maxar,-79.13969,42.37907,65495.0,0,,0
3132087,36-178777,2017-WTE-879-OE,,NY,Chautauqua County,36013,Ball Hill Wind,2023.0,25,107.5,Vestas,V150-4.3,4300.0,105.0,150.0,17671.46,180.1,3,3,2/21/2024,Maxar,-79.14116,42.42197,65495.0,0,,0
3132165,36-178782,2017-WTE-885-OE,,NY,Chautauqua County,36013,Ball Hill Wind,2023.0,25,107.5,Vestas,V150-4.3,4300.0,105.0,150.0,17671.46,180.1,3,3,2/21/2024,Maxar,-79.126,42.4288,65495.0,0,,0
3130264,36-178779,2017-WTE-882-OE,,NY,Chautauqua County,36013,Ball Hill Wind,2023.0,25,107.5,Vestas,V150-4.3,4300.0,105.0,150.0,17671.46,180.1,3,3,2/21/2024,Maxar,-79.10095,42.39565,65495.0,0,,0
3132534,36-178774,2023-WTE-8081-OE,,NY,Chautauqua County,36013,Ball Hill Wind,2023.0,25,107.5,Vestas,V150-4.3,4300.0,105.0,150.0,17671.46,180.1,3,3,2/21/2024,Maxar,-79.10492,42.39959,65495.0,0,,0
3129968,36-178769,2017-WTE-873-OE,,NY,Chautauqua County,36013,Ball Hill Wind,2023.0,25,107.5,Vestas,V136-4.3,4300.0,82.0,136.0,14526.72,150.0,3,3,2/21/2024,Maxar,-79.14906,42.40808,65495.0,0,,0
3126094,36-197742,2019-WTE-9492-OE,,NY,Steuben County,36101,Baron Winds I,2023.0,32,121.8,Vestas,V150-4.0,4200.0,120.0,150.0,17671.46,195.1,3,3,5/25/2023,Maxar,-77.54102,42.4542,60596.0,0,,0
3126086,36-197746,2019-WTE-9498-OE,,NY,Steuben County,36101,Baron Winds I,2023.0,32,121.8,Siemens Gamesa Renewable Energy,SG-2.625-114,2625.0,93.0,114.0,10207.03,150.0,3,3,5/25/2023,Maxar,-77.54327,42.46264,60596.0,0,,0
3125974,36-197740,2019-WTE-9490-OE,,NY,Steuben County,36101,Baron Winds I,2023.0,32,121.8,Vestas,V150-4.0,4200.0,120.0,150.0,17671.46,195.1,3,3,5/25/2023,Maxar,-77.54337,42.45831,60596.0,0,,0
3129018,36-213525,2019-WTE-9481-OE,,NY,Steuben County,36101,Baron Winds I,2023.0,32,121.8,Vestas,V150-4.0,4200.0,120.0,150.0,17671.46,195.1,3,3,5/25/2023,Maxar,-77.52721,42.50765,60596.0,0,,0
3126090,36-197737,2019-WTE-9486-OE,,NY,Steuben County,36101,Baron Winds I,2023.0,32,121.8,Vestas,V150-4.0,4200.0,120.0,150.0,17671.46,195.1,3,3,5/25/2023,Maxar,-77.54291,42.48858,60596.0,0,,0
3125953,36-197743,2019-WTE-9493-OE,,NY,Steuben County,36101,Baron Winds I,2023.0,32,121.8,Vestas,V150-4.0,4200.0,120.0,150.0,17671.46,195.1,3,3,5/25/2023,Maxar,-77.54131,42.47307,60596.0,0,,0
3126078,36-197738,2019-WTE-9487-OE,,NY,Steuben County,36101,Baron Winds I,2023.0,32,121.8,Vestas,V150-4.0,4200.0,120.0,150.0,17671.46,195.1,3,3,5/25/2023,Maxar,-77.53806,42.46609,60596.0,0,,0
3130223,36-206891,2019-WTE-9500-OE,,NY,Steuben County,36101,Baron Winds I,2023.0,32,121.8,Siemens Gamesa Renewable Energy,SG-2.625-114,2625.0,93.0,114.0,10207.03,150.0,3,3,3/16/2024,Planet,-77.55861,42.46122,60596.0,0,,0
3124621,36-197735,2019-WTE-9484-OE,,NY,Steuben County,36101,Baron Winds I,2023.0,32,121.8,Vestas,V150-4.0,4200.0,120.0,150.0,17671.46,195.1,3,3,5/25/2023,Maxar,-77.55095,42.48731,60596.0,0,,0
3130145,36-213524,2019-WTE-9477-OE,,NY,Steuben County,36101,Baron Winds I,2023.0,32,121.8,Vestas,V150-4.0,4200.0,120.0,150.0,17671.46,195.1,3,3,6/9/2023,Maxar,-77.52092,42.50459,60596.0,0,,0
3125998,36-197747,2019-WTE-9499-OE,,NY,Steuben County,36101,Baron Winds I,2023.0,32,121.8,Siemens Gamesa Renewable Energy,SG-2.625-114,2625.0,93.0,114.0,10207.03,150.0,3,3,3/16/2024,Planet,-77.58915,42.44568,60596.0,0,,0
3124566,36-197734,2019-WTE-9483-OE,,NY,Steuben County,36101,Baron Winds I,2023.0,32,121.8,Vestas,V150-4.0,4200.0,120.0,150.0,17671.46,195.1,3,3,5/25/2023,Maxar,-77.54897,42.48269,60596.0,0,,0
3124576,36-197728,2019-WTE-9471-OE,,NY,Steuben County,36101,Baron Winds I,2023.0,32,121.8,Siemens Gamesa Renewable Energy,SG-2.625-114,2625.0,93.0,114.0,10207.03,150.0,3,3,5/25/2023,Maxar,-77.54898,42.50728,60596.0,0,,0
3131472,36-213370,2019-WTE-9489-OE,,NY,Steuben County,36101,Baron Winds I,2023.0,32,121.8,Vestas,V150-4.0,4200.0,120.0,150.0,17671.46,195.1,3,3,5/25/2023,Maxar,-77.50125,42.46916,60596.0,0,,0
3124638,36-197730,2019-WTE-9473-OE,,NY,Steuben County,36101,Baron Winds I,2023.0,32,121.8,Vestas,V150-4.0,4200.0,120.0,150.0,17671.46,195.1,3,3,5/25/2023,Maxar,-77.5297,42.50448,60596.0,0,,0
3124539,36-197731,2019-WTE-9476-OE,,NY,Steuben County,36101,Baron Winds I,2023.0,32,121.8,Vestas,V150-4.0,4200.0,120.0,150.0,17671.46,195.1,3,3,5/25/2023,Maxar,-77.51514,42.4765,60596.0,0,,0
3124574,36-197732,2019-WTE-9478-OE,,NY,Steuben County,36101,Baron Winds I,2023.0,32,121.8,Vestas,V150-4.0,4200.0,120.0,150.0,17671.46,195.1,3,3,5/25/2023,Maxar,-77.54903,42.47475,60596.0,0,,0
3126019,36-197739,2019-WTE-9488-OE,,NY,Steuben County,36101,Baron Winds I,2023.0,32,121.8,Vestas,V150-4.0,4200.0,120.0,150.0,17671.46,195.1,3,3,5/25/2023,Maxar,-77.53844,42.47701,60596.0,0,,0
3126079,36-197744,2019-WTE-9495-OE,,NY,Steuben County,36101,Baron Winds I,2023.0,32,121.8,Vestas,V150-4.0,4200.0,120.0,150.0,17671.46,195.1,3,3,5/25/2023,Maxar,-77.53365,42.46149,60596.0,0,,0
3124551,36-197727,2019-WTE-9470-OE,,NY,Steuben County,36101,Baron Winds I,2023.0,32,121.8,Siemens Gamesa Renewable Energy,SG-2.625-114,2625.0,93.0,114.0,10207.03,150.0,3,3,5/25/2023,Maxar,-77.5122,42.48072,60596.0,0,,0
3129095,36-213351,2019-WTE-9494-OE,,NY,Steuben County,36101,Baron Winds I,2023.0,32,121.8,Vestas,V150-4.0,4200.0,120.0,150.0,17671.46,195.1,3,3,5/25/2023,Maxar,-77.52343,42.45652,60596.0,0,,0
3125982,36-197741,2019-WTE-9491-OE,,NY,Steuben County,36101,Baron Winds I,2023.0,32,121.8,Vestas,V150-4.0,4200.0,120.0,150.0,17671.46,195.1,3,3,3/16/2024,Planet,-77.55983,42.45847,60596.0,0,,0
3125981,36-197745,2019-WTE-9497-OE,,NY,Steuben County,36101,Baron Winds I,2023.0,32,121.8,Vestas,V150-4.0,4200.0,120.0,150.0,17671.46,195.1,3,3,3/16/2024,Planet,-77.59319,42.4393,60596.0,0,,0
3130207,36-213377,2019-WTE-9482-OE,,NY,Steuben County,36101,Baron Winds I,2023.0,32,121.8,Vestas,V150-4.0,4200.0,120.0,150.0,17671.46,195.1,3,3,5/25/2023,Maxar,-77.5006,42.46618,60596.0,0,,0
3124547,36-197725,2019-WTE-9468-OE,,NY,Steuben County,36101,Baron Winds I,2023.0,32,121.8,Siemens Gamesa Renewable Energy,SG-2.625-114,2625.0,93.0,114.0,10207.03,150.0,3,3,5/25/2023,Maxar,-77.51271,42.47038,60596.0,0,,0
3129466,36-213478,2019-WTE-9479-OE,,NY,Steuben County,36101,Baron Winds I,2023.0,32,121.8,Vestas,V150-4.0,4200.0,120.0,150.0,17671.46,195.1,3,3,5/25/2023,Maxar,-77.50678,42.47755,60596.0,0,,0
3129838,36-213350,2019-WTE-9496-OE,,NY,Steuben County,36101,Baron Winds I,2023.0,32,121.8,Vestas,V150-4.0,4200.0,120.0,150.0,17671.46,195.1,3,3,5/25/2023,Maxar,-77.51619,42.45705,60596.0,0,,0
3124501,36-197726,2019-WTE-9469-OE,,NY,Steuben County,36101,Baron Winds I,2023.0,32,121.8,Siemens Gamesa Renewable Energy,SG-2.625-114,2625.0,93.0,114.0,10207.03,150.0,3,3,5/25/2023,Maxar,-77.53809,42.50288,60596.0,0,,0
3124552,36-197729,2019-WTE-9472-OE,,NY,Steuben County,36101,Baron Winds I,2023.0,32,121.8,Siemens Gamesa Renewable Energy,SG-2.625-114,2625.0,93.0,114.0,10207.03,150.0,3,3,5/25/2023,Maxar,-77.53469,42.48097,60596.0,0,,0
3125996,36-197736,2019-WTE-9485-OE,,NY,Steuben County,36101,Baron Winds I,2023.0,32,121.8,Vestas,V150-4.0,4200.0,120.0,150.0,17671.46,195.1,3,3,5/25/2023,Maxar,-77.54911,42.47844,60596.0,0,,0
3124554,36-197733,2019-WTE-9480-OE,,NY,Steuben County,36101,Baron Winds I,2023.0,32,121.8,Vestas,V150-4.0,4200.0,120.0,150.0,17671.46,195.1,3,3,5/25/2023,Maxar,-77.52982,42.48425,60596.0,0,,0
3128991,36-213422,2019-WTE-9474-OE,,NY,Steuben County,36101,Baron Winds I,2023.0,32,121.8,Vestas,V150-4.0,4200.0,120.0,150.0,17671.46,195.1,3,3,5/25/2023,Maxar,-77.50255,42.46257,60596.0,0,,0
3124590,36-197354,2021-WTE-1060-OE,,NY,Broome County,36007,Bluestone Wind,2023.0,26,111.8,Vestas,V150-4.3,4300.0,120.0,150.0,17671.46,195.1,3,3,2/26/2024,Maxar,-75.50745,42.1039,65496.0,0,,0
3124599,36-189159,2018-WTE-4814-OE,,NY,Broome County,36007,Bluestone Wind,2023.0,26,111.8,Vestas,V150-4.3,4300.0,120.0,150.0,17671.46,195.1,3,3,2/26/2024,Maxar,-75.5659,42.08195,65496.0,0,,0
3124593,36-189158,2018-WTE-4809-OE,,NY,Broome County,36007,Bluestone Wind,2023.0,26,111.8,Vestas,V150-4.3,4300.0,120.0,150.0,17671.46,195.1,3,3,2/26/2024,Maxar,-75.56133,42.06958,65496.0,0,,0
3130102,36-189153,2018-WTE-4795-OE,,NY,Broome County,36007,Bluestone Wind,2023.0,26,111.8,Vestas,V150-4.3,4300.0,120.0,150.0,17671.46,195.1,3,3,2/26/2024,Maxar,-75.48906,42.09295,65496.0,0,,0
3129303,36-189149,2018-WTE-4784-OE,,NY,Broome County,36007,Bluestone Wind,2023.0,26,111.8,Vestas,V150-4.3,4300.0,120.0,150.0,17671.46,195.1,3,3,2/26/2024,Maxar,-75.53858,42.07394,65496.0,0,,0
3129313,36-189160,2018-WTE-7298-OE,,NY,Broome County,36007,Bluestone Wind,2023.0,26,111.8,Vestas,V150-4.3,4300.0,120.0,150.0,17671.46,195.1,3,3,2/26/2024,Maxar,-75.53021,42.10459,65496.0,0,,0
3129686,36-219650,2021-WTE-1062-OE,,NY,Broome County,36007,Bluestone Wind,2023.0,26,111.8,Vestas,V150-4.3,4300.0,120.0,150.0,17671.46,195.1,3,3,2/26/2024,Maxar,-75.46413,42.11169,65496.0,0,,0
3129755,36-189171,2018-WTE-7311-OE,,NY,Broome County,36007,Bluestone Wind,2023.0,26,111.8,Vestas,V150-4.3,4300.0,120.0,150.0,17671.46,195.1,3,3,2/26/2024,Maxar,-75.52216,42.07174,65496.0,0,,0
3130140,36-213376,2021-WTE-1693-OE,,NY,Broome County,36007,Bluestone Wind,2023.0,26,111.8,Vestas,V150-4.3,4300.0,120.0,150.0,17671.46,195.1,3,3,2/26/2024,Maxar,-75.55197,42.10518,65496.0,0,,0
3129396,36-189164,2018-WTE-7302-OE,,NY,Broome County,36007,Bluestone Wind,2023.0,26,111.8,Vestas,V150-4.3,4300.0,120.0,150.0,17671.46,195.1,3,3,2/26/2024,Maxar,-75.49599,42.10142,65496.0,0,,0
3129867,36-189162,2018-WTE-7300-OE,,NY,Broome County,36007,Bluestone Wind,2023.0,26,111.8,Vestas,V150-4.3,4300.0,120.0,150.0,17671.46,195.1,3,3,2/26/2024,Maxar,-75.51227,42.10191,65496.0,0,,0
3129164,36-189154,2018-WTE-4797-OE,,NY,Broome County,36007,Bluestone Wind,2023.0,26,111.8,Vestas,V150-4.3,4300.0,120.0,150.0,17671.46,195.1,3,3,2/26/2024,Maxar,-75.46714,42.09802,65496.0,0,,0
3124592,36-197355,2021-WTE-1061-OE,,NY,Broome County,36007,Bluestone Wind,2023.0,26,111.8,Vestas,V150-4.3,4300.0,120.0,150.0,17671.46,195.1,3,3,2/26/2024,Maxar,-75.45179,42.11388,65496.0,0,,0
3134807,36-221848,2023-WTE-953-OE,,NY,Broome County,36007,Bluestone Wind,2023.0,26,111.8,Vestas,V150-4.3,4300.0,120.0,150.0,17671.46,195.1,3,3,2/26/2024,Maxar,-75.53357,42.10904,65496.0,0,,0
3130201,36-189166,2018-WTE-7305-OE,,NY,Broome County,36007,Bluestone Wind,2023.0,26,111.8,Vestas,V150-4.3,4300.0,120.0,150.0,17671.46,195.1,3,3,2/26/2024,Maxar,-75.52723,42.10068,65496.0,0,,0
3129966,36-189168,2018-WTE-7307-OE,,NY,Broome County,36007,Bluestone Wind,2023.0,26,111.8,Vestas,V150-4.3,4300.0,120.0,150.0,17671.46,195.1,3,3,2/26/2024,Maxar,-75.45667,42.10311,65496.0,0,,0
3129766,36-213428,2021-WTE-1058-OE,,NY,Broome County,36007,Bluestone Wind,2023.0,26,111.8,Vestas,V150-4.3,4300.0,120.0,150.0,17671.46,195.1,3,3,2/26/2024,Maxar,-75.55216,42.11132,65496.0,0,,0
3129557,36-219651,2021-WTE-1063-OE,,NY,Broome County,36007,Bluestone Wind,2023.0,26,111.8,Vestas,V150-4.3,4300.0,120.0,150.0,17671.46,195.1,3,3,2/26/2024,Maxar,-75.46035,42.09829,65496.0,0,,0
3129709,36-189152,2018-WTE-4794-OE,,NY,Broome County,36007,Bluestone Wind,2023.0,26,111.8,Vestas,V150-4.3,4300.0,120.0,150.0,17671.46,195.1,3,3,2/26/2024,Maxar,-75.51225,42.11368,65496.0,0,,0
3124500,36-189173,2018-WTE-7314-OE,,NY,Broome County,36007,Bluestone Wind,2023.0,26,111.8,Vestas,V150-4.3,4300.0,120.0,150.0,17671.46,195.1,3,3,2/26/2024,Maxar,-75.56716,42.07273,65496.0,0,,0
3129873,36-189155,2018-WTE-4801-OE,,NY,Broome County,36007,Bluestone Wind,2023.0,26,111.8,Vestas,V150-4.3,4300.0,120.0,150.0,17671.46,195.1,3,3,2/26/2024,Maxar,-75.5443,42.10108,65496.0,0,,0
3124524,36-189172,2018-WTE-7313-OE,,NY,Broome County,36007,Bluestone Wind,2023.0,26,111.8,Vestas,V150-4.3,4300.0,120.0,150.0,17671.46,195.1,3,3,2/26/2024,Maxar,-75.56033,42.08296,65496.0,0,,0
3124628,36-197356,2021-WTE-1697-OE,,NY,Broome County,36007,Bluestone Wind,2023.0,26,111.8,Vestas,V150-4.3,4300.0,120.0,150.0,17671.46,195.1,3,3,2/26/2024,Maxar,-75.45226,42.09592,65496.0,0,,0
3130159,36-189161,2018-WTE-7299-OE,,NY,Broome County,36007,Bluestone Wind,2023.0,26,111.8,Vestas,V150-4.3,4300.0,120.0,150.0,17671.46,195.1,3,3,2/26/2024,Maxar,-75.51064,42.10935,65496.0,0,,0
3130195,36-213527,2021-WTE-1694-OE,,NY,Broome County,36007,Bluestone Wind,2023.0,26,111.8,Vestas,V150-4.3,4300.0,120.0,150.0,17671.46,195.1,3,3,2/26/2024,Maxar,-75.46849,42.08846,65496.0,0,,0
3129317,36-213528,2021-WTE-1695-OE,,NY,Broome County,36007,Bluestone Wind,2023.0,26,111.8,Vestas,V150-4.3,4300.0,120.0,150.0,17671.46,195.1,3,3,2/26/2024,Maxar,-75.45205,42.0918,65496.0,0,,0
